timestamp_computer,timestamp,sensor1,sensor2,mag,width,crack_x,crack_size,serial out,response
1780416083.182,268707.0,9835.012,9.063511,,,,,status,l_h=42.000000 c_f=220.000000 q=24.000000
1780416083.183,268732.0,9834.856,9.063511,,,,,,
1780416083.249,268757.0,9834.717,9.063274,,,,,,
1780416083.249,268782.0,9834.591,9.063274,,,,,,
1780416083.250,268807.0,9834.782,9.063511,,,,,,
1780416083.311,268832.0,9834.812,9.063274,,,,,,
1780416083.312,268857.0,9835.114,9.063037,,,,,,
1780416083.374,268882.0,9835.144,9.063037,,,,,,
1780416083.375,268907.0,9835.483,9.063038,,,,,,
1780416083.375,268932.0,9835.409,9.063038,,,,,,
1780416083.438,268957.0,9835.653,9.063038,,,,,,
1780416083.438,268982.0,9835.756,9.063274,,,,,,
1780416083.450,269007.0,9835.579,9.063274,,,,,,
1780416083.491,269032.0,9835.1,9.063511,,,,,,
1780416083.491,269057.0,9835.291,9.063511,,,,,,
1780416083.551,269082.0,9835.114,9.063747,,,,,,
1780416083.552,269107.0,9834.975,9.063747,,,,,,
1780416083.612,269132.0,9835.15,9.063511,,,,,,
1780416083.613,269157.0,9835.313,9.063747,,,,,,
1780416083.674,269182.0,9835.262,9.063511,,,,,,
1780416083.675,269207.0,9835.307,9.063511,,,,,,
1780416083.675,269232.0,9835.114,9.063747,,,,,,
1780416083.739,269257.0,9834.701,9.063747,,,,,,
1780416083.741,269282.0,9834.701,9.063984,,,,,,
1780416083.741,269307.0,9834.908,9.063984,,,,,,
1780416083.801,269332.0,9834.945,9.063747,,,,,,
1780416083.801,269357.0,9835.122,9.063747,,,,,,
1780416083.864,269382.0,9834.954,9.063747,,,,,,
1780416083.865,269407.0,9834.865,9.063747,,,,,,
1780416083.865,269432.0,9834.702,9.063747,,,,,,
1780416083.929,269457.0,9834.495,9.063747,,,,,,
1780416083.930,269482.0,9834.621,9.063748,,,,,,
1780416083.985,269507.0,9834.716,9.063748,,,,,,
1780416083.986,269532.0,9834.635,9.063984,,,,,,
1780416084.054,269557.0,9834.428,9.063984,,,,,,
1780416084.054,269582.0,9834.48,9.064221,,,,,,
1780416084.055,269607.0,9834.531,9.064221,,,,,,
1780416084.118,269632.0,9834.385,9.064458,,,,,,
1780416084.119,269657.0,9834.643,9.064221,,,,,,
1780416084.120,269682.0,9834.509,9.06422,,,,,,
1780416084.179,269707.0,9834.664,9.063984,,,,,,
1780416084.181,269732.0,9834.975,9.063984,,,,,,
1780416084.243,269757.0,9834.628,9.063985,,,,,,
1780416084.244,269782.0,9834.392,9.063748,,,,,,
1780416084.244,269807.0,9834.414,9.063985,,,,,,
1780416084.306,269832.0,9834.399,9.063985,,,,,,
1780416084.306,269857.0,9834.621,9.063985,,,,,,
1780416084.370,269882.0,9834.953,9.063748,,,,,,
1780416084.371,269907.0,9834.9,9.063511,,,,,,
1780416084.371,269932.0,9834.886,9.063274,,,,,,
1780416084.424,269957.0,9834.932,9.063511,,,,,,
1780416084.425,269982.0,9834.702,9.063274,,,,,,
1780416084.498,270007.0,9834.762,9.063511,,,,,,
1780416084.499,270032.0,9834.769,9.063511,,,,,,
1780416084.500,270057.0,9834.694,9.063274,,,,,,
1780416084.562,270082.0,9834.731,9.063511,,,,,,
1780416084.571,270107.0,9834.341,9.063747,,,,,,
1780416084.572,270132.0,9834.361,9.063511,,,,,,
1780416084.619,270157.0,9834.111,9.063511,,,,,,
1780416084.620,270182.0,9834.325,9.063511,,,,,,
1780416084.688,270207.0,9834.081,9.063274,,,,,,
1780416084.689,270232.0,9834.001,9.063274,,,,,,
1780416084.691,270257.0,9833.971,9.063274,,,,,,
1780416084.754,270282.0,9834.088,9.063511,,,,,,
1780416084.755,270307.0,9833.83,9.063511,,,,,,
1780416084.803,270332.0,9833.704,9.063747,,,,,,
1780416084.803,270357.0,9833.638,9.063747,,,,,,
1780416084.862,270382.0,9833.94,9.063747,,,,,,
1780416084.863,270407.0,9834.155,9.063984,,,,,,
1780416084.910,270432.0,9833.926,9.063984,,,,,,
1780416084.910,270457.0,9833.809,9.063747,,,,,,
1780416084.924,270482.0,9833.608,9.063747,,,,,,
1780416084.948,270507.0,9833.572,9.063984,,,,,,
1780416084.971,270532.0,9833.27,9.064221,,,,,,
1780416084.994,270557.0,9833.336,9.064221,,,,,,
1780416085.017,270582.0,9833.321,9.064221,,,,,,
1780416085.051,270607.0,9833.498,9.064458,,,,,,
1780416085.074,270632.0,9833.454,9.064221,,,,,,
1780416085.098,270657.0,9833.697,9.063984,,,,,,
1780416085.122,270682.0,9833.676,9.063985,,,,,,
1780416085.146,270707.0,9833.735,9.063985,,,,,,
1780416085.170,270732.0,9833.919,9.063985,,,,,,
1780416085.193,270757.0,9833.883,9.064221,,,,,,
1780416085.217,270782.0,9834.303,9.063985,,,,,,
1780416085.251,270807.0,9834.288,9.063985,,,,,,
1780416085.275,270832.0,9834.119,9.064221,,,,,,
1780416085.300,270857.0,9834.273,9.063984,,,,,,
1780416085.317,270882.0,9834.547,9.063984,,,,,status,l_h=42.000000 c_f=220.000000 q=24.000000
1780416085.385,270907.0,9834.583,9.063984,,,,,,
1780416085.386,270932.0,9834.789,9.063984,,,,,,
1780416085.434,270957.0,9834.76,9.063984,,,,,,
1780416085.434,270982.0,9834.716,9.063984,,,,,,
1780416085.501,271007.0,9834.562,9.064221,,,,,,
1780416085.503,271032.0,9834.206,9.063984,,,,,,
1780416085.504,271057.0,9834.361,9.063747,,,,,,
1780416085.551,271082.0,9834.368,9.063984,,,,,,
1780416085.551,271107.0,9834.485,9.063984,,,,,,
1780416085.611,271132.0,9834.56,9.063748,,,,,,
1780416085.611,271157.0,9834.611,9.063748,,,,,,
1780416085.674,271182.0,9834.655,9.063984,,,,,,
1780416085.675,271207.0,9834.531,9.063984,,,,,,
1780416085.675,271232.0,9834.567,9.063984,,,,,,
1780416085.737,271257.0,9834.53,9.063984,,,,,,
1780416085.737,271282.0,9834.368,9.064221,,,,,,
1780416085.800,271307.0,9834.619,9.064458,,,,,,
1780416085.801,271332.0,9834.671,9.064221,,,,,,
1780416085.801,271357.0,9834.516,9.064221,,,,,,
1780416085.861,271382.0,9834.656,9.063984,,,,,,
1780416085.863,271407.0,9834.369,9.063985,,,,,,
1780416085.935,271432.0,9834.376,9.063985,,,,,,
1780416085.936,271457.0,9834.546,9.063984,,,,,,
1780416085.937,271482.0,9834.509,9.064221,,,,,,
1780416086.004,271507.0,9834.494,9.064221,,,,,,
1780416086.005,271532.0,9834.464,9.064221,,,,,,
1780416086.005,271557.0,9834.472,9.064221,,,,,,
1780416086.068,271582.0,9834.589,9.06422,,,,,,
1780416086.069,271607.0,9834.339,9.064457,,,,,,
1780416086.070,271632.0,9834.199,9.064457,,,,,,
1780416086.130,271657.0,9834.369,9.064694,,,,,,
1780416086.130,271682.0,9834.242,9.064931,,,,,,
1780416086.195,271707.0,9834.176,9.064931,,,,,,
1780416086.196,271732.0,9833.985,9.064694,,,,,,
1780416086.196,271757.0,9833.903,9.064931,,,,,,
1780416086.258,271782.0,9833.979,9.064931,,,,,,
1780416086.259,271807.0,9833.683,9.064694,,,,,,
1780416086.323,271832.0,9833.697,9.064694,,,,,,
1780416086.324,271857.0,9833.705,9.064694,,,,,,
1780416086.325,271882.0,9833.604,9.064932,,,,,,
1780416086.385,271907.0,9833.654,9.064932,,,,,,
1780416086.386,271932.0,9833.684,9.064694,,,,,,
1780416086.449,271957.0,9833.353,9.064932,,,,,,
1780416086.450,271982.0,9833.484,9.064932,,,,,,
1780416086.450,272007.0,9833.359,9.064932,,,,,,
1780416086.518,272032.0,9833.388,9.065168,,,,,,
1780416086.519,272057.0,9833.101,9.065168,,,,,,
1780416086.520,272082.0,9833.204,9.065168,,,,,,
1780416086.575,272107.0,9833.299,9.064932,,,,,,
1780416086.575,272132.0,9833.396,9.064932,,,,,,
1780416086.638,272157.0,9832.9,9.064932,,,,,,
1780416086.639,272182.0,9833.129,9.064932,,,,,,
1780416086.639,272207.0,9833.284,9.064694,,,,,,
1780416086.701,272232.0,9833.543,9.064458,,,,,,
1780416086.702,272257.0,9833.602,9.064458,,,,,,
1780416086.765,272282.0,9833.69,9.064221,,,,,,
1780416086.766,272307.0,9833.765,9.063985,,,,,,
1780416086.766,272332.0,9834.03,9.063985,,,,,,
1780416086.818,272357.0,9834.082,9.064221,,,,,,
1780416086.818,272382.0,9834.045,9.063985,,,,,,
1780416086.900,272407.0,9834.119,9.063985,,,,,,
1780416086.900,272432.0,9834.155,9.063985,,,,,,
1780416086.900,272457.0,9834.207,9.063748,,,,,,
1780416086.938,272482.0,9834.207,9.063748,,,,,,
1780416086.939,272507.0,9834.532,9.063747,,,,,,
1780416087.001,272532.0,9834.45,9.063511,,,,,,
1780416087.002,272557.0,9834.31,9.063748,,,,,,
1780416087.065,272582.0,9834.702,9.063511,,,,,,
1780416087.066,272607.0,9834.967,9.063274,,,,,,
1780416087.067,272632.0,9834.93,9.063511,,,,,,
1780416087.129,272657.0,9835.069,9.063511,,,,,,
1780416087.130,272682.0,9835.387,9.063511,,,,,,
1780416087.192,272707.0,9835.557,9.063511,,,,,,
1780416087.193,272732.0,9835.541,9.063747,,,,,,
1780416087.193,272757.0,9835.357,9.063511,,,,,,
1780416087.256,272782.0,9835.747,9.063511,,,,,,
1780416087.257,272807.0,9835.579,9.063274,,,,,,
1780416087.320,272832.0,9835.497,9.063274,,,,,,
1780416087.321,272857.0,9835.513,9.063511,,,,,,
1780416087.322,272882.0,9835.66,9.063511,,,,,,
1780416087.384,272907.0,9835.454,9.063511,,,,,,
1780416087.384,272932.0,9835.631,9.063511,,,,,,
1780416087.447,272957.0,9835.38,9.063511,,,,,,
1780416087.449,272982.0,9835.425,9.063511,,,,,,
1780416087.450,273007.0,9835.506,9.063511,,,,,,
1780416087.505,273032.0,9835.468,9.063511,,,,,,
1780416087.506,273057.0,9835.675,9.063747,,,,,,
1780416087.574,273082.0,9835.689,9.063748,,,,,,
1780416087.575,273107.0,9835.506,9.063511,,,,,,
1780416087.575,273132.0,9835.535,9.063511,,,,,,
1780416087.637,273157.0,9835.595,9.063511,,,,,,
1780416087.638,273182.0,9835.668,9.063274,,,,,,
1780416087.702,273207.0,9835.669,9.063511,,,,,,
1780416087.703,273232.0,9835.425,9.063748,,,,,,
1780416087.703,273257.0,9835.654,9.063748,,,,,,
1780416087.766,273282.0,9835.742,9.063747,,,,,,
1780416087.767,273307.0,9835.78,9.063747,,,,,,
1780416087.768,273332.0,9835.441,9.063747,,,,,,
1780416087.829,273357.0,9835.396,9.063511,,,,,,
1780416087.830,273382.0,9835.471,9.063747,,,,,,
1780416087.876,273407.0,9835.138,9.063747,,,,,,
1780416087.877,273432.0,9834.77,9.063984,,,,,,
1780416087.939,273457.0,9834.738,9.06422,,,,,,
1780416087.940,273482.0,9834.613,9.063984,,,,,,
1780416087.941,273507.0,9834.709,9.063984,,,,,,
1780416088.004,273532.0,9834.887,9.064221,,,,,,
1780416088.004,273557.0,9834.606,9.064221,,,,,,
1780416088.067,273582.0,9834.827,9.063984,,,,,,
1780416088.068,273607.0,9834.769,9.063984,,,,,,
1780416088.068,273632.0,9834.664,9.063985,,,,,,
1780416088.129,273657.0,9834.863,9.063985,,,,,,
1780416088.129,273682.0,9834.738,9.063984,,,,,,
1780416088.192,273707.0,9834.723,9.063985,,,,,,
1780416088.192,273732.0,9834.923,9.063985,,,,,,
1780416088.193,273757.0,9834.693,9.063748,,,,,,
1780416088.256,273782.0,9834.975,9.063748,,,,,,
1780416088.257,273807.0,9835.063,9.063985,,,,,,
1780416088.319,273832.0,9834.981,9.063985,,,,,,
1780416088.320,273857.0,9834.871,9.063748,,,,,,
1780416088.321,273882.0,9834.804,9.063512,,,,,,
1780416088.383,273907.0,9834.613,9.063511,,,,,,
1780416088.384,273932.0,9834.768,9.063274,,,,,,
1780416088.448,273957.0,9834.907,9.063274,,,,,,
1780416088.449,273982.0,9835.137,9.063274,,,,,,
1780416088.450,274007.0,9835.1,9.063038,,,,,,
1780416088.510,274032.0,9835.602,9.062801,,,,,,
1780416088.512,274057.0,9835.793,9.062564,,,,,,
1780416088.573,274082.0,9835.956,9.062564,,,,,,
1780416088.573,274107.0,9835.979,9.062801,,,,,,
1780416088.574,274132.0,9835.728,9.062801,,,,,,
1780416088.635,274157.0,9835.742,9.062801,,,,,,
1780416088.637,274182.0,9835.763,9.063037,,,,,,
1780416088.699,274207.0,9835.89,9.063037,,,,,,
1780416088.700,274232.0,9835.831,9.063037,,,,,,
1780416088.700,274257.0,9835.912,9.063273,,,,,,
1780416088.764,274282.0,9835.639,9.063273,,,,,,
1780416088.765,274307.0,9835.734,9.063273,,,,,,
1780416088.765,274332.0,9835.727,9.063274,,,,,,
1780416088.827,274357.0,9835.809,9.063511,,,,,,
1780416088.828,274382.0,9836.236,9.063747,,,,,,
1780416088.890,274407.0,9836.215,9.063747,,,,,,
1780416088.892,274432.0,9836.133,9.063747,,,,,,
1780416088.893,274457.0,9835.972,9.063747,,,,,,
1780416088.955,274482.0,9836.185,9.063984,,,,,,
1780416088.956,274507.0,9836.206,9.064221,,,,,,
1780416089.006,274532.0,9836.125,9.063984,,,,,,
1780416089.006,274557.0,9836.206,9.064221,,,,,,
1780416089.065,274582.0,9836.103,9.064221,,,,,,
1780416089.066,274607.0,9835.749,9.064457,,,,,,
1780416089.068,274632.0,9835.336,9.064694,,,,,,
1780416089.129,274657.0,9835.151,9.064931,,,,,,
1780416089.130,274682.0,9835.078,9.065167,,,,,,
1780416089.193,274707.0,9834.443,9.065167,,,,,,
1780416089.194,274732.0,9834.621,9.064931,,,,,,
1780416089.195,274757.0,9834.769,9.064931,,,,,,
1780416089.256,274782.0,9834.894,9.064931,,,,,,
1780416089.257,274807.0,9835.004,9.064694,,,,,,
1780416089.320,274832.0,9834.613,9.064694,,,,,,
1780416089.321,274857.0,9834.628,9.064694,,,,,,
1780416089.322,274882.0,9834.569,9.064459,,,,,,
1780416089.383,274907.0,9834.731,9.064459,,,,,,
1780416089.385,274932.0,9834.856,9.064458,,,,,,
1780416089.446,274957.0,9834.895,9.064459,,,,,,
1780416089.447,274982.0,9835.027,9.064221,,,,,,
1780416089.447,275007.0,9834.45,9.064221,,,,,,
1780416089.510,275032.0,9834.267,9.064221,,,,,,
1780416089.511,275057.0,9834.09,9.064221,,,,,,
1780416089.573,275082.0,9834.171,9.063985,,,,,,
1780416089.574,275107.0,9833.735,9.063985,,,,,,
1780416089.575,275132.0,9833.477,9.063985,,,,,,
1780416089.635,275157.0,9833.447,9.063985,,,,,,
1780416089.635,275182.0,9833.366,9.063984,,,,,,
1780416089.699,275207.0,9833.499,9.063984,,,,,,
1780416089.699,275232.0,9833.669,9.063984,,,,,,
1780416089.700,275257.0,9834.171,9.063747,,,,,,
1780416089.763,275282.0,9834.303,9.063747,,,,,,
1780416089.764,275307.0,9834.48,9.063511,,,,,,
1780416089.764,275332.0,9835.025,9.063274,,,,,,
1780416089.817,275357.0,9834.907,9.063274,,,,,,
1780416089.818,275382.0,9834.922,9.063274,,,,,,
1780416089.890,275407.0,9834.634,9.063274,,,,,,
1780416089.891,275432.0,9834.701,9.063274,,,,,,
1780416089.891,275457.0,9834.789,9.063511,,,,,,
1780416089.953,275482.0,9834.656,9.063274,,,,,,
1780416089.954,275507.0,9834.922,9.063511,,,,,,
1780416090.006,275532.0,9834.789,9.063511,,,,,,
1780416090.007,275557.0,9834.466,9.063511,,,,,,
1780416090.080,275582.0,9834.487,9.063747,,,,,,
1780416090.080,275607.0,9834.215,9.063747,,,,,,
1780416090.081,275632.0,9834.347,9.063747,,,,,,
1780416090.144,275657.0,9834.517,9.063984,,,,,,
1780416090.144,275682.0,9834.207,9.063984,,,,,,
1780416090.144,275707.0,9834.237,9.06422,,,,,,
1780416090.207,275732.0,9834.487,9.06422,,,,,,
1780416090.207,275757.0,9834.657,9.063984,,,,,,
1780416090.295,275782.0,9834.503,9.063984,,,,,,
1780416090.297,275807.0,9834.481,9.063747,,,,,,
1780416090.298,275832.0,9834.636,9.063511,,,,,,
1780416090.300,275857.0,9834.524,9.063511,,,,,,
1780416090.355,275882.0,9834.673,9.063748,,,,,,
1780416090.356,275907.0,9834.082,9.063511,,,,,,
1780416090.417,275932.0,9834.112,9.063512,,,,,,
1780416090.417,275957.0,9833.928,9.063511,,,,,,
1780416090.418,275982.0,9834.067,9.063511,,,,,,
1780416090.466,276007.0,9834.193,9.063511,,,,,,
1780416090.467,276032.0,9834.082,9.063511,,,,,,
1780416090.523,276057.0,9834.252,9.063748,,,,,,
1780416090.524,276082.0,9834.312,9.063748,,,,,,
1780416090.586,276107.0,9834.51,9.063984,,,,,,
1780416090.586,276132.0,9834.273,9.063984,,,,,,
1780416090.651,276157.0,9834.591,9.063984,,,,,,
1780416090.652,276182.0,9834.989,9.063747,,,,,,
1780416090.653,276207.0,9834.843,9.063511,,,,,,
1780416090.715,276232.0,9834.909,9.063511,,,,,,
1780416090.716,276257.0,9835.049,9.063274,,,,,,
1780416090.716,276282.0,9834.961,9.063038,,,,,,
1780416090.778,276307.0,9835.483,9.062801,,,,,,
1780416090.779,276332.0,9835.284,9.062565,,,,,,
1780416090.833,276357.0,9835.086,9.062565,,,,,,
1780416090.833,276382.0,9834.827,9.062565,,,,,,
1780416090.902,276407.0,9834.908,9.062801,,,,,,
1780416090.902,276432.0,9834.805,9.062801,,,,,,
1780416090.903,276457.0,9834.503,9.063038,,,,,,
1780416090.968,276482.0,9834.68,9.062801,,,,,,
1780416090.969,276507.0,9834.229,9.062801,,,,,,
1780416090.969,276532.0,9834.687,9.062801,,,,,,
1780416091.033,276557.0,9834.457,9.062801,,,,,,
1780416091.034,276582.0,9834.546,9.062801,,,,,,
1780416091.081,276607.0,9834.376,9.063038,,,,,,
1780416091.082,276632.0,9834.207,9.063038,,,,,,
1780416091.145,276657.0,9834.096,9.062801,,,,,,
1780416091.145,276682.0,9833.919,9.062801,,,,,,
1780416091.146,276707.0,9834.126,9.062801,,,,,,
1780416091.208,276732.0,9834.141,9.0628,,,,,,
1780416091.209,276757.0,9834.082,9.0628,,,,,,
1780416091.272,276782.0,9833.854,9.062564,,,,,,
1780416091.273,276807.0,9833.388,9.0628,,,,,,
1780416091.274,276832.0,9833.454,9.063037,,,,,,
1780416091.334,276857.0,9833.521,9.063037,,,,,,
1780416091.335,276882.0,9833.153,9.063274,,,,,,
1780416091.398,276907.0,9833.22,9.063274,,,,,,
1780416091.399,276932.0,9832.998,9.063511,,,,,,
1780416091.399,276957.0,9832.858,9.063747,,,,,,
1780416091.462,276982.0,9832.969,9.063747,,,,,,
1780416091.462,277007.0,9833.213,9.063747,,,,,,
1780416091.517,277032.0,9833.168,9.063747,,,,,,
1780416091.518,277057.0,9833.058,9.063984,,,,,,
1780416091.518,277082.0,9833.05,9.063984,,,,,,
1780416091.589,277107.0,9833.058,9.06422,,,,,,
1780416091.590,277132.0,9833.403,9.06422,,,,,,
1780416091.590,277157.0,9833.699,9.064221,,,,,,
1780416091.653,277182.0,9833.817,9.064458,,,,,,
1780416091.654,277207.0,9833.957,9.064694,,,,,,
1780416091.715,277232.0,9833.767,9.064458,,,,,,
1780416091.716,277257.0,9833.913,9.064458,,,,,,
1780416091.716,277282.0,9834.126,9.064694,,,,,,
1780416091.779,277307.0,9834.024,9.064694,,,,,,
1780416091.780,277332.0,9833.669,9.064458,,,,,,
1780416091.844,277357.0,9833.722,9.064221,,,,,,
1780416091.846,277382.0,9833.699,9.064221,,,,,,
1780416091.847,277407.0,9833.803,9.064458,,,,,,
1780416091.908,277432.0,9833.987,9.064221,,,,,,
1780416091.909,277457.0,9834.445,9.064221,,,,,,
1780416091.971,277482.0,9834.415,9.064458,,,,,,
1780416091.971,277507.0,9834.746,9.064458,,,,,,
1780416091.971,277532.0,9834.673,9.064458,,,,,,
1780416092.035,277557.0,9834.827,9.064458,,,,,,
1780416092.037,277582.0,9835.256,9.064458,,,,,,
1780416092.098,277607.0,9835.211,9.064458,,,,,,
1780416092.099,277632.0,9834.968,9.064458,,,,,,
1780416092.099,277657.0,9835.159,9.064458,,,,,,
1780416092.161,277682.0,9835.151,9.064221,,,,,,
1780416092.161,277707.0,9835.049,9.064221,,,,,,
1780416092.225,277732.0,9834.856,9.064221,,,,,,
1780416092.225,277757.0,9834.421,9.063984,,,,,,
1780416092.226,277782.0,9834.008,9.063985,,,,,,
1780416092.288,277807.0,9833.999,9.063985,,,,,,
1780416092.289,277832.0,9833.638,9.063984,,,,,,
1780416092.289,277857.0,9833.919,9.064221,,,,,,
1780416092.351,277882.0,9833.882,9.064221,,,,,,
1780416092.351,277907.0,9833.985,9.063984,,,,,,
1780416092.415,277932.0,9833.867,9.063748,,,,,,
1780416092.415,277957.0,9834.065,9.063984,,,,,,
1780416092.416,277982.0,9834.177,9.064221,,,,,,
1780416092.477,278007.0,9834.318,9.064221,,,,,,
1780416092.478,278032.0,9834.222,9.064221,,,,,,
1780416092.539,278057.0,9834.399,9.064221,,,,,,
1780416092.540,278082.0,9833.935,9.064221,,,,,,
1780416092.540,278107.0,9833.838,9.064221,,,,,,
1780416092.603,278132.0,9833.875,9.063984,,,,,,
1780416092.603,278157.0,9833.735,9.064221,,,,,,
1780416092.666,278182.0,9833.78,9.064221,,,,,,
1780416092.667,278207.0,9833.573,9.064221,,,,,,
1780416092.667,278232.0,9833.484,9.064221,,,,,,
1780416092.730,278257.0,9833.662,9.064221,,,,,,
1780416092.730,278282.0,9833.794,9.064221,,,,,,
1780416092.793,278307.0,9833.839,9.064458,,,,,,
1780416092.794,278332.0,9834.222,9.064221,,,,,,
1780416092.794,278357.0,9834.348,9.064221,,,,,,
1780416092.856,278382.0,9834.251,9.064458,,,,,,
1780416092.856,278407.0,9834.487,9.064458,,,,,,
1780416092.910,278432.0,9834.517,9.064221,,,,,,
1780416092.911,278457.0,9834.988,9.064221,,,,,,
1780416092.979,278482.0,9834.761,9.064221,,,,,,
1780416092.980,278507.0,9834.494,9.064221,,,,,,
1780416092.980,278532.0,9834.554,9.064221,,,,,,
1780416093.035,278557.0,9834.738,9.064458,,,,,,
1780416093.036,278582.0,9834.7,9.064221,,,,,,
1780416093.103,278607.0,9834.605,9.063984,,,,,,
1780416093.104,278632.0,9834.441,9.063984,,,,,,
1780416093.104,278657.0,9834.405,9.063984,,,,,,
1780416093.157,278682.0,9834.265,9.063985,,,,,,
1780416093.157,278707.0,9834.56,9.063985,,,,,,
1780416093.220,278732.0,9834.516,9.063984,,,,,,
1780416093.221,278757.0,9834.392,9.064221,,,,,,
1780416093.221,278782.0,9834.251,9.064221,,,,,,
1780416093.285,278807.0,9834.244,9.06422,,,,,,
1780416093.285,278832.0,9834.361,9.06422,,,,,,
1780416093.347,278857.0,9834.819,9.06422,,,,,,
1780416093.348,278882.0,9834.754,9.06422,,,,,,
1780416093.348,278907.0,9834.48,9.063984,,,,,,
1780416093.410,278932.0,9834.702,9.063984,,,,,,
1780416093.410,278957.0,9834.563,9.063984,,,,,,
1780416093.473,278982.0,9834.519,9.063984,,,,,,
1780416093.474,279007.0,9835.079,9.063984,,,,,,
1780416093.474,279032.0,9834.783,9.064221,,,,,,
1780416093.534,279057.0,9835.027,9.064458,,,,,,
1780416093.535,279082.0,9834.791,9.064458,,,,,,
1780416093.604,279107.0,9834.923,9.064457,,,,,,
1780416093.604,279132.0,9835.373,9.064457,,,,,,
1780416093.605,279157.0,9835.151,9.064457,,,,,,
1780416093.668,279182.0,9835.254,9.064457,,,,,,
1780416093.668,279207.0,9835.417,9.064694,,,,,,
1780416093.669,279232.0,9835.535,9.064931,,,,,,
1780416093.731,279257.0,9835.513,9.064931,,,,,,
1780416093.731,279282.0,9835.846,9.064931,,,,,,
1780416093.795,279307.0,9835.816,9.064932,,,,,,
1780416093.795,279332.0,9835.722,9.064932,,,,,,
1780416093.796,279357.0,9835.876,9.064931,,,,,,
1780416093.850,279382.0,9835.912,9.064694,,,,,,
1780416093.851,279407.0,9836.244,9.064458,,,,,,
1780416093.921,279432.0,9836.178,9.064221,,,,,,
1780416093.922,279457.0,9836.156,9.064221,,,,,,
1780416093.923,279482.0,9835.927,9.064221,,,,,,
1780416093.985,279507.0,9835.92,9.064458,,,,,,
1780416093.985,279532.0,9836.09,9.064459,,,,,,
1780416094.047,279557.0,9836.134,9.064459,,,,,,
1780416094.048,279582.0,9836.2,9.064694,,,,,,
1780416094.048,279607.0,9836.156,9.064694,,,,,,
1780416094.109,279632.0,9835.949,9.064694,,,,,,
1780416094.109,279657.0,9835.89,9.064458,,,,,,
1780416094.172,279682.0,9835.447,9.064458,,,,,,
1780416094.172,279707.0,9835.366,9.064458,,,,,,
1780416094.173,279732.0,9835.285,9.064221,,,,,,
1780416094.221,279757.0,9834.908,9.064221,,,,,,
1780416094.221,279782.0,9834.784,9.064221,,,,,,
1780416094.287,279807.0,9834.952,9.063985,,,,,,
1780416094.288,279832.0,9834.68,9.063985,,,,,,
1780416094.289,279857.0,9834.501,9.063984,,,,,,
1780416094.350,279882.0,9834.649,9.063984,,,,,,
1780416094.351,279907.0,9834.221,9.063984,,,,,,
1780416094.416,279932.0,9834.303,9.064221,,,,,,
1780416094.417,279957.0,9834.295,9.063984,,,,,,
1780416094.417,279982.0,9834.051,9.063747,,,,,,
1780416094.477,280007.0,9834.053,9.063747,,,,,,
1780416094.477,280032.0,9833.92,9.063984,,,,,,
1780416094.541,280057.0,9833.896,9.064221,,,,,,
1780416094.542,280082.0,9833.831,9.063985,,,,,,
1780416094.542,280107.0,9833.963,9.063985,,,,,,
1780416094.601,280132.0,9833.972,9.063985,,,,,,
1780416094.602,280157.0,9833.883,9.064221,,,,,,
1780416094.672,280182.0,9846.051,9.070639,,,,,,
1780416094.673,280207.0,9858.595,9.077056,,,,,,
1780416094.673,280232.0,9871.276,9.083473,,,,,,
1780416094.735,280257.0,9884.267,9.090367,,,,,,
1780416094.735,280282.0,9898.555,9.097978,,,,,,
1780416094.799,280307.0,9918.545,9.108464,,,,,,
1780416094.800,280332.0,9947.717,9.12425,,,,,,
1780416094.800,280357.0,9984.831,9.144151,,,,,,
1780416094.867,280382.0,10033.8,9.170403,,,,,,
1780416094.867,280407.0,10098.068,9.204525,,,,,,
1780416094.868,280432.0,10166.848,9.241622,,,,,,
1780416094.933,280457.0,10248.757,9.284717,,,,,,
1780416094.934,280482.0,10333.871,9.329815,,,,,,
1780416095.000,280507.0,10428.164,9.379695,,,,,,
1780416095.000,280532.0,10525.24,9.430585,,,,,,
1780416095.001,280557.0,10622.357,9.481476,,,,,,
1780416095.065,280582.0,10721.831,9.534121,,,,,,
1780416095.066,280607.0,10822.084,9.587018,,,,,,
1780416095.066,280632.0,10922.237,9.639915,,,,,,
1780416095.133,280657.0,11022.559,9.692323,,,,,,
1780416095.133,280682.0,11123.006,9.744985,,,,,,
1780416095.183,280707.0,11223.778,9.798136,,,,,,
1780416095.184,280732.0,11324.213,9.85105,,,,,,
1780416095.241,280757.0,11424.673,9.903965,,,,,,
1780416095.242,280782.0,11525.315,9.95688,,,,,,
1780416095.242,280807.0,11613.99,10.003376,,,,,,
1780416095.306,280832.0,11702.246,10.049621,,,,,,
1780416095.307,280857.0,11790.463,10.095864,,,,,,
1780416095.370,280882.0,11878.305,10.141884,,,,,,
1780416095.371,280907.0,11964.85,10.187427,,,,,,
1780416095.371,280932.0,12045.286,10.229347,,,,,,
1780416095.432,280957.0,12115.494,10.265463,,,,,,
1780416095.433,280982.0,12176.893,10.297196,,,,,,
1780416095.501,281007.0,12216.834,10.317801,,,,,,
1780416095.502,281032.0,12240.902,10.33027,,,,,,
1780416095.502,281057.0,12259.309,10.339512,,,,,,
1780416095.564,281082.0,12263.678,10.341767,,,,,,
1780416095.565,281107.0,12263.089,10.341266,,,,,,
1780416095.565,281132.0,12216.398,10.316412,,,,,,
1780416095.626,281157.0,12166.563,10.290549,,,,,,
1780416095.627,281182.0,12115.897,10.264442,,,,,,
1780416095.690,281207.0,12054.63,10.232184,,,,,,
1780416095.690,281232.0,11984.896,10.19531,,,,,,
1780416095.691,281257.0,11909.702,10.15554,,,,,,
1780416095.752,281282.0,11812.012,10.10479,,,,,,
1780416095.753,281307.0,11688.73,10.038998,,,,,,
1780416095.820,281332.0,11570.185,9.975746,,,,,,
1780416095.820,281357.0,11449.982,9.911328,,,,,,
1780416095.821,281382.0,11329.285,9.846447,,,,,,
1780416095.883,281407.0,11206.7,9.780634,,,,,,
1780416095.883,281432.0,11082.57,9.714356,,,,,,
1780416095.948,281457.0,10957.354,9.647636,,,,,,
1780416095.948,281482.0,10831.276,9.58022,,,,,,
1780416095.949,281507.0,10704.06,9.511624,,,,,,
1780416096.014,281532.0,10575.463,9.442565,,,,,,
1780416096.015,281557.0,10446.429,9.37332,,,,,,
1780416096.015,281582.0,10318.032,9.30458,,,,,,
1780416096.078,281607.0,10188.972,9.235422,,,,,,
1780416096.079,281632.0,10069.692,9.171035,,,,,,
1780416096.141,281657.0,9951.55,9.10715,,,,,,
1780416096.142,281682.0,9833.874,9.043516,,,,,,
1780416096.142,281707.0,9717.615,8.980636,,,,,,
1780416096.204,281732.0,9602.755,8.918509,,,,,,
1780416096.205,281757.0,9524.77,8.876181,,,,,,
1780416096.284,281782.0,9447.784,8.833622,,,,,,
1780416096.285,281807.0,9371.16,8.791308,,,,,,
1780416096.285,281832.0,9302.466,8.75386,,,,,,
1780416096.333,281857.0,9242.217,8.720774,,,,,,
1780416096.333,281882.0,9187.271,8.690583,,,,,,
1780416096.396,281907.0,9154.757,8.671624,,,,,,
1780416096.396,281932.0,9147.744,8.667686,,,,,,
1780416096.397,281957.0,9137.441,8.661649,,,,,,
1780416096.459,281982.0,9130.287,8.65747,,,,,,
1780416096.460,282007.0,9124.697,8.654452,,,,,,
1780416096.523,282032.0,9122.461,8.653291,,,,,,
1780416096.524,282057.0,9122.735,8.653291,,,,,,
1780416096.524,282082.0,9125.767,8.654685,,,,,,
1780416096.584,282107.0,9131.145,8.657938,,,,,,
1780416096.585,282132.0,9138.255,8.662582,,,,,,
1780416096.651,282157.0,9150.599,8.669557,,,,,,
1780416096.651,282182.0,9168.544,8.680034,,,,,,
1780416096.652,282207.0,9202.911,8.699242,,,,,,
1780416096.714,282232.0,9250.307,8.725811,,,,,,
1780416096.715,282257.0,9307.836,8.757678,,,,,,
1780416096.715,282282.0,9375.044,8.794872,,,,,,
1780416096.778,282307.0,9445.443,8.833769,,,,,,
1780416096.779,282332.0,9533.695,8.88222,,,,,,
1780416096.842,282357.0,9626.96,8.933142,,,,,,
1780416096.842,282382.0,9722.916,8.985069,,,,,,
1780416096.843,282407.0,9837.184,9.047197,,,,,,
1780416096.906,282432.0,9953.485,9.109827,,,,,,
1780416096.906,282457.0,10070.55,9.172476,,,,,,
1780416096.957,282482.0,10187.631,9.235879,,,,,,
1780416096.958,282507.0,10310.458,9.302051,,,,,,
1780416097.021,282532.0,10434.921,9.368977,,,,,,
1780416097.021,282557.0,10559.366,9.435927,,,,,,
1780416097.022,282582.0,10682.222,9.502183,,,,,,
1780416097.084,282607.0,10804.581,9.567997,,,,,,
1780416097.085,282632.0,10926.157,9.633368,,,,,,
1780416097.150,282657.0,11046.265,9.697813,,,,,,
1780416097.150,282682.0,11165.147,9.761813,,,,,,
1780416097.151,282707.0,11287.812,9.827647,,,,,,
1780416097.213,282732.0,11410.817,9.893332,,,,,,
1780416097.213,282757.0,11533.229,9.958297,,,,,,
1780416097.214,282782.0,11651.961,10.021648,,,,,,
1780416097.275,282807.0,11765.817,10.082191,,,,,,
1780416097.275,282832.0,11863.355,10.13375,,,,,,
1780416097.338,282857.0,11948.987,10.178617,,,,,,
1780416097.338,282882.0,12023.974,10.217954,,,,,,
1780416097.339,282907.0,12088.307,10.251459,,,,,,
1780416097.403,282932.0,12148.568,10.2825,,,,,,
1780416097.404,282957.0,12189.053,10.30348,,,,,,
1780416097.467,282982.0,12216.825,10.317701,,,,,,
1780416097.468,283007.0,12241.406,10.330433,,,,,,
1780416097.468,283032.0,12242.99,10.330935,,,,,,
1780416097.532,283057.0,12240.687,10.329931,,,,,,
1780416097.532,283082.0,12236.17,10.327676,,,,,,
1780416097.580,283107.0,12229.815,10.324166,,,,,,
1780416097.580,283132.0,12216.099,10.316638,,,,,,
1780416097.643,283157.0,12163.515,10.289106,,,,,,
1780416097.643,283182.0,12107.188,10.259377,,,,,,
1780416097.644,283207.0,12048.032,10.228431,,,,,,
1780416097.706,283232.0,11979.652,10.192394,,,,,,
1780416097.707,283257.0,11891.863,10.145806,,,,,,
1780416097.774,283282.0,11800.225,10.097079,,,,,,
1780416097.775,283307.0,11694.728,10.04055,,,,,,
1780416097.775,283332.0,11583.325,9.981255,,,,,,
1780416097.837,283357.0,11469.133,9.920242,,,,,,
1780416097.838,283382.0,11353.082,9.858547,,,,,,
1780416097.900,283407.0,11234.546,9.795196,,,,,,
1780416097.901,283432.0,11113.57,9.73021,,,,,,
1780416097.901,283457.0,10990.466,9.664082,,,,,,
1780416097.964,283482.0,10865.018,9.597045,,,,,,
1780416097.964,283507.0,10738.45,9.529078,,,,,,
1780416097.964,283532.0,10610.945,9.460692,,,,,,
1780416098.027,283557.0,10484.41,9.393065,,,,,,
1780416098.028,283582.0,10359.986,9.325945,,,,,,
1780416098.090,283607.0,10241.258,9.261726,,,,,,
1780416098.091,283632.0,10122.697,9.19799,,,,,,
1780416098.091,283657.0,10008.424,9.136285,,,,,,
1780416098.148,283682.0,9896.093,9.075814,,,,,,
1780416098.148,283707.0,9785.568,9.016345,,,,,,
1780416098.217,283732.0,9676.635,8.957376,,,,,,
1780416098.218,283757.0,9569.199,8.899658,,,,,,
1780416098.218,283782.0,9498.98,8.861185,,,,,,
1780416098.280,283807.0,9432.653,8.82466,,,,,,
1780416098.281,283832.0,9368.477,8.78935,,,,,,
1780416098.344,283857.0,9313.148,8.758648,,,,,,
1780416098.344,283882.0,9277.063,8.738477,,,,,,
1780416098.345,283907.0,9244.668,8.720442,,,,,,
1780416098.408,283932.0,9226.601,8.710189,,,,,,
1780416098.409,283957.0,9210.23,8.700634,,,,,,
1780416098.470,283982.0,9196.045,8.692942,,,,,,
1780416098.471,284007.0,9185.579,8.686881,,,,,,
1780416098.472,284032.0,9178.48,8.68292,,,,,,
1780416098.535,284057.0,9174.584,8.681058,,,,,,
1780416098.536,284082.0,9174.551,8.681523,,,,,,
1780416098.597,284107.0,9177.704,8.683383,,,,,,
1780416098.597,284132.0,9184.026,8.686871,,,,,,
1780416098.598,284157.0,9196.159,8.693853,,,,,,
1780416098.666,284182.0,9212.744,8.703415,,,,,,
1780416098.666,284207.0,9250.233,8.724573,,,,,,
1780416098.667,284232.0,9294.621,8.749748,,,,,,
1780416098.729,284257.0,9356.094,8.783846,,,,,,
1780416098.730,284282.0,9420.577,8.81963,,,,,,
1780416098.793,284307.0,9485.326,8.855183,,,,,,
1780416098.793,284332.0,9563.523,8.898056,,,,,,
1780416098.794,284357.0,9663.403,8.952535,,,,,,
1780416098.856,284382.0,9765.544,9.00801,,,,,,
1780416098.857,284407.0,9875.535,9.067229,,,,,,
1780416098.920,284432.0,9990.522,9.129457,,,,,,
1780416098.920,284457.0,10109.709,9.193443,,,,,,
1780416098.921,284482.0,10234.01,9.260688,,,,,,
1780416098.983,284507.0,10360.672,9.328459,,,,,,
1780416098.984,284532.0,10491.313,9.398256,,,,,,
1780416099.047,284557.0,10621.499,9.468076,,,,,,
1780416099.048,284582.0,10750.171,9.537431,,,,,,
1780416099.048,284607.0,10877.785,9.605629,,,,,,
1780416099.098,284632.0,11003.691,9.673385,,,,,,
1780416099.099,284657.0,11129.372,9.740698,,,,,,
1780416099.173,284682.0,11254.964,9.807799,,,,,,
1780416099.174,284707.0,11378.817,9.87397,,,,,,
1780416099.174,284732.0,11502.642,9.939908,,,,,,
1780416099.222,284757.0,11624.506,10.005148,,,,,,
1780416099.222,284782.0,11741.895,10.067819,,,,,,
1780416099.284,284807.0,11854.91,10.127912,,,,,,
1780416099.286,284832.0,11947.074,10.176153,,,,,,
1780416099.347,284857.0,12033.344,10.221513,,,,,,
1780416099.347,284882.0,12101.76,10.256957,,,,,,
1780416099.348,284907.0,12166.593,10.290693,,,,,,
1780416099.411,284932.0,12230.429,10.323923,,,,,,
1780416099.411,284957.0,12279.582,10.349076,,,,,,
1780416099.474,284982.0,12304.549,10.36161,,,,,,
1780416099.475,285007.0,12326.463,10.372643,,,,,,
1780416099.475,285032.0,12339.844,10.379426,,,,,,
1780416099.532,285057.0,12346.763,10.382698,,,,,,
1780416099.533,285082.0,12349.594,10.383958,,,,,,
1780416099.599,285107.0,12283.738,10.348865,,,,,,
1780416099.600,285132.0,12215.289,10.313254,,,,,,
1780416099.600,285157.0,12141.51,10.275135,,,,,,
1780416099.664,285182.0,12067.639,10.236763,,,,,,
1780416099.665,285207.0,11994.813,10.198634,,,,,,
1780416099.665,285232.0,11921.419,10.160746,,,,,,
1780416099.729,285257.0,11847.832,10.122362,,,,,,
1780416099.730,285282.0,11773.83,10.083483,,,,,,
1780416099.792,285307.0,11699.188,10.04435,,,,,,
1780416099.793,285332.0,11624.369,10.005218,,,,,,
1780416099.794,285357.0,11549.375,9.966327,,,,,,
1780416099.857,285382.0,11474.51,9.927194,,,,,,
1780416099.858,285407.0,11400.019,9.888303,,,,,,
1780416099.920,285432.0,11325.384,9.849413,,,,,,
1780416099.921,285457.0,11250.47,9.810775,,,,,,
1780416099.921,285482.0,11176.696,9.772391,,,,,,
1780416099.985,285507.0,11104.08,9.734768,,,,,,
1780416099.985,285532.0,11032.169,9.697398,,,,,,
1780416100.032,285557.0,10961.062,9.660535,,,,,,
1780416100.033,285582.0,10891.139,9.624431,,,,,,
1780416100.069,285607.0,10823.613,9.589337,,,,,,
1780416100.069,285632.0,10756.831,9.554749,,,,,,
1780416100.671,286239.0,10690.472,9.520666,,,,,calibrate,
1780416100.734,286264.0,10625.693,9.487087,,,,,,
1780416100.734,286289.0,10561.099,9.45376,,,,,,
1780416100.783,286314.0,10559.785,9.45376,,,,,,
1780416100.783,286339.0,10558.991,9.453518,,,,,,
1780416100.846,286364.0,10559.492,9.45376,,,,,,
1780416100.846,286389.0,10559.816,9.454001,,,,,,
1780416100.847,286414.0,10559.287,9.454001,,,,,,
1780416100.918,286439.0,10559.126,9.45376,,,,,,
1780416100.919,286464.0,10559.1,9.45376,,,,,,
1780416100.981,286489.0,10558.999,9.454001,,,,,,
1780416100.982,286514.0,10558.997,9.454243,,,,,,
1780416100.982,286539.0,10559.287,9.454485,,,,,,
1780416101.055,286564.0,10559.432,9.454485,,,,,,
1780416101.056,286589.0,10559.534,9.454726,,,,,,
1780416101.056,286614.0,10559.397,9.454485,,,,,,
1780416101.117,286639.0,10559.883,9.454485,,,,,,
1780416101.117,286664.0,10559.907,9.454485,,,,,,
1780416101.180,286689.0,10560.155,9.454485,,,,,,
1780416101.181,286714.0,10560.495,9.454243,,,,,,
1780416101.181,286739.0,10560.504,9.454243,,,,,,
1780416101.244,286764.0,10560.528,9.454243,,,,,,
1780416101.245,286789.0,10560.504,9.454243,,,,,,
1780416101.305,286814.0,10560.419,9.454243,,,,,,
1780416101.305,286839.0,10560.358,9.454001,,,,,,
1780416101.306,286864.0,10560.452,9.454001,,,,,,
1780416101.365,286889.0,10560.07,9.45376,,,,,,
1780416101.365,286914.0,10560.256,9.45376,,,,,,
1780416101.432,286939.0,10560.24,9.453518,,,,,,
1780416101.433,286964.0,10559.841,9.453518,,,,,,
1780416101.433,286989.0,10559.585,9.453518,,,,,,
1780416101.486,287014.0,10559.638,9.453277,,,,,,
1780416101.486,287039.0,10559.951,9.453277,,,,,,
1780416101.549,287064.0,10560.183,9.453277,,,,,,
1780416101.550,287089.0,10560.216,9.453034,,,,,,
1780416101.550,287114.0,10559.978,9.452793,,,,,,
1780416101.615,287139.0,10560.089,9.452551,,,,,,
1780416101.615,287164.0,10560.379,9.452551,,,,,,
1780416101.680,287189.0,10560.089,9.45231,,,,,,
1780416101.680,287214.0,10560.259,9.45231,,,,,,
1780416101.681,287239.0,10560.472,9.45231,,,,,,
1780416101.738,287264.0,10560.003,9.45231,,,,,,
1780416101.739,287289.0,10559.901,9.45231,,,,,,
1780416101.806,287314.0,10559.653,9.45231,,,,,,
1780416101.806,287339.0,10559.34,9.45231,,,,,,
1780416101.807,287364.0,10559.135,9.452068,,,,,,
1780416101.869,287389.0,10558.93,9.452068,,,,,,
1780416101.869,287414.0,10558.906,9.451826,,,,,,
1780416101.931,287439.0,10558.966,9.451826,,,,,,
1780416101.932,287464.0,10558.872,9.452068,,,,,,
1780416101.932,287489.0,10559.034,9.452068,,,,,,
1780416101.985,287514.0,10559.407,9.45231,,,,,,
1780416101.985,287539.0,10559.356,9.45231,,,,,,
1780416102.049,287564.0,10559.298,9.452551,,,,,,
1780416102.049,287589.0,10559.381,9.452551,,,,,,
1780416102.049,287614.0,10559.339,9.45231,,,,,,
1780416102.117,287639.0,10559.126,9.452551,,,,,,
1780416102.117,287664.0,10558.803,9.452551,,,,,,
1780416102.179,287689.0,10558.624,9.452551,,,,,,
1780416102.180,287714.0,10558.675,9.452551,,,,,,
1780416102.180,287739.0,10558.965,9.452793,,,,,,
1780416102.242,287764.0,10558.836,9.452793,,,,,,
1780416102.243,287789.0,10558.605,9.452551,,,,,,
1780416102.313,287814.0,10558.742,9.452793,,,,,,
1780416102.314,287839.0,10558.665,9.452551,,,,,,
1780416102.315,287864.0,10558.537,9.452793,,,,,,
1780416102.361,287889.0,10558.426,9.452793,,,,,,
1780416102.361,287914.0,10558.469,9.452793,,,,,,
1780416102.427,287939.0,10558.58,9.452793,,,,,,
1780416102.427,287964.0,10558.674,9.453034,,,,,,
1780416102.428,287989.0,10558.735,9.453277,,,,,,
1780416102.488,288014.0,10558.794,9.453277,,,,,,
1780416102.489,288039.0,10558.896,9.453518,,,,,,
1780416102.552,288064.0,10558.709,9.453518,,,,,,
1780416102.552,288089.0,10558.938,9.453518,,,,,,
1780416102.553,288114.0,10559.091,9.453518,,,,,,
1780416102.615,288139.0,10559.117,9.453518,,,,,,
1780416102.616,288164.0,10559.032,9.453518,,,,,,
1780416102.684,288189.0,10558.965,9.453518,,,,,,
1780416102.684,288214.0,10558.923,9.453277,,,,,,
1780416102.685,288239.0,10558.847,9.453518,,,,,,
1780416102.749,288264.0,10558.82,9.453277,,,,,,
1780416102.750,288289.0,10559.041,9.453277,,,,,,
1780416102.751,288314.0,10559.187,9.453277,,,,,,
1780416102.801,288339.0,10559.22,9.453518,,,,,,
1780416102.802,288364.0,10559.006,9.453518,,,,,,
1780416102.863,288389.0,10558.921,9.45376,,,,,,
1780416102.864,288414.0,10559.023,9.454001,,,,,,
1780416102.925,288439.0,10559.22,9.454001,,,,,,
1780416102.926,288464.0,10559.117,9.454243,,,,,,
1780416102.926,288489.0,10559.082,9.454001,,,,,,
1780416102.989,288514.0,10559.169,9.454001,,,,,,
1780416102.989,288539.0,10559.169,9.454001,,,,,,
1780416103.052,288564.0,10559.193,9.454001,,,,,,
1780416103.052,288589.0,10559.278,9.45376,,,,,,
1780416103.053,288614.0,10559.151,9.45376,,,,,,
1780416103.115,288639.0,10559.075,9.45376,,,,,,
1780416103.116,288664.0,10559.093,9.45376,,,,,,
1780416103.180,288689.0,10559.229,9.45376,,,,,,
1780416103.180,288714.0,10559.236,9.45376,,,,,,
1780416103.181,288739.0,10558.956,9.45376,,,,,,
1780416103.246,288764.0,10558.691,9.453518,,,,,,
1780416103.247,288789.0,10558.548,9.453518,,,,,,
1780416103.247,288814.0,10558.479,9.453277,,,,,,
1780416103.286,288839.0,10558.581,9.453518,,,,,,
1780416103.298,288864.0,10558.615,10.052996,,,,,,
1780416103.331,288889.0,10558.42,10.05334,,,,,,
1780416103.355,288914.0,10558.08,10.053517,,,,,,
1780416103.378,288939.0,10557.884,10.05362,,,,,,
1780416103.403,288964.0,10557.867,10.053387,,,,,,
1780416103.426,288989.0,10557.849,10.053396,,,,,,
1780416103.450,289014.0,10557.893,10.053132,,,,,,
1780416103.474,289039.0,10557.375,10.053161,,,,,,
1780416103.507,289064.0,10557.255,10.053223,,,,,,
1780416103.532,289089.0,10557.45,10.053121,,,,,,
1780416103.560,289114.0,10557.383,10.053156,,,,,,
1780416103.586,289139.0,10557.29,10.052963,,,,,,
1780416103.598,289164.0,10556.957,10.053138,,,,,,
1780416103.634,289189.0,10556.924,10.053155,,,,,,
1780416103.657,289214.0,10556.983,10.053123,,,,,,
1780416103.681,289239.0,10557.128,10.053048,,,,,,
1780416103.764,289264.0,10557.171,10.052783,,,,,rotate on,OK rotated on
1780416103.765,289289.0,10556.881,10.052935,,,,,,
1780416103.765,289314.0,10556.711,10.053023,,,,,,
1780416103.818,289339.0,10556.719,10.052778,,,,,,
1780416103.819,289364.0,10556.856,10.052707,,,,,,
1780416103.883,289389.0,10557.051,10.052605,,,,,,
1780416103.883,289414.0,10557.356,10.052445,,,,,,
1780416103.883,289439.0,10557.416,10.052655,,,,,,
1780416103.947,289464.0,10557.519,10.052361,,,,,,
1780416103.948,289489.0,10557.594,10.052321,,,,,,
1780416103.949,289514.0,10557.884,10.051929,,,,,,
1780416104.010,289539.0,10557.807,10.051969,,,,,,
1780416104.010,289564.0,10557.781,10.051982,,,,,,
1780416104.072,289589.0,10557.808,10.052209,,,,,,
1780416104.073,289614.0,10558.003,10.051866,,,,,,
1780416104.073,289639.0,10558.232,10.051988,,,,,,
1780416104.136,289664.0,10558.794,10.051935,,,,,,
1780416104.137,289689.0,10558.785,10.05194,,,,,,
1780416104.201,289714.0,10558.514,10.051841,,,,,,
1780416104.202,289739.0,10558.411,10.052135,,,,,,
1780416104.202,289764.0,10558.42,10.052131,,,,,,
1780416104.264,289789.0,10558.684,10.051992,,,,,,
1780416104.265,289814.0,10558.294,10.051955,,,,,,
1780416104.328,289839.0,10558.276,10.052206,,,,,,
1780416104.328,289864.0,10558.37,10.051915,,,,,,
1780416104.329,289889.0,10558.47,10.052105,,,,,,
1780416104.384,289914.0,10558.675,10.051997,,,,,,
1780416104.385,289939.0,10558.572,10.052051,,,,,,
1780416104.448,289964.0,10558.369,10.052157,,,,,,
1780416104.449,289989.0,10558.097,10.052542,,,,,,
1780416104.449,290014.0,10557.629,10.053027,,,,,,
1780416104.501,290039.0,10557.714,10.052983,,,,,,
1780416104.502,290064.0,10557.57,10.053058,,,,,,
1780416104.565,290089.0,10557.595,10.053288,,,,,,
1780416104.565,290114.0,10557.545,10.053071,,,,,,
1780416104.628,290139.0,10557.478,10.053349,,,,,,
1780416104.629,290164.0,10557.749,10.053207,,,,,,
1780416104.629,290189.0,10557.902,10.052885,,,,,,
1780416104.691,290214.0,10557.749,10.052965,,,,,,
1780416104.691,290239.0,10557.775,10.053193,,,,,,
1780416104.754,290264.0,10557.793,10.053425,,,,,,
1780416104.755,290289.0,10557.801,10.053663,,,,,,
1780416104.755,290314.0,10559.072,10.05324,,,,,,
1780416104.817,290339.0,10562.303,10.053245,,,,,,
1780416104.818,290364.0,10571.398,10.053097,,,,,,
1780416104.882,290389.0,10602.964,10.053452,,,,,,
1780416104.883,290414.0,10642.419,10.053653,,,,,,
1780416104.884,290439.0,10692.555,10.053742,,,,,,
1780416104.945,290464.0,10750.317,10.053863,,,,,,
1780416104.946,290489.0,10816.598,10.054054,,,,,,
1780416104.946,290514.0,10888.813,10.053937,,,,,,
1780416105.009,290539.0,10961.742,10.053953,,,,,,
1780416105.011,290564.0,11037.707,10.053652,,,,,,
1780416105.072,290589.0,11114.115,10.053361,,,,,,
1780416105.072,290614.0,11191.193,10.052744,,,,,,
1780416105.073,290639.0,11272.037,10.052182,,,,,,
1780416105.136,290664.0,11352.565,10.052039,,,,,,
1780416105.136,290689.0,11433.466,10.051702,,,,,,
1780416105.199,290714.0,11514.131,10.051488,,,,,,
1780416105.200,290739.0,11595.004,10.051152,,,,,,
1780416105.200,290764.0,11675.749,10.050897,,,,,,
1780416105.265,290789.0,11756.403,10.050689,,,,,,
1780416105.265,290814.0,11837.11,10.050694,,,,,,
1780416105.327,290839.0,11917.512,10.050363,,,,,,
1780416105.328,290864.0,11997.523,10.050235,,,,,,
1780416105.328,290889.0,12075.216,10.049805,,,,,,
1780416105.382,290914.0,12150.122,10.049562,,,,,,
1780416105.382,290939.0,12221.544,10.04987,,,,,,
1780416105.441,290964.0,12286.925,10.04985,,,,,,
1780416105.441,290989.0,12341.793,10.049644,,,,,,
1780416105.504,291014.0,12369.565,10.04933,,,,,,
1780416105.506,291039.0,12384.441,10.049036,,,,,,
1780416105.506,291064.0,12381.401,10.049127,,,,,,
1780416105.567,291089.0,12363.61,10.049186,,,,,,
1780416105.567,291114.0,12328.727,10.049191,,,,,,
1780416105.634,291139.0,12279.294,10.049582,,,,,,
1780416105.635,291164.0,12225.629,10.04947,,,,,,
1780416105.635,291189.0,12166.624,10.049657,,,,,,
1780416105.698,291214.0,12091.762,10.049623,,,,,,
1780416105.699,291239.0,12010.942,10.049782,,,,,,
1780416105.699,291264.0,11910.207,10.049229,,,,,,
1780416105.764,291289.0,11796.465,10.04835,,,,,,
1780416105.765,291314.0,11680.568,10.047421,,,,,,
1780416105.826,291339.0,11560.849,10.046375,,,,,,
1780416105.827,291364.0,11439.303,10.0456,,,,,,
1780416105.827,291389.0,11314.894,10.044194,,,,,,
1780416105.891,291414.0,11188.932,10.042666,,,,,,
1780416105.891,291439.0,11059.843,10.041606,,,,,,
1780416105.953,291464.0,10930.213,10.040151,,,,,,
1780416105.953,291489.0,10800.799,10.038584,,,,,,
1780416105.953,291514.0,10669.706,10.037309,,,,,,
1780416106.016,291539.0,10540.777,10.035475,,,,,,
1780416106.017,291564.0,10414.449,10.033782,,,,,,
1780416106.080,291589.0,10292.432,10.032116,,,,,,
1780416106.080,291614.0,10174.35,10.030453,,,,,,
1780416106.081,291639.0,10059.568,10.028402,,,,,,
1780416106.149,291664.0,9949.485,10.026405,,,,,,
1780416106.149,291689.0,9846.758,10.024315,,,,,,
1780416106.150,291714.0,9750.767,10.022187,,,,,,
1780416106.213,291739.0,9663.55,10.020177,,,,,,
1780416106.214,291764.0,9584.797,10.017929,,,,,,
1780416106.279,291789.0,9509.275,10.016198,,,,,,
1780416106.280,291814.0,9436.174,10.014426,,,,,,
1780416106.281,291839.0,9378.873,10.012905,,,,,,
1780416106.334,291864.0,9326.73,10.0111,,,,,,
1780416106.334,291889.0,9290.918,10.010101,,,,,,
1780416106.398,291914.0,9267.75,10.00913,,,,,,
1780416106.399,291939.0,9247.016,10.008296,,,,,,
1780416106.399,291964.0,9231.969,10.007763,,,,,,
1780416106.467,291989.0,9219.795,10.007362,,,,,,
1780416106.469,292014.0,9211.689,10.007171,,,,,,
1780416106.531,292039.0,9206.436,10.007122,,,,,,
1780416106.531,292064.0,9205.793,10.006759,,,,,,
1780416106.531,292089.0,9206.076,10.007309,,,,,,
1780416106.597,292114.0,9208.281,10.007554,,,,,,
1780416106.598,292139.0,9214.857,10.00784,,,,,,
1780416106.598,292164.0,9223.475,10.008223,,,,,,
1780416106.660,292189.0,9253.934,10.00944,,,,,,
1780416106.660,292214.0,9286.074,10.010493,,,,,,
1780416106.723,292239.0,9325.668,10.012169,,,,,,
1780416106.724,292264.0,9388.145,10.014376,,,,,,
1780416106.724,292289.0,9450.973,10.0164,,,,,,
1780416106.787,292314.0,9514.438,10.018336,,,,,,
1780416106.787,292339.0,9597.118,10.020498,,,,,,
1780416106.856,292364.0,9698.308,10.022645,,,,,,
1780416106.856,292389.0,9801.726,10.024626,,,,,,
1780416106.857,292414.0,9910.955,10.026567,,,,,,
1780416106.908,292439.0,10026.862,10.02828,,,,,,
1780416106.909,292464.0,10145.43,10.030113,,,,,,
1780416106.973,292489.0,10269.163,10.031768,,,,,,
1780416106.974,292514.0,10394.999,10.033336,,,,,,
1780416106.974,292539.0,10524.854,10.035314,,,,,,
1780416107.036,292564.0,10656.173,10.03731,,,,,,
1780416107.036,292589.0,10787.01,10.039163,,,,,,
1780416107.104,292614.0,10919.131,10.040665,,,,,,
1780416107.105,292639.0,11050.39,10.042407,,,,,,
1780416107.105,292664.0,11180.715,10.043686,,,,,,
1780416107.169,292689.0,11309.331,10.045183,,,,,,
1780416107.170,292714.0,11437.926,10.046226,,,,,,
1780416107.232,292739.0,11564.682,10.047529,,,,,,
1780416107.232,292764.0,11690.956,10.048619,,,,,,
1780416107.233,292789.0,11815.852,10.049963,,,,,,
1780416107.296,292814.0,11918.87,10.050258,,,,,,
1780416107.297,292839.0,12019.972,10.050839,,,,,,
1780416107.297,292864.0,12113.78,10.050925,,,,,,
1780416107.347,292889.0,12185.557,10.050704,,,,,,
1780416107.348,292914.0,12253.718,10.050594,,,,,,
1780416107.409,292939.0,12318.508,10.050735,,,,,,
1780416107.410,292964.0,12360.246,10.050374,,,,,,
1780416107.480,292989.0,12378.835,10.050183,,,,,,
1780416107.480,293014.0,12390.574,10.050309,,,,,,
1780416107.480,293039.0,12391.265,10.050197,,,,,,
1780416107.548,293064.0,12379.401,10.050137,,,,,,
1780416107.548,293089.0,12356.526,10.050339,,,,,,
1780416107.549,293114.0,12320.69,10.050586,,,,,,
1780416107.597,293139.0,12273.81,10.050914,,,,,,
1780416107.597,293164.0,12219.372,10.050952,,,,,,
1780416107.666,293189.0,12160.826,10.0509,,,,,,
1780416107.667,293214.0,12082.827,10.050535,,,,,,
1780416107.727,293239.0,11996.456,10.050158,,,,,,
1780416107.728,293264.0,11900.124,10.049704,,,,,,
1780416107.729,293289.0,11797.43,10.048308,,,,,,
1780416107.790,293314.0,11677.813,10.047248,,,,,,
1780416107.791,293339.0,11554.845,10.045834,,,,,,
1780416107.853,293364.0,11432.853,10.04461,,,,,,
1780416107.854,293389.0,11310.591,10.043526,,,,,,
1780416107.854,293414.0,11184.27,10.041996,,,,,,
1780416107.917,293439.0,11055.725,10.040694,,,,,,
1780416107.918,293464.0,10926.433,10.039086,,,,,,
1780416107.978,293489.0,10798.091,10.037234,,,,,,
1780416107.979,293514.0,10665.85,10.035587,,,,,,
1780416107.979,293539.0,10535.465,10.033587,,,,,,
1780416108.033,293564.0,10407.992,10.031335,,,,,,
1780416108.034,293589.0,10282.392,10.029456,,,,,,
1780416108.107,293614.0,10161.497,10.02739,,,,,,
1780416108.107,293639.0,10045.345,10.025342,,,,,,
1780416108.108,293664.0,9934.397,10.023355,,,,,,
1780416108.170,293689.0,9829.855,10.0215,,,,,,
1780416108.171,293714.0,9732.867,10.019678,,,,,,
1780416108.171,293739.0,9643.956,10.017844,,,,,,
1780416108.234,293764.0,9564.412,10.01556,,,,,,
1780416108.235,293789.0,9488.436,10.013604,,,,,,
1780416108.298,293814.0,9414.848,10.011395,,,,,,
1780416108.298,293839.0,9359.205,10.009751,,,,,,
1780416108.298,293864.0,9309.59,10.008328,,,,,,
1780416108.361,293889.0,9269.752,10.006825,,,,,,
1780416108.362,293914.0,9235.988,10.006668,,,,,,
1780416108.425,293939.0,9219.768,10.00606,,,,,,
1780416108.425,293964.0,9208.027,10.005911,,,,,,
1780416108.426,293989.0,9196.727,10.005527,,,,,,
1780416108.489,294014.0,9187.707,10.005111,,,,,,
1780416108.490,294039.0,9183.395,10.005269,,,,,,
1780416108.552,294064.0,9182.828,10.005099,,,,,,
1780416108.552,294089.0,9184.861,10.005434,,,,,,
1780416108.553,294114.0,9187.609,10.006328,,,,,,
1780416108.618,294139.0,9196.158,10.006746,,,,,,
1780416108.619,294164.0,9206.744,10.00726,,,,,,
1780416108.681,294189.0,9218.721,10.007982,,,,,,
1780416108.682,294214.0,9258.377,10.009811,,,,,,
1780416108.682,294239.0,9308.32,10.012014,,,,,,
1780416108.744,294264.0,9360.787,10.013631,,,,,,
1780416108.745,294289.0,9429.701,10.0156,,,,,,
1780416108.745,294314.0,9504.381,10.017499,,,,,,
1780416108.808,294339.0,9590.227,10.019455,,,,,,
1780416108.809,294364.0,9686.871,10.021456,,,,,,
1780416108.873,294389.0,9796.824,10.023463,,,,,,
1780416108.874,294414.0,9907.62,10.025549,,,,,,
1780416108.874,294439.0,10025.597,10.027881,,,,,,
1780416108.938,294464.0,10147.905,10.029734,,,,,,
1780416108.938,294489.0,10274.313,10.031465,,,,,,
1780416108.988,294514.0,10402.89,10.033582,,,,,,
1780416108.989,294539.0,10534.371,10.035448,,,,,,
1780416109.051,294564.0,10668.389,10.036798,,,,,,
1780416109.052,294589.0,10801.111,10.038381,,,,,,
1780416109.052,294614.0,10935.515,10.039919,,,,,,
1780416109.115,294639.0,11068.313,10.041388,,,,,,
1780416109.115,294664.0,11200.951,10.042477,,,,,,
1780416109.179,294689.0,11331.98,10.043964,,,,,,
1780416109.179,294714.0,11461.17,10.045248,,,,,,
1780416109.180,294739.0,11589.777,10.045904,,,,,,
1780416109.243,294764.0,11716.782,10.04693,,,,,,
1780416109.244,294789.0,11843.438,10.047883,,,,,,
1780416109.305,294814.0,11968.7,10.048885,,,,,,
1780416109.306,294839.0,12067.315,10.04891,,,,,,
1780416109.306,294864.0,12152.086,10.048895,,,,,,
1780416109.370,294889.0,12229.008,10.048972,,,,,,
1780416109.372,294914.0,12282.385,10.049094,,,,,,
1780416109.373,294939.0,12323.791,10.049026,,,,,,
1780416109.434,294964.0,12346.778,10.048681,,,,,,
1780416109.435,294989.0,12352.725,10.048308,,,,,,
1780416109.496,295014.0,12337.19,10.048457,,,,,,
1780416109.496,295039.0,12313.646,10.048332,,,,,,
1780416109.497,295064.0,12278.247,10.048172,,,,,,
1780416109.560,295089.0,12235.027,10.048364,,,,,,
1780416109.560,295114.0,12187.191,10.048701,,,,,,
1780416109.633,295139.0,12135.771,10.04866,,,,,,
1780416109.633,295164.0,12081.361,10.048665,,,,,,
1780416109.634,295189.0,12023.57,10.049169,,,,,,
1780416109.696,295214.0,11965.744,10.049437,,,,,,
1780416109.697,295239.0,11904.572,10.049681,,,,,,
1780416109.697,295264.0,11843.28,10.049978,,,,,,
1780416109.760,295289.0,11773.397,10.050368,,,,,,
1780416109.760,295314.0,11698.914,10.050476,,,,,,
1780416109.823,295339.0,11623.455,10.050365,,,,,,
1780416109.824,295364.0,11549.642,10.050365,,,,,,
1780416109.824,295389.0,11474.308,10.05116,,,,,,
1780416109.886,295414.0,11418.617,10.052459,,,,,,
1780416109.887,295439.0,11401.41,10.052831,,,,,,
1780416109.950,295464.0,11380.991,10.05287,,,,,,
1780416109.951,295489.0,11313.566,10.052285,,,,,,
1780416109.952,295514.0,11222.786,10.052024,,,,,,
1780416110.012,295539.0,11148.776,10.051561,,,,,,
1780416110.012,295564.0,11109.188,10.051903,,,,,,
1780416110.075,295589.0,11077.116,10.052083,,,,,,
1780416110.076,295614.0,11049.35,10.051789,,,,,,
1780416110.076,295639.0,11013.804,10.051511,,,,,,
1780416110.139,295664.0,10973.278,10.051282,,,,,,
1780416110.140,295689.0,10931.537,10.050561,,,,,,
1780416110.182,295714.0,10917.291,10.050922,,,,,,
1780416110.183,295739.0,10950.808,10.051016,,,,,,
1780416110.205,295764.0,10984.907,10.051791,,,,,,
1780416110.228,295789.0,11020.094,10.052495,,,,,,
1780416110.252,295814.0,10992.255,10.052244,,,,,,
1780416110.275,295839.0,10931.666,10.051306,,,,,,
1780416110.299,295864.0,10870.503,10.050444,,,,,,
1780416110.333,295889.0,10836.387,10.050357,,,,,,
1780416110.358,295914.0,10855.183,10.050586,,,,,,
1780416110.382,295939.0,10880.576,10.050787,,,,,,
1780416110.406,295964.0,10897.974,10.050723,,,,,,
1780416110.430,295989.0,10849.8,10.049881,,,,,,
1780416110.454,296014.0,10802.733,10.048462,,,,,,
1780416110.478,296039.0,10741.089,10.047907,,,,,,
1780416110.502,296064.0,10712.773,10.048949,,,,,,
1780416110.533,296089.0,10734.102,10.049456,,,,,,
1780416110.549,296114.0,10796.178,10.050296,,,,,,
1780416110.572,296139.0,10821.879,10.051065,,,,,,
1780416110.647,296164.0,10775.657,10.050444,,,,,crack_output on,OK crack_output on
1780416110.648,296189.0,10717.195,10.049333,,,,,,
1780416110.648,296214.0,10676.483,10.049357,,,,,,
1780416110.710,296239.0,10677.503,10.050292,,,,,,
1780416110.711,296264.0,10719.652,10.050844,,,,,,
1780416110.773,296289.0,10761.224,10.051022,,,,,,
1780416110.773,296314.0,10749.464,10.051224,,,,,,
1780416110.774,296339.0,10725.307,10.050594,,,,,,
1780416110.836,296364.0,10655.122,10.050528,,,,,,
1780416110.836,296389.0,10633.72,10.050255,,,,,,
1780416110.900,296414.0,10644.92,10.050192,,,,,,
1780416110.900,296439.0,10721.095,10.051077,,,,,,
1780416110.900,296464.0,10810.879,10.052094,,,,,,
1780416110.965,296489.0,10800.977,10.051203,,,,,,
1780416110.965,296514.0,10765.576,10.050343,,,,,,
1780416111.028,296539.0,10700.554,10.049593,,,,,,
1780416111.029,296564.0,10670.201,10.050043,,,,,,
1780416111.029,296589.0,10691.776,10.050388,,,,,,
1780416111.092,296614.0,10773.419,10.051676,,,,,,
1780416111.092,296639.0,10825.15,10.052601,,,,,,
1780416111.158,296664.0,10817.415,10.051476,,,,,,
1780416111.158,296689.0,10741.985,10.049855,,,,,,
1780416111.158,296714.0,10660.358,10.050507,,,,,,
1780416111.225,296739.0,10643.049,10.05148,,,,,,
1780416111.226,296764.0,10704.902,10.051899,,,,,,
1780416111.226,296789.0,10816.912,10.053757,,,,,,
1780416111.289,296814.0,10855.963,10.055034,,,,,,
1780416111.289,296839.0,10820.652,10.054454,,,,,,
1780416111.352,296864.0,10763.515,10.053835,,,,,,
1780416111.353,296889.0,10702.26,10.05437,,,,,,
1780416111.353,296914.0,10704.738,10.055051,,,,,,
1780416111.415,296939.0,10777.884,10.055949,,,,,,
1780416111.416,296964.0,10811.999,10.056252,,,,,,
1780416111.479,296989.0,10800.034,10.055839,,,,,,
1780416111.479,297014.0,10727.616,10.055342,,,,,,
1780416111.480,297039.0,10639.318,10.05582,,,,,,
1780416111.536,297064.0,10607.483,10.056919,,,,,,
1780416111.537,297089.0,10628.625,10.057949,,,,,,
1780416111.599,297114.0,10742.852,10.060759,,,,,,
1780416111.599,297139.0,10827.653,10.062586,,,,,,
1780416111.600,297164.0,10797.452,10.062525,,,,,,
1780416111.663,297189.0,10752.651,10.062105,,,,,,
1780416111.664,297214.0,10677.008,10.063249,,,,,,
1780416111.726,297239.0,10654.046,10.064387,,,,,,
1780416111.727,297264.0,10690.376,10.06488,,,,,,
1780416111.727,297289.0,10764.06,10.066775,,,,,,
1780416111.792,297314.0,10777.32,10.067401,,,,,,
1780416111.793,297339.0,10751.233,10.066887,,,,,,
1780416111.854,297364.0,10670.865,10.066607,,,,,,
1780416111.855,297389.0,10624.692,10.06753,,,,,,
1780416111.855,297414.0,10622.446,10.068201,,,,,,
1780416111.917,297439.0,10669.862,10.069487,,,,,,
1780416111.918,297464.0,10765.765,10.071248,,,,,,
1780416111.981,297489.0,10777.688,10.071391,,,,,,
1780416111.981,297514.0,10741.223,10.071109,,,,,,
1780416111.982,297539.0,10669.426,10.071203,,,,,,
1780416112.048,297564.0,10621.827,10.072026,,,,,,
1780416112.048,297589.0,10647.322,10.072774,,,,,,
1780416112.049,297614.0,10712.343,10.073974,,,,,,
1780416112.113,297639.0,10743.468,10.074588,,,,,,
1780416112.114,297664.0,10739.659,10.0742,,,,,,
1780416112.177,297689.0,10673.505,10.073592,,,,,,
1780416112.177,297714.0,10600.277,10.073983,,,,,,
1780416112.178,297739.0,10571.059,10.074755,,,,,,
1780416112.240,297764.0,10570.501,10.075541,,,,,,
1780416112.240,297789.0,10666.066,10.077656,,,,,,
1780416112.307,297814.0,10707.263,10.078507,,,,,,
1780416112.307,297839.0,10682.914,10.077392,,,,,,
1780416112.308,297864.0,10624.316,10.076565,,,,,,
1780416112.370,297889.0,10562.352,10.076913,,,,,,
1780416112.371,297914.0,10564.613,10.076967,,,,,,
1780416112.371,297939.0,10629.285,10.077648,,,,,,
1780416112.433,297964.0,10666.71,10.077338,,,,,,
1780416112.434,297989.0,10662.262,10.076104,,,,,,
1780416112.496,298014.0,10615.041,10.074666,,,,,,
1780416112.497,298039.0,10550.869,10.073811,,,,,,
1780416112.497,298064.0,10547.855,10.072888,,,,,,
1780416112.560,298089.0,10560.829,10.072347,,,,,,
1780416112.561,298114.0,10636.324,10.072826,,,,,,
1780416112.634,298139.0,10727.179,10.072933,,,,,,
1780416112.634,298164.0,10707.495,10.070848,,,,,,
1780416112.635,298189.0,10670.486,10.069222,,,,,,
1780416112.697,298214.0,10598.196,10.068377,,,,,,
1780416112.698,298239.0,10578.653,10.067742,,,,,,
1780416112.698,298264.0,10633.361,10.067069,,,,,,
1780416112.764,298289.0,10691.603,10.06619,,,,,,
1780416112.764,298314.0,10700.008,10.064408,,,,,,
1780416112.827,298339.0,10679.111,10.061444,,,,,,
1780416112.827,298364.0,10622.732,10.059353,,,,,,
1780416112.828,298389.0,10611.616,10.05825,,,,,,
1780416112.890,298414.0,10622.679,10.057677,,,,,,
1780416112.891,298439.0,10661.195,10.057631,,,,,,
1780416112.954,298464.0,10747.379,10.058371,,,,,,
1780416112.955,298489.0,10766.925,10.057379,,,,,,
1780416112.955,298514.0,10728.227,10.055665,,,,,,
1780416113.017,298539.0,10660.789,10.054671,,,,,,
1780416113.018,298564.0,10624.128,10.054214,,,,,,
1780416113.080,298589.0,10652.075,10.054367,,,,,,
1780416113.080,298614.0,10719.477,10.054999,,,,,,
1780416113.081,298639.0,10732.759,10.054262,,,,,,
1780416113.143,298664.0,10718.957,10.052162,,,,,,
1780416113.144,298689.0,10651.195,10.05106,,,,,,
1780416113.207,298714.0,10610.166,10.051249,,,,,,
1780416113.208,298739.0,10616.09,10.051408,,,,,,
1780416113.208,298764.0,10629.077,10.051594,,,,,,
1780416113.271,298789.0,10732.867,10.053612,,,,,,
1780416113.272,298814.0,10781.308,10.054111,,,,,,
1780416113.272,298839.0,10751.236,10.052978,,,,,,
1780416113.334,298864.0,10687.89,10.051864,,,,,,
1780416113.334,298889.0,10606.097,10.051458,,,,,,
1780416113.396,298914.0,10546.35,10.051938,,,,,,
1780416113.397,298939.0,10535.294,10.052031,,,,,,
1780416113.397,298964.0,10527.388,10.052612,,,,,,
1780416113.458,298989.0,10517.867,10.052378,,,,,,
1780416113.458,299014.0,10460.631,10.051229,,,,,,
1780416113.528,299039.0,10399.155,10.050706,,,,,,
1780416113.529,299064.0,10399.932,10.05055,,,,,,
1780416113.529,299089.0,10409.434,10.05054,,,,,,
1780416113.594,299114.0,10466.346,10.052146,,,,,,
1780416113.595,299139.0,10543.395,10.053718,,,,,,
1780416113.660,299164.0,10518.926,10.052495,,,,,,
1780416113.661,299189.0,10474.94,10.051422,,,,,,
1780416113.662,299214.0,10404.785,10.050764,,,,,,
1780416113.714,299239.0,10382.249,10.050972,,,,,,
1780416113.714,299264.0,10439.368,10.051679,,,,,,
1780416113.775,299289.0,10495.309,10.052952,,,,,,
1780416113.775,299314.0,10486.449,10.052607,,,,,,
1780416113.776,299339.0,10450.47,10.051202,,,,,,
1780416113.842,299364.0,10366.594,10.0509,,,,,,
1780416113.843,299389.0,10336.485,10.051027,,,,,,
1780416113.897,299414.0,10326.582,10.051229,,,,,,
1780416113.898,299439.0,10349.273,10.052121,,,,,,
1780416113.898,299464.0,10433.197,10.054081,,,,,,
1780416113.968,299489.0,10442.992,10.054126,,,,,,
1780416113.968,299514.0,10429.066,10.053439,,,,,,
1780416114.022,299539.0,10416.279,10.052806,,,,,,
1780416114.022,299564.0,10450.495,10.053812,,,,,,
1780416114.023,299589.0,10523.889,10.054456,,,,,,
1780416114.092,299614.0,10591.979,10.054893,,,,,,
1780416114.093,299639.0,10604.531,10.054966,,,,,,
1780416114.145,299664.0,10600.901,10.054244,,,,,,
1780416114.146,299689.0,10534.249,10.053198,,,,,,
1780416114.146,299714.0,10494.666,10.053032,,,,,,
1780416114.212,299739.0,10510.548,10.052707,,,,,,
1780416114.213,299764.0,10536.043,10.05302,,,,,,
1780416114.276,299789.0,10638.972,10.055182,,,,,,
1780416114.277,299814.0,10683.344,10.056295,,,,,,
1780416114.278,299839.0,10665.834,10.056053,,,,,,
1780416114.341,299864.0,10609.682,10.054987,,,,,,
1780416114.342,299889.0,10546.532,10.055038,,,,,,
1780416114.393,299914.0,10547.482,10.055779,,,,,,
1780416114.394,299939.0,10621.923,10.057117,,,,,,
1780416114.457,299964.0,10663.35,10.058118,,,,,,
1780416114.458,299989.0,10661.01,10.058158,,,,,,
1780416114.459,300014.0,10610.321,10.057897,,,,,,
1780416114.519,300039.0,10577.385,10.058673,,,,,,
1780416114.520,300064.0,10592.36,10.059298,,,,,,
1780416114.520,300089.0,10612.762,10.060285,,,,,,
1780416114.582,300114.0,10689.269,10.062943,,,,,,
1780416114.583,300139.0,10772.563,10.065557,,,,,,
1780416114.644,300164.0,10749.841,10.065789,,,,,,
1780416114.645,300189.0,10702.407,10.065815,,,,,,
1780416114.645,300214.0,10627.89,10.067413,,,,,,
1780416114.709,300239.0,10607.831,10.06928,,,,,,
1780416114.709,300264.0,10673.512,10.070767,,,,,,
1780416114.772,300289.0,10727.426,10.072653,,,,,,
1780416114.773,300314.0,10736.175,10.074977,,,,,,
1780416114.773,300339.0,10710.754,10.076496,,,,,,
1780416114.835,300364.0,10634.497,10.078217,,,,,,
1780416114.836,300389.0,10610.509,10.08007,,,,,,
1780416114.894,300414.0,10614.66,10.081647,,,,,,
1780416114.894,300439.0,10654.812,10.08427,,,,,,
1780416114.962,300464.0,10737.778,10.087875,,,,,,
1780416114.963,300489.0,10730.429,10.090077,,,,,,
1780416114.964,300514.0,10701.857,10.092458,,,,,,
1780416115.026,300539.0,10628.398,10.094611,,,,,,
1780416115.027,300564.0,10579.938,10.09737,,,,,,
1780416115.027,300589.0,10602.42,10.099688,,,,,,
1780416115.089,300614.0,10669.941,10.101735,,,,,,
1780416115.090,300639.0,10684.595,10.103606,,,,,,
1780416115.153,300664.0,10653.225,10.105337,,,,,,
1780416115.153,300689.0,10579.515,10.107013,,,,,,
1780416115.153,300714.0,10547.416,10.109192,,,,,,
1780416115.210,300739.0,10561.634,10.110274,,,,,,
1780416115.211,300764.0,10578.952,10.111947,,,,,,
1780416115.269,300789.0,10686.704,10.115528,,,,,,
1780416115.269,300814.0,10736.496,10.118396,,,,,,
1780416115.332,300839.0,10719.294,10.119856,,,,,,
1780416115.333,300864.0,10662.29,10.121296,,,,,,
1780416115.333,300889.0,10600.429,10.123784,,,,,,
1780416115.397,300914.0,10599.374,10.125325,,,,,,
1780416115.398,300939.0,10657.63,10.125851,,,,,,
1780416115.398,300964.0,10689.188,10.126225,,,,,,
1780416115.464,300989.0,10680.35,10.126328,,,,,,
1780416115.465,301014.0,10629.202,10.125907,,,,,,
1780416115.528,301039.0,10574.512,10.126456,,,,,,
1780416115.528,301064.0,10589.762,10.125758,,,,,,
1780416115.529,301089.0,10632.09,10.124263,,,,,,
1780416115.591,301114.0,10748.457,10.124364,,,,,,
1780416115.592,301139.0,10814.916,10.123995,,,,,,
1780416115.644,301164.0,10799.18,10.122618,,,,,,
1780416115.644,301189.0,10767.133,10.120744,,,,,,
1780416115.718,301214.0,10703.088,10.119637,,,,,,
1780416115.718,301239.0,10681.188,10.119002,,,,,,
1780416115.719,301264.0,10738.813,10.117972,,,,,,
1780416115.780,301289.0,10788.309,10.115802,,,,,,
1780416115.780,301314.0,10792.402,10.112948,,,,,,
1780416115.781,301339.0,10756.688,10.109626,,,,,,
1780416115.845,301364.0,10682.729,10.107799,,,,,,
1780416115.846,301389.0,10679.687,10.105882,,,,,,
1780416115.846,301414.0,10707.35,10.103268,,,,,,
1780416115.907,301439.0,10774.003,10.100479,,,,,,
1780416115.908,301464.0,10868.318,10.098304,,,,,,
1780416115.971,301489.0,10842.968,10.093862,,,,,,
1780416115.972,301514.0,10819.102,10.09067,,,,,,
1780416115.972,301539.0,10753.737,10.087862,,,,,,
1780416116.037,301564.0,10713.769,10.086192,,,,,,
1780416116.038,301589.0,10743.7,10.084314,,,,,,
1780416116.100,301614.0,10805.813,10.082322,,,,,,
1780416116.101,301639.0,10816.597,10.079788,,,,,,
1780416116.101,301664.0,10803.699,10.076693,,,,,,
1780416116.160,301689.0,10725.909,10.073978,,,,,,
1780416116.160,301714.0,10663.975,10.072909,,,,,,
1780416116.227,301739.0,10665.251,10.071484,,,,,,
1780416116.228,301764.0,10712.803,10.069828,,,,,,
1780416116.228,301789.0,10821.599,10.069016,,,,,,
1780416116.290,301814.0,10841.704,10.06776,,,,,,
1780416116.291,301839.0,10813.307,10.064965,,,,,,
1780416116.352,301864.0,10757.961,10.062746,,,,,,
1780416116.353,301889.0,10706.478,10.061528,,,,,,
1780416116.353,301914.0,10718.445,10.060696,,,,,,
1780416116.416,301939.0,10782.192,10.060456,,,,,,
1780416116.417,301964.0,10819.827,10.05935,,,,,,
1780416116.480,301989.0,10804.867,10.057672,,,,,,
1780416116.480,302014.0,10733.612,10.056375,,,,,,
1780416116.481,302039.0,10647.487,10.055997,,,,,,
1780416116.543,302064.0,10608.665,10.056015,,,,,,
1780416116.544,302089.0,10613.105,10.05594,,,,,,
1780416116.608,302114.0,10718.512,10.05799,,,,,,
1780416116.609,302139.0,10774.889,10.058234,,,,,,
1780416116.610,302164.0,10747.334,10.056785,,,,,,
1780416116.660,302189.0,10709.086,10.055338,,,,,,
1780416116.661,302214.0,10641.775,10.054895,,,,,,
1780416116.738,302239.0,10631.08,10.055078,,,,,,
1780416116.738,302264.0,10691.549,10.055461,,,,,,
1780416116.739,302289.0,10743.487,10.055495,,,,,,
1780416116.801,302314.0,10734.442,10.055473,,,,,,
1780416116.802,302339.0,10694.79,10.054279,,,,,,
1780416116.802,302364.0,10599.729,10.053463,,,,,,
1780416116.864,302389.0,10543.646,10.053699,,,,,,
1780416116.864,302414.0,10536.729,10.053815,,,,,,
1780416116.928,302439.0,10594.336,10.054399,,,,,,
1780416116.928,302464.0,10677.526,10.056442,,,,,,
1780416116.929,302489.0,10679.065,10.056108,,,,,,
1780416116.990,302514.0,10642.465,10.055104,,,,,,
1780416117.118,302539.0,10566.211,10.054265,0.058988,69.568108,301089.938,12.977331,,
1780416117.119,302660.0,10511.449,10.054106,,,,,,
1780416117.119,302685.0,10477.209,10.05439,,,,,,
1780416117.194,302710.0,10511.996,10.055326,,,,,,
1780416117.196,302735.0,10569.821,10.055928,,,,,,
1780416117.196,302760.0,10626.111,10.056313,,,,,,
1780416117.279,302785.0,10628.456,10.056819,,,,,,
1780416117.280,302810.0,10593.486,10.056575,,,,,,
1780416117.280,302835.0,10492.459,10.054768,,,,,,
1780416117.362,302860.0,10437.466,10.053566,,,,,,
1780416117.363,302885.0,10484.826,10.054872,,,,,,
1780416117.364,302910.0,10549.409,10.055964,,,,,,
1780416117.445,302935.0,10616.709,10.056164,,,,,,
1780416117.446,302960.0,10622.598,10.055541,,,,,,
1780416117.446,302985.0,10552.709,10.0546,,,,,,
1780416117.447,303010.0,10493.036,10.054805,,,,,,
1780416117.511,303035.0,10501.17,10.055779,,,,,,
1780416117.512,303060.0,10544.723,10.057383,,,,,,
1780416117.578,303085.0,10609.831,10.058807,,,,,,
1780416117.578,303110.0,10631.357,10.058615,,,,,,
1780416117.579,303135.0,10607.13,10.058408,,,,,,
1780416117.662,303160.0,10504.411,10.056066,,,,,,
1780416117.663,303185.0,10432.753,10.05453,,,,,,
1780416117.663,303210.0,10436.287,10.055034,,,,,,
1780416117.742,303235.0,10492.077,10.056403,,,,,,
1780416117.743,303260.0,10576.688,10.05709,,,,,,
1780416117.744,303285.0,10622.78,10.057322,,,,,,
1780416117.744,303310.0,10612.392,10.056579,,,,,,
1780416117.827,303335.0,10582.862,10.056205,,,,,,
1780416117.828,303360.0,10517.942,10.055513,,,,,,
1780416117.828,303385.0,10485.986,10.055949,,,,,,
1780416117.895,303410.0,10499.046,10.055591,,,,,,
1780416117.895,303435.0,10530.656,10.056343,,,,,,
1780416117.895,303460.0,10628.702,10.058467,,,,,,
1780416117.961,303485.0,10637.235,10.058952,,,,,,
1780416117.962,303510.0,10611.343,10.058517,,,,,,
1780416118.047,303535.0,10545.175,10.057784,,,,,,
1780416118.047,303560.0,10497.455,10.058317,,,,,,
1780416118.048,303585.0,10511.321,10.059223,,,,,,
1780416118.048,303610.0,10575.903,10.060696,,,,,,
1780416118.129,303635.0,10605.438,10.060836,,,,,,
1780416118.130,303660.0,10600.829,10.061104,,,,,,
1780416118.130,303685.0,10556.063,10.061085,,,,,,
1780416118.214,303710.0,10503.464,10.06195,,,,,,
1780416118.215,303735.0,10500.308,10.064095,,,,,,
1780416118.216,303760.0,10522.357,10.066688,,,,,,
1780416118.217,303785.0,10622.144,10.071307,,,,,,
1780416118.293,303810.0,10669.037,10.075239,,,,,,
1780416118.294,303835.0,10645.393,10.078006,,,,,,
1780416118.294,303860.0,10590.055,10.080147,,,,,,
1780416118.359,303885.0,10525.197,10.083331,,,,,,
1780416118.359,303910.0,10516.685,10.086544,,,,,,
1780416118.445,303935.0,10584.219,10.09056,,,,,,
1780416118.446,303960.0,10639.146,10.094299,,,,,,
1780416118.446,303985.0,10639.536,10.099796,,,,,,
1780416118.447,304010.0,10595.75,10.103889,,,,,,
1780416118.527,304035.0,10522.067,10.109154,,,,,,
1780416118.528,304060.0,10499.474,10.11376,,,,,,
1780416118.529,304085.0,10496.866,10.118352,,,,,,
1780416118.595,304110.0,10553.911,10.12461,,,,,,
1780416118.595,304135.0,10606.858,10.131504,,,,,,
1780416118.596,304160.0,10570.951,10.137716,,,,,,
1780416118.680,304185.0,10536.072,10.143322,,,,,,
1780416118.681,304210.0,10454.213,10.149254,,,,,,
1780416118.681,304235.0,10415.01,10.154969,,,,,,
1780416118.760,304260.0,10448.956,10.16008,,,,,,
1780416118.761,304285.0,10504.526,10.164815,,,,,,
1780416118.761,304310.0,10502.872,10.170926,,,,,,
1780416118.845,304335.0,10471.202,10.175809,,,,,,
1780416118.846,304360.0,10398.563,10.180099,,,,,,
1780416118.846,304385.0,10351.558,10.18395,,,,,,
1780416118.846,304410.0,10354.584,10.186109,,,,,,
1780416118.929,304435.0,10383.744,10.188358,,,,,,
1780416118.930,304460.0,10471.306,10.191597,,,,,,
1780416118.930,304485.0,10486.258,10.194901,,,,,,
1780416118.993,304510.0,10457.053,10.197145,,,,,,
1780416118.994,304535.0,10385.541,10.199092,,,,,,
1780416118.994,304560.0,10335.318,10.201797,,,,,,
1780416119.062,304585.0,10342.711,10.202645,,,,,,
1780416119.063,304610.0,10409.829,10.201704,,,,,,
1780416119.144,304635.0,10443.956,10.19998,,,,,,
1780416119.145,304660.0,10440.764,10.196642,,,,,,
1780416119.145,304685.0,10384.973,10.194076,,,,,,
1780416119.146,304710.0,10340.908,10.191154,,,,,,
1780416119.229,304735.0,10361.501,10.186361,,,,,,
1780416119.229,304760.0,10397.912,10.181207,,,,,,
1780416119.230,304785.0,10515.836,10.176846,,,,,,
1780416119.310,304810.0,10570.522,10.171288,,,,,,
1780416119.310,304835.0,10552.575,10.163834,,,,,,
1780416119.311,304860.0,10511.861,10.157809,,,,,,
1780416119.378,304885.0,10456.06,10.153304,,,,,,
1780416119.378,304910.0,10452.079,10.148705,,,,,,
1780416119.378,304935.0,10519.696,10.142396,,,,,,
1780416119.444,304960.0,10591.268,10.135866,,,,,,
1780416119.445,304985.0,10596.668,10.128085,,,,,,
1780416119.445,305010.0,10571.676,10.120978,,,,,,
1780416119.526,305035.0,10507.59,10.115958,,,,,,
1780416119.527,305060.0,10504.555,10.111342,,,,,,
1780416119.527,305085.0,10532.296,10.106075,,,,,,
1780416119.612,305110.0,10610.574,10.100549,,,,,,
1780416119.612,305135.0,10689.299,10.095715,,,,,,
1780416119.612,305160.0,10667.959,10.089205,,,,,,
1780416119.677,305185.0,10639.324,10.082982,,,,,,
1780416119.678,305210.0,10572.231,10.077816,,,,,,
1780416119.678,305235.0,10544.475,10.073847,,,,,,
1780416119.745,305260.0,10582.929,10.070704,,,,,,
1780416119.846,305285.0,10648.501,10.067971,0.094472,86.678543,304644.844,20.783739,,
1780416119.847,305406.0,10729.107,10.065518,,,,,,
1780416119.926,305431.0,10789.714,10.063539,,,,,,
1780416119.926,305456.0,10787.057,10.062683,,,,,,
1780416119.927,305481.0,10730.24,10.061259,,,,,,
1780416119.993,305506.0,10643.082,10.05882,,,,,,
1780416119.994,305531.0,10583.116,10.057056,,,,,,
1780416119.994,305556.0,10627.185,10.057512,,,,,,
1780416120.078,305581.0,10695.298,10.057308,,,,,,
1780416120.079,305606.0,10750.326,10.056504,,,,,,
1780416120.079,305631.0,10737.358,10.05544,,,,,,
1780416120.145,305656.0,10656.241,10.05388,,,,,,
1780416120.145,305681.0,10604.878,10.05269,,,,,,
1780416120.146,305706.0,10631.767,10.053851,,,,,,
1780416120.211,305731.0,10715.655,10.054902,,,,,,
1780416120.212,305756.0,10798.557,10.05535,,,,,,
1780416120.212,305781.0,10815.411,10.05524,,,,,,
1780416120.293,305806.0,10768.839,10.05536,,,,,,
1780416120.294,305831.0,10666.175,10.054111,,,,,,
1780416120.294,305856.0,10601.61,10.052953,,,,,,
1780416120.358,305881.0,10639.845,10.053935,,,,,,
1780416120.359,305906.0,10679.664,10.054312,,,,,,
1780416120.426,305931.0,10713.059,10.054772,,,,,,
1780416120.426,305956.0,10698.895,10.054184,,,,,,
1780416120.427,305981.0,10647.08,10.05345,,,,,,
1780416120.493,306006.0,10580.794,10.053238,,,,,,
1780416120.494,306031.0,10502.541,10.05233,,,,,,
1780416120.494,306056.0,10474.823,10.052687,,,,,,
1780416120.578,306081.0,10496.196,10.052799,,,,,,
1780416120.579,306106.0,10564.696,10.053634,,,,,,
1780416120.579,306131.0,10638.032,10.055375,,,,,,
1780416120.644,306156.0,10623.488,10.054646,,,,,,
1780416120.645,306181.0,10604.731,10.054018,,,,,,
1780416120.645,306206.0,10538.74,10.053113,,,,,,
1780416120.726,306231.0,10473.236,10.05274,,,,,,
1780416120.726,306256.0,10431.829,10.052749,,,,,,
1780416120.727,306281.0,10438.932,10.053035,,,,,,
1780416120.793,306306.0,10424.725,10.053144,,,,,,
1780416120.794,306331.0,10394.548,10.05229,,,,,,
1780416120.794,306356.0,10300.413,10.051167,,,,,,
1780416120.860,306381.0,10238.941,10.05174,,,,,,
1780416120.860,306406.0,10257.529,10.051828,,,,,,
1780416120.926,306431.0,10312.261,10.052225,,,,,,
1780416120.927,306456.0,10426.94,10.054215,,,,,,
1780416120.927,306481.0,10507.025,10.05593,,,,,,
1780416120.993,306506.0,10525.309,10.057092,,,,,,
1780416120.993,306531.0,10504.046,10.057415,,,,,,
1780416120.994,306556.0,10497.366,10.058733,,,,,,
1780416121.060,306581.0,10516.867,10.060438,,,,,,
1780416121.060,306606.0,10548.911,10.062613,,,,,,
1780416121.144,306631.0,10592.56,10.064813,,,,,,
1780416121.145,306656.0,10625.058,10.06723,,,,,,
1780416121.145,306681.0,10563.669,10.068027,,,,,,
1780416121.146,306706.0,10479.504,10.071407,,,,,,
1780416121.226,306731.0,10479.549,10.07542,,,,,,
1780416121.226,306756.0,10526.729,10.078587,,,,,,
1780416121.227,306781.0,10658.062,10.084959,,,,,,
1780416121.293,306806.0,10717.352,10.090634,,,,,,
1780416121.294,306831.0,10702.915,10.095364,,,,,,
1780416121.294,306856.0,10697.331,10.099465,,,,,,
1780416121.359,306881.0,10695.919,10.104479,,,,,,
1780416121.360,306906.0,10722.09,10.110639,,,,,,
1780416121.426,306931.0,10779.642,10.116895,,,,,,
1780416121.426,306956.0,10831.655,10.124074,,,,,,
1780416121.427,306981.0,10878.938,10.132298,,,,,,
1780416121.511,307006.0,10875.344,10.139265,,,,,,
1780416121.511,307031.0,10801.294,10.147691,,,,,,
1780416121.512,307056.0,10792.231,10.156474,,,,,,
1780416121.512,307081.0,10822.85,10.164481,,,,,,
1780416121.592,307106.0,10870.568,10.172564,,,,,,
1780416121.593,307131.0,10958.387,10.182595,,,,,,
1780416121.593,307156.0,10975.688,10.197005,,,,,,
1780416121.676,307181.0,10983.798,10.210568,,,,,,
1780416121.677,307206.0,10979.88,10.223952,,,,,,
1780416121.678,307231.0,10988.344,10.23716,,,,,,
1780416121.744,307256.0,11010.671,10.251085,,,,,,
1780416121.745,307281.0,11053.012,10.265716,,,,,,
1780416121.745,307306.0,11146.732,10.281635,,,,,,
1780416121.809,307331.0,11217.06,10.295902,,,,,,
1780416121.810,307356.0,11208.76,10.309393,,,,,,
1780416121.876,307381.0,11216.854,10.321898,,,,,,
1780416121.876,307406.0,11285.986,10.327385,,,,,,
1780416121.877,307431.0,11398.367,10.332829,,,,,,
1780416121.942,307456.0,11579.531,10.340117,,,,,,
1780416121.943,307481.0,11706.607,10.353457,,,,,,
1780416121.943,307506.0,11808.313,10.368486,,,,,,
1780416122.010,307531.0,11887.236,10.382911,,,,,,
1780416122.010,307556.0,11958.289,10.395824,,,,,,
1780416122.077,307581.0,12044.716,10.406608,,,,,,
1780416122.077,307606.0,12141.392,10.415946,,,,,,
1780416122.078,307631.0,12261.058,10.424266,,,,,,
1780416122.159,307656.0,12380.63,10.43164,,,,,,
1780416122.160,307681.0,12441.216,10.437828,,,,,,
1780416122.161,307706.0,12472.906,10.444093,,,,,,
1780416122.242,307731.0,12540.983,10.44311,,,,,,
1780416122.243,307756.0,12630.229,10.439428,,,,,,
1780416122.243,307781.0,12799.503,10.432133,,,,,,
1780416122.243,307806.0,12954.394,10.426505,,,,,,
1780416122.310,307831.0,13083.35,10.424115,,,,,,
1780416122.311,307856.0,13189.164,10.42244,,,,,,
1780416122.392,307881.0,13294.599,10.41884,,,,,,
1780416122.392,307906.0,13406.576,10.411335,,,,,,
1780416122.393,307931.0,13511.254,10.402075,,,,,,
1780416122.393,307956.0,13623.063,10.391987,,,,,,
1780416122.459,307981.0,13739.998,10.381108,,,,,,
1780416122.459,308006.0,13821.631,10.373161,,,,,,
1780416122.544,308031.0,13852.42,10.371022,,,,,,
1780416122.545,308056.0,13894.287,10.366075,,,,,,
1780416122.545,308081.0,13946.916,10.359254,,,,,,
1780416122.546,308106.0,14036.531,10.346536,,,,,,
1780416122.625,308131.0,14145.822,10.331369,,,,,,
1780416122.626,308156.0,14252.77,10.316874,,,,,,
1780416122.626,308181.0,14340.268,10.304729,,,,,,
1780416122.693,308206.0,14419.578,10.292927,,,,,,
1780416122.693,308231.0,14493.422,10.281103,,,,,,
1780416122.694,308256.0,14561.416,10.269435,,,,,,
1780416122.778,308281.0,14631.379,10.257546,,,,,,
1780416122.778,308306.0,14699.529,10.246083,,,,,,
1780416122.779,308331.0,14761.362,10.235006,,,,,,
1780416122.855,308356.0,14787.535,10.231068,,,,,,
1780416122.855,308381.0,14808.531,10.227407,,,,,,
1780416122.856,308406.0,14833.174,10.222931,,,,,,
1780416122.927,308431.0,14864.994,10.216586,,,,,,
1780416122.927,308456.0,14913.039,10.207131,,,,,,
1780416122.928,308481.0,14965.656,10.19743,,,,,,
1780416123.009,308506.0,15010.26,10.188961,,,,,,
1780416123.009,308531.0,15040.002,10.18343,,,,,,
1780416123.010,308556.0,15067.568,10.178497,,,,,,
1780416123.077,308581.0,15091.576,10.17408,,,,,,
1780416123.077,308606.0,15111.203,10.170062,,,,,,
1780416123.078,308631.0,15135.328,10.164775,,,,,,
1780416123.142,308656.0,15157.08,10.159916,,,,,,
1780416123.142,308681.0,15167.525,10.15799,,,,,,
1780416123.143,308706.0,15174.443,10.156551,,,,,,
1780416123.210,308731.0,15183.629,10.154742,,,,,,
1780416123.210,308756.0,15193.418,10.152073,,,,,,
1780416123.276,308781.0,15205.826,10.148849,,,,,,
1780416123.277,308806.0,15218.447,10.145515,,,,,,
1780416123.277,308831.0,15229.443,10.143032,,,,,,
1780416123.359,308856.0,15238.76,10.140611,,,,,,
1780416123.360,308881.0,15246.84,10.138835,,,,,,
1780416123.360,308906.0,15254.094,10.136949,,,,,,
1780416123.445,308931.0,15260.301,10.135335,,,,,,
1780416123.446,308956.0,15266.404,10.133779,,,,,,
1780416123.447,308981.0,15272.391,10.13201,,,,,,
1780416123.448,309006.0,15276.738,10.131099,,,,,,
1780416123.526,309031.0,15277.596,10.130925,,,,,,
1780416123.528,309056.0,15280.045,10.130189,,,,,,
1780416123.529,309081.0,15283.838,10.129022,,,,,,
1780416123.610,309106.0,15288.785,10.127254,,,,,,
1780416123.610,309131.0,15294.105,10.125562,,,,,,
1780416123.611,309156.0,15298.313,10.124723,,,,,,
1780416123.677,309181.0,15302.084,10.123843,,,,,,
1780416123.677,309206.0,15305.271,10.122722,,,,,,
1780416123.677,309231.0,15307.768,10.121961,,,,,,
1780416123.762,309256.0,15310.207,10.121502,,,,,,
1780416123.763,309281.0,15312.563,10.120816,,,,,,
1780416123.764,309306.0,15314.828,10.119905,,,,,,
1780416123.764,309331.0,15316.361,10.119648,,,,,,
1780416123.842,309356.0,15316.291,10.119957,,,,,,
1780416123.843,309381.0,15315.254,10.120498,,,,,,
1780416123.844,309406.0,15314.463,10.121184,,,,,,
1780416123.912,309431.0,15314.66,10.121082,,,,,,
1780416123.913,309456.0,15315.838,10.120465,,,,,,
1780416123.913,309481.0,15317.035,10.120384,,,,,,
1780416123.993,309506.0,15317.857,10.119955,,,,,,
1780416123.994,309531.0,15318.447,10.119918,,,,,,
1780416123.994,309556.0,15318.768,10.119751,,,,,,
1780416124.060,309581.0,15319.25,10.119499,,,,,,
1780416124.061,309606.0,15319.572,10.11933,,,,,,
1780416124.127,309631.0,15319.928,10.119417,,,,,,
1780416124.128,309656.0,15320.125,10.119315,,,,,,
1780416124.128,309681.0,15318.781,10.120289,,,,,,
1780416124.193,309706.0,15317.059,10.120917,,,,,,
1780416124.193,309731.0,15315.264,10.121583,,,,,,
1780416124.194,309756.0,15314.277,10.122097,,,,,,
1780416124.259,309781.0,15314.725,10.121864,,,,,,
1780416124.260,309806.0,15314.582,10.121938,,,,,,
1780416124.326,309831.0,15314.617,10.122192,,,,,,
1780416124.326,309856.0,15314.6,10.122475,,,,,,
1780416124.327,309881.0,15314.475,10.12254,,,,,,
1780416124.392,309906.0,15314.547,10.122502,,,,,,
1780416124.392,309931.0,15314.297,10.122633,,,,,,
1780416124.393,309956.0,15314.189,10.122416,,,,,,
1780416124.474,309981.0,15314.332,10.122068,,,,,,
1780416124.475,310006.0,15314.152,10.122163,,,,,,
1780416124.475,310031.0,15314.137,10.121899,,,,,,
1780416124.561,310056.0,15314.225,10.122126,,,,,,
1780416124.562,310081.0,15314.189,10.122144,,,,,,
1780416124.562,310106.0,15314.35,10.121788,,,,,,
1780416124.562,310131.0,15314.441,10.121739,,,,,,
1780416124.642,310156.0,15314.439,10.12147,,,,,,
1780416124.642,310181.0,15314.295,10.121543,,,,,,
1780416124.643,310206.0,15314.152,10.121891,,,,,,
1780416124.725,310231.0,15314.027,10.122228,,,,,,
1780416124.726,310256.0,15313.777,10.122087,,,,,,
1780416124.726,310281.0,15313.58,10.122461,,,,,,
1780416124.802,310306.0,15313.402,10.122284,,,,,,
1780416124.802,310331.0,15313.133,10.122424,,,,,,
1780416124.803,310356.0,15312.65,10.122676,,,,,,
1780416124.877,310381.0,15312.203,10.123182,,,,,,
1780416124.877,310406.0,15312.006,10.123285,,,,,,
1780416124.878,310431.0,15311.684,10.123181,,,,,,
1780416124.960,310456.0,15311.271,10.123397,,,,,,
1780416124.961,310481.0,15311.201,10.123434,,,,,,
1780416124.962,310506.0,15311.096,10.123218,,,,,,
1780416124.962,310531.0,15310.809,10.123367,,,,,,
1780416125.044,310556.0,15310.594,10.12375,,,,,,
1780416125.044,310581.0,15310.541,10.124051,,,,,,
1780416125.044,310606.0,15310.219,10.124218,,,,,,
1780416125.125,310631.0,15310.006,10.124603,,,,,,
1780416125.125,310656.0,15309.934,10.124912,,,,,,
1780416125.126,310681.0,15309.736,10.124743,,,,,,
1780416125.193,310706.0,15309.559,10.124837,,,,,,
1780416125.194,310731.0,15309.305,10.124969,,,,,,
1780416125.195,310756.0,15309.145,10.125053,,,,,,
1780416125.276,310781.0,15308.947,10.125427,,,,,,
1780416125.277,310806.0,15309.092,10.125353,,,,,,
1780416125.277,310831.0,15309.055,10.125372,,,,,,
1780416125.343,310856.0,15309.002,10.125127,,,,,,
1780416125.343,310881.0,15308.77,10.12525,,,,,,
1780416125.343,310906.0,15308.93,10.125165,,,,,,
1780416125.427,310931.0,15309.072,10.125362,,,,,,
1780416125.428,310956.0,15309.02,10.12539,,,,,,
1780416125.429,310981.0,15309.162,10.125316,,,,,,
1780416125.508,311006.0,15309.232,10.125278,,,,,,
1780416125.508,311031.0,15309.09,10.125082,,,,,,
1780416125.509,311056.0,15309.09,10.125081,,,,,,
1780416125.574,311081.0,15309.27,10.124989,,,,,,
1780416125.575,311106.0,15309.125,10.125063,,,,,,
1780416125.575,311131.0,15309.145,10.125052,,,,,,
1780416125.660,311156.0,15309.055,10.1251,,,,,,
1780416125.660,311181.0,15309.162,10.125044,,,,,,
1780416125.660,311206.0,15309.02,10.124846,,,,,,
1780416125.738,311231.0,15308.93,10.125164,,,,,,
1780416125.739,311256.0,15308.75,10.125259,,,,,,
1780416125.739,311281.0,15308.359,10.12519,,,,,,
1780416125.740,311306.0,15308.357,10.125192,,,,,,
1780416125.826,311331.0,15308.395,10.125445,,,,,,
1780416125.827,311356.0,15308.25,10.125793,,,,,,
1780416125.827,311381.0,15308.27,10.125781,,,,,,
1780416125.894,311406.0,15308.182,10.125555,,,,,,
1780416125.894,311431.0,15307.912,10.125969,,,,,,
1780416125.895,311456.0,15307.93,10.125959,,,,,,
1780416125.961,311481.0,15307.734,10.126062,,,,,,
1780416125.962,311506.0,15307.822,10.126017,,,,,,
1780416125.964,311531.0,15307.625,10.12612,,,,,,
1780416126.044,311556.0,15307.5,10.126184,,,,,,
1780416126.044,311581.0,15307.34,10.126541,,,,,,
1780416126.044,311606.0,15307.303,10.12656,,,,,,
1780416126.129,311631.0,15307.393,10.126241,,,,,,
1780416126.129,311656.0,15307.16,10.126635,,,,,,
1780416126.130,311681.0,15307.232,10.126597,,,,,,
1780416126.209,311706.0,15306.982,10.126455,,,,,,
1780416126.209,311731.0,15307.07,10.126136,,,,,,
1780416126.210,311756.0,15307.018,10.126164,,,,,,
1780416126.294,311781.0,15306.965,10.126464,,,,,,
1780416126.295,311806.0,15306.875,10.126238,,,,,,
1780416126.296,311831.0,15306.875,10.126511,,,,,,
1780416126.296,311856.0,15306.947,10.126473,,,,,,
1780416126.375,311881.0,15307.162,10.126089,,,,,,
1780416126.376,311906.0,15307.359,10.125986,,,,,,
1780416126.376,311931.0,15307.162,10.126088,,,,,,
1780416126.462,311956.0,15307.125,10.126108,,,,,,
1780416126.464,311981.0,15307.195,10.125799,,,,,,
1780416126.464,312006.0,15307.107,10.125844,,,,,,
1780416126.465,312031.0,15307.25,10.126043,,,,,,
1780416126.544,312056.0,15307.518,10.125903,,,,,,
1780416126.545,312081.0,15307.34,10.125724,,,,,,
1780416126.545,312106.0,15307.232,10.126053,,,,,,
1780416126.626,312131.0,15307.162,10.126088,,,,,,
1780416126.626,312156.0,15307.02,10.125891,,,,,,
1780416126.627,312181.0,15307.145,10.125554,,,,,,
1780416126.710,312206.0,15307.252,10.125498,,,,,,
1780416126.710,312231.0,15307.27,10.125488,,,,,,
1780416126.711,312256.0,15307.359,10.125441,,,,,,
1780416126.792,312281.0,15307.719,10.125254,,,,,,
1780416126.792,312306.0,15307.717,10.125527,,,,,,
1780416126.793,312331.0,15307.912,10.125423,,,,,,
1780416126.793,312356.0,15307.859,10.125725,,,,,,
1780416126.866,312381.0,15307.734,10.126062,,,,,,
1780416126.867,312406.0,15307.572,10.125875,,,,,,
1780416126.867,312431.0,15307.645,10.125836,,,,,,
1780416126.943,312456.0,15307.52,10.125903,,,,,,
1780416126.943,312481.0,15307.5,10.12564,,,,,,
1780416126.944,312506.0,15307.52,10.125628,,,,,,
1780416127.008,312531.0,15307.268,10.126034,,,,,,
1780416127.009,312556.0,15307.643,10.12611,,,,,,
1780416127.076,312581.0,15307.518,10.126175,,,,,,
1780416127.077,312606.0,15307.428,10.126494,,,,,,
1780416127.077,312631.0,15307.518,10.126719,,,,,,
1780416127.142,312656.0,15307.447,10.126485,,,,,,
1780416127.143,312681.0,15307.357,10.126259,,,,,,
1780416127.143,312706.0,15307.41,10.126504,,,,,,
1780416127.208,312731.0,15307.393,10.126241,,,,,,
1780416127.208,312756.0,15307.412,10.126229,,,,,,
1780416127.275,312781.0,15307.34,10.126541,,,,,,
1780416127.276,312806.0,15307.197,10.126616,,,,,,
1780416127.276,312831.0,15307.303,10.126287,,,,,,
1780416127.360,312856.0,15307.25,10.126588,,,,,,
1780416127.361,312881.0,15307.215,10.126878,,,,,,
1780416127.361,312906.0,15307.037,10.126699,,,,,,
1780416127.362,312931.0,15306.82,10.12681,,,,,,
1780416127.441,312956.0,15306.645,10.127176,,,,,,
1780416127.442,312981.0,15306.607,10.126924,,,,,,
1780416127.442,313006.0,15306.785,10.126557,,,,,,
1780416127.508,313031.0,15307.125,10.126381,,,,,,
1780416127.509,313056.0,15307.07,10.126409,,,,,,
1780416127.574,313081.0,15307.143,10.1261,,,,,,
1780416127.575,313106.0,15307.088,10.126128,,,,,,
1780416127.575,313131.0,15307.215,10.126334,,,,,,
1780416127.641,313156.0,15307.43,10.12595,,,,,,
1780416127.642,313181.0,15307.197,10.126071,,,,,,
1780416127.643,313206.0,15307.357,10.125987,,,,,,
1780416127.724,313231.0,15307.287,10.125751,,,,,,
1780416127.724,313256.0,15307.199,10.125525,,,,,,
1780416127.725,313281.0,15307.162,10.125544,,,,,,
1780416127.811,313306.0,15306.91,10.125676,,,,,,
1780416127.812,313331.0,15306.84,10.12544,,,,,,
1780416127.812,313356.0,15306.873,10.125695,,,,,,
1780416127.812,313381.0,15306.965,10.12592,,,,,,
1780416127.892,313406.0,15307.035,10.125883,,,,,,
1780416127.893,313431.0,15307.178,10.125808,,,,,,
1780416127.894,313456.0,15307.125,10.125836,,,,,,
1780416127.977,313481.0,15307.143,10.125827,,,,,,
1780416127.978,313506.0,15307.195,10.125526,,,,,,
1780416127.978,313531.0,15307.232,10.125506,,,,,,
1780416128.057,313556.0,15307.465,10.125386,,,,,,
1780416128.057,313581.0,15307.662,10.125282,,,,,,
1780416128.058,313606.0,15307.57,10.125603,,,,,,
1780416128.145,313631.0,15307.375,10.125978,,,,,,
1780416128.145,313656.0,15307.215,10.126334,,,,,,
1780416128.145,313681.0,15307.41,10.126504,,,,,,
1780416128.146,313706.0,15307.59,10.12641,,,,,,
1780416128.224,313731.0,15307.68,10.126364,,,,,,
1780416128.225,313756.0,15307.553,10.126156,,,,,,
1780416128.225,313781.0,15307.732,10.126062,,,,,,
1780416128.291,313806.0,15307.5,10.126184,,,,,,
1780416128.291,313831.0,15307.25,10.126042,,,,,,
1780416128.292,313856.0,15307.357,10.125986,,,,,,
1780416128.358,313881.0,15307.285,10.126297,,,,,,
1780416128.358,313906.0,15307.252,10.126587,,,,,,
1780416128.424,313931.0,15307.465,10.126475,,,,,,
1780416128.424,313956.0,15307.609,10.126398,,,,,,
1780416128.425,313981.0,15307.627,10.126118,,,,,,
1780416128.511,314006.0,15307.609,10.125855,,,,,,
1780416128.511,314031.0,15307.699,10.125535,,,,,,
1780416128.512,314056.0,15307.697,10.125536,,,,,,
1780416128.512,314081.0,15307.359,10.125986,,,,,,
1780416128.591,314106.0,15307.447,10.125668,,,,,,
1780416128.592,314131.0,15307.32,10.126006,,,,,,
1780416128.593,314156.0,15307.25,10.126315,,,,,,
1780416128.677,314181.0,15307.195,10.126072,,,,,,
1780416128.677,314206.0,15307.053,10.125874,,,,,,
1780416128.678,314231.0,15307.125,10.125835,,,,,,
1780416128.758,314256.0,15307.32,10.125461,,,,,,
1780416128.758,314281.0,15307.34,10.125178,,,,,,
1780416128.759,314306.0,15307.197,10.125253,,,,,,
1780416128.841,314331.0,15307.107,10.125573,,,,,,
1780416128.841,314356.0,15307.18,10.125535,,,,,,
1780416128.842,314381.0,15307.107,10.125573,,,,,,
1780416128.842,314406.0,15307.072,10.125864,,,,,,
1780416128.925,314431.0,15307.27,10.125761,,,,,,
1780416128.925,314456.0,15307.484,10.125648,,,,,,
1780416128.926,314481.0,15307.5,10.125913,,,,,,
1780416129.007,314506.0,15307.465,10.125658,,,,,,
1780416129.008,314531.0,15307.59,10.12532,,,,,,
1780416129.008,314556.0,15307.572,10.12533,,,,,,
1780416129.093,314581.0,15307.377,10.125705,,,,,,
1780416129.094,314606.0,15307.322,10.125732,,,,,,
1780416129.094,314631.0,15307.34,10.125723,,,,,,
1780416129.095,314656.0,15307.395,10.125968,,,,,,
1780416129.178,314681.0,15307.322,10.126006,,,,,,
1780416129.179,314706.0,15307.467,10.12593,,,,,,
1780416129.180,314731.0,15307.375,10.126249,,,,,,
1780416129.258,314756.0,15307.322,10.126278,,,,,,
1780416129.258,314781.0,15307.234,10.126052,,,,,,
1780416129.259,314806.0,15307.197,10.12607,,,,,,
1780416129.336,314831.0,15307.107,10.12639,,,,,,
1780416129.337,314856.0,15307.145,10.126099,,,,,,
1780416129.337,314881.0,15306.965,10.126463,,,,,,
1780416129.338,314906.0,15306.965,10.126738,,,,,,
1780416129.409,314931.0,15307.07,10.126409,,,,,,
1780416129.409,314956.0,15306.818,10.12654,,,,,,
1780416129.491,314981.0,15306.676,10.126887,,,,,,
1780416129.492,315006.0,15306.428,10.127017,,,,,,
1780416129.493,315031.0,15306.41,10.126753,,,,,,
1780416129.494,315056.0,15306.41,10.126753,,,,,,
1780416129.577,315081.0,15306.195,10.126866,,,,,,
1780416129.578,315106.0,15306.123,10.126633,,,,,,
1780416129.578,315131.0,15306.143,10.126894,,,,,,
1780416129.657,315156.0,15305.965,10.126987,,,,,,
1780416129.657,315181.0,15306.105,10.126913,,,,,,
1780416129.658,315206.0,15306.322,10.126801,,,,,,
1780416129.742,315231.0,15306.248,10.127111,,,,,,
1780416129.743,315256.0,15306.176,10.127149,,,,,,
1780416129.743,315281.0,15306.088,10.127195,,,,,,
1780416129.743,315306.0,15306.16,10.127429,,,,,,
1780416129.824,315331.0,15306.07,10.127204,,,,,,
1780416129.824,315356.0,15305.98,10.126978,,,,,,
1780416129.825,315381.0,15305.91,10.126743,,,,,,
1780416129.901,315406.0,15306.143,10.126894,,,,,,
1780416129.902,315431.0,15306.197,10.126865,,,,,,
1780416129.902,315456.0,15306.287,10.126819,,,,,,
1780416129.975,315481.0,15306.143,10.127167,,,,,,
1780416129.975,315506.0,15306.412,10.127026,,,,,,
1780416129.976,315531.0,15306.252,10.12711,,,,,,
1780416130.057,315556.0,15305.98,10.127251,,,,,,
1780416130.057,315581.0,15305.93,10.127278,,,,,,
1780416130.058,315606.0,15305.926,10.127279,,,,,,
1780416130.143,315631.0,15306.213,10.127401,,,,,,
1780416130.144,315656.0,15305.838,10.127871,,,,,,
1780416130.145,315681.0,15305.91,10.127833,,,,,,
1780416130.145,315706.0,15305.838,10.127871,,,,,,
1780416130.225,315731.0,15305.91,10.127833,,,,,,
1780416130.226,315756.0,15305.928,10.127823,,,,,,
1780416130.226,315781.0,15306.037,10.127767,,,,,,
1780416130.306,315806.0,15305.803,10.127889,,,,,,
1780416130.307,315831.0,15305.518,10.128037,,,,,,
1780416130.307,315856.0,15305.785,10.127625,,,,,,
1780416130.374,315881.0,15305.801,10.127617,,,,,,
1780416130.374,315906.0,15305.641,10.127701,,,,,,
1780416130.375,315931.0,15305.551,10.127476,,,,,,
1780416130.458,315956.0,15305.695,10.127398,,,,,,
1780416130.459,315981.0,15305.766,10.127364,,,,,,
1780416130.460,316006.0,15305.693,10.127673,,,,,,
1780416130.530,316031.0,15305.264,10.127625,,,,,,
1780416130.531,316056.0,15305.018,10.128027,,,,,,
1780416130.531,316081.0,15305.141,10.127962,,,,,,
1780416130.607,316106.0,15304.926,10.127803,,,,,,
1780416130.608,316131.0,15304.676,10.12766,,,,,,
1780416130.608,316156.0,15304.801,10.127595,,,,,,
1780416130.691,316181.0,15304.926,10.127529,,,,,,
1780416130.691,316206.0,15305.107,10.127435,,,,,,
1780416130.692,316231.0,15304.875,10.127284,,,,,,
1780416130.692,316256.0,15304.785,10.127332,,,,,,
1780416130.775,316281.0,15304.91,10.127267,,,,,,
1780416130.776,316306.0,15304.729,10.127089,,,,,,
1780416130.777,316331.0,15305.033,10.126929,,,,,,
1780416130.859,316356.0,15304.943,10.126976,,,,,,
1780416130.859,316381.0,15304.854,10.12675,,,,,,
1780416130.860,316406.0,15304.711,10.126825,,,,,,
1780416130.940,316431.0,15304.746,10.127079,,,,,,
1780416130.940,316456.0,15304.908,10.126995,,,,,,
1780416130.941,316481.0,15304.604,10.127152,,,,,,
1780416130.941,316506.0,15304.676,10.127115,,,,,,
1780416131.015,316531.0,15304.658,10.127126,,,,,,
1780416131.017,316556.0,15304.643,10.127406,,,,,,
1780416131.018,316581.0,15304.695,10.127378,,,,,,
1780416131.091,316606.0,15304.551,10.127454,,,,,,
1780416131.091,316631.0,15304.641,10.127406,,,,,,
1780416131.092,316656.0,15304.908,10.12754,,,,,,
1780416131.173,316681.0,15304.943,10.127521,,,,,,
1780416131.174,316706.0,15304.875,10.127557,,,,,,
1780416131.174,316731.0,15305.176,10.127399,,,,,,
1780416131.241,316756.0,15305.143,10.127417,,,,,,
1780416131.243,316781.0,15305.051,10.127464,,,,,,
1780416131.244,316806.0,15304.711,10.127642,,,,,,
1780416131.341,316831.0,15304.623,10.127416,,,,,,
1780416131.341,316856.0,15304.803,10.127593,,,,,,
1780416131.341,316881.0,15304.963,10.127238,,,,,,
1780416131.342,316906.0,15305.107,10.12689,,,,,,
1780416131.458,316931.0,15305.357,10.127032,,,,,,
1780416131.460,316956.0,15305.086,10.127174,,,,,,
1780416131.460,316981.0,15305.07,10.127182,,,,,,
1780416131.461,317006.0,15305.176,10.127127,,,,,,
1780416131.541,317031.0,15305.355,10.127032,,,,,,
1780416131.542,317056.0,15305.248,10.126817,,,,,,
1780416131.542,317081.0,15305.355,10.12676,,,,,,
1780416131.543,317106.0,15305.248,10.12709,,,,,,
1780416131.623,317131.0,15305.268,10.127351,,,,,,
1780416131.624,317156.0,15305.568,10.127193,,,,,,
1780416131.624,317181.0,15305.768,10.12709,,,,,,
1780416131.688,317206.0,15305.768,10.127363,,,,,,
1780416131.689,317231.0,15305.822,10.127335,,,,,,
1780416131.689,317256.0,15305.803,10.127071,,,,,,
1780416131.756,317281.0,15305.822,10.127062,,,,,,
1780416131.756,317306.0,15305.893,10.127025,,,,,,
1780416131.839,317331.0,15306.0,10.126968,,,,,,
1780416131.840,317356.0,15305.75,10.127099,,,,,,
1780416131.840,317381.0,15305.732,10.12738,,,,,,
1780416131.841,317406.0,15305.678,10.127409,,,,,,
1780416131.910,317431.0,15306.16,10.127158,,,,,,
1780416131.911,317456.0,15306.322,10.127073,,,,,,
1780416131.990,317481.0,15306.303,10.127081,,,,,,
1780416131.991,317506.0,15306.285,10.12709,,,,,,
1780416131.991,317531.0,15306.232,10.12712,,,,,,
1780416131.992,317556.0,15306.107,10.126911,,,,,,
1780416132.076,317581.0,15306.143,10.126893,,,,,,
1780416132.078,317606.0,15306.162,10.127156,,,,,,
1780416132.079,317631.0,15305.965,10.127531,,,,,,
1780416132.159,317656.0,15305.928,10.127823,,,,,,
1780416132.160,317681.0,15306.018,10.127776,,,,,,
1780416132.161,317706.0,15305.91,10.12756,,,,,,
1780416132.240,317731.0,15306.107,10.127185,,,,,,
1780416132.241,317756.0,15305.875,10.127033,,,,,,
1780416132.242,317781.0,15305.893,10.126752,,,,,,
1780416132.242,317806.0,15305.357,10.127032,,,,,,
1780416132.323,317831.0,15305.375,10.12675,,,,,,
1780416132.324,317856.0,15305.5,10.126685,,,,,,
1780416132.324,317881.0,15305.592,10.12691,,,,,,
1780416132.405,317906.0,15305.412,10.127004,,,,,,
1780416132.406,317931.0,15305.27,10.126805,,,,,,
1780416132.406,317956.0,15305.018,10.126664,,,,,,
1780416132.474,317981.0,15305.16,10.126862,,,,,,
1780416132.474,318006.0,15305.0,10.126946,,,,,,
1780416132.475,318031.0,15304.928,10.126711,,,,,,
1780416132.558,318056.0,15304.822,10.12704,,,,,,
1780416132.559,318081.0,15304.73,10.127086,,,,,,
1780416132.559,318106.0,15304.893,10.127003,,,,,,
1780416132.640,318131.0,15304.838,10.127304,,,,,,
1780416132.641,318156.0,15304.766,10.127342,,,,,,
1780416132.641,318181.0,15304.785,10.127604,,,,,,
1780416132.642,318206.0,15304.713,10.127913,,,,,,
1780416132.722,318231.0,15304.783,10.127877,,,,,,
1780416132.723,318256.0,15304.979,10.127502,,,,,,
1780416132.723,318281.0,15304.838,10.127576,,,,,,
1780416132.806,318306.0,15304.926,10.127529,,,,,,
1780416132.807,318331.0,15304.979,10.127775,,,,,,
1780416132.808,318356.0,15304.963,10.128055,,,,,,
1780416132.890,318381.0,15304.979,10.12832,,,,,,
1780416132.891,318406.0,15304.713,10.128458,,,,,,
1780416132.893,318431.0,15305.051,10.128282,,,,,,
1780416132.894,318456.0,15304.875,10.128646,,,,,,
1780416132.974,318481.0,15304.889,10.128638,,,,,,
1780416132.975,318506.0,15304.496,10.128843,,,,,,
1780416132.976,318531.0,15304.588,10.128524,,,,,,
1780416133.056,318556.0,15304.891,10.128364,,,,,,
1780416133.057,318581.0,15304.908,10.128357,,,,,,
1780416133.058,318606.0,15305.016,10.128301,,,,,,
1780416133.142,318631.0,15305.301,10.127878,,,,,,
1780416133.143,318656.0,15305.678,10.127954,,,,,,
1780416133.144,318681.0,15305.428,10.128084,,,,,,
1780416133.144,318706.0,15305.32,10.12814,,,,,,
1780416133.225,318731.0,15305.25,10.128178,,,,,,
1780416133.227,318756.0,15305.16,10.128225,,,,,,
1780416133.228,318781.0,15305.336,10.128405,,,,,,
1780416133.308,318806.0,15305.176,10.128488,,,,,,
1780416133.309,318831.0,15305.213,10.128469,,,,,,
1780416133.310,318856.0,15305.16,10.128224,,,,,,
1780416133.391,318881.0,15305.105,10.128525,,,,,,
1780416133.391,318906.0,15305.176,10.128489,,,,,,
1780416133.392,318931.0,15305.031,10.128836,,,,,,
1780416133.392,318956.0,15304.746,10.128984,,,,,,
1780416133.474,318981.0,15304.676,10.129022,,,,,,
1780416133.475,319006.0,15304.818,10.128675,,,,,,
1780416133.476,319031.0,15304.854,10.128657,,,,,,
1780416133.569,319056.0,15304.781,10.128423,,,,,,
1780416133.569,319081.0,15304.908,10.128084,,,,,,
1780416133.570,319106.0,15304.748,10.128166,,,,,,
1780416133.570,319131.0,15305.25,10.127633,,,,,,
1780416133.641,319156.0,15305.178,10.127941,,,,,,
1780416133.642,319181.0,15305.051,10.128009,,,,,,
1780416133.642,319206.0,15304.943,10.128065,,,,,,
1780416133.724,319231.0,15304.982,10.127771,,,,,,
1780416133.725,319256.0,15305.0,10.127764,,,,,,
1780416133.726,319281.0,15304.855,10.127566,,,,,,
1780416133.807,319306.0,15304.965,10.12751,,,,,,
1780416133.808,319331.0,15305.0,10.127491,,,,,,
1780416133.809,319356.0,15304.91,10.127266,,,,,,
1780416133.890,319381.0,15304.803,10.127321,,,,,,
1780416133.891,319406.0,15304.643,10.127133,,,,,,
1780416133.891,319431.0,15304.729,10.126817,,,,,,
1780416133.892,319456.0,15304.943,10.126432,,,,,,
1780416133.973,319481.0,15304.889,10.126733,,,,,,
1780416133.974,319506.0,15304.926,10.126442,,,,,,
1780416133.974,319531.0,15304.766,10.126524,,,,,,
1780416134.040,319556.0,15304.801,10.126507,,,,,,
1780416134.040,319581.0,15304.926,10.126442,,,,,,
1780416134.041,319606.0,15304.963,10.126149,,,,,,
1780416134.123,319631.0,15304.801,10.126507,,,,,,
1780416134.124,319656.0,15304.73,10.126815,,,,,,
1780416134.124,319681.0,15304.785,10.127058,,,,,,
1780416134.207,319706.0,15304.818,10.127041,,,,,,
1780416134.208,319731.0,15304.801,10.127323,,,,,,
1780416134.208,319756.0,15304.621,10.127417,,,,,,
1780416134.291,319781.0,15304.551,10.127454,,,,,,
1780416134.292,319806.0,15304.621,10.127417,,,,,,
1780416134.293,319831.0,15304.656,10.12767,,,,,,
1780416134.293,319856.0,15304.514,10.128018,,,,,,
1780416134.374,319881.0,15304.406,10.128346,,,,,,
1780416134.375,319906.0,15304.373,10.128364,,,,,,
1780416134.376,319931.0,15304.266,10.128148,,,,,,
1780416134.457,319956.0,15304.266,10.128146,,,,,,
1780416134.459,319981.0,15304.143,10.128212,,,,,,
1780416134.460,320006.0,15304.355,10.127828,,,,,,
1780416134.539,320031.0,15304.123,10.127949,,,,,,
1780416134.539,320056.0,15304.086,10.128242,,,,,,
1780416134.540,320081.0,15303.893,10.128614,,,,,,
1780416134.542,320106.0,15303.818,10.128381,,,,,,
1780416134.626,320131.0,15303.658,10.128466,,,,,,
1780416134.628,320156.0,15303.729,10.128428,,,,,,
1780416134.629,320181.0,15303.656,10.128466,,,,,,
1780416134.706,320206.0,15303.801,10.128118,,,,,,
1780416134.707,320231.0,15303.801,10.128388,,,,,,
1780416134.707,320256.0,15303.926,10.128325,,,,,,
1780416134.791,320281.0,15304.232,10.128165,,,,,,
1780416134.791,320306.0,15304.318,10.127847,,,,,,
1780416134.792,320331.0,15304.176,10.128194,,,,,,
1780416134.792,320356.0,15304.213,10.127902,,,,,,
1780416134.871,320381.0,15304.25,10.128156,,,,,,
1780416134.872,320406.0,15304.518,10.127744,,,,,,
1780416134.872,320431.0,15304.426,10.128063,,,,,,
1780416134.939,320456.0,15304.498,10.127752,,,,,,
1780416134.940,320481.0,15304.498,10.127481,,,,,,
1780416134.940,320506.0,15304.393,10.127264,,,,,,
1780416135.007,320531.0,15304.354,10.127557,,,,,,
1780416135.007,320556.0,15304.498,10.127481,,,,,,
1780416135.088,320581.0,15304.623,10.127688,,,,,,
1780416135.089,320606.0,15304.516,10.128017,,,,,,
1780416135.089,320631.0,15304.41,10.128344,,,,,,
1780416135.090,320656.0,15304.678,10.128203,,,,,,
1780416135.172,320681.0,15304.625,10.12796,,,,,,
1780416135.173,320706.0,15304.625,10.12796,,,,,,
1780416135.173,320731.0,15304.73,10.127902,,,,,,
1780416135.239,320756.0,15304.91,10.127811,,,,,,
1780416135.241,320781.0,15304.91,10.127811,,,,,,
1780416135.242,320806.0,15304.91,10.127539,,,,,,
1780416135.322,320831.0,15304.621,10.127688,,,,,,
1780416135.323,320856.0,15304.514,10.127473,,,,,,
1780416135.323,320881.0,15304.604,10.127153,,,,,,
1780416135.391,320906.0,15304.496,10.12721,,,,,,
1780416135.391,320931.0,15304.514,10.127199,,,,,,
1780416135.392,320956.0,15304.748,10.127078,,,,,,
1780416135.473,320981.0,15304.871,10.127012,,,,,,
1780416135.474,321006.0,15304.801,10.126778,,,,,,
1780416135.475,321031.0,15304.623,10.127144,,,,,,
1780416135.556,321056.0,15304.641,10.126863,,,,,,
1780416135.557,321081.0,15304.588,10.126889,,,,,,
1780416135.557,321106.0,15304.605,10.127152,,,,,,
1780416135.624,321131.0,15304.607,10.127424,,,,,,
1780416135.626,321156.0,15304.553,10.12718,,,,,,
1780416135.627,321181.0,15304.322,10.1273,,,,,,
1780416135.708,321206.0,15304.25,10.127067,,,,,,
1780416135.710,321231.0,15304.498,10.126665,,,,,,
1780416135.711,321256.0,15304.23,10.126531,,,,,,
1780416135.788,321281.0,15304.268,10.126784,,,,,,
1780416135.788,321306.0,15304.195,10.127095,,,,,,
1780416135.789,321331.0,15304.211,10.127086,,,,,,
1780416135.790,321356.0,15304.156,10.127115,,,,,,
1780416135.857,321381.0,15304.158,10.127115,,,,,,
1780416135.857,321406.0,15303.891,10.126981,,,,,,
1780416135.939,321431.0,15303.783,10.127039,,,,,,
1780416135.940,321456.0,15303.871,10.127264,,,,,,
1780416135.942,321481.0,15304.068,10.127434,,,,,,
1780416135.943,321506.0,15304.086,10.127696,,,,,,
1780416136.024,321531.0,15303.906,10.127518,,,,,,
1780416136.025,321556.0,15303.729,10.127884,,,,,,
1780416136.025,321581.0,15303.643,10.127929,,,,,,
