timestamp_computer,timestamp,sensor1,sensor2,mag,width,crack_x,crack_size,serial out,response
1780415591.532,1937188.0,9793.146,9.039158,,,,,angle 0,angle=0.000000
1780415591.534,1937213.0,9793.197,9.039394,,,,,,
1780415591.535,1937238.0,9792.971,9.039394,,,,,,
1780415591.588,1937263.0,9793.06,9.039631,,,,,,
1780415591.588,1937288.0,9793.359,9.039631,,,,,,
1780415591.652,1937313.0,9793.067,9.039867,,,,,,
1780415591.653,1937338.0,9793.148,9.039866,,,,,,
1780415591.718,1937363.0,9793.31,9.040103,,,,,,
1780415591.719,1937388.0,9793.456,9.040339,,,,,,
1780415591.719,1937413.0,9793.909,9.040339,,,,,,
1780415591.783,1937438.0,9794.114,9.040103,,,,,,
1780415591.785,1937463.0,9793.85,9.040103,,,,,,
1780415591.785,1937488.0,9793.425,9.039866,,,,,,
1780415591.866,1937513.0,9793.491,9.039866,,,,,,
1780415591.867,1937538.0,9793.674,9.03963,,,,,,
1780415591.868,1937563.0,9793.425,9.039866,,,,,,
1780415591.914,1937588.0,9793.336,9.040103,,,,,,
1780415591.914,1937613.0,9793.307,9.040339,,,,,,
1780415591.964,1937638.0,9793.19,9.040339,,,,,,
1780415591.965,1937663.0,9793.059,9.040103,,,,,,
1780415592.033,1937688.0,9793.021,9.040103,,,,,,
1780415592.034,1937713.0,9792.824,9.040103,,,,,,
1780415592.035,1937738.0,9792.824,9.039867,,,,,,
1780415592.099,1937763.0,9793.044,9.040103,,,,,,
1780415592.099,1937788.0,9792.935,9.040103,,,,,,
1780415592.163,1937813.0,9793.06,9.040103,,,,,,
1780415592.164,1937838.0,9793.249,9.039866,,,,,,
1780415592.164,1937863.0,9793.47,9.039631,,,,,,
1780415592.232,1937888.0,9793.572,9.039394,,,,,,
1780415592.233,1937913.0,9793.199,9.039394,,,,,,
1780415592.234,1937938.0,9793.528,9.039394,,,,,,
1780415592.284,1937963.0,9793.126,9.039394,,,,,,
1780415592.284,1937988.0,9793.214,9.039158,,,,,,
1780415592.350,1938013.0,9793.147,9.039158,,,,,,
1780415592.351,1938038.0,9793.089,9.038921,,,,,,
1780415592.432,1938063.0,9792.891,9.039158,,,,,,
1780415592.434,1938088.0,9793.045,9.039394,,,,,,
1780415592.435,1938113.0,9793.265,9.039394,,,,,,
1780415592.436,1938138.0,9793.22,9.039158,,,,,,
1780415592.484,1938163.0,9793.104,9.039394,,,,,,
1780415592.485,1938188.0,9793.257,9.039394,,,,,,
1780415592.549,1938213.0,9793.366,9.039394,,,,,,
1780415592.550,1938238.0,9793.571,9.039394,,,,,,
1780415592.596,1938263.0,9793.499,9.039394,,,,,,
1780415592.597,1938288.0,9793.813,9.039631,,,,,,
1780415592.675,1938313.0,9793.684,9.039631,,,,,,
1780415592.676,1938338.0,9793.646,9.039631,,,,,,
1780415592.677,1938363.0,9793.566,9.039867,,,,,,
1780415592.736,1938388.0,9793.676,9.039631,,,,,,
1780415592.736,1938413.0,9793.866,9.039631,,,,,,
1780415592.737,1938438.0,9793.969,9.039867,,,,,,
1780415592.803,1938463.0,9793.925,9.040103,,,,,,
1780415592.804,1938488.0,9794.122,9.040339,,,,,,
1780415592.864,1938513.0,9793.969,9.040339,,,,,,
1780415592.866,1938538.0,9794.334,9.040576,,,,,,
1780415592.867,1938563.0,9794.151,9.040576,,,,,,
1780415592.931,1938588.0,9794.479,9.040812,,,,,,
1780415592.932,1938613.0,9793.981,9.041048,,,,,,
1780415592.932,1938638.0,9793.806,9.041048,,,,,,
1780415592.992,1938663.0,9793.901,9.041285,,,,,,
1780415592.993,1938688.0,9793.996,9.041285,,,,,,
1780415593.050,1938713.0,9793.843,9.041285,,,,,,
1780415593.050,1938738.0,9793.887,9.04152,,,,,,
1780415593.064,1938763.0,9793.747,9.041757,,,,,,
1780415593.086,1938788.0,9793.894,9.04152,,,,,,
1780415593.109,1938813.0,9794.024,9.04152,,,,,,
1780415593.132,1938838.0,9794.04,9.04152,,,,,,
1780415593.167,1938863.0,9794.157,9.04152,,,,,,
1780415593.191,1938888.0,9794.289,9.04152,,,,,,
1780415593.215,1938913.0,9794.237,9.04152,,,,,,
1780415593.238,1938938.0,9794.428,9.041285,,,,,,
1780415593.262,1938963.0,9794.369,9.041048,,,,,,
1780415593.285,1938988.0,9794.56,9.040812,,,,,,
1780415593.309,1939013.0,9794.479,9.041047,,,,,,
1780415593.341,1939038.0,9794.421,9.041284,,,,,,
1780415593.364,1939063.0,9794.362,9.041285,,,,,,
1780415593.386,1939088.0,9794.055,9.041285,,,,,,
1780415593.409,1939113.0,9794.011,9.041285,,,,,,
1780415593.433,1939138.0,9793.856,9.041285,,,,,,
1780415593.460,1939163.0,9793.557,9.041285,,,,,status,l_h=42.000000 c_f=220.000000 q=24.000000
1780415593.529,1939188.0,9793.718,9.041048,,,,,,
1780415593.530,1939213.0,9793.776,9.041048,,,,,,
1780415593.530,1939238.0,9794.039,9.040812,,,,,,
1780415593.581,1939263.0,9794.31,9.040576,,,,,,
1780415593.581,1939288.0,9794.099,9.040575,,,,,,
1780415593.633,1939313.0,9794.121,9.040339,,,,,,
1780415593.634,1939338.0,9794.164,9.040103,,,,,,
1780415593.680,1939363.0,9794.046,9.039867,,,,,,
1780415593.681,1939388.0,9794.201,9.039867,,,,,,
1780415593.739,1939413.0,9794.04,9.040103,,,,,,
1780415593.740,1939438.0,9793.916,9.039866,,,,,,
1780415593.799,1939463.0,9793.924,9.039867,,,,,,
1780415593.800,1939488.0,9793.594,9.039867,,,,,,
1780415593.868,1939513.0,9793.602,9.039867,,,,,,
1780415593.868,1939538.0,9793.535,9.039631,,,,,,
1780415593.869,1939563.0,9793.419,9.03963,,,,,,
1780415593.933,1939588.0,9793.559,9.039866,,,,,,
1780415593.934,1939613.0,9793.551,9.039866,,,,,,
1780415593.935,1939638.0,9793.383,9.03963,,,,,,
1780415593.996,1939663.0,9793.419,9.039394,,,,,,
1780415593.997,1939688.0,9793.396,9.039158,,,,,,
1780415594.059,1939713.0,9793.756,9.039158,,,,,,
1780415594.061,1939738.0,9793.602,9.038921,,,,,,
1780415594.062,1939763.0,9793.932,9.038922,,,,,,
1780415594.123,1939788.0,9794.378,9.038921,,,,,,
1780415594.124,1939813.0,9794.304,9.039158,,,,,,
1780415594.186,1939838.0,9794.296,9.039158,,,,,,
1780415594.186,1939863.0,9794.083,9.039158,,,,,,
1780415594.187,1939888.0,9794.164,9.039394,,,,,,
1780415594.250,1939913.0,9794.405,9.039394,,,,,,
1780415594.251,1939938.0,9794.156,9.039631,,,,,,
1780415594.313,1939963.0,9794.104,9.039867,,,,,,
1780415594.314,1939988.0,9794.164,9.040103,,,,,,
1780415594.314,1940013.0,9793.798,9.040103,,,,,,
1780415594.365,1940038.0,9793.666,9.039867,,,,,,
1780415594.366,1940063.0,9793.725,9.040103,,,,,,
1780415594.424,1940088.0,9793.402,9.040103,,,,,,
1780415594.425,1940113.0,9793.293,9.040103,,,,,,
1780415594.490,1940138.0,9793.337,9.039867,,,,,,
1780415594.490,1940163.0,9793.602,9.039866,,,,,,
1780415594.491,1940188.0,9793.47,9.040103,,,,,,
1780415594.553,1940213.0,9793.462,9.040103,,,,,,
1780415594.553,1940238.0,9793.221,9.040339,,,,,,
1780415594.616,1940263.0,9793.528,9.040339,,,,,,
1780415594.617,1940288.0,9793.236,9.040576,,,,,,
1780415594.618,1940313.0,9793.376,9.040576,,,,,,
1780415594.680,1940338.0,9793.273,9.040576,,,,,,
1780415594.680,1940363.0,9793.508,9.040812,,,,,,
1780415594.681,1940388.0,9793.229,9.041048,,,,,,
1780415594.745,1940413.0,9792.878,9.041048,,,,,,
1780415594.746,1940438.0,9792.9,9.041048,,,,,,
1780415594.806,1940463.0,9792.68,9.041048,,,,,,
1780415594.806,1940488.0,9792.856,9.041285,,,,,,
1780415594.806,1940513.0,9792.629,9.041285,,,,,,
1780415594.869,1940538.0,9792.432,9.041285,,,,,,
1780415594.870,1940563.0,9792.643,9.041285,,,,,,
1780415594.932,1940588.0,9792.922,9.041048,,,,,,
1780415594.933,1940613.0,9793.126,9.041048,,,,,,
1780415594.933,1940638.0,9793.36,9.040812,,,,,,
1780415594.996,1940663.0,9793.587,9.041048,,,,,,
1780415594.996,1940688.0,9793.272,9.040812,,,,,,
1780415595.075,1940713.0,9793.39,9.040812,,,,,,
1780415595.076,1940738.0,9793.66,9.040812,,,,,,
1780415595.077,1940763.0,9793.645,9.041048,,,,,,
1780415595.130,1940788.0,9793.41,9.041285,,,,,,
1780415595.130,1940813.0,9793.616,9.041048,,,,,,
1780415595.131,1940838.0,9793.711,9.041048,,,,,,
1780415595.199,1940863.0,9794.055,9.041048,,,,,,
1780415595.200,1940888.0,9793.652,9.041048,,,,,,
1780415595.246,1940913.0,9793.923,9.041048,,,,,,
1780415595.246,1940938.0,9793.594,9.041047,,,,,,
1780415595.314,1940963.0,9793.374,9.040812,,,,,,
1780415595.315,1940988.0,9792.942,9.040575,,,,,,
1780415595.315,1941013.0,9793.017,9.040575,,,,,,
1780415595.362,1941038.0,9793.023,9.040339,,,,,,
1780415595.363,1941063.0,9792.987,9.040339,,,,,,
1780415595.430,1941088.0,9793.031,9.040339,,,,,,
1780415595.431,1941113.0,9793.111,9.040103,,,,,,
1780415595.431,1941138.0,9793.052,9.040103,,,,,,
1780415595.497,1941163.0,9793.074,9.040103,,,,,,
1780415595.498,1941188.0,9792.979,9.039867,,,,,,
1780415595.564,1941213.0,9792.826,9.040103,,,,,,
1780415595.565,1941238.0,9792.943,9.039866,,,,,,
1780415595.565,1941263.0,9792.907,9.040103,,,,,,
1780415595.633,1941288.0,9793.082,9.040103,,,,,,
1780415595.634,1941313.0,9793.257,9.040103,,,,,,
1780415595.634,1941338.0,9793.301,9.040103,,,,,,
1780415595.699,1941363.0,9793.235,9.039866,,,,,,
1780415595.700,1941388.0,9793.278,9.03963,,,,,,
1780415595.746,1941413.0,9793.222,9.03963,,,,,,
1780415595.746,1941438.0,9793.021,9.039866,,,,,,
1780415595.813,1941463.0,9793.044,9.03963,,,,,,
1780415595.814,1941488.0,9793.184,9.039394,,,,,,
1780415595.815,1941513.0,9793.103,9.039394,,,,,,
1780415595.863,1941538.0,9792.701,9.039158,,,,,,
1780415595.863,1941563.0,9792.949,9.039394,,,,,,
1780415595.923,1941588.0,9793.206,9.039394,,,,,,
1780415595.924,1941613.0,9793.477,9.039394,,,,,,
1780415595.988,1941638.0,9793.652,9.039394,,,,,,
1780415595.989,1941663.0,9793.674,9.03963,,,,,,
1780415595.990,1941688.0,9793.711,9.039394,,,,,,
1780415596.051,1941713.0,9794.062,9.039394,,,,,,
1780415596.051,1941738.0,9793.901,9.039631,,,,,,
1780415596.115,1941763.0,9793.85,9.039631,,,,,,
1780415596.116,1941788.0,9793.697,9.039631,,,,,,
1780415596.117,1941813.0,9793.8,9.039867,,,,,,
1780415596.178,1941838.0,9793.814,9.039867,,,,,,
1780415596.180,1941863.0,9793.528,9.040103,,,,,,
1780415596.241,1941888.0,9793.689,9.039867,,,,,,
1780415596.242,1941913.0,9793.367,9.039867,,,,,,
1780415596.243,1941938.0,9793.484,9.039867,,,,,,
1780415596.306,1941963.0,9793.47,9.03963,,,,,,
1780415596.307,1941988.0,9793.367,9.039866,,,,,,
1780415596.308,1942013.0,9793.053,9.039867,,,,,,
1780415596.363,1942038.0,9792.855,9.039866,,,,,,
1780415596.364,1942063.0,9792.805,9.039631,,,,,,
1780415596.432,1942088.0,9792.606,9.039867,,,,,,
1780415596.433,1942113.0,9792.423,9.040103,,,,,,
1780415596.433,1942138.0,9792.591,9.040339,,,,,,
1780415596.496,1942163.0,9793.081,9.040576,,,,,,
1780415596.497,1942188.0,9793.052,9.040576,,,,,,
1780415596.560,1942213.0,9793.11,9.040576,,,,,,
1780415596.561,1942238.0,9792.803,9.040575,,,,,,
1780415596.561,1942263.0,9792.869,9.040339,,,,,,
1780415596.623,1942288.0,9793.044,9.040339,,,,,,
1780415596.624,1942313.0,9792.869,9.040339,,,,,,
1780415596.686,1942338.0,9792.591,9.040103,,,,,,
1780415596.688,1942363.0,9792.709,9.039866,,,,,,
1780415596.689,1942388.0,9792.657,9.039867,,,,,,
1780415596.748,1942413.0,9792.607,9.03963,,,,,,
1780415596.749,1942438.0,9792.461,9.039394,,,,,,
1780415596.814,1942463.0,9792.409,9.039158,,,,,,
1780415596.815,1942488.0,9792.197,9.038921,,,,,,
1780415596.817,1942513.0,9792.256,9.038922,,,,,,
1780415596.862,1942538.0,9792.629,9.038685,,,,,,
1780415596.862,1942563.0,9792.425,9.038921,,,,,,
1780415596.923,1942588.0,9792.754,9.039158,,,,,,
1780415596.924,1942613.0,9792.701,9.038921,,,,,,
1780415596.987,1942638.0,9793.191,9.039158,,,,,,
1780415596.987,1942663.0,9793.075,9.039158,,,,,,
1780415596.988,1942688.0,9793.441,9.039394,,,,,,
1780415597.051,1942713.0,9793.602,9.039394,,,,,,
1780415597.052,1942738.0,9793.615,9.039394,,,,,,
1780415597.114,1942763.0,9793.645,9.039394,,,,,,
1780415597.115,1942788.0,9793.353,9.039394,,,,,,
1780415597.115,1942813.0,9793.258,9.039394,,,,,,
1780415597.178,1942838.0,9793.09,9.039631,,,,,,
1780415597.178,1942863.0,9793.271,9.039631,,,,,,
1780415597.242,1942888.0,9793.097,9.039867,,,,,,
1780415597.243,1942913.0,9792.87,9.039631,,,,,,
1780415597.245,1942938.0,9793.037,9.03963,,,,,,
1780415597.306,1942963.0,9793.148,9.039866,,,,,,
1780415597.308,1942988.0,9793.155,9.040103,,,,,,
1780415597.309,1943013.0,9793.374,9.040103,,,,,,
1780415597.369,1943038.0,9793.551,9.040103,,,,,,
1780415597.370,1943063.0,9793.396,9.040339,,,,,,
1780415597.432,1943088.0,9793.221,9.040339,,,,,,
1780415597.433,1943113.0,9793.447,9.040339,,,,,,
1780415597.433,1943138.0,9793.338,9.040575,,,,,,
1780415597.497,1943163.0,9793.221,9.040812,,,,,,
1780415597.498,1943188.0,9793.579,9.040576,,,,,,
1780415597.561,1943213.0,9793.228,9.040339,,,,,,
1780415597.562,1943238.0,9793.652,9.040339,,,,,,
1780415597.562,1943263.0,9793.462,9.040339,,,,,,
1780415597.625,1943288.0,9793.85,9.040103,,,,,,
1780415597.625,1943313.0,9793.894,9.040103,,,,,,
1780415597.687,1943338.0,9793.856,9.040103,,,,,,
1780415597.687,1943363.0,9793.418,9.039866,,,,,,
1780415597.688,1943388.0,9793.294,9.039867,,,,,,
1780415597.751,1943413.0,9793.703,9.03963,,,,,,
1780415597.752,1943438.0,9793.806,9.03963,,,,,,
1780415597.799,1943463.0,9793.688,9.039631,,,,,,
1780415597.800,1943488.0,9793.747,9.039867,,,,,,
1780415597.862,1943513.0,9793.754,9.039631,,,,,,
1780415597.863,1943538.0,9793.959,9.03963,,,,,,
1780415597.863,1943563.0,9793.981,9.039866,,,,,,
1780415597.925,1943588.0,9793.98,9.039866,,,,,,
1780415597.926,1943613.0,9794.237,9.03963,,,,,,
1780415597.989,1943638.0,9794.304,9.039631,,,,,,
1780415597.990,1943663.0,9794.45,9.039867,,,,,,
1780415597.990,1943688.0,9794.663,9.03963,,,,,,
1780415598.053,1943713.0,9794.985,9.039867,,,,,,
1780415598.054,1943738.0,9794.641,9.039866,,,,,,
1780415598.116,1943763.0,9794.729,9.039866,,,,,,
1780415598.117,1943788.0,9794.509,9.039867,,,,,,
1780415598.117,1943813.0,9794.457,9.039866,,,,,,
1780415598.181,1943838.0,9794.442,9.040103,,,,,,
1780415598.181,1943863.0,9794.048,9.040103,,,,,,
1780415598.182,1943888.0,9794.157,9.039866,,,,,,
1780415598.245,1943913.0,9793.602,9.039867,,,,,,
1780415598.246,1943938.0,9793.492,9.039867,,,,,,
1780415598.308,1943963.0,9793.535,9.03963,,,,,,
1780415598.308,1943988.0,9794.033,9.039867,,,,,,
1780415598.309,1944013.0,9794.194,9.039867,,,,,,
1780415598.363,1944038.0,9793.916,9.040103,,,,,,
1780415598.364,1944063.0,9793.902,9.039867,,,,,,
1780415598.435,1944088.0,9794.062,9.03963,,,,,,
1780415598.436,1944113.0,9793.989,9.039631,,,,,,
1780415598.436,1944138.0,9794.012,9.039867,,,,,,
1780415598.495,1944163.0,9793.932,9.040103,,,,,,
1780415598.496,1944188.0,9793.793,9.040103,,,,,,
1780415598.562,1944213.0,9793.844,9.040103,,,,,,
1780415598.563,1944238.0,9793.55,9.040103,,,,,,
1780415598.564,1944263.0,9793.558,9.040103,,,,,,
1780415598.625,1944288.0,9793.543,9.039867,,,,,,
1780415598.628,1944313.0,9793.572,9.040103,,,,,,
1780415598.679,1944338.0,9793.565,9.040103,,,,,,
1780415598.680,1944363.0,9793.938,9.040339,,,,,,
1780415598.680,1944388.0,9793.755,9.040339,,,,,,
1780415598.742,1944413.0,9793.74,9.040103,,,,,,
1780415598.743,1944438.0,9793.294,9.040339,,,,,,
1780415598.847,1944463.0,9793.367,9.040103,,,,,,
1780415598.848,1944488.0,9793.521,9.040339,,,,,,
1780415598.849,1944513.0,9793.47,9.040339,,,,,,
1780415598.849,1944538.0,9793.944,9.040576,,,,,,
1780415598.897,1944563.0,9793.988,9.040576,,,,,,
1780415598.897,1944588.0,9794.004,9.040575,,,,,,
1780415598.948,1944613.0,9793.602,9.040576,,,,,,
1780415598.948,1944638.0,9793.865,9.040339,,,,,,
1780415598.999,1944663.0,9793.865,9.040339,,,,,,
1780415599.000,1944688.0,9793.813,9.040576,,,,,,
1780415599.062,1944713.0,9793.652,9.040575,,,,,,
1780415599.063,1944738.0,9793.66,9.040576,,,,,,
1780415599.063,1944763.0,9793.426,9.040339,,,,,,
1780415599.117,1944788.0,9793.55,9.040103,,,,,,
1780415599.118,1944813.0,9793.499,9.040103,,,,,,
1780415599.181,1944838.0,9793.242,9.040103,,,,,,
1780415599.192,1944863.0,9793.271,9.040339,,,,,,
1780415599.193,1944888.0,9793.176,9.040339,,,,,,
1780415599.248,1944913.0,9793.103,9.040576,,,,,,
1780415599.248,1944938.0,9792.992,9.040576,,,,,,
1780415599.308,1944963.0,9793.103,9.040576,,,,,,
1780415599.308,1944988.0,9792.92,9.040339,,,,,,
1780415599.309,1945013.0,9792.716,9.040339,,,,,,
1780415599.382,1945038.0,9792.54,9.040576,,,,,,
1780415599.383,1945063.0,9792.905,9.040576,,,,,,
1780415599.383,1945088.0,9792.877,9.040812,,,,,,
1780415599.429,1945113.0,9792.972,9.040576,,,,,,
1780415599.501,1945138.0,9792.935,9.040812,,,,,,
1780415599.502,1945163.0,9792.753,9.040812,,,,,,
1780415599.502,1945188.0,9792.606,9.040812,,,,,,
1780415599.563,1945213.0,9792.468,9.041048,,,,,,
1780415599.564,1945238.0,9792.614,9.040812,,,,,,
1780415599.565,1945263.0,9792.4,9.041048,,,,,,
1780415599.616,1945288.0,9792.424,9.040812,,,,,,
1780415599.617,1945313.0,9792.569,9.040812,,,,,,
1780415599.673,1945338.0,9792.805,9.040812,,,,,,
1780415599.674,1945363.0,9792.87,9.040576,,,,,,
1780415599.738,1945388.0,9793.126,9.040575,,,,,,
1780415599.739,1945413.0,9793.067,9.040576,,,,,,
1780415599.740,1945438.0,9793.098,9.040339,,,,,,
1780415599.801,1945463.0,9793.046,9.040103,,,,,,
1780415599.802,1945488.0,9793.061,9.040103,,,,,,
1780415599.864,1945513.0,9793.082,9.040103,,,,,,
1780415599.864,1945538.0,9793.273,9.039867,,,,,,
1780415599.865,1945563.0,9793.536,9.03963,,,,,,
1780415599.928,1945588.0,9793.251,9.039394,,,,,,
1780415599.929,1945613.0,9793.456,9.03963,,,,,,
1780415599.991,1945638.0,9793.719,9.039394,,,,,,
1780415599.992,1945663.0,9793.981,9.039158,,,,,,
1780415599.992,1945688.0,9793.777,9.038921,,,,,,
1780415600.055,1945713.0,9793.675,9.038921,,,,,,
1780415600.056,1945738.0,9793.49,9.038921,,,,,,
1780415600.057,1945763.0,9793.293,9.038921,,,,,,
1780415600.113,1945788.0,9793.602,9.038922,,,,,,
1780415600.113,1945813.0,9793.579,9.038922,,,,,,
1780415600.181,1945838.0,9793.477,9.038922,,,,,,
1780415600.182,1945863.0,9793.629,9.039158,,,,,,
1780415600.182,1945888.0,9793.512,9.039158,,,,,,
1780415600.245,1945913.0,9793.702,9.039158,,,,,,
1780415600.246,1945938.0,9793.527,9.039158,,,,,,
1780415600.309,1945963.0,9793.365,9.039394,,,,,,
1780415600.309,1945988.0,9793.242,9.039394,,,,,,
1780415600.310,1946013.0,9793.19,9.039394,,,,,,
1780415600.366,1946038.0,9793.19,9.039394,,,,,,
1780415600.366,1946063.0,9793.234,9.039394,,,,,,
1780415600.437,1946088.0,9793.52,9.039394,,,,,,
1780415600.438,1946113.0,9793.205,9.039158,,,,,,
1780415600.438,1946138.0,9792.913,9.039158,,,,,,
1780415600.502,1946163.0,9792.804,9.039158,,,,,,
1780415600.503,1946188.0,9792.869,9.039394,,,,,,
1780415600.565,1946213.0,9792.724,9.039631,,,,,,
1780415600.565,1946238.0,9792.635,9.039631,,,,,,
1780415600.566,1946263.0,9792.693,9.039631,,,,,,
1780415600.628,1946288.0,9792.444,9.039867,,,,,,
1780415600.629,1946313.0,9792.723,9.040103,,,,,,
1780415600.693,1946338.0,9792.862,9.040103,,,,,,
1780415600.693,1946363.0,9793.133,9.040103,,,,,,
1780415600.694,1946388.0,9793.345,9.040103,,,,,,
1780415600.757,1946413.0,9793.097,9.039866,,,,,,
1780415600.757,1946438.0,9793.053,9.03963,,,,,,
1780415600.758,1946463.0,9793.126,9.039394,,,,,,
1780415600.820,1946488.0,9793.235,9.039158,,,,,,
1780415600.821,1946513.0,9793.214,9.039158,,,,,,
1780415600.884,1946538.0,9792.929,9.039158,,,,,,
1780415600.885,1946563.0,9793.053,9.039158,,,,,,
1780415600.885,1946588.0,9793.169,9.039158,,,,,,
1780415600.948,1946613.0,9793.097,9.039394,,,,,,
1780415600.948,1946638.0,9793.023,9.039394,,,,,,
1780415601.010,1946663.0,9792.957,9.039394,,,,,,
1780415601.011,1946688.0,9792.913,9.03963,,,,,,
1780415601.011,1946713.0,9792.942,9.03963,,,,,,
1780415601.075,1946738.0,9793.234,9.039866,,,,,,
1780415601.076,1946763.0,9793.506,9.03963,,,,,,
1780415601.132,1946788.0,9793.309,9.039866,,,,,,
1780415601.133,1946813.0,9793.176,9.03963,,,,,,
1780415601.133,1946838.0,9793.308,9.039394,,,,,,
1780415601.202,1946863.0,9793.249,9.039394,,,,,,
1780415601.203,1946888.0,9793.264,9.03963,,,,,,
1780415601.263,1946913.0,9793.557,9.039631,,,,,,
1780415601.265,1946938.0,9793.41,9.039394,,,,,,
1780415601.265,1946963.0,9793.468,9.039394,,,,,,
1780415601.328,1946988.0,9793.081,9.039394,,,,,,
1780415601.328,1947013.0,9793.104,9.039158,,,,,,
1780415601.378,1947038.0,9793.403,9.039394,,,,,,
1780415601.379,1947063.0,9793.461,9.03963,,,,,,
1780415601.456,1947088.0,9793.731,9.039631,,,,,,
1780415601.457,1947113.0,9793.483,9.03963,,,,,,
1780415601.459,1947138.0,9793.454,9.039394,,,,,,
1780415601.460,1947163.0,9793.615,9.03963,,,,,,
1780415601.518,1947188.0,9793.433,9.039394,,,,,,
1780415601.519,1947213.0,9793.161,9.039394,,,,,,
1780415601.582,1947238.0,9793.249,9.039394,,,,,,
1780415601.583,1947263.0,9793.285,9.039631,,,,,,
1780415601.584,1947288.0,9793.228,9.039867,,,,,,
1780415601.649,1947313.0,9793.337,9.039631,,,,,,
1780415601.650,1947338.0,9793.382,9.039867,,,,,,
1780415601.713,1947363.0,9793.177,9.039867,,,,,,
1780415601.713,1947388.0,9792.914,9.039867,,,,,,
1780415601.714,1947413.0,9792.409,9.039867,,,,,,
1780415601.772,1947438.0,9792.35,9.039866,,,,,,
1780415601.773,1947463.0,9792.467,9.040103,,,,,,
1780415601.837,1947488.0,9792.657,9.039866,,,,,,
1780415601.838,1947513.0,9792.577,9.03963,,,,,,
1780415601.839,1947538.0,9792.445,9.03963,,,,,,
1780415601.900,1947563.0,9792.307,9.039867,,,,,,
1780415601.909,1947588.0,9792.226,9.039867,,,,,,
1780415601.910,1947613.0,9792.189,9.040103,,,,,,
1780415601.963,1947638.0,9792.188,9.040103,,,,,,
1780415601.964,1947663.0,9791.926,9.040103,,,,,,
1780415602.029,1947688.0,9791.845,9.039866,,,,,,
1780415602.030,1947713.0,9791.574,9.039867,,,,,,
1780415602.031,1947738.0,9791.553,9.040103,,,,,,
1780415602.081,1947763.0,9791.641,9.040103,,,,,,
1780415602.081,1947788.0,9791.677,9.039866,,,,,,
1780415602.152,1947813.0,9791.677,9.040103,,,,,,
1780415602.153,1947838.0,9791.494,9.040103,,,,,,
1780415602.216,1947863.0,9791.517,9.039866,,,,,,
1780415602.216,1947888.0,9791.669,9.039631,,,,,,
1780415602.217,1947913.0,9791.809,9.039394,,,,,,
1780415602.278,1947938.0,9791.567,9.03963,,,,,,
1780415602.279,1947963.0,9791.355,9.03963,,,,,,
1780415602.342,1947988.0,9791.662,9.039394,,,,,,
1780415602.342,1948013.0,9791.794,9.039631,,,,,,
1780415602.342,1948038.0,9792.408,9.039394,,,,,,
1780415602.396,1948063.0,9792.305,9.039394,,,,,,
1780415602.397,1948088.0,9792.29,9.039394,,,,,,
1780415602.458,1948113.0,9791.968,9.039394,,,,,,
1780415602.458,1948138.0,9791.865,9.039394,,,,,,
1780415602.459,1948163.0,9792.027,9.039158,,,,,,
1780415602.532,1948188.0,9792.313,9.039158,,,,,,
1780415602.533,1948213.0,9792.151,9.039158,,,,,,
1780415602.533,1948238.0,9792.254,9.039158,,,,,,
1780415602.595,1948263.0,9792.086,9.039394,,,,,,
1780415602.595,1948288.0,9792.196,9.039158,,,,,,
1780415602.658,1948313.0,9792.283,9.039394,,,,,,
1780415602.659,1948338.0,9792.115,9.039631,,,,,,
1780415602.659,1948363.0,9792.123,9.039394,,,,,,
1780415602.720,1948388.0,9791.933,9.039394,,,,,,
1780415602.721,1948413.0,9792.014,9.03963,,,,,,
1780415602.784,1948438.0,9792.08,9.03963,,,,,,
1780415602.785,1948463.0,9792.438,9.039394,,,,,,
1780415602.785,1948488.0,9792.541,9.039394,,,,,,
1780415602.848,1948513.0,9792.35,9.03963,,,,,,
1780415602.849,1948538.0,9792.247,9.039867,,,,,,
1780415602.912,1948563.0,9792.35,9.03963,,,,,,
1780415602.913,1948588.0,9792.664,9.039394,,,,,,
1780415602.913,1948613.0,9792.548,9.039631,,,,,,
1780415602.974,1948638.0,9792.496,9.039394,,,,,,
1780415602.975,1948663.0,9792.262,9.039394,,,,,,
1780415603.038,1948688.0,9792.431,9.03963,,,,,,
1780415603.038,1948713.0,9792.481,9.039394,,,,,,
1780415603.038,1948738.0,9792.562,9.03963,,,,,,
1780415603.114,1948763.0,9792.957,9.039867,,,,,,
1780415603.114,1948788.0,9792.695,9.040103,,,,,,
1780415603.114,1948813.0,9792.577,9.039867,,,,,,
1780415603.164,1948838.0,9792.797,9.03963,,,,,,
1780415603.165,1948863.0,9793.147,9.039631,,,,,,
1780415603.247,1948888.0,9793.075,9.039631,,,,,,
1780415603.248,1948913.0,9792.994,9.039867,,,,,,
1780415603.248,1948938.0,9792.957,9.039631,,,,,,
1780415603.295,1948963.0,9793.11,9.039631,,,,,,
1780415603.296,1948988.0,9793.324,9.03963,,,,,,
1780415603.345,1949013.0,9793.498,9.039866,,,,,,
1780415603.345,1949038.0,9793.33,9.039867,,,,,,
1780415603.413,1949063.0,9793.411,9.039867,,,,,,
1780415603.413,1949088.0,9793.353,9.040103,,,,,,
1780415603.414,1949113.0,9793.323,9.040339,,,,,,
1780415603.481,1949138.0,9793.587,9.040339,,,,,,
1780415603.481,1949163.0,9793.551,9.040339,,,,,,
1780415603.481,1949188.0,9793.675,9.040339,,,,,,
1780415603.546,1949213.0,9793.396,9.040576,,,,,,
1780415603.546,1949238.0,9793.222,9.040576,,,,,,
1780415603.598,1949263.0,9793.521,9.040812,,,,,,
1780415603.599,1949288.0,9793.668,9.040812,,,,,,
1780415603.663,1949313.0,9793.44,9.040575,,,,,,
1780415603.663,1949338.0,9793.455,9.040575,,,,,,
1780415603.664,1949363.0,9793.266,9.040575,,,,,,
1780415603.728,1949388.0,9793.162,9.040339,,,,,,
1780415603.729,1949413.0,9793.425,9.040103,,,,,,
1780415603.787,1949438.0,9793.213,9.040103,,,,,,
1780415603.787,1949463.0,9793.285,9.040103,,,,,,
1780415603.788,1949488.0,9793.074,9.039867,,,,,,
1780415603.850,1949513.0,9792.948,9.03963,,,,,,
1780415603.851,1949538.0,9792.979,9.039394,,,,,,
1780415603.916,1949563.0,9793.176,9.039394,,,,,,
1780415603.916,1949588.0,9792.796,9.039158,,,,,,
1780415603.917,1949613.0,9783.598,9.034449,,,,,,
1780415603.984,1949638.0,9779.594,9.031854,,,,,,
1780415603.985,1949663.0,9781.652,9.032799,,,,,,
1780415603.985,1949688.0,9784.41,9.034219,,,,,,
1780415604.063,1949713.0,9790.124,9.036823,,,,,,
1780415604.064,1949738.0,9799.347,9.041803,,,,,,
1780415604.064,1949763.0,9820.501,9.053235,,,,,,
1780415604.113,1949788.0,9845.369,9.06659,,,,,,
1780415604.114,1949813.0,9880.879,9.085254,,,,,,
1780415604.162,1949838.0,9942.586,9.118355,,,,,,
1780415604.162,1949863.0,10008.494,9.153186,,,,,,
1780415604.229,1949888.0,10085.298,9.193979,,,,,,
1780415604.229,1949913.0,10172.244,9.24026,,,,,,
1780415604.295,1949938.0,10267.195,9.290565,,,,,,
1780415604.295,1949963.0,10366.764,9.343143,,,,,,
1780415604.296,1949988.0,10467.554,9.395991,,,,,,
1780415604.363,1950013.0,10571.554,9.451102,,,,,,
1780415604.364,1950038.0,10676.893,9.506466,,,,,,
1780415604.365,1950063.0,10782.403,9.562084,,,,,,
1780415604.414,1950088.0,10888.826,9.618209,,,,,,
1780415604.415,1950113.0,10996.286,9.674843,,,,,,
1780415604.479,1950138.0,11104.102,9.73173,,,,,,
1780415604.479,1950163.0,11211.749,9.788363,,,,,,
1780415604.547,1950188.0,11319.231,9.844996,,,,,,
1780415604.548,1950213.0,11427.117,9.901629,,,,,,
1780415604.548,1950238.0,11544.145,9.962973,,,,,,
1780415604.611,1950263.0,11655.782,10.02222,,,,,,
1780415604.612,1950288.0,11760.747,10.077417,,,,,,
1780415604.612,1950313.0,11864.642,10.131887,,,,,,
1780415604.663,1950338.0,11963.575,10.184157,,,,,,
1780415604.664,1950363.0,12056.972,10.233038,,,,,,
1780415604.730,1950388.0,12135.406,10.273694,,,,,,
1780415604.731,1950413.0,12204.84,10.309905,,,,,,
1780415604.731,1950438.0,12260.067,10.339534,,,,,,
1780415604.796,1950463.0,12286.032,10.352226,,,,,,
1780415604.797,1950488.0,12300.809,10.359934,,,,,,
1780415604.861,1950513.0,12296.389,10.357196,,,,,,
1780415604.862,1950538.0,12274.918,10.345734,,,,,,
1780415604.862,1950563.0,12235.645,10.325072,,,,,,
1780415604.912,1950588.0,12184.921,10.298703,,,,,,
1780415604.912,1950613.0,12130.656,10.270605,,,,,,
1780415604.985,1950638.0,12070.608,10.239018,,,,,,
1780415604.985,1950663.0,11994.282,10.199174,,,,,,
1780415604.986,1950688.0,11904.211,10.151394,,,,,,
1780415605.049,1950713.0,11807.736,10.100722,,,,,,
1780415605.050,1950738.0,11690.714,10.038442,,,,,,
1780415605.114,1950763.0,11572.27,9.975204,,,,,,
1780415605.115,1950788.0,11452.801,9.911518,,,,,,
1780415605.116,1950813.0,11332.465,9.847131,,,,,,
1780415605.178,1950838.0,11208.957,9.781109,,,,,,
1780415605.178,1950863.0,11083.372,9.714156,,,,,,
1780415605.241,1950888.0,10955.895,9.646017,,,,,,
1780415605.242,1950913.0,10826.442,9.57676,,,,,,
1780415605.242,1950938.0,10695.749,9.507063,,,,,,
1780415605.304,1950963.0,10566.684,9.437452,,,,,,
1780415605.304,1950988.0,10439.358,9.369088,,,,,,
1780415605.362,1951013.0,10315.26,9.302727,,,,,,
1780415605.363,1951038.0,10196.85,9.239121,,,,,,
1780415605.364,1951063.0,10081.626,9.176794,,,,,,
1780415605.431,1951088.0,9969.827,9.116727,,,,,,
1780415605.432,1951113.0,9864.892,9.059916,,,,,,
1780415605.433,1951138.0,9768.238,9.007587,,,,,,
1780415605.495,1951163.0,9678.591,8.958732,,,,,,
1780415605.496,1951188.0,9598.858,8.915052,,,,,,
1780415605.558,1951213.0,9525.709,8.874807,,,,,,
1780415605.559,1951238.0,9455.137,8.835784,,,,,,
1780415605.559,1951263.0,9386.641,8.797993,,,,,,
1780415605.626,1951288.0,9332.957,8.768207,,,,,,
1780415605.626,1951313.0,9292.978,8.745869,,,,,,
1780415605.681,1951338.0,9258.222,8.726147,,,,,,
1780415605.682,1951363.0,9243.234,8.717758,,,,,,
1780415605.682,1951388.0,9229.66,8.709841,,,,,,
1780415605.737,1951413.0,9217.686,8.703089,,,,,,
1780415605.738,1951438.0,9207.338,8.697735,,,,,,
1780415605.800,1951463.0,9202.483,8.694942,,,,,,
1780415605.800,1951488.0,9200.122,8.693779,,,,,,
1780415605.863,1951513.0,9201.433,8.694243,,,,,,
1780415605.864,1951538.0,9206.101,8.697033,,,,,,
1780415605.864,1951563.0,9214.982,8.701918,,,,,,
1780415605.926,1951588.0,9227.503,8.709599,,,,,,
1780415605.927,1951613.0,9242.959,8.718687,,,,,,
1780415605.995,1951638.0,9275.206,8.736988,,,,,,
1780415606.002,1951663.0,9317.684,8.760303,,,,,,
1780415606.002,1951688.0,9369.744,8.789376,,,,,,
1780415606.060,1951713.0,9432.945,8.824744,,,,,,
1780415606.061,1951738.0,9500.34,8.861816,,,,,,
1780415606.061,1951763.0,9586.613,8.90919,,,,,,
1780415606.112,1951788.0,9680.892,8.960773,,,,,,
1780415606.112,1951813.0,9779.744,9.014841,,,,,,
1780415606.182,1951838.0,9885.468,9.072153,,,,,,
1780415606.183,1951863.0,9996.566,9.132219,,,,,,
1780415606.183,1951888.0,10112.931,9.195281,,,,,,
1780415606.248,1951913.0,10233.124,9.260105,,,,,,
1780415606.248,1951938.0,10357.791,9.327436,,,,,,
1780415606.311,1951963.0,10484.759,9.395548,,,,,,
1780415606.312,1951988.0,10613.076,9.464187,,,,,,
1780415606.312,1952013.0,10745.915,9.535596,,,,,,
1780415606.374,1952038.0,10878.621,9.606796,,,,,,
1780415606.375,1952063.0,11010.401,9.677301,,,,,,
1780415606.428,1952088.0,11141.631,9.747387,,,,,,
1780415606.429,1952113.0,11272.549,9.817286,,,,,,
1780415606.500,1952138.0,11402.48,9.886741,,,,,,
1780415606.501,1952163.0,11531.545,9.955242,,,,,,
1780415606.501,1952188.0,11658.009,10.022599,,,,,,
1780415606.549,1952213.0,11781.327,10.087832,,,,,,
1780415606.549,1952238.0,11901.746,10.151425,,,,,,
1780415606.612,1952263.0,12004.985,10.205573,,,,,,
1780415606.613,1952288.0,12097.513,10.254477,,,,,,
1780415606.613,1952313.0,12180.017,10.2976,,,,,,
1780415606.675,1952338.0,12248.423,10.3329,,,,,,
1780415606.676,1952363.0,12312.332,10.366245,,,,,,
1780415606.738,1952388.0,12351.603,10.386497,,,,,,
1780415606.738,1952413.0,12380.193,10.401022,,,,,,
1780415606.739,1952438.0,12400.026,10.411044,,,,,,
1780415606.813,1952463.0,12406.773,10.414299,,,,,,
1780415606.813,1952488.0,12402.563,10.412045,,,,,,
1780415606.814,1952513.0,12385.517,10.403282,,,,,,
1780415606.861,1952538.0,12357.535,10.38903,,,,,,
1780415606.862,1952563.0,12316.79,10.368056,,,,,,
1780415606.924,1952588.0,12268.131,10.342875,,,,,,
1780415606.925,1952613.0,12215.719,10.315704,,,,,,
1780415606.987,1952638.0,12152.049,10.282574,,,,,,
1780415606.987,1952663.0,12068.912,10.23901,,,,,,
1780415606.988,1952688.0,11981.871,10.193282,,,,,,
1780415607.050,1952713.0,11875.741,10.137744,,,,,,
1780415607.051,1952738.0,11763.168,10.07815,,,,,,
1780415607.115,1952763.0,11641.673,10.013365,,,,,,
1780415607.116,1952788.0,11519.104,9.948366,,,,,,
1780415607.117,1952813.0,11395.31,9.882411,,,,,,
1780415607.177,1952838.0,11270.375,9.81601,,,,,,
1780415607.178,1952863.0,11141.028,9.747275,,,,,,
1780415607.246,1952888.0,11010.025,9.677611,,,,,,
1780415607.247,1952913.0,10877.48,9.606552,,,,,,
1780415607.247,1952938.0,10743.282,9.534588,,,,,,
1780415607.312,1952963.0,10610.077,9.462994,,,,,,
1780415607.313,1952988.0,10476.577,9.391421,,,,,,
1780415607.315,1953013.0,10348.691,9.322638,,,,,,
1780415607.361,1953038.0,10221.527,9.254216,,,,,,
1780415607.369,1953063.0,10097.933,9.187814,,,,,,
1780415607.423,1953088.0,9981.285,9.124933,,,,,,
1780415607.424,1953113.0,9870.107,9.06481,,,,,,
1780415607.495,1953138.0,9766.166,9.008198,,,,,,
1780415607.496,1953163.0,9669.693,8.955544,,,,,,
1780415607.496,1953188.0,9581.99,8.907107,,,,,,
1780415607.556,1953213.0,9499.797,8.861868,,,,,,
1780415607.557,1953238.0,9419.766,8.817855,,,,,,
1780415607.557,1953263.0,9345.935,8.777265,,,,,,
1780415607.619,1953288.0,9291.285,8.747084,,,,,,
1780415607.619,1953313.0,9241.1,8.718836,,,,,,
1780415607.677,1953338.0,9208.409,8.699889,,,,,,
1780415607.678,1953363.0,9181.721,8.68449,,,,,,
1780415607.749,1953388.0,9164.663,8.674721,,,,,,
1780415607.749,1953413.0,9150.454,8.666574,,,,,,
1780415607.749,1953438.0,9138.662,8.659824,,,,,,
1780415607.813,1953463.0,9130.44,8.655399,,,,,,
1780415607.814,1953488.0,9127.79,8.653772,,,,,,
1780415607.814,1953513.0,9127.217,8.65354,,,,,,
1780415607.862,1953538.0,9129.94,8.655166,,,,,,
1780415607.864,1953563.0,9136.72,8.65935,,,,,,
1780415607.927,1953588.0,9148.502,8.666324,,,,,,
1780415607.928,1953613.0,9164.769,8.67587,,,,,,
1780415607.986,1953638.0,9195.767,8.693667,,,,,,
1780415607.987,1953663.0,9239.804,8.718331,,,,,,
1780415607.987,1953688.0,9293.949,8.74779,,,,,,
1780415608.050,1953713.0,9361.746,8.785471,,,,,,
1780415608.051,1953738.0,9432.483,8.824368,,,,,,
1780415608.115,1953763.0,9522.412,8.873791,,,,,,
1780415608.115,1953788.0,9621.821,8.927684,,,,,,
1780415608.116,1953813.0,9724.191,8.983798,,,,,,
1780415608.178,1953838.0,9834.787,9.043902,,,,,,
1780415608.179,1953863.0,9950.026,9.106762,,,,,,
1780415608.244,1953888.0,10069.512,9.171381,,,,,,
1780415608.244,1953913.0,10195.283,9.238791,,,,,,
1780415608.245,1953938.0,10323.746,9.307949,,,,,,
1780415608.295,1953963.0,10455.388,9.378878,,,,,,
1780415608.295,1953988.0,10587.942,9.450567,,,,,,
1780415608.927,1954603.0,10665.968,9.493888,,,,,calibrate,
1780415608.927,1954628.0,10742.195,9.535807,,,,,,
1780415608.988,1954653.0,10817.246,9.577277,,,,,,
1780415608.988,1954678.0,10889.86,9.617125,,,,,,
1780415609.051,1954703.0,10961.655,9.656261,,,,,,
1780415609.052,1954728.0,11032.978,9.695179,,,,,,
1780415609.053,1954753.0,11102.414,9.733387,,,,,,
1780415609.114,1954778.0,11170.222,9.769953,,,,,,
1780415609.114,1954803.0,11234.581,9.804885,,,,,,
1780415609.177,1954828.0,11295.433,9.837721,,,,,,
1780415609.177,1954853.0,11341.309,9.862062,,,,,,
1780415609.178,1954878.0,11376.294,9.880935,,,,,,
1780415609.242,1954903.0,11401.843,9.895014,,,,,,
1780415609.242,1954928.0,11413.045,9.900626,,,,,,
1780415609.305,1954953.0,11421.259,9.905268,,,,,,
1780415609.305,1954978.0,11410.771,9.899367,,,,,,
1780415609.306,1955003.0,11390.835,9.888765,,,,,,
1780415609.368,1955028.0,11367.347,9.87642,,,,,,
1780415609.369,1955053.0,11335.892,9.860085,,,,,,
1780415609.433,1955078.0,11299.738,9.840992,,,,,,
1780415609.434,1955103.0,11259.903,9.819898,,,,,,
1780415609.434,1955128.0,11213.338,9.795779,,,,,,
1780415609.488,1955153.0,11164.105,9.770144,,,,,,
1780415609.489,1955178.0,11111.586,9.742739,,,,,,
1780415609.562,1955203.0,11057.626,9.714572,,,,,,
1780415609.563,1955228.0,11057.347,9.714083,,,,,,
1780415609.564,1955253.0,11056.722,9.713838,,,,,,
1780415609.611,1955278.0,11056.451,9.713347,,,,,,
1780415609.612,1955303.0,11056.013,9.712857,,,,,,
1780415609.677,1955328.0,11055.116,9.712612,,,,,,
1780415609.678,1955353.0,11054.307,9.712122,,,,,,
1780415609.678,1955378.0,11054.155,9.711878,,,,,,
1780415609.741,1955403.0,11053.803,9.711878,,,,,,
1780415609.741,1955428.0,11053.735,9.711634,,,,,,
1780415609.804,1955453.0,11053.718,9.711388,,,,,,
1780415609.805,1955478.0,11053.709,9.711388,,,,,,
1780415609.805,1955503.0,11053.271,9.711142,,,,,,
1780415609.868,1955528.0,11052.777,9.710652,,,,,,
1780415609.868,1955553.0,11052.58,9.710651,,,,,,
1780415609.926,1955578.0,11052.291,9.710407,,,,,,
1780415609.927,1955603.0,11052.124,9.710406,,,,,,
1780415609.927,1955628.0,11051.845,9.710407,,,,,,
1780415609.995,1955653.0,11051.678,9.710161,,,,,,
1780415609.995,1955678.0,11051.24,9.709916,,,,,,
1780415609.996,1955703.0,11051.119,9.709426,,,,,,
1780415610.062,1955728.0,11050.794,9.709426,,,,,,
1780415610.062,1955753.0,11050.755,9.709426,,,,,,
1780415610.129,1955778.0,11050.159,9.709426,,,,,,
1780415610.130,1955803.0,11049.711,9.709426,,,,,,
1780415610.130,1955828.0,11049.47,9.709426,,,,,,
1780415610.178,1955853.0,11049.059,9.709426,,,,,,
1780415610.178,1955878.0,11049.088,9.709426,,,,,,
1780415610.245,1955903.0,11048.874,9.709426,,,,,,
1780415610.245,1955928.0,11048.938,9.709426,,,,,,
1780415610.246,1955953.0,11049.022,9.709426,,,,,,
1780415610.329,1955978.0,11049.022,9.709426,,,,,,
1780415610.329,1956003.0,11049.059,9.709182,,,,,,
1780415610.330,1956028.0,11049.049,9.708937,,,,,,
1780415610.378,1956053.0,11048.946,9.709181,,,,,,
1780415610.378,1956078.0,11048.536,9.709181,,,,,,
1780415610.429,1956103.0,11048.424,9.708936,,,,,,
1780415610.429,1956128.0,11048.574,9.708936,,,,,,
1780415610.496,1956153.0,11048.648,9.708936,,,,,,
1780415610.497,1956178.0,11048.267,9.708936,,,,,,
1780415610.497,1956203.0,11048.352,9.708937,,,,,,
1780415610.562,1956228.0,11048.258,9.708936,,,,,,
1780415610.563,1956253.0,11047.912,9.708937,,,,,,
1780415610.628,1956278.0,11047.746,9.708936,,,,,,
1780415610.629,1956303.0,11047.754,9.708937,,,,,,
1780415610.629,1956328.0,11047.503,9.709182,,,,,,
1780415610.678,1956353.0,11047.56,9.708937,,,,,,
1780415610.679,1956378.0,11047.522,9.708937,,,,,,
1780415610.744,1956403.0,11047.644,9.708937,,,,,,
1780415610.744,1956428.0,11047.579,9.708936,,,,,,
1780415610.794,1956453.0,11047.773,9.708937,,,,,,
1780415610.795,1956478.0,11047.803,9.708936,,,,,,
1780415610.796,1956503.0,11047.914,9.708937,,,,,,
1780415610.828,1956528.0,11047.682,8.903045,,,,,,
1780415610.851,1956553.0,11047.419,8.902944,,,,,,
1780415610.875,1956578.0,11047.392,8.902958,,,,,,
1780415610.898,1956603.0,11047.345,8.902984,,,,,,
1780415610.924,1956628.0,11047.084,8.903371,,,,,,
1780415610.947,1956653.0,11047.159,8.903576,,,,,,
1780415610.980,1956678.0,11047.046,8.903392,,,,,,
1780415611.003,1956703.0,11047.263,8.903274,,,,,,
1780415611.026,1956728.0,11046.796,8.903528,,,,,,
1780415611.049,1956753.0,11046.666,8.903599,,,,,,
1780415611.072,1956778.0,11046.647,8.903609,,,,,,
1780415611.107,1956803.0,11046.665,8.9036,,,,,,
1780415611.130,1956828.0,11046.693,8.903585,,,,,,
1780415611.153,1956853.0,11046.441,8.903722,,,,,,
1780415611.177,1956878.0,11046.617,8.903626,,,,,,
1780415611.199,1956903.0,11046.544,8.903666,,,,,rotate on,OK rotated on
1780415611.243,1956928.0,11046.591,8.903397,,,,,,
1780415611.304,1956953.0,11046.487,8.903453,,,,,,
1780415611.305,1956978.0,11046.162,8.90363,,,,,,
1780415611.305,1957003.0,11045.986,8.903727,,,,,,
1780415611.369,1957028.0,11046.032,8.903457,,,,,,
1780415611.369,1957053.0,11046.125,8.903406,,,,,,
1780415611.426,1957078.0,11046.17,8.903137,,,,,,
1780415611.427,1957103.0,11045.968,8.903003,,,,,,
1780415611.427,1957128.0,11046.08,8.902941,,,,,,
1780415611.493,1957153.0,11046.366,8.902539,,,,,,
1780415611.493,1957178.0,11046.509,8.902707,,,,,,
1780415611.562,1957203.0,11046.406,8.902517,,,,,,
1780415611.563,1957228.0,11046.499,8.902467,,,,,,
1780415611.563,1957253.0,11046.554,8.902438,,,,,,
1780415611.628,1957278.0,11046.461,8.902488,,,,,,
1780415611.628,1957303.0,11046.451,8.902494,,,,,,
1780415611.629,1957328.0,11045.968,8.902758,,,,,,
1780415611.677,1957353.0,11046.2,8.902631,,,,,,
1780415611.677,1957378.0,11046.088,8.902692,,,,,,
1780415611.742,1957403.0,11046.041,8.902964,,,,,,
1780415611.743,1957428.0,11045.986,8.902747,,,,,,
1780415611.810,1957453.0,11045.957,8.902764,,,,,,
1780415611.810,1957478.0,11046.173,8.902645,,,,,,
1780415611.810,1957503.0,11046.098,8.902686,,,,,,
1780415611.869,1957528.0,11046.349,8.90255,,,,,,
1780415611.869,1957553.0,11046.097,8.902932,,,,,,
1780415611.932,1957578.0,11046.162,8.902652,,,,,,
1780415611.933,1957603.0,11046.46,8.902735,,,,,,
1780415611.933,1957628.0,11046.544,8.902688,,,,,,
1780415611.996,1957653.0,11046.414,8.903004,,,,,,
1780415611.997,1957678.0,11046.517,8.902703,,,,,,
1780415611.997,1957703.0,11046.2,8.903121,,,,,,
1780415612.061,1957728.0,11046.2,8.903366,,,,,,
1780415612.062,1957753.0,11046.247,8.903339,,,,,,
1780415612.128,1957778.0,11045.799,8.90383,,,,,,
1780415612.128,1957803.0,11045.697,8.903885,,,,,,
1780415612.128,1957828.0,11045.725,8.904115,,,,,,
1780415612.178,1957853.0,11045.65,8.903911,,,,,,
1780415612.178,1957878.0,11045.485,8.903756,,,,,,
1780415612.242,1957903.0,11045.4,8.903802,,,,,,
1780415612.243,1957928.0,11045.456,8.903771,,,,,,
1780415612.313,1957953.0,11045.885,8.903293,,,,,,
1780415612.313,1957978.0,11045.95,8.903502,,,,,,
1780415612.314,1958003.0,11045.978,8.903486,,,,,,
1780415612.362,1958028.0,11045.791,8.903588,,,,,,
1780415612.362,1958053.0,11045.838,8.903563,,,,,,
1780415612.428,1958078.0,11045.78,8.90335,,,,,,
1780415612.428,1958103.0,11045.715,8.903386,,,,,,
1780415612.428,1958128.0,11045.715,8.903141,,,,,,
1780415612.489,1958153.0,11045.428,8.903297,,,,,,
1780415612.489,1958178.0,11045.611,8.903197,,,,,,
1780415612.562,1958203.0,11045.481,8.903269,,,,,,
1780415612.562,1958228.0,11045.25,8.903151,,,,,,
1780415612.563,1958253.0,11045.156,8.903201,,,,,,
1780415612.630,1958278.0,11045.175,8.903191,,,,,,
1780415612.630,1958303.0,11044.98,8.903297,,,,,,
1780415612.631,1958328.0,11044.972,8.903302,,,,,,
1780415612.695,1958353.0,11045.027,8.903028,,,,,,
1780415612.695,1958378.0,11044.804,8.90315,,,,,,
1780415612.696,1958403.0,11045.193,8.902692,,,,,,
1780415612.762,1958428.0,11044.858,8.90263,,,,,,
1780415612.763,1958453.0,11044.665,8.902492,,,,,,
1780415612.826,1958478.0,11044.617,8.902517,,,,,,
1780415612.826,1958503.0,11044.804,8.902659,,,,,,
1780415612.827,1958528.0,11044.831,8.902645,,,,,,
1780415612.893,1958553.0,11044.421,8.903114,,,,,,
1780415612.894,1958578.0,11044.216,8.903471,,,,,,
1780415612.945,1958603.0,11044.402,8.903124,,,,,,
1780415612.945,1958628.0,11044.478,8.903084,,,,,,
1780415612.945,1958653.0,11044.44,8.903105,,,,,,
1780415613.026,1958678.0,11044.477,8.903084,,,,,,
1780415613.027,1958703.0,11044.392,8.903131,,,,,,
1780415613.027,1958728.0,11044.655,8.90274,,,,,,
1780415613.077,1958753.0,11044.653,8.902987,,,,,,
1780415613.078,1958778.0,11044.988,8.902803,,,,,,
1780415613.128,1958803.0,11044.747,8.902936,,,,,,
1780415613.128,1958828.0,11044.981,8.902807,,,,,,
1780415613.191,1958853.0,11045.139,8.902721,,,,,,
1780415613.192,1958878.0,11045.231,8.902426,,,,,,
1780415613.259,1958903.0,11045.009,8.902548,,,,,,
1780415613.260,1958928.0,11045.121,8.902486,,,,,,
1780415613.260,1958953.0,11045.084,8.902507,,,,,,
1780415613.325,1958978.0,11045.01,8.902792,,,,,,
1780415613.326,1959003.0,11044.749,8.90269,,,,,,
1780415613.326,1959028.0,11044.638,8.902996,,,,,,
1780415613.378,1959053.0,11044.981,8.903052,,,,,,
1780415613.378,1959078.0,11044.869,8.903114,,,,,,
1780415613.444,1959103.0,11044.99,8.903048,,,,,,
1780415613.445,1959128.0,11044.795,8.903154,,,,,,
1780415613.445,1959153.0,11044.638,8.902995,,,,,,
1780415613.515,1959178.0,11044.906,8.902848,,,,,,
1780415613.515,1959203.0,11044.831,8.90289,,,,,,
1780415613.578,1959228.0,11044.72,8.903195,,,,,,
1780415613.579,1959253.0,11044.756,8.903176,,,,,,
1780415613.579,1959278.0,11044.85,8.90288,,,,,,
1780415613.626,1959303.0,11044.924,8.90284,,,,,,
1780415613.627,1959328.0,11044.915,8.903089,,,,,,
1780415613.691,1959353.0,11044.626,8.903491,,,,,,
1780415613.691,1959378.0,11044.682,8.903216,,,,,,
1780415613.759,1959403.0,11044.459,8.903093,,,,,,
1780415613.760,1959428.0,11044.57,8.903032,,,,,,
1780415613.760,1959453.0,11044.674,8.903221,,,,,,
1780415613.824,1959478.0,11044.72,8.90344,,,,,,
1780415613.824,1959503.0,11044.645,8.903727,,,,,,
1780415613.824,1959528.0,11044.784,8.903649,,,,,,
1780415613.894,1959553.0,11044.58,8.904006,,,,,,
1780415613.895,1959578.0,11044.525,8.904037,,,,,,
1780415613.896,1959603.0,11044.653,8.903966,,,,,,
1780415613.943,1959628.0,11044.831,8.904115,,,,,,
1780415614.002,1959653.0,11044.943,8.903808,,,,,,
1780415614.003,1959678.0,11044.999,8.903777,,,,,,
1780415614.003,1959703.0,11045.315,8.90385,,,,,,
1780415614.072,1959728.0,11046.332,8.904273,,,,,,
1780415614.073,1959753.0,11049.309,8.903871,,,,,,
1780415614.073,1959778.0,11053.687,8.903929,,,,,,
1780415614.137,1959803.0,11063.894,8.903754,,,,,,
1780415614.137,1959828.0,11080.82,8.903365,,,,,,
1780415614.192,1959853.0,11106.543,8.902637,,,,,,
1780415614.192,1959878.0,11140.169,8.901583,,,,,,
1780415614.264,1959903.0,11182.048,8.900275,,,,,,
1780415614.265,1959928.0,11231.545,8.899089,,,,,,
1780415614.265,1959953.0,11286.129,8.897663,,,,,,
1780415614.328,1959978.0,11341.645,8.895982,,,,,,
1780415614.328,1960003.0,11397.996,8.894594,,,,,,
1780415614.328,1960028.0,11454.856,8.893184,,,,,,
1780415614.393,1960053.0,11512.558,8.891323,,,,,,
1780415614.394,1960078.0,11574.879,8.889481,,,,,,
1780415614.443,1960103.0,11637.438,8.887508,,,,,,
1780415614.443,1960128.0,11700.401,8.88557,,,,,,
1780415614.502,1960153.0,11763.249,8.883694,,,,,,
1780415614.503,1960178.0,11826.041,8.881848,,,,,,
1780415614.503,1960203.0,11888.94,8.87969,,,,,,
1780415614.567,1960228.0,11951.966,8.877718,,,,,,
1780415614.568,1960253.0,12014.822,8.875837,,,,,,
1780415614.630,1960278.0,12077.268,8.874427,,,,,,
1780415614.630,1960303.0,12139.142,8.872572,,,,,,
1780415614.631,1960328.0,12199.188,8.8707,,,,,,
1780415614.693,1960353.0,12256.134,8.86877,,,,,,
1780415614.694,1960378.0,12309.028,8.867551,,,,,,
1780415614.757,1960403.0,12359.77,8.866018,,,,,,
1780415614.757,1960428.0,12400.885,8.86427,,,,,,
1780415614.758,1960453.0,12424.093,8.863557,,,,,,
1780415614.820,1960478.0,12435.853,8.863379,,,,,,
1780415614.821,1960503.0,12432.832,8.863528,,,,,,
1780415614.821,1960528.0,12415.012,8.864516,,,,,,
1780415614.884,1960553.0,12380.691,8.865773,,,,,,
1780415614.885,1960578.0,12333.227,8.867235,,,,,,
1780415614.946,1960603.0,12277.925,8.868798,,,,,,
1780415614.946,1960628.0,12219.508,8.870337,,,,,,
1780415614.946,1960653.0,12151.826,8.871811,,,,,,
1780415615.012,1960678.0,12070.345,8.873804,,,,,,
1780415615.012,1960703.0,11978.526,8.876019,,,,,,
1780415615.078,1960728.0,11860.88,8.878105,,,,,,
1780415615.079,1960753.0,11741.775,8.880028,,,,,,
1780415615.080,1960778.0,11621.146,8.881845,,,,,,
1780415615.139,1960803.0,11499.883,8.883774,,,,,,
1780415615.139,1960828.0,11377.504,8.885863,,,,,,
1780415615.192,1960853.0,11253.501,8.887884,,,,,,
1780415615.192,1960878.0,11128.093,8.889737,,,,,,
1780415615.265,1960903.0,11001.857,8.891575,,,,,,
1780415615.265,1960928.0,10875.915,8.893529,,,,,,
1780415615.265,1960953.0,10750.537,8.895258,,,,,,
1780415615.328,1960978.0,10627.361,8.896799,,,,,,
1780415615.329,1961003.0,10506.367,8.898165,,,,,,
1780415615.329,1961028.0,10386.103,8.899639,,,,,,
1780415615.376,1961053.0,10269.315,8.901725,,,,,,
1780415615.376,1961078.0,10163.889,8.902661,,,,,,
1780415615.454,1961103.0,10060.872,8.903537,,,,,,
1780415615.454,1961128.0,9964.722,8.904414,,,,,,
1780415615.454,1961153.0,9875.25,8.904648,,,,,,
1780415615.517,1961178.0,9794.601,8.904757,,,,,,
1780415615.518,1961203.0,9722.135,8.904587,,,,,,
1780415615.580,1961228.0,9654.629,8.904468,,,,,,
1780415615.581,1961253.0,9589.551,8.90401,,,,,,
1780415615.581,1961278.0,9533.046,8.903974,,,,,,
1780415615.644,1961303.0,9489.025,8.903649,,,,,,
1780415615.644,1961328.0,9450.547,8.903181,,,,,,
1780415615.706,1961353.0,9438.229,8.902893,,,,,,
1780415615.707,1961378.0,9427.515,8.902667,,,,,,
1780415615.707,1961403.0,9420.032,8.902779,,,,,,
1780415615.774,1961428.0,9414.477,8.902539,,,,,,
1780415615.774,1961453.0,9411.643,8.902449,,,,,,
1780415615.775,1961478.0,9411.483,8.902303,,,,,,
1780415615.838,1961503.0,9413.857,8.902408,,,,,,
1780415615.839,1961528.0,9417.704,8.902411,,,,,,
1780415615.902,1961553.0,9422.755,8.902458,,,,,,
1780415615.903,1961578.0,9434.805,8.902668,,,,,,
1780415615.903,1961603.0,9451.215,8.903326,,,,,,
1780415615.966,1961628.0,9469.669,8.904051,,,,,,
1780415615.966,1961653.0,9497.457,8.904424,,,,,,
1780415616.029,1961678.0,9531.007,8.904279,,,,,,
1780415616.030,1961703.0,9567.012,8.904703,,,,,,
1780415616.030,1961728.0,9614.597,8.905298,,,,,,
1780415616.093,1961753.0,9691.033,8.905271,,,,,,
1780415616.093,1961778.0,9774.995,8.905069,,,,,,
1780415616.157,1961803.0,9862.142,8.904633,,,,,,
1780415616.158,1961828.0,9959.232,8.903992,,,,,,
1780415616.158,1961853.0,10061.566,8.903152,,,,,,
1780415616.207,1961878.0,10166.776,8.902725,,,,,,
1780415616.208,1961903.0,10281.459,8.901672,,,,,,
1780415616.268,1961928.0,10397.91,8.900643,,,,,,
1780415616.269,1961953.0,10518.105,8.899339,,,,,,
1780415616.331,1961978.0,10639.796,8.897998,,,,,,
1780415616.332,1962003.0,10764.231,8.896698,,,,,,
1780415616.332,1962028.0,10888.33,8.894926,,,,,,
1780415616.394,1962053.0,11011.787,8.893038,,,,,,
1780415616.395,1962078.0,11135.018,8.891356,,,,,,
1780415616.395,1962103.0,11257.094,8.889605,,,,,,
1780415616.445,1962128.0,11378.192,8.887939,,,,,,
1780415616.446,1962153.0,11499.009,8.885938,,,,,,
1780415616.478,1962178.0,11619.188,8.884073,,,,,,
1780415616.501,1962203.0,11733.527,8.882092,,,,,,
1780415616.523,1962228.0,11843.375,8.879732,,,,,,
1780415616.557,1962253.0,11951.683,8.87703,,,,,,
1780415616.581,1962278.0,12050.593,8.874716,,,,,,
1780415616.605,1962303.0,12142.995,8.872838,,,,,,
1780415616.629,1962328.0,12232.521,8.870603,,,,,,
1780415616.653,1962353.0,12306.96,8.868332,,,,,,
1780415616.676,1962378.0,12351.579,8.866454,,,,,,
1780415616.700,1962403.0,12382.949,8.865578,,,,,,
1780415616.724,1962428.0,12407.298,8.864784,,,,,,
1780415616.749,1962453.0,12417.576,8.86418,,,,,,
1780415616.773,1962478.0,12418.62,8.864111,,,,,,
1780415616.808,1962503.0,12409.327,8.864435,,,,,,
1780415616.831,1962528.0,12384.35,8.865065,,,,,,
1780415616.857,1962553.0,12348.776,8.865775,,,,,crack_output on,OK crack_output on
1780415616.924,1962578.0,12300.829,8.867045,,,,,,
1780415616.925,1962603.0,12246.366,8.86866,,,,,,
1780415616.925,1962628.0,12185.46,8.870062,,,,,,
1780415616.975,1962653.0,12104.365,8.872287,,,,,,
1780415616.976,1962678.0,12020.298,8.874208,,,,,,
1780415617.027,1962703.0,11930.822,8.875908,,,,,,
1780415617.028,1962728.0,11835.115,8.878142,,,,,,
1780415617.090,1962753.0,11736.785,8.879886,,,,,,
1780415617.091,1962778.0,11632.98,8.881309,,,,,,
1780415617.154,1962803.0,11528.531,8.882592,,,,,,
1780415617.155,1962828.0,11420.853,8.884713,,,,,,
1780415617.155,1962853.0,11310.418,8.886684,,,,,,
1780415617.217,1962878.0,11197.878,8.888862,,,,,,
1780415617.218,1962903.0,11083.937,8.890863,,,,,,
1780415617.274,1962928.0,10970.126,8.892812,,,,,,
1780415617.274,1962953.0,10854.356,8.89491,,,,,,
1780415617.275,1962978.0,10742.426,8.896687,,,,,,
1780415617.345,1963003.0,10630.236,8.898663,,,,,,
1780415617.345,1963028.0,10523.251,8.899856,,,,,,
1780415617.346,1963053.0,10419.709,8.901186,,,,,,
1780415617.410,1963078.0,10320.159,8.902602,,,,,,
1780415617.411,1963103.0,10226.427,8.903852,,,,,,
1780415617.476,1963128.0,10139.84,8.90446,,,,,,
1780415617.477,1963153.0,10059.698,8.905032,,,,,,
1780415617.477,1963178.0,9988.838,8.905482,,,,,,
1780415617.537,1963203.0,9926.28,8.905594,,,,,,
1780415617.538,1963228.0,9868.199,8.905464,,,,,,
1780415617.601,1963253.0,9812.784,8.905599,,,,,,
1780415617.602,1963278.0,9776.526,8.904967,,,,,,
1780415617.602,1963303.0,9742.329,8.904902,,,,,,
1780415617.661,1963328.0,9712.244,8.904751,,,,,,
1780415617.662,1963353.0,9688.001,8.904511,,,,,,
1780415617.726,1963378.0,9667.798,8.904203,,,,,,
1780415617.727,1963403.0,9653.983,8.904909,,,,,,
1780415617.727,1963428.0,9642.307,8.905623,,,,,,
1780415617.793,1963453.0,9635.361,8.905642,,,,,,
1780415617.793,1963478.0,9632.604,8.905262,,,,,,
1780415617.859,1963503.0,9632.977,8.905294,,,,,,
1780415617.859,1963528.0,9636.24,8.905397,,,,,,
1780415617.860,1963553.0,9646.731,8.904625,,,,,,
1780415617.925,1963578.0,9659.669,8.904403,,,,,,
1780415617.926,1963603.0,9673.626,8.904337,,,,,,
1780415617.926,1963628.0,9689.919,8.904411,,,,,,
1780415617.977,1963653.0,9712.312,8.904958,,,,,,
1780415617.978,1963678.0,9745.757,8.905219,,,,,,
1780415618.043,1963703.0,9780.841,8.905307,,,,,,
1780415618.044,1963728.0,9823.887,8.905634,,,,,,
1780415618.102,1963753.0,9883.983,8.905652,,,,,,
1780415618.103,1963778.0,9961.154,8.905216,,,,,,
1780415618.103,1963803.0,10039.394,8.904938,,,,,,
1780415618.159,1963828.0,10128.289,8.904301,,,,,,
1780415618.159,1963853.0,10220.732,8.903474,,,,,,
1780415618.232,1963878.0,10319.191,8.902604,,,,,,
1780415618.233,1963903.0,10422.985,8.901587,,,,,,
1780415618.233,1963928.0,10530.331,8.900376,,,,,,
1780415618.292,1963953.0,10640.796,8.899231,,,,,,
1780415618.292,1963978.0,10754.45,8.897629,,,,,,
1780415618.345,1964003.0,10868.871,8.896152,,,,,,
1780415618.345,1964028.0,10983.603,8.89433,,,,,,
1780415618.346,1964053.0,11098.449,8.892266,,,,,,
1780415618.409,1964078.0,11212.329,8.890282,,,,,,
1780415618.410,1964103.0,11325.97,8.888699,,,,,,
1780415618.472,1964128.0,11438.294,8.886912,,,,,,
1780415618.473,1964153.0,11549.275,8.885152,,,,,,
1780415618.473,1964178.0,11653.676,8.88415,,,,,,
1780415618.543,1964203.0,11757.736,8.882365,,,,,,
1780415618.544,1964228.0,11860.675,8.880485,,,,,,
1780415618.602,1964253.0,11962.733,8.878624,,,,,,
1780415618.603,1964278.0,12058.756,8.876473,,,,,,
1780415618.603,1964303.0,12140.711,8.874475,,,,,,
1780415618.658,1964328.0,12215.201,8.872792,,,,,,
1780415618.659,1964353.0,12276.607,8.87114,,,,,,
1780415618.729,1964378.0,12313.171,8.870013,,,,,,
1780415618.729,1964403.0,12326.455,8.869724,,,,,,
1780415618.730,1964428.0,12330.878,8.869295,,,,,,
1780415618.793,1964453.0,12318.222,8.869496,,,,,,
1780415618.794,1964478.0,12294.973,8.870274,,,,,,
1780415618.856,1964503.0,12260.317,8.871078,,,,,,
1780415618.857,1964528.0,12217.137,8.872301,,,,,,
1780415618.857,1964553.0,12168.972,8.873508,,,,,,
1780415618.920,1964578.0,12117.287,8.874626,,,,,,
1780415618.921,1964603.0,12062.119,8.875882,,,,,,
1780415618.921,1964628.0,12003.634,8.877447,,,,,,
1780415618.984,1964653.0,11943.849,8.878961,,,,,,
1780415618.985,1964678.0,11882.481,8.880821,,,,,,
1780415619.041,1964703.0,11822.215,8.882559,,,,,,
1780415619.042,1964728.0,11753.978,8.884481,,,,,,
1780415619.108,1964753.0,11685.665,8.885947,,,,,,
1780415619.108,1964778.0,11617.862,8.887865,,,,,,
1780415619.109,1964803.0,11551.244,8.889623,,,,,,
1780415619.165,1964828.0,11484.997,8.891677,,,,,,
1780415619.165,1964853.0,11422.902,8.89415,,,,,,
1780415619.228,1964878.0,11355.505,8.896334,,,,,,
1780415619.229,1964903.0,11274.365,8.898759,,,,,,
1780415619.229,1964928.0,11180.013,8.900584,,,,,,
1780415619.292,1964953.0,11090.589,8.902521,,,,,,
1780415619.293,1964978.0,11009.495,8.904103,,,,,,
1780415619.356,1965003.0,10950.034,8.905826,,,,,,
1780415619.356,1965028.0,10951.897,8.905559,,,,,,
1780415619.357,1965053.0,10956.152,8.905224,,,,,,
1780415619.409,1965078.0,10934.622,8.905435,,,,,,
1780415619.409,1965103.0,10917.378,8.905299,,,,,,
1780415619.470,1965128.0,10908.432,8.905291,,,,,,
1780415619.471,1965153.0,10927.369,8.905057,,,,,,
1780415619.471,1965178.0,10997.054,8.903276,,,,,,
1780415619.535,1965203.0,11083.487,8.900816,,,,,,
1780415619.535,1965228.0,11155.013,8.898772,,,,,,
1780415619.608,1965253.0,11183.945,8.898018,,,,,,
1780415619.608,1965278.0,11137.04,8.898882,,,,,,
1780415619.609,1965303.0,11118.085,8.89928,,,,,,
1780415619.662,1965328.0,11111.171,8.899395,,,,,,
1780415619.662,1965353.0,11128.475,8.899005,,,,,,
1780415619.729,1965378.0,11147.867,8.898456,,,,,,
1780415619.729,1965403.0,11161.63,8.897789,,,,,,
1780415619.729,1965428.0,11166.68,8.896984,,,,,,
1780415619.793,1965453.0,11170.548,8.89658,,,,,,
1780415619.793,1965478.0,11176.381,8.895844,,,,,,
1780415619.856,1965503.0,11220.6,8.894445,,,,,,
1780415619.857,1965528.0,11317.562,8.8913,,,,,,
1780415619.857,1965553.0,11429.327,8.888895,,,,,,
1780415619.920,1965578.0,11524.503,8.886858,,,,,,
1780415619.921,1965603.0,11498.53,8.886622,,,,,,
1780415619.921,1965628.0,11495.99,8.886806,,,,,,
1780415619.974,1965653.0,11453.043,8.88806,,,,,,
1780415619.975,1965678.0,11429.405,8.889097,,,,,,
1780415620.032,1965703.0,11446.29,8.888706,,,,,,
1780415620.033,1965728.0,11463.515,8.888358,,,,,,
1780415620.096,1965753.0,11455.017,8.888137,,,,,,
1780415620.096,1965778.0,11418.55,8.88869,,,,,,
1780415620.097,1965803.0,11338.918,8.890785,,,,,,
1780415620.159,1965828.0,11257.281,8.893812,,,,,,
1780415620.159,1965853.0,11217.506,8.895815,,,,,,
1780415620.228,1965878.0,11232.322,8.896234,,,,,,
1780415620.229,1965903.0,11321.634,8.894507,,,,,,
1780415620.229,1965928.0,11366.759,8.893622,,,,,,
1780415620.292,1965953.0,11357.84,8.893398,,,,,,
1780415620.293,1965978.0,11312.066,8.894153,,,,,,
1780415620.356,1966003.0,11296.536,8.89503,,,,,,
1780415620.357,1966028.0,11313.903,8.894442,,,,,,
1780415620.357,1966053.0,11334.209,8.894427,,,,,,
1780415620.420,1966078.0,11340.945,8.894176,,,,,,
1780415620.420,1966103.0,11315.255,8.894825,,,,,,
1780415620.421,1966128.0,11258.844,8.896087,,,,,,
1780415620.475,1966153.0,11206.098,8.898109,,,,,,
1780415620.475,1966178.0,11198.89,8.898718,,,,,,
1780415620.546,1966203.0,11207.793,8.898693,,,,,,
1780415620.547,1966228.0,11329.85,8.897015,,,,,,
1780415620.547,1966253.0,11378.161,8.895843,,,,,,
1780415620.608,1966278.0,11333.137,8.896261,,,,,,
1780415620.609,1966303.0,11292.915,8.897161,,,,,,
1780415620.676,1966328.0,11266.568,8.898099,,,,,,
1780415620.677,1966353.0,11265.7,8.898574,,,,,,
1780415620.678,1966378.0,11310.229,8.897876,,,,,,
1780415620.724,1966403.0,11339.199,8.896963,,,,,,
1780415620.725,1966428.0,11331.709,8.897418,,,,,,
1780415620.784,1966453.0,11305.113,8.897832,,,,,,
1780415620.785,1966478.0,11276.732,8.898973,,,,,,
1780415620.847,1966503.0,11278.616,8.898698,,,,,,
1780415620.848,1966528.0,11287.265,8.899015,,,,,,
1780415620.848,1966553.0,11306.409,8.899072,,,,,,
1780415620.910,1966578.0,11361.468,8.898828,,,,,,
1780415620.911,1966603.0,11372.466,8.899051,,,,,,
1780415620.975,1966628.0,11334.51,8.90026,,,,,,
1780415620.975,1966653.0,11284.022,8.902405,,,,,,
1780415620.976,1966678.0,11260.339,8.903533,,,,,,
1780415621.038,1966703.0,11273.03,8.903751,,,,,,
1780415621.038,1966728.0,11308.65,8.903099,,,,,,
1780415621.103,1966753.0,11309.353,8.903684,,,,,,
1780415621.104,1966778.0,11260.171,8.905348,,,,,,
1780415621.104,1966803.0,11176.631,8.908161,,,,,,
1780415621.168,1966828.0,11154.005,8.909613,,,,,,
1780415621.169,1966853.0,11152.968,8.909925,,,,,,
1780415621.224,1966878.0,11184.517,8.90928,,,,,,
1780415621.225,1966903.0,11287.421,8.908002,,,,,,
1780415621.225,1966928.0,11336.76,8.907545,,,,,,
1780415621.295,1966953.0,11297.277,8.909017,,,,,,
1780415621.296,1966978.0,11253.639,8.910518,,,,,,
1780415621.296,1967003.0,11211.64,8.912749,,,,,,
1780415621.359,1967028.0,11214.374,8.91348,,,,,,
1780415621.359,1967053.0,11245.331,8.913196,,,,,,
1780415621.423,1967078.0,11264.282,8.913037,,,,,,
1780415621.423,1967103.0,11239.526,8.91342,,,,,,
1780415621.423,1967128.0,11174.005,8.91591,,,,,,
1780415621.473,1967153.0,11146.072,8.91713,,,,,,
1780415621.474,1967178.0,11159.369,8.916445,,,,,,
1780415621.535,1967203.0,11178.12,8.915803,,,,,,
1780415621.536,1967228.0,11253.176,8.914546,,,,,,
1780415621.599,1967253.0,11335.461,8.91292,,,,,,
1780415621.600,1967278.0,11306.415,8.913785,,,,,,
1780415621.600,1967303.0,11276.272,8.914781,,,,,,
1780415621.662,1967328.0,11244.147,8.916148,,,,,,
1780415621.662,1967353.0,11239.63,8.916888,,,,,,
1780415621.726,1967378.0,11279.074,8.915937,,,,,,
1780415621.726,1967403.0,11307.691,8.915132,,,,,,
1780415621.727,1967428.0,11310.791,8.915136,,,,,,
1780415621.790,1967453.0,11253.791,8.916097,,,,,,
1780415621.791,1967478.0,11202.111,8.918029,,,,,,
1780415621.854,1967503.0,11186.3,8.918833,,,,,,
1780415621.854,1967528.0,11192.629,8.918414,,,,,,
1780415621.855,1967553.0,11228.777,8.917176,,,,,,
1780415621.916,1967578.0,11323.619,8.914867,,,,,,
1780415621.917,1967603.0,11334.637,8.914131,,,,,,
1780415621.973,1967628.0,11297.071,8.914482,,,,,,
1780415621.974,1967653.0,11255.039,8.915481,,,,,,
1780415621.974,1967678.0,11241.554,8.915467,,,,,,
1780415622.044,1967703.0,11262.468,8.914619,,,,,,
1780415622.045,1967728.0,11302.225,8.912697,,,,,,
1780415622.045,1967753.0,11304.673,8.911358,,,,,,
1780415622.109,1967778.0,11262.738,8.911728,,,,,,
1780415622.109,1967803.0,11201.519,8.913538,,,,,,
1780415622.157,1967828.0,11179.291,8.914071,,,,,,
1780415622.158,1967853.0,11185.387,8.913275,,,,,,
1780415622.235,1967878.0,11197.925,8.912231,,,,,,
1780415622.235,1967903.0,11298.585,8.909198,,,,,,
1780415622.235,1967928.0,11347.365,8.907356,,,,,,
1780415622.289,1967953.0,11308.122,8.906795,,,,,,
1780415622.290,1967978.0,11269.173,8.906903,,,,,,
1780415622.490,1968003.0,11236.258,8.907196,0.013913,93.409149,1967954.75,3.060876,,
1780415622.492,1968125.0,11212.454,8.907058,,,,,,
1780415622.493,1968150.0,11233.541,8.905807,,,,,,
1780415622.494,1968175.0,11301.168,8.903337,,,,,,
1780415622.494,1968200.0,11352.691,8.900725,,,,,,
1780415622.573,1968225.0,11366.557,8.899715,,,,,,
1780415622.573,1968250.0,11355.126,8.89964,,,,,,
1780415622.574,1968275.0,11252.53,8.900951,,,,,,
1780415622.640,1968300.0,11172.829,8.902343,,,,,,
1780415622.641,1968325.0,11174.724,8.902273,,,,,,
1780415622.707,1968350.0,11227.568,8.900663,,,,,,
1780415622.708,1968375.0,11267.789,8.898676,,,,,,
1780415622.708,1968400.0,11271.103,8.898092,,,,,,
1780415622.774,1968425.0,11243.032,8.898217,,,,,,
1780415622.775,1968450.0,11200.145,8.898721,,,,,,
1780415622.775,1968475.0,11212.4,8.89833,,,,,,
1780415622.839,1968500.0,11274.795,8.896532,,,,,,
1780415622.840,1968525.0,11343.895,8.893726,,,,,,
1780415622.907,1968550.0,11368.384,8.892465,,,,,,
1780415622.907,1968575.0,11363.903,8.892632,,,,,,
1780415622.908,1968600.0,11307.737,8.893709,,,,,,
1780415622.975,1968625.0,11214.461,8.895779,,,,,,
1780415622.976,1968650.0,11167.807,8.896459,,,,,,
1780415622.977,1968675.0,11218.224,8.895782,,,,,,
1780415623.043,1968700.0,11262.73,8.894613,,,,,,
1780415623.043,1968725.0,11290.265,8.894036,,,,,,
1780415623.044,1968750.0,11292.335,8.893388,,,,,,
1780415623.116,1968775.0,11260.36,8.893814,,,,,,
1780415623.117,1968800.0,11196.678,8.895829,,,,,,
1780415623.117,1968825.0,11167.428,8.89719,,,,,,
1780415623.191,1968850.0,11172.692,8.896599,,,,,,
1780415623.192,1968875.0,11186.808,8.896222,,,,,,
1780415623.192,1968900.0,11290.517,8.894302,,,,,,
1780415623.258,1968925.0,11357.126,8.892796,,,,,,
1780415623.258,1968950.0,11330.482,8.893488,,,,,,
1780415623.323,1968975.0,11294.582,8.894178,,,,,,
1780415623.324,1969000.0,11273.278,8.895029,,,,,,
1780415623.324,1969025.0,11285.996,8.894977,,,,,,
1780415623.390,1969050.0,11310.634,8.8945,,,,,,
1780415623.391,1969075.0,11332.557,8.894633,,,,,,
1780415623.457,1969100.0,11319.205,8.894658,,,,,,
1780415623.457,1969125.0,11254.242,8.895928,,,,,,
1780415623.458,1969150.0,11205.512,8.897931,,,,,,
1780415623.525,1969175.0,11198.715,8.898344,,,,,,
1780415623.526,1969200.0,11203.053,8.898002,,,,,,
1780415623.527,1969225.0,11255.575,8.897143,,,,,,
1780415623.592,1969250.0,11340.388,8.895171,,,,,,
1780415623.592,1969275.0,11321.548,8.895482,,,,,,
1780415623.593,1969300.0,11283.334,8.896119,,,,,,
1780415623.657,1969325.0,11249.325,8.897092,,,,,,
1780415623.657,1969350.0,11241.808,8.897004,,,,,,
1780415623.724,1969375.0,11287.841,8.896384,,,,,,
1780415623.724,1969400.0,11319.848,8.895692,,,,,,
1780415623.724,1969425.0,11313.633,8.895691,,,,,,
1780415623.794,1969450.0,11258.767,8.896479,,,,,,
1780415623.795,1969475.0,11191.682,8.898536,,,,,,
1780415623.795,1969500.0,11148.7,8.899957,,,,,,
1780415623.876,1969525.0,11136.817,8.90065,,,,,,
1780415623.876,1969550.0,11153.437,8.900349,,,,,,
1780415623.876,1969575.0,11235.58,8.898345,,,,,,
1780415623.939,1969600.0,11286.519,8.897089,,,,,,
1780415623.939,1969625.0,11266.13,8.897347,,,,,,
1780415624.007,1969650.0,11221.433,8.898133,,,,,,
1780415624.007,1969675.0,11204.008,8.898812,,,,,,
1780415624.007,1969700.0,11227.108,8.898495,,,,,,
1780415624.072,1969725.0,11258.91,8.897948,,,,,,
1780415624.073,1969750.0,11265.039,8.897979,,,,,,
1780415624.073,1969775.0,11231.839,8.898258,,,,,,
1780415624.139,1969800.0,11168.46,8.899875,,,,,,
1780415624.140,1969825.0,11137.34,8.901541,,,,,,
1780415624.206,1969850.0,11148.446,8.901564,,,,,,
1780415624.206,1969875.0,11172.062,8.901552,,,,,,
1780415624.207,1969900.0,11275.013,8.90037,,,,,,
1780415624.272,1969925.0,11329.486,8.89994,,,,,,
1780415624.273,1969950.0,11293.503,8.901214,,,,,,
1780415624.273,1969975.0,11247.443,8.903105,,,,,,
1780415624.340,1970000.0,11219.19,8.904709,,,,,,
1780415624.341,1970025.0,11223.826,8.905382,,,,,,
1780415624.407,1970050.0,11250.829,8.905543,,,,,,
1780415624.407,1970075.0,11258.653,8.906584,,,,,,
1780415624.408,1970100.0,11249.289,8.907814,,,,,,
1780415624.475,1970125.0,11217.18,8.909445,,,,,,
1780415624.476,1970150.0,11191.634,8.91168,,,,,,
1780415624.476,1970175.0,11202.327,8.912676,,,,,,
1780415624.541,1970200.0,11225.574,8.913355,,,,,,
1780415624.541,1970225.0,11256.081,8.913984,,,,,,
1780415624.607,1970250.0,11316.888,8.914878,,,,,,
1780415624.607,1970275.0,11290.918,8.917405,,,,,,
1780415624.608,1970300.0,11252.56,8.920264,,,,,,
1780415624.680,1970325.0,11208.159,8.92348,,,,,,
1780415624.681,1970350.0,11197.058,8.926351,,,,,,
1780415624.681,1970375.0,11232.499,8.927333,,,,,,
1780415624.741,1970400.0,11253.336,8.929123,,,,,,
1780415624.741,1970425.0,11239.253,8.931973,,,,,,
1780415624.742,1970450.0,11183.76,8.935602,,,,,,
1780415624.806,1970475.0,11105.781,8.94014,,,,,,
1780415624.807,1970500.0,11085.956,8.942357,,,,,,
1780415624.873,1970525.0,11093.594,8.943269,,,,,,
1780415624.874,1970550.0,11135.574,8.943899,,,,,,
1780415624.874,1970575.0,11232.982,8.943671,,,,,,
1780415624.940,1970600.0,11245.045,8.945245,,,,,,
1780415624.941,1970625.0,11198.872,8.94875,,,,,,
1780415625.005,1970650.0,11151.762,8.952565,,,,,,
1780415625.006,1970675.0,11130.59,8.955298,,,,,,
1780415625.006,1970700.0,11179.581,8.955159,,,,,,
1780415625.072,1970725.0,11206.17,8.956052,,,,,,
1780415625.072,1970750.0,11204.308,8.958041,,,,,,
1780415625.073,1970775.0,11171.818,8.959617,,,,,,
1780415625.140,1970800.0,11103.853,8.96313,,,,,,
1780415625.140,1970825.0,11067.164,8.965302,,,,,,
1780415625.206,1970850.0,11079.616,8.964855,,,,,,
1780415625.207,1970875.0,11105.05,8.963595,,,,,,
1780415625.207,1970900.0,11209.769,8.960703,,,,,,
1780415625.272,1970925.0,11256.727,8.959769,,,,,,
1780415625.273,1970950.0,11228.27,8.960974,,,,,,
1780415625.274,1970975.0,11191.01,8.962173,,,,,,
1780415625.340,1971000.0,11161.888,8.963569,,,,,,
1780415625.340,1971025.0,11170.33,8.963397,,,,,,
1780415625.406,1971050.0,11201.759,8.961841,,,,,,
1780415625.407,1971075.0,11217.513,8.960245,,,,,,
1780415625.407,1971100.0,11213.293,8.958914,,,,,,
1780415625.473,1971125.0,11147.849,8.959649,,,,,,
1780415625.473,1971150.0,11088.56,8.960776,,,,,,
1780415625.474,1971175.0,11095.406,8.958816,,,,,,
1780415625.539,1971200.0,11117.388,8.955946,,,,,,
1780415625.539,1971225.0,11202.505,8.951588,,,,,,
1780415625.606,1971250.0,11293.398,8.946501,,,,,,
1780415625.607,1971275.0,11266.73,8.944213,,,,,,
1780415625.607,1971300.0,11240.18,8.942538,,,,,,
1780415625.673,1971325.0,11190.543,8.942303,,,,,,
1780415625.674,1971350.0,11184.867,8.940474,,,,,,
1780415625.674,1971375.0,11213.36,8.937131,,,,,,
1780415625.740,1971400.0,11236.153,8.934194,,,,,,
1780415625.740,1971425.0,11235.782,8.931231,,,,,,
1780415625.811,1971450.0,11199.669,8.929587,,,,,,
1780415625.812,1971475.0,11139.58,8.93013,,,,,,
1780415625.812,1971500.0,11126.749,8.929029,,,,,,
1780415625.873,1971525.0,11139.268,8.927269,,,,,,
1780415625.873,1971550.0,11190.685,8.923684,,,,,,
1780415625.874,1971575.0,11292.05,8.918708,,,,,,
1780415626.071,1971600.0,11304.242,8.915163,0.045715,103.609779,1971370.625,10.057384,,
1780415626.072,1971721.0,11324.421,8.912222,,,,,,
1780415626.072,1971746.0,11294.669,8.910622,,,,,,
1780415626.073,1971771.0,11270.345,8.90926,,,,,,
1780415626.157,1971796.0,11271.027,8.907673,,,,,,
1780415626.158,1971821.0,11310.942,8.905451,,,,,,
1780415626.158,1971846.0,11399.771,8.901572,,,,,,
1780415626.240,1971871.0,11462.278,8.898687,,,,,,
1780415626.240,1971896.0,11454.634,8.898542,,,,,,
1780415626.241,1971921.0,11413.352,8.899672,,,,,,
1780415626.241,1971946.0,11296.749,8.901696,,,,,,
1780415626.307,1971971.0,11213.015,8.903345,,,,,,
1780415626.307,1971996.0,11262.394,8.901916,,,,,,
1780415626.374,1972021.0,11310.762,8.900013,,,,,,
1780415626.375,1972046.0,11338.582,8.898493,,,,,,
1780415626.375,1972071.0,11332.143,8.897846,,,,,,
1780415626.456,1972096.0,11304.284,8.89745,,,,,,
1780415626.457,1972121.0,11276.113,8.897526,,,,,,
1780415626.457,1972146.0,11285.381,8.897333,,,,,,
1780415626.523,1972171.0,11340.704,8.895984,,,,,,
1780415626.524,1972196.0,11401.331,8.894127,,,,,,
1780415626.524,1972221.0,11413.35,8.893634,,,,,,
1780415626.589,1972246.0,11395.133,8.894213,,,,,,
1780415626.589,1972271.0,11291.492,8.895905,,,,,,
1780415626.590,1972296.0,11195.995,8.897911,,,,,,
1780415626.656,1972321.0,11203.188,8.898321,,,,,,
1780415626.657,1972346.0,11202.653,8.898367,,,,,,
1780415626.723,1972371.0,11234.645,8.897754,,,,,,
1780415626.723,1972396.0,11257.309,8.897067,,,,,,
1780415626.724,1972421.0,11261.928,8.896486,,,,,,
1780415626.789,1972446.0,11228.906,8.896634,,,,,,
1780415626.790,1972471.0,11161.675,8.898907,,,,,,
1780415626.790,1972496.0,11137.071,8.899698,,,,,,
1780415626.856,1972521.0,11145.728,8.899291,,,,,,
1780415626.857,1972546.0,11178.555,8.898196,,,,,,
1780415626.923,1972571.0,11280.863,8.896634,,,,,,
1780415626.923,1972596.0,11334.145,8.895658,,,,,,
1780415626.924,1972621.0,11295.483,8.895939,,,,,,
1780415626.990,1972646.0,11257.818,8.896788,,,,,,
1780415626.990,1972671.0,11252.169,8.897414,,,,,,
1780415627.056,1972696.0,11267.73,8.897263,,,,,,
1780415627.056,1972721.0,11291.987,8.897165,,,,,,
1780415627.057,1972746.0,11314.165,8.896935,,,,,,
1780415627.132,1972771.0,11298.497,8.896748,,,,,,
1780415627.132,1972796.0,11242.905,8.898001,,,,,,
1780415627.133,1972821.0,11196.432,8.899519,,,,,,
1780415627.207,1972846.0,11197.316,8.899545,,,,,,
1780415627.207,1972871.0,11214.455,8.898791,,,,,,
1780415627.208,1972896.0,11314.85,8.897351,,,,,,
1780415627.273,1972921.0,11391.02,8.895361,,,,,,
1780415627.273,1972946.0,11348.483,8.895271,,,,,,
1780415627.274,1972971.0,11303.622,8.895781,,,,,,
1780415627.341,1972996.0,11280.791,8.896483,,,,,,
1780415627.341,1973021.0,11285.21,8.896529,,,,,,
1780415627.342,1973046.0,11304.331,8.896361,,,,,,
1780415627.406,1973071.0,11320.655,8.89597,,,,,,
1780415627.406,1973096.0,11312.639,8.895721,,,,,,
1780415627.473,1973121.0,11265.103,8.896482,,,,,,
1780415627.473,1973146.0,11217.385,8.897945,,,,,,
1780415627.473,1973171.0,11211.122,8.898073,,,,,,
1780415627.538,1973196.0,11219.309,8.89714,,,,,,
1780415627.539,1973221.0,11251.664,8.896436,,,,,,
1780415627.539,1973246.0,11338.731,8.894888,,,,,,
1780415627.606,1973271.0,11389.626,8.893748,,,,,,
1780415627.607,1973296.0,11372.81,8.893169,,,,,,
1780415627.672,1973321.0,11329.875,8.893996,,,,,,
1780415627.673,1973346.0,11328.718,8.894136,,,,,,
1780415627.673,1973371.0,11346.906,8.893544,,,,,,
1780415627.739,1973396.0,11377.207,8.893104,,,,,,
1780415627.740,1973421.0,11369.494,8.892969,,,,,,
1780415627.740,1973446.0,11321.425,8.893657,,,,,,
1780415627.807,1973471.0,11247.09,8.896041,,,,,,
1780415627.808,1973496.0,11222.673,8.897504,,,,,,
1780415627.872,1973521.0,11232.07,8.897708,,,,,,
1780415627.873,1973546.0,11262.345,8.897541,,,,,,
1780415627.873,1973571.0,11368.839,8.896544,,,,,,
1780415627.939,1973596.0,11392.345,8.896456,,,,,,
1780415627.940,1973621.0,11348.395,8.896988,,,,,,
1780415627.940,1973646.0,11306.634,8.898427,,,,,,
1780415628.006,1973671.0,11288.059,8.899514,,,,,,
1780415628.007,1973696.0,11301.295,8.899916,,,,,,
1780415628.074,1973721.0,11315.475,8.900228,,,,,,
1780415628.074,1973746.0,11317.045,8.901073,,,,,,
1780415628.075,1973771.0,11288.946,8.902211,,,,,,
1780415628.141,1973796.0,11227.897,8.904551,,,,,,
1780415628.141,1973821.0,11196.472,8.90716,,,,,,
1780415628.141,1973846.0,11204.196,8.908255,,,,,,
1780415628.206,1973871.0,11223.07,8.909307,,,,,,
1780415628.207,1973896.0,11245.028,8.910862,,,,,,
1780415628.274,1973921.0,11273.932,8.913486,,,,,,
1780415628.274,1973946.0,11247.526,8.916495,,,,,,
1780415628.275,1973971.0,11207.168,8.91963,,,,,,
1780415628.339,1973996.0,11178.358,8.922611,,,,,,
1780415628.340,1974021.0,11175.4,8.925218,,,,,,
1780415628.340,1974046.0,11204.942,8.927607,,,,,,
1780415628.406,1974071.0,11233.934,8.930198,,,,,,
1780415628.407,1974096.0,11229.809,8.93318,,,,,,
1780415628.472,1974121.0,11171.43,8.936971,,,,,,
1780415628.473,1974146.0,11113.84,8.941345,,,,,,
1780415628.473,1974171.0,11095.407,8.944577,,,,,,
1780415628.539,1974196.0,11104.562,8.94693,,,,,,
1780415628.540,1974221.0,11166.662,8.949004,,,,,,
1780415628.540,1974246.0,11251.407,8.951666,,,,,,
1780415628.607,1974271.0,11228.143,8.956043,,,,,,
1780415628.607,1974296.0,11189.554,8.961464,,,,,,
1780415628.674,1974321.0,11142.45,8.967175,,,,,,
1780415628.674,1974346.0,11130.032,8.971758,,,,,,
1780415628.675,1974371.0,11140.688,8.975751,,,,,,
1780415628.739,1974396.0,11145.919,8.980462,,,,,,
1780415628.739,1974421.0,11134.236,8.985878,,,,,,
1780415628.740,1974446.0,11083.769,8.992095,,,,,,
1780415628.807,1974471.0,11013.308,8.99849,,,,,,
1780415628.807,1974496.0,10981.835,9.003072,,,,,,
1780415628.872,1974521.0,10995.79,9.004095,,,,,,
1780415628.873,1974546.0,11032.113,9.004623,,,,,,
1780415628.873,1974571.0,11129.645,9.004378,,,,,,
1780415628.939,1974596.0,11150.481,9.007507,,,,,,
1780415628.939,1974621.0,11096.675,9.013193,,,,,,
1780415628.940,1974646.0,11047.997,9.018353,,,,,,
1780415629.007,1974671.0,11028.715,9.022015,,,,,,
1780415629.008,1974696.0,11038.345,9.023903,,,,,,
1780415629.072,1974721.0,11065.121,9.024708,,,,,,
1780415629.072,1974746.0,11075.442,9.026859,,,,,,
1780415629.073,1974771.0,11046.246,9.029846,,,,,,
1780415629.139,1974796.0,10983.455,9.033944,,,,,,
1780415629.139,1974821.0,10931.5,9.037254,,,,,,
1780415629.140,1974846.0,10929.067,9.036552,,,,,,
1780415629.207,1974871.0,10954.437,9.033824,,,,,,
1780415629.208,1974896.0,11058.938,9.029175,,,,,,
1780415629.275,1974921.0,11121.238,9.0258,,,,,,
1780415629.276,1974946.0,11083.375,9.02604,,,,,,
1780415629.276,1974971.0,11048.405,9.026526,,,,,,
1780415629.341,1974996.0,11022.872,9.026773,,,,,,
1780415629.341,1975021.0,11036.389,9.024802,,,,,,
1780415629.342,1975046.0,11065.443,9.021418,,,,,,
1780415629.406,1975071.0,11069.459,9.017529,,,,,,
1780415629.406,1975096.0,11057.287,9.014481,,,,,,
1780415629.472,1975121.0,11003.567,9.013613,,,,,,
1780415629.472,1975146.0,10934.674,9.014261,,,,,,
1780415629.473,1975171.0,10926.55,9.01185,,,,,,
1780415629.540,1975196.0,10950.499,9.00689,,,,,,
1780415629.540,1975221.0,11021.466,8.999743,,,,,,
1780415629.540,1975246.0,11127.4,8.991053,,,,,,
1780415629.607,1975271.0,11109.799,8.984742,,,,,,
1780415629.609,1975296.0,11076.371,8.979406,,,,,,
1780415629.672,1975321.0,11048.888,8.975822,,,,,,
1780415629.672,1975346.0,11045.973,8.972233,,,,,,
1780415629.673,1975371.0,11069.48,8.966759,,,,,,
1780415629.739,1975396.0,11101.501,8.960746,,,,,,
1780415629.740,1975421.0,11118.202,8.954537,,,,,,
1780415629.740,1975446.0,11090.12,8.949887,,,,,,
1780415629.806,1975471.0,11035.499,8.948673,,,,,,
1780415629.806,1975496.0,11015.866,8.94701,,,,,,
1780415629.873,1975521.0,11027.955,8.944466,,,,,,
1780415629.873,1975546.0,11070.332,8.93989,,,,,,
1780415629.874,1975571.0,11183.128,8.932961,,,,,,
1780415629.939,1975596.0,11211.925,8.927322,,,,,,
1780415629.940,1975621.0,11192.795,8.922406,,,,,,
1780415629.940,1975646.0,11152.98,8.91961,,,,,,
1780415630.006,1975671.0,11141.025,8.916569,,,,,,
1780415630.006,1975696.0,11178.348,8.913277,,,,,,
1780415630.072,1975721.0,11215.668,8.909685,,,,,,
1780415630.072,1975746.0,11238.938,8.905448,,,,,,
1780415630.073,1975771.0,11225.119,8.903287,,,,,,
1780415630.141,1975796.0,11164.236,8.903642,,,,,,
1780415630.141,1975821.0,11106.915,8.905622,,,,,,
1780415630.142,1975846.0,11120.625,8.90476,,,,,,
1780415630.206,1975871.0,11145.336,8.903666,,,,,,
1780415630.206,1975896.0,11262.554,8.901051,,,,,,
1780415630.272,1975921.0,11331.764,8.899404,,,,,,
1780415630.273,1975946.0,11290.59,8.898808,,,,,,
1780415630.425,1975971.0,11242.398,8.897858,0.106114,60.339069,1974793.875,23.345182,,
1780415630.426,1976092.0,11210.751,8.898052,,,,,,
1780415630.427,1976117.0,11181.637,8.898117,,,,,,
1780415630.523,1976142.0,11189.584,8.898177,,,,,,
1780415630.523,1976167.0,11269.032,8.896281,,,,,,
1780415630.524,1976192.0,11339.128,8.894118,,,,,,
1780415630.524,1976217.0,11358.179,8.893807,,,,,,
1780415630.589,1976242.0,11342.124,8.894725,,,,,,
1780415630.590,1976267.0,11259.812,8.896196,,,,,,
1780415630.590,1976292.0,11165.767,8.897817,,,,,,
1780415630.655,1976317.0,11137.119,8.898373,,,,,,
1780415630.656,1976342.0,11143.286,8.898097,,,,,,
1780415630.722,1976367.0,11154.077,8.897723,,,,,,
1780415630.723,1976392.0,11149.89,8.897575,,,,,,
1780415630.723,1976417.0,11122.63,8.897543,,,,,,
1780415630.789,1976442.0,11092.651,8.897844,,,,,,
1780415630.789,1976467.0,11090.43,8.898572,,,,,,
1780415630.790,1976492.0,11137.67,8.898009,,,,,,
1780415630.859,1976517.0,11210.527,8.895924,,,,,,
1780415630.861,1976542.0,11258.599,8.894415,,,,,,
1780415630.862,1976567.0,11237.834,8.895583,,,,,,
1780415630.940,1976592.0,11184.683,8.897276,,,,,,
1780415630.941,1976617.0,11078.397,8.899818,,,,,,
1780415630.942,1976642.0,11019.418,8.900869,,,,,,
1780415631.005,1976667.0,11058.56,8.900158,,,,,,
1780415631.005,1976692.0,11083.051,8.900415,,,,,,
1780415631.073,1976717.0,11077.312,8.899936,,,,,,
1780415631.073,1976742.0,11070.847,8.900099,,,,,,
1780415631.073,1976767.0,11044.22,8.900312,,,,,,
1780415631.138,1976792.0,10967.019,8.902186,,,,,,
1780415631.139,1976817.0,10927.831,8.903957,,,,,,
1780415631.139,1976842.0,10904.369,8.904922,,,,,,
1780415631.207,1976867.0,10890.459,8.905743,,,,,,
1780415631.208,1976892.0,10941.645,8.906179,,,,,,
1780415631.272,1976917.0,11012.157,8.905666,,,,,,
1780415631.272,1976942.0,11055.89,8.906125,,,,,,
1780415631.272,1976967.0,11084.912,8.906673,,,,,,
1780415631.340,1976992.0,11102.08,8.906747,,,,,,
1780415631.341,1977017.0,11109.581,8.907284,,,,,,
1780415631.342,1977042.0,11119.428,8.907987,,,,,,
1780415631.405,1977067.0,11131.093,8.908637,,,,,,
1780415631.406,1977092.0,11125.849,8.909314,,,,,,
1780415631.472,1977117.0,11072.499,8.910567,,,,,,
1780415631.472,1977142.0,11010.808,8.913857,,,,,,
1780415631.472,1977167.0,10997.789,8.916667,,,,,,
1780415631.540,1977192.0,11017.206,8.918801,,,,,,
1780415631.541,1977217.0,11067.957,8.920979,,,,,,
1780415631.542,1977242.0,11164.449,8.922264,,,,,,
1780415631.617,1977267.0,11171.162,8.92531,,,,,,
1780415631.618,1977292.0,11172.914,8.927736,,,,,,
1780415631.618,1977317.0,11173.562,8.930531,,,,,,
1780415631.689,1977342.0,11189.409,8.933746,,,,,,
1780415631.690,1977367.0,11220.983,8.93719,,,,,,
1780415631.690,1977392.0,11249.579,8.941565,,,,,,
1780415631.755,1977417.0,11261.014,8.946245,,,,,,
1780415631.755,1977442.0,11224.942,8.951413,,,,,,
1780415631.823,1977467.0,11192.121,8.957418,,,,,,
1780415631.823,1977492.0,11215.334,8.961414,,,,,,
1780415631.823,1977517.0,11255.763,8.96542,,,,,,
1780415631.889,1977542.0,11300.474,8.970302,,,,,,
1780415631.889,1977567.0,11359.943,8.974665,,,,,,
1780415631.890,1977592.0,11394.066,8.981049,,,,,,
1780415631.955,1977617.0,11389.285,8.989299,,,,,,
1780415631.955,1977642.0,11377.745,8.997324,,,,,,
1780415632.021,1977667.0,11383.356,9.006078,,,,,,
1780415632.022,1977692.0,11406.367,9.014723,,,,,,
1780415632.022,1977717.0,11436.001,9.024205,,,,,,
1780415632.088,1977742.0,11477.232,9.03458,,,,,,
1780415632.088,1977767.0,11491.263,9.044234,,,,,,
1780415632.089,1977792.0,11457.405,9.054698,,,,,,
1780415632.155,1977817.0,11449.055,9.061838,,,,,,
1780415632.155,1977842.0,11478.582,9.065378,,,,,,
1780415632.223,1977867.0,11520.545,9.069283,,,,,,
1780415632.224,1977892.0,11639.371,9.072445,,,,,,
1780415632.224,1977917.0,11730.228,9.078971,,,,,,
1780415632.288,1977942.0,11752.907,9.089221,,,,,,
1780415632.288,1977967.0,11778.405,9.099345,,,,,,
1780415632.289,1977992.0,11803.229,9.10856,,,,,,
1780415632.355,1978017.0,11841.31,9.11642,,,,,,
1780415632.355,1978042.0,11904.546,9.124038,,,,,,
1780415632.422,1978067.0,11976.87,9.131808,,,,,,
1780415632.423,1978092.0,12029.473,9.139917,,,,,,
1780415632.424,1978117.0,12037.791,9.149013,,,,,,
1780415632.497,1978142.0,12047.771,9.156787,,,,,,
1780415632.498,1978167.0,12103.086,9.158244,,,,,,
1780415632.498,1978192.0,12176.406,9.158041,,,,,,
1780415632.572,1978217.0,12280.199,9.156144,,,,,,
1780415632.573,1978242.0,12417.82,9.153576,,,,,,
1780415632.573,1978267.0,12520.826,9.158361,,,,,,
1780415632.640,1978292.0,12609.559,9.16128,,,,,,
1780415632.641,1978317.0,12684.959,9.165009,,,,,,
1780415632.642,1978342.0,12770.051,9.165442,,,,,,
1780415632.707,1978367.0,12865.785,9.164275,,,,,,
1780415632.709,1978392.0,12970.837,9.162416,,,,,,
1780415632.710,1978417.0,13075.469,9.160271,,,,,,
1780415632.772,1978442.0,13128.123,9.161626,,,,,,
1780415632.772,1978467.0,13154.492,9.165199,,,,,,
1780415632.839,1978492.0,13207.762,9.162137,,,,,,
1780415632.839,1978517.0,13267.666,9.158114,,,,,,
1780415632.840,1978542.0,13347.385,9.151352,,,,,,
1780415632.905,1978567.0,13493.076,9.140588,,,,,,
1780415632.905,1978592.0,13618.756,9.131832,,,,,,
1780415632.972,1978617.0,13721.621,9.125764,,,,,,
1780415632.973,1978642.0,13808.07,9.120712,,,,,,
1780415632.974,1978667.0,13884.838,9.115561,,,,,,
1780415633.038,1978692.0,13954.609,9.110114,,,,,,
1780415633.038,1978717.0,14030.348,9.103719,,,,,,
1780415633.039,1978742.0,14096.379,9.098235,,,,,,
1780415633.107,1978767.0,14148.813,9.093674,,,,,,
1780415633.107,1978792.0,14158.367,9.094871,,,,,,
1780415633.179,1978817.0,14154.766,9.097377,,,,,,
1780415633.179,1978842.0,14152.313,9.099792,,,,,,
1780415633.179,1978867.0,14154.482,9.101287,,,,,,
1780415633.240,1978892.0,14193.916,9.095429,,,,,,
1780415633.240,1978917.0,14232.697,9.090719,,,,,,
1780415633.240,1978942.0,14273.244,9.085043,,,,,,
1780415633.305,1978967.0,14301.172,9.08151,,,,,,
1780415633.306,1978992.0,14321.035,9.078934,,,,,,
1780415633.372,1979017.0,14335.17,9.077095,,,,,,
1780415633.373,1979042.0,14350.424,9.074641,,,,,,
1780415633.373,1979067.0,14366.689,9.072168,,,,,,
1780415633.439,1979092.0,14377.736,9.070681,,,,,,
1780415633.439,1979117.0,14361.492,9.074989,,,,,,
1780415633.439,1979142.0,14341.145,9.07992,,,,,,
1780415633.504,1979167.0,14319.85,9.0851,,,,,,
1780415633.505,1979192.0,14299.494,9.090303,,,,,,
1780415633.573,1979217.0,14286.662,9.093285,,,,,,
1780415633.574,1979242.0,14283.832,9.093758,,,,,,
1780415633.574,1979267.0,14283.816,9.093766,,,,,,
1780415633.656,1979292.0,14283.768,9.09406,,,,,,
1780415633.657,1979317.0,14283.566,9.093903,,,,,,
1780415633.657,1979342.0,14283.41,9.093987,,,,,,
1780415633.723,1979367.0,14283.426,9.093979,,,,,,
1780415633.723,1979392.0,14283.238,9.094082,,,,,,
1780415633.724,1979417.0,14283.068,9.093905,,,,,,
1780415633.789,1979442.0,14283.084,9.093897,,,,,,
1780415633.789,1979467.0,14282.789,9.094327,,,,,,
1780415633.790,1979492.0,14282.432,9.094254,,,,,,
1780415633.857,1979517.0,14282.307,9.094322,,,,,,
1780415633.858,1979542.0,14282.26,9.094348,,,,,,
1780415633.860,1979567.0,14282.104,9.094433,,,,,,
1780415633.931,1979592.0,14282.184,9.09439,,,,,,
1780415633.931,1979617.0,14282.137,9.094415,,,,,,
1780415634.005,1979642.0,14282.027,9.094207,,,,,,
1780415634.005,1979667.0,14281.949,9.09425,,,,,,
1780415634.006,1979692.0,14272.275,9.096858,,,,,,
1780415634.071,1979717.0,14263.465,9.098993,,,,,,
1780415634.071,1979742.0,14254.941,9.101242,,,,,,
1780415634.072,1979767.0,14246.248,9.10385,,,,,,
1780415634.137,1979792.0,14237.527,9.106473,,,,,,
1780415634.138,1979817.0,14228.795,9.108566,,,,,,
1780415634.138,1979842.0,14220.174,9.110868,,,,,,
1780415634.204,1979867.0,14211.516,9.11319,,,,,,
1780415634.205,1979892.0,14202.902,9.115487,,,,,,
1780415634.271,1979917.0,14194.43,9.117438,,,,,,
1780415634.271,1979942.0,14185.586,9.119862,,,,,,
1780415634.272,1979967.0,14176.777,9.122266,,,,,,
1780415634.337,1979992.0,14168.012,9.124912,,,,,,
1780415634.338,1980017.0,14159.291,9.127268,,,,,,
1780415634.338,1980042.0,14150.438,9.129964,,,,,,
1780415634.404,1980067.0,14141.746,9.132304,,,,,,
1780415634.404,1980092.0,14133.332,9.134223,,,,,,
1780415634.471,1980117.0,14124.754,9.136501,,,,,,
1780415634.472,1980142.0,14116.248,9.139007,,,,,,
1780415634.472,1980167.0,14107.648,9.141296,,,,,,
1780415634.538,1980192.0,14099.172,9.143518,,,,,,
1780415634.539,1980217.0,14090.461,9.146135,,,,,,
1780415634.539,1980242.0,14081.877,9.148417,,,,,,
1780415634.604,1980267.0,14073.264,9.150715,,,,,,
1780415634.605,1980292.0,14064.68,9.152995,,,,,,
1780415634.688,1980317.0,14065.66,9.152727,,,,,,
1780415634.689,1980342.0,14065.842,9.152896,,,,,,
1780415634.689,1980367.0,14065.736,9.152953,,,,,,
1780415634.690,1980392.0,14065.781,9.152929,,,,,,
1780415634.754,1980417.0,14065.826,9.152637,,,,,,
1780415634.755,1980442.0,14066.082,9.152496,,,,,,
1780415634.821,1980467.0,14066.219,9.152422,,,,,,
1780415634.822,1980492.0,14066.143,9.152464,,,,,,
1780415634.822,1980517.0,14066.219,9.152422,,,,,,
1780415634.887,1980542.0,14066.023,9.152796,,,,,,
1780415634.888,1980567.0,14065.992,9.15308,,,,,,
1780415634.888,1980592.0,14066.4,9.153126,,,,,,
1780415634.954,1980617.0,14066.506,9.152801,,,,,,
1780415634.955,1980642.0,14066.598,9.152749,,,,,,
1780415635.022,1980667.0,14066.826,9.152357,,,,,,
1780415635.022,1980692.0,14066.766,9.15239,,,,,,
1780415635.022,1980717.0,14066.6,9.152481,,,,,,
1780415635.087,1980742.0,14066.734,9.152408,,,,,,
1780415635.087,1980767.0,14066.777,9.152117,,,,,,
1780415635.088,1980792.0,14066.732,9.152141,,,,,,
1780415635.154,1980817.0,14066.791,9.152109,,,,,,
1780415635.155,1980842.0,14066.73,9.151873,,,,,,
1780415635.221,1980867.0,14066.746,9.151598,,,,,,
1780415635.222,1980892.0,14066.836,9.151548,,,,,,
1780415635.222,1980917.0,14066.912,9.151774,,,,,,
1780415635.286,1980942.0,14066.867,9.151799,,,,,,
1780415635.287,1980967.0,14067.154,9.151375,,,,,,
1780415635.287,1980992.0,14067.184,9.151627,,,,,,
1780415635.356,1981017.0,14067.201,9.151617,,,,,,
1780415635.356,1981042.0,14067.186,9.151626,,,,,,
1780415635.420,1981067.0,14067.186,9.151626,,,,,,
1780415635.421,1981092.0,14066.807,9.151833,,,,,,
1780415635.422,1981117.0,14066.881,9.152061,,,,,,
1780415635.491,1981142.0,14066.988,9.152001,,,,,,
1780415635.492,1981167.0,14067.125,9.151928,,,,,,
1780415635.493,1981192.0,14067.23,9.151601,,,,,,
1780415635.571,1981217.0,14067.066,9.151423,,,,,,
1780415635.572,1981242.0,14067.02,9.151449,,,,,,
1780415635.572,1981267.0,14067.035,9.15171,,,,,,
1780415635.636,1981292.0,14067.219,9.151608,,,,,,
1780415635.636,1981317.0,14067.219,9.151608,,,,,,
1780415635.637,1981342.0,14067.488,9.151729,,,,,,
1780415635.704,1981367.0,14067.518,9.151712,,,,,,
1780415635.705,1981392.0,14067.354,9.151802,,,,,,
1780415635.770,1981417.0,14067.322,9.151818,,,,,,
1780415635.771,1981442.0,14067.158,9.152176,,,,,,
1780415635.771,1981467.0,14066.945,9.152291,,,,,,
1780415635.837,1981492.0,14066.75,9.152399,,,,,,
1780415635.837,1981517.0,14066.9,9.152316,,,,,,
1780415635.838,1981542.0,14066.826,9.15209,,,,,,
1780415635.904,1981567.0,14066.777,9.152117,,,,,,
1780415635.904,1981592.0,14066.506,9.152533,,,,,,
1780415635.970,1981617.0,14066.475,9.152282,,,,,,
1780415635.971,1981642.0,14066.461,9.152022,,,,,,
1780415635.971,1981667.0,14066.549,9.152242,,,,,,
1780415636.037,1981692.0,14066.293,9.152381,,,,,,
1780415636.037,1981717.0,14066.322,9.152365,,,,,,
1780415636.038,1981742.0,14066.398,9.152056,,,,,,
1780415636.104,1981767.0,14066.277,9.152122,,,,,,
1780415636.105,1981792.0,14066.398,9.152056,,,,,,
1780415636.171,1981817.0,14066.414,9.152047,,,,,,
1780415636.171,1981842.0,14066.295,9.152112,,,,,,
1780415636.172,1981867.0,14066.416,9.152046,,,,,,
1780415636.237,1981892.0,14066.475,9.152014,,,,,,
1780415636.237,1981917.0,14066.1,9.15222,,,,,,
1780415636.238,1981942.0,14066.311,9.152104,,,,,,
1780415636.322,1981967.0,14066.176,9.151911,,,,,,
1780415636.322,1981992.0,14066.07,9.151968,,,,,,
1780415636.322,1982017.0,14066.16,9.151919,,,,,,
1780415636.387,1982042.0,14066.236,9.151877,,,,,,
1780415636.388,1982067.0,14066.082,9.151961,,,,,,
1780415636.388,1982092.0,14066.174,9.152179,,,,,,
1780415636.564,1982117.0,14066.506,9.152266,0.257814,198.849136,1981255.0,56.718994,,
1780415636.565,1982238.0,14066.232,9.152414,,,,,,
1780415636.565,1982263.0,14066.324,9.152364,,,,,,
1780415636.637,1982288.0,14066.49,9.152273,,,,,,
1780415636.638,1982313.0,14066.643,9.15219,,,,,,
1780415636.638,1982338.0,14066.688,9.152166,,,,,,
1780415636.704,1982363.0,14066.656,9.152183,,,,,,
1780415636.704,1982388.0,14066.611,9.151939,,,,,,
1780415636.705,1982413.0,14066.719,9.151881,,,,,,
1780415636.771,1982438.0,14066.898,9.151783,,,,,,
1780415636.771,1982463.0,14066.914,9.152041,,,,,,
1780415636.838,1982488.0,14066.959,9.152017,,,,,,
1780415636.838,1982513.0,14066.822,9.151824,,,,,,
1780415636.838,1982538.0,14066.867,9.151799,,,,,,
1780415636.903,1982563.0,14066.973,9.151742,,,,,,
1780415636.904,1982588.0,14066.928,9.151766,,,,,,
1780415636.970,1982613.0,14067.004,9.151725,,,,,,
1780415636.970,1982638.0,14067.154,9.151643,,,,,,
1780415636.971,1982663.0,14067.365,9.151527,,,,,,
1780415637.037,1982688.0,14067.473,9.151468,,,,,,
1780415637.037,1982713.0,14067.322,9.151551,,,,,,
1780415637.038,1982738.0,14067.186,9.151626,,,,,,
1780415637.105,1982763.0,14067.244,9.151592,,,,,,
1780415637.106,1982788.0,14067.486,9.151194,,,,,,
1780415637.106,1982813.0,14067.518,9.150908,,,,,,
1780415637.173,1982838.0,14067.412,9.150699,,,,,,
1780415637.173,1982863.0,14067.504,9.150918,,,,,,
1780415637.238,1982888.0,14067.412,9.150968,,,,,,
1780415637.239,1982913.0,14067.381,9.151252,,,,,,
1780415637.240,1982938.0,14067.275,9.151042,,,,,,
1780415637.304,1982963.0,14067.109,9.151401,,,,,,
1780415637.304,1982988.0,14067.096,9.151408,,,,,,
1780415637.371,1983013.0,14066.988,9.151466,,,,,,
1780415637.371,1983038.0,14066.867,9.151532,,,,,,
1780415637.372,1983063.0,14066.746,9.151867,,,,,,
1780415637.439,1983088.0,14066.793,9.151573,,,,,,
1780415637.441,1983113.0,14066.715,9.151616,,,,,,
1780415637.441,1983138.0,14066.836,9.15155,,,,,,
1780415637.505,1983163.0,14066.941,9.151491,,,,,,
1780415637.505,1983188.0,14067.033,9.151442,,,,,,
1780415637.505,1983213.0,14067.125,9.151392,,,,,,
1780415637.571,1983238.0,14067.094,9.151408,,,,,,
1780415637.572,1983263.0,14067.096,9.151408,,,,,,
1780415637.652,1983288.0,14066.928,9.151499,,,,,,
1780415637.653,1983313.0,14066.822,9.151557,,,,,,
1780415637.653,1983338.0,14067.064,9.151425,,,,,,
1780415637.720,1983363.0,14067.23,9.151333,,,,,,
1780415637.721,1983388.0,14067.26,9.151317,,,,,,
1780415637.721,1983413.0,14067.154,9.151375,,,,,,
1780415637.787,1983438.0,14067.109,9.1514,,,,,,
1780415637.787,1983463.0,14066.988,9.151465,,,,,,
1780415637.787,1983488.0,14066.762,9.15159,,,,,,
1780415637.853,1983513.0,14066.703,9.151623,,,,,,
1780415637.853,1983538.0,14066.674,9.151369,,,,,,
1780415637.920,1983563.0,14066.582,9.15142,,,,,,
1780415637.921,1983588.0,14066.793,9.151037,,,,,,
1780415637.922,1983613.0,14066.916,9.15097,,,,,,
1780415637.987,1983638.0,14067.08,9.15088,,,,,,
1780415637.987,1983663.0,14067.428,9.15069,,,,,,
1780415637.987,1983688.0,14067.352,9.150464,,,,,,
1780415638.053,1983713.0,14067.307,9.150489,,,,,,
1780415638.054,1983738.0,14067.412,9.150432,,,,,,
1780415638.119,1983763.0,14067.441,9.150415,,,,,,
1780415638.120,1983788.0,14067.156,9.150572,,,,,,
1780415638.120,1983813.0,14067.17,9.150831,,,,,,
1780415638.192,1983838.0,14067.004,9.150922,,,,,,
1780415638.192,1983863.0,14066.732,9.150804,,,,,,
1780415638.193,1983888.0,14066.793,9.151038,,,,,,
1780415638.271,1983913.0,14066.732,9.151072,,,,,,
1780415638.271,1983938.0,14066.688,9.151095,,,,,,
1780415638.272,1983963.0,14066.885,9.150989,,,,,,
1780415638.341,1983988.0,14066.943,9.151223,,,,,,
1780415638.341,1984013.0,14066.658,9.15138,,,,,,
1780415638.342,1984038.0,14066.656,9.151381,,,,,,
1780415638.407,1984063.0,14066.598,9.151413,,,,,,
1780415638.408,1984088.0,14066.643,9.151388,,,,,,
1780415638.408,1984113.0,14066.732,9.151072,,,,,,
1780415638.472,1984138.0,14066.854,9.151273,,,,,,
1780415638.479,1984163.0,14066.688,9.151631,,,,,,
1780415638.481,1984188.0,14066.627,9.151931,,,,,,
1780415638.553,1984213.0,14066.641,9.152193,,,,,,
1780415638.553,1984238.0,14066.477,9.152282,,,,,,
1780415638.638,1984263.0,14066.355,9.152348,,,,,,
1780415638.639,1984288.0,14066.279,9.152658,,,,,,
1780415638.639,1984313.0,14066.371,9.152606,,,,,,
1780415638.640,1984338.0,14066.402,9.15259,,,,,,
1780415638.704,1984363.0,14066.492,9.15254,,,,,,
1780415638.706,1984388.0,14066.477,9.152549,,,,,,
1780415638.707,1984413.0,14066.643,9.152457,,,,,,
1780415638.771,1984438.0,14066.75,9.152132,,,,,,
1780415638.771,1984463.0,14066.961,9.152017,,,,,,
1780415638.838,1984488.0,14067.156,9.151907,,,,,,
1780415638.838,1984513.0,14067.125,9.151657,,,,,,
1780415638.839,1984538.0,14066.916,9.151772,,,,,,
1780415638.922,1984563.0,14066.99,9.151731,,,,,,
1780415638.923,1984588.0,14066.75,9.151863,,,,,,
1780415638.924,1984613.0,14066.461,9.151753,,,,,,
1780415638.987,1984638.0,14066.656,9.151914,,,,,,
1780415638.989,1984663.0,14066.748,9.151864,,,,,,
1780415638.989,1984688.0,14066.746,9.152134,,,,,,
1780415639.055,1984713.0,14066.369,9.15234,,,,,,
1780415639.056,1984738.0,14066.445,9.152298,,,,,,
1780415639.056,1984763.0,14066.248,9.152139,,,,,,
1780415639.139,1984788.0,14066.324,9.151829,,,,,,
1780415639.140,1984813.0,14066.521,9.151454,,,,,,
1780415639.140,1984838.0,14066.43,9.151237,,,,,,
1780415639.223,1984863.0,14066.416,9.151512,,,,,,
1780415639.224,1984888.0,14066.551,9.151439,,,,,,
1780415639.224,1984913.0,14066.295,9.151311,,,,,,
1780415639.286,1984938.0,14066.098,9.151418,,,,,,
1780415639.287,1984963.0,14066.021,9.15146,,,,,,
1780415639.287,1984988.0,14066.008,9.151466,,,,,,
1780415639.355,1985013.0,14065.947,9.151768,,,,,,
1780415639.356,1985038.0,14066.068,9.151702,,,,,,
1780415639.356,1985063.0,14065.947,9.152035,,,,,,
1780415639.448,1985088.0,14065.828,9.152101,,,,,,
1780415639.449,1985113.0,14065.736,9.15215,,,,,,
1780415639.450,1985138.0,14065.994,9.15201,,,,,,
1780415639.521,1985163.0,14066.236,9.151877,,,,,,
1780415639.522,1985188.0,14066.416,9.151779,,,,,,
1780415639.522,1985213.0,14066.371,9.152071,,,,,,
1780415639.588,1985238.0,14066.25,9.152138,,,,,,
1780415639.589,1985263.0,14066.053,9.151978,,,,,,
1780415639.589,1985288.0,14066.234,9.151878,,,,,,
1780415639.671,1985313.0,14066.385,9.151529,,,,,,
1780415639.671,1985338.0,14066.807,9.151566,,,,,,
1780415639.672,1985363.0,14066.881,9.151525,,,,,,
1780415639.769,1985388.0,14066.973,9.151475,,,,,,
1780415639.769,1985413.0,14066.959,9.151749,,,,,,
1780415639.770,1985438.0,14066.898,9.151783,,,,,,
1780415639.770,1985463.0,14066.93,9.152034,,,,,,
1780415639.835,1985488.0,14066.867,9.152067,,,,,,
1780415639.836,1985513.0,14066.746,9.152134,,,,,,
1780415639.836,1985538.0,14066.762,9.152125,,,,,,
1780415639.901,1985563.0,14066.822,9.152359,,,,,,
1780415639.902,1985588.0,14066.852,9.152612,,,,,,
1780415639.970,1985613.0,14066.777,9.152653,,,,,,
1780415639.970,1985638.0,14066.746,9.15267,,,,,,
1780415639.971,1985663.0,14066.643,9.152994,,,,,,
1780415640.036,1985688.0,14066.521,9.152792,,,,,,
1780415640.036,1985713.0,14066.643,9.152726,,,,,,
1780415640.037,1985738.0,14066.734,9.152677,,,,,,
1780415640.102,1985763.0,14066.611,9.152741,,,,,,
1780415640.103,1985788.0,14066.537,9.153051,,,,,,
1780415640.170,1985813.0,14066.34,9.153159,,,,,,
1780415640.171,1985838.0,14066.311,9.152908,,,,,,
1780415640.172,1985863.0,14066.643,9.152724,,,,,,
1780415640.255,1985888.0,14066.943,9.15256,,,,,,
1780415640.255,1985913.0,14066.656,9.152717,,,,,,
1780415640.256,1985938.0,14066.732,9.152944,,,,,,
1780415640.256,1985963.0,14066.43,9.152841,,,,,,
1780415640.335,1985988.0,14066.188,9.152973,,,,,,
1780415640.336,1986013.0,14065.975,9.153358,,,,,,
1780415640.337,1986038.0,14065.961,9.153097,,,,,,
1780415640.412,1986063.0,14065.961,9.153097,,,,,,
1780415640.413,1986088.0,14065.916,9.152854,,,,,,
1780415640.414,1986113.0,14065.977,9.152822,,,,,,
1780415640.487,1986138.0,14065.902,9.15313,,,,,,
1780415640.487,1986163.0,14066.129,9.153006,,,,,,
1780415640.488,1986188.0,14066.234,9.152949,,,,,,
1780415640.571,1986213.0,14066.16,9.15272,,,,,,
1780415640.573,1986238.0,14066.189,9.152705,,,,,,
1780415640.574,1986263.0,14066.221,9.152422,,,,,,
1780415640.636,1986288.0,14066.371,9.15234,,,,,,
1780415640.637,1986313.0,14066.371,9.152607,,,,,,
1780415640.637,1986338.0,14066.51,9.152532,,,,,,
1780415640.702,1986363.0,14066.537,9.152515,,,,,,
1780415640.703,1986388.0,14066.357,9.152615,,,,,,
1780415640.769,1986413.0,14066.371,9.152338,,,,,,
1780415640.770,1986438.0,14066.221,9.152421,,,,,,
1780415640.770,1986463.0,14066.297,9.15238,,,,,,
1780415640.835,1986488.0,14066.537,9.152248,,,,,,
1780415640.836,1986513.0,14066.266,9.152395,,,,,,
1780415640.836,1986538.0,14066.4,9.15259,,,,,,
1780415640.902,1986563.0,14066.324,9.152364,,,,,,
1780415640.903,1986588.0,14066.58,9.152225,,,,,,
1780415640.969,1986613.0,14066.807,9.152099,,,,,,
1780415640.969,1986638.0,14067.123,9.151659,,,,,,
1780415640.970,1986663.0,14067.094,9.151675,,,,,,
1780415641.036,1986688.0,14067.139,9.151918,,,,,,
1780415641.036,1986713.0,14067.199,9.151886,,,,,,
1780415641.036,1986738.0,14067.201,9.151885,,,,,,
1780415641.104,1986763.0,14067.291,9.151568,,,,,,
1780415641.105,1986788.0,14067.139,9.151651,,,,,,
1780415641.106,1986813.0,14067.094,9.151408,,,,,,
1780415641.172,1986838.0,14067.246,9.151325,,,,,,
1780415641.173,1986863.0,14067.064,9.151425,,,,,,
1780415641.253,1986888.0,14067.08,9.151417,,,,,,
1780415641.254,1986913.0,14066.943,9.15149,,,,,,
1780415641.255,1986938.0,14067.033,9.151175,,,,,,
1780415641.255,1986963.0,14066.928,9.151232,,,,,,
1780415641.320,1986988.0,14066.867,9.151265,,,,,,
1780415641.320,1987013.0,14066.912,9.151507,,,,,,
1780415641.385,1987038.0,14066.883,9.151524,,,,,,
1780415641.385,1987063.0,14066.822,9.151557,,,,,,
1780415641.386,1987088.0,14066.959,9.151749,,,,,,
1780415641.454,1987113.0,14066.732,9.151873,,,,,,
1780415641.454,1987138.0,14066.793,9.15184,,,,,,
1780415641.455,1987163.0,14066.824,9.151556,,,,,,
1780415641.521,1987188.0,14066.779,9.151848,,,,,,
1780415641.522,1987213.0,14066.732,9.152142,,,,,,
1780415641.587,1987238.0,14066.625,9.1522,,,,,,
1780415641.587,1987263.0,14066.551,9.152241,,,,,,
1780415641.588,1987288.0,14066.641,9.152192,,,,,,
1780415641.652,1987313.0,14066.701,9.151891,,,,,,
1780415641.652,1987338.0,14066.564,9.152234,,,,,,
1780415641.718,1987363.0,14066.715,9.151882,,,,,,
1780415641.719,1987388.0,14066.959,9.151749,,,,,,
1780415641.719,1987413.0,14066.988,9.151733,,,,,,
1780415641.788,1987438.0,14066.869,9.151798,,,,,,
1780415641.788,1987463.0,14066.809,9.1521,,,,,,
1780415641.789,1987488.0,14067.049,9.152235,,,,,,
1780415641.856,1987513.0,14066.809,9.152367,,,,,,
1780415641.856,1987538.0,14066.688,9.152166,,,,,,
1780415641.857,1987563.0,14066.746,9.152134,,,,,,
1780415641.918,1987588.0,14066.656,9.152184,,,,,,
1780415641.919,1987613.0,14066.822,9.152092,,,,,,
1780415641.985,1987638.0,14066.838,9.151814,,,,,,
1780415641.986,1987663.0,14066.777,9.151849,,,,,,
1780415641.986,1987688.0,14066.898,9.151782,,,,,,
1780415642.052,1987713.0,14066.822,9.151824,,,,,,
1780415642.053,1987738.0,14066.611,9.151939,,,,,,
1780415642.120,1987763.0,14066.836,9.151816,,,,,,
1780415642.120,1987788.0,14066.672,9.151906,,,,,,
1780415642.121,1987813.0,14066.537,9.151712,,,,,,
1780415642.185,1987838.0,14066.582,9.15142,,,,,,
1780415642.186,1987863.0,14066.764,9.151589,,,,,,
1780415642.186,1987888.0,14066.885,9.151524,,,,,,
1780415642.251,1987913.0,14066.914,9.151506,,,,,,
1780415642.252,1987938.0,14066.854,9.15154,,,,,,
1780415642.318,1987963.0,14067.033,9.151175,,,,,,
1780415642.319,1987988.0,14066.973,9.151475,,,,,,
1780415642.319,1988013.0,14066.67,9.151641,,,,,,
1780415642.385,1988038.0,14066.807,9.151566,,,,,,
1780415642.386,1988063.0,14066.941,9.151491,,,,,,
1780415642.387,1988088.0,14066.791,9.151307,,,,,,
1780415642.453,1988113.0,14066.488,9.151204,,,,,,
1780415642.454,1988138.0,14066.867,9.150997,,,,,,
1780415642.520,1988163.0,14067.049,9.150897,,,,,,
1780415642.521,1988188.0,14066.867,9.150996,,,,,,
1780415642.521,1988213.0,14066.641,9.15139,,,,,,
1780415642.587,1988238.0,14066.58,9.151423,,,,,,
1780415642.587,1988263.0,14066.566,9.15143,,,,,,
1780415642.588,1988288.0,14066.582,9.15142,,,,,,
1780415642.652,1988313.0,14066.809,9.151296,,,,,,
1780415642.653,1988338.0,14066.898,9.150979,,,,,,
1780415642.720,1988363.0,14066.959,9.150946,,,,,,
1780415642.720,1988388.0,14066.795,9.151036,,,,,,
1780415642.721,1988413.0,14067.051,9.151165,,,,,,
1780415642.785,1988438.0,14067.141,9.151116,,,,,,
1780415642.785,1988463.0,14067.201,9.15135,,,,,,
1780415642.786,1988488.0,14067.096,9.151408,,,,,,
1780415642.853,1988513.0,14066.914,9.151506,,,,,,
1780415642.853,1988538.0,14066.672,9.15164,,,,,,
1780415642.919,1988563.0,14066.598,9.15168,,,,,,
1780415642.919,1988588.0,14066.506,9.151998,,,,,,
1780415642.919,1988613.0,14066.625,9.151666,,,,,,
1780415642.984,1988638.0,14066.625,9.151934,,,,,,
1780415642.985,1988663.0,14066.535,9.152249,,,,,,
1780415642.985,1988688.0,14066.643,9.152191,,,,,,
1780415643.051,1988713.0,14066.809,9.152368,,,,,,
1780415643.052,1988738.0,14066.898,9.152319,,,,,,
1780415643.122,1988763.0,14067.02,9.152252,,,,,,
1780415643.123,1988788.0,14066.943,9.152294,,,,,,
1780415643.124,1988813.0,14067.08,9.152219,,,,,,
1780415643.202,1988838.0,14067.17,9.151903,,,,,,
1780415643.202,1988863.0,14067.291,9.152104,,,,,,
1780415643.203,1988888.0,14067.244,9.152129,,,,,,
1780415643.267,1988913.0,14067.154,9.152178,,,,,,
1780415643.268,1988938.0,14067.109,9.15247,,,,,,
1780415643.269,1988963.0,14066.93,9.152568,,,,,,
1780415643.335,1988988.0,14067.141,9.15272,,,,,,
1780415643.337,1989013.0,14067.398,9.152579,,,,,,
1780415643.338,1989038.0,14067.246,9.152394,,,,,,
1780415643.418,1989063.0,14067.504,9.152254,,,,,,
1780415643.419,1989088.0,14067.488,9.152263,,,,,,
1780415643.420,1989113.0,14067.594,9.152206,,,,,,
1780415643.495,1989138.0,14067.758,9.152116,,,,,,
1780415643.496,1989163.0,14068.031,9.152234,,,,,,
1780415643.496,1989188.0,14068.121,9.152184,,,,,,
1780415643.568,1989213.0,14068.107,9.151926,,,,,,
1780415643.568,1989238.0,14067.941,9.152017,,,,,,
1780415643.569,1989263.0,14067.941,9.151747,,,,,,
1780415643.635,1989288.0,14068.107,9.151389,,,,,,
1780415643.636,1989313.0,14068.031,9.151431,,,,,,
1780415643.636,1989338.0,14067.957,9.151204,,,,,,
1780415643.702,1989363.0,14067.941,9.151213,,,,,,
1780415643.703,1989388.0,14067.67,9.151361,,,,,,
1780415643.771,1989413.0,14067.609,9.151393,,,,,,
1780415643.772,1989438.0,14067.58,9.151678,,,,,,
1780415643.773,1989463.0,14067.852,9.151527,,,,,,
1780415643.835,1989488.0,14067.473,9.151736,,,,,,
1780415643.836,1989513.0,14067.652,9.151905,,,,,,
1780415643.836,1989538.0,14067.773,9.151838,,,,,,
1780415643.903,1989563.0,14067.684,9.151622,,,,,,
1780415643.903,1989588.0,14067.789,9.151564,,,,,,
1780415643.971,1989613.0,14067.729,9.151596,,,,,,
1780415643.973,1989638.0,14067.518,9.151713,,,,,,
1780415643.974,1989663.0,14067.563,9.151688,,,,,,
1780415644.053,1989688.0,14067.502,9.151989,,,,,,
1780415644.053,1989713.0,14067.246,9.151861,,,,,,
1780415644.055,1989738.0,14066.898,9.151783,,,,,,
1780415644.056,1989763.0,14066.598,9.152216,,,,,,
1780415644.135,1989788.0,14066.52,9.152258,,,,,,
1780415644.135,1989813.0,14066.447,9.152297,,,,,,
1780415644.136,1989838.0,14066.551,9.152507,,,,,,
1780415644.202,1989863.0,14066.445,9.152566,,,,,,
1780415644.202,1989888.0,14066.49,9.152809,,,,,,
1780415644.267,1989913.0,14066.354,9.152883,,,,,,
1780415644.268,1989938.0,14066.535,9.152785,,,,,,
1780415644.268,1989963.0,14066.641,9.152726,,,,,,
1780415644.335,1989988.0,14066.791,9.152912,,,,,,
1780415644.335,1990013.0,14066.912,9.152845,,,,,,
1780415644.335,1990038.0,14067.049,9.153038,,,,,,
1780415644.402,1990063.0,14067.141,9.152988,,,,,,
1780415644.403,1990088.0,14067.232,9.152938,,,,,,
1780415644.484,1990113.0,14067.475,9.152538,,,,,,
1780415644.485,1990138.0,14067.414,9.152571,,,,,,
1780415644.485,1990163.0,14067.52,9.152514,,,,,,
1780415644.485,1990188.0,14067.504,9.152522,,,,,,
1780415644.551,1990213.0,14067.518,9.152514,,,,,,
1780415644.552,1990238.0,14067.473,9.152272,,,,,,
1780415644.618,1990263.0,14067.518,9.152246,,,,,,
1780415644.618,1990288.0,14067.365,9.152328,,,,,,
1780415644.619,1990313.0,14067.32,9.152353,,,,,,
1780415644.685,1990338.0,14067.563,9.152222,,,,,,
1780415644.686,1990363.0,14067.85,9.152332,,,,,,
1780415644.686,1990388.0,14068.092,9.151932,,,,,,
1780415644.751,1990413.0,14068.137,9.15164,,,,,,
1780415644.751,1990438.0,14068.166,9.151624,,,,,,
1780415644.817,1990463.0,14068.031,9.151431,,,,,,
1780415644.817,1990488.0,14068.137,9.151373,,,,,,
1780415644.818,1990513.0,14068.152,9.151096,,,,,,
1780415644.885,1990538.0,14068.184,9.15108,,,,,,
1780415644.885,1990563.0,14068.018,9.151171,,,,,,
1780415644.886,1990588.0,14068.018,9.151439,,,,,,
1780415644.969,1990613.0,14067.85,9.151262,,,,,,
1780415644.969,1990638.0,14067.668,9.151629,,,,,,
1780415644.970,1990663.0,14067.666,9.151362,,,,,,
1780415645.051,1990688.0,14067.549,9.15116,,,,,,
1780415645.051,1990713.0,14067.441,9.151218,,,,,,
1780415645.052,1990738.0,14067.426,9.151227,,,,,,
1780415645.119,1990763.0,14067.576,9.151145,,,,,,
1780415645.119,1990788.0,14067.322,9.151284,,,,,,
1780415645.119,1990813.0,14067.156,9.151374,,,,,,
1780415645.184,1990838.0,14067.127,9.151391,,,,,,
1780415645.185,1990863.0,14067.143,9.151649,,,,,,
1780415645.185,1990888.0,14067.098,9.151674,,,,,,
1780415645.253,1990913.0,14067.338,9.15181,,,,,,
1780415645.254,1990938.0,14067.309,9.151559,,,,,,
1780415645.254,1990963.0,14067.232,9.1516,,,,,,
1780415645.319,1990988.0,14067.277,9.151308,,,,,,
1780415645.320,1991013.0,14067.051,9.151432,,,,,,
1780415645.402,1991038.0,14066.961,9.151482,,,,,,
1780415645.403,1991063.0,14066.988,9.151466,,,,,,
1780415645.404,1991088.0,14067.156,9.151374,,,,,,
1780415645.405,1991113.0,14067.111,9.1514,,,,,,
1780415645.477,1991138.0,14067.186,9.151359,,,,,,
1780415645.478,1991163.0,14067.02,9.151448,,,,,,
1780415645.550,1991188.0,14067.152,9.151376,,,,,,
1780415645.551,1991213.0,14067.305,9.151025,,,,,,
1780415645.552,1991238.0,14067.336,9.151008,,,,,,
1780415645.617,1991263.0,14067.473,9.150932,,,,,,
1780415645.617,1991288.0,14067.594,9.150866,,,,,,
1780415645.618,1991313.0,14067.76,9.150775,,,,,,
1780415645.683,1991338.0,14067.762,9.150774,,,,,,
1780415645.683,1991363.0,14067.764,9.151043,,,,,,
1780415645.684,1991388.0,14067.354,9.150999,,,,,,
1780415645.753,1991413.0,14067.656,9.150834,,,,,,
1780415645.754,1991438.0,14067.896,9.150702,,,,,,
1780415645.755,1991463.0,14067.564,9.150885,,,,,,
1780415645.819,1991488.0,14067.547,9.150626,,,,,,
1780415645.820,1991513.0,14067.607,9.150593,,,,,,
1780415645.884,1991538.0,14067.518,9.150375,,,,,,
1780415645.885,1991563.0,14067.666,9.15056,,,,,,
1780415645.885,1991588.0,14067.727,9.150527,,,,,,
1780415645.950,1991613.0,14067.576,9.15061,,,,,,
1780415645.950,1991638.0,14067.955,9.150402,,,,,,
1780415646.018,1991663.0,14068.121,9.15058,,,,,,
1780415646.018,1991688.0,14068.152,9.150563,,,,,,
1780415646.019,1991713.0,14068.15,9.15083,,,,,,
1780415646.089,1991738.0,14068.123,9.150846,,,,,,
1780415646.089,1991763.0,14068.215,9.150796,,,,,,
1780415646.090,1991788.0,14068.197,9.151073,,,,,,
1780415646.168,1991813.0,14068.076,9.15114,,,,,,
1780415646.169,1991838.0,14067.971,9.151196,,,,,,
1780415646.170,1991863.0,14067.986,9.151188,,,,,,
1780415646.252,1991888.0,14068.059,9.151148,,,,,,
1780415646.252,1991913.0,14067.848,9.151532,,,,,,
1780415646.252,1991938.0,14067.652,9.151906,,,,,,
1780415646.318,1991963.0,14067.668,9.151897,,,,,,
1780415646.319,1991988.0,14067.697,9.151613,,,,,,
1780415646.319,1992013.0,14067.818,9.151547,,,,,,
1780415646.407,1992038.0,14067.715,9.151606,,,,,,
1780415646.408,1992063.0,14067.639,9.151914,,,,,,
1780415646.408,1992088.0,14067.895,9.151772,,,,,,
1780415646.410,1992113.0,14068.0,9.151715,,,,,,
1780415646.484,1992138.0,14068.0,9.151715,,,,,,
1780415646.485,1992163.0,14067.924,9.151757,,,,,,
1780415646.485,1992188.0,14067.711,9.151873,,,,,,
1780415646.551,1992213.0,14067.697,9.151881,,,,,,
1780415646.551,1992238.0,14067.635,9.152182,,,,,,
1780415646.617,1992263.0,14067.502,9.152255,,,,,,
1780415646.618,1992288.0,14067.35,9.15207,,,,,,
1780415646.618,1992313.0,14067.291,9.152103,,,,,,
1780415646.683,1992338.0,14067.246,9.15186,,,,,,
1780415646.683,1992363.0,14067.457,9.151745,,,,,,
1780415646.684,1992388.0,14067.291,9.151836,,,,,,
1780415646.751,1992413.0,14067.336,9.151544,,,,,,
1780415646.751,1992438.0,14067.32,9.151551,,,,,,
1780415646.818,1992463.0,14067.441,9.151485,,,,,,
1780415646.819,1992488.0,14067.563,9.151419,,,,,,
1780415646.819,1992513.0,14067.531,9.151168,,,,,,
1780415646.884,1992538.0,14067.684,9.150818,,,,,,
1780415646.885,1992563.0,14067.76,9.150509,,,,,,
1780415646.885,1992588.0,14067.607,9.150859,,,,,,
1780415646.951,1992613.0,14067.441,9.151218,,,,,,
1780415646.951,1992638.0,14067.592,9.151136,,,,,,
1780415647.016,1992663.0,14067.652,9.151103,,,,,,
1780415647.017,1992688.0,14067.742,9.150786,,,,,,
1780415647.017,1992713.0,14067.668,9.150827,,,,,,
1780415647.084,1992738.0,14067.502,9.150919,,,,,,
1780415647.084,1992763.0,14067.486,9.150925,,,,,,
1780415647.085,1992788.0,14067.699,9.15081,,,,,,
1780415647.151,1992813.0,14067.82,9.150476,,,,,,
1780415647.153,1992838.0,14067.713,9.150535,,,,,,
1780415647.218,1992863.0,14067.623,9.150316,,,,,,
1780415647.218,1992888.0,14067.502,9.150383,,,,,,
1780415647.219,1992913.0,14067.533,9.150633,,,,,,
1780415647.285,1992938.0,14067.563,9.150885,,,,,,
1780415647.286,1992963.0,14067.594,9.150868,,,,,,
1780415647.286,1992988.0,14067.291,9.151033,,,,,,
1780415647.368,1993013.0,14067.367,9.151259,,,,,,
1780415647.369,1993038.0,14067.549,9.151159,,,,,,
1780415647.369,1993063.0,14067.535,9.151168,,,,,,
1780415647.433,1993088.0,14067.383,9.15125,,,,,,
1780415647.434,1993113.0,14067.428,9.151226,,,,,,
1780415647.434,1993138.0,14067.262,9.151317,,,,,,
1780415647.500,1993163.0,14066.961,9.151749,,,,,,
1780415647.501,1993188.0,14067.02,9.151984,,,,,,
1780415647.568,1993213.0,14066.912,9.152042,,,,,,
1780415647.568,1993238.0,14066.988,9.151733,,,,,,
1780415647.568,1993263.0,14066.883,9.151791,,,,,,
1780415647.634,1993288.0,14066.957,9.151751,,,,,,
1780415647.634,1993313.0,14066.762,9.151857,,,,,,
1780415647.635,1993338.0,14066.807,9.152101,,,,,,
1780415647.702,1993363.0,14066.73,9.152142,,,,,,
1780415647.703,1993388.0,14066.609,9.152475,,,,,,
1780415647.769,1993413.0,14066.398,9.152592,,,,,,
1780415647.770,1993438.0,14066.205,9.152966,,,,,,
1780415647.770,1993463.0,14066.25,9.153208,,,,,,
1780415647.834,1993488.0,14066.447,9.153099,,,,,,
1780415647.835,1993513.0,14066.582,9.153026,,,,,,
1780415647.835,1993538.0,14066.461,9.152826,,,,,,
1780415647.917,1993563.0,14066.447,9.152564,,,,,,
1780415647.918,1993588.0,14066.355,9.152883,,,,,,
1780415647.918,1993613.0,14066.598,9.152751,,,,,,
1780415647.982,1993638.0,14066.627,9.152467,,,,,,
1780415647.983,1993663.0,14066.658,9.152718,,,,,,
1780415647.983,1993688.0,14066.477,9.153084,,,,,,
1780415648.050,1993713.0,14066.355,9.153149,,,,,,
1780415648.051,1993738.0,14066.355,9.153149,,,,,,
1780415648.116,1993763.0,14066.445,9.1531,,,,,,
1780415648.117,1993788.0,14066.688,9.1527,,,,,,
1780415648.117,1993813.0,14066.959,9.152284,,,,,,
1780415648.184,1993838.0,14066.975,9.152009,,,,,,
1780415648.185,1993863.0,14066.943,9.152026,,,,,,
1780415648.186,1993888.0,14066.926,9.152033,,,,,,
1780415648.266,1993913.0,14066.688,9.152165,,,,,,
1780415648.267,1993938.0,14066.791,9.152107,,,,,,
1780415648.267,1993963.0,14066.732,9.151873,,,,,,
1780415648.333,1993988.0,14066.777,9.152115,,,,,,
1780415648.334,1994013.0,14066.809,9.1521,,,,,,
1780415648.335,1994038.0,14066.764,9.152124,,,,,,
1780415648.399,1994063.0,14066.914,9.151773,,,,,,
1780415648.399,1994088.0,14067.004,9.151458,,,,,,
1780415648.467,1994113.0,14067.156,9.151375,,,,,,
1780415648.467,1994138.0,14067.08,9.151416,,,,,,
1780415648.468,1994163.0,14067.141,9.15165,,,,,,
1780415648.532,1994188.0,14066.975,9.151741,,,,,,
1780415648.533,1994213.0,14067.051,9.151432,,,,,,
1780415648.533,1994238.0,14067.111,9.1514,,,,,,
1780415648.601,1994263.0,14066.914,9.151506,,,,,,
1780415648.602,1994288.0,14066.703,9.151356,,,,,,
1780415648.684,1994313.0,14066.912,9.150971,,,,,,
1780415648.685,1994338.0,14066.988,9.151199,,,,,,
1780415648.685,1994363.0,14066.898,9.151249,,,,,,
1780415648.686,1994388.0,14066.76,9.151324,,,,,,
1780415648.754,1994413.0,14066.715,9.151616,,,,,,
1780415648.754,1994438.0,14066.291,9.151847,,,,,,
1780415648.755,1994463.0,14066.277,9.151855,,,,,,
1780415648.823,1994488.0,14066.338,9.151822,,,,,,
1780415648.824,1994513.0,14066.188,9.151904,,,,,,
1780415648.899,1994538.0,14066.277,9.152122,,,,,,
1780415648.899,1994563.0,14066.145,9.152195,,,,,,
1780415648.900,1994588.0,14066.158,9.152187,,,,,,
1780415648.965,1994613.0,14066.293,9.151846,,,,,,
1780415648.966,1994638.0,14066.535,9.151446,,,,,,
1780415648.966,1994663.0,14066.414,9.151513,,,,,,
1780415649.032,1994688.0,14066.49,9.151738,,,,,,
1780415649.033,1994713.0,14066.504,9.151998,,,,,,
1780415649.034,1994738.0,14066.398,9.152056,,,,,,
1780415649.100,1994763.0,14066.443,9.152299,,,,,,
1780415649.101,1994788.0,14066.416,9.152315,,,,,,
1780415649.168,1994813.0,14066.611,9.152208,,,,,,
1780415649.170,1994838.0,14066.582,9.152492,,,,,,
1780415649.170,1994863.0,14066.584,9.152758,,,,,,
1780415649.248,1994888.0,14066.795,9.152911,,,,,,
1780415649.248,1994913.0,14066.734,9.153213,,,,,,
1780415649.249,1994938.0,14066.719,9.15322,,,,,,
1780415649.317,1994963.0,14066.658,9.152986,,,,,,
1780415649.318,1994988.0,14066.643,9.153262,,,,,,
1780415649.318,1995013.0,14066.688,9.153504,,,,,,
1780415649.382,1995038.0,14066.748,9.153203,,,,,,
1780415649.383,1995063.0,14066.658,9.153252,,,,,,
1780415649.383,1995088.0,14066.643,9.153528,,,,,,
1780415649.451,1995113.0,14066.506,9.15387,,,,,,
1780415649.452,1995138.0,14066.719,9.154021,,,,,,
1780415649.516,1995163.0,14066.764,9.153996,,,,,,
1780415649.517,1995188.0,14067.08,9.153823,,,,,,
1780415649.517,1995213.0,14067.232,9.15374,,,,,,
1780415649.583,1995238.0,14067.156,9.153782,,,,,,
1780415649.584,1995263.0,14067.02,9.153856,,,,,,
1780415649.588,1995288.0,14067.23,9.15374,,,,,,
1780415649.667,1995313.0,14067.277,9.153447,,,,,,
1780415649.668,1995338.0,14067.02,9.15332,,,,,,
1780415649.668,1995363.0,14066.988,9.153605,,,,,,
1780415649.741,1995388.0,14066.898,9.153387,,,,,,
1780415649.742,1995413.0,14066.93,9.153103,,,,,,
1780415649.742,1995438.0,14066.809,9.153169,,,,,,
1780415649.816,1995463.0,14066.867,9.152867,,,,,,
1780415649.817,1995488.0,14066.764,9.152658,,,,,,
1780415649.817,1995513.0,14066.598,9.152481,,,,,,
1780415649.883,1995538.0,14066.719,9.152416,,,,,,
1780415649.884,1995563.0,14066.809,9.152367,,,,,,
1780415649.884,1995588.0,14066.795,9.152641,,,,,,
1780415649.951,1995613.0,14066.93,9.1523,,,,,,
1780415649.952,1995638.0,14066.975,9.152008,,,,,,
1780415650.018,1995663.0,14066.898,9.152317,,,,,,
1780415650.018,1995688.0,14066.988,9.152268,,,,,,
1780415650.019,1995713.0,14067.154,9.151911,,,,,,
1780415650.084,1995738.0,14067.215,9.151609,,,,,,
1780415650.085,1995763.0,14067.17,9.151367,,,,,,
1780415650.086,1995788.0,14067.168,9.151101,,,,,,
1780415650.150,1995813.0,14066.791,9.151307,,,,,,
1780415650.151,1995838.0,14066.746,9.151332,,,,,,
1780415650.217,1995863.0,14066.625,9.151396,,,,,,
1780415650.218,1995888.0,14066.535,9.151445,,,,,,
1780415650.218,1995913.0,14066.156,9.151652,,,,,,
1780415650.300,1995938.0,14066.051,9.151978,,,,,,
1780415650.300,1995963.0,14066.1,9.151952,,,,,,
1780415650.301,1995988.0,14066.053,9.151709,,,,,,
1780415650.366,1996013.0,14066.234,9.151609,,,,,,
1780415650.367,1996038.0,14066.16,9.151919,,,,,,
1780415650.367,1996063.0,14066.189,9.151903,,,,,,
1780415650.432,1996088.0,14066.023,9.151994,,,,,,
1780415650.432,1996113.0,14065.857,9.152084,,,,,,
1780415650.432,1996138.0,14066.084,9.15196,,,,,,
1780415650.499,1996163.0,14066.113,9.151677,,,,,,
1780415650.500,1996188.0,14065.813,9.151842,,,,,,
1780415650.582,1996213.0,14065.887,9.151533,,,,,,
1780415650.583,1996238.0,14065.842,9.151558,,,,,,
1780415650.583,1996263.0,14065.723,9.151623,,,,,,
1780415650.584,1996288.0,14065.689,9.151642,,,,,,
1780415650.650,1996313.0,14065.84,9.151827,,,,,,
1780415650.650,1996338.0,14065.75,9.152143,,,,,,
1780415650.716,1996363.0,14065.705,9.152434,,,,,,
1780415650.716,1996388.0,14065.781,9.152393,,,,,,
1780415650.717,1996413.0,14065.705,9.152434,,,,,,
1780415650.783,1996438.0,14065.963,9.152294,,,,,,
1780415650.784,1996463.0,14066.008,9.152269,,,,,,
1780415650.785,1996488.0,14066.098,9.152489,,,,,,
1780415650.866,1996513.0,14066.098,9.152756,,,,,,
1780415650.866,1996538.0,14066.445,9.152834,,,,,,
1780415650.867,1996563.0,14066.16,9.152722,,,,,,
1780415650.932,1996588.0,14066.279,9.152658,,,,,,
1780415650.932,1996613.0,14066.416,9.15285,,,,,,
1780415650.933,1996638.0,14066.385,9.153134,,,,,,
1780415650.999,1996663.0,14066.475,9.153085,,,,,,
1780415651.000,1996688.0,14066.551,9.153043,,,,,,
1780415651.065,1996713.0,14066.551,9.153044,,,,,,
1780415651.066,1996738.0,14066.551,9.153044,,,,,,
1780415651.067,1996763.0,14066.34,9.153426,,,,,,
1780415651.133,1996788.0,14066.295,9.153451,,,,,,
1780415651.134,1996813.0,14066.475,9.15362,,,,,,
1780415651.134,1996838.0,14066.43,9.153912,,,,,,
1780415651.199,1996863.0,14066.385,9.153936,,,,,,
1780415651.200,1996888.0,14066.535,9.153853,,,,,,
1780415651.267,1996913.0,14066.598,9.15382,,,,,,
1780415651.268,1996938.0,14066.611,9.153545,,,,,,
1780415651.269,1996963.0,14066.551,9.153578,,,,,,
1780415651.332,1996988.0,14066.52,9.153327,,,,,,
1780415651.332,1997013.0,14066.67,9.153245,,,,,,
1780415651.333,1997038.0,14066.535,9.153587,,,,,,
1780415651.400,1997063.0,14066.58,9.153563,,,,,,
1780415651.401,1997088.0,14066.488,9.153611,,,,,,
1780415651.483,1997113.0,14066.504,9.153335,,,,,,
1780415651.483,1997138.0,14066.656,9.152986,,,,,,
1780415651.483,1997163.0,14066.928,9.152568,,,,,,
1780415651.484,1997188.0,14067.018,9.152519,,,,,,
1780415651.548,1997213.0,14067.141,9.15272,,,,,,
1780415651.550,1997238.0,14067.186,9.152428,,,,,,
1780415651.617,1997263.0,14067.08,9.152486,,,,,,
1780415651.618,1997288.0,14067.018,9.152252,,,,,,
1780415651.618,1997313.0,14067.002,9.152528,,,,,,
1780415651.683,1997338.0,14067.033,9.152511,,,,,,
1780415651.684,1997363.0,14067.094,9.152477,,,,,,
1780415651.684,1997388.0,14067.336,9.152079,,,,,,
1780415651.760,1997413.0,14067.412,9.152037,,,,,,
1780415651.761,1997438.0,14067.457,9.151745,,,,,,
1780415651.761,1997463.0,14067.443,9.151484,,,,,,
1780415651.832,1997488.0,14067.322,9.151551,,,,,,
1780415651.833,1997513.0,14067.35,9.151535,,,,,,
1780415651.833,1997538.0,14067.396,9.151243,,,,,,
1780415651.900,1997563.0,14067.201,9.151349,,,,,,
1780415651.901,1997588.0,14067.365,9.15126,,,,,,
1780415651.984,1997613.0,14067.486,9.151462,,,,,,
1780415651.984,1997638.0,14067.26,9.151585,,,,,,
1780415651.985,1997663.0,14067.367,9.151526,,,,,,
1780415651.985,1997688.0,14067.367,9.151526,,,,,,
1780415652.068,1997713.0,14067.246,9.151592,,,,,,
1780415652.068,1997738.0,14067.365,9.151527,,,,,,
1780415652.068,1997763.0,14067.26,9.151853,,,,,,
1780415652.148,1997788.0,14066.836,9.152352,,,,,,
1780415652.148,1997813.0,14067.078,9.152489,,,,,,
1780415652.149,1997838.0,14067.063,9.152497,,,,,,
1780415652.215,1997863.0,14066.822,9.152628,,,,,,
1780415652.215,1997888.0,14066.822,9.15236,,,,,,
1780415652.216,1997913.0,14066.822,9.15236,,,,,,
1780415652.281,1997938.0,14066.701,9.15216,,,,,,
1780415652.282,1997963.0,14066.703,9.152158,,,,,,
1780415652.282,1997988.0,14066.809,9.1521,,,,,,
1780415652.349,1998013.0,14066.551,9.152241,,,,,,
1780415652.350,1998038.0,14066.596,9.152216,,,,,,
1780415652.416,1998063.0,14066.598,9.152482,,,,,,
1780415652.416,1998088.0,14066.371,9.152606,,,,,,
1780415652.417,1998113.0,14066.447,9.152564,,,,,,
1780415652.483,1998138.0,14066.551,9.152507,,,,,,
1780415652.484,1998163.0,14066.537,9.152514,,,,,,
1780415652.484,1998188.0,14066.748,9.152667,,,,,,
1780415652.550,1998213.0,14066.748,9.1524,,,,,,
1780415652.550,1998238.0,14066.658,9.152182,,,,,,
1780415652.615,1998263.0,14066.613,9.152473,,,,,,
1780415652.616,1998288.0,14066.658,9.152182,,,,,,
1780415652.616,1998313.0,14066.658,9.152182,,,,,,
1780415652.700,1998338.0,14066.748,9.1524,,,,,,
1780415652.701,1998363.0,14066.371,9.152873,,,,,,
1780415652.702,1998388.0,14066.279,9.152657,,,,,,
1780415652.766,1998413.0,14066.504,9.152266,,,,,,
1780415652.767,1998438.0,14066.293,9.152382,,,,,,
1780415652.768,1998463.0,14066.309,9.152104,,,,,,
1780415652.850,1998488.0,14066.203,9.152163,,,,,,
1780415652.851,1998513.0,14066.232,9.152146,,,,,,
1780415652.852,1998538.0,14066.371,9.152071,,,,,,
1780415652.932,1998563.0,14066.43,9.152307,,,,,,
1780415652.933,1998588.0,14066.477,9.152281,,,,,,
1780415652.933,1998613.0,14066.627,9.152466,,,,,,
1780415652.933,1998638.0,14066.598,9.152749,,,,,,
1780415653.006,1998663.0,14066.627,9.152733,,,,,,
1780415653.008,1998688.0,14066.566,9.152499,,,,,,
1780415653.008,1998713.0,14066.793,9.152375,,,,,,
1780415653.082,1998738.0,14066.807,9.152368,,,,,,
1780415653.082,1998763.0,14066.746,9.152401,,,,,,
1780415653.083,1998788.0,14066.656,9.152718,,,,,,
1780415653.150,1998813.0,14066.414,9.152851,,,,,,
1780415653.150,1998838.0,14066.414,9.152851,,,,,,
1780415653.216,1998863.0,14066.43,9.152841,,,,,,
1780415653.216,1998888.0,14066.398,9.152858,,,,,,
1780415653.217,1998913.0,14066.445,9.152832,,,,,,
1780415653.284,1998938.0,14066.324,9.153166,,,,,,
1780415653.284,1998963.0,14066.416,9.152848,,,,,,
1780415653.285,1998988.0,14066.764,9.152391,,,,,,
1780415653.348,1999013.0,14066.854,9.152609,,,,,,
1780415653.349,1999038.0,14066.838,9.152886,,,,,,
1780415653.415,1999063.0,14067.111,9.152471,,,,,,
1780415653.415,1999088.0,14067.156,9.152446,,,,,,
1780415653.416,1999113.0,14067.352,9.152336,,,,,,
1780415653.483,1999138.0,14067.578,9.152215,,,,,,
1780415653.484,1999163.0,14067.412,9.152573,,,,,,
1780415653.484,1999188.0,14067.531,9.152238,,,,,,
1780415653.549,1999213.0,14067.545,9.152231,,,,,,
1780415653.550,1999238.0,14067.273,9.152112,,,,,,
1780415653.616,1999263.0,14067.184,9.151895,,,,,,
1780415653.617,1999288.0,14067.078,9.151953,,,,,,
1780415653.618,1999313.0,14067.215,9.151875,,,,,,
1780415653.699,1999338.0,14067.336,9.15181,,,,,,
1780415653.699,1999363.0,14067.518,9.15171,,,,,,
1780415653.700,1999388.0,14067.291,9.152102,,,,,,
1780415653.765,1999413.0,14067.336,9.151811,,,,,,
1780415653.766,1999438.0,14067.504,9.151452,,,,,,
1780415653.767,1999463.0,14067.217,9.151608,,,,,,
1780415653.832,1999488.0,14067.309,9.151558,,,,,,
1780415653.833,1999513.0,14067.412,9.151234,,,,,,
1780415653.833,1999538.0,14067.188,9.151625,,,,,,
1780415653.898,1999563.0,14067.156,9.151642,,,,,,
1780415653.899,1999588.0,14067.23,9.151601,,,,,,
1780415653.964,1999613.0,14067.156,9.15191,,,,,,
1780415653.965,1999638.0,14067.246,9.151592,,,,,,
1780415653.965,1999663.0,14067.139,9.151652,,,,,,
1780415654.032,1999688.0,14066.93,9.151766,,,,,,
1780415654.033,1999713.0,14066.777,9.151849,,,,,,
1780415654.033,1999738.0,14066.732,9.151873,,,,,,
1780415654.098,1999763.0,14066.295,9.152112,,,,,,
1780415654.098,1999788.0,14066.551,9.151974,,,,,,
1780415654.166,1999813.0,14066.537,9.151982,,,,,,
1780415654.167,1999838.0,14066.492,9.152007,,,,,,
1780415654.168,1999863.0,14066.613,9.152207,,,,,,
1780415654.232,1999888.0,14066.779,9.152384,,,,,,
1780415654.233,1999913.0,14066.732,9.152677,,,,,,
1780415654.234,1999938.0,14066.629,9.152732,,,,,,
1780415654.300,1999963.0,14066.537,9.153051,,,,,,
1780415654.301,1999988.0,14066.324,9.153167,,,,,,
1780415654.384,2000013.0,14066.461,9.152824,,,,,,
1780415654.385,2000038.0,14066.475,9.152818,,,,,,
1780415654.385,2000063.0,14066.551,9.153044,,,,,,
1780415654.385,2000088.0,14066.701,9.15296,,,,,,
1780415654.466,2000113.0,14066.641,9.152995,,,,,,
1780415654.466,2000138.0,14066.777,9.15292,,,,,,
1780415654.467,2000163.0,14066.836,9.152887,,,,,,
1780415654.550,2000188.0,14066.836,9.152618,,,,,,
1780415654.551,2000213.0,14066.881,9.152863,,,,,,
1780415654.551,2000238.0,14066.957,9.152822,,,,,,
1780415654.633,2000263.0,14066.988,9.152803,,,,,,
1780415654.634,2000288.0,14067.123,9.152731,,,,,,
1780415654.634,2000313.0,14067.094,9.152747,,,,,,
1780415654.635,2000338.0,14067.35,9.152873,,,,,,
1780415654.702,2000363.0,14067.395,9.152849,,,,,,
1780415654.703,2000388.0,14067.652,9.152976,,,,,,
1780415654.781,2000413.0,14067.65,9.152709,,,,,,
1780415654.782,2000438.0,14067.529,9.152776,,,,,,
1780415654.783,2000463.0,14067.664,9.152701,,,,,,
1780415654.783,2000488.0,14067.498,9.152526,,,,,,
1780415654.849,2000513.0,14067.664,9.152167,,,,,,
1780415654.849,2000538.0,14067.803,9.151823,,,,,,
1780415654.916,2000563.0,14067.863,9.151791,,,,,,
1780415654.916,2000588.0,14067.984,9.151724,,,,,,
1780415654.917,2000613.0,14068.0,9.151715,,,,,,
1780415654.982,2000638.0,14068.076,9.151673,,,,,,
1780415654.982,2000663.0,14068.104,9.151658,,,,,,
1780415654.983,2000688.0,14068.014,9.151439,,,,,,
1780415655.048,2000713.0,14067.986,9.151454,,,,,,
1780415655.049,2000738.0,14068.195,9.15134,,,,,,
1780415655.131,2000763.0,14068.016,9.151707,,,,,,
1780415655.132,2000788.0,14068.135,9.151374,,,,,,
1780415655.133,2000813.0,14068.301,9.151283,,,,,,
1780415655.133,2000838.0,14068.031,9.151163,,,,,,
1780415655.199,2000863.0,14068.061,9.15088,,,,,,
1780415655.200,2000888.0,14067.879,9.150978,,,,,,
1780415655.266,2000913.0,14067.85,9.150726,,,,,,
1780415655.267,2000938.0,14067.91,9.150694,,,,,,
1780415655.267,2000963.0,14067.576,9.150609,,,,,,
1780415655.332,2000988.0,14067.697,9.150811,,,,,,
1780415655.332,2001013.0,14067.713,9.150535,,,,,,
1780415655.333,2001038.0,14067.697,9.150811,,,,,,
1780415655.399,2001063.0,14067.818,9.150745,,,,,,
1780415655.400,2001088.0,14067.713,9.150803,,,,,,
1780415655.465,2001113.0,14067.863,9.150721,,,,,,
1780415655.465,2001138.0,14067.973,9.150928,,,,,,
1780415655.466,2001163.0,14067.805,9.151287,,,,,,
1780415655.533,2001188.0,14067.926,9.151223,,,,,,
1780415655.534,2001213.0,14067.656,9.151101,,,,,,
1780415655.534,2001238.0,14067.563,9.151154,,,,,,
1780415655.598,2001263.0,14067.578,9.151144,,,,,,
1780415655.598,2001288.0,14067.457,9.151479,,,,,,
1780415655.666,2001313.0,14067.533,9.151436,,,,,,
1780415655.666,2001338.0,14067.578,9.151679,,,,,,
1780415655.667,2001363.0,14067.395,9.151779,,,,,,
1780415655.733,2001388.0,14067.367,9.151526,,,,,,
1780415655.734,2001413.0,14067.367,9.151526,,,,,,
1780415655.734,2001438.0,14067.188,9.151625,,,,,,
1780415655.801,2001463.0,14067.291,9.151568,,,,,,
1780415655.802,2001488.0,14067.367,9.151526,,,,,,
1780415655.881,2001513.0,14067.275,9.151576,,,,,,
1780415655.881,2001538.0,14067.215,9.151609,,,,,,
1780415655.882,2001563.0,14067.322,9.151818,,,,,,
1780415655.882,2001588.0,14067.43,9.15176,,,,,,
1780415655.949,2001613.0,14067.459,9.151476,,,,,,
1780415655.950,2001638.0,14067.428,9.151761,,,,,,
1780415656.034,2001663.0,14067.518,9.151443,,,,,,
1780415656.035,2001688.0,14067.309,9.151559,,,,,,
1780415656.036,2001713.0,14067.246,9.151592,,,,,,
1780415656.037,2001738.0,14067.277,9.151575,,,,,,
1780415656.114,2001763.0,14067.035,9.151441,,,,,,
1780415656.114,2001788.0,14066.975,9.151205,,,,,,
1780415656.115,2001813.0,14066.824,9.151289,,,,,,
1780415656.182,2001838.0,14067.096,9.151139,,,,,,
1780415656.182,2001863.0,14067.215,9.151073,,,,,,
1780415656.183,2001888.0,14067.186,9.15109,,,,,,
1780415656.249,2001913.0,14067.199,9.150815,,,,,,
1780415656.250,2001938.0,14067.273,9.150774,,,,,,
1780415656.333,2001963.0,14067.336,9.150474,,,,,,
1780415656.334,2001988.0,14067.107,9.150598,,,,,,
1780415656.335,2002013.0,14067.182,9.150558,,,,,,
1780415656.337,2002038.0,14067.289,9.150498,,,,,,
1780415656.416,2002063.0,14067.229,9.150799,,,,,,
1780415656.416,2002088.0,14067.289,9.151034,,,,,,
1780415656.417,2002113.0,14067.17,9.1511,,,,,,
1780415656.500,2002138.0,14067.26,9.151051,,,,,,
1780415656.500,2002163.0,14067.381,9.150985,,,,,,
1780415656.501,2002188.0,14067.443,9.150682,,,,,,
1780415656.565,2002213.0,14067.412,9.1507,,,,,,
1780415656.566,2002238.0,14067.309,9.150756,,,,,,
1780415656.566,2002263.0,14067.336,9.150474,,,,,,
1780415656.634,2002288.0,14067.08,9.150881,,,,,,
1780415656.634,2002313.0,14067.383,9.150715,,,,,,
1780415656.635,2002338.0,14067.52,9.150641,,,,,,
1780415656.701,2002363.0,14067.488,9.150658,,,,,,
1780415656.702,2002388.0,14067.504,9.150649,,,,,,
1780415656.784,2002413.0,14067.563,9.150616,,,,,,
1780415656.785,2002438.0,14067.426,9.150691,,,,,,
1780415656.786,2002463.0,14067.697,9.150811,,,,,,
1780415656.787,2002488.0,14067.742,9.150787,,,,,,
1780415656.869,2002513.0,14067.682,9.15082,,,,,,
1780415656.870,2002538.0,14067.697,9.150811,,,,,,
1780415656.870,2002563.0,14067.563,9.150885,,,,,,
1780415656.947,2002588.0,14067.426,9.150958,,,,,,
1780415656.947,2002613.0,14067.684,9.150818,,,,,,
1780415656.948,2002638.0,14067.654,9.150833,,,,,,
1780415657.023,2002663.0,14067.594,9.150867,,,,,,
1780415657.024,2002688.0,14067.744,9.150517,,,,,,
1780415657.024,2002713.0,14067.623,9.150316,,,,,,
1780415657.103,2002738.0,14067.381,9.150717,,,,,,
1780415657.105,2002763.0,14067.486,9.150927,,,,,,
1780415657.106,2002788.0,14067.531,9.151169,,,,,,
1780415657.107,2002813.0,14067.352,9.151267,,,,,,
1780415657.184,2002838.0,14067.398,9.151509,,,,,,
1780415657.185,2002863.0,14067.443,9.151484,,,,,,
1780415657.186,2002888.0,14067.32,9.15182,,,,,,
1780415657.270,2002913.0,14067.291,9.151567,,,,,,
1780415657.271,2002938.0,14067.381,9.151521,,,,,,
1780415657.272,2002963.0,14067.322,9.151551,,,,,,
1780415657.333,2002988.0,14067.412,9.151504,,,,,,
1780415657.334,2003013.0,14067.486,9.151463,,,,,,
1780415657.334,2003038.0,14067.426,9.151494,,,,,,
1780415657.399,2003063.0,14067.805,9.151556,,,,,,
1780415657.400,2003088.0,14067.531,9.151705,,,,,,
1780415657.467,2003113.0,14067.441,9.151753,,,,,,
1780415657.468,2003138.0,14067.518,9.151711,,,,,,
1780415657.469,2003163.0,14067.58,9.151678,,,,,,
1780415657.548,2003188.0,14067.307,9.151827,,,,,,
1780415657.548,2003213.0,14067.336,9.151811,,,,,,
1780415657.549,2003238.0,14067.215,9.152144,,,,,,
1780415657.614,2003263.0,14067.291,9.152103,,,,,,
1780415657.615,2003288.0,14067.109,9.15247,,,,,,
1780415657.615,2003313.0,14067.094,9.152478,,,,,,
1780415657.682,2003338.0,14067.246,9.152394,,,,,,
1780415657.683,2003363.0,14067.412,9.152037,,,,,,
1780415657.683,2003388.0,14067.473,9.151736,,,,,,
1780415657.748,2003413.0,14067.156,9.15191,,,,,,
1780415657.748,2003438.0,14067.111,9.151934,,,,,,
1780415657.815,2003463.0,14067.096,9.151675,,,,,,
1780415657.817,2003488.0,14067.02,9.151716,,,,,,
1780415657.818,2003513.0,14067.277,9.151308,,,,,,
1780415657.901,2003538.0,14067.262,9.151317,,,,,,
1780415657.903,2003563.0,14067.186,9.151626,,,,,,
1780415657.904,2003588.0,14067.154,9.151643,,,,,,
1780415657.982,2003613.0,14067.125,9.151659,,,,,,
1780415657.983,2003638.0,14067.094,9.151675,,,,,,
1780415657.984,2003663.0,14067.23,9.151601,,,,,,
1780415657.984,2003688.0,14067.109,9.151401,,,,,,
1780415658.066,2003713.0,14067.109,9.151132,,,,,,
1780415658.067,2003738.0,14067.094,9.151139,,,,,,
1780415658.067,2003763.0,14067.201,9.151081,,,,,,
1780415658.134,2003788.0,14067.201,9.15135,,,,,,
1780415658.134,2003813.0,14067.443,9.151484,,,,,,
1780415658.135,2003838.0,14067.367,9.151526,,,,,,
1780415658.198,2003863.0,14067.654,9.151102,,,,,,
1780415658.199,2003888.0,14067.594,9.151134,,,,,,
1780415658.278,2003913.0,14067.881,9.150711,,,,,,
1780415658.279,2003938.0,14068.002,9.150645,,,,,,
1780415658.279,2003963.0,14068.047,9.150619,,,,,,
1780415658.280,2003988.0,14068.197,9.150537,,,,,,
1780415658.348,2004013.0,14068.168,9.150552,,,,,,
1780415658.349,2004038.0,14068.287,9.150489,,,,,,
1780415658.415,2004063.0,14068.516,9.150631,,,,,,
1780415658.416,2004088.0,14068.5,9.15064,,,,,,
1780415658.417,2004113.0,14068.576,9.150599,,,,,,
1780415658.482,2004138.0,14068.576,9.150599,,,,,,
1780415658.482,2004163.0,14068.604,9.15085,,,,,,
1780415658.483,2004188.0,14068.455,9.150931,,,,,,
1780415658.548,2004213.0,14068.438,9.150941,,,,,,
1780415658.548,2004238.0,14068.393,9.151235,,,,,,
1780415658.615,2004263.0,14068.361,9.151518,,,,,,
1780415658.616,2004288.0,14068.285,9.15156,,,,,,
1780415658.617,2004313.0,14068.27,9.151568,,,,,,
1780415658.702,2004338.0,14068.059,9.151684,,,,,,
1780415658.703,2004363.0,14068.105,9.151657,,,,,,
1780415658.704,2004388.0,14068.016,9.151707,,,,,,
1780415658.705,2004413.0,14067.832,9.15154,,,,,,
1780415658.782,2004438.0,14067.697,9.151345,,,,,,
1780415658.782,2004463.0,14067.893,9.151238,,,,,,
1780415658.783,2004488.0,14067.607,9.151663,,,,,,
1780415658.849,2004513.0,14067.455,9.152013,,,,,,
1780415658.850,2004538.0,14067.441,9.152287,,,,,,
1780415658.937,2004563.0,14067.258,9.152388,,,,,,
1780415658.939,2004588.0,14067.215,9.152411,,,,,,
1780415658.940,2004613.0,14067.154,9.152445,,,,,,
1780415658.941,2004638.0,14066.867,9.152601,,,,,,
1780415659.014,2004663.0,14066.898,9.152318,,,,,,
1780415659.015,2004688.0,14067.02,9.151984,,,,,,
1780415659.016,2004713.0,14067.066,9.151958,,,,,,
1780415659.083,2004738.0,14066.885,9.152059,,,,,,
1780415659.084,2004763.0,14066.732,9.152141,,,,,,
1780415659.084,2004788.0,14066.836,9.151815,,,,,,
1780415659.147,2004813.0,14066.822,9.151556,,,,,,
1780415659.147,2004838.0,14066.988,9.151465,,,,,,
1780415659.215,2004863.0,14066.822,9.151556,,,,,,
1780415659.216,2004888.0,14066.93,9.15123,,,,,,
1780415659.217,2004913.0,14066.93,9.15123,,,,,,
1780415659.302,2004938.0,14066.689,9.151361,,,,,,
1780415659.304,2004963.0,14066.764,9.15132,,,,,,
1780415659.305,2004988.0,14066.719,9.151614,,,,,,
1780415659.307,2005013.0,14066.674,9.151638,,,,,,
1780415659.380,2005038.0,14066.854,9.151807,,,,,,
1780415659.381,2005063.0,14066.883,9.152059,,,,,,
1780415659.381,2005088.0,14066.869,9.152066,,,,,,
1780415659.447,2005113.0,14067.02,9.151716,,,,,,
1780415659.448,2005138.0,14067.246,9.151325,,,,,,
1780415659.515,2005163.0,14067.246,9.151325,,,,,,
1780415659.515,2005188.0,14067.309,9.151561,,,,,,
1780415659.516,2005213.0,14067.398,9.151511,,,,,,
1780415659.580,2005238.0,14067.322,9.151819,,,,,,
1780415659.581,2005263.0,14067.428,9.151762,,,,,,
1780415659.581,2005288.0,14067.535,9.151971,,,,,,
1780415659.647,2005313.0,14067.246,9.152128,,,,,,
1780415659.648,2005338.0,14067.143,9.152185,,,,,,
1780415659.732,2005363.0,14067.354,9.152338,,,,,,
1780415659.732,2005388.0,14067.26,9.152389,,,,,,
1780415659.733,2005413.0,14067.244,9.152664,,,,,,
1780415659.733,2005438.0,14067.26,9.152657,,,,,,
1780415659.814,2005463.0,14067.168,9.152706,,,,,,
1780415659.815,2005488.0,14067.318,9.152623,,,,,,
1780415659.815,2005513.0,14067.441,9.152556,,,,,,
1780415659.883,2005538.0,14067.441,9.152823,,,,,,
1780415659.883,2005563.0,14067.533,9.152774,,,,,,
1780415659.884,2005588.0,14067.668,9.152699,,,,,,
1780415659.947,2005613.0,14067.639,9.152716,,,,,,
1780415659.947,2005638.0,14067.625,9.152723,,,,,,
1780415660.012,2005663.0,14067.715,9.152674,,,,,,
1780415660.013,2005688.0,14067.773,9.152374,,,,,,
1780415660.013,2005713.0,14067.623,9.152456,,,,,,
1780415660.099,2005738.0,14067.531,9.152507,,,,,,
1780415660.100,2005763.0,14067.592,9.152741,,,,,,
1780415660.100,2005788.0,14067.594,9.15274,,,,,,
1780415660.166,2005813.0,14067.502,9.152791,,,,,,
1780415660.166,2005838.0,14067.365,9.152864,,,,,,
1780415660.167,2005863.0,14067.35,9.152606,,,,,,
1780415660.233,2005888.0,14067.381,9.15259,,,,,,
1780415660.233,2005913.0,14067.381,9.152323,,,,,,
1780415660.234,2005938.0,14067.563,9.152221,,,,,,
1780415660.299,2005963.0,14067.563,9.152221,,,,,,
1780415660.299,2005988.0,14067.412,9.152037,,,,,,
1780415660.365,2006013.0,14067.443,9.152287,,,,,,
1780415660.365,2006038.0,14067.518,9.151979,,,,,,
1780415660.366,2006063.0,14067.457,9.152012,,,,,,
1780415660.431,2006088.0,14067.305,9.152095,,,,,,
1780415660.431,2006113.0,14067.154,9.152178,,,,,,
1780415660.432,2006138.0,14066.912,9.152309,,,,,,
1780415660.498,2006163.0,14066.791,9.152109,,,,,,
1780415660.499,2006188.0,14066.867,9.152334,,,,,,
1780415660.565,2006213.0,14066.838,9.15235,,,,,,
1780415660.565,2006238.0,14066.883,9.152326,,,,,,
1780415660.566,2006263.0,14066.822,9.15236,,,,,,
1780415660.631,2006288.0,14066.688,9.152166,,,,,,
1780415660.631,2006313.0,14066.748,9.1524,,,,,,
1780415660.632,2006338.0,14066.912,9.152309,,,,,,
1780415660.698,2006363.0,14067.17,9.152168,,,,,,
1780415660.698,2006388.0,14066.777,9.152385,,,,,,
1780415660.767,2006413.0,14066.748,9.152133,,,,,,
1780415660.768,2006438.0,14066.898,9.151785,,,,,,
1780415660.769,2006463.0,14066.717,9.151882,,,,,,
1780415660.833,2006488.0,14066.852,9.152076,,,,,,
1780415660.835,2006513.0,14067.109,9.152203,,,,,,
1780415660.836,2006538.0,14066.881,9.152327,,,,,,
1780415660.913,2006563.0,14066.459,9.152557,,,,,,
1780415660.913,2006588.0,14066.625,9.152734,,,,,,
1780415660.914,2006613.0,14066.598,9.152749,,,,,,
1780415660.982,2006638.0,14066.611,9.152475,,,,,,
1780415660.984,2006663.0,14066.643,9.152726,,,,,,
1780415660.985,2006688.0,14066.492,9.152806,,,,,,
1780415661.065,2006713.0,14066.447,9.152831,,,,,,
1780415661.065,2006738.0,14066.492,9.15254,,,,,,
1780415661.065,2006763.0,14066.537,9.152515,,,,,,
1780415661.133,2006788.0,14066.719,9.152415,,,,,,
1780415661.134,2006813.0,14066.732,9.152139,,,,,,
1780415661.134,2006838.0,14066.551,9.15224,,,,,,
1780415661.198,2006863.0,14066.477,9.152012,,,,,,
1780415661.198,2006888.0,14066.566,9.152232,,,,,,
1780415661.265,2006913.0,14066.656,9.152183,,,,,,
1780415661.265,2006938.0,14066.445,9.15203,,,,,,
1780415661.266,2006963.0,14066.416,9.152045,,,,,,
1780415661.332,2006988.0,14066.205,9.152161,,,,,,
1780415661.332,2007013.0,14066.492,9.152005,,,,,,
1780415661.332,2007038.0,14066.145,9.152195,,,,,,
1780415661.399,2007063.0,14066.145,9.152194,,,,,,
1780415661.400,2007088.0,14066.221,9.152153,,,,,,
1780415661.479,2007113.0,14066.055,9.151977,,,,,,
1780415661.480,2007138.0,14065.947,9.152035,,,,,,
1780415661.480,2007163.0,14066.16,9.151919,,,,,,
1780415661.481,2007188.0,14066.479,9.151745,,,,,,
1780415661.566,2007213.0,14066.566,9.15143,,,,,,
1780415661.567,2007238.0,14066.371,9.151804,,,,,,
1780415661.569,2007263.0,14066.492,9.151737,,,,,,
1780415661.631,2007288.0,14066.371,9.151804,,,,,,
1780415661.631,2007313.0,14066.629,9.151663,,,,,,
1780415661.632,2007338.0,14066.809,9.151565,,,,,,
1780415661.698,2007363.0,14067.08,9.151416,,,,,,
1780415661.699,2007388.0,14067.066,9.151423,,,,,,
1780415661.766,2007413.0,14067.141,9.15165,,,,,,
1780415661.767,2007438.0,14067.082,9.151682,,,,,,
1780415661.767,2007463.0,14067.232,9.151868,,,,,,
1780415661.846,2007488.0,14067.322,9.15182,,,,,,
1780415661.847,2007513.0,14067.307,9.151828,,,,,,
1780415661.848,2007538.0,14067.096,9.152211,,,,,,
1780415661.913,2007563.0,14067.293,9.15237,,,,,,
1780415661.913,2007588.0,14067.398,9.152313,,,,,,
1780415661.914,2007613.0,14067.426,9.152298,,,,,,
1780415661.980,2007638.0,14067.32,9.152087,,,,,,
1780415661.981,2007663.0,14067.715,9.151873,,,,,,
1780415661.981,2007688.0,14067.564,9.151955,,,,,,
1780415662.047,2007713.0,14067.654,9.151904,,,,,,
1780415662.047,2007738.0,14067.773,9.151838,,,,,,
1780415662.112,2007763.0,14067.652,9.151905,,,,,,
1780415662.113,2007788.0,14067.67,9.151896,,,,,,
1780415662.113,2007813.0,14067.713,9.151872,,,,,,
1780415662.180,2007838.0,14067.547,9.15223,,,,,,
1780415662.181,2007863.0,14067.881,9.15178,,,,,,
1780415662.181,2007888.0,14067.699,9.151879,,,,,,
1780415662.246,2007913.0,14067.533,9.151704,,,,,,
1780415662.247,2007938.0,14067.367,9.152061,,,,,,
1780415662.313,2007963.0,14067.293,9.152102,,,,,,
1780415662.314,2007988.0,14067.111,9.152469,,,,,,
1780415662.315,2008013.0,14067.035,9.15251,,,,,,
1780415662.382,2008038.0,14067.051,9.152501,,,,,,
1780415662.382,2008063.0,14066.943,9.152559,,,,,,
1780415662.383,2008088.0,14066.748,9.152669,,,,,,
1780415662.446,2008113.0,14066.688,9.152701,,,,,,
1780415662.447,2008138.0,14066.551,9.152509,,,,,,
1780415662.516,2008163.0,14066.701,9.152427,,,,,,
1780415662.517,2008188.0,14066.596,9.152217,,,,,,
1780415662.517,2008213.0,14066.188,9.15244,,,,,,
1780415662.580,2008238.0,14066.127,9.152473,,,,,,
1780415662.580,2008263.0,14066.277,9.152658,,,,,,
1780415662.581,2008288.0,14066.006,9.152806,,,,,,
1780415662.663,2008313.0,14066.037,9.152788,,,,,,
1780415662.664,2008338.0,14066.068,9.152772,,,,,,
1780415662.664,2008363.0,14066.037,9.152788,,,,,,
1780415662.731,2008388.0,14066.189,9.152438,,,,,,
1780415662.732,2008413.0,14066.295,9.152381,,,,,,
1780415662.734,2008438.0,14066.174,9.152447,,,,,,
1780415662.811,2008463.0,14066.354,9.15208,,,,,,
1780415662.811,2008488.0,14066.34,9.152356,,,,,,
1780415662.812,2008513.0,14066.309,9.15264,,,,,,
1780415662.880,2008538.0,14066.445,9.152565,,,,,,
1780415662.881,2008563.0,14066.52,9.152257,,,,,,
1780415662.881,2008588.0,14066.598,9.152215,,,,,,
1780415662.947,2008613.0,14066.504,9.151998,,,,,,
1780415662.947,2008638.0,14066.49,9.152005,,,,,,
1780415663.012,2008663.0,14066.445,9.151762,,,,,,
1780415663.013,2008688.0,14066.625,9.151665,,,,,,
1780415663.013,2008713.0,14066.852,9.151272,,,,,,
1780415663.080,2008738.0,14066.957,9.151484,,,,,,
1780415663.081,2008763.0,14066.867,9.151799,,,,,,
1780415663.081,2008788.0,14066.793,9.151573,,,,,,
1780415663.146,2008813.0,14066.943,9.15149,,,,,,
1780415663.146,2008838.0,14067.156,9.151374,,,,,,
1780415663.213,2008863.0,14067.219,9.15134,,,,,,
1780415663.213,2008888.0,14067.111,9.151132,,,,,,
1780415663.214,2008913.0,14067.232,9.151064,,,,,,
1780415663.280,2008938.0,14067.443,9.151217,,,,,,
1780415663.280,2008963.0,14067.367,9.151258,,,,,,
1780415663.281,2008988.0,14067.336,9.151543,,,,,,
1780415663.345,2009013.0,14067.125,9.151658,,,,,,
1780415663.346,2009038.0,14067.049,9.1517,,,,,,
1780415663.412,2009063.0,14067.127,9.151658,,,,,,
1780415663.413,2009088.0,14066.762,9.152125,,,,,,
1780415663.414,2009113.0,14066.836,9.151816,,,,,,
1780415663.489,2009138.0,14066.912,9.151508,,,,,,
1780415663.489,2009163.0,14067.049,9.151433,,,,,,
1780415663.490,2009188.0,14067.109,9.151401,,,,,,
1780415663.563,2009213.0,14066.777,9.151849,,,,,,
1780415663.564,2009238.0,14066.719,9.151881,,,,,,
1780415663.564,2009263.0,14066.719,9.152149,,,,,,
1780415663.632,2009288.0,14066.674,9.152441,,,,,,
1780415663.634,2009313.0,14066.461,9.152556,,,,,,
1780415663.635,2009338.0,14066.537,9.152515,,,,,,
1780415663.712,2009363.0,14066.475,9.152282,,,,,,
1780415663.713,2009388.0,14066.732,9.152142,,,,,,
1780415663.713,2009413.0,14066.701,9.152159,,,,,,
1780415663.779,2009438.0,14066.533,9.15225,,,,,,
1780415663.780,2009463.0,14066.654,9.152452,,,,,,
1780415663.780,2009488.0,14066.563,9.152502,,,,,,
1780415663.846,2009513.0,14066.67,9.152443,,,,,,
1780415663.846,2009538.0,14066.777,9.152384,,,,,,
1780415663.912,2009563.0,14066.58,9.152492,,,,,,
1780415663.912,2009588.0,14066.506,9.152533,,,,,,
1780415663.913,2009613.0,14066.475,9.152282,,,,,,
1780415663.979,2009638.0,14066.764,9.152124,,,,,,
1780415663.980,2009663.0,14066.537,9.152248,,,,,,
1780415663.980,2009688.0,14066.627,9.152199,,,,,,
1780415664.047,2009713.0,14066.943,9.151758,,,,,,
1780415664.047,2009738.0,14066.598,9.151947,,,,,,
1780415664.112,2009763.0,14066.598,9.151946,,,,,,
1780415664.112,2009788.0,14066.598,9.152215,,,,,,
1780415664.113,2009813.0,14066.385,9.152331,,,,,,
1780415664.180,2009838.0,14066.582,9.151956,,,,,,
1780415664.181,2009863.0,14066.629,9.151929,,,,,,
1780415664.182,2009888.0,14066.688,9.151897,,,,,,
1780415664.267,2009913.0,14066.656,9.151915,,,,,,
1780415664.269,2009938.0,14066.822,9.151824,,,,,,
1780415664.270,2009963.0,14066.732,9.151873,,,,,,
1780415664.347,2009988.0,14066.869,9.152066,,,,,,
1780415664.348,2010013.0,14066.764,9.152125,,,,,,
1780415664.349,2010038.0,14066.703,9.152159,,,,,,
1780415664.432,2010063.0,14066.643,9.152191,,,,,,
1780415664.433,2010088.0,14066.461,9.152022,,,,,,
1780415664.434,2010113.0,14066.371,9.152071,,,,,,
1780415664.435,2010138.0,14066.371,9.152071,,,,,,
1780415664.513,2010163.0,14066.295,9.152113,,,,,,
1780415664.514,2010188.0,14066.264,9.15213,,,,,,
1780415664.514,2010213.0,14066.535,9.151981,,,,,,
1780415664.581,2010238.0,14066.609,9.15194,,,,,,
1780415664.582,2010263.0,14066.262,9.15213,,,,,,
1780415664.582,2010288.0,14066.385,9.152331,,,,,,
1780415664.645,2010313.0,14066.201,9.152699,,,,,,
1780415664.646,2010338.0,14066.082,9.152763,,,,,,
1780415664.713,2010363.0,14066.416,9.152581,,,,,,
1780415664.713,2010388.0,14066.447,9.152564,,,,,,
1780415664.714,2010413.0,14066.387,9.15233,,,,,,
1780415664.779,2010438.0,14066.447,9.152297,,,,,,
1780415664.780,2010463.0,14066.566,9.152232,,,,,,
1780415664.780,2010488.0,14066.746,9.152134,,,,,,
1780415664.845,2010513.0,14066.475,9.152282,,,,,,
1780415664.845,2010538.0,14066.432,9.152038,,,,,,
1780415664.912,2010563.0,14066.34,9.152087,,,,,,
1780415664.913,2010588.0,14066.145,9.152463,,,,,,
1780415664.913,2010613.0,14066.068,9.152236,,,,,,
1780415664.979,2010638.0,14066.176,9.151911,,,,,,
1780415664.979,2010663.0,14066.342,9.15182,,,,,,
1780415664.980,2010688.0,14066.689,9.15163,,,,,,
1780415665.045,2010713.0,14066.93,9.151766,,,,,,
1780415665.046,2010738.0,14067.066,9.15169,,,,,,
1780415665.113,2010763.0,14066.885,9.152059,,,,,,
1780415665.113,2010788.0,14066.912,9.152042,,,,,,
1780415665.114,2010813.0,14066.885,9.151791,,,,,,
1780415665.178,2010838.0,14066.871,9.152065,,,,,,
1780415665.179,2010863.0,14066.75,9.152132,,,,,,
1780415665.179,2010888.0,14066.898,9.15205,,,,,,
1780415665.245,2010913.0,14066.93,9.151766,,,,,,
1780415665.246,2010938.0,14066.99,9.151732,,,,,,
1780415665.315,2010963.0,14067.02,9.151985,,,,,,
1780415665.316,2010988.0,14067.143,9.151918,,,,,,
1780415665.316,2011013.0,14067.17,9.15217,,,,,,
1780415665.381,2011038.0,14067.049,9.152235,,,,,,
1780415665.381,2011063.0,14067.08,9.152488,,,,,,
1780415665.382,2011088.0,14067.035,9.152512,,,,,,
1780415665.446,2011113.0,14066.959,9.152553,,,,,,
1780415665.447,2011138.0,14067.02,9.152251,,,,,,
1780415665.512,2011163.0,14066.854,9.152342,,,,,,
1780415665.513,2011188.0,14066.795,9.152375,,,,,,
1780415665.513,2011213.0,14067.08,9.152219,,,,,,
1780415665.596,2011238.0,14067.066,9.152494,,,,,,
1780415665.597,2011263.0,14066.959,9.15282,,,,,,
1780415665.598,2011288.0,14066.824,9.153161,,,,,,
1780415665.679,2011313.0,14066.719,9.153219,,,,,,
1780415665.680,2011338.0,14066.75,9.152935,,,,,,
1780415665.681,2011363.0,14066.613,9.153008,,,,,,
1780415665.681,2011388.0,14066.84,9.152617,,,,,,
1780415665.746,2011413.0,14066.84,9.152617,,,,,,
1780415665.746,2011438.0,14066.84,9.152617,,,,,,
1780415665.833,2011463.0,14066.854,9.152611,,,,,,
1780415665.834,2011488.0,14066.945,9.152558,,,,,,
1780415665.835,2011513.0,14066.885,9.152592,,,,,,
1780415665.836,2011538.0,14066.854,9.152609,,,,,,
1780415665.911,2011563.0,14066.793,9.152375,,,,,,
1780415665.911,2011588.0,14066.611,9.152205,,,,,,
1780415665.912,2011613.0,14066.4,9.152321,,,,,,
1780415665.978,2011638.0,14066.082,9.152227,,,,,,
1780415665.979,2011663.0,14066.008,9.152268,,,,,,
1780415666.045,2011688.0,14066.279,9.151854,,,,,,
1780415666.046,2011713.0,14066.219,9.152154,,,,,,
1780415666.046,2011738.0,14066.082,9.152228,,,,,,
1780415666.112,2011763.0,14066.188,9.15217,,,,,,
1780415666.113,2011788.0,14066.385,9.152331,,,,,,
1780415666.113,2011813.0,14066.566,9.152499,,,,,,
1780415666.179,2011838.0,14066.34,9.152355,,,,,,
1780415666.180,2011863.0,14066.416,9.152046,,,,,,
1780415666.180,2011888.0,14066.416,9.151779,,,,,,
1780415666.245,2011913.0,14066.371,9.151804,,,,,,
1780415666.246,2011938.0,14066.188,9.151904,,,,,,
1780415666.314,2011963.0,14065.902,9.15206,,,,,,
1780415666.314,2011988.0,14065.979,9.152019,,,,,,
1780415666.315,2012013.0,14065.873,9.152344,,,,,,
1780415666.378,2012038.0,14065.887,9.152335,,,,,,
1780415666.379,2012063.0,14065.934,9.15231,,,,,,
1780415666.379,2012088.0,14065.631,9.152208,,,,,,
1780415666.445,2012113.0,14065.496,9.152283,,,,,,
1780415666.445,2012138.0,14065.42,9.152324,,,,,,
1780415666.512,2012163.0,14065.406,9.152331,,,,,,
1780415666.513,2012188.0,14065.361,9.152623,,,,,,
1780415666.513,2012213.0,14065.361,9.152623,,,,,,
1780415666.580,2012238.0,14065.449,9.152843,,,,,,
1780415666.581,2012263.0,14065.508,9.153077,,,,,,
1780415666.581,2012288.0,14065.586,9.153035,,,,,,
1780415666.644,2012313.0,14065.586,9.153035,,,,,,
1780415666.644,2012338.0,14065.6,9.153028,,,,,,
1780415666.710,2012363.0,14065.66,9.152995,,,,,,
1780415666.710,2012388.0,14065.674,9.152987,,,,,,
1780415666.711,2012413.0,14065.707,9.152702,,,,,,
1780415666.781,2012438.0,14065.6,9.152494,,,,,,
1780415666.781,2012463.0,14065.723,9.152426,,,,,,
1780415666.782,2012488.0,14065.494,9.15255,,,,,,
1780415666.845,2012513.0,14065.51,9.152541,,,,,,
1780415666.845,2012538.0,14065.676,9.152452,,,,,,
1780415666.912,2012563.0,14065.813,9.152644,,,,,,
1780415666.913,2012588.0,14065.75,9.152678,,,,,,
1780415666.913,2012613.0,14065.705,9.152969,,,,,,
1780415666.979,2012638.0,14065.781,9.152661,,,,,,
1780415666.980,2012663.0,14065.629,9.152744,,,,,,
1780415666.980,2012688.0,14065.736,9.152953,,,,,,
1780415667.045,2012713.0,14065.93,9.153114,,,,,,
1780415667.046,2012738.0,14065.961,9.153366,,,,,,
1780415667.112,2012763.0,14066.111,9.15355,,,,,,
1780415667.113,2012788.0,14066.113,9.153552,,,,,,
1780415667.114,2012813.0,14066.248,9.15321,,,,,,
1780415667.179,2012838.0,14066.461,9.153093,,,,,,
1780415667.180,2012863.0,14066.25,9.152941,,,,,,
1780415667.181,2012888.0,14066.52,9.152524,,,,,,
1780415667.247,2012913.0,14066.719,9.152416,,,,,,
1780415667.248,2012938.0,14066.49,9.15254,,,,,,
1780415667.312,2012963.0,14066.52,9.152257,,,,,,
1780415667.313,2012988.0,14066.598,9.152215,,,,,,
1780415667.314,2013013.0,14066.43,9.152305,,,,,,
1780415667.379,2013038.0,14066.174,9.152445,,,,,,
1780415667.380,2013063.0,14066.279,9.152656,,,,,,
1780415667.380,2013088.0,14065.947,9.152837,,,,,,
1780415667.445,2013113.0,14066.082,9.152762,,,,,,
1780415667.446,2013138.0,14066.113,9.152745,,,,,,
1780415667.530,2013163.0,14066.16,9.152452,,,,,,
1780415667.530,2013188.0,14066.174,9.152178,,,,,,
1780415667.531,2013213.0,14066.506,9.151996,,,,,,
1780415667.531,2013238.0,14066.506,9.151997,,,,,,
1780415667.614,2013263.0,14066.402,9.152322,,,,,,
1780415667.615,2013288.0,14066.387,9.15233,,,,,,
1780415667.615,2013313.0,14066.387,9.152062,,,,,,
1780415667.695,2013338.0,14066.295,9.151845,,,,,,
1780415667.696,2013363.0,14066.357,9.151545,,,,,,
1780415667.697,2013388.0,14066.219,9.15162,,,,,,
1780415667.778,2013413.0,14066.311,9.15157,,,,,,
1780415667.779,2013438.0,14066.219,9.151887,,,,,,
1780415667.781,2013463.0,14065.947,9.152036,,,,,,
1780415667.782,2013488.0,14066.053,9.152246,,,,,,
1780415667.846,2013513.0,14066.188,9.152171,,,,,,
1780415667.847,2013538.0,14065.916,9.152319,,,,,,
1780415667.911,2013563.0,14065.842,9.152361,,,,,,
1780415667.912,2013588.0,14065.947,9.152302,,,,,,
1780415667.913,2013613.0,14065.902,9.152595,,,,,,
1780415667.978,2013638.0,14066.189,9.152439,,,,,,
1780415667.979,2013663.0,14066.373,9.152339,,,,,,
1780415667.979,2013688.0,14066.16,9.152185,,,,,,
1780415668.045,2013713.0,14066.387,9.152062,,,,,,
1780415668.045,2013738.0,14066.34,9.152355,,,,,,
1780415668.110,2013763.0,14066.205,9.152697,,,,,,
1780415668.110,2013788.0,14066.266,9.152664,,,,,,
1780415668.111,2013813.0,14066.143,9.152731,,,,,,
1780415668.178,2013838.0,14065.963,9.152829,,,,,,
1780415668.178,2013863.0,14066.113,9.15248,,,,,,
1780415668.280,2013888.0,14066.068,9.152505,,,,,,
1780415668.281,2013913.0,14066.295,9.152381,,,,,,
1780415668.282,2013938.0,14066.158,9.152455,,,,,,
1780415668.282,2013963.0,14066.145,9.152463,,,,,,
1780415668.283,2013988.0,14066.326,9.15263,,,,,,
1780415668.392,2014013.0,14066.537,9.152514,,,,,,
1780415668.393,2014038.0,14066.281,9.152923,,,,,,
1780415668.393,2014063.0,14066.281,9.152655,,,,,,
1780415668.394,2014088.0,14066.311,9.152639,,,,,,
1780415668.472,2014113.0,14066.326,9.152364,,,,,,
1780415668.473,2014138.0,14066.113,9.152748,,,,,,
1780415668.474,2014163.0,14066.4,9.152591,,,,,,
1780415668.549,2014188.0,14066.566,9.152499,,,,,,
1780415668.551,2014213.0,14066.535,9.152783,,,,,,
1780415668.552,2014238.0,14066.369,9.152876,,,,,,
1780415668.628,2014263.0,14066.066,9.153308,,,,,,
1780415668.629,2014288.0,14066.021,9.153333,,,,,,
1780415668.629,2014313.0,14065.992,9.153349,,,,,,
1780415668.630,2014338.0,14066.082,9.153298,,,,,,
1780415668.696,2014363.0,14066.006,9.153072,,,,,,
1780415668.698,2014388.0,14066.158,9.152722,,,,,,
1780415668.778,2014413.0,14065.932,9.152845,,,,,,
1780415668.779,2014438.0,14066.158,9.152722,,,,,,
1780415668.780,2014463.0,14066.234,9.152947,,,,,,
1780415668.780,2014488.0,14066.174,9.152981,,,,,,
1780415668.862,2014513.0,14066.295,9.152915,,,,,,
1780415668.862,2014538.0,14065.947,9.153105,,,,,,
1780415668.863,2014563.0,14066.113,9.153013,,,,,,
1780415668.930,2014588.0,14066.234,9.153215,,,,,,
1780415668.931,2014613.0,14066.1,9.153022,,,,,,
1780415668.932,2014638.0,14066.023,9.152796,,,,,,
1780415668.997,2014663.0,14066.205,9.152698,,,,,,
1780415668.998,2014688.0,14066.295,9.152647,,,,,,
1780415669.078,2014713.0,14066.52,9.152525,,,,,,
1780415669.078,2014738.0,14066.549,9.152778,,,,,,
1780415669.079,2014763.0,14066.701,9.152425,,,,,,
1780415669.079,2014788.0,14066.52,9.152524,,,,,,
1780415669.147,2014813.0,14066.506,9.1528,,,,,,
1780415669.148,2014838.0,14066.326,9.1529,,,,,,
1780415669.212,2014863.0,14066.613,9.152742,,,,,,
1780415669.213,2014888.0,14066.84,9.152349,,,,,,
1780415669.213,2014913.0,14066.795,9.152375,,,,,,
1780415669.277,2014938.0,14066.943,9.152561,,,,,,
1780415669.278,2014963.0,14066.838,9.152886,,,,,,
1780415669.347,2014988.0,14067.141,9.152721,,,,,,
1780415669.349,2015013.0,14067.17,9.152972,,,,,,
1780415669.350,2015038.0,14067.199,9.152956,,,,,,
1780415669.433,2015063.0,14067.125,9.152996,,,,,,
1780415669.434,2015088.0,14067.23,9.152939,,,,,,
1780415669.434,2015113.0,14067.232,9.152938,,,,,,
1780415669.434,2015138.0,14066.975,9.153078,,,,,,
1780415669.527,2015163.0,14067.414,9.153107,,,,,,
1780415669.528,2015188.0,14067.414,9.153374,,,,,,
1780415669.529,2015213.0,14067.309,9.153164,,,,,,
1780415669.529,2015238.0,14067.264,9.153456,,,,,,
1780415669.637,2015263.0,14067.217,9.153481,,,,,,
1780415669.638,2015288.0,14067.246,9.153198,,,,,,
1780415669.638,2015313.0,14067.262,9.15319,,,,,,
1780415669.639,2015338.0,14067.352,9.15314,,,,,,
1780415669.707,2015363.0,14067.111,9.153273,,,,,,
1780415669.707,2015388.0,14066.93,9.153372,,,,,,
1780415669.708,2015413.0,14066.959,9.153355,,,,,,
1780415669.794,2015438.0,14066.854,9.153413,,,,,,
1780415669.795,2015463.0,14066.943,9.153094,,,,,,
1780415669.795,2015488.0,14066.809,9.152902,,,,,,
1780415669.861,2015513.0,14066.688,9.153234,,,,,,
1780415669.862,2015538.0,14066.719,9.153218,,,,,,
1780415669.862,2015563.0,14066.537,9.15305,,,,,,
1780415669.926,2015588.0,14066.537,9.15305,,,,,,
1780415669.927,2015613.0,14066.234,9.153215,,,,,,
1780415669.995,2015638.0,14066.34,9.153158,,,,,,
1780415669.995,2015663.0,14066.461,9.153359,,,,,,
1780415669.995,2015688.0,14066.551,9.153579,,,,,,
1780415670.061,2015713.0,14066.475,9.153353,,,,,,
1780415670.062,2015738.0,14066.459,9.153359,,,,,,
1780415670.062,2015763.0,14066.551,9.153311,,,,,,
1780415670.127,2015788.0,14066.506,9.153069,,,,,,
1780415670.128,2015813.0,14066.414,9.152851,,,,,,
1780415670.194,2015838.0,14066.656,9.152719,,,,,,
1780415670.195,2015863.0,14066.551,9.152508,,,,,,
1780415670.195,2015888.0,14066.658,9.152449,,,,,,
1780415670.261,2015913.0,14066.506,9.1528,,,,,,
1780415670.261,2015938.0,14066.535,9.152783,,,,,,
1780415670.262,2015963.0,14066.398,9.153126,,,,,,
1780415670.327,2015988.0,14066.535,9.152782,,,,,,
1780415670.328,2016013.0,14066.625,9.152734,,,,,,
1780415670.329,2016038.0,14066.809,9.152902,,,,,,
1780415670.393,2016063.0,14066.883,9.152593,,,,,,
1780415670.394,2016088.0,14066.912,9.152576,,,,,,
1780415670.461,2016113.0,14067.035,9.15251,,,,,,
1780415670.461,2016138.0,14067.246,9.152127,,,,,,
1780415670.462,2016163.0,14067.322,9.152086,,,,,,
1780415670.546,2016188.0,14067.504,9.151987,,,,,,
1780415670.547,2016213.0,14067.805,9.151555,,,,,,
1780415670.547,2016238.0,14067.818,9.151546,,,,,,
1780415670.612,2016263.0,14067.758,9.151311,,,,,,
1780415670.613,2016288.0,14067.771,9.151037,,,,,,
1780415670.613,2016313.0,14067.848,9.150727,,,,,,
1780415670.680,2016338.0,14067.816,9.150744,,,,,,
1780415670.680,2016363.0,14067.666,9.150826,,,,,,
1780415670.681,2016388.0,14067.863,9.150452,,,,,,
1780415670.760,2016413.0,14067.623,9.150583,,,,,,
1780415670.761,2016438.0,14067.775,9.150499,,,,,,
1780415670.761,2016463.0,14067.518,9.15064,,,,,,
1780415670.830,2016488.0,14067.699,9.150541,,,,,,
1780415670.831,2016513.0,14067.594,9.150867,,,,,,
1780415670.832,2016538.0,14067.715,9.150534,,,,,,
1780415670.911,2016563.0,14067.607,9.150592,,,,,,
1780415670.911,2016588.0,14067.623,9.150316,,,,,,
1780415670.912,2016613.0,14067.563,9.150349,,,,,,
1780415670.978,2016638.0,14067.592,9.150333,,,,,,
1780415670.978,2016663.0,14067.35,9.150197,,,,,,
1780415671.044,2016688.0,14067.291,9.15023,,,,,,
1780415671.045,2016713.0,14067.365,9.150457,,,,,,
1780415671.045,2016738.0,14067.336,9.150475,,,,,,
1780415671.111,2016763.0,14067.23,9.150532,,,,,,
1780415671.111,2016788.0,14067.096,9.150873,,,,,,
1780415671.112,2016813.0,14067.156,9.150839,,,,,,
1780415671.179,2016838.0,14066.945,9.151222,,,,,,
1780415671.180,2016863.0,14067.127,9.151124,,,,,,
1780415671.180,2016888.0,14067.066,9.151156,,,,,,
1780415671.262,2016913.0,14067.066,9.151156,,,,,,
1780415671.263,2016938.0,14066.793,9.151573,,,,,,
1780415671.263,2016963.0,14066.867,9.151532,,,,,,
1780415671.330,2016988.0,14067.035,9.151441,,,,,,
1780415671.330,2017013.0,14066.957,9.151484,,,,,,
1780415671.330,2017038.0,14066.912,9.151507,,,,,,
1780415671.395,2017063.0,14066.688,9.151631,,,,,,
1780415671.395,2017088.0,14066.791,9.151574,,,,,,
1780415671.460,2017113.0,14066.838,9.151815,,,,,,
1780415671.461,2017138.0,14066.959,9.151482,,,,,,
1780415671.461,2017163.0,14067.094,9.151408,,,,,,
1780415671.529,2017188.0,14066.988,9.151466,,,,,,
1780415671.529,2017213.0,14066.854,9.15154,,,,,,
1780415671.531,2017238.0,14067.125,9.151391,,,,,,
1780415671.611,2017263.0,14067.004,9.151725,,,,,,
1780415671.611,2017288.0,14067.006,9.151992,,,,,,
1780415671.612,2017313.0,14067.02,9.151984,,,,,,
1780415671.680,2017338.0,14066.99,9.151732,,,,,,
1780415671.681,2017363.0,14066.84,9.151814,,,,,,
1780415671.682,2017388.0,14066.84,9.151814,,,,,,
1780415671.760,2017413.0,14067.051,9.151432,,,,,,
1780415671.761,2017438.0,14067.004,9.151725,,,,,,
1780415671.762,2017463.0,14067.004,9.151458,,,,,,
1780415671.843,2017488.0,14066.854,9.151807,,,,,,
1780415671.844,2017513.0,14066.701,9.15189,,,,,,
1780415671.844,2017538.0,14066.701,9.15189,,,,,,
1780415671.910,2017563.0,14066.611,9.151939,,,,,,
1780415671.910,2017588.0,14066.596,9.152216,,,,,,
1780415671.911,2017613.0,14066.566,9.152232,,,,,,
1780415671.977,2017638.0,14066.551,9.152241,,,,,,
1780415671.978,2017663.0,14066.521,9.152256,,,,,,
1780415672.044,2017688.0,14066.703,9.152159,,,,,,
1780415672.045,2017713.0,14066.777,9.152385,,,,,,
1780415672.046,2017738.0,14066.715,9.15215,,,,,,
1780415672.111,2017763.0,14066.488,9.152541,,,,,,
1780415672.112,2017788.0,14066.398,9.152591,,,,,,
1780415672.113,2017813.0,14066.369,9.152607,,,,,,
1780415672.177,2017838.0,14066.354,9.152616,,,,,,
1780415672.178,2017863.0,14066.279,9.152924,,,,,,
1780415672.245,2017888.0,14066.371,9.152606,,,,,,
1780415672.246,2017913.0,14066.385,9.152331,,,,,,
1780415672.246,2017938.0,14066.477,9.152281,,,,,,
1780415672.330,2017963.0,14066.371,9.152607,,,,,,
1780415672.331,2017988.0,14066.461,9.152556,,,,,,
1780415672.332,2018013.0,14066.371,9.152605,,,,,,
1780415672.333,2018038.0,14066.311,9.152639,,,,,,
1780415672.412,2018063.0,14066.039,9.15252,,,,,,
1780415672.413,2018088.0,14065.932,9.152578,,,,,,
1780415672.414,2018113.0,14066.098,9.152488,,,,,,
1780415672.478,2018138.0,14066.053,9.152513,,,,,,
1780415672.479,2018163.0,14065.979,9.152821,,,,,,
1780415672.479,2018188.0,14065.963,9.152562,,,,,,
1780415672.543,2018213.0,14065.918,9.152318,,,,,,
1780415672.543,2018238.0,14065.949,9.152301,,,,,,
1780415672.610,2018263.0,14065.965,9.152561,,,,,,
1780415672.611,2018288.0,14065.994,9.152812,,,,,,
1780415672.611,2018313.0,14066.131,9.152739,,,,,,
1780415672.677,2018338.0,14065.979,9.152554,,,,,,
1780415672.678,2018363.0,14066.055,9.152513,,,,,,
1780415672.744,2018388.0,14065.979,9.152286,,,,,,
1780415672.745,2018413.0,14065.754,9.152409,,,,,,
1780415672.745,2018438.0,14065.887,9.152335,,,,,,
1780415672.810,2018463.0,14065.826,9.152369,,,,,,
1780415672.811,2018488.0,14065.613,9.152485,,,,,,
1780415672.811,2018513.0,14065.389,9.152608,,,,,,
1780415672.878,2018538.0,14065.479,9.152559,,,,,,
1780415672.879,2018563.0,14065.373,9.152617,,,,,,
1780415672.879,2018588.0,14065.6,9.152225,,,,,,
1780415672.961,2018613.0,14065.615,9.152216,,,,,,
1780415672.962,2018638.0,14065.705,9.152166,,,,,,
1780415672.962,2018663.0,14065.768,9.152133,,,,,,
1780415673.030,2018688.0,14066.16,9.152185,,,,,,
1780415673.031,2018713.0,14066.189,9.152438,,,,,,
1780415673.031,2018738.0,14065.947,9.152571,,,,,,
1780415673.094,2018763.0,14066.037,9.15279,,,,,,
1780415673.095,2018788.0,14065.947,9.152571,,,,,,
1780415673.162,2018813.0,14066.143,9.152464,,,,,,
1780415673.162,2018838.0,14066.172,9.152448,,,,,,
1780415673.163,2018863.0,14066.066,9.152505,,,,,,
1780415673.229,2018888.0,14066.023,9.152261,,,,,,
1780415673.229,2018913.0,14066.082,9.152228,,,,,,
1780415673.230,2018938.0,14065.826,9.152637,,,,,,
1780415673.294,2018963.0,14065.826,9.152637,,,,,,
1780415673.294,2018988.0,14065.662,9.152727,,,,,,
1780415673.362,2019013.0,14065.691,9.15271,,,,,,
1780415673.362,2019038.0,14065.889,9.152603,,,,,,
1780415673.363,2019063.0,14065.947,9.152571,,,,,,
1780415673.428,2019088.0,14065.945,9.15257,,,,,,
1780415673.429,2019113.0,14066.127,9.152205,,,,,,
1780415673.429,2019138.0,14066.248,9.152138,,,,,,
1780415673.494,2019163.0,14065.826,9.152369,,,,,,
1780415673.495,2019188.0,14065.945,9.152303,,,,,,
1780415673.561,2019213.0,14065.826,9.152368,,,,,,
1780415673.562,2019238.0,14065.719,9.152427,,,,,,
1780415673.562,2019263.0,14065.736,9.152683,,,,,,
1780415673.629,2019288.0,14065.676,9.152718,,,,,,
1780415673.630,2019313.0,14065.586,9.152499,,,,,,
1780415673.631,2019338.0,14065.586,9.152232,,,,,,
1780415673.695,2019363.0,14065.811,9.151841,,,,,,
1780415673.695,2019388.0,14065.932,9.151776,,,,,,
1780415673.762,2019413.0,14065.961,9.151761,,,,,,
1780415673.763,2019438.0,14065.914,9.151787,,,,,,
1780415673.764,2019463.0,14065.809,9.151845,,,,,,
1780415673.829,2019488.0,14066.037,9.15172,,,,,,
1780415673.829,2019513.0,14066.021,9.151728,,,,,,
1780415673.830,2019538.0,14066.01,9.151734,,,,,,
1780415673.895,2019563.0,14065.965,9.151491,,,,,,
1780415673.896,2019588.0,14066.041,9.151449,,,,,,
1780415673.961,2019613.0,14066.145,9.151392,,,,,,
1780415673.962,2019638.0,14066.357,9.151277,,,,,,
1780415673.962,2019663.0,14066.387,9.151528,,,,,,
1780415674.030,2019688.0,14066.447,9.151495,,,,,,
1780415674.031,2019713.0,14066.674,9.151371,,,,,,
1780415674.032,2019738.0,14066.551,9.151438,,,,,,
1780415674.096,2019763.0,14066.748,9.151598,,,,,,
1780415674.097,2019788.0,14067.08,9.151417,,,,,,
1780415674.161,2019813.0,14067.018,9.15145,,,,,,
1780415674.162,2019838.0,14067.049,9.151433,,,,,,
1780415674.162,2019863.0,14066.957,9.151484,,,,,,
1780415674.229,2019888.0,14066.822,9.151557,,,,,,
1780415674.230,2019913.0,14066.732,9.151875,,,,,,
1780415674.231,2019938.0,14066.807,9.151833,,,,,,
1780415674.309,2019963.0,14066.941,9.151758,,,,,,
1780415674.309,2019988.0,14066.912,9.151775,,,,,,
1780415674.310,2020013.0,14066.775,9.151583,,,,,,
1780415674.376,2020038.0,14066.926,9.151767,,,,,,
1780415674.377,2020063.0,14067.078,9.151953,,,,,,
1780415674.445,2020088.0,14067.08,9.15222,,,,,,
1780415674.446,2020113.0,14067.02,9.152251,,,,,,
1780415674.446,2020138.0,14067.215,9.152145,,,,,,
1780415674.528,2020163.0,14067.396,9.152046,,,,,,
1780415674.529,2020188.0,14067.412,9.152306,,,,,,
1780415674.530,2020213.0,14067.58,9.152481,,,,,,
1780415674.531,2020238.0,14067.746,9.15239,,,,,,
1780415674.596,2020263.0,14067.699,9.152415,,,,,,
1780415674.597,2020288.0,14067.518,9.152247,,,,,,
1780415674.662,2020313.0,14067.352,9.152338,,,,,,
1780415674.663,2020338.0,14067.154,9.152714,,,,,,
1780415674.664,2020363.0,14067.291,9.152638,,,,,,
1780415674.730,2020388.0,14066.959,9.152551,,,,,,
1780415674.731,2020413.0,14066.793,9.152642,,,,,,
1780415674.732,2020438.0,14066.762,9.152659,,,,,,
1780415674.809,2020463.0,14066.791,9.152643,,,,,,
1780415674.810,2020488.0,14066.943,9.152559,,,,,,
1780415674.810,2020513.0,14067.17,9.152168,,,,,,
1780415674.879,2020538.0,14067.305,9.152095,,,,,,
1780415674.880,2020563.0,14067.109,9.152203,,,,,,
1780415674.881,2020588.0,14067.004,9.152527,,,,,,
1780415674.943,2020613.0,14066.748,9.152667,,,,,,
1780415674.944,2020638.0,14066.928,9.152568,,,,,,
1780415675.019,2020663.0,14066.777,9.152384,,,,,,
1780415675.020,2020688.0,14066.506,9.152532,,,,,,
1780415675.020,2020713.0,14066.537,9.152248,,,,,,
1780415675.097,2020738.0,14066.475,9.152282,,,,,,
1780415675.098,2020763.0,14066.084,9.152495,,,,,,
1780415675.099,2020788.0,14065.857,9.152352,,,,,,
1780415675.159,2020813.0,14065.992,9.152011,,,,,,
1780415675.160,2020838.0,14065.965,9.152026,,,,,,
1780415675.160,2020863.0,14065.752,9.152143,,,,,,
1780415675.227,2020888.0,14065.871,9.152077,,,,,,
1780415675.227,2020913.0,14065.932,9.152043,,,,,,
1780415675.294,2020938.0,14065.934,9.15231,,,,,,
1780415675.295,2020963.0,14066.189,9.151903,,,,,,
1780415675.295,2020988.0,14065.934,9.152043,,,,,,
1780415675.377,2021013.0,14065.979,9.152019,,,,,,
1780415675.377,2021038.0,14066.068,9.152237,,,,,,
1780415675.378,2021063.0,14066.113,9.152211,,,,,,
1780415675.443,2021088.0,14065.873,9.152344,,,,,,
1780415675.444,2021113.0,14065.904,9.152327,,,,,,
1780415675.444,2021138.0,14065.707,9.152702,,,,,,
1780415675.529,2021163.0,14065.766,9.15267,,,,,,
1780415675.529,2021188.0,14065.93,9.152848,,,,,,
1780415675.530,2021213.0,14066.006,9.152539,,,,,,
1780415675.531,2021238.0,14066.172,9.152448,,,,,,
1780415675.595,2021263.0,14066.096,9.15249,,,,,,
1780415675.595,2021288.0,14066.172,9.152716,,,,,,
1780415675.659,2021313.0,14066.141,9.152466,,,,,,
1780415675.660,2021338.0,14066.246,9.152407,,,,,,
1780415675.660,2021363.0,14066.111,9.15248,,,,,,
1780415675.728,2021388.0,14066.338,9.152625,,,,,,
1780415675.729,2021413.0,14066.324,9.152631,,,,,,
1780415675.729,2021438.0,14066.188,9.152975,,,,,,
1780415675.796,2021463.0,14065.947,9.152838,,,,,,
1780415675.797,2021488.0,14065.842,9.152896,,,,,,
1780415675.876,2021513.0,14065.662,9.152994,,,,,,
1780415675.878,2021538.0,14065.541,9.153328,,,,,,
1780415675.878,2021563.0,14065.527,9.153068,,,,,,
1780415675.879,2021588.0,14065.314,9.153184,,,,,,
1780415675.943,2021613.0,14065.33,9.153175,,,,,,
1780415675.944,2021638.0,14065.525,9.153068,,,,,,
1780415676.010,2021663.0,14065.738,9.152685,,,,,,
1780415676.010,2021688.0,14065.436,9.15285,,,,,,
1780415676.011,2021713.0,14065.645,9.152736,,,,,,
1780415676.084,2021738.0,14065.707,9.1527,,,,,,
1780415676.085,2021763.0,14065.904,9.152326,,,,,,
1780415676.086,2021788.0,14065.676,9.152183,,,,,,
1780415676.161,2021813.0,14065.557,9.151979,,,,,,
1780415676.162,2021838.0,14065.51,9.152005,,,,,,
1780415676.162,2021863.0,14065.525,9.151997,,,,,,
1780415676.245,2021888.0,14065.676,9.152184,,,,,,
1780415676.246,2021913.0,14065.676,9.151916,,,,,,
1780415676.246,2021938.0,14065.826,9.151833,,,,,,
1780415676.328,2021963.0,14065.494,9.152283,,,,,,
1780415676.329,2021988.0,14065.373,9.152617,,,,,,
1780415676.330,2022013.0,14065.51,9.152541,,,,,,
1780415676.330,2022038.0,14065.631,9.152475,,,,,,
1780415676.410,2022063.0,14065.615,9.152217,,,,,,
1780415676.411,2022088.0,14065.615,9.152217,,,,,,
1780415676.411,2022113.0,14065.707,9.152434,,,,,,
1780415676.496,2022138.0,14065.707,9.152702,,,,,,
1780415676.498,2022163.0,14065.963,9.152563,,,,,,
1780415676.499,2022188.0,14066.055,9.152513,,,,,,
1780415676.576,2022213.0,14066.084,9.152496,,,,,,
1780415676.576,2022238.0,14066.205,9.152431,,,,,,
1780415676.577,2022263.0,14066.023,9.15253,,,,,,
1780415676.650,2022288.0,14065.799,9.152652,,,,,,
1780415676.651,2022313.0,14066.145,9.15273,,,,,,
1780415676.651,2022338.0,14066.082,9.152763,,,,,,
1780415676.728,2022363.0,14065.855,9.152887,,,,,,
1780415676.729,2022388.0,14065.689,9.152979,,,,,,
1780415676.729,2022413.0,14065.75,9.153213,,,,,,
1780415676.730,2022438.0,14065.795,9.153188,,,,,,
1780415676.794,2022463.0,14065.898,9.153131,,,,,,
1780415676.795,2022488.0,14065.916,9.153122,,,,,,
1780415676.859,2022513.0,14065.689,9.153246,,,,,,
1780415676.860,2022538.0,14065.629,9.153279,,,,,,
1780415676.860,2022563.0,14065.537,9.153598,,,,,,
1780415676.929,2022588.0,14065.51,9.153613,,,,,,
1780415676.931,2022613.0,14065.688,9.153246,,,,,,
1780415676.932,2022638.0,14065.689,9.152979,,,,,,
1780415677.011,2022663.0,14065.676,9.152987,,,,,,
1780415677.012,2022688.0,14065.795,9.152921,,,,,,
1780415677.013,2022713.0,14065.723,9.152961,,,,,,
1780415677.094,2022738.0,14065.631,9.152743,,,,,,
1780415677.095,2022763.0,14065.6,9.152761,,,,,,
1780415677.096,2022788.0,14065.586,9.1525,,,,,,
1780415677.161,2022813.0,14065.434,9.152583,,,,,,
1780415677.163,2022838.0,14065.434,9.152583,,,,,,
1780415677.164,2022863.0,14065.344,9.152633,,,,,,
1780415677.245,2022888.0,14065.436,9.152581,,,,,,
1780415677.245,2022913.0,14065.705,9.152433,,,,,,
1780415677.246,2022938.0,14065.586,9.152232,,,,,,
1780415677.328,2022963.0,14065.631,9.152207,,,,,,
1780415677.329,2022988.0,14065.781,9.152125,,,,,,
1780415677.329,2023013.0,14065.916,9.152051,,,,,,
1780415677.330,2023038.0,14066.039,9.151716,,,,,,
1780415677.394,2023063.0,14066.1,9.151952,,,,,,
1780415677.394,2023088.0,14065.916,9.152319,,,,,,
1780415677.462,2023113.0,14065.797,9.152385,,,,,,
1780415677.463,2023138.0,14065.871,9.152077,,,,,,
1780415677.463,2023163.0,14065.992,9.152011,,,,,,
1780415677.545,2023188.0,14065.887,9.151801,,,,,,
1780415677.545,2023213.0,14066.205,9.15136,,,,,,
1780415677.546,2023238.0,14066.234,9.151342,,,,,,
1780415677.611,2023263.0,14066.189,9.151636,,,,,,
1780415677.612,2023288.0,14066.129,9.15167,,,,,,
1780415677.613,2023313.0,14066.023,9.151727,,,,,,
1780415677.675,2023338.0,14066.293,9.151579,,,,,,
1780415677.675,2023363.0,14066.354,9.151546,,,,,,
1780415677.743,2023388.0,14066.324,9.151562,,,,,,
1780415677.743,2023413.0,14066.264,9.151596,,,,,,
1780415677.744,2023438.0,14066.232,9.151612,,,,,,
1780415677.809,2023463.0,14066.309,9.151571,,,,,,
1780415677.809,2023488.0,14066.354,9.151546,,,,,,
1780415677.810,2023513.0,14066.309,9.15157,,,,,,
1780415677.876,2023538.0,14066.1,9.151953,,,,,,
1780415677.876,2023563.0,14066.174,9.151912,,,,,,
1780415677.942,2023588.0,14066.068,9.15197,,,,,,
1780415677.943,2023613.0,14065.889,9.152068,,,,,,
1780415677.943,2023638.0,14065.934,9.152043,,,,,,
1780415678.010,2023663.0,14065.705,9.152167,,,,,,
1780415678.011,2023688.0,14065.674,9.151916,,,,,,
1780415678.011,2023713.0,14065.795,9.151852,,,,,,
1780415678.075,2023738.0,14065.721,9.151893,,,,,,
1780415678.075,2023763.0,14065.691,9.151909,,,,,,
1780415678.144,2023788.0,14065.447,9.152041,,,,,,
1780415678.144,2023813.0,14065.6,9.152225,,,,,,
1780415678.145,2023838.0,14065.629,9.152209,,,,,,
1780415678.228,2023863.0,14065.871,9.152078,,,,,,
1780415678.229,2023888.0,14065.492,9.152284,,,,,,
1780415678.230,2023913.0,14065.584,9.152234,,,,,,
1780415678.231,2023938.0,14065.6,9.152225,,,,,,
1780415678.309,2023963.0,14065.404,9.152601,,,,,,
1780415678.310,2023988.0,14065.404,9.152599,,,,,,
1780415678.311,2024013.0,14065.479,9.152291,,,,,,
1780415678.399,2024038.0,14065.496,9.15255,,,,,,
1780415678.401,2024063.0,14065.66,9.152728,,,,,,
1780415678.402,2024088.0,14065.613,9.152753,,,,,,
1780415678.476,2024113.0,14065.689,9.152712,,,,,,
1780415678.477,2024138.0,14065.676,9.152719,,,,,,
1780415678.478,2024163.0,14065.736,9.152418,,,,,,
1780415678.542,2024188.0,14065.705,9.152434,,,,,,
1780415678.542,2024213.0,14065.57,9.152509,,,,,,
1780415678.542,2024238.0,14065.813,9.152376,,,,,,
1780415678.608,2024263.0,14065.555,9.152516,,,,,,
1780415678.608,2024288.0,14065.768,9.152401,,,,,,
1780415678.608,2024313.0,14065.842,9.15236,,,,,,
1780415678.676,2024338.0,14065.813,9.152108,,,,,,
1780415678.676,2024363.0,14066.129,9.152202,,,,,,
1780415678.742,2024388.0,14066.1,9.152488,,,,,,
1780415678.742,2024413.0,14066.1,9.152488,,,,,,
1780415678.743,2024438.0,14066.205,9.152162,,,,,,
1780415678.827,2024463.0,14066.188,9.152439,,,,,,
1780415678.828,2024488.0,14065.768,9.152669,,,,,,
1780415678.829,2024513.0,14066.037,9.152253,,,,,,
1780415678.830,2024538.0,14065.932,9.15231,,,,,,
1780415678.910,2024563.0,14066.037,9.152253,,,,,,
1780415678.911,2024588.0,14065.932,9.15231,,,,,,
1780415678.911,2024613.0,14065.947,9.152572,,,,,,
1780415678.994,2024638.0,14065.932,9.152578,,,,,,
1780415678.995,2024663.0,14065.945,9.152572,,,,,,
1780415678.996,2024688.0,14065.779,9.152394,,,,,,
1780415679.076,2024713.0,14065.813,9.152376,,,,,,
1780415679.077,2024738.0,14065.902,9.152327,,,,,,
1780415679.077,2024763.0,14065.992,9.152546,,,,,,
1780415679.158,2024788.0,14066.041,9.152519,,,,,,
1780415679.159,2024813.0,14066.01,9.152804,,,,,,
1780415679.159,2024838.0,14066.16,9.152721,,,,,,
1780415679.159,2024863.0,14066.221,9.152689,,,,,,
1780415679.227,2024888.0,14066.266,9.152664,,,,,,
1780415679.228,2024913.0,14066.385,9.152867,,,,,,
1780415679.293,2024938.0,14066.145,9.152997,,,,,,
1780415679.293,2024963.0,14066.082,9.15303,,,,,,
1780415679.294,2024988.0,14065.902,9.152863,,,,,,
1780415679.370,2025013.0,14065.979,9.152554,,,,,,
1780415679.371,2025038.0,14066.068,9.152505,,,,,,
1780415679.372,2025063.0,14066.037,9.152521,,,,,,
1780415679.442,2025088.0,14065.932,9.15231,,,,,,
1780415679.443,2025113.0,14066.023,9.15226,,,,,,
1780415679.444,2025138.0,14065.979,9.152554,,,,,,
1780415679.525,2025163.0,14066.131,9.152471,,,,,,
1780415679.526,2025188.0,14066.086,9.152762,,,,,,
1780415679.526,2025213.0,14066.311,9.152372,,,,,,
1780415679.593,2025238.0,14066.236,9.152144,,,,,,
1780415679.594,2025263.0,14066.191,9.152169,,,,,,
1780415679.594,2025288.0,14066.203,9.151896,,,,,,
1780415679.660,2025313.0,14066.338,9.151822,,,,,,
1780415679.661,2025338.0,14066.354,9.152081,,,,,,
1780415679.662,2025363.0,14066.338,9.152089,,,,,,
1780415679.725,2025388.0,14066.158,9.15192,,,,,,
1780415679.726,2025413.0,14066.051,9.151978,,,,,,
1780415679.794,2025438.0,14066.066,9.151703,,,,,,
1780415679.795,2025463.0,14066.051,9.151711,,,,,,
1780415679.795,2025488.0,14065.887,9.151799,,,,,,
1780415679.874,2025513.0,14066.023,9.151725,,,,,,
1780415679.875,2025538.0,14065.916,9.151785,,,,,,
1780415679.875,2025563.0,14065.947,9.151769,,,,,,
1780415679.942,2025588.0,14065.932,9.151776,,,,,,
1780415679.942,2025613.0,14066.023,9.151994,,,,,,
1780415679.943,2025638.0,14066.205,9.151895,,,,,,
1780415680.010,2025663.0,14066.326,9.151829,,,,,,
1780415680.011,2025688.0,14066.43,9.151772,,,,,,
1780415680.011,2025713.0,14066.34,9.15182,,,,,,
1780415680.094,2025738.0,14066.537,9.151712,,,,,,
1780415680.095,2025763.0,14066.689,9.151361,,,,,,
1780415680.096,2025788.0,14066.342,9.151553,,,,,,
1780415680.175,2025813.0,14066.221,9.15135,,,,,,
1780415680.176,2025838.0,14066.205,9.151628,,,,,,
1780415680.176,2025863.0,14066.191,9.151635,,,,,,
1780415680.241,2025888.0,14066.264,9.151595,,,,,,
1780415680.242,2025913.0,14066.203,9.151627,,,,,,
1780415680.242,2025938.0,14066.174,9.151912,,,,,,
1780415680.309,2025963.0,14066.068,9.151703,,,,,,
1780415680.309,2025988.0,14066.098,9.151686,,,,,,
1780415680.310,2026013.0,14066.188,9.151637,,,,,,
1780415680.394,2026038.0,14066.295,9.151579,,,,,,
1780415680.394,2026063.0,14066.34,9.151553,,,,,,
1780415680.395,2026088.0,14066.16,9.151652,,,,,,
1780415680.460,2026113.0,14066.523,9.151453,,,,,,
1780415680.460,2026138.0,14066.539,9.151443,,,,,,
1780415680.461,2026163.0,14066.479,9.151209,,,,,,
1780415680.527,2026188.0,14066.598,9.151144,,,,,,
1780415680.528,2026213.0,14066.824,9.15102,,,,,,
1780415680.594,2026238.0,14066.764,9.151052,,,,,,
1780415680.595,2026263.0,14066.416,9.151243,,,,,,
1780415680.596,2026288.0,14066.371,9.151268,,,,,,
1780415680.675,2026313.0,14066.16,9.151652,,,,,,
1780415680.676,2026338.0,14066.219,9.151887,,,,,,
1780415680.676,2026363.0,14066.279,9.151855,,,,,,
1780415680.743,2026388.0,14066.324,9.152096,,,,,,
1780415680.744,2026413.0,14066.445,9.15203,,,,,,
1780415680.744,2026438.0,14066.52,9.151989,,,,,,
1780415680.808,2026463.0,14066.264,9.151863,,,,,,
1780415680.809,2026488.0,14066.309,9.151837,,,,,,
1780415680.809,2026513.0,14066.371,9.151804,,,,,,
1780415680.875,2026538.0,14066.402,9.151787,,,,,,
1780415680.875,2026563.0,14066.355,9.151545,,,,,,
1780415680.943,2026588.0,14066.357,9.151812,,,,,,
1780415680.944,2026613.0,14066.236,9.151877,,,,,,
1780415680.945,2026638.0,14066.25,9.15187,,,,,,
1780415681.026,2026663.0,14066.266,9.151862,,,,,,
1780415681.027,2026688.0,14066.234,9.151877,,,,,,
1780415681.028,2026713.0,14066.461,9.151754,,,,,,
1780415681.092,2026738.0,14066.113,9.151944,,,,,,
1780415681.092,2026763.0,14066.129,9.151936,,,,,,
1780415681.093,2026788.0,14066.129,9.151936,,,,,,
1780415681.159,2026813.0,14066.219,9.151886,,,,,,
1780415681.159,2026838.0,14066.051,9.152246,,,,,,
1780415681.160,2026863.0,14066.264,9.151862,,,,,,
1780415681.228,2026888.0,14066.49,9.151737,,,,,,
1780415681.229,2026913.0,14066.385,9.152063,,,,,,
1780415681.229,2026938.0,14066.143,9.151929,,,,,,
1780415681.294,2026963.0,14066.475,9.15148,,,,,,
1780415681.294,2026988.0,14066.506,9.151464,,,,,,
1780415681.358,2027013.0,14066.521,9.151454,,,,,,
1780415681.358,2027038.0,14066.703,9.151356,,,,,,
1780415681.359,2027063.0,14066.748,9.151598,,,,,,
1780415681.426,2027088.0,14066.943,9.15149,,,,,,
1780415681.427,2027113.0,14067.035,9.151441,,,,,,
1780415681.494,2027138.0,14067.111,9.1514,,,,,,
1780415681.495,2027163.0,14067.033,9.151442,,,,,,
1780415681.495,2027188.0,14067.17,9.151634,,,,,,
1780415681.558,2027213.0,14067.275,9.151309,,,,,,
1780415681.559,2027238.0,14067.17,9.151367,,,,,,
1780415681.559,2027263.0,14067.184,9.15136,,,,,,
1780415681.625,2027288.0,14067.244,9.151326,,,,,,
1780415681.626,2027313.0,14067.107,9.151401,,,,,,
1780415681.693,2027338.0,14067.094,9.151408,,,,,,
1780415681.695,2027363.0,14067.246,9.151324,,,,,,
1780415681.696,2027388.0,14067.229,9.151334,,,,,,
1780415681.775,2027413.0,14067.289,9.1513,,,,,,
1780415681.776,2027438.0,14067.275,9.151308,,,,,,
1780415681.776,2027463.0,14067.305,9.151024,,,,,,
1780415681.843,2027488.0,14067.109,9.151132,,,,,,
1780415681.843,2027513.0,14066.898,9.151246,,,,,,
1780415681.844,2027538.0,14067.141,9.150847,,,,,,
1780415681.908,2027563.0,14067.533,9.150633,,,,,,
1780415681.909,2027588.0,14067.352,9.150731,,,,,,
1780415681.910,2027613.0,14067.186,9.150823,,,,,,
1780415681.975,2027638.0,14067.125,9.150588,,,,,,
1780415681.975,2027663.0,14067.293,9.150496,,,,,,
1780415682.044,2027688.0,14066.99,9.150394,,,,,,
1780415682.045,2027713.0,14066.975,9.150402,,,,,,
1780415682.046,2027738.0,14066.988,9.150395,,,,,,
1780415682.125,2027763.0,14066.822,9.150486,,,,,,
1780415682.125,2027788.0,14066.869,9.150728,,,,,,
1780415682.126,2027813.0,14066.854,9.150469,,,,,,
1780415682.192,2027838.0,14066.703,9.150552,,,,,,
1780415682.193,2027863.0,14066.748,9.150527,,,,,,
1780415682.193,2027888.0,14066.809,9.150763,,,,,,
1780415682.259,2027913.0,14066.734,9.150804,,,,,,
1780415682.260,2027938.0,14066.719,9.150811,,,,,,
1780415682.260,2027963.0,14066.93,9.150697,,,,,,
1780415682.342,2027988.0,14066.689,9.150828,,,,,,
1780415682.355,2028013.0,14066.732,9.151071,,,,,,
1780415682.356,2028038.0,14066.764,9.151323,,,,,,
1780415682.357,2028063.0,14066.688,9.151632,,,,,,
1780415682.429,2028088.0,14066.506,9.151731,,,,,,
1780415682.430,2028113.0,14066.52,9.151991,,,,,,
1780415682.431,2028138.0,14066.656,9.151917,,,,,,
1780415682.510,2028163.0,14066.717,9.152151,,,,,,
1780415682.510,2028188.0,14066.717,9.15215,,,,,,
1780415682.510,2028213.0,14066.777,9.152385,,,,,,
1780415682.581,2028238.0,14066.688,9.152434,,,,,,
1780415682.582,2028263.0,14066.686,9.152435,,,,,,
1780415682.583,2028288.0,14066.656,9.152452,,,,,,
1780415682.659,2028313.0,14066.881,9.152328,,,,,,
1780415682.659,2028338.0,14066.957,9.152287,,,,,,
1780415682.660,2028363.0,14066.867,9.152335,,,,,,
1780415682.745,2028388.0,14066.898,9.152317,,,,,,
1780415682.746,2028413.0,14066.824,9.152091,,,,,,
1780415682.747,2028438.0,14066.809,9.1521,,,,,,
1780415682.827,2028463.0,14066.795,9.152374,,,,,,
1780415682.827,2028488.0,14066.988,9.152268,,,,,,
1780415682.828,2028513.0,14067.021,9.151981,,,,,,
1780415682.895,2028538.0,14066.93,9.1523,,,,,,
1780415682.896,2028563.0,14067.203,9.152151,,,,,,
1780415682.897,2028588.0,14066.961,9.152551,,,,,,
1780415682.976,2028613.0,14067.156,9.152443,,,,,,
1780415682.977,2028638.0,14067.156,9.152177,,,,,,
1780415682.977,2028663.0,14067.127,9.151926,,,,,,
1780415683.041,2028688.0,14067.17,9.151634,,,,,,
1780415683.042,2028713.0,14067.26,9.151853,,,,,,
1780415683.043,2028738.0,14067.352,9.151534,,,,,,
1780415683.127,2028763.0,14067.246,9.151592,,,,,,
1780415683.128,2028788.0,14067.08,9.151417,,,,,,
1780415683.129,2028813.0,14066.973,9.151475,,,,,,
1780415683.129,2028838.0,14066.688,9.151364,,,,,,
1780415683.208,2028863.0,14066.852,9.151272,,,,,,
1780415683.208,2028888.0,14066.732,9.151607,,,,,,
1780415683.209,2028913.0,14066.414,9.15178,,,,,,
1780415683.293,2028938.0,14066.354,9.152081,,,,,,
1780415683.295,2028963.0,14066.369,9.15234,,,,,,
1780415683.295,2028988.0,14066.416,9.152314,,,,,,
1780415683.377,2029013.0,14066.205,9.15243,,,,,,
1780415683.377,2029038.0,14066.355,9.152614,,,,,,
1780415683.378,2029063.0,14066.324,9.152631,,,,,,
1780415683.461,2029088.0,14066.49,9.152274,,,,,,
1780415683.463,2029113.0,14066.475,9.152282,,,,,,
1780415683.464,2029138.0,14066.309,9.15264,,,,,,
1780415683.465,2029163.0,14066.371,9.15234,,,,,,
1780415683.541,2029188.0,14066.43,9.152307,,,,,,
1780415683.542,2029213.0,14066.416,9.152046,,,,,,
1780415683.542,2029238.0,14066.416,9.152314,,,,,,
1780415683.611,2029263.0,14066.266,9.152397,,,,,,
1780415683.611,2029288.0,14066.084,9.152763,,,,,,
1780415683.612,2029313.0,14065.828,9.152903,,,,,,
1780415683.674,2029338.0,14066.025,9.152528,,,,,,
1780415683.675,2029363.0,14065.859,9.152618,,,,,,
1780415683.744,2029388.0,14065.936,9.152577,,,,,,
1780415683.745,2029413.0,14065.889,9.152602,,,,,,
1780415683.746,2029438.0,14065.799,9.152652,,,,,,
1780415683.826,2029463.0,14065.857,9.152619,,,,,,
1780415683.827,2029488.0,14065.947,9.152571,,,,,,
1780415683.827,2029513.0,14065.842,9.152361,,,,,,
1780415683.907,2029538.0,14066.082,9.152227,,,,,,
1780415683.907,2029563.0,14066.188,9.151903,,,,,,
1780415683.908,2029588.0,14066.006,9.151734,,,,,,
1780415683.908,2029613.0,14065.932,9.151774,,,,,,
1780415683.975,2029638.0,14066.021,9.151726,,,,,,
1780415683.976,2029663.0,14065.885,9.151533,,,,,,
1780415684.059,2029688.0,14065.811,9.151574,,,,,,
1780415684.060,2029713.0,14065.855,9.151549,,,,,,
1780415684.061,2029738.0,14065.705,9.151631,,,,,,
1780415684.061,2029763.0,14065.674,9.151381,,,,,,
1780415684.142,2029788.0,14065.691,9.151373,,,,,,
1780415684.144,2029813.0,14065.479,9.151755,,,,,,
1780415684.145,2029838.0,14065.479,9.152024,,,,,,
1780415684.227,2029863.0,14065.434,9.151782,,,,,,
1780415684.227,2029888.0,14065.492,9.152017,,,,,,
1780415684.228,2029913.0,14065.613,9.151684,,,,,,
1780415684.308,2029938.0,14065.781,9.151591,,,,,,
1780415684.309,2029963.0,14065.781,9.151859,,,,,,
1780415684.309,2029988.0,14065.645,9.151935,,,,,,
1780415684.309,2030013.0,14065.66,9.151925,,,,,,
1780415684.374,2030038.0,14065.631,9.151941,,,,,,
1780415684.375,2030063.0,14065.66,9.151926,,,,,,
1780415684.442,2030088.0,14065.736,9.151884,,,,,,
1780415684.443,2030113.0,14065.586,9.151966,,,,,,
1780415684.443,2030138.0,14065.631,9.152208,,,,,,
1780415684.525,2030163.0,14065.449,9.152308,,,,,,
1780415684.526,2030188.0,14065.42,9.152591,,,,,,
1780415684.526,2030213.0,14065.225,9.152698,,,,,,
1780415684.593,2030238.0,14065.135,9.152747,,,,,,
1780415684.593,2030263.0,14065.014,9.153081,,,,,,
1780415684.594,2030288.0,14065.059,9.153324,,,,,,
1780415684.674,2030313.0,14065.162,9.153536,,,,,,
1780415684.675,2030338.0,14065.102,9.153835,,,,,,
1780415684.675,2030363.0,14065.191,9.153787,,,,,,
1780415684.742,2030388.0,14065.402,9.15394,,,,,,
1780415684.743,2030413.0,14065.371,9.153955,,,,,,
1780415684.743,2030438.0,14065.492,9.153889,,,,,,
1780415684.808,2030463.0,14065.523,9.153605,,,,,,
1780415684.808,2030488.0,14065.523,9.153605,,,,,,
1780415684.809,2030513.0,14065.328,9.153712,,,,,,
1780415684.874,2030538.0,14065.238,9.153762,,,,,,
1780415684.875,2030563.0,14065.117,9.153828,,,,,,
1780415684.941,2030588.0,14064.906,9.153676,,,,,,
1780415684.942,2030613.0,14065.041,9.153602,,,,,,
1780415684.942,2030638.0,14064.98,9.153902,,,,,,
1780415685.006,2030663.0,14065.01,9.154153,,,,,,
1780415685.007,2030688.0,14065.176,9.15433,,,,,,
1780415685.008,2030713.0,14065.223,9.154572,,,,,,
1780415685.074,2030738.0,14065.178,9.154863,,,,,,
1780415685.075,2030763.0,14065.223,9.154572,,,,,,
1780415685.158,2030788.0,14065.193,9.154588,,,,,,
1780415685.159,2030813.0,14065.135,9.154351,,,,,,
1780415685.159,2030838.0,14065.42,9.154197,,,,,,
1780415685.160,2030863.0,14065.465,9.15417,,,,,,
1780415685.226,2030888.0,14065.541,9.153862,,,,,,
1780415685.226,2030913.0,14065.42,9.153661,,,,,,
1780415685.292,2030938.0,14065.238,9.153493,,,,,,
1780415685.294,2030963.0,14065.086,9.153309,,,,,,
1780415685.295,2030988.0,14065.176,9.153526,,,,,,
1780415685.373,2031013.0,14065.131,9.153284,,,,,,
1780415685.374,2031038.0,14065.191,9.15325,,,,,,
1780415685.374,2031063.0,14065.01,9.153081,,,,,,
1780415685.443,2031088.0,14064.936,9.153391,,,,,,
1780415685.444,2031113.0,14064.904,9.153408,,,,,,
1780415685.445,2031138.0,14065.041,9.153067,,,,,,
1780415685.511,2031163.0,14065.191,9.152984,,,,,,
1780415685.512,2031188.0,14065.313,9.152918,,,,,,
1780415685.513,2031213.0,14065.236,9.152959,,,,,,
1780415685.593,2031238.0,14065.207,9.152975,,,,,,
1780415685.593,2031263.0,14064.951,9.152847,,,,,,
1780415685.594,2031288.0,14065.025,9.152538,,,,,,
1780415685.658,2031313.0,14064.83,9.152378,,,,,,
1780415685.658,2031338.0,14064.438,9.152326,,,,,,
1780415685.659,2031363.0,14064.527,9.152277,,,,,,
1780415685.725,2031388.0,14064.393,9.152349,,,,,,
1780415685.726,2031413.0,14064.379,9.152626,,,,,,
1780415685.790,2031438.0,14064.287,9.152676,,,,,,
1780415685.790,2031463.0,14064.107,9.152775,,,,,,
1780415685.791,2031488.0,14064.166,9.152742,,,,,,
1780415685.858,2031513.0,14064.363,9.152635,,,,,,
1780415685.860,2031538.0,14064.318,9.152659,,,,,,
1780415685.861,2031563.0,14064.318,9.152926,,,,,,
1780415685.941,2031588.0,14064.363,9.153169,,,,,,
1780415685.942,2031613.0,14064.256,9.152961,,,,,,
1780415685.942,2031638.0,14064.213,9.152984,,,,,,
1780415686.026,2031663.0,14064.137,9.153026,,,,,,
1780415686.026,2031688.0,14064.107,9.153042,,,,,,
1780415686.027,2031713.0,14064.363,9.152635,,,,,,
1780415686.106,2031738.0,14064.5,9.152558,,,,,,
1780415686.107,2031763.0,14064.635,9.152753,,,,,,
1780415686.107,2031788.0,14064.5,9.153094,,,,,,
1780415686.108,2031813.0,14064.514,9.153086,,,,,,
1780415686.174,2031838.0,14064.408,9.153145,,,,,,
1780415686.174,2031863.0,14064.574,9.153053,,,,,,
1780415686.258,2031888.0,14064.801,9.152929,,,,,,
1780415686.259,2031913.0,14064.771,9.152946,,,,,,
1780415686.259,2031938.0,14064.877,9.152887,,,,,,
1780415686.260,2031963.0,14065.162,9.153,,,,,,
1780415686.326,2031988.0,14064.98,9.153099,,,,,,
1780415686.327,2032013.0,14065.402,9.153136,,,,,,
1780415686.393,2032038.0,14065.434,9.152852,,,,,,
1780415686.393,2032063.0,14065.523,9.152802,,,,,,
1780415686.394,2032088.0,14065.736,9.152686,,,,,,
1780415686.473,2032113.0,14065.674,9.152719,,,,,,
1780415686.473,2032138.0,14065.676,9.152719,,,,,,
1780415686.473,2032163.0,14065.842,9.152629,,,,,,
1780415686.541,2032188.0,14066.068,9.152237,,,,,,
1780415686.541,2032213.0,14066.113,9.151945,,,,,,
1780415686.542,2032238.0,14066.203,9.152163,,,,,,
1780415686.607,2032263.0,14066.219,9.152154,,,,,,
1780415686.607,2032288.0,14066.053,9.152245,,,,,,
1780415686.608,2032313.0,14066.143,9.152464,,,,,,
1780415686.675,2032338.0,14066.113,9.152747,,,,,,
1780415686.675,2032363.0,14065.857,9.152887,,,,,,
1780415686.741,2032388.0,14065.768,9.152669,,,,,,
1780415686.741,2032413.0,14065.752,9.152678,,,,,,
1780415686.742,2032438.0,14065.646,9.152735,,,,,,
1780415686.808,2032463.0,14065.707,9.152702,,,,,,
1780415686.809,2032488.0,14065.541,9.152793,,,,,,
1780415686.809,2032513.0,14065.691,9.15271,,,,,,
1780415686.891,2032538.0,14065.691,9.15271,,,,,,
1780415686.892,2032563.0,14065.617,9.152751,,,,,,
1780415686.893,2032588.0,14065.555,9.152517,,,,,,
1780415686.958,2032613.0,14065.826,9.152369,,,,,,
1780415686.958,2032638.0,14065.523,9.152267,,,,,,
1780415686.959,2032663.0,14065.613,9.152218,,,,,,
1780415687.024,2032688.0,14065.645,9.152469,,,,,,
1780415687.024,2032713.0,14065.51,9.152542,,,,,,
1780415687.108,2032738.0,14065.328,9.152641,,,,,,
1780415687.110,2032763.0,14065.299,9.152658,,,,,,
1780415687.111,2032788.0,14065.027,9.152805,,,,,,
1780415687.111,2032813.0,14064.906,9.152872,,,,,,
1780415687.193,2032838.0,14064.906,9.152871,,,,,,
1780415687.195,2032863.0,14064.527,9.152812,,,,,,
1780415687.196,2032888.0,14064.438,9.15286,,,,,,
1780415687.274,2032913.0,14064.74,9.152695,,,,,,
1780415687.274,2032938.0,14064.814,9.152387,,,,,,
1780415687.275,2032963.0,14064.799,9.152127,,,,,,
1780415687.342,2032988.0,14064.967,9.152303,,,,,,
1780415687.343,2033013.0,14064.967,9.152303,,,,,,
1780415687.344,2033038.0,14065.072,9.152247,,,,,,
1780415687.424,2033063.0,14065.18,9.152188,,,,,,
1780415687.425,2033088.0,14065.072,9.152247,,,,,,
1780415687.426,2033113.0,14065.162,9.152198,,,,,,
1780415687.492,2033138.0,14065.102,9.15223,,,,,,
1780415687.492,2033163.0,14064.936,9.152322,,,,,,
1780415687.493,2033188.0,14065.041,9.152532,,,,,,
1780415687.561,2033213.0,14065.176,9.152724,,,,,,
1780415687.562,2033238.0,14065.146,9.152474,,,,,,
1780415687.563,2033263.0,14065.041,9.152532,,,,,,
1780415687.641,2033288.0,14064.996,9.152555,,,,,,
1780415687.642,2033313.0,14064.951,9.152313,,,,,,
1780415687.643,2033338.0,14065.072,9.152514,,,,,,
1780415687.726,2033363.0,14065.357,9.152358,,,,,,
1780415687.727,2033388.0,14065.434,9.152316,,,,,,
1780415687.727,2033413.0,14065.676,9.152184,,,,,,
1780415687.810,2033438.0,14065.662,9.152192,,,,,,
1780415687.810,2033463.0,14065.646,9.152467,,,,,,
1780415687.811,2033488.0,14065.857,9.152351,,,,,,
1780415687.811,2033513.0,14065.932,9.15231,,,,,,
1780415687.893,2033538.0,14065.766,9.15267,,,,,,
1780415687.894,2033563.0,14065.676,9.152719,,,,,,
1780415687.894,2033588.0,14065.539,9.152794,,,,,,
1780415687.974,2033613.0,14065.555,9.152517,,,,,,
1780415687.974,2033638.0,14065.465,9.152835,,,,,,
1780415687.975,2033663.0,14065.48,9.152557,,,,,,
1780415688.043,2033688.0,14065.631,9.152475,,,,,,
1780415688.044,2033713.0,14065.705,9.152434,,,,,,
1780415688.044,2033738.0,14065.555,9.152517,,,,,,
1780415688.108,2033763.0,14065.523,9.152534,,,,,,
1780415688.109,2033788.0,14065.568,9.15251,,,,,,
1780415688.109,2033813.0,14065.582,9.152235,,,,,,
1780415688.193,2033838.0,14065.613,9.15195,,,,,,
1780415688.195,2033863.0,14065.447,9.15204,,,,,,
1780415688.196,2033888.0,14065.492,9.152015,,,,,,
1780415688.275,2033913.0,14065.434,9.152048,,,,,,
1780415688.276,2033938.0,14065.508,9.152006,,,,,,
1780415688.276,2033963.0,14065.373,9.151814,,,,,,
1780415688.363,2033988.0,14065.283,9.151863,,,,,,
1780415688.365,2034013.0,14065.191,9.15218,,,,,,
1780415688.366,2034038.0,14065.281,9.15213,,,,,,
1780415688.366,2034063.0,14065.207,9.152172,,,,,,
1780415688.444,2034088.0,14065.07,9.152247,,,,,,
1780415688.445,2034113.0,14065.086,9.15224,,,,,,
1780415688.446,2034138.0,14065.1,9.152499,,,,,,
1780415688.522,2034163.0,14065.055,9.152256,,,,,,
1780415688.523,2034188.0,14065.07,9.152247,,,,,,
1780415688.524,2034213.0,14065.252,9.152149,,,,,,
1780415688.589,2034238.0,14065.084,9.15224,,,,,,
1780415688.589,2034263.0,14065.1,9.151964,,,,,,
1780415688.590,2034288.0,14065.131,9.152215,,,,,,
1780415688.659,2034313.0,14064.801,9.152395,,,,,,
1780415688.660,2034338.0,14064.996,9.152556,,,,,,
1780415688.661,2034363.0,14064.996,9.152824,,,,,,
1780415688.741,2034388.0,14064.893,9.15288,,,,,,
1780415688.742,2034413.0,14065.027,9.153074,,,,,,
1780415688.742,2034438.0,14065.012,9.15335,,,,,,
1780415688.807,2034463.0,14064.877,9.153692,,,,,,
1780415688.808,2034488.0,14064.74,9.154035,,,,,,
1780415688.808,2034513.0,14064.711,9.15405,,,,,,
1780415688.892,2034538.0,14064.559,9.154134,,,,,,
1780415688.893,2034563.0,14064.605,9.154107,,,,,,
1780415688.893,2034588.0,14064.648,9.154083,,,,,,
1780415688.974,2034613.0,14064.559,9.154133,,,,,,
1780415688.975,2034638.0,14064.588,9.153848,,,,,,
1780415688.975,2034663.0,14064.557,9.154134,,,,,,
1780415689.059,2034688.0,14064.527,9.154149,,,,,,
1780415689.060,2034713.0,14064.617,9.153831,,,,,,
1780415689.061,2034738.0,14064.68,9.153798,,,,,,
1780415689.061,2034763.0,14064.574,9.153588,,,,,,
1780415689.139,2034788.0,14064.453,9.153654,,,,,,
1780415689.140,2034813.0,14064.527,9.153613,,,,,,
1780415689.140,2034838.0,14064.166,9.153811,,,,,,
1780415689.223,2034863.0,14064.166,9.153811,,,,,,
1780415689.224,2034888.0,14064.197,9.153793,,,,,,
1780415689.225,2034913.0,14064.137,9.153559,,,,,,
1780415689.291,2034938.0,14064.092,9.153584,,,,,,
1780415689.292,2034963.0,14064.094,9.153583,,,,,,
1780415689.293,2034988.0,14064.063,9.153332,,,,,,
1780415689.358,2035013.0,14063.973,9.153381,,,,,,
1780415689.358,2035038.0,14063.865,9.153172,,,,,,
1780415689.359,2035063.0,14063.652,9.15329,,,,,,
1780415689.423,2035088.0,14063.578,9.153064,,,,,,
1780415689.423,2035113.0,14063.758,9.152698,,,,,,
1780415689.491,2035138.0,14063.969,9.15285,,,,,,
1780415689.491,2035163.0,14064.15,9.152751,,,,,,
1780415689.492,2035188.0,14064.045,9.153075,,,,,,
1780415689.557,2035213.0,14064.0,9.153101,,,,,,
1780415689.558,2035238.0,14064.061,9.153068,,,,,,
1780415689.559,2035263.0,14063.941,9.153399,,,,,,
1780415689.640,2035288.0,14063.941,9.153399,,,,,,
1780415689.641,2035313.0,14064.076,9.153327,,,,,,
1780415689.642,2035338.0,14064.35,9.153178,,,,,,
1780415689.705,2035363.0,14064.303,9.15347,,,,,,
1780415689.706,2035388.0,14064.316,9.153463,,,,,,
1780415689.706,2035413.0,14064.588,9.153582,,,,,,
1780415689.772,2035438.0,14064.559,9.153598,,,,,,
1780415689.772,2035463.0,14064.844,9.15344,,,,,,
1780415689.839,2035488.0,14065.025,9.153341,,,,,,
1780415689.840,2035513.0,14064.979,9.153367,,,,,,
1780415689.840,2035538.0,14064.875,9.153424,,,,,,
1780415689.907,2035563.0,14064.875,9.153424,,,,,,
1780415689.908,2035588.0,14064.891,9.153149,,,,,,
1780415689.908,2035613.0,14065.01,9.153083,,,,,,
1780415689.973,2035638.0,14065.117,9.153025,,,,,,
1780415689.974,2035663.0,14065.117,9.153023,,,,,,
1780415690.041,2035688.0,14065.119,9.152754,,,,,,
1780415690.041,2035713.0,14065.344,9.152632,,,,,,
1780415690.042,2035738.0,14065.42,9.15259,,,,,,
1780415690.108,2035763.0,14065.238,9.152689,,,,,,
1780415690.108,2035788.0,14065.223,9.152698,,,,,,
1780415690.109,2035813.0,14065.209,9.152706,,,,,,
