timestamp_computer,timestamp,sensor1,sensor2,mag,width,crack_x,crack_size,serial out,response
1780416338.802,524333.0,9258.005,8.749932,,,,,,
1780416338.803,524358.0,9257.776,8.749932,,,,,,
1780416338.862,524383.0,9257.946,8.749932,,,,,,
1780416338.862,524408.0,9257.731,8.750165,,,,,,
1780416338.863,524433.0,9257.725,8.750165,,,,,,
1780416338.936,524458.0,9257.723,8.750165,,,,,,
1780416338.938,524483.0,9257.508,8.750398,,,,,,
1780416338.939,524508.0,9257.417,8.750398,,,,,,
1780416338.992,524533.0,9257.521,8.750165,,,,,,
1780416338.992,524558.0,9257.521,8.750165,,,,,,
1780416339.053,524583.0,9257.646,8.749932,,,,,,
1780416339.053,524608.0,9258.025,8.749932,,,,,,
1780416339.120,524633.0,9258.534,8.749932,,,,,,
1780416339.121,524658.0,9258.713,8.749932,,,,,,
1780416339.122,524683.0,9258.562,8.750165,,,,,,
1780416339.177,524708.0,9258.771,8.750165,,,,,,
1780416339.178,524733.0,9258.528,8.750165,,,,,,
1780416339.236,524758.0,9258.882,8.750165,,,,,,
1780416339.237,524783.0,9258.77,8.750165,,,,,,
1780416339.237,524808.0,9258.521,8.750165,,,,,,
1780416339.305,524833.0,9258.619,8.750165,,,,,,
1780416339.305,524858.0,9258.626,8.750398,,,,,,
1780416339.371,524883.0,9258.606,8.750398,,,,,,
1780416339.372,524908.0,9258.509,8.750398,,,,,,
1780416339.372,524933.0,9258.378,8.750398,,,,,,
1780416339.423,524958.0,9258.267,8.750398,,,,,,
1780416339.423,524983.0,9258.202,8.750398,,,,,,
1780416339.488,525008.0,9257.972,8.750398,,,,,,
1780416339.488,525033.0,9257.912,8.750165,,,,,,
1780416339.489,525058.0,9258.148,8.750165,,,,,,
1780416339.555,525083.0,9258.338,8.750165,,,,,,
1780416339.555,525108.0,9258.619,8.749932,,,,,,
1780416339.615,525133.0,9258.874,8.749932,,,,,,
1780416339.617,525158.0,9258.965,8.750165,,,,,,
1780416339.617,525183.0,9259.018,8.750165,,,,,,
1780416339.679,525208.0,9258.926,8.750165,,,,,,
1780416339.680,525233.0,9258.73,8.750165,,,,,,
1780416339.738,525258.0,9258.423,8.750165,,,,,,
1780416339.739,525283.0,9258.24,8.750165,,,,,,
1780416339.740,525308.0,9257.939,8.749932,,,,,,
1780416339.802,525333.0,9257.783,8.749932,,,,,,
1780416339.803,525358.0,9257.751,8.749932,,,,,,
1780416339.864,525383.0,9257.921,8.749932,,,,,,
1780416339.864,525408.0,9257.711,8.749932,,,,,,
1780416339.865,525433.0,9257.888,8.750165,,,,,,
1780416339.935,525458.0,9257.842,8.750165,,,,,,
1780416339.936,525483.0,9257.713,8.749932,,,,,,
1780416339.937,525508.0,9257.392,8.749932,,,,,,
1780416340.000,525533.0,9257.254,8.749932,,,,,,
1780416340.001,525558.0,9257.208,8.749932,,,,,,
1780416340.048,525583.0,9257.463,8.749932,,,,,,
1780416340.049,525608.0,9257.659,8.749932,,,,,,
1780416340.112,525633.0,9257.566,8.749932,,,,,,
1780416340.113,525658.0,9257.841,8.749932,,,,,,
1780416340.113,525683.0,9257.646,8.749932,,,,,,
1780416340.176,525708.0,9257.73,8.749932,,,,,,
1780416340.177,525733.0,9257.516,8.749932,,,,,,
1780416340.249,525758.0,9257.397,8.749932,,,,,,
1780416340.250,525783.0,9257.378,8.7497,,,,,,
1780416340.250,525808.0,9257.364,8.7497,,,,,,
1780416340.314,525833.0,9257.195,8.7497,,,,,,
1780416340.315,525858.0,9257.318,8.7497,,,,,,
1780416340.315,525883.0,9257.541,8.7497,,,,,,
1780416340.402,525908.0,9257.815,8.7497,,,,,,
1780416340.403,525933.0,9257.973,8.7497,,,,,,
1780416340.403,525958.0,9258.07,8.7497,,,,,,
1780416340.438,525983.0,9258.378,8.7497,,,,,,
1780416340.439,526008.0,9258.28,8.7497,,,,,,
1780416340.498,526033.0,9258.573,8.7497,,,,,,
1780416340.500,526058.0,9258.468,8.749467,,,,,,
1780416340.554,526083.0,9258.527,8.749467,,,,,,
1780416340.556,526108.0,9258.579,8.749467,,,,,,
1780416340.618,526133.0,9258.86,8.749467,,,,,,
1780416340.619,526158.0,9259.004,8.7497,,,,,,
1780416340.619,526183.0,9258.991,8.7497,,,,,,
1780416340.675,526208.0,9258.769,8.7497,,,,,,
1780416340.676,526233.0,9258.631,8.7497,,,,,,
1780416340.744,526258.0,9258.841,8.7497,,,,,,
1780416340.745,526283.0,9258.762,8.7497,,,,,,
1780416340.746,526308.0,9258.788,8.749932,,,,,,
1780416340.800,526333.0,9258.475,8.749932,,,,,,
1780416340.801,526358.0,9258.41,8.749932,,,,,,
1780416340.864,526383.0,9258.371,8.749932,,,,,,
1780416340.865,526408.0,9258.339,8.749932,,,,,,
1780416340.866,526433.0,9258.143,8.749932,,,,,,
1780416340.936,526458.0,9258.477,8.749932,,,,,,
1780416340.937,526483.0,9258.443,8.749932,,,,,,
1780416340.938,526508.0,9258.325,8.750165,,,,,,
1780416340.992,526533.0,9258.024,8.750165,,,,,,
1780416340.993,526558.0,9258.201,8.750165,,,,,,
1780416341.052,526583.0,9258.331,8.750398,,,,,,
1780416341.053,526608.0,9258.384,8.750398,,,,,,
1780416341.116,526633.0,9257.965,8.750398,,,,,,
1780416341.117,526658.0,9257.73,8.750398,,,,,,
1780416341.117,526683.0,9257.802,8.750398,,,,,,
1780416341.188,526708.0,9257.645,8.750398,,,,,,
1780416341.189,526733.0,9257.391,8.750629,,,,,,
1780416341.190,526758.0,9257.364,8.750629,,,,,,
1780416341.244,526783.0,9257.62,8.750629,,,,,,
1780416341.244,526808.0,9257.672,8.750629,,,,,,
1780416341.301,526833.0,9257.613,8.750629,,,,,,
1780416341.302,526858.0,9257.835,8.750629,,,,,,
1780416341.365,526883.0,9257.775,8.750629,,,,,,
1780416341.367,526908.0,9257.913,8.750629,,,,,,
1780416341.368,526933.0,9258.077,8.750398,,,,,,
1780416341.424,526958.0,9258.108,8.750398,,,,,,
1780416341.424,526983.0,9258.082,8.750398,,,,,,
1780416341.500,527008.0,9258.075,8.750398,,,,,,
1780416341.501,527033.0,9257.972,8.750398,,,,,,
1780416341.503,527058.0,9258.154,8.750398,,,,,,
1780416341.549,527083.0,9258.011,8.750629,,,,,,
1780416341.550,527108.0,9258.16,8.750629,,,,,,
1780416341.622,527133.0,9258.109,8.750398,,,,,,
1780416341.623,527158.0,9258.299,8.750398,,,,,,
1780416341.624,527183.0,9258.259,8.750398,,,,,,
1780416341.687,527208.0,9258.09,8.750398,,,,,,
1780416341.688,527233.0,9258.069,8.750398,,,,,,
1780416341.690,527258.0,9258.26,8.750398,,,,,,
1780416341.736,527283.0,9258.312,8.750398,,,,,,
1780416341.736,527308.0,9258.344,8.750398,,,,,,
1780416341.799,527333.0,9258.651,8.750398,,,,,,
1780416341.799,527358.0,9258.449,8.750165,,,,,,
1780416341.864,527383.0,9258.547,8.750165,,,,,,
1780416341.865,527408.0,9258.363,8.749932,,,,,,
1780416341.866,527433.0,9258.312,8.750165,,,,,,
1780416341.936,527458.0,9258.37,8.750165,,,,,,
1780416341.937,527483.0,9258.102,8.750165,,,,,,
1780416341.938,527508.0,9257.84,8.750165,,,,,,
1780416342.001,527533.0,9257.78,8.750165,,,,,,
1780416342.002,527558.0,9257.854,8.750165,,,,,,
1780416342.050,527583.0,9258.096,8.750165,,,,,,
1780416342.051,527608.0,9258.454,8.750165,,,,,,
1780416342.117,527633.0,9258.356,8.750398,,,,,,
1780416342.118,527658.0,9258.553,8.750398,,,,,,
1780416342.119,527683.0,9258.291,8.750398,,,,,,
1780416342.183,527708.0,9258.135,8.750165,,,,,,
1780416342.184,527733.0,9257.86,8.750165,,,,,,
1780416342.246,527758.0,9257.527,8.750165,,,,,,
1780416342.247,527783.0,9257.253,8.750165,,,,,,
1780416342.248,527808.0,9257.142,8.750165,,,,,,
1780416342.303,527833.0,9257.47,8.749932,,,,,,
1780416342.304,527858.0,9257.267,8.749932,,,,,,
1780416342.368,527883.0,9257.404,8.750165,,,,,,
1780416342.370,527908.0,9257.555,8.750165,,,,,,
1780416342.371,527933.0,9257.012,8.750165,,,,,,
1780416342.435,527958.0,9256.947,8.750165,,,,,,
1780416342.437,527983.0,9257.267,8.750165,,,,,,
1780416342.438,528008.0,9257.233,8.750165,,,,,,
1780416342.488,528033.0,9257.215,8.750165,,,,,,
1780416342.489,528058.0,9257.019,8.749932,,,,,,
1780416342.551,528083.0,9257.063,8.749932,,,,,,
1780416342.553,528108.0,9257.142,8.749932,,,,,,
1780416342.623,528133.0,9257.41,8.749932,,,,,,
1780416342.623,528158.0,9257.384,8.749932,,,,,,
1780416342.624,528183.0,9257.285,8.749932,,,,,,
1780416342.682,528208.0,9256.919,8.750165,,,,,,
1780416342.683,528233.0,9256.553,8.750398,,,,,,
1780416342.744,528258.0,9256.586,8.750165,,,,,,
1780416342.745,528283.0,9256.409,8.750398,,,,,,
1780416342.745,528308.0,9256.638,8.750398,,,,,,
1780416342.800,528333.0,9256.795,8.750398,,,,,,
1780416342.800,528358.0,9256.822,8.750398,,,,,,
1780416342.872,528383.0,9257.188,8.750398,,,,,,
1780416342.873,528408.0,9257.279,8.750398,,,,,,
1780416342.874,528433.0,9257.397,8.750398,,,,,,
1780416342.934,528458.0,9257.175,8.750398,,,,,,
1780416342.935,528483.0,9257.371,8.750398,,,,,,
1780416343.000,528508.0,9257.279,8.750398,,,,,,
1780416343.001,528533.0,9257.175,8.750398,,,,,,
1780416343.002,528558.0,9257.527,8.750398,,,,,,
1780416343.069,528583.0,9257.272,8.750398,,,,,,
1780416343.071,528608.0,9257.272,8.750398,,,,,,
1780416343.071,528633.0,9257.26,8.750398,,,,,,
1780416343.127,528658.0,9257.383,8.750398,,,,,,
1780416343.128,528683.0,9257.227,8.750398,,,,,,
1780416343.200,528708.0,9257.05,8.750398,,,,,,
1780416343.202,528733.0,9256.887,8.750398,,,,,,
1780416343.202,528758.0,9256.978,8.750398,,,,,,
1780416343.262,528783.0,9257.068,8.750398,,,,,,
1780416343.263,528808.0,9256.951,8.750398,,,,,,
1780416343.264,528833.0,9257.187,8.750165,,,,,,
1780416343.328,528858.0,9257.186,8.749932,,,,,,
1780416343.329,528883.0,9257.213,8.750165,,,,,,
1780416343.386,528908.0,9257.486,8.749932,,,,,,
1780416343.387,528933.0,9257.598,8.749932,,,,,,
1780416343.388,528958.0,9257.513,8.750165,,,,,,
1780416343.453,528983.0,9257.67,8.750165,,,,,,
1780416343.454,529008.0,9257.565,8.750398,,,,,,
1780416343.504,529033.0,9257.384,8.750398,,,,,,
1780416343.506,529058.0,9257.213,8.750398,,,,,,
1780416343.587,529083.0,9256.933,8.750398,,,,,,
1780416343.588,529108.0,9256.574,8.750398,,,,,,
1780416343.589,529133.0,9256.691,8.750165,,,,,,
1780416343.590,529158.0,9256.384,8.750398,,,,,,
1780416343.652,529183.0,9256.318,8.750398,,,,,,
1780416343.654,529208.0,9256.403,8.750398,,,,,,
1780416343.707,529233.0,9256.618,8.750398,,,,,,
1780416343.708,529258.0,9256.259,8.750398,,,,,,
1780416343.775,529283.0,9256.214,8.750398,,,,,,
1780416343.776,529308.0,9256.083,8.750398,,,,,,
1780416343.776,529333.0,9256.103,8.750398,,,,,,
1780416343.835,529358.0,9256.193,8.750398,,,,,,
1780416343.835,529383.0,9255.886,8.750398,,,,,,
1780416343.836,529408.0,9255.898,8.750398,,,,,,
1780416343.906,529433.0,9255.86,8.750398,,,,,,
1780416343.907,529458.0,9255.985,8.750398,,,,,,
1780416343.961,529483.0,9256.019,8.750398,,,,,,
1780416343.961,529508.0,9256.175,8.750165,,,,,,
1780416343.962,529533.0,9255.972,8.750165,,,,,,
1780416344.033,529558.0,9255.764,8.750398,,,,,,
1780416344.034,529583.0,9255.835,8.750165,,,,,,
1780416344.107,529608.0,9255.776,8.750165,,,,,,
1780416344.107,529633.0,9255.757,8.750165,,,,,,
1780416344.108,529658.0,9256.11,8.750165,,,,,,
1780416344.167,529683.0,9256.083,8.750165,,,,,,
1780416344.167,529708.0,9256.502,8.750165,,,,,,
1780416344.168,529733.0,9256.698,8.750165,,,,,,
1780416344.231,529758.0,9256.495,8.750165,,,,,,
1780416344.232,529783.0,9256.47,8.749932,,,,,,
1780416344.287,529808.0,9256.555,8.749932,,,,,,
1780416344.287,529833.0,9256.651,8.749932,,,,,,
1780416344.288,529858.0,9256.566,8.749932,,,,,,
1780416344.351,529883.0,9256.934,8.749932,,,,,,
1780416344.352,529908.0,9256.782,8.749932,,,,,,
1780416344.408,529933.0,9256.743,8.749932,,,,,,
1780416344.409,529958.0,9256.476,8.749932,,,,,,
1780416344.475,529983.0,9256.822,8.749932,,,,,,
1780416344.476,530008.0,9256.895,8.749932,,,,,,
1780416344.477,530033.0,9256.867,8.749932,,,,,,
1780416344.534,530058.0,9256.895,8.750165,,,,,,
1780416344.534,530083.0,9256.535,8.750165,,,,,,
1780416344.600,530108.0,9256.438,8.750165,,,,,,
1780416344.601,530133.0,9256.215,8.750165,,,,,,
1780416344.601,530158.0,9256.306,8.750165,,,,,,
1780416344.664,530183.0,9256.28,8.749932,,,,,,
1780416344.664,530208.0,9256.3,8.749932,,,,,,
1780416344.665,530233.0,9256.432,8.750165,,,,,,
1780416344.735,530258.0,9256.398,8.749932,,,,,,
1780416344.736,530283.0,9256.34,8.749932,,,,,,
1780416344.737,530308.0,9256.51,8.749932,,,,,,
1780416344.783,530333.0,9256.398,8.749932,,,,,,
1780416344.849,530358.0,9256.195,8.749932,,,,,,
1780416344.850,530383.0,9256.254,8.749932,,,,,,
1780416344.851,530408.0,9256.574,8.749932,,,,,,
1780416344.921,530433.0,9256.718,8.749932,,,,,,
1780416344.931,530458.0,9256.77,8.749932,,,,,,
1780416344.933,530483.0,9256.443,8.749932,,,,,,
1780416344.970,530508.0,9256.273,8.750165,,,,,,
1780416344.971,530533.0,9256.104,8.750165,,,,,,
1780416345.041,530558.0,9256.293,8.750165,,,,,,
1780416345.041,530583.0,9256.456,8.750165,,,,,,
1780416345.042,530608.0,9256.363,8.750398,,,,,,
1780416345.097,530633.0,9256.161,8.750398,,,,,,
1780416345.098,530658.0,9256.076,8.750398,,,,,,
1780416345.159,530683.0,9256.051,8.750165,,,,,,
1780416345.161,530708.0,9256.392,8.750165,,,,,,
1780416345.162,530733.0,9256.574,8.750398,,,,,,
1780416345.230,530758.0,9256.691,8.750398,,,,,,
1780416345.231,530783.0,9256.672,8.750398,,,,,,
1780416345.295,530808.0,9256.836,8.750398,,,,,,
1780416345.296,530833.0,9256.606,8.750398,,,,,,
1780416345.298,530858.0,9256.47,8.750165,,,,,,
1780416345.352,530883.0,9256.553,8.750165,,,,,,
1780416345.353,530908.0,9256.312,8.750165,,,,,,
1780416345.416,530933.0,9256.475,8.750165,,,,,,
1780416345.418,530958.0,9256.312,8.750165,,,,,,
1780416345.419,530983.0,9256.344,8.750165,,,,,,
1780416345.479,531008.0,9256.343,8.750165,,,,,,
1780416345.480,531033.0,9256.369,8.750398,,,,,,
1780416345.534,531058.0,9256.454,8.750398,,,,,,
1780416345.535,531083.0,9256.265,8.750398,,,,,,
1780416345.607,531108.0,9256.383,8.750398,,,,,,
1780416345.609,531133.0,9256.507,8.750165,,,,,,
1780416345.611,531158.0,9256.827,8.750165,,,,,,
1780416345.612,531183.0,9256.899,8.750165,,,,,,
1780416345.666,531208.0,9257.193,8.750165,,,,,,
1780416345.667,531233.0,9256.898,8.749932,,,,,,
1780416345.731,531258.0,9256.756,8.749932,,,,,,
1780416345.733,531283.0,9256.718,8.749932,,,,,,
1780416345.786,531308.0,9256.703,8.749932,,,,,,
1780416345.787,531333.0,9256.65,8.749932,,,,,,
1780416345.787,531358.0,9256.534,8.749932,,,,,,
1780416345.848,531383.0,9256.54,8.749932,,,,,,
1780416345.849,531408.0,9256.547,8.749932,,,,,,
1780416345.913,531433.0,9256.351,8.749932,,,,,,
1780416345.914,531458.0,9256.345,8.749932,,,,,,
1780416345.915,531483.0,9256.305,8.749932,,,,,,
1780416345.971,531508.0,9256.351,8.7497,,,,,,
1780416345.972,531533.0,9256.494,8.7497,,,,,,
1780416346.033,531558.0,9256.541,8.749932,,,,,,
1780416346.034,531583.0,9256.645,8.749932,,,,,,
1780416346.107,531608.0,9256.763,8.750165,,,,,,
1780416346.108,531633.0,9256.69,8.750398,,,,,,
1780416346.109,531658.0,9256.684,8.750165,,,,,,
1780416346.166,531683.0,9256.402,8.750398,,,,,,
1780416346.166,531708.0,9256.618,8.750398,,,,,,
1780416346.167,531733.0,9256.906,8.750398,,,,,,
1780416346.234,531758.0,9256.894,8.75063,,,,,,
1780416346.234,531783.0,9256.9,8.75063,,,,,,
1780416346.283,531808.0,9256.854,8.75063,,,,,,
1780416346.293,531833.0,9256.775,8.75063,,,,,,
1780416346.293,531858.0,9256.887,8.750629,,,,,,
1780416346.347,531883.0,9257.2,8.750629,,,,,,
1780416346.349,531908.0,9257.534,8.750629,,,,,,
1780416346.436,531933.0,9257.645,8.750629,,,,,,
1780416346.438,531958.0,9257.115,8.750629,,,,,,
1780416346.443,531983.0,9257.442,8.750629,,,,,,
1780416346.445,532008.0,9257.358,8.750862,,,,,,
1780416346.486,532033.0,9257.554,8.750862,,,,,,
1780416346.487,532058.0,9257.56,8.751095,,,,,,
1780416346.538,532083.0,9257.651,8.751328,,,,,,
1780416346.539,532108.0,9257.887,8.751328,,,,,,
1780416346.604,532133.0,9257.907,8.75156,,,,,,
1780416346.606,532158.0,9257.796,8.75156,,,,,,
1780416346.673,532183.0,9257.659,8.751328,,,,,,
1780416346.675,532208.0,9257.528,8.75156,,,,,,
1780416346.676,532233.0,9257.437,8.751328,,,,,,
1780416346.751,532258.0,9257.339,8.751095,,,,,,
1780416346.752,532283.0,9257.162,8.751095,,,,,,
1780416346.753,532308.0,9257.142,8.751095,,,,,,
1780416346.807,532333.0,9256.997,8.751095,,,,,,
1780416346.808,532358.0,9256.802,8.751095,,,,,,
1780416346.879,532383.0,9256.73,8.750862,,,,,,
1780416346.880,532408.0,9256.501,8.751095,,,,,,
1780416346.881,532433.0,9256.762,8.751328,,,,,,
1780416346.941,532458.0,9256.854,8.751328,,,,,,
1780416346.942,532483.0,9256.827,8.751328,,,,,,
1780416346.943,532508.0,9257.01,8.751328,,,,,,
1780416347.016,532533.0,9256.604,8.751328,,,,,,
1780416347.018,532558.0,9256.527,8.75156,,,,,,
1780416347.019,532583.0,9256.566,8.75156,,,,,,
1780416347.065,532608.0,9256.469,8.751328,,,,,,
1780416347.066,532633.0,9256.586,8.751095,,,,,,
1780416347.134,532658.0,9256.481,8.751095,,,,,,
1780416347.136,532683.0,9256.487,8.750862,,,,,,
1780416347.137,532708.0,9256.324,8.750629,,,,,,
1780416347.191,532733.0,9256.174,8.750629,,,,,,
1780416347.192,532758.0,9256.044,8.750629,,,,,,
1780416347.268,532783.0,9256.201,8.750629,,,,,,
1780416347.269,532808.0,9256.175,8.750629,,,,,,
1780416347.270,532833.0,9256.345,8.750398,,,,,,
1780416347.330,532858.0,9256.626,8.750398,,,,,,
1780416347.331,532883.0,9256.796,8.750398,,,,,,
1780416347.400,532908.0,9256.887,8.750629,,,,,,
1780416347.402,532933.0,9257.07,8.750398,,,,,,
1780416347.403,532958.0,9257.09,8.750629,,,,,,
1780416347.461,532983.0,9257.135,8.750862,,,,,,
1780416347.462,533008.0,9257.259,8.750862,,,,,,
1780416347.463,533033.0,9257.54,8.750629,,,,,,
1780416347.534,533058.0,9257.579,8.750398,,,,,,
1780416347.535,533083.0,9257.532,8.750398,,,,,,
1780416347.536,533108.0,9257.619,8.750629,,,,,,
1780416347.605,533133.0,9257.684,8.750629,,,,,,
1780416347.605,533158.0,9257.775,8.750629,,,,,,
1780416347.666,533183.0,9257.802,8.750398,,,,,,
1780416347.667,533208.0,9258.338,8.750398,,,,,,
1780416347.668,533233.0,9258.391,8.750398,,,,,,
1780416347.732,533258.0,9258.562,8.750398,,,,,,
1780416347.733,533283.0,9258.784,8.750629,,,,,,
1780416347.789,533308.0,9258.81,8.750629,,,,,,
1780416347.789,533333.0,9259.019,8.750629,,,,,,
1780416347.790,533358.0,9259.229,8.750629,,,,,,
1780416347.851,533383.0,9259.144,8.750629,,,,,,
1780416347.852,533408.0,9259.234,8.750629,,,,,,
1780416347.915,533433.0,9259.247,8.750629,,,,,,
1780416347.916,533458.0,9259.227,8.750862,,,,,,
1780416347.916,533483.0,9259.036,8.751095,,,,,,
1780416347.972,533508.0,9259.167,8.751328,,,,,,
1780416347.972,533533.0,9259.141,8.751095,,,,,,
1780416348.035,533558.0,9259.056,8.751095,,,,,,
1780416348.036,533583.0,9259.068,8.750862,,,,,,
1780416348.037,533608.0,9258.997,8.750629,,,,,,
1780416348.099,533633.0,9258.787,8.750629,,,,,,
1780416348.100,533658.0,9258.748,8.750629,,,,,,
1780416348.158,533683.0,9258.943,8.750629,,,,,,
1780416348.159,533708.0,9258.894,8.750629,,,,,,
1780416348.220,533733.0,9258.86,8.750398,,,,,,
1780416348.221,533758.0,9258.645,8.750398,,,,,,
1780416348.221,533783.0,9258.606,8.750398,,,,,,
1780416348.284,533808.0,9258.672,8.750398,,,,,,
1780416348.285,533833.0,9258.51,8.750398,,,,,,
1780416348.285,533858.0,9258.272,8.750398,,,,,,
1780416348.351,533883.0,9257.998,8.750629,,,,,,
1780416348.352,533908.0,9257.912,8.750398,,,,,,
1780416348.417,533933.0,9257.737,8.750398,,,,,,
1780416348.418,533958.0,9257.809,8.750398,,,,,,
1780416348.419,533983.0,9257.848,8.750398,,,,,,
1780416348.472,534008.0,9257.828,8.750629,,,,,,
1780416348.472,534033.0,9257.645,8.750629,,,,,,
1780416348.534,534058.0,9257.743,8.750629,,,,,,
1780416348.535,534083.0,9257.657,8.750629,,,,,,
1780416348.535,534108.0,9257.789,8.750629,,,,,,
1780416348.597,534133.0,9257.743,8.750398,,,,,,
1780416348.598,534158.0,9257.919,8.750398,,,,,,
1780416348.670,534183.0,9258.129,8.750398,,,,,,
1780416348.670,534208.0,9258.11,8.750398,,,,,,
1780416348.671,534233.0,9257.966,8.750398,,,,,,
1780416348.733,534258.0,9258.104,8.750398,,,,,,
1780416348.735,534283.0,9257.997,8.750398,,,,,,
1780416348.736,534308.0,9257.591,8.750398,,,,,,
1780416348.790,534333.0,9257.834,8.750398,,,,,,
1780416348.791,534358.0,9257.854,8.750398,,,,,,
1780416348.850,534383.0,9257.802,8.750398,,,,,,
1780416348.852,534408.0,9257.677,8.750398,,,,,,
1780416348.910,534433.0,9257.749,8.750398,,,,,,
1780416348.911,534458.0,9257.965,8.750398,,,,,,
1780416348.911,534483.0,9258.188,8.750398,,,,,,
1780416348.980,534508.0,9258.181,8.750165,,,,,,
1780416348.981,534533.0,9257.723,8.750165,,,,,,
1780416349.035,534558.0,9257.906,8.750398,,,,,,
1780416349.036,534583.0,9257.867,8.750398,,,,,,
1780416349.036,534608.0,9258.064,8.750398,,,,,,
1780416349.102,534633.0,9258.137,8.750398,,,,,,
1780416349.103,534658.0,9258.104,8.750398,,,,,,
1780416349.158,534683.0,9257.895,8.750398,,,,,,
1780416349.159,534708.0,9257.927,8.750398,,,,,,
1780416349.221,534733.0,9258.07,8.750165,,,,,,
1780416349.222,534758.0,9257.934,8.750165,,,,,,
1780416349.222,534783.0,9257.704,8.750165,,,,,,
1780416349.289,534808.0,9257.56,8.750165,,,,,,
1780416349.290,534833.0,9257.527,8.750165,,,,,,
1780416349.290,534858.0,9257.782,8.750165,,,,,,
1780416349.351,534883.0,9257.711,8.750398,,,,,,
1780416349.351,534908.0,9257.815,8.750629,,,,,,
1780416349.416,534933.0,9258.03,8.750629,,,,,,
1780416349.417,534958.0,9257.86,8.750629,,,,,,
1780416349.418,534983.0,9257.821,8.750862,,,,,,
1780416349.473,535008.0,9257.737,8.750862,,,,,,
1780416349.473,535033.0,9257.658,8.751095,,,,,,
1780416349.535,535058.0,9257.652,8.751095,,,,,,
1780416349.536,535083.0,9257.515,8.751328,,,,,,
1780416349.537,535108.0,9257.279,8.751328,,,,,,
1780416349.598,535133.0,9257.188,8.751328,,,,,,
1780416349.599,535158.0,9257.188,8.751328,,,,,,
1780416349.662,535183.0,9257.306,8.751095,,,,,,
1780416349.662,535208.0,9257.109,8.751095,,,,,,
1780416349.662,535233.0,9256.803,8.751095,,,,,,
1780416349.732,535258.0,9256.605,8.750862,,,,,,
1780416349.733,535283.0,9256.58,8.750862,,,,,,
1780416349.773,535308.0,9256.403,8.750862,,,,,,
1780416349.774,535333.0,9256.403,8.750629,,,,,,
1780416349.791,535358.0,9256.292,8.750629,,,,,,
1780416349.813,535383.0,9256.515,8.750862,,,,,,
1780416349.847,535408.0,9256.562,8.750862,,,,,,
1780416349.869,535433.0,9256.477,8.750862,,,,,,
1780416349.891,535458.0,9256.358,8.750862,,,,,,
1780416349.913,535483.0,9256.071,8.751095,,,,,,
1780416349.945,535508.0,9256.188,8.750862,,,,,,
1780416349.966,535533.0,9256.307,8.750629,,,,,,
1780416349.989,535558.0,9256.175,8.750629,,,,,,
1780416350.011,535583.0,9256.168,8.750862,,,,,,
1780416350.044,535608.0,9256.39,8.750862,,,,,,
1780416350.066,535633.0,9256.605,8.750862,,,,,,
1780416350.089,535658.0,9256.979,8.750629,,,,,,
1780416350.111,535683.0,9256.939,8.750862,,,,,,
1780416350.143,535708.0,9256.737,8.750629,,,,,,
1780416350.169,535733.0,9256.527,8.750629,,,,,,
1780416350.235,535758.0,9256.73,8.750629,,,,,status,l_h=42.000000 c_f=220.000000 q=24.000000
1780416350.236,535783.0,9257.161,8.750629,,,,,,
1780416350.236,535808.0,9257.285,8.750629,,,,,,
1780416350.296,535833.0,9257.331,8.750629,,,,,,
1780416350.296,535858.0,9257.097,8.750629,,,,,,
1780416350.349,535883.0,9257.175,8.750629,,,,,,
1780416350.350,535908.0,9257.182,8.750629,,,,,,
1780416350.410,535933.0,9257.389,8.750629,,,,,,
1780416350.411,535958.0,9257.245,8.750629,,,,,,
1780416350.411,535983.0,9257.01,8.750629,,,,,,
1780416350.485,536008.0,9256.937,8.750398,,,,,,
1780416350.486,536033.0,9257.127,8.750629,,,,,,
1780416350.486,536058.0,9257.003,8.750629,,,,,,
1780416350.540,536083.0,9257.049,8.750629,,,,,,
1780416350.541,536108.0,9257.383,8.750398,,,,,,
1780416350.594,536133.0,9257.487,8.750398,,,,,,
1780416350.595,536158.0,9257.376,8.750398,,,,,,
1780416350.665,536183.0,9257.416,8.750398,,,,,,
1780416350.666,536208.0,9257.462,8.750165,,,,,,
1780416350.666,536233.0,9257.031,8.749932,,,,,,
1780416350.723,536258.0,9257.168,8.749932,,,,,,
1780416350.723,536283.0,9257.129,8.749932,,,,,,
1780416350.789,536308.0,9257.227,8.7497,,,,,,
1780416350.790,536333.0,9257.194,8.7497,,,,,,
1780416350.790,536358.0,9257.378,8.7497,,,,,,
1780416350.852,536383.0,9257.083,8.7497,,,,,,
1780416350.853,536408.0,9256.724,8.749932,,,,,,
1780416350.921,536433.0,9256.26,8.749932,,,,,,
1780416350.922,536458.0,9256.188,8.749932,,,,,,
1780416350.923,536483.0,9256.076,8.749932,,,,,,
1780416350.972,536508.0,9256.213,8.749932,,,,,,
1780416350.973,536533.0,9256.39,8.749932,,,,,,
1780416351.036,536558.0,9256.593,8.749932,,,,,,
1780416351.036,536583.0,9256.318,8.749932,,,,,,
1780416351.037,536608.0,9256.482,8.749932,,,,,,
1780416351.100,536633.0,9256.351,8.749932,,,,,,
1780416351.101,536658.0,9256.181,8.7497,,,,,,
1780416351.174,536683.0,9256.463,8.7497,,,,,,
1780416351.174,536708.0,9256.515,8.7497,,,,,,
1780416351.175,536733.0,9256.566,8.7497,,,,,,
1780416351.249,536758.0,9256.514,8.7497,,,,,,
1780416351.250,536783.0,9256.463,8.7497,,,,,,
1780416351.250,536808.0,9256.325,8.749932,,,,,,
1780416351.303,536833.0,9256.09,8.749932,,,,,,
1780416351.304,536858.0,9255.992,8.749932,,,,,,
1780416351.367,536883.0,9255.92,8.749932,,,,,,
1780416351.367,536908.0,9256.025,8.749932,,,,,,
1780416351.368,536933.0,9256.031,8.749932,,,,,,
1780416351.426,536958.0,9256.267,8.7497,,,,,,
1780416351.427,536983.0,9256.463,8.7497,,,,,,
1780416351.487,537008.0,9256.587,8.7497,,,,,,
1780416351.489,537033.0,9256.679,8.749467,,,,,,
1780416351.490,537058.0,9256.62,8.749467,,,,,,
1780416351.554,537083.0,9256.685,8.7497,,,,,,
1780416351.555,537108.0,9256.9,8.7497,,,,,,
1780416351.612,537133.0,9256.81,8.749932,,,,,,
1780416351.612,537158.0,9256.659,8.749933,,,,,,
1780416351.613,537183.0,9256.442,8.749933,,,,,,
1780416351.682,537208.0,9256.664,8.749933,,,,,,
1780416351.682,537233.0,9256.514,8.749933,,,,,,
1780416351.742,537258.0,9256.749,8.749933,,,,,,
1780416351.753,537283.0,9256.958,8.749933,,,,,,
1780416351.753,537308.0,9256.75,8.749932,,,,,,
1780416351.811,537333.0,9256.521,8.749932,,,,,,
1780416351.812,537358.0,9256.455,8.749932,,,,,,
1780416351.812,537383.0,9256.332,8.749932,,,,,,
1780416351.867,537408.0,9256.278,8.749932,,,,,,
1780416351.867,537433.0,9256.247,8.7497,,,,,,
1780416351.930,537458.0,9256.527,8.7497,,,,,,
1780416351.930,537483.0,9256.815,8.7497,,,,,,
1780416351.987,537508.0,9256.985,8.7497,,,,,,
1780416351.988,537533.0,9257.208,8.7497,,,,,,
1780416351.989,537558.0,9257.058,8.7497,,,,,,
1780416352.058,537583.0,9256.959,8.749932,,,,,,
1780416352.059,537608.0,9256.998,8.749932,,,,,,
1780416352.133,537633.0,9257.044,8.749932,,,,,,
1780416352.133,537658.0,9256.979,8.749932,,,,,,
1780416352.134,537683.0,9257.129,8.749932,,,,,,
1780416352.186,537708.0,9257.168,8.7497,,,,,,
1780416352.187,537733.0,9257.069,8.7497,,,,,,
1780416352.187,537758.0,9256.985,8.749467,,,,,,
1780416352.249,537783.0,9256.979,8.749467,,,,,,
1780416352.250,537808.0,9256.881,8.749467,,,,,,
1780416352.314,537833.0,9257.09,8.749467,,,,,,
1780416352.314,537858.0,9257.357,8.749467,,,,,,
1780416352.315,537883.0,9257.267,8.749467,,,,,,
1780416352.365,537908.0,9256.965,8.749467,,,,,,
1780416352.366,537933.0,9257.24,8.749467,,,,,,
1780416352.428,537958.0,9257.495,8.749467,,,,,,
1780416352.429,537983.0,9257.521,8.7497,,,,,,
1780416352.488,538008.0,9257.494,8.7497,,,,,,
1780416352.489,538033.0,9257.416,8.749932,,,,,,
1780416352.489,538058.0,9257.645,8.749932,,,,,,
1780416352.565,538083.0,9257.586,8.749932,,,,,,
1780416352.566,538108.0,9257.671,8.749932,,,,,,
1780416352.566,538133.0,9257.495,8.749932,,,,,,
1780416352.632,538158.0,9257.05,8.749932,,,,,,
1780416352.633,538183.0,9256.86,8.749932,,,,,,
1780416352.705,538208.0,9256.827,8.750165,,,,,,
1780416352.706,538233.0,9256.547,8.750165,,,,,,
1780416352.706,538258.0,9256.782,8.750165,,,,,,
1780416352.772,538283.0,9257.227,8.750165,,,,,,
1780416352.773,538308.0,9257.43,8.750165,,,,,,
1780416352.773,538333.0,9257.436,8.750398,,,,,,
1780416352.831,538358.0,9257.579,8.750398,,,,,,
1780416352.832,538383.0,9270.133,8.757171,,,,,,
1780416352.897,538408.0,9284.037,8.764415,,,,,,
1780416352.897,538433.0,9297.836,8.772128,,,,,,
1780416352.898,538458.0,9311.505,8.779607,,,,,,
1780416352.968,538483.0,9326.935,8.788026,,,,,,
1780416352.968,538508.0,9343.229,8.797151,,,,,,
1780416352.969,538533.0,9373.39,8.813612,,,,,,
1780416353.034,538558.0,9406.719,8.83198,,,,,,
1780416353.035,538583.0,9461.548,8.861883,,,,,,
1780416353.035,538608.0,9525.175,8.89617,,,,,,
1780416353.085,538633.0,9598.852,8.936069,,,,,,
1780416353.151,538658.0,9684.807,8.982141,,,,,,
1780416353.151,538683.0,9779.816,9.032909,,,,,,
1780416353.152,538708.0,9885.907,9.089922,,,,,,
1780416353.214,538733.0,9994.715,9.147938,,,,,,
1780416353.215,538758.0,10105.928,9.20746,,,,,,
1780416353.215,538783.0,10219.836,9.26799,,,,,,
1780416353.284,538808.0,10334.933,9.329275,,,,,,
1780416353.285,538833.0,10451.851,9.391086,,,,,,
1780416353.334,538858.0,10569.054,9.453379,,,,,,
1780416353.335,538883.0,10686.338,9.515673,,,,,,
1780416353.400,538908.0,10803.982,9.578471,,,,,,
1780416353.400,538933.0,10922.077,9.64127,,,,,,
1780416353.401,538958.0,11040.307,9.703835,,,,,,
1780416353.463,538983.0,11158.402,9.766634,,,,,,
1780416353.464,539008.0,11264.271,9.822659,,,,,,
1780416353.464,539033.0,11368.464,9.878213,,,,,,
1780416353.521,539058.0,11472.737,9.933298,,,,,,
1780416353.522,539083.0,11576.242,9.988112,,,,,,
1780416353.584,539108.0,11673.412,10.03972,,,,,,
1780416353.585,539133.0,11767.951,10.089615,,,,,,
1780416353.586,539158.0,11843.433,10.129164,,,,,,
1780416353.651,539183.0,11910.865,10.165055,,,,,,
1780416353.652,539208.0,11951.483,10.186668,,,,,,
1780416353.718,539233.0,11976.591,10.199938,,,,,,
1780416353.718,539258.0,11986.055,10.204861,,,,,,
1780416353.719,539283.0,11973.671,10.198209,,,,,,
1780416353.768,539308.0,11945.025,10.183423,,,,,,
1780416353.768,539333.0,11893.932,10.156315,,,,,,
1780416353.836,539358.0,11828.676,10.121932,,,,,,
1780416353.837,539383.0,11755.151,10.082926,,,,,,
1780416353.837,539408.0,11664.381,10.035062,,,,,,
1780416353.901,539433.0,11567.258,9.983373,,,,,,
1780416353.902,539458.0,11457.357,9.924827,,,,,,
1780416353.961,539483.0,11336.34,9.859749,,,,,,
1780416353.961,539508.0,11203.633,9.788219,,,,,,
1780416353.962,539533.0,11065.818,9.713437,,,,,,
1780416354.020,539558.0,10926.043,9.63797,,,,,,
1780416354.020,539583.0,10782.808,9.560225,,,,,,
1780416354.087,539608.0,10636.812,9.481115,,,,,,
1780416354.087,539633.0,10488.55,9.400646,,,,,,
1780416354.088,539658.0,10339.98,9.31995,,,,,,
1780416354.148,539683.0,10184.462,9.234965,,,,,,
1780416354.149,539708.0,10029.666,9.150711,,,,,,
1780416354.212,539733.0,9876.965,9.067375,,,,,,
1780416354.212,539758.0,9724.637,8.983923,,,,,,
1780416354.213,539783.0,9576.483,8.902808,,,,,,
1780416354.277,539808.0,9431.445,8.822326,,,,,,
1780416354.277,539833.0,9291.747,8.744586,,,,,,
1780416354.333,539858.0,9158.572,8.670797,,,,,,
1780416354.333,539883.0,9031.081,8.599752,,,,,,
1780416354.397,539908.0,8913.421,8.5341,,,,,,
1780416354.397,539933.0,8802.791,8.471894,,,,,,
1780416354.397,539958.0,8703.358,8.415768,,,,,,
1780416354.455,539983.0,8615.582,8.366136,,,,,,
1780416354.455,540008.0,8533.654,8.319395,,,,,,
1780416354.519,540033.0,8466.372,8.28073,,,,,,
1780416354.520,540058.0,8404.264,8.244911,,,,,,
1780416354.521,540083.0,8353.183,8.215416,,,,,,
1780416354.596,540108.0,8312.957,8.192201,,,,,,
1780416354.596,540133.0,8284.1,8.175438,,,,,,
1780416354.597,540158.0,8260.949,8.162093,,,,,,
1780416354.661,540183.0,8241.017,8.150331,,,,,,
1780416354.662,540208.0,8226.038,8.141518,,,,,,
1780416354.662,540233.0,8216.292,8.135642,,,,,,
1780416354.723,540258.0,8212.746,8.133607,,,,,,
1780416354.724,540283.0,8211.955,8.132928,,,,,,
1780416354.784,540308.0,8221.352,8.138577,,,,,,
1780416354.785,540333.0,8234.36,8.146046,,,,,,
1780416354.785,540358.0,8252.398,8.156459,,,,,,
1780416354.855,540383.0,8292.579,8.179961,,,,,,
1780416354.856,540408.0,8338.758,8.206695,,,,,,
1780416354.919,540433.0,8400.414,8.242515,,,,,,
1780416354.920,540458.0,8473.906,8.284487,,,,,,
1780416354.920,540483.0,8555.209,8.330764,,,,,,
1780416354.980,540508.0,8656.868,8.388346,,,,,,
1780416354.980,540533.0,8764.478,8.448133,,,,,,
1780416355.045,540558.0,8881.456,8.513765,,,,,,
1780416355.045,540583.0,9006.705,8.583822,,,,,,
1780416355.046,540608.0,9137.816,8.65662,,,,,,
1780416355.100,540633.0,9276.338,8.733364,,,,,,
1780416355.100,540658.0,9418.989,8.812125,,,,,,
1780416355.170,540683.0,9567.882,8.894108,,,,,,
1780416355.171,540708.0,9719.452,8.977621,,,,,,
1780416355.171,540733.0,9875.464,9.063395,,,,,,
1780416355.231,540758.0,10033.112,9.149924,,,,,,
1780416355.231,540783.0,10192.907,9.237292,,,,,,
1780416355.296,540808.0,10352.98,9.324776,,,,,,
1780416355.296,540833.0,10511.844,9.411586,,,,,,
1780416355.297,540858.0,10668.372,9.496822,,,,,,
1780416355.357,540883.0,10820.91,9.579833,,,,,,
1780416355.358,540908.0,10971.594,9.661714,,,,,,
1780416355.415,540933.0,11118.9,9.741554,,,,,,
1780416355.415,540958.0,11262.678,9.81935,,,,,,
1780416355.416,540983.0,11403.322,9.895551,,,,,,
1780416355.479,541008.0,11523.773,9.960036,,,,,,
1780416355.480,541033.0,11639.567,10.021964,,,,,,
1780416355.539,541058.0,11741.308,10.075672,,,,,,
1780416355.540,541083.0,11831.54,10.123226,,,,,,
1780416355.540,541108.0,11911.446,10.164738,,,,,,
1780416355.599,541133.0,11966.1,10.192902,,,,,,
1780416355.600,541158.0,12012.159,10.21738,,,,,,
1780416355.671,541183.0,12042.116,10.232731,,,,,,
1780416355.672,541208.0,12060.409,10.241908,,,,,,
1780416355.672,541233.0,12065.041,10.24414,,,,,,
1780416355.736,541258.0,12056.434,10.239923,,,,,,
1780416355.737,541283.0,12034.46,10.228534,,,,,,
1780416355.737,541308.0,11999.098,10.210223,,,,,,
1780416355.786,541333.0,11949.066,10.183825,,,,,,
1780416355.786,541358.0,11883.848,10.149607,,,,,,
1780416355.847,541383.0,11811.769,10.11199,,,,,,
1780416355.848,541408.0,11734.662,10.071423,,,,,,
1780416355.923,541433.0,11634.459,10.018204,,,,,,
1780416355.924,541458.0,11529.775,9.96263,,,,,,
1780416355.924,541483.0,11409.765,9.898418,,,,,,
1780416355.997,541508.0,11280.888,9.828866,,,,,,
1780416355.998,541533.0,11150.539,9.758853,,,,,,
1780416355.998,541558.0,11018.237,9.687691,,,,,,
1780416356.069,541583.0,10881.034,9.613546,,,,,,
1780416356.070,541608.0,10743.62,9.539173,,,,,,
1780416356.070,541633.0,10598.768,9.46067,,,,,,
1780416356.130,541658.0,10450.086,9.379668,,,,,,
1780416356.131,541683.0,10299.835,9.298015,,,,,,
1780416356.206,541708.0,10149.504,9.21636,,,,,,
1780416356.206,541733.0,9997.957,9.134187,,,,,,
1780416356.207,541758.0,9850.428,9.053604,,,,,,
1780416356.271,541783.0,9704.233,8.973601,,,,,,
1780416356.271,541808.0,9564.744,8.897107,,,,,,
1780416356.271,541833.0,9428.978,8.822584,,,,,,
1780416356.330,541858.0,9300.848,8.751819,,,,,,
1780416356.331,541883.0,9178.399,8.683778,,,,,,
1780416356.408,541908.0,9065.081,8.62067,,,,,,
1780416356.408,541933.0,8959.004,8.561486,,,,,,
1780416356.409,541958.0,8865.077,8.508635,,,,,,
1780416356.481,541983.0,8782.028,8.461342,,,,,,
1780416356.482,542008.0,8703.615,8.416694,,,,,,
1780416356.482,542033.0,8627.325,8.373485,,,,,,
1780416356.546,542058.0,8572.381,8.342142,,,,,,
1780416356.547,542083.0,8521.447,8.312928,,,,,,
1780416356.548,542108.0,8485.961,8.292353,,,,,,
1780416356.604,542133.0,8459.164,8.276866,,,,,,
1780416356.605,542158.0,8433.39,8.261839,,,,,,
1780416356.665,542183.0,8410.369,8.248412,,,,,,
1780416356.665,542208.0,8396.095,8.239998,,,,,,
1780416356.666,542233.0,8382.855,8.232265,,,,,,
1780416356.723,542258.0,8379.112,8.229767,,,,,,
1780416356.723,542283.0,8384.341,8.233175,,,,,,
1780416356.794,542308.0,8392.43,8.237945,,,,,,
1780416356.795,542333.0,8403.117,8.244539,,,,,,
1780416356.795,542358.0,8418.765,8.253625,,,,,,
1780416356.849,542383.0,8443.456,8.267976,,,,,,
1780416356.850,542408.0,8494.067,8.297425,,,,,,
1780416356.925,542433.0,8548.267,8.328993,,,,,,
1780416356.926,542458.0,8614.573,8.366728,,,,,,
1780416356.926,542483.0,8691.122,8.410177,,,,,,
1780416356.997,542508.0,8784.328,8.462543,,,,,,
1780416356.998,542533.0,8887.879,8.520019,,,,,,
1780416356.998,542558.0,8997.353,8.580917,,,,,,
1780416357.056,542583.0,9116.979,8.647474,,,,,,
1780416357.056,542608.0,9242.106,8.716752,,,,,,
1780416357.111,542633.0,9374.293,8.789755,,,,,,
1780416357.112,542658.0,9511.812,8.8655,,,,,,
1780416357.113,542683.0,9653.638,8.943021,,,,,,
1780416357.183,542708.0,9799.835,9.023024,,,,,,
1780416357.184,542733.0,9949.112,9.104534,,,,,,
1780416357.239,542758.0,10101.656,9.187807,,,,,,
1780416357.240,542783.0,10255.675,9.271836,,,,,,
1780416357.241,542808.0,10411.486,9.356426,,,,,,
1780416357.300,542833.0,10564.558,9.439742,,,,,,
1780416357.301,542858.0,10718.067,9.52286,,,,,,
1780416357.948,543473.0,10791.256,9.563937,,,,,calibrate,
1780416357.949,543498.0,10859.015,9.601847,,,,,,
1780416358.004,543523.0,10925.605,9.63906,,,,,,
1780416358.004,543548.0,10989.366,9.674688,,,,,,
1780416358.005,543573.0,11052.376,9.70986,,,,,,
1780416358.065,543598.0,11106.705,9.740442,,,,,,
1780416358.065,543623.0,11136.47,9.756601,,,,,,
1780416358.131,543648.0,11162.878,9.770642,,,,,,
1780416358.131,543673.0,11177.034,9.778291,,,,,,
1780416358.131,543698.0,11180.303,9.780451,,,,,,
1780416358.205,543723.0,11167.155,9.773693,,,,,,
1780416358.205,543748.0,11143.986,9.761828,,,,,,
1780416358.206,543773.0,11114.923,9.746537,,,,,,
1780416358.280,543798.0,11075.751,9.72559,,,,,,
1780416358.280,543823.0,11030.782,9.70168,,,,,,
1780416358.280,543848.0,10979.383,9.674287,,,,,,
1780416358.344,543873.0,10921.832,9.64415,,,,,,
1780416358.344,543898.0,10860.188,9.612013,,,,,,
1780416358.392,543923.0,10793.719,9.577139,,,,,,
1780416358.392,543948.0,10723.941,9.540757,,,,,,
1780416358.457,543973.0,10650.957,9.502613,,,,,,
1780416358.457,543998.0,10576.567,9.463712,,,,,,
1780416358.458,544023.0,10499.816,9.423801,,,,,,
1780416358.523,544048.0,10421.824,9.383132,,,,,,
1780416358.524,544073.0,10342.968,9.34197,,,,,,
1780416358.581,544098.0,10341.948,9.341491,,,,,,
1780416358.582,544123.0,10341.043,9.34101,,,,,,
1780416358.582,544148.0,10340.064,9.340771,,,,,,
1780416358.649,544173.0,10339.25,9.34005,,,,,,
1780416358.649,544198.0,10337.904,9.33957,,,,,,
1780416358.709,544223.0,10337.171,9.339088,,,,,,
1780416358.710,544248.0,10336.502,9.338368,,,,,,
1780416358.710,544273.0,10335.621,9.337888,,,,,,
1780416358.768,544298.0,10334.739,9.337408,,,,,,
1780416358.769,544323.0,10334.356,9.336687,,,,,,
1780416358.830,544348.0,10333.94,9.335967,,,,,,
1780416358.830,544373.0,10333.134,9.335486,,,,,,
1780416358.831,544398.0,10332.286,9.335006,,,,,,
1780416358.903,544423.0,10330.99,9.334286,,,,,,
1780416358.904,544448.0,10330.182,9.333805,,,,,,
1780416358.904,544473.0,10328.999,9.333085,,,,,,
1780416358.957,544498.0,10328.584,9.332604,,,,,,
1780416358.957,544523.0,10327.613,9.332124,,,,,,
1780416359.030,544548.0,10327.525,9.332124,,,,,,
1780416359.030,544573.0,10327.435,9.331883,,,,,,
1780416359.031,544598.0,10327.207,9.331643,,,,,,
1780416359.087,544623.0,10327.142,9.331642,,,,,,
1780416359.087,544648.0,10327.125,9.331642,,,,,,
1780416359.146,544673.0,10326.775,9.331642,,,,,,
1780416359.147,544698.0,10326.563,9.331642,,,,,,
1780416359.214,544723.0,10326.36,9.331643,,,,,,
1780416359.214,544748.0,10326.481,9.331403,,,,,,
1780416359.215,544773.0,10326.734,9.331162,,,,,,
1780416359.271,544798.0,10326.62,9.331403,,,,,,
1780416359.271,544823.0,10326.815,9.331402,,,,,,
1780416359.330,544848.0,10326.913,9.331162,,,,,,
1780416359.330,544873.0,10326.621,9.331403,,,,,,
1780416359.331,544898.0,10326.499,9.331162,,,,,,
1780416359.404,544923.0,10326.182,9.331161,,,,,,
1780416359.404,544948.0,10326.133,9.331402,,,,,,
1780416359.405,544973.0,10326.1,9.331403,,,,,,
1780416359.458,544998.0,10326.1,9.331162,,,,,,
1780416359.458,545023.0,10326.051,9.331162,,,,,,
1780416359.535,545048.0,10326.107,9.331162,,,,,,
1780416359.536,545073.0,10325.986,9.331403,,,,,,
1780416359.536,545098.0,10326.173,9.331642,,,,,,
1780416359.593,545123.0,10326.1,9.331402,,,,,,
1780416359.594,545148.0,10326.278,9.331402,,,,,,
1780416359.648,545173.0,10326.141,9.331402,,,,,,
1780416359.649,545198.0,10326.075,9.331402,,,,,,
1780416359.715,545223.0,10326.458,9.331403,,,,,,
1780416359.715,545248.0,10326.522,9.331162,,,,,,
1780416359.716,545273.0,10326.392,9.331162,,,,,,
1780416359.776,545298.0,10326.718,9.331162,,,,,,
1780416359.776,545323.0,10326.84,9.331402,,,,,,
1780416359.777,545348.0,10326.889,9.331402,,,,,,
1780416359.832,545373.0,10326.718,9.331642,,,,,,
1780416359.833,545398.0,10326.678,9.331642,,,,,,
1780416359.898,545423.0,10326.93,9.331642,,,,,,
1780416359.899,545448.0,10326.652,9.331403,,,,,,
1780416359.960,545473.0,10326.896,9.331403,,,,,,
1780416359.960,545498.0,10327.289,9.331403,,,,,,
1780416359.961,545523.0,10327.102,9.331643,,,,,,
1780416360.028,545548.0,10326.841,9.331642,,,,,,
1780416360.028,545573.0,10326.54,9.331642,,,,,,
1780416360.028,545598.0,10326.539,9.331642,,,,,,
1780416360.067,545623.0,10326.247,9.331882,,,,,,
1780416360.079,545648.0,10326.1,8.597022,,,,,,
1780416360.101,545673.0,10326.303,8.59691,,,,,,
1780416360.134,545698.0,10326.246,8.596941,,,,,,
1780416360.156,545723.0,10326.14,8.596999,,,,,,
1780416360.180,545748.0,10326.043,8.597293,,,,,,
1780416360.203,545773.0,10326.093,8.597026,,,,,,
1780416360.237,545798.0,10326.011,8.597071,,,,,,
1780416360.260,545823.0,10325.75,8.597456,,,,,,
1780416360.279,545848.0,10325.262,8.597966,,,,,,
1780416360.303,545873.0,10325.303,8.598184,,,,,,
1780416360.336,545898.0,10325.173,8.598016,,,,,,
1780416360.359,545923.0,10325.417,8.59788,,,,,,
1780416360.382,545948.0,10325.481,8.597605,,,,,,
1780416360.405,545973.0,10325.466,8.597854,,,,,,
1780416360.429,545998.0,10325.579,8.59755,,,,,,
1780416360.452,546023.0,10325.286,8.597953,,,,,,
1780416360.479,546048.0,10325.369,8.597907,,,,,rotate on,OK rotated on
1780416360.535,546073.0,10325.173,8.598256,,,,,,
1780416360.536,546098.0,10324.863,8.598427,,,,,,
1780416360.584,546123.0,10324.555,8.598359,,,,,,
1780416360.584,546148.0,10324.668,8.598295,,,,,,
1780416360.643,546173.0,10324.733,8.598259,,,,,,
1780416360.643,546198.0,10324.758,8.598247,,,,,,
1780416360.715,546223.0,10324.823,8.598451,,,,,,
1780416360.715,546248.0,10325.263,8.598207,,,,,,
1780416360.716,546273.0,10325.48,8.598085,,,,,,
1780416360.769,546298.0,10325.31,8.59818,,,,,,
1780416360.770,546323.0,10325.294,8.597949,,,,,,
1780416360.829,546348.0,10325.131,8.59804,,,,,,
1780416360.830,546373.0,10325.173,8.597775,,,,,,
1780416360.830,546398.0,10324.993,8.598116,,,,,,
1780416360.895,546423.0,10325.066,8.598076,,,,,,
1780416360.896,546448.0,10325.416,8.597881,,,,,,
1780416360.956,546473.0,10325.863,8.597633,,,,,,
1780416360.957,546498.0,10325.75,8.597696,,,,,,
1780416360.957,546523.0,10325.75,8.597937,,,,,,
1780416361.029,546548.0,10325.555,8.597804,,,,,,
1780416361.030,546573.0,10325.449,8.598103,,,,,,
1780416361.030,546598.0,10325.693,8.597728,,,,,,
1780416361.083,546623.0,10325.692,8.597968,,,,,,
1780416361.083,546648.0,10325.848,8.597882,,,,,,
1780416361.146,546673.0,10325.717,8.597714,,,,,,
1780416361.146,546698.0,10326.05,8.597529,,,,,,
1780416361.216,546723.0,10326.18,8.597698,,,,,,
1780416361.217,546748.0,10326.392,8.597821,,,,,,
1780416361.218,546773.0,10326.376,8.59783,,,,,,
1780416361.276,546798.0,10326.621,8.597454,,,,,,
1780416361.286,546823.0,10327.067,8.596967,,,,,,
1780416361.287,546848.0,10326.759,8.597137,,,,,,
1780416361.332,546873.0,10326.393,8.59734,,,,,,
1780416361.333,546898.0,10326.254,8.597418,,,,,,
1780416361.394,546923.0,10326.222,8.597676,,,,,,
1780416361.395,546948.0,10326.377,8.59783,,,,,,
1780416361.456,546973.0,10326.296,8.597875,,,,,,
1780416361.457,546998.0,10326.328,8.597857,,,,,,
1780416361.457,547023.0,10326.557,8.59773,,,,,,
1780416361.526,547048.0,10326.564,8.597726,,,,,,
1780416361.527,547073.0,10326.199,8.597688,,,,,,
1780416361.527,547098.0,10326.133,8.597485,,,,,,
1780416361.586,547123.0,10325.93,8.597597,,,,,,
1780416361.587,547148.0,10326.092,8.597507,,,,,,
1780416361.646,547173.0,10326.164,8.597467,,,,,,
1780416361.646,547198.0,10326.173,8.597221,,,,,,
1780416361.712,547223.0,10325.994,8.597562,,,,,,
1780416361.713,547248.0,10325.848,8.597402,,,,,,
1780416361.713,547273.0,10325.879,8.597145,,,,,,
1780416361.769,547298.0,10325.871,8.597149,,,,,,
1780416361.769,547323.0,10325.896,8.596895,,,,,,
1780416361.832,547348.0,10325.619,8.597049,,,,,,
1780416361.832,547373.0,10325.481,8.596885,,,,,,
1780416361.833,547398.0,10325.416,8.596681,,,,,,
1780416361.902,547423.0,10325.408,8.596684,,,,,,
1780416361.902,547448.0,10325.164,8.59682,,,,,,
1780416361.903,547473.0,10325.188,8.596567,,,,,,
1780416361.969,547498.0,10325.376,8.596223,,,,,,
1780416361.969,547523.0,10325.521,8.596142,,,,,,
1780416362.029,547548.0,10325.277,8.596276,,,,,,
1780416362.030,547573.0,10325.343,8.596001,,,,,,
1780416362.030,547598.0,10325.359,8.595751,,,,,,
1780416362.087,547623.0,10325.059,8.596157,,,,,,
1780416362.087,547648.0,10325.222,8.595826,,,,,,
1780416362.145,547673.0,10325.051,8.595921,,,,,,
1780416362.146,547698.0,10325.278,8.596035,,,,,,
1780416362.213,547723.0,10324.978,8.596202,,,,,,
1780416362.213,547748.0,10325.196,8.59584,,,,,,
1780416362.213,547773.0,10325.327,8.595527,,,,,,
1780416362.271,547798.0,10325.375,8.5955,,,,,,
1780416362.271,547823.0,10325.392,8.595491,,,,,,
1780416362.329,547848.0,10325.416,8.595238,,,,,,
1780416362.329,547873.0,10325.506,8.595188,,,,,,
1780416362.330,547898.0,10325.334,8.595284,,,,,,
1780416362.401,547923.0,10325.131,8.595396,,,,,,
1780416362.401,547948.0,10324.879,8.595776,,,,,,
1780416362.402,547973.0,10325.213,8.59559,,,,,,
1780416362.459,547998.0,10325.229,8.595821,,,,,,
1780416362.460,548023.0,10325.059,8.595916,,,,,,
1780416362.518,548048.0,10325.042,8.596167,,,,,,
1780416362.519,548073.0,10324.839,8.596519,,,,,,
1780416362.583,548098.0,10324.782,8.59655,,,,,,
1780416362.583,548123.0,10324.66,8.596618,,,,,,
1780416362.583,548148.0,10324.807,8.596537,,,,,,
1780416362.651,548173.0,10324.928,8.59623,,,,,,
1780416362.655,548198.0,10324.61,8.596644,,,,,,
1780416362.656,548223.0,10324.765,8.5968,,,,,,
1780416362.716,548248.0,10324.879,8.596496,,,,,,
1780416362.717,548273.0,10324.79,8.596786,,,,,,
1780416362.769,548298.0,10324.676,8.596848,,,,,,
1780416362.769,548323.0,10324.286,8.597065,,,,,,
1780416362.830,548348.0,10324.481,8.596956,,,,,,
1780416362.831,548373.0,10324.196,8.597355,,,,,,
1780416362.831,548398.0,10323.717,8.59762,,,,,,
1780416362.915,548423.0,10323.668,8.597648,,,,,,
1780416362.916,548448.0,10323.782,8.597584,,,,,,
1780416362.916,548473.0,10324.059,8.597431,,,,,,
1780416362.967,548498.0,10325.159,8.597543,,,,,,
1780416362.968,548523.0,10328.066,8.597375,,,,,,
1780416363.026,548548.0,10336.606,8.597462,,,,,,
1780416363.026,548573.0,10355.131,8.596869,,,,,,
1780416363.026,548598.0,10381.424,8.596365,,,,,,
1780416363.084,548623.0,10417.518,8.595587,,,,,,
1780416363.084,548648.0,10463.09,8.594493,,,,,,
1780416363.145,548673.0,10518.741,8.593043,,,,,,
1780416363.145,548698.0,10582.771,8.591206,,,,,,
1780416363.217,548723.0,10654.12,8.589073,,,,,,
1780416363.218,548748.0,10725.604,8.587116,,,,,,
1780416363.218,548773.0,10800.644,8.584956,,,,,,
1780416363.277,548798.0,10877.255,8.582683,,,,,,
1780416363.278,548823.0,10954.45,8.580351,,,,,,
1780416363.278,548848.0,11032.834,8.577867,,,,,,
1780416363.335,548873.0,11111.173,8.575395,,,,,,
1780416363.336,548898.0,11189.401,8.572743,,,,,,
1780416363.400,548923.0,11268.741,8.569983,,,,,,
1780416363.400,548948.0,11348.008,8.567262,,,,,,
1780416363.400,548973.0,11426.956,8.564706,,,,,,
1780416363.457,548998.0,11506.125,8.562039,,,,,,
1780416363.458,549023.0,11585.353,8.559583,,,,,,
1780416363.517,549048.0,11664.284,8.557541,,,,,,
1780416363.518,549073.0,11742.188,8.555309,,,,,,
1780416363.587,549098.0,11818.702,8.553344,,,,,,
1780416363.587,549123.0,11888.813,8.551427,,,,,,
1780416363.587,549148.0,11955.537,8.549658,,,,,,
1780416363.653,549173.0,12010.691,8.547908,,,,,,
1780416363.653,549198.0,12052.336,8.546797,,,,,,
1780416363.654,549223.0,12079.0,8.546098,,,,,,
1780416363.711,549248.0,12089.77,8.545818,,,,,,
1780416363.713,549273.0,12084.588,8.545967,,,,,,
1780416363.774,549298.0,12060.082,8.546429,,,,,,
1780416363.775,549323.0,12017.92,8.547772,,,,,,
1780416363.775,549348.0,11957.891,8.549905,,,,,,
1780416363.837,549373.0,11886.494,8.552052,,,,,,
1780416363.837,549398.0,11808.697,8.554779,,,,,,
1780416363.892,549423.0,11717.375,8.556846,,,,,,
1780416363.893,549448.0,11616.6,8.559146,,,,,,
1780416363.955,549473.0,11499.55,8.561279,,,,,,
1780416363.956,549498.0,11384.202,8.563654,,,,,,
1780416363.956,549523.0,11258.214,8.565883,,,,,,
1780416364.029,549548.0,11123.148,8.56802,,,,,,
1780416364.029,549573.0,10982.778,8.570115,,,,,,
1780416364.030,549598.0,10839.655,8.572388,,,,,,
1780416364.105,549623.0,10692.384,8.574199,,,,,,
1780416364.106,549648.0,10544.081,8.5759,,,,,,
1780416364.106,549673.0,10392.133,8.577551,,,,,,
1780416364.159,549698.0,10239.213,8.579143,,,,,,
1780416364.160,549723.0,10085.993,8.580503,,,,,,
1780416364.223,549748.0,9936.376,8.581513,,,,,,
1780416364.223,549773.0,9787.936,8.582429,,,,,,
1780416364.297,549798.0,9644.627,8.583065,,,,,,
1780416364.298,549823.0,9503.844,8.583606,,,,,,
1780416364.299,549848.0,9369.941,8.583829,,,,,,
1780416364.353,549873.0,9242.153,8.583897,,,,,,
1780416364.353,549898.0,9121.278,8.583848,,,,,,
1780416364.354,549923.0,9009.582,8.583412,,,,,,
1780416364.409,549948.0,8907.215,8.582682,,,,,,
1780416364.409,549973.0,8815.216,8.581573,,,,,,
1780416364.483,549998.0,8734.412,8.58029,,,,,,
1780416364.484,550023.0,8656.075,8.578841,,,,,,
1780416364.484,550048.0,8590.021,8.577985,,,,,,
1780416364.541,550073.0,8532.907,8.576898,,,,,,
1780416364.542,550098.0,8490.718,8.575996,,,,,,
1780416364.606,550123.0,8447.143,8.575154,,,,,,
1780416364.606,550148.0,8414.27,8.574426,,,,,,
1780416364.606,550173.0,8391.122,8.573822,,,,,,
1780416364.671,550198.0,8375.843,8.573195,,,,,,
1780416364.672,550223.0,8364.324,8.572761,,,,,,
1780416364.727,550248.0,8360.479,8.572847,,,,,,
1780416364.727,550273.0,8361.894,8.572973,,,,,,
1780416364.728,550298.0,8369.025,8.573113,,,,,,
1780416364.784,550323.0,8381.608,8.573648,,,,,,
1780416364.785,550348.0,8396.195,8.574433,,,,,,
1780416364.855,550373.0,8419.376,8.575028,,,,,,
1780416364.856,550398.0,8449.688,8.576043,,,,,,
1780416364.856,550423.0,8500.729,8.577454,,,,,,
1780416364.910,550448.0,8568.803,8.578392,,,,,,
1780416364.911,550473.0,8643.513,8.57947,,,,,,
1780416364.973,550498.0,8735.235,8.580266,,,,,,
1780416364.973,550523.0,8837.434,8.580847,,,,,,
1780416365.036,550548.0,8946.066,8.581753,,,,,,
1780416365.037,550573.0,9064.266,8.58205,,,,,,
1780416365.037,550598.0,9189.985,8.582113,,,,,,
1780416365.109,550623.0,9321.287,8.582062,,,,,,
1780416365.110,550648.0,9459.36,8.581998,,,,,,
1780416365.110,550673.0,9601.688,8.581577,,,,,,
1780416365.157,550698.0,9748.778,8.58055,,,,,,
1780416365.158,550723.0,9899.432,8.579785,,,,,,
1780416365.228,550748.0,10052.972,8.578708,,,,,,
1780416365.228,550773.0,10208.254,8.577675,,,,,,
1780416365.229,550798.0,10364.477,8.576484,,,,,,
1780416365.295,550823.0,10519.193,8.574775,,,,,,
1780416365.295,550848.0,10673.812,8.573202,,,,,,
1780416365.346,550873.0,10825.888,8.571279,,,,,,
1780416365.346,550898.0,10973.909,8.569331,,,,,,
1780416365.412,550923.0,11119.525,8.567348,,,,,,
1780416365.412,550948.0,11261.86,8.565128,,,,,,
1780416365.413,550973.0,11403.705,8.562723,,,,,,
1780416365.485,550998.0,11539.01,8.560498,,,,,,
1780416365.485,551023.0,11667.657,8.558042,,,,,,
1780416365.485,551048.0,11776.284,8.555248,,,,,,
1780416365.541,551073.0,11868.438,8.552562,,,,,,
1780416365.541,551098.0,11950.545,8.550106,,,,,,
1780416365.595,551123.0,12014.66,8.548222,,,,,,
1780416365.596,551148.0,12060.865,8.54664,,,,,,
1780416365.668,551173.0,12099.004,8.545109,,,,,,
1780416365.669,551198.0,12120.631,8.544552,,,,,,
1780416365.670,551223.0,12132.008,8.543966,,,,,,
1780416365.723,551248.0,12128.459,8.543946,,,,,,
1780416365.724,551273.0,12112.268,8.54422,,,,,,
1780416365.795,551298.0,12080.764,8.544824,,,,,,
1780416365.796,551323.0,12036.184,8.546502,,,,,,
1780416365.797,551348.0,11977.115,8.548121,,,,,,
1780416365.855,551373.0,11905.27,8.550003,,,,,,
1780416365.856,551398.0,11826.684,8.55197,,,,,,
1780416365.856,551423.0,11728.575,8.55421,,,,,,
1780416365.925,551448.0,11626.666,8.556902,,,,,,
1780416365.926,551473.0,11519.412,8.559442,,,,,,
1780416365.926,551498.0,11401.168,8.561708,,,,,,
1780416365.998,551523.0,11267.384,8.563782,,,,,,
1780416365.999,551548.0,11131.957,8.565843,,,,,,
1780416366.062,551573.0,10994.307,8.567759,,,,,,
1780416366.062,551598.0,10855.645,8.570004,,,,,,
1780416366.063,551623.0,10715.73,8.572256,,,,,,
1780416366.113,551648.0,10575.594,8.574402,,,,,,
1780416366.114,551673.0,10434.455,8.576416,,,,,,
1780416366.178,551698.0,10293.457,8.57863,,,,,,
1780416366.178,551723.0,10129.718,8.579805,,,,,,
1780416366.178,551748.0,9967.098,8.580614,,,,,,
1780416366.246,551773.0,9811.775,8.581409,,,,,,
1780416366.247,551798.0,9657.771,8.582006,,,,,,
1780416366.301,551823.0,9510.613,8.582067,,,,,,
1780416366.302,551848.0,9366.063,8.582683,,,,,,
1780416366.303,551873.0,9230.985,8.582777,,,,,,
1780416366.377,551898.0,9101.807,8.58235,,,,,,
1780416366.377,551923.0,8983.578,8.582232,,,,,,
1780416366.378,551948.0,8873.81,8.581117,,,,,,
1780416366.442,551973.0,8775.054,8.579976,,,,,,
1780416366.442,551998.0,8685.861,8.578841,,,,,,
1780416366.504,552023.0,8601.402,8.577723,,,,,,
1780416366.504,552048.0,8534.322,8.576479,,,,,,
1780416366.505,552073.0,8470.345,8.575171,,,,,,
1780416366.575,552098.0,8410.7,8.573815,,,,,,
1780416366.576,552123.0,8361.104,8.572748,,,,,,
1780416366.576,552148.0,8329.521,8.572073,,,,,,
1780416366.631,552173.0,8299.961,8.571422,,,,,,
1780416366.631,552198.0,8275.501,8.571119,,,,,,
1780416366.695,552223.0,8254.577,8.570661,,,,,,
1780416366.696,552248.0,8237.303,8.569997,,,,,,
1780416366.760,552273.0,8222.718,8.569427,,,,,,
1780416366.760,552298.0,8210.098,8.569136,,,,,,
1780416366.761,552323.0,8201.601,8.569057,,,,,,
1780416366.816,552348.0,8225.746,8.569463,,,,,,
1780416366.817,552373.0,8261.879,8.570575,,,,,,
1780416366.881,552398.0,8302.789,8.571814,,,,,,
1780416366.882,552423.0,8352.834,8.573332,,,,,,
1780416366.882,552448.0,8414.284,8.574627,,,,,,
1780416366.945,552473.0,8484.257,8.576162,,,,,,
1780416366.946,552498.0,8579.046,8.577345,,,,,,
1780416367.010,552523.0,8688.368,8.578218,,,,,,
1780416367.011,552548.0,8802.546,8.578621,,,,,,
1780416367.011,552573.0,8927.247,8.579307,,,,,,
1780416367.073,552598.0,9056.964,8.579929,,,,,,
1780416367.074,552623.0,9195.133,8.580085,,,,,,
1780416367.129,552648.0,9337.653,8.57982,,,,,,
1780416367.130,552673.0,9485.809,8.579455,,,,,,
1780416367.130,552698.0,9638.259,8.578967,,,,,,
1780416367.193,552723.0,9793.341,8.578276,,,,,,
1780416367.194,552748.0,9952.919,8.577358,,,,,,
1780416367.261,552773.0,10110.875,8.57653,,,,,,
1780416367.262,552798.0,10271.271,8.575387,,,,,,
1780416367.262,552823.0,10430.834,8.573921,,,,,,
1780416367.329,552848.0,10587.883,8.572272,,,,,,
1780416367.330,552873.0,10742.626,8.571028,,,,,,
1780416367.330,552898.0,10894.8,8.56985,,,,,,
1780416367.385,552923.0,11046.066,8.568496,,,,,,
1780416367.386,552948.0,11193.994,8.56647,,,,,,
1780416367.453,552973.0,11335.42,8.564885,,,,,,
1780416367.453,552998.0,11464.395,8.56285,,,,,,
1780416367.454,553023.0,11588.888,8.560526,,,,,,
1780416367.516,553048.0,11703.918,8.558327,,,,,,
1780416367.516,553073.0,11804.744,8.556133,,,,,,
1780416367.564,553098.0,11889.188,8.553522,,,,,,
1780416367.565,553123.0,11941.951,8.55206,,,,,,
1780416367.628,553148.0,11972.273,8.551022,,,,,,
1780416367.629,553173.0,11989.295,8.55094,,,,,,
1780416367.629,553198.0,11987.326,8.551045,,,,,,
1780416367.699,553223.0,11972.117,8.551354,,,,,,
1780416367.700,553248.0,11941.672,8.552228,,,,,,
1780416367.700,553273.0,11899.568,8.553682,,,,,,
1780416367.752,553298.0,11844.967,8.555189,,,,,,
1780416367.753,553323.0,11783.582,8.556753,,,,,,
1780416367.817,553348.0,11718.33,8.558722,,,,,,
1780416367.818,553373.0,11648.388,8.560786,,,,,,
1780416367.877,553398.0,11576.341,8.562778,,,,,,
1780416367.878,553423.0,11501.406,8.564869,,,,,,
1780416367.878,553448.0,11423.964,8.567098,,,,,,
1780416367.945,553473.0,11339.94,8.56914,,,,,,
1780416367.946,553498.0,11253.29,8.571668,,,,,,
1780416368.004,553523.0,11164.565,8.573915,,,,,,
1780416368.005,553548.0,11075.023,8.576138,,,,,,
1780416368.005,553573.0,10984.56,8.579123,,,,,,
1780416368.078,553598.0,10894.044,8.581648,,,,,,
1780416368.078,553623.0,10822.08,8.583714,,,,,,
1780416368.078,553648.0,10757.822,8.585868,,,,,,
1780416368.129,553673.0,10684.128,8.588412,,,,,,
1780416368.129,553698.0,10574.938,8.590781,,,,,,
1780416368.198,553723.0,10460.373,8.593443,,,,,,
1780416368.199,553748.0,10364.804,8.595337,,,,,,
1780416368.252,553773.0,10314.481,8.597045,,,,,,
1780416368.252,553798.0,10315.902,8.596753,,,,,,
1780416368.252,553823.0,10315.721,8.596362,,,,,,
1780416368.332,553848.0,10263.532,8.596938,,,,,,
1780416368.333,553873.0,10219.354,8.597211,,,,,,
1780416368.333,553898.0,10180.088,8.597469,,,,,,
1780416368.384,553923.0,10197.645,8.597207,,,,,,
1780416368.385,553948.0,10260.992,8.595559,,,,,,
1780416368.445,553973.0,10336.704,8.593595,,,,,,
1780416368.445,553998.0,10402.394,8.591872,,,,,,
1780416368.508,554023.0,10394.763,8.592027,,,,,,
1780416368.508,554048.0,10359.862,8.592391,,,,,,
1780416368.508,554073.0,10325.024,8.592961,,,,,,
1780416368.581,554098.0,10329.05,8.593363,,,,,,
1780416368.582,554123.0,10380.934,8.591835,,,,,,
1780416368.582,554148.0,10435.023,8.590268,,,,,,
1780416368.662,554173.0,10478.981,8.58888,,,,,,
1780416368.663,554198.0,10453.334,8.588478,,,,,,
1780416368.663,554223.0,10432.506,8.588917,,,,,,
1780416368.730,554248.0,10433.15,8.589525,,,,,,
1780416368.731,554273.0,10499.854,8.58779,,,,,,
1780416368.731,554298.0,10591.615,8.584137,,,,,,
1780416368.765,554323.0,10705.709,8.581834,,,,,,
1780416368.776,554348.0,10780.688,8.580776,,,,,,
1780416368.808,554373.0,10784.52,8.580763,,,,,,
1780416368.829,554398.0,10757.827,8.581027,,,,,,
1780416368.851,554423.0,10703.647,8.582359,,,,,,
1780416368.884,554448.0,10698.942,8.582511,,,,,,
1780416368.906,554473.0,10776.767,8.58056,,,,,,
1780416368.928,554498.0,10842.469,8.579154,,,,,,
1780416368.961,554523.0,10874.006,8.578348,,,,,,
1780416368.982,554548.0,10824.68,8.578815,,,,,,
1780416369.004,554573.0,10748.062,8.581105,,,,,,
1780416369.025,554598.0,10727.348,8.58202,,,,,,
1780416369.058,554623.0,10740.941,8.581811,,,,,,
1780416369.080,554648.0,10835.227,8.579427,,,,,,
1780416369.101,554673.0,10922.298,8.578047,,,,,,
1780416369.134,554698.0,10902.009,8.578141,,,,,,
1780416369.157,554723.0,10883.035,8.578887,,,,,,
1780416369.215,554748.0,10818.037,8.580791,,,,,crack_output on,OK crack_output on
1780416369.215,554773.0,10789.602,8.582335,,,,,,
1780416369.278,554798.0,10810.298,8.582487,,,,,,
1780416369.278,554823.0,10897.742,8.581495,,,,,,
1780416369.279,554848.0,10924.119,8.580843,,,,,,
1780416369.331,554873.0,10902.625,8.581012,,,,,,
1780416369.331,554898.0,10806.264,8.583338,,,,,,
1780416369.393,554923.0,10729.188,8.587093,,,,,,
1780416369.393,554948.0,10715.017,8.588134,,,,,,
1780416369.457,554973.0,10751.534,8.587976,,,,,,
1780416369.458,554998.0,10844.156,8.58661,,,,,,
1780416369.458,555023.0,10872.673,8.586779,,,,,,
1780416369.517,555048.0,10839.625,8.587648,,,,,,
1780416369.517,555073.0,10777.42,8.589482,,,,,,
1780416369.589,555098.0,10722.361,8.592614,,,,,,
1780416369.589,555123.0,10726.079,8.593523,,,,,,
1780416369.590,555148.0,10771.365,8.593392,,,,,,
1780416369.647,555173.0,10810.631,8.593147,,,,,,
1780416369.647,555198.0,10806.602,8.593948,,,,,,
1780416369.706,555223.0,10730.716,8.596536,,,,,,
1780416369.707,555248.0,10647.341,8.600012,,,,,,
1780416369.707,555273.0,10608.52,8.602392,,,,,,
1780416369.782,555298.0,10635.55,8.602244,,,,,,
1780416369.783,555323.0,10758.605,8.600584,,,,,,
1780416369.783,555348.0,10816.309,8.600025,,,,,,
1780416369.829,555373.0,10786.013,8.60114,,,,,,
1780416369.830,555398.0,10736.975,8.602539,,,,,,
1780416369.895,555423.0,10662.303,8.605289,,,,,,
1780416369.895,555448.0,10639.915,8.606587,,,,,,
1780416369.961,555473.0,10700.616,8.605416,,,,,,
1780416369.961,555498.0,10755.316,8.60419,,,,,,
1780416369.962,555523.0,10759.582,8.604681,,,,,,
1780416370.025,555548.0,10713.265,8.605186,,,,,,
1780416370.025,555573.0,10623.506,8.608345,,,,,,
1780416370.025,555598.0,10592.956,8.610106,,,,,,
1780416370.081,555623.0,10596.975,8.610386,,,,,,
1780416370.082,555648.0,10653.276,8.609412,,,,,,
1780416370.144,555673.0,10744.75,8.608331,,,,,,
1780416370.144,555698.0,10756.265,8.608316,,,,,,
1780416370.210,555723.0,10717.496,8.608735,,,,,,
1780416370.210,555748.0,10649.412,8.610852,,,,,,
1780416370.211,555773.0,10610.376,8.612349,,,,,,
1780416370.275,555798.0,10648.05,8.611619,,,,,,
1780416370.276,555823.0,10706.331,8.609692,,,,,,
1780416370.276,555848.0,10718.71,8.608552,,,,,,
1780416370.334,555873.0,10705.742,8.607851,,,,,,
1780416370.335,555898.0,10641.673,8.607383,,,,,,
1780416370.393,555923.0,10576.012,8.609258,,,,,,
1780416370.393,555948.0,10564.43,8.609406,,,,,,
1780416370.461,555973.0,10582.59,8.608274,,,,,,
1780416370.461,555998.0,10684.472,8.60582,,,,,,
1780416370.462,556023.0,10742.112,8.604037,,,,,,
1780416370.527,556048.0,10718.35,8.603137,,,,,,
1780416370.527,556073.0,10661.994,8.603161,,,,,,
1780416370.528,556098.0,10604.162,8.604417,,,,,,
1780416370.580,556123.0,10610.648,8.604038,,,,,,
1780416370.581,556148.0,10672.574,8.601622,,,,,,
1780416370.644,556173.0,10725.539,8.599628,,,,,,
1780416370.644,556198.0,10724.057,8.597854,,,,,,
1780416370.707,556223.0,10665.572,8.597244,,,,,,
1780416370.708,556248.0,10595.857,8.598579,,,,,,
1780416370.708,556273.0,10576.09,8.59834,,,,,,
1780416370.771,556298.0,10573.745,8.597652,,,,,,
1780416370.772,556323.0,10637.103,8.596205,,,,,,
1780416370.836,556348.0,10706.051,8.594101,,,,,,
1780416370.838,556373.0,10682.13,8.59307,,,,,,
1780416370.839,556398.0,10632.909,8.592518,,,,,,
1780416370.907,556423.0,10564.018,8.59376,,,,,,
1780416370.908,556448.0,10547.852,8.593849,,,,,,
1780416370.908,556473.0,10604.08,8.591702,,,,,,
1780416370.979,556498.0,10655.728,8.589702,,,,,,
1780416370.980,556523.0,10650.96,8.589973,,,,,,
1780416370.980,556548.0,10618.027,8.589513,,,,,,
1780416371.161,556573.0,10548.968,8.590943,0.022786,95.251495,555893.937,5.013013,,
1780416371.162,556694.0,10489.554,8.59185,,,,,,
1780416371.162,556719.0,10394.562,8.592806,,,,,,
1780416371.230,556744.0,10342.281,8.593261,,,,,,
1780416371.231,556769.0,10391.572,8.592676,,,,,,
1780416371.231,556794.0,10469.554,8.59103,,,,,,
1780416371.298,556819.0,10521.035,8.589563,,,,,,
1780416371.298,556844.0,10474.648,8.589895,,,,,,
1780416371.299,556869.0,10410.646,8.591558,,,,,,
1780416371.365,556894.0,10367.472,8.592854,,,,,,
1780416371.365,556919.0,10400.363,8.592518,,,,,,
1780416371.429,556944.0,10481.687,8.590885,,,,,,
1780416371.429,556969.0,10544.675,8.589019,,,,,,
1780416371.430,556994.0,10555.776,8.588817,,,,,,
1780416371.497,557019.0,10535.716,8.589089,,,,,,
1780416371.497,557044.0,10441.343,8.589719,,,,,,
1780416371.498,557069.0,10378.508,8.59054,,,,,,
1780416371.563,557094.0,10413.022,8.590686,,,,,,
1780416371.564,557119.0,10486.205,8.589682,,,,,,
1780416371.630,557144.0,10552.254,8.587779,,,,,,
1780416371.630,557169.0,10548.887,8.587442,,,,,,
1780416371.631,557194.0,10478.437,8.589618,,,,,,
1780416371.698,557219.0,10424.612,8.59164,,,,,,
1780416371.699,557244.0,10434.019,8.592127,,,,,,
1780416371.699,557269.0,10499.522,8.591235,,,,,,
1780416371.763,557294.0,10570.577,8.589198,,,,,,
1780416371.763,557319.0,10628.6,8.588316,,,,,,
1780416371.833,557344.0,10717.572,8.587469,,,,,,
1780416371.834,557369.0,10695.108,8.5878,,,,,,
1780416371.835,557394.0,10661.68,8.588004,,,,,,
1780416371.897,557419.0,10586.844,8.589555,,,,,,
1780416371.898,557444.0,10560.586,8.590577,,,,,,
1780416371.898,557469.0,10613.38,8.589678,,,,,,
1780416371.963,557494.0,10668.969,8.588462,,,,,,
1780416371.964,557519.0,10667.799,8.588399,,,,,,
1780416372.030,557544.0,10640.986,8.588436,,,,,,
1780416372.030,557569.0,10563.124,8.590038,,,,,,
1780416372.031,557594.0,10514.751,8.59151,,,,,,
1780416372.096,557619.0,10493.952,8.59216,,,,,,
1780416372.097,557644.0,10504.018,8.592233,,,,,,
1780416372.097,557669.0,10588.152,8.591849,,,,,,
1780416372.163,557694.0,10636.36,8.591336,,,,,,
1780416372.164,557719.0,10603.262,8.591102,,,,,,
1780416372.230,557744.0,10534.107,8.59221,,,,,,
1780416372.230,557769.0,10485.821,8.594057,,,,,,
1780416372.230,557794.0,10510.24,8.59383,,,,,,
1780416372.297,557819.0,10579.59,8.592263,,,,,,
1780416372.297,557844.0,10595.506,8.591079,,,,,,
1780416372.298,557869.0,10595.807,8.590913,,,,,,
1780416372.363,557894.0,10536.934,8.592167,,,,,,
1780416372.364,557919.0,10502.625,8.594117,,,,,,
1780416372.430,557944.0,10504.746,8.594438,,,,,,
1780416372.430,557969.0,10522.074,8.594053,,,,,,
1780416372.431,557994.0,10630.706,8.59302,,,,,,
1780416372.496,558019.0,10685.465,8.592649,,,,,,
1780416372.497,558044.0,10670.063,8.59345,,,,,,
1780416372.497,558069.0,10614.496,8.594601,,,,,,
1780416372.563,558094.0,10545.733,8.596234,,,,,,
1780416372.563,558119.0,10537.079,8.597329,,,,,,
1780416372.630,558144.0,10606.237,8.595905,,,,,,
1780416372.630,558169.0,10654.764,8.595757,,,,,,
1780416372.631,558194.0,10666.433,8.596415,,,,,,
1780416372.711,558219.0,10626.401,8.597368,,,,,,
1780416372.712,558244.0,10587.82,8.599358,,,,,,
1780416372.713,558269.0,10582.805,8.60041,,,,,,
1780416372.780,558294.0,10597.983,8.6009,,,,,,
1780416372.780,558319.0,10626.707,8.602142,,,,,,
1780416372.780,558344.0,10703.729,8.602981,,,,,,
1780416372.847,558369.0,10682.389,8.60504,,,,,,
1780416372.847,558394.0,10648.452,8.606979,,,,,,
1780416372.847,558419.0,10572.135,8.610738,,,,,,
1780416372.913,558444.0,10544.884,8.61327,,,,,,
1780416372.913,558469.0,10596.372,8.613823,,,,,,
1780416372.979,558494.0,10647.345,8.614246,,,,,,
1780416372.980,558519.0,10640.336,8.615515,,,,,,
1780416372.980,558544.0,10592.963,8.618876,,,,,,
1780416373.046,558569.0,10513.058,8.623003,,,,,,
1780416373.047,558594.0,10476.149,8.626595,,,,,,
1780416373.047,558619.0,10473.062,8.628553,,,,,,
1780416373.113,558644.0,10498.499,8.63002,,,,,,
1780416373.113,558669.0,10581.255,8.630819,,,,,,
1780416373.179,558694.0,10596.085,8.633695,,,,,,
1780416373.180,558719.0,10562.371,8.637575,,,,,,
1780416373.180,558744.0,10490.858,8.641394,,,,,,
1780416373.247,558769.0,10437.023,8.646026,,,,,,
1780416373.247,558794.0,10452.745,8.647679,,,,,,
1780416373.248,558819.0,10507.258,8.647906,,,,,,
1780416373.314,558844.0,10530.42,8.649795,,,,,,
1780416373.314,558869.0,10517.881,8.651734,,,,,,
1780416373.379,558894.0,10460.671,8.654945,,,,,,
1780416373.380,558919.0,10412.709,8.658492,,,,,,
1780416373.380,558944.0,10429.129,8.658616,,,,,,
1780416373.446,558969.0,10453.539,8.658493,,,,,,
1780416373.446,558994.0,10556.803,8.658151,,,,,,
1780416373.447,559019.0,10609.235,8.658317,,,,,,
1780416373.513,559044.0,10582.332,8.660118,,,,,,
1780416373.513,559069.0,10524.506,8.662912,,,,,,
1780416373.579,559094.0,10456.135,8.666695,,,,,,
1780416373.580,559119.0,10450.217,8.667994,,,,,,
1780416373.581,559144.0,10518.648,8.667291,,,,,,
1780416373.646,559169.0,10569.862,8.664988,,,,,,
1780416373.647,559194.0,10567.122,8.664377,,,,,,
1780416373.647,559219.0,10527.924,8.664097,,,,,,
1780416373.713,559244.0,10470.209,8.665421,,,,,,
1780416373.713,559269.0,10469.872,8.664362,,,,,,
1780416373.779,559294.0,10486.969,8.662114,,,,,,
1780416373.780,559319.0,10560.085,8.658401,,,,,,
1780416373.780,559344.0,10648.24,8.654623,,,,,,
1780416373.847,559369.0,10630.225,8.652744,,,,,,
1780416373.847,559394.0,10603.95,8.650885,,,,,,
1780416373.848,559419.0,10536.854,8.651191,,,,,,
1780416373.913,559444.0,10509.07,8.650854,,,,,,
1780416373.913,559469.0,10568.965,8.64676,,,,,,
1780416373.979,559494.0,10636.57,8.641839,,,,,,
1780416373.980,559519.0,10657.568,8.638065,,,,,,
1780416373.980,559544.0,10638.565,8.635203,,,,,,
1780416374.046,559569.0,10565.429,8.634704,,,,,,
1780416374.046,559594.0,10532.5,8.63366,,,,,,
1780416374.047,559619.0,10540.48,8.630737,,,,,,
1780416374.113,559644.0,10578.702,8.627342,,,,,,
1780416374.113,559669.0,10676.729,8.622426,,,,,,
1780416374.180,559694.0,10683.318,8.618307,,,,,,
1780416374.180,559719.0,10674.528,8.615127,,,,,,
1780416374.181,559744.0,10611.076,8.61365,,,,,,
1780416374.342,559769.0,10566.106,8.613075,0.067407,128.748932,559726.25,14.829607,,
1780416374.342,559890.0,10511.418,8.612105,,,,,,
1780416374.343,559915.0,10536.155,8.609829,,,,,,
1780416374.413,559940.0,10585.935,8.607443,,,,,,
1780416374.413,559965.0,10639.202,8.603847,,,,,,
1780416374.497,559990.0,10632.496,8.603092,,,,,,
1780416374.497,560015.0,10599.097,8.603294,,,,,,
1780416374.498,560040.0,10492.71,8.603658,,,,,,
1780416374.498,560065.0,10421.903,8.603427,,,,,,
1780416374.580,560090.0,10456.644,8.601926,,,,,,
1780416374.581,560115.0,10514.94,8.599643,,,,,,
1780416374.581,560140.0,10590.718,8.596519,,,,,,
1780416374.646,560165.0,10615.655,8.594471,,,,,,
1780416374.646,560190.0,10539.925,8.595445,,,,,,
1780416374.647,560215.0,10484.065,8.596717,,,,,,
1780416374.712,560240.0,10481.996,8.596907,,,,,,
1780416374.713,560265.0,10550.31,8.595227,,,,,,
1780416374.780,560290.0,10628.014,8.593198,,,,,,
1780416374.780,560315.0,10662.889,8.591912,,,,,,
1780416374.781,560340.0,10652.735,8.592314,,,,,,
1780416374.846,560365.0,10557.763,8.593258,,,,,,
1780416374.846,560390.0,10466.638,8.594122,,,,,,
1780416374.847,560415.0,10471.305,8.594359,,,,,,
1780416374.912,560440.0,10513.965,8.59369,,,,,,
1780416374.913,560465.0,10592.49,8.592266,,,,,,
1780416374.979,560490.0,10637.727,8.590456,,,,,,
1780416374.979,560515.0,10656.91,8.589787,,,,,,
1780416374.980,560540.0,10641.4,8.589792,,,,,,
1780416375.046,560565.0,10585.758,8.590442,,,,,,
1780416375.046,560590.0,10549.771,8.591468,,,,,,
1780416375.047,560615.0,10568.762,8.590413,,,,,,
1780416375.112,560640.0,10606.195,8.58923,,,,,,
1780416375.113,560665.0,10708.898,8.588166,,,,,,
1780416375.179,560690.0,10737.343,8.588277,,,,,,
1780416375.179,560715.0,10716.968,8.588305,,,,,,
1780416375.180,560740.0,10653.911,8.589238,,,,,,
1780416375.245,560765.0,10594.388,8.590971,,,,,,
1780416375.246,560790.0,10598.661,8.591078,,,,,,
1780416375.246,560815.0,10672.644,8.589581,,,,,,
1780416375.313,560840.0,10701.265,8.588418,,,,,,
1780416375.314,560865.0,10687.443,8.587992,,,,,,
1780416375.379,560890.0,10620.135,8.589352,,,,,,
1780416375.379,560915.0,10555.088,8.591294,,,,,,
1780416375.380,560940.0,10541.42,8.591901,,,,,,
1780416375.445,560965.0,10553.497,8.590933,,,,,,
1780416375.446,560990.0,10640.889,8.590203,,,,,,
1780416375.446,561015.0,10725.241,8.589137,,,,,,
1780416375.512,561040.0,10698.206,8.589649,,,,,,
1780416375.513,561065.0,10645.99,8.590217,,,,,,
1780416375.581,561090.0,10576.478,8.5916,,,,,,
1780416375.582,561115.0,10548.688,8.592717,,,,,,
1780416375.582,561140.0,10603.804,8.591638,,,,,,
1780416375.646,561165.0,10658.843,8.589911,,,,,,
1780416375.646,561190.0,10656.63,8.589246,,,,,,
1780416375.646,561215.0,10624.648,8.589459,,,,,,
1780416375.712,561240.0,10546.071,8.591037,,,,,,
1780416375.712,561265.0,10507.764,8.592706,,,,,,
1780416375.779,561290.0,10514.063,8.592455,,,,,,
1780416375.779,561315.0,10568.018,8.592101,,,,,,
1780416375.780,561340.0,10648.731,8.591515,,,,,,
1780416375.845,561365.0,10637.822,8.591269,,,,,,
1780416375.846,561390.0,10604.094,8.591538,,,,,,
1780416375.846,561415.0,10527.613,8.593136,,,,,,
1780416375.912,561440.0,10487.581,8.594949,,,,,,
1780416375.913,561465.0,10519.218,8.594887,,,,,,
1780416375.979,561490.0,10587.113,8.59435,,,,,,
1780416375.979,561515.0,10600.562,8.594047,,,,,,
1780416375.980,561540.0,10588.192,8.594449,,,,,,
1780416376.045,561565.0,10534.637,8.596381,,,,,,
1780416376.046,561590.0,10485.61,8.59944,,,,,,
1780416376.046,561615.0,10477.966,8.601441,,,,,,
1780416376.112,561640.0,10488.674,8.603434,,,,,,
1780416376.112,561665.0,10582.747,8.603994,,,,,,
1780416376.179,561690.0,10615.426,8.606034,,,,,,
1780416376.179,561715.0,10591.025,8.60851,,,,,,
1780416376.180,561740.0,10531.119,8.612043,,,,,,
1780416376.246,561765.0,10475.362,8.616588,,,,,,
1780416376.246,561790.0,10479.01,8.619012,,,,,,
1780416376.247,561815.0,10548.041,8.620256,,,,,,
1780416376.312,561840.0,10578.57,8.622547,,,,,,
1780416376.312,561865.0,10580.969,8.626218,,,,,,
1780416376.378,561890.0,10537.324,8.630371,,,,,,
1780416376.379,561915.0,10473.369,8.635918,,,,,,
1780416376.379,561940.0,10475.348,8.638812,,,,,,
1780416376.445,561965.0,10496.509,8.641036,,,,,,
1780416376.446,561990.0,10593.606,8.643616,,,,,,
1780416376.446,562015.0,10656.407,8.646863,,,,,,
1780416376.512,562040.0,10636.642,8.652199,,,,,,
1780416376.512,562065.0,10586.793,8.657628,,,,,,
1780416376.584,562090.0,10507.843,8.664926,,,,,,
1780416376.584,562115.0,10479.992,8.669751,,,,,,
1780416376.585,562140.0,10529.621,8.67228,,,,,,
1780416376.662,562165.0,10578.33,8.674883,,,,,,
1780416376.663,562190.0,10578.043,8.680074,,,,,,
1780416376.663,562215.0,10535.174,8.685642,,,,,,
1780416376.729,562240.0,10470.466,8.691594,,,,,,
1780416376.729,562265.0,10435.837,8.696468,,,,,,
1780416376.730,562290.0,10437.499,8.699772,,,,,,
1780416376.795,562315.0,10480.66,8.702262,,,,,,
1780416376.796,562340.0,10552.401,8.704739,,,,,,
1780416376.796,562365.0,10535.959,8.70871,,,,,,
1780416376.862,562390.0,10500.673,8.713305,,,,,,
1780416376.862,562415.0,10419.589,8.72005,,,,,,
1780416376.930,562440.0,10379.108,8.725264,,,,,,
1780416376.931,562465.0,10412.595,8.726661,,,,,,
1780416376.931,562490.0,10465.282,8.727192,,,,,,
1780416376.995,562515.0,10470.909,8.729329,,,,,,
1780416376.996,562540.0,10446.719,8.732471,,,,,,
1780416376.996,562565.0,10363.567,8.738332,,,,,,
1780416377.062,562590.0,10311.307,8.742786,,,,,,
1780416377.063,562615.0,10299.537,8.744571,,,,,,
1780416377.128,562640.0,10320.305,8.744186,,,,,,
1780416377.129,562665.0,10407.477,8.742277,,,,,,
1780416377.129,562690.0,10438.975,8.742186,,,,,,
1780416377.196,562715.0,10420.41,8.742579,,,,,,
1780416377.197,562740.0,10361.548,8.744471,,,,,,
1780416377.197,562765.0,10305.454,8.747197,,,,,,
1780416377.263,562790.0,10308.499,8.746748,,,,,,
1780416377.263,562815.0,10360.282,8.742996,,,,,,
1780416377.332,562840.0,10415.201,8.738297,,,,,,
1780416377.333,562865.0,10419.156,8.733017,,,,,,
1780416377.334,562890.0,10378.133,8.730266,,,,,,
1780416377.396,562915.0,10320.65,8.729167,,,,,,
1780416377.396,562940.0,10316.931,8.725284,,,,,,
1780416377.397,562965.0,10344.425,8.719734,,,,,,
1780416377.471,562990.0,10444.934,8.712625,,,,,,
1780416377.472,563015.0,10514.131,8.705236,,,,,,
1780416377.472,563040.0,10499.076,8.698665,,,,,,
1780416377.545,563065.0,10462.714,8.693238,,,,,,
1780416377.546,563090.0,10401.518,8.690363,,,,,,
1780416377.546,563115.0,10396.039,8.68623,,,,,,
1780416377.612,563140.0,10458.527,8.678701,,,,,,
1780416377.612,563165.0,10532.555,8.670131,,,,,,
1780416377.678,563190.0,10544.166,8.661806,,,,,,
1780416377.679,563215.0,10514.254,8.65535,,,,,,
1780416377.679,563240.0,10456.188,8.651592,,,,,,
1780416377.745,563265.0,10436.881,8.647986,,,,,,
1780416377.746,563290.0,10459.562,8.642892,,,,,,
1780416377.746,563315.0,10520.56,8.636034,,,,,,
1780416377.812,563340.0,10607.495,8.628997,,,,,,
1780416377.812,563365.0,10601.545,8.622493,,,,,,
1780416377.878,563390.0,10581.706,8.617116,,,,,,
1780416377.879,563415.0,10516.558,8.614342,,,,,,
1780416377.879,563440.0,10494.338,8.611402,,,,,,
1780416377.945,563465.0,10523.47,8.607588,,,,,,
1780416377.945,563490.0,10591.358,8.60445,,,,,,
1780416377.946,563515.0,10618.406,8.601138,,,,,,
1780416378.012,563540.0,10607.835,8.597976,,,,,,
1780416378.012,563565.0,10547.915,8.59738,,,,,,
1780416378.078,563590.0,10516.662,8.597404,,,,,,
1780416378.078,563615.0,10521.857,8.596265,,,,,,
1780416378.079,563640.0,10547.801,8.59473,,,,,,
1780416378.242,563665.0,10649.849,8.592524,0.131312,65.850822,562555.875,28.888557,,
1780416378.243,563786.0,10717.442,8.590686,,,,,,
1780416378.243,563811.0,10780.604,8.588246,,,,,,
1780416378.311,563836.0,10775.804,8.587223,,,,,,
1780416378.312,563861.0,10699.68,8.588297,,,,,,
1780416378.378,563886.0,10638.08,8.589513,,,,,,
1780416378.378,563911.0,10650.693,8.590137,,,,,,
1780416378.379,563936.0,10728.389,8.589111,,,,,,
1780416378.445,563961.0,10809.37,8.587164,,,,,,
1780416378.445,563986.0,10843.424,8.586096,,,,,,
1780416378.446,564011.0,10816.438,8.586669,,,,,,
1780416378.511,564036.0,10707.411,8.5879,,,,,,
1780416378.512,564061.0,10622.72,8.588569,,,,,,
1780416378.578,564086.0,10625.501,8.589117,,,,,,
1780416378.578,564111.0,10642.881,8.588933,,,,,,
1780416378.579,564136.0,10700.166,8.58769,,,,,,
1780416378.645,564161.0,10704.275,8.586876,,,,,,
1780416378.645,564186.0,10668.841,8.587609,,,,,,
1780416378.646,564211.0,10610.211,8.588709,,,,,,
1780416378.712,564236.0,10582.372,8.589396,,,,,,
1780416378.713,564261.0,10653.699,8.588861,,,,,,
1780416378.714,564286.0,10740.07,8.586988,,,,,,
1780416378.778,564311.0,10775.183,8.586078,,,,,,
1780416378.778,564336.0,10770.349,8.586518,,,,,,
1780416378.845,564361.0,10691.487,8.587604,,,,,,
1780416378.846,564386.0,10611.855,8.588548,,,,,,
1780416378.846,564411.0,10540.231,8.589806,,,,,,
1780416378.911,564436.0,10465.973,8.59153,,,,,,
1780416378.912,564461.0,10411.433,8.592675,,,,,,
1780416378.979,564486.0,10408.097,8.592879,,,,,,
1780416378.980,564511.0,10393.949,8.592946,,,,,,
1780416378.981,564536.0,10369.489,8.592524,,,,,,
1780416379.045,564561.0,10282.867,8.59402,,,,,,
1780416379.045,564586.0,10224.019,8.596618,,,,,,
1780416379.045,564611.0,10244.034,8.596348,,,,,,
1780416379.111,564636.0,10287.744,8.595815,,,,,,
1780416379.112,564661.0,10414.63,8.594717,,,,,,
1780416379.178,564686.0,10515.807,8.59386,,,,,,
1780416379.179,564711.0,10513.838,8.594022,,,,,,
1780416379.179,564736.0,10502.395,8.594678,,,,,,
1780416379.245,564761.0,10459.534,8.595972,,,,,,
1780416379.245,564786.0,10452.051,8.597194,,,,,,
1780416379.246,564811.0,10463.021,8.598425,,,,,,
1780416379.311,564836.0,10491.34,8.599117,,,,,,
1780416379.312,564861.0,10518.773,8.599375,,,,,,
1780416379.378,564886.0,10444.557,8.60104,,,,,,
1780416379.379,564911.0,10370.499,8.604872,,,,,,
1780416379.379,564936.0,10372.181,8.607198,,,,,,
1780416379.444,564961.0,10404.534,8.608859,,,,,,
1780416379.445,564986.0,10507.143,8.610449,,,,,,
1780416379.445,565011.0,10586.613,8.613322,,,,,,
1780416379.511,565036.0,10573.577,8.617274,,,,,,
1780416379.511,565061.0,10567.593,8.620117,,,,,,
1780416379.578,565086.0,10568.816,8.623454,,,,,,
1780416379.578,565111.0,10584.315,8.627172,,,,,,
1780416379.579,565136.0,10616.921,8.631462,,,,,,
1780416379.644,565161.0,10644.567,8.636602,,,,,,
1780416379.645,565186.0,10670.987,8.642919,,,,,,
1780416379.645,565211.0,10649.017,8.64908,,,,,,
1780416379.711,565236.0,10571.599,8.658237,,,,,,
1780416379.712,565261.0,10553.572,8.665946,,,,,,
1780416379.778,565286.0,10568.045,8.672938,,,,,,
1780416379.778,565311.0,10594.183,8.679461,,,,,,
1780416379.778,565336.0,10693.645,8.686576,,,,,,
1780416379.844,565361.0,10672.637,8.694215,,,,,,
1780416379.845,565386.0,10677.437,8.702333,,,,,,
1780416379.845,565411.0,10653.406,8.711277,,,,,,
1780416379.911,565436.0,10632.611,8.72035,,,,,,
1780416379.912,565461.0,10626.865,8.730133,,,,,,
1780416379.978,565486.0,10647.653,8.740551,,,,,,
1780416379.978,565511.0,10699.157,8.751463,,,,,,
1780416379.979,565536.0,10730.872,8.762361,,,,,,
1780416380.044,565561.0,10687.589,8.774617,,,,,,
1780416380.045,565586.0,10675.735,8.785001,,,,,,
1780416380.045,565611.0,10709.534,8.791248,,,,,,
1780416380.111,565636.0,10772.98,8.796443,,,,,,
1780416380.111,565661.0,10927.99,8.80097,,,,,,
1780416380.178,565686.0,11041.2,8.810519,,,,,,
1780416380.178,565711.0,11122.414,8.821541,,,,,,
1780416380.179,565736.0,11184.437,8.832651,,,,,,
1780416380.244,565761.0,11250.175,8.842218,,,,,,
1780416380.245,565786.0,11332.592,8.849945,,,,,,
1780416380.245,565811.0,11425.143,8.856004,,,,,,
1780416380.311,565836.0,11540.174,8.86152,,,,,,
1780416380.312,565861.0,11640.412,8.866994,,,,,,
1780416380.378,565886.0,11672.594,8.875814,,,,,,
1780416380.379,565911.0,11689.246,8.884224,,,,,,
1780416380.379,565936.0,11752.506,8.885279,,,,,,
1780416380.444,565961.0,11855.023,8.882846,,,,,,
1780416380.445,565986.0,12058.317,8.879537,,,,,,
1780416380.445,566011.0,12220.79,8.877103,,,,,,
1780416380.511,566036.0,12342.127,8.883237,,,,,,
1780416380.512,566061.0,12461.756,8.886187,,,,,,
1780416380.578,566086.0,12581.582,8.886539,,,,,,
1780416380.578,566111.0,12710.434,8.882586,,,,,,
1780416380.578,566136.0,12838.766,8.877058,,,,,,
1780416380.645,566161.0,12976.707,8.869572,,,,,,
1780416380.645,566186.0,13124.158,8.860476,,,,,,
1780416380.646,566211.0,13218.357,8.854419,,,,,,
1780416380.723,566236.0,13268.354,8.852692,,,,,,
1780416380.724,566261.0,13332.24,8.847066,,,,,,
1780416380.724,566286.0,13410.719,8.837653,,,,,,
1780416380.796,566311.0,13516.012,8.824572,,,,,,
1780416380.796,566336.0,13645.02,8.809609,,,,,,
1780416380.797,566361.0,13771.625,8.797806,,,,,,
1780416380.861,566386.0,13880.498,8.786668,,,,,,
1780416380.862,566411.0,13977.236,8.776116,,,,,,
1780416380.928,566436.0,14068.818,8.764866,,,,,,
1780416380.928,566461.0,14155.188,8.752377,,,,,,
1780416380.929,566486.0,14240.209,8.739379,,,,,,
1780416380.995,566511.0,14339.221,8.72336,,,,,,
1780416380.995,566536.0,14425.919,8.708416,,,,,,
1780416380.996,566561.0,14468.484,8.700994,,,,,,
1780416381.061,566586.0,14502.118,8.694779,,,,,,
1780416381.061,566611.0,14540.596,8.68724,,,,,,
1780416381.128,566636.0,14583.131,8.678256,,,,,,
1780416381.128,566661.0,14665.058,8.660223,,,,,,
1780416381.129,566686.0,14734.382,8.645987,,,,,,
1780416381.194,566711.0,14794.368,8.633996,,,,,,
1780416381.195,566736.0,14836.832,8.625576,,,,,,
1780416381.195,566761.0,14876.774,8.617216,,,,,,
1780416381.261,566786.0,14912.691,8.609482,,,,,,
1780416381.261,566811.0,14942.419,8.603026,,,,,,
1780416381.328,566836.0,14976.737,8.595651,,,,,,
1780416381.328,566861.0,15012.969,8.587212,,,,,,
1780416381.329,566886.0,15034.934,8.582367,,,,,,
1780416381.397,566911.0,15045.792,8.580424,,,,,,
1780416381.397,566936.0,15058.946,8.577215,,,,,,
1780416381.398,566961.0,15073.046,8.573752,,,,,,
1780416381.471,566986.0,15099.457,8.566719,,,,,,
1780416381.472,567011.0,15125.032,8.560151,,,,,,
1780416381.472,567036.0,15146.816,8.554867,,,,,,
1780416381.545,567061.0,15164.183,8.550677,,,,,,
1780416381.545,567086.0,15178.465,8.547383,,,,,,
1780416381.545,567111.0,15190.478,8.543992,,,,,,
1780416381.611,567136.0,15199.768,8.541566,,,,,,
1780416381.611,567161.0,15209.382,8.538959,,,,,,
1780416381.677,567186.0,15219.344,8.536432,,,,,,
1780416381.678,567211.0,15226.857,8.53472,,,,,,
1780416381.678,567236.0,15230.246,8.533933,,,,,,
1780416381.744,567261.0,15234.106,8.533155,,,,,,
1780416381.748,567286.0,15239.881,8.531319,,,,,,
1780416381.748,567311.0,15247.639,8.528655,,,,,,
1780416381.811,567336.0,15256.416,8.525699,,,,,,
1780416381.811,567361.0,15264.396,8.523456,,,,,,
1780416381.879,567386.0,15271.091,8.521653,,,,,,
1780416381.879,567411.0,15276.592,8.520238,,,,,,
1780416381.880,567436.0,15281.251,8.519018,,,,,,
1780416381.944,567461.0,15285.136,8.517684,,,,,,
1780416381.945,567486.0,15288.544,8.516885,,,,,,
1780416381.945,567511.0,15291.879,8.515856,,,,,,
1780416382.011,567536.0,15294.616,8.515156,,,,,,
1780416382.012,567561.0,15294.563,8.515459,,,,,,
1780416382.077,567586.0,15293.989,8.516048,,,,,,
1780416382.078,567611.0,15293.526,8.516576,,,,,,
1780416382.078,567636.0,15293.473,8.516878,,,,,,
1780416382.144,567661.0,15295.482,8.51631,,,,,,
1780416382.144,567686.0,15297.688,8.515634,,,,,,
1780416382.145,567711.0,15299.502,8.515173,,,,,,
1780416382.221,567736.0,15300.644,8.515085,,,,,,
1780416382.221,567761.0,15301.464,8.514903,,,,,,
1780416382.222,567786.0,15301.981,8.514889,,,,,,
1780416382.295,567811.0,15302.248,8.514741,,,,,,
1780416382.295,567836.0,15302.801,8.514435,,,,,,
1780416382.296,567861.0,15302.998,8.514598,,,,,,
1780416382.361,567886.0,15302.192,8.515044,,,,,,
1780416382.361,567911.0,15299.719,8.516142,,,,,,
1780416382.427,567936.0,15297.408,8.517421,,,,,,
1780416382.428,567961.0,15295.547,8.518452,,,,,,
1780416382.428,567986.0,15295.621,8.518411,,,,,,
1780416382.494,568011.0,15295.585,8.518431,,,,,,
1780416382.494,568036.0,15295.674,8.518381,,,,,,
1780416382.495,568061.0,15295.531,8.51846,,,,,,
1780416382.561,568086.0,15295.442,8.51851,,,,,,
1780416382.561,568111.0,15295.638,8.518401,,,,,,
1780416382.627,568136.0,15295.691,8.518372,,,,,,
1780416382.628,568161.0,15295.726,8.518353,,,,,,
1780416382.628,568186.0,15295.779,8.518323,,,,,,
1780416382.694,568211.0,15295.924,8.518243,,,,,,
1780416382.694,568236.0,15295.835,8.518021,,,,,,
1780416382.695,568261.0,15295.833,8.518022,,,,,,
1780416382.760,568286.0,15296.031,8.517912,,,,,,
1780416382.761,568311.0,15296.015,8.51792,,,,,,
1780416382.827,568336.0,15295.979,8.517941,,,,,,
1780416382.827,568361.0,15295.853,8.518011,,,,,,
1780416382.828,568386.0,15295.978,8.517941,,,,,,
1780416382.894,568411.0,15296.014,8.517921,,,,,,
1780416382.894,568436.0,15295.924,8.517971,,,,,,
1780416382.895,568461.0,15295.567,8.518168,,,,,,
1780416382.960,568486.0,15295.174,8.518387,,,,,,
1780416382.961,568511.0,15295.068,8.518445,,,,,,
1780416383.027,568536.0,15295.033,8.518736,,,,,,
1780416383.027,568561.0,15294.961,8.518776,,,,,,
1780416383.028,568586.0,15294.891,8.518815,,,,,,
1780416383.094,568611.0,15294.496,8.519033,,,,,,
1780416383.101,568636.0,15294.318,8.519132,,,,,,
1780416383.101,568661.0,15294.192,8.519202,,,,,,
1780416383.177,568686.0,15294.014,8.5193,,,,,,
1780416383.178,568711.0,15293.765,8.519439,,,,,,
1780416383.178,568736.0,15293.316,8.519687,,,,,,
1780416383.244,568761.0,15293.121,8.519795,,,,,,
1780416383.244,568786.0,15293.032,8.519844,,,,,,
1780416383.244,568811.0,15292.568,8.520102,,,,,,
1780416383.310,568836.0,15292.212,8.520299,,,,,,
1780416383.311,568861.0,15291.891,8.520749,,,,,,
1780416383.377,568886.0,15291.677,8.520867,,,,,,
1780416383.378,568911.0,15291.266,8.521095,,,,,,
1780416383.378,568936.0,15291.268,8.520822,,,,,,
1780416383.444,568961.0,15291.158,8.520882,,,,,,
1780416383.444,568986.0,15290.998,8.52097,,,,,,
1780416383.445,569011.0,15290.839,8.520787,,,,,,
1780416383.512,569036.0,15290.269,8.521103,,,,,,
1780416383.512,569061.0,15290.196,8.521143,,,,,,
1780416383.513,569086.0,15290.322,8.521073,,,,,,
1780416383.577,569111.0,15290.376,8.521044,,,,,,
1780416383.577,569136.0,15290.376,8.521044,,,,,,
1780416383.644,569161.0,15290.019,8.521241,,,,,,
1780416383.644,569186.0,15290.055,8.521221,,,,,,
1780416383.645,569211.0,15290.071,8.521213,,,,,,
1780416383.711,569236.0,15290.214,8.521133,,,,,,
1780416383.712,569261.0,15290.036,8.521232,,,,,,
1780416383.778,569286.0,15289.821,8.521078,,,,,,
1780416383.778,569311.0,15289.804,8.521088,,,,,,
1780416383.778,569336.0,15289.875,8.521049,,,,,,
1780416383.844,569361.0,15289.929,8.521018,,,,,,
1780416383.845,569386.0,15289.929,8.521018,,,,,,
1780416383.845,569411.0,15289.679,8.520885,,,,,,
1780416383.910,569436.0,15289.946,8.520737,,,,,,
1780416383.911,569461.0,15289.75,8.520845,,,,,,
1780416383.977,569486.0,15289.964,8.520727,,,,,,
1780416383.977,569511.0,15289.998,8.520708,,,,,,
1780416383.978,569536.0,15290.033,8.520689,,,,,,
1780416384.049,569561.0,15289.944,8.521009,,,,,,
1780416384.050,569586.0,15289.785,8.521098,,,,,,
1780416384.050,569611.0,15289.872,8.521049,,,,,,
1780416384.128,569636.0,15289.693,8.521421,,,,,,
1780416384.128,569661.0,15289.729,8.521401,,,,,,
1780416384.129,569686.0,15289.589,8.52148,,,,,,
1780416384.194,569711.0,15289.606,8.521469,,,,,,
1780416384.195,569736.0,15289.694,8.52142,,,,,,
1780416384.196,569761.0,15289.644,8.521449,,,,,,
1780416384.261,569786.0,15289.857,8.521331,,,,,,
1780416384.261,569811.0,15289.93,8.521291,,,,,,
1780416384.327,569836.0,15289.715,8.52141,,,,,,
1780416384.328,569861.0,15289.679,8.521156,,,,,,
1780416384.328,569886.0,15289.677,8.521158,,,,,,
1780416384.393,569911.0,15289.822,8.52135,,,,,,
1780416384.394,569936.0,15289.911,8.521301,,,,,,
1780416384.394,569961.0,15289.857,8.521331,,,,,,
1780416384.460,569986.0,15289.893,8.521311,,,,,,
1780416384.464,570011.0,15289.84,8.52134,,,,,,
1780416384.465,570036.0,15289.982,8.521533,,,,,,
1780416384.528,570061.0,15289.804,8.521632,,,,,,
1780416384.529,570086.0,15289.929,8.521563,,,,,,
1780416384.596,570111.0,15289.748,8.521663,,,,,,
1780416384.597,570136.0,15289.482,8.52181,,,,,,
1780416384.598,570161.0,15289.5,8.5218,,,,,,
1780416384.662,570186.0,15289.554,8.52177,,,,,,
1780416384.662,570211.0,15289.481,8.522083,,,,,,
1780416384.663,570236.0,15289.427,8.522114,,,,,,
1780416384.737,570261.0,15289.391,8.522134,,,,,,
1780416384.738,570286.0,15289.393,8.522133,,,,,,
1780416384.738,570311.0,15289.446,8.522102,,,,,,
1780416384.811,570336.0,15289.411,8.522122,,,,,,
1780416384.812,570361.0,15289.5,8.522073,,,,,,
1780416384.877,570386.0,15289.373,8.522143,,,,,,
1780416384.878,570411.0,15289.302,8.522182,,,,,,
1780416384.878,570436.0,15289.214,8.522231,,,,,,
1780416384.944,570461.0,15289.268,8.522202,,,,,,
1780416384.944,570486.0,15289.285,8.522464,,,,,,
1780416384.945,570511.0,15289.408,8.522396,,,,,,
1780416385.011,570536.0,15289.283,8.522465,,,,,,
1780416385.011,570561.0,15289.373,8.522415,,,,,,
1780416385.078,570586.0,15289.339,8.522162,,,,,,
1780416385.079,570611.0,15289.41,8.522122,,,,,,
1780416385.079,570636.0,15289.482,8.522082,,,,,,
1780416385.144,570661.0,15289.357,8.522152,,,,,,
1780416385.144,570686.0,15289.394,8.522132,,,,,,
1780416385.145,570711.0,15289.467,8.522092,,,,,,
1780416385.210,570736.0,15289.681,8.521974,,,,,,
1780416385.210,570761.0,15289.823,8.521894,,,,,,
1780416385.278,570786.0,15289.733,8.521944,,,,,,
1780416385.278,570811.0,15289.413,8.522121,,,,,,
1780416385.278,570836.0,15289.592,8.521749,,,,,,
1780416385.345,570861.0,15289.502,8.521799,,,,,,
1780416385.346,570886.0,15289.644,8.521721,,,,,,
1780416385.346,570911.0,15289.786,8.521642,,,,,,
1780416385.412,570936.0,15290.071,8.521484,,,,,,
1780416385.413,570961.0,15289.804,8.521632,,,,,,
1780416385.413,570986.0,15289.625,8.521731,,,,,,
1780416385.476,571011.0,15289.712,8.521683,,,,,,
1780416385.477,571036.0,15289.66,8.521711,,,,,,
1780416385.544,571061.0,15289.569,8.521762,,,,,,
1780416385.544,571086.0,15289.729,8.521673,,,,,,
1780416385.545,571111.0,15289.766,8.521653,,,,,,
1780416385.610,571136.0,15289.571,8.521761,,,,,,
1780416385.610,571161.0,15289.569,8.521762,,,,,,
1780416385.676,571186.0,15289.393,8.52186,,,,,,
1780416385.677,571211.0,15289.429,8.522113,,,,,,
1780416385.677,571236.0,15289.071,8.52231,,,,,,
1780416385.743,571261.0,15289.055,8.52232,,,,,,
1780416385.744,571286.0,15289.001,8.522349,,,,,,
1780416385.744,571311.0,15289.035,8.52233,,,,,,
1780416385.810,571336.0,15289.143,8.522271,,,,,,
1780416385.810,571361.0,15288.894,8.522408,,,,,,
1780416385.877,571386.0,15288.84,8.522439,,,,,,
1780416385.877,571411.0,15289.108,8.52229,,,,,,
1780416385.878,571436.0,15289.27,8.522201,,,,,,
1780416385.945,571461.0,15289.055,8.52232,,,,,,
1780416385.945,571486.0,15288.859,8.522428,,,,,,
1780416385.946,571511.0,15288.825,8.522447,,,,,,
1780416386.011,571536.0,15288.754,8.522486,,,,,,
1780416386.012,571561.0,15288.608,8.522567,,,,,,
1780416386.081,571586.0,15288.77,8.522477,,,,,,
1780416386.082,571611.0,15288.734,8.522497,,,,,,
1780416386.082,571636.0,15288.806,8.522457,,,,,,
1780416386.161,571661.0,15288.697,8.522517,,,,,,
1780416386.161,571686.0,15288.787,8.522468,,,,,,
1780416386.162,571711.0,15288.594,8.522574,,,,,,
1780416386.227,571736.0,15288.486,8.522635,,,,,,
1780416386.227,571761.0,15288.663,8.522536,,,,,,
1780416386.228,571786.0,15288.592,8.522576,,,,,,
1780416386.293,571811.0,15288.627,8.522556,,,,,,
1780416386.293,571836.0,15288.626,8.522557,,,,,,
1780416386.294,571861.0,15288.822,8.522176,,,,,,
1780416386.360,571886.0,15288.786,8.522196,,,,,,
1780416386.361,571911.0,15288.716,8.522235,,,,,,
1780416386.427,571936.0,15288.731,8.522226,,,,,,
1780416386.427,571961.0,15288.498,8.522355,,,,,,
1780416386.428,571986.0,15288.498,8.522355,,,,,,
1780416386.493,572011.0,15288.732,8.522225,,,,,,
1780416386.494,572036.0,15288.323,8.522452,,,,,,
1780416386.494,572061.0,15288.376,8.522423,,,,,,
1780416386.560,572086.0,15288.572,8.522314,,,,,,
1780416386.560,572111.0,15288.681,8.522254,,,,,,
1780416386.627,572136.0,15288.717,8.522234,,,,,,
1780416386.627,572161.0,15288.752,8.522215,,,,,,
1780416386.627,572186.0,15288.68,8.522255,,,,,,
1780416386.693,572211.0,15288.679,8.522255,,,,,,
1780416386.693,572236.0,15288.537,8.522333,,,,,,
1780416386.694,572261.0,15288.393,8.522413,,,,,,
1780416386.760,572286.0,15288.43,8.522393,,,,,,
1780416386.761,572311.0,15288.358,8.522432,,,,,,
1780416386.827,572336.0,15288.358,8.522432,,,,,,
1780416386.827,572361.0,15288.376,8.522423,,,,,,
1780416386.828,572386.0,15288.269,8.522482,,,,,,
1780416386.894,572411.0,15288.287,8.522472,,,,,,
1780416386.894,572436.0,15288.341,8.522442,,,,,,
1780416386.895,572461.0,15288.217,8.522511,,,,,,
1780416386.960,572486.0,15288.27,8.522755,,,,,,
1780416386.960,572511.0,15288.27,8.522755,,,,,,
1780416387.026,572536.0,15288.252,8.522764,,,,,,
1780416387.027,572561.0,15288.323,8.522725,,,,,,
1780416387.027,572586.0,15288.305,8.522735,,,,,,
1780416387.093,572611.0,15288.537,8.522606,,,,,,
1780416387.094,572636.0,15288.341,8.522715,,,,,,
1780416387.094,572661.0,15288.502,8.522626,,,,,,
1780416387.162,572686.0,15288.571,8.522588,,,,,,
1780416387.163,572711.0,15288.411,8.522404,,,,,,
1780416387.164,572736.0,15288.5,8.522354,,,,,,
1780416387.243,572761.0,15288.464,8.522374,,,,,,
1780416387.244,572786.0,15288.411,8.522404,,,,,,
1780416387.244,572811.0,15288.287,8.522472,,,,,,
1780416387.326,572836.0,15288.198,8.522521,,,,,,
1780416387.327,572861.0,15288.448,8.522383,,,,,,
1780416387.327,572886.0,15288.52,8.522344,,,,,,
1780416387.399,572911.0,15288.877,8.522145,,,,,,
1780416387.399,572936.0,15289.058,8.522045,,,,,,
1780416387.400,572961.0,15289.13,8.522005,,,,,,
1780416387.479,572986.0,15289.236,8.521946,,,,,,
1780416387.480,573011.0,15289.145,8.521997,,,,,,
1780416387.482,573036.0,15289.18,8.521706,,,,,,
1780416387.559,573061.0,15289.146,8.521725,,,,,,
1780416387.560,573086.0,15289.288,8.521646,,,,,,
1780416387.560,573111.0,15289.252,8.521666,,,,,,
1780416387.626,573136.0,15289.162,8.521715,,,,,,
1780416387.626,573161.0,15289.395,8.521587,,,,,,
1780416387.627,573186.0,15289.34,8.521617,,,,,,
1780416387.693,573211.0,15289.569,8.52149,,,,,,
1780416387.694,573236.0,15289.643,8.521449,,,,,,
1780416387.695,573261.0,15289.447,8.521558,,,,,,
1780416387.776,573286.0,15289.339,8.521618,,,,,,
1780416387.777,573311.0,15289.339,8.521618,,,,,,
1780416387.777,573336.0,15289.41,8.521578,,,,,,
1780416387.842,573361.0,15289.393,8.521588,,,,,,
1780416387.842,573386.0,15289.161,8.521716,,,,,,
1780416387.843,573411.0,15289.304,8.521637,,,,,,
1780416387.909,573436.0,15289.5,8.521528,,,,,,
1780416387.910,573461.0,15289.643,8.521449,,,,,,
1780416387.977,573486.0,15289.625,8.52146,,,,,,
1780416387.977,573511.0,15289.322,8.521626,,,,,,
1780416387.978,573536.0,15289.198,8.521695,,,,,,
1780416388.042,573561.0,15288.841,8.521894,,,,,,
1780416388.043,573586.0,15288.806,8.521913,,,,,,
1780416388.043,573611.0,15288.788,8.521923,,,,,,
1780416388.129,573636.0,15288.698,8.521973,,,,,,
1780416388.130,573661.0,15288.521,8.522343,,,,,,
1780416388.130,573686.0,15288.361,8.52243,,,,,,
1780416388.193,573711.0,15288.323,8.522452,,,,,,
1780416388.194,573736.0,15288.448,8.522383,,,,,,
1780416388.194,573761.0,15288.502,8.522626,,,,,,
1780416388.278,573786.0,15288.396,8.522685,,,,,,
1780416388.280,573811.0,15288.448,8.522655,,,,,,
1780416388.281,573836.0,15288.379,8.522694,,,,,,
1780416388.359,573861.0,15288.236,8.522773,,,,,,
1780416388.360,573886.0,15288.361,8.522703,,,,,,
1780416388.360,573911.0,15288.467,8.522645,,,,,,
1780416388.446,573936.0,15288.415,8.522674,,,,,,
1780416388.447,573961.0,15288.234,8.523046,,,,,,
1780416388.448,573986.0,15288.183,8.523074,,,,,,
1780416388.448,574011.0,15288.431,8.522937,,,,,,
1780416388.526,574036.0,15288.448,8.522927,,,,,,
1780416388.527,574061.0,15288.466,8.522918,,,,,,
1780416388.527,574086.0,15288.252,8.523036,,,,,,
1780416388.592,574111.0,15288.254,8.523035,,,,,,
1780416388.593,574136.0,15288.592,8.522848,,,,,,
1780416388.593,574161.0,15288.52,8.522888,,,,,,
1780416388.658,574186.0,15288.627,8.522828,,,,,,
1780416388.658,574211.0,15288.591,8.522848,,,,,,
1780416388.725,574236.0,15288.198,8.523066,,,,,,
1780416388.726,574261.0,15288.323,8.522997,,,,,,
1780416388.726,574286.0,15288.43,8.522939,,,,,,
1780416388.792,574311.0,15288.502,8.522898,,,,,,
1780416388.793,574336.0,15288.448,8.522927,,,,,,
1780416388.793,574361.0,15288.359,8.522977,,,,,,
1780416388.859,574386.0,15288.431,8.522665,,,,,,
1780416388.859,574411.0,15288.521,8.522615,,,,,,
1780416388.925,574436.0,15288.521,8.522615,,,,,,
1780416388.925,574461.0,15288.342,8.522715,,,,,,
1780416388.926,574486.0,15288.271,8.522754,,,,,,
1780416388.991,574511.0,15288.323,8.522725,,,,,,
1780416388.992,574536.0,15288.216,8.522784,,,,,,
1780416388.993,574561.0,15288.306,8.522735,,,,,,
1780416389.057,574586.0,15288.448,8.522383,,,,,,
1780416389.057,574611.0,15288.306,8.522462,,,,,,
1780416389.124,574636.0,15288.146,8.522551,,,,,,
1780416389.124,574661.0,15288.021,8.522619,,,,,,
1780416389.125,574686.0,15287.896,8.522689,,,,,,
1780416389.190,574711.0,15288.198,8.522521,,,,,,
1780416389.190,574736.0,15288.341,8.522442,,,,,,
1780416389.191,574761.0,15288.145,8.522551,,,,,,
1780416389.257,574786.0,15287.948,8.522659,,,,,,
1780416389.258,574811.0,15287.808,8.522738,,,,,,
1780416389.332,574836.0,15287.93,8.52267,,,,,,
1780416389.333,574861.0,15288.286,8.522472,,,,,,
1780416389.333,574886.0,15288.18,8.522532,,,,,,
1780416389.398,574911.0,15288.108,8.522571,,,,,,
1780416389.399,574936.0,15288.037,8.522611,,,,,,
1780416389.400,574961.0,15288.055,8.522601,,,,,,
1780416389.474,574986.0,15287.966,8.52265,,,,,,
1780416389.475,575011.0,15287.842,8.522718,,,,,,
1780416389.475,575036.0,15287.681,8.522808,,,,,,
1780416389.540,575061.0,15287.469,8.522925,,,,,,
1780416389.541,575086.0,15287.538,8.522886,,,,,,
1780416389.541,575111.0,15287.413,8.522956,,,,,,
1780416389.607,575136.0,15287.43,8.522946,,,,,,
1780416389.607,575161.0,15287.501,8.522907,,,,,,
1780416389.673,575186.0,15287.234,8.523055,,,,,,
1780416389.674,575211.0,15287.252,8.523318,,,,,,
1780416389.674,575236.0,15287.447,8.52321,,,,,,
1780416389.741,575261.0,15287.43,8.523219,,,,,,
1780416389.741,575286.0,15287.377,8.523249,,,,,,
1780416389.742,575311.0,15287.288,8.523298,,,,,,
1780416389.809,575336.0,15287.111,8.523396,,,,,,
1780416389.810,575361.0,15287.058,8.523425,,,,,,
1780416389.892,575386.0,15287.092,8.523407,,,,,,
1780416389.893,575411.0,15287.325,8.523277,,,,,,
1780416389.893,575436.0,15287.396,8.523238,,,,,,
1780416389.893,575461.0,15287.145,8.523377,,,,,,
1780416389.959,575486.0,15287.038,8.523437,,,,,,
1780416389.960,575511.0,15287.145,8.523377,,,,,,
1780416390.027,575536.0,15287.252,8.523318,,,,,,
1780416390.029,575561.0,15287.412,8.52323,,,,,,
1780416390.030,575586.0,15287.358,8.523259,,,,,,
1780416390.109,575611.0,15287.448,8.52321,,,,,,
1780416390.110,575636.0,15287.591,8.52313,,,,,,
1780416390.110,575661.0,15287.59,8.52313,,,,,,
1780416390.177,575686.0,15287.751,8.523042,,,,,,
1780416390.178,575711.0,15287.591,8.52313,,,,,,
1780416390.178,575736.0,15287.751,8.523042,,,,,,
1780416390.242,575761.0,15287.947,8.522933,,,,,,
1780416390.242,575786.0,15287.841,8.522992,,,,,,
1780416390.243,575811.0,15288.091,8.522854,,,,,,
1780416390.310,575836.0,15287.912,8.522952,,,,,,
1780416390.311,575861.0,15288.055,8.523146,,,,,,
1780416390.376,575886.0,15288.073,8.523135,,,,,,
1780416390.376,575911.0,15288.109,8.522843,,,,,,
1780416390.377,575936.0,15288.073,8.522863,,,,,,
1780416390.445,575961.0,15288.02,8.522893,,,,,,
1780416390.446,575986.0,15287.844,8.52299,,,,,,
1780416390.447,576011.0,15287.701,8.523069,,,,,,
1780416390.527,576036.0,15287.772,8.523029,,,,,,
1780416390.528,576061.0,15287.897,8.522961,,,,,,
1780416390.529,576086.0,15287.951,8.522931,,,,,,
1780416390.609,576111.0,15287.879,8.522971,,,,,,
1780416390.610,576136.0,15287.788,8.523021,,,,,,
1780416390.610,576161.0,15287.629,8.523109,,,,,,
1780416390.676,576186.0,15287.521,8.52317,,,,,,
1780416390.677,576211.0,15287.467,8.523199,,,,,,
1780416390.677,576236.0,15287.448,8.52321,,,,,,
1780416390.742,576261.0,15287.288,8.523298,,,,,,
1780416390.743,576286.0,15287.341,8.523269,,,,,,
1780416390.744,576311.0,15287.252,8.523318,,,,,,
1780416390.828,576336.0,15287.234,8.523328,,,,,,
1780416390.828,576361.0,15287.181,8.523357,,,,,,
1780416390.829,576386.0,15286.842,8.523546,,,,,,
1780416390.912,576411.0,15286.879,8.523524,,,,,,
1780416390.913,576436.0,15286.755,8.523593,,,,,,
1780416390.913,576461.0,15286.895,8.523516,,,,,,
1780416390.914,576486.0,15286.665,8.52337,,,,,,
1780416390.992,576511.0,15286.611,8.5234,,,,,,
1780416390.994,576536.0,15286.504,8.523732,,,,,,
1780416390.994,576561.0,15286.309,8.52384,,,,,,
1780416391.061,576586.0,15286.431,8.523773,,,,,,
1780416391.062,576611.0,15286.45,8.523762,,,,,,
1780416391.062,576636.0,15286.504,8.523732,,,,,,
1780416391.126,576661.0,15286.291,8.52385,,,,,,
1780416391.127,576686.0,15286.112,8.523949,,,,,,
1780416391.192,576711.0,15286.147,8.52393,,,,,,
1780416391.193,576736.0,15286.165,8.52392,,,,,,
1780416391.194,576761.0,15286.271,8.523862,,,,,,
1780416391.259,576786.0,15286.433,8.523771,,,,,,
1780416391.260,576811.0,15286.344,8.523821,,,,,,
1780416391.344,576836.0,15286.362,8.52381,,,,,,
1780416391.345,576861.0,15286.237,8.52388,,,,,,
1780416391.345,576886.0,15286.256,8.52387,,,,,,
1780416391.346,576911.0,15286.328,8.523829,,,,,,
1780416391.427,576936.0,15286.309,8.52384,,,,,,
1780416391.428,576961.0,15286.434,8.523771,,,,,,
1780416391.428,576986.0,15286.469,8.523751,,,,,,
1780416391.509,577011.0,15286.415,8.523782,,,,,,
1780416391.510,577036.0,15286.344,8.523821,,,,,,
1780416391.510,577061.0,15286.022,8.523999,,,,,,
1780416391.591,577086.0,15285.827,8.524107,,,,,,
1780416391.593,577111.0,15286.059,8.523979,,,,,,
1780416391.594,577136.0,15285.971,8.524028,,,,,,
1780416391.595,577161.0,15286.291,8.52385,,,,,,
1780416391.662,577186.0,15286.451,8.523762,,,,,,
1780416391.663,577211.0,15286.361,8.523811,,,,,,
1780416391.663,577236.0,15286.129,8.52394,,,,,,
1780416391.741,577261.0,15286.094,8.523959,,,,,,
1780416391.742,577286.0,15286.183,8.523911,,,,,,
1780416391.742,577311.0,15286.273,8.52386,,,,,,
1780416391.808,577336.0,15286.184,8.52391,,,,,,
1780416391.809,577361.0,15286.041,8.523989,,,,,,
1780416391.875,577386.0,15286.059,8.523979,,,,,,
1780416391.876,577411.0,15286.076,8.523969,,,,,,
1780416391.877,577436.0,15286.13,8.523939,,,,,,
1780416391.960,577461.0,15286.219,8.52389,,,,,,
1780416391.961,577486.0,15286.148,8.523929,,,,,,
1780416391.962,577511.0,15286.131,8.523939,,,,,,
1780416391.963,577536.0,15286.096,8.523958,,,,,,
1780416392.043,577561.0,15286.185,8.523909,,,,,,
1780416392.044,577586.0,15286.149,8.523929,,,,,,
1780416392.045,577611.0,15286.023,8.523998,,,,,,
1780416392.126,577636.0,15286.131,8.523939,,,,,,
1780416392.126,577661.0,15286.166,8.523919,,,,,,
1780416392.127,577686.0,15286.308,8.523841,,,,,,
1780416392.191,577711.0,15286.325,8.523831,,,,,,
1780416392.191,577736.0,15286.165,8.52392,,,,,,
1780416392.192,577761.0,15286.201,8.5239,,,,,,
1780416392.259,577786.0,15285.915,8.524058,,,,,,
1780416392.260,577811.0,15285.986,8.524019,,,,,,
1780416392.326,577836.0,15286.183,8.523911,,,,,,
1780416392.326,577861.0,15286.163,8.523921,,,,,,
1780416392.327,577886.0,15286.288,8.523851,,,,,,
1780416392.392,577911.0,15285.967,8.52403,,,,,,
1780416392.393,577936.0,15285.95,8.524039,,,,,,
1780416392.393,577961.0,15286.021,8.524,,,,,,
1780416392.475,577986.0,15286.306,8.523842,,,,,,
1780416392.476,578011.0,15286.271,8.523862,,,,,,
1780416392.477,578036.0,15286.022,8.523999,,,,,,
1780416392.560,578061.0,15286.077,8.523969,,,,,,
1780416392.561,578086.0,15286.04,8.523989,,,,,,
1780416392.561,578111.0,15286.13,8.523939,,,,,,
1780416392.626,578136.0,15286.184,8.52391,,,,,,
1780416392.627,578161.0,15285.951,8.524038,,,,,,
1780416392.628,578186.0,15285.791,8.524399,,,,,,
1780416392.711,578211.0,15285.81,8.524388,,,,,,
1780416392.713,578236.0,15285.791,8.524399,,,,,,
1780416392.714,578261.0,15285.951,8.52431,,,,,,
1780416392.715,578286.0,15285.72,8.524438,,,,,,
1780416392.791,578311.0,15285.934,8.524592,,,,,,
1780416392.792,578336.0,15286.13,8.524484,,,,,,
1780416392.793,578361.0,15286.005,8.524553,,,,,,
1780416392.868,578386.0,15286.094,8.524504,,,,,,
1780416392.870,578411.0,15285.844,8.524642,,,,,,
1780416392.871,578436.0,15285.879,8.524623,,,,,,
1780416392.941,578461.0,15285.506,8.52483,,,,,,
1780416392.941,578486.0,15285.506,8.52483,,,,,,
1780416392.942,578511.0,15285.452,8.524859,,,,,,
1780416393.009,578536.0,15285.648,8.524751,,,,,,
1780416393.011,578561.0,15285.56,8.524799,,,,,,
1780416393.082,578586.0,15285.56,8.524799,,,,,,
1780416393.082,578611.0,15285.399,8.524888,,,,,,
1780416393.083,578636.0,15285.292,8.524948,,,,,,
1780416393.158,578661.0,15285.417,8.524879,,,,,,
1780416393.159,578686.0,15285.186,8.525007,,,,,,
1780416393.160,578711.0,15284.974,8.525126,,,,,,
1780416393.244,578736.0,15284.935,8.525146,,,,,,
1780416393.244,578761.0,15284.864,8.524912,,,,,,
1780416393.245,578786.0,15284.936,8.524873,,,,,,
1780416393.245,578811.0,15284.846,8.524651,,,,,,
1780416393.324,578836.0,15284.669,8.524749,,,,,,
1780416393.325,578861.0,15284.774,8.52469,,,,,,
1780416393.325,578886.0,15284.721,8.524719,,,,,,
1780416393.392,578911.0,15284.813,8.524396,,,,,,
1780416393.393,578936.0,15284.544,8.524273,,,,,,
1780416393.394,578961.0,15284.506,8.524294,,,,,,
1780416393.473,578986.0,15284.703,8.524185,,,,,,
1780416393.474,579011.0,15284.455,8.524323,,,,,,
1780416393.474,579036.0,15284.596,8.524244,,,,,,
1780416393.540,579061.0,15284.563,8.524262,,,,,,
1780416393.540,579086.0,15284.864,8.524096,,,,,,
1780416393.541,579111.0,15284.899,8.524076,,,,,,
1780416393.607,579136.0,15284.669,8.524203,,,,,,
1780416393.608,579161.0,15284.759,8.524154,,,,,,
1780416393.676,579186.0,15284.884,8.524085,,,,,,
1780416393.676,579211.0,15284.705,8.524184,,,,,,
1780416393.677,579236.0,15284.669,8.524203,,,,,,
1780416393.760,579261.0,15284.794,8.524135,,,,,,
1780416393.761,579286.0,15284.616,8.524233,,,,,,
1780416393.762,579311.0,15284.759,8.524154,,,,,,
1780416393.763,579336.0,15284.739,8.524165,,,,,,
1780416393.841,579361.0,15284.813,8.524124,,,,,,
1780416393.841,579386.0,15284.811,8.524397,,,,,,
1780416393.842,579411.0,15284.809,8.524398,,,,,,
1780416393.924,579436.0,15285.005,8.524289,,,,,,
1780416393.924,579461.0,15285.059,8.52426,,,,,,
1780416393.925,579486.0,15284.862,8.524368,,,,,,
1780416393.992,579511.0,15284.774,8.524417,,,,,,
1780416393.993,579536.0,15284.827,8.524661,,,,,,
1780416393.994,579561.0,15284.811,8.52467,,,,,,
1780416394.076,579586.0,15284.578,8.52507,,,,,,
1780416394.076,579611.0,15284.311,8.525219,,,,,,
1780416394.078,579636.0,15284.436,8.525149,,,,,,
1780416394.176,579661.0,15284.438,8.524877,,,,,,
1780416394.177,579686.0,15284.259,8.524976,,,,,,
1780416394.178,579711.0,15284.009,8.525114,,,,,,
1780416394.178,579736.0,15284.205,8.525005,,,,,,
1780416394.241,579761.0,15284.134,8.525044,,,,,,
1780416394.242,579786.0,15284.1,8.525064,,,,,,
1780416394.243,579811.0,15284.099,8.525064,,,,,,
1780416394.309,579836.0,15284.205,8.525005,,,,,,
1780416394.309,579861.0,15284.277,8.524965,,,,,,
1780416394.374,579886.0,15284.241,8.524985,,,,,,
1780416394.375,579911.0,15284.366,8.524916,,,,,,
1780416394.375,579936.0,15284.313,8.524945,,,,,,
1780416394.441,579961.0,15284.331,8.524936,,,,,,
1780416394.441,579986.0,15284.349,8.524925,,,,,,
1780416394.442,580011.0,15284.313,8.524945,,,,,,
1780416394.507,580036.0,15284.491,8.524847,,,,,,
1780416394.508,580061.0,15284.384,8.524906,,,,,,
1780416394.574,580086.0,15284.419,8.524887,,,,,,
1780416394.574,580111.0,15284.667,8.524751,,,,,,
1780416394.575,580136.0,15284.667,8.52475,,,,,,
1780416394.641,580161.0,15284.739,8.52471,,,,,,
1780416394.641,580186.0,15284.881,8.524631,,,,,,
1780416394.642,580211.0,15285.061,8.524259,,,,,,
1780416394.708,580236.0,15285.167,8.524199,,,,,,
1780416394.709,580261.0,15285.256,8.524151,,,,,,
1780416394.777,580286.0,15285.507,8.524284,,,,,,
1780416394.778,580311.0,15285.452,8.524315,,,,,,
1780416394.778,580336.0,15285.381,8.524354,,,,,,
1780416394.841,580361.0,15284.988,8.524571,,,,,,
1780416394.841,580386.0,15285.328,8.524384,,,,,,
1780416394.842,580411.0,15285.273,8.524413,,,,,,
1780416394.906,580436.0,15285.255,8.524424,,,,,,
1780416394.906,580461.0,15285.38,8.524355,,,,,,
1780416394.975,580486.0,15285.256,8.524424,,,,,,
1780416394.975,580511.0,15285.22,8.524444,,,,,,
1780416394.976,580536.0,15285.398,8.524344,,,,,,
1780416395.041,580561.0,15285.612,8.524226,,,,,,
1780416395.042,580586.0,15285.898,8.524068,,,,,,
1780416395.042,580611.0,15285.595,8.524508,,,,,,
1780416395.108,580636.0,15285.596,8.524507,,,,,,
1780416395.109,580661.0,15285.471,8.524576,,,,,,
1780416395.178,580686.0,15285.559,8.524528,,,,,,
1780416395.179,580711.0,15285.576,8.524518,,,,,,
1780416395.180,580736.0,15285.363,8.524635,,,,,,
1780416395.261,580761.0,15285.274,8.524685,,,,,,
1780416395.262,580786.0,15285.328,8.524655,,,,,,
1780416395.263,580811.0,15285.274,8.524685,,,,,,
1780416395.263,580836.0,15285.348,8.524644,,,,,,
1780416395.340,580861.0,15285.453,8.524586,,,,,,
1780416395.341,580886.0,15285.382,8.524626,,,,,,
1780416395.341,580911.0,15285.114,8.524774,,,,,,
1780416395.407,580936.0,15285.203,8.524997,,,,,,
1780416395.408,580961.0,15285.434,8.524869,,,,,,
1780416395.484,580986.0,15285.576,8.524791,,,,,,
1780416395.484,581011.0,15285.522,8.52482,,,,,,
1780416395.485,581036.0,15285.309,8.524939,,,,,,
1780416395.557,581061.0,15285.166,8.525018,,,,,,
1780416395.558,581086.0,15285.166,8.525018,,,,,,
1780416395.558,581111.0,15285.273,8.524958,,,,,,
1780416395.624,581136.0,15285.185,8.525008,,,,,,
1780416395.625,581161.0,15284.989,8.525115,,,,,,
1780416395.625,581186.0,15284.848,8.525194,,,,,,
1780416395.693,581211.0,15284.828,8.525205,,,,,,
1780416395.694,581236.0,15285.063,8.524802,,,,,,
1780416395.695,581261.0,15285.132,8.524764,,,,,,
1780416395.776,581286.0,15285.186,8.524734,,,,,,
1780416395.777,581311.0,15285.132,8.524764,,,,,,
1780416395.778,581336.0,15285.061,8.524803,,,,,,
1780416395.841,581361.0,15285.114,8.524502,,,,,,
1780416395.842,581386.0,15285.185,8.524463,,,,,,
1780416395.843,581411.0,15285.006,8.524562,,,,,,
1780416395.908,581436.0,15285.167,8.524744,,,,,,
1780416395.908,581461.0,15285.149,8.524755,,,,,,
1780416395.976,581486.0,15285.167,8.524744,,,,,,
1780416395.976,581511.0,15285.274,8.524685,,,,,,
1780416395.977,581536.0,15285.202,8.524725,,,,,,
1780416396.058,581561.0,15285.328,8.524384,,,,,,
1780416396.059,581586.0,15285.149,8.524209,,,,,,
1780416396.059,581611.0,15285.346,8.524101,,,,,,
1780416396.124,581636.0,15285.327,8.524111,,,,,,
1780416396.125,581661.0,15285.701,8.523904,,,,,,
1780416396.125,581686.0,15285.702,8.523904,,,,,,
1780416396.192,581711.0,15285.328,8.524111,,,,,,
1780416396.192,581736.0,15285.257,8.52415,,,,,,
1780416396.192,581761.0,15285.31,8.52412,,,,,,
1780416396.258,581786.0,15285.381,8.524081,,,,,,
1780416396.259,581811.0,15285.596,8.523962,,,,,,
1780416396.323,581836.0,15285.399,8.524071,,,,,,
1780416396.324,581861.0,15285.524,8.524002,,,,,,
1780416396.324,581886.0,15285.523,8.524002,,,,,,
1780416396.391,581911.0,15285.239,8.524159,,,,,,
1780416396.391,581936.0,15285.344,8.524102,,,,,,
1780416396.392,581961.0,15285.31,8.524122,,,,,,
1780416396.475,581986.0,15285.435,8.524596,,,,,,
1780416396.476,582011.0,15285.416,8.524607,,,,,,
1780416396.477,582036.0,15285.523,8.524547,,,,,,
1780416396.542,582061.0,15285.488,8.524295,,,,,,
1780416396.543,582086.0,15285.471,8.524304,,,,,,
1780416396.547,582111.0,15285.257,8.524423,,,,,,
1780416396.641,582136.0,15285.134,8.524491,,,,,,
1780416396.642,582161.0,15285.328,8.524384,,,,,,
1780416396.643,582186.0,15285.203,8.524452,,,,,,
1780416396.644,582211.0,15285.507,8.524556,,,,,,
1780416396.723,582236.0,15285.612,8.524498,,,,,,
1780416396.723,582261.0,15285.505,8.524557,,,,,,
1780416396.723,582286.0,15285.398,8.524616,,,,,,
1780416396.809,582311.0,15285.398,8.524616,,,,,,
1780416396.810,582336.0,15285.788,8.524129,,,,,,
1780416396.811,582361.0,15285.806,8.524118,,,,,,
1780416396.889,582386.0,15285.7,8.524178,,,,,,
1780416396.890,582411.0,15285.683,8.524187,,,,,,
1780416396.891,582436.0,15285.558,8.524256,,,,,,
1780416396.891,582461.0,15285.575,8.524246,,,,,,
1780416396.971,582486.0,15285.469,8.524305,,,,,,
1780416396.972,582511.0,15285.399,8.524344,,,,,,
1780416396.972,582536.0,15285.56,8.524255,,,,,,
1780416397.074,582561.0,15285.489,8.524294,,,,,,
1780416397.075,582586.0,15285.488,8.524295,,,,,,
1780416397.075,582611.0,15285.292,8.524131,,,,,,
1780416397.076,582636.0,15285.33,8.52411,,,,,,
1780416397.172,582661.0,15285.311,8.52412,,,,,,
1780416397.174,582686.0,15285.167,8.524199,,,,,,
1780416397.175,582711.0,15285.131,8.52422,,,,,,
1780416397.176,582736.0,15285.113,8.524229,,,,,,
1780416397.259,582761.0,15285.095,8.52424,,,,,,
1780416397.260,582786.0,15285.076,8.52425,,,,,,
1780416397.261,582811.0,15285.075,8.524251,,,,,,
1780416397.338,582836.0,15284.934,8.524329,,,,,,
1780416397.340,582861.0,15284.861,8.524369,,,,,,
1780416397.340,582886.0,15284.934,8.524329,,,,,,
1780416397.341,582911.0,15284.935,8.524328,,,,,,
1780416397.439,582936.0,15285.077,8.524249,,,,,,
1780416397.440,582961.0,15284.83,8.524659,,,,,,
1780416397.441,582986.0,15284.92,8.52461,,,,,,
1780416397.441,583011.0,15284.971,8.524581,,,,,,
1780416397.508,583036.0,15284.953,8.52459,,,,,,
1780416397.508,583061.0,15284.917,8.524611,,,,,,
1780416397.573,583086.0,15284.864,8.52464,,,,,,
1780416397.574,583111.0,15284.848,8.52465,,,,,,
1780416397.574,583136.0,15284.92,8.52461,,,,,,
1780416397.657,583161.0,15284.901,8.52462,,,,,,
1780416397.658,583186.0,15284.777,8.524416,,,,,,
1780416397.658,583211.0,15284.83,8.524386,,,,,,
1780416397.721,583236.0,15284.971,8.524308,,,,,,
1780416397.722,583261.0,15284.973,8.524307,,,,,,
1780416397.722,583286.0,15284.901,8.524347,,,,,,
1780416397.789,583311.0,15285.078,8.524249,,,,,,
1780416397.790,583336.0,15284.988,8.524299,,,,,,
1780416397.790,583361.0,15285.147,8.524211,,,,,,
1780416397.855,583386.0,15285.201,8.52418,,,,,,
1780416397.856,583411.0,15285.326,8.524112,,,,,,
1780416397.921,583436.0,15285.31,8.52412,,,,,,
1780416397.922,583461.0,15285.273,8.52414,,,,,,
1780416397.922,583486.0,15285.22,8.524171,,,,,,
1780416397.987,583511.0,15285.096,8.52424,,,,,,
1780416397.988,583536.0,15285.095,8.52424,,,,,,
1780416397.988,583561.0,15285.274,8.52414,,,,,,
1780416398.054,583586.0,15285.398,8.524072,,,,,,
1780416398.054,583611.0,15285.201,8.52418,,,,,,
1780416398.121,583636.0,15285.183,8.524191,,,,,,
1780416398.122,583661.0,15285.2,8.524181,,,,,,
1780416398.123,583686.0,15285.146,8.524212,,,,,,
1780416398.191,583711.0,15285.38,8.524082,,,,,,
1780416398.192,583736.0,15285.184,8.524191,,,,,,
1780416398.192,583761.0,15285.185,8.52419,,,,,,
1780416398.290,583786.0,15285.149,8.524482,,,,,,
1780416398.291,583811.0,15285.31,8.524666,,,,,,
1780416398.292,583836.0,15285.381,8.524626,,,,,,
1780416398.292,583861.0,15285.31,8.524666,,,,,,
1780416398.374,583886.0,15285.186,8.524734,,,,,,
1780416398.375,583911.0,15285.362,8.524636,,,,,,
1780416398.375,583936.0,15285.185,8.525007,,,,,,
1780416398.457,583961.0,15285.292,8.524948,,,,,,
1780416398.458,583986.0,15285.132,8.525037,,,,,,
1780416398.460,584011.0,15285.22,8.524988,,,,,,
1780416398.558,584036.0,15284.899,8.525166,,,,,,
1780416398.559,584061.0,15284.953,8.525135,,,,,,
1780416398.559,584086.0,15284.898,8.525166,,,,,,
1780416398.559,584111.0,15284.651,8.525303,,,,,,
1780416398.640,584136.0,15284.809,8.525215,,,,,,
1780416398.641,584161.0,15284.686,8.525284,,,,,,
1780416398.642,584186.0,15284.596,8.525333,,,,,,
1780416398.643,584211.0,15284.723,8.525263,,,,,,
1780416398.738,584236.0,15284.846,8.525195,,,,,,
1780416398.740,584261.0,15285.026,8.525095,,,,,,
1780416398.741,584286.0,15285.169,8.525016,,,,,,
1780416398.742,584311.0,15285.08,8.525066,,,,,,
1780416398.822,584336.0,15284.938,8.525145,,,,,,
1780416398.823,584361.0,15285.223,8.524986,,,,,,
1780416398.824,584386.0,15285.223,8.524986,,,,,,
1780416398.922,584411.0,15285.259,8.524693,,,,,,
1780416398.923,584436.0,15285.151,8.524753,,,,,,
1780416398.923,584461.0,15285.044,8.524814,,,,,,
1780416398.924,584486.0,15285.044,8.524813,,,,,,
1780416399.005,584511.0,15285.169,8.524743,,,,,,
1780416399.006,584536.0,15285.132,8.524764,,,,,,
1780416399.007,584561.0,15285.113,8.524502,,,,,,
1780416399.072,584586.0,15285.026,8.52455,,,,,,
1780416399.072,584611.0,15285.024,8.524551,,,,,,
1780416399.073,584636.0,15284.988,8.524571,,,,,,
1780416399.138,584661.0,15285.131,8.524492,,,,,,
1780416399.138,584686.0,15285.059,8.524532,,,,,,
1780416399.139,584711.0,15284.705,8.524729,,,,,,
1780416399.204,584736.0,15284.988,8.524571,,,,,,
1780416399.204,584761.0,15284.846,8.524651,,,,,,
1780416399.270,584786.0,15284.864,8.52464,,,,,,
1780416399.271,584811.0,15284.919,8.52461,,,,,,
1780416399.271,584836.0,15284.686,8.524739,,,,,,
1780416399.340,584861.0,15284.705,8.524729,,,,,,
1780416399.341,584886.0,15284.563,8.524807,,,,,,
1780416399.341,584911.0,15284.455,8.524867,,,,,,
1780416399.422,584936.0,15284.507,8.524838,,,,,,
1780416399.423,584961.0,15284.313,8.524945,,,,,,
1780416399.423,584986.0,15284.205,8.525005,,,,,,
1780416399.506,585011.0,15284.099,8.525064,,,,,,
1780416399.508,585036.0,15284.081,8.525074,,,,,,
1780416399.509,585061.0,15284.26,8.524975,,,,,,
1780416399.588,585086.0,15284.366,8.524916,,,,,,
1780416399.589,585111.0,15284.295,8.524956,,,,,,
1780416399.589,585136.0,15284.384,8.524906,,,,,,
1780416399.590,585161.0,15284.401,8.524897,,,,,,
1780416399.671,585186.0,15284.507,8.524838,,,,,,
1780416399.672,585211.0,15284.56,8.524809,,,,,,
1780416399.672,585236.0,15284.667,8.52475,,,,,,
1780416399.756,585261.0,15284.489,8.524848,,,,,,
1780416399.757,585286.0,15284.473,8.524857,,,,,,
1780416399.757,585311.0,15284.634,8.524768,,,,,,
1780416399.854,585336.0,15285.044,8.524541,,,,,,
1780416399.855,585361.0,15284.973,8.52458,,,,,,
1780416399.855,585386.0,15285.114,8.524502,,,,,,
1780416399.856,585411.0,15285.294,8.524403,,,,,,
1780416399.950,585436.0,15285.061,8.524531,,,,,,
1780416399.951,585461.0,15285.116,8.524501,,,,,,
1780416399.952,585486.0,15285.078,8.524522,,,,,,
1780416399.952,585511.0,15285.169,8.524471,,,,,,
1780416400.039,585536.0,15285.116,8.524501,,,,,,
1780416400.040,585561.0,15285.132,8.524492,,,,,,
1780416400.040,585586.0,15285.311,8.524393,,,,,,
1780416400.041,585611.0,15285.292,8.524404,,,,,,
1780416400.122,585636.0,15285.292,8.524404,,,,,,
1780416400.124,585661.0,15285.381,8.524626,,,,,,
1780416400.126,585686.0,15285.22,8.524715,,,,,,
1780416400.221,585711.0,15284.97,8.524854,,,,,,
1780416400.222,585736.0,15285.13,8.524765,,,,,,
1780416400.222,585761.0,15284.81,8.524942,,,,,,
1780416400.223,585786.0,15284.791,8.524953,,,,,,
1780416400.306,585811.0,15284.755,8.524973,,,,,,
1780416400.307,585836.0,15284.721,8.524991,,,,,,
1780416400.308,585861.0,15284.598,8.52506,,,,,,
1780416400.389,585886.0,15284.667,8.525022,,,,,,
1780416400.390,585911.0,15284.724,8.52499,,,,,,
1780416400.391,585936.0,15284.526,8.525099,,,,,,
1780416400.392,585961.0,15284.545,8.525089,,,,,,
1780416400.490,585986.0,15284.561,8.52508,,,,,,
1780416400.492,586011.0,15284.578,8.52507,,,,,,
1780416400.493,586036.0,15284.399,8.525169,,,,,,
1780416400.495,586061.0,15284.311,8.525219,,,,,,
1780416400.588,586086.0,15284.274,8.525239,,,,,,
1780416400.589,586111.0,15284.169,8.525297,,,,,,
1780416400.590,586136.0,15284.061,8.525357,,,,,,
1780416400.591,586161.0,15284.114,8.525328,,,,,,
1780416400.671,586186.0,15284.044,8.525367,,,,,,
1780416400.671,586211.0,15284.114,8.525328,,,,,,
1780416400.672,586236.0,15284.151,8.525307,,,,,,
1780416400.789,586261.0,15284.238,8.525259,,,,,,
1780416400.791,586286.0,15284.098,8.525336,,,,,,
1780416400.793,586311.0,15284.152,8.525034,,,,,,
1780416400.793,586336.0,15284.224,8.524995,,,,,,
1780416400.793,586361.0,15284.045,8.525094,,,,,,
1780416400.872,586386.0,15284.026,8.525105,,,,,,
1780416400.873,586411.0,15283.991,8.525124,,,,,,
1780416400.874,586436.0,15283.92,8.525163,,,,,,
1780416400.990,586461.0,15283.955,8.525144,,,,,,
1780416400.991,586486.0,15284.078,8.525076,,,,,,
1780416400.993,586511.0,15284.061,8.525085,,,,,,
1780416400.995,586536.0,15284.151,8.525035,,,,,,
1780416400.996,586561.0,15284.205,8.525005,,,,,,
1780416401.091,586586.0,15284.188,8.525015,,,,,,
1780416401.094,586611.0,15284.17,8.525024,,,,,,
1780416401.096,586636.0,15284.259,8.524976,,,,,,
1780416401.098,586661.0,15284.277,8.524965,,,,,,
1780416401.190,586686.0,15284.417,8.524888,,,,,,
1780416401.191,586711.0,15284.613,8.524779,,,,,,
1780416401.193,586736.0,15284.489,8.524848,,,,,,
1780416401.194,586761.0,15284.667,8.52475,,,,,,
1780416401.305,586786.0,15284.702,8.52473,,,,,,
1780416401.306,586811.0,15284.846,8.524652,,,,,,
1780416401.307,586836.0,15284.792,8.52468,,,,,,
1780416401.308,586861.0,15284.756,8.5247,,,,,,
1780416401.398,586886.0,15284.809,8.524671,,,,,,
1780416401.399,586911.0,15284.897,8.524349,,,,,,
1780416401.399,586936.0,15284.826,8.524661,,,,,,
1780416401.400,586961.0,15284.791,8.524681,,,,,,
1780416401.471,586986.0,15284.897,8.524622,,,,,,
1780416401.472,587011.0,15285.044,8.524541,,,,,,
1780416401.472,587036.0,15285.076,8.524523,,,,,,
1780416401.573,587061.0,15285.06,8.524532,,,,,,
1780416401.573,587086.0,15285.149,8.524482,,,,,,
1780416401.574,587111.0,15285.188,8.524461,,,,,,
1780416401.574,587136.0,15285.311,8.524393,,,,,,
1780416401.653,587161.0,15285.149,8.524482,,,,,,
1780416401.654,587186.0,15285.186,8.524463,,,,,,
1780416401.654,587211.0,15285.219,8.524444,,,,,,
1780416401.738,587236.0,15285.131,8.524492,,,,,,
1780416401.739,587261.0,15285.06,8.524532,,,,,,
1780416401.739,587286.0,15285.024,8.524551,,,,,,
1780416401.740,587311.0,15284.971,8.524581,,,,,,
1780416401.822,587336.0,15284.882,8.524631,,,,,,
1780416401.824,587361.0,15285.186,8.524463,,,,,,
1780416401.824,587386.0,15285.239,8.524432,,,,,,
1780416401.938,587411.0,15285.026,8.52455,,,,,,
1780416401.938,587436.0,15284.955,8.52459,,,,,,
1780416401.939,587461.0,15284.953,8.52459,,,,,,
1780416401.939,587486.0,15284.899,8.524621,,,,,,
1780416401.940,587511.0,15284.828,8.52466,,,,,,
1780416402.022,587536.0,15284.917,8.524611,,,,,,
1780416402.023,587561.0,15284.721,8.524719,,,,,,
1780416402.023,587586.0,15284.88,8.524632,,,,,,
1780416402.107,587611.0,15284.756,8.5247,,,,,,
1780416402.108,587636.0,15284.935,8.524601,,,,,,
1780416402.110,587661.0,15284.738,8.52471,,,,,,
1780416402.187,587686.0,15284.863,8.524641,,,,,,
1780416402.188,587711.0,15284.702,8.52473,,,,,,
1780416402.188,587736.0,15284.544,8.524817,,,,,,
1780416402.189,587761.0,15284.507,8.524838,,,,,,
1780416402.270,587786.0,15284.509,8.524837,,,,,,
1780416402.271,587811.0,15284.599,8.524787,,,,,,
1780416402.271,587836.0,15284.33,8.524936,,,,,,
1780416402.355,587861.0,15284.401,8.524897,,,,,,
1780416402.356,587886.0,15284.563,8.524807,,,,,,
1780416402.356,587911.0,15284.545,8.524817,,,,,,
1780416402.455,587936.0,15284.849,8.524649,,,,,,
1780416402.456,587961.0,15284.724,8.524718,,,,,,
1780416402.457,587986.0,15284.527,8.524827,,,,,,
1780416402.458,588011.0,15284.366,8.524643,,,,,,
1780416402.555,588036.0,15284.402,8.524623,,,,,,
1780416402.556,588061.0,15284.455,8.524594,,,,,,
1780416402.557,588086.0,15284.364,8.524644,,,,,,
1780416402.558,588111.0,15284.384,8.524633,,,,,,
1780416402.640,588136.0,15284.384,8.524633,,,,,,
1780416402.642,588161.0,15284.188,8.524742,,,,,,
1780416402.643,588186.0,15284.58,8.524525,,,,,,
1780416402.645,588211.0,15284.527,8.524554,,,,,,
1780416402.736,588236.0,15284.739,8.524437,,,,,,
1780416402.736,588261.0,15284.739,8.524437,,,,,,
1780416402.737,588286.0,15284.919,8.524337,,,,,,
1780416402.737,588311.0,15284.828,8.524387,,,,,,
1780416402.820,588336.0,15284.686,8.524467,,,,,,
1780416402.821,588361.0,15284.811,8.524397,,,,,,
1780416402.822,588386.0,15284.936,8.524328,,,,,,
1780416402.886,588411.0,15285.024,8.524279,,,,,,
1780416402.888,588436.0,15285.007,8.524288,,,,,,
1780416402.888,588461.0,15285.149,8.524209,,,,,,
1780416402.955,588486.0,15285.167,8.524199,,,,,,
1780416402.955,588511.0,15284.863,8.524368,,,,,,
1780416403.039,588536.0,15285.023,8.52428,,,,,,
1780416403.040,588561.0,15284.792,8.524407,,,,,,
1780416403.041,588586.0,15284.846,8.524378,,,,,,
1780416403.041,588611.0,15284.971,8.524308,,,,,,
1780416403.138,588636.0,15284.703,8.52473,,,,,,
1780416403.139,588661.0,15284.953,8.52459,,,,,,
1780416403.140,588686.0,15285.06,8.524532,,,,,,
1780416403.141,588711.0,15285.078,8.524522,,,,,,
1780416403.256,588736.0,15285.274,8.524413,,,,,,
1780416403.257,588761.0,15285.221,8.524443,,,,,,
1780416403.259,588786.0,15285.451,8.524315,,,,,,
1780416403.259,588811.0,15285.095,8.524512,,,,,,
1780416403.357,588836.0,15285.113,8.524502,,,,,,
1780416403.358,588861.0,15284.952,8.524591,,,,,,
1780416403.359,588886.0,15284.631,8.52477,,,,,,
1780416403.361,588911.0,15284.685,8.524739,,,,,,
1780416403.437,588936.0,15284.666,8.52475,,,,,,
1780416403.438,588961.0,15284.756,8.5247,,,,,,
1780416403.438,588986.0,15284.563,8.524807,,,,,,
1780416403.438,589011.0,15284.384,8.524906,,,,,,
1780416403.521,589036.0,15284.349,8.524925,,,,,,
1780416403.522,589061.0,15284.438,8.524877,,,,,,
1780416403.522,589086.0,15284.526,8.524827,,,,,,
1780416403.605,589111.0,15284.526,8.524827,,,,,,
1780416403.606,589136.0,15284.616,8.524777,,,,,,
1780416403.608,589161.0,15284.509,8.524837,,,,,,
1780416403.687,589186.0,15284.632,8.524769,,,,,,
1780416403.688,589211.0,15284.667,8.52475,,,,,,
1780416403.688,589236.0,15284.632,8.524769,,,,,,
1780416403.690,589261.0,15284.863,8.524641,,,,,,
1780416403.772,589286.0,15284.881,8.524631,,,,,,
1780416403.774,589311.0,15284.738,8.52471,,,,,,
1780416403.775,589336.0,15284.721,8.524719,,,,,,
1780416403.855,589361.0,15284.311,8.524947,,,,,,
1780416403.856,589386.0,15284.166,8.525027,,,,,,
1780416403.856,589411.0,15283.936,8.525154,,,,,,
1780416403.936,589436.0,15284.149,8.525036,,,,,,
1780416403.937,589461.0,15284.167,8.525026,,,,,,
1780416403.937,589486.0,15284.417,8.524888,,,,,,
1780416403.937,589511.0,15284.488,8.524848,,,,,,
1780416404.003,589536.0,15284.455,8.524867,,,,,,
1780416404.003,589561.0,15284.509,8.524837,,,,,,
1780416404.072,589586.0,15284.455,8.524867,,,,,,
1780416404.072,589611.0,15284.652,8.524757,,,,,,
1780416404.073,589636.0,15284.866,8.524639,,,,,,
1780416404.155,589661.0,15285.096,8.524512,,,,,,
1780416404.155,589686.0,15284.864,8.52464,,,,,,
1780416404.156,589711.0,15285.026,8.52455,,,,,,
1780416404.238,589736.0,15284.813,8.524669,,,,,,
1780416404.239,589761.0,15284.863,8.524641,,,,,,
1780416404.239,589786.0,15284.916,8.524611,,,,,,
1780416404.240,589811.0,15284.72,8.52472,,,,,,
1780416404.322,589836.0,15284.792,8.52468,,,,,,
1780416404.324,589861.0,15284.685,8.524739,,,,,,
1780416404.326,589886.0,15284.774,8.524417,,,,,,
1780416404.421,589911.0,15284.649,8.524487,,,,,,
1780416404.422,589936.0,15284.669,8.524475,,,,,,
1780416404.422,589961.0,15284.828,8.524387,,,,,,
1780416404.423,589986.0,15285.116,8.524228,,,,,,
1780416404.504,590011.0,15285.186,8.52419,,,,,,
1780416404.506,590036.0,15285.435,8.524052,,,,,,
1780416404.508,590061.0,15285.488,8.524022,,,,,,
1780416404.605,590086.0,15285.38,8.524082,,,,,,
1780416404.606,590111.0,15285.13,8.52422,,,,,,
1780416404.606,590136.0,15285.273,8.52414,,,,,,
1780416404.607,590161.0,15285.345,8.524101,,,,,,
1780416404.689,590186.0,15285.273,8.52414,,,,,,
1780416404.689,590211.0,15285.486,8.524023,,,,,,
1780416404.690,590236.0,15285.417,8.524061,,,,,,
1780416404.690,590261.0,15285.203,8.524179,,,,,,
1780416404.769,590286.0,15285.026,8.524278,,,,,,
1780416404.770,590311.0,15285.149,8.524209,,,,,,
1780416404.770,590336.0,15284.953,8.524318,,,,,,
1780416404.853,590361.0,15285.112,8.52423,,,,,,
1780416404.854,590386.0,15285.058,8.524261,,,,,,
1780416404.854,590411.0,15284.986,8.5243,,,,,,
1780416404.920,590436.0,15285.112,8.52423,,,,,,
1780416404.921,590461.0,15285.059,8.52426,,,,,,
1780416404.922,590486.0,15285.291,8.524131,,,,,,
1780416405.004,590511.0,15285.238,8.524433,,,,,,
1780416405.005,590536.0,15284.864,8.52464,,,,,,
1780416405.005,590561.0,15284.774,8.52469,,,,,,
1780416405.069,590586.0,15284.631,8.52477,,,,,,
1780416405.070,590611.0,15284.455,8.524594,,,,,,
1780416405.070,590636.0,15284.507,8.524566,,,,,,
1780416405.170,590661.0,15284.453,8.524595,,,,,,
1780416405.171,590686.0,15284.327,8.524665,,,,,,
1780416405.171,590711.0,15284.488,8.524575,,,,,,
1780416405.172,590736.0,15284.507,8.524566,,,,,,
1780416405.271,590761.0,15284.455,8.524594,,,,,,
1780416405.272,590786.0,15284.276,8.524693,,,,,,
1780416405.273,590811.0,15284.384,8.524633,,,,,,
1780416405.275,590836.0,15284.188,8.524742,,,,,,
1780416405.369,590861.0,15284.276,8.524693,,,,,,
1780416405.370,590886.0,15284.259,8.524703,,,,,,
1780416405.370,590911.0,15284.134,8.524772,,,,,,
1780416405.371,590936.0,15284.169,8.524753,,,,,,
1780416405.455,590961.0,15284.026,8.524832,,,,,,
1780416405.456,590986.0,15284.098,8.524792,,,,,,
1780416405.456,591011.0,15284.223,8.524723,,,,,,
1780416405.537,591036.0,15284.152,8.524761,,,,,,
1780416405.537,591061.0,15284.116,8.524781,,,,,,
1780416405.538,591086.0,15283.974,8.52486,,,,,,
1780416405.538,591111.0,15283.778,8.524969,,,,,,
1780416405.619,591136.0,15283.76,8.524979,,,,,,
1780416405.620,591161.0,15283.991,8.524851,,,,,,
1780416405.620,591186.0,15284.151,8.524762,,,,,,
1780416405.703,591211.0,15284.045,8.524821,,,,,,
1780416405.704,591236.0,15284.239,8.524986,,,,,,
1780416405.706,591261.0,15284.295,8.524956,,,,,,
1780416405.787,591286.0,15284.188,8.525015,,,,,,
1780416405.788,591311.0,15284.188,8.525015,,,,,,
1780416405.789,591336.0,15284.063,8.525084,,,,,,
1780416405.790,591361.0,15284.241,8.524985,,,,,,
1780416405.890,591386.0,15284.259,8.524976,,,,,,
1780416405.891,591411.0,15284.385,8.524906,,,,,,
1780416405.893,591436.0,15284.491,8.524847,,,,,,
1780416405.894,591461.0,15284.58,8.524797,,,,,,
1780416405.971,591486.0,15284.526,8.524827,,,,,,
1780416405.972,591511.0,15284.739,8.52471,,,,,,
1780416405.973,591536.0,15284.703,8.52473,,,,,,
1780416406.071,591561.0,15284.721,8.524719,,,,,,
1780416406.072,591586.0,15284.846,8.524651,,,,,,
1780416406.074,591611.0,15284.773,8.524691,,,,,,
1780416406.077,591636.0,15284.811,8.52467,,,,,,
1780416406.172,591661.0,15285.042,8.524542,,,,,,
1780416406.173,591686.0,15284.952,8.524591,,,,,,
1780416406.174,591711.0,15285.22,8.524444,,,,,,
1780416406.175,591736.0,15285.271,8.524415,,,,,,
1780416406.269,591761.0,15285.096,8.524512,,,,,,
1780416406.270,591786.0,15285.186,8.524463,,,,,,
1780416406.270,591811.0,15285.113,8.524502,,,,,,
1780416406.271,591836.0,15285.292,8.524404,,,,,,
1780416406.354,591861.0,15285.327,8.524384,,,,,,
1780416406.356,591886.0,15285.238,8.524433,,,,,,
1780416406.357,591911.0,15285.345,8.524101,,,,,,
1780416406.438,591936.0,15285.487,8.524022,,,,,,
1780416406.440,591961.0,15285.683,8.523914,,,,,,
1780416406.442,591986.0,15285.647,8.523933,,,,,,
1780416406.443,592011.0,15285.772,8.523865,,,,,,
1780416406.539,592036.0,15285.933,8.523776,,,,,,
1780416406.540,592061.0,15285.913,8.523787,,,,,,
1780416406.541,592086.0,15286.004,8.523736,,,,,,
1780416406.542,592111.0,15286.111,8.523677,,,,,,
1780416406.620,592136.0,15285.95,8.523767,,,,,,
1780416406.621,592161.0,15286.2,8.523627,,,,,,
1780416406.621,592186.0,15286.073,8.523698,,,,,,
1780416406.721,592211.0,15286.325,8.523559,,,,,,
1780416406.723,592236.0,15286.29,8.523578,,,,,,
1780416406.724,592261.0,15286.201,8.523627,,,,,,
1780416406.725,592286.0,15286.165,8.523647,,,,,,
1780416406.803,592311.0,15286.094,8.523686,,,,,,
1780416406.804,592336.0,15285.987,8.523746,,,,,,
1780416406.804,592361.0,15286.184,8.523637,,,,,,
1780416406.887,592386.0,15286.451,8.523489,,,,,,
1780416406.889,592411.0,15286.398,8.523518,,,,,,
1780416406.890,592436.0,15286.219,8.523618,,,,,,
1780416406.891,592461.0,15286.202,8.523626,,,,,,
1780416406.969,592486.0,15286.201,8.523627,,,,,,
1780416406.970,592511.0,15286.237,8.523607,,,,,,
1780416406.970,592536.0,15286.201,8.5239,,,,,,
1780416407.069,592561.0,15285.828,8.524106,,,,,,
1780416407.070,592586.0,15285.773,8.524137,,,,,,
1780416407.070,592611.0,15285.791,8.524127,,,,,,
1780416407.071,592636.0,15285.631,8.524216,,,,,,
1780416407.136,592661.0,15285.487,8.524295,,,,,,
1780416407.138,592686.0,15285.295,8.524402,,,,,,
1780416407.139,592711.0,15285.256,8.524424,,,,,,
1780416407.222,592736.0,15285.276,8.524412,,,,,,
1780416407.223,592761.0,15285.453,8.524314,,,,,,
1780416407.224,592786.0,15285.524,8.524002,,,,,,
1780416407.286,592811.0,15285.613,8.523952,,,,,,
1780416407.288,592836.0,15285.488,8.524022,,,,,,
1780416407.288,592861.0,15285.56,8.523982,,,,,,
1780416407.368,592886.0,15285.612,8.523682,,,,,,
1780416407.369,592911.0,15285.47,8.52376,,,,,,
1780416407.370,592936.0,15285.505,8.524013,,,,,,
1780416407.454,592961.0,15285.487,8.524022,,,,,,
1780416407.455,592986.0,15285.434,8.524052,,,,,,
1780416407.455,593011.0,15285.398,8.524072,,,,,,
1780416407.535,593036.0,15285.487,8.524022,,,,,,
1780416407.537,593061.0,15285.79,8.523855,,,,,,
1780416407.538,593086.0,15285.97,8.523755,,,,,,
1780416407.539,593111.0,15286.111,8.523677,,,,,,
1780416407.636,593136.0,15286.272,8.523587,,,,,,
1780416407.637,593161.0,15286.165,8.523647,,,,,,
1780416407.637,593186.0,15286.433,8.523227,,,,,,
1780416407.638,593211.0,15286.663,8.5231,,,,,,
1780416407.718,593236.0,15286.412,8.523238,,,,,,
1780416407.719,593261.0,15286.573,8.523149,,,,,,
1780416407.719,593286.0,15286.521,8.523178,,,,,,
1780416407.785,593311.0,15286.451,8.523217,,,,,,
1780416407.786,593336.0,15286.538,8.523169,,,,,,
1780416407.861,593361.0,15286.416,8.523236,,,,,,
1780416407.862,593386.0,15286.238,8.523335,,,,,,
1780416407.863,593411.0,15285.987,8.523746,,,,,,
1780416407.864,593436.0,15286.058,8.523706,,,,,,
1780416407.936,593461.0,15286.111,8.523679,,,,,,
1780416407.938,593486.0,15286.163,8.523648,,,,,,
1780416407.939,593511.0,15286.147,8.52393,,,,,,
1780416408.018,593536.0,15285.952,8.524037,,,,,,
1780416408.019,593561.0,15286.111,8.523677,,,,,,
1780416408.019,593586.0,15286.056,8.523707,,,,,,
1780416408.102,593611.0,15286.129,8.523667,,,,,,
1780416408.103,593636.0,15286.04,8.523716,,,,,,
1780416408.103,593661.0,15286.058,8.523706,,,,,,
1780416408.187,593686.0,15285.861,8.523815,,,,,,
1780416408.188,593711.0,15285.719,8.523894,,,,,,
1780416408.189,593736.0,15285.755,8.523874,,,,,,
1780416408.190,593761.0,15285.647,8.523933,,,,,,
1780416408.304,593786.0,15285.594,8.523963,,,,,,
1780416408.305,593811.0,15285.576,8.524246,,,,,,
1780416408.305,593836.0,15285.434,8.524052,,,,,,
1780416408.306,593861.0,15285.648,8.523933,,,,,,
1780416408.387,593886.0,15285.666,8.523924,,,,,,
1780416408.388,593911.0,15285.684,8.523913,,,,,,
1780416408.388,593936.0,15285.934,8.523775,,,,,,
1780416408.389,593961.0,15285.826,8.523835,,,,,,
1780416408.469,593986.0,15285.897,8.523795,,,,,,
1780416408.470,594011.0,15286.022,8.523726,,,,,,
1780416408.472,594036.0,15286.041,8.523716,,,,,,
1780416408.569,594061.0,15286.095,8.523686,,,,,,
1780416408.570,594086.0,15285.881,8.523805,,,,,,
1780416408.570,594111.0,15285.934,8.523775,,,,,,
1780416408.571,594136.0,15285.97,8.523755,,,,,,
1780416408.653,594161.0,15286.236,8.523607,,,,,,
1780416408.654,594186.0,15286.326,8.523558,,,,,,
1780416408.655,594211.0,15286.522,8.523449,,,,,,
1780416408.737,594236.0,15286.413,8.52351,,,,,,
1780416408.737,594261.0,15286.573,8.523421,,,,,,
1780416408.738,594286.0,15286.609,8.523401,,,,,,
1780416408.739,594311.0,15286.858,8.523263,,,,,,
1780416408.818,594336.0,15286.771,8.523312,,,,,,
1780416408.818,594361.0,15286.575,8.52342,,,,,,
1780416408.819,594386.0,15286.7,8.523351,,,,,,
1780416408.904,594411.0,15286.788,8.523302,,,,,,
1780416408.905,594436.0,15286.683,8.52336,,,,,,
1780416408.907,594461.0,15286.647,8.523653,,,,,,
1780416408.984,594486.0,15286.559,8.523702,,,,,,
1780416408.985,594511.0,15286.523,8.523722,,,,,,
1780416408.985,594536.0,15286.47,8.523751,,,,,,
1780416409.068,594561.0,15286.29,8.52385,,,,,,
1780416409.069,594586.0,15286.452,8.523761,,,,,,
1780416409.069,594611.0,15286.416,8.523781,,,,,,
1780416409.069,594636.0,15286.203,8.523899,,,,,,
1780416409.153,594661.0,15286.327,8.52383,,,,,,
1780416409.155,594686.0,15286.202,8.523899,,,,,,
1780416409.157,594711.0,15286.165,8.52392,,,,,,
1780416409.235,594736.0,15286.185,8.523909,,,,,,
1780416409.235,594761.0,15285.811,8.524117,,,,,,
1780416409.236,594786.0,15285.738,8.524157,,,,,,
1780416409.338,594811.0,15283.747,8.525259,,,,,,
1780416409.339,594836.0,15283.533,8.525377,,,,,,
1780416409.341,594861.0,15283.516,8.525387,,,,,,
1780416409.342,594886.0,15283.391,8.525456,,,,,,
1780416409.343,594911.0,15283.498,8.525396,,,,,,
1780416409.453,594936.0,15283.444,8.525427,,,,,,
1780416409.454,594961.0,15283.587,8.525348,,,,,,
1780416409.454,594986.0,15283.711,8.525279,,,,,,
1780416409.455,595011.0,15281.563,8.526468,,,,,,
1780416409.553,595036.0,15281.67,8.526136,,,,,,
1780416409.554,595061.0,15281.953,8.525979,,,,,,
1780416409.555,595086.0,15281.631,8.526158,,,,,,
1780416409.555,595111.0,15281.701,8.526119,,,,,,
1780416409.634,595136.0,15281.417,8.526277,,,,,,
1780416409.635,595161.0,15281.487,8.526237,,,,,,
1780416409.635,595186.0,15281.666,8.526138,,,,,,
1780416409.706,595211.0,15281.613,8.526168,,,,,,
1780416409.707,595236.0,15281.526,8.526216,,,,,,
1780416409.708,595261.0,15281.599,8.526175,,,,,,
1780416409.803,595286.0,15279.996,8.527063,,,,,,
1780416409.804,595311.0,15280.193,8.526954,,,,,,
1780416409.805,595336.0,15280.496,8.526787,,,,,,
1780416409.805,595361.0,15280.479,8.526796,,,,,,
1780416409.889,595386.0,15280.746,8.526648,,,,,,
1780416409.891,595411.0,15280.853,8.526589,,,,,,
1780416409.892,595436.0,15282.773,8.525525,,,,,,
1780416409.893,595461.0,15282.844,8.525486,,,,,,
1780416410.003,595486.0,15282.844,8.525486,,,,,,
1780416410.004,595511.0,15282.809,8.525506,,,,,,
1780416410.004,595536.0,15282.754,8.525536,,,,,,
1780416410.005,595561.0,15282.522,8.525664,,,,,,
1780416410.087,595586.0,15282.486,8.525684,,,,,,
1780416410.088,595611.0,15282.45,8.525704,,,,,,
1780416410.088,595636.0,15284.547,8.524543,,,,,,
1780416410.088,595661.0,15284.495,8.524844,,,,,,
1780416410.169,595686.0,15284.066,8.525082,,,,,,
1780416410.171,595711.0,15284.367,8.524916,,,,,,
1780416410.172,595736.0,15284.474,8.524857,,,,,,
1780416410.253,595761.0,15284.6,8.524787,,,,,,
1780416410.254,595786.0,15284.493,8.524846,,,,,,
1780416410.255,595811.0,15284.403,8.524896,,,,,,
1780416410.353,595836.0,15284.528,8.524826,,,,,,
1780416410.354,595861.0,15284.671,8.524747,,,,,,
1780416410.354,595886.0,15284.653,8.524757,,,,,,
1780416410.355,595911.0,15286.236,8.52388,,,,,,
1780416410.436,595936.0,15285.826,8.523835,,,,,,
1780416410.437,595961.0,15285.915,8.523786,,,,,,
1780416410.439,595986.0,15285.772,8.523865,,,,,,
1780416410.440,596011.0,15285.88,8.523805,,,,,,
1780416410.535,596036.0,15285.72,8.524166,,,,,,
1780416410.536,596061.0,15285.487,8.524295,,,,,,
1780416410.536,596086.0,15285.542,8.524265,,,,,,
1780416410.618,596111.0,15285.576,8.524246,,,,,,
1780416410.618,596136.0,15285.648,8.524206,,,,,,
1780416410.619,596161.0,15285.523,8.524275,,,,,,
1780416410.619,596186.0,15285.685,8.524186,,,,,,
1780416410.702,596211.0,15285.666,8.524197,,,,,,
1780416410.703,596236.0,15285.398,8.524344,,,,,,
1780416410.704,596261.0,15285.326,8.524384,,,,,,
1780416410.788,596286.0,15285.397,8.524344,,,,,,
1780416410.788,596311.0,15285.558,8.524256,,,,,,
1780416410.789,596336.0,15285.54,8.524266,,,,,,
1780416410.789,596361.0,15285.415,8.524335,,,,,,
1780416410.870,596386.0,15285.575,8.524246,,,,,,
1780416410.871,596411.0,15285.788,8.524129,,,,,,
1780416410.872,596436.0,15285.825,8.524108,,,,,,
1780416410.969,596461.0,15285.719,8.524167,,,,,,
1780416410.970,596486.0,15285.826,8.524108,,,,,,
1780416410.970,596511.0,15285.934,8.524048,,,,,,
1780416410.971,596536.0,15286.059,8.523979,,,,,,
1780416411.068,596561.0,15286.433,8.524044,,,,,,
1780416411.069,596586.0,15286.13,8.524211,,,,,,
1780416411.069,596611.0,15286.095,8.524231,,,,,,
1780416411.070,596636.0,15285.915,8.52433,,,,,,
1780416411.135,596661.0,15285.88,8.524077,,,,,,
1780416411.136,596686.0,15286.129,8.52394,,,,,,
1780416411.218,596711.0,15286.094,8.523959,,,,,,
1780416411.219,596736.0,15285.879,8.524078,,,,,,
1780416411.219,596761.0,15285.915,8.524058,,,,,,
1780416411.220,596786.0,15285.772,8.524137,,,,,,
1780416411.305,596811.0,15285.915,8.524058,,,,,,
1780416411.307,596836.0,15285.791,8.524127,,,,,,
1780416411.308,596861.0,15286.023,8.523998,,,,,,
1780416411.387,596886.0,15285.951,8.524038,,,,,,
1780416411.388,596911.0,15285.702,8.524177,,,,,,
1780416411.388,596936.0,15285.811,8.524117,,,,,,
1780416411.388,596961.0,15285.882,8.524076,,,,,,
1780416411.470,596986.0,15285.756,8.524146,,,,,,
1780416411.472,597011.0,15285.651,8.524204,,,,,,
1780416411.474,597036.0,15285.669,8.524195,,,,,,
1780416411.570,597061.0,15285.51,8.524282,,,,,,
1780416411.572,597086.0,15285.348,8.524372,,,,,,
1780416411.573,597111.0,15285.239,8.524432,,,,,,
1780416411.574,597136.0,15285.203,8.524452,,,,,,
1780416411.688,597161.0,15285.08,8.524521,,,,,,
1780416411.689,597186.0,15284.953,8.52459,,,,,,
1780416411.691,597211.0,15284.669,8.524748,,,,,,
1780416411.692,597236.0,15284.792,8.52468,,,,,,
1780416411.693,597261.0,15284.846,8.524651,,,,,,
1780416411.786,597286.0,15284.863,8.524641,,,,,,
1780416411.786,597311.0,15284.795,8.524678,,,,,,
1780416411.787,597336.0,15284.863,8.524641,,,,,,
1780416411.868,597361.0,15284.901,8.52462,,,,,,
1780416411.869,597386.0,15284.81,8.524671,,,,,,
1780416411.869,597411.0,15285.059,8.524532,,,,,,
1780416411.870,597436.0,15284.917,8.524611,,,,,,
1780416411.968,597461.0,15284.988,8.524571,,,,,,
1780416411.968,597486.0,15284.846,8.524651,,,,,,
1780416411.969,597511.0,15284.846,8.524651,,,,,,
1780416411.969,597536.0,15285.113,8.524502,,,,,,
1780416412.104,597561.0,15285.096,8.524512,,,,,,
1780416412.106,597586.0,15284.739,8.52471,,,,,,
1780416412.107,597611.0,15284.899,8.524621,,,,,,
1780416412.110,597636.0,15284.792,8.52468,,,,,,
1780416412.111,597661.0,15284.542,8.524818,,,,,,
1780416412.218,597686.0,15284.596,8.524789,,,,,,
1780416412.219,597711.0,15284.506,8.524838,,,,,,
1780416412.219,597736.0,15284.382,8.524907,,,,,,
1780416412.220,597761.0,15284.346,8.524927,,,,,,
1780416412.220,597786.0,15284.276,8.524965,,,,,,
1780416412.302,597811.0,15284.259,8.524976,,,,,,
1780416412.304,597836.0,15284.686,8.524739,,,,,,
1780416412.305,597861.0,15284.741,8.524709,,,,,,
1780416412.387,597886.0,15284.686,8.524739,,,,,,
1780416412.388,597911.0,15284.667,8.52475,,,,,,
1780416412.388,597936.0,15284.723,8.524718,,,,,,
1780416412.389,597961.0,15284.313,8.524945,,,,,,
1780416412.468,597986.0,15284.366,8.524916,,,,,,
1780416412.469,598011.0,15284.311,8.524947,,,,,,
1780416412.469,598036.0,15284.276,8.525237,,,,,,
1780416412.551,598061.0,15284.08,8.525346,,,,,,
1780416412.552,598086.0,15284.024,8.525377,,,,,,
1780416412.552,598111.0,15283.973,8.525406,,,,,,
1780416412.669,598136.0,15283.759,8.525524,,,,,,
1780416412.671,598161.0,15283.917,8.525436,,,,,,
1780416412.672,598186.0,15284.132,8.525317,,,,,,
1780416412.673,598211.0,15284.311,8.524947,,,,,,
1780416412.674,598236.0,15284.363,8.525189,,,,,,
1780416412.769,598261.0,15284.596,8.525061,,,,,,
1780416412.769,598286.0,15284.669,8.52502,,,,,,
1780416412.770,598311.0,15284.828,8.524932,,,,,,
1780416412.770,598336.0,15284.917,8.524882,,,,,,
1780416412.851,598361.0,15285.024,8.524823,,,,,,
1780416412.851,598386.0,15284.988,8.524843,,,,,,
1780416412.852,598411.0,15285.042,8.524814,,,,,,
1780416412.953,598436.0,15285.044,8.524813,,,,,,
1780416412.954,598461.0,15284.881,8.524902,,,,,,
1780416412.954,598486.0,15284.863,8.524913,,,,,,
1780416412.955,598511.0,15284.703,8.52473,,,,,,
1780416413.052,598536.0,15284.97,8.524582,,,,,,
1780416413.053,598561.0,15284.971,8.524582,,,,,,
1780416413.054,598586.0,15285.327,8.524384,,,,,,
1780416413.054,598611.0,15285.256,8.524424,,,,,,
1780416413.135,598636.0,15285.273,8.524413,,,,,,
1780416413.136,598661.0,15285.291,8.524131,,,,,,
1780416413.137,598686.0,15285.434,8.524052,,,,,,
1780416413.138,598711.0,15285.56,8.523982,,,,,,
1780416413.218,598736.0,15285.72,8.523893,,,,,,
1780416413.218,598761.0,15285.898,8.523797,,,,,,
1780416413.219,598786.0,15285.755,8.523874,,,,,,
1780416413.318,598811.0,15285.506,8.524013,,,,,,
1780416413.320,598836.0,15285.523,8.524002,,,,,,
1780416413.321,598861.0,15285.47,8.52376,,,,,,
1780416413.322,598886.0,15285.237,8.523889,,,,,,
1780416413.402,598911.0,15285.22,8.523899,,,,,,
1780416413.402,598936.0,15285.184,8.523919,,,,,,
1780416413.403,598961.0,15285.095,8.523968,,,,,,
1780416413.485,598986.0,15285.202,8.523909,,,,,,
1780416413.485,599011.0,15285.255,8.524151,,,,,,
1780416413.486,599036.0,15285.325,8.524112,,,,,,
1780416413.568,599061.0,15285.344,8.524102,,,,,,
1780416413.569,599086.0,15285.505,8.524013,,,,,,
1780416413.569,599111.0,15285.397,8.524072,,,,,,
1780416413.569,599136.0,15285.7,8.524178,,,,,,
1780416413.653,599161.0,15285.629,8.524217,,,,,,
1780416413.655,599186.0,15285.576,8.524246,,,,,,
1780416413.657,599211.0,15285.683,8.524187,,,,,,
1780416413.752,599236.0,15285.737,8.524157,,,,,,
1780416413.754,599261.0,15285.63,8.524217,,,,,,
1780416413.755,599286.0,15285.756,8.524146,,,,,,
1780416413.757,599311.0,15285.612,8.524226,,,,,,
1780416413.867,599336.0,15285.523,8.524275,,,,,,
1780416413.868,599361.0,15285.292,8.524404,,,,,,
1780416413.868,599386.0,15285.345,8.524374,,,,,,
1780416413.868,599411.0,15285.345,8.524374,,,,,,
1780416413.869,599436.0,15285.345,8.524101,,,,,,
1780416413.953,599461.0,15285.505,8.524285,,,,,,
1780416413.955,599486.0,15285.274,8.524413,,,,,,
1780416413.957,599511.0,15285.471,8.524304,,,,,,
1780416414.051,599536.0,15285.596,8.524236,,,,,,
1780416414.051,599561.0,15285.56,8.524255,,,,,,
1780416414.052,599586.0,15285.81,8.524117,,,,,,
1780416414.052,599611.0,15285.595,8.523963,,,,,,
1780416414.135,599636.0,15285.452,8.52377,,,,,,
1780416414.137,599661.0,15285.291,8.523859,,,,,,
1780416414.138,599686.0,15285.309,8.523849,,,,,,
1780416414.140,599711.0,15285.38,8.52381,,,,,,
1780416414.234,599736.0,15285.202,8.523909,,,,,,
1780416414.234,599761.0,15285.095,8.523968,,,,,,
1780416414.235,599786.0,15284.934,8.524057,,,,,,
1780416414.319,599811.0,15285.06,8.523988,,,,,,
1780416414.320,599836.0,15285.023,8.524008,,,,,,
1780416414.321,599861.0,15285.169,8.523927,,,,,,
1780416414.321,599886.0,15285.417,8.523789,,,,,,
1780416414.402,599911.0,15285.257,8.523878,,,,,,
1780416414.403,599936.0,15285.419,8.523788,,,,,,
1780416414.403,599961.0,15285.328,8.523839,,,,,,
1780416414.484,599986.0,15285.42,8.523787,,,,,,
1780416414.485,600011.0,15285.364,8.523819,,,,,,
1780416414.485,600036.0,15285.151,8.523936,,,,,,
1780416414.568,600061.0,15285.203,8.524452,,,,,,
1780416414.568,600086.0,15285.114,8.524502,,,,,,
1780416414.569,600111.0,15285.113,8.524502,,,,,,
1780416414.569,600136.0,15285.007,8.524561,,,,,,
1780416414.667,600161.0,15284.917,8.524611,,,,,,
1780416414.667,600186.0,15284.794,8.524679,,,,,,
1780416414.668,600211.0,15284.598,8.524788,,,,,,
1780416414.668,600236.0,15284.634,8.52504,,,,,,
1780416414.734,600261.0,15284.864,8.524912,,,,,,
1780416414.735,600286.0,15284.863,8.524913,,,,,,
1780416414.817,600311.0,15284.971,8.524853,,,,,,
1780416414.818,600336.0,15284.632,8.525041,,,,,,
1780416414.818,600361.0,15284.864,8.524912,,,,,,
1780416414.818,600386.0,15284.813,8.52494,,,,,,
1780416414.901,600411.0,15284.688,8.52501,,,,,,
1780416414.901,600436.0,15284.474,8.525128,,,,,,
1780416414.901,600461.0,15284.153,8.525306,,,,,,
1780416414.968,600486.0,15283.975,8.525405,,,,,,
1780416414.968,600511.0,15283.85,8.525474,,,,,,
1780416414.969,600536.0,15283.725,8.525543,,,,,,
1780416415.054,600561.0,15283.617,8.525602,,,,,,
1780416415.056,600586.0,15283.581,8.525623,,,,,,
1780416415.058,600611.0,15283.617,8.525602,,,,,,
1780416415.151,600636.0,15283.724,8.525543,,,,,,
1780416415.152,600661.0,15283.849,8.525475,,,,,,
1780416415.152,600686.0,15283.938,8.525153,,,,,,
1780416415.153,600711.0,15283.795,8.525232,,,,,,
1780416415.233,600736.0,15283.974,8.525133,,,,,,
1780416415.235,600761.0,15283.867,8.525192,,,,,,
1780416415.236,600786.0,15283.939,8.525152,,,,,,
1780416415.334,600811.0,15284.01,8.525113,,,,,,
1780416415.335,600836.0,15284.027,8.525104,,,,,,
1780416415.336,600861.0,15284.01,8.525113,,,,,,
1780416415.336,600886.0,15284.009,8.525114,,,,,,
1780416415.434,600911.0,15283.884,8.525183,,,,,,
1780416415.434,600936.0,15283.723,8.525272,,,,,,
1780416415.435,600961.0,15283.848,8.525203,,,,,,
1780416415.435,600986.0,15283.849,8.525203,,,,,,
1780416415.517,601011.0,15283.688,8.525291,,,,,,
1780416415.517,601036.0,15283.92,8.525163,,,,,,
1780416415.518,601061.0,15284.081,8.525074,,,,,,
1780416415.518,601086.0,15284.239,8.524986,,,,,,
1780416415.622,601111.0,15284.346,8.524927,,,,,,
1780416415.623,601136.0,15284.223,8.524996,,,,,,
1780416415.625,601161.0,15284.346,8.524927,,,,,,
1780416415.626,601186.0,15284.399,8.524898,,,,,,
1780416415.701,601211.0,15284.31,8.524947,,,,,,
1780416415.701,601236.0,15284.362,8.524919,,,,,,
1780416415.702,601261.0,15284.327,8.524938,,,,,,
1780416415.768,601286.0,15284.348,8.524926,,,,,,
1780416415.770,601311.0,15284.132,8.525045,,,,,,
1780416415.771,601336.0,15284.311,8.524947,,,,,,
1780416415.867,601361.0,15284.363,8.524918,,,,,,
1780416415.867,601386.0,15284.401,8.524897,,,,,,
1780416415.867,601411.0,15284.401,8.524897,,,,,,
1780416415.868,601436.0,15284.436,8.524878,,,,,,
1780416415.933,601461.0,15284.526,8.524827,,,,,,
1780416415.934,601486.0,15284.436,8.524878,,,,,,
1780416416.016,601511.0,15284.348,8.524926,,,,,,
1780416416.017,601536.0,15284.545,8.524817,,,,,,
1780416416.017,601561.0,15284.542,8.524818,,,,,,
1780416416.017,601586.0,15284.792,8.52468,,,,,,
1780416416.099,601611.0,15284.667,8.52475,,,,,,
1780416416.100,601636.0,15284.811,8.52467,,,,,,
1780416416.100,601661.0,15284.759,8.524698,,,,,,
1780416416.166,601686.0,15284.632,8.524769,,,,,,
1780416416.167,601711.0,15284.489,8.524848,,,,,,
1780416416.167,601736.0,15284.384,8.525178,,,,,,
1780416416.233,601761.0,15284.438,8.525148,,,,,,
1780416416.234,601786.0,15284.402,8.525167,,,,,,
1780416416.300,601811.0,15284.295,8.525228,,,,,,
1780416416.301,601836.0,15284.67,8.52502,,,,,,
1780416416.301,601861.0,15284.955,8.524861,,,,,,
1780416416.387,601886.0,15284.935,8.524873,,,,,,
1780416416.388,601911.0,15284.916,8.524883,,,,,,
1780416416.388,601936.0,15284.88,8.524903,,,,,,
1780416416.389,601961.0,15284.773,8.524962,,,,,,
1780416416.450,601986.0,15284.757,8.524971,,,,,,
1780416416.450,602011.0,15284.791,8.524953,,,,,,
1780416416.516,602036.0,15284.791,8.524681,,,,,,
1780416416.516,602061.0,15284.648,8.525031,,,,,,
1780416416.517,602086.0,15284.649,8.525031,,,,,,
1780416416.583,602111.0,15284.721,8.524991,,,,,,
1780416416.583,602136.0,15284.688,8.52501,,,,,,
1780416416.650,602161.0,15284.811,8.524941,,,,,,
1780416416.650,602186.0,15284.598,8.52506,,,,,,
1780416416.650,602211.0,15284.313,8.525217,,,,,,
1780416416.735,602236.0,15284.242,8.525256,,,,,,
1780416416.736,602261.0,15284.206,8.525277,,,,,,
1780416416.736,602286.0,15284.384,8.525178,,,,,,
1780416416.817,602311.0,15284.401,8.525168,,,,,,
1780416416.818,602336.0,15284.58,8.525069,,,,,,
1780416416.818,602361.0,15284.524,8.524828,,,,,,
1780416416.819,602386.0,15284.578,8.524798,,,,,,
1780416416.902,602411.0,15284.596,8.524789,,,,,,
1780416416.903,602436.0,15284.705,8.524729,,,,,,
1780416416.903,602461.0,15284.295,8.524956,,,,,,
1780416416.967,602486.0,15283.991,8.525124,,,,,,
1780416416.968,602511.0,15283.971,8.525135,,,,,,
1780416416.968,602536.0,15283.953,8.525145,,,,,,
1780416417.051,602561.0,15284.096,8.525065,,,,,,
1780416417.053,602586.0,15283.953,8.525146,,,,,,
1780416417.054,602611.0,15283.83,8.525213,,,,,,
1780416417.134,602636.0,15283.759,8.525252,,,,,,
1780416417.135,602661.0,15283.757,8.525525,,,,,,
1780416417.135,602686.0,15283.83,8.525213,,,,,,
1780416417.235,602711.0,15283.848,8.525203,,,,,,
1780416417.237,602736.0,15283.83,8.525213,,,,,,
1780416417.238,602761.0,15283.848,8.525203,,,,,,
1780416417.240,602786.0,15283.811,8.525224,,,,,,
1780416417.242,602811.0,15283.989,8.525125,,,,,,
1780416417.333,602836.0,15284.098,8.525064,,,,,,
1780416417.334,602861.0,15284.186,8.525016,,,,,,
1780416417.335,602886.0,15284.506,8.524838,,,,,,
1780416417.434,602911.0,15284.294,8.524956,,,,,,
1780416417.435,602936.0,15284.381,8.524908,,,,,,
1780416417.435,602961.0,15284.471,8.524858,,,,,,
1780416417.435,602986.0,15284.506,8.524838,,,,,,
1780416417.535,603011.0,15284.612,8.524779,,,,,,
1780416417.535,603036.0,15284.648,8.524759,,,,,,
1780416417.536,603061.0,15284.631,8.52477,,,,,,
1780416417.536,603086.0,15284.916,8.524611,,,,,,
1780416417.618,603111.0,15284.898,8.524621,,,,,,
1780416417.620,603136.0,15284.987,8.524572,,,,,,
1780416417.622,603161.0,15284.792,8.52468,,,,,,
1780416417.624,603186.0,15284.598,8.524788,,,,,,
1780416417.716,603211.0,15284.845,8.524651,,,,,,
1780416417.717,603236.0,15284.971,8.524581,,,,,,
1780416417.718,603261.0,15285.096,8.524512,,,,,,
1780416417.718,603286.0,15284.989,8.52457,,,,,,
1780416417.800,603311.0,15285.044,8.524541,,,,,,
1780416417.801,603336.0,15285.009,8.52456,,,,,,
1780416417.802,603361.0,15285.116,8.524501,,,,,,
1780416417.867,603386.0,15285.348,8.524372,,,,,,
1780416417.867,603411.0,15285.167,8.524472,,,,,,
1780416417.867,603436.0,15285.202,8.524453,,,,,,
1780416417.951,603461.0,15285.256,8.524424,,,,,,
1780416417.953,603486.0,15285.31,8.524393,,,,,,
1780416417.954,603511.0,15285.184,8.524464,,,,,,
1780416418.050,603536.0,15285.185,8.524463,,,,,,
1780416418.050,603561.0,15285.096,8.524512,,,,,,
1780416418.051,603586.0,15284.882,8.524631,,,,,,
1780416418.051,603611.0,15284.917,8.524611,,,,,,
1780416418.134,603636.0,15284.917,8.524611,,,,,,
1780416418.136,603661.0,15284.898,8.524621,,,,,,
1780416418.137,603686.0,15284.952,8.524591,,,,,,
1780416418.138,603711.0,15284.792,8.52468,,,,,,
1780416418.216,603736.0,15284.578,8.524798,,,,,,
1780416418.217,603761.0,15284.578,8.524798,,,,,,
1780416418.218,603786.0,15284.721,8.524719,,,,,,
1780416418.317,603811.0,15284.776,8.524689,,,,,,
1780416418.318,603836.0,15284.651,8.524758,,,,,,
1780416418.318,603861.0,15284.436,8.524878,,,,,,
1780416418.319,603886.0,15284.33,8.524936,,,,,,
1780416418.400,603911.0,15284.382,8.524907,,,,,,
1780416418.401,603936.0,15284.489,8.524848,,,,,,
1780416418.402,603961.0,15284.223,8.524723,,,,,,
1780416418.502,603986.0,15284.131,8.524774,,,,,,
1780416418.503,604011.0,15283.955,8.524871,,,,,,
1780416418.504,604036.0,15284.026,8.524832,,,,,,
1780416418.504,604061.0,15283.901,8.5249,,,,,,
1780416418.618,604086.0,15283.849,8.52493,,,,,,
1780416418.619,604111.0,15283.724,8.524999,,,,,,
1780416418.620,604136.0,15283.546,8.525098,,,,,,
1780416418.621,604161.0,15283.563,8.525088,,,,,,
1780416418.622,604186.0,15283.635,8.525048,,,,,,
1780416418.717,604211.0,15283.707,8.525008,,,,,,
1780416418.718,604236.0,15283.867,8.52492,,,,,,
1780416418.719,604261.0,15283.884,8.52491,,,,,,
1780416418.720,604286.0,15283.884,8.52491,,,,,,
1780416418.819,604311.0,15283.866,8.52492,,,,,,
1780416418.821,604336.0,15283.991,8.524851,,,,,,
1780416418.823,604361.0,15284.151,8.525035,,,,,,
1780416418.826,604386.0,15283.938,8.525153,,,,,,
1780416418.917,604411.0,15283.92,8.525163,,,,,,
1780416418.919,604436.0,15284.098,8.525064,,,,,,
1780416418.921,604461.0,15284.114,8.525056,,,,,,
1780416418.922,604486.0,15284.221,8.524997,,,,,,
1780416419.017,604511.0,15284.345,8.524928,,,,,,
1780416419.019,604536.0,15284.238,8.524987,,,,,,
1780416419.020,604561.0,15284.113,8.525056,,,,,,
1780416419.021,604586.0,15284.167,8.525298,,,,,,
1780416419.102,604611.0,15284.273,8.525239,,,,,,
1780416419.104,604636.0,15284.292,8.525229,,,,,,
1780416419.105,604661.0,15284.238,8.525259,,,,,,
1780416419.183,604686.0,15284.31,8.525219,,,,,,
1780416419.184,604711.0,15284.434,8.52515,,,,,,
1780416419.185,604736.0,15284.398,8.52517,,,,,,
1780416419.283,604761.0,15284.398,8.52517,,,,,,
1780416419.284,604786.0,15284.417,8.52516,,,,,,
1780416419.284,604811.0,15284.221,8.525269,,,,,,
1780416419.285,604836.0,15284.132,8.525317,,,,,,
1780416419.384,604861.0,15284.026,8.525376,,,,,,
1780416419.385,604886.0,15283.938,8.525426,,,,,,
1780416419.385,604911.0,15283.76,8.525523,,,,,,
1780416419.386,604936.0,15283.527,8.525652,,,,,,
1780416419.484,604961.0,15283.438,8.525702,,,,,,
1780416419.484,604986.0,15283.634,8.525049,,,,,,
1780416419.485,605011.0,15283.492,8.525127,,,,,,
1780416419.485,605036.0,15283.456,8.525147,,,,,,
1780416419.566,605061.0,15283.242,8.525266,,,,,,
1780416419.567,605086.0,15283.331,8.525216,,,,,,
1780416419.567,605111.0,15283.402,8.525177,,,,,,
1780416419.568,605136.0,15283.474,8.525138,,,,,,
1780416419.651,605161.0,15283.635,8.525048,,,,,,
1780416419.652,605186.0,15283.563,8.524817,,,,,,
1780416419.652,605211.0,15283.741,8.524445,,,,,,
1780416419.735,605236.0,15283.635,8.524504,,,,,,
1780416419.736,605261.0,15283.475,8.524592,,,,,,
1780416419.736,605286.0,15283.456,8.524603,,,,,,
1780416419.737,605311.0,15283.421,8.524622,,,,,,
1780416419.816,605336.0,15283.135,8.52478,,,,,,
1780416419.817,605361.0,15283.242,8.524721,,,,,,
1780416419.817,605386.0,15283.261,8.524711,,,,,,
1780416419.917,605411.0,15283.171,8.52476,,,,,,
1780416419.918,605436.0,15283.207,8.52474,,,,,,
1780416419.918,605461.0,15283.458,8.524602,,,,,,
1780416419.919,605486.0,15283.513,8.524571,,,,,,
1780416420.002,605511.0,15283.583,8.524532,,,,,,
1780416420.004,605536.0,15283.763,8.524433,,,,,,
1780416420.005,605561.0,15283.903,8.524355,,,,,,
1780416420.117,605586.0,15283.885,8.524365,,,,,,
1780416420.119,605611.0,15283.617,8.524786,,,,,,
1780416420.121,605636.0,15284.027,8.524559,,,,,,
1780416420.122,605661.0,15284.063,8.524539,,,,,,
1780416420.123,605686.0,15284.026,8.52456,,,,,,
1780416420.234,605711.0,15284.024,8.524561,,,,,,
1780416420.234,605736.0,15283.882,8.524367,,,,,,
1780416420.235,605761.0,15283.738,8.524446,,,,,,
1780416420.235,605786.0,15283.669,8.524485,,,,,,
1780416420.316,605811.0,15283.884,8.52491,,,,,,
1780416420.318,605836.0,15283.936,8.525154,,,,,,
1780416420.318,605861.0,15283.92,8.525163,,,,,,
1780416420.319,605886.0,15284.045,8.525094,,,,,,
1780416420.400,605911.0,15284.134,8.525044,,,,,,
1780416420.401,605936.0,15284.259,8.524976,,,,,,
1780416420.402,605961.0,15284.42,8.524886,,,,,,
1780416420.498,605986.0,15284.561,8.524808,,,,,,
1780416420.499,606011.0,15284.649,8.524759,,,,,,
1780416420.499,606036.0,15284.526,8.524827,,,,,,
1780416420.499,606061.0,15284.455,8.524867,,,,,,
1780416420.582,606086.0,15284.417,8.524888,,,,,,
1780416420.583,606111.0,15284.17,8.525024,,,,,,
1780416420.584,606136.0,15284.203,8.525006,,,,,,
1780416420.667,606161.0,15284.098,8.525064,,,,,,
1780416420.669,606186.0,15284.184,8.525017,,,,,,
1780416420.670,606211.0,15284.291,8.524958,,,,,,
1780416420.671,606236.0,15284.453,8.524868,,,,,,
1780416420.765,606261.0,15284.345,8.524928,,,,,,
1780416420.766,606286.0,15284.487,8.524849,,,,,,
1780416420.766,606311.0,15284.559,8.52481,,,,,,
1780416420.766,606336.0,15284.522,8.524831,,,,,,
1780416420.867,606361.0,15284.596,8.525061,,,,,,
1780416420.867,606386.0,15284.721,8.524991,,,,,,
1780416420.868,606411.0,15284.686,8.525011,,,,,,
1780416420.869,606436.0,15284.419,8.524887,,,,,,
1780416420.951,606461.0,15284.42,8.524886,,,,,,
1780416420.952,606486.0,15284.546,8.524817,,,,,,
1780416420.954,606511.0,15284.582,8.524796,,,,,,
1780416421.032,606536.0,15284.475,8.525127,,,,,,
1780416421.034,606561.0,15284.42,8.525158,,,,,,
1780416421.035,606586.0,15284.385,8.525177,,,,,,
1780416421.115,606611.0,15284.474,8.525128,,,,,,
1780416421.116,606636.0,15284.402,8.525167,,,,,,
1780416421.116,606661.0,15284.544,8.525089,,,,,,
1780416421.116,606686.0,15284.846,8.524922,,,,,,
1780416421.199,606711.0,15284.703,8.525002,,,,,,
1780416421.200,606736.0,15284.935,8.524873,,,,,,
1780416421.200,606761.0,15284.81,8.524942,,,,,,
1780416421.265,606786.0,15284.755,8.524973,,,,,,
1780416421.266,606811.0,15284.701,8.524731,,,,,,
1780416421.266,606836.0,15284.452,8.524868,,,,,,
1780416421.350,606861.0,15284.346,8.524927,,,,,,
1780416421.350,606886.0,15284.346,8.524927,,,,,,
1780416421.351,606911.0,15284.149,8.525036,,,,,,
1780416421.450,606936.0,15284.381,8.524908,,,,,,
1780416421.450,606961.0,15284.257,8.524977,,,,,,
1780416421.451,606986.0,15284.169,8.525025,,,,,,
1780416421.451,607011.0,15284.045,8.525094,,,,,,
1780416421.516,607036.0,15283.83,8.525213,,,,,,
1780416421.517,607061.0,15283.92,8.525164,,,,,,
1780416421.517,607086.0,15283.725,8.525271,,,,,,
1780416421.600,607111.0,15283.582,8.525351,,,,,,
1780416421.600,607136.0,15283.546,8.525371,,,,,,
1780416421.601,607161.0,15283.422,8.525167,,,,,,
1780416421.685,607186.0,15283.475,8.525137,,,,,,
1780416421.686,607211.0,15283.35,8.525207,,,,,,
1780416421.688,607236.0,15283.1,8.525345,,,,,,
1780416421.689,607261.0,15283.295,8.524964,,,,,,
1780416421.785,607286.0,15283.063,8.525093,,,,,,
1780416421.786,607311.0,15282.885,8.525191,,,,,,
1780416421.788,607336.0,15282.742,8.52527,,,,,,
1780416421.789,607361.0,15282.742,8.52527,,,,,,
1780416421.882,607386.0,15282.653,8.52532,,,,,,
1780416421.884,607411.0,15282.671,8.525311,,,,,,
1780416421.884,607436.0,15282.672,8.525581,,,,,,
1780416421.965,607461.0,15282.87,8.525472,,,,,,
1780416421.966,607486.0,15282.868,8.525473,,,,,,
1780416421.966,607511.0,15282.778,8.525522,,,,,,
1780416421.967,607536.0,15282.924,8.525442,,,,,,
1780416422.048,607561.0,15282.939,8.525434,,,,,,
1780416422.049,607586.0,15282.868,8.525473,,,,,,
1780416422.050,607611.0,15282.868,8.525745,,,,,,
1780416422.132,607636.0,15283.047,8.525646,,,,,,
1780416422.132,607661.0,15283.241,8.525539,,,,,,
1780416422.133,607686.0,15283.206,8.525558,,,,,,
1780416422.232,607711.0,15283.366,8.52547,,,,,,
1780416422.232,607736.0,15283.489,8.525401,,,,,,
1780416422.233,607761.0,15283.473,8.525411,,,,,,
1780416422.233,607786.0,15283.563,8.525361,,,,,,
1780416422.315,607811.0,15283.455,8.52542,,,,,,
1780416422.316,607836.0,15283.526,8.525381,,,,,,
1780416422.316,607861.0,15283.438,8.525431,,,,,,
1780416422.317,607886.0,15283.295,8.525781,,,,,,
1780416422.384,607911.0,15283.669,8.525574,,,,,,
1780416422.384,607936.0,15283.438,8.525702,,,,,,
1780416422.468,607961.0,15283.563,8.525633,,,,,,
1780416422.469,607986.0,15283.527,8.525652,,,,,,
1780416422.470,608011.0,15283.635,8.525593,,,,,,
1780416422.471,608036.0,15283.849,8.525475,,,,,,
1780416422.566,608061.0,15283.813,8.525494,,,,,,
1780416422.567,608086.0,15284.046,8.525365,,,,,,
1780416422.567,608111.0,15284.134,8.525316,,,,,,
1780416422.568,608136.0,15284.241,8.525258,,,,,,
1780416422.632,608161.0,15284.152,8.525306,,,,,,
1780416422.632,608186.0,15283.991,8.525395,,,,,,
1780416422.705,608211.0,15284.099,8.525336,,,,,,
1780416422.706,608236.0,15284.152,8.525034,,,,,,
1780416422.706,608261.0,15284.027,8.525104,,,,,,
1780416422.802,608286.0,15284.01,8.525113,,,,,,
1780416422.803,608311.0,15284.188,8.525015,,,,,,
1780416422.803,608336.0,15284.223,8.524996,,,,,,
1780416422.804,608361.0,15284.295,8.524956,,,,,,
1780416422.883,608386.0,15284.364,8.524917,,,,,,
1780416422.884,608411.0,15284.33,8.524936,,,,,,
1780416422.885,608436.0,15284.455,8.524867,,,,,,
1780416422.983,608461.0,15284.366,8.524916,,,,,,
1780416422.986,608486.0,15284.526,8.524827,,,,,,
1780416422.987,608511.0,15284.67,8.524748,,,,,,
1780416422.988,608536.0,15284.652,8.524757,,,,,,
1780416422.989,608561.0,15284.813,8.52494,,,,,,
1780416423.086,608586.0,15284.848,8.525194,,,,,,
1780416423.088,608611.0,15284.936,8.525146,,,,,,
1780416423.089,608636.0,15284.882,8.525175,,,,,,
1780416423.091,608661.0,15284.721,8.525264,,,,,,
1780416423.185,608686.0,15284.721,8.525264,,,,,,
1780416423.186,608711.0,15284.506,8.525383,,,,,,
1780416423.187,608736.0,15284.524,8.525373,,,,,,
1780416423.189,608761.0,15284.702,8.525002,,,,,,
1780416423.283,608786.0,15284.828,8.524932,,,,,,
1780416423.283,608811.0,15284.989,8.524842,,,,,,
1780416423.284,608836.0,15285.061,8.524803,,,,,,
1780416423.366,608861.0,15285.024,8.524823,,,,,,
1780416423.367,608886.0,15284.92,8.524881,,,,,,
1780416423.368,608911.0,15284.828,8.524932,,,,,,
1780416423.368,608936.0,15284.723,8.52499,,,,,,
1780416423.449,608961.0,15284.723,8.52499,,,,,,
1780416423.450,608986.0,15284.455,8.525139,,,,,,
1780416423.451,609011.0,15284.507,8.52511,,,,,,
1780416423.534,609036.0,15284.703,8.525002,,,,,,
1780416423.536,609061.0,15284.649,8.525031,,,,,,
1780416423.538,609086.0,15284.702,8.525002,,,,,,
1780416423.540,609111.0,15284.667,8.525295,,,,,,
1780416423.632,609136.0,15284.577,8.525344,,,,,,
1780416423.633,609161.0,15284.737,8.525255,,,,,,
1780416423.633,609186.0,15284.845,8.524922,,,,,,
1780416423.733,609211.0,15285.077,8.524522,,,,,,
1780416423.734,609236.0,15285.006,8.524562,,,,,,
1780416423.735,609261.0,15285.024,8.524551,,,,,,
1780416423.736,609286.0,15285.22,8.524444,,,,,,
1780416423.814,609311.0,15285.113,8.524502,,,,,,
1780416423.815,609336.0,15285.167,8.524472,,,,,,
1780416423.815,609361.0,15285.042,8.524542,,,,,,
1780416423.816,609386.0,15284.721,8.524991,,,,,,
1780416423.899,609411.0,15284.544,8.525089,,,,,,
1780416423.899,609436.0,15284.348,8.525198,,,,,,
1780416423.900,609461.0,15284.561,8.52508,,,,,,
1780416423.998,609486.0,15284.614,8.52505,,,,,,
1780416423.998,609511.0,15284.848,8.524921,,,,,,
1780416423.999,609536.0,15284.884,8.524901,,,,,,
1780416423.999,609561.0,15284.688,8.52501,,,,,,
1780416424.064,609586.0,15284.846,8.524922,,,,,,
1780416424.064,609611.0,15284.899,8.524893,,,,,,
1780416424.065,609636.0,15284.81,8.524943,,,,,,
1780416424.131,609661.0,15284.632,8.525041,,,,,,
1780416424.131,609686.0,15284.51,8.525108,,,,,,
1780416424.197,609711.0,15284.545,8.525089,,,,,,
1780416424.198,609736.0,15284.651,8.524758,,,,,,
1780416424.199,609761.0,15284.652,8.524757,,,,,,
1780416424.264,609786.0,15284.295,8.524956,,,,,,
1780416424.264,609811.0,15284.402,8.524896,,,,,,
1780416424.265,609836.0,15284.01,8.52484,,,,,,
1780416424.331,609861.0,15283.919,8.524891,,,,,,
1780416424.331,609886.0,15283.794,8.524961,,,,,,
1780416424.398,609911.0,15283.51,8.525118,,,,,,
1780416424.398,609936.0,15283.652,8.525039,,,,,,
1780416424.399,609961.0,15283.563,8.525087,,,,,,
1780416424.466,609986.0,15283.563,8.525087,,,,,,
1780416424.467,610011.0,15283.67,8.525029,,,,,,
1780416424.469,610036.0,15283.636,8.525047,,,,,,
1780416424.547,610061.0,15283.742,8.524989,,,,,,
1780416424.548,610086.0,15283.35,8.525479,,,,,,
1780416424.548,610111.0,15283.35,8.525751,,,,,,
1780416424.614,610136.0,15283.296,8.525781,,,,,,
1780416424.615,610161.0,15283.259,8.525801,,,,,,
1780416424.615,610186.0,15283.384,8.525732,,,,,,
1780416424.698,610211.0,15282.991,8.525949,,,,,,
1780416424.700,610236.0,15283.114,8.525881,,,,,,
1780416424.701,610261.0,15282.992,8.525949,,,,,,
1780416424.782,610286.0,15283.063,8.525638,,,,,,
1780416424.784,610311.0,15283.277,8.525519,,,,,,
1780416424.785,610336.0,15283.261,8.525528,,,,,,
1780416424.866,610361.0,15283.296,8.525509,,,,,,
1780416424.868,610386.0,15283.278,8.525518,,,,,,
1780416424.869,610411.0,15283.528,8.52538,,,,,,
1780416424.870,610436.0,15283.653,8.525311,,,,,,
1780416424.948,610461.0,15283.885,8.525455,,,,,,
1780416424.948,610486.0,15283.938,8.525425,,,,,,
1780416424.949,610511.0,15284.134,8.525316,,,,,,
1780416425.049,610536.0,15284.277,8.525237,,,,,,
1780416425.050,610561.0,15284.295,8.525228,,,,,,
1780416425.050,610586.0,15284.277,8.525237,,,,,,
1780416425.050,610611.0,15284.453,8.525141,,,,,,
1780416425.149,610636.0,15284.544,8.524818,,,,,,
1780416425.150,610661.0,15284.703,8.52473,,,,,,
1780416425.151,610686.0,15284.649,8.524759,,,,,,
1780416425.152,610711.0,15284.899,8.524348,,,,,,
1780416425.249,610736.0,15284.935,8.524056,,,,,,
1780416425.250,610761.0,15284.881,8.524086,,,,,,
1780416425.250,610786.0,15284.916,8.524067,,,,,,
1780416425.250,610811.0,15285.022,8.524008,,,,,,
1780416425.333,610836.0,15285.184,8.523919,,,,,,
1780416425.334,610861.0,15285.148,8.523938,,,,,,
1780416425.335,610886.0,15285.2,8.52391,,,,,,
1780416425.466,610911.0,15285.306,8.524123,,,,,,
1780416425.467,610936.0,15285.271,8.524142,,,,,,
1780416425.467,610961.0,15285.29,8.524132,,,,,,
1780416425.468,610986.0,15285.271,8.524142,,,,,,
1780416425.469,611011.0,15285.112,8.52423,,,,,,
1780416425.470,611036.0,15285.095,8.52424,,,,,,
1780416425.584,611061.0,15284.81,8.524398,,,,,,
1780416425.587,611086.0,15284.774,8.524417,,,,,,
1780416425.588,611111.0,15284.864,8.524367,,,,,,
1780416425.590,611136.0,15284.864,8.524367,,,,,,
1780416425.591,611161.0,15284.936,8.524328,,,,,,
1780416425.716,611186.0,15284.919,8.524337,,,,,,
1780416425.716,611211.0,15285.061,8.524259,,,,,,
1780416425.717,611236.0,15285.044,8.524268,,,,,,
1780416425.718,611261.0,15284.739,8.52471,,,,,,
1780416425.718,611286.0,15284.774,8.52469,,,,,,
1780416425.800,611311.0,15284.632,8.524769,,,,,,
1780416425.801,611336.0,15284.649,8.524759,,,,,,
1780416425.802,611361.0,15284.685,8.524739,,,,,,
1780416425.899,611386.0,15284.72,8.52472,,,,,,
1780416425.899,611411.0,15284.934,8.524329,,,,,,
1780416425.900,611436.0,15284.898,8.524348,,,,,,
1780416425.900,611461.0,15285.006,8.524289,,,,,,
1780416426.015,611486.0,15284.935,8.524328,,,,,,
1780416426.016,611511.0,15285.112,8.52423,,,,,,
1780416426.016,611536.0,15284.935,8.524328,,,,,,
1780416426.016,611561.0,15284.953,8.524318,,,,,,
1780416426.017,611586.0,15284.955,8.524317,,,,,,
1780416426.102,611611.0,15285.077,8.524249,,,,,,
1780416426.104,611636.0,15285.362,8.524092,,,,,,
1780416426.105,611661.0,15285.362,8.524092,,,,,,
1780416426.198,611686.0,15285.311,8.52412,,,,,,
1780416426.199,611711.0,15285.274,8.52414,,,,,,
1780416426.199,611736.0,15285.188,8.524188,,,,,,
1780416426.200,611761.0,15285.132,8.52422,,,,,,
1780416426.299,611786.0,15285.239,8.524159,,,,,,
1780416426.300,611811.0,15285.224,8.524168,,,,,,
1780416426.300,611836.0,15285.063,8.524258,,,,,,
1780416426.301,611861.0,15284.741,8.524436,,,,,,
1780416426.399,611886.0,15284.83,8.524386,,,,,,
1780416426.401,611911.0,15284.831,8.524385,,,,,,
1780416426.403,611936.0,15284.919,8.524337,,,,,,
1780416426.404,611961.0,15284.705,8.524456,,,,,,
1780416426.517,611986.0,15284.599,8.524514,,,,,,
1780416426.517,612011.0,15284.688,8.524466,,,,,,
1780416426.518,612036.0,15284.58,8.524797,,,,,,
1780416426.518,612061.0,15284.489,8.524848,,,,,,
1780416426.518,612086.0,15284.348,8.524926,,,,,,
1780416426.599,612111.0,15284.401,8.524897,,,,,,
1780416426.601,612136.0,15284.311,8.524947,,,,,,
1780416426.603,612161.0,15284.473,8.524857,,,,,,
1780416426.701,612186.0,15284.328,8.524937,,,,,,
1780416426.701,612211.0,15284.436,8.524878,,,,,,
1780416426.702,612236.0,15283.973,8.525134,,,,,,
1780416426.702,612261.0,15283.723,8.525,,,,,,
1780416426.782,612286.0,15283.669,8.525029,,,,,,
1780416426.783,612311.0,15283.828,8.524941,,,,,,
1780416426.785,612336.0,15283.919,8.524891,,,,,,
1780416426.901,612361.0,15283.989,8.524852,,,,,,
1780416426.902,612386.0,15284.098,8.524792,,,,,,
1780416426.902,612411.0,15284.026,8.524832,,,,,,
1780416426.903,612436.0,15284.063,8.524812,,,,,,
1780416426.903,612461.0,15284.205,8.524733,,,,,,
1780416427.001,612486.0,15284.259,8.524703,,,,,,
1780416427.002,612511.0,15284.384,8.524633,,,,,,
1780416427.003,612536.0,15284.384,8.524633,,,,,,
1780416427.003,612561.0,15284.526,8.524554,,,,,,
1780416427.085,612586.0,15284.813,8.524396,,,,,,
1780416427.088,612611.0,15284.67,8.524475,,,,,,
1780416427.089,612636.0,15284.58,8.524525,,,,,,
1780416427.089,612661.0,15284.42,8.524613,,,,,,
1780416427.198,612686.0,15284.42,8.524613,,,,,,
1780416427.199,612711.0,15284.455,8.524594,,,,,,
1780416427.199,612736.0,15284.596,8.524516,,,,,,
1780416427.201,612761.0,15284.634,8.524495,,,,,,
1780416427.316,612786.0,15284.544,8.524545,,,,,,
1780416427.318,612811.0,15284.685,8.524467,,,,,,
1780416427.318,612836.0,15284.596,8.524516,,,,,,
1780416427.320,612861.0,15285.096,8.524512,,,,,,
1780416427.321,612886.0,15285.328,8.524655,,,,,,
1780416427.398,612911.0,15285.398,8.524616,,,,,,
1780416427.399,612936.0,15285.345,8.524646,,,,,,
1780416427.399,612961.0,15285.381,8.524626,,,,,,
1780416427.482,612986.0,15285.328,8.524655,,,,,,
1780416427.482,613011.0,15285.294,8.524674,,,,,,
1780416427.482,613036.0,15285.061,8.524803,,,,,,
1780416427.581,613061.0,15284.973,8.524852,,,,,,
1780416427.582,613086.0,15284.849,8.52492,,,,,,
1780416427.583,613111.0,15284.92,8.524881,,,,,,
1780416427.583,613136.0,15285.063,8.524802,,,,,,
1780416427.681,613161.0,15285.026,8.524822,,,,,,
1780416427.683,613186.0,15284.989,8.524842,,,,,,
1780416427.684,613211.0,15284.739,8.525254,,,,,,
1780416427.684,613236.0,15284.971,8.525126,,,,,,
1780416427.764,613261.0,15284.917,8.525155,,,,,,
1780416427.764,613286.0,15285.023,8.525097,,,,,,
1780416427.765,613311.0,15285.237,8.524978,,,,,,
1780416427.765,613336.0,15285.042,8.525086,,,,,,
1780416427.848,613361.0,15285.006,8.525106,,,,,,
1780416427.849,613386.0,15284.863,8.525187,,,,,,
1780416427.849,613411.0,15284.953,8.525135,,,,,,
1780416427.931,613436.0,15284.899,8.525166,,,,,,
1780416427.931,613461.0,15284.953,8.525135,,,,,,
1780416427.932,613486.0,15284.953,8.524862,,,,,,
1780416428.014,613511.0,15284.526,8.525099,,,,,,
1780416428.015,613536.0,15284.331,8.525208,,,,,,
1780416428.015,613561.0,15284.401,8.525168,,,,,,
1780416428.016,613586.0,15284.259,8.525248,,,,,,
1780416428.115,613611.0,15284.311,8.525219,,,,,,
1780416428.116,613636.0,15284.149,8.525308,,,,,,
1780416428.117,613661.0,15284.203,8.525278,,,,,,
1780416428.117,613686.0,15284.436,8.525149,,,,,,
1780416428.199,613711.0,15284.471,8.52513,,,,,,
1780416428.201,613736.0,15284.596,8.525062,,,,,,
1780416428.202,613761.0,15284.524,8.5251,,,,,,
1780416428.298,613786.0,15284.524,8.524828,,,,,,
1780416428.299,613811.0,15284.614,8.524778,,,,,,
1780416428.299,613836.0,15284.723,8.524446,,,,,,
1780416428.300,613861.0,15284.794,8.524406,,,,,,
1780416428.402,613886.0,15284.756,8.524427,,,,,,
1780416428.403,613911.0,15284.863,8.524368,,,,,,
1780416428.403,613936.0,15284.898,8.524348,,,,,,
1780416428.404,613961.0,15285.237,8.523889,,,,,,
1780416428.499,613986.0,15285.202,8.523909,,,,,,
1780416428.500,614011.0,15285.112,8.523958,,,,,,
1780416428.502,614036.0,15285.201,8.523909,,,,,,
1780416428.503,614061.0,15285.272,8.52387,,,,,,
1780416428.581,614086.0,15285.38,8.523538,,,,,,
1780416428.582,614111.0,15285.148,8.523665,,,,,,
1780416428.582,614136.0,15285.292,8.523586,,,,,,
1780416428.666,614161.0,15285.541,8.523448,,,,,,
1780416428.668,614186.0,15285.435,8.523507,,,,,,
1780416428.669,614211.0,15285.417,8.523517,,,,,,
1780416428.670,614236.0,15285.276,8.523595,,,,,,
1780416428.782,614261.0,15285.363,8.523546,,,,,,
1780416428.783,614286.0,15285.631,8.523398,,,,,,
1780416428.784,614311.0,15285.381,8.523537,,,,,,
1780416428.784,614336.0,15285.612,8.523409,,,,,,
1780416428.863,614361.0,15285.773,8.523319,,,,,,
1780416428.864,614386.0,15285.808,8.5233,,,,,,
1780416428.864,614411.0,15285.827,8.523562,,,,,,
1780416428.865,614436.0,15285.56,8.523982,,,,,,
1780416428.950,614461.0,15285.685,8.523913,,,,,,
1780416428.951,614486.0,15285.613,8.523952,,,,,,
1780416428.953,614511.0,15285.56,8.523982,,,,,,
1780416429.048,614536.0,15285.453,8.524041,,,,,,
1780416429.049,614561.0,15285.276,8.524139,,,,,,
1780416429.050,614586.0,15285.26,8.524421,,,,,,
1780416429.050,614611.0,15285.238,8.524433,,,,,,
1780416429.150,614636.0,15285.523,8.524275,,,,,,
1780416429.151,614661.0,15285.471,8.524304,,,,,,
1780416429.152,614686.0,15285.274,8.524413,,,,,,
1780416429.153,614711.0,15285.257,8.524694,,,,,,
1780416429.248,614736.0,15285.239,8.524704,,,,,,
1780416429.249,614761.0,15285.363,8.524635,,,,,,
1780416429.250,614786.0,15285.327,8.524655,,,,,,
1780416429.250,614811.0,15285.221,8.524714,,,,,,
1780416429.331,614836.0,15285.326,8.524656,,,,,,
1780416429.332,614861.0,15285.327,8.524655,,,,,,
1780416429.332,614886.0,15285.362,8.524636,,,,,,
1780416429.414,614911.0,15285.147,8.524755,,,,,,
1780416429.415,614936.0,15285.131,8.524764,,,,,,
1780416429.416,614961.0,15284.952,8.524864,,,,,,
1780416429.416,614986.0,15284.81,8.524942,,,,,,
1780416429.514,615011.0,15284.936,8.524873,,,,,,
1780416429.515,615036.0,15284.882,8.524902,,,,,,
1780416429.516,615061.0,15285.06,8.524532,,,,,,
1780416429.517,615086.0,15284.901,8.52462,,,,,,
1780416429.614,615111.0,15285.044,8.524541,,,,,,
1780416429.615,615136.0,15285.203,8.524179,,,,,,
1780416429.615,615161.0,15285.311,8.52412,,,,,,
1780416429.616,615186.0,15285.452,8.524042,,,,,,
1780416429.698,615211.0,15285.506,8.524013,,,,,,
1780416429.699,615236.0,15285.434,8.524052,,,,,,
1780416429.699,615261.0,15285.488,8.524022,,,,,,
1780416429.787,615286.0,15285.237,8.52416,,,,,,
1780416429.788,615311.0,15285.486,8.524023,,,,,,
1780416429.789,615336.0,15285.504,8.524014,,,,,,
1780416429.790,615361.0,15285.345,8.524101,,,,,,
1780416429.883,615386.0,15285.451,8.524042,,,,,,
1780416429.884,615411.0,15285.31,8.52412,,,,,,
1780416429.884,615436.0,15285.522,8.524003,,,,,,
1780416429.965,615461.0,15285.487,8.524022,,,,,,
1780416429.965,615486.0,15285.523,8.524002,,,,,,
1780416429.966,615511.0,15285.292,8.524131,,,,,,
1780416429.966,615536.0,15285.239,8.524159,,,,,,
1780416430.047,615561.0,15285.294,8.524403,,,,,,
1780416430.048,615586.0,15285.399,8.524343,,,,,,
1780416430.049,615611.0,15285.417,8.524334,,,,,,
1780416430.130,615636.0,15285.257,8.524423,,,,,,
1780416430.131,615661.0,15285.186,8.524463,,,,,,
1780416430.131,615686.0,15285.398,8.524344,,,,,,
1780416430.215,615711.0,15285.542,8.524265,,,,,,
1780416430.216,615736.0,15285.578,8.524245,,,,,,
1780416430.217,615761.0,15285.667,8.524467,,,,,,
1780416430.217,615786.0,15285.649,8.524477,,,,,,
1780416430.314,615811.0,15285.595,8.524508,,,,,,
1780416430.314,615836.0,15285.666,8.524468,,,,,,
1780416430.315,615861.0,15285.845,8.524369,,,,,,
1780416430.315,615886.0,15285.684,8.524458,,,,,,
1780416430.400,615911.0,15285.79,8.5244,,,,,,
1780416430.402,615936.0,15285.684,8.524458,,,,,,
1780416430.403,615961.0,15285.595,8.524508,,,,,,
1780416430.498,615986.0,15285.916,8.524329,,,,,,
1780416430.499,616011.0,15286.022,8.524271,,,,,,
1780416430.501,616036.0,15286.095,8.524231,,,,,,
1780416430.502,616061.0,15286.129,8.524212,,,,,,
1780416430.599,616086.0,15285.934,8.524321,,,,,,
1780416430.599,616111.0,15286.112,8.52422,,,,,,
1780416430.601,616136.0,15286.398,8.524062,,,,,,
1780416430.601,616161.0,15286.647,8.523925,,,,,,
1780416430.681,616186.0,15286.594,8.523683,,,,,,
1780416430.682,616211.0,15286.291,8.52385,,,,,,
1780416430.682,616236.0,15286.291,8.52385,,,,,,
1780416430.781,616261.0,15286.417,8.52378,,,,,,
1780416430.782,616286.0,15286.488,8.523741,,,,,,
1780416430.782,616311.0,15286.183,8.523911,,,,,,
1780416430.783,616336.0,15286.059,8.523979,,,,,,
1780416430.863,616361.0,15285.915,8.524058,,,,,,
1780416430.864,616386.0,15285.898,8.524068,,,,,,
1780416430.865,616411.0,15285.702,8.524177,,,,,,
1780416430.865,616436.0,15285.649,8.523932,,,,,,
1780416430.965,616461.0,15285.257,8.52415,,,,,,
1780416430.967,616486.0,15285.169,8.524199,,,,,,
1780416430.968,616511.0,15285.116,8.524228,,,,,,
1780416430.969,616536.0,15285.08,8.524248,,,,,,
1780416431.067,616561.0,15285.078,8.524249,,,,,,
1780416431.069,616586.0,15285.077,8.524249,,,,,,
1780416431.071,616611.0,15285.112,8.52423,,,,,,
1780416431.072,616636.0,15284.561,8.524535,,,,,,
1780416431.165,616661.0,15284.419,8.524614,,,,,,
1780416431.167,616686.0,15284.33,8.524663,,,,,,
1780416431.168,616711.0,15284.366,8.524643,,,,,,
1780416431.169,616736.0,15284.241,8.524713,,,,,,
1780416431.265,616761.0,15284.099,8.524792,,,,,,
1780416431.266,616786.0,15283.955,8.524871,,,,,,
1780416431.266,616811.0,15284.203,8.524734,,,,,,
1780416431.267,616836.0,15284.399,8.524625,,,,,,
1780416431.347,616861.0,15284.257,8.524704,,,,,,
1780416431.348,616886.0,15283.973,8.525134,,,,,,
1780416431.349,616911.0,15284.096,8.525065,,,,,,
1780416431.430,616936.0,15284.131,8.525046,,,,,,
1780416431.430,616961.0,15284.169,8.525025,,,,,,
1780416431.431,616986.0,15284.205,8.525005,,,,,,
1780416431.516,617011.0,15284.01,8.525113,,,,,,
1780416431.517,617036.0,15284.241,8.524985,,,,,,
1780416431.519,617061.0,15284.135,8.525316,,,,,,
1780416431.521,617086.0,15284.35,8.525197,,,,,,
1780416431.615,617111.0,15284.277,8.525237,,,,,,
1780416431.616,617136.0,15284.402,8.525167,,,,,,
1780416431.616,617161.0,15284.545,8.525089,,,,,,
1780416431.617,617186.0,15284.295,8.525228,,,,,,
1780416431.715,617211.0,15284.26,8.525247,,,,,,
1780416431.716,617236.0,15284.242,8.525256,,,,,,
1780416431.716,617261.0,15284.578,8.52507,,,,,,
1780416431.717,617286.0,15284.616,8.525049,,,,,,
1780416431.797,617311.0,15284.509,8.525108,,,,,,
1780416431.798,617336.0,15284.596,8.525061,,,,,,
1780416431.798,617361.0,15284.631,8.525042,,,,,,
1780416431.880,617386.0,15284.614,8.52505,,,,,,
1780416431.882,617411.0,15284.561,8.525081,,,,,,
1780416431.883,617436.0,15284.294,8.525228,,,,,,
1780416431.965,617461.0,15284.363,8.525189,,,,,,
1780416431.966,617486.0,15284.669,8.52502,,,,,,
1780416431.967,617511.0,15284.863,8.524641,,,,,,
1780416431.968,617536.0,15284.794,8.524679,,,,,,
1780416432.045,617561.0,15284.669,8.524748,,,,,,
1780416432.046,617586.0,15284.703,8.52473,,,,,,
1780416432.046,617611.0,15284.652,8.524757,,,,,,
1780416432.112,617636.0,15284.741,8.524436,,,,,,
1780416432.113,617661.0,15284.563,8.524534,,,,,,
1780416432.114,617686.0,15284.721,8.524446,,,,,,
1780416432.179,617711.0,15284.669,8.524475,,,,,,
1780416432.180,617736.0,15284.776,8.524416,,,,,,
1780416432.245,617761.0,15284.705,8.524456,,,,,,
1780416432.246,617786.0,15284.723,8.524446,,,,,,
1780416432.247,617811.0,15284.953,8.524318,,,,,,
1780416432.312,617836.0,15285.024,8.524279,,,,,,
1780416432.312,617861.0,15284.723,8.524446,,,,,,
1780416432.313,617886.0,15284.864,8.524367,,,,,,
1780416432.380,617911.0,15285.007,8.524288,,,,,,
1780416432.382,617936.0,15285.061,8.524259,,,,,,
1780416432.445,617961.0,15285.167,8.524199,,,,,,
1780416432.446,617986.0,15284.863,8.524368,,,,,,
1780416432.446,618011.0,15285.06,8.52426,,,,,,
1780416432.520,618036.0,15285.06,8.52426,,,,,,
1780416432.520,618061.0,15285.273,8.52414,,,,,,
1780416432.521,618086.0,15285.255,8.524151,,,,,,
1780416432.595,618111.0,15284.987,8.5243,,,,,,
1780416432.596,618136.0,15285.131,8.52422,,,,,,
1780416432.596,618161.0,15285.169,8.524199,,,,,,
1780416432.664,618186.0,15285.256,8.524151,,,,,,
1780416432.665,618211.0,15285.148,8.52421,,,,,,
1780416432.666,618236.0,15285.096,8.52424,,,,,,
1780416432.764,618261.0,15285.185,8.524463,,,,,,
1780416432.764,618286.0,15285.397,8.524344,,,,,,
1780416432.765,618311.0,15285.612,8.524226,,,,,,
1780416432.765,618336.0,15285.647,8.524206,,,,,,
1780416432.864,618361.0,15285.596,8.524235,,,,,,
1780416432.865,618386.0,15285.594,8.524236,,,,,,
1780416432.865,618411.0,15285.47,8.524305,,,,,,
1780416432.866,618436.0,15285.47,8.524305,,,,,,
1780416432.964,618461.0,15285.471,8.524304,,,,,,
1780416432.965,618486.0,15285.648,8.524206,,,,,,
1780416432.966,618511.0,15285.488,8.524295,,,,,,
1780416432.966,618536.0,15285.256,8.524424,,,,,,
1780416433.047,618561.0,15285.328,8.524111,,,,,,
1780416433.048,618586.0,15285.632,8.523942,,,,,,
1780416433.048,618611.0,15285.935,8.523775,,,,,,
1780416433.131,618636.0,15285.988,8.523745,,,,,,
1780416433.131,618661.0,15285.756,8.523873,,,,,,
1780416433.132,618686.0,15285.684,8.523913,,,,,,
1780416433.213,618711.0,15285.701,8.523904,,,,,,
1780416433.214,618736.0,15285.685,8.523913,,,,,,
1780416433.214,618761.0,15285.72,8.523893,,,,,,
1780416433.215,618786.0,15285.612,8.523953,,,,,,
1780416433.300,618811.0,15285.79,8.523583,,,,,,
1780416433.300,618836.0,15285.933,8.523504,,,,,,
1780416433.301,618861.0,15286.04,8.523444,,,,,,
1780416433.381,618886.0,15285.967,8.523485,,,,,,
1780416433.382,618911.0,15285.663,8.523653,,,,,,
1780416433.383,618936.0,15285.272,8.52387,,,,,,
1780416433.463,618961.0,15285.361,8.52382,,,,,,
1780416433.464,618986.0,15285.434,8.52378,,,,,,
1780416433.464,619011.0,15285.612,8.523682,,,,,,
1780416433.464,619036.0,15285.56,8.52371,,,,,,
1780416433.548,619061.0,15285.577,8.523701,,,,,,
1780416433.548,619086.0,15285.613,8.523681,,,,,,
1780416433.549,619111.0,15285.669,8.52365,,,,,,
1780416433.630,619136.0,15285.705,8.52363,,,,,,
1780416433.630,619161.0,15285.971,8.523483,,,,,,
1780416433.631,619186.0,15286.009,8.523733,,,,,,
1780416433.729,619211.0,15285.688,8.52364,,,,,,
1780416433.730,619236.0,15285.616,8.523679,,,,,,
1780416433.730,619261.0,15285.544,8.523719,,,,,,
1780416433.731,619286.0,15285.81,8.523572,,,,,,
1780416433.814,619311.0,15286.024,8.523453,,,,,,
1780416433.815,619336.0,15286.042,8.523443,,,,,,
1780416433.815,619361.0,15286.13,8.523395,,,,,,
1780416433.816,619386.0,15286.005,8.523464,,,,,,
1780416433.897,619411.0,15285.97,8.523483,,,,,,
1780416433.899,619436.0,15285.72,8.523893,,,,,,
1780416433.900,619461.0,15285.755,8.523874,,,,,,
1780416433.996,619486.0,15285.541,8.523993,,,,,,
1780416433.996,619511.0,15285.417,8.524061,,,,,,
1780416433.997,619536.0,15285.631,8.523943,,,,,,
1780416433.998,619561.0,15285.686,8.523912,,,,,,
1780416434.097,619586.0,15285.613,8.523952,,,,,,
1780416434.098,619611.0,15285.507,8.524012,,,,,,
1780416434.100,619636.0,15285.151,8.524208,,,,,,
1780416434.101,619661.0,15285.311,8.52412,,,,,,
1780416434.197,619686.0,15285.257,8.52415,,,,,,
1780416434.198,619711.0,15285.167,8.524199,,,,,,
1780416434.198,619736.0,15284.953,8.524318,,,,,,
1780416434.199,619761.0,15284.953,8.524318,,,,,,
1780416434.281,619786.0,15284.794,8.524406,,,,,,
1780416434.282,619811.0,15284.757,8.524426,,,,,,
1780416434.282,619836.0,15284.917,8.524611,,,,,,
1780416434.363,619861.0,15284.901,8.52462,,,,,,
1780416434.364,619886.0,15284.651,8.524758,,,,,,
1780416434.364,619911.0,15284.544,8.524817,,,,,,
1780416434.365,619936.0,15284.276,8.524965,,,,,,
1780416434.446,619961.0,15284.151,8.525035,,,,,,
1780416434.446,619986.0,15284.205,8.525005,,,,,,
1780416434.447,620011.0,15283.955,8.525144,,,,,,
1780416434.547,620036.0,15284.078,8.525076,,,,,,
1780416434.547,620061.0,15284.223,8.524996,,,,,,
1780416434.548,620086.0,15284.08,8.525074,,,,,,
1780416434.548,620111.0,15284.188,8.525015,,,,,,
1780416434.646,620136.0,15284.098,8.525064,,,,,,
1780416434.647,620161.0,15284.188,8.525015,,,,,,
1780416434.647,620186.0,15284.455,8.524867,,,,,,
1780416434.648,620211.0,15284.51,8.524837,,,,,,
1780416434.713,620236.0,15284.491,8.524847,,,,,,
1780416434.713,620261.0,15284.634,8.524768,,,,,,
1780416434.714,620286.0,15284.703,8.52473,,,,,,
1780416434.779,620311.0,15284.524,8.524828,,,,,,
1780416434.780,620336.0,15284.455,8.524867,,,,,,
1780416434.864,620361.0,15284.723,8.524718,,,,,,
1780416434.865,620386.0,15284.882,8.524631,,,,,,
1780416434.867,620411.0,15285.149,8.524482,,,,,,
1780416434.868,620436.0,15285.239,8.524432,,,,,,
1780416434.963,620461.0,15285.096,8.524512,,,,,,
1780416434.964,620486.0,15285.22,8.524444,,,,,,
1780416434.964,620511.0,15285.22,8.524444,,,,,,
1780416434.965,620536.0,15285.22,8.524444,,,,,,
1780416435.048,620561.0,15285.381,8.524354,,,,,,
1780416435.050,620586.0,15285.452,8.524315,,,,,,
1780416435.051,620611.0,15285.613,8.524225,,,,,,
1780416435.129,620636.0,15285.649,8.524205,,,,,,
1780416435.130,620661.0,15285.596,8.524235,,,,,,
1780416435.131,620686.0,15285.473,8.524303,,,,,,
1780416435.215,620711.0,15285.473,8.524303,,,,,,
1780416435.216,620736.0,15285.473,8.524303,,,,,,
1780416435.218,620761.0,15285.542,8.524265,,,,,,
1780416435.220,620786.0,15285.417,8.524334,,,,,,
1780416435.348,620811.0,15285.256,8.524424,,,,,,
1780416435.349,620836.0,15285.024,8.524551,,,,,,
1780416435.350,620861.0,15284.953,8.52459,,,,,,
1780416435.351,620886.0,15284.882,8.524631,,,,,,
1780416435.352,620911.0,15284.669,8.524748,,,,,,
1780416435.429,620936.0,15284.705,8.524729,,,,,,
1780416435.430,620961.0,15284.919,8.524337,,,,,,
1780416435.430,620986.0,15284.616,8.524505,,,,,,
1780416435.529,621011.0,15284.544,8.524545,,,,,,
1780416435.530,621036.0,15284.509,8.524564,,,,,,
1780416435.530,621061.0,15284.471,8.524586,,,,,,
1780416435.531,621086.0,15284.489,8.524575,,,,,,
1780416435.612,621111.0,15284.382,8.524634,,,,,,
1780416435.613,621136.0,15284.703,8.524457,,,,,,
1780416435.613,621161.0,15285.112,8.52423,,,,,,
1780416435.613,621186.0,15284.952,8.524319,,,,,,
1780416435.714,621211.0,15285.042,8.524269,,,,,,
1780416435.715,621236.0,15284.794,8.524406,,,,,,
1780416435.715,621261.0,15284.882,8.524358,,,,,,
1780416435.717,621286.0,15285.007,8.524288,,,,,,
1780416435.813,621311.0,15285.132,8.52422,,,,,,
1780416435.814,621336.0,15285.328,8.524111,,,,,,
1780416435.815,621361.0,15285.438,8.52405,,,,,,
1780416435.816,621386.0,15285.739,8.523883,,,,,,
1780416435.913,621411.0,15285.901,8.523793,,,,,,
1780416435.913,621436.0,15286.06,8.523705,,,,,,
1780416435.914,621461.0,15286.292,8.523577,,,,,,
1780416435.914,621486.0,15286.31,8.523567,,,,,,
1780416436.015,621511.0,15286.309,8.523567,,,,,,
1780416436.015,621536.0,15286.273,8.523587,,,,,,
1780416436.016,621561.0,15286.38,8.523528,,,,,,
1780416436.016,621586.0,15286.255,8.52387,,,,,,
1780416436.115,621611.0,15286.327,8.52383,,,,,,
1780416436.117,621636.0,15286.452,8.523761,,,,,,
1780416436.119,621661.0,15286.237,8.52388,,,,,,
1780416436.121,621686.0,15286.255,8.52387,,,,,,
1780416436.212,621711.0,15286.309,8.52384,,,,,,
1780416436.213,621736.0,15286.416,8.523508,,,,,,
1780416436.213,621761.0,15286.38,8.523256,,,,,,
1780416436.213,621786.0,15285.827,8.523562,,,,,,
1780416436.295,621811.0,15285.88,8.523533,,,,,,
1780416436.296,621836.0,15285.845,8.523825,,,,,,
1780416436.296,621861.0,15285.845,8.523825,,,,,,
1780416436.397,621886.0,15285.827,8.523834,,,,,,
1780416436.398,621911.0,15285.809,8.523845,,,,,,
1780416436.399,621936.0,15285.862,8.523815,,,,,,
1780416436.399,621961.0,15285.935,8.523775,,,,,,
1780416436.498,621986.0,15285.827,8.523834,,,,,,
1780416436.500,622011.0,15285.702,8.523904,,,,,,
1780416436.502,622036.0,15285.523,8.524002,,,,,,
1780416436.503,622061.0,15285.434,8.524052,,,,,,
1780416436.597,622086.0,15285.435,8.524052,,,,,,
1780416436.599,622111.0,15285.541,8.523721,,,,,,
1780416436.600,622136.0,15285.738,8.523612,,,,,,
1780416436.601,622161.0,15286.006,8.523463,,,,,,
1780416436.680,622186.0,15285.987,8.523474,,,,,,
1780416436.682,622211.0,15285.773,8.523592,,,,,,
1780416436.683,622236.0,15286.023,8.523454,,,,,,
1780416436.762,622261.0,15285.774,8.523592,,,,,,
1780416436.763,622286.0,15285.828,8.523561,,,,,,
1780416436.763,622311.0,15285.844,8.523553,,,,,,
1780416436.764,622336.0,15285.809,8.523573,,,,,,
1780416436.845,622361.0,15285.79,8.523857,,,,,,
1780416436.845,622386.0,15285.683,8.524187,,,,,,
1780416436.846,622411.0,15285.916,8.524057,,,,,,
1780416436.928,622436.0,15286.056,8.52398,,,,,,
1780416436.929,622461.0,15286.04,8.523716,,,,,,
1780416436.929,622486.0,15286.094,8.523686,,,,,,
1780416437.029,622511.0,15286.236,8.52388,,,,,,
1780416437.030,622536.0,15286.217,8.523891,,,,,,
1780416437.030,622561.0,15286.181,8.523911,,,,,,
1780416437.030,622586.0,15286.022,8.523999,,,,,,
1780416437.130,622611.0,15286.166,8.523919,,,,,,
1780416437.132,622636.0,15286.112,8.523949,,,,,,
1780416437.132,622661.0,15286.147,8.52393,,,,,,
1780416437.133,622686.0,15286.13,8.523939,,,,,,
1780416437.230,622711.0,15286.023,8.523998,,,,,,
1780416437.232,622736.0,15286.077,8.52424,,,,,,
1780416437.233,622761.0,15285.862,8.52436,,,,,,
1780416437.235,622786.0,15285.791,8.524399,,,,,,
1780416437.346,622811.0,15286.058,8.524251,,,,,,
1780416437.347,622836.0,15286.325,8.524103,,,,,,
1780416437.348,622861.0,15286.306,8.524114,,,,,,
1780416437.350,622886.0,15286.183,8.524182,,,,,,
1780416437.351,622911.0,15286.29,8.524122,,,,,,
1780416437.447,622936.0,15286.216,8.524163,,,,,,
1780416437.449,622961.0,15286.308,8.524113,,,,,,
1780416437.450,622986.0,15286.359,8.524084,,,,,,
1780416437.452,623011.0,15286.379,8.524074,,,,,,
1780416437.546,623036.0,15286.448,8.524035,,,,,,
1780416437.546,623061.0,15286.323,8.524104,,,,,,
1780416437.547,623086.0,15286.308,8.524113,,,,,,
1780416437.547,623111.0,15286.325,8.524103,,,,,,
1780416437.629,623136.0,15286.255,8.52387,,,,,,
1780416437.629,623161.0,15286.059,8.523979,,,,,,
1780416437.630,623186.0,15286.129,8.52394,,,,,,
1780416437.730,623211.0,15286.021,8.524,,,,,,
1780416437.731,623236.0,15285.969,8.524029,,,,,,
1780416437.731,623261.0,15285.934,8.524048,,,,,,
1780416437.732,623286.0,15285.988,8.524017,,,,,,
1780416437.812,623311.0,15285.684,8.524186,,,,,,
1780416437.813,623336.0,15285.684,8.524186,,,,,,
1780416437.813,623361.0,15285.667,8.524196,,,,,,
1780416437.814,623386.0,15285.684,8.524186,,,,,,
1780416437.896,623411.0,15285.685,8.524186,,,,,,
1780416437.897,623436.0,15285.453,8.524314,,,,,,
1780416437.897,623461.0,15285.363,8.524364,,,,,,
1780416437.997,623486.0,15285.22,8.524444,,,,,,
1780416437.998,623511.0,15285.346,8.524374,,,,,,
1780416437.999,623536.0,15285.273,8.524413,,,,,,
1780416437.999,623561.0,15285.131,8.524492,,,,,,
1780416438.078,623586.0,15284.971,8.524581,,,,,,
1780416438.079,623611.0,15284.988,8.524299,,,,,,
1780416438.079,623636.0,15285.042,8.524269,,,,,,
1780416438.161,623661.0,15284.919,8.524337,,,,,,
1780416438.162,623686.0,15284.953,8.524318,,,,,,
1780416438.163,623711.0,15285.095,8.52424,,,,,,
1780416438.163,623736.0,15285.095,8.52424,,,,,,
1780416438.262,623761.0,15285.078,8.524249,,,,,,
1780416438.262,623786.0,15285.148,8.52421,,,,,,
1780416438.263,623811.0,15285.007,8.524288,,,,,,
1780416438.264,623836.0,15284.971,8.524308,,,,,,
1780416438.347,623861.0,15284.971,8.524308,,,,,,
1780416438.347,623886.0,15284.989,8.524298,,,,,,
1780416438.348,623911.0,15284.936,8.524328,,,,,,
1780416438.446,623936.0,15285.188,8.524188,,,,,,
1780416438.446,623961.0,15285.348,8.524099,,,,,,
1780416438.447,623986.0,15285.259,8.524149,,,,,,
1780416438.447,624011.0,15285.364,8.524091,,,,,,
1780416438.528,624036.0,15285.295,8.524129,,,,,,
1780416438.528,624061.0,15285.313,8.524119,,,,,,
1780416438.529,624086.0,15285.295,8.524129,,,,,,
1780416438.596,624111.0,15285.239,8.524159,,,,,,
1780416438.596,624136.0,15285.256,8.524151,,,,,,
1780416438.597,624161.0,15285.255,8.524151,,,,,,
1780416438.680,624186.0,15285.361,8.524092,,,,,,
1780416438.682,624211.0,15285.361,8.524092,,,,,,
1780416438.683,624236.0,15285.004,8.524563,,,,,,
1780416438.761,624261.0,15285.005,8.524562,,,,,,
1780416438.762,624286.0,15285.22,8.524444,,,,,,
1780416438.762,624311.0,15285.167,8.524199,,,,,,
1780416438.763,624336.0,15284.971,8.524308,,,,,,
1780416438.833,624361.0,15284.864,8.524367,,,,,,
1780416438.833,624386.0,15284.721,8.524446,,,,,,
1780416438.913,624411.0,15284.811,8.524397,,,,,,
1780416438.913,624436.0,15284.688,8.524466,,,,,,
1780416438.914,624461.0,15284.776,8.524416,,,,,,
1780416438.914,624486.0,15284.848,8.524377,,,,,,
1780416438.995,624511.0,15284.669,8.524475,,,,,,
1780416438.996,624536.0,15284.491,8.524574,,,,,,
1780416438.998,624561.0,15284.384,8.524633,,,,,,
1780416439.081,624586.0,15284.188,8.524742,,,,,,
1780416439.082,624611.0,15284.17,8.52448,,,,,,
1780416439.083,624636.0,15284.188,8.52447,,,,,,
1780416439.179,624661.0,15284.132,8.524501,,,,,,
1780416439.180,624686.0,15284.078,8.524531,,,,,,
1780416439.180,624711.0,15284.114,8.524239,,,,,,
1780416439.181,624736.0,15284.221,8.524179,,,,,,
1780416439.271,624761.0,15284.277,8.523876,,,,,,
1780416439.272,624786.0,15284.328,8.523848,,,,,,
1780416439.273,624811.0,15284.331,8.523847,,,,,,
1780416439.273,624836.0,15284.419,8.523798,,,,,,
1780416439.344,624861.0,15284.599,8.523698,,,,,,
1780416439.345,624886.0,15284.456,8.523777,,,,,,
1780416439.346,624911.0,15284.135,8.523955,,,,,,
1780416439.444,624936.0,15284.152,8.524217,,,,,,
1780416439.444,624961.0,15284.278,8.524147,,,,,,
1780416439.445,624986.0,15284.367,8.524098,,,,,,
1780416439.445,625011.0,15284.51,8.524019,,,,,,
1780416439.528,625036.0,15284.438,8.524059,,,,,,
1780416439.529,625061.0,15284.632,8.523952,,,,,,
1780416439.530,625086.0,15284.563,8.52399,,,,,,
1780416439.612,625111.0,15284.58,8.52398,,,,,,
1780416439.613,625136.0,15284.792,8.523863,,,,,,
1780416439.615,625161.0,15284.97,8.523765,,,,,,
1780416439.616,625186.0,15285.147,8.523395,,,,,,
1780416439.729,625211.0,15285.219,8.523355,,,,,,
1780416439.730,625236.0,15285.345,8.523557,,,,,,
1780416439.730,625261.0,15285.273,8.523596,,,,,,
1780416439.731,625286.0,15285.484,8.523479,,,,,,
1780416439.812,625311.0,15285.629,8.523672,,,,,,
1780416439.812,625336.0,15285.504,8.524014,,,,,,
1780416439.813,625361.0,15285.361,8.524092,,,,,,
1780416439.813,625386.0,15285.416,8.524335,,,,,,
1780416439.894,625411.0,15285.434,8.524324,,,,,,
1780416439.895,625436.0,15285.541,8.524265,,,,,,
1780416439.895,625461.0,15285.274,8.524413,,,,,,
1780416439.961,625486.0,15285.31,8.524393,,,,,,
1780416439.962,625511.0,15285.397,8.524344,,,,,,
1780416439.962,625536.0,15285.63,8.524217,,,,,,
1780416440.028,625561.0,15285.684,8.524186,,,,,,
1780416440.029,625586.0,15285.452,8.524315,,,,,,
1780416440.094,625611.0,15285.487,8.524022,,,,,,
1780416440.095,625636.0,15285.596,8.523962,,,,,,
1780416440.095,625661.0,15285.773,8.523864,,,,,,
1780416440.161,625686.0,15285.774,8.523864,,,,,,
1780416440.161,625711.0,15285.738,8.523884,,,,,,
1780416440.162,625736.0,15285.648,8.523933,,,,,,
1780416440.227,625761.0,15285.47,8.524033,,,,,,
1780416440.228,625786.0,15285.631,8.523943,,,,,,
1780416440.310,625811.0,15285.737,8.524157,,,,,,
1780416440.311,625836.0,15285.452,8.524316,,,,,,
1780416440.311,625861.0,15285.399,8.524343,,,,,,
1780416440.377,625886.0,15285.381,8.524354,,,,,,
1780416440.377,625911.0,15285.416,8.524335,,,,,,
1780416440.378,625936.0,15285.362,8.524092,,,,,,
1780416440.443,625961.0,15285.559,8.523983,,,,,,
1780416440.444,625986.0,15285.845,8.523825,,,,,,
1780416440.444,626011.0,15285.685,8.523913,,,,,,
1780416440.512,626036.0,15285.72,8.523893,,,,,,
1780416440.515,626061.0,15285.648,8.523933,,,,,,
1780416440.515,626086.0,15285.898,8.523795,,,,,,
1780416440.592,626111.0,15285.987,8.523746,,,,,,
1780416440.593,626136.0,15285.951,8.523766,,,,,,
1780416440.594,626161.0,15285.897,8.523795,,,,,,
1780416440.660,626186.0,15285.755,8.523874,,,,,,
1780416440.660,626211.0,15285.952,8.523765,,,,,,
1780416440.727,626236.0,15286.005,8.524009,,,,,,
1780416440.728,626261.0,15285.934,8.524048,,,,,,
1780416440.729,626286.0,15285.702,8.524177,,,,,,
1780416440.794,626311.0,15285.612,8.523953,,,,,,
1780416440.795,626336.0,15285.719,8.523894,,,,,,
1780416440.797,626361.0,15285.808,8.523845,,,,,,
1780416440.895,626386.0,15285.861,8.523815,,,,,,
1780416440.895,626411.0,15285.77,8.523866,,,,,,
1780416440.896,626436.0,15285.361,8.524092,,,,,,
1780416440.896,626461.0,15285.809,8.523845,,,,,,
1780416440.960,626486.0,15285.951,8.523766,,,,,,
1780416440.960,626511.0,15286.04,8.523444,,,,,,
1780416441.043,626536.0,15285.826,8.523563,,,,,,
1780416441.043,626561.0,15285.773,8.523592,,,,,,
1780416441.044,626586.0,15285.72,8.523622,,,,,,
1780416441.044,626611.0,15285.666,8.523652,,,,,,
1780416441.110,626636.0,15285.702,8.523632,,,,,,
1780416441.110,626661.0,15285.649,8.523661,,,,,,
1780416441.177,626686.0,15285.471,8.52376,,,,,,
1780416441.178,626711.0,15285.362,8.52382,,,,,,
1780416441.178,626736.0,15285.434,8.52378,,,,,,
1780416441.244,626761.0,15285.486,8.523751,,,,,,
1780416441.245,626786.0,15285.488,8.52375,,,,,,
1780416441.245,626811.0,15285.558,8.523711,,,,,,
1780416441.311,626836.0,15285.559,8.523711,,,,,,
1780416441.311,626861.0,15285.415,8.52379,,,,,,
1780416441.312,626886.0,15285.469,8.523761,,,,,,
1780416441.378,626911.0,15285.684,8.523369,,,,,,
1780416441.378,626936.0,15285.737,8.523612,,,,,,
1780416441.461,626961.0,15285.757,8.523602,,,,,,
1780416441.461,626986.0,15285.524,8.52373,,,,,,
1780416441.462,627011.0,15285.759,8.523601,,,,,,
1780416441.462,627036.0,15285.919,8.523512,,,,,,
1780416441.535,627061.0,15286.151,8.523383,,,,,,
1780416441.536,627086.0,15285.919,8.523512,,,,,,
1780416441.536,627111.0,15285.739,8.523611,,,,,,
1780416441.610,627136.0,15285.721,8.523893,,,,,,
1780416441.610,627161.0,15285.826,8.523835,,,,,,
1780416441.695,627186.0,15285.951,8.523766,,,,,,
1780416441.696,627211.0,15286.022,8.523726,,,,,,
1780416441.698,627236.0,15285.97,8.523755,,,,,,
1780416441.699,627261.0,15286.059,8.523435,,,,,,
1780416441.794,627286.0,15286.094,8.523415,,,,,,
1780416441.794,627311.0,15286.323,8.523288,,,,,,
1780416441.794,627336.0,15286.397,8.523247,,,,,,
1780416441.795,627361.0,15286.413,8.523238,,,,,,
1780416441.860,627386.0,15286.521,8.523178,,,,,,
1780416441.860,627411.0,15286.575,8.523149,,,,,,
1780416441.945,627436.0,15286.752,8.52305,,,,,,
1780416441.946,627461.0,15286.752,8.52305,,,,,,
1780416441.947,627486.0,15286.88,8.52298,,,,,,
1780416441.947,627511.0,15286.79,8.523301,,,,,,
1780416442.027,627536.0,15286.684,8.523633,,,,,,
1780416442.027,627561.0,15286.684,8.523633,,,,,,
1780416442.028,627586.0,15286.559,8.523702,,,,,,
1780416442.096,627611.0,15286.717,8.523614,,,,,,
1780416442.097,627636.0,15286.647,8.523653,,,,,,
1780416442.097,627661.0,15286.522,8.523722,,,,,,
1780416442.176,627686.0,15286.663,8.523644,,,,,,
1780416442.177,627711.0,15286.787,8.523576,,,,,,
1780416442.178,627736.0,15286.857,8.523537,,,,,,
1780416442.260,627761.0,15286.822,8.523556,,,,,,
1780416442.260,627786.0,15286.876,8.523526,,,,,,
1780416442.261,627811.0,15286.77,8.523585,,,,,,
1780416442.326,627836.0,15286.7,8.523623,,,,,,
1780416442.327,627861.0,15286.716,8.523615,,,,,,
1780416442.327,627886.0,15286.844,8.523816,,,,,,
1780416442.393,627911.0,15286.701,8.523894,,,,,,
1780416442.393,627936.0,15286.486,8.524014,,,,,,
1780416442.394,627961.0,15286.559,8.523973,,,,,,
1780416442.460,627986.0,15286.254,8.524142,,,,,,
1780416442.460,628011.0,15286.129,8.524212,,,,,,
1780416442.526,628036.0,15286.094,8.524232,,,,,,
1780416442.527,628061.0,15285.915,8.52433,,,,,,
1780416442.527,628086.0,15285.897,8.52434,,,,,,
1780416442.592,628111.0,15285.951,8.52431,,,,,,
1780416442.593,628136.0,15285.969,8.524029,,,,,,
1780416442.594,628161.0,15285.826,8.524108,,,,,,
1780416442.660,628186.0,15285.791,8.523854,,,,,,
1780416442.660,628211.0,15285.702,8.523904,,,,,,
1780416442.726,628236.0,15285.595,8.523963,,,,,,
1780416442.727,628261.0,15285.649,8.523932,,,,,,
1780416442.727,628286.0,15285.435,8.524052,,,,,,
1780416442.793,628311.0,15285.256,8.524151,,,,,,
1780416442.793,628336.0,15285.113,8.524229,,,,,,
1780416442.794,628361.0,15285.096,8.52424,,,,,,
1780416442.860,628386.0,15285.166,8.5242,,,,,,
1780416442.861,628411.0,15285.041,8.524269,,,,,,
1780416442.961,628436.0,15285.328,8.524111,,,,,,
1780416442.962,628461.0,15285.348,8.524099,,,,,,
1780416442.962,628486.0,15285.346,8.524101,,,,,,
1780416442.963,628511.0,15285.116,8.524228,,,,,,
1780416442.963,628536.0,15285.241,8.524158,,,,,,
1780416443.044,628561.0,15285.169,8.524199,,,,,,
1780416443.045,628586.0,15285.063,8.524258,,,,,,
1780416443.045,628611.0,15285.221,8.523898,,,,,,
1780416443.128,628636.0,15285.346,8.523829,,,,,,
1780416443.129,628661.0,15285.29,8.52386,,,,,,
1780416443.129,628686.0,15285.433,8.523781,,,,,,
1780416443.230,628711.0,15285.361,8.52382,,,,,,
1780416443.232,628736.0,15285.398,8.5238,,,,,,
1780416443.234,628761.0,15285.094,8.523969,,,,,,
1780416443.235,628786.0,15285.149,8.523937,,,,,,
1780416443.328,628811.0,15285.471,8.524032,,,,,,
1780416443.328,628836.0,15285.489,8.524021,,,,,,
1780416443.329,628861.0,15285.561,8.523982,,,,,,
1780416443.329,628886.0,15285.453,8.524041,,,,,,
1780416443.411,628911.0,15285.578,8.523973,,,,,,
1780416443.411,628936.0,15285.757,8.523873,,,,,,
1780416443.412,628961.0,15285.953,8.523765,,,,,,
1780416443.413,628986.0,15285.881,8.523805,,,,,,
1780416443.493,629011.0,15285.72,8.523893,,,,,,
1780416443.494,629036.0,15285.701,8.523904,,,,,,
1780416443.494,629061.0,15285.524,8.524002,,,,,,
1780416443.578,629086.0,15285.453,8.524041,,,,,,
1780416443.578,629111.0,15285.524,8.524002,,,,,,
1780416443.579,629136.0,15285.667,8.523923,,,,,,
1780416443.660,629161.0,15285.649,8.523932,,,,,,
1780416443.661,629186.0,15285.938,8.523773,,,,,,
1780416443.661,629211.0,15285.776,8.523862,,,,,,
1780416443.661,629236.0,15285.811,8.524117,,,,,,
1780416443.761,629261.0,15285.759,8.524145,,,,,,
1780416443.762,629286.0,15285.773,8.524137,,,,,,
1780416443.762,629311.0,15285.613,8.524225,,,,,,
1780416443.763,629336.0,15285.576,8.524246,,,,,,
1780416443.844,629361.0,15285.451,8.524315,,,,,,
1780416443.845,629386.0,15285.683,8.524187,,,,,,
1780416443.846,629411.0,15285.826,8.524108,,,,,,
1780416443.929,629436.0,15285.434,8.524324,,,,,,
1780416443.931,629461.0,15285.612,8.524226,,,,,,
1780416443.932,629486.0,15285.703,8.524176,,,,,,
1780416444.011,629511.0,15285.703,8.524176,,,,,,
1780416444.012,629536.0,15285.759,8.524145,,,,,,
1780416444.012,629561.0,15285.399,8.524343,,,,,,
1780416444.013,629586.0,15285.417,8.524334,,,,,,
1780416444.111,629611.0,15285.542,8.524265,,,,,,
1780416444.112,629636.0,15285.576,8.524246,,,,,,
1780416444.112,629661.0,15285.596,8.524235,,,,,,
1780416444.113,629686.0,15285.364,8.524364,,,,,,
1780416444.193,629711.0,15285.364,8.524364,,,,,,
1780416444.193,629736.0,15285.257,8.524423,,,,,,
1780416444.194,629761.0,15285.238,8.524433,,,,,,
1780416444.261,629786.0,15285.238,8.524433,,,,,,
1780416444.262,629811.0,15285.22,8.524444,,,,,,
1780416444.263,629836.0,15285.22,8.524444,,,,,,
1780416444.343,629861.0,15285.344,8.524102,,,,,,
1780416444.344,629886.0,15285.469,8.524033,,,,,,
1780416444.344,629911.0,15285.505,8.524013,,,,,,
1780416444.444,629936.0,15285.612,8.523953,,,,,,
1780416444.449,629961.0,15285.684,8.523642,,,,,,
1780416444.450,629986.0,15285.719,8.523623,,,,,,
1780416444.450,630011.0,15285.808,8.523573,,,,,,
1780416444.542,630036.0,15285.879,8.523534,,,,,,
1780416444.543,630061.0,15285.791,8.523582,,,,,,
1780416444.543,630086.0,15285.737,8.523612,,,,,,
1780416444.543,630111.0,15285.717,8.523623,,,,,,
1780416444.627,630136.0,15285.647,8.523662,,,,,,
1780416444.628,630161.0,15285.666,8.523652,,,,,,
1780416444.628,630186.0,15285.951,8.523494,,,,,,
1780416444.743,630211.0,15285.969,8.523484,,,,,,
1780416444.743,630236.0,15286.005,8.523464,,,,,,
1780416444.744,630261.0,15286.148,8.523384,,,,,,
1780416444.744,630286.0,15286.219,8.523346,,,,,,
1780416444.744,630311.0,15286.523,8.523177,,,,,,
1780416444.827,630336.0,15286.576,8.523148,,,,,,
1780416444.828,630361.0,15286.558,8.523158,,,,,,
1780416444.828,630386.0,15286.646,8.523109,,,,,,
1780416444.927,630411.0,15286.701,8.523078,,,,,,
1780416444.928,630436.0,15286.665,8.523098,,,,,,
1780416444.929,630461.0,15287.092,8.522862,,,,,,
1780416444.929,630486.0,15287.004,8.523183,,,,,,
1780416445.011,630511.0,15286.717,8.523341,,,,,,
1780416445.012,630536.0,15286.466,8.52348,,,,,,
1780416445.013,630561.0,15286.484,8.52347,,,,,,
1780416445.013,630586.0,15286.502,8.523733,,,,,,
1780416445.094,630611.0,15286.466,8.523753,,,,,,
1780416445.096,630636.0,15286.484,8.523743,,,,,,
1780416445.097,630661.0,15286.075,8.52397,,,,,,
1780416445.177,630686.0,15286.219,8.52389,,,,,,
1780416445.178,630711.0,15286.271,8.523862,,,,,,
1780416445.178,630736.0,15286.255,8.52387,,,,,,
1780416445.261,630761.0,15286.309,8.52384,,,,,,
1780416445.261,630786.0,15286.166,8.523919,,,,,,
1780416445.262,630811.0,15286.129,8.52394,,,,,,
1780416445.263,630836.0,15285.986,8.524019,,,,,,
1780416445.360,630861.0,15285.969,8.524029,,,,,,
1780416445.360,630886.0,15285.97,8.524028,,,,,,
1780416445.361,630911.0,15285.951,8.524038,,,,,,
1780416445.444,630936.0,15285.934,8.524048,,,,,,
1780416445.446,630961.0,15285.986,8.524019,,,,,,
1780416445.448,630986.0,15286.005,8.524009,,,,,,
1780416445.449,631011.0,15285.934,8.524048,,,,,,
1780416445.543,631036.0,15285.631,8.524216,,,,,,
1780416445.544,631061.0,15285.595,8.524236,,,,,,
1780416445.544,631086.0,15285.488,8.524295,,,,,,
1780416445.544,631111.0,15285.54,8.524266,,,,,,
1780416445.645,631136.0,15285.611,8.524226,,,,,,
1780416445.645,631161.0,15285.81,8.524117,,,,,,
1780416445.646,631186.0,15285.826,8.524108,,,,,,
1780416445.646,631211.0,15285.683,8.524187,,,,,,
1780416445.728,631236.0,15285.754,8.524147,,,,,,
1780416445.730,631261.0,15285.629,8.524217,,,,,,
1780416445.732,631286.0,15285.879,8.524078,,,,,,
1780416445.812,631311.0,15286.004,8.524009,,,,,,
1780416445.813,631336.0,15285.95,8.524039,,,,,,
1780416445.814,631361.0,15285.861,8.524088,,,,,,
1780416445.815,631386.0,15285.95,8.524039,,,,,,
1780416445.909,631411.0,15285.933,8.524049,,,,,,
1780416445.909,631436.0,15286.076,8.523969,,,,,,
1780416445.910,631461.0,15286.184,8.52391,,,,,,
1780416446.011,631486.0,15286.166,8.523919,,,,,,
1780416446.012,631511.0,15286.022,8.523999,,,,,,
1780416446.013,631536.0,15285.879,8.524078,,,,,,
1780416446.014,631561.0,15285.791,8.524127,,,,,,
1780416446.014,631586.0,15285.826,8.524108,,,,,,
1780416446.110,631611.0,15285.897,8.524068,,,,,,
1780416446.112,631636.0,15285.969,8.523756,,,,,,
1780416446.113,631661.0,15286.111,8.523677,,,,,,
1780416446.115,631686.0,15286.076,8.523696,,,,,,
1780416446.195,631711.0,15286.006,8.523735,,,,,,
1780416446.195,631736.0,15286.006,8.523735,,,,,,
1780416446.196,631761.0,15286.113,8.523676,,,,,,
1780416446.292,631786.0,15286.221,8.523616,,,,,,
1780416446.293,631811.0,15286.185,8.523636,,,,,,
1780416446.294,631836.0,15286.202,8.523626,,,,,,
1780416446.294,631861.0,15286.147,8.523657,,,,,,
1780416446.394,631886.0,15286.165,8.523647,,,,,,
1780416446.395,631911.0,15286.255,8.523598,,,,,,
1780416446.396,631936.0,15286.344,8.523548,,,,,,
1780416446.396,631961.0,15286.166,8.523646,,,,,,
1780416446.492,631986.0,15286.236,8.523607,,,,,,
1780416446.493,632011.0,15286.469,8.523479,,,,,,
1780416446.493,632036.0,15286.609,8.523401,,,,,,
1780416446.494,632061.0,15286.451,8.523489,,,,,,
1780416446.559,632086.0,15286.504,8.523459,,,,,,
1780416446.560,632111.0,15286.47,8.523479,,,,,,
1780416446.643,632136.0,15286.523,8.523449,,,,,,
1780416446.644,632161.0,15286.666,8.52337,,,,,,
1780416446.644,632186.0,15286.702,8.52335,,,,,,
1780416446.645,632211.0,15286.612,8.523399,,,,,,
1780416446.728,632236.0,15286.612,8.523399,,,,,,
1780416446.729,632261.0,15286.54,8.523712,,,,,,
1780416446.729,632286.0,15286.612,8.523672,,,,,,
1780416446.793,632311.0,15286.79,8.523574,,,,,,
1780416446.794,632336.0,15286.754,8.523594,,,,,,
1780416446.794,632361.0,15286.629,8.523663,,,,,,
1780416446.878,632386.0,15286.521,8.523723,,,,,,
1780416446.879,632411.0,15286.487,8.523742,,,,,,
1780416446.880,632436.0,15286.594,8.523683,,,,,,
1780416446.960,632461.0,15286.522,8.523722,,,,,,
1780416446.960,632486.0,15286.575,8.523693,,,,,,
1780416446.961,632511.0,15286.576,8.523692,,,,,,
1780416447.042,632536.0,15286.398,8.52379,,,,,,
1780416447.043,632561.0,15286.148,8.523929,,,,,,
1780416447.043,632586.0,15286.362,8.52381,,,,,,
1780416447.044,632611.0,15286.38,8.523801,,,,,,
1780416447.143,632636.0,15286.042,8.523988,,,,,,
1780416447.144,632661.0,15285.919,8.524056,,,,,,
1780416447.145,632686.0,15285.899,8.524067,,,,,,
1780416447.146,632711.0,15285.794,8.524125,,,,,,
1780416447.243,632736.0,15285.864,8.524086,,,,,,
1780416447.244,632761.0,15285.935,8.524048,,,,,,
1780416447.244,632786.0,15286.078,8.523968,,,,,,
1780416447.245,632811.0,15285.899,8.524067,,,,,,
1780416447.345,632836.0,15285.861,8.524088,,,,,,
1780416447.347,632861.0,15285.737,8.524157,,,,,,
1780416447.349,632886.0,15285.666,8.524197,,,,,,
1780416447.350,632911.0,15285.595,8.524236,,,,,,
1780416447.443,632936.0,15285.363,8.524364,,,,,,
1780416447.443,632961.0,15285.328,8.524384,,,,,,
1780416447.444,632986.0,15285.294,8.524403,,,,,,
1780416447.444,633011.0,15285.259,8.524422,,,,,,
1780416447.527,633036.0,15285.188,8.524461,,,,,,
1780416447.528,633061.0,15285.098,8.524511,,,,,,
1780416447.528,633086.0,15285.33,8.524383,,,,,,
1780416447.644,633111.0,15285.186,8.524463,,,,,,
1780416447.645,633136.0,15285.134,8.524491,,,,,,
1780416447.646,633161.0,15285.259,8.524422,,,,,,
1780416447.647,633186.0,15285.31,8.524393,,,,,,
1780416447.649,633211.0,15285.382,8.524354,,,,,,
1780416447.742,633236.0,15285.292,8.524404,,,,,,
1780416447.743,633261.0,15285.31,8.524393,,,,,,
1780416447.744,633286.0,15285.453,8.524314,,,,,,
1780416447.745,633311.0,15285.416,8.524335,,,,,,
1780416447.826,633336.0,15285.541,8.524265,,,,,,
1780416447.827,633361.0,15285.31,8.524393,,,,,,
1780416447.827,633386.0,15285.417,8.524334,,,,,,
1780416447.910,633411.0,15285.238,8.524433,,,,,,
1780416447.912,633436.0,15285.416,8.524062,,,,,,
1780416447.914,633461.0,15285.559,8.523983,,,,,,
1780416447.915,633486.0,15285.541,8.523993,,,,,,
1780416448.009,633511.0,15285.577,8.523973,,,,,,
1780416448.010,633536.0,15285.523,8.524002,,,,,,
1780416448.010,633561.0,15285.541,8.523993,,,,,,
1780416448.075,633586.0,15285.631,8.523943,,,,,,
1780416448.075,633611.0,15285.611,8.523953,,,,,,
1780416448.076,633636.0,15285.736,8.523885,,,,,,
1780416448.141,633661.0,15285.576,8.523973,,,,,,
1780416448.143,633686.0,15285.523,8.524002,,,,,,
1780416448.143,633711.0,15285.486,8.524023,,,,,,
1780416448.225,633736.0,15285.684,8.523913,,,,,,
1780416448.226,633761.0,15285.825,8.523835,,,,,,
1780416448.226,633786.0,15285.737,8.523884,,,,,,
1780416448.292,633811.0,15285.773,8.523864,,,,,,
1780416448.292,633836.0,15285.756,8.523873,,,,,,
1780416448.292,633861.0,15285.898,8.523795,,,,,,
1780416448.358,633886.0,15285.861,8.523543,,,,,,
1780416448.358,633911.0,15285.755,8.523602,,,,,,
1780416448.425,633936.0,15285.88,8.523533,,,,,,
1780416448.425,633961.0,15285.631,8.523671,,,,,,
1780416448.426,633986.0,15285.702,8.523632,,,,,,
1780416448.492,634011.0,15285.594,8.523691,,,,,,
1780416448.492,634036.0,15285.506,8.523741,,,,,,
1780416448.492,634061.0,15285.486,8.524023,,,,,,
1780416448.558,634086.0,15285.523,8.52373,,,,,,
1780416448.558,634111.0,15285.416,8.52379,,,,,,
1780416448.625,634136.0,15285.506,8.523741,,,,,,
1780416448.626,634161.0,15285.667,8.523651,,,,,,
1780416448.626,634186.0,15285.773,8.523592,,,,,,
1780416448.692,634211.0,15285.542,8.523721,,,,,,
1780416448.692,634236.0,15285.613,8.523681,,,,,,
1780416448.693,634261.0,15285.488,8.52375,,,,,,
1780416448.777,634286.0,15285.844,8.523553,,,,,,
1780416448.779,634311.0,15286.113,8.523404,,,,,,
1780416448.780,634336.0,15285.97,8.523483,,,,,,
1780416448.878,634361.0,15285.773,8.523592,,,,,,
1780416448.879,634386.0,15285.88,8.523533,,,,,,
1780416448.880,634411.0,15286.006,8.523463,,,,,,
1780416448.881,634436.0,15286.131,8.523395,,,,,,
1780416448.977,634461.0,15286.112,8.523404,,,,,,
1780416448.979,634486.0,15286.077,8.523424,,,,,,
1780416448.981,634511.0,15286.13,8.523666,,,,,,
1780416448.982,634536.0,15286.237,8.523607,,,,,,
1780416449.060,634561.0,15286.201,8.523627,,,,,,
1780416449.061,634586.0,15286.291,8.523578,,,,,,
1780416449.062,634611.0,15286.416,8.523508,,,,,,
1780416449.062,634636.0,15286.452,8.523488,,,,,,
1780416449.158,634661.0,15286.631,8.523389,,,,,,
1780416449.159,634686.0,15286.63,8.52339,,,,,,
1780416449.160,634711.0,15286.521,8.523723,,,,,,
1780416449.242,634736.0,15286.719,8.523613,,,,,,
1780416449.243,634761.0,15286.684,8.523633,,,,,,
1780416449.243,634786.0,15286.647,8.523653,,,,,,
1780416449.244,634811.0,15286.755,8.523593,,,,,,
1780416449.327,634836.0,15287.059,8.523425,,,,,,
1780416449.328,634861.0,15287.29,8.523297,,,,,,
1780416449.328,634886.0,15287.309,8.523287,,,,,,
1780416449.410,634911.0,15287.111,8.523396,,,,,,
1780416449.412,634936.0,15287.004,8.523456,,,,,,
1780416449.413,634961.0,15287.13,8.523386,,,,,,
1780416449.414,634986.0,15287.183,8.523356,,,,,,
1780416449.510,635011.0,15286.986,8.523465,,,,,,
1780416449.510,635036.0,15286.915,8.523504,,,,,,
1780416449.511,635061.0,15286.88,8.523252,,,,,,
1780416449.512,635086.0,15286.791,8.5233,,,,,,
1780416449.608,635111.0,15286.771,8.523312,,,,,,
1780416449.608,635136.0,15286.756,8.52332,,,,,,
1780416449.609,635161.0,15286.754,8.523321,,,,,,
1780416449.692,635186.0,15286.629,8.52339,,,,,,
1780416449.693,635211.0,15286.736,8.523331,,,,,,
1780416449.694,635236.0,15286.576,8.523419,,,,,,
1780416449.694,635261.0,15286.486,8.523469,,,,,,
1780416449.792,635286.0,15286.469,8.523479,,,,,,
1780416449.792,635311.0,15286.523,8.523449,,,,,,
1780416449.793,635336.0,15286.647,8.52338,,,,,,
1780416449.793,635361.0,15286.79,8.523301,,,,,,
1780416449.893,635386.0,15286.79,8.523301,,,,,,
1780416449.901,635411.0,15286.683,8.52336,,,,,,
1780416449.902,635436.0,15286.592,8.523139,,,,,,
1780416449.903,635461.0,15286.431,8.523229,,,,,,
1780416449.992,635486.0,15286.306,8.523297,,,,,,
1780416449.993,635511.0,15286.395,8.523249,,,,,,
1780416449.994,635536.0,15286.413,8.523238,,,,,,
1780416449.995,635561.0,15286.396,8.523248,,,,,,
1780416450.110,635586.0,15286.448,8.523218,,,,,,
1780416450.111,635611.0,15286.521,8.523178,,,,,,
1780416450.111,635636.0,15286.611,8.523129,,,,,,
1780416450.112,635661.0,15286.594,8.523138,,,,,,
1780416450.113,635686.0,15286.484,8.52347,,,,,,
1780416450.192,635711.0,15286.359,8.52354,,,,,,
1780416450.194,635736.0,15286.344,8.523548,,,,,,
1780416450.194,635761.0,15286.309,8.523567,,,,,,
1780416450.292,635786.0,15286.362,8.523538,,,,,,
1780416450.292,635811.0,15286.433,8.523499,,,,,,
1780416450.293,635836.0,15286.252,8.523599,,,,,,
1780416450.293,635861.0,15286.396,8.52352,,,,,,
1780416450.392,635886.0,15286.556,8.523431,,,,,,
1780416450.393,635911.0,15286.716,8.523342,,,,,,
1780416450.394,635936.0,15286.609,8.523401,,,,,,
1780416450.394,635961.0,15286.521,8.52345,,,,,,
1780416450.477,635986.0,15286.397,8.523519,,,,,,
1780416450.478,636011.0,15286.361,8.523539,,,,,,
1780416450.480,636036.0,15286.45,8.523489,,,,,,
1780416450.576,636061.0,15286.486,8.523742,,,,,,
1780416450.577,636086.0,15286.594,8.523683,,,,,,
1780416450.577,636111.0,15286.379,8.523802,,,,,,
1780416450.577,636136.0,15286.363,8.52381,,,,,,
1780416450.658,636161.0,15286.521,8.523723,,,,,,
1780416450.658,636186.0,15286.362,8.52381,,,,,,
1780416450.659,636211.0,15286.398,8.52379,,,,,,
1780416450.758,636236.0,15286.29,8.52385,,,,,,
1780416450.759,636261.0,15286.397,8.523791,,,,,,
1780416450.760,636286.0,15286.396,8.523792,,,,,,
1780416450.760,636311.0,15286.467,8.52348,,,,,,
1780416450.858,636336.0,15286.681,8.523361,,,,,,
1780416450.859,636361.0,15286.484,8.52347,,,,,,
1780416450.859,636386.0,15286.573,8.523421,,,,,,
1780416450.859,636411.0,15286.54,8.523439,,,,,,
1780416450.959,636436.0,15286.771,8.523312,,,,,,
1780416450.960,636461.0,15286.986,8.523192,,,,,,
1780416450.960,636486.0,15286.879,8.523252,,,,,,
1780416450.960,636511.0,15286.683,8.52336,,,,,,
1780416451.077,636536.0,15286.22,8.523617,,,,,,
1780416451.078,636561.0,15286.239,8.523606,,,,,,
1780416451.078,636586.0,15286.274,8.523586,,,,,,
1780416451.079,636611.0,15286.273,8.523587,,,,,,
1780416451.079,636636.0,15286.345,8.523547,,,,,,
1780416451.160,636661.0,15286.346,8.523547,,,,,,
1780416451.162,636686.0,15286.291,8.523578,,,,,,
1780416451.163,636711.0,15286.434,8.523499,,,,,,
1780416451.165,636736.0,15286.701,8.52335,,,,,,
1780416451.277,636761.0,15286.755,8.52332,,,,,,
1780416451.279,636786.0,15286.397,8.523519,,,,,,
1780416451.281,636811.0,15286.595,8.523409,,,,,,
1780416451.282,636836.0,15286.559,8.523429,,,,,,
1780416451.393,636861.0,15286.665,8.523098,,,,,,
1780416451.395,636886.0,15286.379,8.523257,,,,,,
1780416451.397,636911.0,15286.486,8.523197,,,,,,
1780416451.398,636936.0,15286.558,8.52343,,,,,,
1780416451.399,636961.0,15286.595,8.523409,,,,,,
1780416451.494,636986.0,15286.612,8.523399,,,,,,
1780416451.496,637011.0,15286.845,8.523271,,,,,,
1780416451.497,637036.0,15286.719,8.52334,,,,,,
1780416451.498,637061.0,15286.63,8.52339,,,,,,
1780416451.592,637086.0,15286.523,8.523449,,,,,,
1780416451.593,637111.0,15286.684,8.52336,,,,,,
1780416451.594,637136.0,15286.915,8.523232,,,,,,
1780416451.594,637161.0,15287.219,8.523064,,,,,,
1780416451.675,637186.0,15287.254,8.523044,,,,,,
1780416451.676,637211.0,15287.094,8.523132,,,,,,
1780416451.677,637236.0,15287.022,8.523172,,,,,,
1780416451.760,637261.0,15287.201,8.523073,,,,,,
1780416451.760,637286.0,15287.129,8.523113,,,,,,
1780416451.761,637311.0,15287.254,8.523044,,,,,,
1780416451.841,637336.0,15286.986,8.523192,,,,,,
1780416451.842,637361.0,15286.95,8.523212,,,,,,
1780416451.842,637386.0,15286.897,8.523241,,,,,,
1780416451.843,637411.0,15287.344,8.522994,,,,,,
1780416451.926,637436.0,15287.415,8.522955,,,,,,
1780416451.926,637461.0,15287.306,8.523015,,,,,,
1780416451.927,637486.0,15287.252,8.523318,,,,,,
1780416452.027,637511.0,15287.448,8.52321,,,,,,
1780416452.027,637536.0,15287.502,8.523179,,,,,,
1780416452.028,637561.0,15287.502,8.523179,,,,,,
1780416452.028,637586.0,15287.448,8.52321,,,,,,
1780416452.108,637611.0,15287.912,8.522952,,,,,,
1780416452.109,637636.0,15287.787,8.523022,,,,,,
1780416452.109,637661.0,15287.877,8.522972,,,,,,
1780416452.193,637686.0,15287.841,8.522992,,,,,,
1780416452.193,637711.0,15287.787,8.523022,,,,,,
1780416452.194,637736.0,15287.645,8.523101,,,,,,
1780416452.195,637761.0,15287.358,8.523259,,,,,,
1780416452.275,637786.0,15287.358,8.523259,,,,,,
1780416452.277,637811.0,15287.325,8.523277,,,,,,
1780416452.278,637836.0,15287.359,8.523258,,,,,,
1780416452.391,637861.0,15287.594,8.523129,,,,,,
1780416452.391,637886.0,15287.255,8.523316,,,,,,
1780416452.392,637911.0,15287.272,8.523307,,,,,,
1780416452.392,637936.0,15287.041,8.523435,,,,,,
1780416452.392,637961.0,15286.986,8.523465,,,,,,
1780416452.476,637986.0,15286.844,8.523544,,,,,,
1780416452.477,638011.0,15286.845,8.523543,,,,,,
1780416452.477,638036.0,15286.702,8.523623,,,,,,
1780416452.560,638061.0,15286.38,8.523801,,,,,,
1780416452.561,638086.0,15286.435,8.52377,,,,,,
1780416452.562,638111.0,15286.469,8.523751,,,,,,
1780416452.564,638136.0,15286.505,8.523731,,,,,,
1780416452.691,638161.0,15286.415,8.523782,,,,,,
1780416452.692,638186.0,15286.433,8.523771,,,,,,
1780416452.692,638211.0,15286.415,8.523782,,,,,,
1780416452.693,638236.0,15286.165,8.52392,,,,,,
1780416452.693,638261.0,15285.951,8.524038,,,,,,
1780416452.775,638286.0,15285.952,8.524037,,,,,,
1780416452.776,638311.0,15285.702,8.524177,,,,,,
1780416452.776,638336.0,15285.595,8.524236,,,,,,
1780416452.860,638361.0,15285.612,8.524226,,,,,,
1780416452.862,638386.0,15285.773,8.524137,,,,,,
1780416452.863,638411.0,15285.897,8.523795,,,,,,
1780416452.865,638436.0,15285.88,8.523805,,,,,,
1780416452.977,638461.0,15285.986,8.523746,,,,,,
1780416452.978,638486.0,15285.772,8.523865,,,,,,
1780416452.979,638511.0,15285.736,8.523885,,,,,,
1780416452.980,638536.0,15285.665,8.523924,,,,,,
1780416453.077,638561.0,15285.681,8.523915,,,,,,
1780416453.077,638586.0,15285.771,8.523866,,,,,,
1780416453.078,638611.0,15285.95,8.523767,,,,,,
1780416453.078,638636.0,15285.88,8.523805,,,,,,
1780416453.190,638661.0,15285.916,8.523785,,,,,,
1780416453.190,638686.0,15286.005,8.523736,,,,,,
1780416453.191,638711.0,15285.845,8.523825,,,,,,
1780416453.191,638736.0,15285.756,8.523873,,,,,,
1780416453.191,638761.0,15285.648,8.523933,,,,,,
1780416453.276,638786.0,15285.774,8.523592,,,,,,
1780416453.276,638811.0,15285.649,8.523661,,,,,,
1780416453.277,638836.0,15285.738,8.523612,,,,,,
1780416453.357,638861.0,15285.809,8.523573,,,,,,
1780416453.358,638886.0,15285.934,8.523503,,,,,,
1780416453.358,638911.0,15285.951,8.523494,,,,,,
1780416453.426,638936.0,15285.913,8.523515,,,,,,
1780416453.427,638961.0,15286.198,8.523356,,,,,,
1780416453.428,638986.0,15286.181,8.523367,,,,,,
1780416453.526,639011.0,15286.271,8.523317,,,,,,
1780416453.527,639036.0,15286.146,8.523658,,,,,,
1780416453.529,639061.0,15286.165,8.523647,,,,,,
1780416453.530,639086.0,15286.217,8.523619,,,,,,
1780416453.627,639111.0,15286.2,8.523627,,,,,,
1780416453.628,639136.0,15286.415,8.523509,,,,,,
1780416453.628,639161.0,15286.556,8.523431,,,,,,
1780416453.629,639186.0,15286.592,8.523411,,,,,,
1780416453.725,639211.0,15286.505,8.523458,,,,,,
1780416453.725,639236.0,15286.505,8.523458,,,,,,
1780416453.726,639261.0,15286.663,8.523372,,,,,,
1780416453.726,639286.0,15286.612,8.523399,,,,,,
1780416453.809,639311.0,15286.63,8.52339,,,,,,
1780416453.809,639336.0,15286.719,8.52334,,,,,,
1780416453.810,639361.0,15286.665,8.52337,,,,,,
1780416453.875,639386.0,15286.63,8.52339,,,,,,
1780416453.875,639411.0,15286.504,8.523459,,,,,,
1780416453.876,639436.0,15286.416,8.523508,,,,,,
1780416453.958,639461.0,15286.273,8.523587,,,,,,
1780416453.959,639486.0,15286.042,8.523715,,,,,,
1780416453.959,639511.0,15286.023,8.523726,,,,,,
1780416454.040,639536.0,15286.078,8.523695,,,,,,
1780416454.040,639561.0,15286.131,8.523666,,,,,,
1780416454.041,639586.0,15286.167,8.523646,,,,,,
1780416454.041,639611.0,15286.06,8.523705,,,,,,
1780416454.141,639636.0,15286.059,8.523706,,,,,,
1780416454.142,639661.0,15286.166,8.523646,,,,,,
1780416454.142,639686.0,15286.131,8.523666,,,,,,
1780416454.143,639711.0,15285.971,8.523755,,,,,,
1780416454.225,639736.0,15286.006,8.523735,,,,,,
1780416454.226,639761.0,15285.971,8.523755,,,,,,
1780416454.226,639786.0,15285.632,8.523942,,,,,,
1780416454.309,639811.0,15285.595,8.523963,,,,,,
1780416454.311,639836.0,15285.828,8.523833,,,,,,
1780416454.312,639861.0,15285.757,8.523873,,,,,,
1780416454.312,639886.0,15285.666,8.523924,,,,,,
1780416454.410,639911.0,15285.648,8.523933,,,,,,
1780416454.411,639936.0,15285.648,8.523933,,,,,,
1780416454.412,639961.0,15285.881,8.523805,,,,,,
1780416454.412,639986.0,15285.987,8.523746,,,,,,
1780416454.491,640011.0,15286.076,8.523696,,,,,,
1780416454.492,640036.0,15285.897,8.524068,,,,,,
1780416454.492,640061.0,15286.219,8.52389,,,,,,
1780416454.607,640086.0,15286.361,8.523811,,,,,,
1780416454.607,640111.0,15286.486,8.523742,,,,,,
1780416454.608,640136.0,15286.609,8.523674,,,,,,
1780416454.608,640161.0,15286.575,8.523693,,,,,,
1780416454.711,640186.0,15286.842,8.523545,,,,,,
1780416454.712,640211.0,15286.467,8.523753,,,,,,
1780416454.712,640236.0,15286.647,8.523653,,,,,,
1780416454.713,640261.0,15286.646,8.523654,,,,,,
1780416454.713,640286.0,15286.342,8.523822,,,,,,
1780416454.810,640311.0,15286.29,8.52385,,,,,,
1780416454.812,640336.0,15286.327,8.52383,,,,,,
1780416454.813,640361.0,15286.326,8.52383,,,,,,
1780416454.814,640386.0,15286.326,8.52383,,,,,,
1780416454.912,640411.0,15286.736,8.523331,,,,,,
1780416454.914,640436.0,15286.917,8.523231,,,,,,
1780416454.916,640461.0,15286.791,8.523028,,,,,,
1780416454.917,640486.0,15286.702,8.523078,,,,,,
1780416455.008,640511.0,15286.612,8.523128,,,,,,
1780416455.009,640536.0,15286.523,8.523177,,,,,,
1780416455.009,640561.0,15286.648,8.523108,,,,,,
1780416455.090,640586.0,15286.398,8.523246,,,,,,
1780416455.090,640611.0,15286.398,8.523246,,,,,,
1780416455.091,640636.0,15286.435,8.523226,,,,,,
1780416455.091,640661.0,15286.595,8.523137,,,,,,
1780416455.225,640686.0,15286.47,8.523207,,,,,,
1780416455.227,640711.0,15286.345,8.523275,,,,,,
1780416455.228,640736.0,15286.363,8.523266,,,,,,
1780416455.229,640761.0,15286.148,8.523384,,,,,,
1780416455.229,640786.0,15286.006,8.523463,,,,,,
1780416455.343,640811.0,15285.738,8.523339,,,,,,
1780416455.345,640836.0,15285.988,8.5232,,,,,,
1780416455.346,640861.0,15285.935,8.523231,,,,,,
1780416455.348,640886.0,15285.738,8.523339,,,,,,
1780416455.349,640911.0,15285.757,8.523329,,,,,,
1780416455.426,640936.0,15285.934,8.523231,,,,,,
1780416455.428,640961.0,15285.97,8.523211,,,,,,
1780416455.429,640986.0,15285.969,8.523211,,,,,,
1780416455.509,641011.0,15285.97,8.523211,,,,,,
1780416455.511,641036.0,15286.023,8.523454,,,,,,
1780416455.512,641061.0,15286.005,8.523464,,,,,,
1780416455.513,641086.0,15286.005,8.523736,,,,,,
1780416455.592,641111.0,15286.094,8.523686,,,,,,
1780416455.593,641136.0,15285.952,8.523765,,,,,,
1780416455.593,641161.0,15286.076,8.523696,,,,,,
1780416455.691,641186.0,15285.737,8.523884,,,,,,
1780416455.691,641211.0,15285.881,8.523805,,,,,,
1780416455.692,641236.0,15286.112,8.523676,,,,,,
1780416455.692,641261.0,15285.988,8.523745,,,,,,
1780416455.774,641286.0,15286.059,8.523435,,,,,,
1780416455.775,641311.0,15285.738,8.523612,,,,,,
1780416455.775,641336.0,15285.613,8.523681,,,,,,
1780416455.856,641361.0,15285.614,8.523681,,,,,,
1780416455.857,641386.0,15285.739,8.523611,,,,,,
1780416455.857,641411.0,15285.935,8.523503,,,,,,
1780416455.940,641436.0,15285.863,8.523814,,,,,,
1780416455.941,641461.0,15285.72,8.523893,,,,,,
1780416455.941,641486.0,15285.917,8.523785,,,,,,
1780416455.941,641511.0,15285.97,8.523755,,,,,,
1780416456.007,641536.0,15286.186,8.523636,,,,,,
1780416456.008,641561.0,15286.203,8.523626,,,,,,
1780416456.073,641586.0,15286.185,8.523636,,,,,,
1780416456.073,641611.0,15286.148,8.523656,,,,,,
1780416456.073,641636.0,15286.023,8.523726,,,,,,
1780416456.139,641661.0,15285.882,8.523804,,,,,,
1780416456.139,641686.0,15285.81,8.523844,,,,,,
1780416456.140,641711.0,15285.863,8.523814,,,,,,
1780416456.206,641736.0,15285.81,8.523844,,,,,,
1780416456.207,641761.0,15285.987,8.523746,,,,,,
1780416456.292,641786.0,15285.97,8.523755,,,,,,
1780416456.293,641811.0,15286.058,8.523706,,,,,,
1780416456.293,641836.0,15286.148,8.523656,,,,,,
1780416456.293,641861.0,15286.076,8.523696,,,,,,
1780416456.356,641886.0,15286.148,8.523656,,,,,,
1780416456.356,641911.0,15286.291,8.52385,,,,,,
1780416456.425,641936.0,15286.43,8.523773,,,,,,
1780416456.426,641961.0,15286.717,8.523614,,,,,,
1780416456.427,641986.0,15286.663,8.523644,,,,,,
1780416456.507,642011.0,15286.823,8.523556,,,,,,
1780416456.508,642036.0,15286.716,8.523615,,,,,,
1780416456.509,642061.0,15287.072,8.523417,,,,,,
1780416456.590,642086.0,15287.394,8.523239,,,,,,
1780416456.590,642111.0,15287.341,8.523269,,,,,,
1780416456.590,642136.0,15287.396,8.523238,,,,,,
1780416456.591,642161.0,15287.415,8.523228,,,,,,
1780416456.690,642186.0,15287.29,8.523297,,,,,,
1780416456.691,642211.0,15287.379,8.522975,,,,,,
1780416456.692,642236.0,15287.504,8.522905,,,,,,
1780416456.692,642261.0,15287.754,8.522767,,,,,,
1780416456.776,642286.0,15287.645,8.522828,,,,,,
1780416456.778,642311.0,15287.608,8.522848,,,,,,
1780416456.780,642336.0,15287.627,8.522838,,,,,,
1780416456.874,642361.0,15287.556,8.522877,,,,,,
1780416456.876,642386.0,15287.771,8.522758,,,,,,
1780416456.877,642411.0,15287.663,8.522818,,,,,,
1780416456.878,642436.0,15288.073,8.522591,,,,,,
1780416456.976,642461.0,15287.895,8.52269,,,,,,
1780416456.976,642486.0,15287.859,8.522709,,,,,,
1780416456.977,642511.0,15287.931,8.52267,,,,,,
1780416456.978,642536.0,15287.556,8.522877,,,,,,
1780416457.074,642561.0,15287.698,8.522798,,,,,,
1780416457.074,642586.0,15287.733,8.522779,,,,,,
1780416457.074,642611.0,15287.697,8.522799,,,,,,
1780416457.075,642636.0,15287.501,8.522907,,,,,,
1780416457.159,642661.0,15287.43,8.522946,,,,,,
1780416457.159,642686.0,15287.233,8.523055,,,,,,
1780416457.160,642711.0,15287.02,8.523174,,,,,,
1780416457.274,642736.0,15286.717,8.523341,,,,,,
1780416457.274,642761.0,15286.521,8.52345,,,,,,
1780416457.275,642786.0,15286.415,8.523509,,,,,,
1780416457.275,642811.0,15286.506,8.523458,,,,,,
1780416457.275,642836.0,15286.416,8.523781,,,,,,
1780416457.358,642861.0,15286.309,8.52384,,,,,,
1780416457.359,642886.0,15286.077,8.523969,,,,,,
1780416457.359,642911.0,15286.131,8.523939,,,,,,
1780416457.442,642936.0,15286.256,8.52387,,,,,,
1780416457.443,642961.0,15286.346,8.52382,,,,,,
1780416457.443,642986.0,15286.435,8.52377,,,,,,
1780416457.444,643011.0,15286.345,8.52382,,,,,,
1780416457.526,643036.0,15286.38,8.523801,,,,,,
1780416457.527,643061.0,15286.201,8.5239,,,,,,
1780416457.528,643086.0,15286.255,8.52387,,,,,,
1780416457.610,643111.0,15286.112,8.523949,,,,,,
1780416457.611,643136.0,15285.916,8.524057,,,,,,
1780416457.611,643161.0,15286.041,8.523989,,,,,,
1780416457.612,643186.0,15286.005,8.524009,,,,,,
1780416457.710,643211.0,15285.881,8.524077,,,,,,
1780416457.712,643236.0,15285.969,8.524029,,,,,,
1780416457.713,643261.0,15286.007,8.524008,,,,,,
1780416457.715,643286.0,15286.005,8.524009,,,,,,
1780416457.824,643311.0,15286.094,8.523959,,,,,,
1780416457.825,643336.0,15285.987,8.524018,,,,,,
1780416457.825,643361.0,15286.183,8.523911,,,,,,
1780416457.825,643386.0,15286.201,8.5239,,,,,,
1780416457.908,643411.0,15286.076,8.523969,,,,,,
1780416457.909,643436.0,15286.004,8.524009,,,,,,
1780416457.910,643461.0,15286.004,8.524009,,,,,,
1780416457.991,643486.0,15285.969,8.524029,,,,,,
1780416457.991,643511.0,15285.986,8.524019,,,,,,
1780416457.991,643536.0,15285.915,8.524058,,,,,,
1780416457.992,643561.0,15285.969,8.524029,,,,,,
1780416458.090,643586.0,15285.576,8.524246,,,,,,
1780416458.091,643611.0,15285.505,8.524285,,,,,,
1780416458.092,643636.0,15285.452,8.524042,,,,,,
1780416458.092,643661.0,15285.56,8.523982,,,,,,
1780416458.174,643686.0,15285.47,8.524033,,,,,,
1780416458.175,643711.0,15285.594,8.523963,,,,,,
1780416458.176,643736.0,15285.488,8.524022,,,,,,
1780416458.257,643761.0,15285.47,8.524033,,,,,,
1780416458.257,643786.0,15285.507,8.524012,,,,,,
1780416458.258,643811.0,15285.471,8.524032,,,,,,
1780416458.340,643836.0,15285.507,8.524012,,,,,,
1780416458.340,643861.0,15285.401,8.52407,,,,,,
1780416458.341,643886.0,15285.259,8.524149,,,,,,
1780416458.343,643911.0,15285.436,8.524051,,,,,,
1780416458.440,643936.0,15285.382,8.524081,,,,,,
1780416458.441,643961.0,15285.436,8.524051,,,,,,
1780416458.441,643986.0,15285.311,8.52412,,,,,,
1780416458.441,644011.0,15285.471,8.524032,,,,,,
1780416458.539,644036.0,15285.452,8.524042,,,,,,
1780416458.539,644061.0,15285.541,8.523993,,,,,,
1780416458.540,644086.0,15285.56,8.523982,,,,,,
1780416458.540,644111.0,15285.772,8.523865,,,,,,
1780416458.623,644136.0,15285.827,8.523834,,,,,,
1780416458.623,644161.0,15286.023,8.523726,,,,,,
1780416458.624,644186.0,15285.595,8.523963,,,,,,
1780416458.707,644211.0,15285.756,8.523873,,,,,,
1780416458.708,644236.0,15285.861,8.523815,,,,,,
1780416458.708,644261.0,15285.755,8.524147,,,,,,
1780416458.790,644286.0,15285.827,8.524107,,,,,,
1780416458.790,644311.0,15285.702,8.524177,,,,,,
1780416458.791,644336.0,15285.631,8.524216,,,,,,
1780416458.792,644361.0,15285.81,8.524117,,,,,,
1780416458.890,644386.0,15285.773,8.524137,,,,,,
1780416458.891,644411.0,15285.863,8.524087,,,,,,
1780416458.891,644436.0,15285.596,8.523962,,,,,,
1780416458.891,644461.0,15285.596,8.523962,,,,,,
1780416458.990,644486.0,15285.686,8.523912,,,,,,
1780416458.991,644511.0,15285.667,8.523923,,,,,,
1780416458.991,644536.0,15285.578,8.523973,,,,,,
1780416458.992,644561.0,15285.417,8.524061,,,,,,
1780416459.076,644586.0,15285.524,8.524002,,,,,,
1780416459.077,644611.0,15285.669,8.523922,,,,,,
1780416459.078,644636.0,15285.649,8.523932,,,,,,
1780416459.210,644661.0,15285.794,8.523852,,,,,,
1780416459.212,644686.0,15285.721,8.523893,,,,,,
1780416459.213,644711.0,15285.739,8.523883,,,,,,
1780416459.214,644736.0,15285.596,8.523962,,,,,,
1780416459.215,644761.0,15285.524,8.524002,,,,,,
1780416459.216,644786.0,15285.417,8.524061,,,,,,
1780416459.306,644811.0,15285.578,8.523701,,,,,,
1780416459.306,644836.0,15285.666,8.523652,,,,,,
1780416459.307,644861.0,15285.701,8.523632,,,,,,
1780416459.408,644886.0,15285.736,8.523613,,,,,,
1780416459.409,644911.0,15285.612,8.523682,,,,,,
1780416459.409,644936.0,15285.721,8.523622,,,,,,
1780416459.410,644961.0,15285.863,8.523542,,,,,,
1780416459.491,644986.0,15285.79,8.523583,,,,,,
1780416459.493,645011.0,15285.969,8.523484,,,,,,
1780416459.494,645036.0,15285.88,8.523533,,,,,,
1780416459.495,645061.0,15286.219,8.523618,,,,,,
1780416459.607,645086.0,15286.38,8.523528,,,,,,
1780416459.607,645111.0,15286.434,8.523499,,,,,,
1780416459.608,645136.0,15286.451,8.523489,,,,,,
1780416459.608,645161.0,15286.416,8.523508,,,,,,
1780416459.689,645186.0,15286.684,8.52336,,,,,,
1780416459.690,645211.0,15286.613,8.523398,,,,,,
1780416459.692,645236.0,15286.595,8.523409,,,,,,
1780416459.693,645261.0,15286.684,8.52336,,,,,,
1780416459.775,645286.0,15286.933,8.523222,,,,,,
1780416459.777,645311.0,15287.04,8.523163,,,,,,
1780416459.778,645336.0,15286.896,8.523243,,,,,,
1780416459.859,645361.0,15286.877,8.523252,,,,,,
1780416459.860,645386.0,15287.075,8.523143,,,,,,
1780416459.860,645411.0,15286.915,8.523504,,,,,,
1780416459.958,645436.0,15287.091,8.523679,,,,,,
1780416459.959,645461.0,15287.091,8.523679,,,,,,
1780416459.960,645486.0,15287.091,8.523679,,,,,,
1780416459.961,645511.0,15287.109,8.523668,,,,,,
1780416460.058,645536.0,15286.931,8.523767,,,,,,
1780416460.059,645561.0,15287.073,8.523688,,,,,,
1780416460.060,645586.0,15286.823,8.523828,,,,,,
1780416460.062,645611.0,15286.717,8.523886,,,,,,
1780416460.063,645636.0,15286.734,8.523876,,,,,,
1780416460.139,645661.0,15286.7,8.523895,,,,,,
1780416460.140,645686.0,15286.754,8.523866,,,,,,
1780416460.140,645711.0,15286.559,8.523973,,,,,,
1780416460.224,645736.0,15286.486,8.524014,,,,,,
1780416460.225,645761.0,15286.648,8.523924,,,,,,
1780416460.226,645786.0,15286.791,8.523845,,,,,,
1780416460.307,645811.0,15286.862,8.523806,,,,,,
1780416460.308,645836.0,15286.897,8.523786,,,,,,
1780416460.308,645861.0,15287.005,8.523726,,,,,,
1780416460.390,645886.0,15286.897,8.523786,,,,,,
1780416460.390,645911.0,15286.577,8.523963,,,,,,
1780416460.391,645936.0,15286.363,8.524083,,,,,,
1780416460.391,645961.0,15286.344,8.524093,,,,,,
1780416460.473,645986.0,15286.31,8.524112,,,,,,
1780416460.474,646011.0,15286.184,8.524181,,,,,,
1780416460.475,646036.0,15286.256,8.52387,,,,,,
1780416460.557,646061.0,15286.416,8.523781,,,,,,
1780416460.558,646086.0,15286.38,8.523801,,,,,,
1780416460.558,646111.0,15286.202,8.523899,,,,,,
1780416460.656,646136.0,15286.202,8.523899,,,,,,
1780416460.657,646161.0,15286.397,8.523791,,,,,,
1780416460.657,646186.0,15286.38,8.523801,,,,,,
1780416460.658,646211.0,15286.326,8.52383,,,,,,
1780416460.774,646236.0,15286.487,8.523742,,,,,,
1780416460.774,646261.0,15286.541,8.523711,,,,,,
1780416460.775,646286.0,15286.487,8.523742,,,,,,
1780416460.775,646311.0,15286.451,8.523762,,,,,,
1780416460.776,646336.0,15286.326,8.52383,,,,,,
1780416460.855,646361.0,15286.325,8.523831,,,,,,
1780416460.856,646386.0,15286.165,8.52392,,,,,,
1780416460.856,646411.0,15285.808,8.523845,,,,,,
1780416460.991,646436.0,15285.611,8.523682,,,,,,
1780416460.992,646461.0,15285.665,8.523652,,,,,,
1780416460.993,646486.0,15285.612,8.523682,,,,,,
1780416460.994,646511.0,15285.416,8.52379,,,,,,
1780416460.995,646536.0,15285.486,8.523751,,,,,,
1780416460.996,646561.0,15285.576,8.523702,,,,,,
1780416461.073,646586.0,15285.719,8.523623,,,,,,
1780416461.074,646611.0,15285.791,8.523582,,,,,,
1780416461.074,646636.0,15285.595,8.523691,,,,,,
1780416461.175,646661.0,15285.844,8.523553,,,,,,
1780416461.176,646686.0,15285.648,8.523662,,,,,,
1780416461.177,646711.0,15285.721,8.523622,,,,,,
1780416461.177,646736.0,15285.792,8.523582,,,,,,
1780416461.258,646761.0,15285.666,8.523652,,,,,,
1780416461.258,646786.0,15285.736,8.523613,,,,,,
1780416461.259,646811.0,15285.592,8.523693,,,,,,
1780416461.339,646836.0,15285.861,8.523543,,,,,,
1780416461.339,646861.0,15285.967,8.523485,,,,,,
1780416461.340,646886.0,15285.755,8.523602,,,,,,
1780416461.340,646911.0,15285.951,8.523494,,,,,,
1780416461.425,646936.0,15286.022,8.523455,,,,,,
1780416461.426,646961.0,15286.094,8.523415,,,,,,
1780416461.427,646986.0,15286.077,8.523424,,,,,,
1780416461.526,647011.0,15286.186,8.523364,,,,,,
1780416461.527,647036.0,15286.488,8.523468,,,,,,
1780416461.528,647061.0,15286.721,8.523612,,,,,,
1780416461.528,647086.0,15286.666,8.523643,,,,,,
1780416461.625,647111.0,15286.471,8.52375,,,,,,
1780416461.626,647136.0,15286.576,8.523692,,,,,,
1780416461.627,647161.0,15286.665,8.523643,,,,,,
1780416461.627,647186.0,15286.681,8.523361,,,,,,
1780416461.724,647211.0,15286.54,8.523439,,,,,,
1780416461.725,647236.0,15286.576,8.523419,,,,,,
1780416461.727,647261.0,15286.898,8.523241,,,,,,
1780416461.728,647286.0,15286.842,8.523273,,,,,,
1780416461.840,647311.0,15286.754,8.523321,,,,,,
1780416461.841,647336.0,15286.791,8.5233,,,,,,
1780416461.841,647361.0,15286.934,8.523221,,,,,,
1780416461.842,647386.0,15286.97,8.523202,,,,,,
1780416461.844,647411.0,15286.808,8.523292,,,,,,
1780416461.939,647436.0,15286.771,8.523312,,,,,,
1780416461.940,647461.0,15286.808,8.523292,,,,,,
1780416461.941,647486.0,15286.558,8.52343,,,,,,
1780416461.942,647511.0,15286.7,8.523351,,,,,,
1780416462.025,647536.0,15286.504,8.523459,,,,,,
1780416462.027,647561.0,15286.185,8.523636,,,,,,
1780416462.029,647586.0,15286.166,8.523646,,,,,,
1780416462.124,647611.0,15286.112,8.523676,,,,,,
1780416462.126,647636.0,15286.22,8.52389,,,,,,
1780416462.127,647661.0,15286.201,8.5239,,,,,,
1780416462.129,647686.0,15286.058,8.523979,,,,,,
1780416462.241,647711.0,15286.022,8.523999,,,,,,
1780416462.242,647736.0,15286.059,8.523979,,,,,,
1780416462.244,647761.0,15286.185,8.523909,,,,,,
1780416462.245,647786.0,15285.917,8.524057,,,,,,
1780416462.246,647811.0,15285.81,8.524388,,,,,,
1780416462.340,647836.0,15286.006,8.52428,,,,,,
1780416462.342,647861.0,15285.845,8.524369,,,,,,
1780416462.344,647886.0,15285.756,8.524418,,,,,,
1780416462.345,647911.0,15285.56,8.524527,,,,,,
1780416462.457,647936.0,15285.506,8.524557,,,,,,
1780416462.458,647961.0,15285.595,8.524508,,,,,,
1780416462.459,647986.0,15285.291,8.524675,,,,,,
1780416462.460,648011.0,15285.559,8.524528,,,,,,
1780416462.541,648036.0,15285.648,8.524478,,,,,,
1780416462.542,648061.0,15285.723,8.524437,,,,,,
1780416462.542,648086.0,15285.614,8.524497,,,,,,
1780416462.543,648111.0,15285.757,8.524418,,,,,,
1780416462.624,648136.0,15285.686,8.524457,,,,,,
1780416462.625,648161.0,15285.813,8.524387,,,,,,
1780416462.626,648186.0,15285.739,8.524427,,,,,,
1780416462.723,648211.0,15285.634,8.524486,,,,,,
1780416462.724,648236.0,15285.632,8.524487,,,,,,
1780416462.725,648261.0,15285.524,8.524275,,,,,,
1780416462.726,648286.0,15285.381,8.524354,,,,,,
1780416462.855,648311.0,15285.202,8.52418,,,,,,
1780416462.855,648336.0,15285.309,8.523849,,,,,,
1780416462.855,648361.0,15285.29,8.52386,,,,,,
1780416462.856,648386.0,15285.256,8.523879,,,,,,
1780416462.856,648411.0,15285.381,8.523809,,,,,,
1780416462.938,648436.0,15285.577,8.523701,,,,,,
1780416462.939,648461.0,15285.647,8.523662,,,,,,
1780416462.939,648486.0,15285.809,8.523573,,,,,,
1780416462.939,648511.0,15285.701,8.523632,,,,,,
1780416463.024,648536.0,15285.737,8.523612,,,,,,
1780416463.024,648561.0,15285.806,8.523574,,,,,,
1780416463.025,648586.0,15285.325,8.52384,,,,,,
1780416463.124,648611.0,15285.505,8.523741,,,,,,
1780416463.125,648636.0,15285.398,8.5238,,,,,,
1780416463.125,648661.0,15285.328,8.523839,,,,,,
1780416463.126,648686.0,15285.384,8.523808,,,,,,
1780416463.223,648711.0,15285.241,8.523887,,,,,,
1780416463.223,648736.0,15285.277,8.523867,,,,,,
1780416463.224,648761.0,15285.527,8.523728,,,,,,
1780416463.224,648786.0,15285.489,8.523749,,,,,,
1780416463.323,648811.0,15285.864,8.523269,,,,,,
1780416463.324,648836.0,15285.988,8.5232,,,,,,
1780416463.325,648861.0,15286.06,8.523161,,,,,,
1780416463.325,648886.0,15286.201,8.523083,,,,,,
1780416463.405,648911.0,15286.344,8.523004,,,,,,
1780416463.406,648936.0,15286.558,8.523158,,,,,,
1780416463.406,648961.0,15286.325,8.523559,,,,,,
1780416463.506,648986.0,15286.433,8.523499,,,,,,
1780416463.506,649011.0,15286.592,8.523411,,,,,,
1780416463.506,649036.0,15286.788,8.523302,,,,,,
1780416463.507,649061.0,15286.79,8.523301,,,,,,
1780416463.606,649086.0,15286.415,8.523509,,,,,,
1780416463.606,649111.0,15286.308,8.523568,,,,,,
1780416463.607,649136.0,15286.415,8.523509,,,,,,
1780416463.607,649161.0,15286.665,8.52337,,,,,,
1780416463.707,649186.0,15286.825,8.523281,,,,,,
1780416463.708,649211.0,15287.111,8.523123,,,,,,
1780416463.708,649236.0,15287.308,8.523014,,,,,,
1780416463.709,649261.0,15287.236,8.523054,,,,,,
1780416463.788,649286.0,15287.308,8.523014,,,,,,
1780416463.789,649311.0,15287.361,8.522985,,,,,,
1780416463.789,649336.0,15287.344,8.522994,,,,,,
1780416463.789,649361.0,15287.308,8.523014,,,,,,
1780416463.857,649386.0,15287.109,8.523124,,,,,,
1780416463.858,649411.0,15287.2,8.523074,,,,,,
1780416463.939,649436.0,15287.004,8.523456,,,,,,
1780416463.940,649461.0,15287.004,8.523456,,,,,,
1780416463.941,649486.0,15287.058,8.523425,,,,,,
1780416463.941,649511.0,15286.896,8.523516,,,,,,
1780416464.021,649536.0,15287.021,8.523446,,,,,,
1780416464.021,649561.0,15286.984,8.523466,,,,,,
1780416464.022,649586.0,15286.966,8.523477,,,,,,
1780416464.104,649611.0,15286.913,8.523505,,,,,,
1780416464.105,649636.0,15286.683,8.523633,,,,,,
1780416464.105,649661.0,15286.573,8.523694,,,,,,
1780416464.170,649686.0,15286.663,8.523644,,,,,,
1780416464.171,649711.0,15286.913,8.523505,,,,,,
1780416464.171,649736.0,15287.021,8.523446,,,,,,
1780416464.237,649761.0,15287.021,8.523446,,,,,,
1780416464.238,649786.0,15286.97,8.523475,,,,,,
1780416464.238,649811.0,15287.005,8.523455,,,,,,
1780416464.304,649836.0,15287.005,8.523455,,,,,,
1780416464.305,649861.0,15286.915,8.523504,,,,,,
1780416464.371,649886.0,15286.986,8.523465,,,,,,
1780416464.371,649911.0,15287.004,8.523456,,,,,,
1780416464.372,649936.0,15287.092,8.523407,,,,,,
1780416464.437,649961.0,15287.145,8.523377,,,,,,
1780416464.438,649986.0,15287.073,8.523417,,,,,,
1780416464.438,650011.0,15287.075,8.523416,,,,,,
1780416464.504,650036.0,15287.127,8.523387,,,,,,
1780416464.504,650061.0,15287.309,8.523287,,,,,,
1780416464.571,650086.0,15287.344,8.523267,,,,,,
1780416464.571,650111.0,15287.434,8.523217,,,,,,
1780416464.572,650136.0,15287.362,8.523257,,,,,,
1780416464.637,650161.0,15287.308,8.523287,,,,,,
1780416464.638,650186.0,15287.327,8.523004,,,,,,
1780416464.638,650211.0,15287.416,8.522954,,,,,,
1780416464.704,650236.0,15287.646,8.522827,,,,,,
1780416464.704,650261.0,15287.734,8.522778,,,,,,
1780416464.771,650286.0,15287.806,8.522738,,,,,,
1780416464.772,650311.0,15287.823,8.522729,,,,,,
1780416464.772,650336.0,15287.751,8.522769,,,,,,
1780416464.872,650361.0,15287.733,8.522779,,,,,,
1780416464.873,650386.0,15287.733,8.522779,,,,,,
1780416464.873,650411.0,15287.805,8.522739,,,,,,
1780416464.874,650436.0,15287.52,8.522897,,,,,,
1780416464.956,650461.0,15287.609,8.522847,,,,,,
1780416464.957,650486.0,15287.665,8.522817,,,,,,
1780416464.958,650511.0,15287.754,8.522767,,,,,,
1780416465.039,650536.0,15287.859,8.522709,,,,,,
1780416465.040,650561.0,15287.663,8.522818,,,,,,
1780416465.041,650586.0,15287.754,8.522767,,,,,,
1780416465.041,650611.0,15287.79,8.522747,,,,,,
1780416465.138,650636.0,15287.808,8.52301,,,,,,
1780416465.138,650661.0,15287.808,8.52301,,,,,,
1780416465.139,650686.0,15287.611,8.523119,,,,,,
1780416465.139,650711.0,15287.684,8.522806,,,,,,
1780416465.223,650736.0,15287.433,8.522945,,,,,,
1780416465.223,650761.0,15287.592,8.522857,,,,,,
1780416465.224,650786.0,15287.502,8.522906,,,,,,
1780416465.304,650811.0,15287.379,8.523248,,,,,,
1780416465.305,650836.0,15287.341,8.523269,,,,,,
1780416465.307,650861.0,15287.2,8.523347,,,,,,
1780416465.390,650886.0,15287.198,8.523348,,,,,,
1780416465.390,650911.0,15287.201,8.523346,,,,,,
1780416465.391,650936.0,15287.076,8.523687,,,,,,
1780416465.392,650961.0,15287.094,8.523677,,,,,,
1780416465.473,650986.0,15287.073,8.523688,,,,,,
1780416465.475,651011.0,15287.109,8.523668,,,,,,
1780416465.476,651036.0,15287.058,8.523697,,,,,,
1780416465.555,651061.0,15287.109,8.523668,,,,,,
1780416465.556,651086.0,15287.109,8.523668,,,,,,
1780416465.557,651111.0,15286.915,8.523776,,,,,,
1780416465.640,651136.0,15286.663,8.523916,,,,,,
1780416465.640,651161.0,15286.38,8.524074,,,,,,
1780416465.641,651186.0,15286.433,8.524043,,,,,,
1780416465.641,651211.0,15286.45,8.524034,,,,,,
1780416465.722,651236.0,15286.291,8.524122,,,,,,
1780416465.723,651261.0,15286.077,8.523969,,,,,,
1780416465.723,651286.0,15285.896,8.524069,,,,,,
1780416465.805,651311.0,15286.058,8.523979,,,,,,
1780416465.806,651336.0,15286.022,8.524271,,,,,,
1780416465.808,651361.0,15286.038,8.524261,,,,,,
1780416465.905,651386.0,15286.111,8.524221,,,,,,
1780416465.906,651411.0,15285.97,8.5243,,,,,,
1780416465.906,651436.0,15285.934,8.52432,,,,,,
1780416465.907,651461.0,15286.006,8.524009,,,,,,
1780416465.989,651486.0,15286.184,8.52391,,,,,,
1780416465.990,651511.0,15286.416,8.523781,,,,,,
1780416465.990,651536.0,15286.238,8.523879,,,,,,
1780416465.990,651561.0,15286.327,8.523558,,,,,,
1780416466.072,651586.0,15286.434,8.523499,,,,,,
1780416466.072,651611.0,15286.416,8.523508,,,,,,
1780416466.073,651636.0,15286.256,8.523597,,,,,,
1780416466.155,651661.0,15285.969,8.524029,,,,,,
1780416466.156,651686.0,15285.987,8.524018,,,,,,
1780416466.156,651711.0,15286.058,8.523979,,,,,,
1780416466.240,651736.0,15286.201,8.5239,,,,,,
1780416466.241,651761.0,15286.433,8.523771,,,,,,
1780416466.242,651786.0,15286.809,8.523563,,,,,,
1780416466.242,651811.0,15286.844,8.523544,,,,,,
1780416466.338,651836.0,15286.646,8.523654,,,,,,
1780416466.339,651861.0,15286.754,8.523594,,,,,,
1780416466.339,651886.0,15286.986,8.523737,,,,,,
1780416466.339,651911.0,15287.306,8.52356,,,,,,
1780416466.439,651936.0,15287.129,8.523658,,,,,,
1780416466.439,651961.0,15286.986,8.523737,,,,,,
1780416466.440,651986.0,15287.129,8.523658,,,,,,
1780416466.440,652011.0,15287.111,8.523667,,,,,,
1780416466.538,652036.0,15287.234,8.5236,,,,,,
1780416466.539,652061.0,15287.396,8.52351,,,,,,
1780416466.539,652086.0,15287.326,8.523822,,,,,,
1780416466.540,652111.0,15287.075,8.52396,,,,,,
1780416466.656,652136.0,15286.967,8.52402,,,,,,
1780416466.657,652161.0,15287.129,8.523931,,,,,,
1780416466.658,652186.0,15287.058,8.523971,,,,,,
1780416466.659,652211.0,15286.844,8.524089,,,,,,
1780416466.738,652236.0,15286.827,8.524097,,,,,,
1780416466.739,652261.0,15287.005,8.523999,,,,,,
1780416466.739,652286.0,15287.148,8.523647,,,,,,
1780416466.740,652311.0,15287.415,8.523499,,,,,,
1780416466.821,652336.0,15287.219,8.523608,,,,,,
1780416466.822,652361.0,15287.451,8.523479,,,,,,
1780416466.823,652386.0,15287.309,8.523559,,,,,,
1780416466.905,652411.0,15287.059,8.523698,,,,,,
1780416466.905,652436.0,15287.075,8.523687,,,,,,
1780416466.906,652461.0,15287.344,8.523539,,,,,,
1780416466.988,652486.0,15287.448,8.523481,,,,,,
1780416466.989,652511.0,15287.2,8.523347,,,,,,
1780416466.990,652536.0,15287.001,8.523457,,,,,,
1780416466.990,652561.0,15287.217,8.523337,,,,,,
1780416467.073,652586.0,15287.254,8.523316,,,,,,
1780416467.073,652611.0,15287.325,8.523277,,,,,,
1780416467.074,652636.0,15287.129,8.523386,,,,,,
1780416467.156,652661.0,15287.2,8.523347,,,,,,
1780416467.157,652686.0,15287.111,8.523123,,,,,,
1780416467.157,652711.0,15287.29,8.523025,,,,,,
1780416467.238,652736.0,15287.359,8.522985,,,,,,
1780416467.239,652761.0,15287.021,8.523173,,,,,,
1780416467.239,652786.0,15287.073,8.523144,,,,,,
1780416467.239,652811.0,15287.005,8.523182,,,,,,
1780416467.306,652836.0,15287.094,8.523132,,,,,,
1780416467.306,652861.0,15287.272,8.523034,,,,,,
1780416467.405,652886.0,15287.29,8.523025,,,,,,
1780416467.405,652911.0,15287.361,8.522985,,,,,,
1780416467.406,652936.0,15286.951,8.523211,,,,,,
1780416467.406,652961.0,15286.934,8.523221,,,,,,
1780416467.489,652986.0,15286.578,8.523418,,,,,,
1780416467.489,653011.0,15286.487,8.523469,,,,,,
1780416467.490,653036.0,15286.596,8.523409,,,,,,
1780416467.490,653061.0,15286.435,8.523498,,,,,,
1780416467.571,653086.0,15286.221,8.523616,,,,,,
1780416467.572,653111.0,15286.238,8.523606,,,,,,
1780416467.572,653136.0,15286.56,8.523429,,,,,,
1780416467.672,653161.0,15286.559,8.523429,,,,,,
1780416467.673,653186.0,15286.612,8.523399,,,,,,
1780416467.673,653211.0,15286.648,8.523379,,,,,,
1780416467.674,653236.0,15286.488,8.523468,,,,,,
1780416467.756,653261.0,15286.594,8.52341,,,,,,
1780416467.757,653286.0,15286.647,8.52338,,,,,,
1780416467.758,653311.0,15286.558,8.523703,,,,,,
1780416467.856,653336.0,15286.38,8.523801,,,,,,
1780416467.857,653361.0,15286.594,8.523683,,,,,,
1780416467.858,653386.0,15286.826,8.523554,,,,,,
1780416467.859,653411.0,15286.72,8.523613,,,,,,
1780416467.956,653436.0,15286.504,8.523732,,,,,,
1780416467.957,653461.0,15286.629,8.523663,,,,,,
1780416467.957,653486.0,15286.647,8.523653,,,,,,
1780416467.958,653511.0,15286.594,8.523683,,,,,,
1780416468.056,653536.0,15286.559,8.523702,,,,,,
1780416468.058,653561.0,15286.844,8.523544,,,,,,
1780416468.058,653586.0,15286.95,8.523485,,,,,,
1780416468.059,653611.0,15286.861,8.523534,,,,,,
1780416468.156,653636.0,15286.897,8.523514,,,,,,
1780416468.156,653661.0,15286.736,8.523603,,,,,,
1780416468.157,653686.0,15286.772,8.523583,,,,,,
1780416468.157,653711.0,15286.897,8.523514,,,,,,
1780416468.237,653736.0,15286.772,8.523583,,,,,,
1780416468.238,653761.0,15286.662,8.523644,,,,,,
1780416468.238,653786.0,15286.7,8.523623,,,,,,
1780416468.238,653811.0,15286.483,8.523744,,,,,,
1780416468.321,653836.0,15286.591,8.523685,,,,,,
1780416468.321,653861.0,15286.716,8.523615,,,,,,
1780416468.322,653886.0,15286.752,8.523595,,,,,,
1780416468.423,653911.0,15286.646,8.523654,,,,,,
1780416468.425,653936.0,15286.788,8.523575,,,,,,
1780416468.427,653961.0,15287.075,8.523416,,,,,,
1780416468.428,653986.0,15286.879,8.523524,,,,,,
1780416468.541,654011.0,15286.931,8.523496,,,,,,
1780416468.542,654036.0,15286.984,8.523466,,,,,,
1780416468.543,654061.0,15287.377,8.523249,,,,,,
1780416468.543,654086.0,15287.288,8.523298,,,,,,
1780416468.545,654111.0,15287.181,8.523357,,,,,,
1780416468.638,654136.0,15287.145,8.523377,,,,,,
1780416468.638,654161.0,15287.127,8.523387,,,,,,
1780416468.639,654186.0,15287.092,8.523679,,,,,,
1780416468.639,654211.0,15287.058,8.523697,,,,,,
1780416468.738,654236.0,15287.146,8.523648,,,,,,
1780416468.739,654261.0,15287.201,8.523618,,,,,,
1780416468.739,654286.0,15287.379,8.52352,,,,,,
1780416468.739,654311.0,15287.38,8.523519,,,,,,
1780416468.821,654336.0,15287.325,8.523549,,,,,,
1780416468.822,654361.0,15287.467,8.523471,,,,,,
1780416468.823,654386.0,15287.431,8.523491,,,,,,
1780416468.922,654411.0,15287.271,8.52358,,,,,,
1780416468.922,654436.0,15287.504,8.52345,,,,,,
1780416468.923,654461.0,15287.591,8.523402,,,,,,
1780416468.924,654486.0,15287.629,8.523381,,,,,,
1780416469.004,654511.0,15287.591,8.523402,,,,,,
1780416469.005,654536.0,15287.486,8.52346,,,,,,
1780416469.005,654561.0,15287.609,8.523392,,,,,,
1780416469.088,654586.0,15287.395,8.523511,,,,,,
1780416469.088,654611.0,15287.45,8.52348,,,,,,
1780416469.089,654636.0,15287.467,8.523471,,,,,,
1780416469.089,654661.0,15287.484,8.523461,,,,,,
1780416469.172,654686.0,15287.502,8.523451,,,,,,
1780416469.173,654711.0,15287.342,8.52354,,,,,,
1780416469.173,654736.0,15287.396,8.52351,,,,,,
1780416469.272,654761.0,15287.415,8.523499,,,,,,
1780416469.273,654786.0,15287.325,8.523549,,,,,,
1780416469.274,654811.0,15287.344,8.523267,,,,,,
1780416469.274,654836.0,15287.325,8.523277,,,,,,
1780416469.353,654861.0,15287.469,8.523198,,,,,,
1780416469.354,654886.0,15287.467,8.523199,,,,,,
1780416469.354,654911.0,15287.359,8.523258,,,,,,
1780416469.437,654936.0,15287.486,8.523189,,,,,,
1780416469.438,654961.0,15287.415,8.523228,,,,,,
1780416469.439,654986.0,15287.342,8.523268,,,,,,
1780416469.439,655011.0,15287.484,8.52319,,,,,,
1780416469.522,655036.0,15287.502,8.523179,,,,,,
1780416469.523,655061.0,15287.556,8.523149,,,,,,
1780416469.523,655086.0,15287.52,8.52317,,,,,,
1780416469.606,655111.0,15287.483,8.522917,,,,,,
1780416469.607,655136.0,15287.448,8.522937,,,,,,
1780416469.609,655161.0,15287.412,8.522957,,,,,,
1780416469.688,655186.0,15287.323,8.523005,,,,,,
1780416469.689,655211.0,15287.486,8.522916,,,,,,
1780416469.689,655236.0,15287.413,8.522956,,,,,,
1780416469.690,655261.0,15287.341,8.522996,,,,,,
1780416469.789,655286.0,15287.413,8.522956,,,,,,
1780416469.789,655311.0,15287.163,8.523094,,,,,,
1780416469.790,655336.0,15287.45,8.522936,,,,,,
1780416469.791,655361.0,15287.466,8.522926,,,,,,
1780416469.886,655386.0,15287.255,8.523044,,,,,,
1780416469.887,655411.0,15287.451,8.522935,,,,,,
1780416469.887,655436.0,15287.504,8.522905,,,,,,
1780416469.888,655461.0,15287.629,8.522837,,,,,,
1780416469.971,655486.0,15287.629,8.522837,,,,,,
1780416469.972,655511.0,15287.556,8.522877,,,,,,
1780416469.973,655536.0,15287.754,8.522767,,,,,,
1780416470.071,655561.0,15287.736,8.522505,,,,,,
1780416470.072,655586.0,15287.948,8.522388,,,,,,
1780416470.072,655611.0,15287.895,8.522418,,,,,,
1780416470.073,655636.0,15287.663,8.522546,,,,,,
1780416470.154,655661.0,15287.734,8.522507,,,,,,
1780416470.155,655686.0,15287.645,8.522556,,,,,,
1780416470.155,655711.0,15287.555,8.522333,,,,,,
1780416470.238,655736.0,15287.662,8.522546,,,,,,
1780416470.238,655761.0,15287.679,8.522537,,,,,,
1780416470.239,655786.0,15287.787,8.522477,,,,,,
1780416470.239,655811.0,15287.857,8.522438,,,,,,
1780416470.322,655836.0,15287.715,8.522517,,,,,,
1780416470.323,655861.0,15287.804,8.522468,,,,,,
1780416470.323,655886.0,15287.696,8.522528,,,,,,
1780416470.421,655911.0,15287.715,8.522517,,,,,,
1780416470.422,655936.0,15287.697,8.522527,,,,,,
1780416470.423,655961.0,15287.662,8.522546,,,,,,
1780416470.423,655986.0,15287.537,8.522615,,,,,,
1780416470.504,656011.0,15287.841,8.522448,,,,,,
1780416470.505,656036.0,15287.842,8.522447,,,,,,
1780416470.505,656061.0,15287.556,8.522605,,,,,,
1780416470.605,656086.0,15287.504,8.522634,,,,,,
1780416470.606,656111.0,15287.413,8.522684,,,,,,
1780416470.607,656136.0,15287.558,8.522604,,,,,,
1780416470.608,656161.0,15287.342,8.522723,,,,,,
1780416470.704,656186.0,15287.181,8.523085,,,,,,
1780416470.705,656211.0,15287.162,8.523095,,,,,,
1780416470.706,656236.0,15287.29,8.523025,,,,,,
1780416470.707,656261.0,15287.323,8.523005,,,,,,
1780416470.788,656286.0,15287.325,8.523005,,,,,,
1780416470.788,656311.0,15287.181,8.523085,,,,,,
1780416470.789,656336.0,15287.234,8.523328,,,,,,
1780416470.789,656361.0,15287.145,8.523377,,,,,,
1780416470.888,656386.0,15287.127,8.523387,,,,,,
1780416470.888,656411.0,15287.181,8.523357,,,,,,
1780416470.889,656436.0,15287.129,8.523386,,,,,,
1780416470.889,656461.0,15287.163,8.523367,,,,,,
1780416470.972,656486.0,15286.913,8.523232,,,,,,
1780416470.973,656511.0,15287.108,8.523125,,,,,,
1780416470.973,656536.0,15286.879,8.523252,,,,,,
1780416471.055,656561.0,15286.858,8.522991,,,,,,
1780416471.055,656586.0,15286.931,8.522951,,,,,,
1780416471.056,656611.0,15287.075,8.522871,,,,,,
1780416471.154,656636.0,15286.913,8.522961,,,,,,
1780416471.154,656661.0,15286.788,8.52303,,,,,,
1780416471.155,656686.0,15286.879,8.52298,,,,,,
1780416471.156,656711.0,15287.004,8.522911,,,,,,
1780416471.271,656736.0,15286.948,8.522942,,,,,,
1780416471.272,656761.0,15286.93,8.522952,,,,,,
1780416471.274,656786.0,15286.948,8.522942,,,,,,
1780416471.275,656811.0,15287.109,8.522852,,,,,,
1780416471.276,656836.0,15287.198,8.522803,,,,,,
1780416471.370,656861.0,15287.162,8.522551,,,,,,
1780416471.371,656886.0,15287.537,8.522343,,,,,,
1780416471.371,656911.0,15287.431,8.522402,,,,,,
1780416471.372,656936.0,15287.521,8.522352,,,,,,
1780416471.488,656961.0,15287.575,8.522322,,,,,,
1780416471.488,656986.0,15287.29,8.522208,,,,,,
1780416471.489,657011.0,15287.344,8.522178,,,,,,
1780416471.489,657036.0,15287.234,8.522511,,,,,,
1780416471.489,657061.0,15287.073,8.522599,,,,,,
1780416471.572,657086.0,15286.966,8.522659,,,,,,
1780416471.574,657111.0,15287.055,8.522882,,,,,,
1780416471.575,657136.0,15286.911,8.522963,,,,,,
1780416471.654,657161.0,15287.018,8.522903,,,,,,
1780416471.654,657186.0,15287.231,8.523057,,,,,,
1780416471.654,657211.0,15286.857,8.523264,,,,,,
1780416471.738,657236.0,15286.876,8.523253,,,,,,
1780416471.741,657261.0,15286.948,8.523213,,,,,,
1780416471.742,657286.0,15286.948,8.523213,,,,,,
1780416471.744,657311.0,15287.04,8.523163,,,,,,
1780416471.821,657336.0,15286.934,8.523221,,,,,,
1780416471.821,657361.0,15286.951,8.523211,,,,,,
1780416471.822,657386.0,15286.951,8.523211,,,,,,
1780416471.903,657411.0,15286.933,8.523222,,,,,,
1780416471.904,657436.0,15286.934,8.523221,,,,,,
1780416471.904,657461.0,15286.701,8.52335,,,,,,
1780416471.988,657486.0,15286.736,8.523603,,,,,,
1780416471.988,657511.0,15286.523,8.523722,,,,,,
1780416471.989,657536.0,15286.737,8.523602,,,,,,
1780416471.989,657561.0,15286.772,8.523584,,,,,,
1780416472.069,657586.0,15286.487,8.523742,,,,,,
1780416472.070,657611.0,15286.844,8.523816,,,,,,
1780416472.070,657636.0,15287.022,8.523717,,,,,,
1780416472.152,657661.0,15287.146,8.523376,,,,,,
1780416472.152,657686.0,15287.415,8.523228,,,,,,
1780416472.153,657711.0,15287.609,8.52312,,,,,,
1780416472.219,657736.0,15287.734,8.52305,,,,,,
1780416472.220,657761.0,15287.933,8.522941,,,,,,
1780416472.220,657786.0,15287.915,8.522951,,,,,,
1780416472.286,657811.0,15287.826,8.523,,,,,,
1780416472.287,657836.0,15288.184,8.522802,,,,,,
1780416472.287,657861.0,15288.181,8.522803,,,,,,
1780416472.352,657886.0,15288.201,8.522792,,,,,,
1780416472.352,657911.0,15288.256,8.522762,,,,,,
1780416472.419,657936.0,15288.415,8.522674,,,,,,
1780416472.419,657961.0,15288.575,8.522585,,,,,,
1780416472.420,657986.0,15288.736,8.522496,,,,,,
1780416472.485,658011.0,15288.858,8.522429,,,,,,
1780416472.486,658036.0,15288.966,8.522368,,,,,,
1780416472.486,658061.0,15288.858,8.522429,,,,,,
1780416472.552,658086.0,15288.875,8.522419,,,,,,
1780416472.552,658111.0,15288.891,8.52241,,,,,,
1780416472.619,658136.0,15288.875,8.522419,,,,,,
1780416472.620,658161.0,15288.66,8.522538,,,,,,
1780416472.620,658186.0,15288.607,8.522568,,,,,,
1780416472.702,658211.0,15288.66,8.522538,,,,,,
1780416472.702,658236.0,15288.466,8.522646,,,,,,
1780416472.703,658261.0,15288.111,8.522842,,,,,,
1780416472.802,658286.0,15288.236,8.522773,,,,,,
1780416472.803,658311.0,15288.219,8.522782,,,,,,
1780416472.804,658336.0,15288.109,8.522843,,,,,,
1780416472.804,658361.0,15288.092,8.522853,,,,,,
1780416472.887,658386.0,15287.788,8.523021,,,,,,
1780416472.888,658411.0,15287.896,8.522962,,,,,,
1780416472.888,658436.0,15287.948,8.522932,,,,,,
1780416472.889,658461.0,15288.038,8.522882,,,,,,
1780416472.971,658486.0,15287.859,8.522982,,,,,,
1780416472.972,658511.0,15287.716,8.523061,,,,,,
1780416472.972,658536.0,15287.823,8.523002,,,,,,
1780416473.052,658561.0,15287.77,8.523031,,,,,,
1780416473.053,658586.0,15287.717,8.523061,,,,,,
1780416473.053,658611.0,15287.806,8.523011,,,,,,
1780416473.138,658636.0,15287.647,8.523099,,,,,,
1780416473.140,658661.0,15287.538,8.523159,,,,,,
1780416473.141,658686.0,15287.575,8.523139,,,,,,
1780416473.141,658711.0,15287.841,8.522992,,,,,,
1780416473.222,658736.0,15287.806,8.523011,,,,,,
1780416473.224,658761.0,15287.681,8.522808,,,,,,
1780416473.225,658786.0,15287.861,8.522708,,,,,,
1780416473.322,658811.0,15287.879,8.522698,,,,,,
1780416473.323,658836.0,15288.181,8.522531,,,,,,
1780416473.323,658861.0,15288.396,8.522412,,,,,,
1780416473.324,658886.0,15288.825,8.522174,,,,,,
1780416473.421,658911.0,15288.627,8.522284,,,,,,
1780416473.422,658936.0,15288.484,8.522363,,,,,,
1780416473.423,658961.0,15288.646,8.522273,,,,,,
1780416473.424,658986.0,15288.754,8.522213,,,,,,
1780416473.523,659011.0,15289.072,8.522038,,,,,,
1780416473.524,659036.0,15289.072,8.522038,,,,,,
1780416473.524,659061.0,15288.837,8.522167,,,,,,
1780416473.525,659086.0,15288.748,8.522217,,,,,,
1780416473.654,659111.0,15288.714,8.522236,,,,,,
1780416473.655,659136.0,15288.926,8.522119,,,,,,
1780416473.656,659161.0,15288.802,8.522187,,,,,,
1780416473.657,659186.0,15288.662,8.522264,,,,,,
1780416473.658,659211.0,15288.431,8.522392,,,,,,
1780416473.753,659236.0,15288.163,8.522541,,,,,,
1780416473.753,659261.0,15288.252,8.522491,,,,,,
1780416473.754,659286.0,15288.413,8.522402,,,,,,
1780416473.754,659311.0,15288.325,8.52245,,,,,,
1780416473.838,659336.0,15288.094,8.522579,,,,,,
1780416473.838,659361.0,15288.111,8.52257,,,,,,
1780416473.839,659386.0,15288.377,8.522695,,,,,,
1780416473.840,659411.0,15288.359,8.522705,,,,,,
1780416473.921,659436.0,15288.395,8.522685,,,,,,
1780416473.923,659461.0,15288.342,8.522715,,,,,,
1780416473.924,659486.0,15288.215,8.522785,,,,,,
1780416474.018,659511.0,15288.145,8.522823,,,,,,
1780416474.019,659536.0,15288.181,8.522803,,,,,,
1780416474.019,659561.0,15288.035,8.522884,,,,,,
1780416474.020,659586.0,15287.965,8.522923,,,,,,
1780416474.104,659611.0,15287.752,8.523041,,,,,,
1780416474.105,659636.0,15287.626,8.52311,,,,,,
1780416474.105,659661.0,15287.627,8.52311,,,,,,
1780416474.187,659686.0,15287.895,8.522963,,,,,,
1780416474.187,659711.0,15287.858,8.522982,,,,,,
1780416474.188,659736.0,15288.001,8.522903,,,,,,
1780416474.189,659761.0,15288.001,8.522903,,,,,,
1780416474.304,659786.0,15287.859,8.522982,,,,,,
1780416474.305,659811.0,15288.037,8.522611,,,,,,
1780416474.306,659836.0,15288.107,8.522572,,,,,,
1780416474.308,659861.0,15288.18,8.522532,,,,,,
1780416474.405,659886.0,15288.18,8.522532,,,,,,
1780416474.407,659911.0,15288.073,8.522591,,,,,,
1780416474.408,659936.0,15288.036,8.522611,,,,,,
1780416474.409,659961.0,15288.126,8.522561,,,,,,
1780416474.488,659986.0,15288.02,8.52262,,,,,,
1780416474.488,660011.0,15288.0,8.522631,,,,,,
1780416474.489,660036.0,15287.805,8.522739,,,,,,
1780416474.489,660061.0,15287.732,8.522779,,,,,,
1780416474.569,660086.0,15287.841,8.522719,,,,,,
1780416474.570,660111.0,15288.001,8.522631,,,,,,
1780416474.571,660136.0,15287.841,8.522719,,,,,,
1780416474.652,660161.0,15287.805,8.522739,,,,,,
1780416474.652,660186.0,15288.126,8.522561,,,,,,
1780416474.653,660211.0,15288.163,8.522541,,,,,,
1780416474.753,660236.0,15288.341,8.522442,,,,,,
1780416474.753,660261.0,15288.342,8.522442,,,,,,
1780416474.754,660286.0,15288.092,8.52258,,,,,,
1780416474.754,660311.0,15288.111,8.52257,,,,,,
1780416474.837,660336.0,15287.895,8.52269,,,,,,
1780416474.837,660361.0,15287.771,8.522758,,,,,,
1780416474.838,660386.0,15287.7,8.522797,,,,,,
1780416474.838,660411.0,15287.861,8.522436,,,,,,
1780416474.921,660436.0,15287.68,8.522808,,,,,,
1780416474.922,660461.0,15287.876,8.522699,,,,,,
1780416474.922,660486.0,15287.858,8.522709,,,,,,
1780416475.003,660511.0,15287.858,8.522709,,,,,,
1780416475.004,660536.0,15287.966,8.52265,,,,,,
1780416475.004,660561.0,15288.233,8.522502,,,,,,
1780416475.086,660586.0,15288.09,8.522581,,,,,,
1780416475.086,660611.0,15288.197,8.522522,,,,,,
1780416475.087,660636.0,15288.108,8.522571,,,,,,
1780416475.087,660661.0,15288.43,8.522393,,,,,,
1780416475.168,660686.0,15288.538,8.522333,,,,,,
1780416475.169,660711.0,15288.217,8.522511,,,,,,
1780416475.170,660736.0,15288.215,8.522512,,,,,,
1780416475.252,660761.0,15288.145,8.522551,,,,,,
1780416475.252,660786.0,15288.286,8.522201,,,,,,
1780416475.252,660811.0,15288.376,8.521878,,,,,,
1780416475.335,660836.0,15288.18,8.521987,,,,,,
1780416475.336,660861.0,15288.321,8.521909,,,,,,
1780416475.336,660886.0,15288.286,8.521928,,,,,,
1780416475.337,660911.0,15288.465,8.521829,,,,,,
1780416475.421,660936.0,15288.555,8.521779,,,,,,
1780416475.423,660961.0,15288.804,8.521642,,,,,,
1780416475.425,660986.0,15288.84,8.521622,,,,,,
1780416475.521,661011.0,15288.68,8.52171,,,,,,
1780416475.522,661036.0,15288.857,8.521611,,,,,,
1780416475.523,661061.0,15289.055,8.521502,,,,,,
1780416475.523,661086.0,15288.911,8.521582,,,,,,
1780416475.605,661111.0,15289.09,8.521482,,,,,,
1780416475.606,661136.0,15289.038,8.521511,,,,,,
1780416475.607,661161.0,15289.056,8.521502,,,,,,
1780416475.720,661186.0,15289.108,8.521473,,,,,,
1780416475.720,661211.0,15289.126,8.521462,,,,,,
1780416475.720,661236.0,15289.145,8.521453,,,,,,
1780416475.721,661261.0,15289.127,8.521462,,,,,,
1780416475.721,661286.0,15288.983,8.521542,,,,,,
1780416475.803,661311.0,15289.037,8.521512,,,,,,
1780416475.804,661336.0,15289.162,8.521442,,,,,,
1780416475.804,661361.0,15289.108,8.521473,,,,,,
1780416475.885,661386.0,15289.145,8.521453,,,,,,
1780416475.886,661411.0,15289.181,8.521706,,,,,,
1780416475.887,661436.0,15289.037,8.522057,,,,,,
1780416475.888,661461.0,15289.179,8.521978,,,,,,
1780416476.003,661486.0,15289.09,8.522027,,,,,,
1780416476.003,661511.0,15289.125,8.522008,,,,,,
1780416476.004,661536.0,15289.071,8.522038,,,,,,
1780416476.004,661561.0,15288.964,8.522098,,,,,,
1780416476.105,661586.0,15288.93,8.522116,,,,,,
1780416476.107,661611.0,15289.001,8.522077,,,,,,
1780416476.108,661636.0,15289.25,8.521938,,,,,,
1780416476.109,661661.0,15289.34,8.522161,,,,,,
1780416476.189,661686.0,15289.341,8.522161,,,,,,
1780416476.190,661711.0,15289.466,8.522092,,,,,,
1780416476.192,661736.0,15289.519,8.522062,,,,,,
1780416476.193,661761.0,15289.519,8.522062,,,,,,
1780416476.269,661786.0,15289.411,8.522122,,,,,,
1780416476.270,661811.0,15289.072,8.52231,,,,,,
1780416476.270,661836.0,15289.107,8.52229,,,,,,
1780416476.354,661861.0,15289.037,8.522329,,,,,,
1780416476.355,661886.0,15289.072,8.52231,,,,,,
1780416476.356,661911.0,15289.177,8.522252,,,,,,
1780416476.435,661936.0,15289.018,8.52234,,,,,,
1780416476.436,661961.0,15289.037,8.522329,,,,,,
1780416476.436,661986.0,15288.946,8.52238,,,,,,
1780416476.437,662011.0,15288.981,8.52236,,,,,,
1780416476.519,662036.0,15288.769,8.522205,,,,,,
1780416476.521,662061.0,15288.787,8.522195,,,,,,
1780416476.521,662086.0,15288.805,8.522185,,,,,,
1780416476.605,662111.0,15288.696,8.522245,,,,,,
1780416476.608,662136.0,15288.75,8.522489,,,,,,
1780416476.609,662161.0,15289.019,8.52234,,,,,,
1780416476.704,662186.0,15289.02,8.522339,,,,,,
1780416476.705,662211.0,15289.144,8.52227,,,,,,
1780416476.705,662236.0,15288.929,8.522389,,,,,,
1780416476.706,662261.0,15288.893,8.522409,,,,,,
1780416476.787,662286.0,15288.536,8.522607,,,,,,
1780416476.788,662311.0,15288.625,8.522557,,,,,,
1780416476.788,662336.0,15288.622,8.522559,,,,,,
1780416476.789,662361.0,15288.464,8.522647,,,,,,
1780416476.888,662386.0,15288.569,8.522589,,,,,,
1780416476.889,662411.0,15288.694,8.522519,,,,,,
1780416476.890,662436.0,15288.873,8.52242,,,,,,
1780416476.891,662461.0,15288.821,8.522449,,,,,,
1780416476.987,662486.0,15288.964,8.52237,,,,,,
1780416476.989,662511.0,15289.035,8.52233,,,,,,
1780416476.990,662536.0,15289.018,8.52234,,,,,,
1780416476.991,662561.0,15288.893,8.522409,,,,,,
1780416477.069,662586.0,15288.929,8.522389,,,,,,
1780416477.071,662611.0,15288.964,8.52237,,,,,,
1780416477.072,662636.0,15288.946,8.522107,,,,,,
1780416477.170,662661.0,15288.929,8.52239,,,,,,
1780416477.172,662686.0,15288.875,8.522419,,,,,,
1780416477.173,662711.0,15289.071,8.52231,,,,,,
1780416477.174,662736.0,15289.071,8.52231,,,,,,
1780416477.287,662761.0,15289.161,8.521988,,,,,,
1780416477.289,662786.0,15288.876,8.522146,,,,,,
1780416477.290,662811.0,15288.93,8.522116,,,,,,
1780416477.291,662836.0,15288.733,8.522224,,,,,,
1780416477.292,662861.0,15288.698,8.522244,,,,,,
1780416477.369,662886.0,15288.609,8.522293,,,,,,
1780416477.369,662911.0,15288.77,8.522204,,,,,,
1780416477.370,662936.0,15288.662,8.522264,,,,,,
1780416477.452,662961.0,15288.715,8.522235,,,,,,
1780416477.453,662986.0,15288.751,8.521943,,,,,,
1780416477.454,663011.0,15288.768,8.521935,,,,,,
1780416477.538,663036.0,15288.68,8.521983,,,,,,
1780416477.539,663061.0,15288.608,8.522022,,,,,,
1780416477.539,663086.0,15288.679,8.521983,,,,,,
1780416477.540,663111.0,15288.679,8.521983,,,,,,
1780416477.618,663136.0,15288.555,8.522052,,,,,,
1780416477.618,663161.0,15288.572,8.522042,,,,,,
1780416477.619,663186.0,15288.913,8.521853,,,,,,
1780416477.684,663211.0,15288.806,8.521913,,,,,,
1780416477.685,663236.0,15288.859,8.521883,,,,,,
1780416477.786,663261.0,15289.055,8.522047,,,,,,
1780416477.786,663286.0,15289.145,8.521997,,,,,,
1780416477.787,663311.0,15289.198,8.521967,,,,,,
1780416477.787,663336.0,15289.02,8.522066,,,,,,
1780416477.788,663361.0,15289.127,8.522007,,,,,,
1780416477.885,663386.0,15289.055,8.522047,,,,,,
1780416477.885,663411.0,15289.126,8.522007,,,,,,
1780416477.885,663436.0,15289.091,8.522027,,,,,,
1780416477.969,663461.0,15289.232,8.521949,,,,,,
1780416477.969,663486.0,15289.482,8.52181,,,,,,
1780416477.970,663511.0,15289.804,8.521632,,,,,,
1780416477.971,663536.0,15289.732,8.521671,,,,,,
1780416478.052,663561.0,15289.714,8.521955,,,,,,
1780416478.052,663586.0,15289.465,8.522093,,,,,,
1780416478.053,663611.0,15289.356,8.522425,,,,,,
1780416478.152,663636.0,15289.393,8.522405,,,,,,
1780416478.153,663661.0,15289.426,8.522386,,,,,,
1780416478.153,663686.0,15289.552,8.522316,,,,,,
1780416478.154,663711.0,15289.604,8.522287,,,,,,
1780416478.234,663736.0,15289.464,8.522365,,,,,,
1780416478.235,663761.0,15289.304,8.522453,,,,,,
1780416478.235,663786.0,15289.072,8.522582,,,,,,
1780416478.302,663811.0,15289.125,8.522552,,,,,,
1780416478.302,663836.0,15289.233,8.522492,,,,,,
1780416478.303,663861.0,15289.145,8.522542,,,,,,
1780416478.385,663886.0,15288.876,8.522691,,,,,,
1780416478.387,663911.0,15288.983,8.522631,,,,,,
1780416478.388,663936.0,15289.001,8.522621,,,,,,
1780416478.390,663961.0,15288.946,8.522652,,,,,,
1780416478.503,663986.0,15288.929,8.522661,,,,,,
1780416478.504,664011.0,15288.715,8.522779,,,,,,
1780416478.506,664036.0,15288.645,8.522819,,,,,,
1780416478.517,664061.0,15288.555,8.522868,,,,,,
1780416478.519,664086.0,15288.556,8.522869,,,,,,
1780416478.618,664111.0,15288.591,8.522848,,,,,,
1780416478.620,664136.0,15288.127,8.523106,,,,,,
1780416478.620,664161.0,15288.075,8.523134,,,,,,
1780416478.621,664186.0,15287.896,8.522962,,,,,,
1780416478.703,664211.0,15288.109,8.522843,,,,,,
1780416478.703,664236.0,15288.271,8.522754,,,,,,
1780416478.704,664261.0,15288.198,8.522794,,,,,,
1780416478.788,664286.0,15288.163,8.522814,,,,,,
1780416478.789,664311.0,15288.004,8.522902,,,,,,
1780416478.791,664336.0,15288.021,8.522892,,,,,,
1780416478.792,664361.0,15288.073,8.522863,,,,,,
1780416478.885,664386.0,15288.217,8.522783,,,,,,
1780416478.886,664411.0,15288.377,8.522695,,,,,,
1780416478.886,664436.0,15288.127,8.522834,,,,,,
1780416478.886,664461.0,15288.162,8.522814,,,,,,
1780416478.985,664486.0,15288.075,8.522862,,,,,,
1780416478.985,664511.0,15288.091,8.522854,,,,,,
1780416478.986,664536.0,15288.109,8.522843,,,,,,
1780416478.986,664561.0,15287.986,8.522911,,,,,,
1780416479.071,664586.0,15287.931,8.522943,,,,,,
1780416479.073,664611.0,15287.93,8.522943,,,,,,
1780416479.075,664636.0,15288.037,8.522883,,,,,,
1780416479.171,664661.0,15287.913,8.522952,,,,,,
1780416479.172,664686.0,15287.861,8.522981,,,,,,
1780416479.174,664711.0,15287.681,8.523081,,,,,,
1780416479.175,664736.0,15287.681,8.523081,,,,,,
1780416479.271,664761.0,15287.825,8.522728,,,,,,
1780416479.271,664786.0,15287.967,8.52265,,,,,,
1780416479.272,664811.0,15287.984,8.522639,,,,,,
1780416479.272,664836.0,15288.021,8.522619,,,,,,
1780416479.370,664861.0,15287.823,8.522729,,,,,,
1780416479.371,664886.0,15287.68,8.522808,,,,,,
1780416479.372,664911.0,15287.644,8.522828,,,,,,
1780416479.373,664936.0,15287.806,8.522738,,,,,,
1780416479.469,664961.0,15287.68,8.522808,,,,,,
1780416479.470,664986.0,15287.68,8.522808,,,,,,
1780416479.471,665011.0,15287.751,8.522497,,,,,,
1780416479.471,665036.0,15287.733,8.522507,,,,,,
1780416479.555,665061.0,15287.68,8.522536,,,,,,
1780416479.556,665086.0,15287.698,8.522526,,,,,,
1780416479.556,665111.0,15287.911,8.522408,,,,,,
1780416479.635,665136.0,15288.019,8.522348,,,,,,
1780416479.636,665161.0,15288.036,8.522066,,,,,,
1780416479.636,665186.0,15287.983,8.522096,,,,,,
1780416479.637,665211.0,15288.162,8.521996,,,,,,
1780416479.703,665236.0,15288.127,8.522017,,,,,,
1780416479.705,665261.0,15288.144,8.522007,,,,,,
1780416479.786,665286.0,15288.144,8.522007,,,,,,
1780416479.786,665311.0,15288.163,8.521996,,,,,,
1780416479.787,665336.0,15288.323,8.521908,,,,,,
1780416479.787,665361.0,15288.306,8.521917,,,,,,
1780416479.888,665386.0,15288.483,8.522092,,,,,,
1780416479.895,665411.0,15288.305,8.52219,,,,,,
1780416479.895,665436.0,15288.394,8.522141,,,,,,
1780416479.895,665461.0,15288.376,8.522423,,,,,,
1780416479.969,665486.0,15288.482,8.522364,,,,,,
1780416479.970,665511.0,15288.644,8.522548,,,,,,
1780416479.970,665536.0,15288.519,8.522616,,,,,,
1780416480.056,665561.0,15288.412,8.522676,,,,,,
1780416480.057,665586.0,15288.431,8.522665,,,,,,
1780416480.059,665611.0,15288.45,8.522655,,,,,,
1780416480.153,665636.0,15288.538,8.522878,,,,,,
1780416480.154,665661.0,15288.665,8.522807,,,,,,
1780416480.155,665686.0,15288.896,8.522679,,,,,,
1780416480.156,665711.0,15288.771,8.522749,,,,,,
1780416480.239,665736.0,15288.698,8.522789,,,,,,
1780416480.239,665761.0,15288.751,8.522759,,,,,,
1780416480.240,665786.0,15288.483,8.523181,,,,,,
1780416480.240,665811.0,15288.59,8.523122,,,,,,
1780416480.336,665836.0,15288.393,8.523231,,,,,,
1780416480.338,665861.0,15288.286,8.52329,,,,,,
1780416480.339,665886.0,15288.34,8.522987,,,,,,
1780416480.340,665911.0,15288.466,8.522918,,,,,,
1780416480.419,665936.0,15288.608,8.522839,,,,,,
1780416480.420,665961.0,15288.537,8.522878,,,,,,
1780416480.420,665986.0,15288.519,8.522889,,,,,,
1780416480.501,666011.0,15288.483,8.522908,,,,,,
1780416480.501,666036.0,15288.501,8.522899,,,,,,
1780416480.502,666061.0,15288.607,8.52284,,,,,,
1780416480.584,666086.0,15288.358,8.522705,,,,,,
1780416480.585,666111.0,15288.287,8.523017,,,,,,
1780416480.585,666136.0,15288.145,8.522823,,,,,,
1780416480.586,666161.0,15288.287,8.522745,,,,,,
1780416480.668,666186.0,15288.43,8.522666,,,,,,
1780416480.668,666211.0,15288.395,8.522685,,,,,,
1780416480.668,666236.0,15288.377,8.522695,,,,,,
1780416480.753,666261.0,15288.287,8.522745,,,,,,
1780416480.754,666286.0,15288.145,8.522823,,,,,,
1780416480.756,666311.0,15288.162,8.522814,,,,,,
1780416480.852,666336.0,15288.305,8.522735,,,,,,
1780416480.853,666361.0,15288.252,8.522764,,,,,,
1780416480.854,666386.0,15288.234,8.522774,,,,,,
1780416480.854,666411.0,15288.358,8.522705,,,,,,
1780416480.953,666436.0,15288.216,8.522784,,,,,,
1780416480.954,666461.0,15288.233,8.522775,,,,,,
1780416480.955,666486.0,15288.43,8.522666,,,,,,
1780416480.956,666511.0,15288.321,8.522998,,,,,,
1780416481.052,666536.0,15288.393,8.522958,,,,,,
1780416481.053,666561.0,15288.337,8.522989,,,,,,
1780416481.053,666586.0,15288.356,8.522978,,,,,,
1780416481.054,666611.0,15288.429,8.522938,,,,,,
1780416481.136,666636.0,15288.411,8.522949,,,,,,
1780416481.137,666661.0,15288.518,8.522889,,,,,,
1780416481.137,666686.0,15288.446,8.522928,,,,,,
1780416481.137,666711.0,15288.643,8.52282,,,,,,
1780416481.204,666736.0,15288.786,8.522469,,,,,,
1780416481.206,666761.0,15288.893,8.522409,,,,,,
1780416481.317,666786.0,15288.733,8.522497,,,,,,
1780416481.318,666811.0,15288.645,8.522547,,,,,,
1780416481.318,666836.0,15288.822,8.522449,,,,,,
1780416481.319,666861.0,15288.965,8.522369,,,,,,
1780416481.319,666886.0,15289.072,8.52231,,,,,,
1780416481.402,666911.0,15289.197,8.522241,,,,,,
1780416481.402,666936.0,15289.02,8.522339,,,,,,
1780416481.403,666961.0,15288.93,8.522388,,,,,,
1780416481.485,666986.0,15288.84,8.522439,,,,,,
1780416481.486,667011.0,15288.788,8.522739,,,,,,
1780416481.486,667036.0,15288.912,8.522671,,,,,,
1780416481.487,667061.0,15289.144,8.522542,,,,,,
1780416481.567,667086.0,15289.18,8.522522,,,,,,
1780416481.567,667111.0,15289.197,8.522512,,,,,,
1780416481.568,667136.0,15289.197,8.522512,,,,,,
1780416481.635,667161.0,15289.305,8.522453,,,,,,
1780416481.636,667186.0,15289.25,8.522483,,,,,,
1780416481.636,667211.0,15289.339,8.522434,,,,,,
1780416481.718,667236.0,15289.304,8.522453,,,,,,
1780416481.718,667261.0,15289.108,8.522562,,,,,,
1780416481.719,667286.0,15289.036,8.522602,,,,,,
1780416481.801,667311.0,15289.018,8.522612,,,,,,
1780416481.801,667336.0,15288.93,8.52266,,,,,,
1780416481.802,667361.0,15288.93,8.52266,,,,,,
1780416481.886,667386.0,15288.982,8.522632,,,,,,
1780416481.887,667411.0,15289.072,8.522582,,,,,,
1780416481.887,667436.0,15289.162,8.522532,,,,,,
1780416481.888,667461.0,15289.073,8.522581,,,,,,
1780416481.967,667486.0,15289.055,8.522592,,,,,,
1780416481.967,667511.0,15289.001,8.522621,,,,,,
1780416481.968,667536.0,15288.982,8.522633,,,,,,
1780416482.052,667561.0,15288.91,8.522672,,,,,,
1780416482.052,667586.0,15288.714,8.52278,,,,,,
1780416482.053,667611.0,15288.857,8.5227,,,,,,
1780416482.136,667636.0,15288.768,8.522479,,,,,,
1780416482.137,667661.0,15288.873,8.52242,,,,,,
1780416482.138,667686.0,15288.644,8.52282,,,,,,
1780416482.138,667711.0,15288.806,8.522729,,,,,,
1780416482.219,667736.0,15288.467,8.522917,,,,,,
1780416482.220,667761.0,15288.698,8.522789,,,,,,
1780416482.220,667786.0,15288.645,8.522819,,,,,,
1780416482.302,667811.0,15288.733,8.522769,,,,,,
1780416482.303,667836.0,15288.537,8.522878,,,,,,
1780416482.303,667861.0,15288.448,8.522927,,,,,,
1780416482.369,667886.0,15288.465,8.522918,,,,,,
1780416482.369,667911.0,15288.607,8.52284,,,,,,
1780416482.370,667936.0,15288.679,8.522799,,,,,,
1780416482.453,667961.0,15288.839,8.522711,,,,,,
1780416482.455,667986.0,15288.59,8.522849,,,,,,
1780416482.456,668011.0,15288.644,8.52282,,,,,,
1780416482.537,668036.0,15288.645,8.522819,,,,,,
1780416482.537,668061.0,15288.556,8.522868,,,,,,
1780416482.538,668086.0,15288.627,8.523101,,,,,,
1780416482.538,668111.0,15288.521,8.52316,,,,,,
1780416482.635,668136.0,15288.54,8.523149,,,,,,
1780416482.636,668161.0,15288.326,8.523268,,,,,,
1780416482.636,668186.0,15288.344,8.523258,,,,,,
1780416482.637,668211.0,15288.663,8.523082,,,,,,
1780416482.733,668236.0,15288.627,8.523101,,,,,,
1780416482.734,668261.0,15288.822,8.522993,,,,,,
1780416482.735,668286.0,15288.502,8.52317,,,,,,
1780416482.800,668311.0,15288.501,8.522898,,,,,,
1780416482.801,668336.0,15288.519,8.522888,,,,,,
1780416482.801,668361.0,15288.75,8.52276,,,,,,
1780416482.867,668386.0,15288.697,8.522789,,,,,,
1780416482.868,668411.0,15288.446,8.522928,,,,,,
1780416482.868,668436.0,15288.34,8.522987,,,,,,
1780416482.950,668461.0,15288.571,8.52286,,,,,,
1780416482.951,668486.0,15288.697,8.522789,,,,,,
1780416482.952,668511.0,15288.911,8.522671,,,,,,
1780416483.034,668536.0,15288.786,8.52274,,,,,,
1780416483.034,668561.0,15288.75,8.52276,,,,,,
1780416483.035,668586.0,15288.857,8.522429,,,,,,
1780416483.120,668611.0,15288.856,8.52243,,,,,,
1780416483.121,668636.0,15288.694,8.522519,,,,,,
1780416483.121,668661.0,15288.856,8.522157,,,,,,
1780416483.122,668686.0,15288.927,8.522118,,,,,,
1780416483.219,668711.0,15288.785,8.521924,,,,,,
1780416483.220,668736.0,15288.731,8.521955,,,,,,
1780416483.221,668761.0,15288.68,8.521983,,,,,,
1780416483.221,668786.0,15288.805,8.521914,,,,,,
1780416483.317,668811.0,15289.09,8.521755,,,,,,
1780416483.318,668836.0,15288.894,8.521864,,,,,,
1780416483.318,668861.0,15288.841,8.521894,,,,,,
1780416483.318,668886.0,15288.662,8.521993,,,,,,
1780416483.386,668911.0,15288.84,8.521894,,,,,,
1780416483.387,668936.0,15288.947,8.521834,,,,,,
1780416483.388,668961.0,15288.947,8.521562,,,,,,
1780416483.467,668986.0,15288.857,8.521611,,,,,,
1780416483.469,669011.0,15288.786,8.521651,,,,,,
1780416483.469,669036.0,15289.054,8.521502,,,,,,
1780416483.551,669061.0,15289.107,8.521473,,,,,,
1780416483.552,669086.0,15288.93,8.521571,,,,,,
1780416483.553,669111.0,15288.983,8.521542,,,,,,
1780416483.634,669136.0,15289.001,8.52126,,,,,,
1780416483.635,669161.0,15289.09,8.521211,,,,,,
1780416483.635,669186.0,15289.073,8.52122,,,,,,
1780416483.734,669211.0,15288.698,8.5217,,,,,,
1780416483.735,669236.0,15288.788,8.52165,,,,,,
1780416483.736,669261.0,15288.698,8.5217,,,,,,
1780416483.737,669286.0,15288.556,8.522052,,,,,,
1780416483.738,669311.0,15288.662,8.521993,,,,,,
1780416483.816,669336.0,15288.733,8.521953,,,,,,
1780416483.817,669361.0,15288.841,8.521894,,,,,,
1780416483.818,669386.0,15288.662,8.521993,,,,,,
1780416483.883,669411.0,15288.645,8.522002,,,,,,
1780416483.884,669436.0,15288.466,8.522101,,,,,,
1780416483.950,669461.0,15288.501,8.522081,,,,,,
1780416483.950,669486.0,15288.572,8.522042,,,,,,
1780416483.950,669511.0,15288.537,8.522061,,,,,,
1780416484.026,669536.0,15288.448,8.522111,,,,,,
1780416484.027,669561.0,15288.466,8.522101,,,,,,
1780416484.028,669586.0,15288.252,8.522491,,,,,,
1780416484.100,669611.0,15288.323,8.522452,,,,,,
1780416484.100,669636.0,15288.52,8.522344,,,,,,
1780416484.101,669661.0,15288.483,8.522364,,,,,,
1780416484.167,669686.0,15288.412,8.522403,,,,,,
1780416484.168,669711.0,15288.518,8.522345,,,,,,
1780416484.168,669736.0,15288.393,8.522413,,,,,,
1780416484.250,669761.0,15288.09,8.522854,,,,,,
1780416484.251,669786.0,15288.037,8.522883,,,,,,
1780416484.251,669811.0,15287.805,8.523012,,,,,,
1780416484.350,669836.0,15287.895,8.522963,,,,,,
1780416484.350,669861.0,15287.948,8.522932,,,,,,
1780416484.351,669886.0,15288.038,8.522882,,,,,,
1780416484.351,669911.0,15288.2,8.522793,,,,,,
1780416484.434,669936.0,15287.986,8.522911,,,,,,
1780416484.434,669961.0,15288.165,8.522812,,,,,,
1780416484.434,669986.0,15288.147,8.522822,,,,,,
1780416484.502,670011.0,15288.433,8.522664,,,,,,
1780416484.503,670036.0,15288.47,8.522644,,,,,,
1780416484.503,670061.0,15288.271,8.522754,,,,,,
1780416484.583,670086.0,15288.416,8.522674,,,,,,
1780416484.584,670111.0,15288.255,8.522762,,,,,,
1780416484.584,670136.0,15288.326,8.522723,,,,,,
1780416484.666,670161.0,15288.504,8.522352,,,,,,
1780416484.667,670186.0,15288.465,8.522373,,,,,,
1780416484.667,670211.0,15288.501,8.522353,,,,,,
1780416484.668,670236.0,15288.556,8.522324,,,,,,
1780416484.733,670261.0,15288.45,8.522382,,,,,,
1780416484.733,670286.0,15288.358,8.522432,,,,,,
1780416484.800,670311.0,15288.466,8.522373,,,,,,
1780416484.800,670336.0,15288.43,8.522393,,,,,,
1780416484.801,670361.0,15288.287,8.522472,,,,,,
1780416484.884,670386.0,15288.521,8.522343,,,,,,
1780416484.885,670411.0,15288.592,8.522304,,,,,,
1780416484.885,670436.0,15289.001,8.522077,,,,,,
1780416484.949,670461.0,15289.019,8.521795,,,,,,
1780416484.950,670486.0,15289.179,8.521707,,,,,,
1780416484.950,670511.0,15289.429,8.521568,,,,,,
1780416485.017,670536.0,15289.269,8.521657,,,,,,
1780416485.017,670561.0,15289.5,8.521528,,,,,,
1780416485.017,670586.0,15289.322,8.521626,,,,,,
1780416485.084,670611.0,15289.196,8.521697,,,,,,
1780416485.085,670636.0,15289.108,8.521746,,,,,,
1780416485.150,670661.0,15289.126,8.521735,,,,,,
1780416485.152,670686.0,15289.179,8.521707,,,,,,
1780416485.153,670711.0,15289.054,8.521775,,,,,,
1780416485.234,670736.0,15289.036,8.521513,,,,,,
1780416485.235,670761.0,15289.089,8.521483,,,,,,
1780416485.235,670786.0,15289.196,8.521697,,,,,,
1780416485.236,670811.0,15289.033,8.521787,,,,,,
1780416485.299,670836.0,15288.965,8.521825,,,,,,
1780416485.300,670861.0,15288.895,8.521864,,,,,,
1780416485.366,670886.0,15288.876,8.521874,,,,,,
1780416485.366,670911.0,15288.913,8.521853,,,,,,
1780416485.367,670936.0,15288.841,8.521894,,,,,,
1780416485.454,670961.0,15288.895,8.521864,,,,,,
1780416485.455,670986.0,15288.984,8.521814,,,,,,
1780416485.456,671011.0,15289.004,8.521803,,,,,,
1780416485.541,671036.0,15289.02,8.521794,,,,,,
1780416485.541,671061.0,15288.896,8.521863,,,,,,
1780416485.541,671086.0,15289.001,8.522077,,,,,,
1780416485.542,671111.0,15288.896,8.522135,,,,,,
1780416485.651,671136.0,15288.823,8.522175,,,,,,
1780416485.651,671161.0,15288.965,8.522097,,,,,,
1780416485.652,671186.0,15288.787,8.522195,,,,,,
1780416485.653,671211.0,15288.751,8.522215,,,,,,
1780416485.724,671236.0,15288.698,8.522244,,,,,,
1780416485.725,671261.0,15288.645,8.522274,,,,,,
1780416485.725,671286.0,15288.608,8.522294,,,,,,
1780416485.818,671311.0,15288.823,8.522175,,,,,,
1780416485.820,671336.0,15288.858,8.522156,,,,,,
1780416485.822,671361.0,15289.126,8.52228,,,,,,
1780416485.824,671386.0,15289.162,8.52226,,,,,,
1780416485.917,671411.0,15288.805,8.522458,,,,,,
1780416485.917,671436.0,15289.107,8.52229,,,,,,
1780416485.918,671461.0,15289.197,8.522241,,,,,,
1780416485.918,671486.0,15289.18,8.52225,,,,,,
1780416486.003,671511.0,15289.233,8.522221,,,,,,
1780416486.004,671536.0,15289.341,8.522161,,,,,,
1780416486.004,671561.0,15289.233,8.522221,,,,,,
1780416486.083,671586.0,15289.021,8.522339,,,,,,
1780416486.083,671611.0,15288.984,8.522359,,,,,,
1780416486.084,671636.0,15288.93,8.522388,,,,,,
1780416486.185,671661.0,15288.751,8.522488,,,,,,
1780416486.186,671686.0,15288.697,8.522517,,,,,,
1780416486.186,671711.0,15288.537,8.522606,,,,,,
1780416486.187,671736.0,15288.698,8.522517,,,,,,
1780416486.188,671761.0,15288.608,8.522567,,,,,,
1780416486.266,671786.0,15288.519,8.522616,,,,,,
1780416486.266,671811.0,15288.663,8.522536,,,,,,
1780416486.267,671836.0,15288.556,8.522596,,,,,,
1780416486.355,671861.0,15288.751,8.522488,,,,,,
1780416486.356,671886.0,15288.805,8.522458,,,,,,
1780416486.357,671911.0,15288.822,8.522449,,,,,,
1780416486.449,671936.0,15288.84,8.522439,,,,,,
1780416486.450,671961.0,15288.751,8.522488,,,,,,
1780416486.450,671986.0,15288.696,8.522518,,,,,,
1780416486.451,672011.0,15288.606,8.522568,,,,,,
1780416486.533,672036.0,15288.625,8.522557,,,,,,
1780416486.534,672061.0,15288.482,8.522636,,,,,,
1780416486.534,672086.0,15288.393,8.522686,,,,,,
1780416486.618,672111.0,15288.357,8.522706,,,,,,
1780416486.620,672136.0,15288.25,8.522765,,,,,,
1780416486.622,672161.0,15288.09,8.522854,,,,,,
1780416486.624,672186.0,15288.465,8.522646,,,,,,
1780416486.717,672211.0,15288.662,8.522537,,,,,,
1780416486.718,672236.0,15288.732,8.522225,,,,,,
1780416486.718,672261.0,15288.715,8.522235,,,,,,
1780416486.719,672286.0,15288.964,8.522098,,,,,,
1780416486.816,672311.0,15289.035,8.522058,,,,,,
1780416486.816,672336.0,15288.982,8.522087,,,,,,
1780416486.817,672361.0,15288.802,8.522187,,,,,,
1780416486.817,672386.0,15288.696,8.522245,,,,,,
1780416486.884,672411.0,15288.964,8.522098,,,,,,
1780416486.884,672436.0,15288.966,8.522096,,,,,,
1780416486.949,672461.0,15289.251,8.521938,,,,,,
1780416486.949,672486.0,15289.482,8.52181,,,,,,
1780416486.949,672511.0,15289.321,8.521899,,,,,,
1780416487.032,672536.0,15289.411,8.52185,,,,,,
1780416487.033,672561.0,15289.429,8.52184,,,,,,
1780416487.033,672586.0,15289.554,8.52177,,,,,,
1780416487.099,672611.0,15289.5,8.5218,,,,,,
1780416487.100,672636.0,15289.643,8.521721,,,,,,
1780416487.100,672661.0,15289.802,8.521633,,,,,,
1780416487.166,672686.0,15289.66,8.521711,,,,,,
1780416487.167,672711.0,15289.623,8.521732,,,,,,
1780416487.167,672736.0,15289.661,8.521711,,,,,,
1780416487.233,672761.0,15289.677,8.521703,,,,,,
1780416487.234,672786.0,15289.856,8.521603,,,,,,
1780416487.317,672811.0,15289.516,8.521791,,,,,,
1780416487.318,672836.0,15289.465,8.52182,,,,,,
1780416487.318,672861.0,15289.444,8.522104,,,,,,
1780416487.319,672886.0,15289.393,8.522133,,,,,,
1780416487.400,672911.0,15289.302,8.522182,,,,,,
1780416487.401,672936.0,15289.016,8.522342,,,,,,
1780416487.401,672961.0,15289.161,8.522261,,,,,,
1780416487.483,672986.0,15289.214,8.522231,,,,,,
1780416487.483,673011.0,15289.285,8.522192,,,,,,
1780416487.484,673036.0,15289.089,8.522301,,,,,,
1780416487.568,673061.0,15289.179,8.522251,,,,,,
1780416487.568,673086.0,15289.071,8.52231,,,,,,
1780416487.569,673111.0,15288.643,8.522548,,,,,,
1780416487.569,673136.0,15288.75,8.522489,,,,,,
1780416487.651,673161.0,15288.768,8.522479,,,,,,
1780416487.651,673186.0,15288.68,8.522528,,,,,,
1780416487.652,673211.0,15288.645,8.522547,,,,,,
1780416487.734,673236.0,15288.627,8.522556,,,,,,
1780416487.735,673261.0,15288.379,8.522421,,,,,,
1780416487.737,673286.0,15288.504,8.522352,,,,,,
1780416487.737,673311.0,15288.665,8.522263,,,,,,
1780416487.815,673336.0,15288.967,8.521824,,,,,,
1780416487.816,673361.0,15288.984,8.521542,,,,,,
1780416487.816,673386.0,15289.075,8.521491,,,,,,
1780416487.901,673411.0,15289.146,8.521452,,,,,,
1780416487.902,673436.0,15289.129,8.521461,,,,,,
1780416487.902,673461.0,15289.252,8.521393,,,,,,
1780416487.983,673486.0,15289.233,8.521403,,,,,,
1780416487.984,673511.0,15289.271,8.521383,,,,,,
1780416487.984,673536.0,15289.288,8.521373,,,,,,
1780416488.066,673561.0,15289.537,8.521235,,,,,,
1780416488.069,673586.0,15289.572,8.521215,,,,,,
1780416488.070,673611.0,15289.448,8.521284,,,,,,
1780416488.070,673636.0,15289.501,8.521255,,,,,,
1780416488.150,673661.0,15289.341,8.521344,,,,,,
1780416488.150,673686.0,15289.162,8.521442,,,,,,
1780416488.151,673711.0,15289.161,8.521443,,,,,,
1780416488.252,673736.0,15289.322,8.521354,,,,,,
1780416488.253,673761.0,15289.268,8.521384,,,,,,
1780416488.253,673786.0,15289.018,8.521523,,,,,,
1780416488.253,673811.0,15289.0,8.521533,,,,,,
1780416488.351,673836.0,15289.143,8.521454,,,,,,
1780416488.352,673861.0,15289.125,8.521463,,,,,,
1780416488.353,673886.0,15289.411,8.521578,,,,,,
1780416488.354,673911.0,15289.321,8.521627,,,,,,
1780416488.433,673936.0,15289.233,8.521676,,,,,,
1780416488.434,673961.0,15289.071,8.522038,,,,,,
1780416488.434,673986.0,15289.054,8.52232,,,,,,
1780416488.500,674011.0,15288.966,8.522368,,,,,,
1780416488.500,674036.0,15288.697,8.522517,,,,,,
1780416488.501,674061.0,15288.929,8.522389,,,,,,
1780416488.584,674086.0,15288.911,8.522399,,,,,,
1780416488.585,674111.0,15289.055,8.52232,,,,,,
1780416488.585,674136.0,15289.196,8.522242,,,,,,
1780416488.666,674161.0,15289.09,8.5223,,,,,,
1780416488.667,674186.0,15289.001,8.522349,,,,,,
1780416488.668,674211.0,15289.037,8.522329,,,,,,
1780416488.668,674236.0,15289.091,8.5223,,,,,,
1780416488.749,674261.0,15289.02,8.522339,,,,,,
1780416488.750,674286.0,15289.073,8.522309,,,,,,
1780416488.750,674311.0,15289.216,8.52223,,,,,,
1780416488.851,674336.0,15289.072,8.522038,,,,,,
1780416488.851,674361.0,15288.876,8.522146,,,,,,
1780416488.852,674386.0,15288.822,8.521904,,,,,,
1780416488.852,674411.0,15288.911,8.521854,,,,,,
1780416488.933,674436.0,15289.0,8.521806,,,,,,
1780416488.933,674461.0,15288.841,8.521894,,,,,,
1780416488.934,674486.0,15288.894,8.521864,,,,,,
1780416489.017,674511.0,15288.627,8.522284,,,,,,
1780416489.018,674536.0,15288.627,8.522284,,,,,,
1780416489.018,674561.0,15288.858,8.522156,,,,,,
1780416489.018,674586.0,15288.77,8.522204,,,,,,
1780416489.118,674611.0,15288.806,8.522184,,,,,,
1780416489.120,674636.0,15288.948,8.522106,,,,,,
1780416489.121,674661.0,15289.055,8.522047,,,,,,
1780416489.123,674686.0,15289.001,8.522077,,,,,,
1780416489.216,674711.0,15288.948,8.522106,,,,,,
1780416489.217,674736.0,15288.93,8.522116,,,,,,
1780416489.218,674761.0,15288.875,8.521874,,,,,,
1780416489.219,674786.0,15288.911,8.521854,,,,,,
1780416489.316,674811.0,15289.161,8.521716,,,,,,
1780416489.316,674836.0,15288.927,8.521846,,,,,,
1780416489.317,674861.0,15289.107,8.521746,,,,,,
1780416489.317,674886.0,15289.072,8.521766,,,,,,
1780416489.403,674911.0,15289.162,8.521715,,,,,,
1780416489.405,674936.0,15288.931,8.521844,,,,,,
1780416489.405,674961.0,15289.146,8.521996,,,,,,
1780416489.483,674986.0,15289.556,8.52177,,,,,,
1780416489.485,675011.0,15289.556,8.522042,,,,,,
1780416489.486,675036.0,15289.662,8.521984,,,,,,
1780416489.486,675061.0,15289.68,8.521974,,,,,,
1780416489.583,675086.0,15289.626,8.522003,,,,,,
1780416489.583,675111.0,15289.696,8.521964,,,,,,
1780416489.584,675136.0,15289.929,8.521563,,,,,,
1780416489.666,675161.0,15289.927,8.521564,,,,,,
1780416489.666,675186.0,15289.731,8.521672,,,,,,
1780416489.666,675211.0,15289.748,8.521663,,,,,,
1780416489.667,675236.0,15289.929,8.521563,,,,,,
1780416489.741,675261.0,15289.821,8.521623,,,,,,
1780416489.742,675286.0,15289.768,8.521652,,,,,,
1780416489.742,675311.0,15289.84,8.521612,,,,,,
1780416489.816,675336.0,15289.894,8.521583,,,,,,
1780416489.817,675361.0,15289.732,8.521671,,,,,,
1780416489.817,675386.0,15289.733,8.521671,,,,,,
1780416489.917,675411.0,15289.732,8.521671,,,,,,
1780416489.917,675436.0,15289.626,8.52173,,,,,,
1780416489.917,675461.0,15289.786,8.521642,,,,,,
1780416489.918,675486.0,15289.679,8.521701,,,,,,
1780416490.000,675511.0,15289.785,8.521643,,,,,,
1780416490.000,675536.0,15289.679,8.521701,,,,,,
1780416490.001,675561.0,15289.536,8.52178,,,,,,
1780416490.082,675586.0,15289.465,8.52182,,,,,,
1780416490.083,675611.0,15289.393,8.52186,,,,,,
1780416490.083,675636.0,15289.34,8.521889,,,,,,
1780416490.166,675661.0,15289.233,8.521948,,,,,,
1780416490.166,675686.0,15289.181,8.521977,,,,,,
1780416490.167,675711.0,15289.163,8.521987,,,,,,
1780416490.167,675736.0,15289.071,8.522038,,,,,,
1780416490.250,675761.0,15288.929,8.522117,,,,,,
1780416490.251,675786.0,15288.786,8.522196,,,,,,
1780416490.251,675811.0,15288.787,8.522195,,,,,,
1780416490.333,675836.0,15288.964,8.522098,,,,,,
1780416490.334,675861.0,15288.822,8.521904,,,,,,
1780416490.334,675886.0,15288.661,8.521993,,,,,,
1780416490.399,675911.0,15288.876,8.521874,,,,,,
1780416490.400,675936.0,15288.662,8.521993,,,,,,
1780416490.400,675961.0,15288.716,8.521963,,,,,,
1780416490.466,675986.0,15288.875,8.521874,,,,,,
1780416490.467,676011.0,15288.716,8.522235,,,,,,
1780416490.467,676036.0,15288.788,8.522195,,,,,,
1780416490.549,676061.0,15288.717,8.522234,,,,,,
1780416490.549,676086.0,15288.698,8.522244,,,,,,
1780416490.550,676111.0,15288.683,8.522253,,,,,,
1780416490.616,676136.0,15288.629,8.522283,,,,,,
1780416490.616,676161.0,15288.698,8.522244,,,,,,
1780416490.617,676186.0,15288.911,8.522126,,,,,,
1780416490.701,676211.0,15289.035,8.522058,,,,,,
1780416490.702,676236.0,15288.966,8.522096,,,,,,
1780416490.702,676261.0,15289.286,8.521918,,,,,,
1780416490.799,676286.0,15289.518,8.521519,,,,,,
1780416490.800,676311.0,15289.323,8.521626,,,,,,
1780416490.800,676336.0,15289.379,8.521596,,,,,,
1780416490.801,676361.0,15289.431,8.521567,,,,,,
1780416490.884,676386.0,15289.591,8.521479,,,,,,
1780416490.885,676411.0,15289.733,8.521127,,,,,,
1780416490.885,676436.0,15289.645,8.521175,,,,,,
1780416490.886,676461.0,15289.644,8.521176,,,,,,
1780416490.967,676486.0,15289.447,8.521558,,,,,,
1780416490.967,676511.0,15289.572,8.521488,,,,,,
1780416490.969,676536.0,15289.554,8.52177,,,,,,
1780416491.051,676561.0,15289.75,8.521662,,,,,,
1780416491.052,676586.0,15289.645,8.52172,,,,,,
1780416491.053,676611.0,15289.68,8.521701,,,,,,
1780416491.148,676636.0,15289.732,8.521671,,,,,,
1780416491.149,676661.0,15289.626,8.52173,,,,,,
1780416491.150,676686.0,15289.769,8.521651,,,,,,
1780416491.151,676711.0,15289.804,8.521632,,,,,,
1780416491.231,676736.0,15289.679,8.521701,,,,,,
1780416491.233,676761.0,15289.714,8.521682,,,,,,
1780416491.233,676786.0,15289.712,8.521683,,,,,,
1780416491.317,676811.0,15289.729,8.521673,,,,,,
1780416491.318,676836.0,15289.694,8.521692,,,,,,
1780416491.319,676861.0,15289.589,8.521751,,,,,,
1780416491.319,676886.0,15289.356,8.52188,,,,,,
1780416491.401,676911.0,15289.161,8.522261,,,,,,
1780416491.402,676936.0,15289.251,8.522211,,,,,,
1780416491.402,676961.0,15289.483,8.522082,,,,,,
1780416491.482,676986.0,15289.483,8.522082,,,,,,
1780416491.483,677011.0,15289.465,8.522093,,,,,,
1780416491.483,677036.0,15289.446,8.522374,,,,,,
1780416491.566,677061.0,15289.644,8.522266,,,,,,
1780416491.566,677086.0,15289.464,8.522365,,,,,,
1780416491.567,677111.0,15289.661,8.522256,,,,,,
1780416491.567,677136.0,15289.622,8.522005,,,,,,
1780416491.650,677161.0,15289.462,8.521821,,,,,,
1780416491.650,677186.0,15289.357,8.521879,,,,,,
1780416491.651,677211.0,15289.269,8.521657,,,,,,
1780416491.733,677236.0,15289.321,8.521627,,,,,,
1780416491.734,677261.0,15289.357,8.521607,,,,,,
1780416491.735,677286.0,15289.519,8.521518,,,,,,
1780416491.817,677311.0,15289.555,8.521499,,,,,,
1780416491.818,677336.0,15289.322,8.521626,,,,,,
1780416491.818,677361.0,15289.465,8.521548,,,,,,
1780416491.818,677386.0,15289.555,8.521499,,,,,,
1780416491.898,677411.0,15289.412,8.521304,,,,,,
1780416491.899,677436.0,15289.395,8.521315,,,,,,
1780416491.900,677461.0,15289.287,8.521374,,,,,,
1780416491.981,677486.0,15289.43,8.521295,,,,,,
1780416491.982,677511.0,15289.554,8.521226,,,,,,
1780416491.982,677536.0,15289.571,8.521216,,,,,,
1780416492.066,677561.0,15289.715,8.520865,,,,,,
1780416492.066,677586.0,15289.66,8.520895,,,,,,
1780416492.067,677611.0,15289.715,8.520865,,,,,,
1780416492.067,677636.0,15289.429,8.521024,,,,,,
1780416492.133,677661.0,15289.323,8.521082,,,,,,
1780416492.134,677686.0,15289.341,8.521072,,,,,,
1780416492.215,677711.0,15289.501,8.520984,,,,,,
1780416492.216,677736.0,15289.501,8.520984,,,,,,
1780416492.216,677761.0,15289.341,8.521344,,,,,,
1780416492.217,677786.0,15289.305,8.521364,,,,,,
1780416492.300,677811.0,15289.251,8.521394,,,,,,
1780416492.302,677836.0,15289.214,8.521687,,,,,,
1780416492.303,677861.0,15289.071,8.521766,,,,,,
1780416492.385,677886.0,15289.036,8.521786,,,,,,
1780416492.386,677911.0,15288.857,8.521884,,,,,,
1780416492.387,677936.0,15288.732,8.521954,,,,,,
1780416492.388,677961.0,15288.822,8.521904,,,,,,
1780416492.500,677986.0,15288.714,8.522236,,,,,,
1780416492.501,678011.0,15288.716,8.522235,,,,,,
1780416492.502,678036.0,15288.787,8.522468,,,,,,
1780416492.504,678061.0,15288.734,8.522224,,,,,,
1780416492.600,678086.0,15288.556,8.522324,,,,,,
1780416492.601,678111.0,15288.663,8.522264,,,,,,
1780416492.601,678136.0,15288.608,8.522294,,,,,,
1780416492.602,678161.0,15288.787,8.522195,,,,,,
1780416492.684,678186.0,15288.483,8.522636,,,,,,
1780416492.685,678211.0,15288.252,8.522764,,,,,,
1780416492.686,678236.0,15288.217,8.522783,,,,,,
1780416492.686,678261.0,15288.325,8.522723,,,,,,
1780416492.782,678286.0,15288.484,8.522635,,,,,,
1780416492.782,678311.0,15288.379,8.522421,,,,,,
1780416492.783,678336.0,15288.252,8.522491,,,,,,
1780416492.866,678361.0,15288.326,8.52245,,,,,,
1780416492.867,678386.0,15288.573,8.522313,,,,,,
1780416492.868,678411.0,15288.573,8.522313,,,,,,
1780416492.868,678436.0,15288.716,8.522235,,,,,,
1780416492.966,678461.0,15288.912,8.522126,,,,,,
1780416492.967,678486.0,15288.786,8.522196,,,,,,
1780416492.968,678511.0,15288.984,8.522088,,,,,,
1780416492.968,678536.0,15289.126,8.522007,,,,,,
1780416493.047,678561.0,15288.933,8.522115,,,,,,
1780416493.048,678586.0,15289.181,8.521706,,,,,,
1780416493.048,678611.0,15289.446,8.521285,,,,,,
1780416493.133,678636.0,15289.429,8.521296,,,,,,
1780416493.133,678661.0,15289.589,8.521207,,,,,,
1780416493.134,678686.0,15289.536,8.521508,,,,,,
1780416493.215,678711.0,15289.731,8.5214,,,,,,
1780416493.215,678736.0,15289.661,8.52144,,,,,,
1780416493.216,678761.0,15289.696,8.52142,,,,,,
1780416493.218,678786.0,15289.643,8.521449,,,,,,
1780416493.301,678811.0,15290.036,8.521232,,,,,,
1780416493.301,678836.0,15290.106,8.521193,,,,,,
1780416493.301,678861.0,15289.91,8.521301,,,,,,
1780416493.399,678886.0,15289.891,8.521312,,,,,,
1780416493.400,678911.0,15289.783,8.521372,,,,,,
1780416493.400,678936.0,15290.033,8.521505,,,,,,
1780416493.401,678961.0,15290.229,8.521397,,,,,,
1780416493.483,678986.0,15290.0,8.521523,,,,,,
1780416493.484,679011.0,15289.979,8.521535,,,,,,
1780416493.484,679036.0,15290.14,8.521446,,,,,,
1780416493.565,679061.0,15289.927,8.521564,,,,,,
1780416493.566,679086.0,15289.712,8.521683,,,,,,
1780416493.566,679111.0,15289.91,8.521573,,,,,,
1780416493.567,679136.0,15289.804,8.521632,,,,,,
1780416493.665,679161.0,15289.804,8.52136,,,,,,
1780416493.666,679186.0,15289.733,8.521399,,,,,,
1780416493.668,679211.0,15289.698,8.52169,,,,,,
1780416493.669,679236.0,15289.591,8.52175,,,,,,
1780416493.767,679261.0,15289.555,8.52177,,,,,,
1780416493.769,679286.0,15289.608,8.52174,,,,,,
1780416493.770,679311.0,15289.715,8.521682,,,,,,
1780416493.772,679336.0,15289.715,8.521682,,,,,,
1780416493.882,679361.0,15289.43,8.521839,,,,,,
1780416493.882,679386.0,15289.59,8.52175,,,,,,
1780416493.883,679411.0,15289.304,8.521909,,,,,,
1780416493.883,679436.0,15289.126,8.522007,,,,,,
1780416493.967,679461.0,15289.143,8.521998,,,,,,
1780416493.968,679486.0,15289.411,8.52185,,,,,,
1780416493.969,679511.0,15289.465,8.52182,,,,,,
1780416493.971,679536.0,15289.465,8.52182,,,,,,
1780416494.065,679561.0,15289.25,8.521938,,,,,,
1780416494.066,679586.0,15289.27,8.521928,,,,,,
1780416494.066,679611.0,15289.395,8.521587,,,,,,
1780416494.066,679636.0,15289.358,8.521606,,,,,,
1780416494.167,679661.0,15289.305,8.521637,,,,,,
1780416494.167,679686.0,15289.537,8.521508,,,,,,
1780416494.168,679711.0,15289.698,8.521419,,,,,,
1780416494.168,679736.0,15289.662,8.521439,,,,,,
1780416494.248,679761.0,15289.787,8.52137,,,,,,
1780416494.248,679786.0,15289.93,8.521563,,,,,,
1780416494.249,679811.0,15290.232,8.521395,,,,,,
1780416494.348,679836.0,15290.197,8.521414,,,,,,
1780416494.348,679861.0,15290.269,8.521375,,,,,,
1780416494.349,679886.0,15290.339,8.521336,,,,,,
1780416494.349,679911.0,15290.177,8.521425,,,,,,
1780416494.433,679936.0,15290.285,8.521365,,,,,,
1780416494.434,679961.0,15290.035,8.521504,,,,,,
1780416494.434,679986.0,15290.196,8.521415,,,,,,
1780416494.549,680011.0,15290.019,8.521513,,,,,,
1780416494.549,680036.0,15290.125,8.521454,,,,,,
1780416494.549,680061.0,15290.231,8.521396,,,,,,
1780416494.550,680086.0,15290.215,8.521404,,,,,,
1780416494.550,680111.0,15290.055,8.521493,,,,,,
1780416494.633,680136.0,15290.18,8.521424,,,,,,
1780416494.635,680161.0,15290.357,8.521325,,,,,,
1780416494.636,680186.0,15290.286,8.521365,,,,,,
1780416494.637,680211.0,15290.144,8.521444,,,,,,
1780416494.734,680236.0,15290.305,8.521627,,,,,,
1780416494.736,680261.0,15290.554,8.521489,,,,,,
1780416494.738,680286.0,15290.644,8.52144,,,,,,
1780416494.739,680311.0,15290.644,8.52144,,,,,,
1780416494.832,680336.0,15290.5,8.52152,,,,,,
1780416494.832,680361.0,15290.552,8.521491,,,,,,
1780416494.833,680386.0,15290.214,8.521678,,,,,,
1780416494.915,680411.0,15290.125,8.521727,,,,,,
1780416494.916,680436.0,15290.319,8.52162,,,,,,
1780416494.916,680461.0,15290.158,8.521708,,,,,,
1780416494.916,680486.0,15290.0,8.521796,,,,,,
1780416494.997,680511.0,15289.929,8.521835,,,,,,
1780416494.998,680536.0,15289.964,8.521816,,,,,,
1780416494.998,680561.0,15290.036,8.521776,,,,,,
1780416495.098,680586.0,15290.518,8.521236,,,,,,
1780416495.098,680611.0,15290.731,8.521118,,,,,,
1780416495.099,680636.0,15291.001,8.520969,,,,,,
1780416495.099,680661.0,15291.16,8.520881,,,,,,
1780416495.181,680686.0,15291.0,8.520969,,,,,,
1780416495.182,680711.0,15290.962,8.52099,,,,,,
1780416495.182,680736.0,15291.123,8.520902,,,,,,
1780416495.265,680761.0,15291.033,8.520951,,,,,,
1780416495.266,680786.0,15290.89,8.52103,,,,,,
1780416495.266,680811.0,15291.106,8.52091,,,,,,
1780416495.266,680836.0,15290.997,8.520971,,,,,,
1780416495.348,680861.0,15290.839,8.521059,,,,,,
1780416495.349,680886.0,15290.606,8.521188,,,,,,
1780416495.349,680911.0,15290.501,8.521246,,,,,,
1780416495.432,680936.0,15290.394,8.521305,,,,,,
1780416495.432,680961.0,15290.483,8.521255,,,,,,
1780416495.433,680986.0,15290.501,8.521246,,,,,,
1780416495.524,681011.0,15290.68,8.521147,,,,,,
1780416495.525,681036.0,15290.626,8.521176,,,,,,
1780416495.526,681061.0,15290.197,8.521414,,,,,,
1780416495.527,681086.0,15290.375,8.521316,,,,,,
1780416495.599,681111.0,15290.554,8.520945,,,,,,
1780416495.601,681136.0,15290.537,8.520954,,,,,,
1780416495.603,681161.0,15290.66,8.520886,,,,,,
1780416495.699,681186.0,15290.285,8.521093,,,,,,
1780416495.700,681211.0,15290.179,8.521424,,,,,,
1780416495.700,681236.0,15290.069,8.521485,,,,,,
1780416495.701,681261.0,15289.964,8.521544,,,,,,
1780416495.782,681286.0,15289.998,8.521524,,,,,,
1780416495.783,681311.0,15289.979,8.521535,,,,,,
1780416495.784,681336.0,15290.122,8.521456,,,,,,
1780416495.864,681361.0,15290.071,8.521484,,,,,,
1780416495.865,681386.0,15290.09,8.521474,,,,,,
1780416495.865,681411.0,15289.947,8.521553,,,,,,
1780416495.866,681436.0,15289.787,8.521642,,,,,,
1780416495.965,681461.0,15289.966,8.521543,,,,,,
1780416495.966,681486.0,15289.77,8.521651,,,,,,
1780416495.966,681511.0,15289.716,8.521681,,,,,,
1780416495.967,681536.0,15289.841,8.521611,,,,,,
1780416496.050,681561.0,15289.893,8.521583,,,,,,
1780416496.051,681586.0,15290.071,8.521484,,,,,,
1780416496.051,681611.0,15289.804,8.521632,,,,,,
1780416496.132,681636.0,15289.732,8.521399,,,,,,
1780416496.132,681661.0,15289.891,8.521312,,,,,,
1780416496.132,681686.0,15289.981,8.520989,,,,,,
1780416496.199,681711.0,15289.891,8.521039,,,,,,
1780416496.200,681736.0,15289.729,8.521401,,,,,,
1780416496.201,681761.0,15289.714,8.52141,,,,,,
1780416496.283,681786.0,15289.75,8.52139,,,,,,
1780416496.284,681811.0,15290.052,8.521223,,,,,,
1780416496.284,681836.0,15289.982,8.521261,,,,,,
1780416496.384,681861.0,15289.857,8.521331,,,,,,
1780416496.386,681886.0,15289.714,8.52141,,,,,,
1780416496.387,681911.0,15289.804,8.52136,,,,,,
1780416496.389,681936.0,15289.857,8.521331,,,,,,
1780416496.390,681961.0,15289.858,8.52133,,,,,,
1780416496.464,681986.0,15289.536,8.521508,,,,,,
1780416496.465,682011.0,15289.411,8.521578,,,,,,
1780416496.465,682036.0,15289.5,8.521528,,,,,,
1780416496.550,682061.0,15289.644,8.521449,,,,,,
1780416496.551,682086.0,15289.571,8.521489,,,,,,
1780416496.551,682111.0,15289.715,8.52141,,,,,,
1780416496.632,682136.0,15289.893,8.521311,,,,,,
1780416496.632,682161.0,15289.751,8.52139,,,,,,
1780416496.633,682186.0,15289.822,8.52135,,,,,,
1780416496.732,682211.0,15289.802,8.521361,,,,,,
1780416496.732,682236.0,15289.982,8.521261,,,,,,
1780416496.733,682261.0,15290.033,8.521505,,,,,,
1780416496.733,682286.0,15289.696,8.521691,,,,,,
1780416496.814,682311.0,15289.661,8.521984,,,,,,
1780416496.814,682336.0,15289.732,8.521944,,,,,,
1780416496.815,682361.0,15289.821,8.521895,,,,,,
1780416496.815,682386.0,15289.964,8.521816,,,,,,
1780416496.902,682411.0,15289.873,8.521867,,,,,,
1780416496.904,682436.0,15289.822,8.521894,,,,,,
1780416496.905,682461.0,15289.841,8.521884,,,,,,
1780416497.001,682486.0,15289.751,8.521935,,,,,,
1780416497.002,682511.0,15289.821,8.521895,,,,,,
1780416497.003,682536.0,15289.52,8.522062,,,,,,
1780416497.003,682561.0,15289.592,8.522022,,,,,,
1780416497.099,682586.0,15289.217,8.52223,,,,,,
1780416497.100,682611.0,15289.519,8.522062,,,,,,
1780416497.101,682636.0,15289.697,8.521964,,,,,,
1780416497.101,682661.0,15289.715,8.521955,,,,,,
1780416497.182,682686.0,15289.625,8.522004,,,,,,
1780416497.183,682711.0,15289.536,8.522053,,,,,,
1780416497.183,682736.0,15289.712,8.521955,,,,,,
1780416497.266,682761.0,15289.658,8.521985,,,,,,
1780416497.267,682786.0,15289.729,8.521673,,,,,,
1780416497.268,682811.0,15289.641,8.521723,,,,,,
1780416497.268,682836.0,15289.373,8.521871,,,,,,
1780416497.349,682861.0,15289.285,8.521919,,,,,,
1780416497.351,682886.0,15289.375,8.52187,,,,,,
1780416497.352,682911.0,15289.661,8.521711,,,,,,
1780416497.463,682936.0,15289.786,8.521642,,,,,,
1780416497.463,682961.0,15289.662,8.52171,,,,,,
1780416497.464,682986.0,15289.59,8.52175,,,,,,
1780416497.464,683011.0,15289.465,8.52182,,,,,,
1780416497.465,683036.0,15289.394,8.521859,,,,,,
1780416497.566,683061.0,15289.393,8.52186,,,,,,
1780416497.567,683086.0,15289.356,8.52188,,,,,,
1780416497.568,683111.0,15289.518,8.521791,,,,,,
1780416497.568,683136.0,15289.268,8.521929,,,,,,
1780416497.649,683161.0,15289.411,8.52185,,,,,,
1780416497.649,683186.0,15289.429,8.52184,,,,,,
1780416497.649,683211.0,15289.786,8.521642,,,,,,
1780416497.748,683236.0,15289.751,8.521662,,,,,,
1780416497.749,683261.0,15289.787,8.521642,,,,,,
1780416497.749,683286.0,15289.894,8.521583,,,,,,
1780416497.750,683311.0,15289.927,8.521564,,,,,,
1780416497.850,683336.0,15289.998,8.521524,,,,,,
1780416497.852,683361.0,15290.071,8.521484,,,,,,
1780416497.853,683386.0,15289.911,8.521573,,,,,,
1780416497.854,683411.0,15290.033,8.521778,,,,,,
1780416497.931,683436.0,15290.018,8.521787,,,,,,
1780416497.932,683461.0,15290.089,8.521747,,,,,,
1780416497.932,683486.0,15290.268,8.521648,,,,,,
1780416498.014,683511.0,15290.321,8.521618,,,,,,
1780416498.015,683536.0,15290.302,8.521629,,,,,,
1780416498.015,683561.0,15290.411,8.521568,,,,,,
1780416498.015,683586.0,15290.569,8.521481,,,,,,
1780416498.098,683611.0,15290.75,8.52138,,,,,,
1780416498.098,683636.0,15290.768,8.521371,,,,,,
1780416498.099,683661.0,15290.875,8.521312,,,,,,
1780416498.181,683686.0,15290.714,8.5214,,,,,,
1780416498.182,683711.0,15290.857,8.521321,,,,,,
1780416498.182,683736.0,15290.837,8.521333,,,,,,
1780416498.247,683761.0,15291.211,8.521126,,,,,,
1780416498.248,683786.0,15291.247,8.521106,,,,,,
1780416498.248,683811.0,15291.212,8.521125,,,,,,
1780416498.330,683836.0,15291.16,8.521153,,,,,,
1780416498.330,683861.0,15291.158,8.521154,,,,,,
1780416498.331,683886.0,15291.123,8.521174,,,,,,
1780416498.415,683911.0,15290.998,8.521243,,,,,,
1780416498.416,683936.0,15291.032,8.521225,,,,,,
1780416498.416,683961.0,15291.143,8.521163,,,,,,
1780416498.417,683986.0,15291.068,8.521205,,,,,,
1780416498.499,684011.0,15291.193,8.521135,,,,,,
1780416498.501,684036.0,15291.015,8.521235,,,,,,
1780416498.503,684061.0,15290.925,8.521284,,,,,,
1780416498.597,684086.0,15291.122,8.521174,,,,,,
1780416498.598,684111.0,15291.122,8.521174,,,,,,
1780416498.598,684136.0,15290.962,8.521263,,,,,,
1780416498.599,684161.0,15291.068,8.521205,,,,,,
1780416498.681,684186.0,15290.979,8.521254,,,,,,
1780416498.682,684211.0,15290.944,8.521274,,,,,,
1780416498.682,684236.0,15290.696,8.521411,,,,,,
1780416498.764,684261.0,15290.75,8.52138,,,,,,
1780416498.765,684286.0,15290.641,8.521441,,,,,,
1780416498.765,684311.0,15290.872,8.521314,,,,,,
1780416498.766,684336.0,15290.712,8.521402,,,,,,
1780416498.848,684361.0,15290.606,8.521461,,,,,,
1780416498.849,684386.0,15290.444,8.52155,,,,,,
1780416498.850,684411.0,15290.604,8.521461,,,,,,
1780416498.932,684436.0,15290.587,8.521471,,,,,,
1780416498.933,684461.0,15290.515,8.521511,,,,,,
1780416498.933,684486.0,15290.407,8.52157,,,,,,
1780416499.017,684511.0,15290.498,8.521521,,,,,,
1780416499.018,684536.0,15290.516,8.521511,,,,,,
1780416499.019,684561.0,15290.356,8.521599,,,,,,
1780416499.021,684586.0,15290.464,8.52154,,,,,,
1780416499.099,684611.0,15290.498,8.521521,,,,,,
1780416499.100,684636.0,15290.5,8.52152,,,,,,
1780416499.100,684661.0,15290.641,8.521441,,,,,,
1780416499.182,684686.0,15290.802,8.521352,,,,,,
1780416499.183,684711.0,15290.694,8.521412,,,,,,
1780416499.184,684736.0,15290.837,8.521333,,,,,,
1780416499.282,684761.0,15290.997,8.521244,,,,,,
1780416499.284,684786.0,15290.641,8.521441,,,,,,
1780416499.285,684811.0,15290.66,8.521431,,,,,,
1780416499.286,684836.0,15290.552,8.521491,,,,,,
1780416499.287,684861.0,15290.714,8.5214,,,,,,
1780416499.379,684886.0,15290.66,8.521431,,,,,,
1780416499.380,684911.0,15290.731,8.521118,,,,,,
1780416499.380,684936.0,15290.677,8.521149,,,,,,
1780416499.464,684961.0,15291.0,8.520969,,,,,,
1780416499.465,684986.0,15291.018,8.52096,,,,,,
1780416499.465,685011.0,15291.054,8.52094,,,,,,
1780416499.466,685036.0,15290.858,8.521048,,,,,,
1780416499.564,685061.0,15290.75,8.52138,,,,,,
1780416499.564,685086.0,15290.84,8.521331,,,,,,
1780416499.565,685111.0,15291.019,8.521232,,,,,,
1780416499.565,685136.0,15291.018,8.521233,,,,,,
1780416499.649,685161.0,15290.981,8.521253,,,,,,
1780416499.650,685186.0,15291.125,8.521173,,,,,,
1780416499.650,685211.0,15290.677,8.521421,,,,,,
1780416499.734,685236.0,15290.552,8.521491,,,,,,
1780416499.734,685261.0,15290.643,8.521441,,,,,,
1780416499.735,685286.0,15290.41,8.521569,,,,,,
1780416499.736,685311.0,15290.304,8.521628,,,,,,
1780416499.814,685336.0,15290.107,8.521737,,,,,,
1780416499.816,685361.0,15290.0,8.521796,,,,,,
1780416499.817,685386.0,15290.071,8.521757,,,,,,
1780416499.914,685411.0,15290.215,8.521677,,,,,,
1780416499.914,685436.0,15290.287,8.521364,,,,,,
1780416499.915,685461.0,15290.482,8.521256,,,,,,
1780416499.915,685486.0,15290.27,8.521374,,,,,,
1780416500.016,685511.0,15290.25,8.521385,,,,,,
1780416500.016,685536.0,15290.16,8.521708,,,,,,
1780416500.017,685561.0,15290.248,8.521659,,,,,,
1780416500.018,685586.0,15289.856,8.521876,,,,,,
1780416500.097,685611.0,15290.072,8.521756,,,,,,
1780416500.097,685636.0,15290.125,8.521727,,,,,,
1780416500.097,685661.0,15289.983,8.521806,,,,,,
1780416500.180,685686.0,15290.251,8.521384,,,,,,
1780416500.181,685711.0,15290.181,8.521423,,,,,,
1780416500.181,685736.0,15290.181,8.521423,,,,,,
1780416500.265,685761.0,15290.02,8.521513,,,,,,
1780416500.266,685786.0,15290.109,8.521191,,,,,,
1780416500.268,685811.0,15290.055,8.521221,,,,,,
1780416500.269,685836.0,15290.144,8.521173,,,,,,
1780416500.346,685861.0,15290.09,8.520929,,,,,,
1780416500.347,685886.0,15289.911,8.521029,,,,,,
1780416500.347,685911.0,15289.946,8.521008,,,,,,
1780416500.430,685936.0,15290.143,8.5209,,,,,,
1780416500.431,685961.0,15290.285,8.520549,,,,,,
1780416500.431,685986.0,15290.069,8.520669,,,,,,
1780416500.514,686011.0,15289.821,8.520806,,,,,,
1780416500.514,686036.0,15289.856,8.520786,,,,,,
1780416500.515,686061.0,15289.891,8.521039,,,,,,
1780416500.515,686086.0,15289.837,8.52107,,,,,,
1780416500.597,686111.0,15290.087,8.52093,,,,,,
1780416500.598,686136.0,15289.998,8.52098,,,,,,
1780416500.598,686161.0,15290.087,8.52093,,,,,,
1780416500.681,686186.0,15289.998,8.52098,,,,,,
1780416500.681,686211.0,15290.336,8.520793,,,,,,
1780416500.682,686236.0,15290.354,8.520782,,,,,,
1780416500.764,686261.0,15290.141,8.520901,,,,,,
1780416500.764,686286.0,15290.285,8.520821,,,,,,
1780416500.765,686311.0,15289.982,8.520988,,,,,,
1780416500.765,686336.0,15289.894,8.521038,,,,,,
1780416500.864,686361.0,15289.875,8.521049,,,,,,
1780416500.865,686386.0,15289.929,8.521018,,,,,,
1780416500.865,686411.0,15289.982,8.520988,,,,,,
1780416500.865,686436.0,15289.733,8.521127,,,,,,
1780416500.947,686461.0,15290.144,8.5209,,,,,,
1780416500.948,686486.0,15290.196,8.521143,,,,,,
1780416500.948,686511.0,15290.214,8.521133,,,,,,
1780416501.031,686536.0,15290.356,8.521054,,,,,,
1780416501.031,686561.0,15290.125,8.521182,,,,,,
1780416501.032,686586.0,15290.161,8.521434,,,,,,
1780416501.113,686611.0,15290.408,8.521297,,,,,,
1780416501.114,686636.0,15290.587,8.521198,,,,,,
1780416501.114,686661.0,15290.66,8.521158,,,,,,
1780416501.114,686686.0,15290.5,8.521247,,,,,,
1780416501.198,686711.0,15290.41,8.521297,,,,,,
1780416501.199,686736.0,15290.214,8.521405,,,,,,
1780416501.199,686761.0,15290.25,8.521385,,,,,,
1780416501.281,686786.0,15290.41,8.521297,,,,,,
1780416501.282,686811.0,15290.019,8.521513,,,,,,
1780416501.283,686836.0,15289.786,8.521642,,,,,,
1780416501.365,686861.0,15289.59,8.521479,,,,,,
1780416501.366,686886.0,15289.873,8.521322,,,,,,
1780416501.368,686911.0,15289.981,8.521262,,,,,,
1780416501.369,686936.0,15290.194,8.521144,,,,,,
1780416501.448,686961.0,15290.426,8.521016,,,,,,
1780416501.449,686986.0,15290.337,8.521065,,,,,,
1780416501.449,687011.0,15290.372,8.521046,,,,,,
1780416501.529,687036.0,15290.391,8.521307,,,,,,
1780416501.530,687061.0,15290.569,8.521208,,,,,,
1780416501.530,687086.0,15290.516,8.521238,,,,,,
1780416501.614,687111.0,15290.408,8.521297,,,,,,
1780416501.614,687136.0,15290.498,8.521248,,,,,,
1780416501.614,687161.0,15290.339,8.521336,,,,,,
1780416501.615,687186.0,15290.464,8.521267,,,,,,
1780416501.696,687211.0,15290.606,8.521188,,,,,,
1780416501.701,687236.0,15290.571,8.521207,,,,,,
1780416501.701,687261.0,15290.321,8.521345,,,,,,
1780416501.781,687286.0,15290.233,8.521394,,,,,,
1780416501.782,687311.0,15290.179,8.521424,,,,,,
1780416501.783,687336.0,15290.427,8.521015,,,,,,
1780416501.883,687361.0,15290.481,8.520985,,,,,,
1780416501.884,687386.0,15290.516,8.520967,,,,,,
1780416501.885,687411.0,15290.268,8.521104,,,,,,
1780416501.886,687436.0,15290.748,8.520838,,,,,,
1780416501.887,687461.0,15290.66,8.520886,,,,,,
1780416501.962,687486.0,15290.802,8.521079,,,,,,
1780416501.963,687511.0,15290.729,8.521119,,,,,,
1780416501.963,687536.0,15290.623,8.521178,,,,,,
1780416502.030,687561.0,15290.731,8.521118,,,,,,
1780416502.031,687586.0,15290.75,8.521108,,,,,,
1780416502.115,687611.0,15290.929,8.521009,,,,,,
1780416502.117,687636.0,15291.072,8.520929,,,,,,
1780416502.118,687661.0,15290.912,8.521018,,,,,,
1780416502.119,687686.0,15290.947,8.520999,,,,,,
1780416502.216,687711.0,15290.875,8.521039,,,,,,
1780416502.217,687736.0,15291.0,8.520969,,,,,,
1780416502.217,687761.0,15291.019,8.520959,,,,,,
1780416502.218,687786.0,15291.052,8.520941,,,,,,
1780416502.313,687811.0,15291.16,8.520881,,,,,,
1780416502.313,687836.0,15290.981,8.52098,,,,,,
1780416502.314,687861.0,15290.891,8.52103,,,,,,
1780416502.314,687886.0,15291.123,8.520902,,,,,,
1780416502.397,687911.0,15291.214,8.520851,,,,,,
1780416502.398,687936.0,15291.248,8.520832,,,,,,
1780416502.398,687961.0,15290.91,8.521292,,,,,,
1780416502.488,687986.0,15290.981,8.521253,,,,,,
1780416502.489,688011.0,15291.106,8.521183,,,,,,
1780416502.490,688036.0,15291.194,8.520862,,,,,,
1780416502.490,688061.0,15291.0,8.520969,,,,,,
1780416502.565,688086.0,15291.071,8.520658,,,,,,
1780416502.566,688111.0,15290.927,8.520739,,,,,,
1780416502.567,688136.0,15290.91,8.520747,,,,,,
1780416502.647,688161.0,15290.856,8.520778,,,,,,
1780416502.647,688186.0,15290.854,8.520779,,,,,,
1780416502.648,688211.0,15290.622,8.520907,,,,,,
1780416502.729,688236.0,15290.551,8.520947,,,,,,
1780416502.730,688261.0,15290.533,8.520956,,,,,,
1780416502.730,688286.0,15290.604,8.520917,,,,,,
1780416502.815,688311.0,15290.64,8.520898,,,,,,
1780416502.816,688336.0,15290.604,8.520917,,,,,,
1780416502.817,688361.0,15290.568,8.520664,,,,,,
1780416502.818,688386.0,15290.497,8.520703,,,,,,
1780416502.913,688411.0,15290.586,8.520655,,,,,,
1780416502.914,688436.0,15290.479,8.520714,,,,,,
1780416502.914,688461.0,15290.443,8.520733,,,,,,
1780416502.915,688486.0,15290.533,8.520683,,,,,,
1780416503.000,688511.0,15290.443,8.520733,,,,,,
1780416503.002,688536.0,15290.319,8.520802,,,,,,
1780416503.003,688561.0,15290.375,8.520771,,,,,,
1780416503.098,688586.0,15290.482,8.520712,,,,,,
1780416503.098,688611.0,15290.394,8.520761,,,,,,
1780416503.099,688636.0,15290.161,8.520889,,,,,,
1780416503.099,688661.0,15290.161,8.521162,,,,,,
1780416503.182,688686.0,15290.179,8.52088,,,,,,
1780416503.182,688711.0,15290.233,8.521122,,,,,,
1780416503.183,688736.0,15290.196,8.521143,,,,,,
1780416503.264,688761.0,15290.232,8.521123,,,,,,
1780416503.265,688786.0,15290.286,8.521093,,,,,,
1780416503.265,688811.0,15290.107,8.521193,,,,,,
1780416503.266,688836.0,15290.25,8.521113,,,,,,
1780416503.346,688861.0,15290.233,8.521122,,,,,,
1780416503.347,688886.0,15289.912,8.5213,,,,,,
1780416503.349,688911.0,15290.037,8.521231,,,,,,
1780416503.429,688936.0,15290.412,8.521024,,,,,,
1780416503.430,688961.0,15290.056,8.521221,,,,,,
1780416503.430,688986.0,15290.146,8.521171,,,,,,
1780416503.531,689011.0,15290.162,8.521162,,,,,,
1780416503.531,689036.0,15290.234,8.521122,,,,,,
1780416503.531,689061.0,15290.181,8.521152,,,,,,
1780416503.532,689086.0,15290.233,8.521122,,,,,,
1780416503.614,689111.0,15290.234,8.521122,,,,,,
1780416503.614,689136.0,15290.358,8.521053,,,,,,
1780416503.614,689161.0,15290.357,8.521053,,,,,,
1780416503.615,689186.0,15290.233,8.521122,,,,,,
1780416503.698,689211.0,15290.287,8.521092,,,,,,
1780416503.699,689236.0,15290.356,8.521054,,,,,,
1780416503.700,689261.0,15290.393,8.521034,,,,,,
1780416503.761,689286.0,15290.304,8.521084,,,,,,
1780416503.762,689311.0,15290.34,8.521336,,,,,,
1780416503.762,689336.0,15290.34,8.521336,,,,,,
1780416503.829,689361.0,15290.411,8.521296,,,,,,
1780416503.831,689386.0,15290.198,8.521414,,,,,,
1780416503.895,689411.0,15290.18,8.521424,,,,,,
1780416503.896,689436.0,15290.162,8.521434,,,,,,
1780416503.896,689461.0,15290.108,8.521463,,,,,,
1780416503.982,689486.0,15290.144,8.521444,,,,,,
1780416503.984,689511.0,15290.394,8.521305,,,,,,
1780416503.986,689536.0,15290.196,8.521415,,,,,,
1780416503.987,689561.0,15289.769,8.521651,,,,,,
1780416504.081,689586.0,15290.069,8.521485,,,,,,
1780416504.081,689611.0,15289.929,8.521835,,,,,,
1780416504.082,689636.0,15289.894,8.521855,,,,,,
1780416504.146,689661.0,15289.715,8.521955,,,,,,
1780416504.147,689686.0,15289.821,8.521895,,,,,,
1780416504.147,689711.0,15289.894,8.521855,,,,,,
1780416504.214,689736.0,15289.661,8.521984,,,,,,
1780416504.214,689761.0,15289.644,8.521994,,,,,,
1780416504.215,689786.0,15289.751,8.521935,,,,,,
1780416504.279,689811.0,15289.697,8.521964,,,,,,
1780416504.281,689836.0,15289.697,8.521964,,,,,,
1780416504.347,689861.0,15289.572,8.522033,,,,,,
1780416504.347,689886.0,15289.5,8.522073,,,,,,
1780416504.348,689911.0,15289.644,8.521994,,,,,,
1780416504.395,689936.0,15289.59,8.522023,,,,,,
1780416504.395,689961.0,15289.518,8.522063,,,,,,
1780416504.463,689986.0,15289.429,8.522113,,,,,,
1780416504.464,690011.0,15289.606,8.522014,,,,,,
1780416504.465,690036.0,15289.25,8.522211,,,,,,
1780416504.547,690061.0,15289.179,8.522251,,,,,,
1780416504.549,690086.0,15289.339,8.522162,,,,,,
1780416504.550,690111.0,15289.285,8.522192,,,,,,
1780416504.638,690136.0,15289.232,8.522222,,,,,,
1780416504.638,690161.0,15289.305,8.522182,,,,,,
1780416504.639,690186.0,15289.287,8.522191,,,,,,
1780416504.640,690211.0,15289.357,8.522152,,,,,,
1780416504.712,690236.0,15289.357,8.521879,,,,,,
1780416504.712,690261.0,15289.375,8.52187,,,,,,
1780416504.713,690286.0,15289.5,8.5218,,,,,,
1780416504.778,690311.0,15289.269,8.521929,,,,,,
1780416504.779,690336.0,15289.251,8.521938,,,,,,
1780416504.845,690361.0,15289.34,8.521889,,,,,,
1780416504.846,690386.0,15289.286,8.521918,,,,,,
1780416504.846,690411.0,15289.126,8.522007,,,,,,
1780416504.931,690436.0,15289.342,8.521888,,,,,,
1780416504.932,690461.0,15289.376,8.521869,,,,,,
1780416504.932,690486.0,15289.395,8.521859,,,,,,
1780416505.014,690511.0,15289.644,8.521721,,,,,,
1780416505.015,690536.0,15289.59,8.52175,,,,,,
1780416505.015,690561.0,15289.805,8.521631,,,,,,
1780416505.016,690586.0,15289.661,8.521711,,,,,,
1780416505.078,690611.0,15289.804,8.521632,,,,,,
1780416505.079,690636.0,15289.983,8.521533,,,,,,
1780416505.147,690661.0,15290.233,8.521394,,,,,,
1780416505.148,690686.0,15290.411,8.521296,,,,,,
1780416505.148,690711.0,15290.107,8.521464,,,,,,
1780416505.231,690736.0,15290.215,8.521404,,,,,,
1780416505.232,690761.0,15290.232,8.521395,,,,,,
1780416505.233,690786.0,15290.144,8.521173,,,,,,
1780416505.347,690811.0,15290.143,8.521173,,,,,,
1780416505.347,690836.0,15290.107,8.521193,,,,,,
1780416505.347,690861.0,15290.43,8.521285,,,,,,
1780416505.348,690886.0,15290.519,8.521236,,,,,,
1780416505.348,690911.0,15290.536,8.521227,,,,,,
1780416505.413,690936.0,15290.786,8.521088,,,,,,
1780416505.414,690961.0,15290.714,8.521128,,,,,,
1780416505.414,690986.0,15290.821,8.521069,,,,,,
1780416505.479,691011.0,15290.895,8.521029,,,,,,
1780416505.481,691036.0,15291.072,8.520929,,,,,,
1780416505.545,691061.0,15291.001,8.520969,,,,,,
1780416505.547,691086.0,15290.965,8.520989,,,,,,
1780416505.548,691111.0,15291.125,8.520629,,,,,,
1780416505.632,691136.0,15291.016,8.520689,,,,,,
1780416505.633,691161.0,15290.964,8.520718,,,,,,
1780416505.634,691186.0,15290.891,8.520759,,,,,,
1780416505.694,691211.0,15291.069,8.520659,,,,,,
1780416505.695,691236.0,15291.194,8.52059,,,,,,
1780416505.696,691261.0,15290.873,8.520768,,,,,,
1780416505.762,691286.0,15291.143,8.520618,,,,,,
1780416505.762,691311.0,15291.194,8.52059,,,,,,
1780416505.763,691336.0,15291.375,8.520491,,,,,,
1780416505.829,691361.0,15291.321,8.52052,,,,,,
1780416505.829,691386.0,15291.071,8.520658,,,,,,
1780416505.896,691411.0,15291.25,8.520831,,,,,,
1780416505.897,691436.0,15291.427,8.520733,,,,,,
1780416505.897,691461.0,15291.462,8.520714,,,,,,
1780416505.962,691486.0,15291.318,8.520793,,,,,,
1780416505.964,691511.0,15291.141,8.520892,,,,,,
1780416505.965,691536.0,15291.069,8.520931,,,,,,
1780416506.045,691561.0,15290.819,8.52107,,,,,,
1780416506.045,691586.0,15290.694,8.521139,,,,,,
1780416506.046,691611.0,15290.676,8.52115,,,,,,
1780416506.130,691636.0,15290.498,8.521248,,,,,,
1780416506.131,691661.0,15290.337,8.521337,,,,,,
1780416506.131,691686.0,15290.301,8.521357,,,,,,
1780416506.211,691711.0,15290.39,8.521308,,,,,,
1780416506.211,691736.0,15290.393,8.521579,,,,,,
1780416506.212,691761.0,15290.587,8.521471,,,,,,
1780416506.213,691786.0,15290.748,8.521382,,,,,,
1780416506.278,691811.0,15290.625,8.52145,,,,,,
1780416506.279,691836.0,15290.571,8.52148,,,,,,
1780416506.344,691861.0,15290.356,8.521326,,,,,,
1780416506.345,691886.0,15290.427,8.521287,,,,,,
1780416506.345,691911.0,15290.266,8.521377,,,,,,
1780416506.414,691936.0,15290.265,8.521377,,,,,,
1780416506.415,691961.0,15290.229,8.521397,,,,,,
1780416506.417,691986.0,15290.104,8.521194,,,,,,
1780416506.497,692011.0,15290.371,8.521046,,,,,,
1780416506.498,692036.0,15290.336,8.521066,,,,,,
1780416506.498,692061.0,15290.356,8.521054,,,,,,
1780416506.579,692086.0,15290.106,8.521193,,,,,,
1780416506.579,692111.0,15289.981,8.521262,,,,,,
1780416506.580,692136.0,15290.125,8.521182,,,,,,
1780416506.644,692161.0,15290.214,8.521133,,,,,,
1780416506.645,692186.0,15290.321,8.521073,,,,,,
1780416506.645,692211.0,15290.535,8.520955,,,,,,
1780416506.711,692236.0,15290.268,8.521104,,,,,,
1780416506.712,692261.0,15290.411,8.521024,,,,,,
1780416506.713,692286.0,15290.714,8.520856,,,,,,
1780416506.778,692311.0,15290.786,8.520816,,,,,,
1780416506.778,692336.0,15290.715,8.520856,,,,,,
1780416506.827,692361.0,15290.75,8.520836,,,,,,
1780416506.828,692386.0,15290.502,8.520973,,,,,,
1780416506.877,692411.0,15290.394,8.521033,,,,,,
1780416506.878,692436.0,15290.446,8.521005,,,,,,
1780416506.944,692461.0,15290.375,8.521044,,,,,,
1780416506.945,692486.0,15290.302,8.521357,,,,,,
1780416506.945,692511.0,15290.339,8.521336,,,,,,
1780416507.012,692536.0,15290.464,8.521267,,,,,,
1780416507.013,692561.0,15290.446,8.521005,,,,,,
1780416507.013,692586.0,15290.464,8.520995,,,,,,
1780416507.078,692611.0,15290.498,8.521248,,,,,,
1780416507.079,692636.0,15290.519,8.521236,,,,,,
1780416507.128,692661.0,15290.607,8.521187,,,,,,
1780416507.128,692686.0,15290.589,8.521197,,,,,,
1780416507.195,692711.0,15290.732,8.521118,,,,,,
1780416507.195,692736.0,15290.75,8.521108,,,,,,
1780416507.196,692761.0,15290.856,8.521049,,,,,,
1780416507.262,692786.0,15290.679,8.521148,,,,,,
1780416507.264,692811.0,15290.821,8.521069,,,,,,
1780416507.266,692836.0,15290.821,8.521069,,,,,,
1780416507.344,692861.0,15291.0,8.520969,,,,,,
1780416507.345,692886.0,15290.981,8.52098,,,,,,
1780416507.346,692911.0,15290.518,8.521236,,,,,,
1780416507.412,692936.0,15290.554,8.521216,,,,,,
1780416507.412,692961.0,15290.519,8.521236,,,,,,
1780416507.413,692986.0,15290.518,8.521236,,,,,,
1780416507.477,693011.0,15290.555,8.520945,,,,,,
1780416507.478,693036.0,15290.518,8.520965,,,,,,
1780416507.545,693061.0,15290.519,8.520965,,,,,,
1780416507.546,693086.0,15290.536,8.520955,,,,,,
1780416507.546,693111.0,15290.518,8.520965,,,,,,
1780416507.614,693136.0,15290.498,8.520976,,,,,,
1780416507.616,693161.0,15290.373,8.521045,,,,,,
1780416507.617,693186.0,15290.266,8.521377,,,,,,
1780416507.694,693211.0,15290.266,8.521377,,,,,,
1780416507.694,693236.0,15290.479,8.521258,,,,,,
1780416507.694,693261.0,15290.535,8.521227,,,,,,
1780416507.751,693286.0,15290.625,8.521177,,,,,,
1780416507.751,693311.0,15290.554,8.521216,,,,,,
1780416507.815,693336.0,15290.751,8.521108,,,,,,
1780416507.815,693361.0,15290.822,8.521068,,,,,,
1780416507.816,693386.0,15290.715,8.521128,,,,,,
1780416507.896,693411.0,15290.929,8.521009,,,,,,
1780416507.897,693436.0,15290.805,8.521078,,,,,,
1780416507.897,693461.0,15290.697,8.521137,,,,,,
1780416507.962,693486.0,15290.819,8.52107,,,,,,
1780416507.962,693511.0,15290.712,8.52113,,,,,,
1780416507.963,693536.0,15290.91,8.521019,,,,,,
1780416508.028,693561.0,15291.104,8.520912,,,,,,
1780416508.028,693586.0,15291.015,8.520962,,,,,,
1780416508.078,693611.0,15290.89,8.52103,,,,,,
1780416508.078,693636.0,15291.015,8.521235,,,,,,
1780416508.132,693661.0,15291.016,8.521234,,,,,,
1780416508.134,693686.0,15290.998,8.521243,,,,,,
1780416508.195,693711.0,15291.104,8.521185,,,,,,
1780416508.195,693736.0,15291.337,8.521056,,,,,,
1780416508.195,693761.0,15291.551,8.520937,,,,,,
1780416508.258,693786.0,15291.587,8.520917,,,,,,
1780416508.259,693811.0,15291.783,8.520808,,,,,,
1780416508.330,693836.0,15291.819,8.520789,,,,,,
1780416508.332,693861.0,15291.873,8.520759,,,,,,
1780416508.334,693886.0,15291.748,8.520828,,,,,,
1780416508.411,693911.0,15291.535,8.520947,,,,,,
1780416508.412,693936.0,15291.554,8.520936,,,,,,
1780416508.413,693961.0,15291.518,8.520956,,,,,,
1780416508.414,693986.0,15291.5,8.520966,,,,,,
1780416508.478,694011.0,15291.429,8.521005,,,,,,
1780416508.479,694036.0,15291.446,8.520995,,,,,,
1780416508.528,694061.0,15291.535,8.520947,,,,,,
1780416508.528,694086.0,15291.481,8.520976,,,,,,
1780416508.577,694111.0,15291.393,8.521025,,,,,,
1780416508.577,694136.0,15291.356,8.521045,,,,,,
1780416508.645,694161.0,15291.391,8.521026,,,,,,
1780416508.645,694186.0,15291.177,8.521145,,,,,,
1780416508.646,694211.0,15291.194,8.521134,,,,,,
1780416508.711,694236.0,15291.302,8.521075,,,,,,
1780416508.711,694261.0,15290.981,8.521253,,,,,,
1780416508.712,694286.0,15290.979,8.520981,,,,,,
1780416508.778,694311.0,15290.979,8.520981,,,,,,
1780416508.778,694336.0,15291.069,8.520931,,,,,,
1780416508.847,694361.0,15290.997,8.520971,,,,,,
1780416508.847,694386.0,15290.729,8.521119,,,,,,
1780416508.848,694411.0,15290.729,8.521119,,,,,,
1780416508.911,694436.0,15290.481,8.521256,,,,,,
1780416508.912,694461.0,15290.606,8.521188,,,,,,
1780416508.912,694486.0,15290.232,8.521395,,,,,,
1780416508.997,694511.0,15290.304,8.521356,,,,,,
1780416508.998,694536.0,15290.269,8.521375,,,,,,
1780416508.998,694561.0,15290.357,8.521325,,,,,,
1780416509.087,694586.0,15290.34,8.521336,,,,,,
1780416509.089,694611.0,15290.302,8.521357,,,,,,
1780416509.090,694636.0,15290.336,8.521338,,,,,,
1780416509.092,694661.0,15290.265,8.521377,,,,,,
1780416509.177,694686.0,15290.194,8.521416,,,,,,
1780416509.178,694711.0,15290.372,8.521317,,,,,,
1780416509.178,694736.0,15290.443,8.521277,,,,,,
1780416509.228,694761.0,15290.497,8.521248,,,,,,
1780416509.228,694786.0,15290.498,8.521248,,,,,,
1780416509.278,694811.0,15290.464,8.521267,,,,,,
1780416509.280,694836.0,15290.483,8.521255,,,,,,
1780416509.345,694861.0,15290.286,8.521365,,,,,,
1780416509.346,694886.0,15290.446,8.521276,,,,,,
1780416509.346,694911.0,15290.465,8.521539,,,,,,
1780416509.411,694936.0,15290.535,8.5215,,,,,,
1780416509.412,694961.0,15290.516,8.521511,,,,,,
1780416509.412,694986.0,15290.515,8.521511,,,,,,
1780416509.478,695011.0,15290.568,8.521482,,,,,,
1780416509.479,695036.0,15290.569,8.521481,,,,,,
1780416509.578,695061.0,15290.516,8.521511,,,,,,
1780416509.580,695086.0,15290.41,8.521569,,,,,,
1780416509.581,695111.0,15290.536,8.5215,,,,,,
1780416509.582,695136.0,15290.481,8.521529,,,,,,
1780416509.643,695161.0,15290.641,8.521441,,,,,,
1780416509.644,695186.0,15290.677,8.521149,,,,,,
1780416509.644,695211.0,15290.479,8.521258,,,,,,
1780416509.719,695236.0,15290.318,8.521347,,,,,,
1780416509.720,695261.0,15290.391,8.521307,,,,,,
1780416509.720,695286.0,15290.569,8.521208,,,,,,
1780416509.794,695311.0,15290.623,8.521178,,,,,,
1780416509.794,695336.0,15290.606,8.521188,,,,,,
1780416509.795,695361.0,15290.535,8.521227,,,,,,
1780416509.862,695386.0,15290.714,8.521128,,,,,,
1780416509.875,695411.0,15290.839,8.521059,,,,,,
1780416509.877,695436.0,15290.819,8.52107,,,,,,
1780416509.959,695461.0,15290.766,8.521099,,,,,,
1780416509.961,695486.0,15290.785,8.521089,,,,,,
1780416509.962,695511.0,15290.979,8.520981,,,,,,
1780416509.963,695536.0,15290.944,8.521001,,,,,,
1780416510.029,695561.0,15290.91,8.521019,,,,,,
1780416510.031,695586.0,15290.91,8.521019,,,,,,
1780416510.093,695611.0,15290.962,8.52099,,,,,,
1780416510.093,695636.0,15291.071,8.52093,,,,,,
1780416510.094,695661.0,15291.123,8.520902,,,,,,
1780416510.147,695686.0,15291.357,8.520772,,,,,,
1780416510.148,695711.0,15291.16,8.520881,,,,,,
1780416510.212,695736.0,15291.356,8.520772,,,,,,
1780416510.212,695761.0,15291.286,8.520811,,,,,,
1780416510.213,695786.0,15291.09,8.52092,,,,,,
1780416510.277,695811.0,15291.069,8.521204,,,,,,
1780416510.278,695836.0,15291.283,8.521086,,,,,,
1780416510.343,695861.0,15291.427,8.521006,,,,,,
1780416510.344,695886.0,15291.462,8.520987,,,,,,
1780416510.344,695911.0,15291.106,8.52091,,,,,,
1780416510.412,695936.0,15291.069,8.520931,,,,,,
1780416510.413,695961.0,15290.946,8.520999,,,,,,
1780416510.413,695986.0,15290.927,8.52101,,,,,,
1780416510.477,696011.0,15290.856,8.521049,,,,,,
1780416510.478,696036.0,15290.783,8.52109,,,,,,
1780416510.543,696061.0,15290.854,8.52105,,,,,,
1780416510.543,696086.0,15290.765,8.5211,,,,,,
1780416510.544,696111.0,15290.925,8.521011,,,,,,
1780416510.593,696136.0,15290.872,8.521041,,,,,,
1780416510.594,696161.0,15291.052,8.520941,,,,,,
1780416510.658,696186.0,15291.069,8.520931,,,,,,
1780416510.660,696211.0,15290.964,8.520718,,,,,,
1780416510.763,696236.0,15291.018,8.520688,,,,,,
1780416510.763,696261.0,15291.16,8.520609,,,,,,
1780416510.764,696286.0,15291.143,8.520618,,,,,,
1780416510.764,696311.0,15291.143,8.520618,,,,,,
1780416510.765,696336.0,15291.268,8.52055,,,,,,
1780416510.848,696361.0,15291.0,8.520698,,,,,,
1780416510.849,696386.0,15291.054,8.520668,,,,,,
1780416510.849,696411.0,15291.231,8.52057,,,,,,
1780416510.911,696436.0,15291.107,8.520638,,,,,,
1780416510.911,696461.0,15291.089,8.520649,,,,,,
1780416510.912,696486.0,15291.177,8.5206,,,,,,
1780416510.978,696511.0,15291.033,8.520679,,,,,,
1780416510.979,696536.0,15291.229,8.520571,,,,,,
1780416511.038,696561.0,15291.193,8.520591,,,,,,
1780416511.039,696586.0,15291.301,8.520532,,,,,,
1780416511.040,696611.0,15291.497,8.520423,,,,,,
1780416511.114,696636.0,15291.39,8.520482,,,,,,
1780416511.115,696661.0,15291.372,8.520492,,,,,,
1780416511.116,696686.0,15291.265,8.520552,,,,,,
1780416511.179,696711.0,15291.479,8.520432,,,,,,
1780416511.179,696736.0,15291.64,8.520344,,,,,,
1780416511.243,696761.0,15291.606,8.520362,,,,,,
1780416511.243,696786.0,15291.339,8.520511,,,,,,
1780416511.245,696811.0,15291.444,8.520452,,,,,,
1780416511.328,696836.0,15291.354,8.520773,,,,,,
1780416511.328,696861.0,15291.231,8.520842,,,,,,
1780416511.329,696886.0,15290.821,8.521069,,,,,,
1780416511.376,696911.0,15290.625,8.521177,,,,,,
1780416511.376,696936.0,15290.481,8.521256,,,,,,
1780416511.430,696961.0,15290.694,8.521139,,,,,,
1780416511.431,696986.0,15290.908,8.521021,,,,,,
1780416511.513,697011.0,15291.016,8.520961,,,,,,
1780416511.514,697036.0,15290.819,8.52107,,,,,,
1780416511.514,697061.0,15290.731,8.521118,,,,,,
1780416511.514,697086.0,15290.802,8.521079,,,,,,
1780416511.597,697111.0,15290.839,8.521059,,,,,,
1780416511.599,697136.0,15291.054,8.52094,,,,,,
1780416511.600,697161.0,15290.947,8.521272,,,,,,
1780416511.662,697186.0,15290.822,8.52134,,,,,,
1780416511.664,697211.0,15290.75,8.52138,,,,,,
1780416511.665,697236.0,15290.697,8.52141,,,,,,
1780416511.725,697261.0,15290.947,8.521272,,,,,,
1780416511.726,697286.0,15290.84,8.521331,,,,,,
1780416511.795,697311.0,15290.662,8.521429,,,,,,
1780416511.797,697336.0,15290.625,8.52145,,,,,,
1780416511.799,697361.0,15290.446,8.521549,,,,,,
1780416511.861,697386.0,15290.464,8.52154,,,,,,
1780416511.862,697411.0,15290.571,8.52148,,,,,,
1780416511.862,697436.0,15290.429,8.521559,,,,,,
1780416511.926,697461.0,15290.535,8.5215,,,,,,
1780416511.927,697486.0,15290.572,8.521207,,,,,,
1780416511.995,697511.0,15290.768,8.521098,,,,,,
1780416511.995,697536.0,15291.018,8.52096,,,,,,
1780416511.996,697561.0,15291.0,8.520969,,,,,,
1780416512.060,697586.0,15290.962,8.52099,,,,,,
1780416512.061,697611.0,15290.625,8.521177,,,,,,
1780416512.061,697636.0,15290.465,8.521266,,,,,,
1780416512.146,697661.0,15290.554,8.521216,,,,,,
1780416512.146,697686.0,15290.715,8.521128,,,,,,
1780416512.147,697711.0,15290.679,8.521148,,,,,,
1780416512.210,697736.0,15290.357,8.521325,,,,,,
1780416512.211,697761.0,15290.285,8.521365,,,,,,
1780416512.211,697786.0,15290.427,8.521287,,,,,,
1780416512.284,697811.0,15290.606,8.521188,,,,,,
1780416512.286,697836.0,15290.747,8.52111,,,,,,
1780416512.287,697861.0,15290.604,8.521189,,,,,,
1780416512.367,697886.0,15290.444,8.521277,,,,,,
1780416512.369,697911.0,15290.532,8.521229,,,,,,
1780416512.371,697936.0,15290.801,8.52108,,,,,,
1780416512.445,697961.0,15290.694,8.521139,,,,,,
1780416512.446,697986.0,15290.768,8.521098,,,,,,
1780416512.447,698011.0,15290.873,8.52104,,,,,,
1780416512.528,698036.0,15291.069,8.520931,,,,,,
1780416512.529,698061.0,15291.089,8.520921,,,,,,
1780416512.530,698086.0,15291.231,8.520842,,,,,,
1780416512.596,698111.0,15291.069,8.521204,,,,,,
1780416512.607,698136.0,15291.194,8.521134,,,,,,
1780416512.609,698161.0,15291.033,8.521224,,,,,,
1780416512.678,698186.0,15291.283,8.521086,,,,,,
1780416512.679,698211.0,15291.158,8.521154,,,,,,
1780416512.679,698236.0,15291.356,8.521045,,,,,,
1780416512.779,698261.0,15291.41,8.521015,,,,,,
1780416512.780,698286.0,15291.41,8.521015,,,,,,
1780416512.782,698311.0,15291.319,8.521066,,,,,,
1780416512.783,698336.0,15291.214,8.521124,,,,,,
1780416512.867,698361.0,15291.481,8.520976,,,,,,
1780416512.868,698386.0,15291.535,8.520947,,,,,,
1780416512.868,698411.0,15291.408,8.521016,,,,,,
1780416512.869,698436.0,15291.568,8.520927,,,,,,
1780416512.944,698461.0,15291.444,8.520996,,,,,,
1780416512.946,698486.0,15291.391,8.520753,,,,,,
1780416512.948,698511.0,15291.443,8.520724,,,,,,
1780416513.028,698536.0,15291.393,8.520752,,,,,,
1780416513.029,698561.0,15291.589,8.520643,,,,,,
1780416513.030,698586.0,15291.926,8.520457,,,,,,
1780416513.110,698611.0,15291.768,8.520545,,,,,,
1780416513.111,698636.0,15291.837,8.520506,,,,,,
1780416513.111,698661.0,15291.604,8.520635,,,,,,
1780416513.112,698686.0,15291.497,8.520695,,,,,,
1780416513.188,698711.0,15291.408,8.520743,,,,,,
1780416513.188,698736.0,15291.55,8.520665,,,,,,
1780416513.189,698761.0,15291.407,8.520744,,,,,,
1780416513.262,698786.0,15291.531,8.520404,,,,,,
1780416513.263,698811.0,15291.39,8.520482,,,,,,
1780416513.263,698836.0,15291.373,8.520492,,,,,,
1780416513.327,698861.0,15291.731,8.520293,,,,,,
1780416513.329,698886.0,15291.785,8.520263,,,,,,
1780416513.392,698911.0,15291.839,8.51996,,,,,,
1780416513.393,698936.0,15291.875,8.51994,,,,,,
1780416513.393,698961.0,15291.873,8.519941,,,,,,
1780416513.478,698986.0,15292.033,8.519853,,,,,,
1780416513.478,699011.0,15292.015,8.519863,,,,,,
1780416513.479,699036.0,15292.104,8.519814,,,,,,
1780416513.555,699061.0,15291.944,8.519902,,,,,,
1780416513.555,699086.0,15291.819,8.519972,,,,,,
1780416513.556,699111.0,15291.997,8.520145,,,,,,
1780416513.618,699136.0,15292.051,8.520116,,,,,,
1780416513.618,699161.0,15292.176,8.520047,,,,,,
1780416513.619,699186.0,15291.944,8.520175,,,,,,
1780416513.681,699211.0,15291.783,8.520264,,,,,,
1780416513.682,699236.0,15291.891,8.520205,,,,,,
1780416513.745,699261.0,15291.479,8.520432,,,,,,
1780416513.745,699286.0,15291.604,8.520363,,,,,,
1780416513.746,699311.0,15291.766,8.520274,,,,,,
1780416513.810,699336.0,15291.783,8.520264,,,,,,
1780416513.811,699361.0,15291.783,8.520264,,,,,,
1780416513.811,699386.0,15291.801,8.520254,,,,,,
1780416513.875,699411.0,15291.819,8.520516,,,,,,
1780416513.876,699436.0,15291.908,8.520467,,,,,,
1780416513.926,699461.0,15291.908,8.520467,,,,,,
1780416513.926,699486.0,15291.604,8.520635,,,,,,
1780416513.995,699511.0,15291.587,8.520644,,,,,,
1780416513.996,699536.0,15291.589,8.520916,,,,,,
1780416513.996,699561.0,15291.604,8.520907,,,,,,
1780416514.079,699586.0,15291.478,8.520705,,,,,,
1780416514.080,699611.0,15291.39,8.520754,,,,,,
1780416514.081,699636.0,15291.408,8.520743,,,,,,
1780416514.142,699661.0,15291.408,8.520743,,,,,,
1780416514.143,699686.0,15291.318,8.520793,,,,,,
1780416514.144,699711.0,15291.568,8.520655,,,,,,
1780416514.212,699736.0,15291.426,8.520734,,,,,,
1780416514.213,699761.0,15291.158,8.52061,,,,,,
1780416514.215,699786.0,15291.158,8.52061,,,,,,
1780416514.304,699811.0,15291.141,8.52062,,,,,,
1780416514.304,699836.0,15291.158,8.52061,,,,,,
1780416514.305,699861.0,15291.089,8.520649,,,,,,
1780416514.367,699886.0,15291.356,8.5205,,,,,,
1780416514.368,699911.0,15291.196,8.520589,,,,,,
1780416514.370,699936.0,15291.09,8.520648,,,,,,
1780416514.431,699961.0,15291.161,8.520609,,,,,,
1780416514.431,699986.0,15291.231,8.52057,,,,,,
1780416514.493,700011.0,15291.214,8.520579,,,,,,
1780416514.494,700036.0,15291.248,8.52056,,,,,,
1780416514.494,700061.0,15291.106,8.520638,,,,,,
1780416514.559,700086.0,15291.391,8.520481,,,,,,
1780416514.559,700111.0,15291.552,8.520392,,,,,,
1780416514.623,700136.0,15291.479,8.520432,,,,,,
1780416514.623,700161.0,15291.393,8.52048,,,,,,
1780416514.624,700186.0,15291.285,8.520267,,,,,,
1780416514.685,700211.0,15291.622,8.520353,,,,,,
1780416514.686,700236.0,15291.408,8.520472,,,,,,
1780416514.686,700261.0,15291.301,8.520532,,,,,,
1780416514.759,700286.0,15291.265,8.520279,,,,,,
1780416514.760,700311.0,15291.318,8.520248,,,,,,
1780416514.826,700336.0,15291.247,8.520288,,,,,,
1780416514.826,700361.0,15291.211,8.520308,,,,,,
1780416514.827,700386.0,15291.372,8.520492,,,,,,
1780416514.894,700411.0,15291.356,8.5205,,,,,,
1780416514.895,700436.0,15291.41,8.520471,,,,,,
1780416514.895,700461.0,15291.5,8.520421,,,,,,
1780416514.959,700486.0,15291.731,8.520293,,,,,,
1780416514.960,700511.0,15291.66,8.520332,,,,,,
1780416515.043,700536.0,15291.802,8.520254,,,,,,
1780416515.044,700561.0,15291.998,8.520145,,,,,,
1780416515.045,700586.0,15291.907,8.520195,,,,,,
1780416515.046,700611.0,15291.854,8.520226,,,,,,
1780416515.130,700636.0,15291.961,8.520165,,,,,,
1780416515.131,700661.0,15292.032,8.520126,,,,,,
1780416515.131,700686.0,15291.998,8.520145,,,,,,
1780416515.194,700711.0,15291.854,8.520225,,,,,,
1780416515.195,700736.0,15291.552,8.520392,,,,,,
1780416515.195,700761.0,15291.677,8.52005,,,,,,
1780416515.259,700786.0,15291.658,8.520061,,,,,,
1780416515.260,700811.0,15291.785,8.520263,,,,,,
1780416515.260,700836.0,15291.607,8.520362,,,,,,
1780416515.326,700861.0,15291.606,8.520089,,,,,,
1780416515.331,700886.0,15291.677,8.52005,,,,,,
1780416515.391,700911.0,15291.623,8.520352,,,,,,
1780416515.392,700936.0,15291.66,8.52006,,,,,,
1780416515.392,700961.0,15291.571,8.520109,,,,,,
1780416515.460,700986.0,15291.696,8.52004,,,,,,
1780416515.461,701011.0,15291.731,8.52002,,,,,,
1780416515.461,701036.0,15291.712,8.520031,,,,,,
1780416515.525,701061.0,15291.785,8.51999,,,,,,
1780416515.525,701086.0,15291.568,8.519838,,,,,,
1780416515.592,701111.0,15291.176,8.520056,,,,,,
1780416515.592,701136.0,15291.39,8.519938,,,,,,
1780416515.593,701161.0,15291.391,8.519937,,,,,,
1780416515.660,701186.0,15291.354,8.519957,,,,,,
1780416515.661,701211.0,15291.319,8.519977,,,,,,
1780416515.662,701236.0,15291.391,8.519937,,,,,,
1780416515.727,701261.0,15291.319,8.519977,,,,,,
1780416515.728,701286.0,15291.052,8.520124,,,,,,
1780416515.792,701311.0,15291.123,8.520085,,,,,,
1780416515.793,701336.0,15291.0,8.520153,,,,,,
1780416515.793,701361.0,15291.177,8.520056,,,,,,
1780416515.842,701386.0,15291.196,8.520316,,,,,,
1780416515.842,701411.0,15291.285,8.520267,,,,,,
1780416515.908,701436.0,15291.269,8.520276,,,,,,
1780416515.909,701461.0,15291.106,8.520366,,,,,,
1780416515.978,701486.0,15291.16,8.520609,,,,,,
1780416515.980,701511.0,15291.071,8.520658,,,,,,
1780416515.982,701536.0,15291.143,8.520618,,,,,,
1780416516.066,701561.0,15291.248,8.520832,,,,,,
1780416516.067,701586.0,15291.285,8.520812,,,,,,
1780416516.067,701611.0,15291.266,8.520823,,,,,,
1780416516.068,701636.0,15291.301,8.520803,,,,,,
1780416516.129,701661.0,15291.193,8.520863,,,,,,
1780416516.129,701686.0,15291.337,8.520783,,,,,,
1780416516.209,701711.0,15291.265,8.521096,,,,,,
1780416516.210,701736.0,15291.461,8.520988,,,,,,
1780416516.210,701761.0,15291.407,8.521017,,,,,,
1780416516.211,701786.0,15291.282,8.521086,,,,,,
1780416516.277,701811.0,15291.175,8.521146,,,,,,
1780416516.278,701836.0,15291.157,8.521155,,,,,,
1780416516.359,701861.0,15290.962,8.521263,,,,,,
1780416516.361,701886.0,15290.729,8.521392,,,,,,
1780416516.361,701911.0,15290.962,8.521263,,,,,,
1780416516.362,701936.0,15290.768,8.521371,,,,,,
1780416516.426,701961.0,15290.821,8.521341,,,,,,
1780416516.426,701986.0,15290.769,8.521371,,,,,,
1780416516.510,702011.0,15290.715,8.5214,,,,,,
1780416516.511,702036.0,15290.786,8.52136,,,,,,
1780416516.511,702061.0,15290.91,8.521292,,,,,,
1780416516.511,702086.0,15290.91,8.521292,,,,,,
1780416516.576,702111.0,15290.946,8.521272,,,,,,
1780416516.577,702136.0,15290.927,8.521283,,,,,,
1780416516.641,702161.0,15290.891,8.521303,,,,,,
1780416516.642,702186.0,15290.944,8.521274,,,,,,
1780416516.642,702211.0,15290.981,8.521253,,,,,,
1780416516.727,702236.0,15291.054,8.521213,,,,,,
1780416516.729,702261.0,15290.982,8.521252,,,,,,
1780416516.729,702286.0,15291.107,8.521183,,,,,,
1780416516.792,702311.0,15290.981,8.521253,,,,,,
1780416516.793,702336.0,15291.248,8.521105,,,,,,
1780416516.794,702361.0,15291.339,8.521055,,,,,,
1780416516.858,702386.0,15290.983,8.521252,,,,,,
1780416516.859,702411.0,15291.268,8.521094,,,,,,
1780416516.909,702436.0,15291.248,8.521105,,,,,,
1780416516.909,702461.0,15291.339,8.521055,,,,,,
1780416516.979,702486.0,15291.658,8.520878,,,,,,
1780416516.981,702511.0,15291.926,8.520457,,,,,,
1780416516.982,702536.0,15291.908,8.520467,,,,,,
1780416517.060,702561.0,15291.872,8.520487,,,,,,
1780416517.061,702586.0,15291.996,8.520418,,,,,,
1780416517.062,702611.0,15291.943,8.520447,,,,,,
1780416517.062,702636.0,15292.033,8.520125,,,,,,
1780416517.128,702661.0,15292.015,8.519863,,,,,,
1780416517.128,702686.0,15291.998,8.519873,,,,,,
1780416517.209,702711.0,15292.052,8.519843,,,,,,
1780416517.210,702736.0,15292.089,8.519822,,,,,,
1780416517.210,702761.0,15292.09,8.519821,,,,,,
1780416517.211,702786.0,15292.143,8.519793,,,,,,
1780416517.274,702811.0,15291.965,8.519891,,,,,,
1780416517.275,702836.0,15292.143,8.519793,,,,,,
1780416517.362,702861.0,15292.018,8.519861,,,,,,
1780416517.363,702886.0,15292.016,8.519863,,,,,,
1780416517.364,702911.0,15292.141,8.519794,,,,,,
1780416517.364,702936.0,15291.943,8.519902,,,,,,
1780416517.426,702961.0,15291.801,8.519981,,,,,,
1780416517.427,702986.0,15291.873,8.519941,,,,,,
1780416517.510,703011.0,15292.087,8.519823,,,,,,
1780416517.511,703036.0,15292.122,8.519804,,,,,,
1780416517.512,703061.0,15292.231,8.519743,,,,,,
1780416517.513,703086.0,15292.339,8.519684,,,,,,
1780416517.609,703111.0,15292.071,8.519832,,,,,,
1780416517.610,703136.0,15292.0,8.520144,,,,,,
1780416517.611,703161.0,15291.786,8.520263,,,,,,
1780416517.612,703186.0,15291.982,8.520154,,,,,,
1780416517.676,703211.0,15291.911,8.520193,,,,,,
1780416517.676,703236.0,15292.018,8.520134,,,,,,
1780416517.742,703261.0,15291.964,8.520164,,,,,,
1780416517.742,703286.0,15291.926,8.520457,,,,,,
1780416517.743,703311.0,15291.819,8.520245,,,,,,
1780416517.791,703336.0,15292.122,8.520077,,,,,,
1780416517.792,703361.0,15292.157,8.520057,,,,,,
1780416517.841,703386.0,15292.265,8.519725,,,,,,
1780416517.842,703411.0,15292.158,8.519784,,,,,,
1780416517.909,703436.0,15292.247,8.519734,,,,,,
1780416517.910,703461.0,15292.354,8.519675,,,,,,
1780416517.910,703486.0,15292.337,8.519685,,,,,,
1780416517.991,703511.0,15292.55,8.519567,,,,,,
1780416517.992,703536.0,15292.335,8.519686,,,,,,
1780416517.993,703561.0,15292.675,8.519498,,,,,,
1780416518.077,703586.0,15292.926,8.519359,,,,,,
1780416518.079,703611.0,15292.836,8.519408,,,,,,
1780416518.080,703636.0,15292.871,8.519389,,,,,,
1780416518.158,703661.0,15292.693,8.519487,,,,,,
1780416518.158,703686.0,15292.89,8.519379,,,,,,
1780416518.159,703711.0,15292.765,8.519448,,,,,,
1780416518.226,703736.0,15292.89,8.519379,,,,,,
1780416518.227,703761.0,15293.031,8.5193,,,,,,
1780416518.228,703786.0,15293.014,8.51931,,,,,,
1780416518.291,703811.0,15293.139,8.51924,,,,,,
1780416518.292,703836.0,15293.157,8.519231,,,,,,
1780416518.292,703861.0,15293.051,8.519289,,,,,,
1780416518.360,703886.0,15293.14,8.519513,,,,,,
1780416518.362,703911.0,15293.122,8.51925,,,,,,
1780416518.363,703936.0,15293.336,8.519404,,,,,,
1780416518.462,703961.0,15293.176,8.519493,,,,,,
1780416518.463,703986.0,15293.229,8.519464,,,,,,
1780416518.463,704011.0,15293.393,8.519645,,,,,,
1780416518.464,704036.0,15293.533,8.519567,,,,,,
1780416518.525,704061.0,15293.657,8.519498,,,,,,
1780416518.525,704086.0,15293.318,8.519686,,,,,,
1780416518.588,704111.0,15293.407,8.519364,,,,,,
1780416518.588,704136.0,15293.354,8.519395,,,,,,
1780416518.589,704161.0,15293.567,8.519276,,,,,,
1780416518.657,704186.0,15293.478,8.519326,,,,,,
1780416518.658,704211.0,15293.335,8.519404,,,,,,
1780416518.708,704236.0,15293.335,8.519404,,,,,,
1780416518.708,704261.0,15293.336,8.519404,,,,,,
1780416518.776,704286.0,15293.317,8.519415,,,,,,
1780416518.777,704311.0,15293.104,8.519533,,,,,,
1780416518.777,704336.0,15293.157,8.519504,,,,,,
1780416518.857,704361.0,15293.264,8.519444,,,,,,
1780416518.858,704386.0,15293.229,8.519464,,,,,,
1780416518.858,704411.0,15293.067,8.519553,,,,,,
1780416518.907,704436.0,15293.122,8.519523,,,,,,
1780416518.908,704461.0,15293.086,8.519543,,,,,,
1780416518.977,704486.0,15293.14,8.519513,,,,,,
1780416518.977,704511.0,15293.3,8.519424,,,,,,
1780416518.978,704536.0,15293.354,8.519666,,,,,,
1780416519.061,704561.0,15293.123,8.519794,,,,,,
1780416519.062,704586.0,15293.285,8.519704,,,,,,
1780416519.062,704611.0,15293.461,8.519607,,,,,,
1780416519.063,704636.0,15293.016,8.519854,,,,,,
1780416519.126,704661.0,15293.069,8.519824,,,,,,
1780416519.126,704686.0,15293.069,8.519552,,,,,,
1780416519.207,704711.0,15293.175,8.519493,,,,,,
1780416519.208,704736.0,15293.229,8.519735,,,,,,
1780416519.209,704761.0,15293.175,8.519493,,,,,,
1780416519.274,704786.0,15293.229,8.519464,,,,,,
1780416519.275,704811.0,15293.12,8.519524,,,,,,
1780416519.275,704836.0,15293.103,8.519533,,,,,,
1780416519.333,704861.0,15293.139,8.519513,,,,,,
1780416519.334,704886.0,15293.281,8.519435,,,,,,
1780416519.397,704911.0,15293.3,8.519424,,,,,,
1780416519.397,704936.0,15293.336,8.519132,,,,,,
1780416519.398,704961.0,15293.39,8.519102,,,,,,
1780416519.460,704986.0,15293.533,8.519022,,,,,,
1780416519.461,705011.0,15293.569,8.51873,,,,,,
1780416519.461,705036.0,15294.141,8.518414,,,,,,
1780416519.524,705061.0,15294.089,8.518443,,,,,,
1780416519.525,705086.0,15294.106,8.518433,,,,,,
1780416519.610,705111.0,15294.283,8.518335,,,,,,
1780416519.611,705136.0,15294.015,8.518484,,,,,,
1780416519.613,705161.0,15294.068,8.518455,,,,,,
1780416519.614,705186.0,15294.122,8.518424,,,,,,
1780416519.692,705211.0,15294.033,8.518474,,,,,,
1780416519.692,705236.0,15293.747,8.518632,,,,,,
1780416519.692,705261.0,15293.818,8.518593,,,,,,
1780416519.777,705286.0,15293.943,8.518251,,,,,,
1780416519.779,705311.0,15293.854,8.518573,,,,,,
1780416519.780,705336.0,15293.819,8.518592,,,,,,
1780416519.858,705361.0,15293.837,8.518582,,,,,,
1780416519.859,705386.0,15293.819,8.518864,,,,,,
1780416519.860,705411.0,15293.606,8.518982,,,,,,
1780416519.860,705436.0,15293.589,8.518991,,,,,,
1780416519.924,705461.0,15293.535,8.519021,,,,,,
1780416519.925,705486.0,15293.373,8.519111,,,,,,
1780416519.994,705511.0,15293.391,8.519101,,,,,,
1780416519.995,705536.0,15293.426,8.519082,,,,,,
1780416519.996,705561.0,15293.516,8.519305,,,,,,
1780416520.094,705586.0,15293.337,8.519403,,,,,,
1780416520.094,705611.0,15292.961,8.519612,,,,,,
1780416520.095,705636.0,15293.014,8.519855,,,,,,
1780416520.095,705661.0,15292.942,8.519894,,,,,,
1780416520.158,705686.0,15292.729,8.520013,,,,,,
1780416520.159,705711.0,15292.675,8.520042,,,,,,
1780416520.224,705736.0,15292.407,8.52019,,,,,,
1780416520.225,705761.0,15292.301,8.520249,,,,,,
1780416520.225,705786.0,15292.247,8.520279,,,,,,
1780416520.291,705811.0,15292.158,8.520329,,,,,,
1780416520.291,705836.0,15292.033,8.520125,,,,,,
1780416520.292,705861.0,15292.194,8.520037,,,,,,
1780416520.359,705886.0,15292.229,8.520017,,,,,,
1780416520.360,705911.0,15292.068,8.520378,,,,,,
1780416520.360,705936.0,15291.908,8.520467,,,,,,
1780416520.426,705961.0,15292.068,8.520378,,,,,,
1780416520.426,705986.0,15292.087,8.520368,,,,,,
1780416520.492,706011.0,15292.194,8.520308,,,,,,
1780416520.494,706036.0,15292.336,8.52023,,,,,,
1780416520.496,706061.0,15292.408,8.52019,,,,,,
1780416520.590,706086.0,15292.516,8.52013,,,,,,
1780416520.591,706111.0,15292.551,8.520111,,,,,,
1780416520.591,706136.0,15292.497,8.520141,,,,,,
1780416520.592,706161.0,15292.391,8.519928,,,,,,
1780416520.648,706186.0,15292.194,8.520037,,,,,,
1780416520.648,706211.0,15292.373,8.519938,,,,,,
1780416520.727,706236.0,15292.408,8.519918,,,,,,
1780416520.727,706261.0,15292.301,8.519978,,,,,,
1780416520.727,706286.0,15292.123,8.520076,,,,,,
1780416520.792,706311.0,15292.337,8.519958,,,,,,
1780416520.793,706336.0,15292.552,8.519838,,,,,,
1780416520.795,706361.0,15292.551,8.519839,,,,,,
1780416520.892,706386.0,15292.621,8.5198,,,,,,
1780416520.893,706411.0,15292.656,8.519781,,,,,,
1780416520.895,706436.0,15292.817,8.519691,,,,,,
1780416520.896,706461.0,15293.014,8.519855,,,,,,
1780416520.965,706486.0,15293.104,8.519805,,,,,,
1780416520.966,706511.0,15293.425,8.519355,,,,,,
1780416520.966,706536.0,15293.177,8.519492,,,,,,
1780416521.042,706561.0,15293.408,8.519364,,,,,,
1780416521.043,706586.0,15293.302,8.519423,,,,,,
1780416521.044,706611.0,15293.394,8.519372,,,,,,
1780416521.108,706636.0,15293.339,8.51913,,,,,,
1780416521.109,706661.0,15293.179,8.519218,,,,,,
1780416521.157,706686.0,15293.302,8.519151,,,,,,
1780416521.158,706711.0,15293.032,8.5193,,,,,,
1780416521.217,706736.0,15293.05,8.51929,,,,,,
1780416521.218,706761.0,15292.89,8.519379,,,,,,
1780416521.218,706786.0,15293.032,8.519572,,,,,,
1780416521.274,706811.0,15293.103,8.519533,,,,,,
1780416521.275,706836.0,15292.904,8.519644,,,,,,
1780416521.343,706861.0,15293.211,8.519473,,,,,,
1780416521.344,706886.0,15293.175,8.519493,,,,,,
1780416521.344,706911.0,15293.157,8.519504,,,,,,
1780416521.412,706936.0,15293.176,8.519493,,,,,,
1780416521.413,706961.0,15292.996,8.519592,,,,,,
1780416521.414,706986.0,15293.281,8.519435,,,,,,
1780416521.494,707011.0,15293.621,8.519246,,,,,,
1780416521.495,707036.0,15293.604,8.519256,,,,,,
1780416521.496,707061.0,15293.552,8.519285,,,,,,
1780416521.557,707086.0,15293.336,8.519404,,,,,,
1780416521.558,707111.0,15293.087,8.519542,,,,,,
1780416521.609,707136.0,15292.839,8.519952,,,,,,
1780416521.609,707161.0,15293.016,8.519854,,,,,,
1780416521.675,707186.0,15292.856,8.519941,,,,,,
1780416521.675,707211.0,15292.712,8.520021,,,,,,
1780416521.676,707236.0,15292.676,8.520041,,,,,,
1780416521.741,707261.0,15292.516,8.520403,,,,,,
1780416521.741,707286.0,15292.515,8.520404,,,,,,
1780416521.742,707311.0,15292.408,8.520463,,,,,,
1780416521.790,707336.0,15292.533,8.520393,,,,,,
1780416521.791,707361.0,15292.818,8.520235,,,,,,
1780416521.859,707386.0,15292.942,8.520166,,,,,,
1780416521.860,707411.0,15292.891,8.520195,,,,,,
1780416521.924,707436.0,15292.926,8.520176,,,,,,
1780416521.925,707461.0,15292.782,8.520255,,,,,,
1780416521.925,707486.0,15292.568,8.520374,,,,,,
1780416522.010,707511.0,15292.552,8.520383,,,,,,
1780416522.010,707536.0,15292.589,8.520363,,,,,,
1780416522.011,707561.0,15292.319,8.520512,,,,,,
1780416522.012,707586.0,15292.337,8.520502,,,,,,
1780416522.093,707611.0,15292.372,8.520483,,,,,,
1780416522.094,707636.0,15292.158,8.520601,,,,,,
1780416522.094,707661.0,15292.285,8.520531,,,,,,
1780416522.157,707686.0,15292.033,8.52067,,,,,,
1780416522.158,707711.0,15292.051,8.52066,,,,,,
1780416522.224,707736.0,15292.391,8.520473,,,,,,
1780416522.224,707761.0,15292.372,8.520483,,,,,,
1780416522.225,707786.0,15292.479,8.520424,,,,,,
1780416522.328,707811.0,15292.443,8.520443,,,,,,
1780416522.329,707836.0,15292.532,8.520394,,,,,,
1780416522.330,707861.0,15292.729,8.520286,,,,,,
1780416522.331,707886.0,15292.854,8.519943,,,,,,
1780416522.411,707911.0,15293.032,8.519844,,,,,,
1780416522.412,707936.0,15293.051,8.519834,,,,,,
1780416522.412,707961.0,15293.301,8.519423,,,,,,
1780416522.413,707986.0,15293.194,8.519483,,,,,,
1780416522.491,708011.0,15293.069,8.519552,,,,,,
1780416522.492,708036.0,15293.089,8.519541,,,,,,
1780416522.492,708061.0,15293.015,8.519582,,,,,,
1780416522.557,708086.0,15293.391,8.519374,,,,,,
1780416522.558,708111.0,15293.282,8.519434,,,,,,
1780416522.624,708136.0,15293.444,8.519344,,,,,,
1780416522.625,708161.0,15293.586,8.519266,,,,,,
1780416522.626,708186.0,15293.765,8.519167,,,,,,
1780416522.690,708211.0,15293.853,8.519118,,,,,,
1780416522.691,708236.0,15293.461,8.519335,,,,,,
1780416522.691,708261.0,15293.389,8.519375,,,,,,
1780416522.740,708286.0,15293.281,8.519435,,,,,,
1780416522.740,708311.0,15293.639,8.519237,,,,,,
1780416522.809,708336.0,15293.835,8.519128,,,,,,
1780416522.809,708361.0,15293.351,8.519396,,,,,,
1780416522.874,708386.0,15293.583,8.519267,,,,,,
1780416522.875,708411.0,15293.618,8.519248,,,,,,
1780416522.875,708436.0,15293.674,8.519217,,,,,,
1780416522.925,708461.0,15293.567,8.519276,,,,,,
1780416522.925,708486.0,15293.175,8.519493,,,,,,
1780416522.993,708511.0,15293.228,8.519464,,,,,,
1780416522.995,708536.0,15293.014,8.519583,,,,,,
1780416522.996,708561.0,15292.942,8.519622,,,,,,
1780416523.093,708586.0,15292.979,8.519874,,,,,,
1780416523.094,708611.0,15292.836,8.519953,,,,,,
1780416523.094,708636.0,15292.924,8.519632,,,,,,
1780416523.095,708661.0,15292.8,8.519701,,,,,,
1780416523.176,708686.0,15292.836,8.519681,,,,,,
1780416523.178,708711.0,15292.925,8.519632,,,,,,
1780416523.179,708736.0,15293.246,8.519454,,,,,,
1780416523.245,708761.0,15293.228,8.519464,,,,,,
1780416523.247,708786.0,15293.228,8.519464,,,,,,
1780416523.248,708811.0,15293.228,8.519464,,,,,,
1780416523.307,708836.0,15293.174,8.519221,,,,,,
1780416523.308,708861.0,15293.514,8.519033,,,,,,
1780416523.374,708886.0,15293.495,8.519043,,,,,,
1780416523.375,708911.0,15293.407,8.519092,,,,,,
1780416523.375,708936.0,15293.282,8.519161,,,,,,
1780416523.441,708961.0,15293.032,8.5193,,,,,,
1780416523.442,708986.0,15293.354,8.519122,,,,,,
1780416523.443,709011.0,15293.211,8.5192,,,,,,
1780416523.538,709036.0,15293.051,8.519289,,,,,,
1780416523.539,709061.0,15293.068,8.519279,,,,,,
1780416523.540,709086.0,15293.264,8.519172,,,,,,
1780416523.540,709111.0,15293.371,8.519112,,,,,,
1780416523.609,709136.0,15293.371,8.519384,,,,,,
1780416523.611,709161.0,15293.64,8.519237,,,,,,
1780416523.612,709186.0,15293.692,8.519207,,,,,,
1780416523.673,709211.0,15293.406,8.519365,,,,,,
1780416523.673,709236.0,15293.479,8.519325,,,,,,
1780416523.741,709261.0,15293.3,8.519696,,,,,,
1780416523.742,709286.0,15293.426,8.519627,,,,,,
1780416523.742,709311.0,15293.46,8.519608,,,,,,
1780416523.810,709336.0,15293.424,8.519628,,,,,,
1780416523.812,709361.0,15293.138,8.519786,,,,,,
1780416523.813,709386.0,15292.942,8.519894,,,,,,
1780416523.890,709411.0,15292.746,8.520002,,,,,,
1780416523.890,709436.0,15292.906,8.519642,,,,,,
1780416523.890,709461.0,15292.816,8.519964,,,,,,
1780416523.940,709486.0,15292.779,8.519984,,,,,,
1780416523.941,709511.0,15292.833,8.519955,,,,,,
1780416523.997,709536.0,15292.851,8.519945,,,,,,
1780416523.998,709561.0,15292.833,8.519955,,,,,,
1780416524.057,709586.0,15293.013,8.519855,,,,,,
1780416524.057,709611.0,15292.906,8.519914,,,,,,
1780416524.124,709636.0,15292.746,8.520002,,,,,,
1780416524.124,709661.0,15292.639,8.520062,,,,,,
1780416524.125,709686.0,15292.746,8.520002,,,,,,
1780416524.227,709711.0,15292.729,8.520013,,,,,,
1780416524.228,709736.0,15292.889,8.519924,,,,,,
1780416524.230,709761.0,15292.764,8.519993,,,,,,
1780416524.231,709786.0,15292.675,8.520042,,,,,,
1780416524.289,709811.0,15292.8,8.519973,,,,,,
1780416524.290,709836.0,15292.995,8.519865,,,,,,
1780416524.291,709861.0,15292.96,8.519884,,,,,,
1780416524.375,709886.0,15292.943,8.519894,,,,,,
1780416524.375,709911.0,15293.032,8.519844,,,,,,
1780416524.376,709936.0,15293.157,8.519775,,,,,,
1780416524.442,709961.0,15293.015,8.519854,,,,,,
1780416524.442,709986.0,15292.979,8.519602,,,,,,
1780416524.443,710011.0,15293.014,8.519583,,,,,,
1780416524.524,710036.0,15293.156,8.519504,,,,,,
1780416524.524,710061.0,15293.031,8.519845,,,,,,
1780416524.525,710086.0,15293.139,8.519785,,,,,,
1780416524.599,710111.0,15293.156,8.519775,,,,,,
1780416524.600,710136.0,15292.995,8.519865,,,,,,
1780416524.600,710161.0,15293.049,8.519835,,,,,,
1780416524.662,710186.0,15293.031,8.519845,,,,,,
1780416524.662,710211.0,15293.049,8.519835,,,,,,
1780416524.663,710236.0,15293.05,8.519835,,,,,,
1780416524.726,710261.0,15293.121,8.519795,,,,,,
1780416524.726,710286.0,15293.335,8.519676,,,,,,
1780416524.791,710311.0,15293.229,8.519735,,,,,,
1780416524.791,710336.0,15293.318,8.519686,,,,,,
1780416524.791,710361.0,15293.229,8.519735,,,,,,
1780416524.856,710386.0,15293.39,8.519647,,,,,,
1780416524.865,710411.0,15293.318,8.519686,,,,,,
1780416524.867,710436.0,15293.032,8.519844,,,,,,
1780416524.924,710461.0,15292.89,8.519923,,,,,,
1780416524.924,710486.0,15292.997,8.519864,,,,,,
1780416524.973,710511.0,15293.104,8.519805,,,,,,
1780416524.973,710536.0,15292.926,8.519903,,,,,,
1780416525.045,710561.0,15292.604,8.520082,,,,,,
1780416525.047,710586.0,15292.677,8.520041,,,,,,
1780416525.048,710611.0,15292.693,8.520305,,,,,,
1780416525.123,710636.0,15292.694,8.520304,,,,,,
1780416525.124,710661.0,15292.516,8.520403,,,,,,
1780416525.125,710686.0,15292.551,8.520384,,,,,,
1780416525.173,710711.0,15292.372,8.520483,,,,,,
1780416525.173,710736.0,15292.265,8.520542,,,,,,
1780416525.223,710761.0,15292.282,8.520533,,,,,,
1780416525.224,710786.0,15292.424,8.520454,,,,,,
1780416525.291,710811.0,15292.496,8.520414,,,,,,
1780416525.292,710836.0,15292.442,8.520444,,,,,,
1780416525.293,710861.0,15292.407,8.520463,,,,,,
1780416525.357,710886.0,15292.568,8.520102,,,,,,
1780416525.357,710911.0,15292.496,8.520142,,,,,,
1780416525.423,710936.0,15292.479,8.52015,,,,,,
1780416525.423,710961.0,15292.41,8.520188,,,,,,
1780416525.424,710986.0,15292.408,8.52019,,,,,,
1780416525.489,711011.0,15292.212,8.520299,,,,,,
1780416525.489,711036.0,15292.248,8.520279,,,,,,
1780416525.490,711061.0,15292.3,8.519979,,,,,,
1780416525.556,711086.0,15292.283,8.519987,,,,,,
1780416525.557,711111.0,15292.104,8.520086,,,,,,
1780416525.624,711136.0,15292.317,8.519968,,,,,,
1780416525.624,711161.0,15292.566,8.519831,,,,,,
1780416525.625,711186.0,15292.745,8.519732,,,,,,
1780416525.692,711211.0,15292.745,8.519732,,,,,,
1780416525.694,711236.0,15292.781,8.519711,,,,,,
1780416525.696,711261.0,15292.816,8.519692,,,,,,
1780416525.791,711286.0,15292.781,8.519711,,,,,,
1780416525.791,711311.0,15292.853,8.5194,,,,,,
1780416525.792,711336.0,15292.979,8.519329,,,,,,
1780416525.792,711361.0,15292.818,8.519418,,,,,,
1780416525.856,711386.0,15292.782,8.519438,,,,,,
1780416525.856,711411.0,15292.568,8.519557,,,,,,
1780416525.918,711436.0,15292.568,8.519557,,,,,,
1780416525.918,711461.0,15292.515,8.519587,,,,,,
1780416525.919,711486.0,15292.587,8.519547,,,,,,
1780416525.989,711511.0,15292.515,8.519859,,,,,,
1780416525.990,711536.0,15292.283,8.519714,,,,,,
1780416525.992,711561.0,15292.248,8.519463,,,,,,
1780416526.073,711586.0,15292.177,8.519502,,,,,,
1780416526.073,711611.0,15292.212,8.519483,,,,,,
1780416526.074,711636.0,15292.356,8.519403,,,,,,
1780416526.124,711661.0,15292.266,8.519452,,,,,,
1780416526.126,711686.0,15292.498,8.519595,,,,,,
1780416526.225,711711.0,15292.391,8.519655,,,,,,
1780416526.229,711736.0,15292.319,8.519694,,,,,,
1780416526.229,711761.0,15292.158,8.519784,,,,,,
1780416526.230,711786.0,15291.925,8.519913,,,,,,
1780416526.307,711811.0,15292.068,8.519834,,,,,,
1780416526.308,711836.0,15291.783,8.519991,,,,,,
1780416526.308,711861.0,15291.944,8.519902,,,,,,
1780416526.373,711886.0,15292.051,8.519843,,,,,,
1780416526.373,711911.0,15292.051,8.519843,,,,,,
1780416526.374,711936.0,15291.944,8.520175,,,,,,
1780416526.422,711961.0,15291.711,8.520304,,,,,,
1780416526.423,711986.0,15291.802,8.520254,,,,,,
1780416526.474,712011.0,15292.122,8.520077,,,,,,
1780416526.474,712036.0,15292.068,8.520106,,,,,,
1780416526.539,712061.0,15292.014,8.520137,,,,,,
1780416526.540,712086.0,15291.962,8.519893,,,,,,
1780416526.540,712111.0,15292.087,8.519823,,,,,,
1780416526.606,712136.0,15292.087,8.519823,,,,,,
1780416526.606,712161.0,15292.39,8.519928,,,,,,
1780416526.664,712186.0,15292.461,8.520161,,,,,,
1780416526.664,712211.0,15292.336,8.52023,,,,,,
1780416526.664,712236.0,15292.426,8.52018,,,,,,
1780416526.724,712261.0,15292.265,8.520269,,,,,,
1780416526.725,712286.0,15292.3,8.52025,,,,,,
1780416526.792,712311.0,15292.05,8.520117,,,,,,
1780416526.793,712336.0,15292.246,8.520008,,,,,,
1780416526.793,712361.0,15292.317,8.519968,,,,,,
1780416526.895,712386.0,15292.211,8.520027,,,,,,
1780416526.896,712411.0,15292.3,8.519979,,,,,,
1780416526.897,712436.0,15292.264,8.519999,,,,,,
1780416526.898,712461.0,15292.676,8.51977,,,,,,
1780416526.983,712486.0,15292.551,8.519839,,,,,,
1780416526.984,712511.0,15292.443,8.519898,,,,,,
1780416526.984,712536.0,15292.46,8.51989,,,,,,
1780416527.040,712561.0,15292.424,8.51991,,,,,,
1780416527.040,712586.0,15292.515,8.519859,,,,,,
1780416527.041,712611.0,15292.801,8.519701,,,,,,
1780416527.109,712636.0,15292.515,8.519587,,,,,,
1780416527.109,712661.0,15292.693,8.519487,,,,,,
1780416527.172,712686.0,15292.801,8.519428,,,,,,
1780416527.172,712711.0,15292.8,8.519701,,,,,,
1780416527.173,712736.0,15292.479,8.519878,,,,,,
1780416527.222,712761.0,15292.372,8.519938,,,,,,
1780416527.223,712786.0,15292.317,8.519968,,,,,,
1780416527.284,712811.0,15292.229,8.520018,,,,,,
1780416527.284,712836.0,15292.39,8.519928,,,,,,
1780416527.347,712861.0,15292.229,8.520017,,,,,,
1780416527.347,712886.0,15292.266,8.519997,,,,,,
1780416527.348,712911.0,15292.194,8.520037,,,,,,
1780416527.410,712936.0,15292.282,8.52026,,,,,,
1780416527.410,712961.0,15292.212,8.520299,,,,,,
1780416527.411,712986.0,15292.193,8.520308,,,,,,
1780416527.474,713011.0,15292.211,8.520027,,,,,,
1780416527.474,713036.0,15292.265,8.519998,,,,,,
1780416527.557,713061.0,15292.016,8.520136,,,,,,
1780416527.558,713086.0,15291.89,8.520205,,,,,,
1780416527.558,713111.0,15291.872,8.520215,,,,,,
1780416527.638,713136.0,15291.875,8.520213,,,,,,
1780416527.639,713161.0,15292.018,8.520134,,,,,,
1780416527.639,713186.0,15291.839,8.520233,,,,,,
1780416527.640,713211.0,15291.927,8.520185,,,,,,
1780416527.689,713236.0,15291.802,8.520254,,,,,,
1780416527.689,713261.0,15291.839,8.520505,,,,,,
1780416527.756,713286.0,15291.643,8.520342,,,,,,
1780416527.756,713311.0,15291.712,8.520304,,,,,,
1780416527.806,713336.0,15291.819,8.520245,,,,,,
1780416527.806,713361.0,15291.872,8.520215,,,,,,
1780416527.856,713386.0,15292.14,8.520067,,,,,,
1780416527.856,713411.0,15292.354,8.519948,,,,,,
1780416527.922,713436.0,15292.461,8.519889,,,,,,
1780416527.923,713461.0,15292.336,8.519958,,,,,,
1780416527.923,713486.0,15292.264,8.519999,,,,,,
1780416527.973,713511.0,15292.247,8.520007,,,,,,
1780416527.975,713536.0,15292.479,8.519879,,,,,,
1780416528.044,713561.0,15292.532,8.51985,,,,,,
1780416528.045,713586.0,15292.8,8.519701,,,,,,
1780416528.045,713611.0,15292.8,8.519701,,,,,,
1780416528.107,713636.0,15292.961,8.519884,,,,,,
1780416528.108,713661.0,15292.906,8.519914,,,,,,
1780416528.172,713686.0,15293.14,8.519785,,,,,,
1780416528.173,713711.0,15293.122,8.519794,,,,,,
1780416528.173,713736.0,15293.157,8.519775,,,,,,
1780416528.238,713761.0,15293.05,8.519835,,,,,,
1780416528.239,713786.0,15292.711,8.520022,,,,,,
1780416528.239,713811.0,15292.908,8.519913,,,,,,
1780416528.306,713836.0,15292.801,8.519973,,,,,,
1780416528.306,713861.0,15292.622,8.520071,,,,,,
1780416528.375,713886.0,15292.836,8.519953,,,,,,
1780416528.376,713911.0,15292.818,8.520235,,,,,,
1780416528.378,713936.0,15292.568,8.520374,,,,,,
1780416528.439,713961.0,15292.464,8.520432,,,,,,
1780416528.439,713986.0,15292.571,8.520372,,,,,,
1780416528.440,714011.0,15292.479,8.520423,,,,,,
1780416528.505,714036.0,15292.229,8.520561,,,,,,
1780416528.506,714061.0,15292.071,8.520649,,,,,,
1780416528.603,714086.0,15292.337,8.520502,,,,,,
1780416528.603,714111.0,15292.285,8.520531,,,,,,
1780416528.604,714136.0,15292.319,8.520512,,,,,,
1780416528.604,714161.0,15292.337,8.520502,,,,,,
1780416528.673,714186.0,15292.194,8.520581,,,,,,
1780416528.674,714211.0,15292.0,8.520689,,,,,,
1780416528.675,714236.0,15291.998,8.52069,,,,,,
1780416528.740,714261.0,15291.979,8.5207,,,,,,
1780416528.740,714286.0,15291.943,8.52072,,,,,,
1780416528.741,714311.0,15291.837,8.520779,,,,,,
1780416528.805,714336.0,15291.516,8.520957,,,,,,
1780416528.806,714361.0,15291.248,8.521105,,,,,,
1780416528.873,714386.0,15291.214,8.521124,,,,,,
1780416528.873,714411.0,15291.606,8.520906,,,,,,
1780416528.874,714436.0,15291.714,8.520847,,,,,,
1780416528.956,714461.0,15291.643,8.520886,,,,,,
1780416528.961,714486.0,15291.589,8.520916,,,,,,
1780416528.962,714511.0,15291.535,8.520947,,,,,,
1780416528.962,714536.0,15291.712,8.520848,,,,,,
1780416529.048,714561.0,15291.729,8.520839,,,,,,
1780416529.049,714586.0,15291.782,8.520536,,,,,,
1780416529.049,714611.0,15291.693,8.520586,,,,,,
1780416529.123,714636.0,15291.64,8.520616,,,,,,
1780416529.124,714661.0,15291.64,8.520616,,,,,,
1780416529.126,714686.0,15291.692,8.520586,,,,,,
1780416529.188,714711.0,15291.407,8.520744,,,,,,
1780416529.189,714736.0,15291.586,8.520645,,,,,,
1780416529.190,714761.0,15291.532,8.520675,,,,,,
1780416529.256,714786.0,15291.479,8.520704,,,,,,
1780416529.256,714811.0,15291.569,8.520655,,,,,,
1780416529.323,714836.0,15291.498,8.520694,,,,,,
1780416529.324,714861.0,15291.479,8.520704,,,,,,
1780416529.325,714886.0,15291.408,8.520743,,,,,,
1780416529.428,714911.0,15291.372,8.520763,,,,,,
1780416529.430,714936.0,15291.479,8.520704,,,,,,
1780416529.430,714961.0,15291.675,8.520596,,,,,,
1780416529.431,714986.0,15291.979,8.520428,,,,,,
1780416529.488,715011.0,15292.031,8.520398,,,,,,
1780416529.488,715036.0,15291.941,8.520449,,,,,,
1780416529.489,715061.0,15291.836,8.520507,,,,,,
1780416529.542,715086.0,15291.961,8.520437,,,,,,
1780416529.544,715111.0,15291.978,8.520429,,,,,,
1780416529.605,715136.0,15291.729,8.520566,,,,,,
1780416529.606,715161.0,15291.551,8.520664,,,,,,
1780416529.675,715186.0,15291.515,8.520684,,,,,,
1780416529.676,715211.0,15291.443,8.520997,,,,,,
1780416529.677,715236.0,15291.622,8.520898,,,,,,
1780416529.738,715261.0,15291.479,8.520977,,,,,,
1780416529.738,715286.0,15291.514,8.520958,,,,,,
1780416529.739,715311.0,15291.532,8.520947,,,,,,
1780416529.807,715336.0,15291.799,8.5208,,,,,,
1780416529.808,715361.0,15291.726,8.520841,,,,,,
1780416529.890,715386.0,15291.958,8.520712,,,,,,
1780416529.890,715411.0,15291.924,8.520731,,,,,,
1780416529.891,715436.0,15291.906,8.520741,,,,,,
1780416529.892,715461.0,15291.836,8.52078,,,,,,
1780416529.958,715486.0,15291.907,8.52074,,,,,,
1780416529.959,715511.0,15291.926,8.52073,,,,,,
1780416530.039,715536.0,15292.068,8.520651,,,,,,
1780416530.040,715561.0,15291.926,8.52073,,,,,,
1780416530.040,715586.0,15292.104,8.520631,,,,,,
1780416530.041,715611.0,15292.087,8.52064,,,,,,
1780416530.106,715636.0,15292.104,8.520631,,,,,,
1780416530.106,715661.0,15292.067,8.520651,,,,,,
1780416530.174,715686.0,15292.283,8.520532,,,,,,
1780416530.175,715711.0,15292.319,8.520512,,,,,,
1780416530.176,715736.0,15292.444,8.520443,,,,,,
1780416530.257,715761.0,15292.641,8.520334,,,,,,
1780416530.257,715786.0,15292.819,8.520235,,,,,,
1780416530.258,715811.0,15292.926,8.520176,,,,,,
1780416530.322,715836.0,15293.052,8.520106,,,,,,
1780416530.322,715861.0,15292.821,8.520234,,,,,,
1780416530.323,715886.0,15293.123,8.520066,,,,,,
1780416530.407,715911.0,15293.175,8.520038,,,,,,
1780416530.408,715936.0,15293.157,8.520048,,,,,,
1780416530.408,715961.0,15292.871,8.520206,,,,,,
1780416530.490,715986.0,15292.621,8.520345,,,,,,
1780416530.491,716011.0,15292.55,8.520384,,,,,,
1780416530.491,716036.0,15292.46,8.520434,,,,,,
1780416530.492,716061.0,15292.603,8.520355,,,,,,
1780416530.574,716086.0,15292.674,8.520315,,,,,,
1780416530.574,716111.0,15292.746,8.520275,,,,,,
1780416530.575,716136.0,15292.907,8.520186,,,,,,
1780416530.622,716161.0,15292.71,8.520295,,,,,,
1780416530.623,716186.0,15292.746,8.520275,,,,,,
1780416530.671,716211.0,15292.639,8.520335,,,,,,
1780416530.673,716236.0,15292.547,8.520386,,,,,,
1780416530.739,716261.0,15292.674,8.520315,,,,,,
1780416530.739,716286.0,15292.549,8.520385,,,,,,
1780416530.739,716311.0,15292.299,8.520523,,,,,,
1780416530.808,716336.0,15292.424,8.520454,,,,,,
1780416530.808,716361.0,15292.228,8.520562,,,,,,
1780416530.873,716386.0,15292.246,8.520553,,,,,,
1780416530.873,716411.0,15292.14,8.520612,,,,,,
1780416530.873,716436.0,15292.085,8.520641,,,,,,
1780416530.921,716461.0,15292.104,8.520632,,,,,,
1780416530.922,716486.0,15292.192,8.520582,,,,,,
1780416530.989,716511.0,15291.942,8.52072,,,,,,
1780416530.989,716536.0,15291.87,8.520761,,,,,,
1780416530.990,716561.0,15291.871,8.52076,,,,,,
1780416531.074,716586.0,15292.051,8.52066,,,,,,
1780416531.074,716611.0,15292.443,8.520443,,,,,,
1780416531.075,716636.0,15292.551,8.520384,,,,,,
1780416531.139,716661.0,15292.462,8.520432,,,,,,
1780416531.140,716686.0,15292.408,8.520463,,,,,,
1780416531.141,716711.0,15292.339,8.520501,,,,,,
1780416531.189,716736.0,15292.104,8.520631,,,,,,
1780416531.190,716761.0,15291.944,8.52072,,,,,,
1780416531.289,716786.0,15292.052,8.52066,,,,,,
1780416531.290,716811.0,15292.104,8.520359,,,,,,
1780416531.290,716836.0,15292.087,8.520368,,,,,,
1780416531.291,716861.0,15291.997,8.520417,,,,,,
1780416531.373,716886.0,15291.821,8.520514,,,,,,
1780416531.373,716911.0,15292.054,8.520386,,,,,,
1780416531.374,716936.0,15292.144,8.520336,,,,,,
1780416531.438,716961.0,15291.786,8.520535,,,,,,
1780416531.438,716986.0,15292.196,8.520308,,,,,,
1780416531.440,717011.0,15292.141,8.520338,,,,,,
1780416531.505,717036.0,15292.283,8.520259,,,,,,
1780416531.506,717061.0,15292.408,8.52019,,,,,,
1780416531.555,717086.0,15292.033,8.520397,,,,,,
1780416531.555,717111.0,15291.961,8.520437,,,,,,
1780416531.623,717136.0,15292.035,8.520396,,,,,,
1780416531.624,717161.0,15292.018,8.520406,,,,,,
1780416531.624,717186.0,15291.908,8.520467,,,,,,
1780416531.689,717211.0,15291.625,8.520623,,,,,,
1780416531.690,717236.0,15291.411,8.520742,,,,,,
1780416531.690,717261.0,15291.322,8.520791,,,,,,
1780416531.756,717286.0,15291.482,8.520702,,,,,,
1780416531.757,717311.0,15291.304,8.520802,,,,,,
1780416531.822,717336.0,15291.072,8.520929,,,,,,
1780416531.823,717361.0,15291.232,8.520841,,,,,,
1780416531.823,717386.0,15291.285,8.520812,,,,,,
1780416531.888,717411.0,15291.177,8.520872,,,,,,
1780416531.889,717436.0,15291.337,8.521056,,,,,,
1780416531.889,717461.0,15291.231,8.521114,,,,,,
1780416531.938,717486.0,15291.339,8.521055,,,,,,
1780416531.938,717511.0,15291.302,8.521075,,,,,,
1780416531.988,717536.0,15291.285,8.521085,,,,,,
1780416531.989,717561.0,15291.231,8.521114,,,,,,
1780416532.038,717586.0,15291.375,8.520762,,,,,,
1780416532.039,717611.0,15291.089,8.520921,,,,,,
1780416532.104,717636.0,15291.018,8.52096,,,,,,
1780416532.104,717661.0,15291.107,8.52091,,,,,,
1780416532.173,717686.0,15291.035,8.52095,,,,,,
1780416532.173,717711.0,15291.373,8.520763,,,,,,
1780416532.174,717736.0,15291.479,8.520432,,,,,,
1780416532.237,717761.0,15291.337,8.520512,,,,,,
1780416532.238,717786.0,15291.444,8.520452,,,,,,
1780416532.238,717811.0,15291.569,8.520383,,,,,,
1780416532.288,717836.0,15291.729,8.520294,,,,,,
1780416532.289,717861.0,15291.854,8.520225,,,,,,
1780416532.359,717886.0,15291.712,8.520304,,,,,,
1780416532.359,717911.0,15291.641,8.520343,,,,,,
1780416532.440,717936.0,15291.801,8.520254,,,,,,
1780416532.440,717961.0,15292.14,8.520067,,,,,,
1780416532.441,717986.0,15292.211,8.520027,,,,,,
1780416532.441,718011.0,15292.033,8.520125,,,,,,
1780416532.506,718036.0,15292.176,8.520047,,,,,,
1780416532.507,718061.0,15291.766,8.520274,,,,,,
1780416532.572,718086.0,15291.768,8.520273,,,,,,
1780416532.573,718111.0,15291.766,8.520274,,,,,,
1780416532.573,718136.0,15291.837,8.520234,,,,,,
1780416532.640,718161.0,15291.586,8.520373,,,,,,
1780416532.643,718186.0,15291.712,8.520304,,,,,,
1780416532.645,718211.0,15291.924,8.520458,,,,,,
1780416532.723,718236.0,15292.122,8.520349,,,,,,
1780416532.724,718261.0,15292.193,8.520308,,,,,,
1780416532.724,718286.0,15292.14,8.520067,,,,,,
1780416532.804,718311.0,15292.087,8.520096,,,,,,
1780416532.805,718336.0,15292.051,8.520116,,,,,,
1780416532.805,718361.0,15292.033,8.520397,,,,,,
1780416532.874,718386.0,15292.087,8.520368,,,,,,
1780416532.874,718411.0,15291.944,8.520447,,,,,,
1780416532.874,718436.0,15292.071,8.520376,,,,,,
1780416532.939,718461.0,15292.09,8.520366,,,,,,
1780416532.940,718486.0,15291.84,8.520505,,,,,,
1780416532.942,718511.0,15292.019,8.520406,,,,,,
1780416533.004,718536.0,15292.019,8.520406,,,,,,
1780416533.005,718561.0,15291.929,8.520184,,,,,,
1780416533.056,718586.0,15291.804,8.520253,,,,,,
1780416533.057,718611.0,15291.696,8.520312,,,,,,
1780416533.115,718636.0,15291.819,8.519972,,,,,,
1780416533.116,718661.0,15291.766,8.520001,,,,,,
1780416533.116,718686.0,15292.015,8.519863,,,,,,
1780416533.178,718711.0,15292.104,8.519814,,,,,,
1780416533.179,718736.0,15292.14,8.519794,,,,,,
1780416533.241,718761.0,15292.282,8.519715,,,,,,
1780416533.242,718786.0,15292.514,8.519587,,,,,,
1780416533.242,718811.0,15292.336,8.519686,,,,,,
1780416533.304,718836.0,15292.193,8.519764,,,,,,
1780416533.305,718861.0,15291.837,8.519961,,,,,,
1780416533.367,718886.0,15291.802,8.519981,,,,,,
1780416533.368,718911.0,15291.731,8.520293,,,,,,
1780416533.368,718936.0,15291.731,8.520293,,,,,,
1780416533.430,718961.0,15291.821,8.520243,,,,,,
1780416533.431,718986.0,15291.875,8.520213,,,,,,
1780416533.494,719011.0,15291.768,8.520273,,,,,,
1780416533.495,719036.0,15291.694,8.520313,,,,,,
1780416533.495,719061.0,15291.641,8.520343,,,,,,
1780416533.558,719086.0,15291.766,8.520274,,,,,,
1780416533.559,719111.0,15291.926,8.520185,,,,,,
1780416533.620,719136.0,15291.89,8.520205,,,,,,
1780416533.621,719161.0,15291.71,8.520305,,,,,,
1780416533.622,719186.0,15291.604,8.520636,,,,,,
1780416533.684,719211.0,15291.657,8.520606,,,,,,
1780416533.685,719236.0,15291.443,8.520724,,,,,,
1780416533.685,719261.0,15291.569,8.520927,,,,,,
1780416533.754,719286.0,15291.427,8.521006,,,,,,
1780416533.755,719311.0,15291.194,8.521134,,,,,,
1780416533.809,719336.0,15291.125,8.521173,,,,,,
1780416533.809,719361.0,15291.215,8.521124,,,,,,
1780416533.810,719386.0,15291.179,8.521143,,,,,,
1780416533.874,719411.0,15291.019,8.521232,,,,,,
1780416533.875,719436.0,15291.143,8.521163,,,,,,
1780416533.937,719461.0,15291.285,8.521085,,,,,,
1780416533.938,719486.0,15291.606,8.520906,,,,,,
1780416533.938,719511.0,15291.589,8.520916,,,,,,
1780416533.987,719536.0,15291.305,8.521073,,,,,,
1780416533.987,719561.0,15291.375,8.521035,,,,,,
1780416534.048,719586.0,15291.229,8.521115,,,,,,
1780416534.049,719611.0,15291.248,8.521105,,,,,,
1780416534.123,719636.0,15291.375,8.521035,,,,,,
1780416534.124,719661.0,15291.321,8.521065,,,,,,
1780416534.125,719686.0,15291.34,8.521054,,,,,,
1780416534.205,719711.0,15291.089,8.521194,,,,,,
1780416534.207,719736.0,15291.144,8.521163,,,,,,
1780416534.207,719761.0,15290.981,8.521253,,,,,,
1780416534.289,719786.0,15291.089,8.521465,,,,,,
1780416534.290,719811.0,15291.214,8.521396,,,,,,
1780416534.290,719836.0,15291.248,8.521377,,,,,,
1780416534.290,719861.0,15291.464,8.521257,,,,,,
1780416534.365,719886.0,15291.357,8.521317,,,,,,
1780416534.366,719911.0,15291.411,8.521287,,,,,,
1780416534.367,719936.0,15291.518,8.521228,,,,,,
1780416534.429,719961.0,15291.519,8.521227,,,,,,
1780416534.431,719986.0,15291.411,8.521287,,,,,,
1780416534.493,720011.0,15291.41,8.521287,,,,,,
1780416534.493,720036.0,15291.429,8.521276,,,,,,
1780416534.494,720061.0,15291.356,8.521317,,,,,,
1780416534.571,720086.0,15291.319,8.521338,,,,,,
1780416534.572,720111.0,15291.411,8.521287,,,,,,
1780416534.572,720136.0,15291.337,8.521328,,,,,,
1780416534.620,720161.0,15291.568,8.521199,,,,,,
1780416534.621,720186.0,15291.604,8.521179,,,,,,
1780416534.681,720211.0,15291.55,8.52121,,,,,,
1780416534.681,720236.0,15291.479,8.521249,,,,,,
1780416534.744,720261.0,15291.372,8.521308,,,,,,
1780416534.745,720286.0,15291.372,8.521308,,,,,,
1780416534.745,720311.0,15291.283,8.521358,,,,,,
1780416534.803,720336.0,15291.337,8.521328,,,,,,
1780416534.804,720361.0,15291.391,8.521297,,,,,,
1780416534.862,720386.0,15291.356,8.521317,,,,,,
1780416534.862,720411.0,15291.427,8.521006,,,,,,
1780416534.863,720436.0,15291.464,8.520986,,,,,,
1780416534.929,720461.0,15291.429,8.521005,,,,,,
1780416534.929,720486.0,15291.589,8.520916,,,,,,
1780416534.999,720511.0,15291.481,8.520976,,,,,,
1780416534.999,720536.0,15291.479,8.520977,,,,,,
1780416535.000,720561.0,15291.425,8.521008,,,,,,
1780416535.054,720586.0,15291.354,8.521047,,,,,,
1780416535.054,720611.0,15291.246,8.521106,,,,,,
1780416535.125,720636.0,15291.121,8.521175,,,,,,
1780416535.125,720661.0,15291.175,8.521146,,,,,,
1780416535.125,720686.0,15291.015,8.521235,,,,,,
1780416535.186,720711.0,15291.032,8.521225,,,,,,
1780416535.187,720736.0,15290.748,8.521382,,,,,,
1780416535.188,720761.0,15290.783,8.521362,,,,,,
1780416535.237,720786.0,15290.766,8.521372,,,,,,
1780416535.237,720811.0,15290.41,8.521569,,,,,,
1780416535.298,720836.0,15290.427,8.52156,,,,,,
1780416535.298,720861.0,15290.373,8.521589,,,,,,
1780416535.363,720886.0,15290.411,8.521568,,,,,,
1780416535.364,720911.0,15290.589,8.52147,,,,,,
1780416535.364,720936.0,15290.606,8.521461,,,,,,
1780416535.426,720961.0,15290.929,8.521282,,,,,,
1780416535.427,720986.0,15290.536,8.5215,,,,,,
1780416535.489,721011.0,15290.607,8.52146,,,,,,
1780416535.489,721036.0,15290.732,8.521391,,,,,,
1780416535.490,721061.0,15290.732,8.521391,,,,,,
1780416535.553,721086.0,15290.75,8.52138,,,,,,
1780416535.553,721111.0,15290.43,8.521558,,,,,,
1780416535.618,721136.0,15290.411,8.521568,,,,,,
1780416535.618,721161.0,15290.482,8.521529,,,,,,
1780416535.619,721186.0,15290.518,8.521509,,,,,,
1780416535.680,721211.0,15290.768,8.521371,,,,,,
1780416535.680,721236.0,15290.768,8.521371,,,,,,
1780416535.737,721261.0,15290.802,8.521352,,,,,,
1780416535.737,721286.0,15290.785,8.521361,,,,,,
1780416535.738,721311.0,15290.802,8.521352,,,,,,
1780416535.806,721336.0,15290.711,8.521402,,,,,,
1780416535.807,721361.0,15290.693,8.521139,,,,,,
1780416535.869,721386.0,15290.89,8.52103,,,,,,
1780416535.869,721411.0,15290.854,8.52105,,,,,,
1780416535.870,721436.0,15291.051,8.520942,,,,,,
1780416535.933,721461.0,15291.158,8.520882,,,,,,
1780416535.933,721486.0,15291.229,8.520843,,,,,,
1780416535.997,721511.0,15291.372,8.520763,,,,,,
1780416535.998,721536.0,15291.266,8.520823,,,,,,
1780416535.999,721561.0,15291.266,8.520823,,,,,,
1780416536.054,721586.0,15291.143,8.52089,,,,,,
1780416536.054,721611.0,15291.302,8.520802,,,,,,
1780416536.123,721636.0,15291.337,8.520783,,,,,,
1780416536.123,721661.0,15291.052,8.520941,,,,,,
1780416536.124,721686.0,15290.873,8.52104,,,,,,
1780416536.187,721711.0,15290.786,8.521088,,,,,,
1780416536.187,721736.0,15290.929,8.521009,,,,,,
1780416536.187,721761.0,15290.981,8.52098,,,,,,
1780416536.237,721786.0,15290.91,8.521019,,,,,,
1780416536.237,721811.0,15290.929,8.521009,,,,,,
1780416536.312,721836.0,15290.839,8.521059,,,,,,
1780416536.313,721861.0,15290.927,8.52101,,,,,,
1780416536.313,721886.0,15290.84,8.521058,,,,,,
1780416536.370,721911.0,15290.876,8.521038,,,,,,
1780416536.370,721936.0,15291.107,8.52091,,,,,,
1780416536.438,721961.0,15291.107,8.52091,,,,,,
1780416536.438,721986.0,15291.194,8.521134,,,,,,
1780416536.439,722011.0,15290.964,8.521262,,,,,,
1780416536.503,722036.0,15290.802,8.521352,,,,,,
1780416536.504,722061.0,15290.783,8.521362,,,,,,
1780416536.560,722086.0,15290.677,8.521421,,,,,,
1780416536.561,722111.0,15290.714,8.5214,,,,,,
1780416536.562,722136.0,15290.554,8.521489,,,,,,
1780416536.620,722161.0,15290.643,8.521441,,,,,,
1780416536.620,722186.0,15290.751,8.52138,,,,,,
1780416536.675,722211.0,15290.395,8.521578,,,,,,
1780416536.675,722236.0,15290.609,8.521459,,,,,,
1780416536.739,722261.0,15290.68,8.521147,,,,,,
1780416536.739,722286.0,15290.698,8.521136,,,,,,
1780416536.739,722311.0,15291.091,8.52092,,,,,,
1780416536.802,722336.0,15291.18,8.52087,,,,,,
1780416536.803,722361.0,15291.16,8.520881,,,,,,
1780416536.865,722386.0,15291.25,8.520831,,,,,,
1780416536.866,722411.0,15291.248,8.520832,,,,,,
1780416536.866,722436.0,15291.266,8.520823,,,,,,
1780416536.929,722461.0,15291.356,8.520772,,,,,,
1780416536.930,722486.0,15291.373,8.520763,,,,,,
1780416536.987,722511.0,15291.446,8.520722,,,,,,
1780416536.987,722536.0,15291.375,8.520762,,,,,,
1780416536.988,722561.0,15291.321,8.520792,,,,,,
1780416537.056,722586.0,15291.215,8.520851,,,,,,
1780416537.057,722611.0,15291.375,8.520762,,,,,,
1780416537.119,722636.0,15291.356,8.520772,,,,,,
1780416537.120,722661.0,15291.66,8.520604,,,,,,
1780416537.120,722686.0,15291.819,8.520516,,,,,,
1780416537.183,722711.0,15291.802,8.520526,,,,,,
1780416537.184,722736.0,15291.748,8.520555,,,,,,
1780416537.186,722761.0,15291.873,8.520486,,,,,,
1780416537.256,722786.0,15291.926,8.520457,,,,,,
1780416537.257,722811.0,15291.801,8.520526,,,,,,
1780416537.354,722836.0,15291.801,8.520526,,,,,,
1780416537.354,722861.0,15291.747,8.520555,,,,,,
1780416537.355,722886.0,15291.535,8.520947,,,,,,
1780416537.355,722911.0,15291.589,8.520916,,,,,,
1780416537.422,722936.0,15291.321,8.521065,,,,,,
1780416537.422,722961.0,15291.231,8.521114,,,,,,
1780416537.422,722986.0,15291.268,8.521094,,,,,,
1780416537.488,723011.0,15291.089,8.521194,,,,,,
1780416537.488,723036.0,15291.089,8.521194,,,,,,
1780416537.489,723061.0,15291.177,8.521145,,,,,,
1780416537.562,723086.0,15291.052,8.521214,,,,,,
1780416537.563,723111.0,15291.0,8.521242,,,,,,
1780416537.563,723136.0,15290.964,8.521262,,,,,,
1780416537.639,723161.0,15291.143,8.521163,,,,,,
1780416537.640,723186.0,15291.125,8.521173,,,,,,
1780416537.640,723211.0,15291.232,8.521113,,,,,,
1780416537.705,723236.0,15291.019,8.521232,,,,,,
1780416537.706,723261.0,15290.982,8.521252,,,,,,
1780416537.769,723286.0,15290.929,8.521282,,,,,,
1780416537.770,723311.0,15290.679,8.52142,,,,,,
1780416537.770,723336.0,15290.769,8.521371,,,,,,
1780416537.838,723361.0,15290.786,8.52136,,,,,,
1780416537.839,723386.0,15290.697,8.52141,,,,,,
1780416537.839,723411.0,15290.608,8.52146,,,,,,
1780416537.921,723436.0,15290.679,8.52142,,,,,,
1780416537.922,723461.0,15290.894,8.521301,,,,,,
1780416537.923,723486.0,15290.84,8.521331,,,,,,
1780416537.989,723511.0,15290.839,8.521332,,,,,,
1780416537.990,723536.0,15290.927,8.521283,,,,,,
1780416537.990,723561.0,15290.981,8.521253,,,,,,
1780416538.055,723586.0,15290.944,8.521274,,,,,,
1780416538.055,723611.0,15291.033,8.521224,,,,,,
1780416538.120,723636.0,15291.176,8.521145,,,,,,
1780416538.120,723661.0,15291.176,8.521145,,,,,,
1780416538.121,723686.0,15291.051,8.521214,,,,,,
1780416538.181,723711.0,15290.908,8.521294,,,,,,
1780416538.182,723736.0,15290.873,8.521313,,,,,,
1780416538.245,723761.0,15290.961,8.521264,,,,,,
1780416538.247,723786.0,15290.926,8.521283,,,,,,
1780416538.248,723811.0,15290.836,8.521334,,,,,,
1780416538.303,723836.0,15290.712,8.521402,,,,,,
1780416538.304,723861.0,15290.641,8.521441,,,,,,
1780416538.369,723886.0,15290.768,8.521371,,,,,,
1780416538.369,723911.0,15290.59,8.521469,,,,,,
1780416538.370,723936.0,15290.696,8.521411,,,,,,
1780416538.432,723961.0,15290.607,8.52146,,,,,,
1780416538.433,723986.0,15290.465,8.521539,,,,,,
1780416538.502,724011.0,15290.607,8.521187,,,,,,
1780416538.503,724036.0,15290.626,8.521176,,,,,,
1780416538.503,724061.0,15290.569,8.521208,,,,,,
1780416538.559,724086.0,15290.66,8.521158,,,,,,
1780416538.559,724111.0,15290.481,8.521256,,,,,,
1780416538.622,724136.0,15290.748,8.52111,,,,,,
1780416538.623,724161.0,15290.714,8.521128,,,,,,
1780416538.623,724186.0,15290.623,8.521178,,,,,,
1780416538.686,724211.0,15290.768,8.521098,,,,,,
1780416538.686,724236.0,15290.747,8.52111,,,,,,
1780416538.687,724261.0,15290.641,8.521169,,,,,,
1780416538.749,724286.0,15290.533,8.521228,,,,,,
1780416538.750,724311.0,15290.41,8.521297,,,,,,
1780416538.821,724336.0,15290.481,8.521256,,,,,,
1780416538.822,724361.0,15290.552,8.521218,,,,,,
1780416538.823,724386.0,15290.569,8.521208,,,,,,
1780416538.888,724411.0,15290.268,8.521376,,,,,,
1780416538.889,724436.0,15290.143,8.521444,,,,,,
1780416538.890,724461.0,15290.214,8.521405,,,,,,
1780416538.936,724486.0,15290.25,8.521385,,,,,,
1780416538.936,724511.0,15290.143,8.521444,,,,,,
1780416539.003,724536.0,15290.072,8.521483,,,,,,
1780416539.003,724561.0,15290.054,8.521494,,,,,,
1780416539.053,724586.0,15290.18,8.521424,,,,,,
1780416539.054,724611.0,15290.322,8.521345,,,,,,
1780416539.116,724636.0,15290.266,8.521649,,,,,,
1780416539.118,724661.0,15290.089,8.521474,,,,,,
1780416539.118,724686.0,15290.071,8.521484,,,,,,
1780416539.188,724711.0,15290.161,8.521434,,,,,,
1780416539.189,724736.0,15290.304,8.521356,,,,,,
1780416539.189,724761.0,15289.982,8.521533,,,,,,
1780416539.254,724786.0,15290.018,8.521514,,,,,,
1780416539.255,724811.0,15289.998,8.521524,,,,,,
1780416539.305,724836.0,15289.964,8.521272,,,,,,
1780416539.306,724861.0,15289.84,8.52134,,,,,,
1780416539.389,724886.0,15289.946,8.521281,,,,,,
1780416539.391,724911.0,15290.214,8.521133,,,,,,
1780416539.392,724936.0,15290.373,8.521045,,,,,,
1780416539.394,724961.0,15290.197,8.521142,,,,,,
1780416539.470,724986.0,15290.41,8.520752,,,,,,
1780416539.471,725011.0,15290.41,8.520752,,,,,,
1780416539.471,725036.0,15290.533,8.520683,,,,,,
1780416539.538,725061.0,15290.694,8.520595,,,,,,
1780416539.541,725086.0,15290.66,8.520614,,,,,,
1780416539.541,725111.0,15290.748,8.520565,,,,,,
1780416539.619,725136.0,15290.891,8.520486,,,,,,
1780416539.620,725161.0,15291.0,8.520425,,,,,,
1780416539.621,725186.0,15291.143,8.520346,,,,,,
1780416539.706,725211.0,15291.268,8.520277,,,,,,
1780416539.708,725236.0,15291.214,8.520307,,,,,,
1780416539.709,725261.0,15290.981,8.520435,,,,,,
1780416539.771,725286.0,15291.215,8.520579,,,,,,
1780416539.771,725311.0,15291.268,8.52055,,,,,,
1780416539.771,725336.0,15291.0,8.520698,,,,,,
1780416539.837,725361.0,15291.141,8.52062,,,,,,
1780416539.838,725386.0,15291.318,8.520521,,,,,,
1780416539.838,725411.0,15291.372,8.520492,,,,,,
1780416539.887,725436.0,15291.641,8.520343,,,,,,
1780416539.888,725461.0,15291.657,8.520606,,,,,,
1780416539.937,725486.0,15291.782,8.520536,,,,,,
1780416539.939,725511.0,15291.729,8.520566,,,,,,
1780416540.002,725536.0,15291.622,8.520625,,,,,,
1780416540.003,725561.0,15291.641,8.520615,,,,,,
1780416540.054,725586.0,15292.033,8.520397,,,,,,
1780416540.054,725611.0,15291.962,8.52071,,,,,,
1780416540.125,725636.0,15291.644,8.520886,,,,,,
1780416540.126,725661.0,15291.696,8.520857,,,,,,
1780416540.126,725686.0,15291.729,8.520839,,,,,,
1780416540.176,725711.0,15291.908,8.52074,,,,,,
1780416540.176,725736.0,15292.086,8.520641,,,,,,
1780416540.250,725761.0,15292.086,8.520641,,,,,,
1780416540.251,725786.0,15292.318,8.520513,,,,,,
1780416540.251,725811.0,15292.104,8.520631,,,,,,
1780416540.322,725836.0,15292.031,8.520671,,,,,,
1780416540.323,725861.0,15292.157,8.520601,,,,,,
1780416540.325,725886.0,15292.354,8.520493,,,,,,
1780416540.385,725911.0,15292.246,8.520553,,,,,,
1780416540.386,725936.0,15292.104,8.520631,,,,,,
1780416540.386,725961.0,15292.212,8.520572,,,,,,
1780416540.437,725986.0,15292.157,8.520601,,,,,,
1780416540.437,726011.0,15292.033,8.52067,,,,,,
1780416540.502,726036.0,15292.051,8.52066,,,,,,
1780416540.503,726061.0,15291.836,8.52078,,,,,,
1780416540.553,726086.0,15291.729,8.520839,,,,,,
1780416540.553,726111.0,15291.639,8.520888,,,,,,
1780416540.615,726136.0,15291.62,8.520899,,,,,,
1780416540.615,726161.0,15291.729,8.520839,,,,,,
1780416540.615,726186.0,15291.658,8.520878,,,,,,
1780416540.679,726211.0,15291.443,8.520997,,,,,,
1780416540.679,726236.0,15291.39,8.521027,,,,,,
1780416540.753,726261.0,15291.676,8.520868,,,,,,
1780416540.753,726286.0,15291.802,8.520799,,,,,,
1780416540.754,726311.0,15291.782,8.520809,,,,,,
1780416540.838,726336.0,15291.745,8.52083,,,,,,
1780416540.838,726361.0,15291.549,8.520939,,,,,,
1780416540.839,726386.0,15291.496,8.520967,,,,,,
1780416540.839,726411.0,15291.373,8.521036,,,,,,
1780416540.903,726436.0,15291.532,8.520947,,,,,,
1780416540.903,726461.0,15291.46,8.520988,,,,,,
1780416540.953,726486.0,15291.3,8.521076,,,,,,
1780416540.953,726511.0,15291.282,8.521086,,,,,,
1780416541.002,726536.0,15291.372,8.521036,,,,,,
1780416541.003,726561.0,15291.64,8.520888,,,,,,
1780416541.069,726586.0,15291.658,8.520878,,,,,,
1780416541.070,726611.0,15291.497,8.520967,,,,,,
1780416541.070,726636.0,15291.675,8.520868,,,,,,
1780416541.120,726661.0,15291.604,8.520908,,,,,,
1780416541.120,726686.0,15291.64,8.520888,,,,,,
1780416541.187,726711.0,15291.587,8.520917,,,,,,
1780416541.188,726736.0,15291.551,8.520937,,,,,,
1780416541.188,726761.0,15291.586,8.520918,,,,,,
1780416541.253,726786.0,15291.569,8.520927,,,,,,
1780416541.254,726811.0,15291.694,8.520858,,,,,,
1780416541.303,726836.0,15291.802,8.520799,,,,,,
1780416541.304,726861.0,15291.747,8.520828,,,,,,
1780416541.375,726886.0,15291.711,8.520848,,,,,,
1780416541.376,726911.0,15291.622,8.520898,,,,,,
1780416541.376,726936.0,15291.587,8.520644,,,,,,
1780416541.435,726961.0,15291.622,8.520625,,,,,,
1780416541.436,726986.0,15291.639,8.520616,,,,,,
1780416541.436,727011.0,15291.853,8.520497,,,,,,
1780416541.486,727036.0,15291.854,8.520496,,,,,,
1780416541.486,727061.0,15291.979,8.520428,,,,,,
1780416541.551,727086.0,15291.873,8.520486,,,,,,
1780416541.552,727111.0,15291.926,8.520457,,,,,,
1780416541.613,727136.0,15292.139,8.520339,,,,,,
1780416541.613,727161.0,15292.211,8.520299,,,,,,
1780416541.613,727186.0,15292.104,8.520359,,,,,,
1780416541.676,727211.0,15292.266,8.520268,,,,,,
1780416541.677,727236.0,15292.353,8.520221,,,,,,
1780416541.741,727261.0,15292.391,8.5202,,,,,,
1780416541.741,727286.0,15292.391,8.5202,,,,,,
1780416541.742,727311.0,15292.481,8.520149,,,,,,
1780416541.802,727336.0,15292.532,8.520122,,,,,,
1780416541.802,727361.0,15292.587,8.520091,,,,,,
1780416541.867,727386.0,15292.569,8.520101,,,,,,
1780416541.867,727411.0,15292.589,8.52009,,,,,,
1780416541.868,727436.0,15292.462,8.52016,,,,,,
1780416541.930,727461.0,15292.356,8.520219,,,,,,
1780416541.931,727486.0,15292.569,8.520101,,,,,,
1780416541.986,727511.0,15292.604,8.520082,,,,,,
1780416541.986,727536.0,15292.66,8.52005,,,,,,
1780416541.987,727561.0,15292.748,8.520274,,,,,,
1780416542.056,727586.0,15292.747,8.520275,,,,,,
1780416542.057,727611.0,15292.676,8.520314,,,,,,
1780416542.120,727636.0,15292.391,8.520473,,,,,,
1780416542.121,727661.0,15292.285,8.520531,,,,,,
1780416542.121,727686.0,15292.285,8.520531,,,,,,
1780416542.185,727711.0,15292.231,8.52056,,,,,,
1780416542.185,727736.0,15292.301,8.520522,,,,,,
1780416542.186,727761.0,15292.391,8.520473,,,,,,
1780416542.247,727786.0,15292.175,8.520592,,,,,,
1780416542.247,727811.0,15292.14,8.520612,,,,,,
1780416542.303,727836.0,15292.033,8.52067,,,,,,
1780416542.303,727861.0,15292.193,8.520581,,,,,,
1780416542.374,727886.0,15291.997,8.52069,,,,,,
1780416542.375,727911.0,15291.962,8.52071,,,,,,
1780416542.375,727936.0,15291.768,8.520818,,,,,,
1780416542.435,727961.0,15291.894,8.520747,,,,,,
1780416542.436,727986.0,15291.786,8.520807,,,,,,
1780416542.436,728011.0,15291.625,8.520896,,,,,,
1780416542.501,728036.0,15291.518,8.520956,,,,,,
1780416542.502,728061.0,15291.716,8.520846,,,,,,
1780416542.564,728086.0,15291.733,8.520836,,,,,,
1780416542.564,728111.0,15291.537,8.520945,,,,,,
1780416542.565,728136.0,15291.376,8.521034,,,,,,
1780416542.628,728161.0,15291.34,8.521054,,,,,,
1780416542.629,728186.0,15291.251,8.521104,,,,,,
1780416542.691,728211.0,15291.144,8.521163,,,,,,
1780416542.692,728236.0,15291.321,8.521065,,,,,,
1780416542.692,728261.0,15291.408,8.521016,,,,,,
1780416542.755,728286.0,15291.551,8.520937,,,,,,
1780416542.755,728311.0,15291.496,8.520967,,,,,,
1780416542.818,728336.0,15291.604,8.520907,,,,,,
1780416542.819,728361.0,15291.551,8.520937,,,,,,
1780416542.819,728386.0,15291.229,8.521116,,,,,,
1780416542.882,728411.0,15291.371,8.521037,,,,,,
1780416542.882,728436.0,15291.193,8.521135,,,,,,
1780416542.946,728461.0,15291.229,8.520843,,,,,,
1780416542.946,728486.0,15291.087,8.52065,,,,,,
1780416542.947,728511.0,15291.176,8.5206,,,,,,
1780416543.004,728536.0,15291.246,8.520561,,,,,,
1780416543.004,728561.0,15291.229,8.520572,,,,,,
1780416543.071,728586.0,15291.318,8.520248,,,,,,
1780416543.072,728611.0,15291.461,8.52017,,,,,,
1780416543.073,728636.0,15291.729,8.520021,,,,,,
1780416543.137,728661.0,15291.783,8.519719,,,,,,
1780416543.138,728686.0,15291.391,8.519937,,,,,,
1780416543.138,728711.0,15291.446,8.519906,,,,,,
1780416543.202,728736.0,15291.373,8.519947,,,,,,
1780416543.203,728761.0,15291.554,8.519847,,,,,,
1780416543.269,728786.0,15291.679,8.519777,,,,,,
1780416543.269,728811.0,15291.714,8.519758,,,,,,
1780416543.270,728836.0,15291.768,8.519729,,,,,,
1780416543.336,728861.0,15291.712,8.519487,,,,,,
1780416543.336,728886.0,15291.729,8.519478,,,,,,
1780416543.337,728911.0,15291.908,8.519379,,,,,,
1780416543.404,728936.0,15291.64,8.519527,,,,,,
1780416543.404,728961.0,15291.728,8.519479,,,,,,
1780416543.469,728986.0,15291.854,8.519408,,,,,,
1780416543.469,729011.0,15291.908,8.519379,,,,,,
1780416543.469,729036.0,15292.086,8.51928,,,,,,
1780416543.519,729061.0,15292.247,8.519191,,,,,,
1780416543.519,729086.0,15292.176,8.519503,,,,,,
1780416543.577,729111.0,15292.104,8.519814,,,,,,
1780416543.578,729136.0,15292.016,8.519863,,,,,,
1780416543.635,729161.0,15292.158,8.519784,,,,,,
1780416543.636,729186.0,15292.212,8.519754,,,,,,
1780416543.636,729211.0,15292.301,8.519978,,,,,,
1780416543.699,729236.0,15292.068,8.520106,,,,,,
1780416543.700,729261.0,15292.016,8.520136,,,,,,
1780416543.770,729286.0,15292.033,8.520397,,,,,,
1780416543.771,729311.0,15292.106,8.520357,,,,,,
1780416543.771,729336.0,15292.106,8.520085,,,,,,
1780416543.836,729361.0,15292.104,8.520086,,,,,,
1780416543.836,729386.0,15292.143,8.520065,,,,,,
1780416543.837,729411.0,15292.231,8.520016,,,,,,
1780416543.902,729436.0,15292.214,8.520025,,,,,,
1780416543.902,729461.0,15292.232,8.520016,,,,,,
1780416543.955,729486.0,15292.052,8.520388,,,,,,
1780416543.956,729511.0,15292.143,8.520337,,,,,,
1780416544.020,729536.0,15291.946,8.520446,,,,,,
1780416544.022,729561.0,15292.283,8.520259,,,,,,
1780416544.023,729586.0,15292.372,8.52021,,,,,,
1780416544.089,729611.0,15292.391,8.520473,,,,,,
1780416544.089,729636.0,15292.479,8.520424,,,,,,
1780416544.089,729661.0,15292.122,8.520621,,,,,,
1780416544.154,729686.0,15292.229,8.520562,,,,,,
1780416544.155,729711.0,15292.354,8.520493,,,,,,
1780416544.218,729736.0,15292.532,8.520394,,,,,,
1780416544.219,729761.0,15292.64,8.520334,,,,,,
1780416544.219,729786.0,15292.354,8.520493,,,,,,
1780416544.302,729811.0,15292.461,8.520433,,,,,,
1780416544.304,729836.0,15292.193,8.520581,,,,,,
1780416544.304,729861.0,15292.55,8.520384,,,,,,
1780416544.386,729886.0,15292.622,8.520344,,,,,,
1780416544.387,729911.0,15292.567,8.520374,,,,,,
1780416544.387,729936.0,15292.801,8.520246,,,,,,
1780416544.388,729961.0,15292.766,8.520536,,,,,,
1780416544.453,729986.0,15292.696,8.520575,,,,,,
1780416544.454,730011.0,15292.891,8.520467,,,,,,
1780416544.519,730036.0,15292.658,8.520596,,,,,,
1780416544.520,730061.0,15292.694,8.520576,,,,,,
1780416544.521,730086.0,15292.712,8.520566,,,,,,
1780416544.585,730111.0,15292.748,8.520546,,,,,,
1780416544.585,730136.0,15292.766,8.520537,,,,,,
1780416544.586,730161.0,15292.819,8.520507,,,,,,
1780416544.652,730186.0,15292.748,8.520546,,,,,,
1780416544.653,730211.0,15292.535,8.520664,,,,,,
1780416544.719,730236.0,15292.373,8.520482,,,,,,
1780416544.720,730261.0,15292.446,8.520441,,,,,,
1780416544.720,730286.0,15292.589,8.520363,,,,,,
1780416544.784,730311.0,15292.587,8.520364,,,,,,
1780416544.785,730336.0,15292.194,8.520581,,,,,,
1780416544.785,730361.0,15291.998,8.52069,,,,,,
1780416544.834,730386.0,15291.964,8.520709,,,,,,
1780416544.891,730411.0,15292.054,8.520658,,,,,,
1780416544.892,730436.0,15292.125,8.520619,,,,,,
1780416544.892,730461.0,15292.194,8.520581,,,,,,
1780416544.952,730486.0,15292.0,8.520689,,,,,,
1780416544.953,730511.0,15291.893,8.520748,,,,,,
1780416545.018,730536.0,15291.981,8.520699,,,,,,
1780416545.019,730561.0,15291.962,8.52071,,,,,,
1780416545.019,730586.0,15291.944,8.52072,,,,,,
1780416545.069,730611.0,15292.248,8.520552,,,,,,
1780416545.069,730636.0,15291.927,8.520729,,,,,,
1780416545.153,730661.0,15292.035,8.520396,,,,,,
1780416545.153,730686.0,15292.089,8.520367,,,,,,
1780416545.154,730711.0,15292.035,8.520396,,,,,,
1780416545.218,730736.0,15292.125,8.520347,,,,,,
1780416545.218,730761.0,15291.875,8.520485,,,,,,
1780416545.219,730786.0,15291.696,8.520584,,,,,,
1780416545.267,730811.0,15291.606,8.520634,,,,,,
1780416545.268,730836.0,15291.66,8.520604,,,,,,
1780416545.319,730861.0,15291.786,8.520535,,,,,,
1780416545.319,730886.0,15291.768,8.520545,,,,,,
1780416545.381,730911.0,15291.677,8.520323,,,,,,
1780416545.382,730936.0,15291.604,8.520363,,,,,,
1780416545.445,730961.0,15291.927,8.520185,,,,,,
1780416545.445,730986.0,15292.087,8.520096,,,,,,
1780416545.446,731011.0,15292.21,8.520028,,,,,,
1780416545.510,731036.0,15292.281,8.519988,,,,,,
1780416545.512,731061.0,15292.05,8.520117,,,,,,
1780416545.512,731086.0,15292.086,8.519824,,,,,,
1780416545.585,731111.0,15292.301,8.519705,,,,,,
1780416545.586,731136.0,15292.354,8.519675,,,,,,
1780416545.586,731161.0,15292.229,8.519745,,,,,,
1780416545.636,731186.0,15292.158,8.519784,,,,,,
1780416545.636,731211.0,15292.123,8.519803,,,,,,
1780416545.701,731236.0,15292.069,8.519833,,,,,,
1780416545.702,731261.0,15292.212,8.519754,,,,,,
1780416545.767,731286.0,15292.123,8.520076,,,,,,
1780416545.768,731311.0,15292.035,8.520124,,,,,,
1780416545.768,731336.0,15292.0,8.520144,,,,,,
1780416545.819,731361.0,15291.964,8.520164,,,,,,
1780416545.819,731386.0,15292.268,8.519996,,,,,,
1780416545.890,731411.0,15292.446,8.519897,,,,,,
1780416545.890,731436.0,15292.408,8.519918,,,,,,
1780416545.890,731461.0,15292.462,8.519888,,,,,,
1780416545.951,731486.0,15292.339,8.519957,,,,,,
1780416545.952,731511.0,15292.123,8.520076,,,,,,
1780416546.018,731536.0,15292.122,8.520349,,,,,,
1780416546.018,731561.0,15292.123,8.520348,,,,,,
1780416546.018,731586.0,15292.052,8.520388,,,,,,
1780416546.065,731611.0,15291.714,8.520575,,,,,,
1780416546.066,731636.0,15291.569,8.520655,,,,,,
1780416546.136,731661.0,15291.693,8.520586,,,,,,
1780416546.137,731686.0,15291.782,8.520536,,,,,,
1780416546.138,731711.0,15291.731,8.520838,,,,,,
1780416546.207,731736.0,15291.515,8.520957,,,,,,
1780416546.208,731761.0,15291.39,8.521027,,,,,,
1780416546.287,731786.0,15291.443,8.520997,,,,,,
1780416546.288,731811.0,15291.729,8.520839,,,,,,
1780416546.288,731836.0,15291.944,8.52072,,,,,,
1780416546.289,731861.0,15291.569,8.520927,,,,,,
1780416546.351,731886.0,15291.462,8.520987,,,,,,
1780416546.352,731911.0,15291.552,8.520937,,,,,,
1780416546.419,731936.0,15291.625,8.520896,,,,,,
1780416546.419,731961.0,15291.732,8.520837,,,,,,
1780416546.420,731986.0,15291.732,8.520837,,,,,,
1780416546.484,732011.0,15291.75,8.520827,,,,,,
1780416546.484,732036.0,15291.965,8.520708,,,,,,
1780416546.485,732061.0,15292.536,8.520391,,,,,,
1780416546.535,732086.0,15293.089,8.520085,,,,,,
1780416546.536,732111.0,15293.785,8.5197,,,,,,
1780416546.584,732136.0,15294.731,8.519176,,,,,,
1780416546.635,732161.0,15295.714,8.518904,,,,,,
1780416546.636,732186.0,15296.572,8.518429,,,,,,
1780416546.636,732211.0,15297.269,8.518043,,,,,,
1780416546.700,732236.0,15298.125,8.517569,,,,,,
1780416546.701,732261.0,15298.447,8.51739,,,,,,
1780416546.768,732286.0,15298.482,8.51737,,,,,,
1780416546.769,732311.0,15298.625,8.51702,,,,,,
1780416546.769,732336.0,15298.5,8.517089,,,,,,
1780416546.817,732361.0,15298.269,8.516945,,,,,,
1780416546.818,732386.0,15298.197,8.516712,,,,,,
1780416546.884,732411.0,15297.822,8.516647,,,,,,
1780416546.884,732436.0,15297.108,8.51677,,,,,,
1780416546.885,732461.0,15296.146,8.517032,,,,,,
1780416546.952,732486.0,15295.844,8.516927,,,,,,
1780416546.952,732511.0,15295.63,8.516773,,,,,,
1780416547.040,732536.0,15295.54,8.51655,,,,,,
1780416547.041,732561.0,15296.092,8.515973,,,,,,
1780416547.042,732586.0,15296.987,8.515477,,,,,,
1780416547.043,732611.0,15298.348,8.514451,,,,,,
1780416547.153,732636.0,15299.563,8.513506,,,,,,
1780416547.154,732661.0,15301.319,8.51226,,,,,,
1780416547.157,732686.0,15303.346,8.511141,,,,,,
1780416547.158,732711.0,15305.643,8.509867,,,,,,
1780416547.219,732736.0,15308.879,8.508075,,,,,,
1780416547.219,732761.0,15312.604,8.506285,,,,,,
1780416547.220,732786.0,15317.162,8.504032,,,,,,
1780416547.287,732811.0,15322.396,8.501679,,,,,,
1780416547.287,732836.0,15328.279,8.498966,,,,,,
1780416547.288,732861.0,15334.327,8.496161,,,,,,
1780416547.352,732886.0,15340.731,8.49316,,,,,,
1780416547.353,732911.0,15347.373,8.489755,,,,,,
1780416547.418,732936.0,15353.976,8.486916,,,,,,
1780416547.419,732961.0,15361.211,8.483453,,,,,,
1780416547.421,732986.0,15369.009,8.479951,,,,,,
1780416547.486,733011.0,15376.773,8.476742,,,,,,
1780416547.487,733036.0,15385.192,8.472897,,,,,,
1780416547.487,733061.0,15393.863,8.468911,,,,,,
1780416547.555,733086.0,15403.203,8.464828,,,,,,
1780416547.556,733111.0,15412.277,8.46062,,,,,,
1780416547.633,733136.0,15421.302,8.456713,,,,,,
1780416547.633,733161.0,15430.245,8.452577,,,,,,
1780416547.634,733186.0,15438.708,8.448979,,,,,,
1780416547.695,733211.0,15446.724,8.445357,,,,,,
1780416547.696,733236.0,15454.509,8.442409,,,,,,
1780416547.696,733261.0,15462.443,8.439377,,,,,,
1780416547.759,733286.0,15469.785,8.436401,,,,,,
1780416547.759,733311.0,15476.568,8.433461,,,,,,
1780416547.760,733336.0,15483.287,8.430557,,,,,,
1780416547.822,733361.0,15488.773,8.428337,,,,,,
1780416547.823,733386.0,15493.647,8.426183,,,,,,
1780416547.904,733411.0,15497.799,8.424156,,,,,,
1780416547.906,733436.0,15501.22,8.422534,,,,,,
1780416547.907,733461.0,15504.406,8.421315,,,,,,
1780416547.967,733486.0,15507.43,8.419913,,,,,,
1780416547.968,733511.0,15510.397,8.418817,,,,,,
1780416547.968,733536.0,15513.311,8.41802,,,,,,
1780416548.018,733561.0,15516.279,8.416922,,,,,,
1780416548.019,733586.0,15519.233,8.415559,,,,,,
1780416548.067,733611.0,15521.232,8.414724,,,,,,
1780416548.068,733636.0,15523.416,8.413788,,,,,,
1780416548.138,733661.0,15525.125,8.413113,,,,,,
1780416548.138,733686.0,15526.778,8.412471,,,,,,
1780416548.139,733711.0,15528.175,8.411697,,,,,,
1780416548.190,733736.0,15529.388,8.411298,,,,,,
1780416548.190,733761.0,15530.491,8.41096,,,,,,
1780416548.266,733786.0,15531.116,8.41116,,,,,,
1780416548.266,733811.0,15531.889,8.410732,,,,,,
1780416548.267,733836.0,15532.662,8.410304,,,,,,
1780416548.317,733861.0,15533.342,8.409927,,,,,,
1780416548.318,733886.0,15533.804,8.409398,,,,,,
1780416548.376,733911.0,15534.023,8.409549,,,,,,
1780416548.377,733936.0,15534.429,8.409325,,,,,,
1780416548.439,733961.0,15534.375,8.409626,,,,,,
1780416548.440,733986.0,15534.686,8.409454,,,,,,
1780416548.440,734011.0,15534.796,8.409395,,,,,,
1780416548.503,734036.0,15534.63,8.40976,,,,,,
1780416548.504,734061.0,15534.703,8.409719,,,,,,
1780416548.569,734086.0,15534.501,8.409831,,,,,,
1780416548.570,734111.0,15534.446,8.410135,,,,,,
1780416548.571,734136.0,15534.408,8.410155,,,,,,
1780416548.633,734161.0,15534.04,8.410086,,,,,,
1780416548.634,734186.0,15533.893,8.410167,,,,,,
1780416548.694,734211.0,15533.25,8.410522,,,,,,
1780416548.694,734236.0,15533.176,8.410564,,,,,,
1780416548.694,734261.0,15533.027,8.410373,,,,,,
1780416548.757,734286.0,15532.825,8.410484,,,,,,
1780416548.758,734311.0,15532.529,8.41065,,,,,,
1780416548.821,734336.0,15532.014,8.411208,,,,,,
1780416548.821,734361.0,15532.015,8.411208,,,,,,
1780416548.822,734386.0,15531.83,8.411038,,,,,,
1780416548.885,734411.0,15531.83,8.410765,,,,,,
1780416548.885,734436.0,15531.591,8.410897,,,,,,
1780416548.886,734461.0,15531.239,8.411093,,,,,,
1780416548.949,734486.0,15531.001,8.411223,,,,,,
1780416548.950,734511.0,15530.854,8.411579,,,,,,
1780416549.012,734536.0,15530.891,8.411284,,,,,,
1780416549.013,734561.0,15530.725,8.41165,,,,,,
1780416549.013,734586.0,15530.726,8.411376,,,,,,
1780416549.067,734611.0,15530.743,8.411639,,,,,,
1780416549.068,734636.0,15530.835,8.41159,,,,,,
1780416549.138,734661.0,15531.056,8.411467,,,,,,
1780416549.138,734686.0,15531.205,8.411385,,,,,,
1780416549.139,734711.0,15531.406,8.410999,,,,,,
1780416549.200,734736.0,15531.535,8.410656,,,,,,
1780416549.200,734761.0,15531.683,8.410573,,,,,,
1780416549.265,734786.0,15531.995,8.410399,,,,,,
1780416549.265,734811.0,15532.31,8.409952,,,,,,
1780416549.266,734836.0,15532.731,8.409719,,,,,,
1780416549.318,734861.0,15532.879,8.409637,,,,,,
1780416549.319,734886.0,15532.806,8.409678,,,,,,
1780416549.383,734911.0,15532.88,8.409637,,,,,,
1780416549.384,734936.0,15532.881,8.409637,,,,,,
1780416549.452,734961.0,15532.936,8.409333,,,,,,
1780416549.453,734986.0,15532.66,8.409486,,,,,,
1780416549.454,735011.0,15532.823,8.409669,,,,,,
1780416549.518,735036.0,15532.751,8.409983,,,,,,
1780416549.519,735061.0,15532.769,8.409973,,,,,,
1780416549.519,735086.0,15532.861,8.410193,,,,,,
1780416549.567,735111.0,15532.952,8.410143,,,,,,
1780416549.567,735136.0,15532.898,8.410173,,,,,,
1780416549.630,735161.0,15532.917,8.410163,,,,,,
1780416549.630,735186.0,15532.936,8.410151,,,,,,
1780416549.695,735211.0,15532.899,8.410445,,,,,,
1780416549.697,735236.0,15532.734,8.410263,,,,,,
1780416549.698,735261.0,15532.661,8.410575,,,,,,
1780416549.756,735286.0,15532.623,8.410324,,,,,,
1780416549.757,735311.0,15532.422,8.410707,,,,,,
1780416549.817,735336.0,15532.384,8.41073,,,,,,
1780416549.818,735361.0,15532.328,8.410762,,,,,,
1780416549.818,735386.0,15532.032,8.410924,,,,,,
1780416549.884,735411.0,15531.849,8.411299,,,,,,
1780416549.885,735436.0,15531.406,8.411544,,,,,,
1780416549.885,735461.0,15531.092,8.411718,,,,,,
1780416549.949,735486.0,15531.092,8.411718,,,,,,
1780416549.950,735511.0,15531.075,8.411727,,,,,,
1780416550.012,735536.0,15531.056,8.412012,,,,,,
1780416550.012,735561.0,15531.167,8.41195,,,,,,
1780416550.013,735586.0,15531.239,8.411911,,,,,,
1780416550.068,735611.0,15531.498,8.411768,,,,,,
1780416550.069,735636.0,15531.37,8.411839,,,,,,
1780416550.166,735661.0,15531.223,8.411649,,,,,,
1780416550.166,735686.0,15531.313,8.41187,,,,,,
1780416550.167,735711.0,15531.313,8.41187,,,,,,
1780416550.167,735736.0,15531.259,8.4119,,,,,,
1780416550.217,735761.0,15531.294,8.411607,,,,,,
1780416550.218,735786.0,15531.073,8.411729,,,,,,
1780416550.267,735811.0,15531.184,8.411396,,,,,,
1780416550.267,735836.0,15531.238,8.411093,,,,,,
1780416550.317,735861.0,15531.331,8.411314,,,,,,
1780416550.318,735886.0,15531.386,8.411011,,,,,,
1780416550.378,735911.0,15531.497,8.410949,,,,,,
1780416550.378,735936.0,15531.572,8.410634,,,,,,
1780416550.438,735961.0,15531.314,8.410778,,,,,,
1780416550.438,735986.0,15531.26,8.411081,,,,,,
1780416550.439,736011.0,15531.371,8.410747,,,,,,
1780416550.505,736036.0,15531.408,8.410453,,,,,,
1780416550.505,736061.0,15531.426,8.410442,,,,,,
1780416550.568,736086.0,15531.278,8.410524,,,,,,
1780416550.569,736111.0,15531.224,8.410555,,,,,,
1780416550.569,736136.0,15531.261,8.410808,,,,,,
1780416550.632,736161.0,15531.205,8.410565,,,,,,
1780416550.632,736186.0,15531.241,8.410817,,,,,,
1780416550.695,736211.0,15531.332,8.410767,,,,,,
1780416550.696,736236.0,15531.223,8.41083,,,,,,
1780416550.696,736261.0,15530.982,8.410689,,,,,,
1780416550.758,736286.0,15531.241,8.410819,,,,,,
1780416550.759,736311.0,15531.148,8.410597,,,,,,
1780416550.822,736336.0,15531.314,8.410231,,,,,,
1780416550.823,736361.0,15531.535,8.410109,,,,,,
1780416550.824,736386.0,15531.481,8.410411,,,,,,
1780416550.885,736411.0,15531.627,8.410332,,,,,,
1780416550.885,736436.0,15531.572,8.410634,,,,,,
1780416550.885,736461.0,15531.591,8.410896,,,,,,
1780416550.948,736486.0,15531.608,8.410613,,,,,,
1780416550.949,736511.0,15531.59,8.410623,,,,,,
1780416551.011,736536.0,15531.442,8.410706,,,,,,
1780416551.012,736561.0,15531.462,8.410968,,,,,,
1780416551.013,736586.0,15531.462,8.411242,,,,,,
1780416551.073,736611.0,15531.535,8.410927,,,,,,
1780416551.074,736636.0,15531.608,8.410887,,,,,,
1780416551.136,736661.0,15531.663,8.411128,,,,,,
1780416551.137,736686.0,15531.81,8.411049,,,,,,
1780416551.137,736711.0,15532.031,8.410926,,,,,,
1780416551.201,736736.0,15532.122,8.410876,,,,,,
1780416551.202,736761.0,15532.158,8.410583,,,,,,
1780416551.264,736786.0,15532.049,8.410644,,,,,,
1780416551.264,736811.0,15532.067,8.410359,,,,,,
1780416551.266,736836.0,15532.067,8.410361,,,,,,
1780416551.316,736861.0,15531.864,8.410474,,,,,,
1780416551.316,736886.0,15531.921,8.410442,,,,,,
1780416551.391,736911.0,15532.143,8.410319,,,,,,
1780416551.392,736936.0,15532.196,8.41029,,,,,,
1780416551.392,736961.0,15532.177,8.410301,,,,,,
1780416551.450,736986.0,15532.086,8.410078,,,,,,
1780416551.451,737011.0,15531.828,8.409948,,,,,,
1780416551.502,737036.0,15531.701,8.410019,,,,,,
1780416551.502,737061.0,15531.756,8.409715,,,,,,
1780416551.567,737086.0,15531.792,8.409695,,,,,,
1780416551.567,737111.0,15531.72,8.410007,,,,,,
1780416551.568,737136.0,15531.776,8.410249,,,,,,
1780416551.634,737161.0,15531.96,8.410147,,,,,,
1780416551.635,737186.0,15531.813,8.410229,,,,,,
1780416551.635,737211.0,15532.068,8.410087,,,,,,
1780416551.700,737236.0,15531.939,8.41043,,,,,,
1780416551.701,737261.0,15531.921,8.410713,,,,,,
1780416551.765,737286.0,15531.792,8.410511,,,,,,
1780416551.766,737311.0,15531.663,8.410855,,,,,,
1780416551.766,737336.0,15531.864,8.410744,,,,,,
1780416551.833,737361.0,15531.773,8.410795,,,,,,
1780416551.833,737386.0,15531.811,8.410774,,,,,,
1780416551.883,737411.0,15531.885,8.410733,,,,,,
1780416551.884,737436.0,15531.848,8.410754,,,,,,
1780416551.950,737461.0,15531.938,8.410977,,,,,,
1780416551.951,737486.0,15532.123,8.410875,,,,,,
1780416551.951,737511.0,15532.27,8.410795,,,,,,
1780416552.016,737536.0,15532.032,8.410652,,,,,,
1780416552.016,737561.0,15531.922,8.410987,,,,,,
1780416552.017,737586.0,15531.995,8.410946,,,,,,
1780416552.066,737611.0,15531.902,8.410997,,,,,,
1780416552.066,737636.0,15532.233,8.411087,,,,,,
1780416552.133,737661.0,15532.455,8.410964,,,,,,
1780416552.133,737686.0,15532.474,8.411227,,,,,,
1780416552.199,737711.0,15532.547,8.411187,,,,,,
1780416552.199,737736.0,15532.677,8.411114,,,,,,
1780416552.199,737761.0,15532.714,8.410821,,,,,,
1780416552.266,737786.0,15532.419,8.411258,,,,,,
1780416552.266,737811.0,15532.549,8.410913,,,,,,
1780416552.267,737836.0,15532.492,8.41067,,,,,,
1780416552.316,737861.0,15532.382,8.410732,,,,,,
1780416552.316,737886.0,15532.438,8.410427,,,,,,
1780416552.382,737911.0,15532.475,8.410407,,,,,,
1780416552.383,737936.0,15532.677,8.410021,,,,,,
1780416552.449,737961.0,15532.529,8.410104,,,,,,
1780416552.449,737986.0,15532.549,8.410093,,,,,,
1780416552.450,738011.0,15532.455,8.410419,,,,,,
1780416552.516,738036.0,15532.233,8.410814,,,,,,
1780416552.516,738061.0,15532.051,8.410915,,,,,,
1780416552.516,738086.0,15532.161,8.410581,,,,,,
1780416552.583,738111.0,15531.941,8.410703,,,,,,
1780416552.583,738136.0,15531.902,8.410997,,,,,,
1780416552.649,738161.0,15531.885,8.411007,,,,,,
1780416552.650,738186.0,15532.123,8.410875,,,,,,
1780416552.650,738211.0,15531.885,8.411007,,,,,,
1780416552.716,738236.0,15531.902,8.410998,,,,,,
1780416552.716,738261.0,15531.903,8.410997,,,,,,
1780416552.717,738286.0,15531.776,8.411068,,,,,,
1780416552.783,738311.0,15531.831,8.411037,,,,,,
1780416552.783,738336.0,15531.685,8.410845,,,,,,
