timestamp_computer,timestamp,sensor1,sensor2,mag,width,crack_x,crack_size,serial out,response
1783538000.220,4310033.0,9416.557,44.647026,,,,,,
1783538000.222,4310038.0,9415.138,44.653751,,,,,,
1783538000.223,4310043.0,9414.563,44.655411,,,,,,
1783538000.224,4310048.0,9415.949,44.654026,,,,,,
1783538000.224,4310053.0,9415.678,44.654808,,,,,,
1783538000.225,4310058.0,9415.307,44.655884,,,,,,
1783538000.226,4310063.0,9417.166,44.650509,,,,,,
1783538000.227,4310068.0,9417.742,44.648846,,,,,,
1783538000.227,4310073.0,9416.558,44.652267,,,,,,
1783538000.228,4310078.0,9417.099,44.648083,,,,,,
1783538000.242,4310083.0,9417.403,44.644577,,,,,,
1783538000.243,4310088.0,9415.745,44.649368,,,,,,
1783538000.244,4310093.0,9415.307,44.650639,,,,,,
1783538000.245,4310098.0,9415.948,44.648785,,,,,,
1783538000.246,4310103.0,9415.611,44.652382,,,,,,
1783538000.247,4310108.0,9415.441,44.655491,,,,,,
1783538000.249,4310113.0,9417.031,44.650898,,,,,,
1783538000.250,4310118.0,9417.438,44.649723,,,,,,
1783538000.251,4310123.0,9417.031,44.650898,,,,,,
1783538000.252,4310128.0,9417.099,44.650703,,,,,,
1783538000.253,4310133.0,9416.761,44.649059,,,,,,
1783538000.254,4310138.0,9415.542,44.649956,,,,,,
1783538000.254,4310143.0,9415.407,44.650345,,,,,,
1783538000.255,4310148.0,9416.49,44.647217,,,,,,
1783538000.256,4310153.0,9416.523,44.647121,,,,,,
1783538000.257,4310158.0,9417.369,44.647301,,,,,,
1783538000.257,4310163.0,9418.588,44.6464,,,,,,
1783538000.258,4310168.0,9418.655,44.646206,,,,,,
1783538000.259,4310173.0,9416.964,44.651093,,,,,,
1783538000.260,4310178.0,9416.559,44.652264,,,,,,
1783538000.261,4310183.0,9416.253,44.653149,,,,,,
1783538000.262,4310188.0,9415.036,44.656662,,,,,,
1783538000.262,4310193.0,9415.543,44.65258,,,,,,
1783538000.263,4310198.0,9416.354,44.64761,,,,,,
1783538000.265,4310203.0,9416.455,44.644699,,,,,,
1783538000.266,4310208.0,9416.117,44.643055,,,,,,
1783538000.267,4310213.0,9416.523,44.64188,,,,,,
1783538000.267,4310218.0,9416.422,44.642174,,,,,,
1783538000.268,4310223.0,9415.982,44.643444,,,,,,
1783538000.269,4310228.0,9415.576,44.647236,,,,,,
1783538000.270,4310233.0,9416.151,44.648197,,,,,,
1783538000.270,4310238.0,9415.61,44.649761,,,,,,
1783538000.271,4310243.0,9415.373,44.653069,,,,,,
1783538000.272,4310248.0,9416.422,44.65266,,,,,,
1783538000.273,4310253.0,9417.031,44.648277,,,,,,
1783538000.273,4310258.0,9416.861,44.648769,,,,,,
1783538000.274,4310263.0,9417.775,44.64613,,,,,,
1783538000.275,4310268.0,9417.537,44.646816,,,,,,
1783538000.275,4310273.0,9416.388,44.650139,,,,,,
1783538000.276,4310278.0,9416.151,44.650822,,,,,,
1783538000.277,4310283.0,9416.354,44.647614,,,,,,
1783538000.277,4310288.0,9415.476,44.64753,,,,,,
1783538000.278,4310293.0,9415.239,44.648212,,,,,,
1783538000.279,4310298.0,9415.881,44.646358,,,,,,
1783538000.279,4310303.0,9416.151,44.648197,,,,,,
1783538000.281,4310308.0,9415.272,44.653358,,,,,,
1783538000.282,4310313.0,9416.287,44.653049,,,,,,
1783538000.283,4310318.0,9416.964,44.651093,,,,,,
1783538000.283,4310323.0,9416.795,44.651581,,,,,,
1783538000.284,4310328.0,9416.625,44.649452,,,,,,
1783538000.285,4310333.0,9417.099,44.648083,,,,,,
1783538000.285,4310338.0,9415.779,44.651897,,,,,,
1783538000.286,4310343.0,9415.576,44.652481,,,,,,
1783538000.286,4310348.0,9415.849,44.651695,,,,,,
1783538000.287,4310353.0,9415.814,44.654415,,,,,,
1783538000.288,4310358.0,9415.611,44.652382,,,,,,
1783538000.288,4310363.0,9416.658,44.649357,,,,,,
1783538000.289,4310368.0,9416.591,44.649551,,,,,,
1783538000.290,4310373.0,9415.813,44.651798,,,,,,
1783538000.290,4310378.0,9415.307,44.653263,,,,,,
1783538000.291,4310383.0,9415.678,44.654808,,,,,,
1783538000.291,4310388.0,9414.495,44.655605,,,,,,
1783538000.292,4310393.0,9414.494,44.652985,,,,,,
1783538000.293,4310398.0,9415.645,44.647041,,,,,,
1783538000.293,4310403.0,9415.982,44.643444,,,,,,
1783538000.294,4310408.0,9415.408,44.645103,,,,,,
1783538000.295,4310413.0,9416.997,44.643131,,,,,,
1783538000.295,4310418.0,9417.1,44.645454,,,,,,
1783538000.296,4310423.0,9415.916,44.648876,,,,,,
1783538000.296,4310428.0,9416.354,44.650234,,,,,,
1783538000.297,4310433.0,9416.828,44.648865,,,,,,
1783538000.298,4310438.0,9415.51,44.650051,,,,,,
1783538000.300,4310443.0,9415.172,44.648407,,,,,,
1783538000.301,4310448.0,9416.625,44.644207,,,,,,
1783538000.302,4310453.0,9416.118,44.645672,,,,,,
1783538000.302,4310458.0,9415.576,44.647236,,,,,,
1783538000.303,4310463.0,9416.998,44.645748,,,,,,
1783538000.304,4310468.0,9417.336,44.647396,,,,,,
1783538000.304,4310473.0,9415.779,44.651897,,,,,,
1783538000.305,4310478.0,9415.881,44.648979,,,,,,
1783538000.305,4310483.0,9415.949,44.64616,,,,,,
1783538000.306,4310488.0,9414.563,44.650166,,,,,,
1783538000.307,4310493.0,9414.291,44.650951,,,,,,
1783538000.307,4310498.0,9415.509,44.650051,,,,,,
1783538000.308,4310503.0,9415.271,44.653362,,,,,,
1783538000.308,4310508.0,9415.713,44.652088,,,,,,
1783538000.309,4310513.0,9416.998,44.645748,,,,,,
1783538000.310,4310518.0,9416.456,44.647316,,,,,,
1783538000.310,4310523.0,9415.408,44.650345,,,,,,
1783538000.311,4310528.0,9415.713,44.649464,,,,,,
1783538000.312,4310533.0,9415.307,44.650639,,,,,,
1783538000.312,4310538.0,9414.394,44.655899,,,,,,
1783538000.314,4310543.0,9414.325,44.656097,,,,,,
1783538000.315,4310548.0,9414.563,44.655411,,,,,,
1783538000.316,4310553.0,9414.528,44.65551,,,,,,
1783538000.318,4310558.0,9414.63,44.655216,,,,,,
1783538000.319,4310563.0,9415.17,44.653656,,,,,,
1783538000.320,4310568.0,9416.186,44.650723,,,,,,
1783538000.321,4310573.0,9415.779,44.649273,,,,,,
1783538000.322,4310578.0,9416.018,44.645962,,,,,,
1783538000.323,4310583.0,9416.828,44.64362,,,,,,
1783538000.324,4310588.0,9416.423,44.644791,,,,,,
1783538000.325,4310593.0,9416.084,44.64315,,,,,,
1783538000.326,4310598.0,9416.658,44.641491,,,,,,
1783538000.327,4310603.0,9417.031,44.643032,,,,,,
1783538000.328,4310608.0,9416.05,44.648491,,,,,,
1783538000.329,4310613.0,9416.49,44.644596,,,,,,
1783538000.330,4310618.0,9416.186,44.648098,,,,,,
1783538000.332,4310623.0,9415.408,44.652969,,,,,,
1783538000.332,4310628.0,9414.663,44.655121,,,,,,
1783538000.334,4310633.0,9414.935,44.654335,,,,,,
1783538000.335,4310638.0,9413.751,44.660378,,,,,,
1783538000.336,4310643.0,9413.852,44.657467,,,,,,
1783538000.336,4310648.0,9415.476,44.652775,,,,,,
1783538000.337,4310653.0,9415.341,44.653164,,,,,,
1783538000.338,4310658.0,9415.679,44.652187,,,,,,
1783538000.339,4310663.0,9416.998,44.645748,,,,,,
1783538000.340,4310668.0,9416.862,44.648766,,,,,,
1783538000.340,4310673.0,9415.239,44.650833,,,,,,
1783538000.341,4310678.0,9415.442,44.650246,,,,,,
1783538000.342,4310683.0,9415.713,44.646843,,,,,,
1783538000.343,4310688.0,9414.968,44.651615,,,,,,
1783538000.344,4310693.0,9415.17,44.651031,,,,,,
1783538000.344,4310698.0,9416.964,44.648472,,,,,,
1783538000.345,4310703.0,9416.761,44.646435,,,,,,
1783538000.346,4310708.0,9415.779,44.651897,,,,,,
1783538000.347,4310713.0,9416.795,44.646336,,,,,,
1783538000.348,4310718.0,9416.862,44.646141,,,,,,
1783538000.349,4310723.0,9415.34,44.650539,,,,,,
1783538000.350,4310728.0,9415.646,44.652283,,,,,,
1783538000.351,4310733.0,9416.388,44.650139,,,,,,
1783538000.352,4310738.0,9415.137,44.653751,,,,,,
1783538000.353,4310743.0,9415.136,44.653755,,,,,,
1783538000.353,4310748.0,9415.881,44.651604,,,,,,
1783538000.354,4310753.0,9415.745,44.649368,,,,,,
1783538000.355,4310758.0,9415.576,44.647236,,,,,,
1783538000.356,4310763.0,9416.388,44.644894,,,,,,
1783538000.357,4310768.0,9416.388,44.644894,,,,,,
1783538000.357,4310773.0,9415.61,44.647141,,,,,,
1783538000.358,4310778.0,9416.084,44.648392,,,,,,
1783538000.359,4310783.0,9416.354,44.650234,,,,,,
1783538000.360,4310788.0,9415.205,44.656174,,,,,,
1783538000.360,4310793.0,9415.272,44.655979,,,,,,
1783538000.362,4310798.0,9416.49,44.652462,,,,,,
1783538000.363,4310803.0,9416.254,44.650524,,,,,,
1783538000.364,4310808.0,9416.017,44.651211,,,,,,
1783538000.365,4310813.0,9417.031,44.648277,,,,,,
1783538000.366,4310818.0,9417.099,44.648083,,,,,,
1783538000.367,4310823.0,9416.354,44.650234,,,,,,
1783538000.368,4310828.0,9416.422,44.65266,,,,,,
1783538000.369,4310833.0,9416.658,44.651978,,,,,,
1783538000.370,4310838.0,9416.422,44.65266,,,,,,
1783538000.370,4310843.0,9416.795,44.64896,,,,,,
1783538000.371,4310848.0,9417.708,44.646324,,,,,,
1783538000.372,4310853.0,9417.369,44.647301,,,,,,
1783538000.373,4310858.0,9416.659,44.649353,,,,,,
1783538000.374,4310863.0,9417.099,44.645458,,,,,,
1783538000.374,4310868.0,9416.456,44.64994,,,,,,
1783538000.375,4310873.0,9415.238,44.653458,,,,,,
1783538000.376,4310878.0,9415.982,44.65131,,,,,,
1783538000.377,4310883.0,9416.828,44.648865,,,,,,
1783538000.378,4310888.0,9416.253,44.650528,,,,,,
1783538000.379,4310893.0,9416.624,44.649456,,,,,,
1783538000.380,4310898.0,9417.099,44.648083,,,,,,
1783538000.381,4310903.0,9416.557,44.647026,,,,,,
1783538000.382,4310908.0,9415.982,44.648685,,,,,,
1783538000.384,4310913.0,9416.22,44.650623,,,,,,
1783538000.385,4310918.0,9415.982,44.65131,,,,,,
1783538000.386,4310923.0,9415.509,44.652676,,,,,,
1783538000.387,4310928.0,9415.576,44.655102,,,,,,
1783538000.388,4310933.0,9415.847,44.65432,,,,,,
1783538000.389,4310938.0,9415.61,44.655003,,,,,,
1783538000.390,4310943.0,9415.846,44.654324,,,,,,
1783538000.391,4310948.0,9416.896,44.651291,,,,,,
1783538000.392,4310953.0,9416.253,44.653149,,,,,,
1783538000.393,4310958.0,9416.118,44.653538,,,,,,
1783538000.394,4310963.0,9417.132,44.650608,,,,,,
1783538000.395,4310968.0,9417.472,44.649628,,,,,,
1783538000.395,4310973.0,9416.592,44.652168,,,,,,
1783538000.396,4310978.0,9417.707,44.648945,,,,,,
1783538000.397,4310983.0,9417.674,44.64642,,,,,,
1783538000.398,4310988.0,9416.557,44.649651,,,,,,
1783538000.399,4310993.0,9416.117,44.650921,,,,,,
1783538000.401,4310998.0,9417.099,44.645458,,,,,,
1783538000.402,4311003.0,9416.794,44.646339,,,,,,
1783538000.403,4311008.0,9417.064,44.648182,,,,,,
1783538000.404,4311013.0,9417.843,44.645931,,,,,,
1783538000.405,4311018.0,9417.505,44.644283,,,,,,
1783538000.406,4311023.0,9415.982,44.65131,,,,,,
1783538000.407,4311028.0,9415.205,44.653553,,,,,,
1783538000.408,4311033.0,9415.34,44.653164,,,,,,
1783538000.409,4311038.0,9414.563,44.655411,,,,,,
1783538000.410,4311043.0,9414.697,44.657642,,,,,,
1783538000.411,4311048.0,9416.117,44.653542,,,,,,
1783538000.412,4311053.0,9416.692,44.651878,,,,,,
1783538000.413,4311058.0,9416.49,44.652462,,,,,,
1783538000.414,4311063.0,9417.234,44.64769,,,,,,
1783538000.415,4311068.0,9417.438,44.647102,,,,,,
1783538000.415,4311073.0,9416.388,44.650139,,,,,,
1783538000.416,4311078.0,9416.354,44.64761,,,,,,
1783538000.417,4311083.0,9415.915,44.64888,,,,,,
1783538000.418,4311088.0,9415.204,44.653557,,,,,,
1783538000.419,4311093.0,9414.866,44.654533,,,,,,
1783538000.420,4311098.0,9415.745,44.651993,,,,,,
1783538000.420,4311103.0,9415.307,44.655884,,,,,,
1783538000.421,4311108.0,9415.373,44.655689,,,,,,
1783538000.422,4311113.0,9415.948,44.65403,,,,,,
1783538000.423,4311118.0,9416.151,44.653442,,,,,,
1783538000.424,4311123.0,9414.833,44.657249,,,,,,
1783538000.425,4311128.0,9415.34,44.655785,,,,,,
1783538000.426,4311133.0,9415.982,44.65131,,,,,,
1783538000.427,4311138.0,9415.576,44.652481,,,,,,
1783538000.427,4311143.0,9415.441,44.65287,,,,,,
1783538000.428,4311148.0,9416.794,44.646339,,,,,,
1783538000.429,4311153.0,9416.828,44.64362,,,,,,
1783538000.430,4311158.0,9415.915,44.64888,,,,,,
1783538000.431,4311163.0,9416.118,44.645672,,,,,,
1783538000.432,4311168.0,9416.22,44.642757,,,,,,
1783538000.433,4311173.0,9414.968,44.646374,,,,,,
1783538000.434,4311178.0,9414.765,44.646961,,,,,,
1783538000.434,4311183.0,9415.476,44.642288,,,,,,
1783538000.435,4311188.0,9415.476,44.644909,,,,,,
1783538000.436,4311193.0,9415.611,44.644516,,,,,,
1783538000.437,4311198.0,9416.795,44.643715,,,,,,
1783538000.437,4311203.0,9416.76,44.646439,,,,,,
1783538000.438,4311208.0,9416.727,44.649158,,,,,,
1783538000.439,4311213.0,9417.2,44.647789,,,,,,
1783538000.441,4311218.0,9416.93,44.651192,,,,,,
1783538000.441,4311223.0,9415.544,44.655197,,,,,,
1783538000.442,4311228.0,9415.848,44.65432,,,,,,
1783538000.443,4311233.0,9416.254,44.653145,,,,,,
1783538000.445,4311238.0,9414.935,44.656956,,,,,,
1783538000.445,4311243.0,9415.205,44.653553,,,,,,
1783538000.446,4311248.0,9416.592,44.646923,,,,,,
1783538000.448,4311253.0,9416.186,44.645477,,,,,,
1783538000.449,4311258.0,9415.171,44.645786,,,,,,
1783538000.450,4311263.0,9416.592,44.641682,,,,,,
1783538000.451,4311268.0,9416.795,44.641094,,,,,,
1783538000.451,4311273.0,9415.847,44.643833,,,,,,
1783538000.452,4311278.0,9415.982,44.646065,,,,,,
1783538000.453,4311283.0,9416.151,44.648197,,,,,,
1783538000.454,4311288.0,9415.205,44.648308,,,,,,
1783538000.454,4311293.0,9414.563,44.650166,,,,,,
1783538000.456,4311298.0,9415.509,44.64743,,,,,,
1783538000.457,4311303.0,9415.441,44.645004,,,,,,
1783538000.457,4311308.0,9415.339,44.645302,,,,,,
1783538000.458,4311313.0,9415.982,44.646065,,,,,,
1783538000.459,4311318.0,9415.915,44.64888,,,,,,
1783538000.460,4311323.0,9415.17,44.653656,,,,,,
1783538000.461,4311328.0,9414.765,44.657448,,,,,,
1783538000.461,4311333.0,9414.968,44.65686,,,,,,
1783538000.462,4311338.0,9414.122,44.659306,,,,,,
1783538000.463,4311343.0,9414.596,44.657936,,,,,,
1783538000.464,4311348.0,9415.476,44.655396,,,,,,
1783538000.465,4311353.0,9416.186,44.653343,,,,,,
1783538000.465,4311358.0,9416.017,44.653831,,,,,,
1783538000.466,4311363.0,9416.22,44.653244,,,,,,
1783538000.467,4311368.0,9416.118,44.653538,,,,,,
1783538000.468,4311373.0,9414.968,44.65686,,,,,,
1783538000.469,4311378.0,9414.935,44.654335,,,,,,
1783538000.469,4311383.0,9415.44,44.650249,,,,,,
1783538000.470,4311388.0,9415.205,44.650928,,,,,,
1783538000.471,4311393.0,9415.34,44.650539,,,,,,
1783538000.472,4311398.0,9416.558,44.647022,,,,,,
1783538000.473,4311403.0,9416.659,44.649353,,,,,,
1783538000.473,4311408.0,9416.625,44.652073,,,,,,
1783538000.474,4311413.0,9417.03,44.650902,,,,,,
1783538000.475,4311418.0,9417.2,44.65041,,,,,,
1783538000.475,4311423.0,9416.05,44.653736,,,,,,
1783538000.476,4311428.0,9416.016,44.653835,,,,,,
1783538000.477,4311433.0,9415.576,44.652481,,,,,,
1783538000.477,4311438.0,9414.935,44.651711,,,,,,
1783538000.478,4311443.0,9414.461,44.65308,,,,,,
1783538000.478,4311448.0,9415.171,44.651028,,,,,,
1783538000.479,4311453.0,9414.563,44.652786,,,,,,
1783538000.480,4311458.0,9415.138,44.653751,,,,,,
1783538000.480,4311463.0,9416.456,44.64994,,,,,,
1783538000.481,4311468.0,9416.964,44.648472,,,,,,
1783538000.482,4311473.0,9416.354,44.650234,,,,,,
1783538000.483,4311478.0,9416.896,44.648666,,,,,,
1783538000.483,4311483.0,9416.321,44.65033,,,,,,
1783538000.484,4311488.0,9415.205,44.656174,,,,,,
1783538000.484,4311493.0,9415.035,44.656666,,,,,,
1783538000.485,4311498.0,9415.949,44.654026,,,,,,
1783538000.485,4311503.0,9415.881,44.654224,,,,,,
1783538000.486,4311508.0,9416.049,44.651115,,,,,,
1783538000.487,4311513.0,9416.557,44.649651,,,,,,
1783538000.488,4311518.0,9416.219,44.650627,,,,,,
1783538000.488,4311523.0,9415.002,44.651516,,,,,,
1783538000.489,4311528.0,9414.967,44.651619,,,,,,
1783538000.490,4311533.0,9415.205,44.653553,,,,,,
1783538000.490,4311538.0,9415.137,44.653751,,,,,,
1783538000.491,4311543.0,9415.307,44.653263,,,,,,
1783538000.491,4311548.0,9416.76,44.651684,,,,,,
1783538000.492,4311553.0,9416.861,44.65139,,,,,,
1783538000.493,4311558.0,9416.861,44.65139,,,,,,
1783538000.493,4311563.0,9417.233,44.650314,,,,,,
1783538000.494,4311568.0,9416.964,44.651093,,,,,,
1783538000.494,4311573.0,9415.746,44.654613,,,,,,
1783538000.495,4311578.0,9416.05,44.653736,,,,,,
1783538000.496,4311583.0,9416.05,44.653736,,,,,,
1783538000.496,4311588.0,9415.408,44.65559,,,,,,
1783538000.498,4311593.0,9415.745,44.651993,,,,,,
1783538000.498,4311598.0,9416.997,44.648376,,,,,,
1783538000.499,4311603.0,9416.22,44.647999,,,,,,
1783538000.500,4311608.0,9415.779,44.649273,,,,,,
1783538000.500,4311613.0,9416.592,44.646923,,,,,,
1783538000.501,4311618.0,9416.659,44.646729,,,,,,
1783538000.501,4311623.0,9415.609,44.649761,,,,,,
1783538000.502,4311628.0,9415.847,44.651699,,,,,,
1783538000.503,4311633.0,9416.422,44.647415,,,,,,
1783538000.504,4311638.0,9415.745,44.646748,,,,,,
1783538000.504,4311643.0,9415.408,44.647724,,,,,,
1783538000.505,4311648.0,9416.456,44.642075,,,,,,
1783538000.506,4311653.0,9416.32,44.639847,,,,,,
1783538000.506,4311658.0,9416.084,44.64315,,,,,,
1783538000.507,4311663.0,9416.728,44.643909,,,,,,
1783538000.508,4311668.0,9416.76,44.643818,,,,,,
1783538000.508,4311673.0,9415.373,44.650444,,,,,,
1783538000.509,4311678.0,9415.576,44.652481,,,,,,
1783538000.509,4311683.0,9415.948,44.651409,,,,,,
1783538000.510,4311688.0,9415.373,44.653069,,,,,,
1783538000.510,4311693.0,9415.645,44.652287,,,,,,
1783538000.511,4311698.0,9416.997,44.648376,,,,,,
1783538000.512,4311703.0,9417.031,44.648277,,,,,,
1783538000.512,4311708.0,9417.064,44.648182,,,,,,
1783538000.513,4311713.0,9417.336,44.647396,,,,,,
1783538000.513,4311718.0,9417.234,44.650311,,,,,,
1783538000.514,4311723.0,9416.05,44.653736,,,,,,
1783538000.515,4311728.0,9415.678,44.654808,,,,,,
1783538000.515,4311733.0,9415.205,44.656174,,,,,,
1783538000.516,4311738.0,9414.46,44.658329,,,,,,
1783538000.516,4311743.0,9414.528,44.65551,,,,,,
1783538000.517,4311748.0,9415.306,44.650639,,,,,,
1783538000.518,4311753.0,9415.61,44.647141,,,,,,
1783538000.519,4311758.0,9415.745,44.644127,,,,,,
1783538000.519,4311763.0,9416.659,44.641487,,,,,,
1783538000.520,4311768.0,9416.558,44.644402,,,,,,
1783538000.521,4311773.0,9415.813,44.649174,,,,,,
1783538000.521,4311778.0,9415.982,44.65131,,,,,,
1783538000.522,4311783.0,9416.321,44.65033,,,,,,
1783538000.522,4311788.0,9416.151,44.648197,,,,,,
1783538000.523,4311793.0,9416.726,44.643917,,,,,,
1783538000.524,4311798.0,9417.844,44.638065,,,,,,
1783538000.524,4311803.0,9417.336,44.63953,,,,,,
1783538000.525,4311808.0,9416.693,44.641388,,,,,,
1783538000.525,4311813.0,9416.558,44.641781,,,,,,
1783538000.526,4311818.0,9415.509,44.64481,,,,,,
1783538000.527,4311823.0,9414.562,44.650169,,,,,,
1783538000.527,4311828.0,9414.934,44.649094,,,,,,
1783538000.528,4311833.0,9415.408,44.650345,,,,,,
1783538000.528,4311838.0,9415.271,44.653362,,,,,,
1783538000.529,4311843.0,9415.645,44.654907,,,,,,
1783538000.529,4311848.0,9416.659,44.651974,,,,,,
1783538000.531,4311853.0,9417.369,44.649921,,,,,,
1783538000.532,4311858.0,9416.761,44.649059,,,,,,
1783538000.532,4311863.0,9417.234,44.64769,,,,,,
1783538000.533,4311868.0,9417.303,44.644871,,,,,,
1783538000.534,4311873.0,9416.727,44.646534,,,,,,
1783538000.534,4311878.0,9416.389,44.64489,,,,,,
1783538000.535,4311883.0,9416.997,44.643131,,,,,,
1783538000.535,4311888.0,9416.591,44.641685,,,,,,
1783538000.536,4311893.0,9416.523,44.644501,,,,,,
1783538000.537,4311898.0,9417.133,44.642738,,,,,,
1783538000.537,4311903.0,9416.896,44.646046,,,,,,
1783538000.538,4311908.0,9416.354,44.650238,,,,,,
1783538000.539,4311913.0,9417.065,44.648178,,,,,,
1783538000.539,4311918.0,9417.471,44.644382,,,,,,
1783538000.540,4311923.0,9416.186,44.648098,,,,,,
1783538000.540,4311928.0,9416.456,44.647316,,,,,,
1783538000.541,4311933.0,9417.031,44.645653,,,,,,
1783538000.542,4311938.0,9416.186,44.650723,,,,,,
1783538000.542,4311943.0,9416.051,44.653732,,,,,,
1783538000.543,4311948.0,9417.303,44.650116,,,,,,
1783538000.543,4311953.0,9417.303,44.650116,,,,,,
1783538000.544,4311958.0,9416.795,44.651581,,,,,,
1783538000.545,4311963.0,9417.572,44.646713,,,,,,
1783538000.545,4311968.0,9417.708,44.646324,,,,,,
1783538000.546,4311973.0,9416.625,44.649452,,,,,,
1783538000.547,4311978.0,9416.151,44.650822,,,,,,
1783538000.548,4311983.0,9416.727,44.649158,,,,,,
1783538000.548,4311988.0,9416.186,44.653343,,,,,,
1783538000.549,4311993.0,9415.982,44.653931,,,,,,
1783538000.550,4311998.0,9416.963,44.648476,,,,,,
1783538000.551,4312003.0,9417.335,44.644775,,,,,,
1783538000.552,4312008.0,9417.132,44.645363,,,,,,
1783538000.552,4312013.0,9417.336,44.644772,,,,,,
1783538000.553,4312018.0,9417.2,44.642544,,,,,,
1783538000.553,4312023.0,9416.253,44.647903,,,,,,
1783538000.554,4312028.0,9416.219,44.650627,,,,,,
1783538000.555,4312033.0,9415.982,44.648685,,,,,,
1783538000.555,4312038.0,9415.644,44.649662,,,,,,
1783538000.556,4312043.0,9415.914,44.64888,,,,,,
1783538000.556,4312048.0,9416.861,44.646145,,,,,,
1783538000.557,4312053.0,9416.625,44.646828,,,,,,
1783538000.558,4312058.0,9416.659,44.649353,,,,,,
1783538000.558,4312063.0,9416.828,44.648865,,,,,,
1783538000.559,4312068.0,9416.827,44.651489,,,,,,
1783538000.559,4312073.0,9415.813,44.651798,,,,,,
1783538000.560,4312078.0,9416.321,44.647705,,,,,,
1783538000.561,4312083.0,9416.659,44.646729,,,,,,
1783538000.561,4312088.0,9416.692,44.646633,,,,,,
1783538000.562,4312093.0,9416.761,44.646435,,,,,,
1783538000.562,4312098.0,9417.708,44.646324,,,,,,
1783538000.564,4312103.0,9417.268,44.647594,,,,,,
1783538000.564,4312108.0,9417.031,44.648277,,,,,,
1783538000.565,4312113.0,9417.64,44.643894,,,,,,
1783538000.566,4312118.0,9417.369,44.642056,,,,,,
1783538000.567,4312123.0,9416.693,44.644009,,,,,,
1783538000.568,4312128.0,9416.964,44.645847,,,,,,
1783538000.568,4312133.0,9417.099,44.645458,,,,,,
1783538000.569,4312138.0,9416.693,44.649254,,,,,,
1783538000.569,4312143.0,9416.761,44.649059,,,,,,
1783538000.570,4312148.0,9417.234,44.64769,,,,,,
1783538000.571,4312153.0,9416.727,44.649158,,,,,,
1783538000.571,4312158.0,9416.522,44.64975,,,,,,
1783538000.572,4312163.0,9416.794,44.646339,,,,,,
1783538000.572,4312168.0,9416.929,44.64595,,,,,,
1783538000.573,4312173.0,9416.084,44.645771,,,,,,
1783538000.574,4312178.0,9415.678,44.646942,,,,,,
1783538000.574,4312183.0,9415.678,44.646942,,,,,,
1783538000.575,4312188.0,9414.731,44.652298,,,,,,
1783538000.576,4312193.0,9414.63,44.652592,,,,,,
1783538000.577,4312198.0,9415.813,44.649174,,,,,,
1783538000.577,4312203.0,9416.422,44.647415,,,,,,
1783538000.578,4312208.0,9416.016,44.645969,,,,,,
1783538000.579,4312213.0,9416.423,44.64217,,,,,,
1783538000.579,4312218.0,9416.32,44.645088,,,,,,
1783538000.580,4312223.0,9415.104,44.651222,,,,,,
1783538000.581,4312228.0,9414.867,44.651905,,,,,,
1783538000.582,4312233.0,9415.881,44.651604,,,,,,
1783538000.582,4312238.0,9415.645,44.654907,,,,,,
1783538000.583,4312243.0,9415.712,44.652092,,,,,,
1783538000.583,4312248.0,9416.49,44.649841,,,,,,
1783538000.584,4312253.0,9416.117,44.650921,,,,,,
1783538000.585,4312258.0,9415.51,44.652676,,,,,,
1783538000.585,4312263.0,9415.916,44.651501,,,,,,
1783538000.586,4312268.0,9415.475,44.655396,,,,,,
1783538000.586,4312273.0,9415.035,44.656666,,,,,,
1783538000.587,4312278.0,9416.354,44.650234,,,,,,
1783538000.588,4312283.0,9417.064,44.645557,,,,,,
1783538000.588,4312288.0,9416.963,44.645851,,,,,,
1783538000.589,4312293.0,9417.641,44.643894,,,,,,
1783538000.589,4312298.0,9418.08,44.642624,,,,,,
1783538000.590,4312303.0,9417.268,44.647594,,,,,,
1783538000.591,4312308.0,9416.456,44.652561,,,,,,
1783538000.591,4312313.0,9416.523,44.652367,,,,,,
1783538000.592,4312318.0,9416.253,44.653149,,,,,,
1783538000.592,4312323.0,9415.407,44.65559,,,,,,
1783538000.593,4312328.0,9415.205,44.653553,,,,,,
1783538000.594,4312333.0,9415.34,44.650539,,,,,,
1783538000.594,4312338.0,9414.731,44.652298,,,,,,
1783538000.595,4312343.0,9414.833,44.652004,,,,,,
1783538000.595,4312348.0,9415.746,44.649368,,,,,,
1783538000.596,4312353.0,9416.287,44.650429,,,,,,
1783538000.597,4312358.0,9416.287,44.653049,,,,,,
1783538000.598,4312363.0,9416.997,44.650997,,,,,,
1783538000.599,4312368.0,9416.658,44.651978,,,,,,
1783538000.599,4312373.0,9415.745,44.654613,,,,,,
1783538000.600,4312378.0,9415.611,44.655003,,,,,,
1783538000.601,4312383.0,9415.475,44.655396,,,,,,
1783538000.601,4312388.0,9415.104,44.656467,,,,,,
1783538000.602,4312393.0,9415.137,44.656372,,,,,,
1783538000.603,4312398.0,9415.948,44.651409,,,,,,
1783538000.603,4312403.0,9416.117,44.650921,,,,,,
1783538000.604,4312408.0,9416.32,44.650333,,,,,,
1783538000.604,4312413.0,9416.523,44.647121,,,,,,
1783538000.605,4312418.0,9416.861,44.646145,,,,,,
1783538000.606,4312423.0,9416.084,44.651016,,,,,,
1783538000.606,4312428.0,9416.219,44.650627,,,,,,
1783538000.607,4312433.0,9416.219,44.650627,,,,,,
1783538000.608,4312438.0,9416.15,44.653442,,,,,,
1783538000.608,4312443.0,9416.253,44.653149,,,,,,
1783538000.609,4312448.0,9417.369,44.649921,,,,,,
1783538000.609,4312453.0,9417.064,44.650803,,,,,,
1783538000.610,4312458.0,9416.456,44.64994,,,,,,
1783538000.611,4312463.0,9416.354,44.64761,,,,,,
1783538000.611,4312468.0,9416.151,44.648197,,,,,,
1783538000.612,4312473.0,9415.272,44.650734,,,,,,
1783538000.612,4312478.0,9415.271,44.650738,,,,,,
1783538000.613,4312483.0,9415.678,44.652187,,,,,,
1783538000.614,4312488.0,9415.475,44.655396,,,,,,
1783538000.615,4312493.0,9415.542,44.655201,,,,,,
1783538000.616,4312498.0,9416.287,44.653049,,,,,,
1783538000.616,4312503.0,9416.354,44.650238,,,,,,
1783538000.617,4312508.0,9416.389,44.650135,,,,,,
1783538000.618,4312513.0,9416.727,44.649158,,,,,,
1783538000.618,4312518.0,9416.455,44.649944,,,,,,
1783538000.619,4312523.0,9415.712,44.652092,,,,,,
1783538000.619,4312528.0,9415.068,44.65657,,,,,,
1783538000.620,4312533.0,9415.644,44.652287,,,,,,
1783538000.621,4312538.0,9415.745,44.651993,,,,,,
1783538000.621,4312543.0,9415.745,44.651993,,,,,,
1783538000.622,4312548.0,9416.524,44.647118,,,,,,
1783538000.622,4312553.0,9416.287,44.645184,,,,,,
1783538000.623,4312558.0,9415.779,44.649273,,,,,,
1783538000.624,4312563.0,9415.779,44.649273,,,,,,
1783538000.624,4312568.0,9416.117,44.648296,,,,,,
1783538000.625,4312573.0,9415.373,44.653069,,,,,,
1783538000.625,4312578.0,9416.354,44.650234,,,,,,
1783538000.626,4312583.0,9416.794,44.646339,,,,,,
1783538000.627,4312588.0,9416.997,44.643131,,,,,,
1783538000.627,4312593.0,9416.963,44.64323,,,,,,
1783538000.628,4312598.0,9417.775,44.640884,,,,,,
1783538000.628,4312603.0,9417.471,44.644382,,,,,,
1783538000.629,4312608.0,9417.268,44.647594,,,,,,
1783538000.630,4312613.0,9416.896,44.651287,,,,,,
1783538000.631,4312618.0,9416.321,44.65033,,,,,,
1783538000.632,4312623.0,9415.307,44.653263,,,,,,
1783538000.633,4312628.0,9415.475,44.652775,,,,,,
1783538000.633,4312633.0,9415.644,44.649662,,,,,,
1783538000.634,4312638.0,9415.915,44.646259,,,,,,
1783538000.634,4312643.0,9416.253,44.645283,,,,,,
1783538000.635,4312648.0,9417.302,44.64225,,,,,,
1783538000.636,4312653.0,9417.268,44.642349,,,,,,
1783538000.636,4312658.0,9416.692,44.646633,,,,,,
1783538000.637,4312663.0,9416.997,44.648376,,,,,,
1783538000.637,4312668.0,9417.64,44.649139,,,,,,
1783538000.638,4312673.0,9416.558,44.652267,,,,,,
1783538000.639,4312678.0,9416.896,44.651287,,,,,,
1783538000.639,4312683.0,9417.438,44.649723,,,,,,
1783538000.640,4312688.0,9417.166,44.647888,,,,,,
1783538000.640,4312693.0,9416.253,44.650528,,,,,,
1783538000.641,4312698.0,9417.233,44.647694,,,,,,
1783538000.642,4312703.0,9416.827,44.648869,,,,,,
1783538000.642,4312708.0,9415.982,44.65131,,,,,,
1783538000.643,4312713.0,9416.05,44.653736,,,,,,
1783538000.643,4312718.0,9416.219,44.653248,,,,,,
1783538000.644,4312723.0,9414.866,44.657154,,,,,,
1783538000.645,4312728.0,9414.765,44.657448,,,,,,
1783538000.646,4312733.0,9415.678,44.652187,,,,,,
1783538000.647,4312738.0,9415.205,44.653553,,,,,,
1783538000.647,4312743.0,9415.408,44.652969,,,,,,
1783538000.648,4312748.0,9416.625,44.649452,,,,,,
1783538000.649,4312753.0,9416.658,44.649357,,,,,,
1783538000.649,4312758.0,9415.982,44.65131,,,,,,
1783538000.650,4312763.0,9416.422,44.65004,,,,,,
1783538000.651,4312768.0,9416.795,44.646336,,,,,,
1783538000.651,4312773.0,9415.745,44.649368,,,,,,
1783538000.652,4312778.0,9415.645,44.649662,,,,,,
1783538000.652,4312783.0,9416.456,44.64994,,,,,,
1783538000.653,4312788.0,9416.389,44.650135,,,,,,
1783538000.654,4312793.0,9415.846,44.654324,,,,,,
1783538000.654,4312798.0,9417.505,44.649529,,,,,,
1783538000.655,4312803.0,9417.572,44.649334,,,,,,
1783538000.655,4312808.0,9416.93,44.648571,,,,,,
1783538000.656,4312813.0,9417.099,44.645458,,,,,,
1783538000.657,4312818.0,9417.166,44.645264,,,,,,
1783538000.657,4312823.0,9415.813,44.649174,,,,,,
1783538000.658,4312828.0,9415.914,44.646259,,,,,,
1783538000.658,4312833.0,9415.576,44.647236,,,,,,
1783538000.659,4312838.0,9415.339,44.647923,,,,,,
1783538000.659,4312843.0,9415.339,44.645302,,,,,,
1783538000.660,4312848.0,9416.456,44.642075,,,,,,
1783538000.661,4312853.0,9416.253,44.645283,,,,,,
1783538000.662,4312858.0,9415.915,44.64888,,,,,,
1783538000.662,4312863.0,9416.151,44.650822,,,,,,
1783538000.663,4312868.0,9416.05,44.653736,,,,,,
1783538000.664,4312873.0,9415.238,44.656078,,,,,,
1783538000.665,4312878.0,9415.576,44.655102,,,,,,
1783538000.665,4312883.0,9416.522,44.64975,,,,,,
1783538000.666,4312888.0,9416.049,44.648491,,,,,,
1783538000.667,4312893.0,9416.354,44.647614,,,,,,
1783538000.667,4312898.0,9416.827,44.646244,,,,,,
1783538000.668,4312903.0,9416.692,44.646633,,,,,,
1783538000.668,4312908.0,9416.692,44.649258,,,,,,
1783538000.669,4312913.0,9416.896,44.651291,,,,,,
1783538000.670,4312918.0,9416.658,44.649357,,,,,,
1783538000.670,4312923.0,9415.847,44.651699,,,,,,
1783538000.671,4312928.0,9415.779,44.651897,,,,,,
1783538000.671,4312933.0,9415.915,44.651505,,,,,,
1783538000.672,4312938.0,9415.61,44.652382,,,,,,
1783538000.673,4312943.0,9415.678,44.654808,,,,,,
1783538000.673,4312948.0,9416.625,44.652073,,,,,,
1783538000.674,4312953.0,9416.896,44.64867,,,,,,
1783538000.674,4312958.0,9416.658,44.646732,,,,,,
1783538000.675,4312963.0,9416.625,44.646828,,,,,,
1783538000.676,4312968.0,9416.489,44.647221,,,,,,
1783538000.677,4312973.0,9415.576,44.649857,,,,,,
1783538000.678,4312978.0,9415.745,44.651993,,,,,,
1783538000.678,4312983.0,9416.253,44.650528,,,,,,
1783538000.679,4312988.0,9416.455,44.649944,,,,,,
1783538000.680,4312993.0,9416.05,44.651115,,,,,,
1783538000.680,4312998.0,9416.93,44.648571,,,,,,
1783538000.681,4313003.0,9416.354,44.650234,,,,,,
1783538000.682,4313008.0,9415.813,44.654419,,,,,,
1783538000.683,4313013.0,9416.117,44.653542,,,,,,
1783538000.683,4313018.0,9416.76,44.649063,,,,,,
1783538000.684,4313023.0,9416.15,44.648197,,,,,,
1783538000.684,4313028.0,9416.423,44.647411,,,,,,
1783538000.685,4313033.0,9416.692,44.646633,,,,,,
1783538000.686,4313038.0,9416.523,44.647121,,,,,,
1783538000.686,4313043.0,9415.848,44.651699,,,,,,
1783538000.687,4313048.0,9416.964,44.651093,,,,,,
1783538000.687,4313053.0,9416.896,44.648666,,,,,,
1783538000.688,4313058.0,9416.118,44.648293,,,,,,
1783538000.689,4313063.0,9415.645,44.647041,,,,,,
1783538000.689,4313068.0,9415.712,44.644226,,,,,,
1783538000.690,4313073.0,9414.46,44.647842,,,,,,
1783538000.690,4313078.0,9414.325,44.650852,,,,,,
1783538000.691,4313083.0,9414.967,44.651619,,,,,,
1783538000.692,4313088.0,9415.271,44.653362,,,,,,
1783538000.693,4313093.0,9416.287,44.653049,,,,,,
1783538000.694,4313098.0,9417.572,44.646713,,,,,,
1783538000.695,4313103.0,9417.269,44.647591,,,,,,
1783538000.696,4313108.0,9417.2,44.647789,,,,,,
1783538000.697,4313113.0,9417.268,44.647594,,,,,,
1783538000.698,4313118.0,9417.166,44.647888,,,,,,
1783538000.699,4313123.0,9415.914,44.654125,,,,,,
1783538000.699,4313128.0,9416.489,44.652466,,,,,,
1783538000.700,4313133.0,9416.727,44.651779,,,,,,
1783538000.701,4313138.0,9416.658,44.651978,,,,,,
1783538000.701,4313143.0,9416.455,44.652565,,,,,,
1783538000.702,4313148.0,9417.064,44.650803,,,,,,
1783538000.703,4313153.0,9416.489,44.652466,,,,,,
1783538000.703,4313158.0,9416.286,44.650433,,,,,,
1783538000.704,4313163.0,9416.591,44.646927,,,,,,
1783538000.705,4313168.0,9416.625,44.646828,,,,,,
1783538000.705,4313173.0,9415.881,44.648979,,,,,,
1783538000.706,4313178.0,9416.186,44.645477,,,,,,
1783538000.707,4313183.0,9416.186,44.645477,,,,,,
1783538000.707,4313188.0,9415.813,44.649174,,,,,,
1783538000.708,4313193.0,9415.204,44.650932,,,,,,
1783538000.708,4313198.0,9415.712,44.649467,,,,,,
1783538000.709,4313203.0,9415.609,44.652386,,,,,,
1783538000.710,4313208.0,9415.509,44.655296,,,,,,
1783538000.710,4313213.0,9415.847,44.651699,,,,,,
1783538000.711,4313218.0,9416.523,44.649746,,,,,,
1783538000.712,4313223.0,9416.253,44.650528,,,,,,
1783538000.712,4313228.0,9416.558,44.649647,,,,,,
1783538000.713,4313233.0,9416.963,44.648476,,,,,,
1783538000.714,4313238.0,9416.727,44.651779,,,,,,
1783538000.715,4313243.0,9416.896,44.651287,,,,,,
1783538000.716,4313248.0,9417.572,44.649334,,,,,,
1783538000.717,4313253.0,9417.741,44.648846,,,,,,
1783538000.718,4313258.0,9417.505,44.646908,,,,,,
1783538000.718,4313263.0,9418.317,44.641937,,,,,,
1783538000.719,4313268.0,9417.979,44.640297,,,,,,
1783538000.719,4313273.0,9416.896,44.640804,,,,,,
1783538000.720,4313278.0,9416.963,44.64061,,,,,,
1783538000.721,4313283.0,9416.997,44.643131,,,,,,
1783538000.722,4313288.0,9416.795,44.646336,,,,,,
1783538000.724,4313293.0,9417.2,44.647789,,,,,,
1783538000.725,4313298.0,9418.045,44.647968,,,,,,
1783538000.726,4313303.0,9417.606,44.649235,,,,,,
1783538000.726,4313308.0,9416.794,44.648964,,,,,,
1783538000.727,4313313.0,9416.084,44.651016,,,,,,
1783538000.728,4313318.0,9415.948,44.651409,,,,,,
1783538000.728,4313323.0,9414.968,44.651615,,,,,,
1783538000.729,4313328.0,9415.104,44.648602,,,,,,
1783538000.730,4313333.0,9415.678,44.646942,,,,,,
1783538000.730,4313338.0,9416.389,44.64489,,,,,,
1783538000.731,4313343.0,9415.779,44.644032,,,,,,
1783538000.732,4313348.0,9416.93,44.643326,,,,,,
1783538000.733,4313353.0,9417.099,44.645458,,,,,,
1783538000.733,4313358.0,9416.523,44.649746,,,,,,
1783538000.734,4313363.0,9416.389,44.650135,,,,,,
1783538000.735,4313368.0,9416.455,44.652565,,,,,,
1783538000.735,4313373.0,9415.51,44.652676,,,,,,
1783538000.736,4313378.0,9415.542,44.649956,,,,,,
1783538000.737,4313383.0,9416.692,44.644012,,,,,,
1783538000.737,4313388.0,9416.455,44.642078,,,,,,
1783538002.208,4313393.0,9416.827,44.641003,,,,,,
1783538002.209,4313398.0,9417.842,44.64069,,,,,,
1783538002.210,4313403.0,9417.505,44.644283,,,,,,
1783538002.210,4313408.0,9416.591,44.646927,,,,,,
1783538002.211,4313413.0,9416.354,44.650234,,,,,,
1783538002.212,4313418.0,9416.49,44.649841,,,,,,
1783538002.213,4313423.0,9415.915,44.651505,,,,,,
1783538002.214,4313428.0,9416.523,44.649746,,,,,,
1783538002.215,4313433.0,9417.268,44.650215,,,,,,
1783538002.215,4313438.0,9417.336,44.650017,,,,,,
1783538002.216,4313443.0,9417.099,44.650703,,,,,,
1783538002.217,4313448.0,9418.045,44.645348,,,,,,
1783538002.218,4313453.0,9417.607,44.64399,,,,,,
1783538002.219,4313458.0,9417.031,44.645653,,,,,,
1783538002.220,4313463.0,9417.336,44.644772,,,,,,
1783538002.220,4313468.0,9417.2,44.642544,,,,,,
1783538002.221,4313473.0,9415.475,44.64753,,,,,,
1783538002.222,4313478.0,9416.017,44.645966,,,,,,
1783538002.223,4313483.0,9416.761,44.643814,,,,,,
1783538002.223,4313488.0,9416.354,44.644989,,,,,,
1783538002.224,4313493.0,9416.523,44.647121,,,,,,
1783538002.225,4313498.0,9417.979,44.645542,,,,,,
1783538002.226,4313503.0,9417.844,44.648552,,,,,,
1783538002.227,4313508.0,9417.167,44.647884,,,,,,
1783538002.227,4313513.0,9417.133,44.647984,,,,,,
1783538002.228,4313518.0,9417.335,44.6474,,,,,,
1783538002.229,4313523.0,9415.848,44.651699,,,,,,
1783538002.230,4313528.0,9415.847,44.649075,,,,,,
1783538002.231,4313533.0,9416.151,44.648197,,,,,,
1783538002.231,4313538.0,9416.084,44.648392,,,,,,
1783538002.232,4313543.0,9415.475,44.65015,,,,,,
1783538002.233,4313548.0,9416.93,44.645947,,,,,,
1783538002.233,4313553.0,9416.727,44.649158,,,,,,
1783538002.234,4313558.0,9416.389,44.652756,,,,,,
1783538002.234,4313563.0,9416.658,44.651978,,,,,,
1783538002.235,4313568.0,9416.659,44.651974,,,,,,
1783538002.236,4313573.0,9415.475,44.652775,,,,,,
1783538002.236,4313578.0,9415.307,44.653263,,,,,,
1783538002.237,4313583.0,9415.881,44.651604,,,,,,
1783538002.238,4313588.0,9415.779,44.651897,,,,,,
1783538002.238,4313593.0,9416.118,44.650917,,,,,,
1783538002.239,4313598.0,9417.302,44.647495,,,,,,
1783538002.240,4313603.0,9417.2,44.647789,,,,,,
1783538002.240,4313608.0,9416.49,44.649841,,,,,,
1783538002.241,4313613.0,9416.523,44.649746,,,,,,
1783538002.242,4313618.0,9416.253,44.650528,,,,,,
1783538002.242,4313623.0,9414.9,44.657055,,,,,,
1783538002.243,4313628.0,9415.137,44.656372,,,,,,
1783538002.243,4313633.0,9415.373,44.655689,,,,,,
1783538002.244,4313638.0,9415.373,44.653069,,,,,,
1783538002.245,4313643.0,9415.475,44.652775,,,,,,
1783538002.245,4313648.0,9416.456,44.64994,,,,,,
1783538002.246,4313653.0,9416.388,44.650139,,,,,,
1783538002.247,4313658.0,9416.117,44.650921,,,,,,
1783538002.247,4313663.0,9416.252,44.650528,,,,,,
1783538002.248,4313668.0,9416.219,44.648003,,,,,,
1783538002.248,4313673.0,9415.271,44.648117,,,,,,
1783538002.249,4313678.0,9415.171,44.648407,,,,,,
1783538002.250,4313683.0,9415.576,44.647236,,,,,,
1783538002.250,4313688.0,9415.611,44.649757,,,,,,
1783538002.251,4313693.0,9416.049,44.651115,,,,,,
1783538002.252,4313698.0,9416.861,44.648769,,,,,,
1783538002.252,4313703.0,9416.489,44.649845,,,,,,
1783538002.253,4313708.0,9416.253,44.650528,,,,,,
1783538002.253,4313713.0,9416.287,44.650429,,,,,,
1783538002.254,4313718.0,9415.847,44.651699,,,,,,
1783538002.255,4313723.0,9415.035,44.656666,,,,,,
1783538002.255,4313728.0,9415.373,44.653069,,,,,,
1783538002.257,4313733.0,9415.373,44.650444,,,,,,
1783538002.258,4313738.0,9415.17,44.648411,,,,,,
1783538002.259,4313743.0,9415.002,44.646275,,,,,,
1783538002.260,4313748.0,9416.05,44.64325,,,,,,
1783538002.261,4313753.0,9416.354,44.642368,,,,,,
1783538002.262,4313758.0,9416.354,44.642368,,,,,,
1783538002.263,4313763.0,9416.354,44.642368,,,,,,
1783538002.263,4313768.0,9416.658,44.644112,,,,,,
1783538002.264,4313773.0,9415.949,44.64616,,,,,,
1783538002.265,4313778.0,9415.745,44.649368,,,,,,
1783538002.266,4313783.0,9415.847,44.651699,,,,,,
1783538002.267,4313788.0,9415.813,44.654419,,,,,,
1783538002.267,4313793.0,9415.644,44.654907,,,,,,
1783538002.268,4313798.0,9416.658,44.649357,,,,,,
1783538002.269,4313803.0,9416.455,44.649944,,,,,,
1783538002.270,4313808.0,9415.915,44.651505,,,,,,
1783538002.270,4313813.0,9415.745,44.651993,,,,,,
1783538002.271,4313818.0,9415.779,44.651897,,,,,,
1783538002.273,4313823.0,9414.865,44.657158,,,,,,
1783538002.274,4313828.0,9415.17,44.656277,,,,,,
1783538002.275,4313833.0,9416.016,44.653835,,,,,,
1783538002.276,4313838.0,9416.32,44.652954,,,,,,
1783538002.277,4313843.0,9417.031,44.650898,,,,,,
1783538002.278,4313848.0,9418.013,44.645443,,,,,,
1783538002.278,4313853.0,9417.708,44.646324,,,,,,
1783538002.279,4313858.0,9416.658,44.646732,,,,,,
1783538002.281,4313863.0,9417.064,44.645557,,,,,,
1783538002.282,4313868.0,9416.422,44.647415,,,,,,
1783538002.283,4313873.0,9415.205,44.650928,,,,,,
1783538002.283,4313878.0,9415.171,44.651028,,,,,,
1783538002.284,4313883.0,9415.915,44.651505,,,,,,
1783538002.285,4313888.0,9415.779,44.651897,,,,,,
1783538002.286,4313893.0,9415.543,44.65258,,,,,,
1783538002.287,4313898.0,9416.354,44.652855,,,,,,
1783538002.288,4313903.0,9416.828,44.651485,,,,,,
1783538002.289,4313908.0,9416.93,44.651192,,,,,,
1783538002.289,4313913.0,9416.93,44.651192,,,,,,
1783538002.290,4313918.0,9417.606,44.646614,,,,,,
1783538002.291,4313923.0,9416.524,44.649742,,,,,,
1783538002.292,4313928.0,9416.017,44.651211,,,,,,
1783538002.292,4313933.0,9416.389,44.650135,,,,,,
1783538002.293,4313938.0,9416.253,44.650528,,,,,,
1783538002.294,4313943.0,9415.746,44.651993,,,,,,
1783538002.295,4313948.0,9417.438,44.647102,,,,,,
1783538002.295,4313953.0,9417.809,44.64603,,,,,,
1783538002.296,4313958.0,9416.896,44.64867,,,,,,
1783538002.297,4313963.0,9416.389,44.650135,,,,,,
1783538002.298,4313968.0,9416.151,44.650822,,,,,,
1783538002.298,4313973.0,9415.103,44.651226,,,,,,
1783538002.299,4313978.0,9415.204,44.650932,,,,,,
1783538002.300,4313983.0,9415.779,44.646652,,,,,,
1783538002.300,4313988.0,9416.287,44.645184,,,,,,
1783538002.302,4313993.0,9416.727,44.646534,,,,,,
1783538002.303,4313998.0,9417.641,44.646519,,,,,,
1783538002.304,4314003.0,9417.2,44.645164,,,,,,
1783538002.305,4314008.0,9416.997,44.645752,,,,,,
1783538002.305,4314013.0,9416.389,44.64489,,,,,,
1783538002.306,4314018.0,9416.287,44.645184,,,,,,
1783538002.307,4314023.0,9415.171,44.648407,,,,,,
1783538002.308,4314028.0,9415.373,44.650444,,,,,,
1783538002.308,4314033.0,9415.779,44.651897,,,,,,
1783538002.309,4314038.0,9416.354,44.652855,,,,,,
1783538002.310,4314043.0,9416.693,44.651875,,,,,,
1783538002.310,4314048.0,9417.911,44.648357,,,,,,
1783538002.311,4314053.0,9417.572,44.646713,,,,,,
1783538002.312,4314058.0,9417.369,44.647301,,,,,,
1783538002.312,4314063.0,9417.302,44.647495,,,,,,
1783538002.313,4314068.0,9416.828,44.648865,,,,,,
1783538002.314,4314073.0,9415.813,44.651798,,,,,,
1783538002.314,4314078.0,9416.522,44.64975,,,,,,
1783538002.315,4314083.0,9416.76,44.649063,,,,,,
1783538002.316,4314088.0,9416.422,44.647415,,,,,,
1783538002.316,4314093.0,9416.523,44.647121,,,,,,
1783538002.317,4314098.0,9417.335,44.644775,,,,,,
1783538002.318,4314103.0,9417.2,44.647789,,,,,,
1783538002.319,4314108.0,9416.828,44.648865,,,,,,
1783538002.319,4314113.0,9417.064,44.648182,,,,,,
1783538002.320,4314118.0,9417.335,44.6474,,,,,,
1783538002.321,4314123.0,9416.558,44.649647,,,,,,
1783538002.321,4314128.0,9416.455,44.649944,,,,,,
1783538002.322,4314133.0,9416.76,44.649063,,,,,,
1783538002.323,4314138.0,9416.625,44.652073,,,,,,
1783538002.323,4314143.0,9417.031,44.650898,,,,,,
1783538002.324,4314148.0,9417.877,44.648457,,,,,,
1783538002.324,4314153.0,9418.451,44.646797,,,,,,
1783538002.325,4314158.0,9418.013,44.648064,,,,,,
1783538002.326,4314163.0,9418.316,44.647186,,,,,,
1783538002.326,4314168.0,9417.979,44.648163,,,,,,
1783538002.327,4314173.0,9416.49,44.649841,,,,,,
1783538002.328,4314178.0,9416.253,44.650528,,,,,,
1783538002.328,4314183.0,9416.456,44.64994,,,,,,
1783538002.329,4314188.0,9416.084,44.648392,,,,,,
1783538002.330,4314193.0,9416.05,44.648491,,,,,,
1783538002.331,4314198.0,9417.572,44.646713,,,,,,
1783538002.332,4314203.0,9417.438,44.647102,,,,,,
1783538002.332,4314208.0,9417.2,44.645164,,,,,,
1783538002.333,4314213.0,9417.031,44.645653,,,,,,
1783538002.334,4314218.0,9416.828,44.64624,,,,,,
1783538002.334,4314223.0,9416.084,44.648392,,,,,,
1783538002.335,4314228.0,9416.084,44.645771,,,,,,
1783538002.336,4314233.0,9417.064,44.642937,,,,,,
1783538002.336,4314238.0,9417.641,44.643894,,,,,,
1783538002.337,4314243.0,9418.216,44.642231,,,,,,
1783538002.338,4314248.0,9418.385,44.641743,,,,,,
1783538002.338,4314253.0,9417.945,44.643013,,,,,,
1783538002.339,4314258.0,9416.93,44.645947,,,,,,
1783538002.340,4314263.0,9416.861,44.643524,,,,,,
1783538002.340,4314268.0,9416.389,44.64489,,,,,,
1783538002.341,4314273.0,9416.016,44.645969,,,,,,
1783538002.342,4314278.0,9415.779,44.649273,,,,,,
1783538002.343,4314283.0,9416.32,44.647709,,,,,,
1783538002.343,4314288.0,9416.084,44.648392,,,,,,
1783538002.344,4314293.0,9415.982,44.648685,,,,,,
1783538002.345,4314298.0,9416.795,44.646336,,,,,,
1783538002.345,4314303.0,9417.064,44.645557,,,,,,
1783538002.346,4314308.0,9416.693,44.649254,,,,,,
1783538002.347,4314313.0,9416.896,44.651291,,,,,,
1783538002.348,4314318.0,9416.592,44.652168,,,,,,
1783538002.348,4314323.0,9415.475,44.655396,,,,,,
1783538002.349,4314328.0,9415.61,44.655003,,,,,,
1783538002.350,4314333.0,9416.05,44.653736,,,,,,
1783538002.350,4314338.0,9415.644,44.654907,,,,,,
1783538002.351,4314343.0,9416.422,44.65266,,,,,,
1783538002.352,4314348.0,9417.505,44.646908,,,,,,
1783538002.352,4314353.0,9417.064,44.648182,,,,,,
1783538002.353,4314358.0,9416.422,44.65004,,,,,,
1783538002.354,4314363.0,9416.523,44.649746,,,,,,
1783538002.354,4314368.0,9416.016,44.651215,,,,,,
1783538002.355,4314373.0,9415.068,44.65657,,,,,,
1783538002.355,4314378.0,9415.543,44.655201,,,,,,
1783538002.356,4314383.0,9416.151,44.653442,,,,,,
1783538002.357,4314388.0,9416.389,44.650135,,,,,,
1783538002.357,4314393.0,9416.793,44.648968,,,,,,
1783538002.358,4314398.0,9417.708,44.646324,,,,,,
1783538002.359,4314403.0,9417.572,44.646713,,,,,,
1783538002.359,4314408.0,9417.302,44.644871,,,,,,
1783538002.360,4314413.0,9417.268,44.64497,,,,,,
1783538002.361,4314418.0,9417.166,44.642643,,,,,,
1783538002.361,4314423.0,9415.576,44.647236,,,,,,
1783538002.362,4314428.0,9415.949,44.64616,,,,,,
1783538002.362,4314433.0,9416.321,44.645084,,,,,,
1783538002.364,4314438.0,9416.119,44.648289,,,,,,
1783538002.364,4314443.0,9416.186,44.650723,,,,,,
1783538002.365,4314448.0,9418.182,44.644955,,,,,,
1783538002.366,4314453.0,9417.708,44.646324,,,,,,
1783538002.366,4314458.0,9417.064,44.648182,,,,,,
1783538002.367,4314463.0,9417.234,44.645065,,,,,,
1783538002.368,4314468.0,9416.93,44.645947,,,,,,
1783538002.368,4314473.0,9415.271,44.648117,,,,,,
1783538002.369,4314478.0,9415.542,44.647335,,,,,,
1783538002.369,4314483.0,9415.847,44.646454,,,,,,
1783538002.370,4314488.0,9415.713,44.646843,,,,,,
1783538002.371,4314493.0,9416.016,44.645969,,,,,,
1783538002.371,4314498.0,9417.437,44.644482,,,,,,
1783538002.372,4314503.0,9417.505,44.641663,,,,,,
1783538002.373,4314508.0,9417.233,44.642448,,,,,,
1783538002.373,4314513.0,9417.166,44.645264,,,,,,
1783538002.374,4314518.0,9416.929,44.64595,,,,,,
1783538002.374,4314523.0,9415.813,44.649174,,,,,,
1783538002.375,4314528.0,9415.645,44.652287,,,,,,
1783538002.376,4314533.0,9415.713,44.654709,,,,,,
1783538002.377,4314538.0,9416.186,44.653343,,,,,,
1783538002.378,4314543.0,9416.016,44.653835,,,,,,
1783538002.378,4314548.0,9416.625,44.649452,,,,,,
1783538002.380,4314553.0,9416.625,44.646828,,,,,,
1783538002.381,4314558.0,9416.489,44.647221,,,,,,
1783538002.382,4314563.0,9415.779,44.649273,,,,,,
1783538002.382,4314568.0,9416.084,44.648392,,,,,,
1783538002.383,4314573.0,9415.475,44.652775,,,,,,
1783538002.384,4314578.0,9414.933,44.656963,,,,,,
1783538002.384,4314583.0,9415.307,44.653263,,,,,,
1783538002.385,4314588.0,9415.576,44.652481,,,,,,
1783538002.386,4314593.0,9415.17,44.653656,,,,,,
1783538002.386,4314598.0,9415.204,44.650932,,,,,,
1783538002.387,4314603.0,9415.678,44.646942,,,,,,
1783538002.388,4314608.0,9415.373,44.650444,,,,,,
1783538002.388,4314613.0,9415.847,44.649075,,,,,,
1783538002.389,4314618.0,9416.049,44.648491,,,,,,
1783538002.390,4314623.0,9415.172,44.653652,,,,,,
1783538002.390,4314628.0,9415.272,44.655979,,,,,,
1783538002.391,4314633.0,9415.848,44.65432,,,,,,
1783538002.392,4314638.0,9415.68,44.654804,,,,,,
1783538002.392,4314643.0,9416.018,44.653828,,,,,,
1783538002.393,4314648.0,9417.504,44.649532,,,,,,
1783538002.393,4314653.0,9417.571,44.649338,,,,,,
1783538002.394,4314658.0,9417.064,44.650803,,,,,,
1783538002.395,4314663.0,9417.302,44.647495,,,,,,
1783538002.395,4314668.0,9416.828,44.648865,,,,,,
1783538002.396,4314673.0,9415.713,44.649464,,,,,,
1783538002.397,4314678.0,9415.713,44.649464,,,,,,
1783538002.398,4314683.0,9416.084,44.648392,,,,,,
1783538002.398,4314688.0,9415.779,44.651897,,,,,,
1783538002.399,4314693.0,9415.712,44.652092,,,,,,
1783538002.399,4314698.0,9417.2,44.65041,,,,,,
1783538002.400,4314703.0,9417.268,44.650215,,,,,,
1783538002.401,4314708.0,9416.389,44.652756,,,,,,
1783538002.401,4314713.0,9416.186,44.653343,,,,,,
1783538002.402,4314718.0,9416.455,44.652565,,,,,,
1783538002.402,4314723.0,9415.678,44.654808,,,,,,
1783538002.403,4314728.0,9415.948,44.651409,,,,,,
1783538002.404,4314733.0,9416.828,44.64624,,,,,,
1783538002.404,4314738.0,9416.828,44.64362,,,,,,
1783538002.405,4314743.0,9416.828,44.64362,,,,,,
1783538002.405,4314748.0,9417.741,44.64098,,,,,,
1783538002.406,4314753.0,9417.741,44.6436,,,,,,
1783538002.407,4314758.0,9417.2,44.647789,,,,,,
1783538002.407,4314763.0,9417.741,44.648846,,,,,,
1783538002.408,4314768.0,9417.775,44.64875,,,,,,
1783538002.409,4314773.0,9416.389,44.652756,,,,,,
1783538002.409,4314778.0,9415.712,44.654713,,,,,,
1783538002.410,4314783.0,9415.982,44.653931,,,,,,
1783538002.410,4314788.0,9415.475,44.655396,,,,,,
1783538002.411,4314793.0,9415.204,44.656178,,,,,,
1783538002.412,4314798.0,9416.592,44.652168,,,,,,
1783538002.413,4314803.0,9417.099,44.650703,,,,,,
1783538002.414,4314808.0,9417.336,44.650017,,,,,,
1783538002.414,4314813.0,9417.538,44.649433,,,,,,
1783538002.415,4314818.0,9417.775,44.64875,,,,,,
1783538002.416,4314823.0,9416.727,44.651779,,,,,,
1783538002.416,4314828.0,9416.084,44.653637,,,,,,
1783538002.417,4314833.0,9416.151,44.650822,,,,,,
1783538002.417,4314838.0,9415.982,44.65131,,,,,,
1783538002.418,4314843.0,9416.151,44.650822,,,,,,
1783538002.419,4314848.0,9416.828,44.648865,,,,,,
1783538002.419,4314853.0,9417.505,44.646908,,,,,,
1783538002.420,4314858.0,9417.132,44.647987,,,,,,
1783538002.420,4314863.0,9417.2,44.645164,,,,,,
1783538002.421,4314868.0,9416.964,44.645847,,,,,,
1783538002.422,4314873.0,9416.321,44.647705,,,,,,
1783538002.422,4314878.0,9415.848,44.649075,,,,,,
1783538002.423,4314883.0,9416.422,44.65004,,,,,,
1783538002.423,4314888.0,9416.625,44.649452,,,,,,
1783538002.424,4314893.0,9416.76,44.649063,,,,,,
1783538002.425,4314898.0,9417.539,44.646812,,,,,,
1783538002.425,4314903.0,9417.911,44.645737,,,,,,
1783538002.426,4314908.0,9416.998,44.645748,,,,,,
1783538002.427,4314913.0,9416.794,44.648964,,,,,,
1783538002.428,4314918.0,9417.1,44.648079,,,,,,
1783538002.428,4314923.0,9416.151,44.650822,,,,,,
1783538002.429,4314928.0,9416.151,44.650822,,,,,,
1783538002.430,4314933.0,9416.964,44.648472,,,,,,
1783538002.430,4314938.0,9417.031,44.648277,,,,,,
1783538002.431,4314943.0,9416.692,44.649258,,,,,,
1783538002.432,4314948.0,9417.403,44.647202,,,,,,
1783538002.432,4314953.0,9417.233,44.647694,,,,,,
1783538002.433,4314958.0,9416.727,44.649158,,,,,,
1783538002.433,4314963.0,9416.422,44.647415,,,,,,
1783538002.434,4314968.0,9416.287,44.647804,,,,,,
1783538002.434,4314973.0,9415.61,44.649761,,,,,,
1783538002.435,4314978.0,9415.678,44.646942,,,,,,
1783538002.436,4314983.0,9416.354,44.647614,,,,,,
1783538002.436,4314988.0,9415.881,44.651604,,,,,,
1783538002.437,4314993.0,9415.645,44.652287,,,,,,
1783538002.437,4314998.0,9416.084,44.651016,,,,,,
1783538002.438,4315003.0,9415.745,44.651993,,,,,,
1783538002.439,4315008.0,9415.002,44.651516,,,,,,
1783538002.439,4315013.0,9416.253,44.645283,,,,,,
1783538002.440,4315018.0,9416.761,44.641193,,,,,,
1783538002.440,4315023.0,9416.795,44.638474,,,,,,
1783538002.441,4315028.0,9417.099,44.640217,,,,,,
1783538002.442,4315033.0,9417.877,44.640591,,,,,,
1783538002.442,4315038.0,9417.639,44.643898,,,,,,
1783538002.443,4315043.0,9417.369,44.644676,,,,,,
1783538002.444,4315048.0,9418.013,44.645443,,,,,,
1783538002.444,4315053.0,9418.316,44.641941,,,,,,
1783538002.445,4315058.0,9417.674,44.643795,,,,,,
1783538002.445,4315063.0,9417.572,44.644089,,,,,,
1783538002.446,4315068.0,9417.877,44.643211,,,,,,
1783538002.447,4315073.0,9416.692,44.644012,,,,,,
1783538002.448,4315078.0,9416.219,44.648003,,,,,,
1783538002.448,4315083.0,9416.727,44.646534,,,,,,
1783538002.449,4315088.0,9416.151,44.648197,,,,,,
1783538002.450,4315093.0,9416.118,44.650917,,,,,,
1783538002.450,4315098.0,9417.369,44.649921,,,,,,
1783538005.067,4315103.0,9417.505,44.649529,,,,,,
1783538005.069,4315108.0,9417.233,44.647694,,,,,,
1783538005.070,4315113.0,9417.877,44.645836,,,,,,
1783538005.070,4315118.0,9417.842,44.643311,,,,,,
1783538005.071,4315123.0,9416.861,44.643524,,,,,,
1783538005.072,4315128.0,9416.929,44.64333,,,,,,
1783538005.072,4315133.0,9416.625,44.646828,,,,,,
1783538005.073,4315138.0,9416.252,44.647907,,,,,,
1783538005.073,4315143.0,9416.388,44.647514,,,,,,
1783538005.074,4315148.0,9417.268,44.64497,,,,,,
1783538005.075,4315153.0,9416.896,44.646046,,,,,,
1783538005.075,4315158.0,9417.099,44.645458,,,,,,
1783538005.076,4315163.0,9417.2,44.642544,,,,,,
1783538005.078,4315168.0,9416.523,44.647121,,,,,,
1783538005.079,4315173.0,9415.611,44.652382,,,,,,
1783538005.080,4315178.0,9415.881,44.651604,,,,,,
1783538005.081,4315183.0,9416.084,44.651016,,,,,,
1783538005.082,4315188.0,9416.219,44.653248,,,,,,
1783538005.083,4315193.0,9416.455,44.652565,,,,,,
1783538005.084,4315198.0,9416.658,44.649357,,,,,,
1783538005.086,4315203.0,9416.592,44.649548,,,,,,
1783538005.087,4315208.0,9416.455,44.649944,,,,,,
1783538005.087,4315213.0,9416.558,44.647022,,,,,,
1783538005.088,4315218.0,9416.659,44.646729,,,,,,
1783538005.089,4315223.0,9416.591,44.649551,,,,,,
1783538005.090,4315228.0,9417.2,44.645164,,,,,,
1783538005.091,4315233.0,9417.438,44.641857,,,,,,
1783538005.093,4315238.0,9417.031,44.645653,,,,,,
1783538005.094,4315243.0,9417.268,44.64497,,,,,,
1783538005.095,4315248.0,9417.708,44.6437,,,,,,
1783538005.096,4315253.0,9416.929,44.648575,,,,,,
1783538005.097,4315258.0,9416.658,44.651978,,,,,,
1783538005.098,4315263.0,9417.099,44.648083,,,,,,
1783538005.098,4315268.0,9416.726,44.649162,,,,,,
1783538005.099,4315273.0,9415.915,44.651505,,,,,,
1783538005.101,4315278.0,9415.542,44.65258,,,,,,
1783538005.103,4315283.0,9416.017,44.651211,,,,,,
1783538005.104,4315288.0,9415.543,44.655201,,,,,,
1783538005.105,4315293.0,9415.779,44.654518,,,,,,
1783538005.106,4315298.0,9416.22,44.650623,,,,,,
1783538005.107,4315303.0,9416.624,44.649456,,,,,,
1783538005.108,4315308.0,9416.05,44.651115,,,,,,
1783538005.109,4315313.0,9416.354,44.650238,,,,,,
1783538005.110,4315318.0,9416.523,44.649746,,,,,,
1783538005.111,4315323.0,9416.625,44.652073,,,,,,
1783538005.112,4315328.0,9416.389,44.652756,,,,,,
1783538005.113,4315333.0,9416.49,44.652462,,,,,,
1783538005.114,4315338.0,9416.389,44.652756,,,,,,
1783538005.115,4315343.0,9416.389,44.652756,,,,,,
1783538005.116,4315348.0,9416.693,44.651875,,,,,,
1783538005.117,4315353.0,9417.471,44.649628,,,,,,
1783538005.118,4315358.0,9417.065,44.648178,,,,,,
1783538005.119,4315363.0,9416.592,44.649548,,,,,,
1783538005.119,4315368.0,9416.05,44.648491,,,,,,
1783538005.120,4315373.0,9415.238,44.650833,,,,,,
1783538005.121,4315378.0,9414.427,44.653179,,,,,,
1783538005.122,4315383.0,9414.832,44.652008,,,,,,
1783538005.123,4315388.0,9415.238,44.648212,,,,,,
1783538005.123,4315393.0,9415.779,44.646652,,,,,,
1783538005.124,4315398.0,9417.2,44.642544,,,,,,
1783538005.125,4315403.0,9417.674,44.641174,,,,,,
1783538005.126,4315408.0,9416.728,44.64653,,,,,,
1783538005.127,4315413.0,9416.322,44.650326,,,,,,
1783538005.127,4315418.0,9416.151,44.653442,,,,,,
1783538005.128,4315423.0,9414.765,44.654827,,,,,,
1783538005.129,4315428.0,9414.866,44.654533,,,,,,
1783538005.130,4315433.0,9415.914,44.651505,,,,,,
1783538005.130,4315438.0,9415.813,44.651798,,,,,,
1783538005.131,4315443.0,9415.982,44.65131,,,,,,
1783538005.133,4315448.0,9417.201,44.647785,,,,,,
1783538005.134,4315453.0,9417.268,44.64497,,,,,,
1783538005.134,4315458.0,9416.424,44.644787,,,,,,
1783538005.135,4315463.0,9416.862,44.6409,,,,,,
1783538005.136,4315468.0,9416.524,44.641876,,,,,,
1783538005.137,4315473.0,9415.44,44.647629,,,,,,
1783538005.138,4315478.0,9415.306,44.650639,,,,,,
1783538005.139,4315483.0,9416.32,44.650333,,,,,,
1783538005.139,4315488.0,9416.219,44.653248,,,,,,
1783538005.140,4315493.0,9417.133,44.647984,,,,,,
1783538005.141,4315498.0,9417.674,44.64642,,,,,,
1783538005.142,4315503.0,9417.471,44.647007,,,,,,
1783538005.143,4315508.0,9416.693,44.649254,,,,,,
1783538005.143,4315513.0,9416.253,44.650528,,,,,,
1783538005.144,4315518.0,9415.713,44.654709,,,,,,
1783538005.145,4315523.0,9414.9,44.657055,,,,,,
1783538005.146,4315528.0,9415.069,44.656567,,,,,,
1783538005.147,4315533.0,9415.949,44.654026,,,,,,
1783538005.149,4315538.0,9416.76,44.651684,,,,,,
1783538005.150,4315543.0,9416.861,44.65139,,,,,,
1783538005.151,4315548.0,9417.842,44.648556,,,,,,
1783538005.152,4315553.0,9417.944,44.645641,,,,,,
1783538005.154,4315558.0,9416.963,44.648476,,,,,,
1783538005.155,4315563.0,9416.794,44.648964,,,,,,
1783538005.156,4315568.0,9416.861,44.646145,,,,,,
1783538005.157,4315573.0,9415.915,44.64888,,,,,,
1783538005.158,4315578.0,9415.948,44.651409,,,,,,
1783538005.159,4315583.0,9416.761,44.649059,,,,,,
1783538005.160,4315588.0,9416.997,44.648376,,,,,,
1783538005.161,4315593.0,9416.455,44.652565,,,,,,
1783538005.162,4315598.0,9417.199,44.650414,,,,,,
1783538005.163,4315603.0,9417.335,44.6474,,,,,,
1783538005.164,4315608.0,9416.591,44.649551,,,,,,
1783538005.165,4315613.0,9416.658,44.649357,,,,,,
1783538005.166,4315618.0,9416.963,44.648476,,,,,,
1783538005.167,4315623.0,9415.881,44.651604,,,,,,
1783538005.168,4315628.0,9415.543,44.655201,,,,,,
1783538005.169,4315633.0,9416.253,44.653149,,,,,,
1783538005.170,4315638.0,9416.05,44.653736,,,,,,
1783538005.171,4315643.0,9415.205,44.656174,,,,,,
1783538005.171,4315648.0,9416.693,44.651875,,,,,,
1783538005.172,4315653.0,9416.795,44.651581,,,,,,
1783538005.173,4315658.0,9415.948,44.65403,,,,,,
1783538005.174,4315663.0,9415.576,44.655102,,,,,,
1783538005.175,4315668.0,9416.592,44.652168,,,,,,
1783538005.176,4315673.0,9415.441,44.655491,,,,,,
1783538005.176,4315678.0,9415.441,44.655491,,,,,,
1783538005.177,4315683.0,9416.626,44.652069,,,,,,
1783538005.178,4315688.0,9416.997,44.650997,,,,,,
1783538005.179,4315693.0,9416.592,44.652168,,,,,,
1783538005.181,4315698.0,9417.775,44.64613,,,,,,
1783538005.182,4315703.0,9417.64,44.643894,,,,,,
1783538005.183,4315708.0,9416.693,44.646629,,,,,,
1783538005.184,4315713.0,9416.794,44.646339,,,,,,
1783538005.185,4315718.0,9416.32,44.647709,,,,,,
1783538005.186,4315723.0,9415.373,44.653069,,,,,,
1783538005.187,4315728.0,9415.847,44.65432,,,,,,
1783538005.188,4315733.0,9417.234,44.650311,,,,,,
1783538005.189,4315738.0,9417.302,44.650116,,,,,,
1783538005.190,4315743.0,9417.843,44.648552,,,,,,
1783538005.191,4315748.0,9418.553,44.646503,,,,,,
1783538005.192,4315753.0,9418.182,44.647575,,,,,,
1783538005.193,4315758.0,9416.794,44.651585,,,,,,
1783538005.194,4315763.0,9416.625,44.652073,,,,,,
1783538005.195,4315768.0,9416.625,44.652073,,,,,,
1783538005.196,4315773.0,9416.05,44.653736,,,,,,
1783538005.197,4315778.0,9415.779,44.651897,,,,,,
1783538005.198,4315783.0,9416.592,44.649548,,,,,,
1783538005.199,4315788.0,9416.592,44.649548,,,,,,
1783538005.200,4315793.0,9416.591,44.646927,,,,,,
1783538005.201,4315798.0,9417.438,44.641857,,,,,,
1783538005.201,4315803.0,9417.369,44.642056,,,,,,
1783538005.202,4315808.0,9416.727,44.643913,,,,,,
1783538005.203,4315813.0,9416.22,44.645378,,,,,,
1783538005.204,4315818.0,9416.186,44.645477,,,,,,
1783538005.205,4315823.0,9414.799,44.652103,,,,,,
1783538005.205,4315828.0,9415.237,44.650837,,,,,,
1783538005.206,4315833.0,9416.05,44.648491,,,,,,
1783538005.207,4315838.0,9416.355,44.647606,,,,,,
1783538005.208,4315843.0,9416.017,44.651211,,,,,,
1783538005.209,4315848.0,9416.997,44.648376,,,,,,
1783538005.209,4315853.0,9417.133,44.647984,,,,,,
1783538005.210,4315858.0,9416.252,44.647907,,,,,,
1783538005.213,4315863.0,9416.896,44.643425,,,,,,
1783538005.214,4315868.0,9417.301,44.639633,,,,,,
1783538005.215,4315873.0,9416.455,44.642078,,,,,,
1783538005.216,4315878.0,9416.287,44.645184,,,,,,
1783538005.217,4315883.0,9417.031,44.645653,,,,,,
1783538005.218,4315888.0,9416.423,44.647411,,,,,,
1783538005.219,4315893.0,9416.118,44.648293,,,,,,
1783538005.220,4315898.0,9417.302,44.64225,,,,,,
1783538005.221,4315903.0,9416.997,44.643131,,,,,,
1783538005.222,4315908.0,9416.219,44.645382,,,,,,
1783538005.223,4315913.0,9416.658,44.646732,,,,,,
1783538005.223,4315918.0,9416.963,44.648476,,,,,,
1783538005.224,4315923.0,9415.407,44.65559,,,,,,
1783538005.225,4315928.0,9415.948,44.65403,,,,,,
1783538005.226,4315933.0,9416.22,44.653244,,,,,,
1783538005.227,4315938.0,9415.915,44.654125,,,,,,
1783538005.227,4315943.0,9415.882,44.654221,,,,,,
1783538005.228,4315948.0,9417.539,44.649433,,,,,,
1783538005.229,4315953.0,9417.031,44.650898,,,,,,
1783538005.231,4315958.0,9416.727,44.651779,,,,,,
1783538005.232,4315963.0,9416.828,44.651485,,,,,,
1783538005.232,4315968.0,9417.369,44.647301,,,,,,
1783538005.233,4315973.0,9416.32,44.650333,,,,,,
1783538005.234,4315978.0,9416.49,44.649841,,,,,,
1783538005.235,4315983.0,9416.828,44.64624,,,,,,
1783538005.236,4315988.0,9416.558,44.644402,,,,,,
1783538005.236,4315993.0,9415.982,44.648685,,,,,,
1783538005.237,4315998.0,9415.307,44.645397,,,,,,
1783538005.238,4316003.0,9413.516,44.645329,,,,,,
1783538005.239,4316008.0,9411.353,44.646339,,,,,,
1783538005.240,4316013.0,9409.663,44.645977,,,,,,
1783538005.240,4316018.0,9407.534,44.644272,,,,,,
1783538005.241,4316023.0,9406.116,44.648369,,,,,,
1783538005.242,4316028.0,9405.678,44.647011,,,,,,
1783538005.243,4316033.0,9405.104,44.646049,,,,,,
1783538005.244,4316038.0,9403.25,44.646168,,,,,,
1783538005.244,4316043.0,9401.529,44.648514,,,,,,
1783538005.245,4316048.0,9400.552,44.643478,,,,,,
1783538005.246,4316053.0,9398.833,44.6432,,,,,,
1783538005.247,4316058.0,9397.484,44.644482,,,,,,
1783538005.248,4316063.0,9397.619,44.644089,,,,,,
1783538005.248,4316068.0,9397.721,44.641178,,,,,,
1783538005.249,4316073.0,9396.575,44.647102,,,,,,
1783538005.250,4316078.0,9396.878,44.646229,,,,,,
1783538005.251,4316083.0,9397.653,44.64399,,,,,,
1783538005.252,4316088.0,9397.08,44.645649,,,,,,
1783538005.252,4316093.0,9396.643,44.646908,,,,,,
1783538005.253,4316098.0,9397.855,44.643406,,,,,,
1783538005.254,4316103.0,9397.519,44.646999,,,,,,
1783538005.255,4316108.0,9396.541,44.652439,,,,,,
1783538005.255,4316113.0,9396.272,44.655838,,,,,,
1783538005.256,4316118.0,9396.71,44.657192,,,,,,
1783538005.257,4316123.0,9395.768,44.659916,,,,,,
1783538005.258,4316128.0,9395.8,44.657207,,,,,,
1783538005.259,4316133.0,9396.104,44.65633,,,,,,
1783538005.261,4316138.0,9396.508,44.655159,,,,,,
1783538005.262,4316143.0,9396.07,44.656418,,,,,,
1783538005.263,4316148.0,9396.541,44.65506,,,,,,
1783538005.264,4316153.0,9396.71,44.654575,,,,,,
1783538005.265,4316158.0,9396.205,44.656036,,,,,,
1783538005.266,4316163.0,9395.868,44.654392,,,,,,
1783538005.266,4316168.0,9396.238,44.6507,,,,,,
1783538005.267,4316173.0,9395.464,44.650318,,,,,,
1783538005.268,4316178.0,9394.689,44.652554,,,,,,
1783538005.269,4316183.0,9395.633,44.647209,,,,,,
1783538005.270,4316188.0,9395.633,44.649826,,,,,,
1783538005.270,4316193.0,9394.892,44.65197,,,,,,
1783538005.271,4316198.0,9396.003,44.648758,,,,,,
1783538005.272,4316203.0,9396.508,44.647301,,,,,,
1783538005.273,4316208.0,9395.599,44.652546,,,,,,
1783538005.273,4316213.0,9395.936,44.648952,,,,,,
1783538005.274,4316218.0,9396.744,44.646614,,,,,,
1783538005.275,4316223.0,9395.699,44.649639,,,,,,
1783538005.276,4316228.0,9395.261,44.650902,,,,,,
1783538005.276,4316233.0,9396.036,44.646046,,,,,,
1783538005.277,4316238.0,9396.138,44.645752,,,,,,
1783538005.278,4316243.0,9395.901,44.646435,,,,,,
1783538005.279,4316248.0,9396.643,44.644291,,,,,,
1783538005.280,4316253.0,9396.172,44.645653,,,,,,
1783538005.281,4316258.0,9395.565,44.647404,,,,,,
1783538005.281,4316263.0,9395.094,44.648766,,,,,,
1783538005.282,4316268.0,9395.161,44.648571,,,,,,
1783538005.283,4316273.0,9394.42,44.648094,,,,,,
1783538005.284,4316278.0,9394.622,44.64489,,,,,,
1783538005.285,4316283.0,9394.925,44.641392,,,,,,
1783538005.285,4316288.0,9394.724,44.641979,,,,,,
1783538005.286,4316293.0,9393.748,44.642178,,,,,,
1783538005.287,4316298.0,9394.084,44.641205,,,,,,
1783538005.288,4316303.0,9393.849,44.644508,,,,,,
1783538005.288,4316308.0,9393.074,44.646744,,,,,,
1783538005.289,4316313.0,9393.107,44.646648,,,,,,
1783538005.291,4316318.0,9393.713,44.647514,,,,,,
1783538005.292,4316323.0,9392.872,44.649944,,,,,,
1783538005.292,4316328.0,9393.073,44.649364,,,,,,
1783538005.293,4316333.0,9393.612,44.647808,,,,,,
1783538005.294,4316338.0,9393.68,44.647614,,,,,,
1783538005.295,4316343.0,9392.873,44.647327,,,,,,
1783538005.295,4316348.0,9393.916,44.644314,,,,,,
1783538005.297,4316353.0,9394.084,44.643826,,,,,,
1783538005.298,4316358.0,9393.041,44.649456,,,,,,
1783538005.299,4316363.0,9392.569,44.648205,,,,,,
1783538005.300,4316368.0,9393.242,44.648876,,,,,,
1783538005.301,4316373.0,9391.795,44.653057,,,,,,
1783538005.302,4316378.0,9391.525,44.653835,,,,,,
1783538005.302,4316383.0,9392.67,44.647911,,,,,,
1783538005.303,4316388.0,9393.141,44.64917,,,,,,
1783538005.304,4316393.0,9392.636,44.64801,,,,,,
1783538005.305,4316398.0,9393.611,44.645191,,,,,,
1783538005.306,4316403.0,9393.611,44.64257,,,,,,
1783538005.307,4316408.0,9392.435,44.645973,,,,,,
1783538005.307,4316413.0,9391.525,44.645977,,,,,,
1783538005.308,4316418.0,9391.795,44.645199,,,,,,
1783538005.309,4316423.0,9390.685,44.648407,,,,,,
1783538005.310,4316428.0,9390.65,44.648506,,,,,,
1783538005.310,4316433.0,9390.718,44.648312,,,,,,
1783538005.311,4316438.0,9391.223,44.646854,,,,,,
1783538005.312,4316443.0,9390.752,44.648212,,,,,,
1783538005.313,4316448.0,9391.525,44.645977,,,,,,
1783538005.314,4316453.0,9391.391,44.64637,,,,,,
1783538005.315,4316458.0,9390.887,44.647823,,,,,,
1783538005.315,4316463.0,9390.214,44.649769,,,,,,
1783538005.316,4316468.0,9389.979,44.650448,,,,,,
1783538005.317,4316473.0,9388.6,44.654434,,,,,,
1783538005.318,4316478.0,9388.6,44.651817,,,,,,
1783538005.318,4316483.0,9388.868,44.648418,,,,,,
1783538005.319,4316488.0,9388.936,44.648224,,,,,,
1783538005.320,4316493.0,9388.531,44.649391,,,,,,
1783538005.321,4316498.0,9389.642,44.646179,,,,,,
1783538005.322,4316503.0,9389.372,44.649586,,,,,,
1783538005.323,4316508.0,9388.498,44.654728,,,,,,
1783538005.324,4316513.0,9388.633,44.651722,,,,,,
1783538005.325,4316518.0,9388.936,44.648224,,,,,,
1783538005.326,4316523.0,9387.489,44.652405,,,,,,
1783538005.327,4316528.0,9386.851,44.65163,,,,,,
1783538005.328,4316533.0,9387.489,44.647163,,,,,,
1783538005.329,4316538.0,9386.75,44.651924,,,,,,
1783538005.330,4316543.0,9386.077,44.653862,,,,,,
1783538005.331,4316548.0,9387.086,44.650944,,,,,,
1783538005.332,4316553.0,9386.851,44.651634,,,,,,
1783538005.333,4316558.0,9385.742,44.654831,,,,,,
1783538005.334,4316563.0,9385.641,44.652512,,,,,,
1783538005.335,4316568.0,9385.473,44.652992,,,,,,
1783538005.336,4316573.0,9383.859,44.655033,,,,,,
1783538005.337,4316578.0,9383.76,44.655323,,,,,,
1783538005.338,4316583.0,9384.936,44.651924,,,,,,
1783538005.339,4316588.0,9384.9,44.652027,,,,,,
1783538005.340,4316593.0,9385.036,44.651634,,,,,,
1783538005.341,4316598.0,9386.581,44.647171,,,,,,
1783538005.342,4316603.0,9386.077,44.646004,,,,,,
1783538005.343,4316608.0,9384.196,44.648823,,,,,,
1783538005.344,4316613.0,9383.793,44.647369,,,,,,
1783538005.345,4316618.0,9383.458,44.648335,,,,,,
1783538005.346,4316623.0,9382.482,44.651154,,,,,,
1783538005.347,4316628.0,9382.92,44.652512,,,,,,
1783538005.348,4316633.0,9383.994,44.652023,,,,,,
1783538005.348,4316638.0,9384.229,44.653969,,,,,,
1783538005.349,4316643.0,9383.893,44.654938,,,,,,
1783538005.350,4316648.0,9384.263,44.651249,,,,,,
1783538005.351,4316653.0,9384.263,44.651249,,,,,,
1783538005.351,4316658.0,9383.591,44.653191,,,,,,
1783538005.352,4316663.0,9383.625,44.650475,,,,,,
1783538005.353,4316668.0,9383.658,44.647758,,,,,,
1783538005.354,4316673.0,9382.616,44.650768,,,,,,
1783538005.354,4316678.0,9382.18,44.652031,,,,,,
1783538005.355,4316683.0,9382.314,44.651642,,,,,,
1783538005.356,4316688.0,9381.878,44.655521,,,,,,
1783538005.357,4316693.0,9381.945,44.657944,,,,,,
1783538005.357,4316698.0,9383.255,44.65678,,,,,,
1783538005.358,4316703.0,9383.222,44.656876,,,,,,
1783538005.359,4316708.0,9382.65,44.658527,,,,,,
1783538005.360,4316713.0,9382.45,44.659107,,,,,,
1783538005.360,4316718.0,9382.651,44.655903,,,,,,
1783538005.361,4316723.0,9380.872,44.661045,,,,,,
1783538005.362,4316728.0,9381.106,44.657753,,,,,,
1783538005.363,4316733.0,9382.383,44.651443,,,,,,
1783538005.364,4316738.0,9382.113,44.649605,,,,,,
1783538005.365,4316743.0,9381.576,44.653774,,,,,,
1783538005.366,4316748.0,9382.986,44.647079,,,,,,
1783538005.366,4316753.0,9382.382,44.651447,,,,,,
1783538005.367,4316758.0,9380.804,44.656006,,,,,,
1783538005.368,4316763.0,9380.939,44.655613,,,,,,
1783538005.369,4316768.0,9380.938,44.655617,,,,,,
1783538005.370,4316773.0,9379.764,44.661633,,,,,,
1783538005.371,4316778.0,9379.764,44.661633,,,,,,
1783538005.372,4316783.0,9381.072,44.657848,,,,,,
1783538005.372,4316788.0,9381.073,44.657848,,,,,,
1783538005.373,4316793.0,9381.14,44.657654,,,,,,
1783538005.374,4316798.0,9382.147,44.652122,,,,,,
1783538005.375,4316803.0,9382.248,44.651833,,,,,,
1783538005.376,4316808.0,9381.207,44.657459,,,,,,
1783538005.377,4316813.0,9381.308,44.659786,,,,,,
1783538005.377,4316818.0,9381.207,44.660076,,,,,,
1783538005.378,4316823.0,9380.367,44.665127,,,,,,
1783538005.380,4316828.0,9380.367,44.665127,,,,,,
1783538005.381,4316833.0,9381.745,44.661144,,,,,,
1783538005.382,4316838.0,9381.846,44.663471,,,,,,
1783538005.383,4316843.0,9381.912,44.663277,,,,,,
1783538005.384,4316848.0,9382.685,44.663662,,,,,,
1783538005.385,4316853.0,9382.449,44.664349,,,,,,
1783538005.385,4316858.0,9381.174,44.668034,,,,,,
1783538005.386,4316863.0,9380.939,44.666096,,,,,,
1783538005.387,4316868.0,9381.24,44.665222,,,,,,
1783538005.388,4316873.0,9379.898,44.669098,,,,,,
1783538005.389,4316878.0,9379.932,44.671616,,,,,,
1783538005.389,4316883.0,9380.905,44.671425,,,,,,
1783538005.390,4316888.0,9380.67,44.674728,,,,,,
1783538005.391,4316893.0,9380.402,44.67812,,,,,,
1783538005.392,4316898.0,9381.678,44.674435,,,,,,
1783538005.392,4316903.0,9381.442,44.675114,,,,,,
1783538005.393,4316908.0,9380.134,44.676277,,,,,,
1783538005.394,4316913.0,9380.502,44.672592,,,,,,
1783538005.395,4316918.0,9380.133,44.67366,,,,,,
1783538005.396,4316923.0,9378.824,44.677441,,,,,,
1783538005.397,4316928.0,9378.656,44.677925,,,,,,
1783538005.398,4316933.0,9379.396,44.678413,,,,,,
1783538005.399,4316938.0,9378.221,44.684422,,,,,,
1783538005.399,4316943.0,9377.784,44.685684,,,,,,
1783538005.400,4316948.0,9378.186,44.681908,,,,,,
1783538005.401,4316953.0,9378.019,44.682392,,,,,,
1783538005.402,4316958.0,9376.542,44.686657,,,,,,
1783538005.403,4316963.0,9377.047,44.685196,,,,,,
1783538005.404,4316968.0,9376.912,44.685589,,,,,,
1783538005.405,4316973.0,9375.974,44.690918,,,,,,
1783538005.406,4316978.0,9375.872,44.691212,,,,,,
1783538005.407,4316983.0,9376.477,44.689465,,,,,,
1783538005.407,4316988.0,9375.738,44.691597,,,,,,
1783538005.408,4316993.0,9375.402,44.692566,,,,,,
1783538005.409,4316998.0,9375.872,44.693832,,,,,,
1783538005.410,4317003.0,9375.771,44.696743,,,,,,
1783538005.410,4317008.0,9375.269,44.700817,,,,,,
1783538005.411,4317013.0,9374.631,44.702656,,,,,,
1783538005.412,4317018.0,9374.33,44.703526,,,,,,
1783538005.413,4317023.0,9373.057,44.704582,,,,,,
1783538005.414,4317028.0,9372.252,44.704292,,,,,,
1783538005.414,4317033.0,9372.218,44.701771,,,,,,
1783538005.415,4317038.0,9372.052,44.704868,,,,,,
1783538005.416,4317043.0,9371.583,44.706223,,,,,,
1783538005.417,4317048.0,9371.716,44.705841,,,,,,
1783538005.417,4317053.0,9370.845,44.708359,,,,,,
1783538005.418,4317058.0,9369.204,44.715717,,,,,,
1783538005.419,4317063.0,9368.467,44.715229,,,,,,
1783538005.420,4317068.0,9368.232,44.715904,,,,,,
1783538005.421,4317073.0,9366.792,44.722687,,,,,,
1783538005.422,4317078.0,9366.86,44.722492,,,,,,
1783538005.422,4317083.0,9367.027,44.719387,,,,,,
1783538005.423,4317088.0,9366.325,44.721416,,,,,,
1783538005.424,4317093.0,9365.12,44.724899,,,,,,
1783538005.425,4317098.0,9365.554,44.721024,,,,,,
1783538005.425,4317103.0,9363.815,44.726048,,,,,,
1783538005.426,4317108.0,9362.276,44.730495,,,,,,
1783538005.427,4317113.0,9362.176,44.733406,,,,,,
1783538005.428,4317118.0,9361.106,44.736496,,,,,,
1783538005.429,4317123.0,9358.667,44.746166,,,,,,
1783538005.430,4317128.0,9358.667,44.748783,,,,,,
1783538005.430,4317133.0,9358.533,44.751789,,,,,,
1783538005.431,4317138.0,9357.396,44.755074,,,,,,
1783538005.432,4317143.0,9357.029,44.758759,,,,,,
1783538005.434,4317148.0,9357.932,44.753529,,,,,,
1783538005.434,4317153.0,9357.163,44.753128,,,,,,
1783538005.435,4317158.0,9355.729,44.757275,,,,,,
1783538005.436,4317163.0,9355.229,44.756104,,,,,,
1783538005.437,4317168.0,9354.526,44.758129,,,,,,
1783538005.437,4317173.0,9353.124,44.764801,,,,,,
1783538005.438,4317178.0,9352.356,44.767017,,,,,,
1783538005.439,4317183.0,9352.757,44.763245,,,,,,
1783538005.440,4317188.0,9351.922,44.768272,,,,,,
1783538005.441,4317193.0,9350.688,44.771839,,,,,,
1783538005.441,4317198.0,9350.354,44.772808,,,,,,
1783538005.442,4317203.0,9349.455,44.778023,,,,,,
1783538005.443,4317208.0,9347.521,44.786228,,,,,,
1783538005.444,4317213.0,9346.821,44.788254,,,,,,
1783538005.445,4317218.0,9346.154,44.79018,,,,,,
1783538005.446,4317223.0,9344.422,44.795185,,,,,,
1783538005.447,4317228.0,9343.456,44.797977,,,,,,
1783538005.447,4317233.0,9343.423,44.798073,,,,,,
1783538005.448,4317238.0,9342.058,44.802017,,,,,,
1783538005.449,4317243.0,9341.06,44.804901,,,,,,
1783538005.450,4317248.0,9341.126,44.80471,,,,,,
1783538005.451,4317253.0,9340.193,44.807404,,,,,,
1783538005.452,4317258.0,9338.397,44.812595,,,,,,
1783538005.452,4317263.0,9337.6,44.817516,,,,,,
1783538005.453,4317268.0,9337.1,44.821583,,,,,,
1783538005.454,4317273.0,9335.67,44.828331,,,,,,
1783538005.455,4317278.0,9335.005,44.830257,,,,,,
1783538005.455,4317283.0,9334.739,44.833645,,,,,,
1783538005.456,4317288.0,9334.174,44.835278,,,,,,
1783538005.457,4317293.0,9332.713,44.839493,,,,,,
1783538005.457,4317298.0,9332.447,44.840263,,,,,,
1783538005.458,4317303.0,9331.251,44.84634,,,,,,
1783538005.459,4317308.0,9329.923,44.850178,,,,,,
1783538005.460,4317313.0,9328.927,44.855682,,,,,,
1783538005.460,4317318.0,9328.263,44.857601,,,,,,
1783538005.461,4317323.0,9326.503,44.865307,,,,,,
1783538005.462,4317328.0,9325.839,44.86985,,,,,,
1783538005.462,4317333.0,9325.342,44.871281,,,,,,
1783538005.463,4317338.0,9323.815,44.875694,,,,,,
1783538005.464,4317343.0,9322.623,44.88176,,,,,,
1783538005.465,4317348.0,9321.859,44.883968,,,,,,
1783538005.465,4317353.0,9320.534,44.887794,,,,,,
1783538005.466,4317358.0,9319.076,44.89463,,,,,,
1783538005.467,4317363.0,9318.216,44.897118,,,,,,
1783538005.467,4317368.0,9317.222,44.902611,,,,,,
1783538005.468,4317373.0,9315.368,44.907967,,,,,,
1783538005.469,4317378.0,9314.408,44.91074,,,,,,
1783538005.469,4317383.0,9314.143,44.914127,,,,,,
1783538005.470,4317388.0,9313.315,44.916523,,,,,,
1783538005.470,4317393.0,9311.596,44.92149,,,,,,
1783538005.471,4317398.0,9311.695,44.923824,,,,,,
1783538005.472,4317403.0,9310.505,44.929878,,,,,,
1783538005.472,4317408.0,9308.421,44.935902,,,,,,
1783538005.473,4317413.0,9307.033,44.942532,,,,,,
1783538005.473,4317418.0,9306.867,44.945637,,,,,,
1783538005.474,4317423.0,9304.786,44.954273,,,,,,
1783538005.475,4317428.0,9303.96,44.959274,,,,,,
1783538005.475,4317433.0,9303.63,44.962849,,,,,,
1783538005.476,4317438.0,9302.573,44.968525,,,,,,
1783538005.476,4317443.0,9300.727,44.973862,,,,,,
1783538005.477,4317448.0,9300.956,44.973198,,,,,,
1783538005.478,4317453.0,9299.241,44.978153,,,,,,
1783538005.478,4317458.0,9297.295,44.983776,,,,,,
1783538005.480,4317463.0,9296.174,44.989635,,,,,,
1783538005.480,4317468.0,9295.482,44.991634,,,,,,
1783538005.481,4317473.0,9292.978,44.998871,,,,,,
1783538005.481,4317478.0,9292.088,45.004063,,,,,,
1783538005.482,4317483.0,9291.462,45.005871,,,,,,
1783538005.483,4317488.0,9290.475,45.008724,,,,,,
1783538005.484,4317493.0,9289.256,45.012245,,,,,,
1783538005.484,4317498.0,9289.552,45.014011,,,,,,
1783538005.485,4317503.0,9288.663,45.016579,,,,,,
1783538005.485,4317508.0,9287.248,45.023293,,,,,,
1783538005.486,4317513.0,9285.637,45.030571,,,,,,
1783538005.486,4317518.0,9284.519,45.036423,,,,,,
1783538005.487,4317523.0,9282.512,45.042221,,,,,,
1783538005.488,4317528.0,9281.328,45.048264,,,,,,
1783538005.488,4317533.0,9281.295,45.050983,,,,,,
1783538005.489,4317538.0,9280.836,45.052307,,,,,,
1783538005.490,4317543.0,9279.884,45.057682,,,,,,
1783538005.490,4317548.0,9279.456,45.061543,,,,,,
1783538005.491,4317553.0,9278.11,45.068047,,,,,,
1783538005.491,4317558.0,9276.435,45.072887,,,,,,
1783538005.492,4317563.0,9275.975,45.074219,,,,,,
1783538005.493,4317568.0,9276.008,45.076744,,,,,,
1783538005.493,4317573.0,9274.695,45.083164,,,,,,
1783538005.494,4317578.0,9274.662,45.085876,,,,,,
1783538005.495,4317583.0,9274.794,45.08812,,,,,,
1783538005.496,4317588.0,9273.678,45.093967,,,,,,
1783538005.496,4317593.0,9272.629,45.097004,,,,,,
1783538005.497,4317598.0,9272.564,45.099815,,,,,,
1783538005.498,4317603.0,9272.137,45.098423,,,,,,
1783538005.498,4317608.0,9270.269,45.106449,,,,,,
1783538005.499,4317613.0,9269.908,45.107491,,,,,,
1783538005.500,4317618.0,9269.515,45.111252,,,,,,
1783538005.500,4317623.0,9268.433,45.114376,,,,,,
1783538005.501,4317628.0,9267.614,45.119366,,,,,,
1783538005.501,4317633.0,9267.646,45.121899,,,,,,
1783538005.502,4317638.0,9266.959,45.126511,,,,,,
1783538005.503,4317643.0,9266.304,45.128403,,,,,,
1783538005.503,4317648.0,9265.976,45.129345,,,,,,
1783538005.504,4317653.0,9265.387,45.133675,,,,,,
1783538005.504,4317658.0,9264.404,45.136517,,,,,,
1783538005.505,4317663.0,9264.207,45.139706,,,,,,
1783538005.506,4317668.0,9263.815,45.140839,,,,,,
1783538005.506,4317673.0,9262.8,45.146397,,,,,,
1783538005.507,4317678.0,9262.539,45.147152,,,,,,
1783538005.507,4317683.0,9262.801,45.146389,,,,,,
1783538005.508,4317688.0,9262.571,45.147057,,,,,,
1783538005.509,4317693.0,9262.015,45.151287,,,,,,
1783538005.509,4317698.0,9262.866,45.151451,,,,,,
1783538005.510,4317703.0,9262.081,45.153717,,,,,,
1783538005.511,4317708.0,9261.065,45.156654,,,,,,
1783538005.512,4317713.0,9260.249,45.159012,,,,,,
1783538005.512,4317718.0,9259.856,45.160149,,,,,,
1783538005.513,4317723.0,9258.286,45.16206,,,,,,
1783538005.514,4317728.0,9258.384,45.161777,,,,,,
1783538005.514,4317733.0,9258.678,45.163551,,,,,,
1783538005.515,4317738.0,9258.776,45.163269,,,,,,
1783538005.516,4317743.0,9258.449,45.166836,,,,,,
1783538005.516,4317748.0,9258.842,45.168327,,,,,,
1783538005.517,4317753.0,9258.581,45.171707,,,,,,
1783538005.517,4317758.0,9257.697,45.174259,,,,,,
1783538005.518,4317763.0,9257.043,45.178776,,,,,,
1783538005.518,4317768.0,9256.586,45.180096,,,,,,
1783538005.519,4317773.0,9255.441,45.183403,,,,,,
1783538005.520,4317778.0,9254.919,45.182289,,,,,,
1783538005.520,4317783.0,9255.736,45.179924,,,,,,
1783538005.521,4317788.0,9255.801,45.177116,,,,,,
1783538005.521,4317793.0,9255.769,45.177208,,,,,,
1783538005.522,4317798.0,9256.422,45.17532,,,,,,
1783538005.523,4317803.0,9256.26,45.175789,,,,,,
1783538005.523,4317808.0,9254.756,45.177509,,,,,,
1783538005.524,4317813.0,9253.905,45.18259,,,,,,
1783538005.524,4317818.0,9254.103,45.179398,,,,,,
1783538005.525,4317823.0,9253.515,45.181095,,,,,,
1783538005.525,4317828.0,9252.796,45.185799,,,,,,
1783538005.526,4317833.0,9253.352,45.184193,,,,,,
1783538005.527,4317838.0,9253.254,45.18185,,,,,,
1783538005.527,4317843.0,9252.601,45.183739,,,,,,
1783538005.528,4317848.0,9252.993,45.182602,,,,,,
1783538005.529,4317853.0,9253.417,45.178753,,,,,,
1783538005.530,4317858.0,9252.535,45.183926,,,,,,
1783538005.530,4317863.0,9252.503,45.184021,,,,,,
1783538005.531,4317868.0,9252.339,45.184494,,,,,,
1783538005.531,4317873.0,9251.425,45.184509,,,,,,
1783538005.532,4317878.0,9250.706,45.186588,,,,,,
1783538005.532,4317883.0,9252.046,45.180092,,,,,,
1783538005.534,4317888.0,9251.882,45.180565,0.529978,196.166,4317882.0,116.595062,,
1783538005.535,4318010.0,9252.698,45.172962,,,,,,
1783538005.535,4318015.0,9254.365,45.162895,,,,,,
1783538005.536,4318020.0,9255.279,45.157631,,,,,,
1783538005.536,4318025.0,9255.377,45.152103,,,,,,
1783538005.537,4318030.0,9256.62,45.143261,,,,,,
1783538005.537,4318035.0,9257.37,45.143719,,,,,,
1783538005.538,4318040.0,9257.207,45.144188,,,,,,
1783538005.539,4318045.0,9258.711,45.137218,,,,,,
1783538005.539,4318050.0,9259.987,45.13353,,,,,,
1783538005.540,4318055.0,9261.001,45.130604,,,,,,
1783538005.541,4318060.0,9261.623,45.123562,,,,,,
1783538005.541,4318065.0,9263.357,45.118553,,,,,,
1783538005.542,4318070.0,9263.684,45.117611,,,,,,
1783538005.543,4318075.0,9263.848,45.117126,,,,,,
1783538005.543,4318080.0,9264.503,45.115234,,,,,,
1783538005.544,4318085.0,9265.223,45.11578,,,,,,
1783538005.545,4318090.0,9265.321,45.115494,,,,,,
1783538005.545,4318095.0,9266.5,45.10947,,,,,,
1783538005.546,4318100.0,9268.039,45.102398,,,,,,
1783538005.547,4318105.0,9268.662,45.09798,,,,,,
1783538005.547,4318110.0,9269.448,45.093082,,,,,,
1783538005.548,4318115.0,9270.727,45.086765,,,,,,
1783538005.548,4318120.0,9271.546,45.084396,,,,,,
1783538005.549,4318125.0,9271.35,45.084965,,,,,,
1783538005.550,4318130.0,9272.628,45.078648,,,,,,
1783538005.550,4318135.0,9273.81,45.072613,,,,,,
1783538005.551,4318140.0,9274.039,45.069324,,,,,,
1783538005.551,4318145.0,9274.893,45.06424,,,,,,
1783538005.552,4318150.0,9277.224,45.054882,,,,,,
1783538005.552,4318155.0,9278.8,45.050327,,,,,,
1783538005.553,4318160.0,9279.885,45.044571,,,,,,
1783538005.554,4318165.0,9282.118,45.038116,,,,,,
1783538005.554,4318170.0,9283.532,45.031406,,,,,,
1783538005.555,4318175.0,9283.959,45.030174,,,,,,
1783538005.555,4318180.0,9284.945,45.024704,,,,,,
1783538005.556,4318185.0,9286.427,45.023041,,,,,,
1783538005.556,4318190.0,9286.656,45.01976,,,,,,
1783538005.557,4318195.0,9287.906,45.018768,,,,,,
1783538005.558,4318200.0,9289.453,45.011677,,,,,,
1783538005.558,4318205.0,9290.21,45.009491,,,,,,
1783538005.559,4318210.0,9290.604,45.00573,,,,,,
1783538006.000,4318215.0,9292.219,44.998444,,,,,,
1783538006.001,4318220.0,9293.01,44.990913,,,,,,
1783538006.002,4318225.0,9292.747,44.989052,,,,,,
1783538006.003,4318230.0,9293.999,44.980198,,,,,,
1783538006.004,4318235.0,9295.549,44.970478,,,,,,
1783538006.005,4318240.0,9295.646,44.967579,,,,,,
1783538006.005,4318245.0,9296.669,44.961998,,,,,,
1783538006.006,4318250.0,9299.373,44.951565,,,,,,
1783538006.007,4318255.0,9300.362,44.948708,,,,,,
1783538006.008,4318260.0,9301.749,44.944698,,,,,,
1783538006.009,4318265.0,9304.391,44.937065,,,,,,
1783538006.010,4318270.0,9305.744,44.933155,,,,,,
1783538006.010,4318275.0,9306.372,44.931339,,,,,,
1783538006.011,4318280.0,9307.726,44.927429,,,,,,
1783538006.012,4318285.0,9308.719,44.92194,,,,,,
1783538006.013,4318290.0,9309.017,44.918457,,,,,,
1783538006.014,4318295.0,9310.338,44.912014,,,,,,
1783538006.015,4318300.0,9312.39,44.903465,,,,,,
1783538006.016,4318305.0,9314.111,44.89325,,,,,,
1783538006.017,4318310.0,9315.566,44.889046,,,,,,
1783538006.018,4318315.0,9318.382,44.880909,,,,,,
1783538006.020,4318320.0,9320.137,44.875832,,,,,,
1783538006.020,4318325.0,9320.833,44.873821,,,,,,
1783538006.021,4318330.0,9321.927,44.873283,,,,,,
1783538006.022,4318335.0,9323.286,44.866737,,,,,,
1783538006.023,4318340.0,9323.286,44.86412,,,,,,
1783538006.024,4318345.0,9324.514,44.857952,,,,,,
1783538006.025,4318350.0,9326.969,44.850857,,,,,,
1783538006.025,4318355.0,9328.362,44.846828,,,,,,
1783538006.026,4318360.0,9329.989,44.842129,,,,,,
1783538006.027,4318365.0,9332.68,44.834354,,,,,,
1783538006.028,4318370.0,9333.775,44.831192,,,,,,
1783538006.029,4318375.0,9333.875,44.828278,,,,,,
1783538006.030,4318380.0,9335.205,44.821819,,,,,,
1783538006.031,4318385.0,9335.936,44.817089,,,,,,
1783538006.032,4318390.0,9335.637,44.817951,,,,,,
1783538006.033,4318395.0,9337.033,44.813915,,,,,,
1783538006.034,4318400.0,9338.997,44.808243,,,,,,
1783538006.035,4318405.0,9339.861,44.803123,,,,,,
1783538006.035,4318410.0,9340.959,44.79995,,,,,,
1783538006.036,4318415.0,9342.856,44.791847,,,,,,
1783538006.037,4318420.0,9343.789,44.786537,,,,,,
1783538006.038,4318425.0,9343.855,44.783722,,,,,,
1783538006.039,4318430.0,9344.955,44.780544,,,,,,
1783538006.039,4318435.0,9346.121,44.774559,,,,,,
1783538006.040,4318440.0,9346.755,44.772728,,,,,,
1783538006.041,4318445.0,9347.688,44.770035,,,,,,
1783538006.042,4318450.0,9349.455,44.764923,,,,,,
1783538006.043,4318455.0,9350.455,44.759415,,,,,,
1783538006.044,4318460.0,9351.089,44.760204,,,,,,
1783538006.044,4318465.0,9352.589,44.755871,,,,,,
1783538006.045,4318470.0,9353.69,44.752686,,,,,,
1783538006.046,4318475.0,9353.658,44.752781,,,,,,
1783538006.047,4318480.0,9354.426,44.750565,,,,,,
1783538006.048,4318485.0,9355.127,44.745918,,,,,,
1783538006.049,4318490.0,9354.426,44.745327,,,,,,
1783538006.050,4318495.0,9354.358,44.742901,,,,,,
1783538006.050,4318500.0,9355.594,44.73671,,,,,,
1783538006.051,4318505.0,9355.994,44.735554,,,,,,
1783538006.052,4318510.0,9356.428,44.734299,,,,,,
1783538006.053,4318515.0,9357.831,44.727623,,,,,,
1783538006.053,4318520.0,9358.5,44.725693,,,,,,
1783538006.054,4318525.0,9358.099,44.724236,,,,,,
1783538006.055,4318530.0,9357.731,44.722675,,,,,,
1783538006.055,4318535.0,9358.732,44.717163,,,,,,
1783538006.056,4318540.0,9358.099,44.718998,,,,,,
1783538006.057,4318545.0,9358.399,44.715508,,,,,,
1783538006.057,4318550.0,9359.369,44.712704,,,,,,
1783538006.058,4318555.0,9359.736,44.711643,,,,,,
1783538006.059,4318560.0,9359.335,44.710182,,,,,,
1783538006.059,4318565.0,9360.839,44.705837,,,,,,
1783538006.060,4318570.0,9361.308,44.704483,,,,,,
1783538006.060,4318575.0,9360.839,44.70322,,,,,,
1783538006.061,4318580.0,9361.641,44.700905,,,,,,
1783538006.061,4318585.0,9362.243,44.699162,,,,,,
1783538006.063,4318590.0,9360.839,44.700603,,,,,,
1783538006.063,4318595.0,9360.371,44.699333,,,,,,
1783538006.064,4318600.0,9361.24,44.696823,,,,,,
1783538006.065,4318605.0,9361.006,44.694881,,,,,,
1783538006.065,4318610.0,9360.738,44.693035,,,,,,
1783538006.066,4318615.0,9362.276,44.68597,,,,,,
1783538006.066,4318620.0,9362.243,44.683449,,,,,,
1783538006.067,4318625.0,9361.642,44.682568,,,,,,
1783538006.068,4318630.0,9362.443,44.677635,,,,,,
1783538006.068,4318635.0,9363.214,44.675407,,,,,,
1783538006.069,4318640.0,9362.979,44.676083,,,,,,
1783538006.070,4318645.0,9363.48,44.674637,,,,,,
1783538006.070,4318650.0,9364.818,44.670773,,,,,,
1783538006.071,4318655.0,9364.518,44.671638,,,,,,
1783538006.071,4318660.0,9364.016,44.673092,,,,,,
1783538006.072,4318665.0,9364.65,44.673874,,,,,,
1783538006.073,4318670.0,9365.221,44.672226,,,,,,
1783538006.073,4318675.0,9364.283,44.674934,,,,,,
1783538006.074,4318680.0,9364.484,44.674355,,,,,,
1783538006.074,4318685.0,9364.719,44.676296,,,,,,
1783538006.075,4318690.0,9364.116,44.675415,,,,,,
1783538006.076,4318695.0,9364.518,44.674255,,,,,,
1783538006.076,4318700.0,9365.388,44.671741,,,,,,
1783538006.077,4318705.0,9365.989,44.670006,,,,,,
1783538006.077,4318710.0,9366.19,44.669422,,,,,,
1783538006.078,4318715.0,9367.16,44.666622,,,,,,
1783538006.079,4318720.0,9367.596,44.665363,,,,,,
1783538006.080,4318725.0,9367.127,44.666718,,,,,,
1783538006.081,4318730.0,9367.529,44.665554,,,,,,
1783538006.208,4318735.0,9367.931,44.661777,,,,,,
1783538006.209,4318740.0,9367.194,44.666523,,,,,,
1783538006.210,4318745.0,9366.826,44.667587,,,,,,
1783538006.211,4318750.0,9367.797,44.66478,,,,,,
1783538006.211,4318755.0,9367.696,44.662457,,,,,,
1783538006.212,4318760.0,9368.131,44.661198,,,,,,
1783538006.213,4318765.0,9369.236,44.655388,,,,,,
1783538006.214,4318770.0,9369.136,44.653057,,,,,,
1783538006.215,4318775.0,9368.365,44.655285,,,,,,
1783538006.216,4318780.0,9368.197,44.65839,,,,,,
1783538006.216,4318785.0,9368.667,44.657032,,,,,,
1783538006.217,4318790.0,9367.663,44.659935,,,,,,
1783538006.218,4318795.0,9368.031,44.661488,,,,,,
1783538006.218,4318800.0,9368.601,44.659843,,,,,,
1783538006.219,4318805.0,9368.4,44.660419,,,,,,
1783538006.220,4318810.0,9367.629,44.662651,,,,,,
1783538006.220,4318815.0,9369.104,44.65839,,,,,,
1783538006.221,4318820.0,9369.036,44.658585,,,,,,
1783538006.221,4318825.0,9368.701,44.65955,,,,,,
1783538006.222,4318830.0,9369.136,44.655678,,,,,,
1783538006.223,4318835.0,9369.338,44.655094,,,,,,
1783538006.224,4318840.0,9368.399,44.657806,,,,,,
1783538006.224,4318845.0,9368.734,44.656837,,,,,,
1783538006.225,4318850.0,9369.807,44.65374,,,,,,
1783538006.226,4318855.0,9370.074,44.652966,,,,,,
1783538006.226,4318860.0,9370.376,44.652096,,,,,,
1783538006.227,4318865.0,9370.912,44.650547,,,,,,
1783538006.227,4318870.0,9370.443,44.651901,,,,,,
1783538006.228,4318875.0,9369.271,44.655289,,,,,,
1783538006.229,4318880.0,9369.204,44.655479,,,,,,
1783538006.432,4318885.0,9369.203,44.655483,,,,,,
1783538006.433,4318890.0,9368.467,44.657612,,,,,,
1783538006.434,4318895.0,9368.533,44.6548,,,,,,
1783538006.434,4318900.0,9369.271,44.652668,,,,,,
1783538006.435,4318905.0,9368.936,44.653637,,,,,,
1783538006.436,4318910.0,9368.969,44.653542,,,,,,
1783538006.437,4318915.0,9369.672,44.651508,,,,,,
1783538006.438,4318920.0,9369.705,44.651413,,,,,,
1783538006.439,4318925.0,9369.203,44.650246,,,,,,
1783538006.439,4318930.0,9369.236,44.652767,,,,,,
1783538006.440,4318935.0,9369.337,44.652477,,,,,,
1783538006.441,4318940.0,9368.333,44.65276,,,,,,
1783538006.441,4318945.0,9368.734,44.6516,,,,,,
1783538006.442,4318950.0,9369.17,44.650341,,,,,,
1783538006.443,4318955.0,9369.203,44.647625,,,,,,
1783538006.444,4318960.0,9368.467,44.647137,,,,,,
1783538006.445,4318965.0,9368.834,44.646076,,,,,,
1783538006.446,4318970.0,9367.964,44.64859,,,,,,
1783538006.446,4318975.0,9367.361,44.65033,,,,,,
1783538006.448,4318980.0,9367.228,44.650719,,,,,,
1783538006.449,4318985.0,9367.662,44.64946,,,,,,
1783538006.450,4318990.0,9367.596,44.649654,,,,,,
1783538006.450,4318995.0,9368.131,44.648106,,,,,,
1783538006.451,4319000.0,9368.834,44.646076,,,,,,
1783538006.452,4319005.0,9369.036,44.645493,,,,,,
1783538006.452,4319010.0,9368.667,44.649174,,,,,,
1783538006.453,4319015.0,9369.673,44.648888,,,,,,
1783538006.454,4319020.0,9369.94,44.650734,,,,,,
1783538006.455,4319025.0,9368.769,44.654118,,,,,,
1783538006.455,4319030.0,9369.17,44.652958,,,,,,
1783538006.456,4319035.0,9370.343,44.64957,,,,,,
1783538006.456,4319040.0,9369.54,44.65189,,,,,,
1783538006.457,4319045.0,9369.439,44.649563,,,,,,
1783538006.458,4319050.0,9371.08,44.644821,,,,,,
1783538006.459,4319055.0,9371.08,44.647438,,,,,,
1783538006.459,4319060.0,9370.208,44.64996,,,,,,
1783538006.460,4319065.0,9371.447,44.646378,,,,,,
1783538006.460,4319070.0,9371.917,44.64764,,,,,,
1783538006.461,4319075.0,9371.516,44.651417,,,,,,
1783538006.461,4319080.0,9371.783,44.650646,,,,,,
1783538006.462,4319085.0,9372.285,44.649197,,,,,,
1783538006.463,4319090.0,9371.85,44.650452,,,,,,
1783538006.464,4319095.0,9371.95,44.650162,,,,,,
1783538006.464,4319100.0,9372.922,44.647354,,,,,,
1783538006.465,4319105.0,9372.821,44.647644,,,,,,
1783538006.465,4319110.0,9372.452,44.648712,,,,,,
1783538006.466,4319115.0,9372.955,44.647259,,,,,,
1783538006.579,4319120.0,9372.889,44.647449,,,,,,
1783538006.581,4319125.0,9371.816,44.647934,,,,,,
1783538006.582,4319130.0,9371.582,44.648609,,,,,,
1783538006.583,4319135.0,9372.118,44.64444,,,,,,
1783538006.584,4319140.0,9371.112,44.647346,,,,,,
1783538006.585,4319145.0,9371.08,44.647438,,,,,,
1783538006.586,4319150.0,9371.749,44.648129,,,,,,
1783538006.586,4319155.0,9371.682,44.648323,,,,,,
1783538006.587,4319160.0,9370.945,44.653065,,,,,,
1783538006.588,4319165.0,9371.748,44.650745,,,,,,
1783538006.589,4319170.0,9371.682,44.648323,,,,,,
1783538006.589,4319175.0,9370.678,44.651222,,,,,,
1783538006.590,4319180.0,9370.576,44.648895,,,,,,
1783538006.591,4319185.0,9369.907,44.650829,,,,,,
1783538006.591,4319190.0,9368.366,44.655281,,,,,,
1783538006.592,4319195.0,9368.1,44.658672,,,,,,
1783538006.593,4319200.0,9368.602,44.654602,,,,,,
1783538006.594,4319205.0,9368.232,44.655666,,,,,,
1783538006.594,4319210.0,9368.835,44.65131,,,,,,
1783538006.595,4319215.0,9370.041,44.647823,,,,,,
1783538006.595,4319220.0,9370.142,44.647533,,,,,,
1783538006.596,4319225.0,9369.505,44.649376,,,,,,
1783538006.597,4319230.0,9369.471,44.649471,,,,,,
1783538006.597,4319235.0,9369.236,44.652767,,,,,,
1783538006.598,4319240.0,9368.666,44.654415,,,,,,
1783538006.599,4319245.0,9367.83,44.65683,,,,,,
1783538006.600,4319250.0,9368.533,44.6548,,,,,,
1783538006.832,4319255.0,9368.099,44.658676,,,,,,
1783538006.833,4319260.0,9367.764,44.657024,,,,,,
1783538006.834,4319265.0,9368.133,44.650719,,,,,,
1783538006.835,4319270.0,9368.467,44.647137,,,,,,
1783538006.836,4319275.0,9367.027,44.651295,,,,,,
1783538006.837,4319280.0,9367.396,44.647614,,,,,,
1783538006.838,4319285.0,9367.897,44.646164,,,,,,
1783538006.839,4319290.0,9366.926,44.651588,,,,,,
1783538006.839,4319295.0,9366.725,44.649555,,,,,,
1783538006.840,4319300.0,9367.596,44.644421,,,,,,
1783538006.841,4319305.0,9366.759,44.644222,,,,,,
1783538006.842,4319310.0,9366.09,44.646152,,,,,,
1783538006.843,4319315.0,9366.592,44.644699,,,,,,
1783538006.843,4319320.0,9366.525,44.64489,,,,,,
1783538006.844,4319325.0,9365.555,44.647701,,,,,,
1783538006.845,4319330.0,9366.09,44.646152,,,,,,
1783538006.846,4319335.0,9366.123,44.64344,,,,,,
1783538006.847,4319340.0,9365.053,44.646534,,,,,,
1783538006.848,4319345.0,9363.849,44.650013,,,,,,
1783538006.849,4319350.0,9364.752,44.650017,,,,,,
1783538006.849,4319355.0,9364.617,44.653023,,,,,,
1783538006.850,4319360.0,9364.451,44.653503,,,,,,
1783538006.851,4319365.0,9365.287,44.651085,,,,,,
1783538006.852,4319370.0,9366.524,44.647514,,,,,,
1783538006.853,4319375.0,9365.354,44.650894,,,,,,
1783538006.854,4319380.0,9365.555,44.647701,,,,,,
1783538006.854,4319385.0,9365.855,44.646832,,,,,,
1783538006.855,4319390.0,9364.518,44.648079,,,,,,
1783538006.856,4319395.0,9364.115,44.649242,,,,,,
1783538006.857,4319400.0,9365.021,44.646626,,,,,,
1783538006.857,4319405.0,9364.584,44.647888,,,,,,
1783538006.858,4319410.0,9364.584,44.647888,,,,,,
1783538006.859,4319415.0,9366.357,44.645382,,,,,,
1783538006.860,4319420.0,9366.559,44.647411,,,,,,
1783538006.861,4319425.0,9365.622,44.647503,,,,,,
1783538006.862,4319430.0,9365.89,44.649345,,,,,,
1783538006.863,4319435.0,9366.022,44.651581,,,,,,
1783538006.864,4319440.0,9364.518,44.65593,,,,,,
1783538006.865,4319445.0,9364.65,44.655548,,,,,,
1783538006.866,4319450.0,9365.521,44.65303,,,,,,
1783538006.866,4319455.0,9365.654,44.650028,,,,,,
1783538006.867,4319460.0,9365.487,44.650513,,,,,,
1783538006.868,4319465.0,9366.256,44.648289,,,,,,
1783538006.869,4319470.0,9365.755,44.647118,,,,,,
1783538006.870,4319475.0,9364.818,44.64983,,,,,,
1783538006.870,4319480.0,9364.852,44.649731,,,,,,
1783538006.871,4319485.0,9364.818,44.647213,,,,,,
1783538006.872,4319490.0,9364.217,44.648949,,,,,,
1783538006.873,4319495.0,9364.25,44.648853,,,,,,
1783538006.874,4319500.0,9365.42,44.648087,,,,,,
1783538006.874,4319505.0,9364.919,44.652149,,,,,,
1783538006.875,4319510.0,9364.852,44.654964,,,,,,
1783538006.876,4319515.0,9366.022,44.651581,,,,,,
1783538006.877,4319520.0,9366.123,44.653908,,,,,,
1783538006.878,4319525.0,9365.388,44.653416,,,,,,
1783538006.879,4319530.0,9365.487,44.65313,,,,,,
1783538007.016,4319535.0,9365.722,44.652451,,,,,,
1783538007.017,4319540.0,9364.552,44.65583,,,,,,
1783538007.018,4319545.0,9364.818,44.655064,,,,,,
1783538007.019,4319550.0,9365.689,44.655163,,,,,,
1783538007.020,4319555.0,9365.923,44.651871,,,,,,
1783538007.020,4319560.0,9366.19,44.651096,,,,,,
1783538007.021,4319565.0,9366.96,44.648872,,,,,,
1783538007.022,4319570.0,9367.127,44.645771,,,,,,
1783538007.024,4319575.0,9366.457,44.645092,,,,,,
1783538007.024,4319580.0,9366.725,44.644321,,,,,,
1783538007.025,4319585.0,9366.792,44.644127,,,,,,
1783538007.026,4319590.0,9366.291,44.645569,,,,,,
1783538007.027,4319595.0,9366.123,44.64867,,,,,,
1783538007.028,4319600.0,9366.826,44.649261,,,,,,
1783538007.029,4319605.0,9366.692,44.652264,,,,,,
1783538007.030,4319610.0,9366.592,44.652554,,,,,,
1783538007.031,4319615.0,9367.16,44.648296,,,,,,
1783538007.031,4319620.0,9367.395,44.645,,,,,,
1783538007.032,4319625.0,9366.291,44.64819,,,,,,
1783538007.033,4319630.0,9366.458,44.647705,,,,,,
1783538007.034,4319635.0,9366.189,44.645863,,,,,,
1783538007.035,4319640.0,9365.32,44.65099,,,,,,
1783538007.036,4319645.0,9364.65,44.652931,,,,,,
1783538007.036,4319650.0,9365.822,44.64954,,,,,,
1783538007.037,4319655.0,9365.822,44.64954,,,,,,
1783538007.038,4319660.0,9365.555,44.650314,,,,,,
1783538007.039,4319665.0,9366.057,44.648865,,,,,,
1783538007.040,4319670.0,9365.924,44.64925,,,,,,
1783538007.040,4319675.0,9364.417,44.65099,,,,,,
1783538007.041,4319680.0,9363.948,44.652344,,,,,,
1783538007.042,4319685.0,9363.948,44.652344,,,,,,
1783538007.042,4319690.0,9363.279,44.65427,,,,,,
1783538007.043,4319695.0,9364.016,44.654762,,,,,,
1783538007.248,4319700.0,9364.919,44.65477,,,,,,
1783538007.249,4319705.0,9364.818,44.652443,,,,,,
1783538007.250,4319710.0,9364.952,44.654675,,,,,,
1783538007.251,4319715.0,9366.491,44.650227,,,,,,
1783538007.252,4319720.0,9366.19,44.651096,,,,,,
1783538007.253,4319725.0,9365.89,44.649345,,,,,,
1783538007.254,4319730.0,9366.257,44.650906,,,,,,
1783538007.255,4319735.0,9366.927,44.648968,,,,,,
1783538007.255,4319740.0,9365.99,44.649055,,,,,,
1783538007.256,4319745.0,9366.491,44.647606,,,,,,
1783538007.257,4319750.0,9367.73,44.646648,,,,,,
1783538007.258,4319755.0,9368.131,44.645489,,,,,,
1783538007.259,4319760.0,9367.931,44.646069,,,,,,
1783538007.260,4319765.0,9369.604,44.643848,,,,,,
1783538007.260,4319770.0,9369.907,44.645592,,,,,,
1783538007.261,4319775.0,9369.304,44.649956,,,,,,
1783538007.262,4319780.0,9369.975,44.650635,,,,,,
1783538007.262,4319785.0,9370.811,44.650841,,,,,,
1783538007.263,4319790.0,9370.342,44.654812,,,,,,
1783538007.264,4319795.0,9370.544,44.654228,,,,,,
1783538007.265,4319800.0,9371.481,44.651516,,,,,,
1783538007.265,4319805.0,9371.849,44.650455,,,,,,
1783538007.266,4319810.0,9371.884,44.650356,,,,,,
1783538007.267,4319815.0,9372.553,44.648422,,,,,,
1783538007.267,4319820.0,9372.553,44.648422,,,,,,
1783538007.268,4319825.0,9371.951,44.650162,,,,,,
1783538007.269,4319830.0,9371.917,44.652874,,,,,,
1783538007.269,4319835.0,9371.916,44.652878,,,,,,
1783538007.270,4319840.0,9370.544,44.656845,,,,,,
1783538007.270,4319845.0,9370.878,44.65588,,,,,,
1783538007.271,4319850.0,9371.514,44.654041,,,,,,
1783538007.272,4319855.0,9371.279,44.6521,,,,,,
1783538007.272,4319860.0,9371.013,44.65287,,,,,,
1783538007.273,4319865.0,9372.252,44.649292,,,,,,
1783538007.274,4319870.0,9372.218,44.649391,,,,,,
1783538007.274,4319875.0,9371.314,44.652,,,,,,
1783538007.275,4319880.0,9371.013,44.650253,,,,,,
1783538007.275,4319885.0,9370.678,44.651222,,,,,,
1783538007.276,4319890.0,9369.537,44.654518,,,,,,
1783538007.277,4319895.0,9369.103,44.655773,,,,,,
1783538007.277,4319900.0,9370.24,44.652489,,,,,,
1783538007.278,4319905.0,9370.006,44.655781,,,,,,
1783538007.279,4319910.0,9370.476,44.651806,,,,,,
1783538007.279,4319915.0,9371.313,44.649387,,,,,,
1783538007.280,4319920.0,9371.682,44.648323,,,,,,
1783538007.281,4319925.0,9370.476,44.651806,,,,,,
1783538007.281,4319930.0,9370.309,44.64967,,,,,,
1783538007.419,4319935.0,9370.274,44.649769,,,,,,
1783538007.420,4319940.0,9369.303,44.64996,,,,,,
1783538007.421,4319945.0,9369.104,44.647915,,,,,,
1783538007.422,4319950.0,9369.604,44.643848,,,,,,
1783538007.422,4319955.0,9369.17,44.645103,,,,,,
1783538007.423,4319960.0,9368.433,44.649853,,,,,,
1783538007.424,4319965.0,9368.701,44.649075,,,,,,
1783538007.425,4319970.0,9367.864,44.651493,,,,,,
1783538007.426,4319975.0,9366.725,44.654789,,,,,,
1783538007.427,4319980.0,9366.123,44.656525,,,,,,
1783538007.427,4319985.0,9365.655,44.655262,,,,,,
1783538007.428,4319990.0,9364.651,44.658161,,,,,,
1783538007.430,4319995.0,9364.718,44.65797,,,,,,
1783538007.431,4320000.0,9365.32,44.656227,,,,,,
1783538007.433,4320005.0,9365.855,44.652065,,,,,,
1783538007.434,4320010.0,9365.555,44.650318,,,,,,
1783538007.435,4320015.0,9366.091,44.646152,,,,,,
1783538007.435,4320020.0,9365.789,44.647022,,,,,,
1783538007.436,4320025.0,9364.351,44.648563,,,,,,
1783538007.437,4320030.0,9363.882,44.649918,,,,,,
1783538007.438,4320035.0,9364.083,44.651955,,,,,,
1783538007.439,4320040.0,9362.879,44.658047,,,,,,
1783538007.440,4320045.0,9362.276,44.657169,,,,,,
1783538007.440,4320050.0,9362.51,44.659111,,,,,,
1783538007.441,4320055.0,9362.042,44.660469,,,,,,
1783538007.442,4320060.0,9361.507,44.659397,,,,,,
1783538007.443,4320065.0,9362.744,44.653206,,,,,,
1783538007.444,4320070.0,9362.878,44.655434,,,,,,
1783538007.446,4320075.0,9362.778,44.653107,,,,,,
1783538007.447,4320080.0,9362.879,44.652817,,,,,,
1783538007.447,4320085.0,9362.912,44.652718,,,,,,
1783538007.448,4320090.0,9361.373,44.657166,,,,,,
1783538007.449,4320095.0,9360.838,44.658714,,,,,,
1783538007.450,4320100.0,9361.308,44.657356,,,,,,
1783538007.682,4320105.0,9360.539,44.659576,,,,,,
1783538007.683,4320110.0,9360.271,44.660351,,,,,,
1783538007.684,4320115.0,9361.509,44.656773,,,,,,
1783538007.685,4320120.0,9361.976,44.652809,,,,,,
1783538007.686,4320125.0,9361.508,44.65416,,,,,,
1783538007.686,4320130.0,9362.511,44.651264,,,,,,
1783538007.687,4320135.0,9362.711,44.650684,,,,,,
1783538007.688,4320140.0,9361.875,44.653099,,,,,,
1783538007.689,4320145.0,9361.475,44.654255,,,,,,
1783538007.690,4320150.0,9362.41,44.651554,,,,,,
1783538007.691,4320155.0,9361.976,44.652809,,,,,,
1783538007.692,4320160.0,9362.076,44.652519,,,,,,
1783538007.692,4320165.0,9362.813,44.650391,,,,,,
1783538007.693,4320170.0,9363.045,44.649719,,,,,,
1783538007.694,4320175.0,9362.076,44.652519,,,,,,
1783538007.695,4320180.0,9362.443,44.651459,,,,,,
1783538007.696,4320185.0,9362.979,44.652527,,,,,,
1783538007.697,4320190.0,9362.645,44.653492,,,,,,
1783538007.698,4320195.0,9362.611,44.653587,,,,,,
1783538007.699,4320200.0,9363.112,44.652142,,,,,,
1783538007.700,4320205.0,9362.945,44.652622,,,,,,
1783538007.701,4320210.0,9362.109,44.652424,,,,,,
1783538007.701,4320215.0,9362.778,44.65049,,,,,,
1783538007.702,4320220.0,9363.079,44.64962,,,,,,
1783538007.703,4320225.0,9362.443,44.651459,,,,,,
1783538007.704,4320230.0,9362.244,44.654648,,,,,,
1783538007.705,4320235.0,9362.645,44.656105,,,,,,
1783538007.705,4320240.0,9361.307,44.659973,,,,,,
1783538007.706,4320245.0,9360.973,44.660942,,,,,,
1783538007.707,4320250.0,9362.01,44.660561,,,,,,
1783538007.708,4320255.0,9362.443,44.656693,,,,,,
1783538007.709,4320260.0,9362.443,44.656689,,,,,,
1783538007.710,4320265.0,9363.279,44.656887,,,,,,
1783538007.710,4320270.0,9362.778,44.658337,,,,,,
1783538007.711,4320275.0,9361.876,44.660942,,,,,,
1783538007.712,4320280.0,9361.908,44.660854,,,,,,
1783538007.713,4320285.0,9361.775,44.658623,,,,,,
1783538007.714,4320290.0,9361.307,44.65736,,,,,,
1783538007.715,4320295.0,9361.642,44.659008,,,,,,
1783538007.715,4320300.0,9361.908,44.655621,,,,,,
1783538007.716,4320305.0,9361.607,44.65649,,,,,,
1783538007.717,4320310.0,9361.607,44.659107,,,,,,
1783538007.718,4320315.0,9362.044,44.657845,,,,,,
1783538007.719,4320320.0,9362.01,44.655327,,,,,,
1783538007.720,4320325.0,9361.675,44.656296,,,,,,
1783538007.720,4320330.0,9361.24,44.657551,,,,,,
1783538007.721,4320335.0,9361.14,44.655224,,,,,,
1783538007.722,4320340.0,9360.471,44.659775,,,,,,
1783538007.723,4320345.0,9360.403,44.659969,,,,,,
1783538007.724,4320350.0,9361.039,44.658131,,,,,,
1783538007.724,4320355.0,9361.039,44.658131,,,,,,
1783538007.725,4320360.0,9360.505,44.662292,,,,,,
1783538007.726,4320365.0,9361.174,44.657742,,,,,,
1783538007.727,4320370.0,9361.24,44.657551,,,,,,
1783538007.727,4320375.0,9359.703,44.664608,,,,,,
1783538007.864,4320380.0,9359.269,44.665863,,,,,,
1783538007.865,4320385.0,9359.168,44.666153,,,,,,
1783538007.866,4320390.0,9357.464,44.671078,,,,,,
1783538007.867,4320395.0,9356.93,44.672623,,,,,,
1783538007.867,4320400.0,9357.865,44.667301,,,,,,
1783538007.868,4320405.0,9357.764,44.667595,,,,,,
1783538007.869,4320410.0,9357.498,44.665749,,,,,,
1783538007.870,4320415.0,9358.166,44.663818,,,,,,
1783538007.871,4320420.0,9357.865,44.664684,,,,,,
1783538007.872,4320425.0,9356.695,44.670685,,,,,,
1783538007.873,4320430.0,9355.994,44.67271,,,,,,
1783538007.873,4320435.0,9355.861,44.673092,,,,,,
1783538007.874,4320440.0,9355.026,44.675507,,,,,,
1783538007.875,4320445.0,9355.026,44.675507,,,,,,
1783538007.876,4320450.0,9355.561,44.671345,,,,,,
1783538007.877,4320455.0,9356.328,44.669128,,,,,,
1783538007.877,4320460.0,9355.995,44.67009,,,,,,
1783538007.878,4320465.0,9356.529,44.671162,,,,,,
1783538007.879,4320470.0,9356.429,44.674068,,,,,,
1783538007.880,4320475.0,9355.728,44.678711,,,,,,
1783538007.881,4320480.0,9355.16,44.682968,,,,,,
1783538007.882,4320485.0,9355.394,44.684914,,,,,,
1783538007.883,4320490.0,9354.858,44.686459,,,,,,
1783538007.884,4320495.0,9355.025,44.685978,,,,,,
1783538007.884,4320500.0,9355.861,44.683559,,,,,,
1783538007.885,4320505.0,9356.361,44.682117,,,,,,
1783538007.886,4320510.0,9356.329,44.682209,,,,,,
1783538007.887,4320515.0,9357.23,44.679604,,,,,,
1783538007.888,4320520.0,9357.598,44.68116,,,,,,
1783538007.888,4320525.0,9356.896,44.685806,,,,,,
1783538007.889,4320530.0,9356.963,44.688232,,,,,,
1783538007.890,4320535.0,9357.297,44.689888,,,,,,
1783538007.891,4320540.0,9356.295,44.6954,,,,,,
1783538008.115,4320545.0,9356.229,44.695591,,,,,,
1783538008.116,4320550.0,9357.432,44.692116,,,,,,
1783538008.117,4320555.0,9357.465,44.69202,,,,,,
1783538008.118,4320560.0,9357.432,44.692116,,,,,,
1783538008.119,4320565.0,9358.433,44.689224,,,,,,
1783538008.120,4320570.0,9357.865,44.693478,,,,,,
1783538008.120,4320575.0,9356.563,44.699863,,,,,,
1783538008.121,4320580.0,9355.928,44.704319,,,,,,
1783538008.123,4320585.0,9355.36,44.705956,,,,,,
1783538008.124,4320590.0,9353.758,44.710587,,,,,,
1783538008.125,4320595.0,9353.357,44.711742,,,,,,
1783538008.125,4320600.0,9353.857,44.70768,,,,,,
1783538008.126,4320605.0,9353.558,44.708546,,,,,,
1783538008.127,4320610.0,9353.323,44.709225,,,,,,
1783538008.128,4320615.0,9354.325,44.706329,,,,,,
1783538008.130,4320620.0,9354.024,44.707199,,,,,,
1783538008.131,4320625.0,9351.623,44.716755,,,,,,
1783538008.131,4320630.0,9350.99,44.715965,,,,,,
1783538008.132,4320635.0,9350.356,44.720413,,,,,,
1783538008.133,4320640.0,9348.521,44.725716,,,,,,
1783538008.134,4320645.0,9347.887,44.724934,,,,,,
1783538008.134,4320650.0,9348.221,44.721348,,,,,,
1783538008.135,4320655.0,9347.454,44.723564,,,,,,
1783538008.136,4320660.0,9346.354,44.726742,,,,,,
1783538008.137,4320665.0,9346.486,44.72636,,,,,,
1783538008.138,4320670.0,9345.787,44.730999,,,,,,
1783538008.139,4320675.0,9345.188,44.732731,,,,,,
1783538008.140,4320680.0,9344.521,44.737274,,,,,,
1783538008.141,4320685.0,9344.089,44.735909,,,,,,
1783538008.141,4320690.0,9342.157,44.741489,,,,,,
1783538008.142,4320695.0,9341.458,44.740887,,,,,,
1783538008.143,4320700.0,9341.325,44.741272,,,,,,
1783538008.144,4320705.0,9341.158,44.73914,,,,,,
1783538008.144,4320710.0,9340.893,44.739906,,,,,,
1783538008.145,4320715.0,9341.758,44.737404,,,,,,
1783538008.146,4320720.0,9341.159,44.739136,,,,,,
1783538008.147,4320725.0,9339.463,44.744038,,,,,,
1783538008.148,4320730.0,9338.464,44.746925,,,,,,
1783538008.149,4320735.0,9337.766,44.74894,,,,,,
1783538008.150,4320740.0,9336.268,44.753269,,,,,,
1783538008.151,4320745.0,9335.205,44.75634,,,,,,
1783538008.151,4320750.0,9335.371,44.755859,,,,,,
1783538008.152,4320755.0,9334.439,44.758553,,,,,,
1783538008.153,4320760.0,9333.244,44.762005,,,,,,
1783538008.154,4320765.0,9333.31,44.764435,,,,,,
1783538008.155,4320770.0,9332.878,44.765682,,,,,,
1783538008.156,4320775.0,9331.683,44.771755,,,,,,
1783538008.157,4320780.0,9331.615,44.77195,,,,,,
1783538008.157,4320785.0,9331.283,44.772911,,,,,,
1783538008.158,4320790.0,9329.622,44.775089,,,,,,
1783538008.159,4320795.0,9329.025,44.776814,,,,,,
1783538008.160,4320800.0,9329.424,44.773045,,,,,,
1783538008.161,4320805.0,9328.526,44.775639,,,,,,
1783538008.161,4320810.0,9328.461,44.778446,,,,,,
1783538008.298,4320815.0,9328.859,44.777294,,,,,,
1783538008.299,4320820.0,9328.527,44.780872,,,,,,
1783538008.300,4320825.0,9326.835,44.785763,,,,,,
1783538008.301,4320830.0,9326.237,44.787491,,,,,,
1783538008.302,4320835.0,9325.044,44.790939,,,,,,
1783538008.303,4320840.0,9323.551,44.795254,,,,,,
1783538008.304,4320845.0,9322.854,44.797264,,,,,,
1783538008.305,4320850.0,9323.849,44.794392,,,,,,
1783538008.305,4320855.0,9324.015,44.793911,,,,,,
1783538008.306,4320860.0,9323.85,44.791767,,,,,,
1783538008.307,4320865.0,9324.744,44.791805,,,,,,
1783538008.308,4320870.0,9324.778,44.791706,,,,,,
1783538008.309,4320875.0,9323.286,44.796017,,,,,,
1783538008.310,4320880.0,9322.49,44.800934,,,,,,
1783538008.311,4320885.0,9321.794,44.805569,,,,,,
1783538008.311,4320890.0,9320.401,44.809589,,,,,,
1783538008.312,4320895.0,9319.606,44.81189,,,,,,
1783538008.313,4320900.0,9320.103,44.813076,,,,,,
1783538008.314,4320905.0,9319.904,44.813648,,,,,,
1783538008.315,4320910.0,9319.639,44.817032,,,,,,
1783538008.316,4320915.0,9320.137,44.815594,,,,,,
1783538008.317,4320920.0,9319.309,44.817986,,,,,,
1783538008.318,4320925.0,9317.719,44.825199,,,,,,
1783538008.319,4320930.0,9317.056,44.829735,,,,,,
1783538008.320,4320935.0,9316.328,44.831837,,,,,,
1783538008.320,4320940.0,9314.672,44.839237,,,,,,
1783538008.321,4320945.0,9314.408,44.842621,,,,,,
1783538008.322,4320950.0,9314.971,44.838375,,,,,,
1783538008.323,4320955.0,9314.639,44.839336,,,,,,
1783538008.324,4320960.0,9314.109,44.840862,,,,,,
1783538008.325,4320965.0,9314.639,44.839336,,,,,,
1783538008.326,4320970.0,9313.944,44.841343,,,,,,
1783538008.326,4320975.0,9312.322,44.848648,,,,,,
1783538008.548,4320980.0,9311.859,44.849987,,,,,,
1783538008.549,4320985.0,9312.422,44.850979,,,,,,
1783538008.549,4320990.0,9311.794,44.852791,,,,,,
1783538008.550,4320995.0,9312.521,44.850689,,,,,,
1783538008.551,4321000.0,9313.282,44.848495,,,,,,
1783538008.551,4321005.0,9312.918,44.849548,,,,,,
1783538008.552,4321010.0,9312.091,44.849319,,,,,,
1783538008.553,4321015.0,9311.859,44.852604,,,,,,
1783538008.553,4321020.0,9311.23,44.85442,,,,,,
1783538008.554,4321025.0,9309.876,44.860954,,,,,,
1783538008.555,4321030.0,9309.81,44.86377,,,,,,
1783538008.555,4321035.0,9309.479,44.86734,,,,,,
1783538008.556,4321040.0,9308.123,44.868641,,,,,,
1783538008.557,4321045.0,9307.198,44.873932,,,,,,
1783538008.557,4321050.0,9307.463,44.873165,,,,,,
1783538008.558,4321055.0,9306.372,44.876316,,,,,,
1783538008.559,4321060.0,9305.38,44.879185,,,,,,
1783538008.559,4321065.0,9305.711,44.880848,,,,,,
1783538008.560,4321070.0,9305.281,44.882092,,,,,,
1783538008.560,4321075.0,9303.993,44.885811,,,,,,
1783538008.562,4321080.0,9303.928,44.886002,,,,,,
1783538008.563,4321085.0,9303.762,44.886482,,,,,,
1783538008.564,4321090.0,9302.606,44.88982,,,,,,
1783538008.564,4321095.0,9302.145,44.888535,,,,,,
1783538008.565,4321100.0,9302.475,44.887581,,,,,,
1783538008.566,4321105.0,9301.847,44.886776,,,,,,
1783538008.566,4321110.0,9301.021,44.88916,,,,,,
1783538008.567,4321115.0,9301.188,44.888683,,,,,,
1783538008.568,4321120.0,9300.857,44.892254,,,,,,
1783538008.568,4321125.0,9299.735,44.895496,,,,,,
1783538008.569,4321130.0,9298.811,44.900787,,,,,,
1783538008.570,4321135.0,9298.284,44.899689,,,,,,
1783538008.570,4321140.0,9296.833,44.903881,,,,,,
1783538008.571,4321145.0,9296.503,44.904835,,,,,,
1783538008.571,4321150.0,9296.865,44.90379,,,,,,
1783538008.573,4321155.0,9296.898,44.901073,,,,,,
1783538008.574,4321160.0,9296.733,44.90155,,,,,,
1783538008.575,4321165.0,9297.261,44.897408,,,,,,
1783538008.576,4321170.0,9296.272,44.900265,,,,,,
1783538008.577,4321175.0,9294.92,44.904171,,,,,,
1783538008.578,4321180.0,9294.327,44.908504,,,,,,
1783538008.579,4321185.0,9294.427,44.910835,,,,,,
1783538008.580,4321190.0,9294.196,44.91412,,,,,,
1783538008.581,4321195.0,9293.998,44.914692,,,,,,
1783538008.581,4321200.0,9294.921,44.912025,,,,,,
1783538008.582,4321205.0,9295.218,44.911167,,,,,,
1783538008.583,4321210.0,9294.724,44.912598,,,,,,
1783538008.584,4321215.0,9294.855,44.912216,,,,,,
1783538008.584,4321220.0,9294.855,44.909595,,,,,,
1783538008.585,4321225.0,9293.9,44.912354,,,,,,
1783538008.585,4321230.0,9293.834,44.912548,,,,,,
1783538008.586,4321235.0,9294.064,44.91188,,,,,,
1783538008.713,4321240.0,9293.438,44.913689,,,,,,
1783538008.714,4321245.0,9293.635,44.915745,,,,,,
1783538008.715,4321250.0,9294.427,44.916073,,,,,,
1783538008.716,4321255.0,9294.262,44.919167,,,,,,
1783538008.717,4321260.0,9294.592,44.918213,,,,,,
1783538008.718,4321265.0,9295.416,44.918453,,,,,,
1783538008.718,4321270.0,9296.14,44.918983,,,,,,
1783538008.719,4321275.0,9296.174,44.91888,,,,,,
1783538008.720,4321280.0,9296.8,44.917076,,,,,,
1783538008.721,4321285.0,9297.129,44.918743,,,,,,
1783538008.722,4321290.0,9297.129,44.918743,,,,,,
1783538008.722,4321295.0,9297.294,44.918266,,,,,,
1783538008.723,4321300.0,9298.218,44.915596,,,,,,
1783538008.724,4321305.0,9298.416,44.915024,,,,,,
1783538008.725,4321310.0,9298.779,44.913975,,,,,,
1783538008.725,4321315.0,9299.569,44.91431,,,,,,
1783538008.726,4321320.0,9300.099,44.912781,,,,,,
1783538008.727,4321325.0,9299.239,44.915264,,,,,,
1783538008.728,4321330.0,9299.042,44.915836,,,,,,
1783538008.729,4321335.0,9299.372,44.914883,,,,,,
1783538008.731,4321340.0,9298.482,44.914833,,,,,,
1783538008.732,4321345.0,9298.185,44.915691,,,,,,
1783538008.949,4321350.0,9298.613,44.911835,0.261908,201.760666,4321347.0,57.619656,,
1783538008.950,4321472.0,9298.977,44.905548,,,,,,
1783538008.951,4321477.0,9298.514,44.90427,,,,,,
1783538008.952,4321482.0,9299.438,44.896355,,,,,,
1783538008.953,4321487.0,9298.778,44.893021,,,,,,
1783538008.954,4321492.0,9298.35,44.891644,,,,,,
1783538008.955,4321497.0,9298.481,44.891262,,,,,,
1783538008.956,4321502.0,9298.779,44.887783,,,,,,
1783538008.956,4321507.0,9298.021,44.889973,,,,,,
1783538008.957,4321512.0,9298.846,44.887589,,,,,,
1783538008.958,4321517.0,9299.175,44.886639,,,,,,
1783538008.959,4321522.0,9299.24,44.883831,,,,,,
1783538008.960,4321527.0,9299.438,44.883255,,,,,,
1783538008.961,4321532.0,9300.494,44.880207,,,,,,
1783538008.962,4321537.0,9300.593,44.877304,,,,,,
1783538008.963,4321542.0,9300.988,44.873543,,,,,,
1783538008.963,4321547.0,9301.154,44.875683,,,,,,
1783538008.964,4321552.0,9301.748,44.871349,,,,,,
1783538008.965,4321557.0,9301.056,44.873348,,,,,,
1783538008.966,4321562.0,9301.088,44.873257,,,,,,
1783538008.967,4321567.0,9301.451,44.872208,,,,,,
1783538008.968,4321572.0,9301.682,44.868919,,,,,,
1783538008.968,4321577.0,9301.385,44.872398,,,,,,
1783538008.969,4321582.0,9302.97,44.8652,,,,,,
1783538008.970,4321587.0,9303.762,44.862911,,,,,,
1783538008.971,4321592.0,9304.158,44.861763,,,,,,
1783538008.971,4321597.0,9304.488,44.860809,,,,,,
1783538008.972,4321602.0,9304.951,44.856857,,,,,,
1783538008.973,4321607.0,9304.29,44.858765,,,,,,
1783538008.974,4321612.0,9304.951,44.856857,,,,,,
1783538008.974,4321617.0,9305.943,44.853989,,,,,,
1783538008.975,4321622.0,9306.669,44.851891,,,,,,
1783538008.976,4321627.0,9307.495,44.849506,,,,,,
1783538009.103,4321632.0,9308.784,44.843159,,,,,,
1783538009.104,4321637.0,9308.884,44.842873,,,,,,
1783538009.105,4321642.0,9308.388,44.844307,,,,,,
1783538009.106,4321647.0,9308.553,44.841209,,,,,,
1783538009.106,4321652.0,9308.619,44.838398,,,,,,
1783538009.107,4321657.0,9308.023,44.842735,,,,,,
1783538009.108,4321662.0,9308.354,44.841782,,,,,,
1783538009.109,4321667.0,9309.743,44.837772,,,,,,
1783538009.109,4321672.0,9310.041,44.836906,,,,,,
1783538009.110,4321677.0,9310.669,44.835094,,,,,,
1783538009.111,4321682.0,9312.29,44.827793,,,,,,
1783538009.112,4321687.0,9312.62,44.826839,,,,,,
1783538009.114,4321692.0,9312.62,44.824219,,,,,,
1783538009.114,4321697.0,9312.885,44.823452,,,,,,
1783538009.115,4321702.0,9313.15,44.820068,,,,,,
1783538009.117,4321707.0,9312.653,44.821503,,,,,,
1783538009.118,4321712.0,9313.415,44.814064,,,,,,
1783538009.119,4321717.0,9314.606,44.810623,,,,,,
1783538009.120,4321722.0,9315.799,44.807178,,,,,,
1783538009.121,4321727.0,9316.857,44.80674,,,,,,
1783538009.121,4321732.0,9317.85,44.803871,,,,,,
1783538009.122,4321737.0,9318.182,44.802914,,,,,,
1783538009.123,4321742.0,9318.016,44.800774,,,,,,
1783538009.124,4321747.0,9318.579,44.799145,,,,,,
1783538009.124,4321752.0,9318.678,44.796242,,,,,,
1783538009.125,4321757.0,9318.744,44.79343,,,,,,
1783538009.126,4321762.0,9320.037,44.789692,,,,,,
1783538009.126,4321767.0,9320.435,44.788544,,,,,,
1783538009.127,4321772.0,9320.732,44.785069,,,,,,
1783538009.128,4321777.0,9321.131,44.783916,,,,,,
1783538009.365,4321782.0,9322.489,44.779991,,,,,,
1783538009.366,4321787.0,9323.087,44.778263,,,,,,
1783538009.367,4321792.0,9323.153,44.778072,,,,,,
1783538009.368,4321797.0,9323.883,44.773346,,,,,,
1783538009.369,4321802.0,9324.977,44.770187,,,,,,
1783538009.369,4321807.0,9324.877,44.770473,,,,,,
1783538009.370,4321812.0,9324.844,44.770569,,,,,,
1783538009.371,4321817.0,9326.603,44.765488,,,,,,
1783538009.372,4321822.0,9327.1,44.76667,,,,,,
1783538009.373,4321827.0,9326.834,44.76482,,,,,,
1783538009.374,4321832.0,9328.361,44.75779,,,,,,
1783538009.374,4321837.0,9329.059,44.755775,,,,,,
1783538009.375,4321842.0,9328.992,44.753349,,,,,,
1783538009.376,4321847.0,9329.689,44.748718,,,,,,
1783538009.377,4321852.0,9330.286,44.746994,,,,,,
1783538009.378,4321857.0,9329.622,44.748913,,,,,,
1783538009.379,4321862.0,9329.689,44.743481,,,,,,
1783538009.380,4321867.0,9330.653,44.740696,,,,,,
1783538009.381,4321872.0,9330.951,44.739834,,,,,,
1783538009.381,4321877.0,9331.217,44.736454,,,,,,
1783538009.382,4321882.0,9332.612,44.732422,,,,,,
1783538009.383,4321887.0,9333.077,44.731079,,,,,,
1783538009.385,4321892.0,9332.712,44.729519,,,,,,
1783538009.394,4321897.0,9332.845,44.729137,,,,,,
1783538009.397,4321902.0,9333.675,44.726734,,,,,,
1783538009.398,4321907.0,9332.977,44.726135,,,,,,
1783538009.399,4321912.0,9333.442,44.724789,,,,,,
1783538009.400,4321917.0,9334.473,44.721817,,,,,,
1783538009.401,4321922.0,9334.673,44.71862,,,,,,
1783538009.402,4321927.0,9334.806,44.715618,,,,,,
1783538009.402,4321932.0,9336.335,44.708584,,,,,,
1783538009.403,4321937.0,9336.136,44.70916,,,,,,
1783538009.404,4321942.0,9335.57,44.708176,,,,,,
1783538009.405,4321947.0,9335.936,44.707123,,,,,,
1783538009.406,4321952.0,9336.069,44.706734,,,,,,
1783538009.407,4321957.0,9335.338,44.711464,,,,,,
1783538009.407,4321962.0,9336.269,44.706158,,,,,,
1783538009.408,4321967.0,9337.3,44.705795,,,,,,
1783538009.409,4321972.0,9337.666,44.702122,,,,,,
1783538009.410,4321977.0,9338.662,44.699242,,,,,,
1783538009.411,4321982.0,9339.861,44.693161,,,,,,
1783538009.412,4321987.0,9340.326,44.691818,,,,,,
1783538009.413,4321992.0,9340.127,44.689777,,,,,,
1783538009.413,4321997.0,9340.493,44.688717,,,,,,
1783538009.414,4322002.0,9340.326,44.689201,,,,,,
1783538009.416,4322007.0,9340.427,44.691532,,,,,,
1783538009.417,4322012.0,9340.76,44.690567,,,,,,
1783538009.418,4322017.0,9342.357,44.688564,,,,,,
1783538009.418,4322022.0,9343.257,44.688583,,,,,,
1783538009.419,4322027.0,9344.322,44.688122,,,,,,
1783538009.420,4322032.0,9345.421,44.684948,,,,,,
1783538009.421,4322037.0,9346.354,44.684868,,,,,,
1783538009.422,4322042.0,9345.521,44.684654,,,,,,
1783538009.423,4322047.0,9346.154,44.682823,,,,,,
1783538009.423,4322052.0,9346.654,44.678764,,,,,,
1783538009.424,4322057.0,9346.455,44.676723,,,,,,
1783538009.425,4322062.0,9346.721,44.675957,,,,,,
1783538009.426,4322067.0,9348.221,44.67424,,,,,,
1783538009.427,4322072.0,9348.153,44.674438,,,,,,
1783538009.428,4322077.0,9348.221,44.676857,,,,,,
1783538009.567,4322082.0,9349.154,44.674156,,,,,,
1783538009.567,4322087.0,9349.621,44.672806,,,,,,
1783538009.568,4322092.0,9349.221,44.671349,,,,,,
1783538009.569,4322097.0,9349.188,44.671448,,,,,,
1783538009.570,4322102.0,9349.821,44.669617,,,,,,
1783538009.570,4322107.0,9348.721,44.675411,,,,,,
1783538009.571,4322112.0,9347.488,44.676357,,,,,,
1783538009.572,4322117.0,9348.189,44.676945,,,,,,
1783538009.573,4322122.0,9348.354,44.673855,,,,,,
1783538009.574,4322127.0,9347.588,44.67345,,,,,,
1783538009.574,4322132.0,9348.654,44.670372,,,,,,
1783538009.575,4322137.0,9349.287,44.668541,,,,,,
1783538009.576,4322142.0,9348.121,44.669296,,,,,,
1783538009.577,4322147.0,9348.254,44.668911,,,,,,
1783538009.577,4322152.0,9348.588,44.670563,,,,,,
1783538009.578,4322157.0,9347.588,44.670837,,,,,,
1783538009.579,4322162.0,9347.455,44.671223,,,,,,
1783538009.580,4322167.0,9348.253,44.668915,,,,,,
1783538009.581,4322172.0,9347.82,44.670162,,,,,,
1783538009.582,4322177.0,9347.687,44.665321,,,,,,
1783538009.583,4322182.0,9348.387,44.660675,,,,,,
1783538009.584,4322187.0,9348.787,44.656906,,,,,,
1783538009.585,4322192.0,9347.688,44.657463,,,,,,
1783538009.585,4322197.0,9347.954,44.656689,,,,,,
1783538009.586,4322202.0,9348.021,44.659115,,,,,,
1783538009.587,4322207.0,9346.787,44.662682,,,,,,
1783538009.588,4322212.0,9346.688,44.662968,,,,,,
1783538009.589,4322217.0,9347.688,44.660084,,,,,,
1783538009.590,4322222.0,9347.287,44.658619,,,,,,
1783538009.590,4322227.0,9346.721,44.660252,,,,,,
1783538009.591,4322232.0,9347.687,44.657463,,,,,,
1783538009.593,4322237.0,9347.688,44.657459,,,,,,
1783538009.595,4322242.0,9346.854,44.659874,,,,,,
1783538009.596,4322247.0,9347.021,44.659389,,,,,,
1783538009.849,4322252.0,9347.287,44.656002,,,,,,
1783538009.850,4322257.0,9346.554,44.658123,,,,,,
1783538009.851,4322262.0,9346.154,44.659275,,,,,,
1783538009.851,4322267.0,9346.82,44.657352,,,,,,
1783538009.852,4322272.0,9346.553,44.658123,,,,,,
1783538009.853,4322277.0,9346.254,44.658989,,,,,,
1783538009.854,4322282.0,9347.054,44.65929,,,,,,
1783538009.855,4322287.0,9346.92,44.659676,,,,,,
1783538009.855,4322292.0,9346.653,44.663067,,,,,,
1783538009.856,4322297.0,9347.32,44.66114,,,,,,
1783538009.857,4322302.0,9347.454,44.660755,,,,,,
1783538009.858,4322307.0,9346.92,44.659679,,,,,,
1783538009.858,4322312.0,9347.054,44.659294,,,,,,
1783538009.859,4322317.0,9347.987,44.65398,,,,,,
1783538009.860,4322322.0,9347.92,44.654175,,,,,,
1783538009.861,4322327.0,9348.055,44.653786,,,,,,
1783538009.862,4322332.0,9349.588,44.649353,,,,,,
1783538009.862,4322337.0,9349.455,44.649738,,,,,,
1783538009.863,4322342.0,9348.654,44.652054,,,,,,
1783538009.864,4322347.0,9348.654,44.652054,,,,,,
1783538009.865,4322352.0,9349.255,44.652931,,,,,,
1783538009.865,4322357.0,9347.487,44.658039,,,,,,
1783538009.866,4322362.0,9348.221,44.655918,,,,,,
1783538009.867,4322367.0,9348.554,44.657578,,,,,,
1783538009.869,4322372.0,9348.354,44.658154,,,,,,
1783538009.870,4322377.0,9347.688,44.657459,,,,,,
1783538009.871,4322382.0,9349.121,44.65332,,,,,,
1783538009.872,4322387.0,9349.555,44.652069,,,,,,
1783538009.872,4322392.0,9349.188,44.650513,,,,,,
1783538009.873,4322397.0,9349.254,44.650318,,,,,,
1783538009.874,4322402.0,9349.82,44.648682,,,,,,
1783538009.875,4322407.0,9349.021,44.65099,,,,,,
1783538009.876,4322412.0,9348.388,44.655434,,,,,,
1783538009.876,4322417.0,9349.287,44.652836,,,,,,
1783538009.877,4322422.0,9349.754,44.651489,,,,,,
1783538009.878,4322427.0,9349.721,44.651588,,,,,,
1783538009.879,4322432.0,9350.055,44.650623,,,,,,
1783538009.880,4322437.0,9349.92,44.648392,,,,,,
1783538009.881,4322442.0,9348.92,44.651283,,,,,,
1783538009.881,4322447.0,9348.752,44.651768,,,,,,
1783538009.882,4322452.0,9349.053,44.650898,,,,,,
1783538009.884,4322457.0,9348.754,44.654377,,,,,,
1783538009.885,4322462.0,9348.987,44.653702,,,,,,
1783538009.886,4322467.0,9350.055,44.65062,,,,,,
1783538009.886,4322472.0,9349.755,44.651489,,,,,,
1783538009.887,4322477.0,9348.987,44.653706,,,,,,
1783538009.888,4322482.0,9349.053,44.650898,,,,,,
1783538009.889,4322487.0,9349.389,44.649929,,,,,,
1783538009.890,4322492.0,9348.688,44.651955,,,,,,
1783538009.891,4322497.0,9348.588,44.652245,,,,,,
1783538009.891,4322502.0,9349.088,44.650799,,,,,,
1783538009.892,4322507.0,9349.088,44.650799,,,,,,
1783538009.893,4322512.0,9348.92,44.651283,,,,,,
1783538009.894,4322517.0,9349.555,44.649452,,,,,,
1783538009.895,4322522.0,9349.987,44.648197,,,,,,
1783538009.896,4322527.0,9349.986,44.650814,,,,,,
1783538009.897,4322532.0,9350.421,44.65218,,,,,,
1783538009.898,4322537.0,9350.654,44.651508,,,,,,
1783538009.899,4322542.0,9350.255,44.65266,,,,,,
1783538009.900,4322547.0,9350.588,44.651703,,,,,,
1783538009.901,4322552.0,9350.986,44.647926,,,,,,
1783538010.043,4322557.0,9350.554,44.646561,,,,,,
1783538010.045,4322562.0,9350.32,44.647236,,,,,,
1783538010.046,4322567.0,9350.787,44.645885,,,,,,
1783538010.047,4322572.0,9350.82,44.64579,,,,,,
1783538010.048,4322577.0,9350.521,44.646656,,,,,,
1783538010.049,4322582.0,9350.954,44.645405,,,,,,
1783538010.050,4322587.0,9350.755,44.645981,,,,,,
1783538010.050,4322592.0,9349.921,44.648388,,,,,,
1783538010.051,4322597.0,9349.754,44.648876,,,,,,
1783538010.052,4322602.0,9349.721,44.648972,,,,,,
1783538010.053,4322607.0,9349.087,44.648182,,,,,,
1783538010.054,4322612.0,9348.887,44.648762,,,,,,
1783538010.054,4322617.0,9349.553,44.646835,,,,,,
1783538010.055,4322622.0,9349.354,44.647411,,,,,,
1783538010.056,4322627.0,9348.52,44.647209,,,,,,
1783538010.057,4322632.0,9348.786,44.649052,,,,,,
1783538010.058,4322637.0,9348.619,44.649532,,,,,,
1783538010.059,4322642.0,9347.32,44.65329,,,,,,
1783538010.061,4322647.0,9347.354,44.650578,,,,,,
1783538010.062,4322652.0,9347.887,44.651649,,,,,,
1783538010.063,4322657.0,9346.854,44.65464,,,,,,
1783538010.064,4322662.0,9346.72,44.652409,,,,,,
1783538010.065,4322667.0,9348.053,44.648556,,,,,,
1783538010.066,4322672.0,9347.619,44.652424,,,,,,
1783538010.067,4322677.0,9347.187,44.651062,,,,,,
1783538010.067,4322682.0,9348.32,44.645168,,,,,,
1783538010.068,4322687.0,9348.486,44.644688,,,,,,
1783538010.069,4322692.0,9347.552,44.644772,,,,,,
1783538010.070,4322697.0,9347.754,44.641575,,,,,,
1783538010.071,4322702.0,9348.021,44.643417,,,,,,
1783538010.071,4322707.0,9347.187,44.648445,,,,,,
1783538010.072,4322712.0,9347.419,44.647774,,,,,,
1783538010.073,4322717.0,9348.286,44.647884,,,,,,
1783538010.074,4322722.0,9348.82,44.648952,,,,,,
1783538010.331,4322727.0,9349.153,44.647991,,,,,,
1783538010.332,4322732.0,9350.32,44.644619,,,,,,
1783538010.333,4322737.0,9350.555,44.649174,,,,,,
1783538010.334,4322742.0,9349.688,44.651676,,,,,,
1783538010.335,4322747.0,9349.055,44.653507,,,,,,
1783538010.336,4322752.0,9349.255,44.652935,,,,,,
1783538010.337,4322757.0,9348.521,44.657669,,,,,,
1783538010.338,4322762.0,9348.021,44.659119,,,,,,
1783538010.338,4322767.0,9349.188,44.655746,,,,,,
1783538010.339,4322772.0,9349.622,44.654488,,,,,,
1783538010.340,4322777.0,9349.288,44.655457,,,,,,
1783538010.341,4322782.0,9350.322,44.649849,,,,,,
1783538010.342,4322787.0,9351.055,44.645115,,,,,,
1783538010.343,4322792.0,9350.12,44.647812,,,,,,
1783538010.344,4322797.0,9350.621,44.646366,,,,,,
1783538010.344,4322802.0,9351.054,44.645115,,,,,,
1783538010.345,4322807.0,9350.388,44.647041,,,,,,
1783538010.347,4322812.0,9350.588,44.646461,,,,,,
1783538010.347,4322817.0,9351.554,44.643673,,,,,,
1783538010.348,4322822.0,9351.188,44.64473,,,,,,
1783538010.349,4322827.0,9350.954,44.645405,,,,,,
1783538010.350,4322832.0,9351.488,44.64386,,,,,,
1783538010.351,4322837.0,9351.388,44.64415,,,,,,
1783538010.352,4322842.0,9350.487,44.646751,,,,,,
1783538010.352,4322847.0,9350.653,44.646275,,,,,,
1783538010.353,4322852.0,9350.854,44.645695,,,,,,
1783538010.354,4322857.0,9350.021,44.648102,,,,,,
1783538010.355,4322862.0,9349.854,44.648582,,,,,,
1783538010.356,4322867.0,9350.454,44.646847,,,,,,
1783538010.356,4322872.0,9349.986,44.648201,,,,,,
1783538010.357,4322877.0,9349.686,44.646454,,,,,,
1783538010.358,4322882.0,9350.387,44.644428,,,,,,
1783538010.359,4322887.0,9349.985,44.642975,,,,,,
1783538010.360,4322892.0,9348.587,44.647015,,,,,,
1783538010.361,4322897.0,9348.253,44.64798,,,,,,
1783538010.362,4322902.0,9348.254,44.650589,,,,,,
1783538010.363,4322907.0,9347.053,44.651447,,,,,,
1783538010.363,4322912.0,9346.786,44.652218,,,,,,
1783538010.364,4322917.0,9347.687,44.646999,,,,,,
1783538010.365,4322922.0,9346.887,44.649311,,,,,,
1783538010.366,4322927.0,9346.32,44.648331,,,,,,
1783538010.367,4322932.0,9347.053,44.646214,,,,,,
1783538010.368,4322937.0,9347.153,44.645924,,,,,,
1783538010.368,4322942.0,9346.253,44.651142,,,,,,
1783538010.369,4322947.0,9346.887,44.649311,,,,,,
1783538010.370,4322952.0,9347.22,44.648346,,,,,,
1783538010.371,4322957.0,9346.287,44.651043,,,,,,
1783538010.372,4322962.0,9346.053,44.654335,,,,,,
1783538010.372,4322967.0,9346.587,44.652794,,,,,,
1783538010.374,4322972.0,9346.619,44.650082,,,,,,
1783538010.375,4322977.0,9345.887,44.652199,,,,,,
1783538010.375,4322982.0,9346.587,44.652794,,,,,,
1783538010.376,4322987.0,9346.619,44.652699,,,,,,
1783538010.377,4322992.0,9346.521,44.650368,,,,,,
1783538010.378,4322997.0,9346.286,44.653664,,,,,,
1783538010.379,4323002.0,9347.286,44.650772,,,,,,
1783538010.380,4323007.0,9346.786,44.649601,,,,,,
1783538010.380,4323012.0,9346.887,44.649311,,,,,,
1783538010.381,4323017.0,9347.587,44.647285,,,,,,
1783538010.382,4323022.0,9347.986,44.646133,,,,,,
1783538010.382,4323027.0,9347.587,44.647285,,,,,,
1783538010.383,4323032.0,9348.053,44.645939,,,,,,
1783538010.524,4323037.0,9348.319,44.642555,,,,,,
1783538010.525,4323042.0,9347.119,44.64864,,,,,,
1783538010.526,4323047.0,9347.187,44.648445,,,,,,
1783538010.527,4323052.0,9347.087,44.648731,,,,,,
1783538010.529,4323057.0,9346.653,44.649986,,,,,,
1783538010.530,4323062.0,9346.387,44.65337,,,,,,
1783538010.531,4323067.0,9347.587,44.647285,,,,,,
1783538010.532,4323072.0,9347.454,44.647671,,,,,,
1783538010.533,4323077.0,9347.42,44.64777,,,,,,
1783538010.534,4323082.0,9348.054,44.645939,,,,,,
1783538010.535,4323087.0,9348.453,44.642166,,,,,,
1783538010.536,4323092.0,9347.153,44.64854,,,,,,
1783538010.536,4323097.0,9347.086,44.646118,,,,,,
1783538010.537,4323102.0,9346.786,44.646984,,,,,,
1783538010.538,4323107.0,9345.954,44.652004,,,,,,
1783538010.539,4323112.0,9346.22,44.651237,,,,,,
1783538010.540,4323117.0,9347.687,44.644382,,,,,,
1783538010.541,4323122.0,9347.986,44.643517,,,,,,
1783538010.541,4323127.0,9348.22,44.642841,,,,,,
1783538010.542,4323132.0,9349.387,44.639469,,,,,,
1783538010.543,4323137.0,9349.053,44.643051,,,,,,
1783538010.544,4323142.0,9347.32,44.650673,,,,,,
1783538010.545,4323147.0,9347.387,44.653095,,,,,,
1783538010.546,4323152.0,9347.688,44.654846,,,,,,
1783538010.547,4323157.0,9346.755,44.657539,,,,,,
1783538010.548,4323162.0,9346.621,44.657928,,,,,,
1783538010.549,4323167.0,9348.119,44.650978,,,,,,
1783538010.550,4323172.0,9347.854,44.651745,,,,,,
1783538010.551,4323177.0,9347.92,44.651558,,,,,,
1783538010.552,4323182.0,9348.653,44.646824,,,,,,
1783538010.553,4323187.0,9348.619,44.644302,,,,,,
1783538010.553,4323192.0,9348.021,44.648651,,,,,,
1783538010.554,4323197.0,9348.353,44.64769,,,,,,
1783538010.555,4323202.0,9348.086,44.64846,,,,,,
1783538010.556,4323207.0,9347.287,44.653385,,,,,,
1783538010.781,4323212.0,9347.754,44.652039,,,,,,
1783538010.782,4323217.0,9348.687,44.649338,,,,,,
1783538010.783,4323222.0,9348.653,44.646824,,,,,,
1783538010.784,4323227.0,9349.12,44.645473,,,,,,
1783538010.785,4323232.0,9350.087,44.640064,,,,,,
1783538010.786,4323237.0,9349.72,44.643742,,,,,,
1783538010.787,4323242.0,9348.72,44.644012,,,,,,
1783538010.789,4323247.0,9348.986,44.645859,,,,,,
1783538010.790,4323252.0,9348.62,44.646919,,,,,,
1783538010.791,4323257.0,9348.119,44.648365,,,,,,
1783538010.792,4323262.0,9348.286,44.647884,,,,,,
1783538010.793,4323267.0,9349.419,44.644611,,,,,,
1783538010.793,4323272.0,9348.954,44.643337,,,,,,
1783538010.794,4323277.0,9348.887,44.640915,,,,,,
1783538010.795,4323282.0,9349.286,44.642376,,,,,,
1783538010.796,4323287.0,9348.786,44.643822,,,,,,
1783538010.797,4323292.0,9347.486,44.647579,,,,,,
1783538010.798,4323297.0,9347.22,44.650963,,,,,,
1783538010.799,4323302.0,9346.819,44.652122,,,,,,
1783538010.801,4323307.0,9345.254,44.656647,,,,,,
1783538010.802,4323312.0,9345.653,44.652874,,,,,,
1783538010.803,4323317.0,9346.286,44.651047,,,,,,
1783538010.804,4323322.0,9346.62,44.647465,,,,,,
1783538010.805,4323327.0,9347.587,44.647285,,,,,,
1783538010.806,4323332.0,9349.22,44.64257,,,,,,
1783538010.806,4323337.0,9348.819,44.646343,,,,,,
1783538010.807,4323342.0,9348.087,44.651073,,,,,,
1783538010.808,4323347.0,9348.387,44.652821,,,,,,
1783538010.809,4323352.0,9348.221,44.653305,,,,,,
1783538010.810,4323357.0,9347.254,44.653481,,,,,,
1783538010.810,4323362.0,9347.021,44.654152,,,,,,
1783538010.812,4323367.0,9347.986,44.651363,,,,,,
1783538010.813,4323372.0,9347.153,44.651157,,,,,,
1783538010.814,4323377.0,9346.72,44.649792,,,,,,
1783538010.815,4323382.0,9347.42,44.650387,,,,,,
1783538010.816,4323387.0,9348.021,44.648651,,,,,,
1783538010.817,4323392.0,9346.819,44.652122,,,,,,
1783538010.817,4323397.0,9346.822,44.654728,,,,,,
1783538010.818,4323402.0,9346.721,44.655022,,,,,,
1783538010.819,4323407.0,9345.755,44.657814,,,,,,
1783538010.820,4323412.0,9345.321,44.659065,,,,,,
1783538010.821,4323417.0,9346.787,44.654831,,,,,,
1783538010.822,4323422.0,9346.986,44.651638,,,,,,
1783538010.823,4323427.0,9347.087,44.651348,,,,,,
1783538010.824,4323432.0,9348.153,44.648266,,,,,,
1783538010.825,4323437.0,9348.552,44.644497,,,,,,
1783538010.825,4323442.0,9347.286,44.648155,,,,,,
1783538010.826,4323447.0,9347.419,44.647774,,,,,,
1783538010.827,4323452.0,9347.919,44.648945,,,,,,
1783538010.828,4323457.0,9347.453,44.650291,,,,,,
1783538010.829,4323462.0,9347.553,44.652615,,,,,,
1783538010.830,4323467.0,9348.687,44.649338,,,,,,
1783538010.831,4323472.0,9349.153,44.653225,,,,,,
1783538010.832,4323477.0,9349.054,44.653511,,,,,,
1783538010.833,4323482.0,9350.521,44.649269,,,,,,
1783538010.971,4323487.0,9350.988,44.647923,,,,,,
1783538010.972,4323492.0,9350.656,44.651501,,,,,,
1783538010.973,4323497.0,9351.156,44.647434,,,,,,
1783538010.974,4323502.0,9351.557,44.648899,,,,,,
1783538010.974,4323507.0,9350.088,44.655762,,,,,,
1783538010.975,4323512.0,9350.088,44.655762,,,,,,
1783538010.976,4323517.0,9351.089,44.650249,,,,,,
1783538010.978,4323522.0,9351.223,44.649868,,,,,,
1783538010.979,4323527.0,9350.988,44.647923,,,,,,
1783538010.980,4323532.0,9352.155,44.641933,,,,,,
1783538010.981,4323537.0,9351.955,44.645126,,,,,,
1783538010.982,4323542.0,9350.822,44.648399,,,,,,
1783538010.982,4323547.0,9350.354,44.649754,,,,,,
1783538010.983,4323552.0,9350.354,44.649757,,,,,,
1783538010.984,4323557.0,9349.287,44.65284,,,,,,
1783538010.985,4323562.0,9348.654,44.652054,,,,,,
1783538010.985,4323567.0,9348.953,44.648567,,,,,,
1783538010.986,4323572.0,9348.253,44.64798,,,,,,
1783538010.987,4323577.0,9347.653,44.647095,,,,,,
1783538010.988,4323582.0,9347.819,44.643997,,,,,,
1783538010.989,4323587.0,9347.353,44.642735,,,,,,
1783538010.990,4323592.0,9346.42,44.645428,,,,,,
1783538010.991,4323597.0,9346.12,44.646294,,,,,,
1783538010.992,4323602.0,9346.121,44.646294,,,,,,
1783538010.993,4323607.0,9345.388,44.648411,,,,,,
1783538010.993,4323612.0,9344.755,44.650242,,,,,,
1783538010.994,4323617.0,9345.054,44.649376,,,,,,
1783538010.995,4323622.0,9344.987,44.646946,,,,,,
1783538010.996,4323627.0,9344.221,44.649162,,,,,,
1783538010.997,4323632.0,9344.421,44.648586,,,,,,
1783538010.998,4323637.0,9345.187,44.646378,,,,,,
1783538010.998,4323642.0,9343.821,44.647705,,,,,,
1783538010.999,4323647.0,9343.255,44.651955,,,,,,
1783538011.248,4323652.0,9343.389,44.651566,,,,,,
1783538011.249,4323657.0,9342.39,44.654457,,,,,,
1783538011.249,4323662.0,9341.558,44.654243,,,,,,
1783538011.250,4323667.0,9342.323,44.654644,,,,,,
1783538011.251,4323672.0,9342.256,44.652225,,,,,,
1783538011.252,4323677.0,9342.189,44.65242,,,,,,
1783538011.253,4323682.0,9343.322,44.64653,,,,,,
1783538011.253,4323687.0,9343.022,44.650013,,,,,,
1783538011.255,4323692.0,9342.224,44.652321,,,,,,
1783538011.256,4323697.0,9342.456,44.654266,,,,,,
1783538011.256,4323702.0,9342.322,44.652035,,,,,,
1783538011.257,4323707.0,9341.29,44.655018,,,,,,
1783538011.258,4323712.0,9341.856,44.653381,,,,,,
1783538011.259,4323717.0,9342.189,44.649803,,,,,,
1783538011.260,4323722.0,9341.923,44.650574,,,,,,
1783538011.261,4323727.0,9342.057,44.652802,,,,,,
1783538011.261,4323732.0,9342.39,44.654457,,,,,,
1783538011.262,4323737.0,9342.122,44.655231,,,,,,
1783538011.263,4323742.0,9342.122,44.657848,,,,,,
1783538011.264,4323747.0,9342.056,44.655418,,,,,,
1783538011.265,4323752.0,9342.023,44.652901,,,,,,
1783538011.266,4323757.0,9341.125,44.652874,,,,,,
1783538011.267,4323762.0,9340.991,44.653263,,,,,,
1783538011.268,4323767.0,9341.258,44.649883,,,,,,
1783538011.268,4323772.0,9341.624,44.648823,,,,,,
1783538011.269,4323777.0,9341.391,44.652111,,,,,,
1783538011.270,4323782.0,9342.688,44.650978,,,,,,
1783538011.271,4323787.0,9343.122,44.647106,,,,,,
1783538011.272,4323792.0,9342.258,44.652222,,,,,,
1783538011.273,4323797.0,9341.559,44.656857,,,,,,
1783538011.274,4323802.0,9341.924,44.655804,,,,,,
1783538011.274,4323807.0,9340.759,44.659168,,,,,,
1783538011.275,4323812.0,9340.926,44.658684,,,,,,
1783538011.276,4323817.0,9342.023,44.655514,,,,,,
1783538011.278,4323822.0,9342.389,44.654457,,,,,,
1783538011.278,4323827.0,9342.189,44.65242,,,,,,
1783538011.279,4323832.0,9343.222,44.64682,,,,,,
1783538011.280,4323837.0,9343.022,44.650013,,,,,,
1783538011.281,4323842.0,9342.223,44.649708,,,,,,
1783538011.282,4323847.0,9342.557,44.648743,,,,,,
1783538011.282,4323852.0,9342.756,44.650784,,,,,,
1783538011.283,4323857.0,9342.124,44.652607,,,,,,
1783538011.284,4323862.0,9342.123,44.652611,,,,,,
1783538011.285,4323867.0,9343.289,44.651855,,,,,,
1783538011.285,4323872.0,9342.821,44.65321,,,,,,
1783538011.286,4323877.0,9342.457,44.654263,,,,,,
1783538011.287,4323882.0,9343.388,44.65419,,,,,,
1783538011.288,4323887.0,9343.822,44.652935,,,,,,
1783538011.289,4323892.0,9343.022,44.655247,,,,,,
1783538011.289,4323897.0,9343.355,44.654285,,,,,,
1783538011.290,4323902.0,9343.688,44.65332,,,,,,
1783538011.291,4323907.0,9342.689,44.656208,,,,,,
1783538011.292,4323912.0,9342.489,44.656788,,,,,,
1783538011.293,4323917.0,9342.789,44.655922,,,,,,
1783538011.293,4323922.0,9342.723,44.656113,,,,,,
1783538011.295,4323927.0,9342.29,44.657364,,,,,,
1783538011.295,4323932.0,9343.321,44.654381,,,,,,
1783538011.296,4323937.0,9343.489,44.653896,,,,,,
1783538011.297,4323942.0,9343.122,44.654957,,,,,,
1783538011.298,4323947.0,9343.256,44.654572,,,,,,
1783538011.416,4323952.0,9343.921,44.652649,,,,,,
1783538011.417,4323957.0,9342.523,44.659306,,,,,,
1783538011.417,4323962.0,9341.99,44.660843,,,,,,
1783538011.418,4323967.0,9342.656,44.658916,,,,,,
1783538011.419,4323972.0,9342.556,44.659206,,,,,,
1783538011.419,4323977.0,9341.957,44.660938,,,,,,
1783538011.420,4323982.0,9342.855,44.655727,,,,,,
1783538011.421,4323987.0,9342.723,44.656113,,,,,,
1783538011.421,4323992.0,9341.291,44.662861,,,,,,
1783538011.422,4323997.0,9340.593,44.6675,,,,,,
1783538011.423,4324002.0,9340.593,44.670116,,,,,,
1783538011.423,4324007.0,9339.263,44.673958,,,,,,
1783538011.424,4324012.0,9338.563,44.67598,,,,,,
1783538011.424,4324017.0,9339.129,44.674347,,,,,,
1783538011.425,4324022.0,9339.494,44.670673,,,,,,
1783538011.426,4324027.0,9339.162,44.669018,,,,,,
1783538011.426,4324032.0,9340.094,44.666325,,,,,,
1783538011.427,4324037.0,9340.294,44.665745,,,,,,
1783538011.427,4324042.0,9339.793,44.664577,,,,,,
1783538011.428,4324047.0,9339.295,44.668633,,,,,,
1783538011.429,4324052.0,9339.029,44.669399,,,,,,
1783538011.430,4324057.0,9338.297,44.671516,,,,,,
1783538011.430,4324062.0,9338.03,44.672287,,,,,,
1783538011.431,4324067.0,9338.763,44.67017,,,,,,
1783538011.432,4324072.0,9338.396,44.67123,,,,,,
1783538011.432,4324077.0,9338.298,44.671513,,,,,,
1783538011.433,4324082.0,9338.431,44.671131,,,,,,
1783538011.631,4324087.0,9338.298,44.671513,,,,,,
1783538011.632,4324092.0,9336.733,44.676033,,,,,,
1783538011.633,4324097.0,9336.933,44.675457,,,,,,
1783538011.633,4324102.0,9336.368,44.67709,,,,,,
1783538011.634,4324107.0,9335.604,44.681915,,,,,,
1783538011.635,4324112.0,9335.438,44.682396,,,,,,
1783538011.636,4324117.0,9336.235,44.680092,,,,,,
1783538011.637,4324122.0,9335.104,44.68074,,,,,,
1783538011.638,4324127.0,9334.839,44.681507,,,,,,
1783538011.639,4324132.0,9335.271,44.677647,,,,,,
1783538011.639,4324137.0,9335.271,44.677647,,,,,,
1783538011.640,4324142.0,9334.074,44.681107,,,,,,
1783538011.641,4324147.0,9334.672,44.679379,,,,,,
1783538011.642,4324152.0,9334.572,44.682278,,,,,,
1783538011.643,4324157.0,9332.878,44.687176,,,,,,
1783538011.643,4324162.0,9331.916,44.689953,,,,,,
1783538011.644,4324167.0,9332.546,44.688133,,,,,,
1783538011.645,4324172.0,9331.516,44.691113,,,,,,
1783538011.646,4324177.0,9331.416,44.688786,,,,,,
1783538011.647,4324182.0,9332.712,44.685043,,,,,,
1783538011.647,4324187.0,9333.377,44.683121,,,,,,
1783538011.648,4324192.0,9332.479,44.688328,,,,,,
1783538011.649,4324197.0,9333.576,44.687775,,,,,,
1783538011.650,4324202.0,9333.709,44.690006,,,,,,
1783538011.650,4324207.0,9333.177,44.694157,,,,,,
1783538011.652,4324212.0,9332.712,44.695503,,,,,,
1783538011.653,4324217.0,9333.376,44.690971,,,,,,
1783538011.654,4324222.0,9332.977,44.692123,,,,,,
1783538011.654,4324227.0,9332.91,44.692314,,,,,,
1783538011.655,4324232.0,9333.542,44.690491,,,,,,
1783538011.656,4324237.0,9333.908,44.692043,,,,,,
1783538011.656,4324242.0,9333.675,44.695335,,,,,,
1783538011.657,4324247.0,9334.207,44.693798,,,,,,
1783538011.657,4324252.0,9334.506,44.692936,,,,,,
1783538011.658,4324257.0,9334.107,44.696697,,,,,,
1783538011.659,4324262.0,9334.572,44.695354,,,,,,
1783538011.659,4324267.0,9335.404,44.695572,,,,,,
1783538011.660,4324272.0,9334.938,44.696918,,,,,,
1783538011.661,4324277.0,9334.806,44.697304,,,,,,
1783538011.662,4324282.0,9335.204,44.693535,,,,,,
1783538011.662,4324287.0,9334.439,44.69836,,,,,,
1783538011.663,4324292.0,9333.276,44.6991,,,,,,
1783538011.663,4324297.0,9332.812,44.700443,,,,,,
1783538011.664,4324302.0,9332.778,44.700542,,,,,,
1783538011.665,4324307.0,9332.146,44.70237,,,,,,
1783538011.666,4324312.0,9332.612,44.698406,,,,,,
1783538011.667,4324317.0,9332.812,44.69783,,,,,,
1783538011.793,4324322.0,9332.58,44.698498,,,,,,
1783538011.794,4324327.0,9331.981,44.70023,,,,,,
1783538011.795,4324332.0,9332.38,44.701691,,,,,,
1783538011.796,4324337.0,9331.881,44.703133,,,,,,
1783538011.796,4324342.0,9331.55,44.706711,,,,,,
1783538011.797,4324347.0,9331.582,44.706615,,,,,,
1783538011.798,4324352.0,9331.849,44.705845,,,,,,
1783538011.798,4324357.0,9330.553,44.706974,,,,,,
1783538011.799,4324362.0,9330.221,44.707935,,,,,,
1783538011.800,4324367.0,9329.922,44.706181,,,,,,
1783538011.801,4324372.0,9329.59,44.707138,,,,,,
1783538011.801,4324377.0,9329.258,44.708099,,,,,,
1783538011.802,4324382.0,9330.486,44.704548,,,,,,
1783538011.803,4324387.0,9330.42,44.704742,,,,,,
1783538011.803,4324392.0,9329.623,44.704426,,,,,,
1783538011.804,4324397.0,9329.822,44.701237,,,,,,
1783538011.805,4324402.0,9329.357,44.702583,,,,,,
1783538011.805,4324407.0,9327.996,44.706516,,,,,,
1783538011.806,4324412.0,9327.398,44.705624,,,,,,
1783538011.807,4324417.0,9328.494,44.705074,,,,,,
1783538011.807,4324422.0,9327.73,44.707283,,,,,,
1783538011.808,4324427.0,9327.365,44.70834,,,,,,
1783538011.809,4324432.0,9327.83,44.706993,,,,,,
1783538011.810,4324437.0,9328.262,44.708359,,,,,,
1783538011.810,4324442.0,9327.432,44.710758,,,,,,
1783538011.811,4324447.0,9328.195,44.71117,,,,,,
1783538011.812,4324452.0,9328.561,44.710114,,,,,,
1783538011.812,4324457.0,9327.631,44.712799,,,,,,
1783538011.813,4324462.0,9326.935,44.714813,,,,,,
1783538012.048,4324467.0,9327.764,44.712418,,,,,,
1783538012.049,4324472.0,9327.299,44.71376,,,,,,
1783538012.050,4324477.0,9327.365,44.71357,,,,,,
1783538012.051,4324482.0,9328.461,44.710403,,,,,,
1783538012.052,4324487.0,9328.76,44.709538,,,,,,
1783538012.053,4324492.0,9327.764,44.712418,,,,,,
1783538012.053,4324497.0,9327.598,44.712898,,,,,,
1783538012.054,4324502.0,9327.101,44.714333,,,,,,
1783538012.055,4324507.0,9326.205,44.719532,,,,,,
1783538012.056,4324512.0,9326.471,44.721386,,,,,,
1783538012.057,4324517.0,9327.2,44.71928,,,,,,
1783538012.058,4324522.0,9327.332,44.718899,,,,,,
1783538012.058,4324527.0,9327.498,44.718422,,,,,,
1783538012.059,4324532.0,9328.128,44.713982,,,,,,
1783538012.060,4324537.0,9327.599,44.715508,,,,,,
1783538012.061,4324542.0,9326.967,44.717331,,,,,,
1783538012.062,4324547.0,9327.1,44.716949,,,,,,
1783538012.063,4324552.0,9327.1,44.716953,,,,,,
1783538012.064,4324557.0,9326.104,44.71983,,,,,,
1783538012.065,4324562.0,9326.271,44.716728,,,,,,
1783538012.066,4324567.0,9327.3,44.713757,,,,,,
1783538012.067,4324572.0,9326.868,44.715004,,,,,,
1783538012.068,4324577.0,9326.803,44.715195,,,,,,
1783538012.069,4324582.0,9327.863,44.714741,,,,,,
1783538012.070,4324587.0,9328.162,44.716499,,,,,,
1783538012.071,4324592.0,9326.9,44.720146,,,,,,
1783538012.072,4324597.0,9327.797,44.717556,,,,,,
1783538012.073,4324602.0,9328.029,44.719501,,,,,,
1783538012.074,4324607.0,9327.797,44.720173,,,,,,
1783538012.075,4324612.0,9327.764,44.720264,,,,,,
1783538012.076,4324617.0,9328.76,44.720005,,,,,,
1783538012.078,4324622.0,9328.361,44.723774,,,,,,
1783538012.079,4324627.0,9327.93,44.725021,,,,,,
1783538012.080,4324632.0,9328.727,44.722717,,,,,,
1783538012.080,4324637.0,9328.826,44.719818,,,,,,
1783538012.081,4324642.0,9328.063,44.719402,,,,,,
1783538012.082,4324647.0,9328.262,44.718826,,,,,,
1783538012.083,4324652.0,9328.925,44.716911,,,,,,
1783538012.083,4324657.0,9327.697,44.717842,,,,,,
1783538012.084,4324662.0,9327.631,44.72065,,,,,,
1783538012.085,4324667.0,9328.792,44.719917,,,,,,
1783538012.086,4324672.0,9328.858,44.719723,,,,,,
1783538012.086,4324677.0,9328.361,44.721157,,,,,,
1783538012.087,4324682.0,9329.49,44.720512,,,,,,
1783538012.088,4324687.0,9329.191,44.721375,,,,,,
1783538012.089,4324692.0,9327.863,44.725212,,,,,,
1783538012.090,4324697.0,9327.997,44.724827,,,,,,
1783538012.090,4324702.0,9328.361,44.723774,,,,,,
1783538012.091,4324707.0,9327.896,44.725117,,,,,,
1783538012.092,4324712.0,9328.229,44.724159,,,,,,
1783538012.093,4324717.0,9329.225,44.721279,,,,,,
1783538012.094,4324722.0,9328.727,44.722717,,,,,,
1783538012.095,4324727.0,9328.76,44.722622,,,,,,
1783538012.096,4324732.0,9328.858,44.72234,,,,,,
1783538012.097,4324737.0,9328.726,44.722721,,,,,,
1783538012.097,4324742.0,9328.194,44.724258,,,,,,
1783538012.098,4324747.0,9328.327,44.72126,,,,,,
1783538012.245,4324752.0,9328.858,44.719727,,,,,,
1783538012.246,4324757.0,9328.328,44.721256,,,,,,
1783538012.247,4324762.0,9327.963,44.722309,,,,,,
1783538012.248,4324767.0,9328.793,44.717293,,,,,,
1783538012.249,4324772.0,9329.125,44.718956,,,,,,
1783538012.250,4324777.0,9328.029,44.722122,,,,,,
1783538012.499,4324782.0,9328.992,44.719334,0.065017,227.402328,4324779.0,14.303844,,
1783538012.500,4324904.0,9329.854,44.71946,,,,,,
1783538012.501,4324909.0,9329.457,44.725842,,,,,,
1783538012.501,4324914.0,9329.722,44.725079,,,,,,
1783538012.503,4324919.0,9330.784,44.722008,,,,,,
1783538012.504,4324924.0,9330.851,44.72443,,,,,,
1783538012.505,4324929.0,9331.184,44.720852,,,,,,
1783538012.506,4324934.0,9331.516,44.719894,,,,,,
1783538012.507,4324939.0,9331.516,44.719894,,,,,,
1783538012.508,4324944.0,9331.947,44.718647,,,,,,
1783538012.509,4324949.0,9332.279,44.717686,,,,,,
1783538012.510,4324954.0,9332.445,44.719822,,,,,,
1783538012.511,4324959.0,9332.412,44.719925,,,,,,
1783538012.512,4324964.0,9332.379,44.722633,,,,,,
1783538012.513,4324969.0,9332.611,44.724579,,,,,,
1783538012.514,4324974.0,9332.047,44.726208,,,,,,
1783538012.515,4324979.0,9331.516,44.725124,,,,,,
1783538012.515,4324984.0,9331.748,44.724453,,,,,,
1783538012.516,4324989.0,9332.711,44.719055,,,,,,
1783538012.517,4324994.0,9331.914,44.721359,,,,,,
1783538012.518,4324999.0,9332.646,44.716629,,,,,,
1783538012.518,4325004.0,9332.778,44.716244,,,,,,
1783538012.520,4325009.0,9332.479,44.71711,,,,,,
1783538012.521,4325014.0,9331.45,44.722698,,,,,,
1783538012.522,4325019.0,9331.915,44.718739,,,,,,
1783538012.523,4325024.0,9330.586,44.725197,,,,,,
1783538012.524,4325029.0,9330.319,44.725967,,,,,,
1783538012.525,4325034.0,9330.553,44.722675,,,,,,
1783538012.525,4325039.0,9330.054,44.7215,,,,,,
1783538012.526,4325044.0,9328.76,44.725239,,,,,,
1783538012.527,4325049.0,9329.424,44.71809,,,,,,
1783538012.529,4325054.0,9329.291,44.718475,,,,,,
1783538012.530,4325059.0,9328.262,44.721447,,,,,,
1783538012.531,4325064.0,9328.428,44.720966,,,,,,
1783538012.532,4325069.0,9329.158,44.716236,,,,,,
1783538012.533,4325074.0,9328.627,44.720394,,,,,,
1783538012.534,4325079.0,9328.626,44.717777,,,,,,
1783538012.535,4325084.0,9328.892,44.71439,,,,,,
1783538012.536,4325089.0,9328.46,44.715637,,,,,,
1783538012.537,4325094.0,9328.327,44.718639,,,,,,
1783538012.537,4325099.0,9328.66,44.715061,,,,,,
1783538012.538,4325104.0,9328.361,44.715923,,,,,,
1783538012.539,4325109.0,9327.863,44.717365,,,,,,
1783538012.540,4325114.0,9327.73,44.71513,,,,,,
1783538012.540,4325119.0,9327.002,44.714619,,,,,,
1783538012.541,4325124.0,9325.641,44.715935,,,,,,
1783538012.542,4325129.0,9325.441,44.716511,,,,,,
1783538012.543,4325134.0,9326.205,44.711689,,,,,,
1783538012.543,4325139.0,9326.537,44.708115,,,,,,
1783538012.545,4325144.0,9326.636,44.705212,,,,,,
1783538012.546,4325149.0,9327.599,44.705048,,,,,,
1783538012.547,4325154.0,9327.498,44.702721,,,,,,
1783538012.548,4325159.0,9326.569,44.705402,,,,,,
1783538012.549,4325164.0,9326.071,44.706844,,,,,,
1783538012.550,4325169.0,9325.739,44.707802,,,,,,
1783538012.551,4325174.0,9324.943,44.707489,,,,,,
1783538012.551,4325179.0,9325.01,44.709911,,,,,,
1783538012.552,4325184.0,9325.872,44.70742,,,,,,
1783538012.553,4325189.0,9325.674,44.707993,,,,,,
1783538012.554,4325194.0,9326.271,44.706268,,,,,,
1783538012.555,4325199.0,9327.2,44.7062,,,,,,
1783538012.555,4325204.0,9326.702,44.705021,,,,,,
1783538012.699,4325209.0,9325.84,44.707512,,,,,,
1783538012.700,4325214.0,9326.502,44.708214,,,,,,
1783538012.700,4325219.0,9326.237,44.708981,,,,,,
1783538012.701,4325224.0,9325.573,44.708282,,,,,,
1783538012.702,4325229.0,9326.005,44.707035,,,,,,
1783538012.702,4325234.0,9326.734,44.704926,,,,,,
1783538012.703,4325239.0,9326.436,44.703178,,,,,,
1783538012.704,4325244.0,9326.701,44.702412,,,,,,
1783538012.704,4325249.0,9327.232,44.700874,,,,,,
1783538012.705,4325254.0,9327.299,44.700684,,,,,,
1783538012.706,4325259.0,9326.17,44.703945,,,,,,
1783538012.706,4325264.0,9326.569,44.702789,,,,,,
1783538012.707,4325269.0,9326.901,44.704445,,,,,,
1783538012.708,4325274.0,9326.337,44.706074,,,,,,
1783538012.708,4325279.0,9326.37,44.705978,,,,,,
1783538012.709,4325284.0,9327.598,44.702435,,,,,,
1783538012.710,4325289.0,9327.664,44.70224,,,,,,
1783538012.712,4325294.0,9327.433,44.700298,,,,,,
1783538012.713,4325299.0,9328.561,44.697037,,,,,,
1783538012.713,4325304.0,9329.092,44.692883,,,,,,
1783538012.714,4325309.0,9328.527,44.694511,,,,,,
1783538012.715,4325314.0,9329.225,44.692497,,,,,,
1783538012.715,4325319.0,9329.225,44.692501,,,,,,
1783538012.716,4325324.0,9328.859,44.693558,,,,,,
1783538012.717,4325329.0,9328.527,44.697132,,,,,,
1783538012.717,4325334.0,9329.822,44.69339,,,,,,
1783538012.718,4325339.0,9329.456,44.69183,,,,,,
1783538012.719,4325344.0,9330.12,44.689911,,,,,,
1783538012.719,4325349.0,9330.786,44.687984,,,,,,
1783538012.720,4325354.0,9331.083,44.684513,,,,,,
1783538012.720,4325359.0,9330.519,44.686146,,,,,,
1783538012.721,4325364.0,9330.885,44.687702,,,,,,
1783538012.722,4325369.0,9330.885,44.687706,,,,,,
1783538012.722,4325374.0,9329.955,44.687775,,,,,,
1783538012.947,4325379.0,9330.386,44.686531,,,,,,
1783538012.948,4325384.0,9331.183,44.681606,,,,,,
1783538012.949,4325389.0,9331.482,44.678127,,,,,,
1783538012.950,4325394.0,9331.814,44.674549,,,,,,
1783538012.951,4325399.0,9333.375,44.67004,,,,,,
1783538012.952,4325404.0,9334.106,44.670547,,,,,,
1783538012.953,4325409.0,9333.342,44.675369,,,,,,
1783538012.953,4325414.0,9333.145,44.678562,,,,,,
1783538012.954,4325419.0,9332.645,44.68,,,,,,
1783538012.955,4325424.0,9332.047,44.681728,,,,,,
1783538012.955,4325429.0,9331.582,44.68045,,,,,,
1783538012.956,4325434.0,9332.91,44.674,,,,,,
1783538012.957,4325439.0,9333.11,44.670803,,,,,,
1783538012.957,4325444.0,9334.073,44.668022,,,,,,
1783538012.958,4325449.0,9334.771,44.668629,,,,,,
1783538012.959,4325454.0,9335.203,44.669994,,,,,,
1783538012.959,4325459.0,9334.307,44.672585,,,,,,
1783538012.961,4325464.0,9334.439,44.674816,,,,,,
1783538012.962,4325469.0,9334.672,44.676758,,,,,,
1783538012.963,4325474.0,9334.008,44.67868,,,,,,
1783538012.963,4325479.0,9334.273,44.675293,,,,,,
1783538012.964,4325484.0,9335.27,44.672413,,,,,,
1783538012.965,4325489.0,9335.901,44.667969,,,,,,
1783538012.965,4325494.0,9335.968,44.667782,,,,,,
1783538012.966,4325499.0,9337.397,44.663651,,,,,,
1783538012.967,4325504.0,9337.696,44.665405,,,,,,
1783538012.967,4325509.0,9337.73,44.667919,,,,,,
1783538012.968,4325514.0,9337.897,44.670059,,,,,,
1783538012.969,4325519.0,9338.597,44.668037,,,,,,
1783538012.969,4325524.0,9337.698,44.670635,,,,,,
1783538012.970,4325529.0,9338.031,44.66967,,,,,,
1783538012.970,4325534.0,9339.062,44.66407,,,,,,
1783538012.971,4325539.0,9339.062,44.66407,,,,,,
1783538012.972,4325544.0,9339.062,44.66407,,,,,,
1783538012.972,4325549.0,9340.392,44.660233,,,,,,
1783538012.973,4325554.0,9340.525,44.659843,,,,,,
1783538012.974,4325559.0,9340.326,44.66304,,,,,,
1783538012.974,4325564.0,9340.658,44.662079,,,,,,
1783538012.975,4325569.0,9340.759,44.661785,,,,,,
1783538012.975,4325574.0,9339.461,44.665539,,,,,,
1783538012.976,4325579.0,9339.729,44.667381,,,,,,
1783538012.977,4325584.0,9339.595,44.667767,,,,,,
1783538012.978,4325589.0,9340.127,44.666229,,,,,,
1783538012.978,4325594.0,9340.16,44.666134,,,,,,
1783538012.979,4325599.0,9342.225,44.660168,,,,,,
1783538012.980,4325604.0,9342.39,44.657074,,,,,,
1783538012.980,4325609.0,9342.29,44.657364,,,,,,
1783538012.981,4325614.0,9341.856,44.658615,,,,,,
1783538012.982,4325619.0,9342.023,44.658134,,,,,,
1783538012.982,4325624.0,9341.058,44.660923,,,,,,
1783538012.983,4325629.0,9341.189,44.660542,,,,,,
1783538012.984,4325634.0,9341.79,44.658806,,,,,,
1783538013.095,4325639.0,9341.657,44.659191,,,,,,
1783538013.096,4325644.0,9341.489,44.659676,,,,,,
1783538013.097,4325649.0,9341.89,44.655899,,,,,,
1783538013.098,4325654.0,9341.391,44.654728,,,,,,
1783538013.098,4325659.0,9340.625,44.65432,,,,,,
1783538013.099,4325664.0,9341.458,44.6493,,,,,,
1783538013.100,4325669.0,9341.424,44.649403,,,,,,
1783538013.100,4325674.0,9340.26,44.65538,,,,,,
1783538013.101,4325679.0,9340.36,44.657707,,,,,,
1783538013.102,4325684.0,9340.858,44.658882,,,,,,
1783538013.103,4325689.0,9340.559,44.662365,,,,,,
1783538013.103,4325694.0,9340.825,44.661594,,,,,,
1783538013.104,4325699.0,9341.856,44.655994,,,,,,
1783538013.104,4325704.0,9341.957,44.655704,,,,,,
1783538013.105,4325709.0,9341.391,44.654728,,,,,,
1783538013.106,4325714.0,9341.157,44.655403,,,,,,
1783538013.106,4325719.0,9340.925,44.653458,,,,,,
1783538013.107,4325724.0,9340.325,44.657806,,,,,,
1783538013.109,4325729.0,9340.259,44.657997,,,,,,
1783538013.110,4325734.0,9340.925,44.656075,,,,,,
1783538013.111,4325739.0,9340.759,44.653938,,,,,,
1783538013.112,4325744.0,9340.192,44.655571,,,,,,
1783538013.113,4325749.0,9340.392,44.652382,,,,,,
1783538013.113,4325754.0,9339.825,44.651402,,,,,,
1783538013.114,4325759.0,9338.827,44.651672,,,,,,
1783538013.115,4325764.0,9338.097,44.651169,,,,,,
1783538013.315,4325769.0,9337.996,44.648842,,,,,,
1783538013.316,4325774.0,9336.5,44.650551,,,,,,
1783538013.317,4325779.0,9335.603,44.653145,,,,,,
1783538013.318,4325784.0,9335.569,44.65324,,,,,,
1783538013.318,4325789.0,9335.104,44.654587,,,,,,
1783538013.319,4325794.0,9334.372,44.6567,,,,,,
1783538013.320,4325799.0,9335.503,44.650818,,,,,,
1783538013.321,4325804.0,9335.403,44.648487,,,,,,
1783538013.322,4325809.0,9334.141,44.652138,,,,,,
1783538013.323,4325814.0,9334.273,44.651756,,,,,,
1783538013.324,4325819.0,9334.439,44.648663,,,,,,
1783538013.324,4325824.0,9332.877,44.655788,,,,,,
1783538013.325,4325829.0,9332.812,44.655975,,,,,,
1783538013.326,4325834.0,9333.774,44.653198,,,,,,
1783538013.327,4325839.0,9333.275,44.654636,,,,,,
1783538013.328,4325844.0,9333.275,44.654636,,,,,,
1783538013.329,4325849.0,9334.473,44.651176,,,,,,
1783538013.331,4325854.0,9334.805,44.64761,,,,,,
1783538013.332,4325859.0,9333.874,44.650295,,,,,,
1783538013.333,4325864.0,9334.173,44.64682,,,,,,
1783538013.334,4325869.0,9334.173,44.649429,,,,,,
1783538013.335,4325874.0,9333.21,44.652218,,,,,,
1783538013.336,4325879.0,9333.575,44.653774,,,,,,
1783538013.337,4325884.0,9334.771,44.650314,,,,,,
1783538013.337,4325889.0,9334.672,44.653217,,,,,,
1783538013.338,4325894.0,9334.339,44.654179,,,,,,
1783538013.340,4325899.0,9335.835,44.649857,,,,,,
1783538013.341,4325904.0,9335.802,44.649952,,,,,,
1783538013.342,4325909.0,9335.769,44.650051,,,,,,
1783538013.342,4325914.0,9336.566,44.645126,,,,,,
1783538013.344,4325919.0,9336.999,44.643875,,,,,,
1783538013.345,4325924.0,9336.102,44.646469,,,,,,
1783538013.345,4325929.0,9336.501,44.645321,,,,,,
1783538013.346,4325934.0,9337.099,44.643589,,,,,,
1783538013.347,4325939.0,9336.866,44.649494,,,,,,
1783538013.348,4325944.0,9337.032,44.649014,,,,,,
1783538013.349,4325949.0,9338.463,44.644882,,,,,,
1783538013.349,4325954.0,9338.695,44.646824,,,,,,
1783538013.350,4325959.0,9338.329,44.647881,,,,,,
1783538013.351,4325964.0,9338.13,44.648457,,,,,,
1783538013.352,4325969.0,9338.496,44.650009,,,,,,
1783538013.353,4325974.0,9336.966,44.654438,,,,,,
1783538013.353,4325979.0,9336.532,44.653072,,,,,,
1783538013.354,4325984.0,9337.099,44.654053,,,,,,
1783538013.355,4325989.0,9337.896,44.649132,,,,,,
1783538013.356,4325994.0,9337.896,44.649132,,,,,,
1783538013.357,4325999.0,9338.695,44.646824,,,,,,
1783538013.358,4326004.0,9338.762,44.646629,,,,,,
1783538013.359,4326009.0,9337.764,44.6469,,,,,,
1783538013.485,4326014.0,9337.397,44.647961,,,,,,
1783538013.486,4326019.0,9337.663,44.644573,,,,,,
1783538013.487,4326024.0,9336.999,44.646492,,,,,,
1783538013.487,4326029.0,9337.099,44.646206,,,,,,
1783538013.488,4326034.0,9337.931,44.643803,,,,,,
1783538013.489,4326039.0,9337.931,44.64642,,,,,,
1783538013.489,4326044.0,9337.531,44.647572,,,,,,
1783538013.490,4326049.0,9338.496,44.644783,,,,,,
1783538013.491,4326054.0,9338.795,44.646534,,,,,,
1783538013.491,4326059.0,9337.897,44.651741,,,,,,
1783538013.492,4326064.0,9337.532,44.650185,,,,,,
1783538013.493,4326069.0,9337.099,44.651436,,,,,,
1783538013.494,4326074.0,9335.569,44.655853,,,,,,
1783538013.495,4326079.0,9335.104,44.654587,,,,,,
1783538013.496,4326084.0,9335.171,44.651775,,,,,,
1783538013.497,4326089.0,9335.271,44.651489,,,,,,
1783538013.497,4326094.0,9335.104,44.65197,,,,,,
1783538013.498,4326099.0,9335.669,44.650337,,,,,,
1783538013.499,4326104.0,9334.505,44.651085,,,,,,
1783538013.499,4326109.0,9333.541,44.65387,,,,,,
1783538013.500,4326114.0,9332.876,44.653183,,,,,,
1783538013.501,4326119.0,9332.844,44.650658,,,,,,
1783538013.501,4326124.0,9332.444,44.649204,,,,,,
1783538013.502,4326129.0,9332.512,44.649006,,,,,,
1783538013.503,4326134.0,9333.343,44.64399,,,,,,
1783538013.503,4326139.0,9333.408,44.643799,,,,,,
1783538013.504,4326144.0,9333.342,44.643993,,,,,,
1783538013.505,4326149.0,9333.275,44.644184,,,,,,
1783538013.505,4326154.0,9333.142,44.647179,,,,,,
1783538013.730,4326159.0,9332.511,44.649002,,,,,,
1783538013.731,4326164.0,9332.577,44.648811,,,,,,
1783538013.732,4326169.0,9332.512,44.64901,,,,,,
1783538013.733,4326174.0,9332.246,44.64716,,,,,,
1783538013.734,4326179.0,9332.677,44.643303,,,,,,
1783538013.735,4326184.0,9332.743,44.643108,,,,,,
1783538013.736,4326189.0,9332.079,44.645027,,,,,,
1783538013.736,4326194.0,9331.282,44.647331,,,,,,
1783538013.737,4326199.0,9331.349,44.649754,,,,,,
1783538013.738,4326204.0,9331.681,44.648792,,,,,,
1783538013.739,4326209.0,9331.781,44.648502,,,,,,
1783538013.739,4326214.0,9332.146,44.647446,,,,,,
1783538013.740,4326219.0,9332.777,44.645622,,,,,,
1783538013.741,4326224.0,9332.313,44.646965,,,,,,
1783538013.742,4326229.0,9331.581,44.649078,,,,,,
1783538013.743,4326234.0,9331.647,44.648888,,,,,,
1783538013.743,4326239.0,9331.813,44.648407,,,,,,
1783538013.744,4326244.0,9331.681,44.648792,,,,,,
1783538013.745,4326249.0,9332.313,44.646965,,,,,,
1783538013.746,4326254.0,9332.512,44.646393,,,,,,
1783538013.747,4326259.0,9331.747,44.648602,,,,,,
1783538013.747,4326264.0,9331.017,44.650711,,,,,,
1783538013.748,4326269.0,9330.784,44.651382,,,,,,
1783538013.749,4326274.0,9329.821,44.654163,,,,,,
1783538013.750,4326279.0,9330.021,44.653591,,,,,,
1783538013.751,4326284.0,9330.951,44.650902,,,,,,
1783538013.751,4326289.0,9330.951,44.650902,,,,,,
1783538013.752,4326294.0,9330.95,44.650902,,,,,,
1783538013.753,4326299.0,9332.545,44.646294,,,,,,
1783538013.754,4326304.0,9332.413,44.646675,,,,,,
1783538013.754,4326309.0,9331.748,44.648598,,,,,,
1783538013.755,4326314.0,9332.545,44.646294,,,,,,
1783538013.756,4326319.0,9332.146,44.647449,,,,,,
1783538013.757,4326324.0,9330.983,44.650806,,,,,,
1783538013.758,4326329.0,9330.784,44.651382,,,,,,
1783538013.758,4326334.0,9331.083,44.65052,,,,,,
1783538013.759,4326339.0,9330.618,44.651863,,,,,,
1783538013.760,4326344.0,9331.282,44.649944,,,,,,
1783538013.762,4326349.0,9331.681,44.648792,,,,,,
1783538013.764,4326354.0,9331.813,44.648407,,,,,,
1783538013.765,4326359.0,9331.448,44.649464,,,,,,
1783538013.767,4326364.0,9331.647,44.648888,,,,,,
1783538013.768,4326369.0,9331.415,44.649559,,,,,,
1783538013.769,4326374.0,9330.95,44.650902,,,,,,
1783538013.769,4326379.0,9330.916,44.651001,,,,,,
1783538013.770,4326384.0,9331.581,44.649078,,,,,,
1783538013.771,4326389.0,9331.447,44.649467,,,,,,
1783538013.772,4326394.0,9331.382,44.652264,,,,,,
1783538013.773,4326399.0,9332.046,44.652958,,,,,,
1783538013.773,4326404.0,9332.013,44.653057,,,,,,
1783538013.774,4326409.0,9331.115,44.655655,,,,,,
1783538013.775,4326414.0,9331.481,44.654598,,,,,,
1783538013.776,4326419.0,9331.88,44.650829,,,,,,
1783538013.777,4326424.0,9330.817,44.651287,,,,,,
1783538013.906,4326429.0,9331.017,44.650711,,,,,,
1783538013.908,4326434.0,9331.516,44.649269,,,,,,
1783538013.909,4326439.0,9330.918,44.650997,,,,,,
1783538013.910,4326444.0,9330.419,44.652439,,,,,,
1783538013.910,4326449.0,9331.614,44.648983,,,,,,
1783538013.911,4326454.0,9331.249,44.65004,,,,,,
1783538013.912,4326459.0,9330.254,44.652916,,,,,,
1783538013.913,4326464.0,9330.22,44.653015,,,,,,
1783538013.914,4326469.0,9330.387,44.652531,,,,,,
1783538013.914,4326474.0,9329.124,44.656181,,,,,,
1783538013.915,4326479.0,9329.257,44.655796,,,,,,
1783538013.915,4326484.0,9330.719,44.651573,,,,,,
1783538013.916,4326489.0,9330.718,44.64896,,,,,,
1783538013.917,4326494.0,9330.984,44.64819,,,,,,
1783538013.918,4326499.0,9332.346,44.644257,,,,,,
1783538013.918,4326504.0,9331.88,44.645603,,,,,,
1783538013.919,4326509.0,9330.817,44.648674,,,,,,
1783538013.920,4326514.0,9331.449,44.64946,,,,,,
1783538013.920,4326519.0,9331.05,44.650616,,,,,,
1783538013.921,4326524.0,9329.722,44.654453,,,,,,
1783538013.922,4326529.0,9330.353,44.65263,,,,,,
1783538013.922,4326534.0,9330.917,44.650997,,,,,,
1783538013.923,4326539.0,9330.187,44.653111,,,,,,
1783538013.924,4326544.0,9329.655,44.654644,,,,,,
1783538013.924,4326549.0,9330.552,44.652054,,,,,,
1783538013.925,4326554.0,9329.721,44.654457,,,,,,
1783538013.926,4326559.0,9328.692,44.657429,,,,,,
1783538013.926,4326564.0,9328.626,44.655006,,,,,,
1783538013.927,4326569.0,9329.123,44.653568,,,,,,
1783538013.928,4326574.0,9328.028,44.654114,,,,,,
1783538013.928,4326579.0,9328.095,44.65131,,,,,,
1783538014.131,4326584.0,9328.725,44.646877,,,,,,
1783538014.132,4326589.0,9328.327,44.650639,,,,,,
1783538014.133,4326594.0,9328.294,44.650734,,,,,,
1783538014.134,4326599.0,9329.389,44.650188,,,,,,
1783538014.135,4326604.0,9329.521,44.65242,,,,,,
1783538014.135,4326609.0,9329.423,44.655315,,,,,,
1783538014.136,4326614.0,9329.521,44.65242,,,,,,
1783538014.137,4326619.0,9329.389,44.652802,,,,,,
1783538014.138,4326624.0,9328.824,44.651814,,,,,,
1783538014.139,4326629.0,9328.725,44.652107,,,,,,
1783538014.139,4326634.0,9329.256,44.647957,,,,,,
1783538014.140,4326639.0,9329.29,44.650475,,,,,,
1783538014.141,4326644.0,9329.489,44.649899,,,,,,
1783538014.142,4326649.0,9330.188,44.650494,,,,,,
1783538014.143,4326654.0,9330.485,44.647018,,,,,,
1783538014.145,4326659.0,9329.124,44.650948,,,,,,
1783538014.145,4326664.0,9329.522,44.649796,,,,,,
1783538014.147,4326669.0,9329.688,44.646706,,,,,,
1783538014.148,4326674.0,9328.692,44.649586,,,,,,
1783538014.149,4326679.0,9328.825,44.651817,,,,,,
1783538014.149,4326684.0,9330.386,44.649921,,,,,,
1783538014.150,4326689.0,9330.419,44.649826,,,,,,
1783538014.151,4326694.0,9330.021,44.653591,,,,,,
1783538014.152,4326699.0,9330.916,44.651001,,,,,,
1783538014.152,4326704.0,9330.718,44.651573,,,,,,
1783538014.153,4326709.0,9329.92,44.653881,,,,,,
1783538014.154,4326714.0,9329.356,44.65551,,,,,,
1783538014.155,4326719.0,9329.888,44.653973,,,,,,
1783538014.155,4326724.0,9328.991,44.656563,,,,,,
1783538014.156,4326729.0,9328.725,44.657333,,,,,,
1783538014.157,4326734.0,9329.124,44.656181,,,,,,
1783538014.157,4326739.0,9329.224,44.655891,,,,,,
1783538014.158,4326744.0,9328.659,44.657524,,,,,,
1783538014.159,4326749.0,9329.522,44.655029,,,,,,
1783538014.159,4326754.0,9329.622,44.652126,,,,,,
1783538014.160,4326759.0,9328.991,44.65395,,,,,,
1783538014.161,4326764.0,9329.257,44.653183,,,,,,
1783538014.162,4326769.0,9329.622,44.652126,,,,,,
1783538014.162,4326774.0,9327.929,44.657021,,,,,,
1783538014.163,4326779.0,9328.427,44.655582,,,,,,
1783538014.164,4326784.0,9329.125,44.653564,,,,,,
1783538014.164,4326789.0,9329.356,44.652897,,,,,,
1783538014.165,4326794.0,9329.257,44.653183,,,,,,
1783538014.165,4326799.0,9330.918,44.645771,,,,,,
1783538014.166,4326804.0,9330.253,44.650307,,,,,,
1783538014.167,4326809.0,9329.59,44.652222,,,,,,
1783538014.168,4326814.0,9330.087,44.650784,,,,,,
1783538014.168,4326819.0,9330.485,44.649632,,,,,,
1783538014.286,4326824.0,9329.39,44.655411,,,,,,
1783538014.287,4326829.0,9329.522,44.655029,,,,,,
1783538014.288,4326834.0,9330.386,44.652534,,,,,,
1783538014.288,4326839.0,9329.855,44.654068,,,,,,
1783538014.289,4326844.0,9329.091,44.656277,,,,,,
1783538014.290,4326849.0,9329.988,44.65107,,,,,,
1783538014.291,4326854.0,9329.954,44.648548,,,,,,
1783538014.291,4326859.0,9328.692,44.652195,,,,,,
1783538014.292,4326864.0,9328.759,44.652008,,,,,,
1783538014.293,4326869.0,9329.189,44.650764,,,,,,
1783538014.294,4326874.0,9328.759,44.652008,,,,,,
1783538014.295,4326879.0,9329.123,44.653568,,,,,,
1783538014.296,4326884.0,9330.252,44.650307,,,,,,
1783538014.297,4326889.0,9329.821,44.65155,,,,,,
1783538014.298,4326894.0,9329.556,44.652321,,,,,,
1783538014.298,4326899.0,9330.385,44.649925,,,,,,
1783538014.299,4326904.0,9330.053,44.650883,,,,,,
1783538014.300,4326909.0,9329.322,44.652992,,,,,,
1783538014.300,4326914.0,9329.654,44.652035,,,,,,
1783538014.301,4326919.0,9329.954,44.651169,,,,,,
1783538014.301,4326924.0,9328.626,44.655006,,,,,,
1783538014.302,4326929.0,9328.958,44.654045,,,,,,
1783538014.303,4326934.0,9329.654,44.652035,,,,,,
1783538014.303,4326939.0,9329.39,44.652798,,,,,,
1783538014.304,4326944.0,9329.024,44.653854,,,,,,
1783538014.305,4326949.0,9330.352,44.652634,,,,,,
1783538014.305,4326954.0,9329.921,44.653877,,,,,,
1783538014.514,4326959.0,9329.057,44.656376,,,,,,
1783538014.515,4326964.0,9329.191,44.655987,,,,,,
1783538014.515,4326969.0,9329.556,44.652321,,,,,,
1783538014.516,4326974.0,9328.626,44.655006,,,,,,
1783538014.517,4326979.0,9328.626,44.655006,,,,,,
1783538014.518,4326984.0,9329.655,44.652031,,,,,,
1783538014.519,4326989.0,9329.521,44.65242,,,,,,
1783538014.520,4326994.0,9329.788,44.654263,,,,,,
1783538014.520,4326999.0,9330.22,44.653015,,,,,,
1783538014.521,4327004.0,9330.817,44.651287,,,,,,
1783538014.522,4327009.0,9330.485,44.652245,,,,,,
1783538014.523,4327014.0,9330.751,44.651478,,,,,,
1783538014.524,4327019.0,9330.851,44.651192,,,,,,
1783538014.524,4327024.0,9330.618,44.651863,,,,,,
1783538014.525,4327029.0,9330.252,44.650307,,,,,,
1783538014.526,4327034.0,9330.884,44.648483,,,,,,
1783538014.526,4327039.0,9330.884,44.648483,,,,,,
1783538014.528,4327044.0,9330.518,44.64954,,,,,,
1783538014.529,4327049.0,9330.916,44.648388,,,,,,
1783538014.529,4327054.0,9330.95,44.650902,,,,,,
1783538014.530,4327059.0,9329.721,44.654457,,,,,,
1783538014.531,4327064.0,9329.654,44.654648,,,,,,
1783538014.531,4327069.0,9329.986,44.651073,,,,,,
1783538014.532,4327074.0,9329.29,44.653088,,,,,,
1783538014.533,4327079.0,9329.322,44.650372,,,,,,
1783538014.533,4327084.0,9330.22,44.647789,,,,,,
1783538014.534,4327089.0,9330.054,44.648266,,,,,,
1783538014.535,4327094.0,9329.589,44.652225,,,,,,
1783538014.535,4327099.0,9329.954,44.651169,,,,,,
1783538014.536,4327104.0,9330.087,44.653397,,,,,,
1783538014.537,4327109.0,9329.256,44.6558,,,,,,
1783538014.537,4327114.0,9329.588,44.654839,,,,,,
1783538014.538,4327119.0,9329.322,44.655605,,,,,,
1783538014.539,4327124.0,9329.224,44.653278,,,,,,
1783538014.539,4327129.0,9329.157,44.653469,,,,,,
1783538014.540,4327134.0,9330.286,44.650208,,,,,,
1783538014.540,4327139.0,9330.618,44.64925,,,,,,
1783538014.541,4327144.0,9330.419,44.649826,,,,,,
1783538014.542,4327149.0,9330.485,44.652245,,,,,,
1783538014.542,4327154.0,9329.954,44.653782,,,,,,
1783538014.543,4327159.0,9328.526,44.657906,,,,,,
1783538014.544,4327164.0,9327.962,44.659538,,,,,,
1783538014.545,4327169.0,9328.427,44.655582,,,,,,
1783538014.547,4327174.0,9328.129,44.656441,,,,,,
1783538014.547,4327179.0,9328.427,44.655582,,,,,,
1783538014.548,4327184.0,9329.621,44.65213,,,,,,
1783538014.549,4327189.0,9329.589,44.652225,,,,,,
1783538014.549,4327194.0,9329.124,44.653568,,,,,,
1783538014.550,4327199.0,9329.721,44.651844,,,,,,
1783538014.671,4327204.0,9330.054,44.650879,,,,,,
1783538014.672,4327209.0,9328.858,44.654335,,,,,,
1783538014.673,4327214.0,9329.257,44.653183,,,,,,
1783538014.674,4327219.0,9329.688,44.654549,,,,,,
1783538014.674,4327224.0,9328.659,44.657524,,,,,,
1783538014.675,4327229.0,9328.493,44.658001,,,,,,
1783538014.676,4327234.0,9329.389,44.652802,,,,,,
1783538014.676,4327239.0,9328.692,44.654816,,,,,,
1783538014.678,4327244.0,9328.658,44.654911,,,,,,
1783538014.679,4327249.0,9329.854,44.651459,,,,,,
1783538014.679,4327254.0,9329.787,44.651649,,,,,,
1783538014.680,4327259.0,9328.791,44.65453,,,,,,
1783538014.681,4327264.0,9328.825,44.65443,,,,,,
1783538014.682,4327269.0,9328.659,44.654911,,,,,,
1783538014.682,4327274.0,9327.929,44.657021,,,,,,
1783538014.683,4327279.0,9328.095,44.65654,,,,,,
1783538014.684,4327284.0,9329.423,44.655315,,,,,,
1783538014.684,4327289.0,9330.087,44.653397,,,,,,
1783538014.685,4327294.0,9330.187,44.653111,,,,,,
1783538014.686,4327299.0,9331.349,44.647141,,,,,,
1783538014.687,4327304.0,9331.415,44.646946,,,,,,
1783538014.687,4327309.0,9330.851,44.648579,,,,,,
1783538014.688,4327314.0,9330.319,44.647499,,,,,,
1783538014.689,4327319.0,9331.116,44.645199,,,,,,
1783538014.689,4327324.0,9329.522,44.649796,,,,,,
1783538014.690,4327329.0,9329.589,44.649612,,,,,,
1783538014.690,4327334.0,9330.12,44.645458,,,,,,
1783538014.691,4327339.0,9330.22,44.647789,,,,,,
1783538014.913,4327344.0,9329.224,44.650665,,,,,,
1783538014.914,4327349.0,9330.386,44.649921,,,,,,
1783538014.915,4327354.0,9330.021,44.648365,,,,,,
1783538014.916,4327359.0,9329.157,44.653469,,,,,,
1783538014.917,4327364.0,9329.854,44.651455,,,,,,
1783538014.918,4327369.0,9330.419,44.647213,,,,,,
1783538014.919,4327374.0,9329.257,44.647953,,,,,,
1783538014.919,4327379.0,9329.356,44.650276,,,,,,
1783538014.920,4327384.0,9330.419,44.644596,,,,,,
1783538014.921,4327389.0,9330.054,44.645649,,,,,,
1783538014.922,4327394.0,9329.921,44.648651,,,,,,
1783538014.923,4327399.0,9331.116,44.645199,,,,,,
1783538014.924,4327404.0,9331.149,44.6451,,,,,,
1783538014.924,4327409.0,9330.219,44.650402,,,,,,
1783538014.925,4327414.0,9330.119,44.648079,,,,,,
1783538014.926,4327419.0,9330.119,44.645462,,,,,,
1783538014.927,4327424.0,9328.958,44.651424,,,,,,
1783538014.928,4327429.0,9329.256,44.650574,,,,,,
1783538014.929,4327434.0,9329.921,44.648651,,,,,,
1783538014.929,4327439.0,9329.854,44.648846,,,,,,
1783538014.930,4327444.0,9329.688,44.651936,,,,,,
1783538014.931,4327449.0,9330.917,44.648384,,,,,,
1783538014.932,4327454.0,9330.319,44.650112,,,,,,
1783538014.933,4327459.0,9329.589,44.652225,,,,,,
1783538014.934,4327464.0,9329.455,44.655224,,,,,,
1783538014.935,4327469.0,9329.224,44.655891,,,,,,
1783538014.935,4327474.0,9328.194,44.656254,,,,,,
1783538014.936,4327479.0,9328.493,44.655388,,,,,,
1783538014.937,4327484.0,9329.256,44.653187,,,,,,
1783538014.938,4327489.0,9329.588,44.649612,,,,,,
1783538014.939,4327494.0,9329.588,44.646996,,,,,,
1783538014.939,4327499.0,9330.451,44.644501,,,,,,
1783538014.940,4327504.0,9330.253,44.642464,,,,,,
1783538014.941,4327509.0,9329.489,44.644669,,,,,,
1783538014.942,4327514.0,9329.356,44.647667,,,,,,
1783538014.943,4327519.0,9329.821,44.648937,,,,,,
1783538014.944,4327524.0,9329.257,44.653183,,,,,,
1783538014.944,4327529.0,9329.455,44.655224,,,,,,
1783538014.945,4327534.0,9329.722,44.654453,,,,,,
1783538014.946,4327539.0,9329.854,44.654072,,,,,,
1783538014.947,4327544.0,9329.521,44.65242,,,,,,
1783538014.949,4327549.0,9330.252,44.647686,,,,,,
1783538014.950,4327554.0,9330.153,44.647972,,,,,,
1783538014.951,4327559.0,9329.522,44.649803,,,,,,
1783538014.952,4327564.0,9328.991,44.651337,,,,,,
1783538014.953,4327569.0,9328.892,44.65424,,,,,,
1783538014.954,4327574.0,9327.597,44.657982,,,,,,
1783538014.954,4327579.0,9327.63,44.657883,,,,,,
1783538014.955,4327584.0,9328.892,44.65424,,,,,,
1783538014.956,4327589.0,9328.726,44.654716,,,,,,
1783538014.957,4327594.0,9328.858,44.654335,,,,,,
1783538014.958,4327599.0,9330.087,44.653397,,,,,,
1783538014.958,4327604.0,9329.888,44.653973,,,,,,
1783538014.959,4327609.0,9328.957,44.656662,,,,,,
1783538015.084,4327614.0,9329.622,44.652126,,,,,,
1783538015.085,4327619.0,9329.954,44.651169,,,,,,
1783538015.086,4327624.0,9329.224,44.653278,,,,,,
1783538015.087,4327629.0,9329.854,44.648842,,,,,,
1783538015.088,4327634.0,9331.116,44.642582,,,,,,
1783538015.088,4327639.0,9330.718,44.646339,,,,,,
1783538015.089,4327644.0,9330.95,44.645676,,,,,,
1783538015.090,4327649.0,9331.78,44.64328,,,,,,
1783538015.090,4327654.0,9331.083,44.647907,,,,,,
1783538015.091,4327659.0,9329.059,44.656368,,,,,,
1783538015.092,4327664.0,9329.126,44.656174,,,,,,
1783538015.092,4327669.0,9328.56,44.65781,,,,,,
1783538015.093,4327674.0,9327.697,44.657688,,,,,,
1783538015.094,4327679.0,9327.497,44.658268,,,,,,
1783538015.094,4327684.0,9329.124,44.653568,,,,,,
1783538015.095,4327689.0,9329.522,44.652416,,,,,,
1783538015.096,4327694.0,9329.821,44.648937,,,,,,
1783538015.097,4327699.0,9330.485,44.649632,,,,,,
1783538015.098,4327704.0,9330.817,44.648674,,,,,,
1783538015.098,4327709.0,9329.723,44.651836,,,,,,
1783538015.099,4327714.0,9329.39,44.652798,,,,,,
1783538015.100,4327719.0,9329.356,44.652897,,,,,,
1783538015.100,4327724.0,9328.56,44.655197,,,,,,
1783538015.101,4327729.0,9328.327,44.655869,,,,,,
1783538015.101,4327734.0,9329.257,44.653183,,,,,,
1783538015.102,4327739.0,9329.124,44.653568,,,,,,
1783538015.103,4327744.0,9328.792,44.654526,,,,,,
1783538015.103,4327749.0,9329.223,44.653282,,,,,,
1783538015.104,4327754.0,9329.423,44.652702,,,,,,
1783538015.331,4327759.0,9328.692,44.654816,,,,,,
1783538015.332,4327764.0,9329.057,44.653763,,,,,,
1783538015.333,4327769.0,9328.99,44.653954,,,,,,
1783538015.334,4327774.0,9328.792,44.651905,,,,,,
1783538015.335,4327779.0,9329.091,44.648434,,,,,,
1783538015.335,4327784.0,9329.588,44.646996,,,,,,
1783538015.336,4327789.0,9329.322,44.647762,,,,,,
1783538015.338,4327794.0,9329.257,44.65057,,,,,,
1783538015.339,4327799.0,9329.755,44.651745,,,,,,
1783538015.340,4327804.0,9329.755,44.654358,,,,,,
1783538015.341,4327809.0,9328.56,44.65781,,,,,,
1783538015.342,4327814.0,9328.493,44.658001,,,,,,
1783538015.343,4327819.0,9328.991,44.656563,,,,,,
1783538015.344,4327824.0,9328.327,44.655869,,,,,,
1783538015.345,4327829.0,9327.763,44.657501,,,,,,
1783538015.346,4327834.0,9328.925,44.654144,,,,,,
1783538015.347,4327839.0,9329.091,44.653664,,,,,,
1783538015.348,4327844.0,9328.56,44.655197,,,,,,
1783538015.349,4327849.0,9329.024,44.656467,,,,,,
1783538015.349,4327854.0,9329.29,44.655701,,,,,,
1783538015.350,4327859.0,9328.526,44.657906,,,,,,
1783538015.351,4327864.0,9328.493,44.658001,,,,,,
1783538015.352,4327869.0,9328.659,44.657524,,,,,,
1783538015.353,4327874.0,9328.228,44.658772,,,,,,
1783538015.354,4327879.0,9328.427,44.658195,,,,,,
1783538015.354,4327884.0,9329.29,44.655701,,,,,,
1783538015.355,4327889.0,9329.655,44.652031,,,,,,
1783538015.356,4327894.0,9329.721,44.649223,,,,,,
1783538015.357,4327899.0,9330.252,44.645077,,,,,,
1783538015.358,4327904.0,9330.119,44.642849,,,,,,
1783538015.359,4327909.0,9329.389,44.644958,,,,,,
1783538015.359,4327914.0,9329.123,44.648338,,,,,,
1783538015.360,4327919.0,9329.521,44.649807,,,,,,
1783538015.361,4327924.0,9329.091,44.653664,,,,,,
1783538015.362,4327929.0,9329.123,44.656181,,,,,,
1783538015.363,4327934.0,9330.385,44.649925,,,,,,
1783538015.364,4327939.0,9330.452,44.649731,,,,,,
1783538015.364,4327944.0,9329.688,44.649315,,,,,,
1783538015.365,4327949.0,9330.22,44.647789,,,,,,
1783538015.366,4327954.0,9330.452,44.647118,,,,,,
1783538015.367,4327959.0,9329.324,44.652988,,,,,,
1783538015.368,4327964.0,9329.091,44.653664,,,,,,
1783538015.369,4327969.0,9329.356,44.65551,,,,,,
1783538015.370,4327974.0,9328.659,44.657524,,,,,,
1783538015.370,4327979.0,9328.46,44.6581,,,,,,
1783538015.371,4327984.0,9328.858,44.656948,,,,,,
1783538015.372,4327989.0,9328.228,44.658772,,,,,,
1783538015.373,4327994.0,9328.626,44.657619,,,,,,
1783538015.374,4327999.0,9328.892,44.656853,,,,,,
1783538015.374,4328004.0,9328.593,44.657715,,,,,,
1783538015.375,4328009.0,9327.996,44.659439,,,,,,
1783538015.377,4328014.0,9328.493,44.658001,,,,,,
1783538015.377,4328019.0,9328.161,44.658962,,,,,,
1783538015.378,4328024.0,9328.028,44.659348,,,,,,
1783538015.379,4328029.0,9328.228,44.658772,,,,,,
1783538015.503,4328034.0,9329.157,44.656082,,,,,,
1783538015.503,4328039.0,9329.024,44.656467,,,,,,
1783538015.504,4328044.0,9329.059,44.653755,,,,,,
1783538015.505,4328049.0,9329.522,44.652416,,,,,,
1783538015.505,4328054.0,9329.224,44.653278,,,,,,
1783538015.506,4328059.0,9328.194,44.656254,,,,,,
1783538015.507,4328064.0,9328.593,44.655102,,,,,,
1783538015.507,4328069.0,9328.692,44.657429,,,,,,
1783538015.508,4328074.0,9327.664,44.6604,,,,,,
1783538015.509,4328079.0,9327.763,44.660114,,,,,,
1783538015.509,4328084.0,9328.925,44.656757,,,,,,
1783538015.510,4328089.0,9328.958,44.656658,,,,,,
1783538015.511,4328094.0,9328.726,44.65733,,,,,,
1783538015.512,4328099.0,9329.854,44.654072,,,,,,
1783538015.513,4328104.0,9329.954,44.651169,,,,,,
1783538015.514,4328109.0,9328.924,44.651524,,,,,,
1783538015.514,4328114.0,9328.427,44.650352,,,,,,
1783538015.515,4328119.0,9327.996,44.648983,,,,,,
1783538015.516,4328124.0,9326.899,44.652153,,,,,,
1783538015.516,4328129.0,9327.397,44.650711,,,,,,
1783538015.517,4328134.0,9328.195,44.65102,,,,,,
1783538015.518,4328139.0,9328.692,44.652203,,,,,,
1783538015.518,4328144.0,9329.356,44.652897,,,,,,
1783538015.519,4328149.0,9330.353,44.650017,,,,,,
1783538015.520,4328154.0,9329.821,44.654163,,,,,,
1783538015.520,4328159.0,9328.658,44.657524,,,,,,
1783538015.521,4328164.0,9328.958,44.656658,,,,,,
1783538015.522,4328169.0,9328.659,44.657524,,,,,,
1783538015.522,4328174.0,9328.062,44.659248,,,,,,
1783538015.714,4328179.0,9328.36,44.658386,,,,,,
1783538015.715,4328184.0,9329.888,44.653973,,,,,,
1783538015.716,4328189.0,9329.39,44.655411,,,,,,
1783538015.716,4328194.0,9329.39,44.655411,,,,,,
1783538015.717,4328199.0,9330.253,44.65292,,,,,,
1783538015.718,4328204.0,9330.618,44.651863,,,,,,
1783538015.719,4328209.0,9329.821,44.654163,,,,,,
1783538015.719,4328214.0,9330.12,44.653301,,,,,,
1783538015.720,4328219.0,9329.921,44.653877,,,,,,
1783538015.721,4328224.0,9328.924,44.656757,,,,,,
1783538015.722,4328229.0,9328.626,44.655006,,,,,,
1783538015.722,4328234.0,9329.29,44.650467,,,,,,
1783538015.723,4328239.0,9329.522,44.647186,,,,,,
1783538015.724,4328244.0,9330.187,44.642654,,,,,,
1783538015.724,4328249.0,9330.917,44.637932,,,,,,
1783538015.725,4328254.0,9331.115,44.639969,,,,,,
1783538015.726,4328259.0,9330.119,44.642849,,,,,,
1783538015.726,4328264.0,9329.721,44.644001,,,,,,
1783538015.727,4328269.0,9329.29,44.645245,,,,,,
1783538015.728,4328274.0,9328.56,44.649967,,,,,,
1783538015.729,4328279.0,9328.127,44.651218,,,,,,
1783538015.730,4328284.0,9329.057,44.648533,,,,,,
1783538015.730,4328289.0,9329.091,44.651051,,,,,,
1783538015.731,4328294.0,9328.56,44.652576,,,,,,
1783538015.732,4328299.0,9329.059,44.651142,,,,,,
1783538015.733,4328304.0,9328.692,44.652203,,,,,,
1783538015.733,4328309.0,9327.664,44.657787,,,,,,
1783538015.734,4328314.0,9327.398,44.658554,,,,,,
1783538015.734,4328319.0,9327.929,44.659634,,,,,,
1783538015.735,4328324.0,9327.198,44.65913,,,,,,
1783538015.736,4328329.0,9327.065,44.656895,,,,,,
1783538015.736,4328334.0,9327.796,44.654785,,,,,,
1783538015.737,4328339.0,9328.327,44.653255,,,,,,
1783538015.738,4328344.0,9328.327,44.653255,,,,,,
1783538015.738,4328349.0,9329.423,44.652702,,,,,,
1783538015.739,4328354.0,9329.887,44.651363,,,,,,
1783538015.740,4328359.0,9329.157,44.653469,,,,,,
1783538015.740,4328364.0,9328.261,44.656063,,,,,,
1783538015.741,4328369.0,9328.659,44.654911,,,,,,
1783538015.741,4328374.0,9327.93,44.657017,,,,,,
1783538015.742,4328379.0,9327.863,44.659824,,,,,,
1783538015.743,4328384.0,9328.958,44.654045,,,,,,
1783538015.744,4328389.0,9329.655,44.652031,,,,,,
1783538015.744,4328394.0,9328.793,44.654522,,,,,,
1783538015.887,4328399.0,9329.323,44.652992,,,,,,
1783538015.888,4328404.0,9329.224,44.653278,,,,,,
1783538015.889,4328409.0,9328.526,44.657906,,,,,,
1783538015.890,4328414.0,9328.427,44.658195,,,,,,
1783538015.891,4328419.0,9329.091,44.656277,,,,,,
1783538015.892,4328424.0,9328.591,44.657722,,,,,,
1783538015.892,4328429.0,9328.824,44.654434,,,,,,
1783538015.893,4328434.0,9329.123,44.653568,,,,,,
1783538015.894,4328439.0,9328.924,44.654144,,,,,,
1783538015.895,4328444.0,9328.493,44.655388,,,,,,
1783538015.896,4328449.0,9329.091,44.653664,,,,,,
1783538015.897,4328454.0,9328.825,44.65443,,,,,,
1783538015.897,4328459.0,9327.962,44.654305,,,,,,
1783538015.898,4328464.0,9327.962,44.654305,,,,,,
1783538015.899,4328469.0,9328.626,44.652393,,,,,,
1783538015.900,4328474.0,9328.028,44.654121,,,,,,
1783538015.901,4328479.0,9327.829,44.65731,,,,,,
1783538015.901,4328484.0,9329.124,44.653568,,,,,,
1783538015.902,4328489.0,9329.622,44.652126,,,,,,
1783538015.903,4328494.0,9329.456,44.652607,,,,,,
1783538015.904,4328499.0,9330.253,44.650307,,,,,,
1783538015.904,4328504.0,9330.983,44.648193,,,,,,
1783538015.905,4328509.0,9330.153,44.650593,,,,,,
1783538015.906,4328514.0,9329.588,44.649605,,,,,,
1783538015.907,4328519.0,9329.655,44.64941,,,,,,
1783538015.907,4328524.0,9328.395,44.653061,,,,,,
1783538015.908,4328529.0,9328.161,44.653736,,,,,,
1783538015.909,4328534.0,9329.059,44.651142,,,,,,
1783538015.910,4328539.0,9329.489,44.652512,,,,,,
1783538015.911,4328544.0,9329.091,44.653664,,,,,,
1783538015.912,4328549.0,9329.821,44.648937,,,,,,
1783538015.913,4328554.0,9329.754,44.649136,,,,,,
1783538015.914,4328559.0,9328.294,44.655964,,,,,,
1783538015.914,4328564.0,9328.161,44.656349,,,,,,
1783538016.113,4328569.0,9328.593,44.655102,,,,,,
1783538016.114,4328574.0,9327.896,44.657116,,,,,,
1783538016.115,4328579.0,9327.829,44.65469,,,,,,
1783538016.116,4328584.0,9329.257,44.650562,,,,,,
1783538016.117,4328589.0,9328.858,44.651722,,,,,,
1783538016.117,4328594.0,9328.194,44.653641,,,,,,
1783538016.118,4328599.0,9329.39,44.650185,,,,,,
1783538016.119,4328604.0,9329.556,44.6497,,,,,,
1783538016.120,4328609.0,9328.659,44.649681,,,,,,
1783538016.121,4328614.0,9328.825,44.6492,,,,,,
1783538016.121,4328619.0,9328.858,44.649105,,,,,,
1783538016.122,4328624.0,9327.563,44.655464,,,,,,
1783538016.123,4328629.0,9327.165,44.656616,,,,,,
1783538016.124,4328634.0,9327.663,44.657787,,,,,,
1783538016.125,4328639.0,9328.161,44.656349,,,,,,
1783538016.125,4328644.0,9328.294,44.653351,,,,,,
1783538016.126,4328649.0,9329.124,44.650955,,,,,,
1783538016.127,4328654.0,9328.924,44.654144,,,,,,
1783538016.128,4328659.0,9328.161,44.653736,,,,,,
1783538016.129,4328664.0,9327.63,44.65527,,,,,,
1783538016.129,4328669.0,9327.962,44.656925,,,,,,
1783538016.131,4328674.0,9327.597,44.655369,,,,,,
1783538016.131,4328679.0,9328.028,44.651505,,,,,,
1783538016.132,4328684.0,9328.658,44.65229,,,,,,
1783538016.133,4328689.0,9328.957,44.651436,,,,,,
1783538016.134,4328694.0,9328.891,44.651627,,,,,,
1783538016.135,4328699.0,9329.787,44.649036,,,,,,
1783538016.135,4328704.0,9329.654,44.652035,,,,,,
1783538016.136,4328709.0,9329.455,44.652611,,,,,,
1783538016.137,4328714.0,9329.455,44.652611,,,,,,
1783538016.138,4328719.0,9329.124,44.650955,,,,,,
1783538016.138,4328724.0,9327.829,44.65731,,,,,,
1783538016.139,4328729.0,9327.796,44.657406,,,,,,
1783538016.140,4328734.0,9328.56,44.655197,,,,,,
1783538016.140,4328739.0,9328.194,44.653641,,,,,,
1783538016.141,4328744.0,9328.129,44.656441,,,,,,
1783538016.142,4328749.0,9329.423,44.652702,,,,,,
1783538016.142,4328754.0,9329.356,44.652897,,,,,,
1783538016.143,4328759.0,9327.896,44.654503,,,,,,
1783538016.144,4328764.0,9328.427,44.655582,,,,,,
1783538016.144,4328769.0,9328.726,44.654716,,,,,,
1783538016.145,4328774.0,9327.298,44.656231,,,,,,
1783538016.146,4328779.0,9327.63,44.65527,,,,,,
1783538016.146,4328784.0,9328.493,44.655388,,,,,,
1783538016.147,4328789.0,9328.128,44.656445,,,,,,
1783538016.148,4328794.0,9327.962,44.656925,,,,,,
1783538016.148,4328799.0,9329.522,44.655029,,,,,,
1783538016.276,4328804.0,9329.323,44.652992,,,,,,
1783538016.277,4328809.0,9328.593,44.655102,,,,,,
1783538016.278,4328814.0,9328.626,44.655006,,,,,,
1783538016.279,4328819.0,9329.29,44.650475,,,,,,
1783538016.279,4328824.0,9328.228,44.653545,,,,,,
1783538016.280,4328829.0,9328.46,44.655487,,,,,,
1783538016.281,4328834.0,9329.456,44.652607,,,,,,
1783538016.282,4328839.0,9329.157,44.653469,,,,,,
1783538016.283,4328844.0,9328.56,44.655197,,,,,,
1783538016.284,4328849.0,9329.224,44.650658,,,,,,
1783538016.284,4328854.0,9329.224,44.650658,,,,,,
1783538016.285,4328859.0,9328.791,44.651917,,,,,,
1783538016.286,4328864.0,9328.791,44.6493,,,,,,
1783538016.287,4328869.0,9329.123,44.650955,,,,,,
1783538016.288,4328874.0,9328.559,44.655201,,,,,,
1783538016.288,4328879.0,9328.56,44.655197,,,,,,
1783538016.289,4328884.0,9328.858,44.654335,,,,,,
1783538016.290,4328889.0,9329.224,44.653278,,,,,,
1783538016.291,4328894.0,9329.124,44.653568,,,,,,
1783538016.291,4328899.0,9329.755,44.651745,,,,,,
1783538016.292,4328904.0,9329.755,44.651745,,,,,,
1783538016.294,4328909.0,9328.958,44.654045,,,,,,
1783538016.295,4328914.0,9328.692,44.657429,,,,,,
1783538016.296,4328919.0,9328.427,44.658195,,,,,,
1783538016.297,4328924.0,9327.763,44.660114,,,,,,
1783538016.298,4328929.0,9327.663,44.6604,,,,,,
1783538016.299,4328934.0,9328.294,44.655964,,,,,,
1783538016.299,4328939.0,9328.659,44.654911,,,,,,
1783538016.300,4328944.0,9328.493,44.655388,,,,,,
1783538016.301,4328949.0,9328.958,44.651432,,,,,,
1783538016.531,4328954.0,9329.157,44.650856,,,,,,
1783538016.532,4328959.0,9328.791,44.65453,,,,,,
1783538016.533,4328964.0,9329.09,44.651054,,,,,,
1783538016.534,4328969.0,9329.654,44.649422,,,,,,
1783538016.535,4328974.0,9328.692,44.652195,,,,,,
1783538016.535,4328979.0,9328.66,44.652294,,,,,,
1783538016.536,4328984.0,9329.19,44.650761,,,,,,
1783538016.537,4328989.0,9328.228,44.656158,,,,,,
1783538016.538,4328994.0,9328.194,44.656254,,,,,,
1783538016.539,4328999.0,9329.556,44.652321,,,,,,
1783538016.540,4329004.0,9329.489,44.652512,,,,,,
1783538016.540,4329009.0,9329.157,44.653469,,,,,,
1783538016.541,4329014.0,9329.688,44.651936,,,,,,
1783538016.542,4329019.0,9329.488,44.652515,,,,,,
1783538016.543,4329024.0,9328.293,44.658581,,,,,,
1783538016.544,4329029.0,9328.393,44.658295,,,,,,
1783538016.544,4329034.0,9328.726,44.65733,,,,,,
1783538016.545,4329039.0,9328.46,44.655487,,,,,,
1783538016.546,4329044.0,9327.896,44.657116,,,,,,
1783538016.547,4329049.0,9328.792,44.654526,,,,,,
1783538016.548,4329054.0,9328.46,44.652874,,,,,,
1783538016.549,4329059.0,9328.028,44.654121,,,,,,
1783538016.549,4329064.0,9328.128,44.656445,,,,,,
1783538016.550,4329069.0,9328.958,44.651432,,,,,,
1783538016.551,4329074.0,9328.294,44.653351,,,,,,
1783538016.552,4329079.0,9328.062,44.656635,,,,,,
1783538016.552,4329084.0,9328.56,44.655197,,,,,,
1783538016.553,4329089.0,9328.327,44.655869,,,,,,
1783538016.554,4329094.0,9327.63,44.660496,,,,,,
1783538016.555,4329099.0,9328.294,44.658577,,,,,,
1783538016.556,4329104.0,9328.658,44.657524,,,,,,
1783538016.557,4329109.0,9327.199,44.661743,,,,,,
1783538016.557,4329114.0,9327.398,44.661167,,,,,,
1783538016.558,4329119.0,9328.096,44.65654,,,,,,
1783538016.559,4329124.0,9327.232,44.659031,,,,,,
1783538016.560,4329129.0,9326.835,44.657562,,,,,,
1783538016.561,4329134.0,9328.229,44.653542,,,,,,
1783538016.561,4329139.0,9328.262,44.653446,,,,,,
1783538016.562,4329144.0,9328.36,44.65316,,,,,,
1783538016.563,4329149.0,9329.456,44.649994,,,,,,
1783538016.564,4329154.0,9329.921,44.648643,,,,,,
1783538016.564,4329159.0,9329.058,44.651146,,,,,,
1783538016.565,4329164.0,9329.29,44.650475,,,,,,
1783538016.566,4329169.0,9329.29,44.653088,,,,,,
1783538016.567,4329174.0,9328.228,44.653545,,,,,,
1783538016.567,4329179.0,9327.929,44.657021,,,,,,
1783538016.568,4329184.0,9329.257,44.650562,,,,,,
1783538016.569,4329189.0,9329.356,44.650284,,,,,,
1783538016.570,4329194.0,9328.759,44.652008,,,,,,
1783538016.571,4329199.0,9329.921,44.651264,,,,,,
1783538016.571,4329204.0,9330.153,44.650593,,,,,,
1783538016.572,4329209.0,9328.925,44.656757,,,,,,
1783538016.573,4329214.0,9328.858,44.656948,,,,,,
1783538016.574,4329219.0,9329.389,44.652802,,,,,,
1783538016.574,4329224.0,9328.294,44.655964,,,,,,
1783538016.709,4329229.0,9328.36,44.655773,,,,,,
1783538016.710,4329234.0,9329.622,44.649513,,,,,,
1783538016.711,4329239.0,9329.324,44.650375,,,,,,
1783538016.712,4329244.0,9328.527,44.655293,,,,,,
1783538016.713,4329249.0,9329.489,44.649899,,,,,,
1783538016.713,4329254.0,9329.654,44.649422,,,,,,
1783538016.714,4329259.0,9328.726,44.652096,,,,,,
1783538016.715,4329264.0,9329.024,44.648624,,,,,,
1783538016.716,4329269.0,9329.389,44.647572,,,,,,
1783538016.717,4329274.0,9328.36,44.65316,,,,,,
1783538016.718,4329279.0,9328.427,44.650352,,,,,,
1783538016.718,4329284.0,9329.059,44.651142,,,,,,
1783538016.719,4329289.0,9329.189,44.653378,,,,,,
1783538016.720,4329294.0,9329.455,44.652611,,,,,,
1783538016.721,4329299.0,9330.285,44.650211,,,,,,
1783538016.722,4329304.0,9330.119,44.653305,,,,,,
1783538016.723,4329309.0,9328.958,44.656658,,,,,,
1783538016.723,4329314.0,9328.394,44.658291,,,,,,
1783538016.724,4329319.0,9328.493,44.658001,,,,,,
1783538016.725,4329324.0,9328.594,44.657711,,,,,,
1783538016.726,4329329.0,9328.56,44.65781,,,,,,
1783538016.726,4329334.0,9329.921,44.653877,,,,,,
1783538016.727,4329339.0,9330.219,44.653015,,,,,,
1783538016.729,4329344.0,9329.556,44.652321,,,,,,
1783538016.729,4329349.0,9329.788,44.651649,,,,,,
1783538016.730,4329354.0,9330.021,44.650978,,,,,,
1783538016.731,4329359.0,9328.759,44.654621,,,,,,
1783538016.731,4329364.0,9328.593,44.655102,,,,,,
1783538016.732,4329369.0,9329.091,44.656277,,,,,,
1783538016.733,4329374.0,9327.663,44.6604,,,,,,
1783538016.733,4329379.0,9327.331,44.658749,,,,,,
1783538016.734,4329384.0,9328.593,44.655102,,,,,,
1783538016.947,4329389.0,9328.692,44.654816,,,,,,
1783538016.948,4329394.0,9328.626,44.655006,,,,,,
1783538016.949,4329399.0,9329.854,44.648842,,,,,,
1783538016.951,4329404.0,9329.755,44.651745,,,,,,
1783538016.952,4329409.0,9328.56,44.652576,,,,,,
1783538016.953,4329414.0,9328.527,44.652679,,,,,,
1783538016.954,4329419.0,9328.692,44.649586,,,,,,
1783538016.955,4329424.0,9327.829,44.654697,,,,,,
1783538016.956,4329429.0,9328.327,44.650639,,,,,,
1783538016.957,4329434.0,9329.489,44.649899,,,,,,
1783538016.958,4329439.0,9329.589,44.649612,,,,,,
1783538016.959,4329444.0,9329.423,44.650089,,,,,,
1783538016.961,4329449.0,9330.519,44.646923,,,,,,
1783538016.962,4329454.0,9329.888,44.65136,,,,,,
1783538016.963,4329459.0,9328.958,44.651432,,,,,,
1783538016.964,4329464.0,9329.057,44.65115,,,,,,
1783538016.964,4329469.0,9329.157,44.653469,,,,,,
1783538016.965,4329474.0,9328.493,44.652775,,,,,,
1783538016.966,4329479.0,9329.19,44.650761,,,,,,
1783538016.967,4329484.0,9330.353,44.647396,,,,,,
1783538016.968,4329489.0,9330.286,44.647594,,,,,,
1783538016.969,4329494.0,9330.22,44.645172,,,,,,
1783538016.969,4329499.0,9330.851,44.645966,,,,,,
1783538016.970,4329504.0,9330.386,44.644691,,,,,,
1783538016.971,4329509.0,9329.755,44.649132,,,,,,
1783538016.972,4329514.0,9329.854,44.648842,,,,,,
1783538016.973,4329519.0,9330.087,44.650784,,,,,,
1783538016.974,4329524.0,9329.29,44.650475,,,,,,
1783538016.975,4329529.0,9329.521,44.65242,,,,,,
1783538016.976,4329534.0,9329.821,44.64893,,,,,,
1783538016.977,4329539.0,9329.622,44.646896,,,,,,
1783538016.978,4329544.0,9329.423,44.647472,,,,,,
1783538016.979,4329549.0,9329.821,44.648937,,,,,,
1783538016.979,4329554.0,9329.489,44.649899,,,,,,
1783538016.980,4329559.0,9328.626,44.655006,,,,,,
1783538016.981,4329564.0,9328.593,44.657715,,,,,,
1783538016.982,4329569.0,9328.592,44.655106,,,,,,
1783538016.982,4329574.0,9328.327,44.655869,,,,,,
1783538016.983,4329579.0,9328.46,44.655487,,,,,,
1783538016.984,4329584.0,9329.455,44.652611,,,,,,
1783538016.985,4329589.0,9329.556,44.652321,,,,,,
1783538016.985,4329594.0,9328.659,44.657524,,,,,,
1783538016.986,4329599.0,9328.958,44.654045,,,,,,
1783538016.987,4329604.0,9329.124,44.653568,,,,,,
1783538016.988,4329609.0,9327.929,44.657021,,,,,,
1783538016.989,4329614.0,9327.929,44.657021,,,,,,
1783538016.990,4329619.0,9328.892,44.65424,,,,,,
1783538016.990,4329624.0,9328.659,44.657524,,,,,,
1783538016.991,4329629.0,9328.792,44.654526,,,,,,
1783538016.992,4329634.0,9329.654,44.652035,,,,,,
1783538016.993,4329639.0,9329.423,44.652702,,,,,,
1783538016.994,4329644.0,9328.659,44.654911,,,,,,
1783538017.111,4329649.0,9329.556,44.649708,,,,,,
1783538017.112,4329654.0,9329.091,44.653664,,,,,,
1783538017.112,4329659.0,9328.129,44.656441,,,,,,
1783538017.113,4329664.0,9328.328,44.653255,,,,,,
1783538017.114,4329669.0,9329.191,44.650761,,,,,,
1783538017.114,4329674.0,9328.062,44.656635,,,,,,
1783538017.115,4329679.0,9328.692,44.654816,,,,,,
1783538017.116,4329684.0,9329.723,44.649223,,,,,,
1783538017.116,4329689.0,9329.755,44.651745,,,,,,
1783538017.117,4329694.0,9328.626,44.652386,,,,,,
1783538017.118,4329699.0,9328.991,44.651337,,,,,,
1783538017.118,4329704.0,9328.626,44.649776,,,,,,
1783538017.119,4329709.0,9327.564,44.65546,,,,,,
1783538017.120,4329714.0,9327.166,44.656612,,,,,,
1783538017.120,4329719.0,9328.095,44.65654,,,,,,
1783538017.121,4329724.0,9328.062,44.654022,,,,,,
1783538017.122,4329729.0,9328.028,44.654114,,,,,,
1783538017.122,4329734.0,9329.224,44.650658,,,,,,
1783538017.123,4329739.0,9329.256,44.647957,,,,,,
1783538017.123,4329744.0,9329.322,44.647762,,,,,,
1783538017.124,4329749.0,9329.057,44.648533,,,,,,
1783538017.125,4329754.0,9327.963,44.651691,,,,,,
1783538017.125,4329759.0,9327.032,44.654381,,,,,,
1783538017.127,4329764.0,9327.165,44.656616,,,,,,
1783538017.128,4329769.0,9327.033,44.654377,,,,,,
1783538017.129,4329774.0,9326.899,44.657383,,,,,,
1783538017.129,4329779.0,9328.161,44.656349,,,,,,
1783538017.347,4329784.0,9328.958,44.651432,,,,,,
1783538017.348,4329789.0,9329.323,44.650379,,,,,,
1783538017.349,4329794.0,9329.257,44.653183,,,,,,
1783538017.351,4329799.0,9330.852,44.648575,,,,,,
1783538017.352,4329804.0,9330.387,44.649918,,,,,,
1783538017.353,4329809.0,9329.523,44.655025,,,,,,
1783538017.354,4329814.0,9329.688,44.651936,,,,,,
1783538017.355,4329819.0,9330.153,44.650593,,,,,,
1783538017.356,4329824.0,9328.526,44.655293,,,,,,
1783538017.357,4329829.0,9328.626,44.652393,,,,,,
1783538017.358,4329834.0,9329.556,44.647091,,,,,,
1783538017.359,4329839.0,9330.453,44.649727,,,,,,
1783538017.360,4329844.0,9331.683,44.648788,,,,,,
1783538017.361,4329849.0,9333.741,44.645451,,,,,,
1783538017.363,4329854.0,9334.639,44.64547,,,,,,
1783538017.364,4329859.0,9334.341,44.648949,,,,,,
1783538017.365,4329864.0,9333.575,44.651161,,,,,,
1783538017.366,4329869.0,9332.978,44.652885,,,,,,
1783538017.367,4329874.0,9332.013,44.655678,,,,,,
1783538017.368,4329879.0,9332.61,44.656559,,,,,,
1783538017.368,4329884.0,9334.306,44.654278,,,,,,
1783538017.369,4329889.0,9334.904,44.652546,,,,,,
1783538017.370,4329894.0,9335.204,44.65168,,,,,,
1783538017.371,4329899.0,9336.4,44.650841,,,,,,
1783538017.372,4329904.0,9336.833,44.64959,,,,,,
1783538017.372,4329909.0,9336.035,44.651897,,,,,,
1783538017.373,4329914.0,9336.567,44.652969,,,,,,
1783538017.374,4329919.0,9336.533,44.653069,,,,,,
1783538017.375,4329924.0,9335.835,44.655087,,,,,,
1783538017.376,4329929.0,9335.702,44.655472,,,,,,
1783538017.377,4329934.0,9336.8,44.652298,,,,,,
1783538017.378,4329939.0,9337.165,44.648632,,,,,,
1783538017.379,4329944.0,9337.332,44.650761,,,,,,
1783538017.379,4329949.0,9338.297,44.645359,,,,,,
1783538017.380,4329954.0,9338.496,44.644783,,,,,,
1783538017.381,4329959.0,9337.331,44.648151,,,,,,
1783538017.382,4329964.0,9337.798,44.649414,,,,,,
1783538017.382,4329969.0,9338.629,44.647011,,,,,,
1783538017.383,4329974.0,9338.528,44.649918,,,,,,
1783538017.384,4329979.0,9338.662,44.652149,,,,,,
1783538017.385,4329984.0,9340.593,44.649181,,,,,,
1783538017.385,4329989.0,9340.293,44.650047,,,,,,
1783538017.386,4329994.0,9339.827,44.651394,,,,,,
1783538017.387,4329999.0,9340.126,44.650532,,,,,,
1783538017.388,4330004.0,9341.191,44.647453,,,,,,
1783538017.388,4330009.0,9340.426,44.649666,,,,,,
1783538017.389,4330014.0,9341.357,44.649593,,,,,,
1783538017.390,4330019.0,9342.756,44.648167,,,,,,
1783538017.391,4330024.0,9342.756,44.648167,,,,,,
1783538017.392,4330029.0,9342.057,44.652802,,,,,,
1783538017.393,4330034.0,9343.289,44.651855,,,,,,
1783538017.395,4330039.0,9342.989,44.652725,,,,,,
1783538017.396,4330044.0,9342.189,44.65242,,,,,,
1783538017.523,4330049.0,9342.955,44.652821,,,,,,
1783538017.524,4330054.0,9343.488,44.651279,,,,,,
1783538017.524,4330059.0,9342.455,44.651653,,,,,,
1783538017.525,4330064.0,9342.723,44.650879,,,,,,
1783538017.526,4330069.0,9343.854,44.650223,,,,,,
1783538017.527,4330074.0,9343.455,44.651379,,,,,,
1783538017.528,4330079.0,9343.122,44.65234,,,,,,
1783538017.529,4330084.0,9344.221,44.651783,,,,,,
1783538017.530,4330089.0,9344.122,44.652069,,,,,,
1783538017.530,4330094.0,9343.855,44.65284,,,,,,
1783538017.531,4330099.0,9344.222,44.651779,,,,,,
1783538017.532,4330104.0,9344.555,44.650818,,,,,,
1783538017.533,4330109.0,9343.722,44.653225,,,,,,
1783538017.534,4330114.0,9343.821,44.652939,,,,,,
1783538017.534,4330119.0,9343.588,44.653614,,,,,,
1783538017.535,4330124.0,9343.288,44.65448,,,,,,
1783538017.536,4330129.0,9343.688,44.65332,,,,,,
1783538017.537,4330134.0,9344.621,44.650627,,,,,,
1783538017.538,4330139.0,9344.454,44.648487,,,,,,
1783538017.539,4330144.0,9344.255,44.649063,,,,,,
1783538017.540,4330149.0,9344.587,44.648106,,,,,,
1783538017.540,4330154.0,9344.087,44.649555,,,,,,
1783538017.541,4330159.0,9342.556,44.65136,,,,,,
1783538017.542,4330164.0,9342.023,44.652901,,,,,,
1783538017.543,4330169.0,9342.188,44.652424,,,,,,
1783538017.544,4330174.0,9341.523,44.651726,,,,,,
1783538017.545,4330179.0,9341.424,44.652016,,,,,,
1783538017.545,4330184.0,9342.59,44.648647,,,,,,
1783538017.546,4330189.0,9342.889,44.650398,,,,,,
1783538017.547,4330194.0,9342.423,44.651745,,,,,,
1783538017.548,4330199.0,9342.789,44.653305,,,,,,
1783538017.780,4330204.0,9342.556,44.653976,,,,,,
1783538017.781,4330209.0,9342.056,44.655418,,,,,,
1783538017.783,4330214.0,9342.156,44.652515,,,,,,
1783538017.784,4330219.0,9342.29,44.649509,,,,,,
1783538017.785,4330224.0,9342.322,44.649418,,,,,,
1783538017.785,4330229.0,9342.556,44.648743,,,,,,
1783538017.786,4330234.0,9343.255,44.649345,,,,,,
1783538017.787,4330239.0,9343.021,44.652634,,,,,,
1783538017.788,4330244.0,9342.456,44.656883,,,,,,
1783538017.789,4330249.0,9342.522,44.656693,,,,,,
1783538017.789,4330254.0,9342.689,44.656208,,,,,,
1783538017.790,4330259.0,9342.224,44.654934,,,,,,
1783538017.791,4330264.0,9342.755,44.650784,,,,,,
1783538017.792,4330269.0,9343.554,44.648476,,,,,,
1783538017.793,4330274.0,9342.855,44.650494,,,,,,
1783538017.793,4330279.0,9343.122,44.649727,,,,,,
1783538017.794,4330284.0,9343.621,44.650898,,,,,,
1783538017.795,4330289.0,9344.055,44.652264,,,,,,
1783538017.796,4330294.0,9343.855,44.65284,,,,,,
1783538017.797,4330299.0,9344.521,44.648296,,,,,,
1783538017.797,4330304.0,9344.487,44.648392,,,,,,
1783538017.798,4330309.0,9343.621,44.650894,,,,,,
1783538017.799,4330314.0,9342.988,44.652729,,,,,,
1783538017.800,4330319.0,9342.789,44.653305,,,,,,
1783538017.801,4330324.0,9343.256,44.654572,,,,,,
1783538017.801,4330329.0,9343.156,44.654858,,,,,,
1783538017.802,4330334.0,9343.888,44.652744,,,,,,
1783538017.803,4330339.0,9344.222,44.651779,,,,,,
1783538017.804,4330344.0,9345.054,44.649376,,,,,,
1783538017.804,4330349.0,9345.487,44.648125,,,,,,
1783538017.805,4330354.0,9345.754,44.647354,,,,,,
1783538017.806,4330359.0,9345.486,44.648125,,,,,,
1783538017.807,4330364.0,9345.454,44.64822,,,,,,
1783538017.807,4330369.0,9345.421,44.648315,,,,,,
1783538017.808,4330374.0,9344.72,44.650341,,,,,,
1783538017.809,4330379.0,9344.354,44.651402,,,,,,
1783538017.810,4330384.0,9344.653,44.650532,,,,,,
1783538017.811,4330389.0,9344.754,44.650242,,,,,,
1783538017.812,4330394.0,9344.653,44.650532,,,,,,
1783538017.813,4330399.0,9345.62,44.647739,,,,,,
1783538017.813,4330404.0,9345.62,44.647739,,,,,,
1783538017.814,4330409.0,9344.921,44.652374,,,,,,
1783538017.815,4330414.0,9345.388,44.653641,,,,,,
1783538017.816,4330419.0,9346.087,44.651623,,,,,,
1783538017.816,4330424.0,9344.988,44.657413,,,,,,
1783538017.817,4330429.0,9345.354,44.656357,,,,,,
1783538017.818,4330434.0,9346.554,44.652889,,,,,,
1783538017.819,4330439.0,9346.22,44.651237,,,,,,
1783538017.819,4330444.0,9345.82,44.65239,,,,,,
1783538017.820,4330449.0,9346.353,44.648235,,,,,,
1783538017.821,4330454.0,9346.22,44.648621,,,,,,
1783538017.822,4330459.0,9345.254,44.6488,,,,,,
1783538017.822,4330464.0,9344.488,44.648388,,,,,,
1783538017.823,4330469.0,9344.388,44.648682,,,,,,
1783538017.824,4330474.0,9343.655,44.650795,,,,,,
1783538017.962,4330479.0,9343.288,44.651863,,,,,,
1783538017.963,4330484.0,9343.221,44.652058,,,,,,
1783538017.964,4330489.0,9343.255,44.651955,,,,,,
1783538017.965,4330494.0,9342.821,44.653206,,,,,,
1783538017.965,4330499.0,9343.088,44.652435,,,,,,
1783538017.966,4330504.0,9343.154,44.652248,,,,,,
1783538017.967,4330509.0,9342.755,44.6534,,,,,,
1783538017.968,4330514.0,9342.589,44.653877,,,,,,
1783538017.968,4330519.0,9342.356,44.651936,,,,,,
1783538017.969,4330524.0,9341.757,44.651051,,,,,,
1783538017.970,4330529.0,9341.524,44.651726,,,,,,
1783538017.971,4330534.0,9342.256,44.646999,,,,,,
1783538017.972,4330539.0,9343.022,44.647396,,,,,,
1783538017.973,4330544.0,9343.722,44.650604,,,,,,
1783538017.973,4330549.0,9345.286,44.651318,,,,,,
1783538017.974,4330554.0,9345.954,44.652004,,,,,,
1783538017.975,4330559.0,9346.253,44.653759,,,,,,
1783538017.977,4330564.0,9346.92,44.654446,,,,,,
1783538017.978,4330569.0,9347.986,44.651363,,,,,,
1783538017.979,4330574.0,9347.955,44.651455,,,,,,
1783538017.980,4330579.0,9348.387,44.650204,,,,,,
1783538017.980,4330584.0,9349.754,44.648872,,,,,,
1783538017.981,4330589.0,9350.021,44.648102,,,,,,
1783538017.982,4330594.0,9349.889,44.6511,,,,,,
1783538017.983,4330599.0,9350.486,44.649368,,,,,,
1783538017.984,4330604.0,9351.254,44.647152,,,,,,
1783538017.984,4330609.0,9350.721,44.648697,,,,,,
1783538017.985,4330614.0,9351.121,44.647541,,,,,,
1783538017.986,4330619.0,9351.888,44.642708,,,,,,
1783538017.987,4330624.0,9352.021,44.644932,,,,,,
1783538017.987,4330629.0,9352.189,44.647072,,,,,,
1783538017.988,4330634.0,9353.59,44.643021,,,,,,
1783538017.989,4330639.0,9353.557,44.645733,,,,,,
1783538018.196,4330644.0,9352.99,44.649994,,,,,,
1783538018.197,4330649.0,9353.491,44.648544,,,,,,
1783538018.197,4330654.0,9353.624,44.648159,,,,,,
1783538018.198,4330659.0,9352.424,44.654243,,,,,,
1783538018.199,4330664.0,9352.522,44.653957,,,,,,
1783538018.200,4330669.0,9352.857,44.652992,,,,,,
1783538018.201,4330674.0,9351.989,44.655499,,,,,,
1783538018.202,4330679.0,9352.189,44.654922,,,,,,
1783538018.203,4330684.0,9352.523,44.653957,,,,,,
1783538018.204,4330689.0,9352.823,44.653091,,,,,,
1783538018.205,4330694.0,9352.456,44.654152,,,,,,
1783538018.205,4330699.0,9352.623,44.653667,,,,,,
1783538018.206,4330704.0,9352.289,44.654633,,,,,,
1783538018.207,4330709.0,9351.389,44.654621,,,,,,
1783538018.208,4330714.0,9350.622,44.654217,,,,,,
1783538018.209,4330719.0,9350.521,44.654507,,,,,,
1783538018.211,4330724.0,9349.588,44.657204,,,,,,
1783538018.212,4330729.0,9348.487,44.657768,,,,,,
1783538018.213,4330734.0,9349.088,44.658649,,,,,,
1783538018.214,4330739.0,9348.922,44.65913,,,,,,
1783538018.215,4330744.0,9348.388,44.660671,,,,,,
1783538018.216,4330749.0,9349.055,44.656128,,,,,,
1783538018.217,4330754.0,9349.555,44.654686,,,,,,
1783538018.218,4330759.0,9348.62,44.654766,,,,,,
1783538018.219,4330764.0,9348.688,44.654572,,,,,,
1783538018.220,4330769.0,9348.687,44.654572,,,,,,
1783538018.221,4330774.0,9347.854,44.656979,,,,,,
1783538018.221,4330779.0,9347.554,44.657845,,,,,,
1783538018.222,4330784.0,9348.487,44.657768,,,,,,
1783538018.223,4330789.0,9348.287,44.658348,,,,,,
1783538018.224,4330794.0,9347.92,44.656788,,,,,,
1783538018.224,4330799.0,9348.888,44.656612,,,,,,
1783538018.225,4330804.0,9349.088,44.658649,,,,,,
1783538018.226,4330809.0,9347.621,44.662884,,,,,,
1783538018.227,4330814.0,9347.987,44.664448,,,,,,
1783538018.228,4330819.0,9348.654,44.665138,,,,,,
1783538018.228,4330824.0,9348.12,44.666679,,,,,,
1783538018.229,4330829.0,9348.388,44.665905,,,,,,
1783538018.230,4330834.0,9349.854,44.661671,,,,,,
1783538018.231,4330839.0,9349.555,44.662533,,,,,,
1783538018.231,4330844.0,9349.454,44.662827,,,,,,
1783538018.232,4330849.0,9349.487,44.662731,,,,,,
1783538018.233,4330854.0,9349.221,44.663498,,,,,,
1783538018.234,4330859.0,9348.053,44.666874,,,,,,
1783538018.235,4330864.0,9347.92,44.66988,,,,,,
1783538018.235,4330869.0,9347.82,44.670166,,,,,,
1783538018.236,4330874.0,9347.521,44.671032,,,,,,
1783538018.237,4330879.0,9347.354,44.671513,,,,,,
1783538018.238,4330884.0,9348.354,44.668621,,,,,,
1783538018.238,4330889.0,9348.455,44.66571,,,,,,
1783538018.378,4330894.0,9347.454,44.671227,,,,,,
1783538018.379,4330899.0,9347.955,44.669777,,,,,,
1783538018.380,4330904.0,9347.688,44.670551,,,,,,
1783538018.381,4330909.0,9346.688,44.673435,,,,,,
1783538018.381,4330914.0,9346.321,44.674496,,,,,,
1783538018.382,4330919.0,9346.687,44.670822,,,,,,
1783538018.383,4330924.0,9345.787,44.676041,,,,,,
1783538018.384,4330929.0,9345.854,44.678463,,,,,,
1783538018.385,4330934.0,9346.688,44.676052,,,,,,
1783538018.385,4330939.0,9346.688,44.676052,,,,,,
1783538018.386,4330944.0,9346.421,44.67944,,,,,,
1783538018.387,4330949.0,9345.788,44.678654,,,,,,
1783538018.387,4330954.0,9344.889,44.678638,,,,,,
1783538018.388,4330959.0,9343.557,44.682484,,,,,,
1783538018.389,4330964.0,9343.557,44.685101,,,,,,
1783538018.389,4330969.0,9343.789,44.681816,,,,,,
1783538018.390,4330974.0,9343.49,44.682678,,,,,,
1783538018.391,4330979.0,9343.756,44.681908,,,,,,
1783538018.391,4330984.0,9344.588,44.682121,,,,,,
1783538018.393,4330989.0,9344.055,44.681049,,,,,,
1783538018.394,4330994.0,9343.756,44.681911,,,,,,
1783538018.395,4330999.0,9343.989,44.681232,,,,,,
1783538018.395,4331004.0,9344.088,44.680946,,,,,,
1783538018.396,4331009.0,9342.557,44.685375,,,,,,
1783538018.397,4331014.0,9341.99,44.689625,,,,,,
1783538018.397,4331019.0,9341.725,44.690395,,,,,,
1783538018.398,4331024.0,9340.76,44.69318,,,,,,
1783538018.398,4331029.0,9339.861,44.698395,,,,,,
1783538018.399,4331034.0,9340.894,44.695412,,,,,,
1783538018.400,4331039.0,9340.927,44.69532,,,,,,
1783538018.400,4331044.0,9340.693,44.695992,,,,,,
1783538018.401,4331049.0,9342.291,44.691376,,,,,,
1783538018.597,4331054.0,9342.523,44.688084,,,,,,
1783538018.598,4331059.0,9340.727,44.690662,,,,,,
1783538018.599,4331064.0,9341.025,44.6898,,,,,,
1783538018.599,4331069.0,9340.993,44.689896,,,,,,
1783538018.600,4331074.0,9339.661,44.693745,,,,,,
1783538018.601,4331079.0,9339.729,44.696163,,,,,,
1783538018.602,4331084.0,9340.627,44.693565,,,,,,
1783538018.603,4331089.0,9339.994,44.69278,,,,,,
1783538018.603,4331094.0,9339.828,44.693256,,,,,,
1783538018.604,4331099.0,9340.394,44.691624,,,,,,
1783538018.605,4331104.0,9340.459,44.691437,,,,,,
1783538018.606,4331109.0,9339.694,44.696259,,,,,,
1783538018.606,4331114.0,9339.563,44.699261,,,,,,
1783538018.607,4331119.0,9339.661,44.701591,,,,,,
1783538018.608,4331124.0,9339.129,44.705746,,,,,,
1783538018.609,4331129.0,9338.63,44.707188,,,,,,
1783538018.610,4331134.0,9339.461,44.704784,,,,,,
1783538018.611,4331139.0,9339.328,44.70517,,,,,,
1783538018.612,4331144.0,9338.363,44.707958,,,,,,
1783538018.613,4331149.0,9338.463,44.707668,,,,,,
1783538018.613,4331154.0,9338.297,44.708149,,,,,,
1783538018.614,4331159.0,9337.3,44.711029,,,,,,
1783538018.615,4331164.0,9337.631,44.710075,,,,,,
1783538018.615,4331169.0,9337.599,44.707546,,,,,,
1783538018.616,4331174.0,9337.398,44.705513,,,,,,
1783538018.617,4331179.0,9337.365,44.705608,,,,,,
1783538018.617,4331184.0,9338.264,44.703011,,,,,,
1783538018.618,4331189.0,9337.133,44.706284,,,,,,
1783538018.618,4331194.0,9337.166,44.708801,,,,,,
1783538018.619,4331199.0,9337.532,44.710358,,,,,,
1783538018.620,4331204.0,9337.232,44.711224,,,,,,
1783538018.620,4331209.0,9336.068,44.714588,,,,,,
1783538018.621,4331214.0,9336.8,44.712475,,,,,,
1783538018.621,4331219.0,9336.934,44.71209,,,,,,
1783538018.622,4331224.0,9336.068,44.714588,,,,,,
1783538018.623,4331229.0,9336.268,44.714012,,,,,,
1783538018.623,4331234.0,9337.332,44.710937,,,,,,
1783538018.624,4331239.0,9337.1,44.711609,,,,,,
1783538018.625,4331244.0,9337.299,44.711033,,,,,,
1783538018.626,4331249.0,9338.364,44.707954,,,,,,
1783538018.627,4331254.0,9338.396,44.710476,,,,,,
1783538018.627,4331259.0,9337.1,44.714222,,,,,,
1783538018.628,4331264.0,9337.732,44.712395,,,,,,
1783538018.628,4331269.0,9337.865,44.712009,,,,,,
1783538018.629,4331274.0,9337.466,44.715782,,,,,,
1783538018.630,4331279.0,9337.998,44.714241,,,,,,
1783538018.774,4331284.0,9339.728,44.711861,,,,,,
1783538018.775,4331289.0,9339.761,44.714382,,,,,,
1783538018.777,4331294.0,9339.96,44.716423,,,,,,
1783538018.778,4331299.0,9340.592,44.7146,,,,,,
1783538018.779,4331304.0,9340.593,44.714596,,,,,,
1783538018.781,4331309.0,9340.459,44.714981,,,,,,
1783538018.782,4331314.0,9340.826,44.713921,,,,,,
1783538018.783,4331319.0,9342.058,44.712978,,,,,,
1783538018.784,4331324.0,9342.291,44.712307,,,,,,
1783538018.785,4331329.0,9342.523,44.714245,,,,,,
1783538018.786,4331334.0,9343.089,44.712616,,,,,,
1783538018.787,4331339.0,9343.224,44.71484,,,,,,
1783538018.788,4331344.0,9342.623,44.716576,,,,,,
1783538018.789,4331349.0,9342.79,44.718716,,,,,,
1783538018.790,4331354.0,9343.223,44.714844,,,,,,
1783538018.790,4331359.0,9342.29,44.717541,,,,,,
1783538018.791,4331364.0,9342.891,44.715805,,,,,,
1783538018.792,4331369.0,9343.29,44.714649,,,,,,
1783538018.794,4331374.0,9342.757,44.71619,,,,,,
1783538018.795,4331379.0,9342.924,44.718327,,,,,,
1783538018.796,4331384.0,9344.188,44.714672,,,,,,
1783538018.797,4331389.0,9343.29,44.71727,,,,,,
1783538018.798,4331394.0,9342.757,44.716194,,,,,,
1783538018.799,4331399.0,9343.424,44.711647,,,,,,
1783538018.800,4331404.0,9343.123,44.712517,,,,,,
1783538018.801,4331409.0,9342.058,44.715595,,,,,,
1783538019.063,4331414.0,9342.689,44.711155,0.059048,165.601608,4331413.0,12.99045,,
1783538019.066,4331536.0,9341.659,44.716747,,,,,,
1783538019.067,4331541.0,9340.494,44.722729,,,,,,
1783538019.068,4331546.0,9339.563,44.725418,,,,,,
1783538019.070,4331551.0,9339.795,44.727367,,,,,,
1783538019.071,4331556.0,9338.796,44.730255,,,,,,
1783538019.072,4331561.0,9339.062,44.729488,,,,,,
1783538019.073,4331566.0,9340.128,44.726406,,,,,,
1783538019.074,4331571.0,9340.893,44.724197,,,,,,
1783538019.075,4331576.0,9340.294,44.725925,,,,,,
1783538019.076,4331581.0,9340.627,44.724964,,,,,,
1783538019.078,4331586.0,9341.393,44.720135,,,,,,
1783538019.079,4331591.0,9340.526,44.722637,,,,,,
1783538019.080,4331596.0,9340.627,44.722343,,,,,,
1783538019.080,4331601.0,9342.191,44.717823,,,,,,
1783538019.081,4331606.0,9342.424,44.719772,,,,,,
1783538019.082,4331611.0,9342.657,44.721714,,,,,,
1783538019.083,4331616.0,9343.822,44.718349,,,,,,
1783538019.084,4331621.0,9343.922,44.71806,,,,,,
1783538019.085,4331626.0,9342.557,44.722004,,,,,,
1783538019.085,4331631.0,9342.99,44.720753,,,,,,
1783538019.086,4331636.0,9342.924,44.720943,,,,,,
1783538019.087,4331641.0,9341.892,44.723927,,,,,,
1783538019.088,4331646.0,9341.758,44.724312,,,,,,
1783538019.089,4331651.0,9342.557,44.722004,,,,,,
1783538019.090,4331656.0,9342.39,44.722488,,,,,,
1783538019.090,4331661.0,9342.656,44.721718,,,,,,
1783538019.091,4331666.0,9343.622,44.718925,,,,,,
1783538019.092,4331671.0,9344.122,44.717484,,,,,,
1783538019.093,4331676.0,9343.589,44.719021,,,,,,
1783538019.094,4331681.0,9343.822,44.718349,,,,,,
1783538019.095,4331686.0,9344.123,44.71748,,,,,,
1783538019.096,4331691.0,9343.357,44.719692,,,,,,
1783538019.097,4331696.0,9343.09,44.720463,,,,,,
1783538019.098,4331701.0,9343.856,44.71825,,,,,,
1783538019.098,4331706.0,9343.257,44.719982,,,,,,
1783538019.099,4331711.0,9342.957,44.720848,,,,,,
1783538019.100,4331716.0,9343.59,44.719021,,,,,,
1783538019.101,4331721.0,9343.589,44.719021,,,,,,
1783538019.102,4331726.0,9343.123,44.720367,,,,,,
1783538019.103,4331731.0,9343.49,44.719307,,,,,,
1783538019.103,4331736.0,9343.623,44.718925,,,,,,
1783538019.104,4331741.0,9342.99,44.718136,,,,,,
1783538019.105,4331746.0,9343.123,44.717751,,,,,,
1783538019.106,4331751.0,9343.956,44.715343,,,,,,
1783538019.107,4331756.0,9343.79,44.715824,,,,,,
1783538019.227,4331761.0,9343.456,44.716789,,,,,,
1783538019.228,4331766.0,9344.355,44.714191,,,,,,
1783538019.229,4331771.0,9344.388,44.714096,,,,,,
1783538019.229,4331776.0,9343.389,44.716984,,,,,,
1783538019.230,4331781.0,9343.355,44.714458,,,,,,
1783538019.231,4331786.0,9343.656,44.713589,,,,,,
1783538019.231,4331791.0,9343.156,44.717655,,,,,,
1783538019.232,4331796.0,9343.423,44.716885,,,,,,
1783538019.233,4331801.0,9344.122,44.714867,,,,,,
1783538019.233,4331806.0,9345.055,44.714787,,,,,,
1783538019.234,4331811.0,9345.255,44.714207,,,,,,
1783538019.235,4331816.0,9345.987,44.712093,,,,,,
1783538019.236,4331821.0,9346.287,44.713844,,,,,,
1783538019.236,4331826.0,9346.221,44.714035,,,,,,
1783538019.237,4331831.0,9346.088,44.714417,,,,,,
1783538019.238,4331836.0,9346.387,44.713554,,,,,,
1783538019.238,4331841.0,9345.787,44.717907,,,,,,
1783538019.240,4331846.0,9345.62,44.718391,,,,,,
1783538019.240,4331851.0,9346.721,44.717827,,,,,,
1783538019.241,4331856.0,9346.688,44.720543,,,,,,
1783538019.241,4331861.0,9346.82,44.720161,,,,,,
1783538019.242,4331866.0,9348.221,44.713493,,,,,,
1783538019.243,4331871.0,9348.221,44.713493,,,,,,
1783538019.243,4331876.0,9347.554,44.712803,,,,,,
1783538019.244,4331881.0,9348.055,44.711357,,,,,,
1783538019.245,4331886.0,9348.654,44.712238,,,,,,
1783538019.245,4331891.0,9347.987,44.716789,,,,,,
1783538019.247,4331896.0,9348.321,44.713203,,,,,,
1783538019.479,4331901.0,9349.855,44.711391,,,,,,
1783538019.480,4331906.0,9350.056,44.710812,,,,,,
1783538019.481,4331911.0,9349.521,44.712357,,,,,,
1783538019.482,4331916.0,9350.322,44.710041,,,,,,
1783538019.482,4331921.0,9350.021,44.710911,,,,,,
1783538019.483,4331926.0,9348.755,44.711948,,,,,,
1783538019.484,4331931.0,9348.554,44.712532,,,,,,
1783538019.485,4331936.0,9348.588,44.712433,,,,,,
1783538019.486,4331941.0,9347.287,44.713573,,,,,,
1783538019.487,4331946.0,9347.554,44.71542,,,,,,
1783538019.488,4331951.0,9347.921,44.714359,,,,,,
1783538019.489,4331956.0,9347.42,44.713188,,,,,,
1783538019.489,4331961.0,9347.121,44.711433,,,,,,
1783538019.490,4331966.0,9348.354,44.70787,,,,,,
1783538019.491,4331971.0,9348.854,44.703808,,,,,,
1783538019.493,4331976.0,9348.288,44.705444,,,,,,
1783538019.494,4331981.0,9349.122,44.703033,,,,,,
1783538019.495,4331986.0,9349.555,44.701782,,,,,,
1783538019.496,4331991.0,9348.221,44.705639,,,,,,
1783538019.497,4331996.0,9347.487,44.707756,,,,,,
1783538019.498,4332001.0,9348.121,44.705925,,,,,,
1783538019.499,4332006.0,9347.188,44.708626,,,,,,
1783538019.500,4332011.0,9346.621,44.710262,,,,,,
1783538019.501,4332016.0,9347.588,44.707466,,,,,,
1783538019.502,4332021.0,9347.621,44.704754,,,,,,
1783538019.503,4332026.0,9346.255,44.706085,,,,,,
1783538019.504,4332031.0,9345.521,44.705589,,,,,,
1783538019.505,4332036.0,9344.855,44.704895,,,,,,
1783538019.506,4332041.0,9343.389,44.706516,,,,,,
1783538019.507,4332046.0,9342.89,44.707958,,,,,,
1783538019.508,4332051.0,9343.289,44.704185,,,,,,
1783538019.510,4332056.0,9343.855,44.699936,,,,,,
1783538019.511,4332061.0,9344.123,44.696545,,,,,,
1783538019.512,4332066.0,9344.722,44.6922,,,,,,
1783538019.513,4332071.0,9344.854,44.689201,,,,,,
1783538019.514,4332076.0,9343.523,44.693047,,,,,,
1783538019.515,4332081.0,9343.023,44.697105,,,,,,
1783538019.516,4332086.0,9343.256,44.699051,,,,,,
1783538019.517,4332091.0,9342.523,44.701164,,,,,,
1783538019.517,4332096.0,9342.623,44.703495,,,,,,
1783538019.518,4332101.0,9344.756,44.699944,,,,,,
1783538019.519,4332106.0,9345.488,44.697838,,,,,,
1783538019.520,4332111.0,9344.689,44.697525,,,,,,
1783538019.521,4332116.0,9345.521,44.697735,,,,,,
1783538019.522,4332121.0,9346.021,44.696289,,,,,,
1783538019.522,4332126.0,9344.655,44.697624,,,,,,
1783538019.523,4332131.0,9344.955,44.694145,,,,,,
1783538019.524,4332136.0,9346.221,44.690483,,,,,,
1783538019.525,4332141.0,9345.755,44.689217,,,,,,
1783538019.526,4332146.0,9345.122,44.688427,,,,,,
1783538019.527,4332151.0,9346.555,44.684288,,,,,,
1783538019.527,4332156.0,9345.788,44.686504,,,,,,
1783538019.528,4332161.0,9345.122,44.69104,,,,,,
1783538019.529,4332166.0,9346.121,44.688152,,,,,,
1783538019.530,4332171.0,9346.121,44.688152,,,,,,
1783538019.531,4332176.0,9344.889,44.691715,,,,,,
1783538019.532,4332181.0,9345.521,44.689892,,,,,,
1783538019.657,4332186.0,9346.287,44.685062,,,,,,
1783538019.658,4332191.0,9345.521,44.687275,,,,,,
1783538019.660,4332196.0,9346.121,44.685539,,,,,,
1783538019.660,4332201.0,9347.82,44.68063,,,,,,
1783538019.661,4332206.0,9347.788,44.680725,,,,,,
1783538019.662,4332211.0,9347.487,44.681591,,,,,,
1783538019.662,4332216.0,9348.388,44.678989,,,,,,
1783538019.663,4332221.0,9348.255,44.681988,,,,,,
1783538019.664,4332226.0,9346.221,44.687866,,,,,,
1783538019.665,4332231.0,9346.621,44.68671,,,,,,
1783538019.665,4332236.0,9347.354,44.684589,,,,,,
1783538019.666,4332241.0,9347.256,44.684879,,,,,,
1783538019.667,4332246.0,9347.955,44.680241,,,,,,
1783538019.667,4332251.0,9350.255,44.673595,,,,,,
1783538019.668,4332256.0,9350.889,44.671764,,,,,,
1783538019.669,4332261.0,9350.787,44.674671,,,,,,
1783538019.670,4332266.0,9351.555,44.675072,,,,,,
1783538019.670,4332271.0,9352.088,44.673531,,,,,,
1783538019.671,4332276.0,9351.422,44.67807,,,,,,
1783538019.671,4332281.0,9351.922,44.676624,,,,,,
1783538019.673,4332286.0,9352.956,44.673637,,,,,,
1783538019.673,4332291.0,9352.623,44.671986,,,,,,
1783538019.674,4332296.0,9352.823,44.671406,,,,,,
1783538019.675,4332301.0,9354.259,44.664639,,,,,,
1783538019.675,4332306.0,9354.359,44.664352,,,,,,
1783538019.676,4332311.0,9353.892,44.665699,,,,,,
1783538019.677,4332316.0,9355.026,44.662422,,,,,,
1783538019.677,4332321.0,9355.526,44.663593,,,,,,
1783538019.678,4332326.0,9354.459,44.666683,,,,,,
1783538019.912,4332331.0,9354.26,44.667252,,,,,,
1783538019.913,4332336.0,9355.127,44.664753,,,,,,
1783538019.914,4332341.0,9354.76,44.668427,,,,,,
1783538019.915,4332346.0,9354.927,44.665325,,,,,,
1783538019.916,4332351.0,9356.161,44.664375,,,,,,
1783538019.917,4332356.0,9356.729,44.665348,,,,,,
1783538019.918,4332361.0,9355.961,44.667576,,,,,,
1783538019.918,4332366.0,9356.63,44.665638,,,,,,
1783538019.919,4332371.0,9356.429,44.666218,,,,,,
1783538019.920,4332376.0,9355.962,44.664951,,,,,,
1783538019.921,4332381.0,9356.128,44.664471,,,,,,
1783538019.922,4332386.0,9357.33,44.660999,,,,,,
1783538019.923,4332391.0,9356.629,44.663025,,,,,,
1783538019.923,4332396.0,9356.763,44.665257,,,,,,
1783538019.924,4332401.0,9357.531,44.665649,,,,,,
1783538019.925,4332406.0,9358.032,44.661583,,,,,,
1783538019.926,4332411.0,9357.164,44.664093,,,,,,
1783538019.926,4332416.0,9358.333,44.660713,,,,,,
1783538019.927,4332421.0,9358.5,44.66024,,,,,,
1783538019.928,4332426.0,9357.665,44.662647,,,,,,
1783538019.929,4332431.0,9357.164,44.666714,,,,,,
1783538019.929,4332436.0,9358.166,44.663818,,,,,,
1783538019.930,4332441.0,9357.364,44.666134,,,,,,
1783538019.931,4332446.0,9357.33,44.666233,,,,,,
1783538019.931,4332451.0,9358.566,44.660038,,,,,,
1783538019.932,4332456.0,9358.7,44.65704,,,,,,
1783538019.932,4332461.0,9358.566,44.657425,,,,,,
1783538019.933,4332466.0,9359.702,44.654144,,,,,,
1783538019.934,4332471.0,9359.902,44.653564,,,,,,
1783538019.934,4332476.0,9359.034,44.658691,,,,,,
1783538019.935,4332481.0,9359.435,44.660152,,,,,,
1783538019.936,4332486.0,9359.702,44.659378,,,,,,
1783538019.937,4332491.0,9358.935,44.658974,,,,,,
1783538019.937,4332496.0,9359.301,44.657917,,,,,,
1783538019.938,4332501.0,9360.204,44.652695,,,,,,
1783538019.939,4332506.0,9359.903,44.653564,,,,,,
1783538019.940,4332511.0,9359.836,44.653759,,,,,,
1783538019.940,4332516.0,9360.806,44.653576,,,,,,
1783538019.941,4332521.0,9360.771,44.653671,,,,,,
1783538019.942,4332526.0,9360.305,44.657639,,,,,,
1783538019.942,4332531.0,9360.639,44.654053,,,,,,
1783538019.943,4332536.0,9360.872,44.653378,,,,,,
1783538019.944,4332541.0,9360.438,44.654633,,,,,,
1783538019.944,4332546.0,9360.338,44.654926,,,,,,
1783538019.945,4332551.0,9360.939,44.653187,,,,,,
1783538019.946,4332556.0,9361.039,44.655514,,,,,,
1783538019.946,4332561.0,9360.572,44.656864,,,,,,
1783538019.947,4332566.0,9360.838,44.656097,,,,,,
1783538019.947,4332571.0,9360.973,44.655708,,,,,,
1783538019.948,4332576.0,9359.669,44.659473,,,,,,
1783538019.949,4332581.0,9359.971,44.658604,,,,,,
1783538019.949,4332586.0,9360.873,44.655994,,,,,,
1783538019.950,4332591.0,9361.106,44.657936,,,,,,
1783538019.951,4332596.0,9361.709,44.656197,,,,,,
1783538019.952,4332601.0,9363.279,44.651657,,,,,,
1783538020.064,4332606.0,9363.246,44.651756,,,,,,
1783538020.065,4332611.0,9362.577,44.653687,,,,,,
1783538020.065,4332616.0,9362.945,44.652622,,,,,,
1783538020.066,4332621.0,9362.276,44.654556,,,,,,
1783538020.067,4332626.0,9361.273,44.657455,,,,,,
1783538020.067,4332631.0,9361.307,44.65736,,,,,,
1783538020.068,4332636.0,9361.842,44.658428,,,,,,
1783538020.069,4332641.0,9361.006,44.658226,,,,,,
1783538020.070,4332646.0,9361.006,44.660839,,,,,,
1783538020.070,4332651.0,9361.908,44.658237,,,,,,
1783538020.071,4332656.0,9361.876,44.658329,,,,,,
1783538020.072,4332661.0,9361.307,44.65736,,,,,,
1783538020.072,4332666.0,9361.607,44.65649,,,,,,
1783538020.073,4332671.0,9361.842,44.653194,,,,,,
1783538020.074,4332676.0,9361.273,44.654839,,,,,,
1783538020.075,4332681.0,9361.206,44.655033,,,,,,
1783538020.075,4332686.0,9362.108,44.649803,,,,,,
1783538020.076,4332691.0,9362.009,44.650093,,,,,,
1783538020.077,4332696.0,9361.709,44.650959,,,,,,
1783538020.078,4332701.0,9362.611,44.648357,,,,,,
1783538020.078,4332706.0,9362.377,44.649033,,,,,,
1783538020.079,4332711.0,9361.073,44.652794,,,,,,
1783538020.080,4332716.0,9361.073,44.650181,,,,,,
1783538020.080,4332721.0,9360.974,44.650471,,,,,,
1783538020.081,4332726.0,9359.401,44.655014,,,,,,
1783538020.081,4332731.0,9359.536,44.652008,,,,,,
1783538020.278,4332736.0,9359.502,44.652111,,,,,,
1783538020.279,4332741.0,9358.733,44.654327,,,,,,
1783538020.280,4332746.0,9358.7,44.654423,,,,,,
1783538020.281,4332751.0,9360.003,44.648041,,,,,,
1783538020.283,4332756.0,9359.67,44.649002,,,,,,
1783538020.283,4332761.0,9359.803,44.651241,,,,,,
1783538020.284,4332766.0,9360.472,44.649303,,,,,,
1783538020.285,4332771.0,9360.371,44.646976,,,,,,
1783538020.287,4332776.0,9359.168,44.650455,,,,,,
1783538020.288,4332781.0,9358.733,44.651714,,,,,,
1783538020.289,4332786.0,9359.201,44.650356,,,,,,
1783538020.290,4332791.0,9359.068,44.653358,,,,,,
1783538020.290,4332796.0,9358.935,44.653744,,,,,,
1783538020.291,4332801.0,9360.171,44.650177,,,,,,
1783538020.293,4332806.0,9361.24,44.6497,,,,,,
1783538020.294,4332811.0,9361.208,44.649792,,,,,,
1783538020.295,4332816.0,9361.375,44.646694,,,,,,
1783538020.297,4332821.0,9361.976,44.647575,,,,,,
1783538020.298,4332826.0,9361.174,44.652504,,,,,,
1783538020.300,4332831.0,9361.24,44.652321,,,,,,
1783538020.301,4332836.0,9361.941,44.650291,,,,,,
1783538020.302,4332841.0,9361.942,44.652905,,,,,,
1783538020.303,4332846.0,9362.143,44.652325,,,,,,
1783538020.304,4332851.0,9363.38,44.64875,,,,,,
1783538020.305,4332856.0,9363.146,44.649429,,,,,,
1783538020.306,4332861.0,9362.878,44.652817,,,,,,
1783538020.307,4332866.0,9362.845,44.652916,,,,,,
1783538020.308,4332871.0,9363.313,44.651558,,,,,,
1783538020.309,4332876.0,9362.311,44.654457,,,,,,
1783538020.310,4332881.0,9362.411,44.654167,,,,,,
1783538020.311,4332886.0,9362.813,44.650391,,,,,,
1783538020.313,4332891.0,9362.846,44.650295,,,,,,
1783538020.314,4332896.0,9362.511,44.651264,,,,,,
1783538020.315,4332901.0,9363.078,44.649624,,,,,,
1783538020.316,4332906.0,9363.447,44.648556,,,,,,
1783538020.317,4332911.0,9362.712,44.650681,,,,,,
1783538020.318,4332916.0,9363.213,44.649235,,,,,,
1783538020.319,4332921.0,9363.246,44.649139,,,,,,
1783538020.319,4332926.0,9362.177,44.652229,,,,,,
1783538020.320,4332931.0,9361.24,44.654934,,,,,,
1783538020.321,4332936.0,9361.407,44.651829,,,,,,
1783538020.322,4332941.0,9360.905,44.650669,,,,,,
1783538020.323,4332946.0,9360.839,44.65086,,,,,,
1783538020.324,4332951.0,9361.942,44.647671,,,,,,
1783538020.325,4332956.0,9362.276,44.644089,,,,,,
1783538020.325,4332961.0,9362.076,44.647285,,,,,,
1783538020.327,4332966.0,9362.243,44.649414,,,,,,
1783538020.328,4332971.0,9361.74,44.650875,,,,,,
1783538020.329,4332976.0,9360.739,44.651146,,,,,,
1783538020.330,4332981.0,9360.471,44.654537,,,,,,
1783538020.480,4332986.0,9361.273,44.649605,,,,,,
1783538020.482,4332991.0,9361.174,44.647274,,,,,,
1783538020.483,4332996.0,9361.307,44.646896,,,,,,
1783538020.485,4333001.0,9362.611,44.64312,,,,,,
1783538020.486,4333006.0,9362.678,44.642929,,,,,,
1783538020.487,4333011.0,9362.443,44.646225,,,,,,
1783538020.488,4333016.0,9362.577,44.648457,,,,,,
1783538020.489,4333021.0,9362.845,44.647682,,,,,,
1783538020.490,4333026.0,9361.475,44.654255,,,,,,
1783538020.491,4333031.0,9361.575,44.656582,,,,,,
1783538020.492,4333036.0,9361.574,44.656586,,,,,,
1783538020.493,4333041.0,9361.975,44.658043,,,,,,
1783538020.495,4333046.0,9362.443,44.656693,,,,,,
1783538020.496,4333051.0,9364.217,44.651566,,,,,,
1783538020.498,4333056.0,9365.287,44.645855,,,,,,
1783538020.499,4333061.0,9365.153,44.646244,,,,,,
1783538020.501,4333066.0,9365.119,44.643726,,,,,,
1783538020.502,4333071.0,9365.086,44.646439,,,,,,
1783538020.503,4333076.0,9364.35,44.648567,,,,,,
1783538020.504,4333081.0,9364.316,44.651276,,,,,,
1783538020.505,4333086.0,9365.32,44.648376,,,,,,
1783538020.506,4333091.0,9365.588,44.650219,,,,,,
1783538020.507,4333096.0,9365.822,44.64954,,,,,,
1783538020.508,4333101.0,9367.194,44.645576,,,,,,
1783538020.510,4333106.0,9367.729,44.641415,,,,,,
1783538020.511,4333111.0,9367.362,44.645096,,,,,,
1783538020.512,4333116.0,9367.495,44.644707,,,,,,
1783538020.513,4333121.0,9367.797,44.643833,,,,,,
1783538020.514,4333126.0,9367.094,44.648487,,,,,,
1783538020.516,4333131.0,9367.127,44.651009,,,,,,
1783538020.517,4333136.0,9367.328,44.650425,,,,,,
1783538020.518,4333141.0,9367.696,44.649364,,,,,,
1783538020.519,4333146.0,9367.797,44.649071,,,,,,
1783538020.520,4333151.0,9368.333,44.647522,,,,,,
1783538020.521,4333156.0,9368.131,44.648106,,,,,,
1783538020.522,4333161.0,9367.93,44.648689,,,,,,
1783538020.522,4333166.0,9368.064,44.6483,,,,,,
1783538020.523,4333171.0,9367.797,44.649071,,,,,,
1783538020.763,4333176.0,9366.156,44.653812,,,,,,
1783538020.765,4333181.0,9366.189,44.653717,,,,,,
1783538020.767,4333186.0,9366.994,44.654007,,,,,,
1783538020.768,4333191.0,9366.76,44.654686,,,,,,
1783538020.769,4333196.0,9367.463,44.652653,,,,,,
1783538020.770,4333201.0,9369.471,44.646851,,,,,,
1783538020.771,4333206.0,9369.807,44.643265,,,,,,
1783538020.771,4333211.0,9369.036,44.642876,,,,,,
1783538020.772,4333216.0,9369.236,44.642296,,,,,,
1783538020.773,4333221.0,9369.338,44.642002,,,,,,
1783538020.775,4333226.0,9368.299,44.645004,,,,,,
1783538020.776,4333231.0,9368.064,44.650917,,,,,,
1783538020.777,4333236.0,9368.601,44.649368,,,,,,
1783538020.778,4333241.0,9368.6,44.649368,,,,,,
1783538020.779,4333246.0,9368.232,44.653049,,,,,,
1783538020.781,4333251.0,9369.604,44.649086,,,,,,
1783538020.782,4333256.0,9370.107,44.645012,,,,,,
1783538020.782,4333261.0,9369.975,44.648018,,,,,,
1783538020.783,4333266.0,9370.209,44.647339,,,,,,
1783538020.784,4333271.0,9370.61,44.646179,,,,,,
1783538020.785,4333276.0,9369.438,44.64957,,,,,,
1783538020.786,4333281.0,9369.706,44.648792,,,,,,
1783538020.787,4333286.0,9370.476,44.646568,,,,,,
1783538020.788,4333291.0,9370.544,44.646374,,,,,,
1783538020.789,4333296.0,9371.013,44.645016,,,,,,
1783538020.789,4333301.0,9372.42,44.643566,,,,,,
1783538020.790,4333306.0,9372.353,44.646385,,,,,,
1783538020.791,4333311.0,9372.118,44.64706,,,,,,
1783538020.792,4333316.0,9372.923,44.647354,,,,,,
1783538020.793,4333321.0,9372.755,44.647839,,,,,,
1783538020.794,4333326.0,9372.386,44.648903,,,,,,
1783538020.795,4333331.0,9373.425,44.645901,,,,,,
1783538020.796,4333336.0,9374.195,44.643677,,,,,,
1783538020.797,4333341.0,9374.396,44.64571,,,,,,
1783538020.798,4333346.0,9374.732,44.647362,,,,,,
1783538020.799,4333351.0,9376.174,44.643196,,,,,,
1783538020.799,4333356.0,9375.904,44.646591,,,,,,
1783538020.800,4333361.0,9375.939,44.646492,,,,,,
1783538020.801,4333366.0,9375.905,44.646587,,,,,,
1783538020.802,4333371.0,9376.342,44.645329,,,,,,
1783538020.802,4333376.0,9374.766,44.652504,,,,,,
1783538020.803,4333381.0,9374.766,44.652504,,,,,,
1783538020.804,4333386.0,9375.436,44.653187,,,,,,
1783538020.805,4333391.0,9375.771,44.652218,,,,,,
1783538020.806,4333396.0,9375.638,44.652603,,,,,,
1783538020.807,4333401.0,9377.013,44.648632,,,,,,
1783538020.807,4333406.0,9377.213,44.648052,,,,,,
1783538020.808,4333411.0,9376.711,44.649502,,,,,,
1783538020.810,4333416.0,9376.409,44.647755,,,,,,
1783538020.811,4333421.0,9376.174,44.645813,,,,,,
1783538020.813,4333426.0,9375.235,44.648525,,,,,,
1783538020.814,4333431.0,9374.731,44.649982,,,,,,
1783538020.815,4333436.0,9374.43,44.650856,,,,,,
1783538020.817,4333441.0,9373.826,44.655216,,,,,,
1783538020.818,4333446.0,9373.291,44.659386,,,,,,
1783538020.819,4333451.0,9373.961,44.654827,,,,,,
1783538020.820,4333456.0,9374.297,44.653858,,,,,,
1783538020.821,4333461.0,9374.263,44.653957,,,,,,
1783538020.822,4333466.0,9375.033,44.65173,,,,,,
1783538020.823,4333471.0,9375.939,44.649113,,,,,,
1783538020.951,4333476.0,9374.933,44.65464,,,,,,
1783538020.952,4333481.0,9374.129,44.654343,,,,,,
1783538020.953,4333486.0,9373.994,44.652111,,,,,,
1783538020.954,4333491.0,9372.988,44.652401,,,,,,
1783538020.955,4333496.0,9372.151,44.652199,,,,,,
1783538020.955,4333501.0,9373.19,44.64658,,,,,,
1783538020.956,4333506.0,9372.788,44.647743,,,,,,
1783538020.957,4333511.0,9372.151,44.649582,,,,,,
1783538020.958,4333516.0,9373.023,44.64706,,,,,,
1783538020.958,4333521.0,9372.856,44.644928,,,,,,
1783538020.960,4333526.0,9370.645,44.648697,,,,,,
1783538020.961,4333531.0,9370.979,44.645115,,,,,,
1783538020.962,4333536.0,9370.878,44.642788,,,,,,
1783538020.963,4333541.0,9369.37,44.644527,,,,,,
1783538020.963,4333546.0,9369.271,44.642197,,,,,,
1783538020.964,4333551.0,9369.771,44.638134,,,,,,
1783538020.965,4333556.0,9368.936,44.640549,,,,,,
1783538020.966,4333561.0,9367.932,44.643444,,,,,,
1783538020.967,4333566.0,9368.266,44.642479,,,,,,
1783538020.967,4333571.0,9367.428,44.647522,,,,,,
1783538020.968,4333576.0,9366.826,44.651878,,,,,,
1783538020.969,4333581.0,9366.692,44.652264,,,,,,
1783538020.970,4333586.0,9367.361,44.65033,,,,,,
1783538020.971,4333591.0,9366.792,44.651978,,,,,,
1783538020.972,4333596.0,9367.228,44.650719,,,,,,
1783538020.973,4333601.0,9368.232,44.647812,,,,,,
1783538020.974,4333606.0,9368.634,44.646652,,,,,,
1783538020.976,4333611.0,9368.433,44.647236,,,,,,
1783538020.976,4333616.0,9368.835,44.646072,,,,,,
1783538020.977,4333621.0,9368.399,44.647331,,,,,,
1783538020.978,4333626.0,9367.261,44.65062,,,,,,
1783538021.195,4333631.0,9367.061,44.648582,,,,,,
1783538021.196,4333636.0,9366.793,44.649357,,,,,,
1783538021.197,4333641.0,9366.725,44.649555,,,,,,
1783538021.198,4333646.0,9366.19,44.651096,,,,,,
1783538021.199,4333651.0,9366.859,44.649166,,,,,,
1783538021.199,4333656.0,9366.491,44.652843,,,,,,
1783538021.200,4333661.0,9365.89,44.651966,,,,,,
1783538021.201,4333666.0,9365.555,44.650318,,,,,,
1783538021.202,4333671.0,9366.057,44.646252,,,,,,
1783538021.203,4333676.0,9364.985,44.649345,,,,,,
1783538021.203,4333681.0,9364.784,44.647308,,,,,,
1783538021.204,4333686.0,9364.818,44.647213,,,,,,
1783538021.205,4333691.0,9364.082,44.649338,,,,,,
1783538021.206,4333696.0,9363.58,44.650791,,,,,,
1783538021.207,4333701.0,9364.45,44.645657,,,,,,
1783538021.208,4333706.0,9364.384,44.645851,,,,,,
1783538021.210,4333711.0,9363.849,44.650013,,,,,,
1783538021.211,4333716.0,9364.451,44.650887,,,,,,
1783538021.212,4333721.0,9364.719,44.652729,,,,,,
1783538021.212,4333726.0,9363.447,44.659023,,,,,,
1783538021.213,4333731.0,9363.547,44.661354,,,,,,
1783538021.214,4333736.0,9364.919,44.65477,,,,,,
1783538021.215,4333741.0,9365.021,44.651859,,,,,,
1783538021.215,4333746.0,9365.086,44.649055,,,,,,
1783538021.216,4333751.0,9366.189,44.645866,,,,,,
1783538021.217,4333756.0,9366.559,44.644794,,,,,,
1783538021.217,4333761.0,9366.391,44.6479,,,,,,
1783538021.218,4333766.0,9367.16,44.648296,,,,,,
1783538021.219,4333771.0,9368.064,44.6483,,,,,,
1783538021.219,4333776.0,9367.998,44.651108,,,,,,
1783538021.220,4333781.0,9368.131,44.653343,,,,,,
1783538021.221,4333786.0,9368.567,44.652084,,,,,,
1783538021.221,4333791.0,9368.5,44.654896,,,,,,
1783538021.222,4333796.0,9368.299,44.655476,,,,,,
1783538021.223,4333801.0,9369.271,44.652668,,,,,,
1783538021.224,4333806.0,9369.471,44.649471,,,,,,
1783538021.224,4333811.0,9369.271,44.650051,,,,,,
1783538021.225,4333816.0,9369.036,44.65073,,,,,,
1783538021.226,4333821.0,9368.868,44.651215,,,,,,
1783538021.226,4333826.0,9368.399,44.652569,,,,,,
1783538021.227,4333831.0,9368.901,44.653736,,,,,,
1783538021.228,4333836.0,9370.242,44.652481,,,,,,
1783538021.228,4333841.0,9370.846,44.650738,,,,,,
1783538021.229,4333846.0,9371.481,44.648899,,,,,,
1783538021.230,4333851.0,9372.453,44.646091,,,,,,
1783538021.230,4333856.0,9372.186,44.646866,,,,,,
1783538021.231,4333861.0,9371.95,44.647545,,,,,,
1783538021.232,4333866.0,9371.447,44.648998,,,,,,
1783538021.232,4333871.0,9371.414,44.651711,,,,,,
1783538021.233,4333876.0,9370.309,44.654907,,,,,,
1783538021.233,4333881.0,9370.476,44.654423,,,,,,
1783538021.234,4333886.0,9371.079,44.652679,,,,,,
1783538021.349,4333891.0,9371.716,44.650841,,,,,,
1783538021.350,4333896.0,9371.783,44.650646,,,,,,
1783538021.351,4333901.0,9372.452,44.646095,,,,,,
1783538021.352,4333906.0,9372.821,44.645027,,,,,,
1783538021.352,4333911.0,9371.884,44.647739,,,,,,
1783538021.353,4333916.0,9371.917,44.64764,,,,,,
1783538021.354,4333921.0,9372.286,44.646576,,,,,,
1783538021.354,4333926.0,9371.816,44.650551,,,,,,
1783538021.355,4333931.0,9371.951,44.650162,,,,,,
1783538021.356,4333936.0,9372.353,44.649002,,,,,,
1783538021.356,4333941.0,9371.683,44.650936,,,,,,
1783538021.357,4333946.0,9371.682,44.65094,,,,,,
1783538021.358,4333951.0,9372.688,44.648029,,,,,,
1783538021.358,4333956.0,9372.588,44.648319,,,,,,
1783538021.359,4333961.0,9372.218,44.652008,,,,,,
1783538021.360,4333966.0,9372.42,44.651421,,,,,,
1783538021.360,4333971.0,9372.252,44.651909,,,,,,
1783538021.361,4333976.0,9371.213,44.654911,,,,,,
1783538021.362,4333981.0,9371.078,44.6553,,,,,,
1783538021.363,4333986.0,9371.18,44.65239,,,,,,
1783538021.364,4333991.0,9371.581,44.65123,,,,,,
1783538021.365,4333996.0,9371.715,44.650845,,,,,,
1783538021.365,4334001.0,9373.123,44.646774,,,,,,
1783538021.366,4334006.0,9373.156,44.646679,,,,,,
1783538021.366,4334011.0,9372.755,44.647839,,,,,,
1783538021.367,4334016.0,9372.453,44.651325,,,,,,
1783538021.562,4334021.0,9372.588,44.650936,,,,,,
1783538021.563,4334026.0,9371.347,44.657143,,,,,,
1783538021.564,4334031.0,9371.582,44.656464,,,,,,
1783538021.565,4334036.0,9372.722,44.655788,,,,,,
1783538021.566,4334041.0,9372.688,44.655888,,,,,,
1783538021.567,4334046.0,9372.553,44.656277,,,,,,
1783538021.568,4334051.0,9374.229,44.651432,,,,,,
1783538021.568,4334056.0,9374.162,44.654247,,,,,,
1783538021.569,4334061.0,9374.196,44.651527,,,,,,
1783538021.570,4334066.0,9374.833,44.649689,,,,,,
1783538021.571,4334071.0,9375.437,44.650562,,,,,,
1783538021.572,4334076.0,9374.196,44.654148,,,,,,
1783538021.573,4334081.0,9374.396,44.653568,,,,,,
1783538021.573,4334086.0,9374.463,44.655998,,,,,,
1783538021.574,4334091.0,9374.497,44.655899,,,,,,
1783538021.575,4334096.0,9374.732,44.65522,,,,,,
1783538021.576,4334101.0,9375.705,44.655025,,,,,,
1783538021.577,4334106.0,9375.973,44.654251,,,,,,
1783538021.578,4334111.0,9375.001,44.657059,,,,,,
1783538021.580,4334116.0,9374.834,44.657543,,,,,,
1783538021.580,4334121.0,9374.331,44.661617,,,,,,
1783538021.581,4334126.0,9373.425,44.661613,,,,,,
1783538021.582,4334131.0,9373.392,44.661709,,,,,,
1783538021.583,4334136.0,9374.699,44.657932,,,,,,
1783538021.584,4334141.0,9375.302,44.656193,,,,,,
1783538021.585,4334146.0,9375.369,44.653381,,,,,,
1783538021.585,4334151.0,9375.939,44.651733,,,,,,
1783538021.586,4334156.0,9376.14,44.651154,,,,,,
1783538021.587,4334161.0,9375.0,44.657063,,,,,,
1783538021.587,4334166.0,9374.531,44.658417,,,,,,
1783538021.588,4334171.0,9374.396,44.661427,,,,,,
1783538021.589,4334176.0,9373.659,44.663559,,,,,,
1783538021.590,4334181.0,9373.525,44.663944,,,,,,
1783538021.591,4334186.0,9374.362,44.658905,,,,,,
1783538021.591,4334191.0,9374.631,44.658131,,,,,,
1783538021.592,4334196.0,9374.799,44.655029,,,,,,
1783538021.593,4334201.0,9375.604,44.652702,,,,,,
1783538021.594,4334206.0,9375.067,44.654251,,,,,,
1783538021.595,4334211.0,9374.564,44.655704,,,,,,
1783538021.596,4334216.0,9374.43,44.656094,,,,,,
1783538021.597,4334221.0,9374.096,44.657059,,,,,,
1783538021.599,4334226.0,9373.123,44.65987,,,,,,
1783538021.601,4334231.0,9373.09,44.659966,,,,,,
1783538021.602,4334236.0,9372.787,44.658218,,,,,,
1783538021.603,4334241.0,9372.352,44.659477,,,,,,
1783538021.604,4334246.0,9371.983,44.660542,,,,,,
1783538021.604,4334251.0,9373.09,44.657345,,,,,,
1783538021.605,4334256.0,9373.057,44.65744,,,,,,
1783538021.700,4334261.0,9371.817,44.663643,,,,,,
1783538021.702,4334266.0,9371.381,44.662285,,,,,,
1783538021.703,4334271.0,9370.879,44.661114,,,,,,
1783538021.704,4334276.0,9368.735,44.664688,,,,,,
1783538021.705,4334281.0,9367.764,44.664879,,,,,,
1783538021.706,4334286.0,9368.132,44.661198,,,,,,
1783538021.707,4334291.0,9367.997,44.661587,,,,,,
1783538021.709,4334296.0,9367.495,44.665653,,,,,,
1783538021.710,4334301.0,9368.333,44.665852,,,,,,
1783538021.711,4334306.0,9368.365,44.668381,,,,,,
1783538021.712,4334311.0,9367.496,44.670887,,,,,,
1783538021.713,4334316.0,9367.027,44.672241,,,,,,
1783538021.714,4334321.0,9367.295,44.671471,,,,,,
1783538021.715,4334326.0,9365.856,44.675625,,,,,,
1783538021.716,4334331.0,9365.822,44.673107,,,,,,
1783538021.717,4334336.0,9367.162,44.671852,,,,,,
1783538021.718,4334341.0,9367.295,44.671471,,,,,,
1783538021.719,4334346.0,9366.894,44.67263,,,,,,
1783538021.720,4334351.0,9368.266,44.668663,,,,,,
1783538021.721,4334356.0,9367.964,44.672157,,,,,,
1783538021.722,4334361.0,9366.658,44.67593,,,,,,
1783538021.724,4334366.0,9366.592,44.678741,,,,,,
1783538021.725,4334371.0,9366.357,44.67942,,,,,,
1783538021.726,4334376.0,9365.153,44.682899,,,,,,
1783538021.880,4334381.0,9365.02,44.680664,,,,,,
1783538021.882,4334386.0,9365.32,44.677174,,,,,,
1783538021.883,4334391.0,9364.785,44.678722,,,,,,
1783538021.884,4334396.0,9364.283,44.680172,,,,,,
1783538021.885,4334401.0,9365.053,44.677952,,,,,,
1783538021.886,4334406.0,9364.752,44.681438,,,,,,
1783538021.887,4334411.0,9364.317,44.685314,,,,,,
1783538021.888,4334416.0,9364.016,44.683567,,,,,,
1783538021.889,4334421.0,9364.115,44.683277,,,,,,
1783538021.890,4334426.0,9362.209,44.688786,,,,,,
1783538021.891,4334431.0,9362.01,44.689362,,,,,,
1783538021.892,4334436.0,9361.876,44.689747,,,,,,
1783538021.893,4334441.0,9361.24,44.694206,,,,,,
1783538021.894,4334446.0,9360.604,44.696041,,,,,,
1783538021.895,4334451.0,9361.541,44.693336,,,,,,
1783538021.896,4334456.0,9360.806,44.692841,,,,,,
1783538021.897,4334461.0,9359.569,44.696415,,,,,,
1783538021.899,4334466.0,9358.5,44.696884,,,,,,
1783538021.900,4334471.0,9358.366,44.697269,,,,,,
1783538021.901,4334476.0,9357.197,44.700645,,,,,,
1783538021.902,4334481.0,9356.696,44.704716,,,,,,
1783538021.903,4334486.0,9357.264,44.703075,,,,,,
1783538021.904,4334491.0,9357.631,44.707253,,,,,,
1783538021.905,4334496.0,9357.029,44.711613,,,,,,
1783538021.906,4334501.0,9357.564,44.710064,,,,,,
1783538021.907,4334506.0,9357.564,44.710064,,,,,,
1783538021.908,4334511.0,9356.662,44.71529,,,,,,
1783538021.909,4334516.0,9356.462,44.715866,,,,,,
1783538021.910,4334521.0,9356.696,44.715191,,,,,,
1783538021.910,4334526.0,9355.16,44.722244,,,,,,
1783538021.912,4334531.0,9354.793,44.725929,,,,,,
1783538021.913,4334536.0,9355.326,44.724388,,,,,,
1783538021.914,4334541.0,9354.792,44.725929,,,,,,
1783538021.915,4334546.0,9354.291,44.727379,,,,,,
1783538021.916,4334551.0,9355.961,44.722553,,,,,,
1783538021.917,4334556.0,9356.028,44.722359,,,,,,
1783538021.918,4334561.0,9355.193,44.727386,,,,,,
1783538021.919,4334566.0,9355.26,44.729816,,,,,,
1783538021.920,4334571.0,9355.527,44.731663,,,,,,
1783538022.026,4334576.0,9353.958,44.738815,,,,,,
1783538022.026,4334581.0,9352.99,44.744232,,,,,,
1783538022.027,4334586.0,9353.156,44.743752,,,,,,
1783538022.027,4334591.0,9352.956,44.744331,,,,,,
1783538022.027,4334596.0,9352.021,44.747032,,,,,,
1783538022.028,4334601.0,9352.356,44.746063,,,,,,
1783538022.028,4334606.0,9352.557,44.745483,,,,,,
1783538022.029,4334611.0,9351.222,44.751961,,,,,,
1783538022.029,4334616.0,9350.922,44.755444,,,,,,
1783538022.029,4334621.0,9350.787,44.758453,,,,,,
1783538022.030,4334626.0,9348.755,44.766949,,,,,,
1783538022.030,4334631.0,9348.321,44.770821,,,,,,
1783538022.030,4334636.0,9348.688,44.76976,,,,,,
1783538022.031,4334641.0,9347.787,44.772362,,,,,,
1783538022.031,4334646.0,9347.354,44.773617,,,,,,
1783538022.031,4334651.0,9348.755,44.769566,,,,,,
1783538022.032,4334656.0,9347.955,44.771877,,,,,,
1783538022.032,4334661.0,9347.122,44.774284,,,,,,
1783538022.032,4334666.0,9346.888,44.774963,,,,,,
1783538022.033,4334671.0,9346.255,44.776791,,,,,,
1783538022.033,4334676.0,9344.222,44.782665,,,,,,
1783538022.033,4334681.0,9343.789,44.783916,,,,,,
1783538022.035,4334686.0,9343.623,44.784393,,,,,,
1783538022.229,4334691.0,9343.022,44.786129,,,,,,
1783538022.230,4334696.0,9342.391,44.790577,,,,,,
1783538022.231,4334701.0,9342.99,44.791466,,,,,,
1783538022.231,4334706.0,9341.893,44.797256,,,,,,
1783538022.232,4334711.0,9340.826,44.800335,,,,,,
1783538022.233,4334716.0,9340.959,44.79995,,,,,,
1783538022.234,4334721.0,9340.561,44.798481,,,,,,
1783538022.235,4334726.0,9339.329,44.802044,,,,,,
1783538022.236,4334731.0,9339.029,44.80291,,,,,,
1783538022.236,4334736.0,9338.896,44.805916,,,,,,
1783538022.237,4334741.0,9337.599,44.812283,,,,,,
1783538022.238,4334746.0,9337.266,44.815865,,,,,,
1783538022.239,4334751.0,9337.964,44.816463,,,,,,
1783538022.240,4334756.0,9338.097,44.816082,,,,,,
1783538022.241,4334761.0,9337.365,44.820816,,,,,,
1783538022.241,4334766.0,9337.732,44.822372,,,,,,
1783538022.242,4334771.0,9337.167,44.826622,,,,,,
1783538022.243,4334776.0,9335.67,44.830952,,,,,,
1783538022.244,4334781.0,9335.37,44.834438,,,,,,
1783538022.245,4334786.0,9335.969,44.832706,,,,,,
1783538022.246,4334791.0,9335.67,44.833572,,,,,,
1783538022.246,4334796.0,9336.068,44.835045,,,,,,
1783538022.247,4334801.0,9337.033,44.832256,,,,,,
1783538022.248,4334806.0,9336.733,44.833122,,,,,,
1783538022.249,4334811.0,9336.036,44.837757,,,,,,
1783538022.250,4334816.0,9335.604,44.839012,,,,,,
1783538022.250,4334821.0,9335.104,44.84045,,,,,,
1783538022.251,4334826.0,9334.373,44.845188,,,,,,
1783538022.252,4334831.0,9334.673,44.846943,,,,,,
1783538022.253,4334836.0,9334.806,44.846554,,,,,,
1783538022.253,4334841.0,9334.54,44.849949,,,,,,
1783538022.254,4334846.0,9333.908,44.851772,,,,,,
1783538022.255,4334851.0,9334.839,44.849083,,,,,,
1783538022.256,4334856.0,9334.772,44.849277,,,,,,
1783538022.256,4334861.0,9333.908,44.854393,,,,,,
1783538022.257,4334866.0,9333.81,44.854679,,,,,,
1783538022.259,4334871.0,9334.175,44.856247,,,,,,
1783538022.260,4334876.0,9332.181,44.862007,,,,,,
1783538022.260,4334881.0,9331.682,44.863453,,,,,,
1783538022.261,4334886.0,9332.146,44.862106,,,,,,
1783538022.262,4334891.0,9331.98,44.862587,,,,,,
1783538022.263,4334896.0,9331.183,44.864895,,,,,,
1783538022.264,4334901.0,9332.445,44.863865,,,,,,
1783538022.265,4334906.0,9332.247,44.86705,,,,,,
1783538022.265,4334911.0,9331.151,44.872845,,,,,,
1783538022.266,4334916.0,9330.853,44.878952,,,,,,
1783538022.389,4334921.0,9330.951,44.881283,,,,,,
1783538022.390,4334926.0,9329.424,44.885696,,,,,,
1783538022.391,4334931.0,9329.291,44.886078,,,,,,
1783538022.392,4334936.0,9330.121,44.883682,,,,,,
1783538022.392,4334941.0,9329.854,44.884453,,,,,,
1783538022.393,4334946.0,9329.922,44.884258,,,,,,
1783538022.394,4334951.0,9330.786,44.88438,,,,,,
1783538022.395,4334956.0,9330.719,44.887196,,,,,,
1783538022.395,4334961.0,9329.191,44.891609,,,,,,
1783538022.396,4334966.0,9328.893,44.892471,,,,,,
1783538022.397,4334971.0,9328.76,44.892857,,,,,,
1783538022.397,4334976.0,9327.1,44.897655,,,,,,
1783538022.398,4334981.0,9326.569,44.896564,,,,,,
1783538022.399,4334986.0,9327.333,44.891735,,,,,,
1783538022.399,4334991.0,9326.569,44.893944,,,,,,
1783538022.400,4334996.0,9325.309,44.897587,,,,,,
1783538022.401,4335001.0,9326.138,44.895191,,,,,,
1783538022.401,4335006.0,9325.01,44.898453,,,,,,
1783538022.402,4335011.0,9323.551,44.902664,,,,,,
1783538022.403,4335016.0,9322.954,44.904392,,,,,,
1783538022.403,4335021.0,9321.827,44.905029,,,,,,
1783538022.404,4335026.0,9319.606,44.908821,,,,,,
1783538022.405,4335031.0,9319.175,44.910069,,,,,,
1783538022.405,4335036.0,9319.374,44.909496,,,,,,
1783538022.406,4335041.0,9318.546,44.909267,,,,,,
1783538022.407,4335046.0,9318.349,44.907219,,,,,,
1783538022.407,4335051.0,9319.143,44.904926,,,,,,
1783538022.408,4335056.0,9318.216,44.907604,,,,,,
1783538022.613,4335061.0,9317.155,44.91066,,,,,,
1783538022.614,4335066.0,9317.222,44.910473,,,,,,
1783538022.614,4335071.0,9316.659,44.914719,,,,,,
1783538022.615,4335076.0,9315.104,44.919212,,,,,,
1783538022.616,4335081.0,9315.367,44.915836,,,,,,
1783538022.617,4335086.0,9315.666,44.91497,,,,,,
1783538022.617,4335091.0,9315.533,44.915356,,,,,,
1783538022.618,4335096.0,9316.228,44.913342,,,,,,
1783538022.619,4335101.0,9317.584,44.909424,,,,,,
1783538022.620,4335106.0,9317.485,44.912331,,,,,,
1783538022.620,4335111.0,9317.188,44.913193,,,,,,
1783538022.621,4335116.0,9317.154,44.913288,,,,,,
1783538022.622,4335121.0,9316.924,44.913956,,,,,,
1783538022.622,4335126.0,9315.533,44.917973,,,,,,
1783538022.623,4335131.0,9315.632,44.917686,,,,,,
1783538022.624,4335136.0,9315.632,44.917686,,,,,,
1783538022.624,4335141.0,9315.731,44.9174,,,,,,
1783538022.625,4335146.0,9315.566,44.91526,,,,,,
1783538022.625,4335151.0,9316.361,44.912964,,,,,,
1783538022.626,4335156.0,9315.665,44.914974,,,,,,
1783538022.627,4335161.0,9314.904,44.914547,,,,,,
1783538022.627,4335166.0,9314.639,44.915318,,,,,,
1783538022.628,4335171.0,9314.838,44.917366,,,,,,
1783538022.629,4335176.0,9313.846,44.920223,,,,,,
1783538022.629,4335181.0,9312.919,44.920288,,,,,,
1783538022.630,4335186.0,9313.382,44.921574,,,,,,
1783538022.631,4335191.0,9313.084,44.919807,,,,,,
1783538022.631,4335196.0,9312.654,44.918434,,,,,,
1783538022.632,4335201.0,9313.514,44.913326,,,,,,
1783538022.632,4335206.0,9314.076,44.911701,,,,,,
1783538022.758,4335211.0,9313.745,44.912655,0.261976,205.992554,4335209.5,57.634819,,
1783538022.760,4335333.0,9316.463,44.907429,,,,,,
1783538022.761,4335338.0,9319.347,44.901711,,,,,,
1783538022.763,4335343.0,9320.407,44.901268,,,,,,
1783538022.764,4335348.0,9323.554,44.894798,,,,,,
1783538022.766,4335353.0,9326.304,44.886848,,,,,,
1783538022.767,4335358.0,9326.172,44.884613,,,,,,
1783538022.768,4335363.0,9325.938,44.882664,,,,,,
1783538022.768,4335368.0,9327.331,44.878639,,,,,,
1783538022.769,4335373.0,9327.266,44.87883,,,,,,
1783538022.770,4335378.0,9327.199,44.879021,,,,,,
1783538022.771,4335383.0,9327.266,44.881451,,,,,,
1783538022.772,4335388.0,9327.729,44.882729,,,,,,
1783538022.772,4335393.0,9327.166,44.884357,,,,,,
1783538022.773,4335398.0,9328.162,44.881481,,,,,,
1783538022.774,4335403.0,9329.191,44.875889,,,,,,
1783538022.776,4335408.0,9330.021,44.873489,,,,,,
1783538022.779,4335413.0,9330.553,44.871956,,,,,,
1783538022.780,4335418.0,9332.213,44.864532,,,,,,
1783538022.781,4335423.0,9332.18,44.862011,,,,,,
1783538022.782,4335428.0,9332.346,44.861534,,,,,,
1783538022.783,4335433.0,9332.812,44.857563,,,,,,
1783538022.994,4335438.0,9333.276,44.8536,,,,,,
1783538022.995,4335443.0,9332.745,44.855133,,,,,,
1783538022.996,4335448.0,9333.543,44.852829,,,,,,
1783538022.997,4335453.0,9334.507,44.850044,,,,,,
1783538022.997,4335458.0,9334.54,44.849949,,,,,,
1783538022.998,4335463.0,9334.373,44.85043,,,,,,
1783538022.999,4335468.0,9335.902,44.848633,,,,,,
1783538023.000,4335473.0,9336.302,44.847477,,,,,,
1783538023.000,4335478.0,9336.168,44.850487,,,,,,
1783538023.001,4335483.0,9336.768,44.848751,,,,,,
1783538023.002,4335488.0,9337.731,44.84597,,,,,,
1783538023.002,4335493.0,9337.398,44.844307,,,,,,
1783538023.003,4335498.0,9337.864,44.842964,,,,,,
1783538023.004,4335503.0,9339.295,44.836208,,,,,,
1783538023.004,4335508.0,9340.727,44.832069,,,,,,
1783538023.005,4335513.0,9341.292,44.833057,,,,,,
1783538023.006,4335518.0,9343.456,44.826805,,,,,,
1783538023.007,4335523.0,9344.389,44.824108,,,,,,
1783538023.007,4335528.0,9344.189,44.824684,,,,,,
1783538023.008,4335533.0,9344.356,44.826828,,,,,,
1783538023.008,4335538.0,9345.688,44.822979,,,,,,
1783538023.009,4335543.0,9345.354,44.826565,,,,,,
1783538023.010,4335548.0,9345.922,44.827541,,,,,,
1783538023.011,4335553.0,9346.954,44.827179,,,,,,
1783538023.012,4335558.0,9347.187,44.826508,,,,,,
1783538023.013,4335563.0,9347.154,44.826603,,,,,,
1783538023.014,4335568.0,9348.521,44.820034,,,,,,
1783538023.014,4335573.0,9348.787,44.816643,,,,,,
1783538023.015,4335578.0,9349.154,44.812965,,,,,,
1783538023.016,4335583.0,9350.489,44.809105,,,,,,
1783538023.016,4335588.0,9351.289,44.806797,,,,,,
1783538023.017,4335593.0,9350.722,44.81105,,,,,,
1783538023.018,4335598.0,9351.556,44.808647,,,,,,
1783538023.018,4335603.0,9352.289,44.806522,,,,,,
1783538023.019,4335608.0,9352.924,44.802071,,,,,,
1783538023.019,4335613.0,9352.822,44.79974,,,,,,
1783538023.020,4335618.0,9354.125,44.793354,,,,,,
1783538023.021,4335623.0,9354.459,44.792389,,,,,,
1783538023.021,4335628.0,9354.692,44.791718,,,,,,
1783538023.022,4335633.0,9354.592,44.792007,,,,,,
1783538023.023,4335638.0,9356.061,44.787762,,,,,,
1783538023.023,4335643.0,9355.526,44.791927,,,,,,
1783538023.024,4335648.0,9356.229,44.789898,,,,,,
1783538023.024,4335653.0,9357.765,44.785458,,,,,,
1783538023.025,4335658.0,9358.834,44.782368,,,,,,
1783538023.026,4335663.0,9359.002,44.781883,,,,,,
1783538023.027,4335668.0,9361.676,44.771538,,,,,,
1783538023.027,4335673.0,9362.544,44.769028,,,,,,
1783538023.028,4335678.0,9362.846,44.770779,,,,,,
1783538023.139,4335683.0,9363.447,44.769039,,,,,,
1783538023.140,4335688.0,9364.685,44.765465,,,,,,
1783538023.140,4335693.0,9363.647,44.768459,,,,,,
1783538023.142,4335698.0,9363.982,44.767494,,,,,,
1783538023.144,4335703.0,9364.885,44.762264,,,,,,
1783538023.144,4335708.0,9365.388,44.760811,,,,,,
1783538023.145,4335713.0,9365.354,44.76091,,,,,,
1783538023.146,4335718.0,9366.792,44.754131,,,,,,
1783538023.146,4335723.0,9367.261,44.752777,,,,,,
1783538023.147,4335728.0,9366.625,44.754616,,,,,,
1783538023.148,4335733.0,9366.793,44.751507,,,,,,
1783538023.148,4335738.0,9366.76,44.751606,,,,,,
1783538023.149,4335743.0,9365.956,44.75655,,,,,,
1783538023.149,4335748.0,9366.625,44.751991,,,,,,
1783538023.150,4335753.0,9367.495,44.746857,,,,,,
1783538023.151,4335758.0,9367.563,44.746662,,,,,,
1783538023.151,4335763.0,9367.161,44.74258,,,,,,
1783538023.152,4335768.0,9367.496,44.736374,,,,,,
1783538023.152,4335773.0,9366.558,44.736465,,,,,,
1783538023.153,4335778.0,9365.923,44.738297,,,,,,
1783538023.154,4335783.0,9365.956,44.73558,,,,,,
1783538023.154,4335788.0,9366.625,44.733646,,,,,,
1783538023.155,4335793.0,9366.057,44.735291,,,,,,
1783538023.156,4335798.0,9366.224,44.734806,,,,,,
1783538023.156,4335803.0,9366.625,44.73103,,,,,,
1783538023.157,4335808.0,9366.458,44.73151,,,,,,
1783538023.379,4335813.0,9366.458,44.73151,,,,,,
1783538023.380,4335818.0,9367.83,44.727547,,,,,,
1783538023.381,4335823.0,9368.266,44.726288,,,,,,
1783538023.382,4335828.0,9368.199,44.726482,,,,,,
1783538023.382,4335833.0,9368.901,44.724453,,,,,,
1783538023.383,4335838.0,9369.338,44.72057,,,,,,
1783538023.384,4335843.0,9369.036,44.721443,,,,,,
1783538023.385,4335848.0,9369.94,44.71883,,,,,,
1783538023.386,4335853.0,9371.18,44.715248,,,,,,
1783538023.387,4335858.0,9371.884,44.713215,,,,,,
1783538023.387,4335863.0,9372.889,44.712929,,,,,,
1783538023.388,4335868.0,9374.564,44.708088,,,,,,
1783538023.389,4335873.0,9374.766,44.707508,,,,,,
1783538023.390,4335878.0,9374.531,44.708183,,,,,,
1783538023.391,4335883.0,9375.402,44.705666,,,,,,
1783538023.391,4335888.0,9375.638,44.704987,,,,,,
1783538023.392,4335893.0,9373.76,44.710415,,,,,,
1783538023.393,4335898.0,9374.666,44.707794,,,,,,
1783538023.394,4335903.0,9375.403,44.703045,,,,,,
1783538023.395,4335908.0,9374.699,44.702457,,,,,,
1783538023.396,4335913.0,9374.432,44.700611,,,,,,
1783538023.396,4335918.0,9375.805,44.694027,,,,,,
1783538023.397,4335923.0,9375.369,44.692661,,,,,,
1783538023.398,4335928.0,9374.498,44.695179,,,,,,
1783538023.399,4335933.0,9374.933,44.691307,,,,,,
1783538023.399,4335938.0,9374.967,44.688587,,,,,,
1783538023.400,4335943.0,9374.129,44.688393,,,,,,
1783538023.401,4335948.0,9373.928,44.688969,,,,,,
1783538023.402,4335953.0,9374.599,44.687027,,,,,,
1783538023.403,4335958.0,9374.363,44.687706,,,,,,
1783538023.403,4335963.0,9374.33,44.687813,,,,,,
1783538023.404,4335968.0,9375.604,44.684132,,,,,,
1783538023.405,4335973.0,9375.402,44.682091,,,,,,
1783538023.406,4335978.0,9374.766,44.681313,,,,,,
1783538023.407,4335983.0,9374.9,44.680923,,,,,,
1783538023.408,4335988.0,9375.436,44.679375,,,,,,
1783538023.408,4335993.0,9374.698,44.681507,,,,,,
1783538023.409,4335998.0,9375.201,44.680054,,,,,,
1783538023.410,4336003.0,9376.644,44.675884,,,,,,
1783538023.412,4336008.0,9376.644,44.675884,,,,,,
1783538023.413,4336013.0,9376.442,44.676468,,,,,,
1783538023.414,4336018.0,9377.986,44.672005,,,,,,
1783538023.414,4336023.0,9378.119,44.671619,,,,,,
1783538023.415,4336028.0,9377.349,44.673847,,,,,,
1783538023.416,4336033.0,9377.684,44.672878,,,,,,
1783538023.417,4336038.0,9378.287,44.673752,,,,,,
1783538023.418,4336043.0,9377.214,44.67947,,,,,,
1783538023.418,4336048.0,9377.414,44.681511,,,,,,
1783538023.419,4336053.0,9377.919,44.682678,,,,,,
1783538023.420,4336058.0,9378.689,44.68045,,,,,,
1783538023.421,4336063.0,9379.563,44.675308,,,,,,
1783538023.422,4336068.0,9381.207,44.667938,,,,,,
1783538023.422,4336073.0,9382.047,44.665508,,,,,,
1783538023.543,4336078.0,9382.214,44.665024,,,,,,
1783538023.544,4336083.0,9382.448,44.664345,,,,,,
1783538023.545,4336088.0,9382.214,44.665031,,,,,,
1783538023.546,4336093.0,9381.14,44.668133,,,,,,
1783538023.547,4336098.0,9381.342,44.667545,,,,,,
1783538023.547,4336103.0,9382.482,44.661629,,,,,,
1783538023.548,4336108.0,9382.617,44.663857,,,,,,
1783538023.549,4336113.0,9383.256,44.664635,,,,,,
1783538023.549,4336118.0,9384.666,44.663177,,,,,,
1783538023.550,4336123.0,9384.699,44.663086,,,,,,
1783538023.551,4336128.0,9384.732,44.665607,,,,,,
1783538023.551,4336133.0,9385.203,44.664246,,,,,,
1783538023.552,4336138.0,9385.236,44.661533,,,,,,
1783538023.553,4336143.0,9383.994,44.665123,,,,,,
1783538023.553,4336148.0,9384.363,44.664059,,,,,,
1783538023.554,4336153.0,9384.801,44.660172,,,,,,
1783538023.554,4336158.0,9384.834,44.657459,,,,,,
1783538023.555,4336163.0,9385.07,44.659393,,,,,,
1783538023.556,4336168.0,9386.648,44.654835,,,,,,
1783538023.557,4336173.0,9386.716,44.654636,,,,,,
1783538023.557,4336178.0,9386.011,44.656677,,,,,,
1783538023.558,4336183.0,9385.977,44.659397,,,,,,
1783538023.558,4336188.0,9385.909,44.659592,,,,,,
1783538023.559,4336193.0,9385.271,44.66143,,,,,,
1783538023.560,4336198.0,9385.54,44.660656,,,,,,
1783538023.560,4336203.0,9386.245,44.661236,,,,,,
1783538023.562,4336208.0,9386.817,44.659584,,,,,,
1783538023.563,4336213.0,9386.85,44.659489,,,,,,
1783538023.795,4336218.0,9387.32,44.658131,,,,,,
1783538023.797,4336223.0,9387.153,44.658611,,,,,,
1783538023.798,4336228.0,9386.515,44.660458,,,,,,
1783538023.798,4336233.0,9386.279,44.661137,,,,,,
1783538023.799,4336238.0,9386.447,44.658035,,,,,,
1783538023.800,4336243.0,9385.573,44.65794,,,,,,
1783538023.801,4336248.0,9385.674,44.65765,,,,,,
1783538023.802,4336253.0,9386.447,44.655415,,,,,,
1783538023.802,4336258.0,9386.078,44.656479,,,,,,
1783538023.803,4336263.0,9386.01,44.659298,,,,,,
1783538023.804,4336268.0,9387.589,44.657352,,,,,,
1783538023.805,4336273.0,9387.456,44.657738,,,,,,
1783538023.806,4336278.0,9387.455,44.657742,,,,,,
1783538023.807,4336283.0,9388.297,44.657928,,,,,,
1783538023.807,4336288.0,9388.935,44.656086,,,,,,
1783538023.808,4336293.0,9388.263,44.658028,,,,,,
1783538023.809,4336298.0,9389.474,44.65715,,,,,,
1783538023.810,4336303.0,9390.18,44.657726,,,,,,
1783538023.811,4336308.0,9389.877,44.655983,,,,,,
1783538023.812,4336313.0,9390.214,44.657627,,,,,,
1783538023.813,4336318.0,9391.29,44.654518,,,,,,
1783538023.813,4336323.0,9390.482,44.656849,,,,,,
1783538023.814,4336328.0,9390.146,44.655205,,,,,,
1783538023.815,4336333.0,9390.854,44.65316,,,,,,
1783538023.816,4336338.0,9390.953,44.652874,,,,,,
1783538023.817,4336343.0,9390.382,44.654526,,,,,,
1783538023.818,4336348.0,9391.223,44.652096,,,,,,
1783538023.818,4336353.0,9392.165,44.651989,,,,,,
1783538023.819,4336358.0,9392.131,44.652088,,,,,,
1783538023.820,4336363.0,9392.736,44.650337,,,,,,
1783538023.821,4336368.0,9394.117,44.648968,,,,,,
1783538023.822,4336373.0,9394.05,44.649162,,,,,,
1783538023.824,4336378.0,9393.748,44.650036,,,,,,
1783538023.824,4336383.0,9394.15,44.648872,,,,,,
1783538023.825,4336388.0,9394.186,44.648769,,,,,,
1783538023.826,4336393.0,9393.241,44.651501,,,,,,
1783538023.827,4336398.0,9394.05,44.649162,,,,,,
1783538023.828,4336403.0,9394.656,44.647411,,,,,,
1783538023.829,4336408.0,9394.824,44.649548,,,,,,
1783538023.830,4336413.0,9394.992,44.649059,,,,,,
1783538023.831,4336418.0,9396.271,44.645363,,,,,,
1783538023.832,4336423.0,9396.475,44.647392,,,,,,
1783538023.832,4336428.0,9396.609,44.649624,,,,,,
1783538023.833,4336433.0,9396.575,44.649723,,,,,,
1783538023.834,4336438.0,9396.912,44.651371,,,,,,
1783538023.835,4336443.0,9396.239,44.65332,,,,,,
1783538023.836,4336448.0,9396.71,44.649334,,,,,,
1783538023.837,4336453.0,9397.047,44.645744,,,,,,
1783538023.838,4336458.0,9397.587,44.646801,,,,,,
1783538023.839,4336463.0,9397.89,44.645927,,,,,,
1783538023.839,4336468.0,9398.664,44.646305,,,,,,
1783538023.840,4336473.0,9398.462,44.649509,,,,,,
1783538023.842,4336478.0,9398.293,44.652618,,,,,,
1783538023.842,4336483.0,9398.26,44.652714,,,,,,
1783538023.843,4336488.0,9397.519,44.654858,,,,,,
1783538023.844,4336493.0,9396.777,44.654381,,,,,,
1783538023.972,4336498.0,9396.407,44.652836,,,,,,
1783538023.973,4336503.0,9396.271,44.653225,,,,,,
1783538023.974,4336508.0,9396.508,44.649918,,,,,,
1783538023.974,4336513.0,9396.778,44.649136,,,,,,
1783538023.975,4336518.0,9397.081,44.650883,,,,,,
1783538023.976,4336523.0,9397.08,44.650883,,,,,,
1783538023.977,4336528.0,9396.239,44.650696,,,,,,
1783538023.978,4336533.0,9395.7,44.652256,,,,,,
1783538023.978,4336538.0,9395.7,44.649632,,,,,,
1783538023.979,4336543.0,9394.657,44.650028,,,,,,
1783538023.980,4336548.0,9393.881,44.652271,,,,,,
1783538023.981,4336553.0,9394.15,44.648872,,,,,,
1783538023.981,4336558.0,9393.882,44.649647,,,,,,
1783538023.982,4336563.0,9392.973,44.649654,,,,,,
1783538023.983,4336568.0,9393.545,44.648003,,,,,,
1783538023.983,4336573.0,9393.848,44.647125,,,,,,
1783538023.984,4336578.0,9393.073,44.651985,,,,,,
1783538023.984,4336583.0,9393.143,44.649162,,,,,,
1783538023.985,4336588.0,9393.208,44.651596,,,,,,
1783538023.986,4336593.0,9392.299,44.654224,,,,,,
1783538023.987,4336598.0,9392.131,44.652088,,,,,,
1783538023.987,4336603.0,9393.275,44.646164,,,,,,
1783538023.988,4336608.0,9392.604,44.650723,,,,,,
1783538023.988,4336613.0,9392.805,44.647522,,,,,,
1783538023.989,4336618.0,9393.512,44.645481,,,,,,
1783538023.990,4336623.0,9393.814,44.647224,,,,,,
1783538023.991,4336628.0,9393.275,44.651402,,,,,,
1783538023.992,4336633.0,9393.982,44.649357,,,,,,
1783538023.992,4336638.0,9393.512,44.653339,,,,,,
1783538023.993,4336643.0,9393.006,44.65218,,,,,,
1783538024.195,4336648.0,9393.377,44.648487,,,,,,
1783538024.196,4336653.0,9393.68,44.647614,,,,,,
1783538024.197,4336658.0,9393.882,44.647026,,,,,,
1783538024.198,4336663.0,9394.689,44.642078,,,,,,
1783538024.199,4336668.0,9395.431,44.642551,,,,,,
1783538024.200,4336673.0,9394.791,44.647022,,,,,,
1783538024.201,4336678.0,9394.15,44.648872,,,,,,
1783538024.202,4336683.0,9393.713,44.647514,,,,,,
1783538024.203,4336688.0,9393.344,44.651203,,,,,,
1783538024.203,4336693.0,9392.872,44.652565,,,,,,
1783538024.204,4336698.0,9392.367,44.651405,,,,,,
1783538024.205,4336703.0,9392.703,44.647816,,,,,,
1783538024.206,4336708.0,9391.861,44.650246,,,,,,
1783538024.207,4336713.0,9390.517,44.651516,,,,,,
1783538024.208,4336718.0,9389.877,44.650742,,,,,,
1783538024.209,4336723.0,9389.508,44.65181,,,,,,
1783538024.210,4336728.0,9388.532,44.654629,,,,,,
1783538024.212,4336733.0,9388.128,44.655796,,,,,,
1783538024.212,4336738.0,9388.768,44.651329,,,,,,
1783538024.213,4336743.0,9387.994,44.650944,,,,,,
1783538024.214,4336748.0,9387.725,44.651722,,,,,,
1783538024.215,4336753.0,9387.589,44.649494,,,,,,
1783538024.215,4336758.0,9387.455,44.647263,,,,,,
1783538024.216,4336763.0,9386.783,44.649212,,,,,,
1783538024.217,4336768.0,9387.925,44.645908,,,,,,
1783538024.217,4336773.0,9387.658,44.646675,,,,,,
1783538024.218,4336778.0,9387.422,44.649975,,,,,,
1783538024.219,4336783.0,9387.69,44.649197,,,,,,
1783538024.219,4336788.0,9387.792,44.648911,,,,,,
1783538024.220,4336793.0,9387.119,44.650856,,,,,,
1783538024.221,4336798.0,9387.253,44.64785,,,,,,
1783538024.221,4336803.0,9388.128,44.6427,,,,,,
1783538024.222,4336808.0,9388.43,44.644444,,,,,,
1783538024.222,4336813.0,9388.229,44.645027,,,,,,
1783538024.223,4336818.0,9389.138,44.645016,,,,,,
1783538024.224,4336823.0,9389.641,44.646187,,,,,,
1783538024.225,4336828.0,9389.17,44.650166,,,,,,
1783538024.225,4336833.0,9388.969,44.650749,,,,,,
1783538024.226,4336838.0,9389.405,44.652103,,,,,,
1783538024.227,4336843.0,9388.901,44.653561,,,,,,
1783538024.227,4336848.0,9389.137,44.652882,,,,,,
1783538024.228,4336853.0,9390.18,44.647251,,,,,,
1783538024.229,4336858.0,9390.818,44.645405,,,,,,
1783538024.229,4336863.0,9391.391,44.643753,,,,,,
1783538024.230,4336868.0,9392.333,44.641026,,,,,,
1783538024.230,4336873.0,9392.67,44.640053,,,,,,
1783538024.231,4336878.0,9391.896,44.644905,,,,,,
1783538024.232,4336883.0,9391.459,44.646172,,,,,,
1783538024.359,4336888.0,9391.627,44.645687,,,,,,
1783538024.360,4336893.0,9390.886,44.647827,,,,,,
1783538024.361,4336898.0,9390.549,44.6488,,,,,,
1783538024.362,4336903.0,9391.357,44.646465,,,,,,
1783538024.363,4336908.0,9391.659,44.645592,,,,,,
1783538024.363,4336913.0,9391.189,44.64695,,,,,,
1783538024.364,4336918.0,9391.761,44.645298,,,,,,
1783538024.364,4336923.0,9391.862,44.645004,,,,,,
1783538024.365,4336928.0,9390.953,44.647633,,,,,,
1783538024.366,4336933.0,9391.357,44.646465,,,,,,
1783538024.367,4336938.0,9391.862,44.647625,,,,,,
1783538024.367,4336943.0,9390.92,44.650349,,,,,,
1783538024.368,4336948.0,9391.055,44.64996,,,,,,
1783538024.370,4336953.0,9392.097,44.64695,,,,,,
1783538024.371,4336958.0,9392.198,44.646656,,,,,,
1783538024.372,4336963.0,9392.266,44.646461,,,,,,
1783538024.373,4336968.0,9393.511,44.645485,,,,,,
1783538024.374,4336973.0,9392.535,44.648304,,,,,,
1783538024.375,4336978.0,9391.964,44.652569,,,,,,
1783538024.377,4336983.0,9392.031,44.652374,,,,,,
1783538024.378,4336988.0,9391.963,44.649956,,,,,,
1783538024.378,4336993.0,9391.189,44.652191,,,,,,
1783538024.379,4336998.0,9391.963,44.652573,,,,,,
1783538024.380,4337003.0,9392.939,44.649754,,,,,,
1783538024.381,4337008.0,9392.974,44.652271,,,,,,
1783538024.381,4337013.0,9393.242,44.654118,,,,,,
1783538024.382,4337018.0,9394.556,44.650322,,,,,,
1783538024.383,4337023.0,9394.758,44.649738,,,,,,
1783538024.384,4337028.0,9394.622,44.650131,,,,,,
1783538024.385,4337033.0,9394.925,44.649254,,,,,,
1783538024.595,4337038.0,9395.498,44.647598,,,,,,
1783538024.596,4337043.0,9394.555,44.650326,,,,,,
1783538024.597,4337048.0,9395.127,44.64867,,,,,,
1783538024.598,4337053.0,9395.868,44.64653,,,,,,
1783538024.599,4337058.0,9396.677,44.644192,,,,,,
1783538024.600,4337063.0,9396.947,44.64341,,,,,,
1783538024.601,4337068.0,9398.294,44.642136,,,,,,
1783538024.602,4337073.0,9399.17,44.642227,,,,,,
1783538024.603,4337078.0,9398.396,44.644463,,,,,,
1783538024.603,4337083.0,9397.957,44.645733,,,,,,
1783538024.604,4337088.0,9397.283,44.650303,,,,,,
1783538024.605,4337093.0,9396.003,44.651379,,,,,,
1783538024.606,4337098.0,9395.498,44.650215,,,,,,
1783538024.607,4337103.0,9396.205,44.648178,,,,,,
1783538024.609,4337108.0,9396.273,44.647976,,,,,,
1783538024.610,4337113.0,9396.373,44.645069,,,,,,
1783538024.610,4337118.0,9397.755,44.643696,,,,,,
1783538024.611,4337123.0,9397.755,44.643696,,,,,,
1783538024.612,4337128.0,9396.811,44.649044,,,,,,
1783538024.613,4337133.0,9397.014,44.651077,,,,,,
1783538024.614,4337138.0,9398.025,44.650768,,,,,,
1783538024.615,4337143.0,9397.688,44.651749,,,,,,
1783538024.615,4337148.0,9398.563,44.65184,,,,,,
1783538024.616,4337153.0,9399.573,44.648918,,,,,,
1783538024.617,4337158.0,9399.81,44.648235,,,,,,
1783538024.618,4337163.0,9400.012,44.647652,,,,,,
1783538024.619,4337168.0,9400.754,44.648132,,,,,,
1783538024.620,4337173.0,9400.956,44.647549,,,,,,
1783538024.621,4337178.0,9401.058,44.649876,,,,,,
1783538024.622,4337183.0,9401.799,44.650356,,,,,,
1783538024.623,4337188.0,9402.405,44.648602,,,,,,
1783538024.624,4337193.0,9401.968,44.649872,,,,,,
1783538024.625,4337198.0,9402.204,44.651806,,,,,,
1783538024.626,4337203.0,9403.521,44.645378,,,,,,
1783538024.627,4337208.0,9403.756,44.644703,,,,,,
1783538024.628,4337213.0,9403.182,44.648983,,,,,,
1783538024.629,4337218.0,9404.193,44.646061,,,,,,
1783538024.630,4337223.0,9404.328,44.645668,,,,,,
1783538024.631,4337228.0,9402.776,44.652775,,,,,,
1783538024.632,4337233.0,9402.878,44.652481,,,,,,
1783538024.634,4337238.0,9403.316,44.651215,,,,,,
1783538024.634,4337243.0,9402.17,44.654526,,,,,,
1783538024.635,4337248.0,9401.495,44.653858,,,,,,
1783538024.636,4337253.0,9402.339,44.648796,,,,,,
1783538024.637,4337258.0,9401.665,44.648121,,,,,,
1783538024.638,4337263.0,9400.552,44.648716,,,,,,
1783538024.638,4337268.0,9401.158,44.641724,,,,,,
1783538024.639,4337273.0,9400.956,44.63969,,,,,,
1783538024.640,4337278.0,9399.338,44.644367,,,,,,
1783538024.641,4337283.0,9398.665,44.643684,,,,,,
1783538024.642,4337288.0,9398.361,44.641941,,,,,,
1783538024.643,4337293.0,9396.777,44.646523,,,,,,
1783538024.782,4337298.0,9396.475,44.647392,,,,,,
1783538024.783,4337303.0,9397.385,44.642147,,,,,,
1783538024.784,4337308.0,9396.946,44.643414,,,,,,
1783538024.785,4337313.0,9397.014,44.643219,,,,,,
1783538024.786,4337318.0,9397.316,44.642345,,,,,,
1783538024.786,4337323.0,9396.609,44.644386,,,,,,
1783538024.787,4337328.0,9394.791,44.647022,,,,,,
1783538024.788,4337333.0,9394.387,44.64819,,,,,,
1783538024.789,4337338.0,9394.319,44.645763,,,,,,
1783538024.789,4337343.0,9394.016,44.646641,,,,,,
1783538024.790,4337348.0,9394.252,44.645958,,,,,,
1783538024.792,4337353.0,9395.229,44.645756,,,,,,
1783538024.793,4337358.0,9395.464,44.645077,,,,,,
1783538024.795,4337363.0,9395.06,44.648865,,,,,,
1783538024.796,4337368.0,9395.868,44.64653,,,,,,
1783538024.797,4337373.0,9395.901,44.646435,,,,,,
1783538024.798,4337378.0,9395.7,44.647015,,,,,,
1783538024.799,4337383.0,9396.07,44.645947,,,,,,
1783538024.800,4337388.0,9396.878,44.646229,,,,,,
1783538024.801,4337393.0,9396.104,44.648468,,,,,,
1783538024.801,4337398.0,9396.069,44.648563,,,,,,
1783538024.802,4337403.0,9396.541,44.647205,,,,,,
1783538024.803,4337408.0,9396.508,44.647297,,,,,,
1783538024.804,4337413.0,9395.666,44.647114,,,,,,
1783538024.805,4337418.0,9396.003,44.646141,,,,,,
1783538024.805,4337423.0,9395.834,44.646629,,,,,,
1783538024.807,4337428.0,9395.094,44.648766,,,,,,
1783538024.807,4337433.0,9394.117,44.651588,,,,,,
1783538024.808,4337438.0,9394.521,44.6478,,,,,,
1783538024.809,4337443.0,9393.31,44.648682,,,,,,
1783538024.810,4337448.0,9393.175,44.649071,,,,,,
1783538024.811,4337453.0,9394.084,44.646442,,,,,,
1783538024.811,4337458.0,9394.453,44.645382,,,,,,
1783538024.812,4337463.0,9393.545,44.650623,,,,,,
1783538025.061,4337468.0,9394.857,44.649448,,,,,,
1783538025.063,4337473.0,9394.588,44.65023,,,,,,
1783538025.064,4337478.0,9393.31,44.651302,,,,,,
1783538025.064,4337483.0,9393.41,44.651012,,,,,,
1783538025.065,4337488.0,9394.118,44.648964,,,,,,
1783538025.066,4337493.0,9392.974,44.652271,,,,,,
1783538025.067,4337498.0,9393.176,44.651688,,,,,,
1783538025.068,4337503.0,9394.487,44.65052,,,,,,
1783538025.069,4337508.0,9394.724,44.647217,,,,,,
1783538025.070,4337513.0,9394.017,44.649258,,,,,,
1783538025.071,4337518.0,9395.094,44.643524,,,,,,
1783538025.071,4337523.0,9395.161,44.64333,,,,,,
1783538025.072,4337528.0,9394.454,44.645374,,,,,,
1783538025.073,4337533.0,9393.882,44.649647,,,,,,
1783538025.074,4337538.0,9394.588,44.64761,,,,,,
1783538025.075,4337543.0,9393.41,44.653633,,,,,,
1783538025.076,4337548.0,9393.545,44.653244,,,,,,
1783538025.077,4337553.0,9394.219,44.651295,,,,,,
1783538025.078,4337558.0,9395.162,44.648571,,,,,,
1783538025.078,4337563.0,9395.06,44.648865,,,,,,
1783538025.079,4337568.0,9396.474,44.644779,,,,,,
1783538025.080,4337573.0,9396.339,44.645168,,,,,,
1783538025.081,4337578.0,9396.002,44.648762,,,,,,
1783538025.082,4337583.0,9396.002,44.648762,,,,,,
1783538025.083,4337588.0,9396.238,44.6507,,,,,,
1783538025.083,4337593.0,9395.161,44.653809,,,,,,
1783538025.084,4337598.0,9395.362,44.655846,,,,,,
1783538025.085,4337603.0,9396.271,44.6506,,,,,,
1783538025.086,4337608.0,9395.733,44.652157,,,,,,
1783538025.087,4337613.0,9395.498,44.650219,,,,,,
1783538025.088,4337618.0,9396.812,44.64642,,,,,,
1783538025.088,4337623.0,9397.047,44.645741,,,,,,
1783538025.089,4337628.0,9395.599,44.652546,,,,,,
1783538025.091,4337633.0,9396.003,44.653996,,,,,,
1783538025.092,4337638.0,9396.339,44.653027,,,,,,
1783538025.092,4337643.0,9395.364,44.658466,,,,,,
1783538025.093,4337648.0,9395.869,44.654388,,,,,,
1783538025.094,4337653.0,9397.216,44.647873,,,,,,
1783538025.095,4337658.0,9397.115,44.645546,,,,,,
1783538025.096,4337663.0,9396.744,44.649235,,,,,,
1783538025.097,4337668.0,9397.822,44.643501,,,,,,
1783538025.097,4337673.0,9397.249,44.647778,,,,,,
1783538025.098,4337678.0,9396.07,44.653805,,,,,,
1783538025.099,4337683.0,9396.373,44.65554,,,,,,
1783538025.100,4337688.0,9396.846,44.654179,,,,,,
1783538025.101,4337693.0,9396.204,44.658653,,,,,,
1783538025.101,4337698.0,9396.373,44.658165,,,,,,
1783538025.102,4337703.0,9397.248,44.65564,,,,,,
1783538025.103,4337708.0,9396.878,44.656708,,,,,,
1783538025.104,4337713.0,9397.147,44.658554,,,,,,
1783538025.105,4337718.0,9398.193,44.655533,,,,,,
1783538025.106,4337723.0,9398.799,44.656403,,,,,,
1783538025.107,4337728.0,9398.529,44.659805,,,,,,
1783538025.108,4337733.0,9398.732,44.661839,,,,,,
1783538025.108,4337738.0,9399.002,44.661057,,,,,,
1783538025.109,4337743.0,9398.293,44.66573,,,,,,
1783538025.110,4337748.0,9398.496,44.665142,,,,,,
1783538025.111,4337753.0,9399.811,44.661346,,,,,,
1783538025.112,4337758.0,9400.281,44.659985,,,,,,
1783538025.113,4337763.0,9400.552,44.659203,,,,,,
1783538025.268,4337768.0,9401.529,44.659,,,,,,
1783538025.269,4337773.0,9401.698,44.658512,,,,,,
1783538025.271,4337778.0,9400.282,44.665226,,,,,,
1783538025.272,4337783.0,9400.113,44.66571,,,,,,
1783538025.273,4337788.0,9400.384,44.664932,,,,,,
1783538025.274,4337793.0,9399.237,44.665623,,,,,,
1783538025.275,4337798.0,9398.967,44.666405,,,,,,
1783538025.276,4337803.0,9399.81,44.663967,,,,,,
1783538025.277,4337808.0,9399.776,44.666687,,,,,,
1783538025.278,4337813.0,9398.731,44.672325,,,,,,
1783538025.279,4337818.0,9399.372,44.673096,,,,,,
1783538025.280,4337823.0,9398.866,44.674561,,,,,,
1783538025.280,4337828.0,9398.799,44.674755,,,,,,
1783538025.281,4337833.0,9399.405,44.673004,,,,,,
1783538025.282,4337838.0,9400.248,44.670559,,,,,,
1783538025.283,4337843.0,9399.271,44.673389,,,,,,
1783538025.284,4337848.0,9399.709,44.67474,,,,,,
1783538025.285,4337853.0,9399.776,44.674545,,,,,,
1783538025.286,4337858.0,9399.17,44.678925,,,,,,
1783538025.287,4337863.0,9399.17,44.678925,,,,,,
1783538025.287,4337868.0,9400.72,44.674442,,,,,,
1783538025.288,4337873.0,9401.192,44.675701,,,,,,
1783538025.289,4337878.0,9401.057,44.678711,,,,,,
1783538025.290,4337883.0,9401.631,44.679676,,,,,,
1783538025.291,4337888.0,9401.293,44.683273,,,,,,
1783538025.292,4337893.0,9400.182,44.691719,,,,,,
1783538025.293,4337898.0,9399.607,44.693378,,,,,,
1783538025.294,4337903.0,9400.552,44.690651,,,,,,
1783538025.294,4337908.0,9400.013,44.692207,,,,,,
1783538025.295,4337913.0,9400.215,44.694244,,,,,,
1783538025.296,4337918.0,9401.26,44.691227,,,,,,
1783538025.297,4337923.0,9401.192,44.694046,,,,,,
1783538025.298,4337928.0,9399.373,44.701923,,,,,,
1783538025.299,4337933.0,9399.508,44.698914,,,,,,
1783538025.299,4337938.0,9399.002,44.700375,,,,,,
1783538025.300,4337943.0,9397.721,44.704079,,,,,,
1783538025.302,4337948.0,9397.89,44.70359,,,,,,
1783538025.302,4337953.0,9398.563,44.699017,,,,,,
1783538025.545,4337958.0,9397.99,44.703297,,,,,,
1783538025.546,4337963.0,9397.248,44.705444,,,,,,
1783538025.547,4337968.0,9397.451,44.704857,,,,,,
1783538025.548,4337973.0,9395.768,44.707096,,,,,,
1783538025.548,4337978.0,9394.186,44.714291,,,,,,
1783538025.549,4337983.0,9393.479,44.716335,,,,,,
1783538025.550,4337988.0,9392.502,44.716534,,,,,,
1783538025.551,4337993.0,9390.785,44.721493,,,,,,
1783538025.552,4337998.0,9390.18,44.725868,,,,,,
1783538025.553,4338003.0,9390.045,44.723633,,,,,,
1783538025.554,4338008.0,9389.17,44.726162,,,,,,
1783538025.554,4338013.0,9388.095,44.731892,,,,,,
1783538025.555,4338018.0,9387.623,44.730629,,,,,,
1783538025.556,4338023.0,9386.549,44.731113,,,,,,
1783538025.557,4338028.0,9385.002,44.735584,,,,,,
1783538025.558,4338033.0,9384.195,44.737915,,,,,,
1783538025.559,4338038.0,9383.524,44.737232,,,,,,
1783538025.560,4338043.0,9381.543,44.745579,,,,,,
1783538025.561,4338048.0,9380.737,44.750526,,,,,,
1783538025.561,4338053.0,9380.469,44.753929,,,,,,
1783538025.562,4338058.0,9378.992,44.758194,,,,,,
1783538025.563,4338063.0,9378.689,44.761688,,,,,,
1783538025.564,4338068.0,9379.159,44.760334,,,,,,
1783538025.565,4338073.0,9378.12,44.763336,,,,,,
1783538025.565,4338078.0,9376.711,44.767406,,,,,,
1783538025.566,4338083.0,9375.906,44.769733,,,,,,
1783538025.567,4338088.0,9374.967,44.772446,,,,,,
1783538025.568,4338093.0,9373.392,44.776997,,,,,,
1783538025.569,4338098.0,9373.022,44.780685,,,,,,
1783538025.569,4338103.0,9373.157,44.782917,,,,,,
1783538025.570,4338108.0,9371.817,44.789413,,,,,,
1783538025.571,4338113.0,9370.576,44.79562,,,,,,
1783538025.572,4338118.0,9370.51,44.798435,,,,,,
1783538025.573,4338123.0,9369.472,44.801437,,,,,,
1783538025.574,4338128.0,9367.295,44.807724,,,,,,
1783538025.576,4338133.0,9366.693,44.806839,,,,,,
1783538025.577,4338138.0,9365.32,44.810806,,,,,,
1783538025.578,4338143.0,9362.979,44.817574,,,,,,
1783538025.579,4338148.0,9361.574,44.824257,,,,,,
1783538025.580,4338153.0,9360.639,44.826954,,,,,,
1783538025.581,4338158.0,9360.003,44.831413,,,,,,
1783538025.582,4338163.0,9358.833,44.834801,,,,,,
1783538025.582,4338168.0,9358.299,44.836346,,,,,,
1783538025.583,4338173.0,9356.529,44.838833,,,,,,
1783538025.584,4338178.0,9354.16,44.84568,,,,,,
1783538025.585,4338183.0,9351.857,44.85495,,,,,,
1783538025.585,4338188.0,9350.389,44.86182,,,,,,
1783538025.586,4338193.0,9348.221,44.870701,,,,,,
1783538025.587,4338198.0,9346.92,44.877083,,,,,,
1783538025.588,4338203.0,9346.921,44.879704,,,,,,
1783538025.588,4338208.0,9345.588,44.883556,,,,,,
1783538025.589,4338213.0,9343.557,44.889427,,,,,,
1783538025.590,4338218.0,9343.157,44.890579,,,,,,
1783538025.592,4338223.0,9342.357,44.892891,,,,,,
1783538025.592,4338228.0,9339.895,44.902634,,,,,,
1783538025.593,4338233.0,9338.863,44.905613,,,,,,
1783538025.594,4338238.0,9338.464,44.909389,,,,,,
1783538025.595,4338243.0,9336.501,44.917686,,,,,,
1783538025.724,4338248.0,9334.872,44.925018,,,,,,
1783538025.726,4338253.0,9334.572,44.925884,,,,,,
1783538025.726,4338258.0,9333.31,44.932159,,,,,,
1783538025.727,4338263.0,9331.947,44.938721,,,,,,
1783538025.728,4338268.0,9331.448,44.940163,,,,,,
1783538025.729,4338273.0,9330.685,44.944992,,,,,,
1783538025.731,4338278.0,9328.792,44.953083,,,,,,
1783538025.732,4338283.0,9328.096,44.957714,,,,,,
1783538025.733,4338288.0,9327.232,44.960213,,,,,,
1783538025.734,4338293.0,9325.706,44.969868,,,,,,
1783538025.735,4338298.0,9325.143,44.974121,,,,,,
1783538025.736,4338303.0,9325.308,44.976269,,,,,,
1783538025.737,4338308.0,9324.611,44.980904,,,,,,
1783538025.738,4338313.0,9323.418,44.986977,,,,,,
1783538025.739,4338318.0,9323.353,44.989788,,,,,,
1783538025.739,4338323.0,9322.158,44.995861,,,,,,
1783538025.741,4338328.0,9320.07,45.001896,,,,,,
1783538025.743,4338333.0,9318.978,45.007675,,,,,,
1783538025.744,4338338.0,9318.745,45.010971,,,,,,
1783538025.745,4338343.0,9316.526,45.020008,,,,,,
1783538025.747,4338348.0,9315.104,45.024117,,,,,,
1783538025.748,4338353.0,9315.234,45.026363,,,,,,
1783538025.749,4338358.0,9313.813,45.030472,,,,,,
1783538025.749,4338363.0,9312.059,45.038166,,,,,,
1783538025.750,4338368.0,9311.596,45.039501,,,,,,
1783538025.751,4338373.0,9310.471,45.04538,,,,,,
1783538025.752,4338378.0,9308.753,45.052967,,,,,,
1783538025.753,4338383.0,9307.827,45.060894,,,,,,
1783538025.753,4338388.0,9307.066,45.063091,,,,,,
1783538025.754,4338393.0,9305.646,45.067192,,,,,,
1783538025.755,4338398.0,9305.249,45.068344,,,,,,
1783538025.756,4338403.0,9305.051,45.068916,,,,,,
1783538025.756,4338408.0,9303.697,45.072826,,,,,,
1783538025.995,4338413.0,9302.806,45.075401,,,,,,
1783538025.996,4338418.0,9302.376,45.079269,,,,,,
1783538025.996,4338423.0,9301.386,45.08213,,,,,,
1783538025.997,4338428.0,9299.671,45.08971,,,,,,
1783538025.998,4338433.0,9299.209,45.091045,,,,,,
1783538025.999,4338438.0,9298.979,45.096958,,,,,,
1783538026.001,4338443.0,9298.582,45.098106,,,,,,
1783538026.002,4338448.0,9297.79,45.105644,,,,,,
1783538026.002,4338453.0,9298.482,45.103642,,,,,,
1783538026.003,4338458.0,9297.987,45.107697,,,,,,
1783538026.004,4338463.0,9297.493,45.106499,,,,,,
1783538026.005,4338468.0,9297.493,45.109123,,,,,,
1783538026.005,4338473.0,9296.966,45.110649,,,,,,
1783538026.006,4338478.0,9295.581,45.117275,,,,,,
1783538026.007,4338483.0,9295.845,45.119141,,,,,,
1783538026.008,4338488.0,9295.054,45.126678,,,,,,
1783538026.009,4338493.0,9293.604,45.130871,,,,,,
1783538026.010,4338498.0,9293.702,45.133209,,,,,,
1783538026.011,4338503.0,9294.229,45.134312,,,,,,
1783538026.012,4338508.0,9293.505,45.136402,,,,,,
1783538026.013,4338513.0,9293.571,45.136211,,,,,,
1783538026.014,4338518.0,9293.735,45.138363,,,,,,
1783538026.015,4338523.0,9293.636,45.138649,,,,,,
1783538026.016,4338528.0,9292.583,45.141693,,,,,,
1783538026.017,4338533.0,9292.319,45.145081,,,,,,
1783538026.018,4338538.0,9292.418,45.144798,,,,,,
1783538026.019,4338543.0,9292.385,45.147518,,,,,,
1783538026.020,4338548.0,9292.352,45.150242,,,,,,
1783538026.021,4338553.0,9293.439,45.149719,,,,,,
1783538026.022,4338558.0,9294.099,45.14782,,,,,,
1783538026.023,4338563.0,9293.504,45.154785,,,,,,
1783538026.024,4338568.0,9294.163,45.155506,,,,,,
1783538026.025,4338573.0,9294.296,45.155121,,,,,,
1783538026.026,4338578.0,9293.439,45.160221,,,,,,
1783538026.027,4338583.0,9293.637,45.159653,,,,,,
1783538026.028,4338588.0,9294.296,45.157745,,,,,,
1783538026.028,4338593.0,9294.197,45.160664,,,,,,
1783538026.029,4338598.0,9294.131,45.163479,,,,,,
1783538026.030,4338603.0,9294.855,45.161385,,,,,,
1783538026.031,4338608.0,9294.493,45.165058,,,,,,
1783538026.032,4338613.0,9294.098,45.166199,,,,,,
1783538026.033,4338618.0,9293.769,45.164524,,,,,,
1783538026.033,4338623.0,9293.835,45.16433,,,,,,
1783538026.034,4338628.0,9293.108,45.166431,,,,,,
1783538026.035,4338633.0,9293.011,45.166714,,,,,,
1783538026.036,4338638.0,9293.308,45.165855,,,,,,
1783538026.037,4338643.0,9292.748,45.167473,,,,,,
1783538026.037,4338648.0,9292.715,45.167568,,,,,,
1783538026.038,4338653.0,9292.78,45.17001,,,,,,
1783538026.039,4338658.0,9293.077,45.17178,,,,,,
1783538026.040,4338663.0,9292.417,45.176311,,,,,,
1783538026.040,4338668.0,9292.779,45.175266,,,,,,
1783538026.041,4338673.0,9291.956,45.177647,,,,,,
1783538026.042,4338678.0,9291.299,45.179543,,,,,,
1783538026.043,4338683.0,9290.673,45.17873,,,,,,
1783538026.044,4338688.0,9290.804,45.17572,,,,,,
1783538026.044,4338693.0,9290.112,45.177715,,,,,,
1783538026.165,4338698.0,9290.276,45.177242,,,,,,
1783538026.166,4338703.0,9290.376,45.174324,,,,,,
1783538026.362,4338708.0,9290.409,45.174229,0.519206,184.705856,4338701.0,114.22538,,
1783538026.363,4338830.0,9291.134,45.16951,,,,,,
1783538026.364,4338835.0,9293.011,45.161465,,,,,,
1783538026.365,4338840.0,9294.396,45.154831,,,,,,
1783538026.366,4338845.0,9295.285,45.149639,,,,,,
1783538026.367,4338850.0,9296.108,45.14201,,,,,,
1783538026.368,4338855.0,9296.67,45.140388,,,,,,
1783538026.368,4338860.0,9296.472,45.138336,,,,,,
1783538026.369,4338865.0,9296.801,45.134758,,,,,,
1783538026.370,4338870.0,9297.69,45.129559,,,,,,
1783538026.371,4338875.0,9297.921,45.128895,,,,,,
1783538026.371,4338880.0,9298.186,45.125504,,,,,,
1783538026.372,4338885.0,9299.472,45.121788,,,,,,
1783538026.373,4338890.0,9300.265,45.119495,,,,,,
1783538026.374,4338895.0,9300.462,45.118927,,,,,,
1783538026.374,4338900.0,9301.32,45.116444,,,,,,
1783538026.375,4338905.0,9302.145,45.111439,,,,,,
1783538026.376,4338910.0,9301.914,45.112106,,,,,,
1783538026.376,4338915.0,9302.145,45.111439,,,,,,
1783538026.377,4338920.0,9303.168,45.105858,,,,,,
1783538026.378,4338925.0,9302.971,45.103798,,,,,,
1783538026.379,4338930.0,9303.764,45.098885,,,,,,
1783538026.379,4338935.0,9304.392,45.094444,,,,,,
1783538026.380,4338940.0,9304.489,45.088909,,,,,,
1783538026.382,4338945.0,9303.829,45.088192,,,,,,
1783538026.383,4338950.0,9304.787,45.082798,,,,,,
1783538026.383,4338955.0,9304.721,45.082993,,,,,,
1783538026.385,4338960.0,9304.324,45.081509,,,,,,
1783538026.385,4338965.0,9304.754,45.080269,,,,,,
1783538026.386,4338970.0,9306.638,45.072201,,,,,,
1783538026.387,4338975.0,9307.198,45.067955,,,,,,
1783538026.387,4338980.0,9308.092,45.062752,,,,,,
1783538026.388,4338985.0,9310.241,45.053917,,,,,,
1783538026.389,4338990.0,9311.199,45.048523,,,,,,
1783538026.389,4338995.0,9310.505,45.050529,,,,,,
1783538026.391,4339000.0,9311.926,45.046421,,,,,,
1783538026.392,4339005.0,9313.316,45.042404,,,,,,
1783538026.394,4339010.0,9313.217,45.04269,,,,,,
1783538026.394,4339015.0,9314.806,45.038101,,,,,,
1783538026.395,4339020.0,9317.387,45.028019,,,,,,
1783538026.396,4339025.0,9317.817,45.024151,,,,,,
1783538026.396,4339030.0,9317.585,45.022198,,,,,,
1783538026.397,4339035.0,9318.977,45.015549,,,,,,
1783538026.398,4339040.0,9319.275,45.012062,,,,,,
1783538026.398,4339045.0,9319.54,45.011299,,,,,,
1783538026.399,4339050.0,9321.064,45.006893,,,,,,
1783538026.526,4339055.0,9323.087,45.001049,,,,,,
1783538026.527,4339060.0,9323.65,44.996796,,,,,,
1783538026.528,4339065.0,9325.375,44.991814,,,,,,
1783538026.529,4339070.0,9327.466,44.985771,,,,,,
1783538026.529,4339075.0,9328.826,44.981846,,,,,,
1783538026.530,4339080.0,9329.191,44.980785,,,,,,
1783538026.531,4339085.0,9331.383,44.977077,,,,,,
1783538026.531,4339090.0,9331.947,44.975445,,,,,,
1783538026.532,4339095.0,9332.014,44.975254,,,,,,
1783538026.532,4339100.0,9333.077,44.969559,,,,,,
1783538026.533,4339105.0,9335.006,44.961361,,,,,,
1783538026.534,4339110.0,9335.371,44.957684,,,,,,
1783538026.535,4339115.0,9337.001,44.950348,,,,,,
1783538026.536,4339120.0,9338.729,44.942734,,,,,,
1783538026.536,4339125.0,9339.762,44.939751,,,,,,
1783538026.537,4339130.0,9340.36,44.938023,,,,,,
1783538026.538,4339135.0,9341.824,44.933792,,,,,,
1783538026.539,4339140.0,9342.291,44.929817,,,,,,
1783538026.539,4339145.0,9342.79,44.925751,,,,,,
1783538026.540,4339150.0,9343.555,44.920918,,,,,,
1783538026.540,4339155.0,9345.288,44.913284,,,,,,
1783538026.541,4339160.0,9346.221,44.907967,,,,,,
1783538026.543,4339165.0,9347.389,44.904591,,,,,,
1783538026.544,4339170.0,9349.322,44.899002,,,,,,
1783538026.544,4339175.0,9350.221,44.896408,,,,,,
1783538026.545,4339180.0,9351.156,44.893703,,,,,,
1783538026.546,4339185.0,9352.758,44.889076,,,,,,
1783538026.547,4339190.0,9354.393,44.884354,,,,,,
1783538026.548,4339195.0,9354.927,44.882809,,,,,,
1783538026.548,4339200.0,9356.763,44.877502,,,,,,
1783538026.761,4339205.0,9357.698,44.874802,,,,,,
1783538026.763,4339210.0,9358.7,44.871906,,,,,,
1783538026.764,4339215.0,9359.869,44.865906,,,,,,
1783538026.766,4339220.0,9361.842,44.857582,,,,,,
1783538026.767,4339225.0,9363.213,44.853619,,,,,,
1783538026.768,4339230.0,9364.852,44.848888,,,,,,
1783538026.768,4339235.0,9366.357,44.841915,,,,,,
1783538026.769,4339240.0,9367.964,44.839893,,,,,,
1783538026.770,4339245.0,9368.467,44.841064,,,,,,
1783538026.771,4339250.0,9369.471,44.835541,,,,,,
1783538026.771,4339255.0,9371.18,44.827976,,,,,,
1783538026.772,4339260.0,9372.521,44.826725,,,,,,
1783538026.773,4339265.0,9373.291,44.821877,,,,,,
1783538026.773,4339270.0,9375.672,44.812374,,,,,,
1783538026.774,4339275.0,9376.945,44.808689,,,,,,
1783538026.775,4339280.0,9376.812,44.811707,,,,,,
1783538026.775,4339285.0,9377.784,44.806271,,,,,,
1783538026.776,4339290.0,9379.025,44.802685,,,,,,
1783538026.777,4339295.0,9379.495,44.803947,,,,,,
1783538026.777,4339300.0,9380.637,44.803276,,,,,,
1783538026.778,4339305.0,9382.618,44.797546,,,,,,
1783538026.779,4339310.0,9383.021,44.799011,,,,,,
1783538026.780,4339315.0,9384.195,44.798237,,,,,,
1783538026.780,4339320.0,9385.943,44.793186,,,,,,
1783538026.781,4339325.0,9387.221,44.789494,,,,,,
1783538026.781,4339330.0,9388.128,44.786873,,,,,,
1783538026.782,4339335.0,9390.045,44.781334,,,,,,
1783538026.783,4339340.0,9390.616,44.779682,,,,,,
1783538026.783,4339345.0,9390.213,44.780846,,,,,,
1783538026.784,4339350.0,9391.189,44.775406,,,,,,
1783538026.785,4339355.0,9392.637,44.771221,,,,,,
1783538026.785,4339360.0,9392.771,44.770832,,,,,,
1783538026.786,4339365.0,9394.488,44.763252,,,,,,
1783538026.787,4339370.0,9396.51,44.757408,,,,,,
1783538026.787,4339375.0,9397.216,44.757992,,,,,,
1783538026.788,4339380.0,9397.047,44.755859,,,,,,
1783538026.789,4339385.0,9398.631,44.751278,,,,,,
1783538026.789,4339390.0,9399.575,44.751175,,,,,,
1783538026.790,4339395.0,9399.541,44.748653,,,,,,
1783538026.791,4339400.0,9399.878,44.747673,,,,,,
1783538026.792,4339405.0,9401.294,44.746208,,,,,,
1783538026.792,4339410.0,9401.057,44.744274,,,,,,
1783538026.793,4339415.0,9401.597,44.74271,,,,,,
1783538026.794,4339420.0,9402.71,44.739491,,,,,,
1783538026.794,4339425.0,9403.924,44.733364,,,,,,
1783538026.795,4339430.0,9403.891,44.733456,,,,,,
1783538026.796,4339435.0,9405.172,44.729755,,,,,,
1783538026.796,4339440.0,9405.442,44.726349,,,,,,
1783538026.797,4339445.0,9405.104,44.727322,,,,,,
1783538026.926,4339450.0,9405.173,44.727131,,,,,,
1783538026.928,4339455.0,9406.117,44.721775,,,,,,
1783538026.928,4339460.0,9405.779,44.720127,,,,,,
1783538026.929,4339465.0,9405.173,44.721882,,,,,,
1783538026.930,4339470.0,9405.712,44.717697,,,,,,
1783538026.930,4339475.0,9405.947,44.714394,,,,,,
1783538026.931,4339480.0,9405.476,44.713131,,,,,,
1783538026.932,4339485.0,9406.319,44.710693,,,,,,
1783538026.932,4339490.0,9406.86,44.706505,,,,,,
1783538026.933,4339495.0,9406.354,44.705353,,,,,,
1783538026.934,4339500.0,9406.286,44.702923,,,,,,
1783538026.934,4339505.0,9406.388,44.702629,,,,,,
1783538026.935,4339510.0,9405.982,44.7038,,,,,,
1783538026.936,4339515.0,9405.577,44.702347,,,,,,
1783538026.936,4339520.0,9406.657,44.699226,,,,,,
1783538026.937,4339525.0,9406.623,44.699333,,,,,,
1783538026.938,4339530.0,9406.488,44.699715,,,,,,
1783538026.939,4339535.0,9407.028,44.69553,,,,,,
1783538026.939,4339540.0,9407.737,44.693481,,,,,,
1783538026.940,4339545.0,9407.264,44.694859,,,,,,
1783538026.941,4339550.0,9407.805,44.693295,,,,,,
1783538026.942,4339555.0,9408.683,44.688133,,,,,,
1783538026.943,4339560.0,9408.479,44.688721,,,,,,
1783538026.944,4339565.0,9408.717,44.688034,,,,,,
1783538026.945,4339570.0,9409.291,44.686375,,,,,,
1783538026.945,4339575.0,9408.818,44.68774,,,,,,
1783538026.946,4339580.0,9408.379,44.689011,,,,,,
1783538026.946,4339585.0,9409.055,44.684433,,,,,,
1783538026.947,4339590.0,9409.393,44.680836,,,,,,
1783538026.948,4339595.0,9409.123,44.681614,,,,,,
1783538026.949,4339600.0,9409.258,44.681225,,,,,,
1783538027.161,4339605.0,9410.237,44.67577,,,,,,
1783538027.162,4339610.0,9409.865,44.676849,,,,,,
1783538027.163,4339615.0,9409.561,44.677727,,,,,,
1783538027.164,4339620.0,9410.643,44.674599,,,,,,
1783538027.165,4339625.0,9411.048,44.673428,,,,,,
1783538027.166,4339630.0,9410.507,44.674992,,,,,,
1783538027.167,4339635.0,9410.676,44.677124,,,,,,
1783538027.168,4339640.0,9410.574,44.677422,,,,,,
1783538027.168,4339645.0,9410.067,44.676262,,,,,,
1783538027.169,4339650.0,9410.236,44.673153,,,,,,
1783538027.170,4339655.0,9411.047,44.670815,,,,,,
1783538027.171,4339660.0,9411.317,44.667408,,,,,,
1783538027.172,4339665.0,9410.979,44.668385,,,,,,
1783538027.173,4339670.0,9411.352,44.667309,,,,,,
1783538027.174,4339675.0,9410.946,44.66848,,,,,,
1783538027.174,4339680.0,9409.865,44.671604,,,,,,
1783538027.175,4339685.0,9409.527,44.672581,,,,,,
1783538027.176,4339690.0,9410.203,44.668007,,,,,,
1783538027.177,4339695.0,9409.325,44.667919,,,,,,
1783538027.178,4339700.0,9409.967,44.663445,,,,,,
1783538027.179,4339705.0,9410.439,44.659458,,,,,,
1783538027.180,4339710.0,9410.845,44.655666,,,,,,
1783538027.181,4339715.0,9410.675,44.656158,,,,,,
1783538027.181,4339720.0,9411.724,44.65313,,,,,,
1783538027.182,4339725.0,9411.655,44.655945,,,,,,
1783538027.183,4339730.0,9411.622,44.658665,,,,,,
1783538027.184,4339735.0,9411.824,44.658077,,,,,,
1783538027.185,4339740.0,9412.264,44.656811,,,,,,
1783538027.186,4339745.0,9411.857,44.657982,,,,,,
1783538027.186,4339750.0,9412.162,44.65448,,,,,,
1783538027.187,4339755.0,9412.635,44.653114,,,,,,
1783538027.188,4339760.0,9412.33,44.656616,,,,,,
1783538027.189,4339765.0,9412.432,44.656322,,,,,,
1783538027.190,4339770.0,9413.175,44.656796,,,,,,
1783538027.191,4339775.0,9412.939,44.657478,,,,,,
1783538027.192,4339780.0,9412.162,44.657101,,,,,,
1783538027.194,4339785.0,9412.534,44.656029,,,,,,
1783538027.195,4339790.0,9412.602,44.658455,,,,,,
1783538027.196,4339795.0,9411.317,44.662163,,,,,,
1783538027.197,4339800.0,9412.196,44.659626,,,,,,
1783538027.198,4339805.0,9413.042,44.659805,,,,,,
1783538027.199,4339810.0,9412.873,44.660294,,,,,,
1783538027.200,4339815.0,9412.906,44.660198,,,,,,
1783538027.201,4339820.0,9414.189,44.65649,,,,,,
1783538027.202,4339825.0,9413.648,44.660675,,,,,,
1783538027.203,4339830.0,9413.649,44.660671,,,,,,
1783538027.204,4339835.0,9414.663,44.655121,,,,,,
1783538027.205,4339840.0,9415.475,44.652775,,,,,,
1783538027.206,4339845.0,9415.441,44.65287,,,,,,
1783538027.207,4339850.0,9415.915,44.651505,,,,,,
1783538027.208,4339855.0,9416.422,44.65004,,,,,,
1783538027.209,4339860.0,9416.32,44.652954,,,,,,
1783538027.337,4339865.0,9416.05,44.653736,,,,,,
1783538027.338,4339870.0,9416.761,44.65168,,,,,,
1783538027.339,4339875.0,9417.133,44.650604,,,,,,
1783538027.339,4339880.0,9417.471,44.649628,,,,,,
1783538027.340,4339885.0,9417.809,44.648651,,,,,,
1783538027.341,4339890.0,9418.553,44.646503,,,,,,
1783538027.341,4339895.0,9418.519,44.649223,,,,,,
1783538027.342,4339900.0,9419.128,44.647461,,,,,,
1783538027.343,4339905.0,9419.332,44.64949,,,,,,
1783538027.344,4339910.0,9419.67,44.651134,,,,,,
1783538027.344,4339915.0,9420.279,44.652004,,,,,,
1783538027.345,4339920.0,9421.228,44.649261,,,,,,
1783538027.346,4339925.0,9421.396,44.648773,,,,,,
1783538027.346,4339930.0,9422.006,44.647011,,,,,,
1783538027.347,4339935.0,9422.176,44.646519,,,,,,
1783538027.348,4339940.0,9421.972,44.647114,,,,,,
1783538027.349,4339945.0,9421.735,44.647793,,,,,,
1783538027.350,4339950.0,9421.701,44.650517,,,,,,
1783538027.350,4339955.0,9422.243,44.648949,,,,,,
1783538027.351,4339960.0,9422.549,44.648067,,,,,,
1783538027.351,4339965.0,9422.615,44.65049,,,,,,
1783538027.352,4339970.0,9423.633,44.650177,,,,,,
1783538027.353,4339975.0,9424.615,44.649952,,,,,,
1783538027.353,4339980.0,9424.311,44.653458,,,,,,
1783538027.354,4339985.0,9424.31,44.656086,,,,,,
1783538027.355,4339990.0,9425.055,44.653934,,,,,,
1783538027.355,4339995.0,9424.479,44.655598,,,,,,
1783538027.356,4340000.0,9424.514,44.655495,,,,,,
1783538027.357,4340005.0,9425.835,44.65168,,,,,,
1783538027.561,4340010.0,9426.783,44.648937,,,,,,
1783538027.561,4340015.0,9426.412,44.650009,,,,,,
1783538027.562,4340020.0,9428.039,44.645309,,,,,,
1783538027.563,4340025.0,9428.344,44.644428,,,,,,
1783538027.564,4340030.0,9427.732,44.646194,,,,,,
1783538027.565,4340035.0,9427.496,44.649502,,,,,,
1783538027.565,4340040.0,9428.852,44.645588,,,,,,
1783538027.566,4340045.0,9427.835,44.648525,,,,,,
1783538027.567,4340050.0,9427.834,44.648525,,,,,,
1783538027.568,4340055.0,9428.445,44.649384,,,,,,
1783538027.568,4340060.0,9428.92,44.64539,,,,,,
1783538027.569,4340065.0,9428.852,44.648212,,,,,,
1783538027.570,4340070.0,9429.869,44.645271,,,,,,
1783538027.571,4340075.0,9430.649,44.645641,,,,,,
1783538027.571,4340080.0,9430.582,44.643211,,,,,,
1783538027.572,4340085.0,9430.818,44.642529,,,,,,
1783538027.573,4340090.0,9430.786,44.64262,,,,,,
1783538027.573,4340095.0,9429.836,44.647991,,,,,,
1783538027.574,4340100.0,9429.428,44.646545,,,,,,
1783538027.575,4340105.0,9429.904,44.647793,,,,,,
1783538027.576,4340110.0,9429.734,44.650909,,,,,,
1783538027.576,4340115.0,9430.549,44.648556,,,,,,
1783538027.577,4340120.0,9431.939,44.644539,,,,,,
1783538027.578,4340125.0,9431.634,44.64542,,,,,,
1783538027.578,4340130.0,9431.26,44.6465,,,,,,
1783538027.579,4340135.0,9432.007,44.644341,,,,,,
1783538027.580,4340140.0,9431.362,44.646206,,,,,,
1783538027.580,4340145.0,9430.446,44.648853,,,,,,
1783538027.581,4340150.0,9430.955,44.650005,,,,,,
1783538027.581,4340155.0,9431.565,44.648243,,,,,,
1783538027.582,4340160.0,9431.192,44.649319,,,,,,
1783538027.583,4340165.0,9431.227,44.64922,,,,,,
1783538027.583,4340170.0,9431.735,44.647751,,,,,,
1783538027.584,4340175.0,9431.328,44.646305,,,,,,
1783538027.585,4340180.0,9430.717,44.645447,,,,,,
1783538027.585,4340185.0,9429.938,44.645073,,,,,,
1783538027.586,4340190.0,9429.157,44.644703,,,,,,
1783538027.586,4340195.0,9427.563,44.649307,,,,,,
1783538027.587,4340200.0,9427.462,44.649601,,,,,,
1783538027.588,4340205.0,9427.631,44.649113,,,,,,
1783538027.588,4340210.0,9427.428,44.6497,,,,,,
1783538027.589,4340215.0,9427.26,44.650185,,,,,,
1783538027.590,4340220.0,9428.31,44.644527,,,,,,
1783538027.591,4340225.0,9428.072,44.645214,,,,,,
1783538027.591,4340230.0,9427.732,44.646194,,,,,,
1783538027.592,4340235.0,9428.275,44.644627,,,,,,
1783538027.593,4340240.0,9428.343,44.644432,,,,,,
1783538027.593,4340245.0,9427.495,44.646881,,,,,,
1783538027.710,4340250.0,9427.801,44.645996,,,,,,
1783538027.711,4340255.0,9428.004,44.642796,,,,,,
1783538027.712,4340260.0,9427.463,44.644356,,,,,,
1783538027.712,4340265.0,9427.666,44.641148,,,,,,
1783538027.713,4340270.0,9428.547,44.638599,,,,,,
1783538027.714,4340275.0,9428.072,44.639973,,,,,,
1783538027.715,4340280.0,9426.751,44.646408,,,,,,
1783538027.715,4340285.0,9426.954,44.643204,,,,,,
1783538027.716,4340290.0,9426.648,44.646709,,,,,,
1783538027.716,4340295.0,9425.732,44.649357,,,,,,
1783538027.717,4340300.0,9425.529,44.649937,,,,,,
1783538027.718,4340305.0,9426.174,44.648075,,,,,,
1783538027.719,4340310.0,9426.139,44.650799,,,,,,
1783538027.719,4340315.0,9426.343,44.650211,,,,,,
1783538027.720,4340320.0,9427.088,44.648056,,,,,,
1783538027.720,4340325.0,9427.8,44.646,,,,,,
1783538027.721,4340330.0,9427.971,44.645508,,,,,,
1783538027.722,4340335.0,9428.004,44.645412,,,,,,
1783538027.722,4340340.0,9428.411,44.644234,,,,,,
1783538027.724,4340345.0,9427.801,44.648621,,,,,,
1783538027.725,4340350.0,9427.802,44.651245,,,,,,
1783538027.726,4340355.0,9428.242,44.649971,,,,,,
1783538027.727,4340360.0,9428.412,44.649479,,,,,,
1783538027.727,4340365.0,9428.547,44.651714,,,,,,
1783538027.728,4340370.0,9429.632,44.645954,,,,,,
1783538027.729,4340375.0,9429.158,44.644699,,,,,,
1783538027.730,4340380.0,9428.683,44.646072,,,,,,
1783538027.943,4340385.0,9428.615,44.646271,,,,,,
1783538027.945,4340390.0,9428.071,44.645218,,,,,,
1783538027.945,4340395.0,9426.75,44.649033,,,,,,
1783538027.946,4340400.0,9425.971,44.651287,,,,,,
1783538027.947,4340405.0,9425.971,44.64867,,,,,,
1783538027.947,4340410.0,9425.123,44.648495,,,,,,
1783538027.948,4340415.0,9424.344,44.650745,,,,,,
1783538027.949,4340420.0,9424.275,44.648319,,,,,,
1783538027.949,4340425.0,9424.479,44.647732,,,,,,
1783538027.950,4340430.0,9423.971,44.651825,,,,,,
1783538027.951,4340435.0,9424.241,44.651043,,,,,,
1783538027.951,4340440.0,9424.479,44.647732,,,,,,
1783538027.952,4340445.0,9423.666,44.650085,,,,,,
1783538027.953,4340450.0,9423.429,44.648148,,,,,,
1783538027.953,4340455.0,9422.921,44.646992,,,,,,
1783538027.954,4340460.0,9422.48,44.648266,,,,,,
1783538027.955,4340465.0,9422.006,44.649635,,,,,,
1783538027.956,4340470.0,9422.65,44.647774,,,,,,
1783538027.956,4340475.0,9422.955,44.646893,,,,,,
1783538027.957,4340480.0,9422.784,44.647385,,,,,,
1783538027.958,4340485.0,9422.143,44.649239,,,,,,
1783538027.958,4340490.0,9421.904,44.649929,,,,,,
1783538027.960,4340495.0,9420.889,44.652863,,,,,,
1783538027.961,4340500.0,9420.11,44.655113,,,,,,
1783538027.962,4340505.0,9420.212,44.652195,,,,,,
1783538027.963,4340510.0,9421.193,44.649357,,,,,,
1783538027.964,4340515.0,9421.092,44.649651,,,,,,
1783538027.965,4340520.0,9422.311,44.646133,,,,,,
1783538027.965,4340525.0,9422.65,44.645149,,,,,,
1783538027.966,4340530.0,9422.143,44.649239,,,,,,
1783538027.967,4340535.0,9421.261,44.651787,,,,,,
1783538027.967,4340540.0,9421.735,44.650417,,,,,,
1783538027.968,4340545.0,9420.923,44.652763,,,,,,
1783538027.969,4340550.0,9421.024,44.65247,,,,,,
1783538027.970,4340555.0,9421.736,44.650414,,,,,,
1783538027.970,4340560.0,9421.566,44.648281,,,,,,
1783538027.971,4340565.0,9421.127,44.649551,,,,,,
1783538027.972,4340570.0,9421.87,44.647404,,,,,,
1783538027.973,4340575.0,9421.635,44.648087,,,,,,
1783538027.974,4340580.0,9420.889,44.647614,,,,,,
1783538027.975,4340585.0,9421.092,44.64703,,,,,,
1783538027.976,4340590.0,9421.058,44.647129,,,,,,
1783538027.976,4340595.0,9420.076,44.647343,,,,,,
1783538027.977,4340600.0,9419.975,44.645016,,,,,,
1783538027.977,4340605.0,9420.11,44.644623,,,,,,
1783538027.978,4340610.0,9419.061,44.650276,,,,,,
1783538027.979,4340615.0,9418.825,44.648335,,,,,,
1783538027.979,4340620.0,9418.858,44.648239,,,,,,
1783538027.980,4340625.0,9417.877,44.651077,,,,,,
1783538027.981,4340630.0,9417.1,44.653324,,,,,,
1783538028.125,4340635.0,9417.471,44.649628,,,,,,
1783538028.126,4340640.0,9417.099,44.650703,,,,,,
1783538028.128,4340645.0,9415.746,44.654613,,,,,,
1783538028.128,4340650.0,9415.373,44.653069,,,,,,
1783538028.130,4340655.0,9415.576,44.652481,,,,,,
1783538028.130,4340660.0,9415.373,44.650444,,,,,,
1783538028.131,4340665.0,9415.204,44.648312,,,,,,
1783538028.132,4340670.0,9415.881,44.646358,,,,,,
1783538028.133,4340675.0,9416.084,44.645771,,,,,,
1783538028.134,4340680.0,9414.697,44.647156,,,,,,
1783538028.134,4340685.0,9414.056,44.64901,,,,,,
1783538028.135,4340690.0,9413.277,44.65126,,,,,,
1783538028.136,4340695.0,9411.453,44.653912,,,,,,
1783538028.137,4340700.0,9410.338,44.65451,,,,,,
1783538028.138,4340705.0,9410.271,44.652081,,,,,,
1783538028.139,4340710.0,9408.919,44.653366,,,,,,
1783538028.140,4340715.0,9407.299,44.652809,,,,,,
1783538028.141,4340720.0,9407.096,44.648155,,,,,,
1783538028.141,4340725.0,9405.881,44.649048,,,,,,
1783538028.143,4340730.0,9404.463,44.650524,,,,,,
1783538028.143,4340735.0,9403.924,44.64946,,,,,,
1783538028.145,4340740.0,9403.586,44.647816,,,,,,
1783538028.146,4340745.0,9402.136,44.652004,,,,,,
1783538028.146,4340750.0,9401.563,44.65366,,,,,,
1783538028.147,4340755.0,9401.125,44.652302,,,,,,
1783538028.148,4340760.0,9400.315,44.65202,,,,,,
1783538028.149,4340765.0,9399.574,44.654163,,,,,,
1783538028.150,4340770.0,9400.08,44.650078,,,,,,
1783538028.151,4340775.0,9399.844,44.650761,,,,,,
1783538028.151,4340780.0,9399.203,44.655235,,,,,,
1783538028.152,4340785.0,9398.9,44.656109,,,,,,
1783538028.153,4340790.0,9398.934,44.656013,,,,,,
1783538028.154,4340795.0,9398.192,44.658154,,,,,,
1783538028.155,4340800.0,9397.384,44.657871,,,,,,
1783538028.155,4340805.0,9398.024,44.653397,,,,,,
1783538028.394,4340810.0,9398.26,44.652714,,,,,,
1783538028.395,4340815.0,9398.294,44.652615,,,,,,
1783538028.396,4340820.0,9399.136,44.650185,,,,,,
1783538028.396,4340825.0,9399.776,44.648331,,,,,,
1783538028.397,4340830.0,9399.203,44.64999,,,,,,
1783538028.398,4340835.0,9399.473,44.649212,,,,,,
1783538028.399,4340840.0,9399.338,44.649601,,,,,,
1783538028.400,4340845.0,9398.394,44.652328,,,,,,
1783538028.401,4340850.0,9398.191,44.652912,,,,,,
1783538028.401,4340855.0,9398.832,44.651062,,,,,,
1783538028.402,4340860.0,9398.596,44.651745,,,,,,
1783538028.403,4340865.0,9398.226,44.652813,,,,,,
1783538028.404,4340870.0,9399.034,44.650478,,,,,,
1783538028.404,4340875.0,9399.068,44.650379,,,,,,
1783538028.405,4340880.0,9398.057,44.653301,,,,,,
1783538028.406,4340885.0,9398.058,44.653297,,,,,,
1783538028.407,4340890.0,9398.631,44.651642,,,,,,
1783538028.408,4340895.0,9397.484,44.654957,,,,,,
1783538028.409,4340900.0,9397.316,44.655441,,,,,,
1783538028.409,4340905.0,9398.361,44.65242,,,,,,
1783538028.410,4340910.0,9397.788,44.654079,,,,,,
1783538028.411,4340915.0,9396.576,44.657581,,,,,,
1783538028.412,4340920.0,9397.89,44.651169,,,,,,
1783538028.413,4340925.0,9397.351,44.652725,,,,,,
1783538028.413,4340930.0,9396.34,44.655647,,,,,,
1783538028.415,4340935.0,9396.542,44.655052,,,,,,
1783538028.417,4340940.0,9396.677,44.654667,,,,,,
1783538028.418,4340945.0,9395.025,44.66206,,,,,,
1783538028.420,4340950.0,9395.868,44.659626,,,,,,
1783538028.421,4340955.0,9396.205,44.658653,,,,,,
1783538028.421,4340960.0,9396.339,44.658264,,,,,,
1783538028.422,4340965.0,9397.08,44.653507,,,,,,
1783538028.424,4340970.0,9398.63,44.649029,,,,,,
1783538028.425,4340975.0,9398.899,44.648251,,,,,,
1783538028.426,4340980.0,9398.664,44.648922,,,,,,
1783538028.427,4340985.0,9398.428,44.649609,,,,,,
1783538028.428,4340990.0,9398.8,44.651154,,,,,,
1783538028.429,4340995.0,9397.889,44.653786,,,,,,
1783538028.430,4341000.0,9397.485,44.654953,,,,,,
1783538028.431,4341005.0,9397.755,44.654175,,,,,,
1783538028.432,4341010.0,9397.417,44.655151,,,,,,
1783538028.433,4341015.0,9397.047,44.656219,,,,,,
1783538028.434,4341020.0,9396.979,44.656418,,,,,,
1783538028.434,4341025.0,9396.677,44.654671,,,,,,
1783538028.435,4341030.0,9395.901,44.656914,,,,,,
1783538028.436,4341035.0,9396.239,44.655937,,,,,,
1783538028.437,4341040.0,9396.036,44.656517,,,,,,
1783538028.437,4341045.0,9395.732,44.657398,,,,,,
1783538028.438,4341050.0,9395.867,44.65963,,,,,,
1783538028.439,4341055.0,9396.811,44.656902,,,,,,
1783538028.440,4341060.0,9397.046,44.656223,,,,,,
1783538028.441,4341065.0,9397.248,44.65564,,,,,,
1783538028.441,4341070.0,9398.36,44.652424,,,,,,
1783538028.442,4341075.0,9398.293,44.652618,,,,,,
1783538028.443,4341080.0,9398.057,44.653301,,,,,,
1783538028.444,4341085.0,9398.023,44.653397,,,,,,
1783538028.445,4341090.0,9397.721,44.651657,,,,,,
1783538028.445,4341095.0,9396.205,44.656036,,,,,,
1783538028.581,4341100.0,9395.768,44.657299,,,,,,
1783538028.582,4341105.0,9396.037,44.656513,,,,,,
1783538028.583,4341110.0,9396.205,44.653416,,,,,,
1783538028.584,4341115.0,9396.575,44.654964,,,,,,
1783538028.585,4341120.0,9397.821,44.651363,,,,,,
1783538028.586,4341125.0,9398.529,44.649311,,,,,,
1783538028.586,4341130.0,9397.721,44.651653,,,,,,
1783538028.587,4341135.0,9397.619,44.654568,,,,,,
1783538028.588,4341140.0,9397.248,44.65564,,,,,,
1783538028.589,4341145.0,9395.969,44.659336,,,,,,
1783538028.590,4341150.0,9396.07,44.659042,,,,,,
1783538028.590,4341155.0,9397.148,44.655926,,,,,,
1783538028.592,4341160.0,9397.115,44.656021,,,,,,
1783538028.593,4341165.0,9397.049,44.656216,,,,,,
1783538028.594,4341170.0,9398.26,44.652714,,,,,,
1783538028.594,4341175.0,9397.889,44.653786,,,,,,
1783538028.595,4341180.0,9396.743,44.657097,,,,,,
1783538028.596,4341185.0,9396.778,44.656994,,,,,,
1783538028.597,4341190.0,9396.945,44.656513,,,,,,
1783538028.598,4341195.0,9396.34,44.658264,,,,,,
1783538028.598,4341200.0,9396.508,44.657776,,,,,,
1783538028.599,4341205.0,9397.721,44.654274,,,,,,
1783538028.600,4341210.0,9397.99,44.653492,,,,,,
1783538028.601,4341215.0,9398.327,44.652519,,,,,,
1783538028.602,4341220.0,9399.001,44.650574,,,,,,
1783538028.603,4341225.0,9399.136,44.650185,,,,,,
1783538028.604,4341230.0,9398.023,44.653397,,,,,,
1783538028.605,4341235.0,9398.227,44.652809,,,,,,
1783538028.605,4341240.0,9398.058,44.653297,,,,,,
1783538028.606,4341245.0,9397.687,44.651752,,,,,,
1783538028.607,4341250.0,9397.519,44.652241,,,,,,
1783538028.608,4341255.0,9398.697,44.648834,,,,,,
1783538028.609,4341260.0,9398.125,44.650478,,,,,,
1783538028.843,4341265.0,9397.485,44.652332,,,,,,
1783538028.844,4341270.0,9398.125,44.653103,,,,,,
1783538028.845,4341275.0,9398.428,44.652229,,,,,,
1783538028.846,4341280.0,9397.115,44.656021,,,,,,
1783538028.847,4341285.0,9397.553,44.654758,,,,,,
1783538028.848,4341290.0,9398.125,44.650486,,,,,,
1783538028.849,4341295.0,9397.248,44.653023,,,,,,
1783538028.850,4341300.0,9397.08,44.653507,,,,,,
1783538028.850,4341305.0,9398.057,44.650677,,,,,,
1783538028.851,4341310.0,9397.384,44.652626,,,,,,
1783538028.852,4341315.0,9397.249,44.655636,,,,,,
1783538028.853,4341320.0,9397.99,44.653492,,,,,,
1783538028.854,4341325.0,9398.058,44.653297,,,,,,
1783538028.854,4341330.0,9397.653,44.654469,,,,,,
1783538028.855,4341335.0,9398.294,44.652615,,,,,,
1783538028.856,4341340.0,9398.866,44.650963,,,,,,
1783538028.857,4341345.0,9397.721,44.654274,,,,,,
1783538028.859,4341350.0,9397.755,44.654175,,,,,,
1783538028.859,4341355.0,9398.227,44.652809,,,,,,
1783538028.860,4341360.0,9398.024,44.653397,,,,,,
1783538028.861,4341365.0,9397.755,44.654175,,,,,,
1783538028.862,4341370.0,9399.541,44.649014,,,,,,
1783538028.863,4341375.0,9399.607,44.648819,,,,,,
1783538028.864,4341380.0,9399.068,44.650379,,,,,,
1783538028.864,4341385.0,9399.001,44.650574,,,,,,
1783538028.865,4341390.0,9398.428,44.652229,,,,,,
1783538028.866,4341395.0,9396.912,44.656609,,,,,,
1783538028.867,4341400.0,9397.147,44.653313,,,,,,
1783538028.867,4341405.0,9397.385,44.652626,,,,,,
1783538028.868,4341410.0,9397.182,44.653214,,,,,,
1783538028.869,4341415.0,9397.249,44.653011,,,,,,
1783538028.870,4341420.0,9397.99,44.650871,,,,,,
1783538028.870,4341425.0,9397.822,44.65398,,,,,,
1783538028.871,4341430.0,9397.688,44.651752,,,,,,
1783538028.872,4341435.0,9397.754,44.651558,,,,,,
1783538028.872,4341440.0,9398.26,44.650097,,,,,,
1783538028.873,4341445.0,9397.417,44.652527,,,,,,
1783538028.874,4341450.0,9397.182,44.65321,,,,,,
1783538028.875,4341455.0,9397.451,44.655052,,,,,,
1783538028.876,4341460.0,9397.755,44.654175,,,,,,
1783538028.876,4341465.0,9397.688,44.654369,,,,,,
1783538028.877,4341470.0,9398.731,44.651352,,,,,,
1783538028.878,4341475.0,9398.158,44.653008,,,,,,
1783538028.878,4341480.0,9397.249,44.655636,,,,,,
1783538028.879,4341485.0,9396.979,44.656414,,,,,,
1783538028.879,4341490.0,9396.945,44.656513,,,,,,
1783538028.880,4341495.0,9395.8,44.659824,,,,,,
1783538028.881,4341500.0,9395.801,44.659821,,,,,,
1783538028.881,4341505.0,9397.249,44.655636,,,,,,
1783538028.882,4341510.0,9397.418,44.655148,,,,,,
1783538028.883,4341515.0,9397.182,44.65583,,,,,,
1783538028.883,4341520.0,9398.428,44.652229,,,,,,
1783538028.884,4341525.0,9399.271,44.649796,,,,,,
1783538028.884,4341530.0,9398.092,44.653198,,,,,,
1783538028.885,4341535.0,9398.024,44.65078,,,,,,
1783538029.006,4341540.0,9398.126,44.650486,,,,,,
1783538029.007,4341545.0,9396.879,44.654087,,,,,,
1783538029.008,4341550.0,9396.744,44.654469,,,,,,
1783538029.009,4341555.0,9397.854,44.648647,,,,,,
1783538029.009,4341560.0,9397.99,44.650875,,,,,,
1783538029.010,4341565.0,9397.855,44.651268,,,,,,
1783538029.011,4341570.0,9399.103,44.645039,,,,,,
1783538029.011,4341575.0,9399.574,44.643681,,,,,,
1783538029.012,4341580.0,9398.799,44.64854,,,,,,
1783538029.013,4341585.0,9398.092,44.650574,,,,,,
1783538029.013,4341590.0,9397.957,44.65097,,,,,,
1783538029.014,4341595.0,9396.44,44.65797,,,,,,
1783538029.015,4341600.0,9395.9,44.659531,,,,,,
1783538029.015,4341605.0,9396.475,44.657871,,,,,,
1783538029.016,4341610.0,9396.912,44.656609,,,,,,
1783538029.017,4341615.0,9397.283,44.655537,,,,,,
1783538029.017,4341620.0,9398.833,44.651058,,,,,,
1783538029.018,4341625.0,9398.967,44.650673,,,,,,
1783538029.019,4341630.0,9398.092,44.653198,,,,,,
1783538029.019,4341635.0,9398.058,44.653297,,,,,,
1783538029.020,4341640.0,9398.462,44.65213,,,,,,
1783538029.020,4341645.0,9397.047,44.656219,,,,,,
1783538029.022,4341650.0,9397.08,44.656124,,,,,,
1783538029.023,4341655.0,9398.361,44.65242,,,,,,
1783538029.025,4341660.0,9398.361,44.65242,,,,,,
1783538029.027,4341665.0,9397.688,44.654369,,,,,,
1783538029.028,4341670.0,9399.068,44.650379,,,,,,
1783538029.029,4341675.0,9398.866,44.650963,,,,,,
1783538029.030,4341680.0,9397.924,44.653687,,,,,,
1783538029.259,4341685.0,9397.924,44.653687,,,,,,
1783538029.260,4341690.0,9398.193,44.652908,,,,,,
1783538029.261,4341695.0,9396.744,44.657093,,,,,,
1783538029.262,4341700.0,9396.709,44.657196,,,,,,
1783538029.263,4341705.0,9397.25,44.655632,,,,,,
1783538029.263,4341710.0,9397.047,44.656219,,,,,,
1783538029.264,4341715.0,9396.947,44.656506,,,,,,
1783538029.265,4341720.0,9398.125,44.650486,,,,,,
1783538029.266,4341725.0,9398.192,44.650291,,,,,,
1783538029.266,4341730.0,9397.687,44.651752,,,,,,
1783538029.267,4341735.0,9397.451,44.652428,,,,,,
1783538029.268,4341740.0,9398.058,44.650677,,,,,,
1783538029.269,4341745.0,9397.35,44.655346,,,,,,
1783538029.270,4341750.0,9397.518,44.654858,,,,,,
1783538029.271,4341755.0,9398.497,44.652031,,,,,,
1783538029.271,4341760.0,9398.664,44.651546,,,,,,
1783538029.272,4341765.0,9397.721,44.651657,,,,,,
1783538029.273,4341770.0,9398.497,44.646797,,,,,,
1783538029.274,4341775.0,9398.092,44.647968,,,,,,
1783538029.275,4341780.0,9396.643,44.652145,,,,,,
1783538029.276,4341785.0,9397.014,44.651073,,,,,,
1783538029.277,4341790.0,9397.35,44.652725,,,,,,
1783538029.278,4341795.0,9396.609,44.654865,,,,,,
1783538029.279,4341800.0,9396.508,44.655159,,,,,,
1783538029.279,4341805.0,9396.945,44.653896,,,,,,
1783538029.281,4341810.0,9397.215,44.653111,,,,,,
1783538029.281,4341815.0,9396.845,44.654182,,,,,,
1783538029.282,4341820.0,9397.822,44.65398,,,,,,
1783538029.284,4341825.0,9398.192,44.652908,,,,,,
1783538029.285,4341830.0,9397.283,44.655537,,,,,,
1783538029.285,4341835.0,9397.014,44.656315,,,,,,
1783538029.286,4341840.0,9397.619,44.654568,,,,,,
1783538029.287,4341845.0,9396.744,44.657093,,,,,,
1783538029.288,4341850.0,9396.609,44.657482,,,,,,
1783538029.288,4341855.0,9398.293,44.652618,,,,,,
1783538029.290,4341860.0,9398.361,44.65242,,,,,,
1783538029.291,4341865.0,9397.99,44.653492,,,,,,
1783538029.291,4341870.0,9398.192,44.652908,,,,,,
1783538029.292,4341875.0,9398.158,44.653008,,,,,,
1783538029.293,4341880.0,9396.945,44.656513,,,,,,
1783538029.294,4341885.0,9396.845,44.656803,,,,,,
1783538029.295,4341890.0,9397.248,44.65564,,,,,,
1783538029.295,4341895.0,9396.34,44.658264,,,,,,
1783538029.296,4341900.0,9396.576,44.657581,,,,,,
1783538029.297,4341905.0,9398.059,44.653297,,,,,,
1783538029.298,4341910.0,9398.429,44.652225,,,,,,
1783538029.298,4341915.0,9398.159,44.653004,,,,,,
1783538029.299,4341920.0,9399.912,44.645325,,,,,,
1783538029.300,4341925.0,9399.575,44.646297,,,,,,
1783538029.301,4341930.0,9398.126,44.650486,,,,,,
1783538029.302,4341935.0,9397.822,44.651356,,,,,,
1783538029.302,4341940.0,9397.62,44.651943,,,,,,
1783538029.303,4341945.0,9396.541,44.657681,,,,,,
1783538029.304,4341950.0,9396.811,44.656902,,,,,,
1783538029.305,4341955.0,9398.091,44.653202,,,,,,
1783538029.431,4341960.0,9397.889,44.653786,,,,,,
1783538029.432,4341965.0,9397.889,44.653786,,,,,,
1783538029.432,4341970.0,9398.429,44.652225,,,,,,
1783538029.433,4341975.0,9397.99,44.653492,,,,,,
1783538029.434,4341980.0,9396.542,44.657677,,,,,,
1783538029.435,4341985.0,9396.609,44.657482,,,,,,
1783538029.436,4341990.0,9397.519,44.654858,,,,,,
1783538029.437,4341995.0,9396.609,44.657482,,,,,,
1783538029.438,4342000.0,9396.644,44.657387,,,,,,
1783538029.439,4342005.0,9397.788,44.654079,,,,,,
1783538029.441,4342010.0,9397.755,44.654175,,,,,,
1783538029.441,4342015.0,9397.047,44.656219,,,,,,
1783538029.442,4342020.0,9398.192,44.652908,,,,,,
1783538029.443,4342025.0,9398.326,44.652523,,,,,,
1783538029.443,4342030.0,9397.417,44.655151,,,,,,
1783538029.444,4342035.0,9397.585,44.652046,,,,,,
1783538029.445,4342040.0,9397.854,44.651268,,,,,,
1783538029.445,4342045.0,9396.979,44.653801,,,,,,
1783538029.446,4342050.0,9397.282,44.652916,,,,,,
1783538029.447,4342055.0,9398.697,44.64883,,,,,,
1783538029.447,4342060.0,9398.428,44.652229,,,,,,
1783538029.448,4342065.0,9397.99,44.653492,,,,,,
1783538029.449,4342070.0,9398.631,44.651642,,,,,,
1783538029.449,4342075.0,9397.957,44.653591,,,,,,
1783538029.450,4342080.0,9396.406,44.65807,,,,,,
1783538029.451,4342085.0,9396.744,44.657093,,,,,,
1783538029.451,4342090.0,9396.709,44.657196,,,,,,
1783538029.452,4342095.0,9396.239,44.655937,,,,,,
1783538029.453,4342100.0,9396.945,44.653896,,,,,,
1783538029.453,4342105.0,9398.228,44.650192,,,,,,
1783538029.676,4342110.0,9397.889,44.651161,,,,,,
1783538029.676,4342115.0,9398.058,44.650677,,,,,,
1783538029.677,4342120.0,9398.934,44.650768,,,,,,
1783538029.678,4342125.0,9399.036,44.650471,,,,,,
1783538029.679,4342130.0,9397.755,44.654175,,,,,,
1783538029.680,4342135.0,9397.485,44.652336,,,,,,
1783538029.680,4342140.0,9397.485,44.652336,,,,,,
1783538029.681,4342145.0,9396.205,44.656036,,,,,,
1783538029.682,4342150.0,9395.698,44.657494,,,,,,
1783538029.683,4342155.0,9396.709,44.654575,,,,,,
1783538029.684,4342160.0,9397.384,44.655247,,,,,,
1783538029.684,4342165.0,9397.182,44.65583,,,,,,
1783538029.685,4342170.0,9398.125,44.653103,,,,,,
1783538029.686,4342175.0,9397.384,44.655247,,,,,,
1783538029.687,4342180.0,9395.768,44.657299,,,,,,
1783538029.688,4342185.0,9394.757,44.660221,,,,,,
1783538029.689,4342190.0,9395.532,44.657978,,,,,,
1783538029.691,4342195.0,9394.521,44.660892,,,,,,
1783538029.692,4342200.0,9395.565,44.657879,,,,,,
1783538029.692,4342205.0,9397.048,44.656216,,,,,,
1783538029.693,4342210.0,9397.653,44.654469,,,,,,
1783538029.694,4342215.0,9397.316,44.655441,,,,,,
1783538029.695,4342220.0,9398.664,44.651546,,,,,,
1783538029.695,4342225.0,9398.227,44.652809,,,,,,
1783538029.696,4342230.0,9397.653,44.654469,,,,,,
1783538029.697,4342235.0,9398.192,44.652908,,,,,,
1783538029.698,4342240.0,9398.125,44.653103,,,,,,
1783538029.698,4342245.0,9396.508,44.657776,,,,,,
1783538029.699,4342250.0,9397.115,44.656021,,,,,,
1783538029.700,4342255.0,9397.553,44.654758,,,,,,
1783538029.701,4342260.0,9397.081,44.65612,,,,,,
1783538029.701,4342265.0,9396.709,44.657196,,,,,,
1783538029.702,4342270.0,9398.158,44.653008,,,,,,
1783538029.703,4342275.0,9397.956,44.653591,,,,,,
1783538029.704,4342280.0,9397.215,44.655735,,,,,,
1783538029.705,4342285.0,9397.384,44.655247,,,,,,
1783538029.706,4342290.0,9397.787,44.654079,,,,,,
1783538029.707,4342295.0,9396.541,44.657681,,,,,,
1783538029.708,4342300.0,9397.081,44.65612,,,,,,
1783538029.709,4342305.0,9398.158,44.653008,,,,,,
1783538029.710,4342310.0,9398.396,44.652321,,,,,,
1783538029.710,4342315.0,9398.126,44.653103,,,,,,
1783538029.711,4342320.0,9399.236,44.649895,,,,,,
1783538029.712,4342325.0,9398.664,44.651546,,,,,,
1783538029.713,4342330.0,9397.418,44.655148,,,,,,
1783538029.714,4342335.0,9397.08,44.653507,,,,,,
1783538029.714,4342340.0,9396.878,44.651474,,,,,,
1783538029.715,4342345.0,9396.003,44.654003,,,,,,
1783538029.716,4342350.0,9395.564,44.655262,,,,,,
1783538029.717,4342355.0,9396.271,44.653217,,,,,,
1783538029.718,4342360.0,9396.575,44.654961,,,,,,
1783538029.719,4342365.0,9397.114,44.656025,,,,,,
1783538029.720,4342370.0,9398.26,44.652714,,,,,,
1783538029.865,4342375.0,9398.058,44.653297,,,,,,
1783538029.866,4342380.0,9397.385,44.652626,,,,,,
1783538029.867,4342385.0,9397.654,44.651848,,,,,,
1783538029.868,4342390.0,9396.846,44.654182,,,,,,
1783538029.869,4342395.0,9396.036,44.656517,,,,,,
1783538029.870,4342400.0,9397.148,44.653305,,,,,,
1783538029.870,4342405.0,9398.361,44.65242,,,,,,
1783538029.871,4342410.0,9398.328,44.652515,,,,,,
1783538029.872,4342415.0,9398.664,44.651546,,,,,,
1783538029.874,4342420.0,9399.406,44.646786,,,,,,
1783538029.875,4342425.0,9398.865,44.64835,,,,,,
1783538029.876,4342430.0,9397.586,44.652046,,,,,,
1783538029.877,4342435.0,9397.586,44.652039,,,,,,
1783538029.878,4342440.0,9397.854,44.651264,,,,,,
1783538029.879,4342445.0,9397.114,44.653408,,,,,,
1783538029.879,4342450.0,9397.316,44.652824,,,,,,
1783538029.880,4342455.0,9398.326,44.649906,,,,,,
1783538029.881,4342460.0,9397.956,44.650967,,,,,,
1783538029.882,4342465.0,9397.889,44.651165,,,,,,
1783538029.883,4342470.0,9398.361,44.649803,,,,,,
1783538029.883,4342475.0,9398.326,44.649906,,,,,,
1783538029.884,4342480.0,9397.822,44.651363,,,,,,
1783538029.885,4342485.0,9397.923,44.651062,,,,,,
1783538029.886,4342490.0,9397.755,44.651554,,,,,,
1783538029.886,4342495.0,9397.283,44.655537,,,,,,
1783538029.887,4342500.0,9397.182,44.65583,,,,,,
1783538029.888,4342505.0,9397.957,44.653591,,,,,,
1783538029.889,4342510.0,9398.158,44.653008,,,,,,
1783538029.889,4342515.0,9397.485,44.654953,,,,,,
1783538029.890,4342520.0,9398.092,44.653198,,,,,,
1783538029.891,4342525.0,9398.192,44.652908,,,,,,
1783538029.892,4342530.0,9397.048,44.653599,,,,,,
1783538029.892,4342535.0,9396.508,44.655159,,,,,,
1783538029.893,4342540.0,9397.182,44.653214,,,,,,
1783538029.894,4342545.0,9396.272,44.655834,,,,,,
1783538030.111,4342550.0,9396.307,44.655739,,,,,,
1783538030.112,4342555.0,9397.216,44.655731,,,,,,
1783538030.112,4342560.0,9397.385,44.655243,,,,,,
1783538030.113,4342565.0,9397.014,44.656315,,,,,,
1783538030.114,4342570.0,9398.092,44.653198,,,,,,
1783538030.115,4342575.0,9397.587,44.654659,,,,,,
1783538030.116,4342580.0,9396.643,44.657387,,,,,,
1783538030.116,4342585.0,9396.508,44.657776,,,,,,
1783538030.117,4342590.0,9396.778,44.656994,,,,,,
1783538030.118,4342595.0,9395.396,44.660988,,,,,,
1783538030.119,4342600.0,9395.802,44.659817,,,,,,
1783538030.120,4342605.0,9396.576,44.657581,,,,,,
1783538030.121,4342610.0,9397.081,44.653503,,,,,,
1783538030.121,4342615.0,9397.788,44.651463,,,,,,
1783538030.122,4342620.0,9399.237,44.647274,,,,,,
1783538030.123,4342625.0,9399.305,44.644455,,,,,,
1783538030.124,4342630.0,9398.766,44.646015,,,,,,
1783538030.125,4342635.0,9398.327,44.649902,,,,,,
1783538030.126,4342640.0,9397.889,44.648544,,,,,,
1783538030.126,4342645.0,9397.147,44.650692,,,,,,
1783538030.128,4342650.0,9396.845,44.654186,,,,,,
1783538030.128,4342655.0,9397.99,44.650867,,,,,,
1783538030.129,4342660.0,9397.889,44.651165,,,,,,
1783538030.130,4342665.0,9398.158,44.653008,,,,,,
1783538030.131,4342670.0,9398.395,44.652325,,,,,,
1783538030.131,4342675.0,9397.924,44.653687,,,,,,
1783538030.132,4342680.0,9396.812,44.656898,,,,,,
1783538030.133,4342685.0,9397.451,44.652435,,,,,,
1783538030.134,4342690.0,9397.451,44.652435,,,,,,
1783538030.134,4342695.0,9397.315,44.652828,,,,,,
1783538030.135,4342700.0,9398.326,44.649899,,,,,,
1783538030.136,4342705.0,9399.169,44.647469,,,,,,
1783538030.137,4342710.0,9398.765,44.651257,,,,,,
1783538030.137,4342715.0,9398.226,44.652813,,,,,,
1783538030.138,4342720.0,9397.855,44.651268,,,,,,
1783538030.139,4342725.0,9397.484,44.65234,,,,,,
1783538030.140,4342730.0,9396.643,44.65477,,,,,,
1783538030.141,4342735.0,9396.17,44.656128,,,,,,
1783538030.142,4342740.0,9396.845,44.651566,,,,,,
1783538030.143,4342745.0,9397.248,44.653023,,,,,,
1783538030.144,4342750.0,9397.586,44.652046,,,,,,
1783538030.144,4342755.0,9397.755,44.648933,,,,,,
1783538030.145,4342760.0,9397.89,44.648548,,,,,,
1783538030.146,4342765.0,9397.081,44.653503,,,,,,
1783538030.147,4342770.0,9397.182,44.653206,,,,,,
1783538030.148,4342775.0,9396.878,44.65147,,,,,,
1783538030.148,4342780.0,9396.643,44.65477,,,,,,
1783538030.149,4342785.0,9397.081,44.653503,,,,,,
1783538030.150,4342790.0,9397.923,44.651062,,,,,,
1783538030.151,4342795.0,9397.35,44.652725,,,,,,
1783538030.151,4342800.0,9396.879,44.656704,,,,,,
1783538030.276,4342805.0,9397.586,44.654663,,,,,,
1783538030.277,4342810.0,9397.688,44.654369,,,,,,
1783538030.278,4342815.0,9397.484,44.654957,,,,,,
1783538030.278,4342820.0,9397.99,44.653492,,,,,,
1783538030.279,4342825.0,9398.326,44.652523,,,,,,
1783538030.280,4342830.0,9397.518,44.652241,,,,,,
1783538030.280,4342835.0,9397.451,44.652435,,,,,,
1783538030.281,4342840.0,9397.384,44.65263,,,,,,
1783538030.281,4342845.0,9397.147,44.653305,,,,,,
1783538030.282,4342850.0,9397.047,44.653599,,,,,,
1783538030.283,4342855.0,9398.158,44.653008,,,,,,
1783538030.283,4342860.0,9397.957,44.653591,,,,,,
1783538030.284,4342865.0,9397.351,44.655342,,,,,,
1783538030.285,4342870.0,9397.451,44.655052,,,,,,
1783538030.285,4342875.0,9397.721,44.654274,,,,,,
1783538030.286,4342880.0,9396.204,44.658653,,,,,,
1783538030.287,4342885.0,9396.609,44.657482,,,,,,
1783538030.287,4342890.0,9396.946,44.656509,,,,,,
1783538030.288,4342895.0,9395.835,44.659721,,,,,,
1783538030.288,4342900.0,9395.7,44.66011,,,,,,
1783538030.289,4342905.0,9397.283,44.655537,,,,,,
1783538030.290,4342910.0,9397.148,44.655926,,,,,,
1783538030.290,4342915.0,9397.385,44.655243,,,,,,
1783538030.292,4342920.0,9398.697,44.651451,,,,,,
1783538030.292,4342925.0,9399.001,44.650574,,,,,,
1783538030.293,4342930.0,9397.586,44.652046,,,,,,
1783538030.293,4342935.0,9397.586,44.652046,,,,,,
1783538030.294,4342940.0,9397.755,44.651558,,,,,,
1783538030.295,4342945.0,9396.811,44.654278,,,,,,
1783538030.510,4342950.0,9396.744,44.654472,,,,,,
1783538030.511,4342955.0,9397.586,44.654663,,,,,,
1783538030.511,4342960.0,9397.147,44.65593,,,,,,
1783538030.512,4342965.0,9396.307,44.65836,,,,,,
1783538030.513,4342970.0,9397.048,44.656216,,,,,,
1783538030.514,4342975.0,9396.912,44.656609,,,,,,
1783538030.515,4342980.0,9396.003,44.659237,,,,,,
1783538030.516,4342985.0,9396.138,44.658848,,,,,,
1783538030.517,4342990.0,9397.216,44.655731,,,,,,
1783538030.518,4342995.0,9396.912,44.656609,,,,,,
1783538030.518,4343000.0,9397.249,44.655636,,,,,,
1783538030.519,4343005.0,9398.26,44.650097,,,,,,
1783538030.520,4343010.0,9398.428,44.649612,,,,,,
1783538030.521,4343015.0,9397.35,44.652729,,,,,,
1783538030.522,4343020.0,9397.586,44.652039,,,,,,
1783538030.523,4343025.0,9397.316,44.652821,,,,,,
1783538030.524,4343030.0,9396.643,44.65477,,,,,,
1783538030.525,4343035.0,9396.846,44.654182,,,,,,
1783538030.526,4343040.0,9397.855,44.651268,,,,,,
1783538030.526,4343045.0,9397.822,44.651356,,,,,,
1783538030.527,4343050.0,9397.317,44.652817,,,,,,
1783538030.528,4343055.0,9397.519,44.654858,,,,,,
1783538030.529,4343060.0,9397.35,44.655346,,,,,,
1783538030.530,4343065.0,9396.306,44.655743,,,,,,
1783538030.531,4343070.0,9396.575,44.654964,,,,,,
1783538030.531,4343075.0,9396.811,44.654285,,,,,,
1783538030.532,4343080.0,9396.608,44.654861,,,,,,
1783538030.533,4343085.0,9396.138,44.656227,,,,,,
1783538030.534,4343090.0,9397.014,44.653698,,,,,,
1783538030.535,4343095.0,9396.677,44.652054,,,,,,
1783538030.536,4343100.0,9396.306,44.650505,,,,,,
1783538030.536,4343105.0,9396.709,44.649338,,,,,,
1783538030.537,4343110.0,9396.845,44.648945,,,,,,
1783538030.538,4343115.0,9396.205,44.653412,,,,,,
1783538030.539,4343120.0,9396.744,44.654472,,,,,,
1783538030.540,4343125.0,9397.688,44.651752,,,,,,
1783538030.541,4343130.0,9397.283,44.650303,,,,,,
1783538030.542,4343135.0,9397.822,44.648746,,,,,,
1783538030.542,4343140.0,9398.631,44.6464,,,,,,
1783538030.543,4343145.0,9398.058,44.648056,,,,,,
1783538030.544,4343150.0,9397.283,44.652916,,,,,,
1783538030.545,4343155.0,9398.227,44.650192,,,,,,
1783538030.545,4343160.0,9397.99,44.650875,,,,,,
1783538030.546,4343165.0,9397.484,44.65234,,,,,,
1783538030.547,4343170.0,9398.058,44.650673,,,,,,
1783538030.548,4343175.0,9397.923,44.651066,,,,,,
1783538030.549,4343180.0,9396.846,44.656799,,,,,,
1783538030.549,4343185.0,9396.643,44.657387,,,,,,
1783538030.550,4343190.0,9397.249,44.653019,,,,,,
1783538030.551,4343195.0,9397.317,44.650204,,,,,,
1783538030.552,4343200.0,9397.586,44.649429,,,,,,
1783538030.671,4343205.0,9398.563,44.646599,,,,,,
1783538030.672,4343210.0,9398.462,44.646889,,,,,,
1783538030.673,4343215.0,9397.62,44.651943,,,,,,
1783538030.674,4343220.0,9397.216,44.655731,,,,,,
1783538030.674,4343225.0,9397.519,44.654858,,,,,,
1783538030.675,4343230.0,9396.541,44.657681,,,,,,
1783538030.676,4343235.0,9396.271,44.658459,,,,,,
1783538030.676,4343240.0,9397.182,44.65583,,,,,,
1783538030.677,4343245.0,9396.777,44.656998,,,,,,
1783538030.678,4343250.0,9396.945,44.656513,,,,,,
1783538030.678,4343255.0,9397.99,44.650875,,,,,,
1783538030.679,4343260.0,9398.26,44.650097,,,,,,
1783538030.680,4343265.0,9397.216,44.653114,,,,,,
1783538030.680,4343270.0,9397.417,44.652527,,,,,,
1783538030.681,4343275.0,9397.048,44.653595,,,,,,
1783538030.681,4343280.0,9396.205,44.658653,,,,,,
1783538030.682,4343285.0,9396.475,44.657871,,,,,,
1783538030.683,4343290.0,9397.148,44.655926,,,,,,
1783538030.684,4343295.0,9397.182,44.65583,,,,,,
1783538030.684,4343300.0,9397.216,44.655731,,,,,,
1783538030.685,4343305.0,9398.395,44.652325,,,,,,
1783538030.685,4343310.0,9398.495,44.652035,,,,,,
1783538030.686,4343315.0,9398.023,44.65078,,,,,,
1783538030.687,4343320.0,9398.192,44.650291,,,,,,
1783538030.687,4343325.0,9398.461,44.649517,,,,,,
1783538030.688,4343330.0,9397.686,44.651749,,,,,,
1783538030.688,4343335.0,9397.182,44.65321,,,,,,
1783538030.690,4343340.0,9397.484,44.654957,,,,,,
1783538030.910,4343345.0,9397.821,44.65398,,,,,,
1783538030.911,4343350.0,9397.821,44.65398,,,,,,
1783538030.913,4343355.0,9398.631,44.651642,,,,,,
1783538030.914,4343360.0,9398.9,44.650864,,,,,,
1783538030.915,4343365.0,9398.529,44.651936,,,,,,
1783538030.916,4343370.0,9397.856,44.653881,,,,,,
1783538030.917,4343375.0,9397.451,44.655052,,,,,,
1783538030.918,4343380.0,9396.541,44.657681,,,,,,
1783538030.919,4343385.0,9396.373,44.658165,,,,,,
1783538030.922,4343390.0,9396.879,44.656704,,,,,,
1783538030.923,4343395.0,9397.283,44.655537,,,,,,
1783538030.925,4343400.0,9397.485,44.654953,,,,,,
1783538030.926,4343405.0,9398.631,44.651642,,,,,,
1783538030.928,4343410.0,9398.529,44.651936,,,,,,
1783538030.929,4343415.0,9397.519,44.652241,,,,,,
1783538030.930,4343420.0,9397.553,44.652142,,,,,,
1783538030.931,4343425.0,9397.452,44.652431,,,,,,
1783538030.932,4343430.0,9395.768,44.657291,,,,,,
1783538030.933,4343435.0,9395.532,44.657974,,,,,,
1783538030.934,4343440.0,9396.34,44.658264,,,,,,
1783538030.936,4343445.0,9396.307,44.65836,,,,,,
1783538030.936,4343450.0,9396.541,44.657681,,,,,,
1783538030.937,4343455.0,9397.755,44.654175,,,,,,
1783538030.938,4343460.0,9398.563,44.65184,,,,,,
1783538030.939,4343465.0,9398.192,44.652908,,,,,,
1783538030.940,4343470.0,9397.889,44.651169,,,,,,
1783538030.941,4343475.0,9397.216,44.653114,,,,,,
1783538030.942,4343480.0,9396.238,44.655937,,,,,,
1783538030.943,4343485.0,9396.34,44.65564,,,,,,
1783538030.944,4343490.0,9396.979,44.653793,,,,,,
1783538030.944,4343495.0,9397.283,44.655537,,,,,,
1783538030.945,4343500.0,9397.755,44.654175,,,,,,
1783538030.946,4343505.0,9398.529,44.651936,,,,,,
1783538030.947,4343510.0,9397.956,44.653591,,,,,,
1783538030.948,4343515.0,9397.417,44.655151,,,,,,
1783538030.948,4343520.0,9396.946,44.656509,,,,,,
1783538030.949,4343525.0,9397.047,44.656219,,,,,,
1783538030.950,4343530.0,9396.508,44.657776,,,,,,
1783538030.951,4343535.0,9396.845,44.656803,,,,,,
1783538030.952,4343540.0,9397.384,44.655247,,,,,,
1783538030.953,4343545.0,9398.226,44.652813,,,,,,
1783538030.953,4343550.0,9398.361,44.65242,,,,,,
1783538030.954,4343555.0,9399.305,44.649696,,,,,,
1783538030.955,4343560.0,9399.17,44.647469,,,,,,
1783538030.956,4343565.0,9398.664,44.646313,,,,,,
1783538030.957,4343570.0,9398.663,44.646317,,,,,,
1783538030.958,4343575.0,9398.158,44.647766,,,,,,
1783538030.958,4343580.0,9396.979,44.651176,,,,,,
1783538030.959,4343585.0,9397.013,44.653698,,,,,,
1783538030.960,4343590.0,9397.653,44.654469,,,,,,
1783538030.961,4343595.0,9397.08,44.656124,,,,,,
1783538030.961,4343600.0,9397.35,44.655346,,,,,,
1783538030.962,4343605.0,9398.597,44.651741,,,,,,
1783538030.963,4343610.0,9398.732,44.651348,,,,,,
1783538030.964,4343615.0,9397.553,44.654758,,,,,,
1783538031.105,4343620.0,9398.126,44.653103,,,,,,
1783538031.107,4343625.0,9398.193,44.650291,,,,,,
1783538031.108,4343630.0,9396.846,44.654182,,,,,,
1783538031.109,4343635.0,9396.979,44.653797,,,,,,
1783538031.110,4343640.0,9398.024,44.650772,,,,,,
1783538031.111,4343645.0,9397.451,44.652431,,,,,,
1783538031.112,4343650.0,9397.518,44.654858,,,,,,
1783538031.113,4343655.0,9398.664,44.651546,,,,,,
1783538031.113,4343660.0,9398.428,44.652229,,,,,,
1783538031.114,4343665.0,9397.687,44.654369,,,,,,
1783538031.115,4343670.0,9398.058,44.650681,,,,,,
1783538031.116,4343675.0,9398.024,44.65078,,,,,,
1783538031.117,4343680.0,9396.408,44.655449,,,,,,
1783538031.117,4343685.0,9396.744,44.654469,,,,,,
1783538031.118,4343690.0,9397.619,44.651947,,,,,,
1783538031.119,4343695.0,9397.553,44.654758,,,,,,
1783538031.120,4343700.0,9397.722,44.651653,,,,,,
1783538031.120,4343705.0,9399.405,44.64679,,,,,,
1783538031.121,4343710.0,9399.17,44.644852,,,,,,
1783538031.122,4343715.0,9398.361,44.647179,,,,,,
1783538031.123,4343720.0,9398.024,44.648159,,,,,,
1783538031.123,4343725.0,9397.855,44.65126,,,,,,
1783538031.124,4343730.0,9396.643,44.654766,,,,,,
1783538031.126,4343735.0,9396.677,44.657288,,,,,,
1783538031.128,4343740.0,9397.653,44.654469,,,,,,
1783538031.129,4343745.0,9397.653,44.654469,,,,,,
1783538031.131,4343750.0,9397.552,44.654762,,,,,,
1783538031.132,4343755.0,9398.731,44.651352,,,,,,
1783538031.133,4343760.0,9398.9,44.650864,,,,,,
1783538031.134,4343765.0,9398.058,44.653297,,,,,,
1783538031.135,4343770.0,9398.092,44.653198,,,,,,
1783538031.136,4343775.0,9398.327,44.652519,,,,,,
1783538031.137,4343780.0,9397.417,44.655151,,,,,,
1783538031.138,4343785.0,9397.484,44.654957,,,,,,
1783538031.140,4343790.0,9397.923,44.653687,,,,,,
1783538031.393,4343795.0,9398.327,44.652519,,,,,,
1783538031.394,4343800.0,9398.394,44.652328,,,,,,
1783538031.395,4343805.0,9399.001,44.650574,,,,,,
1783538031.396,4343810.0,9398.529,44.651936,,,,,,
1783538031.397,4343815.0,9398.057,44.653301,,,,,,
1783538031.398,4343820.0,9397.687,44.654369,,,,,,
1783538031.398,4343825.0,9397.619,44.654568,,,,,,
1783538031.399,4343830.0,9396.811,44.656902,,,,,,
1783538031.400,4343835.0,9396.575,44.657581,,,,,,
1783538031.401,4343840.0,9397.451,44.652435,,,,,,
1783538031.402,4343845.0,9397.755,44.651558,,,,,,
1783538031.403,4343850.0,9397.619,44.651951,,,,,,
1783538031.404,4343855.0,9398.865,44.648342,,,,,,
1783538031.405,4343860.0,9398.967,44.648052,,,,,,
1783538031.405,4343865.0,9398.293,44.652618,,,,,,
1783538031.406,4343870.0,9398.058,44.653297,,,,,,
1783538031.407,4343875.0,9397.822,44.65398,,,,,,
1783538031.408,4343880.0,9396.677,44.657288,,,,,,
1783538031.409,4343885.0,9396.508,44.657776,,,,,,
1783538031.410,4343890.0,9397.08,44.656124,,,,,,
1783538031.411,4343895.0,9397.114,44.656025,,,,,,
1783538031.411,4343900.0,9397.283,44.655537,,,,,,
1783538031.412,4343905.0,9398.192,44.652908,,,,,,
1783538031.413,4343910.0,9398.697,44.651451,,,,,,
1783538031.414,4343915.0,9398.125,44.650486,,,,,,
1783538031.415,4343920.0,9397.99,44.648258,,,,,,
1783538031.416,4343925.0,9398.294,44.64476,,,,,,
1783538031.416,4343930.0,9396.846,44.648941,,,,,,
1783538031.417,4343935.0,9396.912,44.64875,,,,,,
1783538031.418,4343940.0,9397.014,44.651073,,,,,,
1783538031.419,4343945.0,9396.912,44.651371,,,,,,
1783538031.420,4343950.0,9396.44,44.655354,,,,,,
1783538031.421,4343955.0,9397.855,44.651268,,,,,,
1783538031.422,4343960.0,9397.653,44.651844,,,,,,
1783538031.423,4343965.0,9397.315,44.652824,,,,,,
1783538031.424,4343970.0,9397.687,44.654369,,,,,,
1783538031.424,4343975.0,9398.428,44.652229,,,,,,
1783538031.425,4343980.0,9396.979,44.653797,,,,,,
1783538031.426,4343985.0,9397.08,44.653507,,,,,,
1783538031.427,4343990.0,9397.485,44.649719,,,,,,
1783538031.428,4343995.0,9397.553,44.6469,,,,,,
1783538031.429,4344000.0,9396.744,44.649235,,,,,,
1783538031.430,4344005.0,9398.091,44.647961,,,,,,
1783538031.430,4344010.0,9398.091,44.647961,,,,,,
1783538031.431,4344015.0,9398.124,44.650486,,,,,,
1783538031.432,4344020.0,9397.99,44.653492,,,,,,
1783538031.433,4344025.0,9398.26,44.652714,,,,,,
1783538031.434,4344030.0,9396.912,44.653992,,,,,,
1783538031.435,4344035.0,9396.373,44.655548,,,,,,
1783538031.436,4344040.0,9396.205,44.656036,,,,,,
1783538031.436,4344045.0,9395.97,44.656708,,,,,,
1783538031.437,4344050.0,9396.239,44.655933,,,,,,
1783538031.438,4344055.0,9397.855,44.653885,,,,,,
1783538031.439,4344060.0,9398.058,44.653297,,,,,,
1783538031.441,4344065.0,9397.249,44.655636,,,,,,
1783538031.442,4344070.0,9397.081,44.65612,,,,,,
1783538031.444,4344075.0,9396.643,44.657387,,,,,,
1783538031.445,4344080.0,9395.465,44.660789,,,,,,
1783538031.446,4344085.0,9395.901,44.659531,,,,,,
1783538031.447,4344090.0,9396.239,44.658554,,,,,,
1783538031.448,4344095.0,9396.71,44.657192,,,,,,
1783538031.449,4344100.0,9396.609,44.657482,,,,,,
1783538031.592,4344105.0,9397.619,44.654568,,,,,,
1783538031.593,4344110.0,9397.484,44.654957,,,,,,
1783538031.594,4344115.0,9397.485,44.654953,,,,,,
1783538031.595,4344120.0,9397.248,44.65564,,,,,,
1783538031.596,4344125.0,9397.216,44.655731,,,,,,
1783538031.596,4344130.0,9395.666,44.66021,,,,,,
1783538031.597,4344135.0,9395.33,44.661179,,,,,,
1783538031.598,4344140.0,9395.768,44.657299,,,,,,
1783538031.599,4344145.0,9396.171,44.656136,,,,,,
1783538031.599,4344150.0,9396.339,44.655647,,,,,,
1783538031.600,4344155.0,9397.99,44.650867,,,,,,
1783538031.601,4344160.0,9398.059,44.650677,,,,,,
1783538031.602,4344165.0,9397.486,44.654949,,,,,,
1783538031.603,4344170.0,9396.912,44.656609,,,,,,
1783538031.603,4344175.0,9397.283,44.65292,,,,,,
1783538031.604,4344180.0,9396.003,44.65662,,,,,,
1783538031.605,4344185.0,9396.036,44.656525,,,,,,
1783538031.606,4344190.0,9397.182,44.653206,,,,,,
1783538031.606,4344195.0,9397.014,44.653694,,,,,,
1783538031.607,4344200.0,9396.373,44.658165,,,,,,
1783538031.608,4344205.0,9397.485,44.654953,,,,,,
1783538031.609,4344210.0,9397.216,44.655731,,,,,,
1783538031.610,4344215.0,9396.34,44.658264,,,,,,
1783538031.611,4344220.0,9397.08,44.656124,,,,,,
1783538031.612,4344225.0,9397.485,44.654953,,,,,,
1783538031.612,4344230.0,9396.34,44.658264,,,,,,
1783538031.613,4344235.0,9396.373,44.658165,,,,,,
1783538031.614,4344240.0,9397.182,44.65583,,,,,,
1783538031.615,4344245.0,9396.912,44.656609,,,,,,
1783538031.616,4344250.0,9396.643,44.657387,,,,,,
1783538031.616,4344255.0,9397.721,44.654274,,,,,,
1783538031.617,4344260.0,9398.023,44.653397,,,,,,
1783538031.618,4344265.0,9396.912,44.656609,,,,,,
1783538031.619,4344270.0,9397.114,44.656025,,,,,,
1783538031.859,4344275.0,9397.249,44.655636,,,,,,
1783538031.860,4344280.0,9396.138,44.658848,,,,,,
1783538031.861,4344285.0,9396.104,44.658947,,,,,,
1783538031.862,4344290.0,9397.047,44.656219,,,,,,
1783538031.863,4344295.0,9396.946,44.656509,,,,,,
1783538031.864,4344300.0,9396.34,44.658264,,,,,,
1783538031.864,4344305.0,9397.788,44.654079,,,,,,
1783538031.865,4344310.0,9397.485,44.654953,,,,,,
1783538031.866,4344315.0,9396.912,44.656609,,,,,,
1783538031.867,4344320.0,9396.509,44.657776,,,,,,
1783538031.867,4344325.0,9397.35,44.655346,,,,,,
1783538031.868,4344330.0,9395.699,44.660114,,,,,,
1783538031.869,4344335.0,9395.768,44.659916,,,,,,
1783538031.870,4344340.0,9396.71,44.657192,,,,,,
1783538031.870,4344345.0,9397.115,44.656021,,,,,,
1783538031.871,4344350.0,9397.047,44.656219,,,,,,
1783538031.873,4344355.0,9398.664,44.651546,,,,,,
1783538031.874,4344360.0,9398.664,44.651546,,,,,,
1783538031.875,4344365.0,9397.687,44.654369,,,,,,
1783538031.875,4344370.0,9397.585,44.652046,,,,,,
1783538031.876,4344375.0,9397.619,44.651951,,,,,,
1783538031.877,4344380.0,9396.373,44.655548,,,,,,
1783538031.878,4344385.0,9396.541,44.655056,,,,,,
1783538031.878,4344390.0,9397.013,44.651081,,,,,,
1783538031.879,4344395.0,9396.44,44.655354,,,,,,
1783538031.881,4344400.0,9395.666,44.657593,,,,,,
1783538031.882,4344405.0,9396.609,44.654858,,,,,,
1783538031.883,4344410.0,9396.307,44.655739,,,,,,
1783538031.884,4344415.0,9395.498,44.660694,,,,,,
1783538031.884,4344420.0,9396.272,44.655842,,,,,,
1783538031.885,4344425.0,9396.879,44.65147,,,,,,
1783538031.886,4344430.0,9396.104,44.653713,,,,,,
1783538031.887,4344435.0,9396.845,44.648945,,,,,,
1783538031.887,4344440.0,9397.956,44.645733,,,,,,
1783538031.888,4344445.0,9397.316,44.650204,,,,,,
1783538031.889,4344450.0,9397.283,44.652912,,,,,,
1783538031.890,4344455.0,9398.462,44.649509,,,,,,
1783538031.891,4344460.0,9398.126,44.653103,,,,,,
1783538031.891,4344465.0,9397.014,44.656315,,,,,,
1783538031.892,4344470.0,9397.081,44.65612,,,,,,
1783538031.893,4344475.0,9397.217,44.655727,,,,,,
1783538031.894,4344480.0,9395.699,44.660114,,,,,,
1783538031.894,4344485.0,9395.868,44.657009,,,,,,
1783538031.895,4344490.0,9397.147,44.653313,,,,,,
1783538031.896,4344495.0,9397.35,44.652729,,,,,,
1783538031.897,4344500.0,9397.014,44.65369,,,,,,
1783538031.898,4344505.0,9397.99,44.650871,,,,,,
1783538031.898,4344510.0,9398.058,44.650681,,,,,,
1783538031.899,4344515.0,9396.878,44.654091,,,,,,
1783538031.900,4344520.0,9396.407,44.655453,,,,,,
1783538031.901,4344525.0,9397.249,44.653011,,,,,,
1783538031.901,4344530.0,9395.734,44.657391,,,,,,
1783538031.902,4344535.0,9395.633,44.660305,,,,,,
1783538031.903,4344540.0,9396.205,44.658653,,,,,,
1783538031.904,4344545.0,9396.205,44.656036,,,,,,
1783538031.904,4344550.0,9395.768,44.657299,,,,,,
1783538031.905,4344555.0,9397.35,44.652729,,,,,,
1783538032.052,4344560.0,9397.115,44.653397,,,,,,
1783538032.054,4344565.0,9397.081,44.6535,,,,,,
1783538032.054,4344570.0,9397.586,44.654663,,,,,,
1783538032.055,4344575.0,9397.418,44.655148,,,,,,
1783538032.056,4344580.0,9396.542,44.657677,,,,,,
1783538032.057,4344585.0,9396.845,44.656803,,,,,,
1783538032.058,4344590.0,9397.013,44.656319,,,,,,
1783538032.059,4344595.0,9396.778,44.654377,,,,,,
1783538032.061,4344600.0,9397.013,44.653702,,,,,,
1783538032.062,4344605.0,9398.058,44.650681,,,,,,
1783538032.062,4344610.0,9398.227,44.650185,,,,,,
1783538032.063,4344615.0,9397.519,44.652237,,,,,,
1783538032.064,4344620.0,9397.855,44.653885,,,,,,
1783538032.065,4344625.0,9397.451,44.655052,,,,,,
1783538032.066,4344630.0,9395.936,44.659431,,,,,,
1783538032.066,4344635.0,9395.666,44.657593,,,,,,
1783538032.067,4344640.0,9396.575,44.654964,,,,,,
1783538032.068,4344645.0,9396.542,44.65506,,,,,,
1783538032.069,4344650.0,9396.307,44.653118,,,,,,
1783538032.070,4344655.0,9397.552,44.649525,,,,,,
1783538032.071,4344660.0,9397.451,44.652435,,,,,,
1783538032.071,4344665.0,9396.844,44.654182,,,,,,
1783538032.072,4344670.0,9396.846,44.654179,,,,,,
1783538032.073,4344675.0,9396.878,44.656708,,,,,,
1783538032.074,4344680.0,9395.936,44.656815,,,,,,
1783538032.075,4344685.0,9396.138,44.656231,,,,,,
1783538032.076,4344690.0,9396.608,44.654869,,,,,,
1783538032.076,4344695.0,9396.239,44.65593,,,,,,
1783538032.077,4344700.0,9396.71,44.654572,,,,,,
1783538032.078,4344705.0,9397.451,44.652435,,,,,,
1783538032.079,4344710.0,9396.845,44.654186,,,,,,
1783538032.079,4344715.0,9396.204,44.653419,,,,,,
1783538032.080,4344720.0,9396.743,44.651855,,,,,,
1783538032.081,4344725.0,9396.676,44.652054,,,,,,
1783538032.081,4344730.0,9396.339,44.65564,,,,,,
1783538032.293,4344735.0,9397.013,44.653698,,,,,,
1783538032.294,4344740.0,9397.316,44.655441,,,,,,
1783538032.295,4344745.0,9397.047,44.656219,,,,,,
1783538032.296,4344750.0,9396.945,44.653896,,,,,,
1783538032.296,4344755.0,9398.092,44.650581,,,,,,
1783538032.297,4344760.0,9397.587,44.652042,,,,,,
1783538032.298,4344765.0,9397.957,44.650967,,,,,,
1783538032.299,4344770.0,9398.26,44.650093,,,,,,
1783538032.301,4344775.0,9398.058,44.653297,,,,,,
1783538032.302,4344780.0,9396.44,44.655354,,,,,,
1783538032.302,4344785.0,9396.541,44.655064,,,,,,
1783538032.303,4344790.0,9396.846,44.654182,,,,,,
1783538032.304,4344795.0,9396.812,44.654274,,,,,,
1783538032.305,4344800.0,9397.385,44.652622,,,,,,
1783538032.305,4344805.0,9398.361,44.649803,,,,,,
1783538032.306,4344810.0,9398.799,44.645924,,,,,,
1783538032.307,4344815.0,9398.125,44.645248,,,,,,
1783538032.308,4344820.0,9397.956,44.645733,,,,,,
1783538032.309,4344825.0,9397.653,44.64661,,,,,,
1783538032.310,4344830.0,9396.979,44.651173,,,,,,
1783538032.310,4344835.0,9396.744,44.654472,,,,,,
1783538032.311,4344840.0,9397.553,44.654758,,,,,,
1783538032.312,4344845.0,9397.855,44.653885,,,,,,
1783538032.313,4344850.0,9397.148,44.655926,,,,,,
1783538032.313,4344855.0,9398.125,44.650486,,,,,,
1783538032.314,4344860.0,9398.158,44.647774,,,,,,
1783538032.315,4344865.0,9397.147,44.648075,,,,,,
1783538032.316,4344870.0,9396.811,44.649044,,,,,,
1783538032.317,4344875.0,9397.687,44.646511,,,,,,
1783538032.318,4344880.0,9396.406,44.652828,,,,,,
1783538032.318,4344885.0,9396.575,44.654961,,,,,,
1783538032.319,4344890.0,9397.418,44.655148,,,,,,
1783538032.320,4344895.0,9397.216,44.655731,,,,,,
1783538032.320,4344900.0,9396.777,44.656998,,,,,,
1783538032.321,4344905.0,9398.192,44.652908,,,,,,
1783538032.322,4344910.0,9397.519,44.654858,,,,,,
1783538032.323,4344915.0,9396.34,44.658264,,,,,,
1783538032.323,4344920.0,9396.509,44.657776,,,,,,
1783538032.324,4344925.0,9396.711,44.657188,,,,,,
1783538032.325,4344930.0,9396.003,44.659237,,,,,,
1783538032.325,4344935.0,9396.475,44.657871,,,,,,
1783538032.326,4344940.0,9397.316,44.655441,,,,,,
1783538032.327,4344945.0,9397.721,44.654274,,,,,,
1783538032.327,4344950.0,9397.754,44.651558,,,,,,
1783538032.328,4344955.0,9398.158,44.650391,,,,,,
1783538032.329,4344960.0,9398.361,44.649803,,,,,,
1783538032.329,4344965.0,9397.889,44.651161,,,,,,
1783538032.330,4344970.0,9397.047,44.653599,,,,,,
1783538032.330,4344975.0,9397.283,44.655537,,,,,,
1783538032.331,4344980.0,9396.609,44.657482,,,,,,
1783538032.435,4344985.0,9396.541,44.657681,,,,,,
1783538032.436,4344990.0,9397.519,44.654858,,,,,,
1783538032.436,4344995.0,9398.125,44.653103,,,,,,
1783538032.437,4345000.0,9397.822,44.65398,,,,,,
1783538032.438,4345005.0,9398.529,44.651936,,,,,,
1783538032.438,4345010.0,9397.688,44.654369,,,,,,
1783538032.441,4345015.0,9396.508,44.657776,,,,,,
1783538032.441,4345020.0,9396.576,44.657581,,,,,,
1783538032.443,4345025.0,9397.486,44.654949,,,,,,
1783538032.443,4345030.0,9396.778,44.654377,,,,,,
1783538032.444,4345035.0,9397.822,44.651363,,,,,,
1783538032.445,4345040.0,9398.833,44.648441,,,,,,
1783538032.445,4345045.0,9398.496,44.649406,,,,,,
1783538032.446,4345050.0,9397.182,44.65321,,,,,,
1783538032.446,4345055.0,9397.688,44.654369,,,,,,
1783538032.447,4345060.0,9397.586,44.654663,,,,,,
1783538032.448,4345065.0,9396.946,44.656509,,,,,,
1783538032.448,4345070.0,9397.148,44.655926,,,,,,
1783538032.449,4345075.0,9397.754,44.654175,,,,,,
1783538032.450,4345080.0,9397.182,44.65583,,,,,,
1783538032.450,4345085.0,9397.147,44.65593,,,,,,
1783538032.451,4345090.0,9397.687,44.654369,,,,,,
1783538032.451,4345095.0,9397.754,44.654175,,,,,,
1783538032.452,4345100.0,9397.451,44.655052,,,,,,
1783538032.643,4345105.0,9398.226,44.652813,,,,,,
1783538032.644,4345110.0,9398.226,44.652813,,,,,,
1783538032.645,4345115.0,9397.248,44.65564,,,,,,
1783538032.646,4345120.0,9397.586,44.654663,,,,,,
1783538032.646,4345125.0,9397.755,44.654175,,,,,,
1783538032.647,4345130.0,9396.71,44.657192,,,,,,
1783538032.648,4345135.0,9396.677,44.654671,,,,,,
1783538032.649,4345140.0,9397.788,44.651463,,,,,,
1783538032.650,4345145.0,9397.957,44.650974,,,,,,
1783538032.651,4345150.0,9397.956,44.650967,,,,,,
1783538032.651,4345155.0,9398.462,44.649509,,,,,,
1783538032.652,4345160.0,9397.99,44.653492,,,,,,
1783538032.653,4345165.0,9397.014,44.656315,,,,,,
1783538032.654,4345170.0,9396.744,44.657093,,,,,,
1783538032.655,4345175.0,9396.846,44.656799,,,,,,
1783538032.655,4345180.0,9396.475,44.657871,,,,,,
1783538032.657,4345185.0,9396.811,44.656902,,,,,,
1783538032.658,4345190.0,9397.519,44.654858,,,,,,
1783538032.659,4345195.0,9397.047,44.656219,,,,,,
1783538032.660,4345200.0,9396.878,44.656708,,,,,,
1783538032.661,4345205.0,9397.552,44.654762,,,,,,
1783538032.662,4345210.0,9397.822,44.651363,,,,,,
1783538032.663,4345215.0,9397.081,44.653503,,,,,,
1783538032.664,4345220.0,9396.979,44.653797,,,,,,
1783538032.665,4345225.0,9397.047,44.653595,,,,,,
1783538032.666,4345230.0,9395.802,44.657196,,,,,,
1783538032.666,4345235.0,9395.464,44.658176,,,,,,
1783538032.667,4345240.0,9396.609,44.654865,,,,,,
1783538032.668,4345245.0,9396.744,44.654476,,,,,,
1783538032.669,4345250.0,9396.576,44.654957,,,,,,
1783538032.669,4345255.0,9398.158,44.650387,,,,,,
1783538032.670,4345260.0,9398.395,44.652325,,,,,,
1783538032.671,4345265.0,9397.518,44.654858,,,,,,
1783538032.673,4345270.0,9397.721,44.654274,,,,,,
1783538032.674,4345275.0,9397.956,44.653591,,,,,,
1783538032.674,4345280.0,9397.182,44.65583,,,,,,
1783538032.675,4345285.0,9397.283,44.655537,,,,,,
1783538032.676,4345290.0,9397.619,44.654568,,,,,,
1783538032.677,4345295.0,9397.553,44.654758,,,,,,
1783538032.677,4345300.0,9397.35,44.655346,,,,,,
1783538032.678,4345305.0,9398.26,44.652714,,,,,,
1783538032.679,4345310.0,9397.922,44.65369,,,,,,
1783538032.680,4345315.0,9397.249,44.655636,,,,,,
1783538032.680,4345320.0,9397.249,44.655636,,,,,,
1783538032.681,4345325.0,9397.721,44.654274,,,,,,
1783538032.682,4345330.0,9396.643,44.657387,,,,,,
1783538032.803,4345335.0,9396.979,44.656414,,,,,,
1783538032.804,4345340.0,9398.058,44.653297,,,,,,
1783538032.806,4345345.0,9398.294,44.652615,,,,,,
1783538032.807,4345350.0,9397.755,44.654175,,,,,,
1783538032.807,4345355.0,9398.865,44.650967,,,,,,
1783538032.808,4345360.0,9398.495,44.652035,,,,,,
1783538032.809,4345365.0,9397.384,44.65263,,,,,,
1783538032.810,4345370.0,9397.653,44.651852,,,,,,
1783538032.811,4345375.0,9398.463,44.649509,,,,,,
1783538032.811,4345380.0,9397.216,44.653107,,,,,,
1783538032.812,4345385.0,9396.879,44.654083,,,,,,
1783538032.813,4345390.0,9397.451,44.655052,,,,,,
1783538032.813,4345395.0,9396.509,44.655159,,,,,,
1783538032.814,4345400.0,9395.732,44.657402,,,,,,
1783538032.815,4345405.0,9397.014,44.653698,,,,,,
1783538032.815,4345410.0,9397.249,44.653011,,,,,,
1783538032.816,4345415.0,9396.643,44.654766,,,,,,
1783538032.816,4345420.0,9397.182,44.65583,,,,,,
1783538032.817,4345425.0,9397.283,44.65292,,,,,,
1783538032.818,4345430.0,9395.97,44.656715,,,,,,
1783538032.818,4345435.0,9395.801,44.657204,,,,,,
1783538032.819,4345440.0,9396.812,44.654274,,,,,,
1783538032.819,4345445.0,9396.879,44.654083,,,,,,
1783538032.820,4345450.0,9396.677,44.657288,,,,,,
1783538032.821,4345455.0,9397.553,44.654758,,,,,,
1783538032.821,4345460.0,9397.519,44.654858,,,,,,
1783538032.823,4345465.0,9396.576,44.657581,,,,,,
1783538032.824,4345470.0,9396.307,44.65836,,,,,,
1783538032.825,4345475.0,9396.777,44.656998,,,,,,
1783538033.076,4345480.0,9395.97,44.659332,,,,,,
1783538033.077,4345485.0,9396.341,44.655643,,,,,,
1783538033.078,4345490.0,9397.586,44.652046,,,,,,
1783538033.079,4345495.0,9397.519,44.652241,,,,,,
1783538033.080,4345500.0,9397.216,44.653107,,,,,,
1783538033.081,4345505.0,9398.428,44.649609,,,,,,
1783538033.081,4345510.0,9398.193,44.652908,,,,,,
1783538033.082,4345515.0,9397.182,44.65583,,,,,,
1783538033.083,4345520.0,9397.451,44.652435,,,,,,
1783538033.084,4345525.0,9398.193,44.650291,,,,,,
1783538033.085,4345530.0,9397.014,44.653698,,,,,,
1783538033.086,4345535.0,9397.553,44.652134,,,,,,
1783538033.086,4345540.0,9398.327,44.649899,,,,,,
1783538033.087,4345545.0,9398.361,44.65242,,,,,,
1783538033.088,4345550.0,9397.755,44.654175,,,,,,
1783538033.089,4345555.0,9399.002,44.65057,,,,,,
1783538033.090,4345560.0,9398.529,44.651936,,,,,,
1783538033.091,4345565.0,9397.654,44.654465,,,,,,
1783538033.092,4345570.0,9397.451,44.655052,,,,,,
1783538033.093,4345575.0,9397.855,44.653885,,,,,,
1783538033.093,4345580.0,9396.576,44.657581,,,,,,
1783538033.094,4345585.0,9396.711,44.657188,,,,,,
1783538033.095,4345590.0,9397.519,44.654858,,,,,,
1783538033.096,4345595.0,9397.385,44.655243,,,,,,
1783538033.096,4345600.0,9396.744,44.657093,,,,,,
1783538033.097,4345605.0,9397.451,44.652435,,,,,,
1783538033.098,4345610.0,9397.62,44.651947,,,,,,
1783538033.099,4345615.0,9396.912,44.653992,,,,,,
1783538033.100,4345620.0,9397.35,44.652721,,,,,,
1783538033.100,4345625.0,9397.417,44.652531,,,,,,
1783538033.101,4345630.0,9397.182,44.65583,,,,,,
1783538033.102,4345635.0,9397.484,44.654957,,,,,,
1783538033.103,4345640.0,9398.731,44.651352,,,,,,
1783538033.104,4345645.0,9398.664,44.651546,,,,,,
1783538033.105,4345650.0,9399.035,44.650475,,,,,,
1783538033.106,4345655.0,9399.911,44.647942,,,,,,
1783538033.107,4345660.0,9399.507,44.649113,,,,,,
1783538033.108,4345665.0,9398.765,44.651257,,,,,,
1783538033.109,4345670.0,9398.631,44.651642,,,,,,
1783538033.110,4345675.0,9398.967,44.650673,,,,,,
1783538033.111,4345680.0,9397.484,44.654957,,,,,,
1783538033.111,4345685.0,9397.283,44.65292,,,,,,
1783538033.112,4345690.0,9397.755,44.651558,,,,,,
1783538033.113,4345695.0,9397.654,44.651848,,,,,,
1783538033.114,4345700.0,9396.778,44.654369,,,,,,
1783538033.115,4345705.0,9397.688,44.651749,,,,,,
1783538033.115,4345710.0,9397.654,44.651848,,,,,,
1783538033.116,4345715.0,9396.946,44.653893,,,,,,
1783538033.117,4345720.0,9396.643,44.65477,,,,,,
1783538033.118,4345725.0,9396.979,44.65379,,,,,,
1783538033.118,4345730.0,9396.272,44.655838,,,,,,
1783538033.119,4345735.0,9396.475,44.655254,,,,,,
1783538033.120,4345740.0,9397.316,44.652824,,,,,,
1783538033.121,4345745.0,9397.35,44.652729,,,,,,
1783538033.122,4345750.0,9397.519,44.652233,,,,,,
1783538033.123,4345755.0,9398.36,44.649803,,,,,,
1783538033.124,4345760.0,9398.159,44.650387,,,,,,
1783538033.124,4345765.0,9396.508,44.655159,,,,,,
1783538033.125,4345770.0,9396.373,44.655548,,,,,,
1783538033.126,4345775.0,9396.373,44.65554,,,,,,
1783538033.249,4345780.0,9395.6,44.65778,,,,,,
1783538033.250,4345785.0,9395.901,44.659531,,,,,,
1783538033.251,4345790.0,9397.148,44.655926,,,,,,
1783538033.251,4345795.0,9397.519,44.654858,,,,,,
1783538033.252,4345800.0,9397.385,44.655243,,,,,,
1783538033.253,4345805.0,9398.125,44.653103,,,,,,
1783538033.254,4345810.0,9397.923,44.653687,,,,,,
1783538033.255,4345815.0,9397.047,44.656219,,,,,,
1783538033.255,4345820.0,9397.384,44.655247,,,,,,
1783538033.256,4345825.0,9397.755,44.654175,,,,,,
1783538033.257,4345830.0,9396.373,44.658165,,,,,,
1783538033.258,4345835.0,9396.508,44.657776,,,,,,
1783538033.259,4345840.0,9397.553,44.654758,,,,,,
1783538033.260,4345845.0,9397.114,44.656025,,,,,,
1783538033.262,4345850.0,9396.811,44.654285,,,,,,
1783538033.262,4345855.0,9398.36,44.649807,,,,,,
1783538033.263,4345860.0,9398.529,44.649319,,,,,,
1783538033.264,4345865.0,9397.788,44.651455,,,,,,
1783538033.265,4345870.0,9398.057,44.650681,,,,,,
1783538033.266,4345875.0,9398.26,44.652714,,,,,,
1783538033.266,4345880.0,9397.451,44.652435,,,,,,
1783538033.267,4345885.0,9397.182,44.653214,,,,,,
1783538033.268,4345890.0,9397.956,44.650974,,,,,,
1783538033.269,4345895.0,9397.721,44.651649,,,,,,
1783538033.269,4345900.0,9397.248,44.653019,,,,,,
1783538033.270,4345905.0,9398.327,44.652519,,,,,,
1783538033.271,4345910.0,9398.227,44.652809,,,,,,
1783538033.272,4345915.0,9397.385,44.655243,,,,,,
1783538033.273,4345920.0,9397.688,44.654369,,,,,,
1783538033.273,4345925.0,9398.159,44.653004,,,,,,
1783538033.475,4345930.0,9396.677,44.657288,,,,,,
1783538033.476,4345935.0,9396.912,44.656609,,,,,,
1783538033.477,4345940.0,9397.889,44.653786,,,,,,
1783538033.478,4345945.0,9398.327,44.652519,,,,,,
1783538033.479,4345950.0,9397.89,44.653786,,,,,,
1783538033.479,4345955.0,9398.731,44.651352,,,,,,
1783538033.480,4345960.0,9398.631,44.651642,,,,,,
1783538033.481,4345965.0,9397.519,44.652241,,,,,,
1783538033.482,4345970.0,9397.248,44.650406,,,,,,
1783538033.482,4345975.0,9397.619,44.649334,,,,,,
1783538033.483,4345980.0,9397.282,44.650299,,,,,,
1783538033.484,4345985.0,9397.283,44.650295,,,,,,
1783538033.485,4345990.0,9398.294,44.649994,,,,,,
1783538033.487,4345995.0,9398.227,44.652809,,,,,,
1783538033.488,4346000.0,9398.023,44.653397,,,,,,
1783538033.489,4346005.0,9398.9,44.650864,,,,,,
1783538033.490,4346010.0,9399.102,44.650284,,,,,,
1783538033.491,4346015.0,9398.058,44.653297,,,,,,
1783538033.492,4346020.0,9398.226,44.652813,,,,,,
1783538033.493,4346025.0,9398.799,44.651157,,,,,,
1783538033.493,4346030.0,9398.227,44.652809,,,,,,
1783538033.494,4346035.0,9398.024,44.65078,,,,,,
1783538033.495,4346040.0,9399.305,44.647079,,,,,,
1783538033.496,4346045.0,9399.404,44.64679,,,,,,
1783538033.496,4346050.0,9398.766,44.648628,,,,,,
1783538033.497,4346055.0,9398.731,44.648731,,,,,,
1783538033.498,4346060.0,9398.866,44.650963,,,,,,
1783538033.498,4346065.0,9397.586,44.654663,,,,,,
1783538033.499,4346070.0,9397.182,44.65583,,,,,,
1783538033.500,4346075.0,9397.249,44.655636,,,,,,
1783538033.501,4346080.0,9396.812,44.654282,,,,,,
1783538033.501,4346085.0,9396.609,44.654865,,,,,,
1783538033.502,4346090.0,9397.586,44.652046,,,,,,
1783538033.503,4346095.0,9397.114,44.6534,,,,,,
1783538033.503,4346100.0,9397.653,44.651848,,,,,,
1783538033.504,4346105.0,9398.26,44.652714,,,,,,
1783538033.504,4346110.0,9398.36,44.649807,,,,,,
1783538033.505,4346115.0,9397.147,44.653313,,,,,,
1783538033.506,4346120.0,9397.619,44.651951,,,,,,
1783538033.507,4346125.0,9397.215,44.653111,,,,,,
1783538033.507,4346130.0,9396.878,44.654087,,,,,,
1783538033.508,4346135.0,9397.147,44.65593,,,,,,
1783538033.509,4346140.0,9398.327,44.652519,,,,,,
1783538033.509,4346145.0,9398.394,44.652328,,,,,,
1783538033.510,4346150.0,9397.923,44.65107,,,,,,
1783538033.510,4346155.0,9398.192,44.650291,,,,,,
1783538033.511,4346160.0,9398.192,44.650291,,,,,,
1783538033.621,4346165.0,9396.946,44.653885,,,,,,
1783538033.623,4346170.0,9396.946,44.653889,,,,,,
1783538033.623,4346175.0,9397.553,44.654758,,,,,,
1783538033.624,4346180.0,9396.878,44.654091,,,,,,
1783538033.625,4346185.0,9396.576,44.654964,,,,,,
1783538033.625,4346190.0,9397.721,44.651657,,,,,,
1783538033.626,4346195.0,9397.619,44.651943,,,,,,
1783538033.627,4346200.0,9397.385,44.652622,,,,,,
1783538033.627,4346205.0,9398.428,44.652229,,,,,,
1783538033.628,4346210.0,9397.924,44.653687,,,,,,
1783538033.629,4346215.0,9396.912,44.656609,,,,,,
1783538033.629,4346220.0,9397.08,44.656124,,,,,,
1783538033.630,4346225.0,9397.315,44.652828,,,,,,
1783538033.631,4346230.0,9396.104,44.65633,,,,,,
1783538033.631,4346235.0,9396.508,44.652542,,,,,,
1783538033.632,4346240.0,9397.417,44.64991,,,,,,
1783538033.633,4346245.0,9397.485,44.649715,,,,,,
1783538033.633,4346250.0,9397.417,44.652527,,,,,,
1783538033.634,4346255.0,9398.462,44.649509,,,,,,
1783538033.634,4346260.0,9398.563,44.65184,,,,,,
1783538033.635,4346265.0,9397.755,44.654175,,,,,,
1783538033.636,4346270.0,9397.688,44.651752,,,,,,
1783538033.636,4346275.0,9397.721,44.651657,,,,,,
1783538033.637,4346280.0,9396.945,44.653896,,,,,,
1783538033.638,4346285.0,9397.013,44.653694,,,,,,
1783538033.639,4346290.0,9397.754,44.651554,,,,,,
1783538033.859,4346295.0,9397.586,44.652046,,,,,,
1783538033.860,4346300.0,9397.316,44.652824,,,,,,
1783538033.861,4346305.0,9397.721,44.651657,,,,,,
1783538033.862,4346310.0,9397.822,44.651356,,,,,,
1783538033.863,4346315.0,9397.248,44.653019,,,,,,
1783538033.864,4346320.0,9396.912,44.656609,,,,,,
1783538033.865,4346325.0,9397.282,44.65554,,,,,,
1783538033.866,4346330.0,9397.182,44.65583,,,,,,
1783538033.866,4346335.0,9397.182,44.65583,,,,,,
1783538033.867,4346340.0,9397.821,44.65398,,,,,,
1783538033.868,4346345.0,9397.754,44.654175,,,,,,
1783538033.869,4346350.0,9397.384,44.655247,,,,,,
1783538033.869,4346355.0,9397.283,44.655537,,,,,,
1783538033.870,4346360.0,9397.114,44.653408,,,,,,
1783538033.871,4346365.0,9396.104,44.65633,,,,,,
1783538033.872,4346370.0,9396.271,44.655842,,,,,,
1783538033.873,4346375.0,9396.643,44.654762,,,,,,
1783538033.874,4346380.0,9396.508,44.655155,,,,,,
1783538033.874,4346385.0,9396.71,44.657192,,,,,,
1783538033.875,4346390.0,9397.99,44.653492,,,,,,
1783538033.876,4346395.0,9398.023,44.653397,,,,,,
1783538033.876,4346400.0,9397.048,44.656216,,,,,,
1783538033.877,4346405.0,9397.384,44.65263,,,,,,
1783538033.878,4346410.0,9397.62,44.651947,,,,,,
1783538033.879,4346415.0,9396.744,44.654476,,,,,,
1783538033.879,4346420.0,9397.62,44.651939,,,,,,
1783538033.880,4346425.0,9397.721,44.651653,,,,,,
1783538033.881,4346430.0,9397.587,44.654659,,,,,,
1783538033.881,4346435.0,9396.812,44.656898,,,,,,
1783538033.882,4346440.0,9397.417,44.655151,,,,,,
1783538033.883,4346445.0,9396.271,44.658459,,,,,,
1783538033.883,4346450.0,9396.541,44.657681,,,,,,
1783538033.884,4346455.0,9396.912,44.656609,,,,,,
1783538033.884,4346460.0,9397.282,44.65554,,,,,,
1783538033.885,4346465.0,9396.71,44.654575,,,,,,
1783538033.886,4346470.0,9396.811,44.654285,,,,,,
1783538033.886,4346475.0,9397.013,44.653702,,,,,,
1783538033.887,4346480.0,9397.013,44.653694,,,,,,
1783538033.887,4346485.0,9396.709,44.654575,,,,,,
1783538033.888,4346490.0,9397.384,44.655247,,,,,,
1783538033.889,4346495.0,9397.283,44.655537,,,,,,
1783538033.890,4346500.0,9397.114,44.656025,,,,,,
1783538033.890,4346505.0,9396.979,44.656414,,,,,,
1783538033.891,4346510.0,9397.485,44.654953,,,,,,
1783538033.892,4346515.0,9396.643,44.657387,,,,,,
1783538033.892,4346520.0,9397.35,44.655346,,,,,,
1783538033.893,4346525.0,9397.924,44.65107,,,,,,
1783538033.893,4346530.0,9397.586,44.652046,,,,,,
1783538033.894,4346535.0,9396.744,44.654476,,,,,,
1783538033.895,4346540.0,9397.99,44.650867,,,,,,
1783538033.895,4346545.0,9397.35,44.652725,,,,,,
1783538034.006,4346550.0,9396.846,44.656799,,,,,,
1783538034.007,4346555.0,9397.35,44.655346,,,,,,
1783538034.007,4346560.0,9397.889,44.653786,,,,,,
1783538034.008,4346565.0,9397.114,44.656025,,,,,,
1783538034.009,4346570.0,9397.619,44.654568,,,,,,
1783538034.010,4346575.0,9398.023,44.65078,,,,,,
1783538034.010,4346580.0,9397.721,44.651657,,,,,,
1783538034.011,4346585.0,9397.08,44.653507,,,,,,
1783538034.012,4346590.0,9398.024,44.650772,,,,,,
1783538034.012,4346595.0,9397.721,44.651653,,,,,,
1783538034.013,4346600.0,9397.283,44.655537,,,,,,
1783538034.014,4346605.0,9397.35,44.652729,,,,,,
1783538034.014,4346610.0,9398.125,44.650486,,,,,,
1783538034.015,4346615.0,9396.575,44.654964,,,,,,
1783538034.016,4346620.0,9396.676,44.65205,,,,,,
1783538034.016,4346625.0,9397.249,44.650398,,,,,,
1783538034.017,4346630.0,9396.878,44.654091,,,,,,
1783538034.017,4346635.0,9396.778,44.654369,,,,,,
1783538034.018,4346640.0,9397.755,44.651554,,,,,,
1783538034.019,4346645.0,9397.35,44.652729,,,,,,
1783538034.019,4346650.0,9397.182,44.653214,,,,,,
1783538034.020,4346655.0,9397.687,44.651752,,,,,,
1783538034.021,4346660.0,9397.889,44.651161,,,,,,
1783538034.021,4346665.0,9396.979,44.653793,,,,,,
1783538034.022,4346670.0,9397.081,44.653503,,,,,,
1783538034.227,4346675.0,9397.553,44.652142,,,,,,
1783538034.228,4346680.0,9397.148,44.653309,,,,,,
1783538034.230,4346685.0,9397.35,44.652721,,,,,,
1783538034.231,4346690.0,9398.361,44.649799,,,,,,
1783538034.232,4346695.0,9398.631,44.651642,,,,,,
1783538034.233,4346700.0,9397.855,44.653885,,,,,,
1783538034.234,4346705.0,9398.294,44.652615,,,,,,
1783538034.235,4346710.0,9397.889,44.651169,,,,,,
1783538034.236,4346715.0,9396.912,44.653992,,,,,,
1783538034.237,4346720.0,9397.148,44.653309,,,,,,
1783538034.238,4346725.0,9397.821,44.651356,,,,,,
1783538034.239,4346730.0,9397.451,44.649815,,,,,,
1783538034.240,4346735.0,9397.081,44.653503,,,,,,
1783538034.240,4346740.0,9398.024,44.65078,,,,,,
1783538034.241,4346745.0,9397.889,44.651161,,,,,,
1783538034.242,4346750.0,9397.014,44.653694,,,,,,
1783538034.243,4346755.0,9396.979,44.656414,,,,,,
1783538034.244,4346760.0,9397.215,44.655735,,,,,,
1783538034.246,4346765.0,9396.474,44.657875,,,,,,
1783538034.247,4346770.0,9396.541,44.657681,,,,,,
1783538034.248,4346775.0,9397.114,44.653408,,,,,,
1783538034.249,4346780.0,9397.216,44.653114,,,,,,
1783538034.250,4346785.0,9397.248,44.653023,,,,,,
1783538034.250,4346790.0,9398.024,44.650772,,,,,,
1783538034.251,4346795.0,9397.688,44.651749,,,,,,
1783538034.252,4346800.0,9397.249,44.653019,,,,,,
1783538034.253,4346805.0,9396.912,44.653992,,,,,,
1783538034.253,4346810.0,9396.879,44.654087,,,,,,
1783538034.254,4346815.0,9395.633,44.657681,,,,,,
1783538034.256,4346820.0,9395.936,44.656811,,,,,,
1783538034.257,4346825.0,9396.307,44.65836,,,,,,
1783538034.258,4346830.0,9396.811,44.656902,,,,,,
1783538034.259,4346835.0,9396.744,44.657093,,,,,,
1783538034.259,4346840.0,9398.361,44.649803,,,,,,
1783538034.261,4346845.0,9398.495,44.649418,,,,,,
1783538034.263,4346850.0,9397.956,44.650974,,,,,,
1783538034.264,4346855.0,9397.788,44.651455,,,,,,
1783538034.265,4346860.0,9398.159,44.650383,,,,,,
1783538034.266,4346865.0,9396.744,44.657093,,,,,,
1783538034.266,4346870.0,9396.542,44.657677,,,,,,
1783538034.267,4346875.0,9397.216,44.655731,,,,,,
1783538034.268,4346880.0,9397.215,44.653118,,,,,,
1783538034.269,4346885.0,9396.912,44.653992,,,,,,
1783538034.270,4346890.0,9398.26,44.650097,,,,,,
1783538034.271,4346895.0,9397.688,44.651745,,,,,,
1783538034.271,4346900.0,9397.182,44.65321,,,,,,
1783538034.272,4346905.0,9397.351,44.655342,,,,,,
1783538034.273,4346910.0,9397.856,44.653881,,,,,,
1783538034.274,4346915.0,9396.305,44.658363,,,,,,
1783538034.276,4346920.0,9396.945,44.653896,,,,,,
1783538034.277,4346925.0,9397.451,44.652435,,,,,,
1783538034.403,4346930.0,9396.979,44.653797,,,,,,
1783538034.404,4346935.0,9397.081,44.650879,,,,,,
1783538034.405,4346940.0,9398.563,44.646603,,,,,,
1783538034.406,4346945.0,9398.563,44.64922,,,,,,
1783538034.407,4346950.0,9397.822,44.651356,,,,,,
1783538034.407,4346955.0,9398.563,44.649216,,,,,,
1783538034.408,4346960.0,9397.957,44.653591,,,,,,
1783538034.409,4346965.0,9396.003,44.659237,,,,,,
1783538034.410,4346970.0,9395.936,44.659431,,,,,,
1783538034.410,4346975.0,9396.846,44.656799,,,,,,
1783538034.411,4346980.0,9396.239,44.655937,,,,,,
1783538034.411,4346985.0,9396.037,44.656521,,,,,,
1783538034.412,4346990.0,9397.956,44.650974,,,,,,
1783538034.413,4346995.0,9398.024,44.648155,,,,,,
1783538034.413,4347000.0,9397.014,44.651077,,,,,,
1783538034.414,4347005.0,9397.249,44.653019,,,,,,
1783538034.415,4347010.0,9397.316,44.6502,,,,,,
1783538034.415,4347015.0,9395.869,44.654385,,,,,,
1783538034.416,4347020.0,9395.497,44.658081,,,,,,
1783538034.417,4347025.0,9396.205,44.656029,,,,,,
1783538034.418,4347030.0,9396.306,44.655739,,,,,,
1783538034.420,4347035.0,9396.744,44.657093,,,,,,
1783538034.420,4347040.0,9398.361,44.65242,,,,,,
1783538034.421,4347045.0,9398.158,44.653008,,,,,,
1783538034.422,4347050.0,9397.653,44.654469,,,,,,
1783538034.422,4347055.0,9397.855,44.651268,,,,,,
1783538034.423,4347060.0,9397.047,44.653603,,,,,,
1783538034.424,4347065.0,9395.834,44.657108,,,,,,
1783538034.424,4347070.0,9396.138,44.656223,,,,,,
1783538034.425,4347075.0,9397.249,44.653015,,,,,,
1783538034.625,4347080.0,9397.115,44.656021,,,,,,
1783538034.626,4347085.0,9397.351,44.655342,,,,,,
1783538034.627,4347090.0,9398.26,44.652714,,,,,,
1783538034.628,4347095.0,9398.227,44.650192,,,,,,
1783538034.629,4347100.0,9397.182,44.653214,,,,,,
1783538034.630,4347105.0,9396.879,44.654087,,,,,,
1783538034.630,4347110.0,9396.88,44.654076,,,,,,
1783538034.631,4347115.0,9395.633,44.655067,,,,,,
1783538034.632,4347120.0,9396.104,44.65633,,,,,,
1783538034.633,4347125.0,9396.912,44.653992,,,,,,
1783538034.634,4347130.0,9397.081,44.653496,,,,,,
1783538034.635,4347135.0,9397.754,44.651554,,,,,,
1783538034.635,4347140.0,9399.102,44.650284,,,,,,
1783538034.636,4347145.0,9398.631,44.651642,,,,,,
1783538034.637,4347150.0,9397.687,44.654369,,,,,,
1783538034.638,4347155.0,9397.62,44.654564,,,,,,
1783538034.640,4347160.0,9397.014,44.656315,,,,,,
1783538034.640,4347165.0,9395.229,44.661472,,,,,,
1783538034.641,4347170.0,9395.532,44.657978,,,,,,
1783538034.642,4347175.0,9396.373,44.655548,,,,,,
1783538034.643,4347180.0,9396.508,44.655159,,,,,,
1783538034.644,4347185.0,9396.172,44.656124,,,,,,
1783538034.644,4347190.0,9397.721,44.651653,,,,,,
1783538034.645,4347195.0,9397.889,44.651169,,,,,,
1783538034.646,4347200.0,9397.283,44.65292,,,,,,
1783538034.647,4347205.0,9397.316,44.652824,,,,,,
1783538034.647,4347210.0,9398.428,44.646988,,,,,,
1783538034.648,4347215.0,9397.822,44.648743,,,,,,
1783538034.649,4347220.0,9398.158,44.650391,,,,,,
1783538034.650,4347225.0,9398.935,44.64814,,,,,,
1783538034.650,4347230.0,9398.563,44.649216,,,,,,
1783538034.651,4347235.0,9397.553,44.654758,,,,,,
1783538034.652,4347240.0,9398.833,44.651058,,,,,,
1783538034.653,4347245.0,9398.058,44.653297,,,,,,
1783538034.654,4347250.0,9397.553,44.654758,,,,,,
1783538034.654,4347255.0,9398.26,44.652714,,,,,,
1783538034.656,4347260.0,9398.833,44.648441,,,,,,
1783538034.657,4347265.0,9396.913,44.653988,,,,,,
1783538034.658,4347270.0,9396.912,44.653992,,,,,,
1783538034.659,4347275.0,9397.014,44.65369,,,,,,
1783538034.660,4347280.0,9396.643,44.654766,,,,,,
1783538034.661,4347285.0,9396.576,44.657581,,,,,,
1783538034.662,4347290.0,9398.361,44.65242,,,,,,
1783538034.663,4347295.0,9398.765,44.651257,,,,,,
1783538034.664,4347300.0,9398.326,44.652523,,,,,,
1783538034.665,4347305.0,9397.788,44.654079,,,,,,
1783538034.666,4347310.0,9397.99,44.653492,,,,,,
1783538034.667,4347315.0,9396.845,44.656803,,,,,,
1783538034.801,4347320.0,9396.541,44.657681,,,,,,
1783538034.802,4347325.0,9397.047,44.656219,,,,,,
1783538034.803,4347330.0,9397.755,44.651558,,,,,,
1783538034.804,4347335.0,9397.553,44.652142,,,,,,
1783538034.805,4347340.0,9398.26,44.650097,,,,,,
1783538034.805,4347345.0,9397.889,44.651161,,,,,,
1783538034.806,4347350.0,9397.35,44.652725,,,,,,
1783538034.807,4347355.0,9397.586,44.654663,,,,,,
1783538034.808,4347360.0,9397.586,44.654663,,,,,,
1783538034.809,4347365.0,9396.272,44.658459,,,,,,
1783538034.810,4347370.0,9396.541,44.657681,,,,,,
1783538034.810,4347375.0,9397.148,44.655926,,,,,,
1783538034.811,4347380.0,9396.037,44.659138,,,,,,
1783538034.813,4347385.0,9395.666,44.66021,,,,,,
1783538034.814,4347390.0,9396.913,44.656605,,,,,,
1783538034.815,4347395.0,9396.947,44.656506,,,,,,
1783538034.816,4347400.0,9396.475,44.657871,,,,,,
1783538034.817,4347405.0,9396.945,44.656513,,,,,,
1783538034.818,4347410.0,9397.519,44.654858,,,,,,
1783538034.819,4347415.0,9396.509,44.657776,,,,,,
1783538034.820,4347420.0,9396.846,44.656799,,,,,,
1783538034.821,4347425.0,9397.519,44.654858,,,,,,
1783538034.822,4347430.0,9397.283,44.65292,,,,,,
1783538034.823,4347435.0,9396.979,44.653797,,,,,,
1783538034.824,4347440.0,9398.192,44.650291,,,,,,
1783538034.825,4347445.0,9398.428,44.649605,,,,,,
1783538034.826,4347450.0,9397.451,44.652431,,,,,,
1783538034.827,4347455.0,9398.159,44.650387,,,,,,
1783538034.828,4347460.0,9398.597,44.649124,,,,,,
1783538034.829,4347465.0,9397.216,44.653114,,,,,,
1783538034.829,4347470.0,9396.407,44.655445,,,,,,
1783538034.830,4347475.0,9397.182,44.65321,,,,,,
1783538034.831,4347480.0,9397.216,44.655731,,,,,,
1783538035.058,4347485.0,9397.485,44.652336,,,,,,
1783538035.059,4347490.0,9398.631,44.649025,,,,,,
1783538035.060,4347495.0,9399.068,44.647762,,,,,,
1783538035.061,4347500.0,9398.394,44.649704,,,,,,
1783538035.063,4347505.0,9398.326,44.649902,,,,,,
1783538035.064,4347510.0,9397.653,44.654469,,,,,,
1783538035.065,4347515.0,9397.013,44.656319,,,,,,
1783538035.065,4347520.0,9397.283,44.655537,,,,,,
1783538035.066,4347525.0,9397.99,44.653492,,,,,,
1783538035.067,4347530.0,9397.619,44.654568,,,,,,
1783538035.068,4347535.0,9397.586,44.654663,,,,,,
1783538035.068,4347540.0,9398.631,44.651642,,,,,,
1783538035.069,4347545.0,9398.563,44.651836,,,,,,
1783538035.070,4347550.0,9397.855,44.653885,,,,,,
1783538035.070,4347555.0,9397.889,44.651169,,,,,,
1783538035.072,4347560.0,9397.89,44.651169,,,,,,
1783538035.073,4347565.0,9396.205,44.656036,,,,,,
1783538035.074,4347570.0,9396.104,44.656322,,,,,,
1783538035.075,4347575.0,9396.912,44.653988,,,,,,
1783538035.075,4347580.0,9396.846,44.656799,,,,,,
1783538035.076,4347585.0,9397.048,44.653599,,,,,,
1783538035.077,4347590.0,9398.092,44.650581,,,,,,
1783538035.078,4347595.0,9397.99,44.650875,,,,,,
1783538035.079,4347600.0,9397.249,44.650394,,,,,,
1783538035.079,4347605.0,9397.248,44.650402,,,,,,
1783538035.080,4347610.0,9397.653,44.651852,,,,,,
1783538035.081,4347615.0,9397.147,44.653305,,,,,,
1783538035.081,4347620.0,9397.553,44.652138,,,,,,
1783538035.082,4347625.0,9397.822,44.65398,,,,,,
1783538035.082,4347630.0,9398.024,44.653397,,,,,,
1783538035.083,4347635.0,9397.316,44.655441,,,,,,
1783538035.084,4347640.0,9397.923,44.653687,,,,,,
1783538035.085,4347645.0,9397.416,44.652534,,,,,,
1783538035.085,4347650.0,9397.046,44.653606,,,,,,
1783538035.086,4347655.0,9397.248,44.653023,,,,,,
1783538035.086,4347660.0,9397.822,44.651356,,,,,,
1783538035.087,4347665.0,9396.677,44.654667,,,,,,
1783538035.088,4347670.0,9397.047,44.656219,,,,,,
1783538035.089,4347675.0,9397.316,44.655441,,,,,,
1783538035.090,4347680.0,9396.845,44.656803,,,,,,
1783538035.090,4347685.0,9396.509,44.657776,,,,,,
1783538035.091,4347690.0,9397.688,44.651752,,,,,,
1783538035.091,4347695.0,9397.451,44.652435,,,,,,
1783538035.092,4347700.0,9397.047,44.653603,,,,,,
1783538035.093,4347705.0,9397.619,44.651943,,,,,,
1783538035.093,4347710.0,9397.99,44.650871,,,,,,
1783538035.094,4347715.0,9396.912,44.656609,,,,,,
1783538035.094,4347720.0,9396.644,44.65477,,,,,,
1783538035.095,4347725.0,9396.979,44.653797,,,,,,
1783538035.096,4347730.0,9396.846,44.654182,,,,,,
1783538035.096,4347735.0,9396.374,44.65554,,,,,,
1783538035.097,4347740.0,9397.62,44.651943,,,,,,
1783538035.098,4347745.0,9397.924,44.653687,,,,,,
1783538035.098,4347750.0,9397.553,44.654758,,,,,,
1783538035.211,4347755.0,9397.385,44.655243,,,,,,
1783538035.212,4347760.0,9397.182,44.65583,,,,,,
1783538035.212,4347765.0,9395.936,44.659431,,,,,,
1783538035.213,4347770.0,9395.295,44.661282,,,,,,
1783538035.214,4347775.0,9396.306,44.65836,,,,,,
1783538035.214,4347780.0,9396.576,44.654964,,,,,,
1783538035.215,4347785.0,9396.778,44.654377,,,,,,
1783538035.216,4347790.0,9398.193,44.650291,,,,,,
1783538035.216,4347795.0,9399.002,44.647945,,,,,,
1783538035.217,4347800.0,9397.99,44.650871,,,,,,
1783538035.218,4347805.0,9397.62,44.654564,,,,,,
1783538035.219,4347810.0,9397.889,44.651169,,,,,,
1783538035.219,4347815.0,9396.945,44.653896,,,,,,
1783538035.220,4347820.0,9396.811,44.654285,,,,,,
1783538035.220,4347825.0,9398.193,44.647667,,,,,,
1783538035.221,4347830.0,9398.26,44.647476,,,,,,
1783538035.223,4347835.0,9398.26,44.650097,,,,,,
1783538035.224,4347840.0,9399.405,44.644165,,,,,,
1783538035.225,4347845.0,9399.541,44.643776,,,,,,
1783538035.225,4347850.0,9398.395,44.649708,,,,,,
1783538035.226,4347855.0,9398.529,44.649311,,,,,,
1783538035.227,4347860.0,9398.731,44.648731,,,,,,
1783538035.227,4347865.0,9397.451,44.655052,,,,,,
1783538035.228,4347870.0,9397.586,44.652046,,,,,,
1783538035.229,4347875.0,9398.529,44.649319,,,,,,
1783538035.229,4347880.0,9398.495,44.649418,,,,,,
1783538035.442,4347885.0,9398.227,44.650185,,,,,,
1783538035.443,4347890.0,9399.035,44.647854,,,,,,
1783538035.444,4347895.0,9398.968,44.650669,,,,,,
1783538035.445,4347900.0,9398.125,44.650486,,,,,,
1783538035.446,4347905.0,9397.956,44.650974,,,,,,
1783538035.446,4347910.0,9398.192,44.650291,,,,,,
1783538035.447,4347915.0,9397.283,44.652912,,,,,,
1783538035.449,4347920.0,9396.744,44.654472,,,,,,
1783538035.450,4347925.0,9397.688,44.651752,,,,,,
1783538035.451,4347930.0,9397.52,44.652237,,,,,,
1783538035.451,4347935.0,9397.216,44.653114,,,,,,
1783538035.452,4347940.0,9398.159,44.650379,,,,,,
1783538035.453,4347945.0,9398.124,44.650486,,,,,,
1783538035.454,4347950.0,9397.047,44.653603,,,,,,
1783538035.455,4347955.0,9397.35,44.652729,,,,,,
1783538035.455,4347960.0,9397.923,44.65107,,,,,,
1783538035.457,4347965.0,9397.35,44.652721,,,,,,
1783538035.458,4347970.0,9397.249,44.653015,,,,,,
1783538035.459,4347975.0,9398.294,44.649998,,,,,,
1783538035.460,4347980.0,9398.327,44.649902,,,,,,
1783538035.460,4347985.0,9397.957,44.648357,,,,,,
1783538035.461,4347990.0,9398.799,44.645916,,,,,,
1783538035.462,4347995.0,9399.372,44.644264,,,,,,
1783538035.463,4348000.0,9398.664,44.648922,,,,,,
1783538035.464,4348005.0,9398.462,44.649509,,,,,,
1783538035.465,4348010.0,9398.192,44.652908,,,,,,
1783538035.465,4348015.0,9396.845,44.656803,,,,,,
1783538035.466,4348020.0,9396.508,44.655159,,,,,,
1783538035.467,4348025.0,9396.946,44.653893,,,,,,
1783538035.468,4348030.0,9396.846,44.654182,,,,,,
1783538035.469,4348035.0,9397.114,44.650784,,,,,,
1783538035.469,4348040.0,9398.227,44.647572,,,,,,
1783538035.470,4348045.0,9398.26,44.650097,,,,,,
1783538035.471,4348050.0,9397.553,44.652134,,,,,,
1783538035.473,4348055.0,9397.956,44.65097,,,,,,
1783538035.474,4348060.0,9397.787,44.654079,,,,,,
1783538035.474,4348065.0,9397.014,44.656315,,,,,,
1783538035.475,4348070.0,9396.845,44.656803,,,,,,
1783538035.476,4348075.0,9398.125,44.653103,,,,,,
1783538035.477,4348080.0,9397.957,44.653591,,,,,,
1783538035.477,4348085.0,9397.956,44.653591,,,,,,
1783538035.478,4348090.0,9399.17,44.650085,,,,,,
1783538035.479,4348095.0,9399.404,44.649406,,,,,,
1783538035.480,4348100.0,9398.125,44.650486,,,,,,
1783538035.480,4348105.0,9397.855,44.651268,,,,,,
1783538035.481,4348110.0,9397.451,44.649818,,,,,,
1783538035.482,4348115.0,9396.104,44.653706,,,,,,
1783538035.483,4348120.0,9396.373,44.652927,,,,,,
1783538035.483,4348125.0,9396.609,44.654858,,,,,,
1783538035.484,4348130.0,9396.407,44.655449,,,,,,
1783538035.484,4348135.0,9396.643,44.657387,,,,,,
1783538035.610,4348140.0,9397.721,44.654274,,,,,,
1783538035.611,4348145.0,9397.283,44.655537,,,,,,
1783538035.613,4348150.0,9397.115,44.656021,,,,,,
1783538035.614,4348155.0,9397.451,44.655052,,,,,,
1783538035.615,4348160.0,9398.024,44.65078,,,,,,
1783538035.615,4348165.0,9396.576,44.654964,,,,,,
1783538035.616,4348170.0,9396.878,44.654091,,,,,,
1783538035.617,4348175.0,9397.688,44.651745,,,,,,
1783538035.618,4348180.0,9397.822,44.65136,,,,,,
1783538035.619,4348185.0,9396.979,44.656414,,,,,,
1783538035.620,4348190.0,9398.361,44.65242,,,,,,
1783538035.620,4348195.0,9398.058,44.653297,,,,,,
1783538035.621,4348200.0,9397.248,44.65564,,,,,,
1783538035.622,4348205.0,9397.519,44.652241,,,,,,
1783538035.623,4348210.0,9398.428,44.649612,,,,,,
1783538035.623,4348215.0,9397.653,44.651852,,,,,,
1783538035.624,4348220.0,9397.586,44.652039,,,,,,
1783538035.625,4348225.0,9398.732,44.648727,,,,,,
1783538035.626,4348230.0,9398.463,44.652126,,,,,,
1783538035.626,4348235.0,9397.99,44.653492,,,,,,
1783538035.627,4348240.0,9398.529,44.651936,,,,,,
1783538035.628,4348245.0,9398.765,44.651257,,,,,,
1783538035.629,4348250.0,9397.518,44.652241,,,,,,
1783538035.630,4348255.0,9397.653,44.651852,,,,,,
1783538035.630,4348260.0,9397.755,44.651558,,,,,,
1783538035.631,4348265.0,9396.912,44.653984,,,,,,
1783538035.632,4348270.0,9396.609,44.654861,,,,,,
1783538035.632,4348275.0,9397.114,44.656025,,,,,,
1783538035.633,4348280.0,9397.486,44.654949,,,,,,
1783538035.634,4348285.0,9397.519,44.654858,,,,,,
1783538035.859,4348290.0,9398.596,44.651745,,,,,,
1783538035.860,4348295.0,9398.799,44.651157,,,,,,
1783538035.861,4348300.0,9398.26,44.652714,,,,,,
1783538035.862,4348305.0,9398.024,44.653397,,,,,,
1783538035.863,4348310.0,9397.787,44.651463,,,,,,
1783538035.864,4348315.0,9396.709,44.654579,,,,,,
1783538035.864,4348320.0,9396.608,44.654869,,,,,,
1783538035.865,4348325.0,9397.62,44.649323,,,,,,
1783538035.866,4348330.0,9397.249,44.650398,,,,,,
1783538035.867,4348335.0,9396.947,44.653889,,,,,,
1783538035.868,4348340.0,9398.564,44.649208,,,,,,
1783538035.869,4348345.0,9398.833,44.648437,,,,,,
1783538035.870,4348350.0,9397.856,44.653881,,,,,,
1783538035.870,4348355.0,9397.822,44.65398,,,,,,
1783538035.871,4348360.0,9398.192,44.652908,,,,,,
1783538035.872,4348365.0,9397.013,44.656319,,,,,,
1783538035.873,4348370.0,9397.114,44.653408,,,,,,
1783538035.874,4348375.0,9398.023,44.65078,,,,,,
1783538035.875,4348380.0,9397.384,44.65263,,,,,,
1783538035.876,4348385.0,9396.811,44.654278,,,,,,
1783538035.876,4348390.0,9397.115,44.650784,,,,,,
1783538035.877,4348395.0,9397.182,44.653214,,,,,,
1783538035.878,4348400.0,9395.834,44.657108,,,,,,
1783538035.879,4348405.0,9396.777,44.651756,,,,,,
1783538035.880,4348410.0,9397.316,44.650204,,,,,,
1783538035.881,4348415.0,9396.475,44.655254,,,,,,
1783538035.882,4348420.0,9396.271,44.655834,,,,,,
1783538035.883,4348425.0,9397.014,44.653694,,,,,,
1783538035.884,4348430.0,9396.439,44.657974,,,,,,
1783538035.884,4348435.0,9396.811,44.656902,,,,,,
1783538035.885,4348440.0,9397.956,44.653591,,,,,,
1783538035.886,4348445.0,9397.854,44.651268,,,,,,
1783538035.887,4348450.0,9397.585,44.652046,,,,,,
1783538035.888,4348455.0,9397.854,44.651268,,,,,,
1783538035.889,4348460.0,9397.787,44.651455,,,,,,
1783538035.889,4348465.0,9396.811,44.654282,,,,,,
1783538035.890,4348470.0,9396.945,44.656513,,,,,,
1783538035.891,4348475.0,9397.687,44.654369,,,,,,
1783538035.892,4348480.0,9397.889,44.653786,,,,,,
1783538035.893,4348485.0,9397.216,44.655731,,,,,,
1783538035.894,4348490.0,9398.125,44.653103,,,,,,
1783538035.895,4348495.0,9397.99,44.653492,,,,,,
1783538035.896,4348500.0,9396.879,44.656704,,,,,,
1783538035.897,4348505.0,9396.677,44.657288,,,,,,
1783538035.898,4348510.0,9397.216,44.655731,,,,,,
1783538035.899,4348515.0,9396.271,44.658459,,,,,,
1783538035.900,4348520.0,9396.407,44.65807,,,,,,
1783538035.900,4348525.0,9397.451,44.655052,,,,,,
1783538035.901,4348530.0,9397.216,44.655731,,,,,,
1783538035.902,4348535.0,9397.146,44.655933,,,,,,
1783538035.903,4348540.0,9398.564,44.651833,,,,,,
1783538035.904,4348545.0,9398.496,44.652031,,,,,,
1783538035.904,4348550.0,9397.586,44.654663,,,,,,
1783538035.905,4348555.0,9398.057,44.653301,,,,,,
1783538036.049,4348560.0,9397.99,44.650875,,,,,,
1783538036.050,4348565.0,9396.407,44.655453,,,,,,
1783538036.051,4348570.0,9396.373,44.655548,,,,,,
1783538036.051,4348575.0,9397.654,44.65184,,,,,,
1783538036.053,4348580.0,9397.418,44.652527,,,,,,
1783538036.054,4348585.0,9397.62,44.654564,,,,,,
1783538036.055,4348590.0,9398.227,44.652809,,,,,,
1783538036.056,4348595.0,9397.755,44.651558,,,,,,
1783538036.057,4348600.0,9396.373,44.655548,,,,,,
1783538036.058,4348605.0,9396.609,44.654865,,,,,,
1783538036.058,4348610.0,9396.71,44.654568,,,,,,
1783538036.059,4348615.0,9396.205,44.656033,,,,,,
1783538036.060,4348620.0,9396.541,44.655064,,,,,,
1783538036.061,4348625.0,9397.755,44.651558,,,,,,
1783538036.061,4348630.0,9397.788,44.651463,,,,,,
1783538036.062,4348635.0,9397.552,44.652138,,,,,,
1783538036.063,4348640.0,9398.597,44.646503,,,,,,
1783538036.063,4348645.0,9399.002,44.647953,,,,,,
1783538036.064,4348650.0,9397.485,44.652336,,,,,,
1783538036.065,4348655.0,9397.114,44.6534,,,,,,
1783538036.065,4348660.0,9397.148,44.653305,,,,,,
1783538036.066,4348665.0,9396.509,44.657776,,,,,,
1783538036.067,4348670.0,9396.172,44.658749,,,,,,
1783538036.067,4348675.0,9397.553,44.654758,,,,,,
1783538036.068,4348680.0,9398.057,44.653301,,,,,,
1783538036.069,4348685.0,9397.688,44.654369,,,,,,
1783538036.069,4348690.0,9398.159,44.653004,,,,,,
1783538036.071,4348695.0,9398.361,44.649803,,,,,,
1783538036.072,4348700.0,9397.317,44.652821,,,,,,
1783538036.073,4348705.0,9396.945,44.653896,,,,,,
1783538036.073,4348710.0,9397.688,44.651745,,,,,,
1783538036.074,4348715.0,9396.912,44.651371,,,,,,
1783538036.074,4348720.0,9396.778,44.654377,,,,,,
1783538036.075,4348725.0,9397.755,44.651558,,,,,,
1783538036.277,4348730.0,9397.688,44.651745,,,,,,
1783538036.278,4348735.0,9396.845,44.654182,,,,,,
1783538036.279,4348740.0,9397.485,44.654953,,,,,,
1783538036.280,4348745.0,9397.519,44.654858,,,,,,
1783538036.281,4348750.0,9396.878,44.656708,,,,,,
1783538036.281,4348755.0,9397.147,44.65593,,,,,,
1783538036.282,4348760.0,9397.147,44.65593,,,,,,
1783538036.283,4348765.0,9396.271,44.655842,,,,,,
1783538036.284,4348770.0,9395.901,44.656914,,,,,,
1783538036.285,4348775.0,9396.677,44.654671,,,,,,
1783538036.286,4348780.0,9396.541,44.652439,,,,,,
1783538036.286,4348785.0,9397.014,44.651077,,,,,,
1783538036.287,4348790.0,9397.922,44.651073,,,,,,
1783538036.288,4348795.0,9398.326,44.649899,,,,,,
1783538036.289,4348800.0,9396.845,44.654182,,,,,,
1783538036.291,4348805.0,9396.979,44.656418,,,,,,
1783538036.291,4348810.0,9396.811,44.656902,,,,,,
1783538036.292,4348815.0,9396.542,44.657677,,,,,,
1783538036.293,4348820.0,9396.609,44.657482,,,,,,
1783538036.294,4348825.0,9398.227,44.652809,,,,,,
1783538036.295,4348830.0,9397.822,44.65398,,,,,,
1783538036.295,4348835.0,9397.586,44.654663,,,,,,
1783538036.296,4348840.0,9398.158,44.653008,,,,,,
1783538036.297,4348845.0,9397.99,44.653492,,,,,,
1783538036.298,4348850.0,9396.508,44.657776,,,,,,
1783538036.298,4348855.0,9396.879,44.656704,,,,,,
1783538036.299,4348860.0,9397.451,44.655052,,,,,,
1783538036.300,4348865.0,9396.139,44.658844,,,,,,
1783538036.301,4348870.0,9395.936,44.659431,,,,,,
1783538036.301,4348875.0,9397.385,44.655243,,,,,,
1783538036.302,4348880.0,9396.879,44.656704,,,,,,
1783538036.303,4348885.0,9396.44,44.655354,,,,,,
1783538036.304,4348890.0,9397.653,44.651852,,,,,,
1783538036.305,4348895.0,9398.092,44.650581,,,,,,
1783538036.306,4348900.0,9396.878,44.654083,,,,,,
1783538036.306,4348905.0,9397.081,44.6535,,,,,,
1783538036.307,4348910.0,9397.788,44.654079,,,,,,
1783538036.308,4348915.0,9397.08,44.656124,,,,,,
1783538036.309,4348920.0,9396.341,44.65826,,,,,,
1783538036.309,4348925.0,9397.587,44.654659,,,,,,
1783538036.311,4348930.0,9397.957,44.653591,,,,,,
1783538036.313,4348935.0,9397.351,44.655342,,,,,,
1783538036.313,4348940.0,9397.924,44.653687,,,,,,
1783538036.314,4348945.0,9398.731,44.651352,,,,,,
1783538036.315,4348950.0,9397.485,44.654953,,,,,,
1783538036.316,4348955.0,9397.283,44.655537,,,,,,
1783538036.316,4348960.0,9397.384,44.655247,,,,,,
1783538036.317,4348965.0,9396.879,44.656704,,,,,,
1783538036.450,4348970.0,9396.811,44.656902,,,,,,
1783538036.451,4348975.0,9397.923,44.653687,,,,,,
1783538036.452,4348980.0,9397.956,44.653591,,,,,,
1783538036.453,4348985.0,9397.99,44.653492,,,,,,
1783538036.453,4348990.0,9398.865,44.650967,,,,,,
1783538036.454,4348995.0,9398.865,44.64835,,,,,,
1783538036.455,4349000.0,9397.586,44.652046,,,,,,
1783538036.456,4349005.0,9396.879,44.654087,,,,,,
1783538036.457,4349010.0,9397.081,44.653496,,,,,,
1783538036.458,4349015.0,9396.07,44.656422,,,,,,
1783538036.458,4349020.0,9396.171,44.658752,,,,,,
1783538036.459,4349025.0,9397.384,44.65263,,,,,,
1783538036.460,4349030.0,9397.553,44.652142,,,,,,
1783538036.460,4349035.0,9397.519,44.652241,,,,,,
1783538036.461,4349040.0,9397.99,44.648251,,,,,,
1783538036.462,4349045.0,9397.787,44.648842,,,,,,
1783538036.462,4349050.0,9396.542,44.65506,,,,,,
1783538036.463,4349055.0,9397.047,44.653595,,,,,,
1783538036.464,4349060.0,9397.283,44.652916,,,,,,
1783538036.464,4349065.0,9396.542,44.657677,,,,,,
1783538036.465,4349070.0,9396.475,44.657871,,,,,,
1783538036.466,4349075.0,9397.956,44.653591,,,,,,
1783538036.466,4349080.0,9397.855,44.653885,,,,,,
1783538036.467,4349085.0,9397.384,44.65263,,,,,,
1783538036.468,4349090.0,9398.395,44.647091,,,,,,
1783538036.468,4349095.0,9398.192,44.647675,,,,,,
1783538036.469,4349100.0,9397.283,44.650295,,,,,,
1783538036.470,4349105.0,9397.855,44.648643,,,,,,
1783538036.470,4349110.0,9398.092,44.650578,,,,,,
1783538036.472,4349115.0,9397.048,44.656216,,,,,,
1783538036.473,4349120.0,9397.385,44.655243,,,,,,
1783538036.474,4349125.0,9398.463,44.652126,,,,,,
