timestamp_computer,timestamp,sensor1,sensor2,mag,width,crack_x,crack_size,serial out,response
1783537683.466,3994909.0,9415.035,44.646179,,,,,,
1783537683.467,3994914.0,9416.319,44.642467,,,,,,
1783537683.467,3994919.0,9416.32,44.639847,,,,,,
1783537683.468,3994924.0,9415.678,44.641701,,,,,,
1783537683.469,3994929.0,9415.881,44.643738,,,,,,
1783537683.470,3994934.0,9415.205,44.648308,,,,,,
1783537683.470,3994939.0,9413.953,44.651928,,,,,,
1783537683.471,3994944.0,9414.156,44.653961,,,,,,
1783537683.472,3994949.0,9414.494,44.652985,,,,,,
1783537683.473,3994954.0,9414.596,44.652691,,,,,,
1783537683.476,3994959.0,9415.104,44.648602,,,,,,
1783537683.478,3994964.0,9416.354,44.644989,,,,,,
1783537683.480,3994969.0,9416.252,44.642666,,,,,,
1783537683.482,3994974.0,9415.813,44.646553,,,,,,
1783537683.484,3994979.0,9415.916,44.643635,,,,,,
1783537683.485,3994984.0,9415.644,44.647041,,,,,,
1783537683.487,3994989.0,9414.63,44.649971,,,,,,
1783537683.487,3994994.0,9414.258,44.651047,,,,,,
1783537683.488,3994999.0,9414.866,44.646667,,,,,,
1783537683.489,3995004.0,9414.461,44.650459,,,,,,
1783537683.490,3995009.0,9414.189,44.648624,,,,,,
1783537683.490,3995014.0,9415.137,44.645885,,,,,,
1783537683.491,3995019.0,9415.408,44.645103,,,,,,
1783537683.492,3995024.0,9414.9,44.646568,,,,,,
1783537683.492,3995029.0,9415.104,44.64336,,,,,,
1783537683.494,3995034.0,9414.935,44.646469,,,,,,
1783537683.495,3995039.0,9413.683,44.65271,,,,,,
1783537683.496,3995044.0,9413.378,44.653591,,,,,,
1783537683.496,3995049.0,9414.123,44.654057,,,,,,
1783537683.497,3995054.0,9413.346,44.656303,,,,,,
1783537683.498,3995059.0,9413.412,44.656113,,,,,,
1783537683.498,3995064.0,9414.597,44.650066,,,,,,
1783537683.499,3995069.0,9414.935,44.64909,,,,,,
1783537683.500,3995074.0,9414.427,44.650558,,,,,,
1783537683.500,3995079.0,9415.44,44.647629,,,,,,
1783537683.501,3995084.0,9415.678,44.644321,,,,,,
1783537683.502,3995089.0,9414.967,44.648998,,,,,,
1783537683.502,3995094.0,9415.069,44.648701,,,,,,
1783537683.504,3995099.0,9415.238,44.645592,,,,,,
1783537683.505,3995104.0,9414.225,44.651142,,,,,,
1783537683.506,3995109.0,9414.63,44.649971,,,,,,
1783537683.506,3995114.0,9415.002,44.648895,,,,,,
1783537683.507,3995119.0,9414.631,44.649967,,,,,,
1783537683.508,3995124.0,9414.326,44.650848,,,,,,
1783537683.508,3995129.0,9415.273,44.648113,,,,,,
1783537683.509,3995134.0,9415.002,44.648895,,,,,,
1783537683.509,3995139.0,9413.717,44.64999,,,,,,
1783537683.511,3995144.0,9413.92,44.649403,,,,,,
1783537683.512,3995149.0,9414.122,44.648819,,,,,,
1783537683.512,3995154.0,9413.412,44.648251,,,,,,
1783537683.513,3995159.0,9413.615,44.647663,,,,,,
1783537683.514,3995164.0,9414.969,44.643753,,,,,,
1783537683.514,3995169.0,9414.528,44.645023,,,,,,
1783537683.515,3995174.0,9414.596,44.647449,,,,,,
1783537683.516,3995179.0,9414.866,44.646667,,,,,,
1783537683.516,3995184.0,9414.528,44.647644,,,,,,
1783537683.517,3995189.0,9413.514,44.650578,,,,,,
1783537683.517,3995194.0,9413.346,44.651062,,,,,,
1783537683.518,3995199.0,9413.108,44.651749,,,,,,
1783537683.519,3995204.0,9413.277,44.65126,,,,,,
1783537683.520,3995209.0,9413.582,44.653,,,,,,
1783537683.521,3995214.0,9415.002,44.648895,,,,,,
1783537683.521,3995219.0,9415.34,44.647919,,,,,,
1783537683.522,3995224.0,9415.576,44.644615,,,,,,
1783537683.522,3995229.0,9415.745,44.644127,,,,,,
1783537683.523,3995234.0,9415.51,44.642189,,,,,,
1783537683.524,3995239.0,9414.19,44.648621,,,,,,
1783537683.524,3995244.0,9414.122,44.648819,,,,,,
1783537683.525,3995249.0,9413.852,44.649601,,,,,,
1783537683.525,3995254.0,9413.547,44.650482,,,,,,
1783537683.526,3995259.0,9413.209,44.654076,,,,,,
1783537683.527,3995264.0,9413.92,44.649403,,,,,,
1783537683.528,3995269.0,9414.393,44.648037,,,,,,
1783537683.528,3995274.0,9414.63,44.64735,,,,,,
1783537683.529,3995279.0,9414.799,44.646862,,,,,,
1783537683.530,3995284.0,9414.832,44.644146,,,,,,
1783537683.530,3995289.0,9414.697,44.644535,,,,,,
1783537683.531,3995294.0,9414.393,44.645416,,,,,,
1783537683.531,3995299.0,9414.596,44.647449,,,,,,
1783537683.532,3995304.0,9414.765,44.649582,,,,,,
1783537683.533,3995309.0,9415.339,44.647923,,,,,,
1783537683.534,3995314.0,9415.644,44.647041,,,,,,
1783537683.535,3995319.0,9416.084,44.648392,,,,,,
1783537683.535,3995324.0,9415.948,44.646164,,,,,,
1783537683.536,3995329.0,9415.948,44.646164,,,,,,
1783537683.536,3995334.0,9415.678,44.646942,,,,,,
1783537683.537,3995339.0,9414.731,44.652298,,,,,,
1783537683.538,3995344.0,9414.393,44.650658,,,,,,
1783537683.538,3995349.0,9414.088,44.65416,,,,,,
1783537683.539,3995354.0,9413.447,44.65601,,,,,,
1783537683.540,3995359.0,9413.277,44.656502,,,,,,
1783537683.540,3995364.0,9414.326,44.653469,,,,,,
1783537683.541,3995369.0,9414.123,44.654057,,,,,,
1783537683.541,3995374.0,9414.157,44.653957,,,,,,
1783537683.542,3995379.0,9415.002,44.651516,,,,,,
1783537683.543,3995384.0,9415.339,44.650543,,,,,,
1783537683.543,3995389.0,9414.494,44.652985,,,,,,
1783537683.544,3995394.0,9414.866,44.651909,,,,,,
1783537683.545,3995399.0,9414.866,44.651909,,,,,,
1783537683.545,3995404.0,9413.92,44.652023,,,,,,
1783537683.546,3995409.0,9413.412,44.653492,,,,,,
1783537683.547,3995414.0,9414.359,44.648132,,,,,,
1783537683.547,3995419.0,9414.19,44.648621,,,,,,
1783537683.548,3995424.0,9414.123,44.648815,,,,,,
1783537683.549,3995429.0,9414.799,44.646862,,,,,,
1783537683.550,3995434.0,9415.51,44.64481,,,,,,
1783537683.551,3995439.0,9414.326,44.648228,,,,,,
1783537683.551,3995444.0,9414.563,44.647545,,,,,,
1783537683.552,3995449.0,9415.104,44.645981,,,,,,
1783537683.552,3995454.0,9414.597,44.650066,,,,,,
1783537683.553,3995459.0,9414.359,44.650753,,,,,,
1783537683.554,3995464.0,9415.237,44.648216,,,,,,
1783537683.554,3995469.0,9414.833,44.649384,,,,,,
1783537683.555,3995474.0,9414.527,44.650269,,,,,,
1783537683.556,3995479.0,9415.542,44.644714,,,,,,
1783537683.556,3995484.0,9415.576,44.644615,,,,,,
1783537683.557,3995489.0,9415.002,44.648895,,,,,,
1783537683.557,3995494.0,9415.644,44.647041,,,,,,
1783537683.558,3995499.0,9415.982,44.643444,,,,,,
1783537683.559,3995504.0,9415.271,44.648117,,,,,,
1783537683.559,3995509.0,9415.373,44.647823,,,,,,
1783537683.560,3995514.0,9416.557,44.641785,,,,,,
1783537683.561,3995519.0,9416.185,44.64286,,,,,,
1783537683.562,3995524.0,9415.779,44.646652,,,,,,
1783537683.562,3995529.0,9416.22,44.642757,,,,,,
1783537683.563,3995534.0,9416.253,44.642662,,,,,,
1783537683.564,3995539.0,9415.069,44.648701,,,,,,
1783537683.564,3995544.0,9415.509,44.650051,,,,,,
1783537683.565,3995549.0,9415.779,44.646652,,,,,,
1783537683.566,3995554.0,9415.036,44.648796,,,,,,
1783537683.567,3995559.0,9414.359,44.653374,,,,,,
1783537683.567,3995564.0,9415.036,44.648796,,,,,,
1783537683.568,3995569.0,9414.292,44.648327,,,,,,
1783537683.568,3995574.0,9414.393,44.648037,,,,,,
1783537683.569,3995579.0,9415.341,44.645298,,,,,,
1783537683.570,3995584.0,9415.61,44.64452,,,,,,
1783537683.570,3995589.0,9414.967,44.648998,,,,,,
1783537683.571,3995594.0,9415.306,44.648018,,,,,,
1783537683.571,3995599.0,9415.035,44.651421,,,,,,
1783537683.572,3995604.0,9413.886,44.654743,,,,,,
1783537683.573,3995609.0,9413.986,44.651833,,,,,,
1783537683.573,3995614.0,9415.002,44.646275,,,,,,
1783537683.574,3995619.0,9415.036,44.646175,,,,,,
1783537683.575,3995624.0,9414.698,44.647152,,,,,,
1783537683.575,3995629.0,9415.408,44.647724,,,,,,
1783537683.576,3995634.0,9415.712,44.649467,,,,,,
1783537683.577,3995639.0,9414.596,44.652691,,,,,,
1783537683.578,3995644.0,9414.358,44.653378,,,,,,
1783537683.578,3995649.0,9414.865,44.649292,,,,,,
1783537683.579,3995654.0,9414.258,44.648426,,,,,,
1783537683.580,3995659.0,9414.461,44.645218,,,,,,
1783537683.580,3995664.0,9415.339,44.645302,,,,,,
1783537683.582,3995669.0,9415.205,44.645687,,,,,,
1783537683.582,3995674.0,9414.664,44.647251,,,,,,
1783537683.584,3995679.0,9414.833,44.646763,,,,,,
1783537683.585,3995684.0,9414.596,44.647449,,,,,,
1783537683.587,3995689.0,9413.683,44.650089,,,,,,
1783537683.588,3995694.0,9414.19,44.648621,,,,,,
1783537683.590,3995699.0,9414.461,44.650459,,,,,,
1783537683.591,3995704.0,9414.562,44.650169,,,,,,
1783537683.592,3995709.0,9414.358,44.653378,,,,,,
1783537683.592,3995714.0,9415.238,44.648212,,,,,,
1783537683.593,3995719.0,9415.103,44.648605,,,,,,
1783537683.594,3995724.0,9415.068,44.646084,,,,,,
1783537683.595,3995729.0,9415.915,44.646259,,,,,,
1783537683.596,3995734.0,9416.05,44.64325,,,,,,
1783537683.596,3995739.0,9414.969,44.646374,,,,,,
1783537683.598,3995744.0,9414.596,44.65007,,,,,,
1783537683.598,3995749.0,9414.799,44.649483,,,,,,
1783537683.599,3995754.0,9413.953,44.649307,,,,,,
1783537683.600,3995759.0,9413.784,44.652416,,,,,,
1783537683.600,3995764.0,9415.002,44.648895,,,,,,
1783537683.601,3995769.0,9415.475,44.64753,,,,,,
1783537683.602,3995774.0,9415.239,44.648212,,,,,,
1783537683.602,3995779.0,9415.915,44.646259,,,,,,
1783537683.603,3995784.0,9416.118,44.645672,,,,,,
1783537683.604,3995789.0,9414.597,44.652687,,,,,,
1783537683.604,3995794.0,9414.428,44.653175,,,,,,
1783537683.605,3995799.0,9414.732,44.654922,,,,,,
1783537683.605,3995804.0,9414.156,44.656586,,,,,,
1783537683.606,3995809.0,9413.615,44.65815,,,,,,
1783537683.607,3995814.0,9414.967,44.654243,,,,,,
1783537683.607,3995819.0,9414.697,44.652397,,,,,,
1783537683.608,3995824.0,9413.953,44.651928,,,,,,
1783537683.609,3995829.0,9414.63,44.652592,,,,,,
1783537683.609,3995834.0,9414.663,44.649876,,,,,,
1783537683.610,3995839.0,9413.447,44.650768,,,,,,
1783537683.611,3995844.0,9413.447,44.650768,,,,,,
1783537683.612,3995849.0,9413.954,44.649303,,,,,,
1783537683.612,3995854.0,9413.075,44.649223,,,,,,
1783537683.613,3995859.0,9413.412,44.650871,,,,,,
1783537683.614,3995864.0,9414.697,44.647156,,,,,,
1783537683.615,3995869.0,9414.799,44.649483,,,,,,
1783537683.616,3995874.0,9414.528,44.650265,,,,,,
1783537683.616,3995879.0,9415.475,44.65015,,,,,,
1783537683.617,3995884.0,9415.51,44.650051,,,,,,
1783537683.618,3995889.0,9414.697,44.652397,,,,,,
1783537683.618,3995894.0,9415.036,44.651417,,,,,,
1783537683.619,3995899.0,9415.373,44.653069,,,,,,
1783537683.619,3995904.0,9414.494,44.652985,,,,,,
1783537683.620,3995909.0,9414.46,44.653084,,,,,,
1783537683.621,3995914.0,9414.799,44.652103,,,,,,
1783537683.621,3995919.0,9414.359,44.653374,,,,,,
1783537683.622,3995924.0,9414.393,44.650658,,,,,,
1783537683.622,3995929.0,9414.9,44.65181,,,,,,
1783537683.623,3995934.0,9414.697,44.649776,,,,,,
1783537683.624,3995939.0,9414.427,44.650558,,,,,,
1783537683.624,3995944.0,9414.765,44.649582,,,,,,
1783537683.625,3995949.0,9414.563,44.650166,,,,,,
1783537683.625,3995954.0,9414.021,44.651733,,,,,,
1783537683.626,3995959.0,9414.089,44.651535,,,,,,
1783537683.627,3995964.0,9414.799,44.652103,,,,,,
1783537683.628,3995969.0,9414.562,44.650169,,,,,,
1783537683.629,3995974.0,9414.663,44.649876,,,,,,
1783537683.630,3995979.0,9414.934,44.646473,,,,,,
1783537683.632,3995984.0,9414.799,44.646862,,,,,,
1783537683.633,3995989.0,9414.021,44.646492,,,,,,
1783537683.634,3995994.0,9413.751,44.649891,,,,,,
1783537683.635,3995999.0,9413.683,44.650089,,,,,,
1783537683.636,3996004.0,9413.48,44.650673,,,,,,
1783537683.637,3996009.0,9412.939,44.652237,,,,,,
1783537683.638,3996014.0,9413.818,44.649696,,,,,,
1783537683.639,3996019.0,9414.19,44.646,,,,,,
1783537683.640,3996024.0,9414.427,44.647938,,,,,,
1783537683.641,3996029.0,9414.935,44.646469,,,,,,
1783537683.642,3996034.0,9415.542,44.647335,,,,,,
1783537683.643,3996039.0,9414.764,44.649586,,,,,,
1783537683.644,3996044.0,9414.731,44.649677,,,,,,
1783537683.646,3996049.0,9414.731,44.647057,,,,,,
1783537683.647,3996054.0,9414.156,44.64872,,,,,,
1783537683.647,3996059.0,9413.987,44.649208,,,,,,
1783537683.648,3996064.0,9414.393,44.648037,,,,,,
1783537683.649,3996069.0,9414.156,44.65134,,,,,,
1783537683.650,3996074.0,9413.412,44.653492,,,,,,
1783537683.651,3996079.0,9413.885,44.652126,,,,,,
1783537683.651,3996084.0,9414.123,44.651436,,,,,,
1783537683.652,3996089.0,9413.447,44.653389,,,,,,
1783537683.653,3996094.0,9413.278,44.653877,,,,,,
1783537683.654,3996099.0,9413.447,44.653389,,,,,,
1783537683.654,3996104.0,9413.244,44.653976,,,,,,
1783537683.655,3996109.0,9412.939,44.652237,,,,,,
1783537683.656,3996114.0,9414.021,44.649109,,,,,,
1783537683.657,3996119.0,9414.529,44.64764,,,,,,
1783537683.657,3996124.0,9414.934,44.646473,,,,,,
1783537683.658,3996129.0,9415.408,44.647724,,,,,,
1783537683.659,3996134.0,9415.948,44.646164,,,,,,
1783537683.660,3996139.0,9414.934,44.651714,,,,,,
1783537683.661,3996144.0,9414.967,44.651619,,,,,,
1783537683.662,3996149.0,9414.967,44.651619,,,,,,
1783537683.663,3996154.0,9414.393,44.650658,,,,,,
1783537683.664,3996159.0,9414.291,44.653572,,,,,,
1783537683.665,3996164.0,9414.764,44.649586,,,,,,
1783537683.665,3996169.0,9414.189,44.648624,,,,,,
1783537683.666,3996174.0,9413.75,44.649895,,,,,,
1783537683.667,3996179.0,9413.717,44.64999,,,,,,
1783537683.668,3996184.0,9413.751,44.649891,,,,,,
1783537683.668,3996189.0,9413.345,44.651066,,,,,,
1783537683.669,3996194.0,9413.886,44.652122,,,,,,
1783537683.670,3996199.0,9414.088,44.651539,,,,,,
1783537683.670,3996204.0,9414.156,44.653961,,,,,,
1783537683.671,3996209.0,9414.156,44.65134,,,,,,
1783537683.672,3996214.0,9414.9,44.65181,,,,,,
1783537683.672,3996219.0,9414.833,44.649384,,,,,,
1783537683.673,3996224.0,9414.596,44.65007,,,,,,
1783537683.674,3996229.0,9415.205,44.645687,,,,,,
1783537683.674,3996234.0,9415.17,44.648411,,,,,,
1783537683.675,3996239.0,9414.596,44.647449,,,,,,
1783537683.676,3996244.0,9414.866,44.649288,,,,,,
1783537683.676,3996249.0,9415.847,44.646454,,,,,,
1783537683.677,3996254.0,9414.935,44.651711,,,,,,
1783537683.678,3996259.0,9414.9,44.649189,,,,,,
1783537683.679,3996264.0,9415.712,44.649467,,,,,,
1783537683.679,3996269.0,9415.239,44.648212,,,,,,
1783537683.680,3996274.0,9414.359,44.653374,,,,,,
1783537683.681,3996279.0,9415.138,44.648506,,,,,,
1783537683.681,3996284.0,9415.441,44.647625,,,,,,
1783537683.682,3996289.0,9414.833,44.649384,,,,,,
1783537683.683,3996294.0,9415.137,44.648506,,,,,,
1783537683.683,3996299.0,9416.017,44.645966,,,,,,
1783537683.684,3996304.0,9415.542,44.647335,,,,,,
1783537683.685,3996309.0,9415.307,44.648018,,,,,,
1783537683.685,3996314.0,9415.982,44.643444,,,,,,
1783537683.686,3996319.0,9415.981,44.646065,,,,,,
1783537683.686,3996324.0,9415.644,44.644421,,,,,,
1783537683.687,3996329.0,9416.151,44.642956,,,,,,
1783537683.688,3996334.0,9415.713,44.646843,,,,,,
1783537686.231,3996339.0,9414.461,44.650459,,,,,,
1783537686.232,3996344.0,9414.461,44.650459,,,,,,
1783537686.232,3996349.0,9414.156,44.65134,,,,,,
1783537686.233,3996354.0,9413.548,44.653099,,,,,,
1783537686.234,3996359.0,9414.63,44.64735,,,,,,
1783537686.235,3996364.0,9415.779,44.644032,,,,,,
1783537686.235,3996369.0,9415.678,44.641701,,,,,,
1783537686.236,3996374.0,9415.239,44.642971,,,,,,
1783537686.237,3996379.0,9415.915,44.643639,,,,,,
1783537686.237,3996384.0,9415.104,44.645981,,,,,,
1783537686.238,3996389.0,9414.563,44.647545,,,,,,
1783537686.239,3996394.0,9414.766,44.649578,,,,,,
1783537686.239,3996399.0,9415.373,44.647823,,,,,,
1783537686.240,3996404.0,9414.765,44.649582,,,,,,
1783537686.241,3996409.0,9415.035,44.6488,,,,,,
1783537686.241,3996414.0,9415.509,44.650051,,,,,,
1783537686.242,3996419.0,9415.17,44.648411,,,,,,
1783537686.243,3996424.0,9414.865,44.651913,,,,,,
1783537686.243,3996429.0,9415.509,44.64743,,,,,,
1783537686.244,3996434.0,9415.61,44.649761,,,,,,
1783537686.245,3996439.0,9415.002,44.648895,,,,,,
1783537686.245,3996444.0,9414.968,44.648994,,,,,,
1783537686.247,3996449.0,9415.678,44.644321,,,,,,
1783537686.247,3996454.0,9415.17,44.64579,,,,,,
1783537686.248,3996459.0,9414.833,44.646763,,,,,,
1783537686.249,3996464.0,9415.441,44.645004,,,,,,
1783537686.249,3996469.0,9416.32,44.645088,,,,,,
1783537686.250,3996474.0,9415.914,44.646259,,,,,,
1783537686.251,3996479.0,9416.186,44.648098,,,,,,
1783537686.251,3996484.0,9416.625,44.644207,,,,,,
1783537686.252,3996489.0,9415.476,44.65015,,,,,,
1783537686.252,3996494.0,9415.205,44.648308,,,,,,
1783537686.253,3996499.0,9415.779,44.649273,,,,,,
1783537686.254,3996504.0,9415.104,44.651222,,,,,,
1783537686.255,3996509.0,9415.069,44.651321,,,,,,
1783537686.255,3996514.0,9416.287,44.647804,,,,,,
1783537686.256,3996519.0,9415.645,44.649662,,,,,,
1783537686.257,3996524.0,9415.239,44.650833,,,,,,
1783537686.257,3996529.0,9416.761,44.643814,,,,,,
1783537686.258,3996534.0,9416.389,44.647511,,,,,,
1783537686.259,3996539.0,9415.239,44.648212,,,,,,
1783537686.260,3996544.0,9416.018,44.648582,,,,,,
1783537686.260,3996549.0,9416.018,44.645962,,,,,,
1783537686.261,3996554.0,9414.766,44.649578,,,,,,
1783537686.261,3996559.0,9415.104,44.648602,,,,,,
1783537686.262,3996564.0,9416.05,44.64587,,,,,,
1783537686.263,3996569.0,9415.171,44.648407,,,,,,
1783537686.263,3996574.0,9414.799,44.649483,,,,,,
1783537686.264,3996579.0,9415.104,44.651222,,,,,,
1783537686.265,3996584.0,9414.799,44.652103,,,,,,
1783537686.265,3996589.0,9414.054,44.656883,,,,,,
1783537686.266,3996594.0,9414.967,44.654243,,,,,,
1783537686.266,3996599.0,9415.713,44.652088,,,,,,
1783537686.267,3996604.0,9414.665,44.652493,,,,,,
1783537686.268,3996609.0,9414.698,44.649773,,,,,,
1783537686.268,3996614.0,9415.814,44.643929,,,,,,
1783537686.269,3996619.0,9415.442,44.642384,,,,,,
1783537686.270,3996624.0,9414.631,44.647346,,,,,,
1783537686.270,3996629.0,9416.321,44.642464,,,,,,
1783537686.271,3996634.0,9416.117,44.643055,,,,,,
1783537686.272,3996639.0,9414.867,44.649284,,,,,,
1783537686.272,3996644.0,9414.967,44.648998,,,,,,
1783537686.273,3996649.0,9415.408,44.647724,,,,,,
1783537686.273,3996654.0,9414.393,44.650658,,,,,,
1783537686.274,3996659.0,9414.9,44.65181,,,,,,
1783537686.275,3996664.0,9415.475,44.65015,,,,,,
1783537686.275,3996669.0,9415.205,44.650928,,,,,,
1783537686.276,3996674.0,9414.866,44.649288,,,,,,
1783537686.277,3996679.0,9415.543,44.647335,,,,,,
1783537686.277,3996684.0,9414.934,44.649094,,,,,,
1783537686.278,3996689.0,9414.46,44.647842,,,,,,
1783537686.279,3996694.0,9414.765,44.649582,,,,,,
1783537686.279,3996699.0,9415.17,44.648411,,,,,,
1783537686.280,3996704.0,9415.002,44.651516,,,,,,
1783537686.281,3996709.0,9415.576,44.647236,,,,,,
1783537686.281,3996714.0,9416.557,44.647026,,,,,,
1783537686.282,3996719.0,9416.287,44.645184,,,,,,
1783537686.282,3996724.0,9416.084,44.648392,,,,,,
1783537686.283,3996729.0,9416.186,44.645477,,,,,,
1783537686.284,3996734.0,9415.915,44.646259,,,,,,
1783537686.284,3996739.0,9414.967,44.648998,,,,,,
1783537686.285,3996744.0,9414.967,44.648998,,,,,,
1783537686.286,3996749.0,9415.069,44.648701,,,,,,
1783537686.286,3996754.0,9414.427,44.650558,,,,,,
1783537686.287,3996759.0,9414.596,44.652691,,,,,,
1783537686.288,3996764.0,9415.475,44.64753,,,,,,
1783537686.288,3996769.0,9415.17,44.648411,,,,,,
1783537686.289,3996774.0,9415.002,44.648895,,,,,,
1783537686.290,3996779.0,9415.713,44.646843,,,,,,
1783537686.290,3996784.0,9415.407,44.647724,,,,,,
1783537686.291,3996789.0,9414.73,44.649681,,,,,,
1783537686.291,3996794.0,9415.001,44.65152,,,,,,
1783537686.292,3996799.0,9415.237,44.650837,,,,,,
1783537686.293,3996804.0,9414.46,44.653084,,,,,,
1783537686.293,3996809.0,9414.46,44.650463,,,,,,
1783537686.294,3996814.0,9415.238,44.648212,,,,,,
1783537686.295,3996819.0,9415.035,44.6488,,,,,,
1783537686.295,3996824.0,9414.089,44.651535,,,,,,
1783537686.296,3996829.0,9414.427,44.650558,,,,,,
1783537686.296,3996834.0,9414.697,44.652397,,,,,,
1783537686.297,3996839.0,9414.056,44.654251,,,,,,
1783537686.298,3996844.0,9414.156,44.653961,,,,,,
1783537686.298,3996849.0,9414.866,44.649288,,,,,,
1783537686.299,3996854.0,9414.63,44.649971,,,,,,
1783537686.300,3996859.0,9414.461,44.647839,,,,,,
1783537686.300,3996864.0,9415.408,44.645103,,,,,,
1783537686.301,3996869.0,9415.814,44.641308,,,,,,
1783537686.302,3996874.0,9415.172,44.643166,,,,,,
1783537686.302,3996879.0,9416.221,44.640133,,,,,,
1783537686.303,3996884.0,9416.018,44.64072,,,,,,
1783537686.303,3996889.0,9414.428,44.645313,,,,,,
1783537686.304,3996894.0,9413.785,44.649792,,,,,,
1783537686.305,3996899.0,9414.428,44.647934,,,,,,
1783537686.305,3996904.0,9413.581,44.653004,,,,,,
1783537686.306,3996909.0,9413.447,44.653389,,,,,,
1783537686.306,3996914.0,9414.189,44.653866,,,,,,
1783537686.307,3996919.0,9414.189,44.651245,,,,,,
1783537686.308,3996924.0,9414.089,44.651535,,,,,,
1783537686.308,3996929.0,9414.765,44.649582,,,,,,
1783537686.309,3996934.0,9415.306,44.648018,,,,,,
1783537686.310,3996939.0,9414.865,44.646671,,,,,,
1783537686.311,3996944.0,9414.935,44.646469,,,,,,
1783537686.311,3996949.0,9415.44,44.647629,,,,,,
1783537686.312,3996954.0,9414.833,44.646763,,,,,,
1783537686.313,3996959.0,9414.563,44.647545,,,,,,
1783537686.313,3996964.0,9415.509,44.64743,,,,,,
1783537686.314,3996969.0,9415.678,44.646942,,,,,,
1783537686.315,3996974.0,9414.528,44.650265,,,,,,
1783537686.315,3996979.0,9414.393,44.650658,,,,,,
1783537686.316,3996984.0,9414.021,44.65435,,,,,,
1783537686.318,3996989.0,9412.736,44.655445,,,,,,
1783537686.319,3996994.0,9412.838,44.657772,,,,,,
1783537686.320,3996999.0,9413.751,44.652512,,,,,,
1783537686.320,3997004.0,9413.479,44.655918,,,,,,
1783537686.321,3997009.0,9413.783,44.65242,,,,,,
1783537686.322,3997014.0,9414.697,44.649776,,,,,,
1783537686.322,3997019.0,9414.731,44.647057,,,,,,
1783537686.323,3997024.0,9414.291,44.648331,,,,,,
1783537686.323,3997029.0,9415.17,44.64579,,,,,,
1783537686.324,3997034.0,9414.9,44.649189,,,,,,
1783537686.325,3997039.0,9413.92,44.654644,,,,,,
1783537686.326,3997044.0,9413.818,44.657562,,,,,,
1783537686.327,3997049.0,9414.021,44.656975,,,,,,
1783537686.328,3997054.0,9413.209,44.659321,,,,,,
1783537686.329,3997059.0,9413.684,44.655327,,,,,,
1783537686.330,3997064.0,9415.002,44.651516,,,,,,
1783537686.331,3997069.0,9414.935,44.64909,,,,,,
1783537686.331,3997074.0,9415.002,44.648895,,,,,,
1783537686.332,3997079.0,9416.117,44.645676,,,,,,
1783537686.332,3997084.0,9415.678,44.646942,,,,,,
1783537686.333,3997089.0,9414.664,44.649872,,,,,,
1783537686.334,3997094.0,9415.002,44.651516,,,,,,
1783537686.334,3997099.0,9415.002,44.65414,,,,,,
1783537686.335,3997104.0,9413.987,44.654449,,,,,,
1783537686.336,3997109.0,9414.731,44.654922,,,,,,
1783537686.336,3997114.0,9415.61,44.649761,,,,,,
1783537686.337,3997119.0,9415.475,44.65015,,,,,,
1783537686.337,3997124.0,9415.17,44.651031,,,,,,
1783537686.338,3997129.0,9415.779,44.651897,,,,,,
1783537686.339,3997134.0,9415.271,44.653362,,,,,,
1783537686.339,3997139.0,9414.799,44.654728,,,,,,
1783537686.340,3997144.0,9414.799,44.654728,,,,,,
1783537686.341,3997149.0,9414.968,44.65424,,,,,,
1783537686.341,3997154.0,9414.122,44.65406,,,,,,
1783537686.342,3997159.0,9414.562,44.65279,,,,,,
1783537686.343,3997164.0,9415.068,44.65395,,,,,,
1783537686.343,3997169.0,9415.307,44.650639,,,,,,
1783537686.344,3997174.0,9415.205,44.648308,,,,,,
1783537686.345,3997179.0,9416.253,44.647903,,,,,,
1783537686.345,3997184.0,9416.016,44.645969,,,,,,
1783537686.346,3997189.0,9414.462,44.650455,,,,,,
1783537686.346,3997194.0,9413.582,44.655621,,,,,,
1783537686.347,3997199.0,9413.684,44.655327,,,,,,
1783537686.348,3997204.0,9412.939,44.654858,,,,,,
1783537686.349,3997209.0,9413.041,44.657185,,,,,,
1783537686.350,3997214.0,9414.495,44.65036,,,,,,
1783537686.350,3997219.0,9415.44,44.645008,,,,,,
1783537686.351,3997224.0,9415.307,44.648018,,,,,,
1783537686.351,3997229.0,9416.084,44.645771,,,,,,
1783537686.352,3997234.0,9415.713,44.644222,,,,,,
1783537686.353,3997239.0,9414.968,44.648994,,,,,,
1783537686.353,3997244.0,9414.494,44.652985,,,,,,
1783537686.354,3997249.0,9415.307,44.648018,,,,,,
1783537686.355,3997254.0,9414.528,44.650265,,,,,,
1783537686.355,3997259.0,9414.427,44.650558,,,,,,
1783537686.356,3997264.0,9414.9,44.646568,,,,,,
1783537686.356,3997269.0,9414.967,44.643757,,,,,,
1783537686.357,3997274.0,9414.156,44.646099,,,,,,
1783537686.358,3997279.0,9414.799,44.646862,,,,,,
1783537686.358,3997284.0,9415.205,44.645687,,,,,,
1783537686.359,3997289.0,9414.9,44.649189,,,,,,
1783537686.360,3997294.0,9414.968,44.648994,,,,,,
1783537686.361,3997299.0,9415.306,44.650639,,,,,,
1783537686.361,3997304.0,9413.987,44.654449,,,,,,
1783537686.362,3997309.0,9414.156,44.653961,,,,,,
1783537686.362,3997314.0,9415.307,44.648018,,,,,,
1783537686.363,3997319.0,9415.138,44.651127,,,,,,
1783537686.364,3997324.0,9414.969,44.648994,,,,,,
1783537686.365,3997329.0,9416.321,44.642464,,,,,,
1783537686.365,3997334.0,9415.881,44.646358,,,,,,
1783537686.366,3997339.0,9414.833,44.649384,,,,,,
1783537686.366,3997344.0,9415.373,44.645203,,,,,,
1783537686.367,3997349.0,9415.51,44.64481,,,,,,
1783537686.368,3997354.0,9414.088,44.648918,,,,,,
1783537686.368,3997359.0,9414.359,44.648132,,,,,,
1783537686.369,3997364.0,9415.17,44.64579,,,,,,
1783537686.370,3997369.0,9414.359,44.648132,,,,,,
1783537686.370,3997374.0,9414.225,44.651142,,,,,,
1783537686.371,3997379.0,9415.138,44.648506,,,,,,
1783537686.371,3997384.0,9414.697,44.649776,,,,,,
1783537686.372,3997389.0,9413.346,44.653683,,,,,,
1783537686.373,3997394.0,9413.852,44.652222,,,,,,
1783537686.373,3997399.0,9413.885,44.652126,,,,,,
1783537686.374,3997404.0,9413.785,44.652412,,,,,,
1783537686.375,3997409.0,9414.156,44.64872,,,,,,
1783537686.375,3997414.0,9415.475,44.64753,,,,,,
1783537686.376,3997419.0,9415.205,44.648308,,,,,,
1783537686.377,3997424.0,9415.237,44.648216,,,,,,
1783537686.377,3997429.0,9415.915,44.64888,,,,,,
1783537686.378,3997434.0,9416.05,44.648491,,,,,,
1783537686.379,3997439.0,9415.036,44.648796,,,,,,
1783537686.380,3997444.0,9415.51,44.650051,,,,,,
1783537686.380,3997449.0,9415.576,44.647236,,,,,,
1783537686.381,3997454.0,9414.123,44.651436,,,,,,
1783537686.381,3997459.0,9414.157,44.651337,,,,,,
1783537686.382,3997464.0,9415.036,44.651417,,,,,,
1783537686.383,3997469.0,9414.697,44.652397,,,,,,
1783537686.383,3997474.0,9415.068,44.651325,,,,,,
1783537686.384,3997479.0,9416.016,44.645969,,,,,,
1783537686.384,3997484.0,9416.15,44.648197,,,,,,
1783537686.385,3997489.0,9415.475,44.65015,,,,,,
1783537686.386,3997494.0,9416.117,44.645676,,,,,,
1783537686.386,3997499.0,9415.339,44.650543,,,,,,
1783537686.387,3997504.0,9415.002,44.651516,,,,,,
1783537686.388,3997509.0,9415.271,44.648117,,,,,,
1783537686.388,3997514.0,9415.881,44.643738,,,,,,
1783537686.389,3997519.0,9415.475,44.644909,,,,,,
1783537686.389,3997524.0,9415.881,44.641117,,,,,,
1783537686.390,3997529.0,9416.827,44.641003,,,,,,
1783537686.391,3997534.0,9416.186,44.642857,,,,,,
1783537686.391,3997539.0,9415.441,44.647625,,,,,,
1783537686.392,3997544.0,9415.339,44.647923,,,,,,
1783537686.393,3997549.0,9415.204,44.650932,,,,,,
1783537686.394,3997554.0,9414.662,44.649879,,,,,,
1783537686.395,3997559.0,9414.799,44.649483,,,,,,
1783537686.395,3997564.0,9415.509,44.64481,,,,,,
1783537686.396,3997569.0,9415.542,44.644714,,,,,,
1783537686.396,3997574.0,9415.644,44.644421,,,,,,
1783537686.397,3997579.0,9415.847,44.643833,,,,,,
1783537686.398,3997584.0,9415.745,44.644127,,,,,,
1783537686.398,3997589.0,9415.17,44.64579,,,,,,
1783537686.399,3997594.0,9415.205,44.648308,,,,,,
1783537686.400,3997599.0,9415.61,44.647141,,,,,,
1783537686.400,3997604.0,9414.563,44.652786,,,,,,
1783537686.401,3997609.0,9414.697,44.655022,,,,,,
1783537686.401,3997614.0,9415.576,44.655102,,,,,,
1783537686.402,3997619.0,9415.373,44.653069,,,,,,
1783537686.403,3997624.0,9414.766,44.654823,,,,,,
1783537686.403,3997629.0,9415.746,44.649368,,,,,,
1783537686.404,3997634.0,9415.745,44.649368,,,,,,
1783537686.405,3997639.0,9414.428,44.650555,,,,,,
1783537686.405,3997644.0,9414.46,44.650463,,,,,,
1783537686.406,3997649.0,9414.833,44.649384,,,,,,
1783537686.406,3997654.0,9414.562,44.650169,,,,,,
1783537686.407,3997659.0,9414.832,44.649387,,,,,,
1783537686.407,3997664.0,9416.118,44.645672,,,,,,
1783537686.408,3997669.0,9416.117,44.648296,,,,,,
1783537686.409,3997674.0,9415.813,44.646553,,,,,,
1783537686.410,3997679.0,9416.658,44.646732,,,,,,
1783537686.410,3997684.0,9416.456,44.644695,,,,,,
1783537686.411,3997689.0,9414.866,44.649288,,,,,,
1783537686.412,3997694.0,9415.544,44.644711,,,,,,
1783537686.412,3997699.0,9415.544,44.647331,,,,,,
1783537686.413,3997704.0,9414.158,44.648712,,,,,,
1783537686.413,3997709.0,9413.785,44.649792,,,,,,
1783537686.414,3997714.0,9414.833,44.649384,,,,,,
1783537686.415,3997719.0,9414.935,44.64909,,,,,,
1783537686.415,3997724.0,9414.697,44.649776,,,,,,
1783537686.416,3997729.0,9415.543,44.649956,,,,,,
1783537686.417,3997734.0,9415.915,44.64888,,,,,,
1783537686.417,3997739.0,9415.678,44.646942,,,,,,
1783537686.418,3997744.0,9415.307,44.648018,,,,,,
1783537686.418,3997749.0,9416.389,44.642269,,,,,,
1783537686.419,3997754.0,9415.916,44.641014,,,,,,
1783537686.420,3997759.0,9415.611,44.644516,,,,,,
1783537686.420,3997764.0,9416.523,44.64188,,,,,,
1783537686.421,3997769.0,9416.151,44.645576,,,,,,
1783537686.422,3997774.0,9415.408,44.647724,,,,,,
1783537686.422,3997779.0,9416.32,44.645088,,,,,,
1783537686.423,3997784.0,9416.963,44.64061,,,,,,
1783537686.423,3997789.0,9415.644,44.647041,,,,,,
1783537686.424,3997794.0,9415.51,44.64481,,,,,,
1783537686.425,3997799.0,9415.273,44.645493,,,,,,
1783537686.425,3997804.0,9414.123,44.651436,,,,,,
1783537686.426,3997809.0,9414.157,44.653957,,,,,,
1783537686.427,3997814.0,9415.238,44.648212,,,,,,
1783537686.428,3997819.0,9415.441,44.650246,,,,,,
1783537686.428,3997824.0,9415.881,44.651604,,,,,,
1783537686.429,3997829.0,9416.828,44.648865,,,,,,
1783537686.430,3997834.0,9416.253,44.650528,,,,,,
1783537686.430,3997839.0,9415.238,44.656078,,,,,,
1783537686.431,3997844.0,9414.766,44.657444,,,,,,
1783537686.431,3997849.0,9414.664,44.655117,,,,,,
1783537686.432,3997854.0,9413.886,44.654743,,,,,,
1783537686.433,3997859.0,9414.155,44.653965,,,,,,
1783537686.433,3997864.0,9415.34,44.647919,,,,,,
1783537686.434,3997869.0,9415.745,44.644127,,,,,,
1783537686.435,3997874.0,9415.509,44.64743,,,,,,
1783537686.435,3997879.0,9416.354,44.644993,,,,,,
1783537686.436,3997884.0,9416.186,44.645477,,,,,,
1783537686.436,3997889.0,9415.002,44.651516,,,,,,
1783537686.437,3997894.0,9415.036,44.651417,,,,,,
1783537686.438,3997899.0,9415.542,44.647335,,,,,,
1783537686.438,3997904.0,9414.63,44.649971,,,,,,
1783537686.439,3997909.0,9414.832,44.646767,,,,,,
1783537686.440,3997914.0,9416.05,44.640629,,,,,,
1783537686.440,3997919.0,9416.151,44.642956,,,,,,
1783537686.441,3997924.0,9416.253,44.645283,,,,,,
1783537686.442,3997929.0,9416.794,44.646339,,,,,,
1783537686.443,3997934.0,9417.167,44.647884,,,,,,
1783537686.444,3997939.0,9416.151,44.653442,,,,,,
1783537686.445,3997944.0,9416.017,44.651211,,,,,,
1783537686.446,3997949.0,9415.848,44.651699,,,,,,
1783537686.447,3997954.0,9415.171,44.653652,,,,,,
1783537686.448,3997959.0,9414.63,44.652592,,,,,,
1783537686.449,3997964.0,9415.238,44.648212,,,,,,
1783537686.450,3997969.0,9414.867,44.649284,,,,,,
1783537686.451,3997974.0,9414.697,44.649776,,,,,,
1783537686.452,3997979.0,9415.745,44.644127,,,,,,
1783537686.453,3997984.0,9416.016,44.643349,,,,,,
1783537686.454,3997989.0,9415.306,44.648018,,,,,,
1783537686.455,3997994.0,9415.779,44.649273,,,,,,
1783537686.457,3997999.0,9415.813,44.649174,,,,,,
1783537686.458,3998004.0,9414.528,44.652885,,,,,,
1783537686.458,3998009.0,9414.156,44.653961,,,,,,
1783537686.460,3998014.0,9414.663,44.652496,,,,,,
1783537686.461,3998019.0,9414.765,44.649582,,,,,,
1783537686.461,3998024.0,9414.765,44.646961,,,,,,
1783537686.462,3998029.0,9415.948,44.643543,,,,,,
1783537686.463,3998034.0,9416.117,44.645676,,,,,,
1783537686.464,3998039.0,9415.813,44.643932,,,,,,
1783537686.465,3998044.0,9415.61,44.64452,,,,,,
1783537686.465,3998049.0,9415.408,44.647724,,,,,,
1783537686.466,3998054.0,9414.494,44.650364,,,,,,
1783537686.467,3998059.0,9414.494,44.650364,,,,,,
1783537686.468,3998064.0,9415.611,44.647137,,,,,,
1783537686.468,3998069.0,9415.745,44.649368,,,,,,
1783537686.469,3998074.0,9415.982,44.648685,,,,,,
1783537686.470,3998079.0,9416.794,44.648964,,,,,,
1783537686.471,3998084.0,9416.692,44.649258,,,,,,
1783537686.471,3998089.0,9415.44,44.655495,,,,,,
1783537686.472,3998094.0,9415.408,44.652969,,,,,,
1783537686.473,3998099.0,9415.847,44.651699,,,,,,
1783537686.473,3998104.0,9414.867,44.65453,,,,,,
1783537686.474,3998109.0,9415.17,44.651031,,,,,,
1783537686.475,3998114.0,9415.678,44.649563,,,,,,
1783537686.475,3998119.0,9415.339,44.653168,,,,,,
1783537686.476,3998124.0,9415.104,44.651222,,,,,,
1783537686.477,3998129.0,9417.133,44.642738,,,,,,
1783537686.478,3998134.0,9416.761,44.643814,,,,,,
1783537686.478,3998139.0,9416.592,44.641682,,,,,,
1783537686.479,3998144.0,9416.998,44.640507,,,,,,
1783537686.480,3998149.0,9417.234,44.639824,,,,,,
1783537686.480,3998154.0,9415.34,44.645298,,,,,,
1783537686.481,3998159.0,9415.712,44.646847,,,,,,
1783537686.482,3998164.0,9416.354,44.64761,,,,,,
1783537686.482,3998169.0,9416.117,44.648296,,,,,,
1783537686.483,3998174.0,9415.914,44.64888,,,,,,
1783537686.483,3998179.0,9416.727,44.646534,,,,,,
1783537686.484,3998184.0,9416.05,44.648491,,,,,,
1783537686.485,3998189.0,9414.867,44.651905,,,,,,
1783537686.485,3998194.0,9414.9,44.649189,,,,,,
1783537686.486,3998199.0,9414.393,44.653278,,,,,,
1783537686.486,3998204.0,9413.479,44.658543,,,,,,
1783537686.487,3998209.0,9413.751,44.655132,,,,,,
1783537686.488,3998214.0,9414.697,44.649776,,,,,,
1783537686.488,3998219.0,9414.494,44.652985,,,,,,
1783537686.489,3998224.0,9414.494,44.652985,,,,,,
1783537686.490,3998229.0,9416.017,44.645966,,,,,,
1783537686.491,3998234.0,9415.678,44.646942,,,,,,
1783537686.492,3998239.0,9415.035,44.6488,,,,,,
1783537686.493,3998244.0,9415.34,44.645298,,,,,,
1783537686.494,3998249.0,9415.576,44.641994,,,,,,
1783537686.495,3998254.0,9413.717,44.64999,,,,,,
1783537686.496,3998259.0,9414.021,44.649109,,,,,,
1783537686.497,3998264.0,9414.731,44.649677,,,,,,
1783537686.498,3998269.0,9414.563,44.650166,,,,,,
1783537686.499,3998274.0,9414.528,44.650265,,,,,,
1783537686.500,3998279.0,9415.948,44.643543,,,,,,
1783537686.501,3998284.0,9415.914,44.646259,,,,,,
1783537686.503,3998289.0,9415.17,44.648411,,,,,,
1783537686.505,3998294.0,9414.799,44.652103,,,,,,
1783537686.506,3998299.0,9414.968,44.651615,,,,,,
1783537686.506,3998304.0,9414.055,44.654255,,,,,,
1783537686.507,3998309.0,9414.325,44.653473,,,,,,
1783537686.507,3998314.0,9414.662,44.649879,,,,,,
1783537686.508,3998319.0,9415.17,44.64579,,,,,,
1783537686.509,3998324.0,9414.899,44.646572,,,,,,
1783537686.511,3998329.0,9415.981,44.646065,,,,,,
1783537686.512,3998334.0,9416.118,44.643051,,,,,,
1783537686.513,3998339.0,9415.644,44.647041,,,,,,
1783537686.514,3998344.0,9415.407,44.647724,,,,,,
1783537686.515,3998349.0,9415.307,44.650639,,,,,,
1783537686.516,3998354.0,9414.359,44.650753,,,,,,
1783537686.517,3998359.0,9414.326,44.650848,,,,,,
1783537686.518,3998364.0,9415.104,44.645981,,,,,,
1783537686.520,3998369.0,9415.712,44.644226,,,,,,
1783537686.521,3998374.0,9416.287,44.639942,,,,,,
1783537686.522,3998379.0,9416.862,44.638279,,,,,,
1783537686.523,3998384.0,9417.064,44.637695,,,,,,
1783537686.523,3998389.0,9416.051,44.643246,,,,,,
1783537686.525,3998394.0,9415.543,44.647335,,,,,,
1783537686.526,3998399.0,9415.17,44.651031,,,,,,
1783537686.527,3998404.0,9414.528,44.652885,,,,,,
1783537686.528,3998409.0,9413.953,44.654549,,,,,,
1783537686.529,3998414.0,9415.271,44.650738,,,,,,
1783537686.530,3998419.0,9415.238,44.650833,,,,,,
1783537686.530,3998424.0,9415.104,44.648602,,,,,,
1783537686.532,3998429.0,9416.117,44.648296,,,,,,
1783537686.534,3998434.0,9416.151,44.648197,,,,,,
1783537686.536,3998439.0,9415.035,44.6488,,,,,,
1783537686.537,3998444.0,9415.982,44.643444,,,,,,
1783537686.538,3998449.0,9416.016,44.645969,,,,,,
1783537686.540,3998454.0,9414.63,44.649971,,,,,,
1783537686.541,3998459.0,9414.867,44.651905,,,,,,
1783537686.543,3998464.0,9415.611,44.649757,,,,,,
1783537686.544,3998469.0,9415.036,44.654041,,,,,,
1783537686.545,3998474.0,9415.002,44.65414,,,,,,
1783537686.546,3998479.0,9415.847,44.649075,,,,,,
1783537686.547,3998484.0,9415.678,44.646942,,,,,,
1783537686.547,3998489.0,9415.136,44.64851,,,,,,
1783537686.548,3998494.0,9414.9,44.646568,,,,,,
1783537686.549,3998499.0,9415.136,44.643269,,,,,,
1783537686.550,3998504.0,9414.122,44.648819,,,,,,
1783537686.551,3998509.0,9414.325,44.650852,,,,,,
1783537686.551,3998514.0,9415.271,44.648117,,,,,,
1783537686.552,3998519.0,9415.069,44.651321,,,,,,
1783537686.553,3998524.0,9414.867,44.65453,,,,,,
1783537686.554,3998529.0,9415.779,44.649273,,,,,,
1783537686.554,3998534.0,9415.17,44.648411,,,,,,
1783537686.555,3998539.0,9414.021,44.651733,,,,,,
1783537686.555,3998544.0,9413.751,44.649891,,,,,,
1783537686.556,3998549.0,9414.292,44.645706,,,,,,
1783537686.557,3998554.0,9413.987,44.649208,,,,,,
1783537686.557,3998559.0,9414.833,44.646763,,,,,,
1783537686.558,3998564.0,9416.05,44.64325,,,,,,
1783537686.559,3998569.0,9416.592,44.641682,,,,,,
1783537686.560,3998574.0,9415.915,44.643639,,,,,,
1783537686.560,3998579.0,9416.76,44.641197,,,,,,
1783537686.561,3998584.0,9416.727,44.643913,,,,,,
1783537686.562,3998589.0,9415.307,44.648018,,,,,,
1783537686.562,3998594.0,9415.441,44.647625,,,,,,
1783537686.563,3998599.0,9416.016,44.645969,,,,,,
1783537686.563,3998604.0,9415.036,44.648796,,,,,,
1783537686.564,3998609.0,9414.156,44.64872,,,,,,
1783537686.565,3998614.0,9414.663,44.647255,,,,,,
1783537686.566,3998619.0,9414.359,44.648132,,,,,,
1783537686.567,3998624.0,9413.75,44.649895,,,,,,
1783537686.568,3998629.0,9414.663,44.647255,,,,,,
1783537686.569,3998634.0,9415.373,44.647823,,,,,,
1783537686.570,3998639.0,9415.17,44.648411,,,,,,
1783537686.571,3998644.0,9415.036,44.648796,,,,,,
1783537686.572,3998649.0,9415.205,44.650928,,,,,,
1783537686.573,3998654.0,9414.359,44.650753,,,,,,
1783537686.574,3998659.0,9413.852,44.649601,,,,,,
1783537686.575,3998664.0,9414.325,44.648232,,,,,,
1783537686.576,3998669.0,9414.9,44.646568,,,,,,
1783537686.577,3998674.0,9414.833,44.646763,,,,,,
1783537686.578,3998679.0,9415.34,44.645298,,,,,,
1783537686.579,3998684.0,9415.341,44.645298,,,,,,
1783537686.580,3998689.0,9414.934,44.649094,,,,,,
1783537686.581,3998694.0,9414.528,44.652885,,,,,,
1783537686.582,3998699.0,9414.461,44.65308,,,,,,
1783537686.583,3998704.0,9413.853,44.654839,,,,,,
1783537686.584,3998709.0,9414.088,44.65416,,,,,,
1783537686.585,3998714.0,9414.697,44.649776,,,,,,
1783537686.586,3998719.0,9414.596,44.647449,,,,,,
1783537686.587,3998724.0,9414.697,44.644535,,,,,,
1783537686.588,3998729.0,9415.678,44.641701,,,,,,
1783537686.589,3998734.0,9415.745,44.641506,,,,,,
1783537686.590,3998739.0,9415.104,44.64336,,,,,,
1783537686.590,3998744.0,9414.968,44.643753,,,,,,
1783537686.591,3998749.0,9415.002,44.643654,,,,,,
1783537686.592,3998754.0,9414.325,44.645611,,,,,,
1783537686.593,3998759.0,9414.225,44.648521,,,,,,
1783537686.594,3998764.0,9414.46,44.647842,,,,,,
1783537686.594,3998769.0,9414.427,44.647938,,,,,,
1783537686.595,3998774.0,9414.426,44.647942,,,,,,
1783537686.596,3998779.0,9414.561,44.647552,,,,,,
1783537686.597,3998784.0,9414.494,44.647743,,,,,,
1783537686.598,3998789.0,9413.987,44.649208,,,,,,
1783537686.599,3998794.0,9414.156,44.64872,,,,,,
1783537686.600,3998799.0,9414.224,44.648525,,,,,,
1783537686.601,3998804.0,9413.346,44.651062,,,,,,
1783537686.601,3998809.0,9413.413,44.648247,,,,,,
1783537686.602,3998814.0,9414.292,44.645706,,,,,,
1783537686.603,3998819.0,9413.987,44.649208,,,,,,
1783537686.604,3998824.0,9413.481,44.650669,,,,,,
1783537686.604,3998829.0,9414.9,44.646568,,,,,,
1783537686.605,3998834.0,9414.731,44.647057,,,,,,
1783537686.606,3998839.0,9413.92,44.649403,,,,,,
1783537686.607,3998844.0,9414.359,44.645512,,,,,,
1783537686.607,3998849.0,9414.765,44.644341,,,,,,
1783537686.608,3998854.0,9414.156,44.646099,,,,,,
1783537686.609,3998859.0,9414.46,44.645222,,,,,,
1783537686.610,3998864.0,9415.238,44.642971,,,,,,
1783537686.611,3998869.0,9415.373,44.642582,,,,,,
1783537686.612,3998874.0,9415.611,44.641895,,,,,,
1783537686.613,3998879.0,9416.354,44.642368,,,,,,
1783537686.615,3998884.0,9416.456,44.642075,,,,,,
1783537686.616,3998889.0,9415.408,44.645103,,,,,,
1783537686.617,3998894.0,9415.036,44.646175,,,,,,
1783537686.618,3998899.0,9415.068,44.646084,,,,,,
1783537686.619,3998904.0,9413.852,44.64698,,,,,,
1783537686.620,3998909.0,9414.055,44.649014,,,,,,
1783537686.621,3998914.0,9415.34,44.645298,,,,,,
1783537686.622,3998919.0,9415.271,44.645496,,,,,,
1783537686.623,3998924.0,9415.069,44.64608,,,,,,
1783537686.623,3998929.0,9415.61,44.64452,,,,,,
1783537686.624,3998934.0,9414.325,44.645611,,,,,,
1783537686.625,3998939.0,9413.547,44.647861,,,,,,
1783537686.626,3998944.0,9414.189,44.648624,,,,,,
1783537686.627,3998949.0,9414.055,44.649014,,,,,,
1783537686.628,3998954.0,9413.717,44.64999,,,,,,
1783537686.629,3998959.0,9414.697,44.647156,,,,,,
1783537686.630,3998964.0,9415.645,44.647041,,,,,,
1783537686.630,3998969.0,9414.968,44.646374,,,,,,
1783537686.631,3998974.0,9415.036,44.646175,,,,,,
1783537686.632,3998979.0,9415.609,44.647141,,,,,,
1783537686.633,3998984.0,9415.34,44.650539,,,,,,
1783537686.633,3998989.0,9414.629,44.652596,,,,,,
1783537686.634,3998994.0,9415.104,44.653847,,,,,,
1783537686.635,3998999.0,9414.731,44.654922,,,,,,
1783537686.636,3999004.0,9413.986,44.654453,,,,,,
1783537686.637,3999009.0,9414.055,44.651634,,,,,,
1783537686.637,3999014.0,9414.359,44.650753,,,,,,
1783537686.638,3999019.0,9414.19,44.648621,,,,,,
1783537686.639,3999024.0,9414.359,44.648132,,,,,,
1783537686.640,3999029.0,9415.069,44.64608,,,,,,
1783537686.641,3999034.0,9414.766,44.646957,,,,,,
1783537686.641,3999039.0,9414.123,44.646194,,,,,,
1783537686.642,3999044.0,9414.291,44.64571,,,,,,
1783537686.643,3999049.0,9414.427,44.645317,,,,,,
1783537686.644,3999054.0,9413.547,44.647861,,,,,,
1783537686.645,3999059.0,9413.885,44.646885,,,,,,
1783537686.646,3999064.0,9414.833,44.644142,,,,,,
1783537686.647,3999069.0,9414.461,44.645218,,,,,,
1783537686.648,3999074.0,9414.765,44.646961,,,,,,
1783537686.648,3999079.0,9416.15,44.645576,,,,,,
1783537686.649,3999084.0,9416.422,44.644794,,,,,,
1783537686.650,3999089.0,9415.543,44.649956,,,,,,
1783537686.651,3999094.0,9416.186,44.650723,,,,,,
1783537686.652,3999099.0,9416.693,44.646629,,,,,,
1783537686.652,3999104.0,9415.646,44.647038,,,,,,
1783537686.653,3999109.0,9415.205,44.648308,,,,,,
1783537686.654,3999114.0,9415.982,44.646065,,,,,,
1783537686.655,3999119.0,9415.542,44.644714,,,,,,
1783537686.656,3999124.0,9414.935,44.646469,,,,,,
1783537686.657,3999129.0,9415.238,44.648212,,,,,,
1783537686.658,3999134.0,9415.138,44.648506,,,,,,
1783537686.658,3999139.0,9414.393,44.648037,,,,,,
1783537686.659,3999144.0,9414.393,44.648037,,,,,,
1783537686.660,3999149.0,9414.765,44.646961,,,,,,
1783537686.661,3999154.0,9414.326,44.645607,,,,,,
1783537686.662,3999159.0,9415.002,44.643654,,,,,,
1783537686.663,3999164.0,9415.678,44.641701,,,,,,
1783537686.663,3999169.0,9415.779,44.641411,,,,,,
1783537686.664,3999174.0,9415.271,44.642876,,,,,,
1783537686.665,3999179.0,9416.455,44.639458,,,,,,
1783537686.666,3999184.0,9416.422,44.639553,,,,,,
1783537686.667,3999189.0,9415.576,44.641994,,,,,,
1783537686.667,3999194.0,9415.441,44.645004,,,,,,
1783537686.668,3999199.0,9415.51,44.64481,,,,,,
1783537686.669,3999204.0,9414.122,44.65144,,,,,,
1783537686.670,3999209.0,9413.818,44.652317,,,,,,
1783537686.671,3999214.0,9414.393,44.650658,,,,,,
1783537686.671,3999219.0,9414.291,44.648331,,,,,,
1783537686.672,3999224.0,9413.886,44.649502,,,,,,
1783537686.673,3999229.0,9415.137,44.645885,,,,,,
1783537686.674,3999234.0,9415.138,44.648506,,,,,,
1783537686.674,3999239.0,9414.393,44.650658,,,,,,
1783537686.675,3999244.0,9414.359,44.650753,,,,,,
1783537686.676,3999249.0,9414.9,44.65181,,,,,,
1783537686.677,3999254.0,9414.292,44.650948,,,,,,
1783537686.678,3999259.0,9414.258,44.648426,,,,,,
1783537686.679,3999264.0,9415.17,44.648411,,,,,,
1783537686.679,3999269.0,9414.833,44.652004,,,,,,
1783537686.680,3999274.0,9414.562,44.650169,,,,,,
1783537686.681,3999279.0,9414.833,44.649384,,,,,,
1783537686.682,3999284.0,9414.833,44.652004,,,,,,
1783537686.683,3999289.0,9414.225,44.653763,,,,,,
1783537686.683,3999294.0,9414.63,44.649971,,,,,,
1783537686.684,3999299.0,9414.935,44.64909,,,,,,
1783537686.685,3999304.0,9414.427,44.650558,,,,,,
1783537686.686,3999309.0,9414.528,44.650265,,,,,,
1783537686.687,3999314.0,9415.34,44.645298,,,,,,
1783537686.687,3999319.0,9415.002,44.648895,,,,,,
1783537686.688,3999324.0,9414.968,44.648994,,,,,,
1783537686.689,3999329.0,9415.373,44.647823,,,,,,
1783537686.689,3999334.0,9415.104,44.645981,,,,,,
1783537686.690,3999339.0,9413.92,44.649403,,,,,,
1783537687.981,3999344.0,9413.92,44.646782,,,,,,
1783537687.982,3999349.0,9413.75,44.647274,,,,,,
1783537687.982,3999354.0,9413.143,44.649029,,,,,,
1783537687.983,3999359.0,9413.277,44.64864,,,,,,
1783537687.984,3999364.0,9414.596,44.644829,,,,,,
1783537687.985,3999369.0,9415.509,44.642189,,,,,,
1783537687.985,3999374.0,9415.408,44.645103,,,,,,
1783537687.986,3999379.0,9416.422,44.644794,,,,,,
1783537687.987,3999384.0,9416.727,44.646534,,,,,,
1783537687.987,3999389.0,9415.51,44.650051,,,,,,
1783537687.988,3999394.0,9414.596,44.652691,,,,,,
1783537687.989,3999399.0,9415.002,44.651516,,,,,,
1783537687.989,3999404.0,9414.021,44.65435,,,,,,
1783537687.990,3999409.0,9414.021,44.65173,,,,,,
1783537687.991,3999414.0,9414.968,44.648994,,,,,,
1783537687.992,3999419.0,9415.949,44.64616,,,,,,
1783537687.992,3999424.0,9415.171,44.648407,,,,,,
1783537687.993,3999429.0,9415.678,44.644321,,,,,,
1783537687.993,3999434.0,9415.644,44.644421,,,,,,
1783537687.994,3999439.0,9414.731,44.647057,,,,,,
1783537687.995,3999444.0,9414.224,44.651146,,,,,,
1783537687.996,3999449.0,9415.002,44.646275,,,,,,
1783537687.996,3999454.0,9414.394,44.648033,,,,,,
1783537687.997,3999459.0,9413.987,44.649208,,,,,,
1783537687.998,3999464.0,9414.697,44.647156,,,,,,
1783537687.998,3999469.0,9414.326,44.648228,,,,,,
1783537687.999,3999474.0,9413.548,44.653099,,,,,,
1783537688.000,3999479.0,9414.291,44.653572,,,,,,
1783537688.000,3999484.0,9414.494,44.655609,,,,,,
1783537688.001,3999489.0,9413.92,44.657269,,,,,,
1783537688.002,3999494.0,9414.325,44.653473,,,,,,
1783537688.002,3999499.0,9414.731,44.649677,,,,,,
1783537688.003,3999504.0,9414.258,44.648426,,,,,,
1783537688.003,3999509.0,9414.055,44.649014,,,,,,
1783537688.004,3999514.0,9414.63,44.64735,,,,,,
1783537688.005,3999519.0,9414.63,44.64735,,,,,,
1783537688.005,3999524.0,9414.393,44.648037,,,,,,
1783537688.006,3999529.0,9415.205,44.645687,,,,,,
1783537688.007,3999534.0,9415.509,44.642189,,,,,,
1783537688.007,3999539.0,9415.068,44.643463,,,,,,
1783537688.008,3999544.0,9415.271,44.642876,,,,,,
1783537688.008,3999549.0,9415.204,44.645691,,,,,,
1783537688.009,3999554.0,9413.886,44.652122,,,,,,
1783537688.010,3999559.0,9413.751,44.652512,,,,,,
1783537688.011,3999564.0,9414.393,44.650658,,,,,,
1783537688.011,3999569.0,9414.123,44.651436,,,,,,
1783537688.012,3999574.0,9414.123,44.648815,,,,,,
1783537688.012,3999579.0,9415.51,44.64481,,,,,,
1783537688.013,3999584.0,9416.016,44.645969,,,,,,
1783537688.013,3999589.0,9415.171,44.648407,,,,,,
1783537688.014,3999594.0,9414.969,44.648994,,,,,,
1783537688.015,3999599.0,9415.272,44.648113,,,,,,
1783537688.016,3999604.0,9414.359,44.650753,,,,,,
1783537688.016,3999609.0,9413.852,44.652222,,,,,,
1783537688.017,3999614.0,9414.697,44.652397,,,,,,
1783537688.017,3999619.0,9414.731,44.652298,,,,,,
1783537688.018,3999624.0,9414.9,44.65181,,,,,,
1783537688.019,3999629.0,9415.305,44.648022,,,,,,
1783537688.020,3999634.0,9414.935,44.64909,,,,,,
1783537688.020,3999639.0,9414.088,44.651539,,,,,,
1783537688.021,3999644.0,9414.056,44.654251,,,,,,
1783537688.021,3999649.0,9413.953,44.654549,,,,,,
1783537688.022,3999654.0,9413.547,44.655724,,,,,,
1783537688.023,3999659.0,9414.19,44.653862,,,,,,
1783537688.023,3999664.0,9415.271,44.650738,,,,,,
1783537688.024,3999669.0,9415.441,44.650246,,,,,,
1783537688.025,3999674.0,9415.51,44.650051,,,,,,
1783537688.026,3999679.0,9415.847,44.649075,,,,,,
1783537688.027,3999684.0,9415.712,44.646847,,,,,,
1783537688.028,3999689.0,9415.136,44.645889,,,,,,
1783537688.029,3999694.0,9415.508,44.642193,,,,,,
1783537688.030,3999699.0,9415.847,44.641212,,,,,,
1783537688.031,3999704.0,9415.373,44.642582,,,,,,
1783537688.032,3999709.0,9415.17,44.643169,,,,,,
1783537688.034,3999714.0,9415.171,44.645786,,,,,,
1783537688.034,3999719.0,9414.766,44.646957,,,,,,
1783537688.035,3999724.0,9414.494,44.647743,,,,,,
1783537688.036,3999729.0,9415.644,44.644421,,,,,,
1783537688.036,3999734.0,9415.678,44.646942,,,,,,
1783537688.037,3999739.0,9415.509,44.64481,,,,,,
1783537688.038,3999744.0,9415.44,44.645008,,,,,,
1783537688.038,3999749.0,9415.678,44.644321,,,,,,
1783537688.039,3999754.0,9414.663,44.647255,,,,,,
1783537688.040,3999759.0,9414.765,44.644341,,,,,,
1783537688.040,3999764.0,9415.104,44.645981,,,,,,
1783537688.041,3999769.0,9415.509,44.64743,,,,,,
1783537688.042,3999774.0,9415.069,44.651321,,,,,,
1783537688.043,3999779.0,9416.321,44.65033,,,,,,
1783537688.043,3999784.0,9416.253,44.650528,,,,,,
1783537688.044,3999789.0,9416.05,44.648491,,,,,,
1783537688.045,3999794.0,9415.881,44.646358,,,,,,
1783537688.045,3999799.0,9415.645,44.644421,,,,,,
1783537688.046,3999804.0,9413.717,44.647369,,,,,,
1783537688.046,3999809.0,9413.479,44.650677,,,,,,
1783537688.047,3999814.0,9413.683,44.65271,,,,,,
1783537688.048,3999819.0,9413.378,44.656212,,,,,,
1783537688.048,3999824.0,9413.615,44.65815,,,,,,
1783537688.049,3999829.0,9415.068,44.65395,,,,,,
1783537688.050,3999834.0,9415.441,44.650246,,,,,,
1783537688.050,3999839.0,9414.9,44.65181,,,,,,
1783537688.051,3999844.0,9415.002,44.651516,,,,,,
1783537688.052,3999849.0,9414.967,44.648998,,,,,,
1783537688.052,3999854.0,9414.19,44.651241,,,,,,
1783537688.053,3999859.0,9414.156,44.65134,,,,,,
1783537688.053,3999864.0,9414.562,44.650169,,,,,,
1783537688.054,3999869.0,9414.865,44.649292,,,,,,
1783537688.055,3999874.0,9415.17,44.648411,,,,,,
1783537688.055,3999879.0,9416.016,44.645969,,,,,,
1783537688.056,3999884.0,9415.712,44.646847,,,,,,
1783537688.057,3999889.0,9415.104,44.648602,,,,,,
1783537688.057,3999894.0,9414.968,44.648994,,,,,,
1783537688.058,3999899.0,9414.663,44.649876,,,,,,
1783537688.058,3999904.0,9413.751,44.652512,,,,,,
1783537688.059,3999909.0,9414.088,44.651539,,,,,,
1783537688.060,3999914.0,9415.103,44.645985,,,,,,
1783537688.061,3999919.0,9415.271,44.642876,,,,,,
1783537688.061,3999924.0,9414.934,44.643852,,,,,,
1783537688.062,3999929.0,9415.814,44.643929,,,,,,
1783537688.062,3999934.0,9415.813,44.646553,,,,,,
1783537688.063,3999939.0,9414.259,44.651043,,,,,,
1783537688.064,3999944.0,9413.581,44.655624,,,,,,
1783537688.064,3999949.0,9414.089,44.65678,,,,,,
1783537688.065,3999954.0,9413.244,44.656597,,,,,,
1783537688.066,3999959.0,9412.635,44.655735,,,,,,
1783537688.066,3999964.0,9414.189,44.653866,,,,,,
1783537688.067,3999969.0,9414.833,44.652004,,,,,,
1783537688.068,3999974.0,9414.935,44.651711,,,,,,
1783537688.068,3999979.0,9415.374,44.650444,,,,,,
1783537688.069,3999984.0,9415.914,44.64888,,,,,,
1783537688.070,3999989.0,9414.833,44.652004,,,,,,
1783537688.070,3999994.0,9413.549,44.653095,,,,,,
1783537688.071,3999999.0,9411.758,44.65041,,,,,,
1783537688.072,4000004.0,9409.09,44.652878,,,,,,
1783537688.072,4000009.0,9407.029,44.653587,,,,,,
1783537688.073,4000014.0,9405.678,44.647011,,,,,,
1783537688.073,4000019.0,9403.856,44.644413,,,,,,
1783537688.074,4000024.0,9401.126,44.64444,,,,,,
1783537688.075,4000029.0,9399.913,44.640079,,,,,,
1783537688.075,4000034.0,9397.756,44.641075,,,,,,
1783537688.076,4000039.0,9395.195,44.645855,,,,,,
1783537688.077,4000044.0,9394.319,44.645767,,,,,,
1783537688.077,4000049.0,9394.823,44.646927,,,,,,
1783537688.078,4000054.0,9394.084,44.651684,,,,,,
1783537688.079,4000059.0,9393.714,44.652756,,,,,,
1783537688.080,4000064.0,9394.656,44.650032,,,,,,
1783537688.081,4000069.0,9394.858,44.649448,,,,,,
1783537688.081,4000074.0,9394.992,44.649059,,,,,,
1783537688.082,4000079.0,9396.171,44.645657,,,,,,
1783537688.082,4000084.0,9396.238,44.645462,,,,,,
1783537688.083,4000089.0,9395.564,44.647408,,,,,,
1783537688.084,4000094.0,9395.768,44.64682,,,,,,
1783537688.084,4000099.0,9396.138,44.645752,,,,,,
1783537688.085,4000104.0,9395.564,44.650024,,,,,,
1783537688.086,4000109.0,9396.238,44.6507,,,,,,
1783537688.086,4000114.0,9397.519,44.646999,,,,,,
1783537688.087,4000119.0,9397.788,44.646221,,,,,,
1783537688.087,4000124.0,9397.553,44.649525,,,,,,
1783537688.088,4000129.0,9398.462,44.646889,,,,,,
1783537688.089,4000134.0,9398.597,44.643883,,,,,,
1783537688.089,4000139.0,9398.529,44.644077,,,,,,
1783537688.090,4000144.0,9398.327,44.647285,,,,,,
1783537688.091,4000149.0,9398.865,44.643108,,,,,,
1783537688.091,4000154.0,9397.889,44.645927,,,,,,
1783537688.092,4000159.0,9398.024,44.645538,,,,,,
1783537688.093,4000164.0,9397.957,44.64835,,,,,,
1783537688.093,4000169.0,9398.125,44.647865,,,,,,
1783537688.094,4000174.0,9397.553,44.649517,,,,,,
1783537688.095,4000179.0,9398.9,44.643005,,,,,,
1783537688.095,4000184.0,9399.473,44.641357,,,,,,
1783537688.096,4000189.0,9398.799,44.640678,,,,,,
1783537688.097,4000194.0,9397.755,44.641079,,,,,,
1783537688.097,4000199.0,9398.058,44.640202,,,,,,
1783537688.098,4000204.0,9396.205,44.645557,,,,,,
1783537688.098,4000209.0,9395.229,44.648376,,,,,,
1783537688.099,4000214.0,9395.632,44.647213,,,,,,
1783537688.101,4000219.0,9395.97,44.646236,,,,,,
1783537688.101,4000224.0,9395.565,44.644783,,,,,,
1783537688.102,4000229.0,9396.709,44.641479,,,,,,
1783537688.102,4000234.0,9396.811,44.641186,,,,,,
1783537688.103,4000239.0,9395.969,44.64362,,,,,,
1783537688.104,4000244.0,9395.396,44.645271,,,,,,
1783537688.104,4000249.0,9395.094,44.648766,,,,,,
1783537688.105,4000254.0,9394.218,44.651299,,,,,,
1783537688.106,4000259.0,9394.252,44.651199,,,,,,
1783537688.106,4000264.0,9394.555,44.647705,,,,,,
1783537688.107,4000269.0,9394.891,44.646732,,,,,,
1783537688.107,4000274.0,9394.454,44.647995,,,,,,
1783537688.108,4000279.0,9394.655,44.644794,,,,,,
1783537688.109,4000284.0,9394.084,44.643826,,,,,,
1783537688.109,4000289.0,9393.241,44.646259,,,,,,
1783537688.110,4000294.0,9392.67,44.647911,,,,,,
1783537688.111,4000299.0,9392.669,44.647915,,,,,,
1783537688.111,4000304.0,9391.156,44.652287,,,,,,
1783537688.112,4000309.0,9391.056,44.652576,,,,,,
1783537688.113,4000314.0,9391.694,44.650726,,,,,,
1783537688.113,4000319.0,9391.695,44.648109,,,,,,
1783537688.114,4000324.0,9391.021,44.647434,,,,,,
1783537688.115,4000329.0,9392.232,44.643936,,,,,,
1783537688.115,4000334.0,9392.099,44.641705,,,,,,
1783537688.116,4000339.0,9390.718,44.643074,,,,,,
1783537688.116,4000344.0,9391.021,44.642197,,,,,,
1783537688.117,4000349.0,9391.492,44.640839,,,,,,
1783537688.117,4000354.0,9390.213,44.644531,,,,,,
1783537688.118,4000359.0,9389.844,44.645599,,,,,,
1783537688.119,4000364.0,9390.584,44.646084,,,,,,
1783537688.120,4000369.0,9389.54,44.649097,,,,,,
1783537688.120,4000374.0,9388.498,44.64949,,,,,,
1783537688.121,4000379.0,9389.137,44.645027,,,,,,
1783537688.121,4000384.0,9388.834,44.645901,,,,,,
1783537688.122,4000389.0,9387.557,44.646973,,,,,,
1783537688.122,4000394.0,9387.254,44.645226,,,,,,
1783537688.123,4000399.0,9386.985,44.646,,,,,,
1783537688.124,4000404.0,9385.238,44.651051,,,,,,
1783537688.124,4000409.0,9385.204,44.65115,,,,,,
1783537688.125,4000414.0,9385.977,44.648918,,,,,,
1783537688.126,4000419.0,9385.775,44.649498,,,,,,
1783537688.126,4000424.0,9385.641,44.649887,,,,,,
1783537688.127,4000429.0,9386.615,44.644451,,,,,,
1783537688.128,4000434.0,9385.674,44.647171,,,,,,
1783537688.128,4000439.0,9384.095,44.651733,,,,,,
1783537688.129,4000444.0,9383.927,44.652218,,,,,,
1783537688.129,4000449.0,9383.826,44.649891,,,,,,
1783537688.130,4000454.0,9382.986,44.652321,,,,,,
1783537688.131,4000459.0,9383.12,44.649311,,,,,,
1783537688.131,4000464.0,9383.859,44.647175,,,,,,
1783537688.132,4000469.0,9383.759,44.647469,,,,,,
1783537688.132,4000474.0,9383.424,44.648434,,,,,,
1783537688.133,4000479.0,9384.263,44.648632,,,,,,
1783537688.134,4000484.0,9384.498,44.65057,,,,,,
1783537688.134,4000489.0,9383.557,44.65329,,,,,,
1783537688.135,4000494.0,9383.49,44.650864,,,,,,
1783537688.136,4000499.0,9383.994,44.649406,,,,,,
1783537688.136,4000504.0,9382.853,44.652706,,,,,,
1783537688.137,4000509.0,9382.349,44.654163,,,,,,
1783537688.137,4000514.0,9382.752,44.650375,,,,,,
1783537688.138,4000519.0,9382.886,44.64999,,,,,,
1783537688.139,4000524.0,9382.08,44.652317,,,,,,
1783537688.139,4000529.0,9383.222,44.649017,,,,,,
1783537688.140,4000534.0,9382.45,44.648628,,,,,,
1783537688.141,4000539.0,9381.678,44.65086,,,,,,
1783537688.141,4000544.0,9381.006,44.652805,,,,,,
1783537688.142,4000549.0,9381.543,44.651253,,,,,,
1783537688.143,4000554.0,9379.697,44.653965,,,,,,
1783537688.144,4000559.0,9379.999,44.653091,,,,,,
1783537688.145,4000564.0,9381.24,44.649506,,,,,,
1783537688.146,4000569.0,9381.309,44.649307,,,,,,
1783537688.146,4000574.0,9380.302,44.654835,,,,,,
1783537688.147,4000579.0,9382.081,44.652313,,,,,,
1783537688.147,4000584.0,9382.215,44.654549,,,,,,
1783537688.148,4000589.0,9381.24,44.659981,,,,,,
1783537688.149,4000594.0,9381.443,44.662014,,,,,,
1783537688.149,4000599.0,9382.55,44.658817,,,,,,
1783537688.150,4000604.0,9381.442,44.662018,,,,,,
1783537688.151,4000609.0,9382.181,44.659885,,,,,,
1783537688.151,4000614.0,9383.727,44.658035,,,,,,
1783537688.152,4000619.0,9383.793,44.657845,,,,,,
1783537688.152,4000624.0,9383.256,44.659393,,,,,,
1783537688.153,4000629.0,9383.994,44.659885,,,,,,
1783537688.154,4000634.0,9383.424,44.66415,,,,,,
1783537688.154,4000639.0,9381.945,44.668419,,,,,,
1783537688.155,4000644.0,9381.878,44.671238,,,,,,
1783537688.156,4000649.0,9381.744,44.674244,,,,,,
1783537688.156,4000654.0,9380.435,44.678028,,,,,,
1783537688.157,4000659.0,9379.897,44.679577,,,,,,
1783537688.158,4000664.0,9380.133,44.676281,,,,,,
1783537688.158,4000669.0,9379.025,44.679482,,,,,,
1783537688.159,4000674.0,9378.455,44.681129,,,,,,
1783537688.160,4000679.0,9378.925,44.679768,,,,,,
1783537688.160,4000684.0,9377.951,44.682587,,,,,,
1783537688.161,4000689.0,9376.912,44.688206,,,,,,
1783537688.162,4000694.0,9376.811,44.688499,,,,,,
1783537688.162,4000699.0,9376.576,44.689175,,,,,,
1783537688.163,4000704.0,9374.9,44.69664,,,,,,
1783537688.163,4000709.0,9374.799,44.69693,,,,,,
1783537688.164,4000714.0,9374.866,44.696735,,,,,,
1783537688.165,4000719.0,9373.994,44.701878,,,,,,
1783537688.166,4000724.0,9373.19,44.704201,,,,,,
1783537688.166,4000729.0,9374.062,44.701683,,,,,,
1783537688.167,4000734.0,9373.157,44.704296,,,,,,
1783537688.167,4000739.0,9371.516,44.711655,,,,,,
1783537688.168,4000744.0,9370.711,44.711365,,,,,,
1783537688.169,4000749.0,9369.841,44.716496,,,,,,
1783537688.170,4000754.0,9367.127,44.724339,,,,,,
1783537688.170,4000759.0,9366.357,44.726562,,,,,,
1783537688.171,4000764.0,9366.091,44.724716,,,,,,
1783537688.171,4000769.0,9364.986,44.727901,,,,,,
1783537688.172,4000774.0,9363.882,44.728477,,,,,,
1783537688.173,4000779.0,9363.648,44.729153,,,,,,
1783537688.173,4000784.0,9362.377,44.732826,,,,,,
1783537688.174,4000789.0,9360.304,44.741436,,,,,,
1783537688.175,4000794.0,9359.368,44.744141,,,,,,
1783537688.176,4000799.0,9357.998,44.750717,,,,,,
1783537688.176,4000804.0,9355.961,44.753986,,,,,,
1783537688.177,4000809.0,9354.459,44.760941,,,,,,
1783537688.177,4000814.0,9353.758,44.76297,,,,,,
1783537688.178,4000819.0,9351.956,44.770794,,,,,,
1783537688.179,4000824.0,9350.354,44.775425,,,,,,
1783537688.625,4000829.0,9349.821,44.779583,,,,,,
1783537688.627,4000834.0,9348.622,44.783051,,,,,,
1783537688.628,4000839.0,9346.321,44.7897,,,,,,
1783537688.630,4000844.0,9344.489,44.794991,,,,,,
1783537688.632,4000849.0,9343.257,44.798553,,,,,,
1783537688.633,4000854.0,9340.993,44.805096,,,,,,
1783537688.634,4000859.0,9339.661,44.808945,,,,,,
1783537688.635,4000864.0,9339.262,44.812714,,,,,,
1783537688.636,4000869.0,9338.497,44.817543,,,,,,
1783537688.637,4000874.0,9336.733,44.825256,,,,,,
1783537688.638,4000879.0,9336.036,44.829891,,,,,,
1783537688.639,4000884.0,9333.678,44.839329,,,,,,
1783537688.640,4000889.0,9331.252,44.846336,,,,,,
1783537688.641,4000894.0,9329.126,44.855106,,,,,,
1783537688.642,4000899.0,9328.263,44.860222,,,,,,
1783537688.643,4000904.0,9325.872,44.867126,,,,,,
1783537688.644,4000909.0,9325.044,44.869522,,,,,,
1783537688.645,4000914.0,9324.447,44.873871,,,,,,
1783537688.646,4000919.0,9323.219,44.880039,,,,,,
1783537688.647,4000924.0,9320.768,44.887119,,,,,,
1783537688.648,4000929.0,9320.7,44.892559,,,,,,
1783537688.649,4000934.0,9318.614,44.903831,,,,,,
1783537688.650,4000939.0,9316.195,44.913433,,,,,,
1783537688.651,4000944.0,9315.07,44.916691,,,,,,
1783537688.651,4000949.0,9313.779,44.923038,,,,,,
1783537688.652,4000954.0,9311.231,44.933025,,,,,,
1783537688.653,4000959.0,9310.107,44.938896,,,,,,
1783537688.654,4000964.0,9308.917,44.944954,,,,,,
1783537688.655,4000969.0,9306.734,44.95388,,,,,,
1783537688.655,4000974.0,9304.919,44.961746,,,,,,
1783537688.656,4000979.0,9303.498,44.965851,,,,,,
1783537688.657,4000984.0,9301.518,44.971573,,,,,,
1783537688.658,4000989.0,9299.076,44.97863,,,,,,
1783537688.659,4000994.0,9297.625,44.985443,,,,,,
1783537688.660,4000999.0,9296.372,44.991684,,,,,,
1783537688.661,4001004.0,9293.439,45.000156,,,,,,
1783537688.662,4001009.0,9291.661,45.007915,,,,,,
1783537688.663,4001014.0,9290.606,45.013588,,,,,,
1783537688.663,4001019.0,9288.696,45.019108,,,,,,
1783537688.664,4001024.0,9286.557,45.025291,,,,,,
1783537688.665,4001029.0,9286.162,45.031673,,,,,,
1783537688.666,4001034.0,9284.716,45.038471,,,,,,
1783537688.666,4001039.0,9282.644,45.047085,,,,,,
1783537688.667,4001044.0,9281.165,45.053978,,,,,,
1783537688.668,4001049.0,9279.72,45.06078,,,,,,
1783537688.669,4001054.0,9277.552,45.06966,,,,,,
1783537688.670,4001059.0,9276.533,45.072605,,,,,,
1783537688.670,4001064.0,9275.745,45.080128,,,,,,
1783537688.671,4001069.0,9274.893,45.085217,,,,,,
1783537688.672,4001074.0,9274.269,45.092262,,,,,,
1783537688.673,4001079.0,9274.564,45.091408,,,,,,
1783537688.673,4001084.0,9273.253,45.100449,,,,,,
1783537688.675,4001089.0,9272.105,45.106388,,,,,,
1783537688.676,4001094.0,9271.417,45.111004,,,,,,
1783537688.677,4001099.0,9270.499,45.113655,,,,,,
1783537688.678,4001104.0,9268.663,45.124207,,,,,,
1783537688.678,4001109.0,9267.877,45.12648,,,,,,
1783537688.679,4001114.0,9267.483,45.127617,,,,,,
1783537688.680,4001119.0,9266.304,45.133648,,,,,,
1783537688.681,4001124.0,9265.124,45.137058,,,,,,
1783537688.681,4001129.0,9264.994,45.140057,,,,,,
1783537688.682,4001134.0,9264.274,45.14476,,,,,,
1783537688.683,4001139.0,9262.997,45.148449,,,,,,
1783537688.684,4001144.0,9262.408,45.150154,,,,,,
1783537688.684,4001149.0,9261.754,45.154663,,,,,,
1783537688.685,4001154.0,9259.726,45.160526,,,,,,
1783537688.686,4001159.0,9259.268,45.16185,,,,,,
1783537688.687,4001164.0,9259.464,45.161282,,,,,,
1783537688.687,4001169.0,9258.94,45.162792,,,,,,
1783537688.688,4001174.0,9258.646,45.163647,,,,,,
1783537688.689,4001179.0,9259.464,45.161282,,,,,,
1783537688.690,4001184.0,9258.874,45.165611,,,,,,
1783537688.690,4001189.0,9258.025,45.170689,,,,,,
1783537688.692,4001194.0,9257.207,45.175674,,,,,,
1783537688.693,4001199.0,9256.913,45.176525,,,,,,
1783537688.693,4001204.0,9255.737,45.179924,,,,,,
1783537688.694,4001209.0,9254.92,45.182285,,,,,,
1783537688.695,4001214.0,9255.018,45.182003,,,,,,
1783537688.695,4001219.0,9254.658,45.183041,,,,,,
1783537688.696,4001224.0,9254.136,45.184551,,,,,,
1783537688.697,4001229.0,9254.821,45.179947,,,,,,
1783537688.697,4001234.0,9255.181,45.176281,,,,,,
1783537688.698,4001239.0,9254.07,45.176865,,,,,,
1783537688.699,4001244.0,9254.233,45.173771,,,,,,
1783537688.699,4001249.0,9254.136,45.174053,,,,,,
1783537688.700,4001254.0,9253.024,45.177265,,,,,,
1783537688.700,4001259.0,9252.764,45.178017,,,,,,
1783537688.701,4001264.0,9253.417,45.176128,,,,,,
1783537688.702,4001269.0,9253.547,45.175755,,,,,,
1783537688.702,4001274.0,9253.579,45.173038,,,,,,
1783537688.703,4001279.0,9254.103,45.171528,,,,,,
1783537688.703,4001284.0,9253.743,45.169941,,,,,,
1783537688.704,4001289.0,9253.058,45.171928,,,,,,
1783537688.704,4001294.0,9252.829,45.16996,,,,,,
1783537688.705,4001299.0,9252.959,45.169586,,,,,,
1783537688.706,4001304.0,9252.697,45.167713,,,,,,
1783537688.706,4001309.0,9253.743,45.164696,,,,,,
1783537688.707,4001314.0,9255.083,45.155575,,,,,,
1783537688.708,4001319.0,9255.279,45.15501,,,,,,
1783537688.708,4001324.0,9255.639,45.153969,,,,,,
1783537688.846,4001329.0,9257.437,45.146152,0.526614,156.090973,4001318.75,115.855072,,
1783537688.847,4001451.0,9264.786,45.114429,,,,,,
1783537688.848,4001456.0,9271.744,45.086452,,,,,,
1783537688.849,4001461.0,9280.014,45.052067,,,,,,
1783537688.850,4001466.0,9288.287,45.015049,,,,,,
1783537688.851,4001471.0,9295.152,44.984722,,,,,,
1783537688.852,4001476.0,9296.636,44.977814,,,,,,
1783537688.852,4001481.0,9299.044,44.965618,,,,,,
1783537688.853,4001486.0,9300.66,44.955708,,,,,,
1783537688.854,4001491.0,9302.277,44.948418,,,,,,
1783537688.855,4001496.0,9304.521,44.936687,,,,,,
1783537688.855,4001501.0,9306.537,44.928242,,,,,,
1783537689.211,4001506.0,9307.495,44.925476,,,,,,
1783537689.212,4001511.0,9309.909,44.915874,,,,,,
1783537689.213,4001516.0,9311.827,44.907711,,,,,,
1783537689.214,4001521.0,9313.283,44.903503,,,,,,
1783537689.215,4001526.0,9315.436,44.894665,,,,,,
1783537689.216,4001531.0,9318.416,44.88081,,,,,,
1783537689.216,4001536.0,9320.471,44.874874,,,,,,
1783537689.217,4001541.0,9323.056,44.864788,,,,,,
1783537689.218,4001546.0,9325.84,44.854118,,,,,,
1783537689.219,4001551.0,9327.997,44.847885,,,,,,
1783537689.220,4001556.0,9329.192,44.844429,,,,,,
1783537689.221,4001561.0,9331.151,44.836147,,,,,,
1783537689.222,4001566.0,9332.879,44.831161,,,,,,
1783537689.222,4001571.0,9334.44,44.826645,,,,,,
1783537689.223,4001576.0,9335.836,44.819996,,,,,,
1783537689.224,4001581.0,9337.897,44.814037,,,,,,
1783537689.226,4001586.0,9339.429,44.809616,,,,,,
1783537689.227,4001591.0,9341.159,44.801994,,,,,,
1783537689.228,4001596.0,9344.057,44.791,,,,,,
1783537689.230,4001601.0,9346.455,44.781448,,,,,,
1783537689.231,4001606.0,9348.021,44.774307,,,,,,
1783537689.232,4001611.0,9349.621,44.767063,,,,,,
1783537689.233,4001616.0,9350.822,44.763592,,,,,,
1783537689.233,4001621.0,9350.621,44.764175,,,,,,
1783537689.234,4001626.0,9351.288,44.759628,,,,,,
1783537689.235,4001631.0,9353.157,44.75161,,,,,,
1783537689.236,4001636.0,9354.159,44.746098,,,,,,
1783537689.237,4001641.0,9355.193,44.740486,,,,,,
1783537689.238,4001646.0,9357.564,44.731014,,,,,,
1783537689.238,4001651.0,9358.099,44.726852,,,,,,
1783537689.239,4001656.0,9357.832,44.725002,,,,,,
1783537689.240,4001661.0,9358.299,44.723656,,,,,,
1783537689.241,4001666.0,9359.335,44.71804,,,,,,
1783537689.242,4001671.0,9358.733,44.717159,,,,,,
1783537689.243,4001676.0,9359.636,44.714554,,,,,,
1783537689.244,4001681.0,9360.839,44.711079,,,,,,
1783537689.246,4001686.0,9361.341,44.707008,,,,,,
1783537689.247,4001691.0,9361.207,44.707394,,,,,,
1783537689.248,4001696.0,9362.242,44.704403,,,,,,
1783537689.249,4001701.0,9362.143,44.704689,,,,,,
1783537689.250,4001706.0,9361.641,44.703522,,,,,,
1783537689.251,4001711.0,9362.076,44.699646,,,,,,
1783537689.252,4001716.0,9361.808,44.695179,,,,,,
1783537689.253,4001721.0,9361.24,44.691586,,,,,,
1783537689.253,4001726.0,9362.076,44.68655,,,,,,
1783537689.254,4001731.0,9363.581,44.682201,,,,,,
1783537689.255,4001736.0,9363.381,44.680161,,,,,,
1783537689.256,4001741.0,9364.417,44.67717,,,,,,
1783537689.257,4001746.0,9365.889,44.672916,,,,,,
1783537689.258,4001751.0,9365.855,44.670391,,,,,,
1783537689.259,4001756.0,9364.986,44.672901,,,,,,
1783537689.260,4001761.0,9366.189,44.669426,,,,,,
1783537689.261,4001766.0,9366.659,44.668068,,,,,,
1783537689.262,4001771.0,9366.258,44.669228,,,,,,
1783537689.263,4001776.0,9366.726,44.667877,,,,,,
1783537689.263,4001781.0,9367.998,44.661583,,,,,,
1783537689.264,4001786.0,9367.63,44.662647,,,,,,
1783537689.265,4001791.0,9368.032,44.661484,,,,,,
1783537689.266,4001796.0,9369.17,44.660812,,,,,,
1783537689.267,4001801.0,9369.404,44.660137,,,,,,
1783537689.267,4001806.0,9368.869,44.664303,,,,,,
1783537689.268,4001811.0,9369.103,44.663628,,,,,,
1783537689.269,4001816.0,9368.701,44.664787,,,,,,
1783537689.270,4001821.0,9367.596,44.665363,,,,,,
1783537689.271,4001826.0,9367.964,44.664299,,,,,,
1783537689.272,4001831.0,9368.936,44.656258,,,,,,
1783537689.272,4001836.0,9369.538,44.654514,,,,,,
1783537689.273,4001841.0,9370.006,44.653164,,,,,,
1783537689.274,4001846.0,9370.878,44.648026,,,,,,
1783537689.275,4001851.0,9370.476,44.649185,,,,,,
1783537689.276,4001856.0,9370.007,44.650539,,,,,,
1783537689.277,4001861.0,9369.807,44.648502,,,,,,
1783537689.278,4001866.0,9370.241,44.647247,,,,,,
1783537689.279,4001871.0,9369.605,44.649082,,,,,,
1783537689.280,4001876.0,9369.236,44.64753,,,,,,
1783537689.280,4001881.0,9369.807,44.645882,,,,,,
1783537689.281,4001886.0,9369.438,44.64695,,,,,,
1783537689.282,4001891.0,9369.505,44.646755,,,,,,
1783537689.283,4001896.0,9370.745,44.64579,,,,,,
1783537689.284,4001901.0,9371.381,44.643955,,,,,,
1783537689.285,4001906.0,9370.51,44.646469,,,,,,
1783537689.285,4001911.0,9370.777,44.645699,,,,,,
1783537689.286,4001916.0,9370.409,44.644142,,,,,,
1783537689.287,4001921.0,9368.734,44.646362,,,,,,
1783537689.288,4001926.0,9368.366,44.650043,,,,,,
1783537689.288,4001931.0,9369.639,44.646366,,,,,,
1783537689.289,4001936.0,9369.237,44.647526,,,,,,
1783537689.427,4001941.0,9368.802,44.648785,,,,,,
1783537689.428,4001946.0,9369.94,44.645496,,,,,,
1783537689.430,4001951.0,9370.075,44.645107,,,,,,
1783537689.431,4001956.0,9368.834,44.648693,,,,,,
1783537689.432,4001961.0,9369.438,44.64695,,,,,,
1783537689.433,4001966.0,9369.404,44.647045,,,,,,
1783537689.434,4001971.0,9368.901,44.648499,,,,,,
1783537689.435,4001976.0,9369.807,44.643265,,,,,,
1783537689.436,4001981.0,9370.711,44.643269,,,,,,
1783537689.437,4001986.0,9370.543,44.646374,,,,,,
1783537689.438,4001991.0,9371.516,44.643562,,,,,,
1783537689.439,4001996.0,9372.588,44.640465,,,,,,
1783537689.440,4002001.0,9371.85,44.645214,,,,,,
1783537689.441,4002006.0,9371.582,44.645988,,,,,,
1783537689.443,4002011.0,9372.521,44.643276,,,,,,
1783537689.444,4002016.0,9372.889,44.644833,,,,,,
1783537689.445,4002021.0,9372.186,44.649483,,,,,,
1783537689.446,4002026.0,9373.19,44.64658,,,,,,
1783537689.447,4002031.0,9373.961,44.644352,,,,,,
1783537689.448,4002036.0,9373.357,44.646095,,,,,,
1783537689.448,4002041.0,9373.057,44.646965,,,,,,
1783537689.449,4002046.0,9374.096,44.641346,,,,,,
1783537689.450,4002051.0,9373.827,44.642124,,,,,,
1783537689.451,4002056.0,9372.654,44.645512,,,,,,
1783537689.452,4002061.0,9372.99,44.644539,,,,,,
1783537689.452,4002066.0,9372.822,44.645027,,,,,,
1783537689.453,4002071.0,9371.549,44.651321,,,,,,
1783537689.454,4002076.0,9371.515,44.648804,,,,,,
1783537689.455,4002081.0,9372.486,44.645996,,,,,,
1783537689.456,4002086.0,9372.084,44.64716,,,,,,
1783537689.457,4002091.0,9371.816,44.645313,,,,,,
1783537689.457,4002096.0,9372.252,44.641438,,,,,,
1783537689.459,4002101.0,9372.117,44.644444,,,,,,
1783537689.460,4002106.0,9371.246,44.644344,,,,,,
1783537689.763,4002111.0,9371.146,44.64201,,,,,,
1783537689.764,4002116.0,9370.744,44.645794,,,,,,
1783537689.766,4002121.0,9369.974,44.648022,,,,,,
1783537689.768,4002126.0,9369.84,44.645786,,,,,,
1783537689.769,4002131.0,9370.242,44.647243,,,,,,
1783537689.772,4002136.0,9370.375,44.646858,,,,,,
1783537689.773,4002141.0,9370.542,44.643757,,,,,,
1783537689.775,4002146.0,9371.213,44.641819,,,,,,
1783537689.777,4002151.0,9370.408,44.644142,,,,,,
1783537689.778,4002156.0,9369.505,44.644138,,,,,,
1783537689.779,4002161.0,9368.902,44.645878,,,,,,
1783537689.781,4002166.0,9368.266,44.647717,,,,,,
1783537689.782,4002171.0,9367.229,44.650715,,,,,,
1783537689.783,4002176.0,9367.061,44.648582,,,,,,
1783537689.783,4002181.0,9366.927,44.648968,,,,,,
1783537689.784,4002186.0,9366.057,44.651485,,,,,,
1783537689.785,4002191.0,9366.157,44.648571,,,,,,
1783537689.786,4002196.0,9366.792,44.64674,,,,,,
1783537689.787,4002201.0,9366.994,44.646156,,,,,,
1783537689.789,4002206.0,9366.893,44.646446,,,,,,
1783537689.790,4002211.0,9367.026,44.646061,,,,,,
1783537689.791,4002216.0,9367.16,44.648296,,,,,,
1783537689.792,4002221.0,9366.057,44.651485,,,,,,
1783537689.793,4002226.0,9365.889,44.65197,,,,,,
1783537689.794,4002231.0,9366.224,44.651001,,,,,,
1783537689.794,4002236.0,9366.826,44.649261,,,,,,
1783537689.795,4002241.0,9367.127,44.645771,,,,,,
1783537689.796,4002246.0,9368.634,44.638802,,,,,,
1783537689.797,4002251.0,9369.002,44.637741,,,,,,
1783537689.798,4002256.0,9368.467,44.636669,,,,,,
1783537689.798,4002261.0,9368.131,44.637638,,,,,,
1783537689.799,4002266.0,9367.295,44.640057,,,,,,
1783537689.800,4002271.0,9365.822,44.646923,,,,,,
1783537689.801,4002276.0,9365.588,44.650219,,,,,,
1783537689.802,4002281.0,9366.357,44.647995,,,,,,
1783537689.802,4002286.0,9366.826,44.646641,,,,,,
1783537689.803,4002291.0,9367.193,44.648201,,,,,,
1783537689.804,4002296.0,9368.299,44.642384,,,,,,
1783537689.805,4002301.0,9368.098,44.642967,,,,,,
1783537689.806,4002306.0,9367.763,44.646553,,,,,,
1783537689.807,4002311.0,9367.964,44.643353,,,,,,
1783537689.808,4002316.0,9367.964,44.643353,,,,,,
1783537689.809,4002321.0,9367.695,44.644131,,,,,,
1783537689.810,4002326.0,9368.131,44.642868,,,,,,
1783537689.810,4002331.0,9369.169,44.637257,,,,,,
1783537689.811,4002336.0,9368.969,44.64045,,,,,,
1783537689.812,4002341.0,9369.103,44.64006,,,,,,
1783537689.813,4002346.0,9369.974,44.640167,,,,,,
1783537689.814,4002351.0,9369.84,44.640553,,,,,,
1783537689.815,4002356.0,9368.299,44.647621,,,,,,
1783537689.815,4002361.0,9367.932,44.648682,,,,,,
1783537689.816,4002366.0,9367.329,44.650425,,,,,,
1783537689.817,4002371.0,9366.123,44.653908,,,,,,
1783537689.818,4002376.0,9365.654,44.655262,,,,,,
1783537689.819,4002381.0,9366.491,44.652843,,,,,,
1783537689.820,4002386.0,9366.559,44.650032,,,,,,
1783537689.821,4002391.0,9367.261,44.648003,,,,,,
1783537689.822,4002396.0,9367.764,44.646553,,,,,,
1783537689.822,4002401.0,9367.428,44.644901,,,,,,
1783537689.823,4002406.0,9366.291,44.648186,,,,,,
1783537689.824,4002411.0,9366.458,44.647709,,,,,,
1783537689.825,4002416.0,9365.889,44.646736,,,,,,
1783537689.826,4002421.0,9365.253,44.648571,,,,,,
1783537689.827,4002426.0,9365.756,44.649731,,,,,,
1783537689.828,4002431.0,9367.162,44.645668,,,,,,
1783537689.829,4002436.0,9367.027,44.648678,,,,,,
1783537689.829,4002441.0,9367.495,44.649944,,,,,,
1783537689.830,4002446.0,9368.467,44.647137,,,,,,
1783537689.831,4002451.0,9368.901,44.645882,,,,,,
1783537689.832,4002456.0,9368.266,44.647717,,,,,,
1783537689.833,4002461.0,9368.901,44.645882,,,,,,
1783537689.833,4002466.0,9369.438,44.64695,,,,,,
1783537689.834,4002471.0,9369.203,44.650246,,,,,,
1783537689.835,4002476.0,9369.974,44.648022,,,,,,
1783537689.836,4002481.0,9370.744,44.648411,,,,,,
1783537689.972,4002486.0,9371.615,44.648514,,,,,,
1783537689.973,4002491.0,9371.916,44.647644,,,,,,
1783537689.974,4002496.0,9373.357,44.643478,,,,,,
1783537689.975,4002501.0,9373.626,44.645321,,,,,,
1783537689.976,4002506.0,9373.76,44.644936,,,,,,
1783537689.977,4002511.0,9373.425,44.645901,,,,,,
1783537689.978,4002516.0,9373.76,44.644936,,,,,,
1783537689.979,4002521.0,9372.654,44.648129,,,,,,
1783537689.980,4002526.0,9372.352,44.649002,,,,,,
1783537689.982,4002531.0,9372.822,44.647644,,,,,,
1783537689.983,4002536.0,9372.588,44.648319,,,,,,
1783537689.983,4002541.0,9371.983,44.650066,,,,,,
1783537689.984,4002546.0,9372.855,44.647549,,,,,,
1783537689.985,4002551.0,9372.386,44.648903,,,,,,
1783537689.986,4002556.0,9371.28,44.6521,,,,,,
1783537689.987,4002561.0,9370.911,44.650547,,,,,,
1783537689.988,4002566.0,9370.544,44.648991,,,,,,
1783537689.989,4002571.0,9369.035,44.65073,,,,,,
1783537689.990,4002576.0,9368.901,44.648499,,,,,,
1783537689.991,4002581.0,9368.936,44.645782,,,,,,
1783537689.992,4002586.0,9368.97,44.645683,,,,,,
1783537689.993,4002591.0,9368.834,44.646076,,,,,,
1783537689.994,4002596.0,9369.538,44.644039,,,,,,
1783537689.995,4002601.0,9369.136,44.645203,,,,,,
1783537689.997,4002606.0,9368.064,44.6483,,,,,,
1783537689.998,4002611.0,9367.697,44.646744,,,,,,
1783537689.998,4002616.0,9367.295,44.64529,,,,,,
1783537689.999,4002621.0,9365.488,44.647892,,,,,,
1783537690.000,4002626.0,9364.952,44.649441,,,,,,
1783537690.001,4002631.0,9364.852,44.647114,,,,,,
1783537690.002,4002636.0,9364.149,44.651756,,,,,,
1783537690.003,4002641.0,9363.78,44.652828,,,,,,
1783537690.003,4002646.0,9364.584,44.650505,,,,,,
1783537690.004,4002651.0,9364.115,44.649242,,,,,,
1783537690.246,4002656.0,9363.682,44.650497,,,,,,
1783537690.247,4002661.0,9364.016,44.646915,,,,,,
1783537690.249,4002666.0,9363.748,44.647686,,,,,,
1783537690.250,4002671.0,9362.377,44.651649,,,,,,
1783537690.251,4002676.0,9363.181,44.649326,,,,,,
1783537690.252,4002681.0,9364.05,44.646816,,,,,,
1783537690.253,4002686.0,9363.515,44.648361,,,,,,
1783537690.254,4002691.0,9363.715,44.647781,,,,,,
1783537690.255,4002696.0,9365.086,44.643822,,,,,,
1783537690.256,4002701.0,9363.982,44.647011,,,,,,
1783537690.257,4002706.0,9363.48,44.64846,,,,,,
1783537690.258,4002711.0,9363.748,44.647686,,,,,,
1783537690.259,4002716.0,9363.849,44.647396,,,,,,
1783537690.260,4002721.0,9362.878,44.6502,,,,,,
1783537690.261,4002726.0,9363.38,44.64875,,,,,,
1783537690.262,4002731.0,9363.849,44.647396,,,,,,
1783537690.263,4002736.0,9363.112,44.649525,,,,,,
1783537690.265,4002741.0,9362.544,44.651165,,,,,,
1783537690.265,4002746.0,9363.514,44.648365,,,,,,
1783537690.266,4002751.0,9363.814,44.647495,,,,,,
1783537690.267,4002756.0,9363.279,44.64904,,,,,,
1783537690.268,4002761.0,9364.082,44.649338,,,,,,
1783537690.269,4002766.0,9364.617,44.647793,,,,,,
1783537690.269,4002771.0,9363.514,44.653595,,,,,,
1783537690.270,4002776.0,9363.112,44.654758,,,,,,
1783537690.271,4002781.0,9363.48,44.653694,,,,,,
1783537690.272,4002786.0,9362.744,44.653206,,,,,,
1783537690.272,4002791.0,9362.344,44.656979,,,,,,
1783537690.273,4002796.0,9363.213,44.651852,,,,,,
1783537690.274,4002801.0,9362.711,44.655914,,,,,,
1783537690.275,4002806.0,9361.774,44.658623,,,,,,
1783537690.276,4002811.0,9362.01,44.657944,,,,,,
1783537690.277,4002816.0,9362.311,44.657074,,,,,,
1783537690.277,4002821.0,9360.672,44.664421,,,,,,
1783537690.278,4002826.0,9360.74,44.664227,,,,,,
1783537690.279,4002831.0,9361.441,44.662201,,,,,,
1783537690.280,4002836.0,9361.341,44.662495,,,,,,
1783537690.281,4002841.0,9361.073,44.660648,,,,,,
1783537690.282,4002846.0,9362.209,44.654751,,,,,,
1783537690.283,4002851.0,9361.741,44.656101,,,,,,
1783537690.283,4002856.0,9361.206,44.65765,,,,,,
1783537690.284,4002861.0,9360.705,44.659096,,,,,,
1783537690.285,4002866.0,9360.003,44.661125,,,,,,
1783537690.286,4002871.0,9358.566,44.665276,,,,,,
1783537690.287,4002876.0,9358.901,44.66431,,,,,,
1783537690.288,4002881.0,9358.533,44.665371,,,,,,
1783537690.288,4002886.0,9358.032,44.666821,,,,,,
1783537690.289,4002891.0,9357.731,44.66769,,,,,,
1783537690.290,4002896.0,9358.433,44.668282,,,,,,
1783537690.291,4002901.0,9357.598,44.668076,,,,,,
1783537690.292,4002906.0,9356.829,44.672909,,,,,,
1783537690.293,4002911.0,9356.729,44.675816,,,,,,
1783537690.294,4002916.0,9356.662,44.678631,,,,,,
1783537690.295,4002921.0,9355.928,44.683369,,,,,,
1783537690.296,4002926.0,9356.062,44.6856,,,,,,
1783537690.297,4002931.0,9356.796,44.683475,,,,,,
1783537690.298,4002936.0,9356.495,44.686966,,,,,,
1783537690.299,4002941.0,9356.829,44.686001,,,,,,
1783537690.299,4002946.0,9357.798,44.683201,,,,,,
1783537690.440,4002951.0,9357.998,44.685242,,,,,,
1783537690.440,4002956.0,9357.764,44.688538,,,,,,
1783537690.442,4002961.0,9357.364,44.689693,,,,,,
1783537690.443,4002966.0,9356.931,44.696178,,,,,,
1783537690.443,4002971.0,9355.594,44.702663,,,,,,
1783537690.444,4002976.0,9355.661,44.70509,,,,,,
1783537690.445,4002981.0,9355.494,44.705566,,,,,,
1783537690.445,4002986.0,9355.693,44.707615,,,,,,
1783537690.446,4002991.0,9355.06,44.709446,,,,,,
1783537690.447,4002996.0,9355.561,44.707996,,,,,,
1783537690.447,4003001.0,9354.092,44.712242,,,,,,
1783537690.448,4003006.0,9352.323,44.71735,,,,,,
1783537690.449,4003011.0,9350.889,44.721497,,,,,,
1783537690.449,4003016.0,9349.756,44.72477,,,,,,
1783537690.450,4003021.0,9347.221,44.729473,,,,,,
1783537690.451,4003026.0,9346.487,44.728977,,,,,,
1783537690.452,4003031.0,9345.854,44.733421,,,,,,
1783537690.452,4003036.0,9344.988,44.733307,,,,,,
1783537690.453,4003041.0,9344.289,44.732708,,,,,,
1783537690.454,4003046.0,9344.889,44.733597,,,,,,
1783537690.455,4003051.0,9343.989,44.736195,,,,,,
1783537690.455,4003056.0,9343.189,44.738506,,,,,,
1783537690.456,4003061.0,9342.79,44.742279,,,,,,
1783537690.457,4003066.0,9341.692,44.745449,,,,,,
1783537690.458,4003071.0,9339.262,44.749855,,,,,,
1783537690.459,4003076.0,9337.932,44.756317,,,,,,
1783537690.459,4003081.0,9336.9,44.75668,,,,,,
1783537690.460,4003086.0,9335.271,44.758766,,,,,,
1783537690.461,4003091.0,9334.307,44.761555,,,,,,
1783537690.461,4003096.0,9334.805,44.760113,,,,,,
1783537690.462,4003101.0,9334.075,44.759605,,,,,,
1783537690.463,4003106.0,9332.911,44.76297,,,,,,
1783537690.463,4003111.0,9332.612,44.763832,,,,,,
1783537690.695,4003116.0,9331.849,44.766037,,,,,,
1783537690.696,4003121.0,9329.557,44.77528,,,,,,
1783537690.697,4003126.0,9328.793,44.780106,,,,,,
1783537690.698,4003131.0,9328.826,44.782631,,,,,,
1783537690.698,4003136.0,9327.764,44.788319,,,,,,
1783537690.699,4003141.0,9326.835,44.793621,,,,,,
1783537690.700,4003146.0,9327.166,44.792664,,,,,,
1783537690.701,4003151.0,9326.072,44.795826,,,,,,
1783537690.702,4003156.0,9324.412,44.800621,,,,,,
1783537690.703,4003161.0,9323.916,44.802055,,,,,,
1783537690.703,4003166.0,9322.955,44.804832,,,,,,
1783537690.704,4003171.0,9321.396,44.809338,,,,,,
1783537690.705,4003176.0,9320.998,44.813103,,,,,,
1783537690.706,4003181.0,9320.401,44.814827,,,,,,
1783537690.707,4003186.0,9319.606,44.817127,,,,,,
1783537690.708,4003191.0,9319.209,44.820896,,,,,,
1783537690.709,4003196.0,9319.44,44.822842,,,,,,
1783537690.709,4003201.0,9318.28,44.826195,,,,,,
1783537690.710,4003206.0,9317.123,44.832157,,,,,,
1783537690.711,4003211.0,9316.129,44.83765,,,,,,
1783537690.712,4003216.0,9315.467,44.839561,,,,,,
1783537690.713,4003221.0,9313.977,44.843868,,,,,,
1783537690.713,4003226.0,9314.109,44.843483,,,,,,
1783537690.714,4003231.0,9314.242,44.843102,,,,,,
1783537690.715,4003236.0,9314.176,44.843292,,,,,,
1783537690.715,4003241.0,9313.415,44.84549,,,,,,
1783537690.716,4003246.0,9313.381,44.845589,,,,,,
1783537690.717,4003251.0,9312.059,44.849411,,,,,,
1783537690.717,4003256.0,9311.495,44.853657,,,,,,
1783537690.718,4003261.0,9310.933,44.857903,,,,,,
1783537690.719,4003266.0,9310.205,44.862625,,,,,,
1783537690.720,4003271.0,9308.751,44.869442,,,,,,
1783537690.721,4003276.0,9308.256,44.873493,,,,,,
1783537690.722,4003281.0,9307.595,44.875404,,,,,,
1783537690.722,4003286.0,9306.338,44.879036,,,,,,
1783537690.723,4003291.0,9305.744,44.880753,,,,,,
1783537690.724,4003296.0,9305.645,44.881039,,,,,,
1783537690.724,4003301.0,9305.018,44.882851,,,,,,
1783537690.725,4003306.0,9303.894,44.886101,,,,,,
1783537690.725,4003311.0,9303.234,44.888004,,,,,,
1783537690.726,4003316.0,9302.573,44.889915,,,,,,
1783537690.727,4003321.0,9301.088,44.894207,,,,,,
1783537690.727,4003326.0,9300.395,44.89621,,,,,,
1783537690.728,4003331.0,9300.428,44.896114,,,,,,
1783537690.728,4003336.0,9300.131,44.896973,,,,,,
1783537690.729,4003341.0,9299.701,44.898212,,,,,,
1783537690.730,4003346.0,9299.867,44.897736,,,,,,
1783537690.730,4003351.0,9299.01,44.900211,,,,,,
1783537690.731,4003356.0,9297.592,44.904308,,,,,,
1783537690.731,4003361.0,9296.734,44.906788,,,,,,
1783537690.732,4003366.0,9295.646,44.909931,,,,,,
1783537690.733,4003371.0,9294.559,44.913074,,,,,,
1783537690.733,4003376.0,9294.162,44.914219,,,,,,
1783537690.734,4003381.0,9294.229,44.914028,,,,,,
1783537690.864,4003386.0,9293.8,44.915268,,,,,,
1783537690.865,4003391.0,9293.306,44.916695,,,,,,
1783537690.866,4003396.0,9294.791,44.91502,,,,,,
1783537690.866,4003401.0,9294.757,44.915119,,,,,,
1783537690.867,4003406.0,9294.822,44.917545,,,,,,
1783537690.868,4003411.0,9295.581,44.917976,,,,,,
1783537690.869,4003416.0,9296.503,44.917931,,,,,,
1783537690.870,4003421.0,9295.514,44.920792,,,,,,
1783537690.870,4003426.0,9296.768,44.919788,,,,,,
1783537690.871,4003431.0,9297.955,44.918976,,,,,,
1783537690.872,4003436.0,9297.822,44.919361,,,,,,
1783537690.873,4003441.0,9298.251,44.918121,,,,,,
1783537690.874,4003446.0,9299.637,44.914116,,,,,,
1783537690.874,4003451.0,9299.175,44.915451,,,,,,
1783537690.875,4003456.0,9298.614,44.914452,,,,,,
1783537690.876,4003461.0,9299.043,44.913212,,,,,,
1783537690.877,4003466.0,9299.01,44.913307,,,,,,
1783537690.878,4003471.0,9298.119,44.915882,,,,,,
1783537690.879,4003476.0,9298.745,44.914074,,,,,,
1783537690.879,4003481.0,9298.877,44.913692,,,,,,
1783537690.880,4003486.0,9298.68,44.914261,,,,,,
1783537690.881,4003491.0,9298.91,44.91098,,,,,,
1783537690.881,4003496.0,9300.164,44.904736,,,,,,
1783537690.882,4003501.0,9299.57,44.906452,,,,,,
1783537690.883,4003506.0,9299.537,44.903927,,,,,,
1783537690.883,4003511.0,9300.064,44.902397,,,,,,
1783537690.884,4003516.0,9300.56,44.900974,,,,,,
1783537690.884,4003521.0,9298.943,44.90564,,,,,,
1783537690.885,4003526.0,9299.604,44.898499,,,,,,
1783537691.112,4003531.0,9300.064,44.897163,0.26081,162.948929,4003528.0,57.378223,,
1783537691.114,4003653.0,9302.047,44.883579,,,,,,
1783537691.115,4003658.0,9304.559,44.868462,,,,,,
1783537691.116,4003663.0,9308.127,44.852913,,,,,,
1783537691.117,4003668.0,9310.373,44.843803,,,,,,
1783537691.117,4003673.0,9312.753,44.829071,,,,,,
1783537691.119,4003678.0,9313.679,44.82378,,,,,,
1783537691.119,4003683.0,9313.812,44.823395,,,,,,
1783537691.120,4003688.0,9314.275,44.819435,,,,,,
1783537691.121,4003693.0,9315.697,44.81271,,,,,,
1783537691.122,4003698.0,9317.287,44.805496,,,,,,
1783537691.123,4003703.0,9318.281,44.802624,,,,,,
1783537691.124,4003708.0,9319.607,44.798794,,,,,,
1783537691.124,4003713.0,9321.33,44.793816,,,,,,
1783537691.126,4003718.0,9321.628,44.792953,,,,,,
1783537691.127,4003723.0,9322.092,44.791615,,,,,,
1783537691.128,4003728.0,9322.986,44.786407,,,,,,
1783537691.129,4003733.0,9323.815,44.781395,,,,,,
1783537691.130,4003738.0,9323.584,44.779446,,,,,,
1783537691.131,4003743.0,9324.744,44.773476,,,,,,
1783537691.132,4003748.0,9325.64,44.770889,,,,,,
1783537691.133,4003753.0,9326.271,44.769066,,,,,,
1783537691.134,4003758.0,9327.033,44.766861,,,,,,
1783537691.134,4003763.0,9328.926,44.761391,,,,,,
1783537691.135,4003768.0,9329.789,44.756283,,,,,,
1783537691.136,4003773.0,9330.42,44.751842,,,,,,
1783537691.137,4003778.0,9331.217,44.746922,,,,,,
1783537691.137,4003783.0,9332.18,44.741524,,,,,,
1783537691.282,4003788.0,9331.814,44.73996,,,,,,
1783537691.283,4003793.0,9332.08,44.739193,,,,,,
1783537691.284,4003798.0,9332.778,44.734554,,,,,,
1783537691.284,4003803.0,9333.276,44.733116,,,,,,
1783537691.285,4003808.0,9333.643,44.729446,,,,,,
1783537691.286,4003813.0,9335.038,44.722794,,,,,,
1783537691.287,4003818.0,9335.702,44.718258,,,,,,
1783537691.288,4003823.0,9336.002,44.717396,,,,,,
1783537691.290,4003828.0,9336.633,44.712959,,,,,,
1783537691.291,4003833.0,9336.435,44.713531,,,,,,
1783537691.292,4003838.0,9336.002,44.714779,,,,,,
1783537691.293,4003843.0,9336.401,44.711006,,,,,,
1783537691.294,4003848.0,9336.9,44.709564,,,,,,
1783537691.295,4003853.0,9337.432,44.708027,,,,,,
1783537691.296,4003858.0,9338.396,44.705246,,,,,,
1783537691.297,4003863.0,9340.028,44.700531,,,,,,
1783537691.298,4003868.0,9340.459,44.7019,,,,,,
1783537691.299,4003873.0,9340.893,44.700649,,,,,,
1783537691.300,4003878.0,9341.158,44.699883,,,,,,
1783537691.300,4003883.0,9342.124,44.694469,,,,,,
1783537691.301,4003888.0,9341.958,44.692337,,,,,,
1783537691.302,4003893.0,9343.557,44.687717,,,,,,
1783537691.303,4003898.0,9345.289,44.680096,,,,,,
1783537691.304,4003903.0,9346.854,44.675571,,,,,,
1783537691.305,4003908.0,9347.588,44.67345,,,,,,
1783537691.306,4003913.0,9349.287,44.671158,,,,,,
1783537691.306,4003918.0,9349.82,44.669617,,,,,,
1783537691.307,4003923.0,9349.321,44.673676,,,,,,
1783537691.308,4003928.0,9349.755,44.672424,,,,,,
1783537691.309,4003933.0,9350.622,44.672535,,,,,,
1783537691.310,4003938.0,9350.255,44.673595,,,,,,
1783537691.311,4003943.0,9350.122,44.67136,,,,,,
1783537691.311,4003948.0,9351.222,44.665569,,,,,,
1783537691.312,4003953.0,9350.955,44.66634,,,,,,
1783537691.313,4003958.0,9350.854,44.66663,,,,,,
1783537691.529,4003963.0,9351.755,44.664032,,,,,,
1783537691.530,4003968.0,9351.855,44.663738,,,,,,
1783537691.531,4003973.0,9351.288,44.665375,,,,,,
1783537691.532,4003978.0,9351.422,44.662369,,,,,,
1783537691.532,4003983.0,9350.922,44.663818,,,,,,
1783537691.533,4003988.0,9350.055,44.663712,,,,,,
1783537691.534,4003993.0,9349.92,44.664101,,,,,,
1783537691.534,4003998.0,9350.054,44.661091,,,,,,
1783537691.535,4004003.0,9350.055,44.661091,,,,,,
1783537691.536,4004008.0,9349.987,44.656052,,,,,,
1783537691.536,4004013.0,9350.722,44.653931,,,,,,
1783537691.537,4004018.0,9350.288,44.652565,,,,,,
1783537691.538,4004023.0,9349.955,44.653526,,,,,,
1783537691.538,4004028.0,9349.955,44.653526,,,,,,
1783537691.539,4004033.0,9349.588,44.654587,,,,,,
1783537691.540,4004038.0,9347.688,44.66008,,,,,,
1783537691.540,4004043.0,9347.654,44.660175,,,,,,
1783537691.541,4004048.0,9347.987,44.659214,,,,,,
1783537691.542,4004053.0,9347.554,44.657848,,,,,,
1783537691.542,4004058.0,9348.221,44.655922,,,,,,
1783537691.543,4004063.0,9349.688,44.649067,,,,,,
1783537691.544,4004068.0,9349.92,44.651005,,,,,,
1783537691.545,4004073.0,9349.588,44.651966,,,,,,
1783537691.545,4004078.0,9349.521,44.652161,,,,,,
1783537691.546,4004083.0,9349.154,44.655842,,,,,,
1783537691.546,4004088.0,9347.887,44.659504,,,,,,
1783537691.547,4004093.0,9348.054,44.656399,,,,,,
1783537691.548,4004098.0,9348.654,44.654671,,,,,,
1783537691.548,4004103.0,9348.987,44.653706,,,,,,
1783537691.549,4004108.0,9349.287,44.650223,,,,,,
1783537691.550,4004113.0,9350.854,44.645695,,,,,,
1783537691.550,4004118.0,9350.986,44.645309,,,,,,
1783537691.551,4004123.0,9350.322,44.649845,,,,,,
1783537691.552,4004128.0,9350.32,44.649849,,,,,,
1783537691.552,4004133.0,9350.521,44.649269,,,,,,
1783537691.553,4004138.0,9349.787,44.651394,,,,,,
1783537691.554,4004143.0,9350.588,44.649082,,,,,,
1783537691.554,4004148.0,9351.421,44.644054,,,,,,
1783537691.555,4004153.0,9352.321,44.641453,,,,,,
1783537691.555,4004158.0,9352.288,44.641548,,,,,,
1783537691.556,4004163.0,9353.022,44.64204,,,,,,
1783537691.557,4004168.0,9352.521,44.643486,,,,,,
1783537691.558,4004173.0,9352.089,44.644737,,,,,,
1783537691.558,4004178.0,9351.689,44.645897,,,,,,
1783537691.559,4004183.0,9351.822,44.648132,,,,,,
1783537691.560,4004188.0,9350.955,44.650639,,,,,,
1783537691.560,4004193.0,9351.088,44.650253,,,,,,
1783537691.561,4004198.0,9351.422,44.649288,,,,,,
1783537691.561,4004203.0,9351.488,44.649101,,,,,,
1783537691.562,4004208.0,9351.488,44.646477,,,,,,
1783537691.685,4004213.0,9352.755,44.642815,,,,,,
1783537691.686,4004218.0,9352.557,44.646011,,,,,,
1783537691.687,4004223.0,9352.488,44.646206,,,,,,
1783537691.687,4004228.0,9352.855,44.645142,,,,,,
1783537691.688,4004233.0,9352.756,44.648052,,,,,,
1783537691.689,4004238.0,9351.623,44.651325,,,,,,
1783537691.689,4004243.0,9351.755,44.65094,,,,,,
1783537691.690,4004248.0,9352.122,44.6525,,,,,,
1783537691.691,4004253.0,9351.288,44.654911,,,,,,
1783537691.691,4004258.0,9351.255,44.65501,,,,,,
1783537691.692,4004263.0,9351.422,44.651905,,,,,,
1783537691.693,4004268.0,9351.122,44.650154,,,,,,
1783537691.694,4004273.0,9350.221,44.650139,,,,,,
1783537691.695,4004278.0,9350.689,44.648788,,,,,,
1783537691.695,4004283.0,9350.421,44.646946,,,,,,
1783537691.696,4004288.0,9349.822,44.648678,,,,,,
1783537691.697,4004293.0,9349.654,44.649162,,,,,,
1783537691.697,4004298.0,9349.854,44.648582,,,,,,
1783537691.698,4004303.0,9349.254,44.650318,,,,,,
1783537691.698,4004308.0,9348.955,44.651184,,,,,,
1783537691.699,4004313.0,9349.02,44.650993,,,,,,
1783537691.700,4004318.0,9348.588,44.652245,,,,,,
1783537691.700,4004323.0,9347.787,44.654556,,,,,,
1783537691.701,4004328.0,9348.188,44.6534,,,,,,
1783537691.701,4004333.0,9348.32,44.650398,,,,,,
1783537691.702,4004338.0,9348.187,44.650784,,,,,,
1783537691.703,4004343.0,9348.619,44.649532,,,,,,
1783537691.704,4004348.0,9350.087,44.645294,,,,,,
1783537691.704,4004353.0,9350.021,44.645485,,,,,,
1783537691.945,4004358.0,9350.787,44.645885,,,,,,
1783537691.946,4004363.0,9352.322,44.641449,,,,,,
1783537691.946,4004368.0,9352.556,44.640778,,,,,,
1783537691.947,4004373.0,9351.721,44.643188,,,,,,
1783537691.948,4004378.0,9351.988,44.645027,,,,,,
1783537691.949,4004383.0,9351.322,44.649578,,,,,,
1783537691.950,4004388.0,9350.255,44.655273,,,,,,
1783537691.951,4004393.0,9350.487,44.654606,,,,,,
1783537691.952,4004398.0,9351.689,44.651131,,,,,,
1783537691.953,4004403.0,9351.356,44.649483,,,,,,
1783537691.954,4004408.0,9351.656,44.648613,,,,,,
1783537691.955,4004413.0,9352.822,44.64262,,,,,,
1783537691.955,4004418.0,9352.757,44.642807,,,,,,
1783537691.956,4004423.0,9351.788,44.645611,,,,,,
1783537691.957,4004428.0,9351.789,44.648228,,,,,,
1783537691.958,4004433.0,9351.588,44.646187,,,,,,
1783537691.959,4004438.0,9350.154,44.65033,,,,,,
1783537691.960,4004443.0,9349.788,44.651394,,,,,,
1783537691.961,4004448.0,9350.154,44.650333,,,,,,
1783537691.961,4004453.0,9349.854,44.648582,,,,,,
1783537691.962,4004458.0,9349.82,44.648682,,,,,,
1783537691.964,4004463.0,9350.688,44.643559,,,,,,
1783537691.964,4004468.0,9350.621,44.643749,,,,,,
1783537691.965,4004473.0,9349.986,44.642971,,,,,,
1783537691.966,4004478.0,9350.053,44.64278,,,,,,
1783537691.967,4004483.0,9349.354,44.644798,,,,,,
1783537691.968,4004488.0,9348.254,44.647976,,,,,,
1783537691.969,4004493.0,9348.486,44.647305,,,,,,
1783537691.969,4004498.0,9348.72,44.646629,,,,,,
1783537691.970,4004503.0,9348.82,44.646339,,,,,,
1783537691.971,4004508.0,9349.419,44.644611,,,,,,
1783537691.972,4004513.0,9350.687,44.643559,,,,,,
1783537691.972,4004518.0,9350.286,44.644718,,,,,,
1783537691.973,4004523.0,9349.887,44.64587,,,,,,
1783537691.974,4004528.0,9349.62,44.646641,,,,,,
1783537691.975,4004533.0,9349.153,44.647991,,,,,,
1783537691.976,4004538.0,9348.052,44.651173,,,,,,
1783537691.977,4004543.0,9348.687,44.649338,,,,,,
1783537691.978,4004548.0,9349.055,44.650894,,,,,,
1783537691.978,4004553.0,9349.454,44.647121,,,,,,
1783537691.979,4004558.0,9349.754,44.646255,,,,,,
1783537691.980,4004563.0,9350.82,44.64056,,,,,,
1783537691.981,4004568.0,9350.653,44.641045,,,,,,
1783537691.982,4004573.0,9349.986,44.642971,,,,,,
1783537691.982,4004578.0,9350.054,44.64539,,,,,,
1783537691.983,4004583.0,9350.388,44.644424,,,,,,
1783537691.984,4004588.0,9349.455,44.649738,,,,,,
1783537691.985,4004593.0,9348.953,44.651184,,,,,,
1783537691.986,4004598.0,9349.92,44.648392,,,,,,
1783537691.986,4004603.0,9349.553,44.649452,,,,,,
1783537691.987,4004608.0,9348.854,44.651474,,,,,,
1783537691.988,4004613.0,9349.486,44.649647,,,,,,
1783537691.989,4004618.0,9349.954,44.648293,,,,,,
1783537691.989,4004623.0,9349.62,44.646641,,,,,,
1783537691.990,4004628.0,9349.854,44.645966,,,,,,
1783537691.991,4004633.0,9350.486,44.641525,,,,,,
1783537691.993,4004638.0,9349.986,44.642971,,,,,,
1783537692.145,4004643.0,9350.021,44.642872,,,,,,
1783537692.146,4004648.0,9349.986,44.648201,,,,,,
1783537692.147,4004653.0,9349.486,44.649647,,,,,,
1783537692.147,4004658.0,9349.088,44.653412,,,,,,
1783537692.148,4004663.0,9350.154,44.650333,,,,,,
1783537692.149,4004668.0,9349.889,44.651104,,,,,,
1783537692.150,4004673.0,9349.888,44.64587,,,,,,
1783537692.151,4004678.0,9350.188,44.645,,,,,,
1783537692.152,4004683.0,9350.587,44.643848,,,,,,
1783537692.153,4004688.0,9348.853,44.648861,,,,,,
1783537692.154,4004693.0,9349.521,44.646931,,,,,,
1783537692.155,4004698.0,9350.087,44.647911,,,,,,
1783537692.156,4004703.0,9350.321,44.647232,,,,,,
1783537692.156,4004708.0,9349.987,44.64558,,,,,,
1783537692.157,4004713.0,9351.555,44.641052,,,,,,
1783537692.158,4004718.0,9351.055,44.642498,,,,,,
1783537692.159,4004723.0,9350.454,44.641617,,,,,,
1783537692.160,4004728.0,9350.521,44.641426,,,,,,
1783537692.161,4004733.0,9350.754,44.643364,,,,,,
1783537692.162,4004738.0,9349.887,44.64587,,,,,,
1783537692.163,4004743.0,9349.486,44.64703,,,,,,
1783537692.164,4004748.0,9349.188,44.650513,,,,,,
1783537692.165,4004753.0,9349.119,44.650707,,,,,,
1783537692.166,4004758.0,9349.42,44.649837,,,,,,
1783537692.166,4004763.0,9350.054,44.648006,,,,,,
1783537692.167,4004768.0,9350.387,44.647045,,,,,,
1783537692.168,4004773.0,9350.388,44.647041,,,,,,
1783537692.169,4004778.0,9349.887,44.648487,,,,,,
1783537692.170,4004783.0,9349.286,44.647606,,,,,,
1783537692.171,4004788.0,9348.485,44.649921,,,,,,
1783537692.172,4004793.0,9347.986,44.651363,,,,,,
1783537692.172,4004798.0,9348.187,44.64817,,,,,,
1783537692.173,4004803.0,9348.286,44.647884,,,,,,
1783537692.175,4004808.0,9347.854,44.649132,,,,,,
1783537692.176,4004813.0,9348.52,44.647209,,,,,,
1783537692.177,4004818.0,9348.986,44.645859,,,,,,
1783537692.177,4004823.0,9349.419,44.647224,,,,,,
1783537692.428,4004828.0,9349.786,44.64616,,,,,,
1783537692.429,4004833.0,9350.653,44.646275,,,,,,
1783537692.430,4004838.0,9350.621,44.646366,,,,,,
1783537692.431,4004843.0,9351.254,44.647152,,,,,,
1783537692.432,4004848.0,9351.955,44.647747,,,,,,
1783537692.432,4004853.0,9352.523,44.646107,,,,,,
1783537692.433,4004858.0,9352.355,44.646587,,,,,,
1783537692.435,4004863.0,9352.79,44.647953,,,,,,
1783537692.435,4004868.0,9352.488,44.646206,,,,,,
1783537692.436,4004873.0,9351.355,44.646858,,,,,,
1783537692.437,4004878.0,9350.588,44.649082,,,,,,
1783537692.438,4004883.0,9350.653,44.646278,,,,,,
1783537692.439,4004888.0,9349.119,44.64809,,,,,,
1783537692.440,4004893.0,9348.254,44.650589,,,,,,
1783537692.441,4004898.0,9348.186,44.648174,,,,,,
1783537692.441,4004903.0,9347.353,44.647964,,,,,,
1783537692.442,4004908.0,9346.653,44.649986,,,,,,
1783537692.444,4004913.0,9346.819,44.646889,,,,,,
1783537692.445,4004918.0,9346.687,44.644657,,,,,,
1783537692.445,4004923.0,9345.687,44.647549,,,,,,
1783537692.446,4004928.0,9345.921,44.64687,,,,,,
1783537692.447,4004933.0,9345.653,44.647644,,,,,,
1783537692.448,4004938.0,9345.054,44.649376,,,,,,
1783537692.449,4004943.0,9344.987,44.649567,,,,,,
1783537692.450,4004948.0,9345.486,44.648125,,,,,,
1783537692.451,4004953.0,9345.22,44.648895,,,,,,
1783537692.452,4004958.0,9345.42,44.645699,,,,,,
1783537692.453,4004963.0,9346.521,44.642517,,,,,,
1783537692.454,4004968.0,9346.521,44.642517,,,,,,
1783537692.455,4004973.0,9345.654,44.645023,,,,,,
1783537692.456,4004978.0,9345.188,44.646374,,,,,,
1783537692.457,4004983.0,9344.355,44.648773,,,,,,
1783537692.457,4004988.0,9342.723,44.650879,,,,,,
1783537692.459,4004993.0,9342.223,44.652325,,,,,,
1783537692.460,4004998.0,9342.822,44.650589,,,,,,
1783537692.460,4005003.0,9343.122,44.649727,,,,,,
1783537692.461,4005008.0,9343.555,44.648476,,,,,,
1783537692.462,4005013.0,9344.688,44.647816,,,,,,
1783537692.463,4005018.0,9345.287,44.64608,,,,,,
1783537692.464,4005023.0,9345.021,44.646854,,,,,,
1783537692.464,4005028.0,9344.587,44.648109,,,,,,
1783537692.465,4005033.0,9344.788,44.647522,,,,,,
1783537692.466,4005038.0,9343.821,44.650318,,,,,,
1783537692.467,4005043.0,9343.388,44.651569,,,,,,
1783537692.468,4005048.0,9343.688,44.650707,,,,,,
1783537692.469,4005053.0,9344.087,44.649555,,,,,,
1783537692.469,4005058.0,9343.954,44.652554,,,,,,
1783537692.470,4005063.0,9344.554,44.650822,,,,,,
1783537692.471,4005068.0,9344.021,44.652359,,,,,,
1783537692.471,4005073.0,9343.388,44.656803,,,,,,
1783537692.472,4005078.0,9342.789,44.658535,,,,,,
1783537692.473,4005083.0,9343.223,44.65728,,,,,,
1783537692.474,4005088.0,9342.291,44.659977,,,,,,
1783537692.475,4005093.0,9342.689,44.658821,,,,,,
1783537692.476,4005098.0,9343.789,44.65303,,,,,,
1783537692.476,4005103.0,9344.621,44.650627,,,,,,
1783537692.477,4005108.0,9344.021,44.654972,,,,,,
1783537692.478,4005113.0,9345.254,44.651413,,,,,,
1783537692.478,4005118.0,9345.087,44.651894,,,,,,
1783537692.479,4005123.0,9344.055,44.654877,,,,,,
1783537692.480,4005128.0,9343.855,44.655453,,,,,,
1783537692.611,4005133.0,9343.921,44.655262,,,,,,
1783537692.612,4005138.0,9342.756,44.661247,,,,,,
1783537692.612,4005143.0,9342.957,44.663284,,,,,,
1783537692.613,4005148.0,9343.356,44.664745,,,,,,
1783537692.614,4005153.0,9343.057,44.665611,,,,,,
1783537692.615,4005158.0,9342.756,44.666477,,,,,,
1783537692.616,4005163.0,9343.521,44.661655,,,,,,
1783537692.617,4005168.0,9343.057,44.660381,,,,,,
1783537692.618,4005173.0,9342.523,44.659306,,,,,,
1783537692.619,4005178.0,9342.556,44.659206,,,,,,
1783537692.620,4005183.0,9342.822,44.655823,,,,,,
1783537692.620,4005188.0,9341.691,44.661709,,,,,,
1783537692.621,4005193.0,9341.558,44.664711,,,,,,
1783537692.622,4005198.0,9341.624,44.667137,,,,,,
1783537692.623,4005203.0,9340.659,44.672539,,,,,,
1783537692.623,4005208.0,9340.193,44.673885,,,,,,
1783537692.625,4005213.0,9340.76,44.672245,,,,,,
1783537692.626,4005218.0,9340.027,44.674362,,,,,,
1783537692.627,4005223.0,9339.195,44.674156,,,,,,
1783537692.628,4005228.0,9338.796,44.672691,,,,,,
1783537692.629,4005233.0,9337.864,44.678001,,,,,,
1783537692.630,4005238.0,9336.367,44.682327,,,,,,
1783537692.631,4005243.0,9336.368,44.682323,,,,,,
1783537692.631,4005248.0,9336.035,44.685898,,,,,,
1783537692.632,4005253.0,9335.836,44.689091,,,,,,
1783537692.633,4005258.0,9335.77,44.689281,,,,,,
1783537692.633,4005263.0,9336.367,44.68494,,,,,,
1783537692.634,4005268.0,9335.769,44.684055,,,,,,
1783537692.635,4005273.0,9335.104,44.685974,,,,,,
1783537692.635,4005278.0,9334.64,44.6847,,,,,,
1783537692.636,4005283.0,9334.506,44.685089,,,,,,
1783537692.877,4005288.0,9333.607,44.6903,,,,,,
1783537692.878,4005293.0,9333.209,44.694065,,,,,,
1783537692.879,4005298.0,9333.709,44.692619,,,,,,
1783537692.880,4005303.0,9333.908,44.69466,,,,,,
1783537692.881,4005308.0,9334.041,44.694279,,,,,,
1783537692.882,4005313.0,9335.171,44.691013,,,,,,
1783537692.883,4005318.0,9336.002,44.68861,,,,,,
1783537692.884,4005323.0,9336.269,44.690453,,,,,,
1783537692.885,4005328.0,9336.7,44.69183,,,,,,
1783537692.885,4005333.0,9337.0,44.69096,,,,,,
1783537692.886,4005338.0,9335.836,44.694324,,,,,,
1783537692.887,4005343.0,9335.071,44.696537,,,,,,
1783537692.888,4005348.0,9335.505,44.692665,,,,,,
1783537692.889,4005353.0,9335.072,44.691299,,,,,,
1783537692.890,4005358.0,9334.075,44.696793,,,,,,
1783537692.890,4005363.0,9334.572,44.695354,,,,,,
1783537692.891,4005368.0,9333.975,44.697083,,,,,,
1783537692.892,4005373.0,9332.58,44.703732,,,,,,
1783537692.893,4005378.0,9332.746,44.703255,,,,,,
1783537692.894,4005383.0,9332.446,44.704121,,,,,,
1783537692.895,4005388.0,9331.383,44.707191,,,,,,
1783537692.896,4005393.0,9331.716,44.708847,,,,,,
1783537692.897,4005398.0,9331.881,44.705753,,,,,,
1783537692.897,4005403.0,9330.752,44.709015,,,,,,
1783537692.898,4005408.0,9330.553,44.706974,,,,,,
1783537692.899,4005413.0,9330.752,44.706398,,,,,,
1783537692.900,4005418.0,9330.651,44.704071,,,,,,
1783537692.901,4005423.0,9329.822,44.706467,,,,,,
1783537692.902,4005428.0,9329.955,44.706085,,,,,,
1783537692.903,4005433.0,9329.988,44.70599,,,,,,
1783537692.903,4005438.0,9329.291,44.708004,,,,,,
1783537692.904,4005443.0,9329.424,44.707619,,,,,,
1783537692.905,4005448.0,9330.088,44.708313,,,,,,
1783537692.906,4005453.0,9330.154,44.708122,,,,,,
1783537692.907,4005458.0,9329.922,44.708794,,,,,,
1783537692.908,4005463.0,9330.951,44.705822,,,,,,
1783537692.909,4005468.0,9330.653,44.706684,,,,,,
1783537692.910,4005473.0,9329.789,44.706566,,,,,,
1783537692.911,4005478.0,9329.689,44.709465,,,,,,
1783537692.912,4005483.0,9329.689,44.712086,,,,,,
1783537692.913,4005488.0,9328.428,44.718346,,,,,,
1783537692.914,4005493.0,9328.361,44.71854,,,,,,
1783537692.915,4005498.0,9328.959,44.716812,,,,,,
1783537692.915,4005503.0,9328.826,44.717197,,,,,,
1783537692.916,4005508.0,9328.76,44.714771,,,,,,
1783537692.917,4005513.0,9329.656,44.70956,,,,,,
1783537692.918,4005518.0,9329.822,44.7117,,,,,,
1783537692.919,4005523.0,9329.225,44.716045,,,,,,
1783537692.919,4005528.0,9329.356,44.713047,,,,,,
1783537692.920,4005533.0,9329.589,44.714993,,,,,,
1783537692.921,4005538.0,9328.792,44.719917,,,,,,
1783537692.922,4005543.0,9328.659,44.720295,,,,,,
1783537692.922,4005548.0,9329.158,44.716236,,,,,,
1783537692.923,4005553.0,9329.225,44.718666,,,,,,
1783537692.924,4005558.0,9329.457,44.717995,,,,,,
1783537692.925,4005563.0,9330.585,44.714733,,,,,,
1783537692.926,4005568.0,9330.686,44.714439,,,,,,
1783537692.926,4005573.0,9330.686,44.717056,,,,,,
1783537693.046,4005578.0,9330.254,44.718304,,,,,,
1783537693.046,4005583.0,9329.722,44.719845,,,,,,
1783537693.047,4005588.0,9329.092,44.721664,,,,,,
1783537693.048,4005593.0,9329.258,44.721184,,,,,,
1783537693.049,4005598.0,9329.789,44.71965,,,,,,
1783537693.049,4005603.0,9329.921,44.721889,,,,,,
1783537693.050,4005608.0,9330.253,44.723541,,,,,,
1783537693.050,4005613.0,9330.917,44.721622,,,,,,
1783537693.051,4005618.0,9330.585,44.722584,,,,,,
1783537693.052,4005623.0,9330.021,44.724209,,,,,,
1783537693.052,4005628.0,9330.718,44.719582,,,,,,
1783537693.053,4005633.0,9330.485,44.717636,,,,,,
1783537693.054,4005638.0,9329.622,44.720131,,,,,,
1783537693.054,4005643.0,9329.49,44.720512,,,,,,
1783537693.055,4005648.0,9329.822,44.719551,,,,,,
1783537693.056,4005653.0,9329.557,44.722942,,,,,,
1783537693.056,4005658.0,9330.054,44.721504,,,,,,
1783537693.057,4005663.0,9331.482,44.71999,,,,,,
1783537693.057,4005668.0,9332.313,44.720207,,,,,,
1783537693.058,4005673.0,9332.579,44.722054,,,,,,
1783537693.059,4005678.0,9332.943,44.721001,,,,,,
1783537693.059,4005683.0,9333.343,44.719845,,,,,,
1783537693.296,4005688.0,9332.645,44.721863,0.064146,153.798981,4005682.0,14.112038,,
1783537693.297,4005810.0,9332.744,44.721573,,,,,,
1783537693.298,4005815.0,9332.878,44.721191,,,,,,
1783537693.299,4005820.0,9332.213,44.720497,,,,,,
1783537693.300,4005825.0,9331.849,44.721546,,,,,,
1783537693.300,4005830.0,9331.881,44.718834,,,,,,
1783537693.301,4005835.0,9330.984,44.718811,,,,,,
1783537693.302,4005840.0,9330.153,44.718597,,,,,,
1783537693.303,4005845.0,9330.519,44.714928,,,,,,
1783537693.303,4005850.0,9330.055,44.713646,,,,,,
1783537693.304,4005855.0,9329.424,44.712856,,,,,,
1783537693.305,4005860.0,9329.424,44.710236,,,,,,
1783537693.306,4005865.0,9329.921,44.706184,,,,,,
1783537693.307,4005870.0,9329.39,44.707718,,,,,,
1783537693.308,4005875.0,9329.258,44.708099,,,,,,
1783537693.309,4005880.0,9329.357,44.705196,,,,,,
1783537693.310,4005885.0,9329.225,44.705578,,,,,,
1783537693.311,4005890.0,9328.561,44.707497,,,,,,
1783537693.312,4005895.0,9328.295,44.70565,,,,,,
1783537693.313,4005900.0,9328.029,44.703804,,,,,,
1783537693.314,4005905.0,9327.232,44.706104,,,,,,
1783537693.315,4005910.0,9327.365,44.703106,,,,,,
1783537693.316,4005915.0,9327.531,44.700012,,,,,,
1783537693.317,4005920.0,9327.333,44.703197,,,,,,
1783537693.318,4005925.0,9327.299,44.703297,,,,,,
1783537693.319,4005930.0,9328.627,44.699459,,,,,,
1783537693.321,4005935.0,9328.229,44.700611,,,,,,
1783537693.322,4005940.0,9328.029,44.701187,,,,,,
1783537693.322,4005945.0,9328.793,44.696365,,,,,,
1783537693.323,4005950.0,9329.158,44.695309,,,,,,
1783537693.324,4005955.0,9328.162,44.698189,,,,,,
1783537693.325,4005960.0,9328.893,44.696079,,,,,,
1783537693.326,4005965.0,9330.021,44.695431,,,,,,
1783537693.327,4005970.0,9330.088,44.695236,,,,,,
1783537693.328,4005975.0,9330.354,44.694469,,,,,,
1783537693.460,4005980.0,9331.582,44.690918,,,,,,
1783537693.461,4005985.0,9331.714,44.69054,,,,,,
1783537693.462,4005990.0,9330.784,44.690613,,,,,,
1783537693.463,4005995.0,9330.585,44.691189,,,,,,
1783537693.463,4006000.0,9330.52,44.691376,,,,,,
1783537693.464,4006005.0,9329.922,44.693104,,,,,,
1783537693.465,4006010.0,9330.221,44.692242,,,,,,
1783537693.466,4006015.0,9331.25,44.689266,,,,,,
1783537693.466,4006020.0,9332.014,44.687057,,,,,,
1783537693.467,4006025.0,9332.579,44.685425,,,,,,
1783537693.467,4006030.0,9333.643,44.682354,,,,,,
1783537693.468,4006035.0,9333.343,44.68322,,,,,,
1783537693.469,4006040.0,9333.077,44.681366,,,,,,
1783537693.469,4006045.0,9333.51,44.680115,,,,,,
1783537693.470,4006050.0,9333.676,44.679634,,,,,,
1783537693.471,4006055.0,9332.845,44.682041,,,,,,
1783537693.472,4006060.0,9334.107,44.678394,,,,,,
1783537693.472,4006065.0,9335.237,44.677746,,,,,,
1783537693.473,4006070.0,9335.537,44.67688,,,,,,
1783537693.473,4006075.0,9336.302,44.674667,,,,,,
1783537693.474,4006080.0,9337.898,44.670055,,,,,,
1783537693.475,4006085.0,9338.097,44.669483,,,,,,
1783537693.475,4006090.0,9337.532,44.671112,,,,,,
1783537693.477,4006095.0,9338.297,44.671516,,,,,,
1783537693.478,4006100.0,9338.862,44.669884,,,,,,
1783537693.479,4006105.0,9338.396,44.67123,,,,,,
1783537693.480,4006110.0,9338.929,44.669689,,,,,,
1783537693.481,4006115.0,9340.227,44.668556,,,,,,
1783537693.482,4006120.0,9340.261,44.66584,,,,,,
1783537693.482,4006125.0,9340.361,44.66555,,,,,,
1783537693.483,4006130.0,9341.891,44.661129,,,,,,
1783537693.762,4006135.0,9342.025,44.660744,,,,,,
1783537693.763,4006140.0,9342.223,44.657558,,,,,,
1783537693.765,4006145.0,9342.855,44.655727,,,,,,
1783537693.767,4006150.0,9343.188,44.654766,,,,,,
1783537693.768,4006155.0,9342.589,44.659111,,,,,,
1783537693.769,4006160.0,9342.954,44.658058,,,,,,
1783537693.770,4006165.0,9343.521,44.656422,,,,,,
1783537693.770,4006170.0,9343.521,44.659039,,,,,,
1783537693.771,4006175.0,9344.454,44.656338,,,,,,
1783537693.772,4006180.0,9345.62,44.652969,,,,,,
1783537693.774,4006185.0,9346.02,44.654434,,,,,,
1783537693.775,4006190.0,9345.521,44.658489,,,,,,
1783537693.776,4006195.0,9345.955,44.657234,,,,,,
1783537693.777,4006200.0,9345.588,44.658295,,,,,,
1783537693.778,4006205.0,9344.755,44.660702,,,,,,
1783537693.779,4006210.0,9344.788,44.660606,,,,,,
1783537693.779,4006215.0,9345.453,44.656071,,,,,,
1783537693.781,4006220.0,9344.953,44.654896,,,,,,
1783537693.781,4006225.0,9344.587,44.655956,,,,,,
1783537693.782,4006230.0,9344.921,44.652374,,,,,,
1783537693.783,4006235.0,9344.221,44.651783,,,,,,
1783537693.784,4006240.0,9343.488,44.6539,,,,,,
1783537693.785,4006245.0,9343.454,44.653999,,,,,,
1783537693.785,4006250.0,9343.056,44.655151,,,,,,
1783537693.786,4006255.0,9341.956,44.655708,,,,,,
1783537693.787,4006260.0,9341.623,44.654057,,,,,,
1783537693.788,4006265.0,9341.724,44.651146,,,,,,
1783537693.788,4006270.0,9341.591,44.648914,,,,,,
1783537693.789,4006275.0,9341.191,44.647453,,,,,,
1783537693.791,4006280.0,9342.023,44.64505,,,,,,
1783537693.792,4006285.0,9341.69,44.646011,,,,,,
1783537693.792,4006290.0,9340.626,44.646473,,,,,,
1783537693.793,4006295.0,9339.728,44.646458,,,,,,
1783537693.794,4006300.0,9339.361,44.644897,,,,,,
1783537693.795,4006305.0,9337.797,44.646805,,,,,,
1783537693.795,4006310.0,9337.165,44.646015,,,,,,
1783537693.796,4006315.0,9336.965,44.646591,,,,,,
1783537693.797,4006320.0,9336.034,44.649281,,,,,,
1783537693.798,4006325.0,9335.669,44.650337,,,,,,
1783537693.799,4006330.0,9336.533,44.647839,,,,,,
1783537693.799,4006335.0,9336.368,44.648315,,,,,,
1783537693.800,4006340.0,9336.334,44.648415,,,,,,
1783537693.801,4006345.0,9337.165,44.646015,,,,,,
1783537693.802,4006350.0,9337.265,44.645725,,,,,,
1783537693.802,4006355.0,9336.399,44.648228,,,,,,
1783537693.803,4006360.0,9336.566,44.647743,,,,,,
1783537693.804,4006365.0,9336.634,44.647549,,,,,,
1783537693.804,4006370.0,9336.466,44.65065,,,,,,
1783537693.806,4006375.0,9337.099,44.651432,,,,,,
1783537693.808,4006380.0,9338.296,44.647976,,,,,,
1783537693.809,4006385.0,9338.596,44.649727,,,,,,
1783537693.810,4006390.0,9338.896,44.651474,,,,,,
1783537693.811,4006395.0,9339.894,44.645977,,,,,,
1783537693.812,4006400.0,9340.226,44.645016,,,,,,
1783537693.813,4006405.0,9339.493,44.649746,,,,,,
1783537693.814,4006410.0,9339.86,44.648685,,,,,,
1783537693.815,4006415.0,9340.293,44.647434,,,,,,
1783537693.816,4006420.0,9340.293,44.647434,,,,,,
1783537693.817,4006425.0,9340.427,44.647049,,,,,,
1783537693.818,4006430.0,9341.824,44.643009,,,,,,
1783537693.819,4006435.0,9342.022,44.639824,,,,,,
1783537693.821,4006440.0,9341.824,44.640396,,,,,,
1783537693.821,4006445.0,9341.757,44.643208,,,,,,
1783537693.822,4006450.0,9341.392,44.64426,,,,,,
1783537693.823,4006455.0,9340.425,44.647053,,,,,,
1783537693.824,4006460.0,9340.691,44.646286,,,,,,
1783537693.825,4006465.0,9340.658,44.646381,,,,,,
1783537693.826,4006470.0,9340.158,44.647823,,,,,,
1783537693.827,4006475.0,9339.893,44.645981,,,,,,
1783537693.967,4006480.0,9340.359,44.642014,,,,,,
1783537693.968,4006485.0,9339.66,44.646652,,,,,,
1783537693.969,4006490.0,9339.261,44.645187,,,,,,
1783537693.970,4006495.0,9339.194,44.642769,,,,,,
1783537693.971,4006500.0,9339.095,44.643055,,,,,,
1783537693.971,4006505.0,9337.83,44.646709,,,,,,
1783537693.972,4006510.0,9337.364,44.645439,,,,,,
1783537693.973,4006515.0,9336.933,44.646687,,,,,,
1783537693.973,4006520.0,9336.367,44.648319,,,,,,
1783537693.974,4006525.0,9335.935,44.646954,,,,,,
1783537693.975,4006530.0,9336.799,44.644455,,,,,,
1783537693.975,4006535.0,9336.566,44.645126,,,,,,
1783537693.976,4006540.0,9335.736,44.64753,,,,,,
1783537693.978,4006545.0,9335.702,44.645016,,,,,,
1783537693.979,4006550.0,9335.371,44.645973,,,,,,
1783537693.980,4006555.0,9333.575,44.648548,,,,,,
1783537693.981,4006560.0,9333.408,44.646412,,,,,,
1783537693.982,4006565.0,9334.106,44.644394,,,,,,
1783537693.982,4006570.0,9334.04,44.647198,,,,,,
1783537693.983,4006575.0,9334.306,44.646431,,,,,,
1783537693.984,4006580.0,9335.369,44.643364,,,,,,
1783537693.984,4006585.0,9335.236,44.643749,,,,,,
1783537693.985,4006590.0,9334.272,44.643917,,,,,,
1783537693.985,4006595.0,9334.407,44.640915,,,,,,
1783537693.986,4006600.0,9333.809,44.642643,,,,,,
1783537693.987,4006605.0,9332.579,44.646194,,,,,,
1783537693.987,4006610.0,9332.346,44.649479,,,,,,
1783537693.988,4006615.0,9332.578,44.648808,,,,,,
1783537693.989,4006620.0,9331.647,44.65411,,,,,,
1783537693.989,4006625.0,9331.681,44.654022,,,,,,
1783537693.990,4006630.0,9332.778,44.650848,,,,,,
1783537693.991,4006635.0,9332.978,44.650276,,,,,,
1783537693.992,4006640.0,9332.91,44.650467,,,,,,
1783537694.227,4006645.0,9333.143,44.649792,,,,,,
1783537694.229,4006650.0,9332.843,44.650665,,,,,,
1783537694.230,4006655.0,9331.913,44.653347,,,,,,
1783537694.231,4006660.0,9332.278,44.649681,,,,,,
1783537694.232,4006665.0,9332.611,44.648716,,,,,,
1783537694.234,4006670.0,9332.744,44.645718,,,,,,
1783537694.235,4006675.0,9332.777,44.645622,,,,,,
1783537694.236,4006680.0,9332.91,44.64785,,,,,,
1783537694.237,4006685.0,9332.411,44.649292,,,,,,
1783537694.237,4006690.0,9332.578,44.651421,,,,,,
1783537694.238,4006695.0,9332.71,44.651047,,,,,,
1783537694.239,4006700.0,9332.81,44.650757,,,,,,
1783537694.240,4006705.0,9332.743,44.650951,,,,,,
1783537694.241,4006710.0,9333.176,44.652309,,,,,,
1783537694.242,4006715.0,9333.607,44.648449,,,,,,
1783537694.243,4006720.0,9333.642,44.648357,,,,,,
1783537694.243,4006725.0,9333.874,44.650299,,,,,,
1783537694.244,4006730.0,9334.837,44.644897,,,,,,
1783537694.245,4006735.0,9334.705,44.642662,,,,,,
1783537694.246,4006740.0,9334.14,44.646915,,,,,,
1783537694.247,4006745.0,9334.04,44.649815,,,,,,
1783537694.248,4006750.0,9334.272,44.646526,,,,,,
1783537694.248,4006755.0,9333.176,44.6497,,,,,,
1783537694.249,4006760.0,9332.977,44.652889,,,,,,
1783537694.250,4006765.0,9333.076,44.652599,,,,,,
1783537694.251,4006770.0,9332.876,44.653183,,,,,,
1783537694.252,4006775.0,9332.711,44.65366,,,,,,
1783537694.253,4006780.0,9333.642,44.65097,,,,,,
1783537694.253,4006785.0,9333.275,44.649414,,,,,,
1783537694.254,4006790.0,9332.512,44.649006,,,,,,
1783537694.255,4006795.0,9333.043,44.647465,,,,,,
1783537694.256,4006800.0,9332.944,44.647751,,,,,,
1783537694.257,4006805.0,9331.914,44.650726,,,,,,
1783537694.258,4006810.0,9332.512,44.651623,,,,,,
1783537694.259,4006815.0,9333.575,44.648544,,,,,,
1783537694.261,4006820.0,9332.911,44.647846,,,,,,
1783537694.261,4006825.0,9332.646,44.651234,,,,,,
1783537694.262,4006830.0,9333.774,44.647968,,,,,,
1783537694.263,4006835.0,9333.209,44.646984,,,,,,
1783537694.264,4006840.0,9332.312,44.649586,,,,,,
1783537694.265,4006845.0,9332.645,44.651234,,,,,,
1783537694.265,4006850.0,9332.644,44.648621,,,,,,
1783537694.266,4006855.0,9331.58,44.654305,,,,,,
1783537694.267,4006860.0,9331.979,44.65316,,,,,,
1783537694.268,4006865.0,9332.08,44.652863,,,,,,
1783537694.269,4006870.0,9331.78,44.651123,,,,,,
1783537694.269,4006875.0,9332.445,44.649197,,,,,,
1783537694.270,4006880.0,9333.575,44.643318,,,,,,
1783537694.271,4006885.0,9333.542,44.646023,,,,,,
1783537694.272,4006890.0,9333.708,44.645542,,,,,,
1783537694.273,4006895.0,9334.272,44.643913,,,,,,
1783537694.273,4006900.0,9333.907,44.644974,,,,,,
1783537694.274,4006905.0,9332.942,44.650372,,,,,,
1783537694.276,4006910.0,9333.143,44.647179,,,,,,
1783537694.276,4006915.0,9333.109,44.647274,,,,,,
1783537694.277,4006920.0,9333.043,44.647472,,,,,,
1783537694.278,4006925.0,9332.677,44.648529,,,,,,
1783537694.408,4006930.0,9333.408,44.646408,,,,,,
1783537694.409,4006935.0,9332.978,44.647655,,,,,,
1783537694.410,4006940.0,9332.943,44.647755,,,,,,
1783537694.410,4006945.0,9332.845,44.650658,,,,,,
1783537694.411,4006950.0,9333.01,44.65279,,,,,,
1783537694.412,4006955.0,9331.747,44.653824,,,,,,
1783537694.412,4006960.0,9332.479,44.654331,,,,,,
1783537694.413,4006965.0,9333.143,44.652412,,,,,,
1783537694.414,4006970.0,9332.977,44.650272,,,,,,
1783537694.414,4006975.0,9332.379,44.649391,,,,,,
1783537694.415,4006980.0,9333.94,44.644875,,,,,,
1783537694.416,4006985.0,9333.044,44.647461,,,,,,
1783537694.416,4006990.0,9332.014,44.65044,,,,,,
1783537694.417,4006995.0,9332.213,44.649864,,,,,,
1783537694.417,4007000.0,9333.01,44.647568,,,,,,
1783537694.418,4007005.0,9331.847,44.653538,,,,,,
1783537694.419,4007010.0,9332.478,44.649097,,,,,,
1783537694.419,4007015.0,9333.607,44.648449,,,,,,
1783537694.420,4007020.0,9333.607,44.648457,,,,,,
1783537694.420,4007025.0,9333.275,44.64941,,,,,,
1783537694.421,4007030.0,9334.272,44.646534,,,,,,
1783537694.422,4007035.0,9334.14,44.646912,,,,,,
1783537694.422,4007040.0,9333.807,44.64526,,,,,,
1783537694.423,4007045.0,9333.841,44.645168,,,,,,
1783537694.424,4007050.0,9334.14,44.644299,,,,,,
1783537694.424,4007055.0,9332.943,44.645145,,,,,,
1783537694.426,4007060.0,9332.512,44.646393,,,,,,
1783537694.426,4007065.0,9332.677,44.645916,,,,,,
1783537694.427,4007070.0,9332.478,44.649097,,,,,,
1783537694.428,4007075.0,9332.312,44.649578,,,,,,
1783537694.627,4007080.0,9333.642,44.64835,,,,,,
1783537694.628,4007085.0,9333.907,44.647587,,,,,,
1783537694.629,4007090.0,9333.575,44.651157,,,,,,
1783537694.629,4007095.0,9333.675,44.648258,,,,,,
1783537694.630,4007100.0,9333.575,44.648544,,,,,,
1783537694.631,4007105.0,9332.711,44.651047,,,,,,
1783537694.632,4007110.0,9333.043,44.650082,,,,,,
1783537694.632,4007115.0,9333.442,44.648926,,,,,,
1783537694.633,4007120.0,9333.309,44.649319,,,,,,
1783537694.634,4007125.0,9333.541,44.651257,,,,,,
1783537694.634,4007130.0,9333.939,44.647495,,,,,,
1783537694.635,4007135.0,9333.607,44.651066,,,,,,
1783537694.636,4007140.0,9332.977,44.650276,,,,,,
1783537694.636,4007145.0,9333.176,44.649696,,,,,,
1783537694.637,4007150.0,9333.342,44.649223,,,,,,
1783537694.638,4007155.0,9333.043,44.650082,,,,,,
1783537694.638,4007160.0,9332.578,44.648808,,,,,,
1783537694.639,4007165.0,9332.877,44.647953,,,,,,
1783537694.640,4007170.0,9332.777,44.648235,,,,,,
1783537694.640,4007175.0,9332.245,44.64716,,,,,,
1783537694.641,4007180.0,9332.611,44.646103,,,,,,
1783537694.642,4007185.0,9333.076,44.64476,,,,,,
1783537694.643,4007190.0,9332.146,44.650059,,,,,,
1783537694.643,4007195.0,9332.345,44.652096,,,,,,
1783537694.644,4007200.0,9332.877,44.650558,,,,,,
1783537694.645,4007205.0,9332.013,44.653065,,,,,,
1783537694.645,4007210.0,9332.379,44.654617,,,,,,
1783537694.646,4007215.0,9333.243,44.649502,,,,,,
1783537694.647,4007220.0,9333.176,44.647083,,,,,,
1783537694.647,4007225.0,9333.109,44.649895,,,,,,
1783537694.648,4007230.0,9333.74,44.648067,,,,,,
1783537694.648,4007235.0,9333.309,44.646698,,,,,,
1783537694.649,4007240.0,9332.611,44.651333,,,,,,
1783537694.650,4007245.0,9333.409,44.649025,,,,,,
1783537694.651,4007250.0,9332.911,44.647846,,,,,,
1783537694.652,4007255.0,9332.412,44.651909,,,,,,
1783537694.652,4007260.0,9332.646,44.65123,,,,,,
1783537694.653,4007265.0,9333.608,44.648445,,,,,,
1783537694.653,4007270.0,9332.677,44.651142,,,,,,
1783537694.654,4007275.0,9332.977,44.650272,,,,,,
1783537694.655,4007280.0,9333.275,44.646801,,,,,,
1783537694.655,4007285.0,9333.607,44.648453,,,,,,
1783537694.656,4007290.0,9333.574,44.645931,,,,,,
1783537694.657,4007295.0,9333.741,44.645447,,,,,,
1783537694.657,4007300.0,9333.94,44.644878,,,,,,
1783537694.658,4007305.0,9333.773,44.647972,,,,,,
1783537694.781,4007310.0,9333.075,44.647373,,,,,,
1783537694.782,4007315.0,9332.844,44.648041,,,,,,
1783537694.783,4007320.0,9332.479,44.649105,,,,,,
1783537694.783,4007325.0,9332.278,44.649677,,,,,,
1783537694.784,4007330.0,9333.043,44.644855,,,,,,
1783537694.785,4007335.0,9333.209,44.646984,,,,,,
1783537694.785,4007340.0,9333.142,44.647179,,,,,,
1783537694.786,4007345.0,9333.509,44.646118,,,,,,
1783537694.787,4007350.0,9333.674,44.648262,,,,,,
1783537694.787,4007355.0,9332.942,44.650372,,,,,,
1783537694.788,4007360.0,9333.341,44.646603,,,,,,
1783537694.788,4007365.0,9333.774,44.647972,,,,,,
1783537694.789,4007370.0,9333.176,44.649696,,,,,,
1783537694.790,4007375.0,9333.076,44.647369,,,,,,
1783537694.792,4007380.0,9333.608,44.64584,,,,,,
1783537694.793,4007385.0,9333.343,44.646603,,,,,,
1783537694.793,4007390.0,9333.275,44.644184,,,,,,
1783537694.794,4007395.0,9333.476,44.643604,,,,,,
1783537694.795,4007400.0,9333.642,44.645737,,,,,,
1783537694.795,4007405.0,9332.977,44.650269,,,,,,
1783537694.796,4007410.0,9332.577,44.651424,,,,,,
1783537694.797,4007415.0,9332.877,44.650566,,,,,,
1783537694.797,4007420.0,9332.942,44.650375,,,,,,
1783537694.798,4007425.0,9332.777,44.650848,,,,,,
1783537694.798,4007430.0,9334.007,44.647293,,,,,,
1783537694.799,4007435.0,9334.041,44.649815,,,,,,
1783537694.800,4007440.0,9333.31,44.651928,,,,,,
1783537694.800,4007445.0,9333.276,44.652023,,,,,,
1783537694.801,4007450.0,9333.376,44.649124,,,,,,
1783537695.028,4007455.0,9331.88,44.650829,,,,,,
1783537695.029,4007460.0,9331.78,44.651115,,,,,,
1783537695.029,4007465.0,9332.013,44.650444,,,,,,
1783537695.030,4007470.0,9332.146,44.650059,,,,,,
1783537695.031,4007475.0,9332.014,44.650448,,,,,,
1783537695.032,4007480.0,9332.777,44.648235,,,,,,
1783537695.033,4007485.0,9333.441,44.643703,,,,,,
1783537695.033,4007490.0,9333.208,44.646988,,,,,,
1783537695.034,4007495.0,9333.009,44.650177,,,,,,
1783537695.035,4007500.0,9333.109,44.649887,,,,,,
1783537695.036,4007505.0,9332.444,44.651817,,,,,,
1783537695.036,4007510.0,9332.146,44.652679,,,,,,
1783537695.037,4007515.0,9332.678,44.648525,,,,,,
1783537695.038,4007520.0,9332.844,44.645432,,,,,,
1783537695.039,4007525.0,9332.61,44.648716,,,,,,
1783537695.040,4007530.0,9333.807,44.64526,,,,,,
1783537695.040,4007535.0,9334.073,44.644489,,,,,,
1783537695.042,4007540.0,9333.808,44.645264,,,,,,
1783537695.043,4007545.0,9333.94,44.644875,,,,,,
1783537695.043,4007550.0,9334.439,44.64082,,,,,,
1783537695.044,4007555.0,9333.441,44.643703,,,,,,
1783537695.045,4007560.0,9333.01,44.64756,,,,,,
1783537695.046,4007565.0,9333.542,44.648636,,,,,,
1783537695.047,4007570.0,9333.675,44.648251,,,,,,
1783537695.048,4007575.0,9333.11,44.649891,,,,,,
1783537695.048,4007580.0,9334.04,44.647205,,,,,,
1783537695.049,4007585.0,9334.173,44.644203,,,,,,
1783537695.050,4007590.0,9333.508,44.643513,,,,,,
1783537695.051,4007595.0,9333.342,44.643993,,,,,,
1783537695.052,4007600.0,9332.976,44.64505,,,,,,
1783537695.053,4007605.0,9331.548,44.649178,,,,,,
1783537695.053,4007610.0,9331.647,44.651497,,,,,,
1783537695.054,4007615.0,9332.112,44.650154,,,,,,
1783537695.055,4007620.0,9332.278,44.649673,,,,,,
1783537695.056,4007625.0,9332.943,44.647762,,,,,,
1783537695.057,4007630.0,9334.672,44.642761,,,,,,
1783537695.058,4007635.0,9334.473,44.640724,,,,,,
1783537695.059,4007640.0,9333.476,44.643604,,,,,,
1783537695.060,4007645.0,9333.509,44.643509,,,,,,
1783537695.061,4007650.0,9333.575,44.643318,,,,,,
1783537695.061,4007655.0,9332.38,44.64677,,,,,,
1783537695.062,4007660.0,9332.546,44.646294,,,,,,
1783537695.063,4007665.0,9333.442,44.643703,,,,,,
1783537695.064,4007670.0,9332.778,44.645622,,,,,,
1783537695.064,4007675.0,9332.146,44.647446,,,,,,
1783537695.065,4007680.0,9333.077,44.644756,,,,,,
1783537695.066,4007685.0,9332.845,44.645428,,,,,,
1783537695.067,4007690.0,9332.146,44.647449,,,,,,
1783537695.068,4007695.0,9332.512,44.646393,,,,,,
1783537695.068,4007700.0,9333.043,44.644855,,,,,,
1783537695.069,4007705.0,9332.013,44.647835,,,,,,
1783537695.070,4007710.0,9332.378,44.646778,,,,,,
1783537695.071,4007715.0,9333.176,44.644474,,,,,,
1783537695.072,4007720.0,9333.74,44.642841,,,,,,
1783537695.201,4007725.0,9333.807,44.642651,,,,,,
1783537695.202,4007730.0,9334.638,44.640247,,,,,,
1783537695.204,4007735.0,9334.372,44.641014,,,,,,
1783537695.205,4007740.0,9333.74,44.642841,,,,,,
1783537695.206,4007745.0,9333.043,44.644855,,,,,,
1783537695.207,4007750.0,9333.275,44.644184,,,,,,
1783537695.208,4007755.0,9332.146,44.650059,,,,,,
1783537695.208,4007760.0,9332.245,44.649769,,,,,,
1783537695.209,4007765.0,9333.21,44.646984,,,,,,
1783537695.210,4007770.0,9333.177,44.647087,,,,,,
1783537695.211,4007775.0,9333.177,44.647083,,,,,,
1783537695.212,4007780.0,9334.472,44.640728,,,,,,
1783537695.213,4007785.0,9334.438,44.640823,,,,,,
1783537695.214,4007790.0,9332.91,44.64785,,,,,,
1783537695.214,4007795.0,9333.243,44.649498,,,,,,
1783537695.215,4007800.0,9333.309,44.651932,,,,,,
1783537695.216,4007805.0,9331.78,44.656349,,,,,,
1783537695.217,4007810.0,9332.013,44.655678,,,,,,
1783537695.218,4007815.0,9333.043,44.650085,,,,,,
1783537695.219,4007820.0,9332.844,44.648045,,,,,,
1783537695.219,4007825.0,9332.079,44.650249,,,,,,
1783537695.220,4007830.0,9333.376,44.646503,,,,,,
1783537695.221,4007835.0,9333.176,44.647083,,,,,,
1783537695.222,4007840.0,9332.844,44.650661,,,,,,
1783537695.222,4007845.0,9332.877,44.653175,,,,,,
1783537695.223,4007850.0,9333.475,44.651451,,,,,,
1783537695.224,4007855.0,9332.81,44.653374,,,,,,
1783537695.225,4007860.0,9333.176,44.652313,,,,,,
1783537695.226,4007865.0,9333.708,44.648163,,,,,,
1783537695.226,4007870.0,9333.807,44.645264,,,,,,
1783537695.227,4007875.0,9333.674,44.643032,,,,,,
1783537695.477,4007880.0,9334.638,44.640247,,,,,,
1783537695.478,4007885.0,9334.372,44.641014,,,,,,
1783537695.479,4007890.0,9333.974,44.642166,,,,,,
1783537695.480,4007895.0,9334.106,44.641785,,,,,,
1783537695.481,4007900.0,9333.642,44.645737,,,,,,
1783537695.482,4007905.0,9332.346,44.649479,,,,,,
1783537695.482,4007910.0,9332.279,44.649673,,,,,,
1783537695.483,4007915.0,9332.812,44.650753,,,,,,
1783537695.484,4007920.0,9332.646,44.653843,,,,,,
1783537695.485,4007925.0,9332.744,44.653561,,,,,,
1783537695.486,4007930.0,9333.276,44.654633,,,,,,
1783537695.487,4007935.0,9333.043,44.655308,,,,,,
1783537695.487,4007940.0,9331.848,44.656155,,,,,,
1783537695.488,4007945.0,9331.947,44.653252,,,,,,
1783537695.489,4007950.0,9332.345,44.649487,,,,,,
1783537695.490,4007955.0,9331.913,44.65073,,,,,,
1783537695.491,4007960.0,9332.245,44.649769,,,,,,
1783537695.492,4007965.0,9332.978,44.647655,,,,,,
1783537695.493,4007970.0,9332.81,44.648148,,,,,,
1783537695.494,4007975.0,9332.577,44.651428,,,,,,
1783537695.495,4007980.0,9333.309,44.649311,,,,,,
1783537695.496,4007985.0,9333.176,44.652313,,,,,,
1783537695.497,4007990.0,9332.445,44.654427,,,,,,
1783537695.498,4007995.0,9331.647,44.656731,,,,,,
1783537695.499,4008000.0,9331.349,44.654984,,,,,,
1783537695.500,4008005.0,9330.718,44.654186,,,,,,
1783537695.500,4008010.0,9330.685,44.651672,,,,,,
1783537695.501,4008015.0,9331.515,44.649273,,,,,,
1783537695.502,4008020.0,9332.346,44.64687,,,,,,
1783537695.503,4008025.0,9332.744,44.645718,,,,,,
1783537695.503,4008030.0,9333.608,44.643223,,,,,,
1783537695.504,4008035.0,9333.873,44.642456,,,,,,
1783537695.505,4008040.0,9333.342,44.646603,,,,,,
1783537695.506,4008045.0,9333.143,44.647179,,,,,,
1783537695.507,4008050.0,9332.877,44.647945,,,,,,
1783537695.508,4008055.0,9331.847,44.650928,,,,,,
1783537695.508,4008060.0,9331.614,44.654209,,,,,,
1783537695.509,4008065.0,9332.379,44.651997,,,,,,
1783537695.510,4008070.0,9332.379,44.651997,,,,,,
1783537695.511,4008075.0,9332.677,44.651142,,,,,,
1783537695.512,4008080.0,9333.342,44.649223,,,,,,
1783537695.512,4008085.0,9333.242,44.649506,,,,,,
1783537695.513,4008090.0,9332.844,44.650654,,,,,,
1783537695.514,4008095.0,9332.977,44.650269,,,,,,
1783537695.515,4008100.0,9333.11,44.649891,,,,,,
1783537695.516,4008105.0,9332.379,44.652004,,,,,,
1783537695.517,4008110.0,9332.312,44.649582,,,,,,
1783537695.518,4008115.0,9332.577,44.648811,,,,,,
1783537695.520,4008120.0,9332.18,44.64996,,,,,,
1783537695.521,4008125.0,9332.179,44.652576,,,,,,
1783537695.522,4008130.0,9333.143,44.649799,,,,,,
1783537695.523,4008135.0,9333.442,44.64893,,,,,,
1783537695.524,4008140.0,9332.91,44.647858,,,,,,
1783537695.525,4008145.0,9332.744,44.648331,,,,,,
1783537695.526,4008150.0,9332.545,44.646294,,,,,,
1783537695.527,4008155.0,9331.847,44.650921,,,,,,
1783537695.528,4008160.0,9331.481,44.651978,,,,,,
1783537695.529,4008165.0,9331.98,44.650536,,,,,,
1783537695.530,4008170.0,9332.512,44.651623,,,,,,
1783537695.531,4008175.0,9332.278,44.65229,,,,,,
1783537695.532,4008180.0,9333.143,44.647179,,,,,,
1783537695.672,4008185.0,9333.907,44.647587,,,,,,
1783537695.674,4008190.0,9333.575,44.648544,,,,,,
1783537695.676,4008195.0,9333.841,44.645161,,,,,,
1783537695.677,4008200.0,9334.339,44.643726,,,,,,
1783537695.678,4008205.0,9333.642,44.645741,,,,,,
1783537695.679,4008210.0,9333.043,44.647465,,,,,,
1783537695.680,4008215.0,9333.176,44.647083,,,,,,
1783537695.681,4008220.0,9333.275,44.646793,,,,,,
1783537695.682,4008225.0,9333.209,44.646992,,,,,,
1783537695.683,4008230.0,9333.741,44.648064,,,,,,
1783537695.684,4008235.0,9333.708,44.648155,,,,,,
1783537695.685,4008240.0,9333.408,44.649021,,,,,,
1783537695.686,4008245.0,9333.176,44.6497,,,,,,
1783537695.687,4008250.0,9333.376,44.649124,,,,,,
1783537695.688,4008255.0,9332.411,44.649296,,,,,,
1783537695.689,4008260.0,9332.412,44.646679,,,,,,
1783537695.690,4008265.0,9332.845,44.645428,,,,,,
1783537695.691,4008270.0,9332.877,44.645336,,,,,,
1783537695.692,4008275.0,9332.212,44.649868,,,,,,
1783537695.693,4008280.0,9333.376,44.646503,,,,,,
1783537695.693,4008285.0,9333.275,44.646793,,,,,,
1783537695.694,4008290.0,9332.876,44.647957,,,,,,
1783537695.695,4008295.0,9333.342,44.646606,,,,,,
1783537695.696,4008300.0,9333.675,44.643032,,,,,,
1783537695.697,4008305.0,9332.677,44.645916,,,,,,
1783537695.698,4008310.0,9333.143,44.644569,,,,,,
1783537695.699,4008315.0,9333.342,44.643993,,,,,,
1783537695.699,4008320.0,9332.577,44.646202,,,,,,
1783537695.700,4008325.0,9331.946,44.648026,,,,,,
1783537695.701,4008330.0,9333.075,44.644764,,,,,,
1783537695.702,4008335.0,9333.109,44.644665,,,,,,
1783537695.703,4008340.0,9332.845,44.645428,,,,,,
1783537695.704,4008345.0,9333.01,44.644951,,,,,,
1783537695.705,4008350.0,9333.442,44.643703,,,,,,
1783537695.943,4008355.0,9331.682,44.648788,,,,,,
1783537695.944,4008360.0,9331.349,44.649754,,,,,,
1783537695.945,4008365.0,9331.448,44.649464,,,,,,
1783537695.946,4008370.0,9330.917,44.653606,,,,,,
1783537695.947,4008375.0,9331.017,44.65332,,,,,,
1783537695.948,4008380.0,9332.278,44.649673,,,,,,
1783537695.948,4008385.0,9332.179,44.649971,,,,,,
1783537695.949,4008390.0,9332.079,44.650253,,,,,,
1783537695.950,4008395.0,9332.942,44.645145,,,,,,
1783537695.951,4008400.0,9333.109,44.644665,,,,,,
1783537695.952,4008405.0,9332.079,44.64764,,,,,,
1783537695.952,4008410.0,9332.146,44.650059,,,,,,
1783537695.953,4008415.0,9332.811,44.648136,,,,,,
1783537695.954,4008420.0,9332.18,44.652573,,,,,,
1783537695.955,4008425.0,9332.313,44.652195,,,,,,
1783537695.956,4008430.0,9333.575,44.648544,,,,,,
1783537695.957,4008435.0,9333.408,44.649029,,,,,,
1783537695.957,4008440.0,9332.28,44.652287,,,,,,
1783537695.958,4008445.0,9332.213,44.652477,,,,,,
1783537695.959,4008450.0,9331.847,44.653542,,,,,,
1783537695.960,4008455.0,9330.884,44.656322,,,,,,
1783537695.961,4008460.0,9331.249,44.65527,,,,,,
1783537695.962,4008465.0,9332.278,44.65229,,,,,,
1783537695.962,4008470.0,9332.181,44.649956,,,,,,
1783537695.963,4008475.0,9331.947,44.650639,,,,,,
1783537695.964,4008480.0,9332.811,44.64814,,,,,,
1783537695.965,4008485.0,9332.678,44.645912,,,,,,
1783537695.965,4008490.0,9331.914,44.648117,,,,,,
1783537695.966,4008495.0,9332.313,44.646965,,,,,,
1783537695.967,4008500.0,9332.479,44.649097,,,,,,
1783537695.968,4008505.0,9331.614,44.651592,,,,,,
1783537695.968,4008510.0,9331.614,44.651592,,,,,,
1783537695.969,4008515.0,9332.313,44.649582,,,,,,
1783537695.970,4008520.0,9331.946,44.653252,,,,,,
1783537695.971,4008525.0,9331.947,44.650631,,,,,,
1783537695.972,4008530.0,9332.877,44.647945,,,,,,
1783537695.973,4008535.0,9333.275,44.646801,,,,,,
1783537695.974,4008540.0,9333.11,44.647274,,,,,,
1783537695.975,4008545.0,9332.91,44.645241,,,,,,
1783537695.976,4008550.0,9333.076,44.64476,,,,,,
1783537695.977,4008555.0,9332.313,44.649574,,,,,,
1783537695.977,4008560.0,9331.382,44.652264,,,,,,
1783537695.978,4008565.0,9331.349,44.652363,,,,,,
1783537695.979,4008570.0,9331.714,44.651314,,,,,,
1783537695.980,4008575.0,9331.349,44.65498,,,,,,
1783537695.981,4008580.0,9332.079,44.650249,,,,,,
1783537695.981,4008585.0,9332.578,44.648808,,,,,,
1783537695.982,4008590.0,9332.278,44.649681,,,,,,
1783537695.983,4008595.0,9331.947,44.653248,,,,,,
1783537695.983,4008600.0,9332.712,44.648422,,,,,,
1783537695.984,4008605.0,9331.582,44.651688,,,,,,
1783537695.985,4008610.0,9331.98,44.650543,,,,,,
1783537695.985,4008615.0,9332.412,44.649292,,,,,,
1783537695.986,4008620.0,9333.31,44.646694,,,,,,
1783537695.987,4008625.0,9332.313,44.649574,,,,,,
1783537695.987,4008630.0,9333.177,44.649693,,,,,,
1783537695.988,4008635.0,9332.877,44.650566,,,,,,
1783537696.125,4008640.0,9332.246,44.652386,,,,,,
1783537696.126,4008645.0,9331.847,44.650928,,,,,,
1783537696.127,4008650.0,9332.245,44.649773,,,,,,
1783537696.128,4008655.0,9331.382,44.652264,,,,,,
1783537696.128,4008660.0,9331.548,44.651787,,,,,,
1783537696.129,4008665.0,9331.98,44.650536,,,,,,
1783537696.130,4008670.0,9332.079,44.650257,,,,,,
1783537696.131,4008675.0,9332.279,44.649677,,,,,,
1783537696.132,4008680.0,9333.575,44.643318,,,,,,
1783537696.133,4008685.0,9333.242,44.644279,,,,,,
1783537696.133,4008690.0,9332.876,44.64534,,,,,,
1783537696.134,4008695.0,9332.578,44.646198,,,,,,
1783537696.135,4008700.0,9332.81,44.645531,,,,,,
1783537696.136,4008705.0,9331.848,44.650921,,,,,,
1783537696.137,4008710.0,9332.113,44.65015,,,,,,
1783537696.138,4008715.0,9332.479,44.649097,,,,,,
1783537696.138,4008720.0,9332.978,44.647663,,,,,,
1783537696.139,4008725.0,9333.01,44.650177,,,,,,
1783537696.141,4008730.0,9333.874,44.645065,,,,,,
1783537696.142,4008735.0,9333.708,44.645542,,,,,,
1783537696.143,4008740.0,9333.676,44.645645,,,,,,
1783537696.145,4008745.0,9333.408,44.646412,,,,,,
1783537696.146,4008750.0,9333.243,44.644276,,,,,,
1783537696.147,4008755.0,9332.278,44.649673,,,,,,
1783537696.147,4008760.0,9332.744,44.648327,,,,,,
1783537696.148,4008765.0,9333.076,44.647369,,,,,,
1783537696.149,4008770.0,9333.177,44.647087,,,,,,
1783537696.150,4008775.0,9333.176,44.647087,,,,,,
1783537696.151,4008780.0,9334.073,44.64188,,,,,,
1783537696.151,4008785.0,9333.94,44.642262,,,,,,
1783537696.152,4008790.0,9333.708,44.642933,,,,,,
1783537696.153,4008795.0,9333.442,44.643703,,,,,,
1783537696.153,4008800.0,9333.077,44.647366,,,,,,
1783537696.393,4008805.0,9332.278,44.649673,,,,,,
1783537696.394,4008810.0,9332.047,44.650345,,,,,,
1783537696.395,4008815.0,9332.346,44.649487,,,,,,
1783537696.396,4008820.0,9333.11,44.647274,,,,,,
1783537696.397,4008825.0,9333.376,44.643894,,,,,,
1783537696.398,4008830.0,9334.372,44.641014,,,,,,
1783537696.399,4008835.0,9334.837,44.639671,,,,,,
1783537696.399,4008840.0,9334.007,44.642071,,,,,,
1783537696.400,4008845.0,9333.31,44.644085,,,,,,
1783537696.401,4008850.0,9333.31,44.644085,,,,,,
1783537696.402,4008855.0,9332.512,44.649002,,,,,,
1783537696.403,4008860.0,9332.013,44.650444,,,,,,
1783537696.404,4008865.0,9333.075,44.649986,,,,,,
1783537696.404,4008870.0,9332.943,44.650375,,,,,,
1783537696.405,4008875.0,9333.01,44.65279,,,,,,
1783537696.406,4008880.0,9333.608,44.648453,,,,,,
1783537696.407,4008885.0,9333.674,44.648258,,,,,,
1783537696.408,4008890.0,9333.01,44.647568,,,,,,
1783537696.409,4008895.0,9333.275,44.64941,,,,,,
1783537696.410,4008900.0,9333.176,44.647083,,,,,,
1783537696.411,4008905.0,9331.88,44.650826,,,,,,
1783537696.412,4008910.0,9331.681,44.654022,,,,,,
1783537696.412,4008915.0,9332.08,44.652863,,,,,,
1783537696.413,4008920.0,9331.88,44.650826,,,,,,
1783537696.414,4008925.0,9332.379,44.652004,,,,,,
1783537696.415,4008930.0,9333.774,44.647968,,,,,,
1783537696.415,4008935.0,9333.941,44.644871,,,,,,
1783537696.416,4008940.0,9333.043,44.647472,,,,,,
1783537696.417,4008945.0,9332.943,44.647758,,,,,,
1783537696.418,4008950.0,9332.278,44.649673,,,,,,
1783537696.418,4008955.0,9331.614,44.651592,,,,,,
1783537696.419,4008960.0,9331.614,44.651592,,,,,,
1783537696.420,4008965.0,9332.512,44.64901,,,,,,
1783537696.421,4008970.0,9332.579,44.648808,,,,,,
1783537696.422,4008975.0,9332.645,44.646008,,,,,,
1783537696.422,4008980.0,9333.21,44.644375,,,,,,
1783537696.423,4008985.0,9333.376,44.643894,,,,,,
1783537696.424,4008990.0,9332.844,44.645432,,,,,,
1783537696.425,4008995.0,9332.977,44.645046,,,,,,
1783537696.426,4009000.0,9333.21,44.644375,,,,,,
1783537696.427,4009005.0,9332.312,44.646969,,,,,,
1783537696.427,4009010.0,9331.979,44.64793,,,,,,
1783537696.428,4009015.0,9331.847,44.648312,,,,,,
1783537696.429,4009020.0,9332.345,44.646873,,,,,,
1783537696.429,4009025.0,9332.278,44.649673,,,,,,
1783537696.430,4009030.0,9333.575,44.645927,,,,,,
1783537696.431,4009035.0,9333.675,44.645641,,,,,,
1783537696.431,4009040.0,9333.708,44.64555,,,,,,
1783537696.432,4009045.0,9333.708,44.645546,,,,,,
1783537696.433,4009050.0,9333.708,44.642933,,,,,,
1783537696.433,4009055.0,9332.411,44.646683,,,,,,
1783537696.434,4009060.0,9332.346,44.64687,,,,,,
1783537696.435,4009065.0,9332.844,44.645432,,,,,,
1783537696.435,4009070.0,9332.445,44.646584,,,,,,
1783537696.436,4009075.0,9332.677,44.645916,,,,,,
1783537696.436,4009080.0,9334.173,44.64159,,,,,,
1783537696.437,4009085.0,9334.838,44.639668,,,,,,
1783537696.555,4009090.0,9334.407,44.640915,,,,,,
1783537696.556,4009095.0,9334.405,44.640919,,,,,,
1783537696.557,4009100.0,9334.239,44.641399,,,,,,
1783537696.558,4009105.0,9332.911,44.645237,,,,,,
1783537696.558,4009110.0,9332.679,44.645908,,,,,,
1783537696.559,4009115.0,9333.376,44.643894,,,,,,
1783537696.560,4009120.0,9333.144,44.647175,,,,,,
1783537696.561,4009125.0,9332.978,44.650269,,,,,,
1783537696.561,4009130.0,9333.907,44.6502,,,,,,
1783537696.562,4009135.0,9333.608,44.651066,,,,,,
1783537696.563,4009140.0,9332.943,44.652988,,,,,,
1783537696.563,4009145.0,9333.209,44.649605,,,,,,
1783537696.564,4009150.0,9333.974,44.644779,,,,,,
1783537696.564,4009155.0,9332.877,44.645336,,,,,,
1783537696.565,4009160.0,9333.177,44.647079,,,,,,
1783537696.566,4009165.0,9333.841,44.647774,,,,,,
1783537696.567,4009170.0,9333.476,44.648827,,,,,,
1783537696.567,4009175.0,9332.113,44.652771,,,,,,
1783537696.569,4009180.0,9332.778,44.650852,,,,,,
1783537696.569,4009185.0,9332.278,44.649677,,,,,,
1783537696.570,4009190.0,9331.415,44.649559,,,,,,
1783537696.571,4009195.0,9331.116,44.650425,,,,,,
1783537696.572,4009200.0,9332.18,44.64735,,,,,,
1783537696.572,4009205.0,9331.715,44.648693,,,,,,
1783537696.573,4009210.0,9331.88,44.648216,,,,,,
1783537696.573,4009215.0,9332.646,44.646004,,,,,,
1783537696.574,4009220.0,9333.442,44.643703,,,,,,
1783537696.776,4009225.0,9332.644,44.646011,,,,,,
1783537696.777,4009230.0,9333.475,44.643608,,,,,,
1783537696.778,4009235.0,9333.475,44.646217,,,,,,
1783537696.779,4009240.0,9332.678,44.648521,,,,,,
1783537696.779,4009245.0,9332.047,44.650345,,,,,,
1783537696.780,4009250.0,9332.611,44.64872,,,,,,
1783537696.781,4009255.0,9331.282,44.652557,,,,,,
1783537696.782,4009260.0,9331.116,44.653034,,,,,,
1783537696.782,4009265.0,9331.614,44.654205,,,,,,
1783537696.783,4009270.0,9331.947,44.653244,,,,,,
1783537696.784,4009275.0,9332.112,44.652775,,,,,,
1783537696.784,4009280.0,9333.441,44.651546,,,,,,
1783537696.785,4009285.0,9333.541,44.648643,,,,,,
1783537696.786,4009290.0,9333.31,44.649307,,,,,,
1783537696.788,4009295.0,9333.509,44.648739,,,,,,
1783537696.789,4009300.0,9333.11,44.649887,,,,,,
1783537696.791,4009305.0,9332.146,44.650066,,,,,,
1783537696.793,4009310.0,9332.179,44.649967,,,,,,
1783537696.794,4009315.0,9332.645,44.646008,,,,,,
1783537696.794,4009320.0,9332.378,44.646778,,,,,,
1783537696.795,4009325.0,9332.578,44.646198,,,,,,
1783537696.797,4009330.0,9333.608,44.643223,,,,,,
1783537696.798,4009335.0,9333.209,44.646984,,,,,,
1783537696.800,4009340.0,9332.213,44.649864,,,,,,
1783537696.800,4009345.0,9332.677,44.648525,,,,,,
1783537696.801,4009350.0,9332.811,44.648144,,,,,,
1783537696.802,4009355.0,9331.947,44.650635,,,,,,
1783537696.803,4009360.0,9332.112,44.647545,,,,,,
1783537696.803,4009365.0,9332.978,44.645046,,,,,,
1783537696.804,4009370.0,9332.81,44.645531,,,,,,
1783537696.805,4009375.0,9332.677,44.645916,,,,,,
1783537696.805,4009380.0,9332.91,44.645241,,,,,,
1783537696.806,4009385.0,9333.109,44.644665,,,,,,
1783537696.807,4009390.0,9332.478,44.646488,,,,,,
1783537696.808,4009395.0,9332.445,44.646584,,,,,,
1783537696.808,4009400.0,9332.91,44.645241,,,,,,
1783537696.809,4009405.0,9332.512,44.646393,,,,,,
1783537696.810,4009410.0,9333.21,44.644375,,,,,,
1783537696.810,4009415.0,9334.106,44.641785,,,,,,
1783537696.811,4009420.0,9334.539,44.640533,,,,,,
1783537696.812,4009425.0,9334.072,44.64188,,,,,,
1783537696.812,4009430.0,9335.204,44.638611,,,,,,
1783537696.813,4009435.0,9334.837,44.639671,,,,,,
1783537696.814,4009440.0,9334.14,44.644295,,,,,,
1783537696.814,4009445.0,9333.708,44.645542,,,,,,
1783537696.815,4009450.0,9333.84,44.645161,,,,,,
1783537696.815,4009455.0,9332.845,44.648045,,,,,,
1783537696.816,4009460.0,9332.444,44.651814,,,,,,
1783537696.817,4009465.0,9332.776,44.650848,,,,,,
1783537696.938,4009470.0,9332.179,44.655197,,,,,,
1783537696.939,4009475.0,9331.88,44.656059,,,,,,
1783537696.940,4009480.0,9332.478,44.654331,,,,,,
1783537696.942,4009485.0,9332.777,44.650852,,,,,,
1783537696.942,4009490.0,9332.179,44.649967,,,,,,
1783537696.943,4009495.0,9332.843,44.645435,,,,,,
1783537696.944,4009500.0,9333.177,44.64447,,,,,,
1783537696.944,4009505.0,9332.213,44.647255,,,,,,
1783537696.945,4009510.0,9332.246,44.649769,,,,,,
1783537696.946,4009515.0,9332.744,44.648327,,,,,,
1783537696.946,4009520.0,9332.113,44.652763,,,,,,
1783537696.947,4009525.0,9331.946,44.653255,,,,,,
1783537696.948,4009530.0,9333.376,44.64912,,,,,,
1783537696.948,4009535.0,9333.177,44.647087,,,,,,
1783537696.949,4009540.0,9333.31,44.646698,,,,,,
1783537696.950,4009545.0,9333.641,44.643127,,,,,,
1783537696.950,4009550.0,9333.874,44.642456,,,,,,
1783537696.951,4009555.0,9333.242,44.644279,,,,,,
1783537696.952,4009560.0,9333.176,44.644474,,,,,,
1783537696.952,4009565.0,9333.541,44.643417,,,,,,
1783537696.953,4009570.0,9332.844,44.645432,,,,,,
1783537696.954,4009575.0,9332.744,44.645718,,,,,,
1783537696.954,4009580.0,9333.11,44.644661,,,,,,
1783537696.955,4009585.0,9332.778,44.645622,,,,,,
1783537696.956,4009590.0,9331.848,44.648312,,,,,,
1783537696.956,4009595.0,9332.744,44.645718,,,,,,
1783537696.957,4009600.0,9332.678,44.645912,,,,,,
1783537696.958,4009605.0,9332.112,44.647545,,,,,,
1783537697.160,4009610.0,9332.278,44.647064,,,,,,
1783537697.161,4009615.0,9332.977,44.647655,,,,,,
1783537697.162,4009620.0,9333.043,44.647465,,,,,,
1783537697.163,4009625.0,9332.71,44.648426,,,,,,
1783537697.164,4009630.0,9332.91,44.647858,,,,,,
1783537697.164,4009635.0,9333.043,44.647469,,,,,,
1783537697.166,4009640.0,9332.046,44.647736,,,,,,
1783537697.166,4009645.0,9332.013,44.647835,,,,,,
1783537697.167,4009650.0,9332.013,44.647835,,,,,,
1783537697.168,4009655.0,9331.647,44.648888,,,,,,
1783537697.169,4009660.0,9332.079,44.64764,,,,,,
1783537697.169,4009665.0,9333.31,44.644085,,,,,,
1783537697.170,4009670.0,9333.442,44.643703,,,,,,
1783537697.171,4009675.0,9333.774,44.642742,,,,,,
1783537697.172,4009680.0,9334.771,44.639862,,,,,,
1783537697.172,4009685.0,9334.638,44.640247,,,,,,
1783537697.173,4009690.0,9333.841,44.642551,,,,,,
1783537697.175,4009695.0,9333.509,44.643509,,,,,,
1783537697.175,4009700.0,9333.275,44.644184,,,,,,
1783537697.176,4009705.0,9331.747,44.651211,,,,,,
1783537697.177,4009710.0,9331.481,44.651978,,,,,,
1783537697.178,4009715.0,9331.848,44.650921,,,,,,
1783537697.179,4009720.0,9331.78,44.653736,,,,,,
1783537697.179,4009725.0,9331.715,44.656532,,,,,,
1783537697.180,4009730.0,9332.876,44.650562,,,,,,
1783537697.181,4009735.0,9333.076,44.64999,,,,,,
1783537697.181,4009740.0,9332.744,44.650948,,,,,,
1783537697.182,4009745.0,9333.343,44.649216,,,,,,
1783537697.183,4009750.0,9333.409,44.649021,,,,,,
1783537697.183,4009755.0,9332.278,44.652287,,,,,,
1783537697.184,4009760.0,9332.379,44.652004,,,,,,
1783537697.184,4009765.0,9332.877,44.650566,,,,,,
1783537697.185,4009770.0,9332.512,44.649006,,,,,,
1783537697.186,4009775.0,9332.545,44.646294,,,,,,
1783537697.186,4009780.0,9333.574,44.643322,,,,,,
1783537697.187,4009785.0,9333.208,44.644379,,,,,,
1783537697.188,4009790.0,9332.146,44.647449,,,,,,
1783537697.188,4009795.0,9332.047,44.647736,,,,,,
1783537697.189,4009800.0,9331.946,44.648026,,,,,,
1783537697.189,4009805.0,9330.751,44.651478,,,,,,
1783537697.190,4009810.0,9330.718,44.654182,,,,,,
1783537697.191,4009815.0,9331.848,44.650921,,,,,,
1783537697.192,4009820.0,9331.515,44.654495,,,,,,
1783537697.192,4009825.0,9331.481,44.654598,,,,,,
1783537697.193,4009830.0,9332.712,44.651039,,,,,,
1783537697.194,4009835.0,9333.11,44.647278,,,,,,
1783537697.194,4009840.0,9332.08,44.650249,,,,,,
1783537697.326,4009845.0,9332.079,44.64764,,,,,,
1783537697.327,4009850.0,9332.246,44.64716,,,,,,
1783537697.328,4009855.0,9331.715,44.648693,,,,,,
1783537697.329,4009860.0,9331.282,44.649944,,,,,,
1783537697.330,4009865.0,9333.71,44.648151,,,,,,
1783537697.331,4009870.0,9335.172,44.646545,,,,,,
1783537697.332,4009875.0,9335.571,44.645393,,,,,,
1783537697.333,4009880.0,9337.166,44.643394,,,,,,
1783537697.334,4009885.0,9337.831,44.644089,,,,,,
1783537697.335,4009890.0,9336.833,44.64436,,,,,,
1783537697.337,4009895.0,9337.133,44.64349,,,,,,
1783537697.338,4009900.0,9338.463,44.642265,,,,,,
1783537697.339,4009905.0,9337.798,44.646801,,,,,,
1783537697.340,4009910.0,9338.962,44.646049,,,,,,
1783537697.341,4009915.0,9340.026,44.645588,,,,,,
1783537697.342,4009920.0,9340.359,44.647243,,,,,,
1783537697.343,4009925.0,9340.192,44.650341,,,,,,
1783537697.344,4009930.0,9341.49,44.646587,,,,,,
1783537697.345,4009935.0,9341.657,44.648727,,,,,,
1783537697.345,4009940.0,9341.724,44.648537,,,,,,
1783537697.346,4009945.0,9341.89,44.650669,,,,,,
1783537697.347,4009950.0,9342.789,44.650688,,,,,,
1783537697.348,4009955.0,9342.456,44.651649,,,,,,
1783537697.349,4009960.0,9343.455,44.648762,,,,,,
1783537697.350,4009965.0,9344.455,44.648487,,,,,,
1783537697.351,4009970.0,9345.121,44.643948,,,,,,
1783537697.352,4009975.0,9345.82,44.641926,,,,,,
1783537697.353,4009980.0,9347.419,44.639923,,,,,,
1783537697.353,4009985.0,9347.72,44.639057,,,,,,
1783537697.354,4009990.0,9346.754,44.641846,,,,,,
1783537697.355,4009995.0,9346.954,44.643887,,,,,,
1783537697.356,4010000.0,9346.521,44.645138,,,,,,
1783537697.357,4010005.0,9344.954,44.649666,,,,,,
1783537697.593,4010010.0,9345.021,44.649471,,,,,,
1783537697.594,4010015.0,9346.153,44.648811,,,,,,
1783537697.596,4010020.0,9346.153,44.648811,,,,,,
1783537697.597,4010025.0,9345.921,44.649483,,,,,,
1783537697.597,4010030.0,9347.254,44.645634,,,,,,
1783537697.598,4010035.0,9346.52,44.647755,,,,,,
1783537697.599,4010040.0,9345.388,44.64579,,,,,,
1783537697.600,4010045.0,9345.454,44.645599,,,,,,
1783537697.601,4010050.0,9344.854,44.647331,,,,,,
1783537697.602,4010055.0,9343.854,44.650227,,,,,,
1783537697.602,4010060.0,9343.921,44.650032,,,,,,
1783537697.603,4010065.0,9344.521,44.650917,,,,,,
1783537697.604,4010070.0,9344.321,44.651493,,,,,,
1783537697.605,4010075.0,9345.554,44.64793,,,,,,
1783537697.606,4010080.0,9346.72,44.644562,,,,,,
1783537697.607,4010085.0,9346.853,44.64418,,,,,,
1783537697.608,4010090.0,9346.619,44.644852,,,,,,
1783537697.608,4010095.0,9347.087,44.643501,,,,,,
1783537697.609,4010100.0,9346.986,44.643791,,,,,,
1783537697.610,4010105.0,9346.287,44.645813,,,,,,
1783537697.611,4010110.0,9346.887,44.644081,,,,,,
1783537697.612,4010115.0,9347.253,44.643021,,,,,,
1783537697.613,4010120.0,9346.62,44.644852,,,,,,
1783537697.615,4010125.0,9346.253,44.645912,,,,,,
1783537697.616,4010130.0,9347.153,44.643311,,,,,,
1783537697.617,4010135.0,9346.254,44.645908,,,,,,
1783537697.617,4010140.0,9346.454,44.645329,,,,,,
1783537697.618,4010145.0,9346.953,44.643887,,,,,,
1783537697.619,4010150.0,9347.419,44.642544,,,,,,
1783537697.620,4010155.0,9346.62,44.644852,,,,,,
1783537697.621,4010160.0,9347.353,44.642735,,,,,,
1783537697.621,4010165.0,9347.887,44.64119,,,,,,
1783537697.622,4010170.0,9347.553,44.642155,,,,,,
1783537697.623,4010175.0,9347.419,44.645157,,,,,,
1783537697.624,4010180.0,9348.087,44.645844,,,,,,
1783537697.625,4010185.0,9348.22,44.645458,,,,,,
1783537697.626,4010190.0,9347.687,44.649616,,,,,,
1783537697.627,4010195.0,9347.919,44.648945,,,,,,
1783537697.628,4010200.0,9348.286,44.647884,,,,,,
1783537697.628,4010205.0,9348.02,44.646038,,,,,,
1783537697.629,4010210.0,9348.087,44.645844,,,,,,
1783537697.630,4010215.0,9349.254,44.639854,,,,,,
1783537697.631,4010220.0,9349.62,44.641411,,,,,,
1783537697.632,4010225.0,9349.687,44.638603,,,,,,
1783537697.633,4010230.0,9350.153,44.63987,,,,,,
1783537697.633,4010235.0,9349.721,44.641121,,,,,,
1783537697.634,4010240.0,9348.419,44.644882,,,,,,
1783537697.635,4010245.0,9347.786,44.646709,,,,,,
1783537697.636,4010250.0,9347.053,44.64883,,,,,,
1783537697.637,4010255.0,9345.487,44.650738,,,,,,
1783537697.638,4010260.0,9345.22,44.651508,,,,,,
1783537697.638,4010265.0,9345.188,44.651604,,,,,,
1783537697.639,4010270.0,9344.887,44.64986,,,,,,
1783537697.640,4010275.0,9344.854,44.649956,,,,,,
1783537697.641,4010280.0,9346.286,44.645817,,,,,,
1783537697.642,4010285.0,9346.22,44.646008,,,,,,
1783537697.643,4010290.0,9346.353,44.645622,,,,,,
1783537697.800,4010295.0,9347.253,44.643021,,,,,,
1783537697.801,4010300.0,9348.32,44.639938,,,,,,
1783537697.804,4010305.0,9347.887,44.643803,,,,,,
1783537697.805,4010310.0,9349.454,44.644508,,,,,,
1783537697.807,4010315.0,9351.222,44.642014,,,,,,
1783537697.808,4010320.0,9351.921,44.645226,,,,,,
1783537697.810,4010325.0,9352.156,44.647167,,,,,,
1783537697.811,4010330.0,9353.357,44.646313,,,,,,
1783537697.812,4010335.0,9353.49,44.645927,,,,,,
1783537697.813,4010340.0,9353.022,44.649899,,,,,,
1783537697.814,4010345.0,9353.658,44.64806,,,,,,
1783537697.814,4010350.0,9354.325,44.64875,,,,,,
1783537697.816,4010355.0,9354.592,44.64798,,,,,,
1783537697.817,4010360.0,9354.525,44.64817,,,,,,
1783537697.818,4010365.0,9354.959,44.646919,,,,,,
1783537697.819,4010370.0,9354.425,44.651081,,,,,,
1783537697.820,4010375.0,9353.558,44.653587,,,,,,
1783537697.821,4010380.0,9354.192,44.651756,,,,,,
1783537697.822,4010385.0,9354.559,44.650692,,,,,,
1783537697.824,4010390.0,9353.725,44.653103,,,,,,
1783537697.824,4010395.0,9353.758,44.650391,,,,,,
1783537697.825,4010400.0,9354.459,44.648365,,,,,,
1783537697.826,4010405.0,9353.123,44.652225,,,,,,
1783537697.827,4010410.0,9352.289,44.654633,,,,,,
1783537697.828,4010415.0,9352.99,44.652607,,,,,,
1783537697.829,4010420.0,9353.057,44.649803,,,,,,
1783537697.829,4010425.0,9352.389,44.651733,,,,,,
1783537697.830,4010430.0,9352.924,44.647564,,,,,,
1783537697.831,4010435.0,9352.889,44.647667,,,,,,
1783537697.832,4010440.0,9351.955,44.650364,,,,,,
1783537697.833,4010445.0,9351.689,44.653748,,,,,,
1783537697.834,4010450.0,9351.489,44.654327,,,,,,
1783537697.835,4010455.0,9350.088,44.660995,,,,,,
1783537697.835,4010460.0,9349.787,44.661861,,,,,,
1783537697.836,4010465.0,9350.389,44.660126,,,,,,
1783537697.837,4010470.0,9349.987,44.661285,,,,,,
1783537697.838,4010475.0,9349.787,44.664482,,,,,,
1783537697.838,4010480.0,9351.021,44.660915,,,,,,
1783537697.839,4010485.0,9351.488,44.659569,,,,,,
1783537698.076,4010490.0,9350.722,44.661781,,,,,,
1783537698.077,4010495.0,9350.689,44.661873,,,,,,
1783537698.078,4010500.0,9350.989,44.65839,,,,,,
1783537698.079,4010505.0,9349.755,44.661957,,,,,,
1783537698.079,4010510.0,9348.987,44.666794,,,,,,
1783537698.080,4010515.0,9349.821,44.664387,,,,,,
1783537698.081,4010520.0,9349.487,44.665352,,,,,,
1783537698.082,4010525.0,9348.521,44.670753,,,,,,
1783537698.083,4010530.0,9349.021,44.671925,,,,,,
1783537698.083,4010535.0,9349.054,44.671837,,,,,,
1783537698.084,4010540.0,9347.721,44.675686,,,,,,
1783537698.085,4010545.0,9347.888,44.677814,,,,,,
1783537698.087,4010550.0,9347.487,44.676357,,,,,,
1783537698.088,4010555.0,9346.322,44.677109,,,,,,
1783537698.089,4010560.0,9346.321,44.674496,,,,,,
1783537698.091,4010565.0,9346.654,44.673531,,,,,,
1783537698.092,4010570.0,9345.922,44.675652,,,,,,
1783537698.092,4010575.0,9346.188,44.677494,,,,,,
1783537698.093,4010580.0,9346.987,44.677807,,,,,,
1783537698.094,4010585.0,9346.455,44.681957,,,,,,
1783537698.095,4010590.0,9345.354,44.687759,,,,,,
1783537698.097,4010595.0,9345.487,44.68737,,,,,,
1783537698.097,4010600.0,9344.455,44.690353,,,,,,
1783537698.098,4010605.0,9343.557,44.690331,,,,,,
1783537698.099,4010610.0,9342.724,44.692738,,,,,,
1783537698.100,4010615.0,9343.123,44.688969,,,,,,
1783537698.101,4010620.0,9342.756,44.690029,,,,,,
1783537698.102,4010625.0,9342.99,44.689354,,,,,,
1783537698.102,4010630.0,9342.989,44.691975,,,,,,
1783537698.103,4010635.0,9342.79,44.689934,,,,,,
1783537698.104,4010640.0,9341.724,44.693012,,,,,,
1783537698.105,4010645.0,9341.058,44.694939,,,,,,
1783537698.106,4010650.0,9341.325,44.691547,,,,,,
1783537698.107,4010655.0,9339.794,44.695972,,,,,,
1783537698.108,4010660.0,9339.861,44.698395,,,,,,
1783537698.108,4010665.0,9340.76,44.698414,,,,,,
1783537698.109,4010670.0,9340.859,44.698128,,,,,,
1783537698.110,4010675.0,9340.294,44.702377,,,,,,
1783537698.111,4010680.0,9342.024,44.69738,,,,,,
1783537698.112,4010685.0,9341.825,44.697952,,,,,,
1783537698.113,4010690.0,9340.992,44.700359,,,,,,
1783537698.113,4010695.0,9340.793,44.700935,,,,,,
1783537698.114,4010700.0,9340.727,44.70113,,,,,,
1783537698.115,4010705.0,9339.029,44.706032,,,,,,
1783537698.116,4010710.0,9338.23,44.70834,,,,,,
1783537698.117,4010715.0,9338.497,44.707569,,,,,,
1783537698.117,4010720.0,9338.797,44.706703,,,,,,
1783537698.118,4010725.0,9338.729,44.706898,,,,,,
1783537698.119,4010730.0,9339.661,44.706821,,,,,,
1783537698.120,4010735.0,9340.46,44.704514,,,,,,
1783537698.120,4010740.0,9339.994,44.708473,,,,,,
1783537698.121,4010745.0,9339.928,44.711285,,,,,,
1783537698.122,4010750.0,9340.627,44.711884,,,,,,
1783537698.123,4010755.0,9340.859,44.711208,,,,,,
1783537698.124,4010760.0,9341.393,44.714901,,,,,,
1783537698.125,4010765.0,9342.79,44.713478,,,,,,
1783537698.125,4010770.0,9342.79,44.713478,,,,,,
1783537698.126,4010775.0,9343.023,44.712807,,,,,,
1783537698.252,4010780.0,9344.056,44.709824,,,,,,
1783537698.253,4010785.0,9344.521,44.70586,,,,,,
1783537698.254,4010790.0,9343.49,44.706223,,,,,,
1783537698.254,4010795.0,9344.123,44.707012,,,,,,
1783537698.255,4010800.0,9345.021,44.707027,,,,,,
1783537698.256,4010805.0,9344.522,44.711086,,,,,,
1783537698.258,4010810.0,9344.722,44.713131,,,,,,
1783537698.259,4010815.0,9346.221,44.711418,,,,,,
1783537698.259,4010820.0,9345.854,44.712475,,,,,,
1783537698.260,4010825.0,9344.688,44.715847,,,,,,
1783537698.261,4010830.0,9345.255,44.714207,,,,,,
1783537698.262,4010835.0,9344.756,44.715649,,,,,,
1783537698.262,4010840.0,9343.189,44.720177,,,,,,
1783537698.263,4010845.0,9343.49,44.71669,,,,,,
1783537698.264,4010850.0,9343.589,44.716404,,,,,,
1783537698.264,4010855.0,9342.357,44.719963,,,,,,
1783537698.265,4010860.0,9341.924,44.718597,,,,,,
1783537698.266,4010865.0,9342.99,44.712902,,,,,,
1783537698.266,4010870.0,9342.457,44.71706,,,,,,
1783537698.267,4010875.0,9341.99,44.718403,,,,,,
1783537698.268,4010880.0,9342.457,44.717056,,,,,,
1783537698.268,4010885.0,9342.391,44.719868,,,,,,
1783537698.269,4010890.0,9341.191,44.725948,,,,,,
1783537698.269,4010895.0,9341.192,44.723331,,,,,,
1783537698.270,4010900.0,9340.826,44.724388,,,,,,
1783537698.271,4010905.0,9340.294,44.723309,,,,,,
1783537698.271,4010910.0,9340.46,44.722828,,,,,,
1783537698.272,4010915.0,9341.424,44.717426,,,,,,
1783537698.273,4010920.0,9341.925,44.715981,,,,,,
1783537698.494,4010925.0,9342.323,44.714828,,,,,,
1783537698.495,4010930.0,9343.557,44.713879,,,,,,
1783537698.496,4010935.0,9343.854,44.713017,,,,,,
1783537698.497,4010940.0,9342.791,44.718712,,,,,,
1783537698.498,4010945.0,9342.69,44.721619,,,,,,
1783537698.499,4010950.0,9343.356,44.719692,,,,,,
1783537698.500,4010955.0,9342.523,44.722099,,,,,,
1783537698.501,4010960.0,9342.824,44.721233,,,,,,
1783537698.502,4010965.0,9344.289,44.716999,,,,,,
1783537698.504,4010970.0,9344.521,44.716328,0.062665,141.053146,4010963.5,13.786201,,
1783537698.505,4011092.0,9344.088,44.720196,,,,,,
1783537698.506,4011097.0,9345.721,44.718102,,,,,,
1783537698.508,4011102.0,9346.321,44.718983,,,,,,
1783537698.508,4011107.0,9346.787,44.717636,,,,,,
1783537698.509,4011112.0,9348.088,44.716499,,,,,,
1783537698.510,4011117.0,9349.154,44.713417,,,,,,
1783537698.511,4011122.0,9349.121,44.713512,,,,,,
1783537698.512,4011127.0,9349.388,44.712742,,,,,,
1783537698.513,4011132.0,9350.389,44.712467,,,,,,
1783537698.513,4011137.0,9350.289,44.712753,,,,,,
1783537698.514,4011142.0,9351.223,44.710056,,,,,,
1783537698.515,4011147.0,9352.49,44.706394,,,,,,
1783537698.516,4011152.0,9352.857,44.705334,,,,,,
1783537698.517,4011157.0,9351.756,44.708515,,,,,,
1783537698.518,4011162.0,9351.856,44.708225,,,,,,
1783537698.519,4011167.0,9351.455,44.709385,,,,,,
1783537698.671,4011172.0,9349.854,44.711391,,,,,,
1783537698.672,4011177.0,9349.42,44.71265,,,,,,
1783537698.673,4011182.0,9350.154,44.707905,,,,,,
1783537698.673,4011187.0,9349.854,44.708771,,,,,,
1783537698.674,4011192.0,9349.088,44.70837,,,,,,
1783537698.675,4011197.0,9350.423,44.70713,,,,,,
1783537698.676,4011202.0,9350.822,44.700737,,,,,,
1783537698.677,4011207.0,9349.889,44.703434,,,,,,
1783537698.678,4011212.0,9349.288,44.699936,,,,,,
1783537698.679,4011217.0,9349.422,44.696938,,,,,,
1783537698.680,4011222.0,9347.154,44.698254,,,,,,
1783537698.681,4011227.0,9346.088,44.701332,,,,,,
1783537698.681,4011232.0,9346.555,44.697369,,,,,,
1783537698.682,4011237.0,9346.521,44.697464,,,,,,
1783537698.683,4011242.0,9345.888,44.699295,,,,,,
1783537698.684,4011247.0,9346.654,44.694458,,,,,,
1783537698.685,4011252.0,9346.854,44.693886,,,,,,
1783537698.686,4011257.0,9346.021,44.696289,,,,,,
1783537698.686,4011262.0,9346.554,44.694759,,,,,,
1783537698.688,4011267.0,9347.154,44.69302,,,,,,
1783537698.690,4011272.0,9346.521,44.697468,,,,,,
1783537698.691,4011277.0,9347.254,44.695347,,,,,,
1783537698.692,4011282.0,9348.221,44.689934,,,,,,
1783537698.693,4011287.0,9347.388,44.692341,,,,,,
1783537698.694,4011292.0,9347.221,44.690208,,,,,,
1783537698.695,4011297.0,9348.054,44.687801,,,,,,
1783537698.696,4011302.0,9347.654,44.688957,,,,,,
1783537698.697,4011307.0,9347.154,44.690403,,,,,,
1783537698.698,4011312.0,9347.588,44.689148,,,,,,
1783537698.699,4011317.0,9347.888,44.690895,,,,,,
1783537698.700,4011322.0,9347.62,44.689056,,,,,,
1783537698.701,4011327.0,9348.021,44.685287,,,,,,
1783537698.703,4011332.0,9348.587,44.683647,,,,,,
1783537698.704,4011337.0,9349.32,44.681526,,,,,,
1783537698.705,4011342.0,9350.021,44.676884,,,,,,
1783537698.706,4011347.0,9351.222,44.673416,,,,,,
1783537698.707,4011352.0,9351.623,44.672256,,,,,,
1783537698.959,4011357.0,9351.489,44.672646,,,,,,
1783537698.961,4011362.0,9352.09,44.670906,,,,,,
1783537698.961,4011367.0,9352.39,44.67004,,,,,,
1783537698.962,4011372.0,9351.789,44.674393,,,,,,
1783537698.963,4011377.0,9352.156,44.673336,,,,,,
1783537698.964,4011382.0,9353.357,44.672478,,,,,,
1783537698.965,4011387.0,9353.758,44.671322,,,,,,
1783537698.966,4011392.0,9354.525,44.671722,,,,,,
1783537698.967,4011397.0,9355.828,44.667953,,,,,,
1783537698.968,4011402.0,9356.361,44.669033,,,,,,
1783537698.969,4011407.0,9356.429,44.668839,,,,,,
1783537698.970,4011412.0,9356.629,44.668259,,,,,,
1783537698.970,4011417.0,9356.862,44.667583,,,,,,
1783537698.971,4011422.0,9357.13,44.666809,,,,,,
1783537698.972,4011427.0,9357.731,44.665073,,,,,,
1783537698.973,4011432.0,9358.199,44.666336,,,,,,
1783537698.974,4011437.0,9358.9,44.66431,,,,,,
1783537698.975,4011442.0,9358.732,44.664799,,,,,,
1783537698.976,4011447.0,9359.168,44.66354,,,,,,
1783537698.977,4011452.0,9359.635,44.662189,,,,,,
1783537698.978,4011457.0,9359.702,44.659378,,,,,,
1783537698.979,4011462.0,9359.334,44.660442,,,,,,
1783537698.979,4011467.0,9360.203,44.657928,,,,,,
1783537698.980,4011472.0,9359.101,44.661118,,,,,,
1783537698.981,4011477.0,9358.935,44.661594,,,,,,
1783537698.982,4011482.0,9360.171,44.658024,,,,,,
1783537698.983,4011487.0,9360.706,44.659096,,,,,,
1783537698.984,4011492.0,9360.572,44.662094,,,,,,
1783537698.985,4011497.0,9362.244,44.657261,,,,,,
1783537698.986,4011502.0,9362.577,44.656303,,,,,,
1783537698.986,4011507.0,9361.675,44.658913,,,,,,
1783537698.987,4011512.0,9361.675,44.656296,,,,,,
1783537698.988,4011517.0,9362.01,44.65271,,,,,,
1783537698.989,4011522.0,9360.84,44.65609,,,,,,
1783537698.990,4011527.0,9361.24,44.654934,,,,,,
1783537698.991,4011532.0,9361.742,44.653484,,,,,,
1783537698.992,4011537.0,9361.643,44.65377,,,,,,
1783537698.993,4011542.0,9361.643,44.65377,,,,,,
1783537698.994,4011547.0,9363.013,44.652428,,,,,,
1783537698.994,4011552.0,9362.845,44.652916,,,,,,
1783537698.995,4011557.0,9362.745,44.655815,,,,,,
1783537698.996,4011562.0,9363.38,44.653984,,,,,,
1783537698.997,4011567.0,9364.015,44.652149,,,,,,
1783537698.998,4011572.0,9363.881,44.649921,,,,,,
1783537698.999,4011577.0,9364.518,44.650696,,,,,,
1783537698.999,4011582.0,9365.019,44.649246,,,,,,
1783537699.000,4011587.0,9365.221,44.651279,,,,,,
1783537699.001,4011592.0,9364.986,44.654575,,,,,,
1783537699.002,4011597.0,9366.057,44.654102,,,,,,
1783537699.003,4011602.0,9366.057,44.651485,,,,,,
1783537699.004,4011607.0,9365.521,44.650414,,,,,,
1783537699.004,4011612.0,9365.688,44.647312,,,,,,
1783537699.005,4011617.0,9365.555,44.645084,,,,,,
1783537699.006,4011622.0,9364.183,44.646431,,,,,,
1783537699.007,4011627.0,9363.814,44.647495,,,,,,
1783537699.008,4011632.0,9363.748,44.647686,,,,,,
1783537699.009,4011637.0,9363.714,44.647785,,,,,,
1783537699.009,4011642.0,9363.447,44.648556,,,,,,
1783537699.010,4011647.0,9364.082,44.646721,,,,,,
1783537699.011,4011652.0,9363.748,44.647686,,,,,,
1783537699.011,4011657.0,9363.682,44.647881,,,,,,
1783537699.147,4011662.0,9362.744,44.650589,,,,,,
1783537699.148,4011667.0,9362.443,44.651459,,,,,,
1783537699.149,4011672.0,9361.073,44.655415,,,,,,
1783537699.149,4011677.0,9360.17,44.658028,,,,,,
1783537699.150,4011682.0,9360.471,44.654537,,,,,,
1783537699.151,4011687.0,9360.873,44.653374,,,,,,
1783537699.152,4011692.0,9361.006,44.650375,,,,,,
1783537699.153,4011697.0,9362.88,44.644962,,,,,,
1783537699.154,4011702.0,9363.682,44.642647,,,,,,
1783537699.155,4011707.0,9363.682,44.645267,,,,,,
1783537699.156,4011712.0,9363.814,44.647495,,,,,,
1783537699.158,4011717.0,9364.55,44.647987,,,,,,
1783537699.159,4011722.0,9363.849,44.652626,,,,,,
1783537699.160,4011727.0,9363.948,44.652344,,,,,,
1783537699.161,4011732.0,9364.718,44.65012,,,,,,
1783537699.162,4011737.0,9365.688,44.647312,,,,,,
1783537699.163,4011742.0,9365.822,44.64954,,,,,,
1783537699.163,4011747.0,9366.658,44.644508,,,,,,
1783537699.164,4011752.0,9366.859,44.643932,,,,,,
1783537699.165,4011757.0,9366.491,44.64761,,,,,,
1783537699.166,4011762.0,9365.756,44.647118,,,,,,
1783537699.167,4011767.0,9365.889,44.644119,,,,,,
1783537699.168,4011772.0,9364.818,44.647213,,,,,,
1783537699.168,4011777.0,9364.686,44.650211,,,,,,
1783537699.169,4011782.0,9364.853,44.647114,,,,,,
1783537699.170,4011787.0,9364.718,44.647503,,,,,,
1783537699.171,4011792.0,9363.915,44.649822,,,,,,
1783537699.171,4011797.0,9364.55,44.647987,,,,,,
1783537699.172,4011802.0,9364.985,44.644112,,,,,,
1783537699.173,4011807.0,9364.35,44.64595,,,,,,
1783537699.174,4011812.0,9364.752,44.644787,,,,,,
1783537699.175,4011817.0,9365.354,44.643047,,,,,,
1783537699.176,4011822.0,9364.082,44.646721,,,,,,
1783537699.393,4011827.0,9363.38,44.64875,,,,,,
1783537699.394,4011832.0,9363.916,44.647202,,,,,,
1783537699.395,4011837.0,9363.414,44.648651,,,,,,
1783537699.395,4011842.0,9363.279,44.64904,,,,,,
1783537699.396,4011847.0,9364.752,44.644787,,,,,,
1783537699.397,4011852.0,9364.752,44.644787,,,,,,
1783537699.398,4011857.0,9364.351,44.645947,,,,,,
1783537699.399,4011862.0,9364.919,44.644302,,,,,,
1783537699.400,4011867.0,9365.354,44.645664,,,,,,
1783537699.401,4011872.0,9364.952,44.649437,,,,,,
1783537699.401,4011877.0,9366.225,44.64576,,,,,,
1783537699.402,4011882.0,9367.361,44.645092,,,,,,
1783537699.404,4011887.0,9367.729,44.646648,,,,,,
1783537699.405,4011892.0,9368.099,44.645584,,,,,,
1783537699.405,4011897.0,9369.236,44.642296,,,,,,
1783537699.406,4011902.0,9368.969,44.645687,,,,,,
1783537699.408,4011907.0,9369.036,44.645493,,,,,,
1783537699.408,4011912.0,9369.37,44.644527,,,,,,
1783537699.409,4011917.0,9369.572,44.643944,,,,,,
1783537699.410,4011922.0,9368.701,44.646458,,,,,,
1783537699.411,4011927.0,9368.734,44.646362,,,,,,
1783537699.412,4011932.0,9369.036,44.648109,,,,,,
1783537699.413,4011937.0,9369.104,44.650536,,,,,,
1783537699.413,4011942.0,9369.17,44.650341,,,,,,
1783537699.414,4011947.0,9370.678,44.645985,,,,,,
1783537699.415,4011952.0,9370.812,44.648216,,,,,,
1783537699.416,4011957.0,9369.706,44.648792,,,,,,
1783537699.416,4011962.0,9369.673,44.646267,,,,,,
1783537699.417,4011967.0,9369.639,44.646366,,,,,,
1783537699.418,4011972.0,9368.332,44.650143,,,,,,
1783537699.419,4011977.0,9369.036,44.648109,,,,,,
1783537699.420,4011982.0,9370.51,44.643848,,,,,,
1783537699.421,4011987.0,9370.778,44.645695,,,,,,
1783537699.422,4011992.0,9370.745,44.64579,,,,,,
1783537699.423,4011997.0,9372.286,44.643955,,,,,,
1783537699.423,4012002.0,9372.252,44.641438,,,,,,
1783537699.424,4012007.0,9371.682,44.645702,,,,,,
1783537699.425,4012012.0,9372.42,44.643566,,,,,,
1783537699.426,4012017.0,9372.989,44.644543,,,,,,
1783537699.427,4012022.0,9372.521,44.648514,,,,,,
1783537699.428,4012027.0,9373.291,44.651527,,,,,,
1783537699.428,4012032.0,9374.732,44.647362,,,,,,
1783537699.429,4012037.0,9375.001,44.6492,,,,,,
1783537699.430,4012042.0,9375.839,44.649403,,,,,,
1783537699.431,4012047.0,9377.113,44.645718,,,,,,
1783537699.431,4012052.0,9377.784,44.64378,,,,,,
1783537699.432,4012057.0,9377.817,44.646305,,,,,,
1783537699.433,4012062.0,9378.119,44.645432,,,,,,
1783537699.434,4012067.0,9378.757,44.643589,,,,,,
1783537699.435,4012072.0,9377.885,44.646111,,,,,,
1783537699.436,4012077.0,9378.052,44.645626,,,,,,
1783537699.436,4012082.0,9378.253,44.645046,,,,,,
1783537699.571,4012087.0,9378.389,44.642033,,,,,,
1783537699.572,4012092.0,9378.186,44.64262,,,,,,
1783537699.573,4012097.0,9378.991,44.640293,,,,,,
1783537699.574,4012102.0,9378.723,44.641068,,,,,,
1783537699.574,4012107.0,9378.053,44.643005,,,,,,
1783537699.575,4012112.0,9378.32,44.644852,,,,,,
1783537699.576,4012117.0,9378.656,44.643883,,,,,,
1783537699.577,4012122.0,9377.616,44.644264,,,,,,
1783537699.577,4012127.0,9377.752,44.641254,,,,,,
1783537699.578,4012132.0,9378.926,44.635242,,,,,,
1783537699.579,4012137.0,9378.221,44.637283,,,,,,
1783537699.579,4012142.0,9376.846,44.641254,,,,,,
1783537699.580,4012147.0,9377.449,44.639511,,,,,,
1783537699.581,4012152.0,9376.175,44.643192,,,,,,
1783537699.581,4012157.0,9374.363,44.648426,,,,,,
1783537699.582,4012162.0,9373.09,44.649487,,,,,,
1783537699.583,4012167.0,9372.554,44.645802,,,,,,
1783537699.583,4012172.0,9370.744,44.648411,,,,,,
1783537699.584,4012177.0,9370.008,44.647923,,,,,,
1783537699.585,4012182.0,9369.472,44.646851,,,,,,
1783537699.585,4012187.0,9369.338,44.644619,,,,,,
1783537699.586,4012192.0,9369.236,44.644913,,,,,,
1783537699.587,4012197.0,9369.939,44.642879,,,,,,
1783537699.587,4012202.0,9370.375,44.644238,,,,,,
1783537699.588,4012207.0,9370.643,44.643467,,,,,,
1783537699.589,4012212.0,9370.911,44.642689,,,,,,
1783537699.589,4012217.0,9371.18,44.641914,,,,,,
1783537699.590,4012222.0,9371.279,44.641628,,,,,,
1783537699.590,4012227.0,9371.347,44.64143,,,,,,
1783537699.591,4012232.0,9371.95,44.639687,,,,,,
1783537699.592,4012237.0,9371.682,44.640465,,,,,,
1783537699.827,4012242.0,9370.846,44.642879,,,,,,
1783537699.829,4012247.0,9370.309,44.644432,,,,,,
1783537699.830,4012252.0,9369.471,44.644234,,,,,,
1783537699.831,4012257.0,9367.361,44.647713,,,,,,
1783537699.832,4012262.0,9366.826,44.649261,,,,,,
1783537699.833,4012267.0,9366.625,44.649841,,,,,,
1783537699.834,4012272.0,9365.789,44.649635,,,,,,
1783537699.835,4012277.0,9365.855,44.649445,,,,,,
1783537699.836,4012282.0,9367.361,44.647713,,,,,,
1783537699.837,4012287.0,9367.864,44.646259,,,,,,
1783537699.838,4012292.0,9368.031,44.643158,,,,,,
1783537699.839,4012297.0,9369.068,44.64278,,,,,,
1783537699.840,4012302.0,9368.936,44.643166,,,,,,
1783537699.841,4012307.0,9368.666,44.643944,,,,,,
1783537699.842,4012312.0,9368.635,44.646652,,,,,,
1783537699.843,4012317.0,9368.969,44.650925,,,,,,
1783537699.844,4012322.0,9369.036,44.65073,,,,,,
1783537699.845,4012327.0,9370.107,44.647633,,,,,,
1783537699.846,4012332.0,9370.846,44.648117,,,,,,
1783537699.847,4012337.0,9370.477,44.649185,,,,,,
1783537699.848,4012342.0,9370.477,44.646568,,,,,,
1783537699.849,4012347.0,9371.18,44.647152,,,,,,
1783537699.849,4012352.0,9371.213,44.649677,,,,,,
1783537699.850,4012357.0,9370.744,44.651031,,,,,,
1783537699.851,4012362.0,9371.883,44.647739,,,,,,
1783537699.852,4012367.0,9373.291,44.64629,,,,,,
1783537699.853,4012372.0,9372.553,44.648422,,,,,,
1783537699.853,4012377.0,9372.654,44.650745,,,,,,
1783537699.854,4012382.0,9373.358,44.648712,,,,,,
1783537699.855,4012387.0,9373.592,44.650658,,,,,,
1783537699.856,4012392.0,9372.956,44.652493,,,,,,
1783537699.857,4012397.0,9374.162,44.651627,,,,,,
1783537699.858,4012402.0,9374.464,44.650753,,,,,,
1783537699.859,4012407.0,9374.498,44.650654,,,,,,
1783537699.860,4012412.0,9374.632,44.647652,,,,,,
1783537699.860,4012417.0,9375.067,44.64901,,,,,,
1783537699.863,4012422.0,9374.028,44.649395,,,,,,
1783537699.864,4012427.0,9374.196,44.64629,,,,,,
1783537699.865,4012432.0,9374.229,44.646194,,,,,,
1783537699.866,4012437.0,9374.229,44.646194,,,,,,
1783537699.867,4012442.0,9374.162,44.643772,,,,,,
1783537699.868,4012447.0,9375.302,44.643097,,,,,,
1783537699.869,4012452.0,9374.698,44.64484,,,,,,
1783537699.871,4012457.0,9374.096,44.64658,,,,,,
1783537699.872,4012462.0,9373.961,44.64959,,,,,,
1783537699.873,4012467.0,9373.593,44.650654,,,,,,
1783537699.875,4012472.0,9373.257,44.651627,,,,,,
1783537699.876,4012477.0,9374.33,44.648525,,,,,,
1783537699.877,4012482.0,9375.201,44.648624,,,,,,
1783537699.878,4012487.0,9375.537,44.645035,,,,,,
1783537699.879,4012492.0,9375.974,44.646393,,,,,,
1783537699.880,4012497.0,9376.542,44.644749,,,,,,
1783537699.881,4012502.0,9376.342,44.647949,,,,,,
1783537699.881,4012507.0,9376.709,44.649509,,,,,,
1783537699.882,4012512.0,9377.18,44.650764,,,,,,
1783537699.883,4012517.0,9377.851,44.651447,,,,,,
1783537699.884,4012522.0,9377.717,44.651833,,,,,,
1783537699.885,4012527.0,9378.086,44.653385,,,,,,
1783537699.886,4012532.0,9378.421,44.652416,,,,,,
1783537700.026,4012537.0,9378.556,44.652027,,,,,,
1783537700.027,4012542.0,9377.817,44.651543,,,,,,
1783537700.028,4012547.0,9378.153,44.650574,,,,,,
1783537700.029,4012552.0,9377.818,44.648918,,,,,,
1783537700.029,4012557.0,9376.643,44.652317,,,,,,
1783537700.030,4012562.0,9376.342,44.653187,,,,,,
1783537700.031,4012567.0,9377.382,44.652802,,,,,,
1783537700.032,4012572.0,9376.712,44.654736,,,,,,
1783537700.033,4012577.0,9376.51,44.655323,,,,,,
1783537700.034,4012582.0,9377.583,44.649601,,,,,,
1783537700.035,4012587.0,9377.381,44.650185,,,,,,
1783537700.036,4012592.0,9376.576,44.649891,,,,,,
1783537700.037,4012597.0,9376.878,44.649021,,,,,,
1783537700.038,4012602.0,9376.51,44.650085,,,,,,
1783537700.038,4012607.0,9375.503,44.652992,,,,,,
1783537700.039,4012612.0,9375.638,44.652603,,,,,,
1783537700.040,4012617.0,9374.599,44.655605,,,,,,
1783537700.041,4012622.0,9373.123,44.65987,,,,,,
1783537700.042,4012627.0,9372.621,44.658699,,,,,,
1783537700.043,4012632.0,9372.219,44.659863,,,,,,
1783537700.044,4012637.0,9370.878,44.661118,,,,,,
1783537700.045,4012642.0,9370.845,44.658596,,,,,,
1783537700.045,4012647.0,9371.045,44.658016,,,,,,
1783537700.046,4012652.0,9370.811,44.658695,,,,,,
1783537700.048,4012657.0,9369.772,44.661694,,,,,,
1783537700.050,4012662.0,9370.342,44.662666,,,,,,
1783537700.052,4012667.0,9370.007,44.666252,,,,,,
1783537700.053,4012672.0,9369.706,44.667122,,,,,,
1783537700.054,4012677.0,9369.639,44.669937,,,,,,
1783537700.055,4012682.0,9370.811,44.666553,,,,,,
1783537700.055,4012687.0,9370.174,44.668392,,,,,,
1783537700.057,4012692.0,9369.974,44.668968,,,,,,
1783537700.057,4012697.0,9370.142,44.668484,,,,,,
1783537700.058,4012702.0,9369.438,44.667896,,,,,,
1783537700.059,4012707.0,9368.099,44.669147,,,,,,
1783537700.259,4012712.0,9366.994,44.672337,,,,,,
1783537700.260,4012717.0,9365.655,44.676208,,,,,,
1783537700.260,4012722.0,9364.149,44.680561,,,,,,
1783537700.261,4012727.0,9363.982,44.683662,,,,,,
1783537700.262,4012732.0,9364.149,44.683178,,,,,,
1783537700.262,4012737.0,9363.781,44.684242,,,,,,
1783537700.263,4012742.0,9363.915,44.681236,,,,,,
1783537700.264,4012747.0,9363.849,44.67881,,,,,,
1783537700.264,4012752.0,9362.711,44.682098,,,,,,
1783537700.265,4012757.0,9360.672,44.690605,,,,,,
1783537700.266,4012762.0,9359.502,44.696609,,,,,,
1783537700.267,4012767.0,9358.867,44.703678,,,,,,
1783537700.267,4012772.0,9357.564,44.712681,,,,,,
1783537700.268,4012777.0,9357.029,44.716846,,,,,,
1783537700.268,4012782.0,9357.73,44.714817,,,,,,
1783537700.269,4012787.0,9358.4,44.712883,,,,,,
1783537700.270,4012792.0,9358.232,44.713367,,,,,,
1783537700.270,4012797.0,9358.9,44.711437,,,,,,
1783537700.271,4012802.0,9358.767,44.711826,,,,,,
1783537700.272,4012807.0,9357.798,44.71986,,,,,,
1783537700.273,4012812.0,9356.963,44.724895,,,,,,
1783537700.274,4012817.0,9356.929,44.727615,,,,,,
1783537700.275,4012822.0,9356.161,44.732449,,,,,,
1783537700.275,4012827.0,9356.194,44.734974,,,,,,
1783537700.276,4012832.0,9356.896,44.732944,,,,,,
1783537700.277,4012837.0,9356.429,44.734295,,,,,,
1783537700.278,4012842.0,9355.527,44.739517,,,,,,
1783537700.278,4012847.0,9355.428,44.739807,,,,,,
1783537700.279,4012852.0,9354.959,44.743778,,,,,,
1783537700.279,4012857.0,9353.257,44.75132,,,,,,
1783537700.280,4012862.0,9352.224,44.756924,,,,,,
1783537700.281,4012867.0,9351.423,44.759239,,,,,,
1783537700.282,4012872.0,9350.288,44.765137,,,,,,
1783537700.283,4012877.0,9348.986,44.768898,,,,,,
1783537700.283,4012882.0,9349.021,44.768799,,,,,,
1783537700.284,4012887.0,9348.754,44.769569,,,,,,
1783537700.284,4012892.0,9347.755,44.772457,,,,,,
1783537700.285,4012897.0,9346.787,44.777874,,,,,,
1783537700.286,4012902.0,9346.354,44.781742,,,,,,
1783537700.286,4012907.0,9344.354,44.790142,,,,,,
1783537700.287,4012912.0,9343.156,44.793602,,,,,,
1783537700.288,4012917.0,9342.523,44.79805,,,,,,
1783537700.289,4012922.0,9341.192,44.801899,,,,,,
1783537700.289,4012927.0,9340.228,44.804684,,,,,,
1783537700.290,4012932.0,9340.994,44.805092,,,,,,
1783537700.291,4012937.0,9340.128,44.812832,,,,,,
1783537700.412,4012942.0,9339.33,44.817753,,,,,,
1783537700.413,4012947.0,9340.094,44.818169,,,,,,
1783537700.415,4012952.0,9339.694,44.824566,,,,,,
1783537700.416,4012957.0,9338.362,44.831036,,,,,,
1783537700.417,4012962.0,9338.963,44.831924,,,,,,
1783537700.418,4012967.0,9339.096,44.831543,,,,,,
1783537700.419,4012972.0,9338.131,44.834332,,,,,,
1783537700.421,4012977.0,9337.698,44.835579,,,,,,
1783537700.422,4012982.0,9337.998,44.834709,,,,,,
1783537700.423,4012987.0,9337.033,44.837502,,,,,,
1783537700.424,4012992.0,9336.733,44.840984,,,,,,
1783537700.425,4012997.0,9336.7,44.843704,,,,,,
1783537700.426,4013002.0,9336.302,44.847477,,,,,,
1783537700.427,4013007.0,9335.17,44.853371,,,,,,
1783537700.428,4013012.0,9335.271,44.853081,,,,,,
1783537700.429,4013017.0,9334.771,44.857143,,,,,,
1783537700.430,4013022.0,9334.008,44.861973,,,,,,
1783537700.431,4013027.0,9333.21,44.864269,,,,,,
1783537700.431,4013032.0,9333.842,44.865074,,,,,,
1783537700.433,4013037.0,9333.409,44.868942,,,,,,
1783537700.434,4013042.0,9333.443,44.871464,,,,,,
1783537700.435,4013047.0,9333.544,44.873791,,,,,,
1783537700.436,4013052.0,9333.908,44.875359,,,,,,
1783537700.437,4013057.0,9332.446,44.879585,,,,,,
1783537700.438,4013062.0,9332.213,44.882877,,,,,,
1783537700.439,4013067.0,9331.848,44.883934,,,,,,
1783537700.440,4013072.0,9330.885,44.886715,,,,,,
1783537700.441,4013077.0,9330.253,44.888542,,,,,,
1783537700.442,4013082.0,9330.652,44.887386,,,,,,
1783537700.443,4013087.0,9329.557,44.887932,,,,,,
1783537700.444,4013092.0,9328.295,44.891579,,,,,,
1783537700.692,4013097.0,9326.868,44.893082,,,,,,
1783537700.693,4013102.0,9325.674,44.893909,,,,,,
1783537700.694,4013107.0,9323.385,44.897903,,,,,,
1783537700.695,4013112.0,9322.588,44.900208,,,,,,
1783537700.696,4013117.0,9321.893,44.899597,,,,,,
1783537700.697,4013122.0,9321.594,44.900459,,,,,,
1783537700.697,4013127.0,9320.766,44.902851,,,,,,
1783537700.698,4013132.0,9321.064,44.901989,,,,,,
1783537700.699,4013137.0,9320.833,44.902657,,,,,,
1783537700.700,4013142.0,9319.872,44.905434,,,,,,
1783537700.700,4013147.0,9320.767,44.905476,,,,,,
1783537700.701,4013152.0,9321.197,44.904228,,,,,,
1783537700.702,4013157.0,9320.568,44.908669,,,,,,
1783537700.703,4013162.0,9320.436,44.90905,,,,,,
1783537700.703,4013167.0,9321.33,44.909084,,,,,,
1783537700.704,4013172.0,9320.069,44.91011,,,,,,
1783537700.705,4013177.0,9319.44,44.911919,,,,,,
1783537700.706,4013182.0,9319.771,44.908344,,,,,,
1783537700.707,4013187.0,9319.241,44.909878,,,,,,
1783537700.708,4013192.0,9318.611,44.909077,,,,,,
1783537700.709,4013197.0,9318.645,44.906364,,,,,,
1783537700.709,4013202.0,9318.479,44.906841,,,,,,
1783537700.710,4013207.0,9317.552,44.906898,,,,,,
1783537700.711,4013212.0,9317.088,44.908237,,,,,,
1783537700.712,4013217.0,9316.758,44.909195,,,,,,
1783537700.712,4013222.0,9315.863,44.911777,,,,,,
1783537700.713,4013227.0,9315.764,44.912067,,,,,,
1783537700.714,4013232.0,9316.758,44.909191,,,,,,
1783537700.715,4013237.0,9317.287,44.907661,,,,,,
1783537700.715,4013242.0,9317.651,44.906612,,,,,,
1783537700.716,4013247.0,9318.977,44.905399,,,,,,
1783537700.717,4013252.0,9319.506,44.901257,,,,,,
1783537700.718,4013257.0,9319.274,44.904545,,,,,,
1783537700.719,4013262.0,9319.937,44.90263,,,,,,
1783537700.720,4013267.0,9320.766,44.900227,,,,,,
1783537700.722,4013272.0,9320.998,44.899559,,,,,,
1783537700.874,4013277.0,9321.826,44.899788,0.256114,154.756683,4013276.0,56.344982,,
1783537700.875,4013399.0,9326.975,44.884911,,,,,,
1783537700.876,4013404.0,9331.595,44.871563,,,,,,
1783537700.878,4013409.0,9336.115,44.855881,,,,,,
1783537700.879,4013414.0,9341.666,44.839844,,,,,,
1783537700.880,4013419.0,9346.421,44.823479,,,,,,
1783537700.881,4013424.0,9346.588,44.820381,,,,,,
1783537700.882,4013429.0,9347.521,44.81506,,,,,,
1783537700.883,4013434.0,9348.721,44.811592,,,,,,
1783537700.884,4013439.0,9348.654,44.811783,,,,,,
1783537700.885,4013444.0,9349.889,44.808216,,,,,,
1783537700.886,4013449.0,9351.422,44.806412,,,,,,
1783537700.887,4013454.0,9352.39,44.803612,,,,,,
1783537700.887,4013459.0,9352.958,44.801971,,,,,,
1783537700.888,4013464.0,9355.127,44.7957,,,,,,
1783537700.889,4013469.0,9356.195,44.792618,,,,,,
1783537700.891,4013474.0,9356.563,44.791553,,,,,,
1783537700.893,4013479.0,9357.298,44.789429,,,,,,
1783537700.895,4013484.0,9358.132,44.787022,,,,,,
1783537700.897,4013489.0,9357.831,44.787888,,,,,,
1783537700.898,4013494.0,9358.4,44.786247,,,,,,
1783537700.899,4013499.0,9360.673,44.777058,,,,,,
1783537700.901,4013504.0,9362.044,44.773094,,,,,,
1783537700.902,4013509.0,9362.813,44.770874,,,,,,
1783537700.903,4013514.0,9364.584,44.765755,,,,,,
1783537700.904,4013519.0,9365.655,44.762657,,,,,,
1783537700.905,4013524.0,9365.287,44.763721,,,,,,
1783537700.907,4013529.0,9365.822,44.762177,,,,,,
1783537700.908,4013534.0,9366.726,44.759567,,,,,,
1783537700.909,4013539.0,9366.826,44.754036,,,,,,
1783537700.910,4013544.0,9367.429,44.752293,,,,,,
1783537700.911,4013549.0,9369.271,44.746967,,,,,,
1783537700.912,4013554.0,9369.471,44.743767,,,,,,
1783537700.913,4013559.0,9369.84,44.740082,,,,,,
1783537701.161,4013564.0,9370.174,44.739117,,,,,,
1783537701.162,4013569.0,9369.906,44.734646,,,,,,
1783537701.163,4013574.0,9369.169,44.734158,,,,,,
1783537701.164,4013579.0,9369.604,44.730282,,,,,,
1783537701.165,4013584.0,9369.905,44.726788,,,,,,
1783537701.166,4013589.0,9369.438,44.725525,,,,,,
1783537701.167,4013594.0,9369.505,44.725327,,,,,,
1783537701.167,4013599.0,9370.074,44.721062,,,,,,
1783537701.168,4013604.0,9370.142,44.720867,,,,,,
1783537701.169,4013609.0,9370.711,44.719223,,,,,,
1783537701.170,4013614.0,9373.057,44.712444,,,,,,
1783537701.171,4013619.0,9374.23,44.71167,,,,,,
1783537701.172,4013624.0,9374.33,44.714005,,,,,,
1783537701.172,4013629.0,9375.57,44.710419,,,,,,
1783537701.173,4013634.0,9376.476,44.707802,,,,,,
1783537701.174,4013639.0,9375.872,44.709549,,,,,,
1783537701.175,4013644.0,9376.811,44.704216,,,,,,
1783537701.176,4013649.0,9378.086,44.697914,,,,,,
1783537701.177,4013654.0,9378.388,44.697041,,,,,,
1783537701.178,4013659.0,9378.053,44.698009,,,,,,
1783537701.178,4013664.0,9378.757,44.695972,,,,,,
1783537701.180,4013669.0,9378.086,44.695293,,,,,,
1783537701.180,4013674.0,9377.113,44.698101,,,,,,
1783537701.181,4013679.0,9376.51,44.697224,,,,,,
1783537701.182,4013684.0,9376.51,44.691986,,,,,,
1783537701.183,4013689.0,9375.838,44.691307,,,,,,
1783537701.184,4013694.0,9375.973,44.688301,,,,,,
1783537701.184,4013699.0,9376.677,44.681026,,,,,,
1783537701.185,4013704.0,9376.71,44.678318,,,,,,
1783537701.186,4013709.0,9376.845,44.677925,,,,,,
1783537701.187,4013714.0,9377.314,44.673946,,,,,,
1783537701.188,4013719.0,9377.549,44.675884,,,,,,
1783537701.189,4013724.0,9377.482,44.676079,,,,,,
1783537701.190,4013729.0,9378.689,44.672588,,,,,,
1783537701.191,4013734.0,9379.83,44.6693,,,,,,
1783537701.192,4013739.0,9380.1,44.671135,,,,,,
1783537701.193,4013744.0,9380.569,44.667156,,,,,,
1783537701.194,4013749.0,9381.576,44.664249,,,,,,
1783537701.194,4013754.0,9382.013,44.665611,,,,,,
1783537701.195,4013759.0,9381.846,44.668713,,,,,,
1783537701.196,4013764.0,9383.558,44.663761,,,,,,
1783537701.197,4013769.0,9384.6,44.663376,,,,,,
1783537701.197,4013774.0,9384.533,44.666183,,,,,,
1783537701.198,4013779.0,9384.633,44.665894,,,,,,
1783537701.199,4013784.0,9385.541,44.663269,,,,,,
1783537701.200,4013789.0,9385.372,44.663757,,,,,,
1783537701.200,4013794.0,9386.212,44.661331,,,,,,
1783537701.201,4013799.0,9387.792,44.656765,,,,,,
1783537701.202,4013804.0,9388.33,44.655212,,,,,,
1783537701.203,4013809.0,9388.531,44.654629,,,,,,
1783537701.203,4013814.0,9389.271,44.649876,,,,,,
1783537701.204,4013819.0,9388.834,44.648518,,,,,,
1783537701.206,4013824.0,9387.959,44.651047,,,,,,
1783537701.207,4013829.0,9388.026,44.650852,,,,,,
1783537701.208,4013834.0,9388.128,44.650555,,,,,,
1783537701.209,4013839.0,9387.69,44.654442,,,,,,
1783537701.210,4013844.0,9387.825,44.65667,,,,,,
1783537701.211,4013849.0,9388.834,44.653755,,,,,,
1783537701.211,4013854.0,9389.238,44.652588,,,,,,
1783537701.212,4013859.0,9388.666,44.65424,,,,,,
1783537701.361,4013864.0,9389.138,44.652878,,,,,,
1783537701.362,4013869.0,9389.037,44.653168,,,,,,
1783537701.362,4013874.0,9388.431,44.654922,,,,,,
1783537701.363,4013879.0,9388.565,44.654533,,,,,,
1783537701.364,4013884.0,9389.642,44.651421,,,,,,
1783537701.366,4013889.0,9389.237,44.652592,,,,,,
1783537701.367,4013894.0,9389.54,44.651714,,,,,,
1783537701.368,4013899.0,9390.616,44.648605,,,,,,
1783537701.369,4013904.0,9391.223,44.646854,,,,,,
1783537701.370,4013909.0,9391.492,44.648697,,,,,,
1783537701.371,4013914.0,9392.973,44.647038,,,,,,
1783537701.372,4013919.0,9394.017,44.646641,,,,,,
1783537701.372,4013924.0,9393.545,44.650623,,,,,,
1783537701.373,4013929.0,9393.982,44.651978,,,,,,
1783537701.375,4013934.0,9394.69,44.649933,,,,,,
1783537701.375,4013939.0,9393.849,44.652367,,,,,,
1783537701.376,4013944.0,9393.646,44.65295,,,,,,
1783537701.377,4013949.0,9394.689,44.649937,,,,,,
1783537701.378,4013954.0,9395.229,44.650993,,,,,,
1783537701.379,4013959.0,9395.97,44.648853,,,,,,
1783537701.380,4013964.0,9397.856,44.643402,,,,,,
1783537701.381,4013969.0,9398.327,44.644661,,,,,,
1783537701.382,4013974.0,9398.192,44.64505,,,,,,
1783537701.382,4013979.0,9398.159,44.645145,,,,,,
1783537701.383,4013984.0,9398.361,44.647182,,,,,,
1783537701.384,4013989.0,9397.787,44.651455,,,,,,
1783537701.385,4013994.0,9399.002,44.647949,,,,,,
1783537701.386,4013999.0,9400.214,44.647068,,,,,,
1783537701.386,4014004.0,9400.551,44.646095,,,,,,
1783537701.387,4014009.0,9400.518,44.646191,,,,,,
1783537701.388,4014014.0,9401.26,44.64143,,,,,,
1783537701.390,4014019.0,9400.484,44.643669,,,,,,
1783537701.390,4014024.0,9399.507,44.643879,,,,,,
1783537701.391,4014029.0,9399.035,44.642616,,,,,,
1783537701.392,4014034.0,9398.833,44.6432,,,,,,
1783537701.393,4014039.0,9397.182,44.650589,,,,,,
1783537701.608,4014044.0,9396.575,44.649723,,,,,,
1783537701.610,4014049.0,9396.811,44.649044,,,,,,
1783537701.611,4014054.0,9396.541,44.649826,,,,,,
1783537701.612,4014059.0,9395.464,44.650314,,,,,,
1783537701.612,4014064.0,9396.307,44.642643,,,,,,
1783537701.613,4014069.0,9396.205,44.642937,,,,,,
1783537701.614,4014074.0,9394.623,44.644886,,,,,,
1783537701.615,4014079.0,9394.521,44.64518,,,,,,
1783537701.616,4014084.0,9395.532,44.642258,,,,,,
1783537701.617,4014089.0,9394.724,44.647217,,,,,,
1783537701.617,4014094.0,9395.061,44.648865,,,,,,
1783537701.618,4014099.0,9397.047,44.645741,,,,,,
1783537701.619,4014104.0,9397.485,44.644474,,,,,,
1783537701.620,4014109.0,9397.215,44.64526,,,,,,
1783537701.621,4014114.0,9397.957,44.643112,,,,,,
1783537701.621,4014119.0,9398.225,44.639721,,,,,,
1783537701.622,4014124.0,9396.845,44.643707,,,,,,
1783537701.623,4014129.0,9396.003,44.646141,,,,,,
1783537701.624,4014134.0,9395.768,44.644199,,,,,,
1783537701.625,4014139.0,9395.128,44.643429,,,,,,
1783537701.626,4014144.0,9394.185,44.643532,,,,,,
1783537701.627,4014149.0,9394.926,44.638775,,,,,,
1783537701.628,4014154.0,9394.824,44.636448,,,,,,
1783537701.628,4014159.0,9393.747,44.639561,,,,,,
1783537701.629,4014164.0,9393.646,44.637234,,,,,,
1783537701.630,4014169.0,9393.275,44.638306,,,,,,
1783537701.631,4014174.0,9391.391,44.641132,,,,,,
1783537701.632,4014179.0,9390.516,44.643658,,,,,,
1783537701.633,4014184.0,9390.18,44.642014,,,,,,
1783537701.635,4014189.0,9388.498,44.64687,,,,,,
1783537701.636,4014194.0,9388.161,44.647846,,,,,,
1783537701.637,4014199.0,9389.171,44.647545,,,,,,
1783537701.638,4014204.0,9389.508,44.643948,,,,,,
1783537701.639,4014209.0,9389.607,44.643665,,,,,,
1783537701.640,4014214.0,9390.92,44.639874,,,,,,
1783537701.641,4014219.0,9391.222,44.639,,,,,,
1783537701.642,4014224.0,9390.045,44.642395,,,,,,
1783537701.643,4014229.0,9390.348,44.644142,,,,,,
1783537701.643,4014234.0,9391.291,44.644039,,,,,,
1783537701.644,4014239.0,9390.281,44.649574,,,,,,
1783537701.645,4014244.0,9390.752,44.648212,,,,,,
1783537701.646,4014249.0,9392.334,44.643642,,,,,,
1783537701.647,4014254.0,9392.704,44.642574,,,,,,
1783537701.648,4014259.0,9392.467,44.643257,,,,,,
1783537701.649,4014264.0,9394.556,44.639843,,,,,,
1783537701.650,4014269.0,9394.756,44.641884,,,,,,
1783537701.650,4014274.0,9394.117,44.64373,,,,,,
1783537701.651,4014279.0,9393.781,44.644703,,,,,,
1783537701.652,4014284.0,9393.883,44.647026,,,,,,
1783537701.653,4014289.0,9392.568,44.650822,,,,,,
1783537701.653,4014294.0,9392.905,44.647232,,,,,,
1783537701.654,4014299.0,9394.421,44.642853,,,,,,
1783537701.656,4014304.0,9394.689,44.642075,,,,,,
1783537701.804,4014309.0,9394.959,44.63868,,,,,,
1783537701.807,4014314.0,9395.936,44.635857,,,,,,
1783537701.808,4014319.0,9395.497,44.637123,,,,,,
1783537701.809,4014324.0,9394.117,44.64373,,,,,,
1783537701.810,4014329.0,9394.521,44.642567,,,,,,
1783537701.811,4014334.0,9394.959,44.643917,,,,,,
1783537701.812,4014339.0,9395.026,44.643723,,,,,,
1783537701.813,4014344.0,9395.633,44.644588,,,,,,
1783537701.814,4014349.0,9396.44,44.642254,,,,,,
1783537701.815,4014354.0,9397.08,44.645645,,,,,,
1783537701.815,4014359.0,9396.845,44.646324,,,,,,
1783537701.816,4014364.0,9398.058,44.645439,,,,,,
1783537701.817,4014369.0,9398.833,44.645821,,,,,,
1783537701.818,4014374.0,9399.507,44.646488,,,,,,
1783537701.818,4014379.0,9399.607,44.646198,,,,,,
1783537701.819,4014384.0,9400.687,44.643085,,,,,,
1783537701.821,4014389.0,9400.113,44.644741,,,,,,
1783537701.823,4014394.0,9399.709,44.645912,,,,,,
1783537701.824,4014399.0,9400.35,44.644051,,,,,,
1783537701.825,4014404.0,9400.854,44.63998,,,,,,
1783537701.826,4014409.0,9400.416,44.643867,,,,,,
1783537701.827,4014414.0,9400.821,44.642696,,,,,,
1783537701.828,4014419.0,9401.597,44.64045,,,,,,
1783537701.829,4014424.0,9401.327,44.641232,,,,,,
1783537701.830,4014429.0,9401.26,44.644047,,,,,,
1783537701.831,4014434.0,9402.372,44.640831,,,,,,
1783537701.832,4014439.0,9402.271,44.641121,,,,,,
1783537701.832,4014444.0,9402.947,44.641796,,,,,,
1783537701.833,4014449.0,9404.127,44.641006,,,,,,
1783537701.834,4014454.0,9405.173,44.64061,,,,,,
1783537701.835,4014459.0,9405.239,44.643032,,,,,,
1783537701.836,4014464.0,9406.623,44.641659,,,,,,
1783537701.837,4014469.0,9406.657,44.64156,,,,,,
1783537701.838,4014474.0,9405.813,44.643997,,,,,,
1783537701.838,4014479.0,9405.982,44.643509,,,,,,
1783537701.839,4014484.0,9406.421,44.642242,,,,,,
1783537701.840,4014489.0,9405.442,44.642452,,,,,,
1783537702.060,4014494.0,9404.531,44.642464,,,,,,
1783537702.061,4014499.0,9404.835,44.638962,,,,,,
1783537702.062,4014504.0,9403.352,44.638004,,,,,,
1783537702.063,4014509.0,9401.361,44.641136,,,,,,
1783537702.064,4014514.0,9401.463,44.638226,,,,,,
1783537702.065,4014519.0,9400.553,44.638229,,,,,,
1783537702.066,4014524.0,9399.237,44.642033,,,,,,
1783537702.067,4014529.0,9399.035,44.645233,,,,,,
1783537702.068,4014534.0,9399.676,44.640766,,,,,,
1783537702.069,4014539.0,9397.923,44.645828,,,,,,
1783537702.070,4014544.0,9398.125,44.645248,,,,,,
1783537702.070,4014549.0,9398.462,44.641651,,,,,,
1783537702.071,4014554.0,9398.192,44.639812,,,,,,
1783537702.072,4014559.0,9397.619,44.644089,,,,,,
1783537702.074,4014564.0,9398.697,44.643593,,,,,,
1783537702.075,4014569.0,9399.102,44.642426,,,,,,
1783537702.076,4014574.0,9398.9,44.645626,,,,,,
1783537702.077,4014579.0,9399.675,44.643391,,,,,,
1783537702.078,4014584.0,9400.383,44.638721,,,,,,
1783537702.079,4014589.0,9399.776,44.637856,,,,,,
1783537702.080,4014594.0,9399.473,44.641354,,,,,,
1783537702.081,4014599.0,9400.248,44.63649,,,,,,
1783537702.082,4014604.0,9399.236,44.639416,,,,,,
1783537702.082,4014609.0,9398.327,44.642044,,,,,,
1783537702.083,4014614.0,9398.529,44.644077,,,,,,
1783537702.084,4014619.0,9398.127,44.64262,,,,,,
1783537702.085,4014624.0,9396.508,44.647297,,,,,,
1783537702.086,4014629.0,9396.172,44.648273,,,,,,
1783537702.086,4014634.0,9396.171,44.648273,,,,,,
1783537702.087,4014639.0,9394.893,44.646729,,,,,,
1783537702.088,4014644.0,9394.825,44.644302,,,,,,
1783537702.089,4014649.0,9395.869,44.638664,,,,,,
1783537702.090,4014654.0,9395.465,44.639835,,,,,,
1783537702.090,4014659.0,9394.858,44.64159,,,,,,
1783537702.091,4014664.0,9395.734,44.641678,,,,,,
1783537702.092,4014669.0,9395.667,44.644489,,,,,,
1783537702.092,4014674.0,9394.589,44.650227,,,,,,
1783537702.093,4014679.0,9395.532,44.647499,,,,,,
1783537702.093,4014684.0,9396.003,44.646141,,,,,,
1783537702.094,4014689.0,9396.205,44.648174,,,,,,
1783537702.095,4014694.0,9396.271,44.6506,,,,,,
1783537702.095,4014699.0,9397.147,44.648071,,,,,,
1783537702.096,4014704.0,9397.014,44.648457,,,,,,
1783537702.097,4014709.0,9396.979,44.64856,,,,,,
1783537702.097,4014714.0,9397.484,44.647099,,,,,,
1783537702.098,4014719.0,9397.956,44.643112,,,,,,
1783537702.099,4014724.0,9397.385,44.647385,,,,,,
1783537702.099,4014729.0,9396.946,44.651272,,,,,,
1783537702.101,4014734.0,9397.384,44.652622,,,,,,
1783537702.102,4014739.0,9397.316,44.652821,,,,,,
1783537702.103,4014744.0,9396.912,44.653992,,,,,,
1783537702.103,4014749.0,9397.755,44.651558,,,,,,
1783537702.241,4014754.0,9398.326,44.649906,,,,,,
1783537702.242,4014759.0,9398.529,44.651936,,,,,,
1783537702.243,4014764.0,9398.765,44.65126,,,,,,
1783537702.244,4014769.0,9399.102,44.652908,,,,,,
1783537702.245,4014774.0,9398.293,44.655239,,,,,,
1783537702.245,4014779.0,9398.395,44.654949,,,,,,
1783537702.246,4014784.0,9399.406,44.652027,,,,,,
1783537702.247,4014789.0,9398.867,44.653584,,,,,,
1783537702.248,4014794.0,9399.473,44.654457,,,,,,
1783537702.249,4014799.0,9401.428,44.651432,,,,,,
1783537702.250,4014804.0,9402.439,44.651127,,,,,,
1783537702.250,4014809.0,9401.767,44.653069,,,,,,
1783537702.251,4014814.0,9403.114,44.654419,,,,,,
1783537702.252,4014819.0,9403.182,44.656849,,,,,,
1783537702.253,4014824.0,9401.968,44.660358,,,,,,
1783537702.254,4014829.0,9401.935,44.66045,,,,,,
1783537702.256,4014834.0,9402.743,44.660732,,,,,,
1783537702.257,4014839.0,9401.968,44.662971,,,,,,
1783537702.258,4014844.0,9402.204,44.659672,,,,,,
1783537702.260,4014849.0,9403.014,44.659954,,,,,,
1783537702.261,4014854.0,9402.541,44.66394,,,,,,
1783537702.262,4014859.0,9401.799,44.666077,,,,,,
1783537702.263,4014864.0,9402.305,44.664619,,,,,,
1783537702.263,4014869.0,9402.034,44.668022,,,,,,
1783537702.264,4014874.0,9401.225,44.672985,,,,,,
1783537702.265,4014879.0,9401.664,44.671719,,,,,,
1783537702.266,4014884.0,9402.104,44.670444,,,,,,
1783537702.267,4014889.0,9401.125,44.675896,,,,,,
1783537702.268,4014894.0,9401.529,44.677345,,,,,,
1783537702.269,4014899.0,9402.777,44.673737,,,,,,
1783537702.270,4014904.0,9403.148,44.67791,,,,,,
1783537702.271,4014909.0,9402.845,44.684025,,,,,,
1783537702.272,4014914.0,9404.396,44.682163,,,,,,
1783537702.273,4014919.0,9404.06,44.683136,,,,,,
1783537702.509,4014924.0,9402.643,44.689854,,,,,,
1783537702.510,4014929.0,9401.834,44.692192,,,,,,
1783537702.511,4014934.0,9401.294,44.693752,,,,,,
1783537702.512,4014939.0,9399.709,44.700951,,,,,,
1783537702.513,4014944.0,9399.338,44.704647,,,,,,
1783537702.514,4014949.0,9399.439,44.706974,,,,,,
1783537702.515,4014954.0,9398.495,44.709705,,,,,,
1783537702.516,4014959.0,9397.619,44.712231,,,,,,
1783537702.517,4014964.0,9396.744,44.712139,,,,,,
1783537702.517,4014969.0,9394.959,44.714676,,,,,,
1783537702.518,4014974.0,9392.064,44.717796,,,,,,
1783537702.519,4014979.0,9390.651,44.721878,,,,,,
1783537702.520,4014984.0,9388.97,44.726738,,,,,,
1783537702.521,4014989.0,9387.12,44.732082,,,,,,
1783537702.522,4014994.0,9386.01,44.737915,,,,,,
1783537702.523,4014999.0,9386.245,44.737236,,,,,,
1783537702.524,4015004.0,9385.104,44.740536,,,,,,
1783537702.525,4015009.0,9384.028,44.743641,,,,,,
1783537702.527,4015014.0,9383.256,44.748493,,,,,,
1783537702.528,4015019.0,9381.611,44.753246,,,,,,
1783537702.529,4015024.0,9379.563,44.764408,,,,,,
1783537702.530,4015029.0,9377.919,44.771778,,,,,,
1783537702.530,4015034.0,9376.912,44.777317,,,,,,
1783537702.531,4015039.0,9375.469,44.778858,,,,,,
1783537702.532,4015044.0,9374.431,44.784481,,,,,,
1783537702.533,4015049.0,9373.659,44.786713,,,,,,
1783537702.533,4015054.0,9371.951,44.791649,,,,,,
1783537702.534,4015059.0,9369.874,44.80027,,,,,,
1783537702.535,4015064.0,9367.999,44.808308,,,,,,
1783537702.536,4015069.0,9365.489,44.818184,,,,,,
1783537702.537,4015074.0,9362.479,44.826885,,,,,,
1783537702.538,4015079.0,9360.306,44.833164,,,,,,
1783537702.539,4015084.0,9357.899,44.840115,,,,,,
1783537702.540,4015089.0,9355.061,44.84832,,,,,,
1783537702.541,4015094.0,9353.058,44.854107,,,,,,
1783537702.542,4015099.0,9351.623,44.858253,,,,,,
1783537702.543,4015104.0,9349.255,44.867718,,,,,,
1783537702.543,4015109.0,9346.889,44.874557,,,,,,
1783537702.545,4015114.0,9345.29,44.881794,,,,,,
1783537702.546,4015119.0,9343.391,44.889904,,,,,,
1783537702.547,4015124.0,9341.06,44.90189,,,,,,
1783537702.548,4015129.0,9340.061,44.907402,,,,,,
1783537702.549,4015134.0,9338.83,44.916206,,,,,,
1783537702.550,4015139.0,9336.867,44.924503,,,,,,
1783537702.551,4015144.0,9335.239,44.931831,,,,,,
1783537702.552,4015149.0,9334.175,44.937527,,,,,,
1783537702.553,4015154.0,9332.412,44.94524,,,,,,
1783537702.554,4015159.0,9330.686,44.950233,,,,,,
1783537702.555,4015164.0,9330.121,44.957111,,,,,,
1783537702.556,4015169.0,9328.197,44.962669,,,,,,
1783537702.557,4015174.0,9325.74,44.972393,,,,,,
1783537702.558,4015179.0,9323.685,44.980957,,,,,,
1783537702.559,4015184.0,9322.557,44.989464,,,,,,
1783537702.560,4015189.0,9320.202,44.996265,,,,,,
1783537702.561,4015194.0,9319.176,45.004482,,,,,,
1783537702.561,4015199.0,9318.479,45.009113,,,,,,
1783537702.562,4015204.0,9317.122,45.018288,,,,,,
1783537702.563,4015209.0,9315.003,45.027031,,,,,,
1783537702.702,4015214.0,9313.25,45.037346,,,,,,
1783537702.703,4015219.0,9311.795,45.044178,,,,,,
1783537702.704,4015224.0,9309.249,45.054161,,,,,,
1783537702.704,4015229.0,9308.29,45.059555,,,,,,
1783537702.705,4015234.0,9307.596,45.064186,,,,,,
1783537702.706,4015239.0,9306.208,45.07082,,,,,,
1783537702.707,4015244.0,9304.457,45.078503,,,,,,
1783537702.708,4015249.0,9303.995,45.082458,,,,,,
1783537702.708,4015254.0,9302.377,45.087135,,,,,,
1783537702.709,4015259.0,9300.825,45.091618,,,,,,
1783537702.710,4015264.0,9300.198,45.096054,,,,,,
1783537702.711,4015269.0,9299.472,45.100784,,,,,,
1783537702.711,4015274.0,9298.187,45.109745,,,,,,
1783537702.712,4015279.0,9297.89,45.115856,,,,,,
1783537702.712,4015284.0,9297.327,45.122734,,,,,,
1783537702.713,4015289.0,9296.372,45.12812,,,,,,
1783537702.714,4015294.0,9296.569,45.130173,,,,,,
1783537702.715,4015299.0,9296.866,45.131943,,,,,,
1783537702.715,4015304.0,9296.272,45.136284,,,,,,
1783537702.716,4015309.0,9295.581,45.140907,,,,,,
1783537702.716,4015314.0,9295.745,45.143063,,,,,,
1783537702.717,4015319.0,9294.493,45.149303,,,,,,
1783537702.718,4015324.0,9293.209,45.153015,,,,,,
1783537702.718,4015329.0,9292.978,45.156307,,,,,,
1783537702.719,4015334.0,9293.637,45.154404,,,,,,
1783537702.720,4015339.0,9293.802,45.156551,,,,,,
1783537702.720,4015344.0,9294.065,45.158413,,,,,,
1783537702.721,4015349.0,9295.515,45.156849,,,,,,
1783537702.722,4015354.0,9295.515,45.159481,,,,,,
1783537702.722,4015359.0,9294.725,45.167023,,,,,,
1783537702.723,4015364.0,9294.889,45.16917,,,,,,
1783537702.724,4015369.0,9294.922,45.171703,,,,,,
1783537702.975,4015374.0,9294.099,45.176712,,,,,,
1783537702.976,4015379.0,9294.593,45.175282,,,,,,
1783537702.977,4015384.0,9294.921,45.174335,,,,,,
1783537702.978,4015389.0,9294.163,45.176525,,,,,,
1783537702.979,4015394.0,9294.526,45.175476,,,,,,
1783537702.980,4015399.0,9294.592,45.172657,,,,,,
1783537702.981,4015404.0,9293.769,45.172409,,,,,,
1783537702.982,4015409.0,9293.339,45.171021,,,,,,
1783537702.982,4015414.0,9294.065,45.166294,,,,,,
1783537702.983,4015419.0,9293.637,45.164906,,,,,,
1783537702.984,4015424.0,9292.616,45.167854,,,,,,
1783537702.985,4015429.0,9292.353,45.168613,,,,,,
1783537702.986,4015434.0,9292.683,45.16766,,,,,,
1783537702.986,4015439.0,9291.265,45.169132,,,,,,
1783537702.987,4015444.0,9290.969,45.167366,,,,,,
1783537702.988,4015449.0,9291.463,45.163307,,,,,,
1783537702.989,4015454.0,9291.363,45.160973,,,,,,
1783537702.989,4015459.0,9291.001,45.159393,,,,,,
1783537702.990,4015464.0,9291.593,45.157684,,,,,,
1783537702.991,4015469.0,9291.659,45.157494,,,,,,
1783537702.992,4015474.0,9291.824,45.159637,,,,,,
1783537702.992,4015479.0,9292.615,45.157352,,,,,,
1783537702.993,4015484.0,9293.67,45.154305,,,,,,
1783537702.994,4015489.0,9293.967,45.15345,,,,,,
1783537702.994,4015494.0,9294.79,45.15107,,,,,,
1783537702.995,4015499.0,9296.735,45.145447,,,,,,
1783537702.996,4015504.0,9297.725,45.14259,0.520033,148.182632,4015488.25,114.407349,,
1783537702.997,4015626.0,9302.451,45.11581,,,,,,
1783537702.999,4015631.0,9308.601,45.084915,,,,,,
1783537703.000,4015636.0,9314.455,45.057499,,,,,,
1783537703.000,4015641.0,9318.689,45.029507,,,,,,
1783537703.001,4015646.0,9324.679,44.999073,,,,,,
1783537703.002,4015651.0,9327.135,44.991978,,,,,,
1783537703.137,4015656.0,9327.964,44.989582,,,,,,
1783537703.139,4015661.0,9329.856,44.981487,,,,,,
1783537703.141,4015666.0,9332.713,44.973236,,,,,,
1783537703.142,4015671.0,9334.541,44.965328,,,,,,
1783537703.143,4015676.0,9335.404,44.960209,,,,,,
1783537703.144,4015681.0,9337.798,44.950672,,,,,,
1783537703.145,4015686.0,9339.361,44.943527,,,,,,
1783537703.146,4015691.0,9340.526,44.937542,,,,,,
1783537703.147,4015696.0,9342.357,44.929626,,,,,,
1783537703.148,4015701.0,9344.855,44.922409,,,,,,
1783537703.149,4015706.0,9346.088,44.918846,,,,,,
1783537703.150,4015711.0,9347.555,44.911983,,,,,,
1783537703.151,4015716.0,9350.623,44.900494,,,,,,
1783537703.152,4015721.0,9352.158,44.896057,,,,,,
1783537703.153,4015726.0,9353.894,44.88842,,,,,,
1783537703.154,4015731.0,9356.363,44.878658,,,,,,
1783537703.155,4015736.0,9358.935,44.868607,,,,,,
1783537703.156,4015741.0,9360.005,44.865513,,,,,,
1783537703.157,4015746.0,9362.311,44.856228,,,,,,
1783537703.158,4015751.0,9364.786,44.849079,,,,,,
1783537703.159,4015756.0,9367.128,44.842308,,,,,,
1783537703.160,4015761.0,9368.802,44.840092,,,,,,
1783537703.161,4015766.0,9371.146,44.833321,,,,,,
1783537703.162,4015771.0,9372.955,44.830715,,,,,,
1783537703.163,4015776.0,9374.397,44.826546,,,,,,
1783537703.163,4015781.0,9376.611,44.817528,,,,,,
1783537703.164,4015786.0,9378.657,44.811619,,,,,,
1783537703.165,4015791.0,9379.73,44.808517,,,,,,
1783537703.166,4015796.0,9381.141,44.80444,,,,,,
1783537703.167,4015801.0,9383.154,44.798622,,,,,,
1783537703.168,4015806.0,9384.195,44.798237,,,,,,
1783537703.168,4015811.0,9385.877,44.793377,,,,,,
1783537703.169,4015816.0,9388.397,44.786095,,,,,,
1783537703.408,4015821.0,9391.021,44.778511,,,,,,
1783537703.409,4015826.0,9392.266,44.777542,,,,,,
1783537703.410,4015831.0,9394.993,44.769661,,,,,,
1783537703.411,4015836.0,9396.979,44.76392,,,,,,
1783537703.412,4015841.0,9397.889,44.761292,,,,,,
1783537703.413,4015846.0,9398.866,44.758469,,,,,,
1783537703.413,4015851.0,9400.787,44.750294,,,,,,
1783537703.414,4015856.0,9401.226,44.749027,,,,,,
1783537703.415,4015861.0,9402.373,44.745708,,,,,,
1783537703.416,4015866.0,9404.531,44.739475,,,,,,
1783537703.417,4015871.0,9405.071,44.735294,,,,,,
1783537703.418,4015876.0,9405.442,44.734219,,,,,,
1783537703.418,4015881.0,9406.556,44.731003,,,,,,
1783537703.419,4015886.0,9407.063,44.729534,,,,,,
1783537703.420,4015891.0,9406.725,44.72789,,,,,,
1783537703.421,4015896.0,9407.298,44.72361,,,,,,
1783537703.422,4015901.0,9407.568,44.720203,,,,,,
1783537703.423,4015906.0,9407.703,44.714569,,,,,,
1783537703.424,4015911.0,9407.67,44.709415,,,,,,
1783537703.425,4015916.0,9407.467,44.707378,,,,,,
1783537703.426,4015921.0,9407.162,44.70826,,,,,,
1783537703.427,4015926.0,9407.365,44.705048,,,,,,
1783537703.428,4015931.0,9407.231,44.702816,,,,,,
1783537703.428,4015936.0,9407.197,44.700291,,,,,,
1783537703.429,4015941.0,9407.434,44.699608,,,,,,
1783537703.430,4015946.0,9408.447,44.696678,,,,,,
1783537703.431,4015951.0,9408.817,44.695602,,,,,,
1783537703.432,4015956.0,9408.75,44.695805,,,,,,
1783537703.432,4015961.0,9409.088,44.694828,,,,,,
1783537703.433,4015966.0,9410.169,44.689087,,,,,,
1783537703.434,4015971.0,9410.371,44.685879,,,,,,
1783537703.435,4015976.0,9410.743,44.682178,,,,,,
1783537703.435,4015981.0,9411.756,44.676628,,,,,,
1783537703.436,4015986.0,9412.804,44.673599,,,,,,
1783537703.437,4015991.0,9412.466,44.671955,,,,,,
1783537703.438,4015996.0,9412.771,44.671078,,,,,,
1783537703.439,4016001.0,9413.209,44.669804,,,,,,
1783537703.440,4016006.0,9413.412,44.669224,,,,,,
1783537703.441,4016011.0,9413.176,44.669903,,,,,,
1783537703.442,4016016.0,9414.224,44.669498,,,,,,
1783537703.443,4016021.0,9414.224,44.669502,,,,,,
1783537703.443,4016026.0,9413.853,44.67057,,,,,,
1783537703.444,4016031.0,9413.244,44.672329,,,,,,
1783537703.445,4016036.0,9413.075,44.670197,,,,,,
1783537703.446,4016041.0,9411.992,44.6707,,,,,,
1783537703.447,4016046.0,9412.094,44.665165,,,,,,
1783537703.447,4016051.0,9411.993,44.662834,,,,,,
1783537703.448,4016056.0,9412.095,44.65992,,,,,,
1783537703.449,4016061.0,9412.128,44.6572,,,,,,
1783537703.450,4016066.0,9412.432,44.656322,,,,,,
1783537703.450,4016071.0,9412.331,44.656616,,,,,,
1783537703.451,4016076.0,9411.993,44.657589,,,,,,
1783537703.452,4016081.0,9412.533,44.658649,,,,,,
1783537703.453,4016086.0,9412.77,44.657967,,,,,,
1783537703.454,4016091.0,9412.331,44.656616,,,,,,
1783537703.455,4016096.0,9412.703,44.658161,,,,,,
1783537703.457,4016101.0,9413.818,44.652317,,,,,,
1783537703.457,4016106.0,9413.447,44.653389,,,,,,
1783537703.592,4016111.0,9413.48,44.655914,,,,,,
1783537703.593,4016116.0,9414.867,44.65453,,,,,,
1783537703.594,4016121.0,9414.866,44.651909,,,,,,
1783537703.595,4016126.0,9414.596,44.655315,,,,,,
1783537703.595,4016131.0,9415.813,44.649174,,,,,,
1783537703.596,4016136.0,9416.455,44.64732,,,,,,
1783537703.597,4016141.0,9415.745,44.649368,,,,,,
1783537703.597,4016146.0,9416.286,44.650433,,,,,,
1783537703.598,4016151.0,9417.065,44.648178,,,,,,
1783537703.599,4016156.0,9416.625,44.652073,,,,,,
1783537703.599,4016161.0,9416.455,44.652565,,,,,,
1783537703.600,4016166.0,9418.385,44.646988,,,,,,
1783537703.601,4016171.0,9418.757,44.645912,,,,,,
1783537703.601,4016176.0,9419.13,44.647457,,,,,,
1783537703.602,4016181.0,9420.313,44.646656,,,,,,
1783537703.602,4016186.0,9421.126,44.646935,,,,,,
1783537703.603,4016191.0,9420.482,44.651413,,,,,,
1783537703.604,4016196.0,9421.465,44.651199,,,,,,
1783537703.604,4016201.0,9422.277,44.648849,,,,,,
1783537703.605,4016206.0,9422.413,44.64846,,,,,,
1783537703.606,4016211.0,9422.955,44.649509,,,,,,
1783537703.606,4016216.0,9424.276,44.645691,,,,,,
1783537703.607,4016221.0,9424.377,44.648026,,,,,,
1783537703.608,4016226.0,9424.31,44.64822,,,,,,
1783537703.609,4016231.0,9425.055,44.648693,,,,,,
1783537703.609,4016236.0,9425.768,44.646633,,,,,,
1783537703.610,4016241.0,9425.191,44.650913,,,,,,
1783537703.611,4016246.0,9425.463,44.650127,,,,,,
1783537703.611,4016251.0,9426.445,44.649914,,,,,,
1783537703.612,4016256.0,9426.581,44.652145,,,,,,
1783537703.612,4016261.0,9427.293,44.650089,,,,,,
1783537703.875,4016266.0,9429.6,44.643425,,,,,,
1783537703.876,4016271.0,9430.787,44.642616,,,,,,
1783537703.877,4016276.0,9430.989,44.644657,,,,,,
1783537703.877,4016281.0,9432.618,44.63995,,,,,,
1783537703.878,4016286.0,9433.094,44.641201,,,,,,
1783537703.879,4016291.0,9432.108,44.646675,,,,,,
1783537703.880,4016296.0,9432.754,44.64481,,,,,,
1783537703.881,4016301.0,9433.432,44.642849,,,,,,
1783537703.882,4016306.0,9432.957,44.644222,,,,,,
1783537703.883,4016311.0,9432.992,44.644119,,,,,,
1783537703.883,4016316.0,9434.078,44.64098,,,,,,
1783537703.884,4016321.0,9433.365,44.64304,,,,,,
1783537703.885,4016326.0,9433.025,44.644024,,,,,,
1783537703.886,4016331.0,9433.06,44.643925,,,,,,
1783537703.887,4016336.0,9432.584,44.645298,,,,,,
1783537703.888,4016341.0,9431.362,44.64883,,,,,,
1783537703.888,4016346.0,9431.668,44.647945,,,,,,
1783537703.890,4016351.0,9432.347,44.645985,,,,,,
1783537703.891,4016356.0,9431.701,44.645226,,,,,,
1783537703.892,4016361.0,9431.939,44.644539,,,,,,
1783537703.893,4016366.0,9432.346,44.640739,,,,,,
1783537703.894,4016371.0,9431.362,44.640957,,,,,,
1783537703.894,4016376.0,9430.04,44.644775,,,,,,
1783537703.895,4016381.0,9429.87,44.645267,,,,,,
1783537703.896,4016386.0,9429.293,44.64431,,,,,,
1783537703.897,4016391.0,9428.411,44.646858,,,,,,
1783537703.897,4016396.0,9429.158,44.644699,,,,,,
1783537703.898,4016401.0,9429.666,44.64061,,,,,,
1783537703.899,4016406.0,9429.463,44.641193,,,,,,
1783537703.900,4016411.0,9428.953,44.64267,,,,,,
1783537703.900,4016416.0,9429.53,44.640999,,,,,,
1783537703.901,4016421.0,9428.716,44.643353,,,,,,
1783537703.902,4016426.0,9428.105,44.642502,,,,,,
1783537703.903,4016431.0,9428.14,44.642403,,,,,,
1783537703.903,4016436.0,9428.717,44.640736,,,,,,
1783537703.904,4016441.0,9428.072,44.64259,,,,,,
1783537703.905,4016446.0,9428.445,44.64151,,,,,,
1783537703.906,4016451.0,9428.887,44.645485,,,,,,
1783537703.907,4016456.0,9428.648,44.646172,,,,,,
1783537703.908,4016461.0,9428.852,44.645588,,,,,,
1783537703.909,4016466.0,9429.326,44.646839,,,,,,
1783537703.909,4016471.0,9429.529,44.648876,,,,,,
1783537703.910,4016476.0,9429.226,44.649754,,,,,,
1783537703.911,4016481.0,9429.836,44.647991,,,,,,
1783537703.912,4016486.0,9429.7,44.651009,,,,,,
1783537703.912,4016491.0,9429.361,44.649361,,,,,,
1783537703.913,4016496.0,9428.92,44.648014,,,,,,
1783537703.914,4016501.0,9429.089,44.644901,,,,,,
1783537703.915,4016506.0,9428.31,44.647152,,,,,,
1783537703.915,4016511.0,9427.428,44.647076,,,,,,
1783537703.916,4016516.0,9427.666,44.646389,,,,,,
1783537703.917,4016521.0,9426.75,44.646416,,,,,,
1783537703.918,4016526.0,9425.802,44.646534,,,,,,
1783537703.919,4016531.0,9425.394,44.645096,,,,,,
1783537703.919,4016536.0,9425.768,44.641392,,,,,,
1783537703.920,4016541.0,9424.174,44.643372,,,,,,
1783537703.921,4016546.0,9424.141,44.646084,,,,,,
1783537703.923,4016551.0,9424.039,44.649002,,,,,,
1783537703.923,4016556.0,9423.869,44.649494,,,,,,
1783537703.924,4016561.0,9423.124,44.651646,,,,,,
1783537703.925,4016566.0,9424.311,44.648224,,,,,,
1783537703.926,4016571.0,9424.581,44.644817,,,,,,
1783537704.061,4016576.0,9424.683,44.641899,,,,,,
1783537704.062,4016581.0,9425.156,44.640533,,,,,,
1783537704.062,4016586.0,9425.056,44.64344,,,,,,
1783537704.063,4016591.0,9423.904,44.646767,,,,,,
1783537704.064,4016596.0,9423.802,44.647064,,,,,,
1783537704.064,4016601.0,9424.345,44.6455,,,,,,
1783537704.065,4016606.0,9423.734,44.647266,,,,,,
1783537704.066,4016611.0,9423.396,44.645618,,,,,,
1783537704.066,4016616.0,9423.701,44.644737,,,,,,
1783537704.067,4016621.0,9423.26,44.646011,,,,,,
1783537704.067,4016626.0,9421.904,44.647305,,,,,,
1783537704.068,4016631.0,9421.77,44.647694,,,,,,
1783537704.069,4016636.0,9421.635,44.645462,,,,,,
1783537704.069,4016641.0,9420.821,44.647812,,,,,,
1783537704.070,4016646.0,9420.178,44.647053,,,,,,
1783537704.070,4016651.0,9419.975,44.650261,,,,,,
1783537704.071,4016656.0,9419.026,44.650379,,,,,,
1783537704.072,4016661.0,9418.283,44.652523,,,,,,
1783537704.074,4016666.0,9418.419,44.649509,,,,,,
1783537704.074,4016671.0,9417.606,44.651859,,,,,,
1783537704.075,4016676.0,9416.861,44.648769,,,,,,
1783537704.076,4016681.0,9416.727,44.646534,,,,,,
1783537704.076,4016686.0,9415.678,44.646942,,,,,,
1783537704.077,4016691.0,9413.92,44.649403,,,,,,
1783537704.078,4016696.0,9413.717,44.647369,,,,,,
1783537704.078,4016701.0,9413.311,44.648544,,,,,,
1783537704.079,4016706.0,9412.162,44.651859,,,,,,
1783537704.079,4016711.0,9411.993,44.652348,,,,,,
1783537704.080,4016716.0,9412.838,44.64991,,,,,,
1783537704.081,4016721.0,9412.602,44.647972,,,,,,
1783537704.081,4016726.0,9411.825,44.647591,,,,,,
1783537704.082,4016731.0,9411.757,44.647789,,,,,,
1783537704.325,4016736.0,9411.825,44.647594,,,,,,
1783537704.326,4016741.0,9411.453,44.64867,,,,,,
1783537704.327,4016746.0,9410.676,44.653534,,,,,,
1783537704.328,4016751.0,9411.216,44.654594,,,,,,
1783537704.329,4016756.0,9411.014,44.655178,,,,,,
1783537704.330,4016761.0,9410.811,44.653145,,,,,,
1783537704.331,4016766.0,9410.743,44.653339,,,,,,
1783537704.332,4016771.0,9411.317,44.649059,,,,,,
1783537704.333,4016776.0,9411.014,44.649937,,,,,,
1783537704.333,4016781.0,9411.08,44.649746,,,,,,
1783537704.334,4016786.0,9411.283,44.651779,,,,,,
1783537704.335,4016791.0,9410.506,44.651405,,,,,,
1783537704.336,4016796.0,9410.203,44.6549,,,,,,
1783537704.337,4016801.0,9410.439,44.651596,,,,,,
1783537704.338,4016806.0,9410.979,44.650036,,,,,,
1783537704.338,4016811.0,9410.845,44.647808,,,,,,
1783537704.339,4016816.0,9411.993,44.644482,,,,,,
1783537704.340,4016821.0,9412.195,44.643906,,,,,,
1783537704.341,4016826.0,9411.893,44.6474,,,,,,
1783537704.343,4016831.0,9411.892,44.644783,,,,,,
1783537704.344,4016836.0,9412.027,44.644386,,,,,,
1783537704.344,4016841.0,9410.709,44.650818,,,,,,
1783537704.345,4016846.0,9409.83,44.650742,,,,,,
1783537704.346,4016851.0,9409.695,44.651131,,,,,,
1783537704.347,4016856.0,9409.324,44.652203,,,,,,
1783537704.348,4016861.0,9409.594,44.654041,,,,,,
1783537704.349,4016866.0,9410.776,44.650623,,,,,,
1783537704.349,4016871.0,9411.588,44.648277,,,,,,
1783537704.350,4016876.0,9411.25,44.646629,,,,,,
1783537704.351,4016881.0,9411.352,44.646336,,,,,,
1783537704.353,4016886.0,9411.014,44.644695,,,,,,
1783537704.354,4016891.0,9409.696,44.645882,,,,,,
1783537704.354,4016896.0,9409.526,44.646374,,,,,,
1783537704.356,4016901.0,9410.541,44.64344,,,,,,
1783537704.357,4016906.0,9410.068,44.64743,,,,,,
1783537704.357,4016911.0,9410.034,44.65015,,,,,,
1783537704.358,4016916.0,9411.419,44.646149,,,,,,
1783537704.359,4016921.0,9411.317,44.646435,,,,,,
1783537704.360,4016926.0,9410.574,44.648582,,,,,,
1783537704.361,4016931.0,9410.846,44.647808,,,,,,
1783537704.361,4016936.0,9410.979,44.647419,,,,,,
1783537704.362,4016941.0,9409.865,44.650639,,,,,,
1783537704.363,4016946.0,9410.405,44.651695,,,,,,
1783537704.364,4016951.0,9411.25,44.649254,,,,,,
1783537704.364,4016956.0,9411.283,44.646534,,,,,,
1783537704.365,4016961.0,9411.014,44.644695,,,,,,
1783537704.366,4016966.0,9412.061,44.64167,,,,,,
1783537704.367,4016971.0,9411.724,44.642651,,,,,,
1783537704.367,4016976.0,9410.608,44.64587,,,,,,
1783537704.368,4016981.0,9410.643,44.648396,,,,,,
1783537704.369,4016986.0,9410.405,44.649078,,,,,,
1783537704.370,4016991.0,9409.596,44.654034,,,,,,
1783537704.370,4016996.0,9409.494,44.651711,,,,,,
1783537704.371,4017001.0,9410.404,44.651699,,,,,,
1783537704.372,4017006.0,9410.169,44.649761,,,,,,
1783537704.373,4017011.0,9410.338,44.65189,,,,,,
1783537704.374,4017016.0,9411.318,44.649059,,,,,,
1783537704.375,4017021.0,9411.655,44.650703,,,,,,
1783537704.506,4017026.0,9411.048,44.652462,,,,,,
1783537704.508,4017031.0,9411.352,44.651581,,,,,,
1783537704.509,4017036.0,9411.724,44.650509,,,,,,
1783537704.510,4017041.0,9410.304,44.651989,,,,,,
1783537704.511,4017046.0,9410.574,44.648582,,,,,,
1783537704.512,4017051.0,9410.845,44.645184,,,,,,
1783537704.513,4017056.0,9410.776,44.645382,,,,,,
1783537704.514,4017061.0,9410.404,44.646461,,,,,,
1783537704.515,4017066.0,9411.418,44.646152,,,,,,
1783537704.516,4017071.0,9410.777,44.648003,,,,,,
1783537704.517,4017076.0,9410.034,44.652767,,,,,,
1783537704.518,4017081.0,9410.202,44.652283,,,,,,
1783537704.518,4017086.0,9410.405,44.651695,,,,,,
1783537704.519,4017091.0,9409.427,44.651905,,,,,,
1783537704.520,4017096.0,9409.527,44.651608,,,,,,
1783537704.521,4017101.0,9410.405,44.646454,,,,,,
1783537704.522,4017106.0,9410.541,44.646061,,,,,,
1783537704.524,4017111.0,9410.945,44.644897,,,,,,
1783537704.524,4017116.0,9411.857,44.642262,,,,,,
1783537704.525,4017121.0,9412.297,44.640987,,,,,,
1783537704.526,4017126.0,9411.858,44.642258,,,,,,
1783537704.527,4017131.0,9411.385,44.646248,,,,,,
1783537704.528,4017136.0,9410.608,44.64587,,,,,,
1783537704.529,4017141.0,9409.797,44.650837,,,,,,
1783537704.529,4017146.0,9409.798,44.65345,,,,,,
1783537704.530,4017151.0,9410.135,44.652477,,,,,,
1783537704.531,4017156.0,9409.933,44.653061,,,,,,
1783537704.532,4017161.0,9410.27,44.652088,,,,,,
1783537704.533,4017166.0,9411.352,44.64896,,,,,,
1783537704.534,4017171.0,9410.439,44.648979,,,,,,
1783537704.535,4017176.0,9410.574,44.651207,,,,,,
1783537704.536,4017181.0,9410.945,44.647518,,,,,,
1783537704.537,4017186.0,9411.115,44.649643,,,,,,
1783537704.792,4017191.0,9409.967,44.652962,,,,,,
1783537704.793,4017196.0,9410.405,44.651695,,,,,,
1783537704.794,4017201.0,9410.404,44.651699,,,,,,
1783537704.795,4017206.0,9410.404,44.651699,,,,,,
1783537704.795,4017211.0,9410.439,44.648972,,,,,,
1783537704.796,4017216.0,9411.723,44.645271,,,,,,
1783537704.797,4017221.0,9411.554,44.64576,,,,,,
1783537704.798,4017226.0,9410.607,44.648495,,,,,,
1783537704.799,4017231.0,9410.541,44.648685,,,,,,
1783537704.799,4017236.0,9410.271,44.652084,,,,,,
1783537704.800,4017241.0,9408.986,44.653179,,,,,,
1783537704.801,4017246.0,9409.291,44.65229,,,,,,
1783537704.802,4017251.0,9410.473,44.648884,,,,,,
1783537704.802,4017256.0,9410.034,44.65015,,,,,,
1783537704.803,4017261.0,9410.271,44.646843,,,,,,
1783537704.804,4017266.0,9411.081,44.644501,,,,,,
1783537704.805,4017271.0,9410.643,44.645771,,,,,,
1783537704.806,4017276.0,9409.729,44.64579,,,,,,
1783537704.807,4017281.0,9410.404,44.646461,,,,,,
1783537704.808,4017286.0,9410.371,44.649178,,,,,,
1783537704.809,4017291.0,9409.595,44.654037,,,,,,
1783537704.809,4017296.0,9410.0,44.652866,,,,,,
1783537704.811,4017301.0,9410.709,44.650814,,,,,,
1783537704.812,4017306.0,9410.743,44.648094,,,,,,
1783537704.813,4017311.0,9410.607,44.64587,,,,,,
1783537704.814,4017316.0,9411.791,44.642456,,,,,,
1783537704.814,4017321.0,9411.79,44.642456,,,,,,
1783537704.815,4017326.0,9411.654,44.64547,,,,,,
1783537704.816,4017331.0,9411.621,44.648182,,,,,,
1783537704.817,4017336.0,9411.317,44.649059,,,,,,
1783537704.817,4017341.0,9410.033,44.650146,,,,,,
1783537704.818,4017346.0,9410.033,44.650146,,,,,,
1783537704.819,4017351.0,9410.507,44.64616,,,,,,
1783537704.820,4017356.0,9410.643,44.64315,,,,,,
1783537704.820,4017361.0,9410.643,44.64315,,,,,,
1783537704.822,4017366.0,9411.588,44.640415,,,,,,
1783537704.823,4017371.0,9411.217,44.644115,,,,,,
1783537704.823,4017376.0,9410.304,44.646751,,,,,,
1783537704.824,4017381.0,9409.865,44.650639,,,,,,
1783537704.825,4017386.0,9410.338,44.65189,,,,,,
1783537704.827,4017391.0,9409.257,44.655014,,,,,,
1783537704.827,4017396.0,9409.662,44.651218,,,,,,
1783537704.828,4017401.0,9410.17,44.649754,,,,,,
1783537704.829,4017406.0,9410.338,44.646648,,,,,,
1783537704.830,4017411.0,9410.236,44.644321,,,,,,
1783537704.830,4017416.0,9411.385,44.641003,,,,,,
1783537704.831,4017421.0,9411.453,44.640808,,,,,,
1783537704.832,4017426.0,9410.643,44.64315,,,,,,
1783537704.833,4017431.0,9409.865,44.645393,,,,,,
1783537704.834,4017436.0,9409.527,44.64637,,,,,,
1783537704.834,4017441.0,9408.38,44.652309,,,,,,
1783537704.835,4017446.0,9408.276,44.652611,,,,,,
1783537704.836,4017451.0,9409.459,44.649189,,,,,,
1783537704.837,4017456.0,9410.135,44.647236,,,,,,
1783537704.838,4017461.0,9410.541,44.648685,,,,,,
1783537704.839,4017466.0,9412.061,44.641674,,,,,,
1783537704.840,4017471.0,9412.026,44.641769,,,,,,
1783537704.840,4017476.0,9411.148,44.644306,,,,,,
1783537704.842,4017481.0,9411.385,44.643623,,,,,,
1783537704.843,4017486.0,9411.824,44.642357,,,,,,
1783537704.843,4017491.0,9410.811,44.645287,,,,,,
1783537704.996,4017496.0,9410.878,44.645088,,,,,,
1783537704.998,4017501.0,9411.148,44.644306,,,,,,
1783537704.999,4017506.0,9410.979,44.647419,,,,,,
1783537705.001,4017511.0,9410.709,44.64558,,,,,,
1783537705.003,4017516.0,9411.756,44.642551,,,,,,
1783537705.004,4017521.0,9411.757,44.642548,,,,,,
1783537705.006,4017526.0,9411.791,44.642452,,,,,,
1783537705.007,4017531.0,9411.689,44.640125,,,,,,
1783537705.008,4017536.0,9411.654,44.642849,,,,,,
1783537705.009,4017541.0,9410.236,44.649567,,,,,,
1783537705.009,4017546.0,9409.865,44.653255,,,,,,
1783537705.010,4017551.0,9409.966,44.655586,,,,,,
1783537705.011,4017556.0,9410.101,44.655197,,,,,,
1783537705.012,4017561.0,9409.764,44.653545,,,,,,
1783537705.013,4017566.0,9411.25,44.649254,,,,,,
1783537705.014,4017571.0,9411.622,44.645565,,,,,,
1783537705.014,4017576.0,9411.318,44.643818,,,,,,
1783537705.015,4017581.0,9411.352,44.643719,,,,,,
1783537705.016,4017586.0,9411.588,44.643036,,,,,,
1783537705.017,4017591.0,9409.798,44.648212,,,,,,
1783537705.017,4017596.0,9409.595,44.651421,,,,,,
1783537705.018,4017601.0,9410.034,44.652767,,,,,,
1783537705.019,4017606.0,9409.966,44.652966,,,,,,
1783537705.020,4017611.0,9409.494,44.654324,,,,,,
1783537705.021,4017616.0,9410.811,44.6479,,,,,,
1783537705.022,4017621.0,9410.507,44.648785,,,,,,
1783537705.023,4017626.0,9409.933,44.647823,,,,,,
1783537705.024,4017631.0,9410.102,44.649956,,,,,,
1783537705.024,4017636.0,9409.999,44.650253,,,,,,
1783537705.025,4017641.0,9409.425,44.651905,,,,,,
1783537705.026,4017646.0,9409.729,44.648407,,,,,,
1783537705.027,4017651.0,9410.474,44.64888,,,,,,
1783537705.027,4017656.0,9410.271,44.649467,,,,,,
1783537705.028,4017661.0,9410.135,44.64986,,,,,,
1783537705.029,4017666.0,9411.115,44.647018,,,,,,
1783537705.030,4017671.0,9411.047,44.647217,,,,,,
1783537705.030,4017676.0,9410.574,44.645966,,,,,,
1783537705.258,4017681.0,9410.474,44.643635,,,,,,
1783537705.259,4017686.0,9411.183,44.641586,,,,,,
1783537705.260,4017691.0,9409.967,44.6451,,,,,,
1783537705.261,4017696.0,9410.135,44.64724,,,,,,
1783537705.262,4017701.0,9410.574,44.645969,,,,,,
1783537705.263,4017706.0,9410.201,44.647045,,,,,,
1783537705.264,4017711.0,9410.135,44.647236,,,,,,
1783537705.264,4017716.0,9410.912,44.644989,,,,,,
1783537705.265,4017721.0,9410.439,44.646358,,,,,,
1783537705.266,4017726.0,9409.696,44.648506,,,,,,
1783537705.267,4017731.0,9410.506,44.646164,,,,,,
1783537705.268,4017736.0,9410.743,44.645477,,,,,,
1783537705.269,4017741.0,9409.562,44.651516,,,,,,
1783537705.269,4017746.0,9409.697,44.651127,,,,,,
1783537705.270,4017751.0,9410.102,44.652573,,,,,,
1783537705.271,4017756.0,9409.899,44.653156,,,,,,
1783537705.272,4017761.0,9409.392,44.657246,,,,,,
1783537705.273,4017766.0,9411.047,44.649841,,,,,,
1783537705.274,4017771.0,9411.284,44.646534,,,,,,
1783537705.275,4017776.0,9410.643,44.645771,,,,,,
1783537705.275,4017781.0,9410.406,44.649078,,,,,,
1783537705.276,4017786.0,9410.879,44.645088,,,,,,
1783537705.277,4017791.0,9409.393,44.64938,,,,,,
1783537705.278,4017796.0,9410.271,44.646843,,,,,,
1783537705.279,4017801.0,9411.115,44.644402,,,,,,
1783537705.280,4017806.0,9410.776,44.642761,,,,,,
1783537705.280,4017811.0,9410.304,44.644127,,,,,,
1783537705.281,4017816.0,9411.554,44.640514,,,,,,
1783537705.282,4017821.0,9410.946,44.642269,,,,,,
1783537705.283,4017826.0,9410.439,44.643734,,,,,,
1783537705.283,4017831.0,9410.945,44.644897,,,,,,
1783537705.284,4017836.0,9411.385,44.646248,,,,,,
1783537705.285,4017841.0,9409.764,44.650932,,,,,,
1783537705.286,4017846.0,9409.561,44.651512,,,,,,
1783537705.286,4017851.0,9409.967,44.650337,,,,,,
1783537705.287,4017856.0,9409.561,44.65152,,,,,,
1783537705.288,4017861.0,9409.257,44.652397,,,,,,
1783537705.289,4017866.0,9410.845,44.647808,,,,,,
1783537705.289,4017871.0,9411.216,44.646729,,,,,,
1783537705.290,4017876.0,9410.744,44.648094,,,,,,
1783537705.291,4017881.0,9410.405,44.649078,,,,,,
1783537705.291,4017886.0,9410.607,44.645874,,,,,,
1783537705.292,4017891.0,9409.427,44.649281,,,,,,
1783537705.293,4017896.0,9409.054,44.652985,,,,,,
1783537705.293,4017901.0,9409.933,44.650444,,,,,,
1783537705.294,4017906.0,9410.338,44.646648,,,,,,
1783537705.294,4017911.0,9410.473,44.646259,,,,,,
1783537705.295,4017916.0,9411.79,44.642452,,,,,,
1783537705.296,4017921.0,9411.554,44.643139,,,,,,
1783537705.297,4017926.0,9410.811,44.645287,,,,,,
1783537705.297,4017931.0,9410.878,44.647713,,,,,,
1783537705.298,4017936.0,9410.643,44.651012,,,,,,
1783537705.299,4017941.0,9409.122,44.658024,,,,,,
1783537705.299,4017946.0,9409.156,44.655304,,,,,,
1783537705.429,4017951.0,9409.189,44.657829,,,,,,
1783537705.430,4017956.0,9409.189,44.657829,,,,,,
1783537705.431,4017961.0,9408.886,44.656086,,,,,,
1783537705.432,4017966.0,9410.71,44.64819,,,,,,
1783537705.433,4017971.0,9410.541,44.651302,,,,,,
1783537705.433,4017976.0,9410.508,44.648785,,,,,,
1783537705.434,4017981.0,9410.643,44.645771,,,,,,
1783537705.435,4017986.0,9410.912,44.644989,,,,,,
1783537705.435,4017991.0,9409.596,44.648792,,,,,,
1783537705.436,4017996.0,9410.067,44.647434,,,,,,
1783537705.437,4018001.0,9410.338,44.646652,,,,,,
1783537705.438,4018006.0,9410.203,44.649662,,,,,,
1783537705.439,4018011.0,9410.169,44.649761,,,,,,
1783537705.440,4018016.0,9410.709,44.650818,,,,,,
1783537705.441,4018021.0,9410.304,44.649372,,,,,,
1783537705.442,4018026.0,9409.797,44.650829,,,,,,
1783537705.443,4018031.0,9409.898,44.650543,,,,,,
1783537705.444,4018036.0,9409.527,44.654232,,,,,,
1783537705.445,4018041.0,9408.177,44.655518,,,,,,
1783537705.446,4018046.0,9408.21,44.655415,,,,,,
1783537705.447,4018051.0,9409.19,44.65258,,,,,,
1783537705.447,4018056.0,9409.46,44.649185,,,,,,
1783537705.448,4018061.0,9409.662,44.645981,,,,,,
1783537705.449,4018066.0,9411.115,44.641781,,,,,,
1783537705.449,4018071.0,9411.419,44.643528,,,,,,
1783537705.450,4018076.0,9410.271,44.649467,,,,,,
1783537705.451,4018081.0,9410.033,44.650154,,,,,,
1783537705.452,4018086.0,9409.865,44.650631,,,,,,
1783537705.452,4018091.0,9408.615,44.656868,,,,,,
1783537705.453,4018096.0,9408.48,44.65464,,,,,,
1783537705.454,4018101.0,9408.987,44.650551,,,,,,
1783537705.674,4018106.0,9408.953,44.65065,,,,,,
1783537705.675,4018111.0,9409.122,44.650162,,,,,,
1783537705.676,4018116.0,9410.845,44.642563,,,,,,
1783537705.677,4018121.0,9410.71,44.642952,,,,,,
1783537705.678,4018126.0,9410.17,44.644516,,,,,,
1783537705.679,4018131.0,9410.271,44.644222,,,,,,
1783537705.679,4018136.0,9410.439,44.643734,,,,,,
1783537705.680,4018141.0,9409.29,44.649681,,,,,,
1783537705.681,4018146.0,9409.764,44.650932,,,,,,
1783537705.682,4018151.0,9410.573,44.648594,,,,,,
1783537705.683,4018156.0,9410.439,44.648972,,,,,,
1783537705.684,4018161.0,9410.607,44.648487,,,,,,
1783537705.684,4018166.0,9411.486,44.645954,,,,,,
1783537705.685,4018171.0,9411.453,44.643433,,,,,,
1783537705.686,4018176.0,9410.743,44.648102,,,,,,
1783537705.687,4018181.0,9410.744,44.648102,,,,,,
1783537705.688,4018186.0,9410.338,44.649265,,,,,,
1783537705.689,4018191.0,9408.986,44.650555,,,,,,
1783537705.690,4018196.0,9408.615,44.654251,,,,,,
1783537705.691,4018201.0,9409.189,44.649971,,,,,,
1783537705.692,4018206.0,9408.92,44.650745,,,,,,
1783537705.693,4018211.0,9409.021,44.650452,,,,,,
1783537705.693,4018216.0,9410.271,44.649467,,,,,,
1783537705.694,4018221.0,9410.607,44.645874,,,,,,
1783537705.695,4018226.0,9410.573,44.645969,,,,,,
1783537705.696,4018231.0,9410.944,44.644897,,,,,,
1783537705.697,4018236.0,9410.742,44.645481,,,,,,
1783537705.697,4018241.0,9409.662,44.645981,,,,,,
1783537705.698,4018246.0,9409.392,44.646763,,,,,,
1783537705.699,4018251.0,9409.527,44.64637,,,,,,
1783537705.700,4018256.0,9409.223,44.647251,,,,,,
1783537705.700,4018261.0,9408.952,44.648033,,,,,,
1783537705.701,4018266.0,9410.777,44.642757,,,,,,
1783537705.702,4018271.0,9410.677,44.643051,,,,,,
1783537705.703,4018276.0,9410.305,44.644123,,,,,,
1783537705.703,4018281.0,9410.778,44.642757,,,,,,
1783537705.704,4018286.0,9411.725,44.640022,,,,,,
1783537705.705,4018291.0,9409.697,44.645882,,,,,,
1783537705.705,4018296.0,9409.967,44.6451,,,,,,
1783537705.706,4018301.0,9410.608,44.643246,,,,,,
1783537705.707,4018306.0,9411.081,44.644505,,,,,,
1783537705.708,4018311.0,9410.744,44.645481,,,,,,
1783537705.708,4018316.0,9411.823,44.642357,,,,,,
1783537705.709,4018321.0,9411.419,44.646149,,,,,,
1783537705.709,4018326.0,9410.743,44.648102,,,,,,
1783537705.710,4018331.0,9409.966,44.647724,,,,,,
1783537705.711,4018336.0,9409.695,44.648506,,,,,,
1783537705.711,4018341.0,9408.75,44.651237,,,,,,
1783537705.712,4018346.0,9408.919,44.650753,,,,,,
1783537705.713,4018351.0,9409.054,44.650364,,,,,,
1783537705.713,4018356.0,9409.021,44.650455,,,,,,
1783537705.714,4018361.0,9408.549,44.654442,,,,,,
1783537705.842,4018366.0,9409.696,44.651127,,,,,,
1783537705.843,4018371.0,9410.033,44.64753,,,,,,
1783537705.844,4018376.0,9409.798,44.648209,,,,,,
1783537705.844,4018381.0,9410.102,44.647331,,,,,,
1783537705.845,4018386.0,9411.148,44.64431,,,,,,
1783537705.846,4018391.0,9409.933,44.650444,,,,,,
1783537705.846,4018396.0,9409.764,44.650932,,,,,,
1783537705.847,4018401.0,9410.541,44.648678,,,,,,
1783537705.847,4018406.0,9410.271,44.64946,,,,,,
1783537705.848,4018411.0,9410.0,44.647625,,,,,,
1783537705.849,4018416.0,9411.351,44.641102,,,,,,
1783537705.849,4018421.0,9411.047,44.641979,,,,,,
1783537705.850,4018426.0,9409.898,44.645298,,,,,,
1783537705.851,4018431.0,9409.967,44.6451,,,,,,
1783537705.851,4018436.0,9409.831,44.645493,,,,,,
1783537705.852,4018441.0,9408.581,44.65173,,,,,,
1783537705.852,4018446.0,9408.717,44.651337,,,,,,
1783537705.853,4018451.0,9409.73,44.648403,,,,,,
1783537705.854,4018456.0,9409.798,44.648209,,,,,,
1783537705.856,4018461.0,9409.831,44.650738,,,,,,
1783537705.856,4018466.0,9410.776,44.645386,,,,,,
1783537705.857,4018471.0,9410.304,44.646748,,,,,,
1783537705.858,4018476.0,9409.021,44.650452,,,,,,
1783537705.859,4018481.0,9409.358,44.649479,,,,,,
1783537705.860,4018486.0,9409.325,44.646954,,,,,,
1783537705.860,4018491.0,9408.312,44.649883,,,,,,
1783537705.861,4018496.0,9409.156,44.647442,,,,,,
1783537705.862,4018501.0,9410.541,44.64344,,,,,,
1783537705.862,4018506.0,9410.203,44.644417,,,,,,
1783537705.863,4018511.0,9410.439,44.643734,,,,,,
1783537706.108,4018516.0,9411.857,44.639637,,,,,,
1783537706.109,4018521.0,9411.216,44.641491,,,,,,
1783537706.110,4018526.0,9410.169,44.644516,,,,,,
1783537706.112,4018531.0,9410.033,44.644909,,,,,,
1783537706.112,4018536.0,9409.662,44.645981,,,,,,
1783537706.113,4018541.0,9408.346,44.649784,,,,,,
1783537706.114,4018546.0,9408.852,44.648323,,,,,,
1783537706.115,4018551.0,9409.865,44.648018,,,,,,
1783537706.116,4018556.0,9409.561,44.648899,,,,,,
1783537706.117,4018561.0,9410.068,44.650051,,,,,,
1783537706.117,4018566.0,9411.183,44.646832,,,,,,
1783537706.118,4018571.0,9410.845,44.6478,,,,,,
1783537706.119,4018576.0,9410.202,44.647041,,,,,,
1783537706.120,4018581.0,9410.811,44.647907,,,,,,
1783537706.121,4018586.0,9410.743,44.645481,,,,,,
1783537706.121,4018591.0,9409.357,44.649483,,,,,,
1783537706.123,4018596.0,9409.729,44.648407,,,,,,
1783537706.124,4018601.0,9410.067,44.650055,,,,,,
1783537706.125,4018606.0,9409.528,44.648994,,,,,,
1783537706.125,4018611.0,9409.797,44.648212,,,,,,
1783537706.126,4018616.0,9411.554,44.64576,,,,,,
1783537706.127,4018621.0,9411.183,44.646832,,,,,,
1783537706.128,4018626.0,9410.136,44.647232,,,,,,
1783537706.129,4018631.0,9410.339,44.649273,,,,,,
1783537706.130,4018636.0,9409.596,44.651417,,,,,,
1783537706.130,4018641.0,9407.873,44.65377,,,,,,
1783537706.131,4018646.0,9408.413,44.65221,,,,,,
1783537706.132,4018651.0,9409.358,44.649479,,,,,,
1783537706.133,4018656.0,9409.459,44.649193,,,,,,
1783537706.134,4018661.0,9409.967,44.647724,,,,,,
1783537706.134,4018666.0,9411.521,44.645855,,,,,,
1783537706.135,4018671.0,9411.014,44.649937,,,,,,
1783537706.136,4018676.0,9410.574,44.651207,,,,,,
1783537706.137,4018681.0,9410.709,44.648193,,,,,,
1783537706.138,4018686.0,9410.506,44.648781,,,,,,
1783537706.139,4018691.0,9409.189,44.652592,,,,,,
1783537706.140,4018696.0,9409.055,44.652981,,,,,,
1783537706.141,4018701.0,9410.067,44.650055,,,,,,
1783537706.142,4018706.0,9410.169,44.649754,,,,,,
1783537706.143,4018711.0,9409.899,44.650532,,,,,,
1783537706.143,4018716.0,9411.453,44.643429,,,,,,
1783537706.144,4018721.0,9411.824,44.639732,,,,,,
1783537706.145,4018726.0,9411.352,44.641098,,,,,,
1783537706.146,4018731.0,9411.689,44.64275,,,,,,
1783537706.147,4018736.0,9411.893,44.642162,,,,,,
1783537706.148,4018741.0,9410.068,44.647427,,,,,,
1783537706.148,4018746.0,9409.898,44.647919,,,,,,
1783537706.149,4018751.0,9410.643,44.645771,,,,,,
1783537706.150,4018756.0,9409.663,44.645977,,,,,,
1783537706.151,4018761.0,9409.494,44.64909,,,,,,
1783537706.152,4018766.0,9411.048,44.644604,,,,,,
1783537706.152,4018771.0,9411.014,44.64732,,,,,,
1783537706.153,4018776.0,9409.73,44.651028,,,,,,
1783537706.154,4018781.0,9410.236,44.652184,,,,,,
1783537706.155,4018786.0,9409.899,44.653156,,,,,,
1783537706.156,4018791.0,9408.514,44.657162,,,,,,
1783537706.157,4018796.0,9408.886,44.653461,,,,,,
1783537706.158,4018801.0,9409.662,44.651218,,,,,,
1783537706.158,4018806.0,9409.154,44.652695,,,,,,
1783537706.291,4018811.0,9409.561,44.648899,,,,,,
1783537706.292,4018816.0,9410.675,44.645676,,,,,,
1783537706.293,4018821.0,9410.371,44.646553,,,,,,
1783537706.294,4018826.0,9409.729,44.651031,,,,,,
1783537706.295,4018831.0,9410.574,44.645969,,,,,,
1783537706.296,4018836.0,9410.811,44.647907,,,,,,
1783537706.297,4018841.0,9410.169,44.652378,,,,,,
1783537706.298,4018846.0,9410.607,44.653732,,,,,,
1783537706.299,4018851.0,9410.912,44.65023,,,,,,
1783537706.299,4018856.0,9410.303,44.651989,,,,,,
1783537706.300,4018861.0,9409.695,44.651123,,,,,,
1783537706.301,4018866.0,9410.607,44.64587,,,,,,
1783537706.302,4018871.0,9410.608,44.643246,,,,,,
1783537706.302,4018876.0,9410.068,44.644806,,,,,,
1783537706.303,4018881.0,9410.338,44.644028,,,,,,
1783537706.305,4018886.0,9411.148,44.641685,,,,,,
1783537706.306,4018891.0,9409.83,44.648121,,,,,,
1783537706.308,4018896.0,9409.459,44.651814,,,,,,
1783537706.308,4018901.0,9410.305,44.649368,,,,,,
1783537706.309,4018906.0,9410.034,44.652767,,,,,,
1783537706.310,4018911.0,9409.764,44.653549,,,,,,
1783537706.311,4018916.0,9410.607,44.648487,,,,,,
1783537706.312,4018921.0,9410.743,44.645477,,,,,,
1783537706.313,4018926.0,9410.338,44.646648,,,,,,
1783537706.314,4018931.0,9410.709,44.642956,,,,,,
1783537706.315,4018936.0,9410.303,44.646755,,,,,,
1783537706.316,4018941.0,9409.256,44.64978,,,,,,
1783537706.317,4018946.0,9409.088,44.652885,,,,,,
1783537706.318,4018951.0,9409.257,44.652397,,,,,,
1783537706.319,4018956.0,9409.291,44.65229,,,,,,
1783537706.319,4018961.0,9409.323,44.649582,,,,,,
1783537706.320,4018966.0,9410.27,44.649471,,,,,,
1783537706.574,4018971.0,9410.338,44.646652,,,,,,
1783537706.575,4018976.0,9409.932,44.650448,,,,,,
1783537706.576,4018981.0,9409.798,44.650833,,,,,,
1783537706.577,4018986.0,9409.966,44.650341,,,,,,
1783537706.578,4018991.0,9409.459,44.649189,,,,,,
1783537706.579,4018996.0,9409.662,44.648602,,,,,,
1783537706.580,4019001.0,9410.338,44.646652,,,,,,
1783537706.580,4019006.0,9409.83,44.648121,,,,,,
1783537706.581,4019011.0,9410.067,44.64743,,,,,,
1783537706.582,4019016.0,9410.743,44.648102,,,,,,
1783537706.583,4019021.0,9410.102,44.649956,,,,,,
1783537706.584,4019026.0,9409.629,44.651321,,,,,,
1783537706.585,4019031.0,9410.135,44.64986,,,,,,
1783537706.585,4019036.0,9409.729,44.653648,,,,,,
1783537706.586,4019041.0,9408.582,44.654346,,,,,,
1783537706.588,4019046.0,9408.717,44.65395,,,,,,
1783537706.589,4019051.0,9409.224,44.652493,,,,,,
1783537706.590,4019056.0,9408.953,44.653275,,,,,,
1783537706.591,4019061.0,9409.055,44.650356,,,,,,
1783537706.591,4019066.0,9410.338,44.646648,,,,,,
1783537706.592,4019071.0,9410.102,44.647331,,,,,,
1783537706.593,4019076.0,9409.021,44.647835,,,,,,
1783537706.594,4019081.0,9409.088,44.650265,,,,,,
1783537706.595,4019086.0,9409.527,44.648994,,,,,,
1783537706.595,4019091.0,9408.784,44.653763,,,,,,
1783537706.597,4019096.0,9409.561,44.65152,,,,,,
1783537706.597,4019101.0,9410.643,44.648388,,,,,,
1783537706.598,4019106.0,9410.811,44.647907,,,,,,
1783537706.599,4019111.0,9410.642,44.648396,,,,,,
1783537706.600,4019116.0,9411.756,44.642551,,,,,,
1783537706.601,4019121.0,9411.959,44.641964,,,,,,
1783537706.602,4019126.0,9411.182,44.644211,,,,,,
1783537706.602,4019131.0,9411.386,44.643627,,,,,,
1783537706.603,4019136.0,9411.115,44.644405,,,,,,
1783537706.604,4019141.0,9409.797,44.648212,,,,,,
1783537706.605,4019146.0,9408.92,44.650745,,,,,,
1783537706.606,4019151.0,9409.427,44.651905,,,,,,
1783537706.607,4019156.0,9409.156,44.650066,,,,,,
1783537706.608,4019161.0,9409.427,44.649281,,,,,,
1783537706.608,4019166.0,9410.677,44.645672,,,,,,
1783537706.609,4019171.0,9410.541,44.646061,,,,,,
1783537706.610,4019176.0,9410.103,44.647335,,,,,,
1783537706.611,4019181.0,9410.305,44.646748,,,,,,
1783537706.612,4019186.0,9410.405,44.646454,,,,,,
1783537706.613,4019191.0,9409.054,44.65036,,,,,,
1783537706.614,4019196.0,9409.628,44.651325,,,,,,
1783537706.615,4019201.0,9409.898,44.647923,,,,,,
1783537706.615,4019206.0,9409.967,44.650345,,,,,,
1783537706.616,4019211.0,9409.257,44.652397,,,,,,
1783537706.617,4019216.0,9410.811,44.6479,,,,,,
1783537706.618,4019221.0,9410.912,44.644989,,,,,,
1783537706.619,4019226.0,9410.237,44.646938,,,,,,
1783537706.620,4019231.0,9409.799,44.648212,,,,,,
1783537706.621,4019236.0,9410.001,44.647629,,,,,,
1783537706.622,4019241.0,9408.378,44.652313,,,,,,
1783537706.623,4019246.0,9408.581,44.65435,,,,,,
1783537706.623,4019251.0,9409.595,44.651421,,,,,,
1783537706.624,4019256.0,9409.865,44.650639,,,,,,
1783537706.625,4019261.0,9410.236,44.649567,,,,,,
1783537706.626,4019266.0,9411.757,44.645164,,,,,,
1783537706.627,4019271.0,9411.217,44.644112,,,,,,
1783537706.628,4019276.0,9410.574,44.645966,,,,,,
1783537706.757,4019281.0,9410.371,44.646557,,,,,,
1783537706.757,4019286.0,9410.202,44.647045,,,,,,
1783537706.758,4019291.0,9408.952,44.650654,,,,,,
1783537706.759,4019296.0,9409.324,44.649578,,,,,,
1783537706.760,4019301.0,9410.067,44.64743,,,,,,
1783537706.760,4019306.0,9410.371,44.646557,,,,,,
1783537706.762,4019311.0,9410.506,44.646168,,,,,,
1783537706.763,4019316.0,9411.283,44.643917,,,,,,
1783537706.765,4019321.0,9410.945,44.644894,,,,,,
1783537706.767,4019326.0,9410.135,44.647236,,,,,,
1783537706.767,4019331.0,9410.135,44.644615,,,,,,
1783537706.769,4019336.0,9410.303,44.644131,,,,,,
1783537706.770,4019341.0,9409.324,44.649582,,,,,,
1783537706.772,4019346.0,9409.628,44.648705,,,,,,
1783537706.773,4019351.0,9410.405,44.646454,,,,,,
1783537706.774,4019356.0,9410.304,44.646748,,,,,,
1783537706.774,4019361.0,9410.0,44.647625,,,,,,
1783537706.775,4019366.0,9411.216,44.641491,,,,,,
1783537706.776,4019371.0,9411.047,44.644604,,,,,,
1783537706.776,4019376.0,9410.067,44.647434,,,,,,
1783537706.777,4019381.0,9409.695,44.648506,,,,,,
1783537706.777,4019386.0,9409.729,44.651031,,,,,,
1783537706.778,4019391.0,9408.412,44.654839,,,,,,
1783537706.779,4019396.0,9408.514,44.65192,,,,,,
1783537706.779,4019401.0,9409.291,44.649673,,,,,,
1783537706.780,4019406.0,9409.628,44.648701,,,,,,
1783537706.781,4019411.0,9409.324,44.649582,,,,,,
1783537706.781,4019416.0,9410.506,44.646168,,,,,,
1783537706.782,4019421.0,9410.271,44.646843,,,,,,
1783537706.783,4019426.0,9409.291,44.649673,,,,,,
1783537706.783,4019431.0,9409.189,44.649967,,,,,,
1783537707.024,4019436.0,9409.189,44.649971,,,,,,
1783537707.025,4019441.0,9407.737,44.656788,,,,,,
1783537707.026,4019446.0,9407.365,44.657864,,,,,,
1783537707.027,4019451.0,9408.108,44.655708,,,,,,
1783537707.027,4019456.0,9408.107,44.658337,,,,,,
1783537707.028,4019461.0,9408.412,44.654839,,,,,,
1783537707.029,4019466.0,9409.966,44.647724,,,,,,
1783537707.030,4019471.0,9410.506,44.646164,,,,,,
1783537707.031,4019476.0,9410.202,44.647041,,,,,,
1783537707.032,4019481.0,9409.967,44.6451,,,,,,
1783537707.033,4019486.0,9410.0,44.647629,,,,,,
1783537707.034,4019491.0,9408.717,44.653957,,,,,,
1783537707.034,4019496.0,9408.853,44.653564,,,,,,
1783537707.035,4019501.0,9409.73,44.65102,,,,,,
1783537707.036,4019506.0,9410.271,44.64946,,,,,,
1783537707.037,4019511.0,9409.628,44.648701,,,,,,
1783537707.039,4019516.0,9410.506,44.643543,,,,,,
1783537707.041,4019521.0,9410.033,44.644909,,,,,,
1783537707.042,4019526.0,9408.919,44.648129,,,,,,
1783537707.043,4019531.0,9408.717,44.648712,,,,,,
1783537707.044,4019536.0,9409.426,44.646664,,,,,,
1783537707.045,4019541.0,9408.581,44.65173,,,,,,
1783537707.045,4019546.0,9408.683,44.651436,,,,,,
1783537707.046,4019551.0,9409.527,44.648991,,,,,,
1783537707.047,4019556.0,9409.223,44.649872,,,,,,
1783537707.048,4019561.0,9408.852,44.650944,,,,,,
1783537707.049,4019566.0,9410.236,44.644321,,,,,,
1783537707.050,4019571.0,9410.101,44.647339,,,,,,
1783537707.050,4019576.0,9409.628,44.648705,,,,,,
1783537707.052,4019581.0,9409.865,44.648014,,,,,,
1783537707.053,4019586.0,9410.271,44.649467,,,,,,
1783537707.055,4019591.0,9408.92,44.65337,,,,,,
1783537707.056,4019596.0,9409.459,44.651814,,,,,,
1783537707.057,4019601.0,9410.0,44.650249,,,,,,
1783537707.058,4019606.0,9410.0,44.650242,,,,,,
1783537707.059,4019611.0,9409.325,44.652199,,,,,,
1783537707.060,4019616.0,9410.879,44.650326,,,,,,
1783537707.061,4019621.0,9410.643,44.651012,,,,,,
1783537707.062,4019626.0,9409.799,44.65345,,,,,,
1783537707.064,4019631.0,9409.697,44.65374,,,,,,
1783537707.065,4019636.0,9410.406,44.649071,,,,,,
1783537707.066,4019641.0,9408.986,44.650555,,,,,,
1783537707.067,4019646.0,9409.562,44.648895,,,,,,
1783537707.068,4019651.0,9410.743,44.645481,,,,,,
1783537707.069,4019656.0,9410.744,44.645477,,,,,,
1783537707.069,4019661.0,9410.643,44.645771,,,,,,
1783537707.070,4019666.0,9412.026,44.641769,,,,,,
1783537707.071,4019671.0,9410.946,44.642269,,,,,,
1783537707.072,4019676.0,9410.102,44.644711,,,,,,
1783537707.073,4019681.0,9410.203,44.644417,,,,,,
1783537707.074,4019686.0,9410.541,44.646065,,,,,,
1783537707.075,4019691.0,9408.953,44.650654,,,,,,
1783537707.076,4019696.0,9409.729,44.648407,,,,,,
1783537707.076,4019701.0,9410.304,44.646748,,,,,,
1783537707.077,4019706.0,9410.236,44.649567,,,,,,
1783537707.078,4019711.0,9409.898,44.647923,,,,,,
1783537707.078,4019716.0,9410.945,44.647518,,,,,,
1783537707.079,4019721.0,9410.439,44.648979,,,,,,
1783537707.080,4019726.0,9409.865,44.650631,,,,,,
1783537707.234,4019731.0,9409.629,44.651321,,,,,,
1783537707.235,4019736.0,9409.662,44.651226,,,,,,
1783537707.236,4019741.0,9408.784,44.651138,,,,,,
1783537707.236,4019746.0,9409.392,44.652008,,,,,,
1783537707.238,4019751.0,9409.864,44.650642,,,,,,
1783537707.239,4019756.0,9410.169,44.647137,,,,,,
1783537707.241,4019761.0,9410.202,44.649666,,,,,,
1783537707.242,4019766.0,9411.284,44.646542,,,,,,
1783537707.243,4019771.0,9411.081,44.644501,,,,,,
1783537707.244,4019776.0,9410.607,44.64587,,,,,,
1783537707.245,4019781.0,9411.014,44.644695,,,,,,
1783537707.246,4019786.0,9410.811,44.642662,,,,,,
1783537707.247,4019791.0,9409.831,44.645493,,,,,,
1783537707.248,4019796.0,9409.662,44.648605,,,,,,
1783537707.249,4019801.0,9410.575,44.645969,,,,,,
1783537707.251,4019806.0,9410.643,44.648396,,,,,,
1783537707.252,4019811.0,9411.081,44.649742,,,,,,
1783537707.253,4019816.0,9412.229,44.646423,,,,,,
1783537707.253,4019821.0,9412.196,44.643898,,,,,,
1783537707.254,4019826.0,9411.217,44.649353,,,,,,
1783537707.255,4019831.0,9410.608,44.651108,,,,,,
1783537707.256,4019836.0,9410.676,44.648296,,,,,,
1783537707.257,4019841.0,9409.629,44.651314,,,,,,
1783537707.258,4019846.0,9409.898,44.650536,,,,,,
1783537707.259,4019851.0,9410.643,44.645771,,,,,,
1783537707.260,4019856.0,9410.474,44.646259,,,,,,
1783537707.260,4019861.0,9410.034,44.64753,,,,,,
1783537707.261,4019866.0,9410.845,44.647808,,,,,,
1783537707.262,4019871.0,9410.709,44.648201,,,,,,
1783537707.263,4019876.0,9409.594,44.651417,,,,,,
1783537707.264,4019881.0,9410.202,44.647041,,,,,,
1783537707.265,4019886.0,9410.506,44.648788,,,,,,
1783537707.265,4019891.0,9409.224,44.649872,,,,,,
1783537707.266,4019896.0,9409.122,44.650162,,,,,,
1783537707.267,4019901.0,9410.372,44.649174,,,,,,
1783537707.268,4019906.0,9410.169,44.649761,,,,,,
1783537707.269,4019911.0,9409.966,44.647724,,,,,,
1783537707.269,4019916.0,9411.351,44.643723,,,,,,
1783537707.540,4019921.0,9411.824,44.642353,,,,,,
1783537707.542,4019926.0,9411.014,44.644699,,,,,,
1783537707.542,4019931.0,9410.811,44.645287,,,,,,
1783537707.543,4019936.0,9411.115,44.647026,,,,,,
1783537707.544,4019941.0,9409.898,44.650543,,,,,,
1783537707.545,4019946.0,9409.898,44.650536,,,,,,
1783537707.546,4019951.0,9410.068,44.650051,,,,,,
1783537707.547,4019956.0,9410.371,44.649178,,,,,,
1783537707.548,4019961.0,9409.661,44.648605,,,,,,
1783537707.549,4019966.0,9410.506,44.646164,,,,,,
1783537707.550,4019971.0,9409.932,44.647823,,,,,,
1783537707.551,4019976.0,9409.392,44.646763,,,,,,
1783537707.552,4019981.0,9408.919,44.648129,,,,,,
1783537707.552,4019986.0,9409.695,44.645885,,,,,,
1783537707.553,4019991.0,9408.92,44.650749,,,,,,
1783537707.554,4019996.0,9409.46,44.649189,,,,,,
1783537707.555,4020001.0,9410.372,44.646549,,,,,,
1783537707.557,4020006.0,9410.777,44.645378,,,,,,
1783537707.557,4020011.0,9410.202,44.647041,,,,,,
1783537707.558,4020016.0,9411.216,44.641491,,,,,,
1783537707.559,4020021.0,9411.115,44.641781,,,,,,
1783537707.560,4020026.0,9410.541,44.64344,,,,,,
1783537707.561,4020031.0,9410.541,44.646065,,,,,,
1783537707.562,4020036.0,9411.014,44.644699,,,,,,
1783537707.562,4020041.0,9410.201,44.647045,,,,,,
1783537707.563,4020046.0,9409.966,44.650349,,,,,,
1783537707.564,4020051.0,9410.203,44.649662,,,,,,
1783537707.565,4020056.0,9410.033,44.64753,,,,,,
1783537707.566,4020061.0,9410.067,44.650055,,,,,,
1783537707.567,4020066.0,9411.149,44.646931,,,,,,
1783537707.568,4020071.0,9410.979,44.644794,,,,,,
1783537707.569,4020076.0,9410.439,44.646355,,,,,,
1783537707.569,4020081.0,9410.507,44.648785,,,,,,
1783537707.570,4020086.0,9409.629,44.651321,,,,,,
1783537707.571,4020091.0,9408.177,44.655518,,,,,,
1783537707.572,4020096.0,9407.906,44.656292,,,,,,
1783537707.573,4020101.0,9408.92,44.653362,,,,,,
1783537707.573,4020106.0,9409.189,44.649967,,,,,,
1783537707.574,4020111.0,9409.358,44.646858,,,,,,
1783537707.575,4020116.0,9410.541,44.646065,,,,,,
1783537707.576,4020121.0,9410.912,44.644993,,,,,,
1783537707.577,4020126.0,9410.033,44.650154,,,,,,
1783537707.577,4020131.0,9409.764,44.650932,,,,,,
1783537707.578,4020136.0,9409.932,44.653065,,,,,,
1783537707.579,4020141.0,9408.986,44.653179,,,,,,
1783537707.580,4020146.0,9409.155,44.652683,,,,,,
1783537707.581,4020151.0,9410.575,44.645966,,,,,,
1783537707.582,4020156.0,9410.643,44.645771,,,,,,
1783537707.582,4020161.0,9411.014,44.642075,,,,,,
1783537707.583,4020166.0,9412.128,44.638855,,,,,,
1783537707.584,4020171.0,9412.297,44.638367,,,,,,
1783537707.585,4020176.0,9410.776,44.642761,,,,,,
1783537707.585,4020181.0,9410.574,44.645969,,,,,,
1783537707.586,4020186.0,9410.643,44.645775,,,,,,
1783537707.587,4020191.0,9409.798,44.650833,,,,,,
1783537707.588,4020196.0,9409.459,44.65443,,,,,,
1783537707.589,4020201.0,9410.608,44.653728,,,,,,
1783537707.590,4020206.0,9410.573,44.651211,,,,,,
1783537707.591,4020211.0,9410.54,44.653927,,,,,,
1783537707.592,4020216.0,9411.114,44.649647,,,,,,
1783537707.592,4020221.0,9411.182,44.646828,,,,,,
1783537707.593,4020226.0,9410.304,44.649372,,,,,,
1783537707.594,4020231.0,9410.473,44.648884,,,,,,
1783537707.595,4020236.0,9410.404,44.646458,,,,,,
1783537707.595,4020241.0,9409.494,44.649086,,,,,,
1783537707.739,4020246.0,9409.325,44.649574,,,,,,
1783537707.740,4020251.0,9410.439,44.643734,,,,,,
1783537707.740,4020256.0,9410.17,44.644516,,,,,,
1783537707.741,4020261.0,9409.899,44.645294,,,,,,
1783537707.742,4020266.0,9410.98,44.644798,,,,,,
1783537707.742,4020271.0,9410.979,44.644798,,,,,,
1783537707.743,4020276.0,9409.764,44.648308,,,,,,
1783537707.744,4020281.0,9410.135,44.647236,,,,,,
1783537707.744,4020286.0,9410.878,44.645088,,,,,,
1783537707.745,4020291.0,9410.169,44.647141,,,,,,
1783537707.746,4020296.0,9410.37,44.646561,,,,,,
1783537707.746,4020301.0,9411.521,44.645855,,,,,,
1783537707.747,4020306.0,9411.553,44.645763,,,,,,
1783537707.748,4020311.0,9411.182,44.649452,,,,,,
1783537707.748,4020316.0,9412.061,44.644295,,,,,,
1783537707.749,4020321.0,9411.823,44.644974,,,,,,
1783537707.750,4020326.0,9410.236,44.646942,,,,,,
1783537707.750,4020331.0,9410.271,44.646843,,,,,,
1783537707.751,4020336.0,9409.831,44.648117,,,,,,
1783537707.752,4020341.0,9408.378,44.654938,,,,,,
1783537707.753,4020346.0,9408.784,44.653763,,,,,,
1783537707.754,4020351.0,9410.744,44.648094,,,,,,
1783537707.754,4020356.0,9410.305,44.649361,,,,,,
1783537707.755,4020361.0,9410.17,44.649761,,,,,,
1783537707.756,4020366.0,9411.656,44.642845,,,,,,
1783537707.757,4020371.0,9410.98,44.647419,,,,,,
1783537707.758,4020376.0,9409.596,44.654034,,,,,,
1783537707.759,4020381.0,9410.102,44.652573,,,,,,
1783537707.759,4020386.0,9410.541,44.651302,,,,,,
1783537707.760,4020391.0,9409.325,44.657436,,,,,,
1783537707.761,4020396.0,9410.0,44.655487,,,,,,
1783537707.761,4020401.0,9410.474,44.651497,,,,,,
1783537707.762,4020406.0,9410.169,44.652374,,,,,,
1783537707.992,4020411.0,9410.135,44.649853,,,,,,
1783537707.993,4020416.0,9411.182,44.644211,,,,,,
1783537707.994,4020421.0,9410.878,44.642467,,,,,,
1783537707.994,4020426.0,9409.999,44.647633,,,,,,
1783537707.995,4020431.0,9410.0,44.650249,,,,,,
1783537707.996,4020436.0,9410.067,44.652672,,,,,,
1783537707.997,4020441.0,9409.357,44.654724,,,,,,
1783537707.997,4020446.0,9409.393,44.654617,,,,,,
1783537707.998,4020451.0,9410.439,44.648972,,,,,,
1783537707.999,4020456.0,9410.405,44.649078,,,,,,
1783537708.000,4020461.0,9410.067,44.647434,,,,,,
1783537708.001,4020466.0,9410.912,44.644989,,,,,,
1783537708.002,4020471.0,9410.676,44.645672,,,,,,
1783537708.003,4020476.0,9409.696,44.648502,,,,,,
1783537708.004,4020481.0,9409.662,44.645981,,,,,,
1783537708.005,4020486.0,9409.73,44.648407,,,,,,
1783537708.007,4020491.0,9408.615,44.654251,,,,,,
1783537708.008,4020496.0,9409.055,44.652981,,,,,,
1783537708.009,4020501.0,9410.236,44.649559,,,,,,
1783537708.010,4020506.0,9410.574,44.651207,,,,,,
1783537708.011,4020511.0,9411.014,44.64732,,,,,,
1783537708.012,4020516.0,9412.195,44.641281,,,,,,
1783537708.013,4020521.0,9412.398,44.643318,,,,,,
1783537708.013,4020526.0,9411.283,44.649158,,,,,,
1783537708.014,4020531.0,9411.148,44.646931,,,,,,
1783537708.015,4020536.0,9410.979,44.647411,,,,,,
1783537708.016,4020541.0,9409.594,44.651417,,,,,,
1783537708.017,4020546.0,9409.425,44.649288,,,,,,
1783537708.018,4020551.0,9410.574,44.643345,,,,,,
1783537708.018,4020556.0,9410.608,44.643246,,,,,,
1783537708.019,4020561.0,9410.776,44.642761,,,,,,
1783537708.020,4020566.0,9411.857,44.639637,,,,,,
1783537708.022,4020571.0,9411.756,44.639931,,,,,,
1783537708.023,4020576.0,9410.709,44.642956,,,,,,
1783537708.024,4020581.0,9410.54,44.643444,,,,,,
1783537708.025,4020586.0,9410.642,44.64315,,,,,,
1783537708.026,4020591.0,9409.764,44.648312,,,,,,
1783537708.027,4020596.0,9409.257,44.649776,,,,,,
1783537708.028,4020601.0,9410.304,44.649372,,,,,,
1783537708.029,4020606.0,9410.305,44.649368,,,,,,
1783537708.030,4020611.0,9409.764,44.653549,,,,,,
1783537708.031,4020616.0,9410.811,44.650524,,,,,,
1783537708.032,4020621.0,9411.114,44.649647,,,,,,
1783537708.033,4020626.0,9409.764,44.650925,,,,,,
1783537708.034,4020631.0,9409.933,44.653061,,,,,,
1783537708.034,4020636.0,9410.033,44.650154,,,,,,
1783537708.035,4020641.0,9408.886,44.650845,,,,,,
1783537708.036,4020646.0,9409.258,44.652393,,,,,,
1783537708.037,4020651.0,9410.643,44.651012,,,,,,
1783537708.038,4020656.0,9410.71,44.650814,,,,,,
1783537708.039,4020661.0,9410.811,44.650524,,,,,,
1783537708.040,4020666.0,9411.857,44.647495,,,,,,
1783537708.040,4020671.0,9411.723,44.645264,,,,,,
1783537708.041,4020676.0,9410.473,44.648884,,,,,,
1783537708.042,4020681.0,9410.338,44.649273,,,,,,
1783537708.043,4020686.0,9410.338,44.649273,,,,,,
1783537708.044,4020691.0,9409.596,44.651409,,,,,,
