timestamp_computer,timestamp,sensor1,sensor2,mag,width,crack_x,crack_size,serial out,response
1780417851.424,2036970.0,5175.103,9.262868,,,,,status,l_h=42.000000 c_f=220.000000 q=15.000000
1780417851.424,2036995.0,5174.983,9.262868,,,,,,
1780417851.425,2037020.0,5174.902,9.262868,,,,,,
1780417851.482,2037045.0,5174.935,9.262868,,,,,,
1780417851.482,2037070.0,5174.824,9.26263,,,,,,
1780417851.542,2037095.0,5174.804,9.26263,,,,,,
1780417851.543,2037120.0,5174.841,9.26263,,,,,,
1780417851.605,2037145.0,5174.836,9.26263,,,,,,
1780417851.606,2037170.0,5174.967,9.26263,,,,,,
1780417851.607,2037195.0,5174.942,9.262869,,,,,,
1780417851.671,2037220.0,5174.955,9.262869,,,,,,
1780417851.673,2037245.0,5175.028,9.262868,,,,,,
1780417851.685,2037270.0,5174.959,9.262868,,,,,,
1780417851.739,2037295.0,5175.016,9.262868,,,,,,
1780417851.740,2037320.0,5175.037,9.26263,,,,,,
1780417851.807,2037345.0,5175.105,9.26263,,,,,,
1780417851.809,2037370.0,5175.093,9.262868,,,,,,
1780417851.810,2037395.0,5175.244,9.262869,,,,,,
1780417851.856,2037420.0,5175.101,9.263107,,,,,,
1780417851.857,2037445.0,5174.995,9.263107,,,,,,
1780417851.910,2037470.0,5174.925,9.262868,,,,,,
1780417851.910,2037495.0,5174.942,9.262868,,,,,,
1780417851.974,2037520.0,5175.023,9.262868,,,,,,
1780417851.975,2037545.0,5175.15,9.262868,,,,,,
1780417851.975,2037570.0,5175.13,9.262868,,,,,,
1780417852.037,2037595.0,5175.098,9.262629,,,,,,
1780417852.038,2037620.0,5175.232,9.262629,,,,,,
1780417852.107,2037645.0,5175.224,9.26263,,,,,,
1780417852.107,2037670.0,5175.167,9.262629,,,,,,
1780417852.108,2037695.0,5175.208,9.262868,,,,,,
1780417852.157,2037720.0,5175.118,9.262868,,,,,,
1780417852.157,2037745.0,5175.122,9.262868,,,,,,
1780417852.224,2037770.0,5175.188,9.262868,,,,,,
1780417852.225,2037795.0,5175.097,9.262868,,,,,,
1780417852.225,2037820.0,5175.073,9.26263,,,,,,
1780417852.290,2037845.0,5174.995,9.262869,,,,,,
1780417852.291,2037870.0,5174.999,9.262868,,,,,,
1780417852.358,2037895.0,5175.007,9.262869,,,,,,
1780417852.359,2037920.0,5174.979,9.262868,,,,,,
1780417852.360,2037945.0,5174.852,9.263107,,,,,,
1780417852.425,2037970.0,5174.839,9.263107,,,,,,
1780417852.425,2037995.0,5174.827,9.26263,,,,,,
1780417852.426,2038020.0,5174.913,9.26263,,,,,,
1780417852.472,2038045.0,5175.007,9.26239,,,,,,
1780417852.473,2038070.0,5175.17,9.262151,,,,,,
1780417852.538,2038095.0,5175.154,9.262151,,,,,,
1780417852.539,2038120.0,5175.187,9.262151,,,,,,
1780417852.600,2038145.0,5175.15,9.262151,,,,,,
1780417852.601,2038170.0,5175.016,9.261911,,,,,,
1780417852.601,2038195.0,5175.028,9.261911,,,,,,
1780417852.658,2038220.0,5175.024,9.261911,,,,,,
1780417852.659,2038245.0,5175.037,9.261911,,,,,,
1780417852.731,2038270.0,5175.089,9.261911,,,,,,
1780417852.733,2038295.0,5175.16,9.261911,,,,,,
1780417852.734,2038320.0,5175.041,9.261911,,,,,,
1780417852.793,2038345.0,5175.11,9.261911,,,,,,
1780417852.793,2038370.0,5175.131,9.261911,,,,,,
1780417852.849,2038395.0,5175.073,9.261911,,,,,,
1780417852.859,2038420.0,5175.11,9.26215,,,,,,
1780417852.860,2038445.0,5175.094,9.262629,,,,,,
1780417852.907,2038470.0,5175.11,9.262389,,,,,,
1780417852.908,2038495.0,5175.139,9.262389,,,,,,
1780417852.923,2038520.0,5175.126,9.262389,,,,,,
1780417852.956,2038545.0,5175.094,9.262389,,,,,,
1780417852.980,2038570.0,5175.2,9.262389,,,,,,
1780417853.004,2038595.0,5175.216,9.262389,,,,,,
1780417853.027,2038620.0,5175.302,9.262629,,,,,,
1780417853.050,2038645.0,5175.265,9.262868,,,,,,
1780417853.074,2038670.0,5175.199,9.26263,,,,,,
1780417853.108,2038695.0,5175.118,9.262868,,,,,,
1780417853.132,2038720.0,5175.167,9.262869,,,,,,
1780417853.156,2038745.0,5175.15,9.262869,,,,,,
1780417853.180,2038770.0,5175.122,9.262869,,,,,,
1780417853.203,2038795.0,5175.134,9.262869,,,,,,
1780417853.226,2038820.0,5175.036,9.262869,,,,,,
1780417853.249,2038845.0,5175.052,9.26263,,,,,,
1780417853.283,2038870.0,5174.975,9.26263,,,,,,
1780417853.307,2038895.0,5175.069,9.26263,,,,,,
1780417853.390,2038920.0,5175.056,9.262869,,,,,status,l_h=42.000000 c_f=220.000000 q=15.000000
1780417853.391,2038945.0,5175.179,9.262869,,,,,,
1780417853.392,2038970.0,5175.052,9.262869,,,,,,
1780417853.440,2038995.0,5175.016,9.262869,,,,,,
1780417853.441,2039020.0,5175.003,9.26263,,,,,,
1780417853.489,2039045.0,5174.999,9.26239,,,,,,
1780417853.490,2039070.0,5175.064,9.262389,,,,,,
1780417853.538,2039095.0,5175.122,9.26263,,,,,,
1780417853.538,2039120.0,5175.196,9.262629,,,,,,
1780417853.606,2039145.0,5175.298,9.262629,,,,,,
1780417853.607,2039170.0,5175.327,9.26263,,,,,,
1780417853.607,2039195.0,5175.241,9.262629,,,,,,
1780417853.660,2039220.0,5175.27,9.262629,,,,,,
1780417853.660,2039245.0,5175.155,9.262629,,,,,,
1780417853.725,2039270.0,5175.069,9.262389,,,,,,
1780417853.726,2039295.0,5175.122,9.262629,,,,,,
1780417853.727,2039320.0,5175.171,9.262629,,,,,,
1780417853.790,2039345.0,5175.196,9.26263,,,,,,
1780417853.791,2039370.0,5175.322,9.262629,,,,,,
1780417853.857,2039395.0,5175.351,9.262629,,,,,,
1780417853.858,2039420.0,5175.334,9.262629,,,,,,
1780417853.859,2039445.0,5175.412,9.262629,,,,,,
1780417853.923,2039470.0,5175.375,9.263107,,,,,,
1780417853.924,2039495.0,5175.359,9.263107,,,,,,
1780417853.925,2039520.0,5175.306,9.263107,,,,,,
1780417853.975,2039545.0,5175.327,9.262868,,,,,,
1780417853.977,2039570.0,5175.307,9.263107,,,,,,
1780417854.037,2039595.0,5175.449,9.262869,,,,,,
1780417854.038,2039620.0,5175.355,9.262868,,,,,,
1780417854.101,2039645.0,5175.352,9.263108,,,,,,
1780417854.102,2039670.0,5175.38,9.263108,,,,,,
1780417854.103,2039695.0,5175.359,9.262869,,,,,,
1780417854.169,2039720.0,5175.412,9.26263,,,,,,
1780417854.170,2039745.0,5175.265,9.26263,,,,,,
1780417854.223,2039770.0,5175.256,9.262629,,,,,,
1780417854.232,2039795.0,5175.179,9.262629,,,,,,
1780417854.232,2039820.0,5175.241,9.262629,,,,,,
1780417854.285,2039845.0,5175.211,9.262629,,,,,,
1780417854.285,2039870.0,5175.232,9.26239,,,,,,
1780417854.352,2039895.0,5175.191,9.26239,,,,,,
1780417854.353,2039920.0,5175.191,9.26239,,,,,,
1780417854.354,2039945.0,5174.999,9.26239,,,,,,
1780417854.415,2039970.0,5175.04,9.26239,,,,,,
1780417854.416,2039995.0,5175.0,9.26239,,,,,,
1780417854.489,2040020.0,5175.052,9.26239,,,,,,
1780417854.489,2040045.0,5175.098,9.262389,,,,,,
1780417854.490,2040070.0,5175.02,9.262389,,,,,,
1780417854.551,2040095.0,5175.016,9.26215,,,,,,
1780417854.552,2040120.0,5175.02,9.26215,,,,,,
1780417854.552,2040145.0,5174.995,9.26215,,,,,,
1780417854.613,2040170.0,5174.946,9.26215,,,,,,
1780417854.614,2040195.0,5174.909,9.261911,,,,,,
1780417854.689,2040220.0,5174.942,9.26215,,,,,,
1780417854.690,2040245.0,5175.097,9.26215,,,,,,
1780417854.690,2040270.0,5175.081,9.26215,,,,,,
1780417854.738,2040295.0,5175.003,9.261911,,,,,,
1780417854.739,2040320.0,5175.093,9.261911,,,,,,
1780417854.801,2040345.0,5174.995,9.261911,,,,,,
1780417854.801,2040370.0,5175.068,9.261911,,,,,,
1780417854.801,2040395.0,5175.032,9.261911,,,,,,
1780417854.873,2040420.0,5175.142,9.261911,,,,,,
1780417854.873,2040445.0,5175.159,9.261911,,,,,,
1780417854.874,2040470.0,5175.118,9.261911,,,,,,
1780417854.940,2040495.0,5175.204,9.261911,,,,,,
1780417854.940,2040520.0,5175.33,9.262151,,,,,,
1780417855.023,2040545.0,5175.273,9.26215,,,,,,
1780417855.024,2040570.0,5175.412,9.262151,,,,,,
1780417855.024,2040595.0,5175.338,9.26215,,,,,,
1780417855.025,2040620.0,5175.31,9.262151,,,,,,
1780417855.072,2040645.0,5175.33,9.26215,,,,,,
1780417855.072,2040670.0,5175.388,9.26215,,,,,,
1780417855.123,2040695.0,5175.494,9.26215,,,,,,
1780417855.124,2040720.0,5175.457,9.26215,,,,,,
1780417855.186,2040745.0,5175.49,9.26215,,,,,,
1780417855.186,2040770.0,5175.367,9.262389,,,,,,
1780417855.239,2040795.0,5175.391,9.262389,,,,,,
1780417855.240,2040820.0,5175.416,9.26239,,,,,,
1780417855.304,2040845.0,5175.404,9.262389,,,,,,
1780417855.305,2040870.0,5175.29,9.262151,,,,,,
1780417855.306,2040895.0,5175.326,9.261911,,,,,,
1780417855.377,2040920.0,5175.392,9.262151,,,,,,
1780417855.377,2040945.0,5175.249,9.262151,,,,,,
1780417855.378,2040970.0,5175.204,9.262151,,,,,,
1780417855.446,2040995.0,5175.15,9.262151,,,,,,
1780417855.447,2041020.0,5175.105,9.26239,,,,,,
1780417855.448,2041045.0,5175.122,9.26239,,,,,,
1780417855.504,2041070.0,5175.126,9.262389,,,,,,
1780417855.505,2041095.0,5175.126,9.262389,,,,,,
1780417855.570,2041120.0,5175.073,9.262629,,,,,,
1780417855.572,2041145.0,5174.963,9.262389,,,,,,
1780417855.573,2041170.0,5174.922,9.262389,,,,,,
1780417855.636,2041195.0,5174.816,9.26263,,,,,,
1780417855.636,2041220.0,5174.889,9.26263,,,,,,
1780417855.690,2041245.0,5174.848,9.262629,,,,,,
1780417855.691,2041270.0,5174.803,9.262629,,,,,,
1780417855.753,2041295.0,5174.75,9.262868,,,,,,
1780417855.754,2041320.0,5174.819,9.263107,,,,,,
1780417855.755,2041345.0,5174.934,9.263107,,,,,,
1780417855.820,2041370.0,5174.971,9.263107,,,,,,
1780417855.821,2041395.0,5175.003,9.262868,,,,,,
1780417855.822,2041420.0,5175.032,9.262868,,,,,,
1780417855.891,2041445.0,5175.11,9.262868,,,,,,
1780417855.892,2041470.0,5175.134,9.262868,,,,,,
1780417855.946,2041495.0,5175.265,9.263107,,,,,,
1780417855.947,2041520.0,5175.155,9.263347,,,,,,
1780417855.948,2041545.0,5175.163,9.263347,,,,,,
1780417856.004,2041570.0,5175.163,9.263347,,,,,,
1780417856.006,2041595.0,5175.22,9.263347,,,,,,
1780417856.076,2041620.0,5175.216,9.263586,,,,,,
1780417856.077,2041645.0,5175.188,9.263347,,,,,,
1780417856.077,2041670.0,5175.126,9.263347,,,,,,
1780417856.127,2041695.0,5175.0,9.263586,,,,,,
1780417856.127,2041720.0,5175.053,9.263825,,,,,,
1780417856.192,2041745.0,5175.085,9.263825,,,,,,
1780417856.193,2041770.0,5175.093,9.264065,,,,,,
1780417856.256,2041795.0,5175.261,9.264065,,,,,,
1780417856.257,2041820.0,5175.363,9.263825,,,,,,
1780417856.257,2041845.0,5175.249,9.263825,,,,,,
1780417856.320,2041870.0,5175.265,9.263825,,,,,,
1780417856.321,2041895.0,5175.252,9.263825,,,,,,
1780417856.321,2041920.0,5175.244,9.263586,,,,,,
1780417856.386,2041945.0,5175.167,9.263347,,,,,,
1780417856.388,2041970.0,5175.199,9.263347,,,,,,
1780417856.444,2041995.0,5175.163,9.263347,,,,,,
1780417856.444,2042020.0,5175.264,9.263347,,,,,,
1780417856.505,2042045.0,5175.228,9.263347,,,,,,
1780417856.506,2042070.0,5175.064,9.263347,,,,,,
1780417856.507,2042095.0,5174.994,9.263347,,,,,,
1780417856.571,2042120.0,5174.958,9.263108,,,,,,
1780417856.572,2042145.0,5175.023,9.263108,,,,,,
1780417856.573,2042170.0,5174.954,9.263108,,,,,,
1780417856.636,2042195.0,5174.933,9.263108,,,,,,
1780417856.637,2042220.0,5174.946,9.263108,,,,,,
1780417856.697,2042245.0,5174.954,9.262869,,,,,,
1780417856.697,2042270.0,5174.873,9.262869,,,,,,
1780417856.698,2042295.0,5174.922,9.262868,,,,,,
1780417856.760,2042320.0,5174.999,9.262629,,,,,,
1780417856.761,2042345.0,5174.853,9.262389,,,,,,
1780417856.821,2042370.0,5174.714,9.262629,,,,,,
1780417856.821,2042395.0,5174.771,9.262389,,,,,,
1780417856.822,2042420.0,5174.709,9.262389,,,,,,
1780417856.878,2042445.0,5174.681,9.26239,,,,,,
1780417856.878,2042470.0,5174.729,9.262389,,,,,,
1780417856.945,2042495.0,5174.615,9.262389,,,,,,
1780417856.954,2042520.0,5174.538,9.262389,,,,,,
1780417856.955,2042545.0,5174.616,9.262389,,,,,,
1780417857.005,2042570.0,5174.64,9.262389,,,,,,
1780417857.005,2042595.0,5174.514,9.262389,,,,,,
1780417857.077,2042620.0,5174.439,9.262389,,,,,,
1780417857.077,2042645.0,5174.419,9.262151,,,,,,
1780417857.078,2042670.0,5174.391,9.262151,,,,,,
1780417857.141,2042695.0,5174.518,9.262151,,,,,,
1780417857.141,2042720.0,5174.521,9.262151,,,,,,
1780417857.197,2042745.0,5174.477,9.262151,,,,,,
1780417857.198,2042770.0,5174.505,9.262151,,,,,,
1780417857.199,2042795.0,5174.521,9.262151,,,,,,
1780417857.255,2042820.0,5174.485,9.262151,,,,,,
1780417857.256,2042845.0,5174.554,9.261911,,,,,,
1780417857.318,2042870.0,5174.652,9.261911,,,,,,
1780417857.319,2042895.0,5174.811,9.261672,,,,,,
1780417857.390,2042920.0,5174.75,9.261672,,,,,,
1780417857.390,2042945.0,5174.82,9.261672,,,,,,
1780417857.391,2042970.0,5174.979,9.261672,,,,,,
1780417857.454,2042995.0,5175.028,9.261433,,,,,,
1780417857.455,2043020.0,5175.064,9.261194,,,,,,
1780417857.455,2043045.0,5175.077,9.261194,,,,,,
1780417857.521,2043070.0,5175.093,9.261194,,,,,,
1780417857.523,2043095.0,5175.118,9.261194,,,,,,
1780417857.523,2043120.0,5175.282,9.260955,,,,,,
1780417857.593,2043145.0,5175.311,9.260955,,,,,,
1780417857.594,2043170.0,5175.199,9.260955,,,,,,
1780417857.644,2043195.0,5175.134,9.260955,,,,,,
1780417857.644,2043220.0,5175.163,9.260715,,,,,,
1780417857.721,2043245.0,5175.232,9.260715,,,,,,
1780417857.722,2043270.0,5175.257,9.260955,,,,,,
1780417857.723,2043295.0,5175.265,9.260955,,,,,,
1780417857.724,2043320.0,5175.207,9.260955,,,,,,
1780417857.771,2043345.0,5175.158,9.260955,,,,,,
1780417857.771,2043370.0,5175.167,9.261194,,,,,,
1780417857.835,2043395.0,5175.15,9.261193,,,,,,
1780417857.835,2043420.0,5175.175,9.261193,,,,,,
1780417857.897,2043445.0,5175.293,9.260955,,,,,,
1780417857.897,2043470.0,5175.159,9.261433,,,,,,
1780417857.898,2043495.0,5175.016,9.261433,,,,,,
1780417857.956,2043520.0,5175.061,9.261672,,,,,,
1780417857.957,2043545.0,5175.053,9.261672,,,,,,
1780417858.039,2043570.0,5175.023,9.261672,,,,,,
1780417858.039,2043595.0,5174.929,9.261911,,,,,,
1780417858.039,2043620.0,5174.93,9.261911,,,,,,
1780417858.091,2043645.0,5174.828,9.26215,,,,,,
1780417858.092,2043670.0,5174.746,9.26215,,,,,,
1780417858.157,2043695.0,5174.86,9.26215,,,,,,
1780417858.158,2043720.0,5174.884,9.26215,,,,,,
1780417858.159,2043745.0,5174.873,9.262389,,,,,,
1780417858.218,2043770.0,5174.995,9.26239,,,,,,
1780417858.218,2043795.0,5174.991,9.262389,,,,,,
1780417858.275,2043820.0,5174.942,9.262389,,,,,,
1780417858.276,2043845.0,5174.942,9.262629,,,,,,
1780417858.277,2043870.0,5174.869,9.262629,,,,,,
1780417858.336,2043895.0,5174.742,9.262629,,,,,,
1780417858.336,2043920.0,5174.783,9.262629,,,,,,
1780417858.391,2043945.0,5174.755,9.262629,,,,,,
1780417858.392,2043970.0,5174.869,9.262629,,,,,,
1780417858.456,2043995.0,5174.918,9.262629,,,,,,
1780417858.457,2044020.0,5174.861,9.262629,,,,,,
1780417858.458,2044045.0,5174.833,9.262629,,,,,,
1780417858.525,2044070.0,5174.849,9.262868,,,,,,
1780417858.526,2044095.0,5174.926,9.262629,,,,,,
1780417858.527,2044120.0,5174.963,9.262629,,,,,,
1780417858.592,2044145.0,5174.91,9.262629,,,,,,
1780417858.592,2044170.0,5174.877,9.262629,,,,,,
1780417858.642,2044195.0,5174.869,9.262629,,,,,,
1780417858.643,2044220.0,5174.869,9.262389,,,,,,
1780417858.715,2044245.0,5174.856,9.262389,,,,,,
1780417858.716,2044270.0,5174.783,9.262629,,,,,,
1780417858.716,2044295.0,5174.873,9.262629,,,,,,
1780417858.775,2044320.0,5174.755,9.262629,,,,,,
1780417858.776,2044345.0,5174.763,9.262868,,,,,,
1780417858.776,2044370.0,5174.759,9.262868,,,,,,
1780417858.835,2044395.0,5174.685,9.262868,,,,,,
1780417858.835,2044420.0,5174.705,9.262868,,,,,,
1780417858.891,2044445.0,5174.693,9.262868,,,,,,
1780417858.892,2044470.0,5174.665,9.262868,,,,,,
1780417858.961,2044495.0,5174.73,9.262868,,,,,,
1780417858.962,2044520.0,5174.844,9.262868,,,,,,
1780417858.962,2044545.0,5174.812,9.262868,,,,,,
1780417859.021,2044570.0,5174.865,9.262868,,,,,,
1780417859.022,2044595.0,5174.775,9.262868,,,,,,
1780417859.023,2044620.0,5174.733,9.262868,,,,,,
1780417859.084,2044645.0,5174.771,9.262868,,,,,,
1780417859.086,2044670.0,5174.746,9.263107,,,,,,
1780417859.156,2044695.0,5174.681,9.263107,,,,,,
1780417859.157,2044720.0,5174.681,9.263107,,,,,,
1780417859.157,2044745.0,5174.766,9.263107,,,,,,
1780417859.218,2044770.0,5174.787,9.263107,,,,,,
1780417859.219,2044795.0,5174.726,9.263107,,,,,,
1780417859.273,2044820.0,5174.722,9.263107,,,,,,
1780417859.275,2044845.0,5174.754,9.263107,,,,,,
1780417859.276,2044870.0,5174.832,9.263107,,,,,,
1780417859.337,2044895.0,5174.926,9.262868,,,,,,
1780417859.338,2044920.0,5174.897,9.262868,,,,,,
1780417859.400,2044945.0,5174.926,9.262868,,,,,,
1780417859.400,2044970.0,5174.869,9.262629,,,,,,
1780417859.400,2044995.0,5174.91,9.262629,,,,,,
1780417859.457,2045020.0,5174.861,9.262629,,,,,,
1780417859.457,2045045.0,5174.918,9.262629,,,,,,
1780417859.519,2045070.0,5175.073,9.26239,,,,,,
1780417859.520,2045095.0,5175.118,9.26239,,,,,,
1780417859.592,2045120.0,5175.089,9.26239,,,,,,
1780417859.593,2045145.0,5175.016,9.26239,,,,,,
1780417859.594,2045170.0,5174.975,9.26239,,,,,,
1780417859.650,2045195.0,5174.971,9.26239,,,,,,
1780417859.651,2045220.0,5174.955,9.26239,,,,,,
1780417859.652,2045245.0,5174.963,9.262151,,,,,,
1780417859.707,2045270.0,5174.983,9.26239,,,,,,
1780417859.708,2045295.0,5175.134,9.26215,,,,,,
1780417859.772,2045320.0,5175.053,9.262151,,,,,,
1780417859.773,2045345.0,5175.02,9.26215,,,,,,
1780417859.774,2045370.0,5174.951,9.261911,,,,,,
1780417859.836,2045395.0,5174.983,9.261672,,,,,,
1780417859.837,2045420.0,5175.159,9.261433,,,,,,
1780417859.908,2045445.0,5175.159,9.261194,,,,,,
1780417859.909,2045470.0,5175.131,9.261194,,,,,,
1780417859.910,2045495.0,5175.134,9.261194,,,,,,
1780417859.956,2045520.0,5175.114,9.261194,,,,,,
1780417859.956,2045545.0,5175.053,9.261194,,,,,,
1780417860.027,2045570.0,5175.041,9.260955,,,,,,
1780417860.027,2045595.0,5175.122,9.260955,,,,,,
1780417860.028,2045620.0,5175.04,9.260955,,,,,,
1780417860.091,2045645.0,5175.15,9.260955,,,,,,
1780417860.092,2045670.0,5175.081,9.260955,,,,,,
1780417860.144,2045695.0,5175.0,9.261194,,,,,,
1780417860.144,2045720.0,5175.069,9.261194,,,,,,
1780417860.219,2045745.0,5175.102,9.261194,,,,,,
1780417860.220,2045770.0,5175.2,9.261194,,,,,,
1780417860.221,2045795.0,5175.257,9.260955,,,,,,
1780417860.221,2045820.0,5175.257,9.260955,,,,,,
1780417860.272,2045845.0,5175.355,9.260955,,,,,,
1780417860.272,2045870.0,5175.29,9.261194,,,,,,
1780417860.331,2045895.0,5175.294,9.260955,,,,,,
1780417860.332,2045920.0,5175.163,9.260955,,,,,,
1780417860.403,2045945.0,5175.249,9.261194,,,,,,
1780417860.404,2045970.0,5175.27,9.261193,,,,,,
1780417860.405,2045995.0,5175.269,9.261433,,,,,,
1780417860.460,2046020.0,5175.22,9.261672,,,,,,
1780417860.461,2046045.0,5175.158,9.261911,,,,,,
1780417860.523,2046070.0,5175.175,9.26215,,,,,,
1780417860.525,2046095.0,5175.26,9.26215,,,,,,
1780417860.526,2046120.0,5175.224,9.261911,,,,,,
1780417860.587,2046145.0,5175.318,9.261911,,,,,,
1780417860.588,2046170.0,5175.44,9.261672,,,,,,
1780417860.661,2046195.0,5175.489,9.261911,,,,,,
1780417860.662,2046220.0,5175.44,9.261911,,,,,,
1780417860.662,2046245.0,5175.396,9.261911,,,,,,
1780417860.723,2046270.0,5175.236,9.261911,,,,,,
1780417860.724,2046295.0,5175.236,9.262151,,,,,,
1780417860.725,2046320.0,5175.302,9.262151,,,,,,
1780417860.791,2046345.0,5175.252,9.26215,,,,,,
1780417860.792,2046370.0,5175.253,9.26215,,,,,,
1780417860.856,2046395.0,5175.236,9.262389,,,,,,
1780417860.856,2046420.0,5175.184,9.262629,,,,,,
1780417860.857,2046445.0,5175.183,9.26263,,,,,,
1780417860.911,2046470.0,5175.089,9.262629,,,,,,
1780417860.912,2046495.0,5175.15,9.26239,,,,,,
1780417860.984,2046520.0,5175.204,9.26239,,,,,,
1780417860.985,2046545.0,5175.237,9.26239,,,,,,
1780417860.986,2046570.0,5175.273,9.26239,,,,,,
1780417861.038,2046595.0,5175.311,9.26263,,,,,,
1780417861.043,2046620.0,5175.4,9.262629,,,,,,
1780417861.107,2046645.0,5175.228,9.262629,,,,,,
1780417861.108,2046670.0,5175.15,9.262629,,,,,,
1780417861.110,2046695.0,5175.105,9.262629,,,,,,
1780417861.173,2046720.0,5175.077,9.262629,,,,,,
1780417861.174,2046745.0,5174.967,9.262868,,,,,,
1780417861.174,2046770.0,5174.906,9.26263,,,,,,
1780417861.227,2046795.0,5174.807,9.262869,,,,,,
1780417861.228,2046820.0,5174.733,9.263108,,,,,,
1780417861.288,2046845.0,5174.717,9.263108,,,,,,
1780417861.289,2046870.0,5174.742,9.263108,,,,,,
1780417861.359,2046895.0,5174.803,9.263107,,,,,,
1780417861.360,2046920.0,5174.758,9.262868,,,,,,
1780417861.360,2046945.0,5174.692,9.263107,,,,,,
1780417861.424,2046970.0,5174.647,9.263107,,,,,,
1780417861.426,2046995.0,5174.574,9.263107,,,,,,
1780417861.426,2047020.0,5174.529,9.262868,,,,,,
1780417861.474,2047045.0,5174.582,9.262868,,,,,,
1780417861.476,2047070.0,5174.488,9.262868,,,,,,
1780417861.543,2047095.0,5174.402,9.26263,,,,,,
1780417861.543,2047120.0,5174.447,9.262869,,,,,,
1780417861.600,2047145.0,5174.325,9.262869,,,,,,
1780417861.601,2047170.0,5174.325,9.262869,,,,,,
1780417861.601,2047195.0,5174.374,9.26263,,,,,,
1780417861.658,2047220.0,5174.333,9.26239,,,,,,
1780417861.659,2047245.0,5174.207,9.26239,,,,,,
1780417861.722,2047270.0,5174.37,9.262389,,,,,,
1780417861.723,2047295.0,5174.276,9.262389,,,,,,
1780417861.724,2047320.0,5174.268,9.262389,,,,,,
1780417861.787,2047345.0,5174.366,9.262389,,,,,,
1780417861.788,2047370.0,5174.419,9.262389,,,,,,
1780417861.850,2047395.0,5174.387,9.262629,,,,,,
1780417861.851,2047420.0,5174.35,9.26263,,,,,,
1780417861.851,2047445.0,5174.395,9.262389,,,,,,
1780417861.919,2047470.0,5174.48,9.262389,,,,,,
1780417861.919,2047495.0,5174.53,9.262389,,,,,,
1780417861.982,2047520.0,5174.473,9.262389,,,,,,
1780417861.982,2047545.0,5174.497,9.262389,,,,,,
1780417861.982,2047570.0,5174.518,9.26215,,,,,,
1780417862.051,2047595.0,5174.534,9.26215,,,,,,
1780417862.051,2047620.0,5174.668,9.26215,,,,,,
1780417862.052,2047645.0,5174.738,9.26215,,,,,,
1780417862.118,2047670.0,5174.812,9.261911,,,,,,
1780417862.118,2047695.0,5174.946,9.261672,,,,,,
1780417862.173,2047720.0,5175.101,9.261911,,,,,,
1780417862.174,2047745.0,5174.987,9.261911,,,,,,
1780417862.174,2047770.0,5175.02,9.261911,,,,,,
1780417862.242,2047795.0,5175.048,9.261911,,,,,,
1780417862.243,2047820.0,5174.926,9.261911,,,,,,
1780417862.301,2047845.0,5174.909,9.261911,,,,,,
1780417862.302,2047870.0,5174.885,9.261911,,,,,,
1780417862.302,2047895.0,5174.815,9.261911,,,,,,
1780417862.374,2047920.0,5174.926,9.261911,,,,,,
1780417862.375,2047945.0,5174.934,9.261911,,,,,,
1780417862.375,2047970.0,5174.864,9.261672,,,,,,
1780417862.426,2047995.0,5174.95,9.261433,,,,,,
1780417862.426,2048020.0,5175.003,9.261433,,,,,,
1780417862.490,2048045.0,5175.077,9.261433,,,,,,
1780417862.490,2048070.0,5175.044,9.261433,,,,,,
1780417862.550,2048095.0,5174.84,9.261672,,,,,,
1780417862.551,2048120.0,5174.815,9.261911,,,,,,
1780417862.551,2048145.0,5174.929,9.261911,,,,,,
1780417862.610,2048170.0,5174.925,9.261911,,,,,,
1780417862.610,2048195.0,5174.848,9.261911,,,,,,
1780417862.679,2048220.0,5174.766,9.261911,,,,,,
1780417862.679,2048245.0,5174.562,9.261911,,,,,,
1780417862.680,2048270.0,5174.484,9.261672,,,,,,
1780417862.746,2048295.0,5174.443,9.261911,,,,,,
1780417862.746,2048320.0,5174.448,9.261911,,,,,,
1780417862.747,2048345.0,5174.456,9.261911,,,,,,
1780417862.802,2048370.0,5174.484,9.262151,,,,,,
1780417862.802,2048395.0,5174.468,9.262151,,,,,,
1780417862.874,2048420.0,5174.505,9.262151,,,,,,
1780417862.874,2048445.0,5174.55,9.26215,,,,,,
1780417862.874,2048470.0,5174.656,9.26215,,,,,,
1780417862.928,2048495.0,5174.742,9.26215,,,,,,
1780417862.928,2048520.0,5174.791,9.26215,,,,,,
1780417863.000,2048545.0,5174.766,9.26215,,,,,,
1780417863.001,2048570.0,5174.791,9.26215,,,,,,
1780417863.001,2048595.0,5174.644,9.26239,,,,,,
1780417863.053,2048620.0,5174.685,9.262629,,,,,,
1780417863.054,2048645.0,5174.615,9.26263,,,,,,
1780417863.119,2048670.0,5174.603,9.26239,,,,,,
1780417863.120,2048695.0,5174.627,9.26239,,,,,,
1780417863.183,2048720.0,5174.844,9.262151,,,,,,
1780417863.183,2048745.0,5174.795,9.261672,,,,,,
1780417863.184,2048770.0,5174.865,9.261672,,,,,,
1780417863.242,2048795.0,5174.922,9.261672,,,,,,
1780417863.243,2048820.0,5174.951,9.261672,,,,,,
1780417863.304,2048845.0,5175.106,9.261672,,,,,,
1780417863.304,2048870.0,5175.15,9.261672,,,,,,
1780417863.304,2048895.0,5175.163,9.261911,,,,,,
1780417863.370,2048920.0,5175.159,9.261911,,,,,,
1780417863.370,2048945.0,5175.089,9.26215,,,,,,
1780417863.427,2048970.0,5175.012,9.26215,,,,,,
1780417863.428,2048995.0,5175.064,9.261911,,,,,,
1780417863.428,2049020.0,5175.171,9.261911,,,,,,
1780417863.489,2049045.0,5175.081,9.26215,,,,,,
1780417863.489,2049070.0,5175.093,9.262151,,,,,,
1780417863.550,2049095.0,5174.987,9.26215,,,,,,
1780417863.551,2049120.0,5174.942,9.261911,,,,,,
1780417863.551,2049145.0,5174.901,9.261911,,,,,,
1780417863.610,2049170.0,5174.954,9.261911,,,,,,
1780417863.611,2049195.0,5175.024,9.261911,,,,,,
1780417863.679,2049220.0,5175.179,9.261911,,,,,,
1780417863.680,2049245.0,5175.142,9.261911,,,,,,
1780417863.680,2049270.0,5175.122,9.261911,,,,,,
1780417863.737,2049295.0,5175.053,9.26215,,,,,,
1780417863.738,2049320.0,5175.04,9.26215,,,,,,
1780417863.801,2049345.0,5174.95,9.26215,,,,,,
1780417863.802,2049370.0,5174.995,9.262389,,,,,,
1780417863.802,2049395.0,5174.909,9.262389,,,,,,
1780417863.872,2049420.0,5174.881,9.262389,,,,,,
1780417863.872,2049445.0,5174.876,9.26263,,,,,,
1780417863.872,2049470.0,5174.733,9.262629,,,,,,
1780417863.928,2049495.0,5174.864,9.262389,,,,,,
1780417863.928,2049520.0,5174.832,9.26239,,,,,,
1780417863.996,2049545.0,5174.782,9.262151,,,,,,
1780417863.997,2049570.0,5174.856,9.262151,,,,,,
1780417863.997,2049595.0,5174.909,9.262151,,,,,,
1780417864.053,2049620.0,5174.921,9.262151,,,,,,
1780417864.054,2049645.0,5174.861,9.262151,,,,,,
1780417864.110,2049670.0,5174.828,9.261911,,,,,,
1780417864.111,2049695.0,5174.787,9.261672,,,,,,
1780417864.182,2049720.0,5174.808,9.261672,,,,,,
1780417864.182,2049745.0,5174.901,9.261911,,,,,,
1780417864.183,2049770.0,5174.918,9.261911,,,,,,
1780417864.237,2049795.0,5174.877,9.261911,,,,,,
1780417864.237,2049820.0,5174.799,9.261911,,,,,,
1780417864.302,2049845.0,5174.763,9.261911,,,,,,
1780417864.302,2049870.0,5174.681,9.261911,,,,,,
1780417864.303,2049895.0,5174.693,9.261911,,,,,,
1780417864.370,2049920.0,5174.676,9.261911,,,,,,
1780417864.371,2049945.0,5174.688,9.261911,,,,,,
1780417864.371,2049970.0,5174.66,9.261911,,,,,,
1780417864.426,2049995.0,5174.713,9.261911,,,,,,
1780417864.426,2050020.0,5174.668,9.261911,,,,,,
1780417864.488,2050045.0,5174.737,9.261911,,,,,,
1780417864.489,2050070.0,5174.856,9.261672,,,,,,
1780417864.553,2050095.0,5174.987,9.261672,,,,,,
1780417864.554,2050120.0,5174.815,9.261911,,,,,,
1780417864.554,2050145.0,5174.865,9.261911,,,,,,
1780417864.617,2050170.0,5174.824,9.26215,,,,,,
1780417864.618,2050195.0,5174.754,9.26215,,,,,,
1780417864.680,2050220.0,5174.795,9.26215,,,,,,
1780417864.681,2050245.0,5174.743,9.26215,,,,,,
1780417864.681,2050270.0,5174.743,9.26215,,,,,,
1780417864.737,2050295.0,5174.759,9.26215,,,,,,
1780417864.738,2050320.0,5174.808,9.262389,,,,,,
1780417864.801,2050345.0,5174.849,9.262389,,,,,,
1780417864.801,2050370.0,5174.922,9.262389,,,,,,
1780417864.801,2050395.0,5174.971,9.262389,,,,,,
1780417864.872,2050420.0,5174.996,9.262389,,,,,,
1780417864.872,2050445.0,5174.983,9.262389,,,,,,
1780417864.873,2050470.0,5174.971,9.262389,,,,,,
1780417864.937,2050495.0,5175.106,9.262389,,,,,,
1780417864.937,2050520.0,5175.191,9.262389,,,,,,
1780417864.992,2050545.0,5175.224,9.262151,,,,,,
1780417864.992,2050570.0,5175.224,9.262151,,,,,,
1780417865.055,2050595.0,5175.171,9.262151,,,,,,
1780417865.056,2050620.0,5175.057,9.262151,,,,,,
1780417865.056,2050645.0,5175.159,9.262151,,,,,,
1780417865.118,2050670.0,5175.163,9.262151,,,,,,
1780417865.127,2050695.0,5175.114,9.262151,,,,,,
1780417865.128,2050720.0,5175.061,9.26215,,,,,,
1780417865.174,2050745.0,5175.232,9.261911,,,,,,
1780417865.174,2050770.0,5175.245,9.261911,,,,,,
1780417865.235,2050795.0,5175.139,9.261911,,,,,,
1780417865.236,2050820.0,5175.118,9.261911,,,,,,
1780417865.306,2050845.0,5175.028,9.261911,,,,,,
1780417865.306,2050870.0,5175.003,9.261911,,,,,,
1780417865.306,2050895.0,5175.0,9.261911,,,,,,
1780417865.370,2050920.0,5175.073,9.261911,,,,,,
1780417865.371,2050945.0,5175.065,9.261911,,,,,,
1780417865.371,2050970.0,5174.992,9.261911,,,,,,
1780417865.439,2050995.0,5174.816,9.261911,,,,,,
1780417865.440,2051020.0,5174.738,9.261911,,,,,,
1780417865.487,2051045.0,5174.665,9.261911,,,,,,
1780417865.487,2051070.0,5174.628,9.262151,,,,,,
1780417865.558,2051095.0,5174.677,9.261911,,,,,,
1780417865.559,2051120.0,5174.546,9.261911,,,,,,
1780417865.559,2051145.0,5174.645,9.261911,,,,,,
1780417865.617,2051170.0,5174.71,9.262151,,,,,,
1780417865.618,2051195.0,5174.689,9.262151,,,,,,
1780417865.680,2051220.0,5174.722,9.261911,,,,,,
1780417865.681,2051245.0,5174.705,9.261911,,,,,,
1780417865.681,2051270.0,5174.518,9.261911,,,,,,
1780417865.738,2051295.0,5174.42,9.261911,,,,,,
1780417865.739,2051320.0,5174.342,9.261911,,,,,,
1780417865.800,2051345.0,5174.387,9.261911,,,,,,
1780417865.801,2051370.0,5174.305,9.262151,,,,,,
1780417865.801,2051395.0,5174.272,9.26215,,,,,,
1780417865.864,2051420.0,5174.382,9.262151,,,,,,
1780417865.864,2051445.0,5174.452,9.261911,,,,,,
1780417865.929,2051470.0,5174.509,9.261911,,,,,,
1780417865.929,2051495.0,5174.546,9.261911,,,,,,
1780417865.930,2051520.0,5174.53,9.261911,,,,,,
1780417865.992,2051545.0,5174.493,9.261672,,,,,,
1780417865.993,2051570.0,5174.542,9.261672,,,,,,
1780417866.048,2051595.0,5174.636,9.261672,,,,,,
1780417866.048,2051620.0,5174.697,9.261433,,,,,,
1780417866.049,2051645.0,5174.66,9.261433,,,,,,
1780417866.119,2051670.0,5174.652,9.261433,,,,,,
1780417866.120,2051695.0,5174.677,9.261194,,,,,,
1780417866.185,2051720.0,5174.607,9.261194,,,,,,
1780417866.186,2051745.0,5174.62,9.260955,,,,,,
1780417866.186,2051770.0,5174.513,9.260715,,,,,,
1780417866.241,2051795.0,5174.509,9.260715,,,,,,
1780417866.241,2051820.0,5174.464,9.260715,,,,,,
1780417866.303,2051845.0,5174.497,9.260955,,,,,,
1780417866.303,2051870.0,5174.542,9.260715,,,,,,
1780417866.304,2051895.0,5174.635,9.260715,,,,,,
1780417866.361,2051920.0,5174.603,9.260715,,,,,,
1780417866.362,2051945.0,5174.62,9.260715,,,,,,
1780417866.429,2051970.0,5174.521,9.260715,,,,,,
1780417866.429,2051995.0,5174.571,9.260715,,,,,,
1780417866.429,2052020.0,5174.537,9.260715,,,,,,
1780417866.492,2052045.0,5174.5,9.260715,,,,,,
1780417866.494,2052070.0,5174.431,9.260955,,,,,,
1780417866.548,2052095.0,5174.448,9.260715,,,,,,
1780417866.549,2052120.0,5174.468,9.260476,,,,,,
1780417866.549,2052145.0,5174.436,9.260476,,,,,,
1780417866.612,2052170.0,5174.525,9.260715,,,,,,
1780417866.613,2052195.0,5174.476,9.260955,,,,,,
1780417866.685,2052220.0,5174.37,9.260955,,,,,,
1780417866.685,2052245.0,5174.366,9.261194,,,,,,
1780417866.686,2052270.0,5174.513,9.261193,,,,,,
1780417866.740,2052295.0,5174.603,9.261193,,,,,,
1780417866.740,2052320.0,5174.574,9.261193,,,,,,
1780417866.806,2052345.0,5174.595,9.261433,,,,,,
1780417866.807,2052370.0,5174.533,9.261672,,,,,,
1780417866.807,2052395.0,5174.493,9.261911,,,,,,
1780417866.873,2052420.0,5174.485,9.261911,,,,,,
1780417866.873,2052445.0,5174.521,9.261911,,,,,,
1780417866.874,2052470.0,5174.509,9.261911,,,,,,
1780417866.940,2052495.0,5174.546,9.26215,,,,,,
1780417866.941,2052520.0,5174.53,9.261911,,,,,,
1780417867.010,2052545.0,5174.607,9.261911,,,,,,
1780417867.011,2052570.0,5174.583,9.261911,,,,,,
1780417867.011,2052595.0,5174.64,9.261911,,,,,,
1780417867.065,2052620.0,5174.611,9.261911,,,,,,
1780417867.065,2052645.0,5174.6,9.261911,,,,,,
1780417867.138,2052670.0,5174.685,9.261911,,,,,,
1780417867.139,2052695.0,5174.783,9.261672,,,,,,
1780417867.139,2052720.0,5174.717,9.261911,,,,,,
1780417867.192,2052745.0,5174.709,9.261911,,,,,,
1780417867.192,2052770.0,5174.729,9.261911,,,,,,
1780417867.257,2052795.0,5174.636,9.261672,,,,,,
1780417867.257,2052820.0,5174.628,9.261433,,,,,,
1780417867.257,2052845.0,5174.771,9.261433,,,,,,
1780417867.321,2052870.0,5174.82,9.261433,,,,,,
1780417867.321,2052895.0,5174.766,9.261433,,,,,,
1780417867.322,2052920.0,5174.775,9.261433,,,,,,
1780417867.383,2052945.0,5174.861,9.261433,,,,,,
1780417867.384,2052970.0,5174.791,9.261194,,,,,,
1780417867.440,2052995.0,5174.824,9.261194,,,,,,
1780417867.441,2053020.0,5174.832,9.261194,,,,,,
1780417867.510,2053045.0,5174.786,9.261194,,,,,,
1780417867.511,2053070.0,5174.835,9.261194,,,,,,
1780417867.511,2053095.0,5174.868,9.261194,,,,,,
1780417867.569,2053120.0,5174.811,9.261194,,,,,,
1780417867.570,2053145.0,5174.873,9.261433,,,,,,
1780417867.638,2053170.0,5174.864,9.261433,,,,,,
1780417867.638,2053195.0,5174.889,9.261433,,,,,,
1780417867.639,2053220.0,5174.914,9.261433,,,,,,
1780417867.700,2053245.0,5174.917,9.261433,,,,,,
1780417867.700,2053270.0,5174.918,9.261433,,,,,,
1780417867.701,2053295.0,5174.938,9.261433,,,,,,
1780417867.764,2053320.0,5174.844,9.261672,,,,,,
1780417867.765,2053345.0,5174.885,9.261911,,,,,,
1780417867.819,2053370.0,5174.861,9.261911,,,,,,
1780417867.820,2053395.0,5174.86,9.261911,,,,,,
1780417867.879,2053420.0,5174.787,9.262151,,,,,,
1780417867.880,2053445.0,5174.783,9.262151,,,,,,
1780417867.881,2053470.0,5174.774,9.262151,,,,,,
1780417867.950,2053495.0,5174.709,9.262151,,,,,,
1780417867.951,2053520.0,5174.774,9.26239,,,,,,
1780417867.951,2053545.0,5174.778,9.262389,,,,,,
1780417868.010,2053570.0,5174.807,9.262389,,,,,,
1780417868.011,2053595.0,5174.758,9.262629,,,,,,
1780417868.069,2053620.0,5174.783,9.262629,,,,,,
1780417868.070,2053645.0,5174.819,9.262629,,,,,,
1780417868.136,2053670.0,5174.848,9.262629,,,,,,
1780417868.137,2053695.0,5174.84,9.26239,,,,,,
1780417868.137,2053720.0,5174.746,9.26239,,,,,,
1780417868.200,2053745.0,5174.713,9.26239,,,,,,
1780417868.200,2053770.0,5174.75,9.26239,,,,,,
1780417868.201,2053795.0,5174.758,9.26239,,,,,,
1780417868.253,2053820.0,5174.652,9.26239,,,,,,
1780417868.253,2053845.0,5174.644,9.26239,,,,,,
1780417868.314,2053870.0,5174.59,9.262389,,,,,,
1780417868.315,2053895.0,5174.599,9.262389,,,,,,
1780417868.378,2053920.0,5174.529,9.262389,,,,,,
1780417868.379,2053945.0,5174.611,9.262389,,,,,,
1780417868.379,2053970.0,5174.565,9.26215,,,,,,
1780417868.444,2053995.0,5174.607,9.262389,,,,,,
1780417868.444,2054020.0,5174.594,9.26239,,,,,,
1780417868.508,2054045.0,5174.631,9.262389,,,,,,
1780417868.508,2054070.0,5174.603,9.262389,,,,,,
1780417868.508,2054095.0,5174.452,9.262389,,,,,,
1780417868.570,2054120.0,5174.464,9.262389,,,,,,
1780417868.571,2054145.0,5174.428,9.26215,,,,,,
1780417868.572,2054170.0,5174.399,9.26215,,,,,,
1780417868.638,2054195.0,5174.382,9.26215,,,,,,
1780417868.639,2054220.0,5174.529,9.26215,,,,,,
1780417868.688,2054245.0,5174.476,9.26215,,,,,,
1780417868.689,2054270.0,5174.309,9.26215,,,,,,
1780417868.771,2054295.0,5174.317,9.26215,,,,,,
1780417868.772,2054320.0,5174.354,9.262389,,,,,,
1780417868.772,2054345.0,5174.456,9.262629,,,,,,
1780417868.773,2054370.0,5174.583,9.262629,,,,,,
1780417868.833,2054395.0,5174.554,9.262629,,,,,,
1780417868.833,2054420.0,5174.554,9.262629,,,,,,
1780417868.904,2054445.0,5174.721,9.262629,,,,,,
1780417868.905,2054470.0,5174.677,9.262629,,,,,,
1780417868.905,2054495.0,5174.697,9.262868,,,,,,
1780417868.975,2054520.0,5174.665,9.262868,,,,,,
1780417868.975,2054545.0,5174.697,9.262868,,,,,,
1780417868.975,2054570.0,5174.677,9.262868,,,,,,
1780417869.019,2054595.0,5174.693,9.262868,,,,,,
1780417869.022,2054620.0,5174.709,9.262868,,,,,,
1780417869.054,2054645.0,5174.718,9.262868,,,,,,
1780417869.076,2054670.0,5174.672,9.262868,,,,,,
1780417869.097,2054695.0,5174.652,9.262868,,,,,,
1780417869.129,2054720.0,5174.705,9.262868,,,,,,
1780417869.150,2054745.0,5174.717,9.262868,,,,,,
1780417869.175,2054770.0,5174.746,9.262868,,,,,,
1780417869.196,2054795.0,5174.763,9.262868,,,,,,
1780417869.229,2054820.0,5174.783,9.262868,,,,,,
1780417869.251,2054845.0,5174.758,9.262868,,,,,,
1780417869.272,2054870.0,5174.815,9.262868,,,,,,
1780417869.304,2054895.0,5174.86,9.262868,,,,,,
1780417869.326,2054920.0,5174.828,9.262868,,,,,,
1780417869.347,2054945.0,5174.722,9.262868,,,,,,
1780417869.379,2054970.0,5174.738,9.262629,,,,,,
1780417869.401,2054995.0,5174.75,9.262629,,,,,,
1780417869.423,2055020.0,5174.734,9.262629,,,,,status,l_h=42.000000 c_f=220.000000 q=15.000000
1780417869.486,2055045.0,5174.689,9.262629,,,,,,
1780417869.486,2055070.0,5174.631,9.262629,,,,,,
1780417869.536,2055095.0,5174.623,9.262629,,,,,,
1780417869.536,2055120.0,5174.64,9.262151,,,,,,
1780417869.603,2055145.0,5174.595,9.26239,,,,,,
1780417869.604,2055170.0,5174.615,9.262151,,,,,,
1780417869.604,2055195.0,5174.668,9.262151,,,,,,
1780417869.671,2055220.0,5174.652,9.262151,,,,,,
1780417869.671,2055245.0,5174.569,9.262151,,,,,,
1780417869.672,2055270.0,5174.619,9.262151,,,,,,
1780417869.722,2055295.0,5174.737,9.262151,,,,,,
1780417869.723,2055320.0,5174.664,9.262151,,,,,,
1780417869.769,2055345.0,5174.627,9.26215,,,,,,
1780417869.773,2055371.0,5174.599,9.261911,,,,,,
1780417869.805,2055396.0,5174.46,9.262151,,,,,,
1780417869.827,2055421.0,5174.48,9.262389,,,,,,
1780417869.850,2055446.0,5174.493,9.26239,,,,,,
1780417869.890,2055471.0,5174.447,9.262389,,,,,,
1780417869.902,2055496.0,5174.436,9.26239,,,,,,
1780417869.923,2055521.0,5174.521,9.262389,,,,,,
1780417869.955,2055546.0,5174.545,9.262151,,,,,,
1780417869.977,2055571.0,5174.521,9.26239,,,,,,
1780417869.999,2055596.0,5174.488,9.262151,,,,,,
1780417870.035,2055621.0,5174.463,9.262151,,,,,,
1780417870.056,2055646.0,5174.479,9.262151,,,,,,
1780417870.080,2055671.0,5174.594,9.262151,,,,,,
1780417870.103,2055696.0,5174.603,9.262151,,,,,,
1780417870.126,2055721.0,5174.533,9.262151,,,,,,
1780417870.149,2055746.0,5174.566,9.26239,,,,,,
1780417870.176,2055771.0,5174.685,9.26215,,,,,status,l_h=42.000000 c_f=220.000000 q=15.000000
1780417870.235,2055796.0,5174.599,9.262389,,,,,,
1780417870.235,2055821.0,5174.591,9.262389,,,,,,
1780417870.286,2055846.0,5174.566,9.262389,,,,,,
1780417870.287,2055871.0,5174.579,9.26263,,,,,,
1780417870.357,2055896.0,5174.546,9.262629,,,,,,
1780417870.357,2055921.0,5174.46,9.26263,,,,,,
1780417870.357,2055946.0,5174.611,9.262629,,,,,,
1780417870.416,2055971.0,5174.657,9.262629,,,,,,
1780417870.417,2055996.0,5174.652,9.26263,,,,,,
1780417870.487,2056021.0,5174.722,9.26239,,,,,,
1780417870.487,2056046.0,5174.709,9.262151,,,,,,
1780417870.488,2056071.0,5174.586,9.262151,,,,,,
1780417870.536,2056096.0,5174.681,9.262151,,,,,,
1780417870.536,2056121.0,5174.746,9.262151,,,,,,
1780417870.603,2056146.0,5174.783,9.261911,,,,,,
1780417870.603,2056171.0,5174.762,9.262151,,,,,,
1780417870.604,2056196.0,5174.815,9.261672,,,,,,
1780417870.668,2056221.0,5174.811,9.261911,,,,,,
1780417870.668,2056246.0,5174.758,9.261911,,,,,,
1780417870.733,2056271.0,5174.758,9.261911,,,,,,
1780417870.734,2056296.0,5174.636,9.261911,,,,,,
1780417870.734,2056321.0,5174.713,9.261911,,,,,,
1780417870.802,2056346.0,5174.869,9.261911,,,,,,
1780417870.802,2056371.0,5174.824,9.261911,,,,,,
1780417870.803,2056396.0,5174.832,9.261672,,,,,,
1780417870.853,2056421.0,5174.901,9.261911,,,,,,
1780417870.854,2056446.0,5174.84,9.261911,,,,,,
1780417870.918,2056471.0,5174.885,9.261911,,,,,,
1780417870.919,2056496.0,5174.905,9.261672,,,,,,
1780417870.986,2056521.0,5174.95,9.261911,,,,,,
1780417870.987,2056546.0,5175.023,9.261911,,,,,,
1780417870.987,2056571.0,5174.905,9.261911,,,,,,
1780417871.052,2056596.0,5174.86,9.261911,,,,,,
1780417871.053,2056621.0,5174.815,9.26215,,,,,,
1780417871.053,2056646.0,5174.684,9.26215,,,,,,
1780417871.102,2056671.0,5174.701,9.26215,,,,,,
1780417871.102,2056696.0,5174.766,9.26215,,,,,,
1780417871.170,2056721.0,5174.614,9.261911,,,,,,
1780417871.171,2056746.0,5174.558,9.261911,,,,,,
1780417871.220,2056771.0,5174.606,9.262151,,,,,,
1780417871.221,2056796.0,5174.599,9.262151,,,,,,
1780417871.287,2056821.0,5174.616,9.26239,,,,,,
1780417871.288,2056846.0,5174.53,9.26239,,,,,,
1780417871.288,2056871.0,5174.48,9.262151,,,,,,
1780417871.352,2056896.0,5174.46,9.262151,,,,,,
1780417871.352,2056921.0,5174.518,9.262151,,,,,,
1780417871.353,2056946.0,5174.497,9.262151,,,,,,
1780417871.420,2056971.0,5174.477,9.262151,,,,,,
1780417871.421,2056996.0,5174.571,9.262151,,,,,,
1780417871.486,2057021.0,5174.514,9.26239,,,,,,
1780417871.486,2057046.0,5174.521,9.262151,,,,,,
1780417871.487,2057071.0,5174.611,9.261911,,,,,,
1780417871.536,2057096.0,5174.64,9.261911,,,,,,
1780417871.537,2057121.0,5174.713,9.261911,,,,,,
1780417871.603,2057146.0,5174.64,9.261672,,,,,,
1780417871.604,2057171.0,5174.599,9.261672,,,,,,
1780417871.604,2057196.0,5174.812,9.261672,,,,,,
1780417871.671,2057221.0,5174.799,9.261672,,,,,,
1780417871.671,2057246.0,5174.84,9.261672,,,,,,
1780417871.721,2057271.0,5174.934,9.261911,,,,,,
1780417871.721,2057296.0,5174.925,9.261911,,,,,,
1780417871.783,2057321.0,5174.799,9.261911,,,,,,
1780417871.784,2057346.0,5174.881,9.26215,,,,,,
1780417871.784,2057371.0,5174.921,9.26215,,,,,,
1780417871.847,2057396.0,5174.926,9.262151,,,,,,
1780417871.847,2057421.0,5175.053,9.26215,,,,,,
1780417871.848,2057446.0,5174.967,9.26215,,,,,,
1780417871.921,2057471.0,5175.008,9.26215,,,,,,
1780417871.921,2057496.0,5175.081,9.262389,,,,,,
1780417871.922,2057521.0,5175.056,9.262151,,,,,,
1780417871.984,2057546.0,5174.947,9.262151,,,,,,
1780417871.985,2057571.0,5174.906,9.262151,,,,,,
1780417872.036,2057596.0,5174.836,9.262151,,,,,,
1780417872.037,2057621.0,5174.832,9.262151,,,,,,
1780417872.107,2057646.0,5174.799,9.262151,,,,,,
1780417872.108,2057671.0,5174.706,9.262151,,,,,,
1780417872.108,2057696.0,5174.591,9.262389,,,,,,
1780417872.160,2057721.0,5174.624,9.262151,,,,,,
1780417872.160,2057746.0,5174.583,9.261911,,,,,,
1780417872.221,2057771.0,5174.64,9.261911,,,,,,
1780417872.221,2057796.0,5174.693,9.261911,,,,,,
1780417872.222,2057821.0,5174.595,9.261672,,,,,,
1780417872.284,2057846.0,5174.726,9.261911,,,,,,
1780417872.284,2057871.0,5174.742,9.261911,,,,,,
1780417872.348,2057896.0,5174.762,9.261433,,,,,,
1780417872.349,2057921.0,5174.688,9.261194,,,,,,
1780417872.349,2057946.0,5174.794,9.261194,,,,,,
1780417872.413,2057971.0,5174.803,9.260955,,,,,,
1780417872.414,2057996.0,5174.778,9.260955,,,,,,
1780417872.483,2058021.0,5174.766,9.260955,,,,,,
1780417872.483,2058046.0,5174.651,9.260955,,,,,,
1780417872.484,2058071.0,5174.782,9.260955,,,,,,
1780417872.534,2058096.0,5174.803,9.260955,,,,,,
1780417872.535,2058121.0,5174.807,9.260955,,,,,,
1780417872.599,2058146.0,5174.855,9.261433,,,,,,
1780417872.600,2058171.0,5174.929,9.261433,,,,,,
1780417872.600,2058196.0,5175.011,9.261433,,,,,,
1780417872.664,2058221.0,5175.113,9.261433,,,,,,
1780417872.665,2058246.0,5175.056,9.261194,,,,,,
1780417872.736,2058271.0,5188.517,9.267921,,,,,,
1780417872.737,2058296.0,5207.8,9.277308,,,,,,
1780417872.737,2058321.0,5227.045,9.286695,,,,,,
1780417872.785,2058346.0,5246.957,9.296563,,,,,,
1780417872.786,2058371.0,5268.041,9.306674,,,,,,
1780417872.851,2058396.0,5290.771,9.317515,,,,,,
1780417872.851,2058421.0,5322.54,9.332493,,,,,,
1780417872.852,2058446.0,5357.922,9.349174,,,,,,
1780417872.916,2058471.0,5414.031,9.373981,,,,,,
1780417872.916,2058496.0,5481.049,9.40299,,,,,,
1780417872.972,2058521.0,5558.706,9.436473,,,,,,
1780417872.973,2058546.0,5654.04,9.47597,,,,,,
1780417872.973,2058571.0,5757.967,9.517747,,,,,,
1780417873.032,2058596.0,5879.037,9.565586,,,,,,
1780417873.033,2058621.0,6005.656,9.614712,,,,,,
1780417873.096,2058646.0,6134.14,9.664348,,,,,,
1780417873.097,2058671.0,6265.301,9.714747,,,,,,
1780417873.097,2058696.0,6398.264,9.765912,,,,,,
1780417873.167,2058721.0,6534.98,9.818099,,,,,,
1780417873.168,2058746.0,6671.488,9.870286,,,,,,
1780417873.220,2058771.0,6808.273,9.921977,,,,,,
1780417873.220,2058796.0,6945.001,9.974163,,,,,,
1780417873.285,2058821.0,7081.652,10.026349,,,,,,
1780417873.285,2058846.0,7218.396,10.078536,,,,,,
1780417873.286,2058871.0,7355.13,10.130962,,,,,,
1780417873.369,2058896.0,7478.413,10.176421,,,,,,
1780417873.370,2058921.0,7596.096,10.219221,,,,,,
1780417873.370,2058946.0,7713.601,10.26202,,,,,,
1780417873.418,2058971.0,7829.005,10.304324,,,,,,
1780417873.418,2058996.0,7942.676,10.346127,,,,,,
1780417873.481,2059021.0,8050.892,10.38594,,,,,,
1780417873.482,2059046.0,8144.486,10.420089,,,,,,
1780417873.482,2059071.0,8224.569,10.449723,,,,,,
1780417873.538,2059096.0,8283.324,10.470502,,,,,,
1780417873.538,2059121.0,8308.782,10.479995,,,,,,
1780417873.599,2059146.0,8316.31,10.482746,,,,,,
1780417873.600,2059171.0,8296.706,10.476232,,,,,,
1780417873.601,2059196.0,8256.981,10.462969,,,,,,
1780417873.660,2059221.0,8189.511,10.439672,,,,,,
1780417873.660,2059246.0,8102.241,10.409191,,,,,,
1780417873.726,2059271.0,8010.271,10.376734,,,,,,
1780417873.727,2059296.0,7900.843,10.337417,,,,,,
1780417873.727,2059321.0,7783.273,10.294429,,,,,,
1780417873.784,2059346.0,7650.237,10.245118,,,,,,
1780417873.784,2059371.0,7510.805,10.192692,,,,,,
1780417873.856,2059396.0,7357.585,10.133384,,,,,,
1780417873.857,2059421.0,7200.475,10.071928,,,,,,
1780417873.857,2059446.0,7041.752,10.009292,,,,,,
1780417873.918,2059471.0,6882.096,9.946421,,,,,,
1780417873.918,2059496.0,6718.998,9.881196,,,,,,
1780417873.983,2059521.0,6553.555,9.814563,,,,,,
1780417873.984,2059546.0,6384.925,9.746057,,,,,,
1780417873.984,2059571.0,6215.908,9.677317,,,,,,
1780417874.035,2059596.0,6047.114,9.60813,,,,,,
1780417874.035,2059621.0,5876.256,9.537334,,,,,,
1780417874.098,2059646.0,5708.706,9.467559,,,,,,
1780417874.099,2059671.0,5545.561,9.398614,,,,,,
1780417874.099,2059696.0,5392.243,9.332485,,,,,,
1780417874.163,2059721.0,5239.437,9.266378,,,,,,
1780417874.164,2059746.0,5109.031,9.20759,,,,,,
1780417874.221,2059771.0,4985.953,9.151545,,,,,,
1780417874.221,2059796.0,4872.419,9.098749,,,,,,
1780417874.222,2059821.0,4770.313,9.049952,,,,,,
1780417874.294,2059846.0,4678.819,9.005594,,,,,,
1780417874.294,2059871.0,4601.289,8.966664,,,,,,
1780417874.351,2059896.0,4526.549,8.929203,,,,,,
1780417874.352,2059921.0,4466.62,8.897835,,,,,,
1780417874.352,2059946.0,4412.884,8.869373,,,,,,
1780417874.408,2059971.0,4370.967,8.846214,,,,,,
1780417874.408,2059996.0,4335.545,8.826169,,,,,,
1780417874.470,2060021.0,4313.575,8.813029,,,,,,
1780417874.471,2060046.0,4296.113,8.802247,,,,,,
1780417874.536,2060071.0,4281.328,8.79311,,,,,,
1780417874.536,2060096.0,4268.354,8.784908,,,,,,
1780417874.537,2060121.0,4262.863,8.781392,,,,,,
1780417874.597,2060146.0,4260.316,8.779518,,,,,,
1780417874.597,2060171.0,4267.805,8.783976,,,,,,
1780417874.598,2060196.0,4277.544,8.789608,,,,,,
1780417874.660,2060221.0,4291.186,8.797358,,,,,,
1780417874.670,2060246.0,4316.517,8.811709,,,,,,
1780417874.724,2060271.0,4352.021,8.831308,,,,,,
1780417874.725,2060296.0,4399.635,8.856649,,,,,,
1780417874.725,2060321.0,4455.018,8.885845,,,,,,
1780417874.795,2060346.0,4519.665,8.919158,,,,,,
1780417874.796,2060371.0,4594.854,8.956864,,,,,,
1780417874.851,2060396.0,4681.335,8.999002,,,,,,
1780417874.851,2060421.0,4787.018,9.049057,,,,,,
1780417874.852,2060446.0,4899.245,9.101586,,,,,,
1780417874.910,2060471.0,5021.875,9.157382,,,,,,
1780417874.911,2060496.0,5155.553,9.217175,,,,,,
1780417874.982,2060521.0,5293.615,9.278731,,,,,,
1780417874.983,2060546.0,5443.837,9.343825,,,,,,
1780417874.983,2060571.0,5596.569,9.40968,,,,,,
1780417875.034,2060596.0,5757.724,9.478329,,,,,,
1780417875.034,2060621.0,5921.386,9.547739,,,,,,
1780417875.105,2060646.0,6088.421,9.618402,,,,,,
1780417875.105,2060671.0,6259.701,9.690129,,,,,,
1780417875.106,2060696.0,6432.5,9.761902,,,,,,
1780417875.157,2060721.0,6604.792,9.833231,,,,,,
1780417875.158,2060746.0,6775.113,9.902738,,,,,,
1780417875.220,2060771.0,6945.097,9.972267,,,,,,
1780417875.220,2060796.0,7108.234,10.037083,,,,,,
1780417875.301,2060821.0,7269.542,10.101213,,,,,,
1780417875.302,2060846.0,7428.286,10.163671,,,,,,
1780417875.302,2060871.0,7577.906,10.221394,,,,,,
1780417875.303,2060896.0,7717.891,10.273869,,,,,,
1780417875.369,2060921.0,7847.216,10.321555,,,,,,
1780417875.370,2060946.0,7968.507,10.365364,,,,,,
1780417875.436,2060971.0,8080.588,10.405544,,,,,,
1780417875.436,2060996.0,8179.781,10.440564,,,,,,
1780417875.437,2061021.0,8258.688,10.468369,,,,,,
1780417875.498,2061046.0,8317.25,10.488001,,,,,,
1780417875.499,2061071.0,8354.825,10.500819,,,,,,
1780417875.499,2061096.0,8377.468,10.50862,,,,,,
1780417875.550,2061121.0,8379.471,10.509627,,,,,,
1780417875.551,2061146.0,8366.414,10.50535,,,,,,
1780417875.616,2061171.0,8334.233,10.494782,,,,,,
1780417875.617,2061196.0,8284.764,10.478223,,,,,,
1780417875.678,2061221.0,8219.235,10.455894,,,,,,
1780417875.678,2061246.0,8135.884,10.426641,,,,,,
1780417875.679,2061271.0,8043.783,10.393917,,,,,,
1780417875.750,2061296.0,7932.773,10.353812,,,,,,
1780417875.751,2061321.0,7813.419,10.310528,,,,,,
1780417875.751,2061346.0,7683.021,10.262163,,,,,,
1780417875.800,2061371.0,7540.926,10.208492,,,,,,
1780417875.800,2061396.0,7390.002,10.150041,,,,,,
1780417875.863,2061421.0,7232.343,10.088763,,,,,,
1780417875.863,2061446.0,7074.089,10.026994,,,,,,
1780417875.935,2061471.0,6913.61,9.964299,,,,,,
1780417875.936,2061496.0,6749.524,9.899484,,,,,,
1780417875.936,2061521.0,6584.679,9.834434,,,,,,
1780417875.989,2061546.0,6416.573,9.767246,,,,,,
1780417875.989,2061571.0,6246.218,9.698675,,,,,,
1780417876.052,2061596.0,6074.99,9.629613,,,,,,
1780417876.052,2061621.0,5903.836,9.559683,,,,,,
1780417876.053,2061646.0,5740.988,9.491838,,,,,,
1780417876.112,2061671.0,5576.279,9.422382,,,,,,
1780417876.113,2061696.0,5425.989,9.357501,,,,,,
1780417876.184,2061721.0,5280.176,9.294136,,,,,,
1780417876.184,2061746.0,5144.258,9.233801,,,,,,
1780417876.185,2061771.0,5019.023,9.176985,,,,,,
1780417876.239,2061796.0,4900.803,9.122924,,,,,,
1780417876.240,2061821.0,4797.378,9.074096,,,,,,
1780417876.304,2061846.0,4701.545,9.028241,,,,,,
1780417876.305,2061871.0,4621.078,8.98855,,,,,,
1780417876.305,2061896.0,4546.038,8.951077,,,,,,
1780417876.366,2061921.0,4485.183,8.919689,,,,,,
1780417876.367,2061946.0,4430.045,8.890735,,,,,,
1780417876.424,2061971.0,4385.561,8.866838,,,,,,
1780417876.425,2061996.0,4350.832,8.847735,,,,,,
1780417876.425,2062021.0,4324.946,8.833159,,,,,,
1780417876.496,2062046.0,4305.619,8.821665,,,,,,
1780417876.496,2062071.0,4289.405,8.811804,,,,,,
1780417876.550,2062096.0,4275.479,8.803357,,,,,,
1780417876.551,2062121.0,4268.518,8.799133,,,,,,
1780417876.551,2062146.0,4263.564,8.795848,,,,,,
1780417876.617,2062171.0,4263.931,8.795847,,,,,,
1780417876.618,2062196.0,4272.229,8.800545,,,,,,
1780417876.680,2062221.0,4282.438,8.806182,,,,,,
1780417876.681,2062246.0,4307.407,8.820091,,,,,,
1780417876.681,2062271.0,4339.041,8.837567,,,,,,
1780417876.740,2062296.0,4387.921,8.863632,,,,,,
1780417876.740,2062321.0,4443.507,8.892838,,,,,,
1780417876.807,2062346.0,4509.459,8.926416,,,,,,
1780417876.808,2062371.0,4586.784,8.965126,,,,,,
1780417876.808,2062396.0,4674.462,9.008016,,,,,,
1780417876.866,2062421.0,4783.457,9.059083,,,,,,
1780417876.866,2062446.0,4897.944,9.111896,,,,,,
1780417876.928,2062471.0,5022.101,9.168461,,,,,,
1780417876.928,2062496.0,5157.444,9.228796,,,,,,
1780417876.929,2062521.0,5298.714,9.291383,,,,,,
1780417876.990,2062546.0,5448.408,9.356265,,,,,,
1780417876.991,2062571.0,5603.161,9.423156,,,,,,
1780417877.050,2062596.0,5766.205,9.4921,,,,,,
1780417877.050,2062621.0,5929.922,9.5613,,,,,,
1780417877.050,2062646.0,6101.051,9.632794,,,,,,
1780417877.110,2062671.0,6272.844,9.704545,,,,,,
1780417877.111,2062696.0,6443.513,9.775408,,,,,,
1780417877.184,2062721.0,6620.134,9.847829,,,,,,
1780417877.184,2062746.0,6793.674,9.918148,,,,,,
1780417877.184,2062771.0,6965.908,9.987764,,,,,,
1780417877.237,2062796.0,7136.02,10.055975,,,,,,
1780417877.238,2062821.0,7300.685,10.120872,,,,,,
1780417877.300,2062846.0,7464.243,10.185319,,,,,,
1780417877.301,2062871.0,7615.542,10.243131,,,,,,
1780417877.301,2062896.0,7760.822,10.297842,,,,,,
1780417877.375,2062921.0,7891.971,10.346086,,,,,,
1780417877.376,2062946.0,8014.17,10.390162,,,,,,
1780417877.376,2062971.0,8116.207,10.427315,,,,,,
1780417877.424,2062996.0,8198.522,10.456786,,,,,,
1780417877.425,2063021.0,8257.836,10.478019,,,,,,
1780417877.488,2063046.0,8285.569,10.487792,,,,,,
1780417877.488,2063071.0,8297.113,10.492046,,,,,,
1780417877.552,2063096.0,8290.704,10.489793,,,,,,
1780417877.552,2063121.0,8259.065,10.478783,,,,,,
1780417877.553,2063146.0,8217.025,10.464017,,,,,,
1780417877.628,2063171.0,8154.446,10.44178,,,,,,
1780417877.629,2063196.0,8086.071,10.41752,,,,,,
1780417877.629,2063221.0,8005.799,10.38974,,,,,,
1780417877.697,2063246.0,7924.277,10.36146,,,,,,
1780417877.698,2063271.0,7830.829,10.328921,,,,,,
1780417877.698,2063296.0,7734.353,10.295391,,,,,,
1780417877.754,2063321.0,7636.507,10.261105,,,,,,
1780417877.755,2063346.0,7532.418,10.225029,,,,,,
1780417877.814,2063371.0,7428.274,10.188951,,,,,,
1780417877.814,2063396.0,7324.147,10.152874,,,,,,
1780417877.878,2063421.0,7219.744,10.116796,,,,,,
1780417877.879,2063446.0,7115.507,10.080977,,,,,,
1780417877.879,2063471.0,7011.334,10.0449,,,,,,
1780417877.934,2063496.0,6906.941,10.008822,,,,,,
1780417877.934,2063521.0,6802.589,9.972745,,,,,,
1780417878.582,2064135.0,6697.978,9.936658,,,,,calibrate,
1780417878.582,2064160.0,6595.609,9.901349,,,,,,
1780417878.651,2064185.0,6503.158,9.868595,,,,,,
1780417878.651,2064210.0,6418.886,9.838388,,,,,,
1780417878.652,2064235.0,6347.389,9.812486,,,,,,
1780417878.717,2064260.0,6286.077,9.789621,,,,,,
1780417878.717,2064285.0,6235.59,9.770529,,,,,,
1780417878.717,2064310.0,6193.42,9.754193,,,,,,
1780417878.767,2064335.0,6165.127,9.742843,,,,,,
1780417878.768,2064360.0,6141.515,9.733476,,,,,,
1780417878.834,2064385.0,6129.917,9.728807,,,,,,
1780417878.834,2064410.0,6118.962,9.724385,,,,,,
1780417878.901,2064435.0,6111.627,9.721194,,,,,,
1780417878.902,2064460.0,6104.811,9.718005,,,,,,
1780417878.902,2064485.0,6102.348,9.717024,,,,,,
1780417878.969,2064510.0,6102.229,9.716779,,,,,,
1780417878.969,2064535.0,6102.098,9.716779,,,,,,
1780417878.969,2064560.0,6101.961,9.71678,,,,,,
1780417879.034,2064585.0,6101.796,9.716779,,,,,,
1780417879.035,2064610.0,6101.7,9.716779,,,,,,
1780417879.084,2064635.0,6101.575,9.716779,,,,,,
1780417879.084,2064660.0,6101.422,9.716779,,,,,,
1780417879.149,2064685.0,6101.121,9.716779,,,,,,
1780417879.150,2064710.0,6100.984,9.716779,,,,,,
1780417879.150,2064735.0,6100.728,9.716534,,,,,,
1780417879.216,2064760.0,6100.723,9.716043,,,,,,
1780417879.216,2064785.0,6100.78,9.716043,,,,,,
1780417879.217,2064810.0,6100.752,9.716043,,,,,,
1780417879.284,2064835.0,6100.842,9.716043,,,,,,
1780417879.285,2064860.0,6100.757,9.715799,,,,,,
1780417879.350,2064885.0,6100.621,9.715799,,,,,,
1780417879.350,2064910.0,6100.569,9.715799,,,,,,
1780417879.351,2064935.0,6100.428,9.715799,,,,,,
1780417879.400,2064960.0,6100.433,9.715799,,,,,,
1780417879.401,2064985.0,6100.296,9.715554,,,,,,
1780417879.467,2065010.0,6100.25,9.715554,,,,,,
1780417879.467,2065035.0,6100.274,9.715554,,,,,,
1780417879.468,2065060.0,6100.234,9.715554,,,,,,
1780417879.518,2065085.0,6100.217,9.715799,,,,,,
1780417879.518,2065110.0,6100.263,9.715799,,,,,,
1780417879.585,2065135.0,6100.121,9.715553,,,,,,
1780417879.585,2065160.0,6099.549,9.715309,,,,,,
1780417879.586,2065185.0,6098.831,9.715063,,,,,,
1780417879.650,2065210.0,6097.915,9.714574,,,,,,
1780417879.651,2065235.0,6097.087,9.714329,,,,,,
1780417879.717,2065260.0,6096.278,9.71384,,,,,,
1780417879.717,2065285.0,6095.52,9.713349,,,,,,
1780417879.718,2065310.0,6094.998,9.713104,,,,,,
1780417879.768,2065335.0,6094.301,9.712859,,,,,,
1780417879.768,2065360.0,6093.65,9.712859,,,,,,
1780417879.830,2065385.0,6092.812,9.712615,,,,,,
1780417879.831,2065410.0,6091.917,9.712125,,,,,,
1780417879.898,2065435.0,6091.091,9.711881,,,,,,
1780417879.898,2065460.0,6090.282,9.711636,,,,,,
1780417879.899,2065485.0,6089.422,9.711145,,,,,,
1780417879.967,2065510.0,6088.591,9.710655,,,,,,
1780417879.967,2065535.0,6087.732,9.710165,,,,,,
1780417879.968,2065560.0,6086.91,9.709675,,,,,,
1780417880.035,2065585.0,6086.085,9.70943,,,,,,
1780417880.035,2065610.0,6085.321,9.709184,,,,,,
1780417880.036,2065635.0,6084.41,9.708939,,,,,,
1780417880.084,2065660.0,6083.619,9.708448,,,,,,
1780417880.143,2065685.0,6082.848,9.708203,,,,,,
1780417880.144,2065710.0,6082.095,9.707958,,,,,,
1780417880.144,2065735.0,6081.064,9.707468,,,,,,
1780417880.205,2065760.0,6080.172,9.707468,,,,,,
1780417880.206,2065785.0,6079.991,9.707223,,,,,,
1780417880.278,2065810.0,6080.076,9.707223,,,,,,
1780417880.279,2065835.0,6079.969,9.707468,,,,,,
1780417880.279,2065860.0,6079.805,9.707223,,,,,,
1780417880.332,2065885.0,6079.699,9.707224,,,,,,
1780417880.333,2065910.0,6079.608,9.707468,,,,,,
1780417880.402,2065935.0,6079.281,9.707223,,,,,,
1780417880.402,2065960.0,6079.224,9.706978,,,,,,
1780417880.402,2065985.0,6079.105,9.706734,,,,,,
1780417880.468,2066010.0,6079.009,9.706978,,,,,,
1780417880.469,2066035.0,6078.981,9.706978,,,,,,
1780417880.469,2066060.0,6078.902,9.706734,,,,,,
1780417880.533,2066085.0,6078.926,9.706734,,,,,,
1780417880.534,2066110.0,6078.886,9.706978,,,,,,
1780417880.585,2066135.0,6078.881,9.706978,,,,,,
1780417880.586,2066160.0,6078.841,9.706978,,,,,,
1780417880.586,2066185.0,6078.925,9.707223,,,,,,
1780417880.652,2066210.0,6078.936,9.706978,,,,,,
1780417880.652,2066235.0,6078.812,9.706734,,,,,,
1780417880.716,2066260.0,6078.919,9.706489,,,,,,
1780417880.716,2066285.0,6078.902,9.706489,,,,,,
1780417880.717,2066310.0,6078.824,9.706244,,,,,,
1780417880.784,2066335.0,6078.699,9.706244,,,,,,
1780417880.784,2066360.0,6078.768,9.706244,,,,,,
1780417880.833,2066385.0,6078.875,9.705999,,,,,,
1780417880.834,2066410.0,6078.897,9.705999,,,,,,
1780417880.901,2066435.0,6078.705,9.705754,,,,,,
1780417880.902,2066460.0,6078.773,9.705509,,,,,,
1780417880.902,2066485.0,6078.768,9.705509,,,,,,
1780417880.970,2066510.0,6078.796,9.705509,,,,,,
1780417880.971,2066535.0,6078.795,9.705265,,,,,,
1780417880.971,2066560.0,6078.948,9.705265,,,,,,
1780417881.040,2066585.0,6078.791,9.705265,,,,,,
1780417881.041,2066610.0,6078.694,9.705509,,,,,,
1780417881.041,2066635.0,6078.722,9.705509,,,,,,
1780417881.097,2066660.0,6078.795,9.705509,,,,,,
1780417881.097,2066685.0,6078.801,9.705509,,,,,,
1780417881.162,2066710.0,6078.706,9.705265,,,,,,
1780417881.162,2066735.0,6078.678,9.705265,,,,,,
1780417881.162,2066760.0,6078.801,9.705265,,,,,,
1780417881.222,2066785.0,6078.857,9.705265,,,,,,
1780417881.223,2066810.0,6078.689,9.705265,,,,,,
1780417881.285,2066835.0,6078.614,9.705265,,,,,,
1780417881.286,2066860.0,6078.592,9.705265,,,,,,
1780417881.286,2066885.0,6078.451,9.705265,,,,,,
1780417881.354,2066910.0,6078.514,9.705265,,,,,,
1780417881.355,2066935.0,6078.604,9.705509,,,,,,
1780417881.412,2066960.0,6078.547,9.705265,,,,,,
1780417881.412,2066985.0,6078.564,9.705265,,,,,,
1780417881.413,2067010.0,6078.654,9.705265,,,,,,
1780417881.485,2067035.0,6078.553,9.705265,,,,,,
1780417881.497,2067060.0,6078.52,9.705265,,,,,,
1780417881.497,2067085.0,6078.716,9.705265,,,,,,
1780417881.550,2067110.0,6078.626,9.705509,,,,,,
1780417881.551,2067135.0,6078.772,9.705509,,,,,,
1780417881.602,2067160.0,6078.739,9.705754,,,,,,
1780417881.603,2067185.0,6078.581,9.705754,,,,,,
1780417881.667,2067210.0,6078.587,9.705999,,,,,,
1780417881.668,2067235.0,6078.638,9.705754,,,,,,
1780417881.668,2067260.0,6078.665,9.705509,,,,,,
1780417881.733,2067285.0,6078.716,9.705509,,,,,,
1780417881.734,2067310.0,6078.834,9.705509,,,,,,
1780417881.800,2067335.0,6078.913,9.705754,,,,,,
1780417881.801,2067360.0,6078.897,9.705509,,,,,,
1780417881.801,2067385.0,6078.835,9.705509,,,,,,
1780417881.850,2067410.0,6078.813,9.705754,,,,,,
1780417881.850,2067435.0,6078.817,9.705509,,,,,,
1780417881.909,2067460.0,6078.846,9.705509,,,,,,
1780417881.910,2067485.0,6078.908,9.705509,,,,,,
1780417881.974,2067510.0,6079.049,9.705509,,,,,,
1780417881.975,2067535.0,6079.032,9.705509,,,,,,
1780417881.975,2067560.0,6078.879,9.705509,,,,,,
1780417882.050,2067585.0,6078.998,9.705509,,,,,,
1780417882.050,2067610.0,6078.902,9.705509,,,,,,
1780417882.050,2067635.0,6078.768,9.705754,,,,,,
1780417882.100,2067660.0,6078.729,9.705754,,,,,,
1780417882.101,2067685.0,6078.656,9.705754,,,,,,
1780417882.164,2067710.0,6078.368,9.705999,,,,,,
1780417882.164,2067735.0,6078.407,9.705754,,,,,,
1780417882.165,2067760.0,6078.232,9.705754,,,,,,
1780417882.230,2067785.0,6078.322,9.705509,,,,,,
1780417882.231,2067810.0,6078.322,9.705509,,,,,,
1780417882.287,2067835.0,6078.197,9.705265,,,,,,
1780417882.287,2067860.0,6078.248,9.705265,,,,,,
1780417882.288,2067885.0,6078.209,9.705265,,,,,,
1780417882.333,2067910.0,6078.152,9.705265,,,,,,
1780417882.345,2067935.0,6078.051,10.203359,,,,,,
1780417882.367,2067960.0,6077.876,10.203427,,,,,,
1780417882.389,2067985.0,6077.928,10.203407,,,,,,
1780417882.414,2068010.0,6077.933,10.203405,,,,,,
1780417882.447,2068035.0,6077.933,10.203161,,,,,,
1780417882.469,2068060.0,6077.876,10.203427,,,,,,
1780417882.491,2068085.0,6077.842,10.203441,,,,,,
1780417882.513,2068110.0,6077.876,10.203672,,,,,,
1780417882.546,2068135.0,6077.837,10.203934,,,,,,
1780417882.569,2068160.0,6077.77,10.203959,,,,,,
1780417882.592,2068185.0,6077.837,10.203934,,,,,,
1780417882.614,2068210.0,6077.65,10.204007,,,,,,
1780417882.636,2068235.0,6077.618,10.204264,,,,,,
1780417882.667,2068260.0,6077.69,10.203991,,,,,,
1780417882.689,2068285.0,6077.764,10.203962,,,,,,
1780417882.721,2068310.0,6077.967,10.203882,,,,,,
1780417882.743,2068335.0,6078.113,10.203825,,,,,rotate on,OK rotated on
1780417882.799,2068360.0,6078.678,10.203847,,,,,,
1780417882.799,2068385.0,6080.209,10.203979,,,,,,
1780417882.853,2068410.0,6082.166,10.204191,,,,,,
1780417882.853,2068435.0,6086.747,10.20435,,,,,,
1780417882.910,2068460.0,6111.166,10.204602,,,,,,
1780417882.911,2068485.0,6142.048,10.204796,,,,,,
1780417882.911,2068510.0,6179.607,10.205104,,,,,,
1780417882.974,2068535.0,6238.826,10.204415,,,,,,
1780417882.975,2068560.0,6303.894,10.203198,,,,,,
1780417883.046,2068585.0,6384.696,10.200606,,,,,,
1780417883.047,2068610.0,6474.181,10.197642,,,,,,
1780417883.047,2068635.0,6564.242,10.19445,,,,,,
1780417883.098,2068660.0,6657.826,10.190894,,,,,,
1780417883.099,2068685.0,6757.138,10.186628,,,,,,
1780417883.160,2068710.0,6856.481,10.182594,,,,,,
1780417883.161,2068735.0,6955.718,10.178358,,,,,,
1780417883.161,2068760.0,7054.799,10.174183,,,,,,
1780417883.229,2068785.0,7154.17,10.169882,,,,,,
1780417883.230,2068810.0,7253.513,10.165349,,,,,,
1780417883.284,2068835.0,7352.998,10.161259,,,,,,
1780417883.284,2068860.0,7452.48,10.156925,,,,,,
1780417883.349,2068885.0,7551.834,10.152887,,,,,,
1780417883.350,2068910.0,7651.244,10.148828,,,,,,
1780417883.350,2068935.0,7750.794,10.144713,,,,,,
1780417883.412,2068960.0,7850.434,10.140318,,,,,,
1780417883.412,2068985.0,7948.321,10.136356,,,,,,
1780417883.413,2069010.0,8041.423,10.133019,,,,,,
1780417883.471,2069035.0,8126.506,10.130041,,,,,,
1780417883.472,2069060.0,8202.66,10.127815,,,,,,
1780417883.542,2069085.0,8256.277,10.125541,,,,,,
1780417883.543,2069110.0,8288.201,10.124257,,,,,,
1780417883.543,2069135.0,8310.09,10.123171,,,,,,
1780417883.598,2069160.0,8297.732,10.12351,,,,,,
1780417883.599,2069185.0,8272.012,10.124586,,,,,,
1780417883.661,2069210.0,8217.21,10.127308,,,,,,
1780417883.662,2069235.0,8144.026,10.130749,,,,,,
1780417883.662,2069260.0,8057.121,10.134168,,,,,,
1780417883.733,2069285.0,7959.56,10.137822,,,,,,
1780417883.734,2069310.0,7843.65,10.141789,,,,,,
1780417883.797,2069335.0,7719.643,10.145064,,,,,,
1780417883.797,2069360.0,7586.669,10.147772,,,,,,
1780417883.798,2069385.0,7443.406,10.149261,,,,,,
1780417883.848,2069410.0,7293.027,10.14976,,,,,,
1780417883.849,2069435.0,7136.716,10.149988,,,,,,
1780417883.915,2069460.0,6980.099,10.149844,,,,,,
1780417883.916,2069485.0,6822.927,10.149683,,,,,,
1780417883.916,2069510.0,6659.056,10.148151,,,,,,
1780417883.980,2069535.0,6493.847,10.146678,,,,,,
1780417883.981,2069560.0,6328.279,10.145108,,,,,,
1780417884.038,2069585.0,6162.656,10.143562,,,,,,
1780417884.039,2069610.0,5998.17,10.141589,,,,,,
1780417884.039,2069635.0,5832.562,10.137781,,,,,,
1780417884.099,2069660.0,5674.248,10.133656,,,,,,
1780417884.100,2069685.0,5521.873,10.128741,,,,,,
1780417884.166,2069710.0,5372.156,10.123562,,,,,,
1780417884.167,2069735.0,5237.489,10.117758,,,,,,
1780417884.167,2069760.0,5106.197,10.111632,,,,,,
1780417884.222,2069785.0,4987.518,10.105069,,,,,,
1780417884.222,2069810.0,4876.383,10.097807,,,,,,
1780417884.291,2069835.0,4778.654,10.090251,,,,,,
1780417884.292,2069860.0,4690.553,10.082856,,,,,,
1780417884.292,2069885.0,4615.554,10.075491,,,,,,
1780417884.348,2069910.0,4547.604,10.068291,,,,,,
1780417884.349,2069935.0,4492.391,10.061431,,,,,,
1780417884.419,2069960.0,4445.218,10.055048,,,,,,
1780417884.550,2069985.0,4406.865,10.049293,,,,,,
1780417884.551,2070106.0,4381.044,10.044808,,,,,,
1780417884.551,2070131.0,4367.326,10.043121,,,,,,
1780417884.602,2070156.0,4361.4,10.041916,,,,,,
1780417884.603,2070181.0,4358.616,10.041122,,,,,,
1780417884.657,2070206.0,4357.493,10.040621,,,,,,
1780417884.658,2070231.0,4365.247,10.042047,,,,,,
1780417884.658,2070256.0,4374.75,10.043492,,,,,,
1780417884.724,2070281.0,4395.644,10.046628,,,,,,
1780417884.725,2070306.0,4447.234,10.051888,,,,,,
1780417884.793,2070331.0,4500.08,10.057376,,,,,,
1780417884.794,2070356.0,4566.536,10.064451,,,,,,
1780417884.794,2070381.0,4645.027,10.071695,,,,,,
1780417884.848,2070406.0,4737.867,10.079206,,,,,,
1780417884.848,2070431.0,4847.331,10.086625,,,,,,
1780417884.910,2070456.0,4960.067,10.093526,,,,,,
1780417884.910,2070481.0,5089.632,10.099824,,,,,,
1780417884.911,2070506.0,5223.024,10.105879,,,,,,
1780417884.984,2070531.0,5366.584,10.111705,,,,,,
1780417884.984,2070556.0,5515.64,10.11689,,,,,,
1780417884.985,2070581.0,5669.176,10.121601,,,,,,
1780417885.050,2070606.0,5831.981,10.125448,,,,,,
1780417885.050,2070631.0,5996.802,10.129011,,,,,,
1780417885.098,2070656.0,6167.055,10.131991,,,,,,
1780417885.099,2070681.0,6337.688,10.135056,,,,,,
1780417885.165,2070706.0,6508.513,10.138045,,,,,,
1780417885.166,2070731.0,6684.781,10.140263,,,,,,
1780417885.166,2070756.0,6855.772,10.140786,,,,,,
1780417885.231,2070781.0,7025.182,10.14099,,,,,,
1780417885.232,2070806.0,7191.674,10.141186,,,,,,
1780417885.233,2070831.0,7356.933,10.141159,,,,,,
1780417885.298,2070856.0,7520.119,10.140531,,,,,,
1780417885.299,2070881.0,7682.814,10.139858,,,,,,
1780417885.365,2070906.0,7834.382,10.137627,,,,,,
1780417885.365,2070931.0,7954.911,10.133408,,,,,,
1780417885.366,2070956.0,8074.403,10.129108,,,,,,
1780417885.415,2070981.0,8180.551,10.124878,,,,,,
1780417885.415,2071006.0,8270.033,10.121022,,,,,,
1780417885.472,2071031.0,8339.481,10.117584,,,,,,
1780417885.473,2071056.0,8388.301,10.114768,,,,,,
1780417885.540,2071081.0,8423.928,10.113346,,,,,,
1780417885.540,2071106.0,8431.395,10.113183,,,,,,
1780417885.540,2071131.0,8428.95,10.11364,,,,,,
1780417885.601,2071156.0,8405.244,10.115151,,,,,,
1780417885.603,2071181.0,8367.027,10.117346,,,,,,
1780417885.669,2071206.0,8312.363,10.120498,,,,,,
1780417885.670,2071231.0,8238.335,10.12451,,,,,,
1780417885.671,2071256.0,8150.125,10.12866,,,,,,
1780417885.728,2071281.0,8048.258,10.132963,,,,,,
1780417885.729,2071306.0,7935.198,10.137279,,,,,,
1780417885.800,2071331.0,7814.059,10.141132,,,,,,
1780417885.800,2071356.0,7674.833,10.145453,,,,,,
1780417885.800,2071381.0,7523.723,10.148477,,,,,,
1780417885.849,2071406.0,7362.376,10.150531,,,,,,
1780417885.849,2071431.0,7200.747,10.15244,,,,,,
1780417885.909,2071456.0,7038.549,10.153863,,,,,,
1780417885.910,2071481.0,6873.763,10.155122,,,,,,
1780417885.910,2071506.0,6707.183,10.155905,,,,,,
1780417885.983,2071531.0,6535.664,10.155803,,,,,,
1780417885.983,2071556.0,6364.044,10.155506,,,,,,
1780417885.983,2071581.0,6190.813,10.154904,,,,,,
1780417886.035,2071606.0,6021.19,10.153225,,,,,,
1780417886.036,2071631.0,5853.592,10.150625,,,,,,
1780417886.100,2071656.0,5691.374,10.147227,,,,,,
1780417886.101,2071681.0,5533.264,10.143488,,,,,,
1780417886.167,2071706.0,5385.19,10.138597,,,,,,
1780417886.167,2071731.0,5248.296,10.132873,,,,,,
1780417886.168,2071756.0,5117.448,10.12679,,,,,,
1780417886.233,2071781.0,4997.709,10.120108,,,,,,
1780417886.233,2071806.0,4887.052,10.113592,,,,,,
1780417886.234,2071831.0,4788.323,10.106137,,,,,,
1780417886.301,2071856.0,4699.742,10.099138,,,,,,
1780417886.301,2071881.0,4622.425,10.091702,,,,,,
1780417886.349,2071906.0,4553.372,10.084447,,,,,,
1780417886.350,2071931.0,4495.115,10.077567,,,,,,
1780417886.416,2071956.0,4444.772,10.070982,,,,,,
1780417886.416,2071981.0,4405.028,10.064805,,,,,,
1780417886.417,2072006.0,4377.095,10.059978,,,,,,
1780417886.482,2072031.0,4359.204,10.055963,,,,,,
1780417886.483,2072056.0,4342.527,10.052402,,,,,,
1780417886.483,2072081.0,4326.79,10.049185,,,,,,
1780417886.537,2072106.0,4317.805,10.047304,,,,,,
1780417886.537,2072131.0,4311.392,10.045825,,,,,,
1780417886.605,2072156.0,4314.477,10.046259,,,,,,
1780417886.606,2072181.0,4321.9,10.047345,,,,,,
1780417886.665,2072206.0,4331.379,10.048798,,,,,,
1780417886.665,2072231.0,4343.245,10.051196,,,,,,
1780417886.666,2072256.0,4358.64,10.054084,,,,,,
1780417886.732,2072281.0,4379.209,10.057065,,,,,,
1780417886.733,2072306.0,4407.209,10.06117,,,,,,
1780417886.733,2072331.0,4478.029,10.06802,,,,,,
1780417886.785,2072356.0,4549.23,10.074953,,,,,,
1780417886.785,2072381.0,4620.952,10.081925,,,,,,
1780417886.847,2072406.0,4715.29,10.088875,,,,,,
1780417886.848,2072431.0,4822.224,10.095609,,,,,,
1780417886.915,2072456.0,4936.301,10.102512,,,,,,
1780417886.916,2072481.0,5062.435,10.108706,,,,,,
1780417886.916,2072506.0,5197.217,10.114698,,,,,,
1780417886.982,2072531.0,5335.967,10.120394,,,,,,
1780417886.983,2072556.0,5488.288,10.125075,,,,,,
1780417886.983,2072581.0,5642.132,10.129646,,,,,,
1780417887.048,2072606.0,5802.556,10.133686,,,,,,
1780417887.049,2072631.0,5969.841,10.137046,,,,,,
1780417887.098,2072656.0,6138.505,10.140608,,,,,,
1780417887.098,2072681.0,6311.565,10.14304,,,,,,
1780417887.183,2072706.0,6484.677,10.145452,,,,,,
1780417887.183,2072731.0,6653.632,10.146689,,,,,,
1780417887.183,2072756.0,6823.518,10.148095,,,,,,
1780417887.184,2072781.0,6989.232,10.148063,,,,,,
1780417887.231,2072806.0,7151.001,10.147716,,,,,,
1780417887.232,2072831.0,7312.454,10.147257,,,,,,
1780417887.298,2072856.0,7472.458,10.146421,,,,,,
1780417887.298,2072881.0,7631.623,10.145443,,,,,,
1780417887.350,2072906.0,7786.556,10.144469,,,,,,
1780417887.350,2072931.0,7934.03,10.142383,,,,,,
1780417887.417,2072956.0,8036.078,10.138063,,,,,,
1780417887.417,2072981.0,8125.783,10.135021,,,,,,
1780417887.417,2073006.0,8201.597,10.133383,,,,,,
1780417887.485,2073031.0,8246.448,10.132266,,,,,,
1780417887.485,2073056.0,8263.39,10.132113,,,,,,
1780417887.486,2073081.0,8267.876,10.132352,,,,,,
1780417887.548,2073106.0,8247.784,10.133492,,,,,,
1780417887.549,2073131.0,8211.88,10.135347,,,,,,
1780417887.598,2073156.0,8163.841,10.13774,,,,,,
1780417887.598,2073181.0,8093.643,10.14083,,,,,,
1780417887.672,2073206.0,8019.722,10.144144,,,,,,
1780417887.673,2073231.0,7933.948,10.14762,,,,,,
1780417887.673,2073256.0,7841.002,10.152131,,,,,,
1780417887.720,2073281.0,7744.997,10.156598,,,,,,
1780417887.721,2073306.0,7642.939,10.161669,,,,,,
1780417887.784,2073331.0,7540.15,10.167025,,,,,,
1780417887.785,2073356.0,7437.225,10.172435,,,,,,
1780417887.785,2073381.0,7334.468,10.177746,,,,,,
1780417887.845,2073406.0,7232.226,10.183847,,,,,,
1780417887.846,2073431.0,7130.81,10.190104,,,,,,
1780417887.913,2073456.0,7023.379,10.196273,,,,,,
1780417887.913,2073481.0,6916.949,10.202292,,,,,,
1780417887.914,2073506.0,6851.357,10.208595,,,,,,
1780417887.969,2073531.0,6814.751,10.213061,,,,,,
1780417887.970,2073556.0,6768.688,10.217207,,,,,,
1780417888.045,2073581.0,6672.9,10.221271,,,,,,
1780417888.046,2073606.0,6565.507,10.22226,,,,,,
1780417888.046,2073631.0,6471.667,10.221732,,,,,,
1780417888.114,2073656.0,6408.731,10.221828,,,,,,
1780417888.114,2073681.0,6412.677,10.220024,,,,,,
1780417888.115,2073706.0,6437.678,10.216486,,,,,,
1780417888.164,2073731.0,6462.507,10.212227,,,,,,
1780417888.164,2073756.0,6416.984,10.208088,,,,,,
1780417888.220,2073781.0,6393.15,10.204697,,,,,,
1780417888.220,2073806.0,6404.086,10.202123,,,,,,
1780417888.292,2073831.0,6518.454,10.192612,,,,,,
1780417888.303,2073856.0,6671.787,10.178249,,,,,,
1780417888.304,2073881.0,6790.29,10.168551,,,,,,
1780417888.348,2073906.0,6828.894,10.165227,,,,,,
1780417888.349,2073931.0,6809.284,10.160782,,,,,,
1780417888.412,2073956.0,6798.975,10.156306,,,,,,
1780417888.413,2073981.0,6802.335,10.152538,,,,,,
1780417888.413,2074006.0,6840.135,10.148791,,,,,,
1780417888.478,2074031.0,6908.533,10.142791,,,,,,
1780417888.478,2074056.0,6967.433,10.136518,,,,,,
1780417888.538,2074081.0,6983.523,10.131907,,,,,,
1780417888.538,2074106.0,6977.471,10.127213,,,,,,
1780417888.539,2074131.0,6948.166,10.122885,,,,,,
1780417888.597,2074156.0,6969.607,10.117242,,,,,,
1780417888.598,2074181.0,7063.795,10.104218,,,,,,
1780417888.667,2074206.0,7200.517,10.092029,,,,,,
1780417888.668,2074231.0,7288.742,10.089453,,,,,,
1780417888.668,2074256.0,7274.708,10.086787,,,,,,
1780417888.728,2074281.0,7267.18,10.084371,,,,,,
1780417888.729,2074306.0,7207.989,10.08291,,,,,,
1780417888.793,2074331.0,7159.377,10.083291,,,,,,
1780417888.793,2074356.0,7166.059,10.081919,,,,,,
1780417888.794,2074381.0,7247.025,10.08036,,,,,,
1780417888.850,2074406.0,7293.461,10.07908,,,,,,
1780417888.851,2074431.0,7260.928,10.077197,,,,,,
1780417888.910,2074456.0,7138.206,10.082891,,,,,,
1780417888.911,2074481.0,7049.641,10.092163,,,,,,
1780417888.911,2074506.0,7051.679,10.091619,,,,,,
1780417888.977,2074531.0,7147.496,10.083067,,,,,,
1780417888.978,2074556.0,7279.951,10.078458,,,,,,
1780417889.033,2074581.0,7275.424,10.07806,,,,,,
1780417889.033,2074606.0,7248.638,10.076716,,,,,,
1780417889.034,2074631.0,7187.95,10.075369,,,,,,
1780417889.095,2074656.0,7119.69,10.076908,,,,,,
1780417889.096,2074681.0,7116.215,10.077271,,,,,,
1780417889.165,2074706.0,7173.902,10.074978,,,,,,
1780417889.165,2074731.0,7240.639,10.073401,,,,,,
1780417889.166,2074756.0,7211.664,10.071668,,,,,,
1780417889.224,2074781.0,7096.629,10.072686,,,,,,
1780417889.224,2074806.0,6940.075,10.083484,,,,,,
1780417889.297,2074831.0,6842.819,10.093031,,,,,,
1780417889.297,2074856.0,6866.309,10.09139,,,,,,
1780417889.298,2074881.0,6986.493,10.090251,,,,,,
1780417889.347,2074906.0,7048.815,10.089726,,,,,,
1780417889.347,2074931.0,7030.343,10.088997,,,,,,
1780417889.411,2074956.0,6998.131,10.088444,,,,,,
1780417889.412,2074981.0,6942.071,10.090619,,,,,,
1780417889.540,2075006.0,6931.215,10.091882,,,,,,
1780417889.541,2075127.0,6891.5,10.092713,,,,,,
1780417889.608,2075152.0,6947.206,10.093423,,,,,,
1780417889.608,2075177.0,7036.042,10.090586,,,,,,
1780417889.609,2075202.0,7056.984,10.089174,,,,,,
1780417889.663,2075227.0,7009.496,10.094094,,,,,,
1780417889.664,2075252.0,6878.533,10.101919,,,,,,
1780417889.715,2075277.0,6754.549,10.106584,,,,,,
1780417889.715,2075302.0,6760.041,10.106843,,,,,,
1780417889.738,2075327.0,6797.886,10.108003,,,,,,
1780417889.759,2075352.0,6885.958,10.107085,,,,,,
1780417889.782,2075377.0,6950.376,10.105294,,,,,,
1780417889.804,2075402.0,6928.186,10.106037,,,,,,
1780417889.838,2075427.0,6864.774,10.10813,,,,,,
1780417889.859,2075452.0,6802.488,10.109656,,,,,,
1780417889.881,2075477.0,6860.807,10.111464,,,,,,
1780417889.913,2075502.0,6980.074,10.109795,,,,,,
1780417889.934,2075527.0,7077.42,10.106109,,,,,,
1780417889.956,2075552.0,7114.138,10.103741,,,,,,
1780417889.978,2075577.0,7064.101,10.106793,,,,,,
1780417890.010,2075602.0,6958.243,10.109035,,,,,,
1780417890.032,2075627.0,6885.54,10.109027,,,,,,
1780417890.054,2075652.0,6914.714,10.109944,,,,,,
1780417890.086,2075677.0,6976.014,10.109498,,,,,,
1780417890.108,2075702.0,7036.256,10.106686,,,,,,
1780417890.185,2075727.0,7024.27,10.106663,,,,,crack_output on,OK crack_output on
1780417890.186,2075752.0,7028.756,10.106364,,,,,,
1780417890.187,2075777.0,6977.942,10.105672,,,,,,
1780417890.248,2075802.0,6903.881,10.109312,,,,,,
1780417890.248,2075827.0,6891.221,10.110492,,,,,,
1780417890.305,2075852.0,6922.607,10.107293,,,,,,
1780417890.305,2075877.0,7007.576,10.104766,,,,,,
1780417890.305,2075902.0,7084.771,10.104289,,,,,,
1780417890.363,2075927.0,7060.304,10.102603,,,,,,
1780417890.364,2075952.0,7037.255,10.102389,,,,,,
1780417890.428,2075977.0,6965.126,10.104296,,,,,,
1780417890.428,2076002.0,6926.978,10.106574,,,,,,
1780417890.429,2076027.0,6963.703,10.104892,,,,,,
1780417890.500,2076052.0,7006.341,10.104197,,,,,,
1780417890.500,2076077.0,7019.291,10.104231,,,,,,
1780417890.563,2076102.0,6984.815,10.10373,,,,,,
1780417890.563,2076127.0,6899.126,10.107473,,,,,,
1780417890.564,2076152.0,6876.881,10.109385,,,,,,
1780417890.615,2076177.0,6907.257,10.105585,,,,,,
1780417890.616,2076202.0,6962.264,10.10185,,,,,,
1780417890.680,2076227.0,7065.474,10.09989,,,,,,
1780417890.680,2076252.0,7086.563,10.100605,,,,,,
1780417890.681,2076277.0,7065.33,10.100431,,,,,,
1780417890.747,2076302.0,6999.791,10.100847,,,,,,
1780417890.747,2076327.0,6943.403,10.103618,,,,,,
1780417890.800,2076352.0,6963.218,10.103567,,,,,,
1780417890.801,2076377.0,7008.816,10.102947,,,,,,
1780417890.877,2076402.0,7036.709,10.10348,,,,,,
1780417890.878,2076427.0,7036.817,10.102945,,,,,,
1780417890.879,2076452.0,6971.033,10.104674,,,,,,
1780417890.879,2076477.0,6904.314,10.109481,,,,,,
1780417890.940,2076502.0,6914.333,10.108338,,,,,,
1780417890.941,2076527.0,6954.166,10.104585,,,,,,
1780417891.009,2076552.0,7081.72,10.10373,,,,,,
1780417891.009,2076577.0,7135.095,10.103894,,,,,,
1780417891.010,2076602.0,7125.754,10.103446,,,,,,
1780417891.067,2076627.0,7087.982,10.102859,,,,,,
1780417891.068,2076652.0,7022.729,10.105401,,,,,,
1780417891.133,2076677.0,7019.131,10.106068,,,,,,
1780417891.133,2076702.0,7066.78,10.105169,,,,,,
1780417891.134,2076727.0,7099.978,10.104681,,,,,,
1780417891.200,2076752.0,7088.622,10.104262,,,,,,
1780417891.201,2076777.0,7015.027,10.105689,,,,,,
1780417891.265,2076802.0,6914.293,10.112209,,,,,,
1780417891.265,2076827.0,6905.879,10.112721,,,,,,
1780417891.266,2076852.0,6930.571,10.109887,,,,,,
1780417891.314,2076877.0,7019.828,10.106258,,,,,,
1780417891.315,2076902.0,7098.491,10.105447,,,,,,
1780417891.380,2076927.0,7078.248,10.104022,,,,,,
1780417891.380,2076952.0,7050.736,10.103374,,,,,,
1780417891.381,2076977.0,6985.176,10.103963,,,,,,
1780417891.440,2077002.0,6971.946,10.104679,,,,,,
1780417891.441,2077027.0,7021.062,10.102811,,,,,,
1780417891.506,2077052.0,7062.522,10.10139,,,,,,
1780417891.507,2077077.0,7054.25,10.101461,,,,,,
1780417891.507,2077102.0,7016.126,10.101174,,,,,,
1780417891.578,2077127.0,6922.221,10.105397,,,,,,
1780417891.579,2077152.0,6868.824,10.110217,,,,,,
1780417891.579,2077177.0,6883.29,10.108351,,,,,,
1780417891.630,2077202.0,6943.145,10.103728,,,,,,
1780417891.630,2077227.0,7045.358,10.101436,,,,,,
1780417891.690,2077252.0,7052.513,10.101295,,,,,,
1780417891.691,2077277.0,7023.848,10.099933,,,,,,
1780417891.763,2077302.0,6959.384,10.099507,,,,,,
1780417891.764,2077327.0,6925.013,10.10084,,,,,,
1780417891.764,2077352.0,6927.611,10.101061,,,,,,
1780417891.820,2077377.0,6972.18,10.100763,,,,,,
1780417891.820,2077402.0,6983.578,10.10068,,,,,,
1780417891.887,2077427.0,6961.065,10.099285,,,,,,
1780417891.888,2077452.0,6861.087,10.101864,,,,,,
1780417891.888,2077477.0,6781.694,10.107405,,,,,,
1780417891.944,2077502.0,6779.98,10.107315,,,,,,
1780417891.944,2077527.0,6808.301,10.104778,,,,,,
1780417892.011,2077552.0,6918.801,10.104365,,,,,,
1780417892.011,2077577.0,6966.072,10.104896,,,,,,
1780417892.011,2077602.0,6949.845,10.104261,,,,,,
1780417892.066,2077627.0,6903.097,10.10373,,,,,,
1780417892.067,2077652.0,6836.694,10.105523,,,,,,
1780417892.130,2077677.0,6829.827,10.105974,,,,,,
1780417892.131,2077702.0,6887.025,10.104511,,,,,,
1780417892.131,2077727.0,6926.355,10.104076,,,,,,
1780417892.200,2077752.0,6929.392,10.103618,,,,,,
1780417892.200,2077777.0,6885.424,10.10333,,,,,,
1780417892.252,2077802.0,6798.207,10.108767,,,,,,
1780417892.252,2077827.0,6766.486,10.111856,,,,,,
1780417892.252,2077852.0,6773.072,10.111043,,,,,,
1780417892.321,2077877.0,6860.554,10.108697,,,,,,
1780417892.322,2077902.0,6958.644,10.107389,,,,,,
1780417892.380,2077927.0,6951.388,10.105909,,,,,,
1780417892.391,2077952.0,6917.312,10.105128,,,,,,
1780417892.392,2077977.0,6870.387,10.104898,,,,,,
1780417892.446,2078002.0,6868.687,10.105069,,,,,,
1780417892.446,2078027.0,6929.481,10.10302,,,,,,
1780417892.501,2078052.0,6996.889,10.102385,,,,,,
1780417892.502,2078077.0,7007.334,10.102899,,,,,,
1780417892.503,2078102.0,6977.889,10.102425,,,,,,
1780417892.570,2078127.0,6885.701,10.106258,,,,,,
1780417892.571,2078152.0,6839.216,10.109422,,,,,,
1780417892.627,2078177.0,6867.728,10.106847,,,,,,
1780417892.628,2078202.0,6937.148,10.102194,,,,,,
1780417892.628,2078227.0,7039.241,10.100554,,,,,,
1780417892.694,2078252.0,7037.099,10.100182,,,,,,
1780417892.694,2078277.0,7020.154,10.099307,,,,,,
1780417892.757,2078302.0,6959.488,10.099549,,,,,,
1780417892.758,2078327.0,6919.396,10.101151,,,,,,
1780417892.758,2078352.0,6929.389,10.100962,,,,,,
1780417892.821,2078377.0,6975.322,10.100476,,,,,,
1780417892.821,2078402.0,6970.268,10.100265,,,,,,
1780417892.880,2078427.0,6940.206,10.099129,,,,,,
1780417892.880,2078452.0,6859.461,10.100197,,,,,,
1780417892.881,2078477.0,6794.425,10.104198,,,,,,
1780417892.940,2078502.0,6799.425,10.103501,,,,,,
1780417892.940,2078527.0,6816.369,10.101906,,,,,,
1780417893.010,2078552.0,6921.383,10.101772,,,,,,
1780417893.010,2078577.0,6978.991,10.101984,,,,,,
1780417893.011,2078602.0,6958.237,10.100972,,,,,,
1780417893.067,2078627.0,6903.467,10.100198,,,,,,
1780417893.067,2078652.0,6838.941,10.102248,,,,,,
1780417893.127,2078677.0,6832.886,10.102877,,,,,,
1780417893.127,2078702.0,6888.226,10.101881,,,,,,
1780417893.128,2078727.0,6924.104,10.10156,,,,,,
1780417893.194,2078752.0,6913.042,10.101038,,,,,,
1780417893.196,2078777.0,6858.66,10.100758,,,,,,
1780417893.251,2078802.0,6763.531,10.105626,,,,,,
1780417893.252,2078827.0,6734.661,10.108351,,,,,,
1780417893.320,2078852.0,6748.847,10.107336,,,,,,
1780417893.320,2078877.0,6844.458,10.10568,,,,,,
1780417893.321,2078902.0,6913.449,10.105882,,,,,,
1780417893.391,2078927.0,6922.197,10.106086,,,,,,
1780417893.392,2078952.0,6890.543,10.105346,,,,,,
1780417893.392,2078977.0,6848.641,10.106234,,,,,,
1780417893.446,2079002.0,6840.362,10.10649,,,,,,
1780417893.446,2079027.0,6905.906,10.105263,,,,,,
1780417893.510,2079052.0,6977.291,10.104828,,,,,,
1780417893.511,2079077.0,6994.197,10.105004,,,,,,
1780417893.511,2079102.0,6971.527,10.104814,,,,,,
1780417893.574,2079127.0,6887.958,10.108258,,,,,,
1780417893.574,2079152.0,6856.385,10.111321,,,,,,
1780417893.630,2079177.0,6891.078,10.108115,,,,,,
1780417893.630,2079202.0,6952.453,10.103672,,,,,,
1780417893.631,2079227.0,7066.718,10.102927,,,,,,
1780417893.697,2079252.0,7084.109,10.103862,,,,,,
1780417893.697,2079277.0,7068.209,10.10354,,,,,,
1780417893.759,2079302.0,7007.032,10.103961,,,,,,
1780417893.761,2079327.0,6970.453,10.105673,,,,,,
1780417893.761,2079352.0,7003.275,10.104526,,,,,,
1780417893.819,2079377.0,7073.467,10.1041,,,,,,
1780417893.819,2079402.0,7100.582,10.104935,,,,,,
1780417893.887,2079427.0,7088.913,10.105365,,,,,,
1780417893.887,2079452.0,7011.595,10.10749,,,,,,
1780417893.888,2079477.0,6952.862,10.111983,,,,,,
1780417893.939,2079502.0,6968.127,10.111066,,,,,,
1780417893.939,2079527.0,7009.909,10.108787,,,,,,
1780417894.010,2079552.0,7095.979,10.107746,,,,,,
1780417894.010,2079577.0,7158.605,10.108717,,,,,,
1780417894.011,2079602.0,7125.766,10.108993,,,,,,
1780417894.064,2079627.0,7068.224,10.110215,,,,,,
1780417894.065,2079652.0,7008.444,10.113582,,,,,,
1780417894.127,2079677.0,7005.162,10.114873,,,,,,
1780417894.128,2079702.0,7061.314,10.114886,,,,,,
1780417894.128,2079727.0,7095.156,10.115651,,,,,,
1780417894.198,2079752.0,7081.566,10.116846,,,,,,
1780417894.198,2079777.0,7013.059,10.119041,,,,,,
1780417894.258,2079802.0,6911.259,10.126678,,,,,,
1780417894.258,2079827.0,6893.369,10.129635,,,,,,
1780417894.259,2079852.0,6918.318,10.127729,,,,,,
1780417894.320,2079877.0,7016.889,10.124923,,,,,,
1780417894.321,2079902.0,7089.076,10.125932,,,,,,
1780417894.385,2079927.0,7068.337,10.126846,,,,,,
1780417894.386,2079952.0,7033.696,10.127996,,,,,,
1780417894.386,2079977.0,6957.574,10.131652,,,,,,
1780417894.449,2080002.0,6930.139,10.134686,,,,,,
1780417894.450,2080027.0,6954.013,10.135967,,,,,,
1780417894.502,2080052.0,6996.332,10.137092,,,,,,
1780417894.502,2080077.0,6984.507,10.138096,,,,,,
1780417894.503,2080102.0,6938.334,10.138801,,,,,,
1780417894.573,2080127.0,6835.381,10.144586,,,,,,
1780417894.574,2080152.0,6798.253,10.148549,,,,,,
1780417894.629,2080177.0,6822.62,10.146097,,,,,,
1780417894.629,2080202.0,6874.297,10.142455,,,,,,
1780417894.630,2080227.0,6975.475,10.141463,,,,,,
1780417894.696,2080252.0,6994.929,10.142597,,,,,,
1780417894.697,2080277.0,6979.187,10.142675,,,,,,
1780417894.759,2080302.0,6912.18,10.14406,,,,,,
1780417894.760,2080327.0,6863.459,10.146529,,,,,,
1780417894.760,2080352.0,6892.962,10.144951,,,,,,
1780417894.823,2080377.0,6960.834,10.143744,,,,,,
1780417894.823,2080402.0,6987.514,10.143552,,,,,,
1780417894.880,2080427.0,6982.163,10.142708,,,,,,
1780417894.880,2080452.0,6894.723,10.145916,,,,,,
1780417894.881,2080477.0,6823.807,10.151309,,,,,,
1780417894.941,2080502.0,6813.254,10.151639,,,,,,
1780417894.941,2080527.0,6839.125,10.14854,,,,,,
1780417895.010,2080552.0,6947.185,10.146729,,,,,,
1780417895.010,2080577.0,7017.553,10.145206,,,,,,
1780417895.011,2080602.0,6993.881,10.14242,,,,,,
1780417895.064,2080627.0,6947.933,10.14058,,,,,,
1780417895.064,2080652.0,6909.821,10.139985,,,,,,
1780417895.125,2080677.0,6926.342,10.137994,,,,,,
1780417895.126,2080702.0,7018.771,10.134583,,,,,,
1780417895.189,2080727.0,7061.416,10.132782,,,,,,
1780417895.190,2080752.0,7075.462,10.130688,,,,,,
1780417895.190,2080777.0,7023.786,10.129899,,,,,,
1780417895.260,2080802.0,6935.078,10.134151,,,,,,
1780417895.261,2080827.0,6920.924,10.134626,,,,,,
1780417895.261,2080852.0,6957.334,10.129473,,,,,,
1780417895.319,2080877.0,7053.794,10.123079,,,,,,
1780417895.320,2080902.0,7142.875,10.118848,,,,,,
1780417895.379,2080927.0,7124.292,10.115526,,,,,,
1780417895.380,2080952.0,7101.857,10.112848,,,,,,
1780417895.380,2080977.0,7029.688,10.11347,,,,,,
1780417895.447,2081002.0,7005.158,10.11337,,,,,,
1780417895.447,2081027.0,7065.309,10.109204,,,,,,
1780417895.515,2081052.0,7126.411,10.105795,,,,,,
1780417895.516,2081077.0,7141.162,10.104164,,,,,,
1780417895.517,2081102.0,7108.752,10.10258,,,,,,
1780417895.566,2081127.0,7023.899,10.105035,,,,,,
1780417895.567,2081152.0,7000.973,10.106471,,,,,,
1780417895.627,2081177.0,7036.364,10.101966,,,,,,
1780417895.627,2081202.0,7084.605,10.097158,,,,,,
1780417895.628,2081227.0,7204.516,10.094703,,,,,,
1780417895.698,2081252.0,7235.672,10.094188,,,,,,
1780417895.699,2081277.0,7217.31,10.092643,,,,,,
1780417895.767,2081302.0,7147.527,10.092221,,,,,,
1780417895.767,2081327.0,7081.695,10.094199,,,,,,
1780417895.767,2081352.0,7118.897,10.092305,,,,,,
1780417895.820,2081377.0,7176.589,10.089746,,,,,,
1780417895.820,2081402.0,7212.43,10.088749,,,,,,
1780417895.890,2081427.0,7203.507,10.08808,,,,,,
1780417895.891,2081452.0,7125.638,10.090527,,,,,,
1780417895.891,2081477.0,7056.204,10.096354,,,,,,
1780417895.963,2081502.0,7037.038,10.098042,,,,,,
1780417895.963,2081527.0,7042.169,10.097546,,,,,,
1780417895.964,2081552.0,7148.676,10.097052,,,,,,
1780417896.030,2081577.0,7193.718,10.097525,,,,,,
1780417896.031,2081602.0,7178.686,10.096649,,,,,,
1780417896.031,2081627.0,7132.804,10.096037,,,,,,
1780417896.093,2081652.0,7056.463,10.098712,,,,,,
1780417896.094,2081677.0,7037.115,10.100302,,,,,,
1780417896.165,2081702.0,7091.693,10.098256,,,,,,
1780417896.166,2081727.0,7132.204,10.097654,,,,,,
1780417896.166,2081752.0,7128.493,10.097403,,,,,,
1780417896.228,2081777.0,7067.806,10.097971,,,,,,
1780417896.229,2081802.0,6978.145,10.104078,,,,,,
1780417896.229,2081827.0,6971.807,10.104786,,,,,,
1780417896.292,2081852.0,6987.104,10.103354,,,,,,
1780417896.292,2081877.0,7061.79,10.100024,,,,,,
1780417896.346,2081902.0,7148.929,10.098642,,,,,,
1780417896.347,2081927.0,7125.301,10.097114,,,,,,
1780417896.421,2081952.0,7107.857,10.096889,,,,,,
1780417896.421,2081977.0,7038.685,10.09882,,,,,,
1780417896.421,2082002.0,7009.398,10.10108,,,,,,
1780417896.479,2082027.0,7041.942,10.099319,,,,,,
1780417896.480,2082052.0,7098.759,10.097582,,,,,,
1780417896.481,2082077.0,7097.299,10.097668,,,,,,
1780417896.543,2082102.0,7058.6,10.097326,,,,,,
1780417896.544,2082127.0,6983.038,10.10037,,,,,,
1780417896.596,2082152.0,6955.775,10.102262,,,,,,
1780417896.596,2082177.0,6986.162,10.099464,,,,,,
1780417896.663,2082202.0,7049.998,10.095518,,,,,,
1780417896.664,2082227.0,7154.736,10.09368,,,,,,
1780417896.664,2082252.0,7153.991,10.093488,,,,,,
1780417896.721,2082277.0,7159.313,10.093598,,,,,,
1780417896.722,2082302.0,7112.483,10.093987,,,,,,
1780417896.791,2082327.0,7068.355,10.096361,,,,,,
1780417896.791,2082352.0,7077.346,10.096078,,,,,,
1780417896.792,2082377.0,7135.277,10.095065,,,,,,
1780417896.847,2082402.0,7155.141,10.095355,,,,,,
1780417896.847,2082427.0,7139.938,10.094453,,,,,,
1780417896.909,2082452.0,7046.188,10.098392,,,,,,
1780417896.910,2082477.0,6962.129,10.103581,,,,,,
1780417896.910,2082502.0,6912.286,10.107059,,,,,,
1780417896.974,2082527.0,6918.594,10.106599,,,,,,
1780417896.975,2082552.0,7043.033,10.105937,,,,,,
1780417897.037,2082577.0,7115.645,10.104594,,,,,,
1780417897.037,2082602.0,7089.665,10.102956,,,,,,
1780417897.038,2082627.0,7046.524,10.102941,,,,,,
1780417897.095,2082652.0,6978.514,10.105551,,,,,,
1780417897.096,2082677.0,6967.583,10.106587,,,,,,
1780417897.177,2082702.0,7034.033,10.104568,,,,,,
1780417897.178,2082727.0,7065.096,10.104426,,,,,,
1780417897.178,2082752.0,7049.304,10.103559,,,,,,
1780417897.178,2082777.0,6984.674,10.104268,,,,,,
1780417897.241,2082802.0,6888.46,10.110014,,,,,,
1780417897.242,2082827.0,6871.75,10.111753,,,,,,
1780417897.303,2082852.0,6891.658,10.110289,,,,,,
1780417897.304,2082877.0,6996.634,10.108263,,,,,,
1780417897.304,2082902.0,7045.2,10.108265,,,,,,
1780417897.361,2082927.0,7008.595,10.106954,,,,,,
1780417897.362,2082952.0,6972.077,10.1071,,,,,,
1780417897.424,2082977.0,6911.226,10.108543,,,,,,
1780417897.425,2083002.0,6894.409,10.110156,,,,,,
1780417897.488,2083027.0,6952.158,10.108193,,,,,,
1780417897.489,2083052.0,7008.855,10.107728,,,,,,
1780417897.489,2083077.0,7005.279,10.108157,,,,,,
1780417897.561,2083102.0,6983.015,10.108811,,,,,,
1780417897.562,2083127.0,6939.0,10.110313,,,,,,
1780417897.562,2083152.0,6922.428,10.113547,,,,,,
1780417897.629,2083177.0,6949.368,10.112144,,,,,,
1780417897.629,2083202.0,6989.323,10.110641,,,,,,
1780417897.630,2083227.0,7095.279,10.112418,,,,,,
1780417897.679,2083252.0,7089.619,10.114644,,,,,,
1780417897.679,2083277.0,7081.534,10.117333,,,,,,
1780417897.737,2083302.0,7025.23,10.120907,,,,,,
1780417897.737,2083327.0,6979.287,10.126205,,,,,,
1780417897.802,2083352.0,7002.767,10.127972,,,,,,
1780417897.803,2083377.0,7062.454,10.13068,,,,,,
1780417897.803,2083402.0,7086.66,10.134902,,,,,,
1780417897.875,2083427.0,7080.505,10.138552,,,,,,
1780417897.876,2083452.0,6996.065,10.145061,,,,,,
1780417897.929,2083477.0,6928.21,10.153544,,,,,,
1780417897.930,2083502.0,6926.965,10.156839,,,,,,
1780417897.930,2083527.0,6965.971,10.157211,,,,,,
1780417897.986,2083552.0,7085.225,10.160445,,,,,,
1780417897.987,2083577.0,7125.058,10.1657,,,,,,
1780417898.059,2083602.0,7108.87,10.170848,,,,,,
1780417898.060,2083627.0,7058.015,10.176278,,,,,,
1780417898.060,2083652.0,6985.909,10.184626,,,,,,
1780417898.112,2083677.0,6977.574,10.189666,,,,,,
1780417898.112,2083702.0,7047.042,10.191937,,,,,,
1780417898.188,2083727.0,7077.166,10.196377,,,,,,
1780417898.188,2083752.0,7083.764,10.201401,,,,,,
1780417898.189,2083777.0,7025.625,10.207057,,,,,,
1780417898.245,2083802.0,6930.436,10.218216,,,,,,
1780417898.246,2083827.0,6919.489,10.221753,,,,,,
1780417898.300,2083852.0,6953.103,10.220026,,,,,,
1780417898.301,2083877.0,7063.091,10.217736,,,,,,
1780417898.365,2083902.0,7136.581,10.217766,,,,,,
1780417898.366,2083927.0,7103.087,10.220729,,,,,,
1780417898.366,2083952.0,7065.537,10.224152,,,,,,
1780417898.426,2083977.0,7002.237,10.229402,,,,,,
1780417898.426,2084002.0,6984.481,10.233126,,,,,,
1780417898.498,2084027.0,7045.953,10.231032,,,,,,
1780417898.499,2084052.0,7098.954,10.229877,,,,,,
1780417898.499,2084077.0,7106.693,10.231016,,,,,,
1780417898.559,2084102.0,7078.105,10.23232,,,,,,
1780417898.560,2084127.0,7000.13,10.237581,,,,,,
1780417898.560,2084152.0,6974.887,10.239614,,,,,,
1780417898.624,2084177.0,6978.725,10.238105,,,,,,
1780417898.625,2084202.0,7031.199,10.233081,,,,,,
1780417898.678,2084227.0,7125.182,10.228897,,,,,,
1780417898.679,2084252.0,7144.805,10.227323,,,,,,
1780417898.679,2084277.0,7126.808,10.225558,,,,,,
1780417898.741,2084302.0,7061.941,10.225276,,,,,,
1780417898.742,2084327.0,7016.916,10.226187,,,,,,
1780417898.808,2084352.0,7069.36,10.220662,,,,,,
1780417898.809,2084377.0,7139.22,10.214457,,,,,,
1780417898.809,2084402.0,7152.627,10.210914,,,,,,
1780417898.861,2084427.0,7143.303,10.206663,,,,,,
1780417898.862,2084452.0,7056.274,10.209034,,,,,,
1780417898.926,2084477.0,6993.225,10.212003,,,,,,
1780417898.926,2084502.0,6985.13,10.209826,,,,,,
1780417898.999,2084527.0,7001.714,10.204575,,,,,,
1780417898.999,2084552.0,7119.021,10.197046,,,,,,
1780417899.000,2084577.0,7186.472,10.190104,,,,,,
1780417899.066,2084602.0,7160.712,10.18251,,,,,,
1780417899.066,2084627.0,7117.838,10.177176,,,,,,
1780417899.067,2084652.0,7053.691,10.17637,,,,,,
1780417899.130,2084677.0,7048.036,10.173314,,,,,,
1780417899.131,2084702.0,7117.783,10.165868,,,,,,
1780417899.131,2084727.0,7178.087,10.158617,,,,,,
1780417899.189,2084752.0,7160.895,10.152363,,,,,,
1780417899.190,2084777.0,7089.967,10.150161,,,,,,
1780417899.389,2084802.0,7023.949,10.150288,0.067921,88.619453,2084588.25,14.942674,,
1780417899.390,2084923.0,6912.939,10.147763,,,,,,
1780417899.390,2084948.0,6837.585,10.146323,,,,,,
1780417899.391,2084973.0,6828.03,10.14223,,,,,,
1780417899.462,2084998.0,6878.124,10.137321,,,,,,
1780417899.462,2085023.0,6969.274,10.1303,,,,,,
1780417899.463,2085048.0,7019.701,10.124229,,,,,,
1780417899.529,2085073.0,6962.301,10.123766,,,,,,
1780417899.529,2085098.0,6885.028,10.123316,,,,,,
1780417899.530,2085123.0,6865.627,10.120143,,,,,,
1780417899.595,2085148.0,6891.131,10.117781,,,,,,
1780417899.595,2085173.0,6967.405,10.112256,,,,,,
1780417899.664,2085198.0,7001.405,10.108459,,,,,,
1780417899.665,2085223.0,6983.666,10.108846,,,,,,
1780417899.665,2085248.0,6898.745,10.111306,,,,,,
1780417899.745,2085273.0,6809.636,10.112347,,,,,,
1780417899.745,2085298.0,6742.288,10.112182,,,,,,
1780417899.746,2085323.0,6790.063,10.11333,,,,,,
1780417899.811,2085348.0,6874.864,10.110473,,,,,,
1780417899.812,2085373.0,6939.131,10.106414,,,,,,
1780417899.812,2085398.0,6922.016,10.105659,,,,,,
1780417899.890,2085423.0,6847.986,10.107425,,,,,,
1780417899.891,2085448.0,6785.428,10.108922,,,,,,
1780417899.891,2085473.0,6823.958,10.109514,,,,,,
1780417899.961,2085498.0,6941.23,10.103177,,,,,,
1780417899.962,2085523.0,7054.324,10.094534,,,,,,
1780417899.962,2085548.0,7199.654,10.09071,,,,,,
1780417900.028,2085573.0,7251.799,10.090199,,,,,,
1780417900.029,2085598.0,7241.932,10.089942,,,,,,
1780417900.029,2085623.0,7179.161,10.088923,,,,,,
1780417900.095,2085648.0,7085.433,10.09137,,,,,,
1780417900.095,2085673.0,7017.281,10.09357,,,,,,
1780417900.162,2085698.0,6998.653,10.093524,,,,,,
1780417900.162,2085723.0,6997.212,10.092873,,,,,,
1780417900.163,2085748.0,6993.749,10.092773,,,,,,
1780417900.228,2085773.0,6959.323,10.092271,,,,,,
1780417900.229,2085798.0,6889.456,10.095522,,,,,,
1780417900.229,2085823.0,6916.299,10.092857,,,,,,
1780417900.295,2085848.0,6979.402,10.086164,,,,,,
1780417900.295,2085873.0,7094.429,10.079782,,,,,,
1780417900.361,2085898.0,7189.464,10.077425,,,,,,
1780417900.362,2085923.0,7149.417,10.07354,,,,,,
1780417900.362,2085948.0,7125.554,10.072648,,,,,,
1780417900.429,2085973.0,7041.553,10.074463,,,,,,
1780417900.429,2085998.0,6976.172,10.077729,,,,,,
1780417900.430,2086023.0,6963.359,10.078558,,,,,,
1780417900.504,2086048.0,6982.622,10.078595,,,,,,
1780417900.504,2086073.0,6989.959,10.078654,,,,,,
1780417900.505,2086098.0,6954.158,10.078696,,,,,,
1780417900.578,2086123.0,6843.193,10.08524,,,,,,
1780417900.578,2086148.0,6772.569,10.092383,,,,,,
1780417900.579,2086173.0,6782.635,10.091508,,,,,,
1780417900.645,2086198.0,6857.634,10.085599,,,,,,
1780417900.646,2086223.0,6962.399,10.082455,,,,,,
1780417900.712,2086248.0,6996.599,10.084082,,,,,,
1780417900.713,2086273.0,7005.477,10.084962,,,,,,
1780417900.713,2086298.0,6986.365,10.084686,,,,,,
1780417900.778,2086323.0,6988.787,10.085447,,,,,,
1780417900.779,2086348.0,7002.097,10.086818,,,,,,
1780417900.780,2086373.0,7015.31,10.087729,,,,,,
1780417900.844,2086398.0,7015.132,10.088288,,,,,,
1780417900.845,2086423.0,6998.159,10.087861,,,,,,
1780417900.912,2086448.0,6884.347,10.093166,,,,,,
1780417900.912,2086473.0,6784.52,10.10302,,,,,,
1780417900.913,2086498.0,6775.402,10.105323,,,,,,
1780417900.979,2086523.0,6816.084,10.102111,,,,,,
1780417900.980,2086548.0,6970.468,10.103387,,,,,,
1780417900.980,2086573.0,7038.619,10.104293,,,,,,
1780417901.044,2086598.0,7010.366,10.104072,,,,,,
1780417901.045,2086623.0,6983.046,10.104071,,,,,,
1780417901.111,2086648.0,6954.054,10.104678,,,,,,
1780417901.112,2086673.0,6927.419,10.106075,,,,,,
1780417901.112,2086698.0,6913.447,10.108136,,,,,,
1780417901.177,2086723.0,6909.383,10.109979,,,,,,
1780417901.178,2086748.0,6894.937,10.111996,,,,,,
1780417901.178,2086773.0,6826.748,10.115505,,,,,,
1780417901.262,2086798.0,6715.349,10.126027,,,,,,
1780417901.262,2086823.0,6677.976,10.133299,,,,,,
1780417901.263,2086848.0,6712.859,10.132151,,,,,,
1780417901.328,2086873.0,6818.138,10.129734,,,,,,
1780417901.329,2086898.0,6907.885,10.130828,,,,,,
1780417901.329,2086923.0,6882.852,10.132004,,,,,,
1780417901.395,2086948.0,6866.875,10.135351,,,,,,
1780417901.396,2086973.0,6845.624,10.139055,,,,,,
1780417901.461,2086998.0,6841.384,10.144165,,,,,,
1780417901.461,2087023.0,6845.272,10.150245,,,,,,
1780417901.462,2087048.0,6848.527,10.158035,,,,,,
1780417901.528,2087073.0,6855.36,10.166883,,,,,,
1780417901.528,2087098.0,6822.08,10.175252,,,,,,
1780417901.528,2087123.0,6716.943,10.189124,,,,,,
1780417901.594,2087148.0,6664.042,10.202488,,,,,,
1780417901.595,2087173.0,6693.306,10.2049,,,,,,
1780417901.662,2087198.0,6771.791,10.203232,,,,,,
1780417901.662,2087223.0,6919.694,10.207558,,,,,,
1780417901.663,2087248.0,6960.277,10.218491,,,,,,
1780417901.727,2087273.0,6975.129,10.229145,,,,,,
1780417901.728,2087298.0,6966.014,10.239096,,,,,,
1780417901.728,2087323.0,6952.717,10.248495,,,,,,
1780417901.794,2087348.0,6943.716,10.257915,,,,,,
1780417901.795,2087373.0,6938.912,10.266414,,,,,,
1780417901.862,2087398.0,6930.058,10.275043,,,,,,
1780417901.863,2087423.0,6901.971,10.282636,,,,,,
1780417901.864,2087448.0,6800.988,10.293048,,,,,,
1780417901.928,2087473.0,6657.509,10.308619,,,,,,
1780417901.928,2087498.0,6527.643,10.321934,,,,,,
1780417901.928,2087523.0,6428.775,10.331768,,,,,,
1780417901.994,2087548.0,6454.213,10.342148,,,,,,
1780417901.995,2087573.0,6449.686,10.34981,,,,,,
1780417902.061,2087598.0,6446.588,10.356663,,,,,,
1780417902.061,2087623.0,6428.835,10.362166,,,,,,
1780417902.062,2087648.0,6410.391,10.367204,,,,,,
1780417902.127,2087673.0,6396.654,10.370635,,,,,,
1780417902.128,2087698.0,6380.836,10.372663,,,,,,
1780417902.128,2087723.0,6363.851,10.374162,,,,,,
1780417902.194,2087748.0,6344.837,10.375466,,,,,,
1780417902.195,2087773.0,6256.049,10.37955,,,,,,
1780417902.261,2087798.0,6109.813,10.391284,,,,,,
1780417902.262,2087823.0,5956.288,10.403801,,,,,,
1780417902.262,2087848.0,5831.399,10.411286,,,,,,
1780417902.327,2087873.0,5790.413,10.411256,,,,,,
1780417902.328,2087898.0,5768.063,10.411141,,,,,,
1780417902.328,2087923.0,5768.296,10.411294,,,,,,
1780417902.394,2087948.0,5768.367,10.411021,,,,,,
1780417902.394,2087973.0,5768.388,10.411014,,,,,,
1780417902.461,2087998.0,5768.434,10.411241,,,,,,
1780417902.461,2088023.0,5768.545,10.411197,,,,,,
1780417902.461,2088048.0,5768.672,10.410902,,,,,,
1780417902.527,2088073.0,5768.636,10.41116,,,,,,
1780417902.528,2088098.0,5768.886,10.411308,,,,,,
1780417902.528,2088123.0,5768.911,10.411299,,,,,,
1780417902.594,2088148.0,5768.881,10.411556,,,,,,
1780417902.594,2088173.0,5768.739,10.411613,,,,,,
1780417902.661,2088198.0,5768.551,10.411686,,,,,,
1780417902.661,2088223.0,5768.556,10.411684,,,,,,
1780417902.661,2088248.0,5768.469,10.411718,,,,,,
1780417902.727,2088273.0,5768.591,10.411425,,,,,,
1780417902.728,2088298.0,5768.622,10.411166,,,,,,
1780417902.728,2088323.0,5768.394,10.411011,,,,,,
1780417902.794,2088348.0,5755.456,10.410462,,,,,,
1780417902.794,2088373.0,5742.04,10.410103,,,,,,
1780417902.861,2088398.0,5728.732,10.4097,,,,,,
1780417902.861,2088423.0,5715.17,10.409155,,,,,,
1780417902.861,2088448.0,5701.67,10.408585,,,,,,
1780417902.927,2088473.0,5688.153,10.408264,,,,,,
1780417902.927,2088498.0,5674.686,10.407926,,,,,,
1780417902.928,2088523.0,5661.246,10.407329,,,,,,
1780417902.994,2088548.0,5647.689,10.406534,,,,,,
1780417902.994,2088573.0,5634.26,10.40618,,,,,,
1780417903.060,2088598.0,5620.733,10.405618,,,,,,
1780417903.061,2088623.0,5607.146,10.405081,,,,,,
1780417903.061,2088648.0,5593.566,10.404785,,,,,,
1780417903.127,2088673.0,5580.044,10.404468,,,,,,
1780417903.128,2088698.0,5566.54,10.403652,,,,,,
1780417903.128,2088723.0,5552.935,10.403121,,,,,,
1780417903.194,2088748.0,5539.35,10.402583,,,,,,
1780417903.194,2088773.0,5525.921,10.401738,,,,,,
1780417903.260,2088798.0,5512.469,10.401393,,,,,,
1780417903.261,2088823.0,5499.092,10.400528,,,,,,
1780417903.261,2088848.0,5485.481,10.400245,,,,,,
1780417903.337,2088873.0,5472.091,10.399876,,,,,,
1780417903.338,2088898.0,5458.558,10.399318,,,,,,
1780417903.338,2088923.0,5445.018,10.398762,,,,,,
1780417903.410,2088948.0,5431.753,10.398344,,,,,,
1780417903.411,2088973.0,5431.112,10.398597,,,,,,
1780417903.411,2088998.0,5430.793,10.398478,,,,,,
1780417903.477,2089023.0,5430.595,10.398312,,,,,,
1780417903.478,2089048.0,5430.469,10.398361,,,,,,
1780417903.478,2089073.0,5430.325,10.398417,,,,,,
1780417903.543,2089098.0,5430.154,10.398485,,,,,,
1780417903.544,2089123.0,5429.987,10.398062,,,,,,
1780417903.610,2089148.0,5429.825,10.397882,,,,,,
1780417903.611,2089173.0,5429.668,10.398188,,,,,,
1780417903.611,2089198.0,5429.56,10.398231,,,,,,
1780417903.677,2089223.0,5429.434,10.398036,,,,,,
1780417903.677,2089248.0,5429.479,10.398018,,,,,,
1780417903.678,2089273.0,5429.371,10.397817,,,,,,
1780417903.744,2089298.0,5429.339,10.397586,,,,,,
1780417903.744,2089323.0,5429.128,10.397669,,,,,,
1780417903.811,2089348.0,5429.132,10.397423,,,,,,
1780417903.811,2089373.0,5429.074,10.397446,,,,,,
1780417903.812,2089398.0,5428.908,10.397511,,,,,,
1780417903.878,2089423.0,5428.768,10.397322,,,,,,
1780417903.878,2089448.0,5428.687,10.397598,,,,,,
1780417903.878,2089473.0,5428.737,10.397334,,,,,,
1780417903.944,2089498.0,5428.818,10.397302,,,,,,
1780417903.944,2089523.0,5428.777,10.397318,,,,,,
1780417904.027,2089548.0,5428.732,10.397336,,,,,,
1780417904.027,2089573.0,5428.656,10.397366,,,,,,
1780417904.028,2089598.0,5428.458,10.397444,,,,,,
1780417904.028,2089623.0,5428.651,10.397367,,,,,,
1780417904.093,2089648.0,5428.598,10.397388,,,,,,
1780417904.094,2089673.0,5428.58,10.39764,,,,,,
1780417904.160,2089698.0,5428.607,10.39763,,,,,,
1780417904.161,2089723.0,5428.643,10.397371,,,,,,
1780417904.161,2089748.0,5428.616,10.397625,,,,,,
1780417904.227,2089773.0,5428.634,10.397618,,,,,,
1780417904.227,2089798.0,5428.665,10.397362,,,,,,
1780417904.228,2089823.0,5428.562,10.397158,,,,,,
1780417904.294,2089848.0,5428.566,10.3974,,,,,,
1780417904.294,2089873.0,5428.521,10.397418,,,,,,
1780417904.360,2089898.0,5428.603,10.39763,,,,,,
1780417904.361,2089923.0,5428.481,10.397922,,,,,,
1780417904.361,2089948.0,5428.549,10.397896,,,,,,
1780417904.427,2089973.0,5428.544,10.398141,,,,,,
1780417904.427,2089998.0,5428.742,10.398308,,,,,,
1780417904.428,2090023.0,5428.706,10.398078,,,,,,
1780417904.494,2090048.0,5428.75,10.39806,,,,,,
1780417904.495,2090073.0,5428.625,10.397865,,,,,,
1780417904.560,2090098.0,5428.683,10.398087,,,,,,
1780417904.561,2090123.0,5428.404,10.397952,,,,,,
1780417904.561,2090148.0,5428.355,10.397972,,,,,,
1780417904.627,2090173.0,5428.211,10.398028,,,,,,
1780417904.627,2090198.0,5428.301,10.398238,,,,,,
1780417904.628,2090223.0,5428.311,10.39799,,,,,,
1780417904.693,2090248.0,5428.207,10.398031,,,,,,
1780417904.694,2090273.0,5428.243,10.398017,,,,,,
1780417904.759,2090298.0,5428.36,10.397727,,,,,,
1780417904.760,2090323.0,5428.243,10.397773,,,,,,
1780417904.760,2090348.0,5428.243,10.397773,,,,,,
1780417904.826,2090373.0,5428.22,10.397781,,,,,,
1780417904.826,2090398.0,5428.063,10.397843,,,,,,
1780417904.827,2090423.0,5428.027,10.397858,,,,,,
1780417904.894,2090448.0,5428.036,10.397854,,,,,,
1780417904.894,2090473.0,5428.022,10.397615,,,,,,
1780417904.960,2090498.0,5427.891,10.397423,,,,,,
1780417904.960,2090523.0,5427.788,10.397463,,,,,,
1780417904.961,2090548.0,5427.721,10.397001,,,,,,
1780417905.026,2090573.0,5427.806,10.397212,,,,,,
1780417905.027,2090598.0,5427.56,10.397065,,,,,,
1780417905.027,2090623.0,5427.429,10.396872,,,,,,
1780417905.093,2090648.0,5427.371,10.397383,,,,,,
1780417905.094,2090673.0,5427.321,10.397647,,,,,,
1780417905.160,2090698.0,5427.416,10.397854,,,,,,
1780417905.161,2090723.0,5427.411,10.397856,,,,,,
1780417905.161,2090748.0,5427.509,10.397817,,,,,,
1780417905.226,2090773.0,5427.559,10.397798,,,,,,
1780417905.227,2090798.0,5427.694,10.397744,,,,,,
1780417905.227,2090823.0,5427.689,10.397258,,,,,,
1780417905.293,2090848.0,5427.784,10.397222,,,,,,
1780417905.293,2090873.0,5427.792,10.397462,,,,,,
1780417905.360,2090898.0,5427.756,10.397476,,,,,,
1780417905.360,2090923.0,5427.666,10.397512,,,,,,
1780417905.361,2090948.0,5427.581,10.397546,,,,,,
1780417905.426,2090973.0,5427.527,10.397567,,,,,,
1780417905.427,2090998.0,5427.532,10.397809,,,,,,
1780417905.427,2091023.0,5427.595,10.397784,,,,,,
1780417905.493,2091048.0,5427.626,10.397772,,,,,,
1780417905.494,2091073.0,5427.564,10.397552,,,,,,
1780417905.560,2091098.0,5427.527,10.397811,,,,,,
1780417905.561,2091123.0,5427.464,10.39808,,,,,,
1780417905.562,2091148.0,5427.541,10.397805,,,,,,
1780417905.627,2091173.0,5427.653,10.398005,,,,,,
1780417905.627,2091198.0,5427.623,10.398017,,,,,,
1780417905.628,2091223.0,5427.712,10.397982,,,,,,
1780417905.693,2091248.0,5427.752,10.397965,,,,,,
1780417905.693,2091273.0,5427.937,10.397894,,,,,,
1780417905.760,2091298.0,5427.861,10.397679,,,,,,
1780417905.760,2091323.0,5427.888,10.397669,,,,,,
1780417905.761,2091348.0,5427.807,10.397701,,,,,,
1780417905.827,2091373.0,5427.744,10.397726,,,,,,
1780417905.827,2091398.0,5427.699,10.397743,,,,,,
1780417905.828,2091423.0,5427.784,10.397954,,,,,,
1780417905.893,2091448.0,5427.721,10.398222,,,,,,
1780417905.894,2091473.0,5427.581,10.398277,,,,,,
1780417905.962,2091498.0,5427.636,10.398255,,,,,,
1780417905.962,2091523.0,5427.582,10.39852,,,,,,
1780417905.963,2091548.0,5427.519,10.398545,,,,,,
1780417906.027,2091573.0,5427.64,10.398498,,,,,,
1780417906.027,2091598.0,5427.685,10.398236,,,,,,
1780417906.028,2091623.0,5427.734,10.397972,,,,,,
1780417906.093,2091648.0,5427.667,10.397999,,,,,,
1780417906.094,2091673.0,5427.708,10.397983,,,,,,
1780417906.161,2091698.0,5427.793,10.398192,,,,,,
1780417906.162,2091723.0,5427.807,10.397943,,,,,,
1780417906.162,2091748.0,5427.928,10.397896,,,,,,
1780417906.227,2091773.0,5427.851,10.39817,,,,,,
1780417906.228,2091798.0,5427.82,10.398183,,,,,,
1780417906.228,2091823.0,5427.681,10.397994,,,,,,
1780417906.294,2091848.0,5427.676,10.398239,,,,,,
1780417906.294,2091873.0,5427.528,10.398297,,,,,,
1780417906.360,2091898.0,5427.56,10.398042,,,,,,
1780417906.361,2091923.0,5427.793,10.397949,,,,,,
1780417906.361,2091948.0,5427.789,10.397951,,,,,,
1780417906.429,2091973.0,5427.663,10.397757,,,,,,
1780417906.429,2091998.0,5427.748,10.397723,,,,,,
1780417906.429,2092023.0,5427.739,10.397727,,,,,,
1780417906.493,2092048.0,5427.663,10.397512,,,,,,
1780417906.494,2092073.0,5427.676,10.397508,,,,,,
1780417906.560,2092098.0,5427.694,10.3975,,,,,,
1780417906.560,2092123.0,5427.653,10.397272,,,,,,
1780417906.561,2092148.0,5427.685,10.397016,,,,,,
1780417906.626,2092173.0,5427.815,10.39672,,,,,,
1780417906.627,2092198.0,5427.689,10.39677,,,,,,
1780417906.627,2092223.0,5427.829,10.396958,,,,,,
1780417906.693,2092248.0,5427.681,10.397017,,,,,,
1780417906.694,2092273.0,5427.757,10.39723,,,,,,
1780417906.760,2092298.0,5427.689,10.397501,,,,,,
1780417906.760,2092323.0,5427.748,10.397722,,,,,,
1780417906.760,2092348.0,5427.676,10.397507,,,,,,
1780417906.826,2092373.0,5427.667,10.397511,,,,,,
1780417906.826,2092398.0,5427.676,10.397507,,,,,,
1780417906.827,2092423.0,5427.618,10.397531,,,,,,
1780417906.892,2092448.0,5427.734,10.397728,,,,,,
1780417906.893,2092473.0,5427.739,10.397483,,,,,,
1780417906.960,2092498.0,5427.811,10.397454,,,,,,
1780417906.960,2092523.0,5427.64,10.397522,,,,,,
1780417906.961,2092548.0,5427.685,10.397505,,,,,,
1780417907.026,2092573.0,5427.739,10.397239,,,,,,
1780417907.026,2092598.0,5427.896,10.397178,,,,,,
1780417907.027,2092623.0,5427.721,10.397246,,,,,,
1780417907.093,2092648.0,5427.726,10.397244,,,,,,
1780417907.094,2092673.0,5427.82,10.397207,,,,,,
1780417907.160,2092698.0,5427.811,10.397211,,,,,,
1780417907.161,2092723.0,5427.959,10.397153,,,,,,
1780417907.163,2092748.0,5427.978,10.397389,,,,,,
1780417907.227,2092773.0,5427.766,10.397228,,,,,,
1780417907.228,2092798.0,5427.753,10.397477,,,,,,
1780417907.228,2092823.0,5427.73,10.397486,,,,,,
1780417907.293,2092848.0,5427.493,10.397579,,,,,,
1780417907.294,2092873.0,5427.578,10.39779,,,,,,
1780417907.360,2092898.0,5427.654,10.39776,,,,,,
1780417907.361,2092923.0,5427.632,10.397282,,,,,,
1780417907.362,2092948.0,5427.498,10.397334,,,,,,
1780417907.427,2092973.0,5427.69,10.397502,,,,,,
1780417907.428,2092998.0,5427.695,10.3975,,,,,,
1780417907.428,2093023.0,5427.744,10.397236,,,,,,
1780417907.514,2093048.0,5427.798,10.397215,,,,,,
1780417907.514,2093073.0,5427.793,10.396973,,,,,,
1780417907.515,2093098.0,5427.779,10.396978,,,,,,
1780417907.578,2093123.0,5427.82,10.396963,,,,,,
1780417907.579,2093148.0,5427.878,10.39694,,,,,,
1780417907.579,2093173.0,5427.734,10.396996,,,,,,
1780417907.643,2093198.0,5427.6,10.397294,,,,,,
1780417907.643,2093223.0,5427.455,10.397351,,,,,,
1780417907.711,2093248.0,5427.604,10.397292,,,,,,
1780417907.712,2093273.0,5427.581,10.397302,,,,,,
1780417907.712,2093298.0,5427.496,10.397091,,,,,,
1780417907.781,2093323.0,5427.474,10.397344,,,,,,
1780417907.782,2093348.0,5427.451,10.397596,,,,,,
1780417907.784,2093373.0,5427.348,10.397393,,,,,,
1780417907.861,2093398.0,5427.527,10.39781,,,,,,
1780417907.861,2093423.0,5427.353,10.398123,,,,,,
1780417907.862,2093448.0,5427.344,10.398127,,,,,,
1780417907.943,2093473.0,5427.456,10.398082,,,,,,
1780417907.944,2093498.0,5427.434,10.397846,,,,,,
1780417907.944,2093523.0,5427.276,10.397665,,,,,,
1780417908.029,2093548.0,5427.384,10.397866,,,,,,
1780417908.029,2093573.0,5427.419,10.397608,,,,,,
1780417908.030,2093598.0,5427.236,10.397924,,,,,,
1780417908.031,2093623.0,5427.236,10.398169,,,,,,
1780417908.111,2093648.0,5427.096,10.39798,,,,,,
1780417908.112,2093673.0,5427.091,10.397982,,,,,,
1780417908.112,2093698.0,5427.064,10.398236,,,,,,
1780417908.177,2093723.0,5427.114,10.398216,,,,,,
1780417908.178,2093748.0,5427.038,10.398247,,,,,,
1780417908.178,2093773.0,5427.074,10.398232,,,,,,
1780417908.263,2093798.0,5427.074,10.398232,,,,,,
1780417908.263,2093823.0,5427.105,10.397977,,,,,,
1780417908.264,2093848.0,5427.141,10.397963,,,,,,
1780417908.330,2093873.0,5427.069,10.397991,,,,,,
1780417908.330,2093898.0,5427.119,10.398215,,,,,,
1780417908.331,2093923.0,5427.092,10.398469,,,,,,
1780417908.410,2093948.0,5427.15,10.397958,,,,,,
1780417908.411,2093973.0,5426.966,10.397542,,,,,,
1780417908.411,2093998.0,5427.061,10.397505,,,,,,
1780417908.477,2094023.0,5426.998,10.39753,,,,,,
1780417908.478,2094048.0,5427.127,10.397235,,,,,,
1780417908.478,2094073.0,5427.271,10.397178,,,,,,
1780417908.544,2094098.0,5427.257,10.397184,,,,,,
1780417908.544,2094123.0,5427.28,10.397176,,,,,,
1780417908.611,2094148.0,5427.375,10.397139,,,,,,
1780417908.611,2094173.0,5427.235,10.397193,,,,,,
1780417908.612,2094198.0,5427.24,10.397191,,,,,,
1780417908.675,2094223.0,5427.389,10.396889,,,,,,
1780417908.676,2094248.0,5427.433,10.396627,,,,,,
1780417908.676,2094273.0,5427.371,10.397139,,,,,,
1780417908.750,2094298.0,5427.411,10.397124,,,,,,
1780417908.752,2094323.0,5427.478,10.396853,,,,,,
1780417908.753,2094348.0,5427.383,10.396891,,,,,,
1780417908.826,2094373.0,5427.441,10.396868,,,,,,
1780417908.827,2094398.0,5427.361,10.396899,,,,,,
1780417908.827,2094423.0,5427.411,10.39688,,,,,,
1780417908.893,2094448.0,5427.304,10.396922,,,,,,
1780417908.894,2094473.0,5427.366,10.396897,,,,,,
1780417908.977,2094498.0,5427.344,10.39715,,,,,,
1780417908.978,2094523.0,5427.442,10.396868,,,,,,
1780417908.978,2094548.0,5427.528,10.396833,,,,,,
1780417908.979,2094573.0,5427.425,10.397118,,,,,,
1780417909.048,2094598.0,5427.51,10.397327,,,,,,
1780417909.048,2094623.0,5427.569,10.397305,,,,,,
1780417909.049,2094648.0,5427.609,10.397288,,,,,,
1780417909.125,2094673.0,5427.546,10.397313,,,,,,
1780417909.126,2094698.0,5427.5,10.397575,,,,,,
1780417909.126,2094723.0,5427.353,10.397634,,,,,,
1780417909.195,2094748.0,5427.281,10.397417,,,,,,
1780417909.196,2094773.0,5427.326,10.397644,,,,,,
1780417909.263,2094798.0,5427.263,10.397425,,,,,,
1780417909.263,2094823.0,5427.186,10.397455,,,,,,
1780417909.263,2094848.0,5427.079,10.397741,,,,,,
1780417909.326,2094873.0,5426.926,10.397801,,,,,,
1780417909.327,2094898.0,5427.132,10.397233,,,,,,
1780417909.327,2094923.0,5427.155,10.397223,,,,,,
1780417909.393,2094948.0,5427.101,10.39749,,,,,,
1780417909.394,2094973.0,5427.168,10.397463,,,,,,
1780417909.460,2094998.0,5427.06,10.397505,,,,,,
1780417909.460,2095023.0,5427.127,10.397479,,,,,,
1780417909.461,2095048.0,5427.042,10.397512,,,,,,
1780417909.526,2095073.0,5427.119,10.397483,,,,,,
1780417909.528,2095098.0,5426.98,10.397537,,,,,,
1780417909.529,2095123.0,5426.984,10.397292,,,,,,
1780417909.591,2095148.0,5426.84,10.397348,,,,,,
1780417909.592,2095173.0,5426.719,10.397396,,,,,,
1780417909.657,2095198.0,5426.786,10.397369,,,,,,
1780417909.658,2095223.0,5426.849,10.397346,,,,,,
1780417909.658,2095248.0,5426.809,10.397361,,,,,,
1780417909.724,2095273.0,5426.862,10.39734,,,,,,
1780417909.725,2095298.0,5426.809,10.397361,,,,,,
1780417909.725,2095323.0,5426.8,10.39712,,,,,,
1780417909.791,2095348.0,5426.875,10.397335,,,,,,
1780417909.792,2095373.0,5426.93,10.397557,,,,,,
1780417909.857,2095398.0,5426.902,10.39708,,,,,,
1780417909.858,2095423.0,5426.966,10.397298,,,,,,
1780417909.858,2095448.0,5427.069,10.397258,,,,,,
1780417909.924,2095473.0,5427.069,10.397014,,,,,,
1780417909.925,2095498.0,5427.33,10.396911,,,,,,
1780417909.925,2095523.0,5427.172,10.396972,,,,,,
1780417909.990,2095548.0,5427.056,10.397018,,,,,,
1780417909.991,2095573.0,5426.902,10.396835,,,,,,
1780417910.057,2095598.0,5427.002,10.396795,,,,,,
1780417910.058,2095623.0,5427.127,10.396991,,,,,,
1780417910.058,2095648.0,5427.101,10.396757,,,,,,
1780417910.131,2095673.0,5427.096,10.397004,,,,,,
1780417910.131,2095698.0,5427.244,10.396946,,,,,,
1780417910.132,2095723.0,5427.357,10.397145,,,,,,
1780417910.207,2095748.0,5427.37,10.397141,,,,,,
1780417910.208,2095773.0,5427.379,10.397137,,,,,,
1780417910.208,2095798.0,5427.357,10.397145,,,,,,
1780417910.275,2095823.0,5427.25,10.396943,,,,,,
1780417910.276,2095848.0,5427.205,10.396717,,,,,,
1780417910.277,2095873.0,5427.119,10.39675,,,,,,
1780417910.343,2095898.0,5427.165,10.396488,,,,,,
1780417910.343,2095923.0,5427.164,10.396489,,,,,,
1780417910.410,2095948.0,5427.051,10.396533,,,,,,
1780417910.411,2095973.0,5427.217,10.396225,,,,,,
1780417910.412,2095998.0,5427.267,10.396449,,,,,,
1780417910.475,2096023.0,5427.258,10.396696,,,,,,
1780417910.475,2096048.0,5427.339,10.396665,,,,,,
1780417910.476,2096073.0,5427.227,10.396464,,,,,,
1780417910.543,2096098.0,5427.258,10.396452,,,,,,
1780417910.543,2096123.0,5427.096,10.396516,,,,,,
1780417910.626,2096148.0,5427.2,10.396475,,,,,,
1780417910.626,2096173.0,5427.146,10.396496,,,,,,
1780417910.627,2096198.0,5427.223,10.396465,,,,,,
1780417910.627,2096223.0,5427.087,10.39652,,,,,,
1780417910.694,2096248.0,5426.975,10.39632,,,,,,
1780417910.695,2096273.0,5427.092,10.396517,,,,,,
1780417910.775,2096298.0,5427.078,10.396035,,,,,,
1780417910.777,2096323.0,5426.912,10.396101,,,,,,
1780417910.778,2096348.0,5426.875,10.396115,,,,,,
1780417910.779,2096373.0,5426.979,10.396074,,,,,,
1780417910.857,2096398.0,5426.902,10.395861,,,,,,
1780417910.857,2096423.0,5426.993,10.395824,,,,,,
1780417910.858,2096448.0,5426.975,10.396076,,,,,,
1780417910.926,2096473.0,5426.93,10.396337,,,,,,
1780417910.926,2096498.0,5426.916,10.396342,,,,,,
1780417910.927,2096523.0,5426.956,10.396326,,,,,,
1780417910.992,2096548.0,5427.109,10.396023,,,,,,
1780417910.993,2096573.0,5427.123,10.396262,,,,,,
1780417911.059,2096598.0,5426.953,10.396329,,,,,,
1780417911.061,2096623.0,5426.799,10.396145,,,,,,
1780417911.062,2096648.0,5426.723,10.396174,,,,,,
1780417911.143,2096673.0,5426.602,10.396222,,,,,,
1780417911.144,2096698.0,5426.557,10.396728,,,,,,
1780417911.145,2096723.0,5426.431,10.396777,,,,,,
1780417911.208,2096748.0,5426.422,10.396781,,,,,,
1780417911.209,2096773.0,5426.422,10.397024,,,,,,
1780417911.209,2096798.0,5426.449,10.397014,,,,,,
1780417911.291,2096823.0,5426.48,10.397001,,,,,,
1780417911.292,2096848.0,5426.575,10.397208,,,,,,
1780417911.292,2096873.0,5426.607,10.397196,,,,,,
1780417911.358,2096898.0,5426.364,10.397292,,,,,,
1780417911.359,2096923.0,5426.417,10.397514,,,,,,
1780417911.359,2096948.0,5426.548,10.397707,,,,,,
1780417911.425,2096973.0,5426.543,10.397466,,,,,,
1780417911.426,2096998.0,5426.517,10.397475,,,,,,
1780417911.427,2097023.0,5426.625,10.397676,,,,,,
1780417911.508,2097048.0,5426.503,10.39748,,,,,,
1780417911.510,2097073.0,5426.616,10.39768,,,,,,
1780417911.511,2097098.0,5426.646,10.397668,,,,,,
1780417911.577,2097123.0,5426.831,10.397595,,,,,,
1780417911.579,2097148.0,5426.678,10.397411,,,,,,
1780417911.580,2097173.0,5426.57,10.397697,,,,,,
1780417911.659,2097198.0,5426.566,10.397455,,,,,,
1780417911.659,2097223.0,5426.553,10.397705,,,,,,
1780417911.660,2097248.0,5426.696,10.397649,,,,,,
1780417911.725,2097273.0,5426.794,10.39761,,,,,,
1780417911.726,2097298.0,5426.84,10.397592,,,,,,
1780417911.727,2097323.0,5427.051,10.397265,,,,,,
1780417911.808,2097348.0,5427.119,10.397239,,,,,,
1780417911.809,2097373.0,5427.249,10.397188,,,,,,
1780417911.809,2097398.0,5427.303,10.396922,,,,,,
1780417911.875,2097423.0,5427.275,10.396934,,,,,,
1780417911.876,2097448.0,5427.271,10.396935,,,,,,
1780417911.876,2097473.0,5427.168,10.396731,,,,,,
1780417911.944,2097498.0,5427.263,10.396938,,,,,,
1780417911.944,2097523.0,5427.447,10.396622,,,,,,
1780417912.009,2097548.0,5427.33,10.396667,,,,,,
1780417912.010,2097573.0,5427.271,10.396446,,,,,,
1780417912.010,2097598.0,5427.343,10.396663,,,,,,
1780417912.093,2097623.0,5427.196,10.396965,,,,,,
1780417912.094,2097648.0,5427.254,10.396942,,,,,,
1780417912.094,2097673.0,5427.317,10.397161,,,,,,
1780417912.160,2097698.0,5427.226,10.397197,,,,,,
1780417912.160,2097723.0,5427.222,10.397199,,,,,,
1780417912.161,2097748.0,5427.024,10.39752,,,,,,
1780417912.242,2097773.0,5427.19,10.397699,,,,,,
1780417912.242,2097798.0,5427.15,10.397715,,,,,,
1780417912.243,2097823.0,5427.213,10.39769,,,,,,
1780417912.355,2097848.0,5427.226,10.397441,,,,,,
1780417912.356,2097873.0,5427.168,10.39722,,,,,,
1780417912.357,2097898.0,5427.02,10.397278,,,,,,
1780417912.357,2097923.0,5426.93,10.397313,,,,,,
1780417912.358,2097948.0,5426.781,10.397371,,,,,,
1780417912.461,2097973.0,5426.984,10.397292,,,,,,
1780417912.462,2097998.0,5426.953,10.397549,,,,,,
1780417912.463,2098023.0,5426.948,10.397794,,,,,,
1780417912.463,2098048.0,5427.002,10.397529,,,,,,
1780417912.541,2098073.0,5426.889,10.397573,,,,,,
1780417912.542,2098098.0,5426.984,10.397536,,,,,,
1780417912.543,2098123.0,5426.885,10.397331,,,,,,
1780417912.607,2098148.0,5426.844,10.39759,,,,,,
1780417912.607,2098173.0,5426.966,10.397542,,,,,,
1780417912.608,2098198.0,5426.92,10.39756,,,,,,
1780417912.676,2098223.0,5426.885,10.397331,,,,,,
1780417912.677,2098248.0,5427.033,10.397029,,,,,,
1780417912.677,2098273.0,5426.872,10.397092,,,,,,
1780417912.743,2098298.0,5426.958,10.397058,,,,,,
1780417912.744,2098323.0,5426.998,10.396798,,,,,,
1780417912.809,2098348.0,5427.052,10.396777,,,,,,
1780417912.809,2098373.0,5427.043,10.396537,,,,,,
1780417912.810,2098398.0,5426.876,10.396602,,,,,,
1780417912.875,2098423.0,5427.025,10.396544,,,,,,
1780417912.875,2098448.0,5427.092,10.396273,,,,,,
1780417912.875,2098473.0,5427.173,10.396241,,,,,,
1780417912.941,2098498.0,5427.159,10.39649,,,,,,
1780417912.942,2098523.0,5427.263,10.396449,,,,,,
1780417913.006,2098548.0,5427.335,10.39642,,,,,,
1780417913.007,2098573.0,5427.362,10.396166,,,,,,
1780417913.007,2098598.0,5427.11,10.396266,,,,,,
1780417913.075,2098623.0,5427.105,10.396024,,,,,,
1780417913.075,2098648.0,5427.087,10.396275,,,,,,
1780417913.076,2098673.0,5427.213,10.396468,,,,,,
1780417913.141,2098698.0,5427.371,10.396162,,,,,,
1780417913.142,2098723.0,5427.303,10.39619,,,,,,
1780417913.206,2098748.0,5427.375,10.395918,,,,,,
1780417913.207,2098773.0,5427.227,10.39622,,,,,,
1780417913.207,2098798.0,5427.195,10.396233,,,,,,
1780417913.273,2098823.0,5427.114,10.396264,,,,,,
1780417913.274,2098848.0,5426.979,10.396317,,,,,,
1780417913.274,2098873.0,5426.934,10.396336,,,,,,
1780417913.340,2098898.0,5427.056,10.396531,,,,,,
1780417913.340,2098923.0,5427.01,10.396549,,,,,,
1780417913.407,2098948.0,5427.046,10.396292,,,,,,
1780417913.407,2098973.0,5427.037,10.396296,,,,,,
1780417913.408,2098998.0,5427.217,10.396225,,,,,,
1780417913.473,2099023.0,5427.196,10.396234,,,,,,
1780417913.474,2099048.0,5427.078,10.396279,,,,,,
1780417913.474,2099073.0,5426.912,10.396343,,,,,,
1780417913.540,2099098.0,5426.755,10.396406,,,,,,
1780417913.540,2099123.0,5426.895,10.396352,,,,,,
1780417913.608,2099148.0,5426.845,10.396371,,,,,,
1780417913.609,2099173.0,5426.876,10.396358,,,,,,
1780417913.609,2099198.0,5426.809,10.396628,,,,,,
1780417913.674,2099223.0,5426.953,10.396816,,,,,,
1780417913.674,2099248.0,5426.8,10.396877,,,,,,
1780417913.675,2099273.0,5426.885,10.396844,,,,,,
1780417913.741,2099298.0,5426.926,10.396828,,,,,,
1780417913.742,2099323.0,5426.989,10.397046,,,,,,
1780417913.808,2099348.0,5426.926,10.397071,,,,,,
1780417913.809,2099373.0,5426.818,10.397357,,,,,,
1780417913.809,2099398.0,5427.034,10.397028,,,,,,
1780417913.875,2099423.0,5426.975,10.397296,,,,,,
1780417913.875,2099448.0,5427.078,10.397011,,,,,,
1780417913.876,2099473.0,5427.164,10.396733,,,,,,
1780417913.942,2099498.0,5427.159,10.396735,,,,,,
1780417913.943,2099523.0,5427.091,10.396518,,,,,,
1780417914.007,2099548.0,5427.083,10.396765,,,,,,
1780417914.007,2099573.0,5427.083,10.397252,,,,,,
1780417914.008,2099598.0,5426.939,10.397309,,,,,,
1780417914.074,2099623.0,5426.732,10.397635,,,,,,
1780417914.075,2099648.0,5426.908,10.39781,,,,,,
1780417914.075,2099673.0,5426.979,10.398026,,,,,,
1780417914.142,2099698.0,5427.091,10.398226,,,,,,
1780417914.143,2099723.0,5427.217,10.398176,,,,,,
1780417914.210,2099748.0,5427.141,10.397962,,,,,,
1780417914.211,2099773.0,5427.236,10.397924,,,,,,
1780417914.211,2099798.0,5427.146,10.398205,,,,,,
1780417914.277,2099823.0,5427.128,10.398457,,,,,,
1780417914.279,2099848.0,5427.114,10.397973,,,,,,
1780417914.280,2099873.0,5427.11,10.398219,,,,,,
1780417914.360,2099898.0,5426.989,10.398023,,,,,,
1780417914.362,2099923.0,5426.899,10.398058,,,,,,
1780417914.363,2099948.0,5426.895,10.398304,,,,,,
1780417914.445,2099973.0,5426.93,10.39829,,,,,,
1780417914.447,2099998.0,5426.971,10.398273,,,,,,
1780417914.448,2100023.0,5426.88,10.39831,,,,,,
1780417914.448,2100048.0,5427.011,10.397771,,,,,,
1780417914.525,2100073.0,5426.934,10.398289,,,,,,
1780417914.527,2100098.0,5427.1,10.398467,,,,,,
1780417914.528,2100123.0,5427.091,10.398227,,,,,,
1780417914.610,2100148.0,5427.02,10.398254,,,,,,
1780417914.611,2100173.0,5427.015,10.398012,,,,,,
1780417914.613,2100198.0,5427.105,10.397977,,,,,,
1780417914.691,2100223.0,5427.28,10.397908,,,,,,
1780417914.692,2100248.0,5427.321,10.397648,,,,,,
1780417914.693,2100273.0,5427.212,10.397447,,,,,,
1780417914.774,2100298.0,5427.167,10.397221,,,,,,
1780417914.776,2100323.0,5427.226,10.397442,,,,,,
1780417914.777,2100348.0,5427.303,10.397167,,,,,,
1780417914.778,2100373.0,5427.451,10.397352,,,,,,
1780417914.859,2100398.0,5427.267,10.397181,,,,,,
1780417914.861,2100423.0,5427.316,10.396917,,,,,,
1780417914.861,2100448.0,5427.415,10.396391,,,,,,
1780417914.942,2100473.0,5427.343,10.396663,,,,,,
1780417914.944,2100498.0,5427.451,10.396376,,,,,,
1780417914.944,2100523.0,5427.464,10.396127,,,,,,
1780417915.009,2100548.0,5427.384,10.396403,,,,,,
1780417915.010,2100573.0,5427.284,10.396442,,,,,,
1780417915.011,2100598.0,5427.438,10.396626,,,,,,
1780417915.092,2100623.0,5427.365,10.396655,,,,,,
1780417915.093,2100648.0,5427.505,10.396356,,,,,,
1780417915.094,2100673.0,5427.55,10.396583,,,,,,
1780417915.158,2100698.0,5427.564,10.396333,,,,,,
1780417915.159,2100723.0,5427.434,10.396139,,,,,,
1780417915.159,2100748.0,5427.497,10.396358,,,,,,
1780417915.242,2100773.0,5427.564,10.396333,,,,,,
1780417915.244,2100798.0,5427.609,10.396315,,,,,,
1780417915.245,2100823.0,5427.519,10.396106,,,,,,
1780417915.326,2100848.0,5427.569,10.396087,,,,,,
1780417915.327,2100873.0,5427.568,10.396087,,,,,,
1780417915.327,2100898.0,5427.568,10.396088,,,,,,
1780417915.328,2100923.0,5427.685,10.396042,,,,,,
1780417915.407,2100948.0,5427.6,10.395831,,,,,,
1780417915.408,2100973.0,5427.519,10.396106,,,,,,
1780417915.408,2100998.0,5427.338,10.396421,,,,,,
1780417915.492,2101023.0,5427.428,10.39663,,,,,,
1780417915.492,2101048.0,5427.384,10.396647,,,,,,
1780417915.492,2101073.0,5427.419,10.396632,,,,,,
1780417915.558,2101098.0,5427.356,10.396413,,,,,,
1780417915.559,2101123.0,5427.491,10.396605,,,,,,
1780417915.559,2101148.0,5427.496,10.396847,,,,,,
1780417915.625,2101173.0,5427.586,10.396566,,,,,,
1780417915.627,2101198.0,5427.671,10.396289,,,,,,
1780417915.628,2101223.0,5427.514,10.396107,,,,,,
1780417915.706,2101248.0,5427.671,10.396045,,,,,,
1780417915.707,2101273.0,5427.609,10.396314,,,,,,
1780417915.707,2101298.0,5427.532,10.396344,,,,,,
1780417915.776,2101323.0,5427.56,10.396334,,,,,,
1780417915.777,2101348.0,5427.582,10.396567,,,,,,
1780417915.778,2101373.0,5427.505,10.396598,,,,,,
1780417915.842,2101398.0,5427.609,10.396557,,,,,,
1780417915.844,2101423.0,5427.531,10.396588,,,,,,
1780417915.923,2101448.0,5427.604,10.39656,,,,,,
1780417915.923,2101473.0,5427.447,10.396622,,,,,,
1780417915.924,2101498.0,5427.496,10.396847,,,,,,
1780417915.924,2101523.0,5427.595,10.396808,,,,,,
1780417915.991,2101548.0,5427.577,10.396814,,,,,,
1780417915.992,2101573.0,5427.519,10.396593,,,,,,
1780417916.059,2101598.0,5427.433,10.396872,,,,,,
1780417916.059,2101623.0,5427.527,10.396834,,,,,,
1780417916.060,2101648.0,5427.636,10.396791,,,,,,
1780417916.127,2101673.0,5427.703,10.396765,,,,,,
1780417916.128,2101698.0,5427.734,10.396996,,,,,,
1780417916.129,2101723.0,5427.933,10.397161,,,,,,
1780417916.208,2101748.0,5427.748,10.396747,,,,,,
1780417916.209,2101773.0,5427.631,10.397037,,,,,,
1780417916.209,2101798.0,5427.559,10.397309,,,,,,
1780417916.275,2101823.0,5427.464,10.397346,,,,,,
1780417916.276,2101848.0,5427.478,10.397341,,,,,,
1780417916.276,2101873.0,5427.464,10.397346,,,,,,
