timestamp_computer,timestamp,sensor1,sensor2,mag,width,crack_x,crack_size,serial out,response
1780415216.761,1562395.0,9320.708,8.776456,,,,,q 24,q=24.000000
1780415216.762,1562420.0,9321.046,8.776689,,,,,,
1780415216.763,1562445.0,9321.007,8.776689,,,,,,
1780415216.827,1562470.0,9321.432,8.776456,,,,,,
1780415216.828,1562495.0,9321.404,8.776689,,,,,,
1780415216.829,1562520.0,9321.483,8.776456,,,,,,
1780415216.894,1562545.0,9321.41,8.776456,,,,,,
1780415216.895,1562570.0,9321.576,8.776223,,,,,,
1780415216.896,1562595.0,9321.271,8.776456,,,,,,
1780415216.942,1562620.0,9321.403,8.776456,,,,,,
1780415217.010,1562645.0,9321.231,8.776689,,,,,,
1780415217.011,1562670.0,9321.298,8.776689,,,,,,
1780415217.012,1562695.0,9321.371,8.776689,,,,,,
1780415217.023,1562720.0,9321.874,8.776689,,,,,,
1780415217.094,1562745.0,9321.529,8.776689,,,,,,
1780415217.095,1562770.0,9321.589,8.77692,,,,,,
1780415217.095,1562795.0,9321.668,8.776689,,,,,,
1780415217.142,1562820.0,9321.424,8.776455,,,,,,
1780415217.208,1562845.0,9321.278,8.776456,,,,,,
1780415217.208,1562870.0,9321.086,8.776222,,,,,,
1780415217.209,1562895.0,9321.246,8.776223,,,,,,
1780415217.276,1562920.0,9321.425,8.77599,,,,,,
1780415217.277,1562945.0,9321.233,8.77599,,,,,,
1780415217.277,1562970.0,9320.947,8.776223,,,,,,
1780415217.344,1562995.0,9321.127,8.77599,,,,,,
1780415217.345,1563020.0,9320.688,8.776223,,,,,,
1780415217.346,1563045.0,9320.503,8.776223,,,,,,
1780415217.410,1563070.0,9320.557,8.776223,,,,,,
1780415217.411,1563095.0,9320.41,8.776223,,,,,,
1780415217.469,1563120.0,9320.337,8.77599,,,,,,
1780415217.471,1563145.0,9320.43,8.77599,,,,,,
1780415217.472,1563170.0,9320.795,8.776222,,,,,,
1780415217.525,1563195.0,9320.954,8.776456,,,,,,
1780415217.526,1563220.0,9321.199,8.776456,,,,,,
1780415217.594,1563245.0,9320.907,8.776456,,,,,,
1780415217.594,1563270.0,9321.119,8.776456,,,,,,
1780415217.595,1563295.0,9320.993,8.776223,,,,,,
1780415217.644,1563320.0,9321.198,8.776223,,,,,,
1780415217.645,1563345.0,9320.907,8.776456,,,,,,
1780415217.711,1563370.0,9321.178,8.776456,,,,,,
1780415217.712,1563395.0,9321.099,8.776223,,,,,,
1780415217.779,1563420.0,9321.298,8.776456,,,,,,
1780415217.780,1563445.0,9321.59,8.776689,,,,,,
1780415217.781,1563470.0,9321.841,8.776689,,,,,,
1780415217.845,1563495.0,9321.934,8.776689,,,,,,
1780415217.846,1563520.0,9321.954,8.776689,,,,,,
1780415217.846,1563545.0,9321.921,8.776921,,,,,,
1780415217.911,1563570.0,9322.219,8.776689,,,,,,
1780415217.912,1563595.0,9322.139,8.776689,,,,,,
1780415217.958,1563620.0,9322.139,8.776921,,,,,,
1780415217.959,1563645.0,9322.059,8.776689,,,,,,
1780415218.030,1563670.0,9322.138,8.776689,,,,,,
1780415218.032,1563695.0,9322.303,8.776689,,,,,,
1780415218.034,1563720.0,9322.462,8.776689,,,,,,
1780415218.096,1563745.0,9322.528,8.77692,,,,,,
1780415218.097,1563770.0,9322.369,8.777154,,,,,,
1780415218.097,1563795.0,9322.085,8.777154,,,,,,
1780415218.159,1563820.0,9322.039,8.777154,,,,,,
1780415218.160,1563845.0,9321.786,8.77692,,,,,,
1780415218.221,1563870.0,9321.853,8.776921,,,,,,
1780415218.222,1563895.0,9321.747,8.776921,,,,,,
1780415218.223,1563920.0,9321.621,8.777154,,,,,,
1780415218.291,1563945.0,9321.7,8.776921,,,,,,
1780415218.291,1563970.0,9321.661,8.776921,,,,,,
1780415218.359,1563995.0,9321.98,8.776921,,,,,,
1780415218.360,1564020.0,9321.769,8.777154,,,,,,
1780415218.361,1564045.0,9321.615,8.777154,,,,,,
1780415218.425,1564070.0,9321.895,8.777154,,,,,,
1780415218.425,1564095.0,9321.471,8.776921,,,,,,
1780415218.426,1564120.0,9321.523,8.777154,,,,,,
1780415218.476,1564145.0,9321.695,8.777154,,,,,,
1780415218.476,1564170.0,9321.921,8.776921,,,,,,
1780415218.542,1564195.0,9321.782,8.77692,,,,,,
1780415218.543,1564220.0,9321.961,8.776921,,,,,,
1780415218.545,1564245.0,9321.94,8.776921,,,,,,
1780415218.608,1564270.0,9322.238,8.777154,,,,,,
1780415218.610,1564295.0,9322.299,8.777154,,,,,,
1780415218.674,1564320.0,9322.041,8.777154,,,,,,
1780415218.675,1564345.0,9321.735,8.777154,,,,,,
1780415218.675,1564370.0,9321.941,8.777154,,,,,,
1780415218.742,1564395.0,9321.835,8.77692,,,,,,
1780415218.743,1564420.0,9321.695,8.776689,,,,,,
1780415218.808,1564445.0,9321.497,8.776455,,,,,,
1780415218.809,1564470.0,9321.403,8.776689,,,,,,
1780415218.810,1564495.0,9321.61,8.776455,,,,,,
1780415218.857,1564520.0,9321.855,8.776455,,,,,,
1780415218.866,1564545.0,9322.418,8.776222,,,,,,
1780415218.925,1564570.0,9322.293,8.776456,,,,,,
1780415218.925,1564595.0,9322.238,8.776222,,,,,,
1780415218.926,1564620.0,9321.974,8.77599,,,,,,
1780415218.949,1564645.0,9322.331,8.775757,,,,,,
1780415218.972,1564670.0,9322.557,8.775757,,,,,,
1780415219.007,1564695.0,9322.425,8.775524,,,,,,
1780415219.032,1564720.0,9322.876,8.775524,,,,,,
1780415219.056,1564745.0,9322.704,8.775524,,,,,,
1780415219.080,1564770.0,9322.743,8.775524,,,,,,
1780415219.104,1564795.0,9322.544,8.775524,,,,,,
1780415219.128,1564820.0,9322.22,8.775758,,,,,,
1780415219.151,1564845.0,9322.174,8.775758,,,,,,
1780415219.175,1564870.0,9321.948,8.775758,,,,,,
1780415219.199,1564895.0,9321.803,8.775758,,,,,,
1780415219.223,1564920.0,9321.584,8.775758,,,,,,
1780415219.248,1564945.0,9321.948,8.775758,,,,,,
1780415219.272,1564970.0,9321.775,8.77599,,,,,,
1780415219.307,1564995.0,9321.544,8.775991,,,,,,
1780415219.334,1565020.0,9321.829,8.776224,,,,,status,l_h=42.000000 c_f=220.000000 q=24.000000
1780415219.426,1565045.0,9322.387,8.776456,,,,,,
1780415219.426,1565070.0,9322.638,8.776456,,,,,,
1780415219.427,1565095.0,9322.916,8.776457,,,,,,
1780415219.427,1565120.0,9323.182,8.77669,,,,,,
1780415219.496,1565145.0,9322.896,8.77669,,,,,,
1780415219.497,1565170.0,9322.604,8.77669,,,,,,
1780415219.498,1565195.0,9322.571,8.77669,,,,,,
1780415219.560,1565220.0,9322.387,8.776922,,,,,,
1780415219.560,1565245.0,9322.332,8.777155,,,,,,
1780415219.623,1565270.0,9322.001,8.777387,,,,,,
1780415219.625,1565295.0,9321.563,8.777387,,,,,,
1780415219.626,1565320.0,9321.643,8.777619,,,,,,
1780415219.686,1565345.0,9321.576,8.777852,,,,,,
1780415219.687,1565370.0,9321.663,8.777852,,,,,,
1780415219.750,1565395.0,9321.345,8.777852,,,,,,
1780415219.751,1565420.0,9321.378,8.778085,,,,,,
1780415219.752,1565445.0,9321.841,8.778085,,,,,,
1780415219.810,1565470.0,9321.483,8.778085,,,,,,
1780415219.811,1565495.0,9321.59,8.778085,,,,,,
1780415219.861,1565520.0,9321.789,8.778085,,,,,,
1780415219.862,1565545.0,9321.803,8.778086,,,,,,
1780415219.925,1565570.0,9321.61,8.778086,,,,,,
1780415219.925,1565595.0,9321.782,8.778086,,,,,,
1780415219.926,1565620.0,9322.001,8.777852,,,,,,
1780415219.992,1565645.0,9322.015,8.777619,,,,,,
1780415219.993,1565670.0,9321.582,8.777619,,,,,,
1780415220.052,1565695.0,9321.204,8.777852,,,,,,
1780415220.052,1565720.0,9321.284,8.777852,,,,,,
1780415220.053,1565745.0,9320.938,8.777852,,,,,,
1780415220.117,1565770.0,9320.76,8.777852,,,,,,
1780415220.117,1565795.0,9320.845,8.778085,,,,,,
1780415220.181,1565820.0,9320.865,8.778085,,,,,,
1780415220.182,1565845.0,9321.223,8.778085,,,,,,
1780415220.183,1565870.0,9321.322,8.778085,,,,,,
1780415220.241,1565895.0,9321.218,8.778085,,,,,,
1780415220.242,1565920.0,9321.483,8.778085,,,,,,
1780415220.308,1565945.0,9321.338,8.778085,,,,,,
1780415220.308,1565970.0,9321.178,8.778085,,,,,,
1780415220.309,1565995.0,9321.265,8.777852,,,,,,
1780415220.371,1566020.0,9321.251,8.777619,,,,,,
1780415220.373,1566045.0,9321.072,8.777619,,,,,,
1780415220.373,1566070.0,9321.17,8.777619,,,,,,
1780415220.424,1566095.0,9320.972,8.777619,,,,,,
1780415220.425,1566120.0,9321.072,8.777619,,,,,,
1780415220.501,1566145.0,9320.581,8.777619,,,,,,
1780415220.503,1566170.0,9320.754,8.777619,,,,,,
1780415220.504,1566195.0,9321.006,8.777619,,,,,,
1780415220.559,1566220.0,9320.966,8.777387,,,,,,
1780415220.559,1566245.0,9320.7,8.777619,,,,,,
1780415220.612,1566270.0,9320.436,8.777851,,,,,,
1780415220.612,1566295.0,9320.642,8.777619,,,,,,
1780415220.676,1566320.0,9320.947,8.777619,,,,,,
1780415220.676,1566345.0,9320.941,8.777619,,,,,,
1780415220.677,1566370.0,9320.935,8.777619,,,,,,
1780415220.739,1566395.0,9321.04,8.777619,,,,,,
1780415220.740,1566420.0,9320.803,8.777387,,,,,,
1780415220.804,1566445.0,9320.729,8.777387,,,,,,
1780415220.805,1566470.0,9320.809,8.777154,,,,,,
1780415220.807,1566495.0,9320.809,8.777154,,,,,,
1780415220.867,1566520.0,9321.099,8.777154,,,,,,
1780415220.868,1566545.0,9320.894,8.77692,,,,,,
1780415220.932,1566570.0,9320.714,8.776689,,,,,,
1780415220.933,1566595.0,9320.521,8.776689,,,,,,
1780415220.933,1566620.0,9320.647,8.77692,,,,,,
1780415220.996,1566645.0,9320.979,8.77692,,,,,,
1780415220.997,1566670.0,9321.138,8.77692,,,,,,
1780415220.998,1566695.0,9320.827,8.77692,,,,,,
1780415221.059,1566720.0,9321.29,8.776689,,,,,,
1780415221.059,1566745.0,9321.528,8.776689,,,,,,
1780415221.123,1566770.0,9321.821,8.776455,,,,,,
1780415221.123,1566795.0,9321.563,8.776456,,,,,,
1780415221.124,1566820.0,9321.324,8.776456,,,,,,
1780415221.186,1566845.0,9321.336,8.776689,,,,,,
1780415221.188,1566870.0,9321.557,8.776456,,,,,,
1780415221.241,1566895.0,9321.841,8.776222,,,,,,
1780415221.241,1566920.0,9321.769,8.776456,,,,,,
1780415221.298,1566945.0,9321.615,8.776223,,,,,,
1780415221.298,1566970.0,9321.602,8.77599,,,,,,
1780415221.299,1566995.0,9321.535,8.775758,,,,,,
1780415221.362,1567020.0,9322.014,8.775525,,,,,,
1780415221.363,1567045.0,9322.397,8.775758,,,,,,
1780415221.426,1567070.0,9322.41,8.775758,,,,,,
1780415221.427,1567095.0,9322.432,8.77599,,,,,,
1780415221.427,1567120.0,9322.185,8.77599,,,,,,
1780415221.489,1567145.0,9321.854,8.77599,,,,,,
1780415221.489,1567170.0,9321.985,8.776223,,,,,,
1780415221.554,1567195.0,9321.939,8.776456,,,,,,
1780415221.554,1567220.0,9322.265,8.776456,,,,,,
1780415221.555,1567245.0,9321.808,8.776456,,,,,,
1780415221.618,1567270.0,9321.648,8.776456,,,,,,
1780415221.618,1567295.0,9321.304,8.776456,,,,,,
1780415221.619,1567320.0,9321.542,8.776456,,,,,,
1780415221.682,1567345.0,9321.489,8.776689,,,,,,
1780415221.683,1567370.0,9321.19,8.77669,,,,,,
1780415221.746,1567395.0,9321.291,8.776922,,,,,,
1780415221.747,1567420.0,9321.125,8.776922,,,,,,
1780415221.748,1567445.0,9321.204,8.776922,,,,,,
1780415221.810,1567470.0,9321.41,8.77669,,,,,,
1780415221.810,1567495.0,9321.362,8.776922,,,,,,
1780415221.873,1567520.0,9321.377,8.777155,,,,,,
1780415221.874,1567545.0,9321.224,8.776921,,,,,,
1780415221.875,1567570.0,9321.071,8.777154,,,,,,
1780415221.936,1567595.0,9321.032,8.777387,,,,,,
1780415221.937,1567620.0,9321.337,8.777387,,,,,,
1780415221.992,1567645.0,9321.038,8.777619,,,,,,
1780415221.993,1567670.0,9320.893,8.777619,,,,,,
1780415222.064,1567695.0,9320.807,8.777387,,,,,,
1780415222.065,1567720.0,9320.913,8.777387,,,,,,
1780415222.065,1567745.0,9321.159,8.777153,,,,,,
1780415222.141,1567770.0,9321.497,8.777153,,,,,,
1780415222.142,1567795.0,9321.584,8.777153,,,,,,
1780415222.143,1567820.0,9321.876,8.77692,,,,,,
1780415222.144,1567845.0,9321.777,8.77692,,,,,,
1780415222.191,1567870.0,9321.815,8.77692,,,,,,
1780415222.255,1567895.0,9321.358,8.777153,,,,,,
1780415222.256,1567920.0,9321.921,8.777154,,,,,,
1780415222.256,1567945.0,9322.041,8.77692,,,,,,
1780415222.320,1567970.0,9322.087,8.776689,,,,,,
1780415222.320,1567995.0,9322.345,8.776689,,,,,,
1780415222.321,1568020.0,9322.312,8.776456,,,,,,
1780415222.384,1568045.0,9322.604,8.776456,,,,,,
1780415222.385,1568070.0,9322.65,8.776456,,,,,,
1780415222.448,1568095.0,9322.524,8.776689,,,,,,
1780415222.448,1568120.0,9322.638,8.776456,,,,,,
1780415222.449,1568145.0,9322.664,8.776456,,,,,,
1780415222.513,1568170.0,9322.883,8.776689,,,,,,
1780415222.514,1568195.0,9323.281,8.776689,,,,,,
1780415222.576,1568220.0,9323.533,8.776689,,,,,,
1780415222.576,1568245.0,9323.447,8.776689,,,,,,
1780415222.577,1568270.0,9323.018,8.776689,,,,,,
1780415222.639,1568295.0,9322.824,8.776456,,,,,,
1780415222.640,1568320.0,9322.85,8.776689,,,,,,
1780415222.705,1568345.0,9322.393,8.776689,,,,,,
1780415222.706,1568370.0,9322.279,8.776689,,,,,,
1780415222.707,1568395.0,9322.181,8.776456,,,,,,
1780415222.768,1568420.0,9322.134,8.776456,,,,,,
1780415222.768,1568445.0,9321.928,8.776456,,,,,,
1780415222.832,1568470.0,9321.603,8.776456,,,,,,
1780415222.833,1568495.0,9321.887,8.776456,,,,,,
1780415222.833,1568520.0,9322.2,8.776456,,,,,,
1780415222.895,1568545.0,9322.033,8.776456,,,,,,
1780415222.895,1568570.0,9322.02,8.776689,,,,,,
1780415222.896,1568595.0,9322.199,8.776689,,,,,,
1780415222.959,1568620.0,9322.232,8.776689,,,,,,
1780415222.959,1568645.0,9322.06,8.77692,,,,,,
1780415223.022,1568670.0,9322.047,8.776921,,,,,,
1780415223.023,1568695.0,9321.801,8.776921,,,,,,
1780415223.024,1568720.0,9321.318,8.776921,,,,,,
1780415223.087,1568745.0,9321.199,8.776921,,,,,,
1780415223.087,1568770.0,9321.152,8.776921,,,,,,
1780415223.150,1568795.0,9321.112,8.776921,,,,,,
1780415223.150,1568820.0,9320.986,8.776922,,,,,,
1780415223.151,1568845.0,9320.528,8.776922,,,,,,
1780415223.213,1568870.0,9320.291,8.777155,,,,,,
1780415223.213,1568895.0,9320.694,8.777155,,,,,,
1780415223.276,1568920.0,9320.277,8.777387,,,,,,
1780415223.276,1568945.0,9320.522,8.777387,,,,,,
1780415223.277,1568970.0,9320.953,8.777387,,,,,,
1780415223.340,1568995.0,9320.754,8.777387,,,,,,
1780415223.341,1569020.0,9320.987,8.777619,,,,,,
1780415223.404,1569045.0,9320.987,8.777619,,,,,,
1780415223.405,1569070.0,9321.105,8.777852,,,,,,
1780415223.405,1569095.0,9321.339,8.777852,,,,,,
1780415223.468,1569120.0,9321.484,8.777852,,,,,,
1780415223.469,1569145.0,9321.67,8.777852,,,,,,
1780415223.470,1569170.0,9321.331,8.777619,,,,,,
1780415223.523,1569195.0,9321.179,8.777387,,,,,,
1780415223.524,1569220.0,9320.867,8.777619,,,,,,
1780415223.595,1569245.0,9320.715,8.777387,,,,,,
1780415223.596,1569270.0,9320.715,8.777387,,,,,,
1780415223.596,1569295.0,9320.979,8.777387,,,,,,
1780415223.642,1569320.0,9321.237,8.777387,,,,,,
1780415223.707,1569345.0,9321.914,8.777153,,,,,,
1780415223.707,1569370.0,9321.985,8.777153,,,,,,
1780415223.708,1569395.0,9321.979,8.777153,,,,,,
1780415223.770,1569420.0,9321.834,8.77692,,,,,,
1780415223.772,1569445.0,9321.854,8.77692,,,,,,
1780415223.773,1569470.0,9322.0,8.77692,,,,,,
1780415223.835,1569495.0,9321.888,8.776688,,,,,,
1780415223.835,1569520.0,9321.968,8.776688,,,,,,
1780415223.899,1569545.0,9322.18,8.776689,,,,,,
1780415223.899,1569570.0,9322.278,8.776689,,,,,,
1780415223.900,1569595.0,9321.769,8.776689,,,,,,
1780415223.974,1569620.0,9321.928,8.776689,,,,,,
1780415223.974,1569645.0,9321.735,8.776689,,,,,,
1780415223.975,1569670.0,9321.496,8.776689,,,,,,
1780415224.023,1569695.0,9321.748,8.776689,,,,,,
1780415224.023,1569720.0,9321.86,8.776689,,,,,,
1780415224.090,1569745.0,9321.642,8.776689,,,,,,
1780415224.090,1569770.0,9321.33,8.776456,,,,,,
1780415224.156,1569795.0,9321.575,8.776456,,,,,,
1780415224.157,1569820.0,9321.502,8.776689,,,,,,
1780415224.157,1569845.0,9321.628,8.776689,,,,,,
1780415224.223,1569870.0,9321.655,8.776689,,,,,,
1780415224.224,1569895.0,9321.807,8.776689,,,,,,
1780415224.224,1569920.0,9321.628,8.776456,,,,,,
1780415224.290,1569945.0,9321.582,8.776456,,,,,,
1780415224.290,1569970.0,9321.476,8.776689,,,,,,
1780415224.339,1569995.0,9321.437,8.776921,,,,,,
1780415224.340,1570020.0,9321.145,8.776689,,,,,,
1780415224.403,1570045.0,9321.331,8.77692,,,,,,
1780415224.404,1570070.0,9321.391,8.776689,,,,,,
1780415224.405,1570095.0,9321.237,8.776455,,,,,,
1780415224.467,1570120.0,9321.622,8.776688,,,,,,
1780415224.467,1570145.0,9321.503,8.776689,,,,,,
1780415224.524,1570170.0,9321.9,8.776689,,,,,,
1780415224.525,1570195.0,9321.821,8.776689,,,,,,
1780415224.525,1570220.0,9322.013,8.776456,,,,,,
1780415224.595,1570245.0,9322.225,8.776689,,,,,,
1780415224.595,1570270.0,9322.079,8.776689,,,,,,
1780415224.596,1570295.0,9321.992,8.776456,,,,,,
1780415224.658,1570320.0,9321.973,8.776223,,,,,,
1780415224.658,1570345.0,9322.225,8.77599,,,,,,
1780415224.720,1570370.0,9322.047,8.77599,,,,,,
1780415224.721,1570395.0,9322.396,8.776223,,,,,,
1780415224.721,1570420.0,9322.497,8.776456,,,,,,
1780415224.785,1570445.0,9322.688,8.776223,,,,,,
1780415224.786,1570470.0,9322.789,8.776223,,,,,,
1780415224.849,1570495.0,9322.604,8.776456,,,,,,
1780415224.849,1570520.0,9322.478,8.776223,,,,,,
1780415224.850,1570545.0,9322.584,8.776456,,,,,,
1780415224.924,1570570.0,9322.438,8.776222,,,,,,
1780415224.924,1570595.0,9322.365,8.776223,,,,,,
1780415224.925,1570620.0,9322.113,8.776223,,,,,,
1780415224.976,1570645.0,9322.205,8.776222,,,,,,
1780415224.976,1570670.0,9322.305,8.77599,,,,,,
1780415225.040,1570695.0,9322.074,8.776223,,,,,,
1780415225.040,1570720.0,9322.544,8.776223,,,,,,
1780415225.104,1570745.0,9322.213,8.776223,,,,,,
1780415225.104,1570770.0,9322.213,8.776223,,,,,,
1780415225.105,1570795.0,9322.04,8.776223,,,,,,
1780415225.169,1570820.0,9321.907,8.776223,,,,,,
1780415225.170,1570845.0,9321.709,8.776689,,,,,,
1780415225.171,1570870.0,9321.867,8.776456,,,,,,
1780415225.224,1570895.0,9321.967,8.776456,,,,,,
1780415225.224,1570920.0,9322.06,8.776689,,,,,,
1780415225.294,1570945.0,9321.861,8.776689,,,,,,
1780415225.295,1570970.0,9321.701,8.776921,,,,,,
1780415225.295,1570995.0,9321.55,8.776921,,,,,,
1780415225.357,1571020.0,9321.264,8.776921,,,,,,
1780415225.358,1571045.0,9321.298,8.776922,,,,,,
1780415225.422,1571070.0,9321.231,8.777155,,,,,,
1780415225.423,1571095.0,9321.112,8.776922,,,,,,
1780415225.423,1571120.0,9321.278,8.776922,,,,,,
1780415225.481,1571145.0,9321.65,8.777155,,,,,,
1780415225.482,1571170.0,9321.703,8.777155,,,,,,
1780415225.532,1571195.0,9321.829,8.777387,,,,,,
1780415225.532,1571220.0,9321.955,8.777387,,,,,,
1780415225.596,1571245.0,9322.193,8.777388,,,,,,
1780415225.597,1571270.0,9322.452,8.77762,,,,,,
1780415225.597,1571295.0,9322.392,8.777619,,,,,,
1780415225.659,1571320.0,9322.366,8.77762,,,,,,
1780415225.659,1571345.0,9322.18,8.777619,,,,,,
1780415225.722,1571370.0,9322.299,8.777619,,,,,,
1780415225.723,1571395.0,9322.319,8.777619,,,,,,
1780415225.723,1571420.0,9322.57,8.777619,,,,,,
1780415225.786,1571445.0,9322.61,8.777619,,,,,,
1780415225.787,1571470.0,9322.936,8.777387,,,,,,
1780415225.849,1571495.0,9322.472,8.777387,,,,,,
1780415225.850,1571520.0,9322.638,8.777387,,,,,,
1780415225.850,1571545.0,9322.961,8.777154,,,,,,
1780415225.912,1571570.0,9323.04,8.777153,,,,,,
1780415225.912,1571595.0,9322.994,8.777153,,,,,,
1780415225.976,1571620.0,9323.352,8.777153,,,,,,
1780415225.977,1571645.0,9323.696,8.77692,,,,,,
1780415225.978,1571670.0,9323.928,8.77692,,,,,,
1780415226.040,1571695.0,9324.221,8.77692,,,,,,
1780415226.040,1571720.0,9323.856,8.777154,,,,,,
1780415226.106,1571745.0,9323.91,8.77692,,,,,,
1780415226.107,1571770.0,9323.704,8.77692,,,,,,
1780415226.107,1571795.0,9323.407,8.77692,,,,,,
1780415226.166,1571820.0,9323.48,8.776689,,,,,,
1780415226.167,1571845.0,9323.42,8.776689,,,,,,
1780415226.228,1571870.0,9323.347,8.776456,,,,,,
1780415226.229,1571895.0,9323.287,8.776222,,,,,,
1780415226.229,1571920.0,9322.97,8.776456,,,,,,
1780415226.293,1571945.0,9323.247,8.776223,,,,,,
1780415226.294,1571970.0,9323.254,8.776222,,,,,,
1780415226.295,1571995.0,9323.267,8.776222,,,,,,
1780415226.357,1572020.0,9323.798,8.776223,,,,,,
1780415226.358,1572045.0,9323.664,8.77599,,,,,,
1780415226.420,1572070.0,9323.539,8.775758,,,,,,
1780415226.421,1572095.0,9323.2,8.775758,,,,,,
1780415226.422,1572120.0,9323.221,8.77599,,,,,,
1780415226.727,1572145.0,9322.949,8.77599,,,,,,
1780415226.729,1572170.0,9322.684,8.77599,,,,,,
1780415226.730,1572195.0,9322.684,8.776222,,,,,,
1780415226.731,1572220.0,9322.617,8.77599,,,,,,
1780415226.732,1572245.0,9322.545,8.77599,,,,,,
1780415226.733,1572270.0,9322.354,8.77599,,,,,,
1780415226.734,1572295.0,9321.908,8.77599,,,,,,
1780415226.735,1572320.0,9321.511,8.77599,,,,,,
1780415226.736,1572345.0,9321.881,8.77599,,,,,,
1780415226.736,1572370.0,9321.662,8.77599,,,,,,
1780415226.737,1572395.0,9321.364,8.775758,,,,,,
1780415226.738,1572420.0,9321.603,8.775758,,,,,,
1780415226.789,1572445.0,9321.338,8.77599,,,,,,
1780415226.790,1572470.0,9321.178,8.77599,,,,,,
1780415226.853,1572495.0,9321.145,8.776223,,,,,,
1780415226.853,1572520.0,9321.098,8.776456,,,,,,
1780415226.854,1572545.0,9321.278,8.776456,,,,,,
1780415226.916,1572570.0,9321.086,8.776689,,,,,,
1780415226.918,1572595.0,9321.364,8.776921,,,,,,
1780415226.973,1572620.0,9321.305,8.776921,,,,,,
1780415226.974,1572645.0,9321.02,8.776922,,,,,,
1780415226.975,1572670.0,9320.999,8.777155,,,,,,
1780415227.043,1572695.0,9320.999,8.777387,,,,,,
1780415227.055,1572720.0,9321.204,8.777387,,,,,,
1780415227.056,1572745.0,9321.284,8.777387,,,,,,
1780415227.123,1572770.0,9321.43,8.777388,,,,,,
1780415227.124,1572795.0,9321.654,8.77762,,,,,,
1780415227.126,1572820.0,9321.582,8.777387,,,,,,
1780415227.171,1572845.0,9321.615,8.777619,,,,,,
1780415227.172,1572870.0,9321.9,8.777387,,,,,,
1780415227.222,1572895.0,9322.173,8.777387,,,,,,
1780415227.223,1572920.0,9322.166,8.777154,,,,,,
1780415227.299,1572945.0,9322.086,8.777154,,,,,,
1780415227.299,1572970.0,9321.928,8.777154,,,,,,
1780415227.300,1572995.0,9322.146,8.777387,,,,,,
1780415227.362,1573020.0,9322.624,8.777386,,,,,,
1780415227.363,1573045.0,9322.444,8.777153,,,,,,
1780415227.426,1573070.0,9322.644,8.777153,,,,,,
1780415227.427,1573095.0,9322.512,8.77692,,,,,,
1780415227.428,1573120.0,9322.663,8.77692,,,,,,
1780415227.488,1573145.0,9322.59,8.77692,,,,,,
1780415227.489,1573170.0,9322.735,8.776688,,,,,,
1780415227.553,1573195.0,9322.67,8.776688,,,,,,
1780415227.553,1573220.0,9322.185,8.776455,,,,,,
1780415227.554,1573245.0,9322.191,8.776455,,,,,,
1780415227.616,1573270.0,9322.211,8.776456,,,,,,
1780415227.616,1573295.0,9322.158,8.776456,,,,,,
1780415227.689,1573320.0,9322.558,8.776456,,,,,,
1780415227.689,1573345.0,9322.869,8.776456,,,,,,
1780415227.690,1573370.0,9322.988,8.776456,,,,,,
1780415227.740,1573395.0,9323.135,8.776456,,,,,,
1780415227.740,1573420.0,9323.074,8.776456,,,,,,
1780415227.806,1573445.0,9323.148,8.776456,,,,,,
1780415227.807,1573470.0,9322.916,8.776456,,,,,,
1780415227.807,1573495.0,9322.941,8.776456,,,,,,
1780415227.869,1573520.0,9322.664,8.776456,,,,,,
1780415227.870,1573545.0,9323.075,8.776689,,,,,,
1780415227.870,1573570.0,9323.452,8.776689,,,,,,
1780415227.940,1573595.0,9323.585,8.776456,,,,,,
1780415227.941,1573620.0,9323.604,8.776456,,,,,,
1780415228.006,1573645.0,9323.473,8.776456,,,,,,
1780415228.006,1573670.0,9323.824,8.776689,,,,,,
1780415228.007,1573695.0,9323.804,8.776689,,,,,,
1780415228.062,1573720.0,9323.916,8.776689,,,,,,
1780415228.063,1573745.0,9324.029,8.776455,,,,,,
1780415228.122,1573770.0,9324.309,8.776222,,,,,,
1780415228.123,1573795.0,9324.447,8.776455,,,,,,
1780415228.123,1573820.0,9324.553,8.776222,,,,,,
1780415228.185,1573845.0,9324.738,8.776222,,,,,,
1780415228.186,1573870.0,9325.012,8.776222,,,,,,
1780415228.240,1573895.0,9324.918,8.776222,,,,,,
1780415228.241,1573920.0,9324.818,8.776222,,,,,,
1780415228.312,1573945.0,9324.6,8.776222,,,,,,
1780415228.313,1573970.0,9324.374,8.776223,,,,,,
1780415228.314,1573995.0,9324.468,8.77599,,,,,,
1780415228.373,1574020.0,9324.262,8.77599,,,,,,
1780415228.374,1574045.0,9324.554,8.77599,,,,,,
1780415228.375,1574070.0,9324.501,8.77599,,,,,,
1780415228.439,1574095.0,9324.574,8.775758,,,,,,
1780415228.441,1574120.0,9324.461,8.77599,,,,,,
1780415228.488,1574145.0,9324.593,8.776223,,,,,,
1780415228.489,1574170.0,9324.269,8.776223,,,,,,
1780415228.549,1574195.0,9323.553,8.776224,,,,,,
1780415228.550,1574220.0,9323.586,8.776456,,,,,,
1780415228.550,1574245.0,9323.546,8.776224,,,,,,
1780415228.613,1574270.0,9323.267,8.776456,,,,,,
1780415228.614,1574295.0,9323.041,8.776456,,,,,,
1780415228.676,1574320.0,9322.954,8.776223,,,,,,
1780415228.677,1574345.0,9322.935,8.776456,,,,,,
1780415228.677,1574370.0,9322.962,8.776689,,,,,,
1780415228.741,1574395.0,9322.637,8.776921,,,,,,
1780415228.742,1574420.0,9322.285,8.776921,,,,,,
1780415228.803,1574445.0,9321.914,8.777154,,,,,,
1780415228.805,1574470.0,9321.841,8.777154,,,,,,
1780415228.806,1574495.0,9321.669,8.777154,,,,,,
1780415228.866,1574520.0,9321.596,8.777154,,,,,,
1780415228.867,1574545.0,9321.775,8.776921,,,,,,
1780415228.930,1574570.0,9321.655,8.776689,,,,,,
1780415228.931,1574595.0,9321.755,8.776689,,,,,,
1780415228.931,1574620.0,9321.463,8.776921,,,,,,
1780415228.993,1574645.0,9321.536,8.776921,,,,,,
1780415228.994,1574670.0,9321.145,8.776921,,,,,,
1780415228.994,1574695.0,9320.952,8.776921,,,,,,
1780415229.056,1574720.0,9321.178,8.777154,,,,,,
1780415229.057,1574745.0,9320.913,8.777154,,,,,,
1780415229.120,1574770.0,9320.456,8.777154,,,,,,
1780415229.121,1574795.0,9320.582,8.777154,,,,,,
1780415229.122,1574820.0,9321.166,8.77692,,,,,,
1780415229.184,1574845.0,9321.464,8.776921,,,,,,
1780415229.185,1574870.0,9321.471,8.777154,,,,,,
1780415229.248,1574895.0,9321.483,8.77692,,,,,,
1780415229.249,1574920.0,9321.253,8.776689,,,,,,
1780415229.249,1574945.0,9321.034,8.776921,,,,,,
1780415229.306,1574970.0,9321.112,8.776921,,,,,,
1780415229.307,1574995.0,9321.146,8.776921,,,,,,
1780415229.376,1575020.0,9321.443,8.776921,,,,,,
1780415229.377,1575045.0,9321.597,8.776921,,,,,,
1780415229.377,1575070.0,9322.054,8.776921,,,,,,
1780415229.440,1575095.0,9322.074,8.777154,,,,,,
1780415229.441,1575120.0,9322.119,8.777154,,,,,,
1780415229.503,1575145.0,9322.231,8.776921,,,,,,
1780415229.503,1575170.0,9321.822,8.777154,,,,,,
1780415229.503,1575195.0,9322.034,8.777387,,,,,,
1780415229.566,1575220.0,9322.028,8.777387,,,,,,
1780415229.567,1575245.0,9322.003,8.777154,,,,,,
1780415229.630,1575270.0,9322.035,8.777154,,,,,,
1780415229.631,1575295.0,9322.193,8.777155,,,,,,
1780415229.631,1575320.0,9322.2,8.777387,,,,,,
1780415229.695,1575345.0,9322.213,8.777387,,,,,,
1780415229.695,1575370.0,9321.948,8.777387,,,,,,
1780415229.696,1575395.0,9322.312,8.777154,,,,,,
1780415229.758,1575420.0,9322.232,8.777154,,,,,,
1780415229.770,1575445.0,9322.06,8.777387,,,,,,
1780415229.771,1575470.0,9321.987,8.777387,,,,,,
1780415229.823,1575495.0,9321.808,8.777387,,,,,,
1780415229.823,1575520.0,9322.18,8.777387,,,,,,
1780415229.886,1575545.0,9322.146,8.777619,,,,,,
1780415229.887,1575570.0,9322.431,8.777387,,,,,,
1780415229.941,1575595.0,9322.523,8.777153,,,,,,
1780415229.942,1575620.0,9321.979,8.777154,,,,,,
1780415230.013,1575645.0,9321.767,8.777154,,,,,,
1780415230.014,1575670.0,9321.82,8.777154,,,,,,
1780415230.015,1575695.0,9321.788,8.777154,,,,,,
1780415230.071,1575720.0,9321.834,8.777154,,,,,,
1780415230.072,1575745.0,9321.769,8.77692,,,,,,
1780415230.072,1575770.0,9321.828,8.777154,,,,,,
1780415230.140,1575795.0,9322.193,8.777154,,,,,,
1780415230.141,1575820.0,9321.789,8.777154,,,,,,
1780415230.204,1575845.0,9321.504,8.77692,,,,,,
1780415230.206,1575870.0,9321.987,8.777153,,,,,,
1780415230.207,1575895.0,9321.702,8.77692,,,,,,
1780415230.254,1575920.0,9321.49,8.77692,,,,,,
1780415230.254,1575945.0,9321.615,8.776921,,,,,,
1780415230.315,1575970.0,9321.483,8.776921,,,,,,
1780415230.316,1575995.0,9322.039,8.776921,,,,,,
1780415230.380,1576020.0,9321.913,8.777154,,,,,,
1780415230.381,1576045.0,9322.132,8.777154,,,,,,
1780415230.381,1576070.0,9322.231,8.776921,,,,,,
1780415230.443,1576095.0,9322.025,8.776921,,,,,,
1780415230.444,1576120.0,9321.874,8.776689,,,,,,
1780415230.444,1576145.0,9321.86,8.776689,,,,,,
1780415230.507,1576170.0,9322.132,8.776689,,,,,,
1780415230.508,1576195.0,9322.278,8.77692,,,,,,
1780415230.571,1576220.0,9322.22,8.777154,,,,,,
1780415230.571,1576245.0,9322.312,8.77692,,,,,,
1780415230.572,1576270.0,9322.517,8.776921,,,,,,
1780415230.635,1576295.0,9322.55,8.776921,,,,,,
1780415230.636,1576320.0,9322.663,8.776689,,,,,,
1780415230.699,1576345.0,9322.425,8.776689,,,,,,
1780415230.700,1576370.0,9322.518,8.77692,,,,,,
1780415230.700,1576395.0,9322.187,8.77692,,,,,,
1780415230.756,1576420.0,9322.187,8.77692,,,,,,
1780415230.756,1576445.0,9322.054,8.776921,,,,,,
1780415230.825,1576470.0,9322.134,8.77692,,,,,,
1780415230.826,1576495.0,9321.676,8.776921,,,,,,
1780415230.826,1576520.0,9322.239,8.777154,,,,,,
1780415230.889,1576545.0,9321.948,8.777154,,,,,,
1780415230.890,1576570.0,9321.914,8.777154,,,,,,
1780415230.954,1576595.0,9321.895,8.777154,,,,,,
1780415230.954,1576620.0,9321.637,8.777155,,,,,,
1780415230.955,1576645.0,9321.59,8.777155,,,,,,
1780415231.006,1576670.0,9321.403,8.777155,,,,,,
1780415231.006,1576695.0,9321.312,8.777155,,,,,,
1780415231.065,1576720.0,9321.363,8.776921,,,,,,
1780415231.066,1576745.0,9321.53,8.776921,,,,,,
1780415231.129,1576770.0,9321.356,8.777154,,,,,,
1780415231.139,1576795.0,9321.258,8.77692,,,,,,
1780415231.140,1576820.0,9321.032,8.77692,,,,,,
1780415231.192,1576845.0,9321.104,8.776921,,,,,,
1780415231.193,1576870.0,9321.151,8.777154,,,,,,
1780415231.253,1576895.0,9320.754,8.777154,,,,,,
1780415231.254,1576920.0,9320.402,8.77692,,,,,,
1780415231.255,1576945.0,9320.23,8.77692,,,,,,
1780415231.330,1576970.0,9320.682,8.776688,,,,,,
1780415231.332,1576995.0,9320.648,8.776688,,,,,,
1780415231.333,1577020.0,9320.973,8.776455,,,,,,
1780415231.410,1577045.0,9320.589,8.776455,,,,,,
1780415231.411,1577070.0,9320.754,8.776455,,,,,,
1780415231.412,1577095.0,9321.059,8.776455,,,,,,
1780415231.488,1577120.0,9321.65,8.776456,,,,,,
1780415231.489,1577145.0,9321.165,8.776456,,,,,,
1780415231.490,1577170.0,9321.47,8.776456,,,,,,
1780415231.539,1577195.0,9321.597,8.776456,,,,,,
1780415231.540,1577220.0,9321.862,8.776223,,,,,,
1780415231.589,1577245.0,9321.961,8.77599,,,,,,
1780415231.590,1577270.0,9322.133,8.77599,,,,,,
1780415231.640,1577295.0,9322.113,8.77599,,,,,,
1780415231.641,1577320.0,9322.173,8.77599,,,,,,
1780415231.701,1577345.0,9322.16,8.77599,,,,,,
1780415231.702,1577370.0,9322.173,8.776223,,,,,,
1780415231.702,1577395.0,9322.286,8.77599,,,,,,
1780415231.764,1577420.0,9322.544,8.77599,,,,,,
1780415231.764,1577445.0,9322.718,8.77599,,,,,,
1780415231.823,1577470.0,9322.657,8.77599,,,,,,
1780415231.823,1577495.0,9322.823,8.775758,,,,,,
1780415231.824,1577520.0,9323.107,8.775758,,,,,,
1780415231.890,1577545.0,9323.307,8.77599,,,,,,
1780415231.891,1577570.0,9323.16,8.776222,,,,,,
1780415231.940,1577595.0,9322.703,8.776456,,,,,,
1780415231.941,1577620.0,9322.909,8.776456,,,,,,
1780415232.002,1577645.0,9322.458,8.776689,,,,,,
1780415232.003,1577670.0,9322.749,8.776456,,,,,,
1780415232.003,1577695.0,9323.008,8.776223,,,,,,
1780415232.065,1577720.0,9322.796,8.776223,,,,,,
1780415232.066,1577745.0,9322.59,8.77599,,,,,,
1780415232.129,1577770.0,9322.246,8.775758,,,,,,
1780415232.130,1577795.0,9322.472,8.775758,,,,,,
1780415232.131,1577820.0,9322.485,8.775525,,,,,,
1780415232.190,1577845.0,9322.532,8.775758,,,,,,
1780415232.191,1577870.0,9322.591,8.77599,,,,,,
1780415232.257,1577895.0,9322.3,8.775758,,,,,,
1780415232.258,1577920.0,9322.365,8.775758,,,,,,
1780415232.258,1577945.0,9322.591,8.775758,,,,,,
1780415232.324,1577970.0,9322.624,8.775757,,,,,,
1780415232.325,1577995.0,9322.749,8.775757,,,,,,
1780415232.325,1578020.0,9322.616,8.77599,,,,,,
1780415232.388,1578045.0,9322.332,8.77599,,,,,,
1780415232.388,1578070.0,9322.306,8.775757,,,,,,
1780415232.456,1578095.0,9322.133,8.775524,,,,,,
1780415232.457,1578120.0,9322.139,8.775524,,,,,,
1780415232.458,1578145.0,9322.119,8.775291,,,,,,
1780415232.522,1578170.0,9322.231,8.775059,,,,,,
1780415232.523,1578195.0,9322.418,8.775059,,,,,,
1780415232.524,1578220.0,9322.485,8.775059,,,,,,
1780415232.572,1578245.0,9322.08,8.775059,,,,,,
1780415232.573,1578270.0,9322.43,8.77506,,,,,,
1780415232.636,1578295.0,9322.57,8.775292,,,,,,
1780415232.638,1578320.0,9322.464,8.775525,,,,,,
1780415232.691,1578345.0,9322.597,8.775758,,,,,,
1780415232.692,1578370.0,9322.297,8.77599,,,,,,
1780415232.762,1578395.0,9322.907,8.776223,,,,,,
1780415232.762,1578420.0,9322.835,8.77599,,,,,,
1780415232.763,1578445.0,9322.762,8.776223,,,,,,
1780415232.823,1578470.0,9322.549,8.776224,,,,,,
1780415232.823,1578495.0,9322.622,8.775991,,,,,,
1780415232.824,1578520.0,9322.867,8.775991,,,,,,
1780415232.889,1578545.0,9322.914,8.775991,,,,,,
1780415232.890,1578570.0,9322.867,8.776224,,,,,,
1780415232.943,1578595.0,9322.94,8.776456,,,,,,
1780415232.943,1578620.0,9322.378,8.776456,,,,,,
1780415232.944,1578645.0,9322.465,8.776456,,,,,,
1780415233.017,1578670.0,9322.483,8.776456,,,,,,
1780415233.017,1578695.0,9322.133,8.776689,,,,,,
1780415233.078,1578720.0,9322.232,8.776921,,,,,,
1780415233.079,1578745.0,9322.152,8.777154,,,,,,
1780415233.079,1578770.0,9322.119,8.777387,,,,,,
1780415233.142,1578795.0,9321.874,8.777387,,,,,,
1780415233.142,1578820.0,9321.716,8.777153,,,,,,
1780415233.207,1578845.0,9321.928,8.777153,,,,,,
1780415233.209,1578870.0,9322.358,8.77692,,,,,,
1780415233.210,1578895.0,9322.465,8.776921,,,,,,
1780415233.270,1578920.0,9322.584,8.776921,,,,,,
1780415233.271,1578945.0,9322.411,8.776689,,,,,,
1780415233.272,1578970.0,9322.438,8.776689,,,,,,
1780415233.339,1578995.0,9322.465,8.776689,,,,,,
1780415233.339,1579020.0,9322.079,8.776689,,,,,,
1780415233.407,1579045.0,9322.086,8.776921,,,,,,
1780415233.407,1579070.0,9321.848,8.776689,,,,,,
1780415233.408,1579095.0,9321.801,8.776456,,,,,,
1780415233.472,1579120.0,9321.782,8.776689,,,,,,
1780415233.472,1579145.0,9321.908,8.776688,,,,,,
1780415233.473,1579170.0,9321.809,8.776689,,,,,,
1780415233.523,1579195.0,9321.55,8.776689,,,,,,
1780415233.524,1579220.0,9321.597,8.776689,,,,,,
1780415233.589,1579245.0,9322.039,8.776689,,,,,,
1780415233.590,1579270.0,9321.53,8.776689,,,,,,
1780415233.657,1579295.0,9321.337,8.776921,,,,,,
1780415233.657,1579320.0,9321.754,8.776921,,,,,,
1780415233.658,1579345.0,9321.597,8.776921,,,,,,
1780415233.725,1579370.0,9321.643,8.776689,,,,,,
1780415233.726,1579395.0,9321.37,8.776689,,,,,,
1780415233.727,1579420.0,9321.549,8.776689,,,,,,
1780415233.774,1579445.0,9321.629,8.776689,,,,,,
1780415233.775,1579470.0,9321.231,8.776689,,,,,,
1780415233.838,1579495.0,9321.251,8.776689,,,,,,
1780415233.839,1579520.0,9320.979,8.776689,,,,,,
1780415233.908,1579545.0,9320.8,8.776456,,,,,,
1780415233.908,1579570.0,9321.046,8.776689,,,,,,
1780415233.909,1579595.0,9320.859,8.776689,,,,,,
1780415233.955,1579620.0,9321.02,8.776456,,,,,,
1780415233.955,1579645.0,9321.31,8.776456,,,,,,
1780415234.024,1579670.0,9321.45,8.776222,,,,,,
1780415234.025,1579695.0,9321.475,8.776222,,,,,,
1780415234.026,1579720.0,9321.396,8.776455,,,,,,
1780415234.080,1579745.0,9321.336,8.776455,,,,,,
1780415234.081,1579770.0,9321.244,8.776688,,,,,,
1780415234.144,1579795.0,9321.117,8.776689,,,,,,
1780415234.145,1579820.0,9320.919,8.776689,,,,,,
1780415234.146,1579845.0,9320.642,8.776456,,,,,,
1780415234.208,1579870.0,9320.509,8.776223,,,,,,
1780415234.209,1579895.0,9320.556,8.776223,,,,,,
1780415234.270,1579920.0,9321.04,8.776223,,,,,,
1780415234.272,1579945.0,9320.615,8.776223,,,,,,
1780415234.272,1579970.0,9320.827,8.77599,,,,,,
1780415234.334,1579995.0,9320.734,8.776223,,,,,,
1780415234.335,1580020.0,9320.907,8.776223,,,,,,
1780415234.409,1580045.0,9320.899,8.776223,,,,,,
1780415234.411,1580070.0,9320.801,8.776456,,,,,,
1780415234.411,1580095.0,9321.185,8.776456,,,,,,
1780415234.473,1580120.0,9320.735,8.776456,,,,,,
1780415234.474,1580145.0,9320.787,8.776223,,,,,,
1780415234.474,1580170.0,9320.74,8.776456,,,,,,
1780415234.521,1580195.0,9320.621,8.776456,,,,,,
1780415234.521,1580220.0,9320.463,8.776456,,,,,,
1780415234.590,1580245.0,9320.388,8.776689,,,,,,
1780415234.590,1580270.0,9320.442,8.776689,,,,,,
1780415234.656,1580295.0,9320.395,8.776921,,,,,,
1780415234.656,1580320.0,9320.707,8.777154,,,,,,
1780415234.657,1580345.0,9320.754,8.776921,,,,,,
1780415234.717,1580370.0,9320.541,8.776921,,,,,,
1780415234.718,1580395.0,9320.475,8.776689,,,,,,
1780415234.780,1580420.0,9320.714,8.776456,,,,,,
1780415234.781,1580445.0,9321.013,8.776223,,,,,,
1780415234.782,1580470.0,9321.092,8.776222,,,,,,
1780415234.837,1580495.0,9320.88,8.776456,,,,,,
1780415234.837,1580520.0,9320.98,8.776456,,,,,,
1780415234.906,1580545.0,9320.741,8.776456,,,,,,
1780415234.907,1580570.0,9321.166,8.776456,,,,,,
1780415234.908,1580595.0,9320.716,8.776456,,,,,,
1780415234.955,1580620.0,9320.637,8.776456,,,,,,
1780415234.956,1580645.0,9320.748,8.776456,,,,,,
1780415235.032,1580670.0,9320.642,8.776689,,,,,,
1780415235.033,1580695.0,9321.0,8.776689,,,,,,
1780415235.033,1580720.0,9320.794,8.776689,,,,,,
1780415235.105,1580745.0,9320.879,8.776689,,,,,,
1780415235.106,1580770.0,9320.979,8.77692,,,,,,
1780415235.106,1580795.0,9320.84,8.776921,,,,,,
1780415235.162,1580820.0,9320.747,8.776921,,,,,,
1780415235.163,1580845.0,9321.092,8.776689,,,,,,
1780415235.221,1580870.0,9321.025,8.776689,,,,,,
1780415235.221,1580895.0,9320.945,8.776456,,,,,,
1780415235.222,1580920.0,9320.827,8.776223,,,,,,
1780415235.289,1580945.0,9320.813,8.77599,,,,,,
1780415235.289,1580970.0,9320.899,8.77599,,,,,,
1780415235.352,1580995.0,9320.894,8.77599,,,,,,
1780415235.352,1581020.0,9321.146,8.77599,,,,,,
1780415235.353,1581045.0,9320.934,8.776222,,,,,,
1780415235.414,1581070.0,9321.06,8.776222,,,,,,
1780415235.414,1581095.0,9321.046,8.776222,,,,,,
1780415235.471,1581120.0,9321.549,8.77599,,,,,,
1780415235.471,1581145.0,9321.801,8.775757,,,,,,
1780415235.472,1581170.0,9321.754,8.775757,,,,,,
1780415235.541,1581195.0,9321.748,8.775524,,,,,,
1780415235.542,1581220.0,9322.046,8.775757,,,,,,
1780415235.605,1581245.0,9322.258,8.775524,,,,,,
1780415235.606,1581270.0,9322.146,8.775524,,,,,,
1780415235.606,1581295.0,9322.351,8.775291,,,,,,
1780415235.671,1581320.0,9322.41,8.775059,,,,,,
1780415235.671,1581345.0,9322.635,8.775059,,,,,,
1780415235.671,1581370.0,9322.61,8.775059,,,,,,
1780415235.731,1581395.0,9322.576,8.775059,,,,,,
1780415235.732,1581420.0,9322.948,8.775059,,,,,,
1780415235.794,1581445.0,9323.008,8.774827,,,,,,
1780415235.795,1581470.0,9322.843,8.774827,,,,,,
1780415235.795,1581495.0,9292.959,8.757354,,,,,,
1780415235.854,1581520.0,9314.283,8.769325,,,,,,
1780415235.855,1581545.0,9331.203,8.778934,,,,,,
1780415235.938,1581570.0,9349.05,8.789014,,,,,,
1780415235.939,1581595.0,9367.332,8.799095,,,,,,
1780415235.939,1581620.0,9386.673,8.809415,,,,,,
1780415235.987,1581645.0,9409.015,8.822334,,,,,,
1780415235.988,1581670.0,9436.259,8.83692,,,,,,
1780415236.037,1581695.0,9478.491,8.860104,,,,,,
1780415236.038,1581720.0,9549.985,8.899071,,,,,,
1780415236.095,1581745.0,9641.01,8.947915,,,,,,
1780415236.095,1581770.0,9734.162,8.998002,,,,,,
1780415236.096,1581795.0,9838.196,9.053601,,,,,,
1780415236.171,1581820.0,9948.953,9.112698,,,,,,
1780415236.172,1581845.0,10060.385,9.171811,,,,,,
1780415236.172,1581870.0,10175.183,9.232923,,,,,,
1780415236.227,1581895.0,10291.467,9.29481,,,,,,
1780415236.228,1581920.0,10408.135,9.356931,,,,,,
1780415236.304,1581945.0,10524.477,9.419302,,,,,,
1780415236.304,1581970.0,10643.598,9.482203,,,,,,
1780415236.305,1581995.0,10762.201,9.545333,,,,,,
1780415236.373,1582020.0,10881.27,9.608231,,,,,,
1780415236.374,1582045.0,11000.263,9.671383,,,,,,
1780415236.374,1582070.0,11119.749,9.734767,,,,,,
1780415236.422,1582095.0,11238.372,9.798151,,,,,,
1780415236.422,1582120.0,11387.085,9.878776,,,,,,
1780415236.482,1582145.0,11484.514,9.929935,,,,,,
1780415236.483,1582170.0,11586.352,9.983709,,,,,,
1780415236.537,1582195.0,11686.299,10.036508,,,,,,
1780415236.538,1582220.0,11785.661,10.089306,,,,,,
1780415236.621,1582245.0,11883.56,10.141126,,,,,,
1780415236.622,1582270.0,11976.821,10.189821,,,,,,
1780415236.622,1582295.0,12055.465,10.231336,,,,,,
1780415236.622,1582320.0,12117.799,10.264235,,,,,,
1780415236.674,1582345.0,12143.642,10.277596,,,,,,
1780415236.674,1582370.0,12144.648,10.278342,,,,,,
1780415236.737,1582395.0,12135.92,10.273876,,,,,,
1780415236.738,1582420.0,12109.986,10.260209,,,,,,
1780415236.800,1582445.0,12065.733,10.237387,,,,,,
1780415236.800,1582470.0,12013.66,10.210169,,,,,,
1780415236.801,1582495.0,11941.28,10.17224,,,,,,
1780415236.863,1582520.0,11860.099,10.129467,,,,,,
1780415236.863,1582545.0,11772.613,10.083591,,,,,,
1780415236.925,1582570.0,11680.776,10.034613,,,,,,
1780415236.925,1582595.0,11579.054,9.980854,,,,,,
1780415236.926,1582620.0,11447.605,9.909854,,,,,,
1780415236.993,1582645.0,11314.209,9.838392,,,,,,
1780415236.993,1582670.0,11179.303,9.765759,,,,,,
1780415236.994,1582695.0,11043.308,9.692666,,,,,,
1780415237.056,1582720.0,10907.7,9.619344,,,,,,
1780415237.056,1582745.0,10770.73,9.545564,,,,,,
1780415237.122,1582770.0,10634.503,9.472036,,,,,,
1780415237.123,1582795.0,10498.565,9.398714,,,,,,
1780415237.123,1582820.0,10358.331,9.322921,,,,,,
1780415237.186,1582845.0,10217.222,9.246443,,,,,,
1780415237.187,1582870.0,10075.471,9.169786,,,,,,
1780415237.240,1582895.0,9933.664,9.092976,,,,,,
1780415237.240,1582920.0,9801.983,9.021675,,,,,,
1780415237.312,1582945.0,9670.76,8.950171,,,,,,
1780415237.313,1582970.0,9546.502,8.882191,,,,,,
1780415237.314,1582995.0,9427.231,8.816723,,,,,,
1780415237.371,1583020.0,9315.446,8.754997,,,,,,
1780415237.371,1583045.0,9209.662,8.696955,,,,,,
1780415237.371,1583070.0,9115.386,8.644576,,,,,,
1780415237.438,1583095.0,9028.287,8.596342,,,,,,
1780415237.438,1583120.0,8957.999,8.556828,,,,,,
1780415237.486,1583145.0,8895.006,8.521375,,,,,,
1780415237.487,1583170.0,8837.435,8.488797,,,,,,
1780415237.549,1583195.0,8784.42,8.459071,,,,,,
1780415237.549,1583220.0,8738.869,8.433366,,,,,,
1780415237.550,1583245.0,8723.881,8.424903,,,,,,
1780415237.612,1583270.0,8710.16,8.4169,,,,,,
1780415237.613,1583295.0,8698.517,8.410044,,,,,,
1780415237.676,1583320.0,8689.222,8.404784,,,,,,
1780415237.677,1583345.0,8683.125,8.401351,,,,,,
1780415237.677,1583370.0,8678.548,8.398605,,,,,,
1780415237.738,1583395.0,8676.012,8.39746,,,,,,
1780415237.738,1583420.0,8674.778,8.396771,,,,,,
1780415237.807,1583445.0,8680.455,8.400208,,,,,,
1780415237.807,1583470.0,8689.337,8.405247,,,,,,
1780415237.808,1583495.0,8702.476,8.412582,,,,,,
1780415237.870,1583520.0,8723.09,8.424527,,,,,,
1780415237.870,1583545.0,8752.38,8.441126,,,,,,
1780415237.871,1583570.0,8815.36,8.476614,,,,,,
1780415237.937,1583595.0,8895.772,8.521481,,,,,,
1780415237.938,1583620.0,8984.992,8.571191,,,,,,
1780415237.996,1583645.0,9081.202,8.624793,,,,,,
1780415237.997,1583670.0,9185.69,8.682343,,,,,,
1780415237.997,1583695.0,9295.832,8.743078,,,,,,
1780415238.055,1583720.0,9413.065,8.807283,,,,,,
1780415238.055,1583745.0,9533.559,8.873455,,,,,,
1780415238.123,1583770.0,9660.06,8.942389,,,,,,
1780415238.123,1583795.0,9789.487,9.01305,,,,,,
1780415238.123,1583820.0,9923.327,9.085966,,,,,,
1780415238.188,1583845.0,10058.711,9.159885,,,,,,
1780415238.189,1583870.0,10196.44,9.23481,,,,,,
1780415238.236,1583895.0,10337.572,9.311497,,,,,,
1780415238.237,1583920.0,10477.92,9.387956,,,,,,
1780415238.303,1583945.0,10619.072,9.464286,,,,,,
1780415238.304,1583970.0,10757.707,9.539021,,,,,,
1780415238.304,1583995.0,10895.947,9.613779,,,,,,
1780415238.367,1584020.0,11031.231,9.686684,,,,,,
1780415238.367,1584045.0,11164.956,9.758925,,,,,,
1780415238.430,1584070.0,11296.943,9.83002,,,,,,
1780415238.430,1584095.0,11426.863,9.900195,,,,,,
1780415238.431,1584120.0,11554.003,9.96876,,,,,,
1780415238.494,1584145.0,11674.912,10.033627,,,,,,
1780415238.494,1584170.0,11786.729,10.09361,,,,,,
1780415238.494,1584195.0,11865.065,10.134909,,,,,,
1780415238.560,1584220.0,11925.5,10.166553,,,,,,
1780415238.560,1584245.0,11976.631,10.193326,,,,,,
1780415238.621,1584270.0,12014.536,10.212914,,,,,,
1780415238.621,1584295.0,12041.593,10.227074,,,,,,
1780415238.622,1584320.0,12059.296,10.236521,,,,,,
1780415238.675,1584345.0,12062.755,10.23826,,,,,,
1780415238.675,1584370.0,12057.624,10.235777,,,,,,
1780415238.740,1584395.0,12039.513,10.226345,,,,,,
1780415238.741,1584420.0,12010.687,10.211475,,,,,,
1780415238.803,1584445.0,11969.499,10.1897,,,,,,
1780415238.804,1584470.0,11916.191,10.161328,,,,,,
1780415238.804,1584495.0,11850.776,10.127363,,,,,,
1780415238.867,1584520.0,11769.469,10.084683,,,,,,
1780415238.867,1584545.0,11673.836,10.033702,,,,,,
1780415238.931,1584570.0,11563.36,9.974904,,,,,,
1780415238.931,1584595.0,11448.501,9.913541,,,,,,
1780415238.932,1584620.0,11327.084,9.848211,,,,,,
1780415238.987,1584645.0,11201.835,9.780822,,,,,,
1780415238.988,1584670.0,11071.332,9.710416,,,,,,
1780415239.050,1584695.0,10939.17,9.638863,,,,,,
1780415239.050,1584720.0,10805.039,9.566391,,,,,,
1780415239.051,1584745.0,10669.37,9.493233,,,,,,
1780415239.114,1584770.0,10530.988,9.418245,,,,,,
1780415239.114,1584795.0,10390.717,9.342346,,,,,,
1780415239.177,1584820.0,10248.265,9.265105,,,,,,
1780415239.177,1584845.0,10101.816,9.185644,,,,,,
1780415239.178,1584870.0,9951.555,9.103497,,,,,,
1780415239.241,1584895.0,9802.762,9.021947,,,,,,
1780415239.242,1584920.0,9656.41,8.941426,,,,,,
1780415239.305,1584945.0,9513.75,8.862659,,,,,,
1780415239.315,1584970.0,9378.269,8.788132,,,,,,
1780415239.315,1584995.0,9248.421,8.716087,,,,,,
1780415239.369,1585020.0,9125.512,8.647777,,,,,,
1780415239.370,1585045.0,9010.814,8.58363,,,,,,
1780415239.370,1585070.0,8903.956,8.524132,,,,,,
1780415239.431,1585095.0,8807.185,8.470226,,,,,,
1780415239.432,1585120.0,8720.374,8.421135,,,,,,
1780415239.494,1585145.0,8646.608,8.378995,,,,,,
1780415239.495,1585170.0,8587.648,8.345382,,,,,,
1780415239.495,1585195.0,8541.423,8.318801,,,,,,
1780415239.555,1585220.0,8499.798,8.29501,,,,,,
1780415239.555,1585245.0,8466.053,8.275607,,,,,,
1780415239.620,1585270.0,8436.419,8.258741,,,,,,
1780415239.621,1585295.0,8413.925,8.245766,,,,,,
1780415239.622,1585320.0,8394.747,8.235065,,,,,,
1780415239.684,1585345.0,8380.256,8.22664,,,,,,
1780415239.684,1585370.0,8367.703,8.21958,,,,,,
1780415239.747,1585395.0,8360.437,8.215484,,,,,,
1780415239.747,1585420.0,8357.826,8.21389,,,,,,
1780415239.748,1585445.0,8358.994,8.214344,,,,,,
1780415239.803,1585470.0,8367.195,8.219117,,,,,,
1780415239.804,1585495.0,8385.996,8.230261,,,,,,
1780415239.874,1585520.0,8422.699,8.251706,,,,,,
1780415239.874,1585545.0,8491.292,8.290977,,,,,,
1780415239.874,1585570.0,8562.084,8.331198,,,,,,
1780415239.939,1585595.0,8639.548,8.375235,,,,,,
1780415239.940,1585620.0,8750.271,8.437177,,,,,,
1780415240.003,1585645.0,8866.459,8.502041,,,,,,
1780415240.003,1585670.0,8984.04,8.567417,,,,,,
1780415240.004,1585695.0,9110.805,8.637481,,,,,,
1780415240.065,1585720.0,9242.615,8.71027,,,,,,
1780415240.066,1585745.0,9378.402,8.785072,,,,,,
1780415240.129,1585770.0,9519.581,8.862866,,,,,,
1780415240.129,1585795.0,9661.512,8.940935,,,,,,
1780415240.130,1585820.0,9809.74,9.021785,,,,,,
1780415240.193,1585845.0,9957.203,9.102661,,,,,,
1780415240.194,1585870.0,10106.578,9.184622,,,,,,
1780415240.195,1585895.0,10258.93,9.267614,,,,,,
1780415240.257,1585920.0,10410.475,9.349987,,,,,,
1780415240.257,1585945.0,10560.363,9.431482,,,,,,
1780415240.321,1585970.0,10707.401,9.511622,,,,,,
1780415240.322,1585995.0,10853.785,9.591083,,,,,,
1780415240.322,1586020.0,10998.171,9.66941,,,,,,
1780415240.388,1586045.0,11140.295,9.746145,,,,,,
1780415240.389,1586070.0,11281.329,9.82268,,,,,,
1780415240.437,1586095.0,11420.571,9.897366,,,,,,
1780415240.438,1586120.0,11553.398,9.968621,,,,,,
1780415241.075,1586739.0,11605.563,8.7459,,,,,calibrate,
1780415241.075,1586764.0,11626.35,8.745714,,,,,,
1780415241.137,1586789.0,11644.822,8.745847,,,,,,
1780415241.138,1586814.0,11657.25,8.745492,,,,,,
1780415241.138,1586839.0,11636.152,8.74544,,,,,,
1780415241.201,1586864.0,11609.176,8.746168,,,,,,
1780415241.202,1586889.0,11581.37,8.746373,,,,,,
1780415241.253,1586914.0,11544.335,8.747211,,,,,,
1780415241.253,1586939.0,11502.59,8.747917,,,,,,
1780415241.328,1586964.0,11456.195,8.748944,,,,,,
1780415241.328,1586989.0,11404.05,8.750143,,,,,,
1780415241.329,1587014.0,11351.196,8.750992,,,,,,
1780415241.387,1587039.0,11291.831,8.752418,,,,,,
1780415241.387,1587064.0,11232.75,8.753436,,,,,,
1780415241.388,1587089.0,11170.602,8.754383,,,,,,
1780415241.453,1587114.0,11104.977,8.755985,,,,,,
1780415241.453,1587139.0,11038.411,8.7576,,,,,,
1780415241.519,1587164.0,10971.852,8.758961,,,,,,
1780415241.519,1587189.0,10905.253,8.760583,,,,,,
1780415241.520,1587214.0,10838.729,8.761924,,,,,,
1780415241.570,1587239.0,10771.551,8.763623,,,,,,
1780415241.571,1587264.0,10704.268,8.765623,,,,,,
1780415241.636,1587289.0,10637.055,8.767091,,,,,,
1780415241.636,1587314.0,10569.525,8.768985,,,,,,
1780415241.699,1587339.0,10502.449,8.77063,,,,,,
1780415241.699,1587364.0,10503.121,8.770019,,,,,,
1780415241.699,1587389.0,10503.676,8.769472,,,,,,
1780415241.752,1587414.0,10504.113,8.768748,,,,,,
1780415241.752,1587439.0,10504.131,8.768497,,,,,,
1780415241.826,1587464.0,10504.022,8.768558,,,,,,
1780415241.827,1587489.0,10504.442,8.768085,,,,,,
1780415241.827,1587514.0,10504.206,8.768457,,,,,,
1780415241.888,1587539.0,10504.18,8.76823,,,,,,
1780415241.889,1587564.0,10504.113,8.768024,,,,,,
1780415241.889,1587589.0,10504.626,8.767503,,,,,,
1780415241.953,1587614.0,10505.005,8.767053,,,,,,
1780415241.953,1587639.0,10505.14,8.76722,,,,,,
1780415242.002,1587664.0,10505.207,8.767424,,,,,,
1780415242.003,1587689.0,10505.232,8.76741,,,,,,
1780415242.069,1587714.0,10504.795,8.767651,,,,,,
1780415242.069,1587739.0,10504.98,8.767549,,,,,,
1780415242.070,1587764.0,10505.09,8.76773,,,,,,
1780415242.135,1587789.0,10505.106,8.76772,,,,,,
1780415242.136,1587814.0,10505.25,8.767399,,,,,,
1780415242.201,1587839.0,10505.25,8.7674,,,,,,
1780415242.202,1587864.0,10503.532,8.767623,,,,,,
1780415242.202,1587889.0,10501.574,8.767736,,,,,,
1780415242.255,1587914.0,10499.638,8.768079,,,,,,
1780415242.256,1587939.0,10497.251,8.768668,,,,,,
1780415242.336,1587964.0,10494.714,8.769342,,,,,,
1780415242.336,1587989.0,10492.201,8.770001,,,,,,
1780415242.337,1588014.0,10489.406,8.770817,,,,,,
1780415242.386,1588039.0,10486.961,8.771441,,,,,,
1780415242.386,1588064.0,10484.36,8.771908,,,,,,
1780415242.454,1588089.0,10481.785,8.772361,,,,,,
1780415242.454,1588114.0,10479.293,8.772769,,,,,,
1780415242.455,1588139.0,10476.783,8.772945,,,,,,
1780415242.520,1588164.0,10474.231,8.773386,,,,,,
1780415242.521,1588189.0,10471.722,8.773803,,,,,,
1780415242.521,1588214.0,10468.843,8.774424,,,,,,
1780415242.569,1588239.0,10466.322,8.775088,,,,,,
1780415242.570,1588264.0,10463.534,8.775418,,,,,,
1780415242.654,1588289.0,10460.997,8.775851,,,,,,
1780415242.654,1588314.0,10458.31,8.776366,,,,,,
1780415242.655,1588339.0,10456.01,8.776669,,,,,,
1780415242.701,1588364.0,10453.515,8.777079,,,,,,
1780415242.702,1588389.0,10450.828,8.777593,,,,,,
1780415242.764,1588414.0,10448.108,8.778366,,,,,,
1780415242.765,1588439.0,10445.622,8.779012,,,,,,
1780415242.765,1588464.0,10443.17,8.779398,,,,,,
1780415242.819,1588489.0,10442.596,8.779472,,,,,,
1780415242.819,1588514.0,10442.046,8.779775,,,,,,
1780415242.880,1588539.0,10441.33,8.779927,,,,,,
1780415242.881,1588564.0,10441.181,8.780009,,,,,,
1780415242.944,1588589.0,10441.048,8.780083,,,,,,
1780415242.944,1588614.0,10440.624,8.780315,,,,,,
1780415242.944,1588639.0,10440.981,8.779878,,,,,,
1780415243.002,1588664.0,10441.105,8.78005,,,,,,
1780415243.003,1588689.0,10441.555,8.779803,,,,,,
1780415243.054,1588714.0,10441.938,8.779593,,,,,,
1780415243.055,1588739.0,10441.847,8.779643,,,,,,
1780415243.066,1588764.0,10441.722,8.779953,,,,,,
1780415243.099,1588789.0,10441.862,8.780117,,,,,,
1780415243.121,1588814.0,10441.847,8.780126,,,,,,
1780415243.143,1588839.0,10442.337,8.779856,,,,,,
1780415243.166,1588864.0,10442.428,8.779564,,,,,,
1780415243.190,1588889.0,10442.661,8.779677,,,,,,
1780415243.223,1588914.0,10442.711,8.77965,,,,,,
1780415243.247,1588939.0,10442.803,8.77984,,,,,,
1780415243.271,1588964.0,10442.528,8.779991,,,,,,
1780415243.294,1588989.0,10442.395,8.780066,,,,,,
1780415243.317,1589014.0,10442.453,8.779793,,,,,,
1780415243.341,1589039.0,10442.61,8.779705,,,,,,
1780415243.364,1589064.0,10442.553,8.779495,,,,,,
1780415243.399,1589089.0,10442.853,8.77933,,,,,,
1780415243.415,1589114.0,10443.093,8.77944,,,,,,
1780415243.451,1589139.0,10443.394,8.779034,,,,,,
1780415243.467,1589164.0,10443.677,8.778878,,,,,rotate on,OK rotated on
1780415243.538,1589189.0,10444.009,8.778454,,,,,,
1780415243.538,1589214.0,10444.143,8.778139,,,,,,
1780415243.539,1589239.0,10444.441,8.777733,,,,,,
1780415243.585,1589264.0,10444.292,8.778057,,,,,,
1780415243.635,1589289.0,10443.809,8.778323,,,,,,
1780415243.636,1589314.0,10443.343,8.77882,,,,,,
1780415243.694,1589339.0,10443.293,8.779088,,,,,,
1780415243.694,1589364.0,10443.459,8.778996,,,,,,
1780415243.695,1589389.0,10443.634,8.7789,,,,,,
1780415243.758,1589414.0,10443.543,8.778709,,,,,,
1780415243.758,1589439.0,10443.817,8.778558,,,,,,
1780415243.821,1589464.0,10443.51,8.778728,,,,,,
1780415243.821,1589489.0,10443.251,8.778871,,,,,,
1780415243.822,1589514.0,10443.193,8.778662,,,,,,
1780415243.884,1589539.0,10443.243,8.778633,,,,,,
1780415243.885,1589564.0,10443.227,8.778642,,,,,,
1780415243.947,1589589.0,10443.685,8.77839,,,,,,
1780415243.948,1589614.0,10443.826,8.778553,,,,,,
1780415243.948,1589639.0,10443.709,8.778618,,,,,,
1780415244.001,1589664.0,10443.61,8.778672,,,,,,
1780415244.002,1589689.0,10443.386,8.778797,,,,,,
1780415244.071,1589714.0,10443.152,8.779165,,,,,,
1780415244.072,1589739.0,10443.078,8.778966,,,,,,
1780415244.072,1589764.0,10442.895,8.779307,,,,,,
1780415244.133,1589789.0,10442.902,8.779544,,,,,,
1780415244.134,1589814.0,10442.952,8.779757,,,,,,
1780415244.197,1589839.0,10442.477,8.78026,,,,,,
1780415244.198,1589864.0,10442.627,8.780417,,,,,,
1780415244.198,1589889.0,10442.827,8.780067,,,,,,
1780415244.261,1589914.0,10443.218,8.779852,,,,,,
1780415244.261,1589939.0,10443.484,8.779705,,,,,,
1780415244.321,1589964.0,10443.16,8.779643,,,,,,
1780415244.321,1589989.0,10443.034,8.779712,,,,,,
1780415244.322,1590014.0,10443.168,8.779397,,,,,,
1780415244.389,1590039.0,10443.334,8.779305,,,,,,
1780415244.390,1590064.0,10443.392,8.779275,,,,,,
1780415244.390,1590089.0,10443.284,8.779574,,,,,,
1780415244.453,1590114.0,10443.385,8.77952,,,,,,
1780415244.453,1590139.0,10443.119,8.779666,,,,,,
1780415244.516,1590164.0,10442.952,8.779518,,,,,,
1780415244.517,1590189.0,10443.193,8.779144,,,,,,
1780415244.517,1590214.0,10442.994,8.779253,,,,,,
1780415244.568,1590239.0,10443.103,8.778954,,,,,,
1780415244.569,1590264.0,10443.436,8.77877,,,,,,
1780415244.634,1590289.0,10443.668,8.778401,,,,,,
1780415244.635,1590314.0,10444.041,8.778437,,,,,,
1780415244.691,1590339.0,10444.291,8.778299,,,,,,
1780415244.692,1590364.0,10444.559,8.778152,,,,,,
1780415244.692,1590389.0,10444.975,8.777923,,,,,,
1780415244.754,1590414.0,10444.925,8.777949,,,,,,
1780415244.764,1590439.0,10444.509,8.777937,,,,,,
1780415244.765,1590464.0,10445.066,8.777631,,,,,,
1780415244.818,1590489.0,10444.933,8.777703,,,,,,
1780415244.818,1590514.0,10444.616,8.777877,,,,,,
1780415244.884,1590539.0,10444.591,8.777891,,,,,,
1780415244.885,1590564.0,10444.684,8.7776,,,,,,
1780415244.952,1590589.0,10444.791,8.777541,,,,,,
1780415244.952,1590614.0,10444.991,8.777431,,,,,,
1780415244.952,1590639.0,10445.1,8.777371,,,,,,
1780415245.017,1590664.0,10445.207,8.777553,,,,,,
1780415245.018,1590689.0,10445.174,8.777571,,,,,,
1780415245.018,1590714.0,10445.64,8.777314,,,,,,
1780415245.072,1590739.0,10445.848,8.777441,,,,,,
1780415245.073,1590764.0,10445.881,8.777664,,,,,,
1780415245.136,1590789.0,10445.907,8.777649,,,,,,
1780415245.137,1590814.0,10445.657,8.777787,,,,,,
1780415245.204,1590839.0,10445.773,8.777965,,,,,,
1780415245.205,1590864.0,10445.615,8.778051,,,,,,
1780415245.205,1590889.0,10445.416,8.778402,,,,,,
1780415245.255,1590914.0,10445.267,8.778725,,,,,,
1780415245.256,1590939.0,10445.274,8.778721,,,,,,
1780415245.319,1590964.0,10445.366,8.778429,,,,,,
1780415245.319,1590989.0,10444.584,8.778859,,,,,,
1780415245.320,1591014.0,10444.21,8.779065,,,,,,
1780415245.385,1591039.0,10444.01,8.778934,,,,,,
1780415245.386,1591064.0,10443.843,8.779267,,,,,,
1780415245.449,1591089.0,10443.652,8.779132,,,,,,
1780415245.450,1591114.0,10443.552,8.779187,,,,,,
1780415245.450,1591139.0,10443.543,8.779192,,,,,,
1780415245.516,1591164.0,10443.651,8.778891,,,,,,
1780415245.517,1591189.0,10443.685,8.779114,,,,,,
1780415245.518,1591214.0,10443.793,8.779055,,,,,,
1780415245.569,1591239.0,10443.783,8.779059,,,,,,
1780415245.570,1591264.0,10443.767,8.77907,,,,,,
1780415245.635,1591289.0,10443.768,8.779069,,,,,,
1780415245.635,1591314.0,10443.352,8.779538,,,,,,
1780415245.696,1591339.0,10442.852,8.779572,,,,,,
1780415245.697,1591364.0,10442.687,8.779663,,,,,,
1780415245.698,1591389.0,10442.943,8.779522,,,,,,
1780415245.751,1591414.0,10442.878,8.779799,,,,,,
1780415245.752,1591439.0,10442.728,8.780122,,,,,,
1780415245.817,1591464.0,10442.687,8.779904,,,,,,
1780415245.818,1591489.0,10442.604,8.77995,,,,,,
1780415245.818,1591514.0,10442.621,8.77994,,,,,,
1780415245.886,1591539.0,10442.695,8.779658,,,,,,
1780415245.887,1591564.0,10443.028,8.779474,,,,,,
1780415245.888,1591589.0,10443.229,8.779605,,,,,,
1780415245.945,1591614.0,10446.139,8.778968,,,,,,
1780415245.945,1591639.0,10449.273,8.778688,,,,,,
1780415246.008,1591664.0,10461.036,8.778746,,,,,,
1780415246.009,1591689.0,10480.824,8.778284,,,,,,
1780415246.068,1591714.0,10507.776,8.777795,,,,,,
1780415246.068,1591739.0,10544.597,8.776802,,,,,,
1780415246.069,1591764.0,10588.665,8.776024,,,,,,
1780415246.134,1591789.0,10641.077,8.774885,,,,,,
1780415246.135,1591814.0,10700.113,8.77336,,,,,,
1780415246.199,1591839.0,10764.696,8.771533,,,,,,
1780415246.200,1591864.0,10829.414,8.770135,,,,,,
1780415246.201,1591889.0,10896.374,8.768509,,,,,,
1780415246.253,1591914.0,10964.608,8.766698,,,,,,
1780415246.253,1591939.0,11033.796,8.764614,,,,,,
1780415246.324,1591964.0,11103.392,8.762799,,,,,,
1780415246.325,1591989.0,11173.237,8.760858,,,,,,
1780415246.325,1592014.0,11242.935,8.758745,,,,,,
1780415246.389,1592039.0,11312.715,8.756839,,,,,,
1780415246.390,1592064.0,11383.041,8.754382,,,,,,
1780415246.390,1592089.0,11452.941,8.752398,,,,,,
1780415246.453,1592114.0,11522.759,8.750713,,,,,,
1780415246.454,1592139.0,11592.559,8.748544,,,,,,
1780415246.501,1592164.0,11662.249,8.746677,,,,,,
1780415246.502,1592189.0,11730.804,8.745194,,,,,,
1780415246.568,1592214.0,11798.82,8.743503,,,,,,
1780415246.568,1592239.0,11864.396,8.741928,,,,,,
1780415246.568,1592264.0,11927.531,8.739965,,,,,,
1780415246.634,1592289.0,11975.097,8.738464,,,,,,
1780415246.634,1592314.0,12013.321,8.736961,,,,,,
1780415246.702,1592339.0,12034.727,8.73655,,,,,,
1780415246.702,1592364.0,12044.599,8.73632,,,,,,
1780415246.703,1592389.0,12035.62,8.736559,,,,,,
1780415246.767,1592414.0,12013.666,8.737245,,,,,,
1780415246.768,1592439.0,11976.254,8.738276,,,,,,
1780415246.768,1592464.0,11926.527,8.739915,,,,,,
1780415246.819,1592489.0,11871.926,8.741062,,,,,,
1780415246.820,1592514.0,11792.097,8.743058,,,,,,
1780415246.887,1592539.0,11705.051,8.744697,,,,,,
1780415246.887,1592564.0,11595.745,8.746324,,,,,,
1780415246.888,1592589.0,11482.166,8.747718,,,,,,
1780415246.952,1592614.0,11361.52,8.749267,,,,,,
1780415246.953,1592639.0,11236.72,8.750809,,,,,,
1780415247.010,1592664.0,11109.24,8.752192,,,,,,
1780415247.010,1592689.0,10979.478,8.753932,,,,,,
1780415247.068,1592714.0,10847.379,8.755121,,,,,,
1780415247.068,1592739.0,10713.075,8.756125,,,,,,
1780415247.069,1592764.0,10573.82,8.757594,,,,,,
1780415247.134,1592789.0,10432.027,8.758637,,,,,,
1780415247.135,1592814.0,10289.196,8.759342,,,,,,
1780415247.200,1592839.0,10143.465,8.760334,,,,,,
1780415247.200,1592864.0,9995.083,8.761477,,,,,,
1780415247.201,1592889.0,9844.251,8.762497,,,,,,
1780415247.267,1592914.0,9695.766,8.762571,,,,,,
1780415247.267,1592939.0,9548.52,8.762963,,,,,,
1780415247.268,1592964.0,9410.809,8.762601,,,,,,
1780415247.334,1592989.0,9274.821,8.762287,,,,,,
1780415247.334,1593014.0,9150.388,8.761334,,,,,,
1780415247.386,1593039.0,9030.225,8.760493,,,,,,
1780415247.386,1593064.0,8918.924,8.759437,,,,,,
1780415247.453,1593089.0,8814.345,8.758339,,,,,,
1780415247.454,1593114.0,8714.82,8.757356,,,,,,
1780415247.454,1593139.0,8638.573,8.755592,,,,,,
1780415247.519,1593164.0,8568.528,8.754211,,,,,,
1780415247.519,1593189.0,8520.688,8.753068,,,,,,
1780415247.520,1593214.0,8477.392,8.751982,,,,,,
1780415247.567,1593239.0,8441.426,8.751017,,,,,,
1780415247.568,1593264.0,8410.467,8.750289,,,,,,
1780415247.634,1593289.0,8383.919,8.749416,,,,,,
1780415247.635,1593314.0,8360.66,8.748785,,,,,,
1780415247.703,1593339.0,8343.185,8.748838,,,,,,
1780415247.703,1593364.0,8329.273,8.748529,,,,,,
1780415247.704,1593389.0,8321.582,8.748217,,,,,,
1780415247.751,1593414.0,8319.026,8.74826,,,,,,
1780415247.752,1593439.0,8319.5,8.748681,,,,,,
1780415247.818,1593464.0,8326.296,8.748801,,,,,,
1780415247.819,1593489.0,8339.985,8.749223,,,,,,
1780415247.819,1593514.0,8363.017,8.74973,,,,,,
1780415247.886,1593539.0,8412.249,8.751245,,,,,,
1780415247.886,1593564.0,8492.821,8.752781,,,,,,
1780415247.952,1593589.0,8586.088,8.754062,,,,,,
1780415247.953,1593614.0,8691.818,8.754789,,,,,,
1780415247.953,1593639.0,8801.377,8.755827,,,,,,
1780415248.019,1593664.0,8920.441,8.756534,,,,,,
1780415248.019,1593689.0,9045.302,8.7575,,,,,,
1780415248.019,1593714.0,9177.244,8.757534,,,,,,
1780415248.068,1593739.0,9312.431,8.758042,,,,,,
1780415248.068,1593764.0,9453.256,8.758434,,,,,,
1780415248.139,1593789.0,9597.936,8.758729,,,,,,
1780415248.139,1593814.0,9746.155,8.758632,,,,,,
1780415248.140,1593839.0,9896.371,8.758214,,,,,,
1780415248.202,1593864.0,10047.933,8.757891,,,,,,
1780415248.203,1593889.0,10200.068,8.757305,,,,,,
1780415248.251,1593914.0,10353.057,8.75661,,,,,,
1780415248.251,1593939.0,10504.832,8.755935,,,,,,
1780415248.316,1593964.0,10655.338,8.754935,,,,,,
1780415248.316,1593989.0,10804.803,8.753804,,,,,,
1780415248.317,1594014.0,10953.295,8.752555,,,,,,
1780415248.380,1594039.0,11098.997,8.751481,,,,,,
1780415248.381,1594064.0,11243.612,8.749868,,,,,,
1780415248.445,1594089.0,11385.131,8.748594,,,,,,
1780415248.445,1594114.0,11522.767,8.747174,,,,,,
1780415248.446,1594139.0,11655.728,8.745581,,,,,,
1780415248.507,1594164.0,11766.522,8.743678,,,,,,
1780415248.507,1594189.0,11846.049,8.741463,,,,,,
1780415248.571,1594214.0,11912.143,8.739405,,,,,,
1780415248.571,1594239.0,11964.265,8.738226,,,,,,
1780415248.572,1594264.0,12007.762,8.737082,,,,,,
1780415248.634,1594289.0,12038.541,8.736279,,,,,,
1780415248.635,1594314.0,12058.022,8.735744,,,,,,
1780415248.702,1594339.0,12065.789,8.735443,,,,,,
1780415248.702,1594364.0,12063.81,8.735043,,,,,,
1780415248.702,1594389.0,12048.59,8.735476,,,,,,
1780415248.761,1594414.0,12022.081,8.736177,,,,,,
1780415248.761,1594439.0,11982.116,8.737134,,,,,,
1780415248.817,1594464.0,11934.699,8.73875,,,,,,
1780415248.817,1594489.0,11868.964,8.740227,,,,,,
1780415248.817,1594514.0,11795.473,8.742347,,,,,,
1780415248.887,1594539.0,11701.301,8.744354,,,,,,
1780415248.887,1594564.0,11593.035,8.745875,,,,,,
1780415248.888,1594589.0,11477.278,8.747478,,,,,,
1780415248.951,1594614.0,11354.758,8.749343,,,,,,
1780415248.952,1594639.0,11228.576,8.750889,,,,,,
1780415249.013,1594664.0,11099.791,8.752486,,,,,,
1780415249.013,1594689.0,10969.843,8.754031,,,,,,
1780415249.014,1594714.0,10838.156,8.755614,,,,,,
1780415249.078,1594739.0,10704.053,8.75715,,,,,,
1780415249.079,1594764.0,10565.454,8.758641,,,,,,
1780415249.134,1594789.0,10426.499,8.759645,,,,,,
1780415249.134,1594814.0,10285.947,8.760866,,,,,,
1780415249.189,1594839.0,10142.289,8.761799,,,,,,
1780415249.189,1594864.0,9998.947,8.762835,,,,,,
1780415249.190,1594889.0,9858.492,8.763665,,,,,,
1780415249.253,1594914.0,9720.594,8.764394,,,,,,
1780415249.254,1594939.0,9587.874,8.764323,,,,,,
1780415249.315,1594964.0,9459.225,8.765029,,,,,,
1780415249.315,1594989.0,9336.226,8.765156,,,,,,
1780415249.316,1595014.0,9220.19,8.764689,,,,,,
1780415249.381,1595039.0,9110.332,8.764294,,,,,,
1780415249.382,1595064.0,9009.312,8.763728,,,,,,
1780415249.444,1595089.0,8912.766,8.762689,,,,,,
1780415249.445,1595114.0,8831.89,8.761739,,,,,,
1780415249.445,1595139.0,8757.068,8.760351,,,,,,
1780415249.507,1595164.0,8700.022,8.759416,,,,,,
1780415249.508,1595189.0,8656.598,8.758523,,,,,,
1780415249.570,1595214.0,8618.331,8.757825,,,,,,
1780415249.571,1595239.0,8586.196,8.757014,,,,,,
1780415249.571,1595264.0,8557.669,8.756524,,,,,,
1780415249.634,1595289.0,8533.386,8.755983,,,,,,
1780415249.635,1595314.0,8511.265,8.755619,,,,,,
1780415249.697,1595339.0,8492.843,8.755043,,,,,,
1780415249.697,1595364.0,8478.61,8.75467,,,,,,
1780415249.698,1595389.0,8471.561,8.75445,,,,,,
1780415249.768,1595414.0,8466.629,8.754431,,,,,,
1780415249.769,1595439.0,8465.244,8.75451,,,,,,
1780415249.769,1595464.0,8470.156,8.754993,,,,,,
1780415249.823,1595489.0,8479.64,8.755243,,,,,,
1780415249.824,1595514.0,8501.397,8.755619,,,,,,
1780415249.887,1595539.0,8541.474,8.756595,,,,,,
1780415249.887,1595564.0,8592.563,8.75784,,,,,,
1780415249.888,1595589.0,8678.079,8.758533,,,,,,
1780415249.952,1595614.0,8771.894,8.759236,,,,,,
1780415249.953,1595639.0,8870.813,8.760036,,,,,,
1780415250.015,1595664.0,8980.805,8.760357,,,,,,
1780415250.015,1595689.0,9096.523,8.760688,,,,,,
1780415250.016,1595714.0,9219.5,8.761184,,,,,,
1780415250.078,1595739.0,9347.727,8.761274,,,,,,
1780415250.078,1595764.0,9479.566,8.761094,,,,,,
1780415250.133,1595789.0,9618.597,8.760451,,,,,,
1780415250.133,1595814.0,9759.508,8.759975,,,,,,
1780415250.189,1595839.0,9904.613,8.759196,,,,,,
1780415250.190,1595864.0,10052.399,8.758648,,,,,,
1780415250.190,1595889.0,10201.84,8.757468,,,,,,
1780415250.253,1595914.0,10351.266,8.756653,,,,,,
1780415250.254,1595939.0,10499.657,8.75573,,,,,,
1780415250.317,1595964.0,10646.764,8.754608,,,,,,
1780415250.318,1595989.0,10792.053,8.753609,,,,,,
1780415250.318,1596014.0,10934.563,8.752551,,,,,,
1780415250.380,1596039.0,11077.293,8.751447,,,,,,
1780415250.380,1596064.0,11218.354,8.750376,,,,,,
1780415250.442,1596089.0,11356.986,8.749275,,,,,,
1780415250.443,1596114.0,11492.407,8.747883,,,,,,
1780415250.443,1596139.0,11617.324,8.746275,,,,,,
1780415250.506,1596164.0,11723.956,8.74425,,,,,,
1780415250.506,1596189.0,11818.145,8.742438,,,,,,
1780415250.570,1596214.0,11871.108,8.741126,,,,,,
1780415250.570,1596239.0,11911.095,8.739828,,,,,,
1780415250.570,1596264.0,11937.472,8.739104,,,,,,
1780415250.639,1596289.0,11948.451,8.738736,,,,,,
1780415250.639,1596314.0,11944.329,8.739035,,,,,,
1780415250.639,1596339.0,11931.295,8.739299,,,,,,
1780415250.701,1596364.0,11902.175,8.740059,,,,,,
1780415250.702,1596389.0,11865.801,8.740885,,,,,,
1780415250.765,1596414.0,11818.432,8.742081,,,,,,
1780415250.766,1596439.0,11766.425,8.743385,,,,,,
1780415250.766,1596464.0,11707.629,8.744728,,,,,,
1780415250.816,1596489.0,11646.161,8.745805,,,,,,
1780415250.817,1596514.0,11580.509,8.747958,,,,,,
1780415250.876,1596539.0,11512.11,8.74964,,,,,,
1780415250.876,1596564.0,11443.629,8.751369,,,,,,
1780415250.939,1596589.0,11375.43,8.753425,,,,,,
1780415250.940,1596614.0,11309.981,8.754436,,,,,,
1780415250.940,1596639.0,11245.544,8.75634,,,,,,
1780415251.007,1596664.0,11178.985,8.757931,,,,,,
1780415251.008,1596689.0,11116.605,8.759385,,,,,,
1780415251.070,1596714.0,11090.174,8.760668,,,,,,
1780415251.071,1596739.0,11097.954,8.760179,,,,,,
1780415251.071,1596764.0,11100.356,8.760119,,,,,,
1780415251.135,1596789.0,11071.898,8.761038,,,,,,
1780415251.135,1596814.0,10938.923,8.762342,,,,,,
1780415251.198,1596839.0,10856.392,8.764362,,,,,,
1780415251.199,1596864.0,10797.051,8.765922,,,,,,
1780415251.199,1596889.0,10773.86,8.766602,,,,,,
1780415251.261,1596914.0,10766.848,8.766757,,,,,,
1780415251.262,1596939.0,10764.597,8.766274,,,,,,
1780415251.316,1596964.0,10751.166,8.766086,,,,,,
1780415251.317,1596989.0,10750.06,8.765721,,,,,,
1780415251.317,1597014.0,10767.907,8.765437,,,,,,
1780415251.391,1597039.0,10851.639,8.762952,,,,,,
1780415251.391,1597064.0,10963.791,8.759408,,,,,,
1780415251.391,1597089.0,11066.318,8.756384,,,,,,
1780415251.439,1597114.0,11122.36,8.755284,,,,,,
1780415251.440,1597139.0,11067.695,8.754704,,,,,,
1780415251.504,1597164.0,11031.664,8.755059,,,,,,
1780415251.504,1597189.0,11021.146,8.755334,,,,,,
1780415251.552,1597214.0,11051.157,8.754634,,,,,,
1780415251.553,1597239.0,11090.517,8.754236,,,,,,
1780415251.564,1597264.0,11123.613,8.753117,,,,,,
1780415251.596,1597289.0,11144.103,8.752286,,,,,,
1780415251.619,1597314.0,11151.903,8.751633,,,,,,
1780415251.651,1597339.0,11129.225,8.751799,,,,,,
1780415251.674,1597364.0,11126.199,8.75245,,,,,,
1780415251.697,1597389.0,11167.433,8.750991,,,,,,
1780415251.722,1597414.0,11235.412,8.748486,,,,,,
1780415251.744,1597439.0,11377.874,8.746759,,,,,,
1780415251.768,1597464.0,11416.799,8.746243,,,,,,
1780415251.791,1597489.0,11378.485,8.746744,,,,,,
1780415251.813,1597514.0,11354.688,8.746983,,,,,,
1780415251.846,1597539.0,11330.84,8.747396,,,,,,
1780415251.867,1597564.0,11330.147,8.747532,,,,,,
1780415251.890,1597589.0,11352.513,8.747236,,,,,,
1780415251.924,1597614.0,11366.041,8.746641,,,,,,
1780415251.948,1597639.0,11342.285,8.747024,,,,,,
1780415252.034,1597664.0,11260.544,8.749627,,,,,crack_detect on,ERR unknown command: crack_detect
1780415252.034,1597689.0,11190.117,8.753029,,,,,,
1780415252.034,1597714.0,11186.37,8.753547,,,,,,
1780415252.083,1597739.0,11231.745,8.752202,,,,,,
1780415252.084,1597764.0,11376.421,8.750152,,,,,,
1780415252.133,1597789.0,11460.383,8.748614,,,,,,
1780415252.134,1597814.0,11421.987,8.748558,,,,,,
1780415252.203,1597839.0,11373.902,8.749397,,,,,,
1780415252.203,1597864.0,11332.041,8.750208,,,,,,
1780415252.204,1597889.0,11312.331,8.750997,,,,,,
1780415252.251,1597914.0,11323.992,8.750965,,,,,,
1780415252.252,1597939.0,11339.662,8.750901,,,,,,
1780415252.314,1597964.0,11328.622,8.750891,,,,,,
1780415252.315,1597989.0,11260.308,8.752348,,,,,,
1780415252.316,1598014.0,11173.822,8.755796,,,,,,
1780415252.386,1598039.0,11147.365,8.757031,,,,,,
1780415252.386,1598064.0,11158.541,8.75673,,,,,,
1780415252.450,1598089.0,11230.452,8.754574,,,,,,
1780415252.451,1598114.0,11354.089,8.752069,,,,,,
1780415252.451,1598139.0,11354.71,8.751966,,,,,,
1780415252.518,1598164.0,11309.506,8.752751,,,,,,
1780415252.519,1598189.0,11269.798,8.753781,,,,,,
1780415252.519,1598214.0,11239.388,8.754621,,,,,,
1780415252.584,1598239.0,11234.701,8.754993,,,,,,
1780415252.585,1598264.0,11252.718,8.754577,,,,,,
1780415252.642,1598289.0,11256.22,8.75435,,,,,,
1780415252.643,1598314.0,11222.452,8.754233,,,,,,
1780415252.643,1598339.0,11144.534,8.756683,,,,,,
1780415252.709,1598364.0,11100.95,8.758547,,,,,,
1780415252.709,1598389.0,11087.49,8.759337,,,,,,
1780415252.773,1598414.0,11118.298,8.758706,,,,,,
1780415252.774,1598439.0,11242.133,8.756749,,,,,,
1780415252.774,1598464.0,11301.754,8.755732,,,,,,
1780415252.833,1598489.0,11283.269,8.756337,,,,,,
1780415252.833,1598514.0,11255.191,8.757303,,,,,,
1780415252.900,1598539.0,11227.423,8.758655,,,,,,
1780415252.901,1598564.0,11215.449,8.759607,,,,,,
1780415252.901,1598589.0,11235.574,8.759521,,,,,,
1780415252.964,1598614.0,11249.644,8.759315,,,,,,
1780415252.965,1598639.0,11233.525,8.759638,,,,,,
1780415252.965,1598664.0,11163.861,8.761923,,,,,,
1780415253.032,1598689.0,11110.818,8.764006,,,,,,
1780415253.032,1598714.0,11105.376,8.76369,,,,,,
1780415253.096,1598739.0,11110.52,8.763404,,,,,,
1780415253.096,1598764.0,11189.862,8.761765,,,,,,
1780415253.097,1598789.0,11291.881,8.760116,,,,,,
1780415253.159,1598814.0,11303.875,8.759992,,,,,,
1780415253.159,1598839.0,11287.651,8.760496,,,,,,
1780415253.223,1598864.0,11271.178,8.761035,,,,,,
1780415253.224,1598889.0,11275.978,8.761585,,,,,,
1780415253.224,1598914.0,11304.039,8.760878,,,,,,
1780415253.286,1598939.0,11317.557,8.761012,,,,,,
1780415253.286,1598964.0,11311.255,8.761547,,,,,,
1780415253.351,1598989.0,11254.341,8.763314,,,,,,
1780415253.351,1599014.0,11190.648,8.765824,,,,,,
1780415253.351,1599039.0,11170.854,8.766633,,,,,,
1780415253.413,1599064.0,11181.423,8.766148,,,,,,
1780415253.413,1599089.0,11220.447,8.764738,,,,,,
1780415253.414,1599114.0,11310.738,8.762604,,,,,,
1780415253.479,1599139.0,11359.932,8.761311,,,,,,
1780415253.479,1599164.0,11328.277,8.763151,,,,,,
1780415253.542,1599189.0,11313.794,8.763834,,,,,,
1780415253.542,1599214.0,11301.539,8.764699,,,,,,
1780415253.543,1599239.0,11331.003,8.764276,,,,,,
1780415253.606,1599264.0,11366.046,8.763171,,,,,,
1780415253.606,1599289.0,11368.387,8.763342,,,,,,
1780415253.672,1599314.0,11346.785,8.763957,,,,,,
1780415253.673,1599339.0,11278.281,8.767064,,,,,,
1780415253.673,1599364.0,11236.495,8.769179,,,,,,
1780415253.720,1599389.0,11232.16,8.769537,,,,,,
1780415253.721,1599414.0,11240.384,8.768799,,,,,,
1780415253.785,1599439.0,11304.656,8.767153,,,,,,
1780415253.785,1599464.0,11366.999,8.76536,,,,,,
1780415253.852,1599489.0,11336.666,8.766706,,,,,,
1780415253.853,1599514.0,11303.43,8.767721,,,,,,
1780415253.853,1599539.0,11271.991,8.769071,,,,,,
1780415253.916,1599564.0,11271.699,8.769723,,,,,,
1780415253.917,1599589.0,11281.12,8.769679,,,,,,
1780415253.917,1599614.0,11289.719,8.769552,,,,,,
1780415253.978,1599639.0,11281.652,8.769864,,,,,,
1780415253.979,1599664.0,11226.652,8.771831,,,,,,
1780415254.042,1599689.0,11164.381,8.774632,,,,,,
1780415254.043,1599714.0,11153.192,8.775473,,,,,,
1780415254.043,1599739.0,11153.372,8.775879,,,,,,
1780415254.106,1599764.0,11181.523,8.77511,,,,,,
1780415254.106,1599789.0,11259.068,8.772371,,,,,,
1780415254.165,1599814.0,11233.494,8.772075,,,,,,
1780415254.166,1599839.0,11198.438,8.773044,,,,,,
1780415254.166,1599864.0,11145.827,8.774568,,,,,,
1780415254.223,1599889.0,11122.305,8.775428,,,,,,
1780415254.224,1599914.0,11138.309,8.77519,,,,,,
1780415254.287,1599939.0,11148.505,8.774705,,,,,,
1780415254.288,1599964.0,11143.867,8.774583,,,,,,
1780415254.288,1599989.0,11111.646,8.775361,,,,,,
1780415254.351,1600014.0,11052.987,8.777089,,,,,,
1780415254.352,1600039.0,11022.281,8.778444,,,,,,
1780415254.419,1600064.0,11027.727,8.778219,,,,,,
1780415254.419,1600089.0,11038.339,8.77814,,,,,,
1780415254.419,1600114.0,11114.581,8.775643,,,,,,
1780415254.482,1600139.0,11144.861,8.774779,,,,,,
1780415254.483,1600164.0,11100.044,8.775777,,,,,,
1780415254.533,1600189.0,11072.673,8.776237,,,,,,
1780415254.533,1600214.0,11072.135,8.776043,,,,,,
1780415254.608,1600239.0,11098.84,8.775082,,,,,,
1780415254.608,1600264.0,11125.37,8.773664,,,,,,
1780415254.608,1600289.0,11133.14,8.772779,,,,,,
1780415254.666,1600314.0,11118.11,8.772285,,,,,,
1780415254.666,1600339.0,11057.925,8.773258,,,,,,
1780415254.667,1600364.0,11010.762,8.774322,,,,,,
1780415254.734,1600389.0,10992.171,8.77479,,,,,,
1780415254.735,1600414.0,10993.222,8.774212,,,,,,
1780415254.801,1600439.0,11066.605,8.773012,,,,,,
1780415254.801,1600464.0,11124.086,8.771012,,,,,,
1780415254.802,1600489.0,11100.438,8.770912,,,,,,
1780415254.861,1600514.0,11065.753,8.770906,,,,,,
1780415254.861,1600539.0,11044.923,8.770883,,,,,,
1780415254.924,1600564.0,11053.916,8.770108,,,,,,
1780415254.925,1600589.0,11075.999,8.768953,,,,,,
1780415254.925,1600614.0,11076.254,8.768085,,,,,,
1780415254.988,1600639.0,11064.184,8.767935,,,,,,
1780415254.988,1600664.0,11024.474,8.768237,,,,,,
1780415254.989,1600689.0,10979.241,8.769508,,,,,,
1780415255.053,1600714.0,10974.986,8.769591,,,,,,
1780415255.053,1600739.0,11002.8,8.768395,,,,,,
1780415255.117,1600764.0,11049.997,8.766355,,,,,,
1780415255.118,1600789.0,11143.659,8.763404,,,,,,
1780415255.118,1600814.0,11147.903,8.762274,,,,,,
1780415255.181,1600839.0,11103.362,8.762629,,,,,,
1780415255.181,1600864.0,11067.407,8.763108,,,,,,
1780415255.250,1600889.0,11057.304,8.763025,,,,,,
1780415255.250,1600914.0,11077.787,8.762016,,,,,,
1780415255.251,1600939.0,11090.895,8.761368,,,,,,
1780415255.308,1600964.0,11088.451,8.761744,,,,,,
1780415255.309,1600989.0,11071.482,8.761826,,,,,,
1780415255.372,1601014.0,11038.805,8.762337,,,,,,
1780415255.373,1601039.0,11034.865,8.762259,,,,,,
1780415255.373,1601064.0,11065.01,8.760531,,,,,,
1780415255.436,1601089.0,11101.8,8.758819,,,,,,
1780415255.436,1601114.0,11194.04,8.756363,,,,,,
1780415255.500,1601139.0,11232.72,8.75564,,,,,,
1780415255.501,1601164.0,11196.02,8.756206,,,,,,
1780415255.501,1601189.0,11156.963,8.75729,,,,,,
1780415255.549,1601214.0,11142.808,8.75773,,,,,,
1780415255.549,1601239.0,11158.155,8.757339,,,,,,
1780415255.610,1601264.0,11176.04,8.756975,,,,,,
1780415255.611,1601289.0,11169.343,8.757287,,,,,,
1780415255.674,1601314.0,11144.15,8.757555,,,,,,
1780415255.675,1601339.0,11084.827,8.759227,,,,,,
1780415255.675,1601364.0,11040.661,8.760971,,,,,,
1780415255.739,1601389.0,11046.707,8.760685,,,,,,
1780415255.739,1601414.0,11066.421,8.76018,,,,,,
1780415255.739,1601439.0,11134.517,8.758775,,,,,,
1780415255.815,1601464.0,11207.598,8.757329,,,,,,
1780415255.815,1601489.0,11173.923,8.757271,,,,,,
1780415255.816,1601514.0,11140.706,8.75839,,,,,,
1780415255.870,1601539.0,11119.61,8.759253,,,,,,
1780415255.871,1601564.0,11132.152,8.759218,,,,,,
1780415255.934,1601589.0,11154.638,8.758547,,,,,,
1780415255.935,1601614.0,11159.469,8.758313,,,,,,
1780415255.997,1601639.0,11155.992,8.758524,,,,,,
1780415255.998,1601664.0,11113.215,8.759471,,,,,,
1780415255.998,1601689.0,11062.457,8.76139,,,,,,
1780415256.060,1601714.0,11059.018,8.761763,,,,,,
1780415256.061,1601739.0,11071.518,8.761453,,,,,,
1780415256.115,1601764.0,11117.384,8.760359,,,,,,
1780415256.115,1601789.0,11206.201,8.758014,,,,,,
1780415256.116,1601814.0,11213.849,8.757409,,,,,,
1780415256.188,1601839.0,11172.909,8.758308,,,,,,
1780415256.189,1601864.0,11147.759,8.758771,,,,,,
1780415256.189,1601889.0,11151.285,8.758543,,,,,,
1780415256.252,1601914.0,11184.465,8.757795,,,,,,
1780415256.253,1601939.0,11205.327,8.757222,,,,,,
1780415256.317,1601964.0,11200.59,8.756943,,,,,,
1780415256.317,1601989.0,11157.684,8.757658,,,,,,
1780415256.318,1602014.0,11091.145,8.759969,,,,,,
1780415256.379,1602039.0,11083.669,8.760032,,,,,,
1780415256.380,1602064.0,11094.528,8.759124,,,,,,
1780415256.442,1602089.0,11117.914,8.757835,,,,,,
1780415256.443,1602114.0,11215.47,8.756275,,,,,,
1780415256.443,1602139.0,11257.935,8.754725,,,,,,
1780415256.505,1602164.0,11233.553,8.755157,,,,,,
1780415256.506,1602189.0,11197.987,8.755746,,,,,,
1780415256.570,1602214.0,11183.878,8.756176,,,,,,
1780415256.570,1602239.0,11214.897,8.755303,,,,,,
1780415256.570,1602264.0,11246.414,8.7544,,,,,,
1780415256.635,1602289.0,11268.843,8.75401,,,,,,
1780415256.637,1602314.0,11247.645,8.754193,,,,,,
1780415256.638,1602339.0,11184.539,8.755976,,,,,,
1780415256.697,1602364.0,11118.789,8.757895,,,,,,
1780415256.698,1602389.0,11070.716,8.759467,,,,,,
1780415256.760,1602414.0,11069.142,8.759831,,,,,,
1780415256.761,1602439.0,11157.854,8.757405,,,,,,
1780415256.815,1602464.0,11254.924,8.754671,,,,,,
1780415256.816,1602489.0,11315.455,8.753106,,,,,,
1780415256.816,1602514.0,11281.423,8.753434,,,,,,
1780415256.887,1602539.0,11265.219,8.754276,,,,,,
1780415256.887,1602564.0,11291.49,8.753859,,,,,,
1780415256.888,1602589.0,11342.93,8.75267,,,,,,
1780415256.951,1602614.0,11376.003,8.751946,,,,,,
1780415256.951,1602639.0,11371.96,8.751743,,,,,,
1780415257.015,1602664.0,11304.166,8.753958,,,,,,
1780415257.015,1602689.0,11250.818,8.7568,,,,,,
1780415257.016,1602714.0,11252.622,8.757586,,,,,,
1780415257.078,1602739.0,11271.434,8.757113,,,,,,
1780415257.079,1602764.0,11321.231,8.756207,,,,,,
1780415257.132,1602789.0,11408.334,8.754207,,,,,,
1780415257.132,1602814.0,11407.416,8.753991,,,,,,
1780415257.189,1602839.0,11376.768,8.754964,,,,,,
1780415257.191,1602864.0,11334.725,8.75706,,,,,,
1780415257.192,1602889.0,11327.642,8.757741,,,,,,
1780415257.252,1602914.0,11337.898,8.758018,,,,,,
1780415257.253,1602939.0,11360.857,8.758098,,,,,,
1780415257.317,1602964.0,11370.531,8.758373,,,,,,
1780415257.317,1602989.0,11362.551,8.758889,,,,,,
1780415257.317,1603014.0,11353.435,8.759995,,,,,,
1780415257.382,1603039.0,11356.1,8.761041,,,,,,
1780415257.382,1603064.0,11348.751,8.762535,,,,,,
1780415257.442,1603089.0,11354.409,8.763478,,,,,,
1780415257.442,1603114.0,11362.08,8.764797,,,,,,
1780415257.443,1603139.0,11405.017,8.765474,,,,,,
1780415257.510,1603164.0,11361.128,8.767323,,,,,,
1780415257.510,1603189.0,11305.116,8.770314,,,,,,
1780415257.573,1603214.0,11281.503,8.772693,,,,,,
1780415257.574,1603239.0,11294.729,8.773558,,,,,,
1780415257.574,1603264.0,11322.942,8.774452,,,,,,
1780415257.633,1603289.0,11323.716,8.776204,,,,,,
1780415257.634,1603314.0,11297.66,8.778337,,,,,,
1780415257.701,1603339.0,11225.724,8.782138,,,,,,
1780415257.701,1603364.0,11163.276,8.785986,,,,,,
1780415257.701,1603389.0,11134.304,8.788823,,,,,,
1780415257.764,1603414.0,11130.626,8.790088,,,,,,
1780415257.766,1603439.0,11208.676,8.789577,,,,,,
1780415257.767,1603464.0,11253.15,8.790545,,,,,,
1780415257.815,1603489.0,11221.535,8.793364,,,,,,
1780415257.815,1603514.0,11173.128,8.796649,,,,,,
1780415257.891,1603539.0,11137.809,8.799664,,,,,,
1780415257.891,1603564.0,11139.738,8.801566,,,,,,
1780415257.891,1603589.0,11159.91,8.803027,,,,,,
1780415257.948,1603614.0,11182.091,8.804972,,,,,,
1780415257.948,1603639.0,11176.599,8.806775,,,,,,
1780415258.002,1603664.0,11121.565,8.809851,,,,,,
1780415258.003,1603689.0,11066.896,8.813388,,,,,,
1780415258.067,1603714.0,11049.892,8.815159,,,,,,
1780415258.067,1603739.0,11061.775,8.815217,,,,,,
1780415258.067,1603764.0,11104.104,8.814712,,,,,,
1780415258.130,1603789.0,11199.648,8.813193,,,,,,
1780415258.130,1603814.0,11203.18,8.814373,,,,,,
1780415258.192,1603839.0,11153.853,8.81714,,,,,,
1780415258.193,1603864.0,11110.494,8.820678,,,,,,
1780415258.193,1603889.0,11091.567,8.822473,,,,,,
1780415258.255,1603914.0,11120.801,8.822301,,,,,,
1780415258.255,1603939.0,11139.872,8.82229,,,,,,
1780415258.315,1603964.0,11139.329,8.82259,,,,,,
1780415258.316,1603989.0,11120.301,8.823063,,,,,,
1780415258.316,1604014.0,11083.2,8.824698,,,,,,
1780415258.382,1604039.0,11074.015,8.825722,,,,,,
1780415258.383,1604064.0,11084.207,8.825451,,,,,,
1780415258.448,1604089.0,11136.789,8.823063,,,,,,
1780415258.448,1604114.0,11238.3,8.819099,,,,,,
1780415258.449,1604139.0,11287.8,8.817192,,,,,,
1780415258.508,1604164.0,11244.876,8.817889,,,,,,
1780415258.509,1604189.0,11202.331,8.819104,,,,,,
1780415258.571,1604214.0,11185.695,8.818881,,,,,,
1780415258.572,1604239.0,11196.503,8.817624,,,,,,
1780415258.572,1604264.0,11221.606,8.815332,,,,,,
1780415258.636,1604289.0,11222.43,8.813421,,,,,,
1780415258.637,1604314.0,11209.903,8.811984,,,,,,
1780415258.638,1604339.0,11164.725,8.812055,,,,,,
1780415258.699,1604364.0,11113.245,8.813074,,,,,,
1780415258.699,1604389.0,11117.331,8.811587,,,,,,
1780415258.762,1604414.0,11139.153,8.808969,,,,,,
1780415258.763,1604439.0,11227.451,8.803939,,,,,,
1780415258.763,1604464.0,11307.633,8.799049,,,,,,
1780415258.826,1604489.0,11278.076,8.796702,,,,,,
1780415258.826,1604514.0,11248.134,8.795262,,,,,,
1780415258.888,1604539.0,11225.725,8.79435,,,,,,
1780415258.888,1604564.0,11237.567,8.792017,,,,,,
1780415258.889,1604589.0,11266.075,8.789067,,,,,,
1780415258.948,1604614.0,11278.845,8.786414,,,,,,
1780415258.949,1604639.0,11276.303,8.783672,,,,,,
1780415259.015,1604664.0,11219.626,8.783077,,,,,,
1780415259.016,1604689.0,11151.79,8.784,,,,,,
1780415259.017,1604714.0,11130.69,8.783733,,,,,,
1780415259.064,1604739.0,11151.483,8.781705,,,,,,
1780415259.065,1604764.0,11198.532,8.778664,,,,,,
1780415259.126,1604789.0,11305.885,8.773426,,,,,,
1780415259.126,1604814.0,11309.401,8.770289,,,,,,
1780415259.189,1604839.0,11262.972,8.769792,,,,,,
1780415259.190,1604864.0,11231.074,8.768746,,,,,,
1780415259.190,1604889.0,11220.964,8.767915,,,,,,
1780415259.252,1604914.0,11249.67,8.766073,,,,,,
1780415259.253,1604939.0,11267.764,8.764202,,,,,,
1780415259.315,1604964.0,11267.655,8.763041,,,,,,
1780415259.316,1604989.0,11242.536,8.762223,,,,,,
1780415259.316,1605014.0,11171.612,8.763757,,,,,,
1780415259.379,1605039.0,11132.957,8.765105,,,,,,
1780415259.379,1605064.0,11139.918,8.764587,,,,,,
1780415259.445,1605089.0,11173.66,8.762937,,,,,,
1780415259.445,1605114.0,11282.821,8.759606,,,,,,
1780415259.446,1605139.0,11323.455,8.757615,,,,,,
1780415259.516,1605164.0,11284.065,8.757245,,,,,,
1780415259.516,1605189.0,11246.22,8.757851,,,,,,
1780415259.517,1605214.0,11233.53,8.757703,,,,,,
1780415259.570,1605239.0,11254.099,8.757181,,,,,,
1780415259.571,1605264.0,11272.544,8.756561,,,,,,
1780415259.634,1605289.0,11293.822,8.755794,,,,,,
1780415259.635,1605314.0,11287.772,8.755718,,,,,,
1780415259.699,1605339.0,11240.713,8.756667,,,,,,
1780415259.700,1605364.0,11194.205,8.758303,,,,,,
1780415259.700,1605389.0,11196.438,8.757839,,,,,,
1780415259.763,1605414.0,11215.63,8.75717,,,,,,
1780415259.765,1605439.0,11300.952,8.755433,,,,,,
1780415259.766,1605464.0,11378.847,8.752975,,,,,,
1780415259.815,1605489.0,11343.001,8.753369,,,,,,
1780415259.815,1605514.0,11307.688,8.754168,,,,,,
1780415259.878,1605539.0,11286.41,8.754595,,,,,,
1780415259.880,1605564.0,11293.809,8.754722,,,,,,
1780415259.942,1605589.0,11321.428,8.754281,,,,,,
1780415259.943,1605614.0,11342.225,8.753792,,,,,,
1780415259.944,1605639.0,11347.656,8.753475,,,,,,
1780415260.005,1605664.0,11311.827,8.753994,,,,,,
1780415260.005,1605689.0,11255.41,8.755944,,,,,,
1780415260.068,1605714.0,11242.188,8.756614,,,,,,
1780415260.069,1605739.0,11254.304,8.755798,,,,,,
1780415260.070,1605764.0,11306.951,8.754325,,,,,,
1780415260.132,1605789.0,11404.518,8.752419,,,,,,
1780415260.132,1605814.0,11407.238,8.751402,,,,,,
1780415260.196,1605839.0,11366.412,8.752394,,,,,,
1780415260.196,1605864.0,11333.702,8.753531,,,,,,
1780415260.197,1605889.0,11335.317,8.753873,,,,,,
1780415260.259,1605914.0,11348.37,8.753577,,,,,,
1780415260.259,1605939.0,11366.425,8.752917,,,,,,
1780415260.323,1605964.0,11362.937,8.752167,,,,,,
1780415260.323,1605989.0,11326.327,8.752922,,,,,,
1780415260.324,1606014.0,11263.845,8.755072,,,,,,
1780415260.381,1606039.0,11234.255,8.756436,,,,,,
1780415260.381,1606064.0,11244.68,8.755797,,,,,,
1780415260.451,1606089.0,11276.023,8.754951,,,,,,
1780415260.452,1606114.0,11381.865,8.75267,,,,,,
1780415260.452,1606139.0,11422.559,8.75161,,,,,,
1780415260.515,1606164.0,11378.66,8.752512,,,,,,
1780415260.516,1606189.0,11330.648,8.7536,,,,,,
1780415260.516,1606214.0,11309.515,8.754136,,,,,,
1780415260.582,1606239.0,11324.161,8.753963,,,,,,
1780415260.582,1606264.0,11348.895,8.75311,,,,,,
1780415260.632,1606289.0,11349.758,8.752877,,,,,,
1780415260.632,1606314.0,11331.04,8.753142,,,,,,
1780415260.706,1606339.0,11272.428,8.755096,,,,,,
1780415260.706,1606364.0,11224.428,8.757109,,,,,,
1780415260.707,1606389.0,11216.832,8.757737,,,,,,
1780415260.768,1606414.0,11226.457,8.756998,,,,,,
1780415260.769,1606439.0,11301.952,8.75569,,,,,,
1780415260.769,1606464.0,11381.96,8.754218,,,,,,
1780415260.835,1606489.0,11422.599,8.75268,,,,,,
1780415260.835,1606514.0,11376.398,8.752909,,,,,,
1780415260.903,1606539.0,11339.914,8.754191,,,,,,
1780415260.904,1606564.0,11353.156,8.754059,,,,,,
1780415260.904,1606589.0,11388.12,8.753701,,,,,,
1780415260.967,1606614.0,11416.781,8.752861,,,,,,
1780415260.967,1606639.0,11393.286,8.753402,,,,,,
1780415260.968,1606664.0,11334.247,8.754929,,,,,,
1780415261.031,1606689.0,11270.276,8.757791,,,,,,
1780415261.032,1606714.0,11263.807,8.758552,,,,,,
1780415261.098,1606739.0,11274.464,8.758532,,,,,,
1780415261.099,1606764.0,11324.188,8.757658,,,,,,
1780415261.099,1606789.0,11422.76,8.75594,,,,,,
1780415261.148,1606814.0,11420.673,8.755414,,,,,,
1780415261.148,1606839.0,11379.582,8.756306,,,,,,
1780415261.204,1606864.0,11334.327,8.757789,,,,,,
1780415261.205,1606889.0,11315.375,8.758875,,,,,,
1780415261.272,1606914.0,11340.616,8.758723,,,,,,
1780415261.273,1606939.0,11349.027,8.758973,,,,,,
1780415261.274,1606964.0,11347.46,8.759349,,,,,,
1780415261.335,1606989.0,11306.831,8.760438,,,,,,
1780415261.336,1607014.0,11236.308,8.763111,,,,,,
1780415261.406,1607039.0,11214.479,8.765283,,,,,,
1780415261.407,1607064.0,11233.277,8.765637,,,,,,
1780415261.407,1607089.0,11256.286,8.766148,,,,,,
1780415261.463,1607114.0,11285.688,8.767283,,,,,,
1780415261.464,1607139.0,11320.355,8.769227,,,,,,
1780415261.464,1607164.0,11302.315,8.771717,,,,,,
1780415261.519,1607189.0,11248.182,8.775192,,,,,,
1780415261.519,1607214.0,11215.662,8.778821,,,,,,
1780415261.585,1607239.0,11215.03,8.781397,,,,,,
1780415261.586,1607264.0,11249.515,8.783427,,,,,,
1780415261.649,1607289.0,11267.611,8.786098,,,,,,
1780415261.650,1607314.0,11250.14,8.78935,,,,,,
1780415261.650,1607339.0,11177.393,8.794823,,,,,,
1780415261.712,1607364.0,11131.122,8.799636,,,,,,
1780415261.713,1607389.0,11137.093,8.801445,,,,,,
1780415261.713,1607414.0,11149.116,8.803718,,,,,,
1780415261.776,1607439.0,11233.97,8.805608,,,,,,
1780415261.777,1607464.0,11299.84,8.808155,,,,,,
1780415261.840,1607489.0,11263.612,8.813815,,,,,,
1780415261.840,1607514.0,11220.955,8.819652,,,,,,
1780415261.841,1607539.0,11185.178,8.825358,,,,,,
1780415261.903,1607564.0,11188.613,8.82961,,,,,,
1780415261.904,1607589.0,11200.428,8.833898,,,,,,
1780415261.964,1607614.0,11223.137,8.838468,,,,,,
1780415261.964,1607639.0,11220.081,8.843301,,,,,,
1780415261.965,1607664.0,11164.655,8.849104,,,,,,
1780415262.029,1607689.0,11097.688,8.855252,,,,,,
1780415262.030,1607714.0,11072.988,8.859199,,,,,,
1780415262.093,1607739.0,11080.004,8.860936,,,,,,
1780415262.093,1607764.0,11134.512,8.861401,,,,,,
1780415262.093,1607789.0,11209.678,8.861984,,,,,,
1780415262.165,1607814.0,11201.812,8.866074,,,,,,
1780415262.166,1607839.0,11161.572,8.871108,,,,,,
1780415262.167,1607864.0,11119.022,8.876154,,,,,,
1780415262.214,1607889.0,11102.281,8.879691,,,,,,
1780415262.214,1607914.0,11113.942,8.881645,,,,,,
1780415262.266,1607939.0,11124.134,8.883384,,,,,,
1780415262.267,1607964.0,11122.188,8.885185,,,,,,
1780415262.329,1607989.0,11076.05,8.888506,,,,,,
1780415262.330,1608014.0,10994.165,8.894643,,,,,,
1780415262.392,1608039.0,10965.745,8.89686,,,,,,
1780415262.393,1608064.0,10974.954,8.89587,,,,,,
1780415262.393,1608089.0,11008.242,8.893208,,,,,,
1780415262.456,1608114.0,11119.582,8.887919,,,,,,
1780415262.457,1608139.0,11169.112,8.885421,,,,,,
1780415262.526,1608164.0,11127.495,8.887229,,,,,,
1780415262.526,1608189.0,11091.446,8.888784,,,,,,
1780415262.526,1608214.0,11079.107,8.888691,,,,,,
1780415262.582,1608239.0,11087.121,8.887246,,,,,,
1780415262.583,1608264.0,11115.21,8.884275,,,,,,
1780415262.652,1608289.0,11113.097,8.882042,,,,,,
1780415262.653,1608314.0,11087.749,8.880584,,,,,,
1780415262.653,1608339.0,11031.603,8.88078,,,,,,
1780415262.714,1608364.0,10991.513,8.880922,,,,,,
1780415262.715,1608389.0,11003.287,8.877501,,,,,,
1780415262.715,1608414.0,11032.606,8.87227,,,,,,
1780415262.779,1608439.0,11132.959,8.863925,,,,,,
1780415262.780,1608464.0,11209.841,8.856227,,,,,,
1780415262.831,1608489.0,11180.23,8.851992,,,,,,
1780415262.831,1608514.0,11151.152,8.848575,,,,,,
1780415262.906,1608539.0,11135.741,8.845509,,,,,,
1780415262.907,1608564.0,11146.639,8.841236,,,,,,
1780415262.907,1608589.0,11173.048,8.836011,,,,,,
1780415262.963,1608614.0,11190.103,8.830017,,,,,,
1780415262.964,1608639.0,11199.486,8.82388,,,,,,
1780415262.964,1608664.0,11144.52,8.8214,,,,,,
1780415263.023,1608689.0,11080.643,8.821054,,,,,,
1780415263.024,1608714.0,11070.388,8.818831,,,,,,
1780415263.085,1608739.0,11094.38,8.815053,,,,,,
1780415263.086,1608764.0,11151.562,8.809656,,,,,,
1780415263.147,1608789.0,11255.546,8.80124,,,,,,
1780415263.147,1608814.0,11246.756,8.794843,,,,,,
1780415263.148,1608839.0,11209.405,8.791072,,,,,,
1780415263.217,1608864.0,11181.406,8.788138,,,,,,
1780415263.217,1608889.0,11178.12,8.784781,,,,,,
1780415263.218,1608914.0,11211.861,8.780381,,,,,,
1780415263.280,1608939.0,11236.108,8.776539,,,,,,
1780415263.280,1608964.0,11240.125,8.772631,,,,,,
1780415263.330,1608989.0,11201.361,8.770211,,,,,,
1780415263.330,1609014.0,11125.956,8.771117,,,,,,
1780415263.407,1609039.0,11096.714,8.771784,,,,,,
1780415263.407,1609064.0,11110.084,8.770803,,,,,,
1780415263.408,1609089.0,11149.423,8.768827,,,,,,
1780415263.463,1609114.0,11262.049,8.764298,,,,,,
1780415263.464,1609139.0,11289.628,8.761443,,,,,,
1780415263.464,1609164.0,11246.969,8.759736,,,,,,
1780415263.530,1609189.0,11202.673,8.759362,,,,,,
1780415263.530,1609214.0,11189.327,8.758616,,,,,,
1780415263.581,1609239.0,11217.91,8.757346,,,,,,
1780415263.581,1609264.0,11239.401,8.756295,,,,,,
1780415263.648,1609289.0,11266.855,8.754801,,,,,,
1780415263.648,1609314.0,11251.674,8.754161,,,,,,
1780415263.648,1609339.0,11189.424,8.755754,,,,,,
1780415263.715,1609364.0,11142.446,8.75787,,,,,,
1780415263.716,1609389.0,11141.16,8.757813,,,,,,
1780415263.716,1609414.0,11161.574,8.757221,,,,,,
1780415263.781,1609439.0,11259.921,8.755894,,,,,,
1780415263.782,1609464.0,11328.901,8.753844,,,,,,
1780415263.830,1609489.0,11293.84,8.753819,,,,,,
1780415263.831,1609514.0,11255.647,8.754751,,,,,,
1780415263.894,1609539.0,11215.756,8.755789,,,,,,
1780415263.895,1609564.0,11196.435,8.756194,,,,,,
1780415263.895,1609589.0,11194.481,8.756302,,,,,,
1780415263.964,1609614.0,11199.527,8.756423,,,,,,
1780415263.964,1609639.0,11195.343,8.756544,,,,,,
1780415263.965,1609664.0,11143.334,8.757349,,,,,,
1780415264.030,1609689.0,11076.475,8.759793,,,,,,
1780415264.031,1609714.0,11054.521,8.760467,,,,,,
1780415264.092,1609739.0,11059.763,8.760122,,,,,,
1780415264.093,1609764.0,11117.134,8.759095,,,,,,
1780415264.093,1609789.0,11206.365,8.757686,,,,,,
1780415264.156,1609814.0,11213.938,8.756867,,,,,,
1780415264.157,1609839.0,11193.209,8.757619,,,,,,
1780415264.213,1609864.0,11153.527,8.75895,,,,,,
1780415264.214,1609889.0,11124.182,8.759718,,,,,,
1780415264.214,1609914.0,11106.856,8.760472,,,,,,
1780415264.280,1609939.0,11102.004,8.761212,,,,,,
1780415264.281,1609964.0,11092.097,8.761592,,,,,,
1780415264.331,1609989.0,11043.054,8.76263,,,,,,
1780415264.332,1610014.0,10965.411,8.764906,,,,,,
1780415264.395,1610039.0,10935.049,8.766454,,,,,,
1780415264.396,1610064.0,10915.834,8.767186,,,,,,
1780415264.396,1610089.0,10943.848,8.766558,,,,,,
1780415264.459,1610114.0,11035.041,8.764997,,,,,,
1780415264.459,1610139.0,11098.621,8.763698,,,,,,
1780415264.522,1610164.0,11090.63,8.764504,,,,,,
1780415264.523,1610189.0,11085.679,8.764814,,,,,,
1780415264.523,1610214.0,11091.09,8.765232,,,,,,
1780415264.585,1610239.0,11093.253,8.76598,,,,,,
1780415264.586,1610264.0,11091.278,8.766341,,,,,,
1780415264.648,1610289.0,11087.548,8.767426,,,,,,
1780415264.648,1610314.0,11071.01,8.767984,,,,,,
1780415264.648,1610339.0,11014.468,8.769931,,,,,,
1780415264.712,1610364.0,10969.063,8.772342,,,,,,
1780415264.713,1610389.0,10969.099,8.773082,,,,,,
1780415264.713,1610414.0,10987.59,8.773513,,,,,,
1780415264.781,1610439.0,11065.801,8.773366,,,,,,
1780415264.781,1610464.0,11114.606,8.773677,,,,,,
1780415264.830,1610489.0,11098.191,8.774804,,,,,,
1780415264.831,1610514.0,11080.99,8.776096,,,,,,
1780415264.893,1610539.0,11058.626,8.777329,,,,,,
1780415264.893,1610564.0,11044.66,8.77782,,,,,,
1780415264.894,1610589.0,11031.376,8.778896,,,,,,
1780415264.956,1610614.0,11019.075,8.779433,,,,,,
1780415264.957,1610639.0,10999.445,8.780622,,,,,,
1780415265.019,1610664.0,10929.94,8.782185,,,,,,
1780415265.019,1610689.0,10856.563,8.784614,,,,,,
1780415265.020,1610714.0,10769.365,8.787606,,,,,,
1780415265.081,1610739.0,10695.926,8.78983,,,,,,
1780415265.081,1610764.0,10630.4,8.792202,,,,,,
1780415265.148,1610789.0,10630.595,8.792573,,,,,,
1780415265.149,1610814.0,10616.168,8.793314,,,,,,
1780415265.149,1610839.0,10590.486,8.794195,,,,,,
1780415265.218,1610864.0,10566.986,8.795092,,,,,,
1780415265.219,1610889.0,10548.378,8.79596,,,,,,
1780415265.219,1610914.0,10532.55,8.796266,,,,,,
1780415265.287,1610939.0,10508.728,8.797097,,,,,,
1780415265.287,1610964.0,10485.903,8.797622,,,,,,
1780415265.287,1610989.0,10435.123,8.798585,,,,,,
1780415265.350,1611014.0,10347.543,8.800523,,,,,,
1780415265.350,1611039.0,10254.725,8.802553,,,,,,
1780415265.417,1611064.0,10168.535,8.804217,,,,,,
1780415265.417,1611089.0,10108.873,8.804608,,,,,,
1780415265.418,1611114.0,10112.04,8.804058,,,,,,
1780415265.484,1611139.0,10110.678,8.803852,,,,,,
1780415265.485,1611164.0,10110.045,8.803485,,,,,,
1780415265.544,1611189.0,10109.731,8.803896,,,,,,
1780415265.545,1611214.0,10110.986,8.803205,,,,,,
1780415265.545,1611239.0,10111.213,8.803319,,,,,,
1780415265.609,1611264.0,10111.564,8.803125,,,,,,
1780415265.609,1611289.0,10111.299,8.803511,,,,,,
1780415265.663,1611314.0,10111.166,8.803345,,,,,,
1780415265.663,1611339.0,10111.494,8.803164,,,,,,
1780415265.664,1611364.0,10111.463,8.803181,,,,,,
1780415265.725,1611389.0,10112.211,8.80277,,,,,,
1780415265.725,1611414.0,10112.405,8.802662,,,,,,
1780415265.788,1611439.0,10111.866,8.802959,,,,,,
1780415265.788,1611464.0,10111.727,8.803036,,,,,,
1780415265.789,1611489.0,10111.532,8.803143,,,,,,
1780415265.851,1611514.0,10111.524,8.803147,,,,,,
1780415265.851,1611539.0,10111.446,8.803429,,,,,,
1780415265.915,1611564.0,10088.456,8.803535,,,,,,
1780415265.915,1611589.0,10057.106,8.804027,,,,,,
1780415265.915,1611614.0,10025.979,8.804163,,,,,,
1780415265.979,1611639.0,9995.421,8.803753,,,,,,
1780415265.981,1611664.0,9964.329,8.803638,,,,,,
1780415266.041,1611689.0,9933.235,8.803283,,,,,,
1780415266.042,1611714.0,9902.167,8.803389,,,,,,
1780415266.042,1611739.0,9870.93,8.80359,,,,,,
1780415266.096,1611764.0,9839.979,8.803631,,,,,,
1780415266.097,1611789.0,9808.755,8.80406,,,,,,
1780415266.158,1611814.0,9777.64,8.80419,,,,,,
1780415266.159,1611839.0,9745.817,8.804714,,,,,,
1780415266.221,1611864.0,9714.584,8.804676,,,,,,
1780415266.222,1611889.0,9683.403,8.804608,,,,,,
1780415266.222,1611914.0,9652.313,8.804487,,,,,,
1780415266.284,1611939.0,9621.06,8.804693,,,,,,
1780415266.284,1611964.0,9589.637,8.80476,,,,,,
1780415266.348,1611989.0,9558.572,8.804628,,,,,,
1780415266.348,1612014.0,9527.269,8.804863,,,,,,
1780415266.349,1612039.0,9495.74,8.80498,,,,,,
1780415266.418,1612064.0,9464.791,8.804786,,,,,,
1780415266.419,1612089.0,9433.572,8.804974,,,,,,
1780415266.420,1612114.0,9402.825,8.804667,,,,,,
1780415266.475,1612139.0,9371.646,8.804599,,,,,,
1780415266.475,1612164.0,9340.281,8.804394,,,,,,
1780415266.538,1612189.0,9331.645,8.804468,,,,,,
1780415266.538,1612214.0,9331.253,8.804216,,,,,,
1780415266.539,1612239.0,9330.755,8.804258,,,,,,
1780415266.604,1612264.0,9330.03,8.804657,,,,,,
1780415266.604,1612289.0,9329.619,8.804883,,,,,,
1780415266.663,1612314.0,9329.121,8.804924,,,,,,
1780415266.664,1612339.0,9328.723,8.804677,,,,,,
1780415266.664,1612364.0,9328.438,8.804601,,,,,,
1780415266.730,1612389.0,9326.894,8.805217,,,,,,
1780415266.730,1612414.0,9326.316,8.805301,,,,,,
1780415266.794,1612439.0,9326.211,8.805125,,,,,,
1780415266.794,1612464.0,9326.144,8.805162,,,,,,
1780415266.795,1612489.0,9325.892,8.805301,,,,,,
1780415266.848,1612514.0,9325.673,8.805422,,,,,,
1780415266.849,1612539.0,9325.182,8.805459,,,,,,
1780415266.913,1612564.0,9324.777,8.805448,,,,,,
1780415266.914,1612589.0,9324.286,8.805718,,,,,,
1780415266.915,1612614.0,9323.598,8.806097,,,,,,
1780415266.977,1612639.0,9323.338,8.806007,,,,,,
1780415266.977,1612664.0,9323.211,8.805843,,,,,,
1780415267.042,1612689.0,9322.812,8.806064,,,,,,
1780415267.042,1612714.0,9322.753,8.805629,,,,,,
1780415267.042,1612739.0,9322.142,8.805965,,,,,,
1780415267.105,1612764.0,9321.618,8.806021,,,,,,
1780415267.106,1612789.0,9321.385,8.806149,,,,,,
1780415267.164,1612814.0,9321.604,8.806028,,,,,,
1780415267.164,1612839.0,9321.188,8.806258,,,,,,
1780415267.164,1612864.0,9321.081,8.806316,,,,,,
1780415267.230,1612889.0,9320.717,8.806517,,,,,,
1780415267.230,1612914.0,9320.923,8.806404,,,,,,
1780415267.297,1612939.0,9320.577,8.806827,,,,,,
1780415267.297,1612964.0,9320.637,8.806794,,,,,,
1780415267.297,1612989.0,9320.425,8.807144,,,,,,
1780415267.348,1613014.0,9321.497,8.806554,,,,,,
1780415267.348,1613039.0,9321.801,8.806153,,,,,,
1780415267.408,1613064.0,9321.244,8.806459,,,,,,
1780415267.408,1613089.0,9321.237,8.806231,,,,,,
1780415267.481,1613114.0,9321.098,8.806308,,,,,,
1780415267.481,1613139.0,9321.105,8.806303,,,,,,
1780415267.482,1613164.0,9321.337,8.806176,,,,,,
1780415267.535,1613189.0,9321.291,8.806201,,,,,,
1780415267.535,1613214.0,9321.37,8.805923,,,,,,
1780415267.598,1613239.0,9321.251,8.805757,,,,,,
1780415267.599,1613264.0,9320.86,8.805972,,,,,,
1780415267.599,1613289.0,9321.02,8.805884,,,,,,
1780415267.662,1613314.0,9320.722,8.806048,,,,,,
1780415267.663,1613339.0,9320.675,8.806074,,,,,,
1780415267.663,1613364.0,9320.834,8.805753,,,,,,
1780415267.726,1613389.0,9320.887,8.805723,,,,,,
1780415267.727,1613414.0,9320.934,8.805697,,,,,,
1780415267.789,1613439.0,9320.602,8.805648,,,,,,
1780415267.789,1613464.0,9321.251,8.80529,,,,,,
1780415267.790,1613489.0,9321.689,8.804815,,,,,,
1780415267.896,1613514.0,9321.841,8.804732,,,,,,
1780415267.897,1613539.0,9321.769,8.804771,,,,,,
1780415267.897,1613564.0,9321.663,8.804597,,,,,,
1780415267.898,1613589.0,9321.59,8.804638,,,,,,
1780415267.963,1613614.0,9321.896,8.804236,,,,,,
1780415267.964,1613639.0,9321.742,8.804088,,,,,,
1780415267.964,1613664.0,9321.51,8.804449,,,,,,
1780415268.013,1613689.0,9321.695,8.804113,,,,,,
1780415268.014,1613714.0,9321.769,8.804306,,,,,,
1780415268.063,1613739.0,9321.947,8.804208,,,,,,
1780415268.064,1613764.0,9321.928,8.803986,,,,,,
1780415268.114,1613789.0,9322.048,8.803919,,,,,,
1780415268.115,1613814.0,9321.974,8.80396,,,,,,
1780415268.162,1613839.0,9322.12,8.804113,,,,,,
1780415268.163,1613864.0,9322.231,8.804051,,,,,,
1780415268.222,1613889.0,9322.757,8.803529,,,,,,
1780415268.222,1613914.0,9322.638,8.803595,,,,,,
1780415268.285,1613939.0,9322.955,8.80342,,,,,,
1780415268.285,1613964.0,9322.796,8.803741,,,,,,
1780415268.348,1613989.0,9322.57,8.804098,,,,,,
1780415268.349,1614014.0,9322.736,8.804239,,,,,,
1780415268.350,1614039.0,9322.791,8.804209,,,,,,
1780415268.413,1614064.0,9323.102,8.804272,,,,,,
1780415268.414,1614089.0,9322.742,8.80447,,,,,,
1780415268.416,1614114.0,9322.538,8.804814,,,,,,
1780415268.476,1614139.0,9322.365,8.80491,,,,,,
1780415268.476,1614164.0,9322.378,8.804903,,,,,,
1780415268.539,1614189.0,9322.703,8.804957,,,,,,
1780415268.540,1614214.0,9322.942,8.805058,,,,,,
1780415268.541,1614239.0,9322.597,8.805249,,,,,,
1780415268.602,1614264.0,9322.743,8.805402,,,,,,
1780415268.603,1614289.0,9322.755,8.805161,,,,,,
1780415268.666,1614314.0,9322.881,8.805093,,,,,,
1780415268.666,1614339.0,9323.134,8.804954,,,,,,
1780415268.667,1614364.0,9322.749,8.805165,,,,,,
1780415268.756,1614389.0,9322.795,8.80514,,,,,,
1780415268.756,1614414.0,9322.662,8.80498,,,,,,
1780415268.757,1614439.0,9323.134,8.804721,,,,,,
1780415268.813,1614464.0,9323.213,8.804677,,,,,,
1780415268.814,1614489.0,9323.498,8.804752,,,,,,
1780415268.814,1614514.0,9323.101,8.805205,,,,,,
1780415268.879,1614539.0,9323.273,8.80511,,,,,,
1780415268.879,1614564.0,9323.021,8.805015,,,,,,
1780415268.932,1614589.0,9323.135,8.804953,,,,,,
1780415268.934,1614614.0,9323.267,8.80488,,,,,,
1780415268.994,1614639.0,9323.38,8.804585,,,,,,
1780415268.995,1614664.0,9322.956,8.804585,,,,,,
1780415268.996,1614689.0,9322.942,8.804592,,,,,,
1780415269.079,1614714.0,9323.075,8.804286,,,,,,
1780415269.079,1614739.0,9322.929,8.804367,,,,,,
1780415269.080,1614764.0,9323.519,8.804043,,,,,,
1780415269.129,1614789.0,9323.626,8.80375,,,,,,
1780415269.130,1614814.0,9323.771,8.80367,,,,,,
1780415269.178,1614839.0,9323.725,8.803463,,,,,,
1780415269.179,1614864.0,9324.075,8.803269,,,,,,
1780415269.228,1614889.0,9324.108,8.803251,,,,,,
1780415269.228,1614914.0,9323.711,8.803703,,,,,,
1780415269.294,1614939.0,9323.651,8.803969,,,,,,
1780415269.295,1614964.0,9323.094,8.804043,,,,,,
1780415269.295,1614989.0,9323.267,8.803947,,,,,,
1780415269.349,1615014.0,9323.339,8.804141,,,,,,
1780415269.349,1615039.0,9323.433,8.804322,,,,,,
1780415269.411,1615064.0,9323.247,8.804424,,,,,,
1780415269.411,1615089.0,9323.24,8.804195,,,,,,
1780415269.473,1615114.0,9323.262,8.804184,,,,,,
1780415269.474,1615139.0,9323.626,8.80375,,,,,,
1780415269.474,1615164.0,9323.56,8.803786,,,,,,
1780415269.537,1615189.0,9323.997,8.80378,,,,,,
1780415269.537,1615214.0,9323.6,8.803998,,,,,,
1780415269.538,1615239.0,9323.791,8.803658,,,,,,
1780415269.599,1615264.0,9323.798,8.803888,,,,,,
1780415269.600,1615289.0,9324.428,8.803775,,,,,,
1780415269.664,1615314.0,9324.926,8.803268,,,,,,
1780415269.665,1615339.0,9324.88,8.803526,,,,,,
1780415269.666,1615364.0,9325.091,8.80341,,,,,,
1780415269.728,1615389.0,9324.607,8.803676,,,,,,
1780415269.729,1615414.0,9324.74,8.803837,,,,,,
1780415269.791,1615439.0,9324.409,8.803785,,,,,,
1780415269.793,1615464.0,9324.568,8.803931,,,,,,
1780415269.793,1615489.0,9324.668,8.803876,,,,,,
1780415269.854,1615514.0,9324.489,8.803741,,,,,,
1780415269.855,1615539.0,9325.02,8.80345,,,,,,
1780415269.919,1615564.0,9325.072,8.80342,,,,,,
1780415269.920,1615589.0,9324.98,8.803704,,,,,,
1780415269.920,1615614.0,9324.84,8.803548,,,,,,
1780415269.979,1615639.0,9324.84,8.803315,,,,,,
1780415269.979,1615664.0,9324.952,8.803253,,,,,,
1780415270.046,1615689.0,9324.979,8.803239,,,,,,
1780415270.047,1615714.0,9324.965,8.803479,,,,,,
1780415270.048,1615739.0,9324.913,8.803508,,,,,,
1780415270.109,1615764.0,9324.82,8.803792,,,,,,
1780415270.110,1615789.0,9324.688,8.803632,,,,,,
1780415270.162,1615814.0,9324.381,8.803568,,,,,,
1780415270.163,1615839.0,9324.832,8.803086,,,,,,
1780415270.163,1615864.0,9324.574,8.803227,,,,,,
1780415270.220,1615889.0,9324.454,8.803294,,,,,,
1780415270.221,1615914.0,9324.289,8.803385,,,,,,
1780415270.285,1615939.0,9323.956,8.803802,,,,,,
1780415270.286,1615964.0,9323.87,8.803849,,,,,,
1780415270.349,1615989.0,9323.798,8.803888,,,,,,
1780415270.349,1616014.0,9323.572,8.804013,,,,,,
1780415270.350,1616039.0,9323.433,8.80409,,,,,,
1780415270.412,1616064.0,9323.81,8.804115,,,,,,
1780415270.412,1616089.0,9323.485,8.804294,,,,,,
1780415270.413,1616114.0,9323.352,8.804601,,,,,,
1780415270.476,1616139.0,9323.299,8.804862,,,,,,
1780415270.477,1616164.0,9323.173,8.804932,,,,,,
1780415270.540,1616189.0,9323.332,8.804611,,,,,,
1780415270.541,1616214.0,9323.617,8.804221,,,,,,
1780415270.541,1616239.0,9323.438,8.804553,,,,,,
1780415270.602,1616264.0,9323.379,8.804585,,,,,,
1780415270.602,1616289.0,9323.365,8.804593,,,,,,
1780415270.665,1616314.0,9322.961,8.804815,,,,,,
1780415270.667,1616339.0,9322.881,8.804626,,,,,,
1780415270.667,1616364.0,9323.113,8.804266,,,,,,
1780415270.730,1616389.0,9322.987,8.804101,,,,,,
1780415270.730,1616414.0,9323.008,8.80409,,,,,,
1780415270.793,1616439.0,9323.101,8.804273,,,,,,
1780415270.793,1616464.0,9323.067,8.804523,,,,,,
1780415270.794,1616489.0,9323.048,8.804768,,,,,,
1780415270.856,1616514.0,9323.001,8.804793,,,,,,
1780415270.857,1616539.0,9323.12,8.804729,,,,,,
1780415270.919,1616564.0,9322.716,8.804951,,,,,,
1780415270.920,1616589.0,9323.2,8.804684,,,,,,
1780415270.920,1616614.0,9322.935,8.804831,,,,,,
1780415270.983,1616639.0,9323.398,8.804575,,,,,,
1780415270.984,1616664.0,9323.432,8.804557,,,,,,
1780415271.035,1616689.0,9323.267,8.804647,,,,,,
1780415271.035,1616714.0,9323.379,8.804352,,,,,,
1780415271.110,1616739.0,9323.153,8.804476,,,,,,
1780415271.112,1616764.0,9323.432,8.804323,,,,,,
1780415271.112,1616789.0,9323.2,8.804217,,,,,,
1780415271.113,1616814.0,9323.313,8.804388,,,,,,
1780415271.161,1616839.0,9323.38,8.804585,,,,,,
1780415271.162,1616864.0,9323.486,8.804526,,,,,,
1780415271.222,1616889.0,9323.208,8.804913,,,,,,
1780415271.222,1616914.0,9323.155,8.804708,,,,,,
1780415271.287,1616939.0,9323.626,8.804216,,,,,,
1780415271.288,1616964.0,9323.805,8.804352,,,,,,
1780415271.290,1616989.0,9323.798,8.804355,,,,,,
1780415271.350,1617014.0,9324.07,8.804438,,,,,,
1780415271.351,1617039.0,9324.441,8.804234,,,,,,
1780415271.413,1617064.0,9324.059,8.804444,,,,,,
1780415271.414,1617089.0,9324.117,8.804412,,,,,,
1780415271.414,1617114.0,9324.037,8.804456,,,,,,
1780415271.477,1617139.0,9324.156,8.804391,,,,,,
1780415271.479,1617164.0,9323.746,8.804383,,,,,,
1780415271.546,1617189.0,9324.084,8.804197,,,,,,
1780415271.547,1617214.0,9323.692,8.804179,,,,,,
1780415271.548,1617239.0,9323.944,8.804041,,,,,,
1780415271.605,1617264.0,9323.673,8.804191,,,,,,
1780415271.606,1617289.0,9323.493,8.804056,,,,,,
1780415271.669,1617314.0,9323.507,8.804049,,,,,,
1780415271.670,1617339.0,9323.421,8.804096,,,,,,
1780415271.670,1617364.0,9323.687,8.80395,,,,,,
1780415271.729,1617389.0,9323.407,8.80387,,,,,,
1780415271.730,1617414.0,9323.832,8.803637,,,,,,
1780415271.796,1617439.0,9323.778,8.803433,,,,,,
1780415271.796,1617464.0,9324.083,8.803266,,,,,,
1780415271.797,1617489.0,9324.422,8.803079,,,,,,
1780415271.859,1617514.0,9324.706,8.802922,,,,,,
1780415271.859,1617539.0,9324.68,8.80317,,,,,,
1780415271.924,1617564.0,9324.693,8.803163,,,,,,
1780415271.924,1617589.0,9324.786,8.802878,,,,,,
1780415271.924,1617614.0,9324.76,8.803125,,,,,,
1780415271.988,1617639.0,9324.832,8.803086,,,,,,
1780415271.988,1617664.0,9324.063,8.803742,,,,,,
1780415271.989,1617689.0,9324.487,8.80351,,,,,,
1780415272.052,1617714.0,9324.401,8.803556,,,,,,
1780415272.053,1617739.0,9324.772,8.803352,,,,,,
1780415272.115,1617764.0,9324.898,8.803283,,,,,,
1780415272.116,1617789.0,9325.31,8.803289,,,,,,
1780415272.117,1617814.0,9325.31,8.803289,,,,,,
1780415272.179,1617839.0,9325.501,8.803418,,,,,,
1780415272.180,1617864.0,9325.642,8.803341,,,,,,
1780415272.245,1617889.0,9325.694,8.803311,,,,,,
1780415272.245,1617914.0,9326.119,8.80331,,,,,,
1780415272.246,1617939.0,9325.9,8.803198,,,,,,
1780415272.310,1617964.0,9326.105,8.803318,,,,,,
1780415272.311,1617989.0,9325.676,8.803322,,,,,,
1780415272.368,1618014.0,9326.034,8.803357,,,,,,
1780415272.368,1618039.0,9326.014,8.803602,,,,,,
1780415272.369,1618064.0,9326.041,8.80382,,,,,,
1780415272.431,1618089.0,9326.006,8.803839,,,,,,
1780415272.432,1618114.0,9325.927,8.803883,,,,,,
1780415272.494,1618139.0,9326.066,8.803805,,,,,,
1780415272.494,1618164.0,9326.06,8.803809,,,,,,
1780415272.495,1618189.0,9326.219,8.803955,,,,,,
1780415272.558,1618214.0,9325.927,8.804116,,,,,,
1780415272.559,1618239.0,9325.952,8.804102,,,,,,
1780415272.623,1618264.0,9325.508,8.804113,,,,,,
1780415272.624,1618289.0,9326.019,8.803832,,,,,,
1780415272.625,1618314.0,9326.098,8.803788,,,,,,
1780415272.686,1618339.0,9325.88,8.803908,,,,,,
1780415272.687,1618364.0,9325.873,8.803912,,,,,,
1780415272.688,1618389.0,9325.959,8.803632,,,,,,
1780415272.751,1618414.0,9326.006,8.803372,,,,,,
1780415272.752,1618439.0,9326.218,8.803256,,,,,,
1780415272.811,1618464.0,9326.112,8.803314,,,,,,
1780415272.811,1618489.0,9325.794,8.803257,,,,,,
1780415272.864,1618514.0,9325.894,8.802968,,,,,,
1780415272.864,1618539.0,9325.376,8.80302,,,,,,
1780415272.865,1618564.0,9325.733,8.802824,,,,,,
1780415272.927,1618589.0,9325.76,8.802809,,,,,,
1780415272.928,1618614.0,9326.065,8.802874,,,,,,
1780415272.991,1618639.0,9325.946,8.802939,,,,,,
1780415272.993,1618664.0,9325.967,8.802695,,,,,,
1780415272.994,1618689.0,9326.0,8.802677,,,,,,
1780415273.054,1618714.0,9325.933,8.802714,,,,,,
1780415273.054,1618739.0,9326.02,8.802666,,,,,,
1780415273.112,1618764.0,9325.945,8.802707,,,,,,
1780415273.113,1618789.0,9325.879,8.802744,,,,,,
1780415273.113,1618814.0,9325.581,8.802907,,,,,,
1780415273.182,1618839.0,9325.733,8.803057,,,,,,
1780415273.182,1618864.0,9325.356,8.803264,,,,,,
1780415273.244,1618889.0,9325.309,8.803524,,,,,,
1780415273.245,1618914.0,9324.958,8.803717,,,,,,
1780415273.245,1618939.0,9325.11,8.803633,,,,,,
1780415273.309,1618964.0,9325.548,8.803159,,,,,,
1780415273.310,1618989.0,9325.628,8.803114,,,,,,
1780415273.372,1619014.0,9325.283,8.803537,,,,,,
1780415273.372,1619039.0,9325.496,8.803654,,,,,,
1780415273.373,1619064.0,9325.277,8.803774,,,,,,
1780415273.436,1619089.0,9325.43,8.80369,,,,,,
1780415273.436,1619114.0,9325.769,8.803737,,,,,,
1780415273.437,1619139.0,9326.04,8.803821,,,,,,
1780415273.493,1619164.0,9326.02,8.804065,,,,,,
1780415273.494,1619189.0,9326.0,8.804076,,,,,,
1780415273.562,1619214.0,9325.442,8.80415,,,,,,
1780415273.564,1619239.0,9325.006,8.804389,,,,,,
1780415273.565,1619264.0,9325.304,8.804226,,,,,,
1780415273.630,1619289.0,9325.013,8.804385,,,,,,
1780415273.631,1619314.0,9324.88,8.804459,,,,,,
1780415273.677,1619339.0,9324.375,8.804503,,,,,,
1780415273.677,1619364.0,9324.541,8.804413,,,,,,
1780415273.738,1619389.0,9324.336,8.804525,,,,,,
1780415273.738,1619414.0,9324.575,8.804394,,,,,,
1780415273.739,1619439.0,9324.8,8.80427,,,,,,
1780415273.801,1619464.0,9324.808,8.804032,,,,,,
1780415273.802,1619489.0,9325.199,8.803584,,,,,,
1780415273.865,1619514.0,9325.444,8.803449,,,,,,
1780415273.866,1619539.0,9325.1,8.803638,,,,,,
1780415273.866,1619564.0,9324.935,8.803496,,,,,,
1780415273.929,1619589.0,9324.642,8.803891,,,,,,
1780415273.930,1619614.0,9324.669,8.803876,,,,,,
1780415273.994,1619639.0,9324.762,8.803824,,,,,,
1780415273.994,1619664.0,9324.329,8.803829,,,,,,
1780415273.995,1619689.0,9324.27,8.803862,,,,,,
1780415274.051,1619714.0,9323.951,8.804037,,,,,,
1780415274.051,1619739.0,9323.958,8.804033,,,,,,
1780415274.112,1619764.0,9323.547,8.804259,,,,,,
1780415274.112,1619789.0,9323.997,8.804012,,,,,,
1780415274.113,1619814.0,9324.011,8.804238,,,,,,
1780415274.175,1619839.0,9324.461,8.804223,,,,,,
1780415274.175,1619864.0,9324.435,8.804237,,,,,,
1780415274.237,1619889.0,9324.156,8.804391,,,,,,
1780415274.238,1619914.0,9324.801,8.80427,,,,,,
1780415274.239,1619939.0,9324.961,8.804181,,,,,,
1780415274.302,1619964.0,9325.671,8.803791,,,,,,
1780415274.303,1619989.0,9325.69,8.80378,,,,,,
1780415274.365,1620014.0,9325.532,8.803867,,,,,,
1780415274.365,1620039.0,9325.285,8.803769,,,,,,
1780415274.366,1620064.0,9325.325,8.803514,,,,,,
1780415274.428,1620089.0,9325.278,8.803773,,,,,,
1780415274.429,1620114.0,9325.246,8.804025,,,,,,
1780415274.497,1620139.0,9325.259,8.803783,,,,,,
1780415274.498,1620164.0,9325.425,8.803693,,,,,,
1780415274.499,1620189.0,9325.657,8.803799,,,,,,
1780415274.555,1620214.0,9325.484,8.803659,,,,,,
1780415274.556,1620239.0,9325.279,8.803773,,,,,,
1780415274.611,1620264.0,9325.187,8.803823,,,,,,
1780415274.611,1620289.0,9324.895,8.804218,,,,,,
1780415274.612,1620314.0,9324.775,8.804283,,,,,,
1780415274.682,1620339.0,9324.622,8.804368,,,,,,
1780415274.683,1620364.0,9324.45,8.804462,,,,,,
1780415274.745,1620389.0,9324.437,8.80447,,,,,,
1780415274.746,1620414.0,9324.297,8.804547,,,,,,
1780415274.746,1620439.0,9324.291,8.80455,,,,,,
1780415274.807,1620464.0,9324.218,8.804357,,,,,,
1780415274.808,1620489.0,9324.112,8.804415,,,,,,
1780415274.872,1620514.0,9324.171,8.80415,,,,,,
1780415274.872,1620539.0,9323.779,8.804365,,,,,,
1780415274.873,1620564.0,9323.719,8.804399,,,,,,
1780415274.927,1620589.0,9323.507,8.804748,,,,,,
1780415274.928,1620614.0,9323.003,8.805025,,,,,,
1780415274.998,1620639.0,9323.447,8.804548,,,,,,
1780415274.999,1620664.0,9323.706,8.804638,,,,,,
1780415275.000,1620689.0,9323.428,8.805025,,,,,,
1780415275.059,1620714.0,9323.733,8.804624,,,,,,
1780415275.060,1620739.0,9323.375,8.80482,,,,,,
1780415275.125,1620764.0,9323.315,8.805087,,,,,,
1780415275.126,1620789.0,9323.807,8.804816,,,,,,
1780415275.127,1620814.0,9323.84,8.804798,,,,,,
1780415275.188,1620839.0,9323.767,8.805072,,,,,,
1780415275.189,1620864.0,9324.065,8.804907,,,,,,
1780415275.190,1620889.0,9324.179,8.804845,,,,,,
1780415275.243,1620914.0,9324.616,8.804604,,,,,,
1780415275.244,1620939.0,9324.709,8.80432,,,,,,
1780415275.299,1620964.0,9325.365,8.803959,,,,,,
1780415275.300,1620989.0,9325.65,8.803802,,,,,,
1780415275.363,1621014.0,9326.055,8.803579,,,,,,
1780415275.364,1621039.0,9325.77,8.803737,,,,,,
1780415275.365,1621064.0,9325.876,8.803678,,,,,,
1780415275.427,1621089.0,9325.895,8.803901,,,,,,
1780415275.428,1621114.0,9326.797,8.803171,,,,,,
1780415275.491,1621139.0,9326.803,8.803168,,,,,,
1780415275.491,1621164.0,9327.022,8.803047,,,,,,
1780415275.492,1621189.0,9327.155,8.802974,,,,,,
1780415275.554,1621214.0,9327.255,8.802919,,,,,,
1780415275.554,1621239.0,9327.54,8.802762,,,,,,
1780415275.618,1621264.0,9327.36,8.803094,,,,,,
1780415275.619,1621289.0,9327.003,8.80329,,,,,,
1780415275.619,1621314.0,9326.949,8.803087,,,,,,
1780415275.678,1621339.0,9326.697,8.803226,,,,,,
1780415275.679,1621364.0,9326.996,8.802828,,,,,,
1780415275.745,1621389.0,9326.83,8.802919,,,,,,
1780415275.746,1621414.0,9327.108,8.802766,,,,,,
1780415275.748,1621439.0,9326.963,8.802846,,,,,,
1780415275.810,1621464.0,9327.461,8.802572,,,,,,
1780415275.811,1621489.0,9327.075,8.802784,,,,,,
1780415275.872,1621514.0,9327.214,8.802708,,,,,,
1780415275.873,1621539.0,9327.142,8.802748,,,,,,
1780415275.874,1621564.0,9327.547,8.802525,,,,,,
1780415275.927,1621589.0,9326.678,8.803003,,,,,,
1780415275.928,1621614.0,9326.418,8.803146,,,,,,
1780415275.998,1621639.0,9326.034,8.803357,,,,,,
1780415275.998,1621664.0,9326.459,8.803123,,,,,,
1780415275.999,1621689.0,9325.909,8.803426,,,,,,
1780415276.060,1621714.0,9326.074,8.803335,,,,,,
1780415276.061,1621739.0,9325.53,8.803868,,,,,,
1780415276.062,1621764.0,9325.637,8.804042,,,,,,
1780415276.126,1621789.0,9325.06,8.804359,,,,,,
1780415276.127,1621814.0,9324.82,8.804491,,,,,,
1780415276.177,1621839.0,9324.336,8.804758,,,,,,
1780415276.179,1621864.0,9324.488,8.804674,,,,,,
1780415276.237,1621889.0,9324.091,8.804893,,,,,,
1780415276.238,1621914.0,9324.31,8.804772,,,,,,
1780415276.239,1621939.0,9324.384,8.804965,,,,,,
1780415276.299,1621964.0,9324.582,8.805089,,,,,,
1780415276.300,1621989.0,9324.735,8.805004,,,,,,
1780415276.363,1622014.0,9324.987,8.804866,,,,,,
1780415276.364,1622039.0,9324.828,8.804954,,,,,,
1780415276.365,1622064.0,9324.994,8.804862,,,,,,
1780415276.427,1622089.0,9324.251,8.805271,,,,,,
1780415276.428,1622114.0,9324.536,8.805114,,,,,,
1780415276.493,1622139.0,9324.119,8.805344,,,,,,
1780415276.495,1622164.0,9324.053,8.805147,,,,,,
1780415276.495,1622189.0,9323.501,8.805684,,,,,,
1780415276.553,1622214.0,9324.058,8.805378,,,,,,
1780415276.553,1622239.0,9324.037,8.805156,,,,,,
1780415276.616,1622264.0,9324.296,8.805014,,,,,,
1780415276.616,1622289.0,9323.646,8.805371,,,,,,
1780415276.617,1622314.0,9324.25,8.805039,,,,,,
1780415276.680,1622339.0,9323.919,8.805222,,,,,,
1780415276.682,1622364.0,9324.224,8.805054,,,,,,
1780415276.743,1622389.0,9323.8,8.805286,,,,,,
1780415276.744,1622414.0,9324.305,8.804775,,,,,,
1780415276.745,1622439.0,9324.151,8.804859,,,,,,
1780415276.810,1622464.0,9324.616,8.804371,,,,,,
1780415276.811,1622489.0,9324.065,8.804674,,,,,,
1780415276.863,1622514.0,9324.688,8.804098,,,,,,
1780415276.863,1622539.0,9324.489,8.804208,,,,,,
1780415276.864,1622564.0,9324.769,8.804053,,,,,,
1780415276.932,1622589.0,9324.383,8.804266,,,,,,
1780415276.933,1622614.0,9324.203,8.804599,,,,,,
1780415276.996,1622639.0,9323.944,8.804741,,,,,,
1780415276.996,1622664.0,9323.938,8.804745,,,,,,
1780415276.997,1622689.0,9323.374,8.805055,,,,,,
1780415277.059,1622714.0,9324.023,8.804463,,,,,,
1780415277.060,1622739.0,9323.579,8.804708,,,,,,
1780415277.124,1622764.0,9323.805,8.804352,,,,,,
1780415277.125,1622789.0,9323.593,8.804468,,,,,,
1780415277.125,1622814.0,9323.738,8.804388,,,,,,
1780415277.186,1622839.0,9323.512,8.804513,,,,,,
1780415277.187,1622864.0,9323.194,8.80492,,,,,,
1780415277.188,1622889.0,9323.102,8.804971,,,,,,
1780415277.242,1622914.0,9323.269,8.804879,,,,,,
1780415277.243,1622939.0,9322.645,8.805223,,,,,,
1780415277.313,1622964.0,9322.565,8.805266,,,,,,
1780415277.314,1622989.0,9322.285,8.80542,,,,,,
1780415277.314,1623014.0,9322.479,8.805314,,,,,,
1780415277.377,1623039.0,9322.272,8.805428,,,,,,
1780415277.378,1623064.0,9322.199,8.805235,,,,,,
1780415277.439,1623089.0,9322.146,8.805496,,,,,,
1780415277.439,1623114.0,9322.324,8.805399,,,,,,
1780415277.440,1623139.0,9322.226,8.805687,,,,,,
1780415277.502,1623164.0,9322.218,8.805691,,,,,,
1780415277.502,1623189.0,9322.092,8.80576,,,,,,
1780415277.566,1623214.0,9322.265,8.805665,,,,,,
1780415277.566,1623239.0,9322.45,8.805563,,,,,,
1780415277.567,1623264.0,9322.45,8.805329,,,,,,
1780415277.629,1623289.0,9322.363,8.805377,,,,,,
1780415277.630,1623314.0,9322.575,8.805261,,,,,,
1780415277.693,1623339.0,9322.762,8.805158,,,,,,
1780415277.694,1623364.0,9322.975,8.804809,,,,,,
1780415277.694,1623389.0,9323.146,8.804713,,,,,,
1780415277.757,1623414.0,9323.153,8.804942,,,,,,
1780415277.758,1623439.0,9322.875,8.805096,,,,,,
1780415277.821,1623464.0,9322.882,8.805092,,,,,,
1780415277.822,1623489.0,9323.406,8.804803,,,,,,
1780415277.822,1623514.0,9323.373,8.804822,,,,,,
1780415277.877,1623539.0,9323.142,8.804949,,,,,,
1780415277.877,1623564.0,9323.281,8.804873,,,,,,
1780415277.949,1623589.0,9323.466,8.80477,,,,,,
1780415277.949,1623614.0,9323.666,8.804661,,,,,,
1780415277.950,1623639.0,9323.731,8.804392,,,,,,
1780415278.010,1623664.0,9323.559,8.80472,,,,,,
1780415278.011,1623689.0,9323.559,8.804954,,,,,,
1780415278.074,1623714.0,9323.234,8.805132,,,,,,
1780415278.075,1623739.0,9323.2,8.80515,,,,,,
1780415278.076,1623764.0,9322.73,8.805408,,,,,,
1780415278.137,1623789.0,9322.724,8.805412,,,,,,
1780415278.138,1623814.0,9322.81,8.805366,,,,,,
1780415278.138,1623839.0,9323.029,8.805244,,,,,,
1780415278.194,1623864.0,9323.022,8.805248,,,,,,
1780415278.194,1623889.0,9323.063,8.805459,,,,,,
1780415278.264,1623914.0,9323.036,8.805473,,,,,,
1780415278.265,1623939.0,9323.275,8.805109,,,,,,
1780415278.265,1623964.0,9323.089,8.805445,,,,,,
1780415278.326,1623989.0,9322.685,8.805901,,,,,,
1780415278.326,1624014.0,9322.731,8.805875,,,,,,
1780415278.377,1624039.0,9322.989,8.805733,,,,,,
1780415278.378,1624064.0,9323.506,8.805449,,,,,,
1780415278.442,1624089.0,9323.612,8.805157,,,,,,
1780415278.443,1624114.0,9323.38,8.805285,,,,,,
1780415278.443,1624139.0,9323.268,8.805346,,,,,,
1780415278.502,1624164.0,9323.938,8.804977,,,,,,
1780415278.503,1624189.0,9324.029,8.804927,,,,,,
1780415278.565,1624214.0,9323.983,8.804952,,,,,,
1780415278.565,1624239.0,9323.541,8.805196,,,,,,
1780415278.566,1624264.0,9323.216,8.805608,,,,,,
1780415278.629,1624289.0,9323.341,8.805539,,,,,,
1780415278.630,1624314.0,9323.129,8.805423,,,,,,
1780415278.693,1624339.0,9323.355,8.805298,,,,,,
1780415278.694,1624364.0,9323.123,8.805426,,,,,,
1780415278.694,1624389.0,9323.687,8.805116,,,,,,
1780415278.760,1624414.0,9323.528,8.805202,,,,,,
1780415278.760,1624439.0,9323.362,8.805294,,,,,,
1780415278.819,1624464.0,9323.084,8.805214,,,,,,
1780415278.820,1624489.0,9323.13,8.804955,,,,,,
1780415278.821,1624514.0,9323.188,8.804923,,,,,,
1780415278.883,1624539.0,9323.115,8.804963,,,,,,
1780415278.883,1624564.0,9322.617,8.805471,,,,,,
1780415278.946,1624589.0,9322.83,8.805354,,,,,,
1780415278.947,1624614.0,9322.956,8.805285,,,,,,
1780415278.947,1624639.0,9322.831,8.805586,,,,,,
1780415279.009,1624664.0,9322.492,8.805773,,,,,,
1780415279.010,1624689.0,9322.492,8.805773,,,,,,
1780415279.072,1624714.0,9322.187,8.805941,,,,,,
1780415279.073,1624739.0,9321.968,8.806062,,,,,,
1780415279.073,1624764.0,9322.246,8.805908,,,,,,
1780415279.136,1624789.0,9321.962,8.806065,,,,,,
1780415279.137,1624814.0,9322.194,8.805937,,,,,,
1780415279.138,1624839.0,9322.068,8.806005,,,,,,
1780415279.200,1624864.0,9322.698,8.805659,,,,,,
1780415279.201,1624889.0,9322.632,8.805696,,,,,,
1780415279.263,1624914.0,9322.678,8.805438,,,,,,
1780415279.263,1624939.0,9322.923,8.805303,,,,,,
1780415279.264,1624964.0,9323.295,8.805099,,,,,,
1780415279.327,1624989.0,9323.633,8.804913,,,,,,
1780415279.327,1625014.0,9323.387,8.805048,,,,,,
1780415279.377,1625039.0,9323.309,8.805091,,,,,,
1780415279.377,1625064.0,9323.314,8.804853,,,,,,
1780415279.454,1625089.0,9323.148,8.804945,,,,,,
1780415279.455,1625114.0,9322.725,8.805412,,,,,,
1780415279.456,1625139.0,9322.657,8.805449,,,,,,
1780415279.517,1625164.0,9322.307,8.805642,,,,,,
1780415279.518,1625189.0,9322.233,8.805682,,,,,,
1780415279.518,1625214.0,9322.048,8.805551,,,,,,
1780415279.581,1625239.0,9322.412,8.805118,,,,,,
1780415279.582,1625264.0,9322.049,8.805318,,,,,,
1780415279.645,1625289.0,9322.108,8.805285,,,,,,
1780415279.646,1625314.0,9321.538,8.805598,,,,,,
1780415279.647,1625339.0,9322.148,8.805495,,,,,,
1780415279.709,1625364.0,9322.439,8.805335,,,,,,
1780415279.710,1625389.0,9322.687,8.804967,,,,,,
1780415279.772,1625414.0,9322.646,8.804989,,,,,,
1780415279.772,1625439.0,9322.826,8.804656,,,,,,
1780415279.772,1625464.0,9322.945,8.80459,,,,,,
1780415279.834,1625489.0,9322.852,8.804643,,,,,,
1780415279.835,1625514.0,9322.766,8.804457,,,,,,
1780415279.899,1625539.0,9322.818,8.804661,,,,,,
1780415279.899,1625564.0,9322.983,8.804803,,,,,,
1780415279.899,1625589.0,9322.792,8.804909,,,,,,
1780415279.959,1625614.0,9322.892,8.804853,,,,,,
1780415279.960,1625639.0,9322.679,8.804737,,,,,,
1780415280.024,1625664.0,9322.699,8.804726,,,,,,
1780415280.025,1625689.0,9322.864,8.804869,,,,,,
1780415280.026,1625714.0,9322.712,8.805185,,,,,,
1780415280.087,1625739.0,9322.997,8.805029,,,,,,
1780415280.088,1625764.0,9323.169,8.804934,,,,,,
1780415280.090,1625789.0,9323.706,8.804405,,,,,,
1780415280.152,1625814.0,9323.779,8.804365,,,,,,
1780415280.152,1625839.0,9323.381,8.804817,,,,,,
1780415280.210,1625864.0,9323.534,8.804967,,,,,,
1780415280.210,1625889.0,9324.117,8.804412,,,,,,
1780415280.267,1625914.0,9324.27,8.804328,,,,,,
1780415280.268,1625939.0,9324.588,8.804153,,,,,,
1780415280.269,1625964.0,9324.13,8.804405,,,,,,
1780415280.330,1625989.0,9324.449,8.80423,,,,,,
1780415280.331,1626014.0,9323.687,8.804883,,,,,,
1780415280.394,1626039.0,9323.82,8.804576,,,,,,
1780415280.395,1626064.0,9323.097,8.804974,,,,,,
1780415280.395,1626089.0,9322.898,8.805082,,,,,,
1780415280.460,1626114.0,9322.527,8.805287,,,,,,
1780415280.462,1626139.0,9322.812,8.805131,,,,,,
1780415280.463,1626164.0,9322.526,8.805287,,,,,,
1780415280.526,1626189.0,9322.075,8.805536,,,,,,
1780415280.526,1626214.0,9321.85,8.80566,,,,,,
1780415280.585,1626239.0,9322.155,8.805259,,,,,,
1780415280.586,1626264.0,9322.262,8.805667,,,,,,
1780415280.587,1626289.0,9322.367,8.805609,,,,,,
1780415280.644,1626314.0,9322.222,8.805689,,,,,,
1780415280.646,1626339.0,9322.619,8.80547,,,,,,
1780415280.713,1626364.0,9322.726,8.805411,,,,,,
1780415280.714,1626389.0,9322.421,8.805346,,,,,,
1780415280.715,1626414.0,9322.202,8.805699,,,,,,
1780415280.775,1626439.0,9322.321,8.805634,,,,,,
1780415280.775,1626464.0,9322.334,8.805628,,,,,,
1780415280.839,1626489.0,9322.327,8.805398,,,,,,
1780415280.840,1626514.0,9321.83,8.805672,,,,,,
1780415280.840,1626539.0,9321.996,8.80558,,,,,,
1780415280.904,1626564.0,9321.678,8.805756,,,,,,
1780415280.905,1626589.0,9321.896,8.805635,,,,,,
1780415280.958,1626614.0,9321.153,8.806044,,,,,,
1780415280.959,1626639.0,9321.285,8.80597,,,,,,
1780415281.030,1626664.0,9321.086,8.806314,,,,,,
1780415281.031,1626689.0,9321.59,8.80627,,,,,,
1780415281.031,1626714.0,9321.598,8.806032,,,,,,
1780415281.094,1626739.0,9321.624,8.806018,,,,,,
1780415281.094,1626764.0,9321.644,8.80624,,,,,,
1780415281.094,1626789.0,9322.187,8.805708,,,,,,
1780415281.158,1626814.0,9322.512,8.80553,,,,,,
1780415281.159,1626839.0,9322.102,8.805755,,,,,,
1780415281.220,1626864.0,9321.49,8.806324,,,,,,
1780415281.221,1626889.0,9321.352,8.806168,,,,,,
1780415281.221,1626914.0,9321.378,8.806153,,,,,,
1780415281.283,1626939.0,9321.152,8.806277,,,,,,
1780415281.284,1626964.0,9320.914,8.806409,,,,,,
1780415281.348,1626989.0,9320.535,8.806617,,,,,,
1780415281.349,1627014.0,9320.575,8.806828,,,,,,
1780415281.350,1627039.0,9320.741,8.806503,,,,,,
1780415281.409,1627064.0,9320.78,8.806482,,,,,,
1780415281.409,1627089.0,9321.059,8.806329,,,,,,
1780415281.474,1627114.0,9320.542,8.806846,,,,,,
1780415281.475,1627139.0,9320.82,8.806927,,,,,,
1780415281.475,1627164.0,9320.469,8.80712,,,,,,
1780415281.538,1627189.0,9320.681,8.806769,,,,,,
1780415281.539,1627214.0,9320.581,8.806825,,,,,,
1780415281.540,1627239.0,9320.833,8.806685,,,,,,
1780415281.604,1627264.0,9320.727,8.806745,,,,,,
1780415281.604,1627289.0,9320.999,8.806595,,,,,,
1780415281.667,1627314.0,9320.436,8.806672,,,,,,
1780415281.668,1627339.0,9320.721,8.806747,,,,,,
1780415281.668,1627364.0,9321.199,8.806252,,,,,,
1780415281.731,1627389.0,9321.53,8.805836,,,,,,
1780415281.731,1627414.0,9321.164,8.806037,,,,,,
1780415281.794,1627439.0,9321.331,8.805945,,,,,,
1780415281.794,1627464.0,9321.662,8.805763,,,,,,
1780415281.795,1627489.0,9322.173,8.805482,,,,,,
1780415281.857,1627514.0,9322.213,8.805227,,,,,,
1780415281.859,1627539.0,9322.557,8.804805,,,,,,
1780415281.921,1627564.0,9322.617,8.804771,,,,,,
1780415281.922,1627589.0,9323.016,8.804552,,,,,,
1780415281.923,1627614.0,9322.989,8.804566,,,,,,
1780415281.975,1627639.0,9323.565,8.80425,,,,,,
1780415281.976,1627664.0,9323.089,8.804746,,,,,,
1780415282.047,1627689.0,9323.507,8.804515,,,,,,
1780415282.048,1627714.0,9323.354,8.804599,,,,,,
1780415282.049,1627739.0,9323.99,8.804249,,,,,,
1780415282.109,1627764.0,9324.097,8.804191,,,,,,
1780415282.110,1627789.0,9324.164,8.80392,,,,,,
1780415282.158,1627814.0,9323.832,8.804337,,,,,,
1780415282.158,1627839.0,9324.369,8.804041,,,,,,
1780415282.223,1627864.0,9323.854,8.804324,,,,,,
1780415282.224,1627889.0,9324.099,8.80419,,,,,,
1780415282.225,1627914.0,9324.026,8.80423,,,,,,
1780415282.284,1627939.0,9324.371,8.804273,,,,,,
1780415282.285,1627964.0,9324.477,8.803982,,,,,,
1780415282.348,1627989.0,9324.06,8.804443,,,,,,
1780415282.349,1628014.0,9323.682,8.804886,,,,,,
1780415282.349,1628039.0,9323.581,8.804941,,,,,,
1780415282.408,1628064.0,9323.469,8.804769,,,,,,
1780415282.409,1628089.0,9323.82,8.804576,,,,,,
1780415282.478,1628114.0,9323.848,8.804561,,,,,,
1780415282.478,1628139.0,9324.49,8.804207,,,,,,
1780415282.479,1628164.0,9324.339,8.804523,,,,,,
1780415282.546,1628189.0,9324.345,8.804521,,,,,,
1780415282.546,1628214.0,9324.0,8.804477,,,,,,
1780415282.546,1628239.0,9324.312,8.804305,,,,,,
1780415282.597,1628264.0,9324.211,8.80436,,,,,,
1780415282.598,1628289.0,9324.675,8.803872,,,,,,
1780415282.658,1628314.0,9324.477,8.803982,,,,,,
1780415282.658,1628339.0,9324.622,8.803902,,,,,,
1780415282.728,1628364.0,9324.689,8.803864,,,,,,
1780415282.729,1628389.0,9324.504,8.803733,,,,,,
1780415282.730,1628414.0,9324.816,8.803561,,,,,,
1780415282.788,1628439.0,9325.027,8.803445,,,,,,
1780415282.789,1628464.0,9324.27,8.803629,,,,,,
1780415282.789,1628489.0,9324.562,8.803235,,,,,,
1780415282.855,1628514.0,9324.582,8.803224,,,,,,
1780415282.855,1628539.0,9324.376,8.803337,,,,,,
1780415282.909,1628564.0,9324.614,8.803205,,,,,,
1780415282.910,1628589.0,9324.548,8.803476,,,,,,
1780415282.975,1628614.0,9324.595,8.803451,,,,,,
1780415282.976,1628639.0,9325.046,8.803202,,,,,,
1780415282.977,1628664.0,9325.544,8.802928,,,,,,
1780415283.033,1628689.0,9325.736,8.802822,,,,,,
1780415283.034,1628714.0,9325.291,8.803067,,,,,,
1780415283.105,1628739.0,9325.265,8.803082,,,,,,
1780415283.106,1628764.0,9324.738,8.803371,,,,,,
1780415283.106,1628789.0,9324.647,8.803421,,,,,,
1780415283.158,1628814.0,9324.667,8.803177,,,,,,
1780415283.158,1628839.0,9324.96,8.803249,,,,,,
1780415283.222,1628864.0,9324.462,8.803523,,,,,,
1780415283.223,1628889.0,9324.375,8.803337,,,,,,
1780415283.224,1628914.0,9323.965,8.803797,,,,,,
1780415283.293,1628939.0,9323.859,8.803855,,,,,,
1780415283.293,1628964.0,9323.865,8.803618,,,,,,
1780415283.293,1628989.0,9323.454,8.803844,,,,,,
1780415283.347,1629014.0,9323.42,8.804097,,,,,,
1780415283.347,1629039.0,9323.269,8.804413,,,,,,
1780415283.409,1629064.0,9323.241,8.804428,,,,,,
1780415283.410,1629089.0,9323.373,8.804589,,,,,,
1780415283.477,1629114.0,9323.831,8.804569,,,,,,
1780415283.477,1629139.0,9323.752,8.804613,,,,,,
1780415283.478,1629164.0,9324.124,8.804175,,,,,,
1780415283.536,1629189.0,9323.706,8.804405,,,,,,
1780415283.537,1629214.0,9324.216,8.803891,,,,,,
1780415283.537,1629239.0,9324.322,8.803833,,,,,,
1780415283.609,1629264.0,9323.885,8.804073,,,,,,
1780415283.609,1629289.0,9323.341,8.804606,,,,,,
1780415283.658,1629314.0,9323.347,8.804836,,,,,,
1780415283.658,1629339.0,9323.05,8.804999,,,,,,
1780415283.727,1629364.0,9322.737,8.805171,,,,,,
1780415283.728,1629389.0,9322.83,8.805354,,,,,,
1780415283.729,1629414.0,9322.565,8.8055,,,,,,
1780415283.794,1629439.0,9322.691,8.80543,,,,,,
1780415283.795,1629464.0,9322.333,8.805394,,,,,,
1780415283.795,1629489.0,9322.558,8.80527,,,,,,
1780415283.852,1629514.0,9322.366,8.80561,,,,,,
1780415283.853,1629539.0,9322.584,8.80549,,,,,,
1780415283.917,1629564.0,9322.041,8.805788,,,,,,
1780415283.918,1629589.0,9322.247,8.805907,,,,,,
1780415283.918,1629614.0,9322.347,8.80562,,,,,,
1780415283.974,1629639.0,9322.64,8.805459,,,,,,
1780415283.975,1629664.0,9322.666,8.805445,,,,,,
1780415284.044,1629689.0,9323.017,8.805251,,,,,,
1780415284.045,1629714.0,9323.242,8.804893,,,,,,
1780415284.045,1629739.0,9322.897,8.805083,,,,,,
1780415284.097,1629764.0,9322.925,8.805068,,,,,,
1780415284.097,1629789.0,9322.626,8.805467,,,,,,
1780415284.169,1629814.0,9322.983,8.805036,,,,,,
1780415284.170,1629839.0,9322.153,8.805726,,,,,,
1780415284.170,1629864.0,9322.055,8.805547,,,,,,
1780415284.226,1629889.0,9322.028,8.805329,,,,,,
1780415284.227,1629914.0,9322.332,8.805161,,,,,,
1780415284.286,1629939.0,9321.617,8.805555,,,,,,
1780415284.286,1629964.0,9322.094,8.805059,,,,,,
1780415284.287,1629989.0,9322.14,8.804801,,,,,,
1780415284.348,1630014.0,9322.174,8.805016,,,,,,
1780415284.348,1630039.0,9322.584,8.804557,,,,,,
1780415284.421,1630064.0,9322.89,8.804622,,,,,,
1780415284.421,1630089.0,9323.182,8.804461,,,,,,
1780415284.422,1630114.0,9323.115,8.804497,,,,,,
1780415284.475,1630139.0,9323.101,8.804505,,,,,,
1780415284.475,1630164.0,9323.28,8.804406,,,,,,
1780415284.539,1630189.0,9323.764,8.803907,,,,,,
1780415284.540,1630214.0,9323.479,8.803832,,,,,,
1780415284.540,1630239.0,9323.578,8.80401,,,,,,
1780415284.601,1630264.0,9323.392,8.804113,,,,,,
1780415284.602,1630289.0,9323.73,8.803693,,,,,,
1780415284.660,1630314.0,9323.399,8.803875,,,,,,
1780415284.660,1630339.0,9323.142,8.804251,,,,,,
1780415284.720,1630364.0,9323.433,8.80409,,,,,,
1780415284.720,1630389.0,9323.499,8.804053,,,,,,
1780415284.720,1630414.0,9323.718,8.803699,,,,,,
1780415284.787,1630439.0,9323.671,8.803725,,,,,,
1780415284.787,1630464.0,9323.765,8.803674,,,,,,
1780415284.788,1630489.0,9323.765,8.803907,,,,,,
1780415284.851,1630514.0,9323.765,8.80414,,,,,,
1780415284.851,1630539.0,9323.486,8.80406,,,,,,
1780415284.908,1630564.0,9323.956,8.803802,,,,,,
1780415284.908,1630589.0,9323.764,8.803907,,,,,,
1780415284.975,1630614.0,9323.989,8.804016,,,,,,
1780415284.976,1630639.0,9324.122,8.80371,,,,,,
1780415284.976,1630664.0,9323.652,8.804201,,,,,,
1780415285.038,1630689.0,9323.233,8.804432,,,,,,
1780415285.039,1630714.0,9323.28,8.804406,,,,,,
1780415285.039,1630739.0,9323.44,8.804318,,,,,,
1780415285.109,1630764.0,9323.347,8.804137,,,,,,
1780415285.110,1630789.0,9323.599,8.803764,,,,,,
1780415285.163,1630814.0,9323.738,8.803688,,,,,,
1780415285.163,1630839.0,9323.744,8.803684,,,,,,
1780415285.164,1630864.0,9323.365,8.803893,,,,,,
1780415285.230,1630889.0,9323.247,8.803958,,,,,,
1780415285.230,1630914.0,9322.835,8.804185,,,,,,
1780415285.289,1630939.0,9323.086,8.80428,,,,,,
1780415285.290,1630964.0,9323.365,8.803893,,,,,,
1780415285.290,1630989.0,9323.133,8.804021,,,,,,
1780415285.358,1631014.0,9323.599,8.803532,,,,,,
1780415285.358,1631039.0,9323.664,8.803496,,,,,,
1780415285.409,1631064.0,9323.831,8.803637,,,,,,
1780415285.409,1631089.0,9323.856,8.803391,,,,,,
1780415285.476,1631114.0,9323.93,8.803349,,,,,,
1780415285.477,1631139.0,9323.977,8.803091,,,,,,
1780415285.477,1631164.0,9324.176,8.803215,,,,,,
1780415285.540,1631189.0,9324.475,8.803051,,,,,,
1780415285.541,1631214.0,9324.494,8.803041,,,,,,
1780415285.541,1631239.0,9324.793,8.802642,,,,,,
1780415285.597,1631264.0,9324.561,8.802537,,,,,,
1780415285.597,1631289.0,9325.291,8.802135,,,,,,
1780415285.672,1631314.0,9325.582,8.801974,,,,,,
1780415285.673,1631339.0,9325.45,8.80228,,,,,,
1780415285.674,1631364.0,9325.795,8.801857,,,,,,
1780415285.726,1631389.0,9326.061,8.801945,,,,,,
1780415285.727,1631414.0,9325.198,8.802651,,,,,,
1780415285.795,1631439.0,9325.112,8.802699,,,,,,
1780415285.796,1631464.0,9325.152,8.802677,,,,,,
1780415285.797,1631489.0,9325.225,8.802637,,,,,,
1780415285.858,1631514.0,9325.317,8.802587,,,,,,
1780415285.858,1631539.0,9325.126,8.802691,,,,,,
1780415285.910,1631564.0,9325.392,8.802313,,,,,,
1780415285.910,1631589.0,9325.152,8.802444,,,,,,
1780415285.971,1631614.0,9325.504,8.802251,,,,,,
1780415285.972,1631639.0,9325.206,8.802648,,,,,,
1780415285.973,1631664.0,9325.238,8.802629,,,,,,
1780415286.034,1631689.0,9324.833,8.80262,,,,,,
1780415286.035,1631714.0,9325.046,8.802735,,,,,,
1780415286.098,1631739.0,9325.179,8.802663,,,,,,
1780415286.099,1631764.0,9325.345,8.802571,,,,,,
1780415286.099,1631789.0,9325.418,8.802531,,,,,,
1780415286.157,1631814.0,9325.199,8.802651,,,,,,
1780415286.158,1631839.0,9325.385,8.802782,,,,,,
1780415286.222,1631864.0,9324.959,8.803249,,,,,,
1780415286.222,1631889.0,9324.86,8.803304,,,,,,
1780415286.223,1631914.0,9324.21,8.803429,,,,,,
1780415286.286,1631939.0,9324.184,8.803443,,,,,,
1780415286.287,1631964.0,9324.037,8.803523,,,,,,
1780415286.288,1631989.0,9323.798,8.803655,,,,,,
1780415286.357,1632014.0,9323.824,8.80364,,,,,,
1780415286.358,1632039.0,9324.533,8.80325,,,,,,
1780415286.423,1632064.0,9324.36,8.803579,,,,,,
1780415286.424,1632089.0,9324.367,8.803808,,,,,,
1780415286.425,1632114.0,9324.492,8.80374,,,,,,
1780415286.474,1632139.0,9324.659,8.803414,,,,,,
1780415286.475,1632164.0,9325.063,8.803425,,,,,,
1780415286.537,1632189.0,9324.705,8.803622,,,,,,
1780415286.537,1632214.0,9324.99,8.803465,,,,,,
1780415286.538,1632239.0,9324.972,8.803243,,,,,,
1780415286.602,1632264.0,9325.263,8.803082,,,,,,
1780415286.603,1632289.0,9325.157,8.803373,,,,,,
1780415286.658,1632314.0,9325.488,8.803425,,,,,,
1780415286.658,1632339.0,9325.23,8.803333,,,,,,
1780415286.719,1632364.0,9325.131,8.803388,,,,,,
1780415286.720,1632389.0,9325.138,8.803384,,,,,,
1780415286.720,1632414.0,9325.004,8.803458,,,,,,
1780415286.788,1632439.0,9325.277,8.803308,,,,,,
1780415286.790,1632464.0,9325.051,8.803199,,,,,,
1780415286.791,1632489.0,9325.197,8.803119,,,,,,
1780415286.855,1632514.0,9325.124,8.803391,,,,,,
1780415286.855,1632539.0,9325.496,8.803421,,,,,,
1780415286.911,1632564.0,9325.542,8.803395,,,,,,
1780415286.912,1632589.0,9325.74,8.803287,,,,,,
1780415286.912,1632614.0,9325.841,8.803464,,,,,,
1780415286.973,1632639.0,9325.907,8.803427,,,,,,
1780415286.974,1632664.0,9325.641,8.803574,,,,,,
1780415287.036,1632689.0,9325.456,8.803443,,,,,,
1780415287.036,1632714.0,9325.304,8.803293,,,,,,
1780415287.037,1632739.0,9325.629,8.803114,,,,,,
1780415287.104,1632764.0,9325.762,8.803041,,,,,,
1780415287.105,1632789.0,9325.861,8.802753,,,,,,
1780415287.162,1632814.0,9325.568,8.802915,,,,,,
1780415287.163,1632839.0,9325.311,8.803289,,,,,,
1780415287.164,1632864.0,9325.343,8.803271,,,,,,
1780415287.227,1632889.0,9324.687,8.803633,,,,,,
1780415287.228,1632914.0,9324.872,8.803531,,,,,,
1780415287.285,1632939.0,9324.805,8.803567,,,,,,
1780415287.286,1632964.0,9324.979,8.803705,,,,,,
1780415287.354,1632989.0,9324.918,8.803505,,,,,,
1780415287.354,1633014.0,9325.071,8.803421,,,,,,
1780415287.355,1633039.0,9325.145,8.80338,,,,,,
1780415287.409,1633064.0,9324.979,8.803472,,,,,,
1780415287.410,1633089.0,9325.696,8.80331,,,,,,
1780415287.478,1633114.0,9325.512,8.803411,,,,,,
1780415287.478,1633139.0,9326.016,8.803135,,,,,,
1780415287.479,1633164.0,9325.896,8.802966,,,,,,
1780415287.541,1633189.0,9325.856,8.802989,,,,,,
1780415287.542,1633214.0,9325.862,8.802985,,,,,,
1780415287.542,1633239.0,9325.711,8.803069,,,,,,
1780415287.602,1633264.0,9325.53,8.803168,,,,,,
1780415287.603,1633289.0,9325.775,8.8028,,,,,,
1780415287.657,1633314.0,9326.094,8.802626,,,,,,
1780415287.658,1633339.0,9326.293,8.802749,,,,,,
1780415287.728,1633364.0,9325.662,8.803096,,,,,,
1780415287.729,1633389.0,9325.756,8.803044,,,,,,
1780415287.730,1633414.0,9325.704,8.803306,,,,,,
1780415287.790,1633439.0,9326.427,8.802908,,,,,,
1780415287.791,1633464.0,9326.439,8.802901,,,,,,
1780415287.791,1633489.0,9326.088,8.803095,,,,,,
1780415287.861,1633514.0,9326.34,8.802957,,,,,,
1780415287.862,1633539.0,9326.048,8.803117,,,,,,
1780415287.863,1633564.0,9325.922,8.802953,,,,,,
1780415287.918,1633589.0,9325.822,8.803007,,,,,,
1780415287.919,1633614.0,9326.227,8.803019,,,,,,
1780415287.977,1633639.0,9325.834,8.803468,,,,,,
1780415287.978,1633664.0,9325.914,8.80319,,,,,,
1780415288.040,1633689.0,9325.894,8.802968,,,,,,
1780415288.042,1633714.0,9325.515,8.803177,,,,,,
1780415288.043,1633739.0,9325.787,8.802794,,,,,,
1780415288.107,1633764.0,9325.408,8.802769,,,,,,
1780415288.107,1633789.0,9325.534,8.802934,,,,,,
1780415288.164,1633814.0,9325.428,8.802992,,,,,,
1780415288.164,1633839.0,9325.449,8.802747,,,,,,
1780415288.165,1633864.0,9325.196,8.802653,,,,,,
1780415288.233,1633889.0,9325.07,8.802722,,,,,,
1780415288.234,1633914.0,9324.832,8.803086,,,,,,
1780415288.310,1633939.0,9324.853,8.803075,,,,,,
1780415288.310,1633964.0,9324.753,8.802896,,,,,,
1780415288.311,1633989.0,9325.105,8.802703,,,,,,
1780415288.375,1634014.0,9324.772,8.802886,,,,,,
1780415288.376,1634039.0,9324.494,8.80304,,,,,,
1780415288.376,1634064.0,9324.128,8.803241,,,,,,
1780415288.426,1634089.0,9324.44,8.803069,,,,,,
1780415288.426,1634114.0,9324.726,8.802912,,,,,,
1780415288.476,1634139.0,9324.707,8.80269,,,,,,
1780415288.477,1634164.0,9324.952,8.802554,,,,,,
1780415288.546,1634189.0,9324.853,8.802609,,,,,,
1780415288.547,1634214.0,9324.899,8.80235,,,,,,
1780415288.548,1634239.0,9324.341,8.802657,,,,,,
1780415288.609,1634264.0,9324.731,8.802443,,,,,,
1780415288.610,1634289.0,9324.806,8.802402,,,,,,
1780415288.692,1634314.0,9324.813,8.802631,,,,,,
1780415288.692,1634339.0,9324.778,8.80265,,,,,,
1780415288.693,1634364.0,9324.269,8.803164,,,,,,
1780415288.693,1634389.0,9324.507,8.803265,,,,,,
1780415288.741,1634414.0,9324.613,8.803206,,,,,,
1780415288.741,1634439.0,9324.673,8.802941,,,,,,
1780415288.790,1634464.0,9324.447,8.803065,,,,,,
1780415288.790,1634489.0,9324.527,8.803254,,,,,,
1780415288.858,1634514.0,9324.36,8.803346,,,,,,
1780415288.859,1634539.0,9324.533,8.803018,,,,,,
1780415288.924,1634564.0,9324.7,8.802926,,,,,,
1780415288.925,1634589.0,9324.945,8.803023,,,,,,
1780415288.926,1634614.0,9324.866,8.803067,,,,,,
1780415288.991,1634639.0,9324.854,8.803308,,,,,,
1780415288.991,1634664.0,9325.131,8.803155,,,,,,
1780415288.992,1634689.0,9325.284,8.803071,,,,,,
1780415289.039,1634714.0,9325.43,8.802757,,,,,,
1780415289.040,1634739.0,9325.284,8.802837,,,,,,
1780415289.096,1634764.0,9325.51,8.802947,,,,,,
1780415289.097,1634789.0,9325.251,8.802855,,,,,,
1780415289.174,1634814.0,9325.595,8.802667,,,,,,
1780415289.175,1634839.0,9325.535,8.802933,,,,,,
1780415289.176,1634864.0,9325.86,8.80252,,,,,,
1780415289.222,1634889.0,9325.488,8.802492,,,,,,
1780415289.222,1634914.0,9325.19,8.802889,,,,,,
1780415289.288,1634939.0,9325.25,8.802856,,,,,,
1780415289.289,1634964.0,9324.818,8.803094,,,,,,
1780415289.290,1634989.0,9325.098,8.802939,,,,,,
1780415289.358,1635014.0,9325.037,8.802973,,,,,,
1780415289.358,1635039.0,9324.64,8.802959,,,,,,
1780415289.413,1635064.0,9324.554,8.803006,,,,,,
1780415289.414,1635089.0,9324.806,8.803101,,,,,,
1780415289.415,1635114.0,9324.893,8.80282,,,,,,
1780415289.479,1635139.0,9325.184,8.80266,,,,,,
1780415289.480,1635164.0,9324.997,8.802995,,,,,,
1780415289.541,1635189.0,9324.865,8.803068,,,,,,
1780415289.541,1635214.0,9324.646,8.803188,,,,,,
1780415289.542,1635239.0,9324.846,8.803079,,,,,,
1780415289.604,1635264.0,9324.825,8.802857,,,,,,
1780415289.605,1635289.0,9324.673,8.802941,,,,,,
1780415289.693,1635314.0,9324.943,8.802792,,,,,,
1780415289.694,1635339.0,9324.434,8.803306,,,,,,
1780415289.694,1635364.0,9324.547,8.803476,,,,,,
1780415289.695,1635389.0,9324.414,8.80355,,,,,,
1780415289.741,1635414.0,9324.566,8.803699,,,,,,
1780415289.741,1635439.0,9324.374,8.804038,,,,,,
1780415289.790,1635464.0,9324.539,8.803714,,,,,,
1780415289.790,1635489.0,9324.3,8.803845,,,,,,
