timestamp_computer,timestamp,sensor1,sensor2,mag,width,crack_x,crack_size,serial out,response
1780417388.391,1573915.0,5371.361,9.321801,,,,,status,l_h=42.000000 c_f=220.000000 q=15.000000
1780417388.392,1573940.0,5371.33,9.321801,,,,,,
1780417388.393,1573965.0,5371.281,9.321801,,,,,,
1780417388.440,1573990.0,5371.281,9.321801,,,,,,
1780417388.441,1574015.0,5371.405,9.321801,,,,,,
1780417388.501,1574040.0,5371.33,9.321801,,,,,,
1780417388.502,1574065.0,5371.334,9.321801,,,,,,
1780417388.502,1574090.0,5371.392,9.322041,,,,,,
1780417388.569,1574115.0,5371.396,9.322041,,,,,,
1780417388.569,1574140.0,5371.533,9.322041,,,,,,
1780417388.639,1574165.0,5371.638,9.322041,,,,,,
1780417388.639,1574190.0,5371.589,9.322041,,,,,,
1780417388.652,1574215.0,5371.545,9.322041,,,,,,
1780417388.652,1574240.0,5371.484,9.322041,,,,,,
1780417388.706,1574265.0,5371.549,9.322041,,,,,,
1780417388.707,1574290.0,5371.55,9.322281,,,,,,
1780417388.756,1574315.0,5371.581,9.322041,,,,,,
1780417388.757,1574340.0,5371.527,9.322041,,,,,,
1780417388.820,1574365.0,5371.563,9.322041,,,,,,
1780417388.821,1574390.0,5371.501,9.322041,,,,,,
1780417388.887,1574415.0,5371.533,9.322281,,,,,,
1780417388.888,1574440.0,5371.365,9.322281,,,,,,
1780417388.888,1574465.0,5371.33,9.322281,,,,,,
1780417388.940,1574490.0,5371.163,9.322281,,,,,,
1780417388.940,1574515.0,5371.145,9.321801,,,,,,
1780417389.001,1574540.0,5371.207,9.321561,,,,,,
1780417389.001,1574565.0,5371.11,9.321561,,,,,,
1780417389.002,1574590.0,5371.238,9.321561,,,,,,
1780417389.073,1574615.0,5371.238,9.321561,,,,,,
1780417389.074,1574640.0,5371.277,9.321321,,,,,,
1780417389.075,1574665.0,5371.243,9.321321,,,,,,
1780417389.127,1574690.0,5371.256,9.321081,,,,,,
1780417389.128,1574715.0,5371.199,9.321081,,,,,,
1780417389.196,1574740.0,5371.062,9.321081,,,,,,
1780417389.197,1574765.0,5371.097,9.321081,,,,,,
1780417389.256,1574790.0,5371.058,9.321081,,,,,,
1780417389.257,1574815.0,5371.053,9.320842,,,,,,
1780417389.257,1574840.0,5371.11,9.320842,,,,,,
1780417389.323,1574865.0,5371.163,9.320842,,,,,,
1780417389.324,1574890.0,5371.304,9.320842,,,,,,
1780417389.325,1574915.0,5371.339,9.320601,,,,,,
1780417389.390,1574940.0,5371.391,9.320842,,,,,,
1780417389.391,1574965.0,5371.378,9.320842,,,,,,
1780417389.457,1574990.0,5371.417,9.320842,,,,,,
1780417389.458,1575015.0,5371.471,9.320842,,,,,,
1780417389.459,1575040.0,5371.277,9.320842,,,,,,
1780417389.505,1575065.0,5371.356,9.320842,,,,,,
1780417389.506,1575090.0,5371.33,9.320842,,,,,,
1780417389.574,1575115.0,5371.243,9.320842,,,,,,
1780417389.575,1575140.0,5371.256,9.321081,,,,,,
1780417389.575,1575165.0,5371.291,9.321321,,,,,,
1780417389.630,1575190.0,5371.295,9.321321,,,,,,
1780417389.630,1575215.0,5371.216,9.321321,,,,,,
1780417389.702,1575240.0,5371.211,9.321081,,,,,,
1780417389.703,1575265.0,5371.146,9.321321,,,,,,
1780417389.704,1575290.0,5371.225,9.321321,,,,,,
1780417389.757,1575315.0,5371.189,9.321561,,,,,,
1780417389.759,1575340.0,5371.181,9.321561,,,,,,
1780417389.825,1575365.0,5371.282,9.321321,,,,,,
1780417389.826,1575390.0,5371.229,9.321321,,,,,,
1780417389.827,1575415.0,5371.22,9.321321,,,,,,
1780417389.889,1575440.0,5371.141,9.321561,,,,,,
1780417389.889,1575465.0,5371.097,9.321561,,,,,,
1780417389.941,1575490.0,5371.079,9.321561,,,,,,
1780417389.942,1575515.0,5371.074,9.321321,,,,,,
1780417390.005,1575540.0,5371.123,9.321321,,,,,,
1780417390.006,1575565.0,5371.074,9.321321,,,,,,
1780417390.006,1575590.0,5371.031,9.321321,,,,,,
1780417390.057,1575615.0,5371.004,9.321321,,,,,,
1780417390.058,1575640.0,5371.009,9.321321,,,,,,
1780417390.084,1575665.0,5371.207,9.321321,,,,,,
1780417390.109,1575690.0,5371.158,9.321321,,,,,,
1780417390.132,1575715.0,5371.176,9.321081,,,,,,
1780417390.155,1575740.0,5371.44,9.321081,,,,,,
1780417390.178,1575765.0,5371.454,9.320842,,,,,,
1780417390.202,1575790.0,5371.409,9.320842,,,,,,
1780417390.238,1575815.0,5371.59,9.320842,,,,,,
1780417390.261,1575840.0,5371.551,9.320842,,,,,,
1780417390.285,1575865.0,5371.568,9.321081,,,,,,
1780417390.308,1575890.0,5371.709,9.320842,,,,,,
1780417390.332,1575915.0,5371.709,9.320842,,,,,,
1780417390.357,1575940.0,5371.726,9.320842,,,,,,
1780417390.380,1575965.0,5371.863,9.320842,,,,,,
1780417390.405,1575990.0,5371.969,9.321081,,,,,,
1780417390.429,1576015.0,5371.841,9.321081,,,,,,
1780417390.452,1576040.0,5371.876,9.321081,,,,,,
1780417390.538,1576065.0,5371.991,9.321081,,,,,status,l_h=42.000000 c_f=220.000000 q=15.000000
1780417390.539,1576090.0,5371.925,9.320842,,,,,,
1780417390.539,1576115.0,5372.003,9.320842,,,,,,
1780417390.588,1576140.0,5371.933,9.320842,,,,,,
1780417390.589,1576165.0,5371.818,9.321081,,,,,,
1780417390.638,1576190.0,5371.875,9.321081,,,,,,
1780417390.639,1576215.0,5371.867,9.321081,,,,,,
1780417390.690,1576240.0,5371.862,9.321081,,,,,,
1780417390.690,1576265.0,5371.854,9.320842,,,,,,
1780417390.763,1576290.0,5371.735,9.320842,,,,,,
1780417390.764,1576315.0,5371.717,9.320842,,,,,,
1780417390.765,1576340.0,5371.752,9.321081,,,,,,
1780417390.823,1576365.0,5371.598,9.321081,,,,,,
1780417390.824,1576390.0,5371.564,9.321321,,,,,,
1780417390.825,1576415.0,5371.458,9.321081,,,,,,
1780417390.877,1576440.0,5371.348,9.321081,,,,,,
1780417390.877,1576465.0,5371.348,9.321081,,,,,,
1780417390.964,1576490.0,5371.237,9.321081,,,,,,
1780417390.965,1576515.0,5371.216,9.321081,,,,,,
1780417390.966,1576540.0,5371.171,9.321081,,,,,,
1780417391.024,1576565.0,5371.088,9.321081,,,,,,
1780417391.025,1576590.0,5370.996,9.321081,,,,,,
1780417391.027,1576615.0,5370.886,9.320842,,,,,,
1780417391.093,1576640.0,5371.066,9.320842,,,,,,
1780417391.093,1576665.0,5371.009,9.320842,,,,,,
1780417391.145,1576690.0,5370.996,9.320842,,,,,,
1780417391.145,1576715.0,5371.08,9.321081,,,,,,
1780417391.207,1576740.0,5371.004,9.321081,,,,,,
1780417391.208,1576765.0,5370.965,9.321321,,,,,,
1780417391.209,1576790.0,5370.982,9.321081,,,,,,
1780417391.271,1576815.0,5370.96,9.321081,,,,,,
1780417391.272,1576840.0,5370.916,9.321081,,,,,,
1780417391.344,1576865.0,5370.925,9.321081,,,,,,
1780417391.344,1576890.0,5370.96,9.321321,,,,,,
1780417391.345,1576915.0,5370.986,9.321321,,,,,,
1780417391.403,1576940.0,5371.044,9.321081,,,,,,
1780417391.404,1576965.0,5370.969,9.321081,,,,,,
1780417391.404,1576990.0,5370.946,9.320842,,,,,,
1780417391.455,1577015.0,5370.757,9.320842,,,,,,
1780417391.456,1577040.0,5370.806,9.321081,,,,,,
1780417391.522,1577065.0,5370.823,9.321081,,,,,,
1780417391.523,1577090.0,5370.889,9.321081,,,,,,
1780417391.591,1577115.0,5370.995,9.321081,,,,,,
1780417391.591,1577140.0,5370.951,9.321321,,,,,,
1780417391.592,1577165.0,5371.074,9.321081,,,,,,
1780417391.644,1577190.0,5371.211,9.321081,,,,,,
1780417391.645,1577215.0,5371.25,9.321081,,,,,,
1780417391.708,1577240.0,5371.277,9.321321,,,,,,
1780417391.709,1577265.0,5371.242,9.321321,,,,,,
1780417391.710,1577290.0,5371.277,9.321321,,,,,,
1780417391.776,1577315.0,5371.33,9.321081,,,,,,
1780417391.778,1577340.0,5371.369,9.321081,,,,,,
1780417391.778,1577365.0,5371.44,9.320842,,,,,,
1780417391.872,1577390.0,5371.291,9.320842,,,,,,
1780417391.873,1577415.0,5371.356,9.321081,,,,,,
1780417391.873,1577440.0,5371.312,9.321081,,,,,,
1780417391.940,1577465.0,5371.276,9.321081,,,,,,
1780417391.941,1577490.0,5371.33,9.321081,,,,,,
1780417391.941,1577515.0,5371.316,9.320842,,,,,,
1780417392.023,1577540.0,5371.228,9.320842,,,,,,
1780417392.024,1577565.0,5371.21,9.321081,,,,,,
1780417392.025,1577590.0,5371.264,9.321081,,,,,,
1780417392.025,1577615.0,5371.179,9.321321,,,,,,
1780417392.089,1577640.0,5371.409,9.321321,,,,,,
1780417392.090,1577665.0,5371.488,9.321321,,,,,,
1780417392.156,1577690.0,5371.518,9.321081,,,,,,
1780417392.157,1577715.0,5371.527,9.321081,,,,,,
1780417392.157,1577740.0,5371.533,9.321321,,,,,,
1780417392.205,1577765.0,5371.471,9.321321,,,,,,
1780417392.205,1577790.0,5371.382,9.321561,,,,,,
1780417392.272,1577815.0,5371.291,9.321561,,,,,,
1780417392.273,1577840.0,5371.203,9.321561,,,,,,
1780417392.339,1577865.0,5371.255,9.321561,,,,,,
1780417392.340,1577890.0,5371.145,9.321321,,,,,,
1780417392.341,1577915.0,5371.225,9.321321,,,,,,
1780417392.406,1577940.0,5371.22,9.321321,,,,,,
1780417392.407,1577965.0,5371.158,9.321321,,,,,,
1780417392.408,1577990.0,5371.049,9.321561,,,,,,
1780417392.489,1578015.0,5371.242,9.321561,,,,,,
1780417392.490,1578040.0,5371.123,9.321561,,,,,,
1780417392.491,1578065.0,5371.087,9.321561,,,,,,
1780417392.574,1578090.0,5371.193,9.321561,,,,,,
1780417392.576,1578115.0,5371.127,9.321561,,,,,,
1780417392.577,1578140.0,5370.908,9.321801,,,,,,
1780417392.578,1578165.0,5370.987,9.321801,,,,,,
1780417392.643,1578190.0,5370.903,9.321801,,,,,,
1780417392.644,1578215.0,5370.806,9.321561,,,,,,
1780417392.705,1578240.0,5370.951,9.321561,,,,,,
1780417392.706,1578265.0,5370.951,9.321321,,,,,,
1780417392.706,1578290.0,5370.881,9.321321,,,,,,
1780417392.769,1578315.0,5370.846,9.321561,,,,,,
1780417392.769,1578340.0,5370.806,9.321561,,,,,,
1780417392.837,1578365.0,5370.873,9.321321,,,,,,
1780417392.838,1578390.0,5370.965,9.321321,,,,,,
1780417392.839,1578415.0,5370.96,9.321321,,,,,,
1780417392.901,1578440.0,5371.018,9.321321,,,,,,
1780417392.901,1578465.0,5371.127,9.321321,,,,,,
1780417392.902,1578490.0,5371.096,9.321321,,,,,,
1780417392.955,1578515.0,5371.101,9.321561,,,,,,
1780417392.956,1578540.0,5371.026,9.321561,,,,,,
1780417393.020,1578565.0,5370.969,9.321801,,,,,,
1780417393.020,1578590.0,5371.04,9.321801,,,,,,
1780417393.084,1578615.0,5371.136,9.321801,,,,,,
1780417393.085,1578640.0,5371.097,9.321801,,,,,,
1780417393.085,1578665.0,5371.225,9.321801,,,,,,
1780417393.149,1578690.0,5371.269,9.321801,,,,,,
1780417393.150,1578715.0,5371.246,9.321801,,,,,,
1780417393.151,1578740.0,5371.189,9.321801,,,,,,
1780417393.207,1578765.0,5371.435,9.321801,,,,,,
1780417393.208,1578790.0,5371.355,9.321801,,,,,,
1780417393.271,1578815.0,5371.594,9.321801,,,,,,
1780417393.272,1578840.0,5371.704,9.322041,,,,,,
1780417393.338,1578865.0,5371.659,9.322041,,,,,,
1780417393.339,1578890.0,5371.646,9.322281,,,,,,
1780417393.340,1578915.0,5371.638,9.322281,,,,,,
1780417393.404,1578940.0,5371.638,9.322041,,,,,,
1780417393.405,1578965.0,5371.694,9.321801,,,,,,
1780417393.406,1578990.0,5371.612,9.321801,,,,,,
1780417393.460,1579015.0,5371.581,9.321801,,,,,,
1780417393.461,1579040.0,5371.56,9.321801,,,,,,
1780417393.523,1579065.0,5371.471,9.321801,,,,,,
1780417393.525,1579090.0,5371.352,9.321801,,,,,,
1780417393.526,1579115.0,5371.453,9.322041,,,,,,
1780417393.585,1579140.0,5371.537,9.322041,,,,,,
1780417393.586,1579165.0,5371.467,9.321801,,,,,,
1780417393.655,1579190.0,5371.524,9.321801,,,,,,
1780417393.656,1579215.0,5371.506,9.321801,,,,,,
1780417393.657,1579240.0,5371.388,9.321801,,,,,,
1780417393.720,1579265.0,5371.413,9.321801,,,,,,
1780417393.721,1579290.0,5371.308,9.321801,,,,,,
1780417393.776,1579315.0,5371.225,9.321801,,,,,,
1780417393.776,1579340.0,5371.185,9.321801,,,,,,
1780417393.777,1579365.0,5371.215,9.321801,,,,,,
1780417393.836,1579390.0,5371.211,9.321561,,,,,,
1780417393.838,1579415.0,5371.189,9.321561,,,,,,
1780417393.900,1579440.0,5370.981,9.321561,,,,,,
1780417393.900,1579465.0,5370.889,9.321561,,,,,,
1780417393.901,1579490.0,5370.881,9.321561,,,,,,
1780417393.957,1579515.0,5370.875,9.321561,,,,,,
1780417393.958,1579540.0,5370.92,9.321561,,,,,,
1780417394.021,1579565.0,5370.863,9.321801,,,,,,
1780417394.023,1579590.0,5370.801,9.321801,,,,,,
1780417394.088,1579615.0,5370.863,9.321561,,,,,,
1780417394.089,1579640.0,5370.85,9.321321,,,,,,
1780417394.090,1579665.0,5370.889,9.321321,,,,,,
1780417394.154,1579690.0,5370.881,9.321321,,,,,,
1780417394.155,1579715.0,5370.996,9.321321,,,,,,
1780417394.156,1579740.0,5370.868,9.320842,,,,,,
1780417394.204,1579765.0,5370.863,9.320601,,,,,,
1780417394.204,1579790.0,5370.92,9.320842,,,,,,
1780417394.273,1579815.0,5370.876,9.320842,,,,,,
1780417394.274,1579840.0,5370.63,9.320842,,,,,,
1780417394.275,1579865.0,5370.692,9.320842,,,,,,
1780417394.336,1579890.0,5370.687,9.320842,,,,,,
1780417394.337,1579915.0,5370.696,9.320842,,,,,,
1780417394.393,1579940.0,5370.775,9.320842,,,,,,
1780417394.393,1579965.0,5370.824,9.320601,,,,,,
1780417394.467,1579990.0,5370.788,9.320362,,,,,,
1780417394.468,1580015.0,5370.661,9.320601,,,,,,
1780417394.469,1580040.0,5370.687,9.320601,,,,,,
1780417394.522,1580065.0,5370.714,9.320601,,,,,,
1780417394.526,1580090.0,5370.726,9.320601,,,,,,
1780417394.528,1580115.0,5370.7,9.320601,,,,,,
1780417394.595,1580140.0,5370.678,9.320601,,,,,,
1780417394.596,1580165.0,5370.696,9.320362,,,,,,
1780417394.665,1580190.0,5370.744,9.320122,,,,,,
1780417394.666,1580215.0,5370.714,9.320362,,,,,,
1780417394.667,1580240.0,5370.591,9.320601,,,,,,
1780417394.724,1580265.0,5370.454,9.320842,,,,,,
1780417394.725,1580290.0,5370.511,9.320842,,,,,,
1780417394.726,1580315.0,5370.582,9.320842,,,,,,
1780417394.804,1580340.0,5370.604,9.320601,,,,,,
1780417394.805,1580365.0,5370.75,9.320842,,,,,,
1780417394.806,1580390.0,5370.766,9.321081,,,,,,
1780417394.854,1580415.0,5370.775,9.321081,,,,,,
1780417394.854,1580440.0,5370.771,9.321081,,,,,,
1780417394.908,1580465.0,5370.947,9.321081,,,,,,
1780417394.909,1580490.0,5371.097,9.321081,,,,,,
1780417394.959,1580515.0,5371.071,9.321081,,,,,,
1780417394.960,1580540.0,5371.127,9.321081,,,,,,
1780417395.019,1580565.0,5371.04,9.321081,,,,,,
1780417395.019,1580590.0,5370.964,9.321081,,,,,,
1780417395.092,1580615.0,5371.036,9.321321,,,,,,
1780417395.093,1580640.0,5371.202,9.321081,,,,,,
1780417395.093,1580665.0,5371.277,9.321081,,,,,,
1780417395.144,1580690.0,5371.225,9.321081,,,,,,
1780417395.145,1580715.0,5371.269,9.321081,,,,,,
1780417395.204,1580740.0,5371.26,9.321081,,,,,,
1780417395.205,1580765.0,5371.326,9.321081,,,,,,
1780417395.206,1580790.0,5371.4,9.321321,,,,,,
1780417395.275,1580815.0,5371.396,9.321561,,,,,,
1780417395.276,1580840.0,5371.369,9.321561,,,,,,
1780417395.276,1580865.0,5371.458,9.321561,,,,,,
1780417395.335,1580890.0,5371.611,9.321561,,,,,,
1780417395.336,1580915.0,5371.514,9.321321,,,,,,
1780417395.402,1580940.0,5371.537,9.321321,,,,,,
1780417395.403,1580965.0,5371.51,9.321321,,,,,,
1780417395.403,1580990.0,5371.4,9.321081,,,,,,
1780417395.457,1581015.0,5371.378,9.321081,,,,,,
1780417395.458,1581040.0,5371.391,9.321081,,,,,,
1780417395.520,1581065.0,5371.431,9.321081,,,,,,
1780417395.520,1581090.0,5371.51,9.321081,,,,,,
1780417395.587,1581115.0,5371.356,9.320842,,,,,,
1780417395.587,1581140.0,5371.533,9.320601,,,,,,
1780417395.588,1581165.0,5371.493,9.320601,,,,,,
1780417395.651,1581190.0,5371.55,9.320601,,,,,,
1780417395.652,1581215.0,5371.616,9.320842,,,,,,
1780417395.653,1581240.0,5371.629,9.320842,,,,,,
1780417395.707,1581265.0,5371.431,9.321081,,,,,,
1780417395.707,1581290.0,5371.453,9.321081,,,,,,
1780417395.772,1581315.0,5371.537,9.321081,,,,,,
1780417395.773,1581340.0,5371.554,9.321081,,,,,,
1780417395.835,1581365.0,5371.585,9.321081,,,,,,
1780417395.836,1581390.0,5371.453,9.321081,,,,,,
1780417395.836,1581415.0,5371.33,9.321081,,,,,,
1780417395.891,1581440.0,5371.348,9.321081,,,,,,
1780417395.892,1581465.0,5371.391,9.321081,,,,,,
1780417395.969,1581490.0,5371.224,9.321081,,,,,,
1780417395.970,1581515.0,5371.167,9.321081,,,,,,
1780417395.971,1581540.0,5371.136,9.321321,,,,,,
1780417396.022,1581565.0,5371.185,9.321081,,,,,,
1780417396.023,1581590.0,5371.101,9.321321,,,,,,
1780417396.087,1581615.0,5371.127,9.321561,,,,,,
1780417396.088,1581640.0,5371.268,9.321561,,,,,,
1780417396.089,1581665.0,5371.202,9.321561,,,,,,
1780417396.142,1581690.0,5371.154,9.321561,,,,,,
1780417396.143,1581715.0,5371.159,9.321561,,,,,,
1780417396.217,1581740.0,5371.149,9.321801,,,,,,
1780417396.218,1581765.0,5370.863,9.321801,,,,,,
1780417396.219,1581790.0,5370.732,9.321801,,,,,,
1780417396.274,1581815.0,5370.767,9.321561,,,,,,
1780417396.274,1581840.0,5370.723,9.321561,,,,,,
1780417396.275,1581865.0,5370.683,9.321561,,,,,,
1780417396.343,1581890.0,5370.881,9.321561,,,,,,
1780417396.344,1581915.0,5370.806,9.321561,,,,,,
1780417396.394,1581940.0,5370.762,9.321561,,,,,,
1780417396.394,1581965.0,5370.718,9.321801,,,,,,
1780417396.468,1581990.0,5370.705,9.321561,,,,,,
1780417396.469,1582015.0,5370.845,9.321561,,,,,,
1780417396.470,1582040.0,5370.815,9.321561,,,,,,
1780417396.521,1582065.0,5370.916,9.321561,,,,,,
1780417396.522,1582090.0,5370.911,9.321561,,,,,,
1780417396.587,1582115.0,5371.048,9.321561,,,,,,
1780417396.587,1582140.0,5371.149,9.321561,,,,,,
1780417396.588,1582165.0,5371.203,9.321561,,,,,,
1780417396.652,1582190.0,5371.123,9.321561,,,,,,
1780417396.652,1582215.0,5371.259,9.321561,,,,,,
1780417396.653,1582240.0,5371.308,9.321561,,,,,,
1780417396.710,1582265.0,5371.044,9.321561,,,,,,
1780417396.710,1582290.0,5371.014,9.321801,,,,,,
1780417396.772,1582315.0,5371.088,9.321801,,,,,,
1780417396.773,1582340.0,5370.965,9.321801,,,,,,
1780417396.835,1582365.0,5370.93,9.321801,,,,,,
1780417396.835,1582390.0,5371.022,9.322041,,,,,,
1780417396.835,1582415.0,5371.127,9.322041,,,,,,
1780417396.896,1582440.0,5371.176,9.322041,,,,,,
1780417396.897,1582465.0,5371.115,9.322041,,,,,,
1780417396.955,1582490.0,5371.154,9.322041,,,,,,
1780417396.956,1582515.0,5371.084,9.322041,,,,,,
1780417396.956,1582540.0,5370.956,9.322041,,,,,,
1780417397.020,1582565.0,5371.004,9.322041,,,,,,
1780417397.022,1582590.0,5370.96,9.321801,,,,,,
1780417397.091,1582615.0,5370.891,9.321801,,,,,,
1780417397.092,1582640.0,5370.864,9.321801,,,,,,
1780417397.092,1582665.0,5370.772,9.321801,,,,,,
1780417397.156,1582690.0,5370.516,9.321801,,,,,,
1780417397.156,1582715.0,5370.513,9.321801,,,,,,
1780417397.157,1582740.0,5370.468,9.321801,,,,,,
1780417397.222,1582765.0,5370.429,9.321801,,,,,,
1780417397.223,1582790.0,5370.389,9.321801,,,,,,
1780417397.292,1582815.0,5370.341,9.322281,,,,,,
1780417397.292,1582840.0,5370.221,9.322041,,,,,,
1780417397.293,1582865.0,5370.186,9.321801,,,,,,
1780417397.359,1582890.0,5370.379,9.321801,,,,,,
1780417397.359,1582915.0,5370.529,9.321802,,,,,,
1780417397.360,1582940.0,5370.432,9.321801,,,,,,
1780417397.404,1582965.0,5370.393,9.321562,,,,,,
1780417397.404,1582990.0,5370.521,9.321561,,,,,,
1780417397.459,1583015.0,5370.507,9.321561,,,,,,
1780417397.470,1583040.0,5370.459,9.321561,,,,,,
1780417397.524,1583065.0,5370.477,9.321801,,,,,,
1780417397.525,1583090.0,5370.521,9.321801,,,,,,
1780417397.525,1583115.0,5370.358,9.321801,,,,,,
1780417397.582,1583140.0,5370.27,9.321801,,,,,,
1780417397.583,1583165.0,5370.375,9.321801,,,,,,
1780417397.641,1583190.0,5370.393,9.321561,,,,,,
1780417397.642,1583215.0,5370.371,9.321561,,,,,,
1780417397.657,1583240.0,5370.494,9.321801,,,,,,
1780417397.680,1583265.0,5370.433,9.321801,,,,,,
1780417397.703,1583290.0,5370.525,9.321801,,,,,,
1780417397.737,1583315.0,5370.644,9.321801,,,,,,
1780417397.762,1583340.0,5370.613,9.321801,,,,,,
1780417397.786,1583365.0,5370.688,9.321801,,,,,,
1780417397.809,1583390.0,5370.538,9.321801,,,,,,
1780417397.832,1583415.0,5370.679,9.321801,,,,,,
1780417397.855,1583440.0,5370.741,9.321561,,,,,,
1780417397.878,1583465.0,5370.837,9.321801,,,,,,
1780417397.901,1583490.0,5370.929,9.322041,,,,,,
1780417397.935,1583515.0,5370.854,9.322041,,,,,,
1780417397.959,1583540.0,5370.736,9.321561,,,,,,
1780417397.982,1583565.0,5370.736,9.321561,,,,,,
1780417398.004,1583590.0,5370.846,9.321801,,,,,,
1780417398.026,1583615.0,5370.753,9.321801,,,,,,
1780417398.049,1583640.0,5370.771,9.321561,,,,,status,l_h=42.000000 c_f=220.000000 q=15.000000
1780417398.107,1583665.0,5370.894,9.321321,,,,,,
1780417398.108,1583690.0,5370.811,9.321081,,,,,,
1780417398.154,1583715.0,5370.78,9.321081,,,,,,
1780417398.155,1583740.0,5370.833,9.321081,,,,,,
1780417398.221,1583765.0,5370.991,9.321081,,,,,,
1780417398.222,1583790.0,5371.075,9.321081,,,,,,
1780417398.271,1583815.0,5371.088,9.321081,,,,,,
1780417398.272,1583840.0,5371.225,9.321081,,,,,,
1780417398.339,1583865.0,5371.167,9.321081,,,,,,
1780417398.339,1583890.0,5371.097,9.321081,,,,,,
1780417398.340,1583915.0,5371.194,9.321081,,,,,,
1780417398.395,1583940.0,5371.061,9.321081,,,,,,
1780417398.396,1583965.0,5371.097,9.321081,,,,,,
1780417398.460,1583990.0,5371.096,9.321081,,,,,,
1780417398.461,1584015.0,5371.153,9.321321,,,,,,
1780417398.461,1584040.0,5371.131,9.321321,,,,,,
1780417398.522,1584065.0,5371.123,9.321081,,,,,,
1780417398.523,1584090.0,5371.057,9.320842,,,,,,
1780417398.592,1584115.0,5370.947,9.320601,,,,,,
1780417398.592,1584140.0,5370.92,9.320601,,,,,,
1780417398.593,1584165.0,5371.031,9.320842,,,,,,
1780417398.642,1584190.0,5371.074,9.320842,,,,,,
1780417398.642,1584215.0,5371.031,9.320842,,,,,,
1780417398.709,1584240.0,5370.907,9.320842,,,,,,
1780417398.710,1584265.0,5370.916,9.321081,,,,,,
1780417398.710,1584290.0,5370.797,9.321321,,,,,,
1780417398.782,1584315.0,5370.779,9.321561,,,,,,
1780417398.782,1584340.0,5370.872,9.321561,,,,,,
1780417398.783,1584365.0,5370.872,9.321561,,,,,,
1780417398.838,1584390.0,5370.731,9.321561,,,,,,
1780417398.838,1584415.0,5370.771,9.321561,,,,,,
1780417398.893,1584440.0,5370.639,9.322041,,,,,,
1780417398.894,1584465.0,5370.618,9.322041,,,,,,
1780417398.957,1584490.0,5370.622,9.321801,,,,,,
1780417398.958,1584515.0,5370.666,9.321801,,,,,,
1780417398.958,1584540.0,5370.631,9.322042,,,,,,
1780417399.023,1584565.0,5370.652,9.322042,,,,,,
1780417399.024,1584590.0,5370.688,9.321801,,,,,,
1780417399.024,1584615.0,5370.656,9.321801,,,,,,
1780417399.089,1584640.0,5370.635,9.321561,,,,,,
1780417399.089,1584665.0,5370.634,9.321561,,,,,,
1780417399.156,1584690.0,5370.634,9.321801,,,,,,
1780417399.156,1584715.0,5370.688,9.321801,,,,,,
1780417399.157,1584740.0,5370.586,9.322041,,,,,,
1780417399.221,1584765.0,5370.625,9.322041,,,,,,
1780417399.222,1584790.0,5370.696,9.322041,,,,,,
1780417399.271,1584815.0,5370.657,9.322041,,,,,,
1780417399.272,1584840.0,5370.744,9.322041,,,,,,
1780417399.341,1584865.0,5370.951,9.322041,,,,,,
1780417399.342,1584890.0,5370.89,9.322041,,,,,,
1780417399.342,1584915.0,5370.881,9.322041,,,,,,
1780417399.398,1584940.0,5370.995,9.321801,,,,,,
1780417399.398,1584965.0,5370.969,9.321561,,,,,,
1780417399.473,1584990.0,5370.933,9.321561,,,,,,
1780417399.474,1585015.0,5371.035,9.321321,,,,,,
1780417399.474,1585040.0,5371.026,9.321321,,,,,,
1780417399.475,1585065.0,5370.982,9.321081,,,,,,
1780417399.520,1585090.0,5370.978,9.321081,,,,,,
1780417399.585,1585115.0,5371.013,9.321321,,,,,,
1780417399.585,1585140.0,5370.978,9.321321,,,,,,
1780417399.585,1585165.0,5370.916,9.321081,,,,,,
1780417399.649,1585190.0,5371.026,9.321081,,,,,,
1780417399.649,1585215.0,5370.956,9.321321,,,,,,
1780417399.650,1585240.0,5370.951,9.321321,,,,,,
1780417399.715,1585265.0,5370.929,9.321321,,,,,,
1780417399.716,1585290.0,5370.806,9.321321,,,,,,
1780417399.770,1585315.0,5370.789,9.321321,,,,,,
1780417399.771,1585340.0,5370.797,9.321561,,,,,,
1780417399.834,1585365.0,5370.974,9.321321,,,,,,
1780417399.835,1585390.0,5370.916,9.321081,,,,,,
1780417399.835,1585415.0,5370.7,9.321081,,,,,,
1780417399.905,1585440.0,5370.731,9.321321,,,,,,
1780417399.905,1585465.0,5370.74,9.321321,,,,,,
1780417399.906,1585490.0,5370.63,9.321321,,,,,,
1780417399.954,1585515.0,5370.7,9.321321,,,,,,
1780417399.954,1585540.0,5370.811,9.321321,,,,,,
1780417400.018,1585565.0,5370.647,9.321561,,,,,,
1780417400.019,1585590.0,5370.569,9.321801,,,,,,
1780417400.087,1585615.0,5370.679,9.321801,,,,,,
1780417400.087,1585640.0,5370.542,9.322041,,,,,,
1780417400.088,1585665.0,5370.467,9.322041,,,,,,
1780417400.148,1585690.0,5370.551,9.322041,,,,,,
1780417400.149,1585715.0,5370.581,9.322041,,,,,,
1780417400.149,1585740.0,5370.595,9.322041,,,,,,
1780417400.205,1585765.0,5370.643,9.322041,,,,,,
1780417400.206,1585790.0,5370.722,9.321801,,,,,,
1780417400.277,1585815.0,5370.722,9.321561,,,,,,
1780417400.278,1585840.0,5370.713,9.321561,,,,,,
1780417400.278,1585865.0,5370.762,9.321801,,,,,,
1780417400.339,1585890.0,5370.889,9.321801,,,,,,
1780417400.339,1585915.0,5370.858,9.321801,,,,,,
1780417400.406,1585940.0,5370.942,9.321801,,,,,,
1780417400.406,1585965.0,5370.92,9.321801,,,,,,
1780417400.407,1585990.0,5370.731,9.322041,,,,,,
1780417400.454,1586015.0,5370.779,9.322281,,,,,,
1780417400.454,1586040.0,5370.854,9.322281,,,,,,
1780417400.518,1586065.0,5370.938,9.322041,,,,,,
1780417400.518,1586090.0,5370.84,9.322041,,,,,,
1780417400.585,1586115.0,5370.938,9.322041,,,,,,
1780417400.585,1586140.0,5370.977,9.321801,,,,,,
1780417400.586,1586165.0,5370.942,9.321801,,,,,,
1780417400.647,1586190.0,5371.047,9.321801,,,,,,
1780417400.648,1586215.0,5371.188,9.321801,,,,,,
1780417400.717,1586240.0,5371.179,9.321801,,,,,,
1780417400.717,1586265.0,5371.158,9.321801,,,,,,
1780417400.718,1586290.0,5371.272,9.321801,,,,,,
1780417400.771,1586315.0,5371.321,9.321801,,,,,,
1780417400.772,1586340.0,5371.127,9.321561,,,,,,
1780417400.843,1586365.0,5371.141,9.321561,,,,,,
1780417400.843,1586390.0,5371.194,9.321561,,,,,,
1780417400.844,1586415.0,5371.109,9.321801,,,,,,
1780417400.904,1586440.0,5371.101,9.322041,,,,,,
1780417400.905,1586465.0,5371.21,9.322041,,,,,,
1780417400.906,1586490.0,5371.158,9.321801,,,,,,
1780417400.954,1586515.0,5371.087,9.321801,,,,,,
1780417400.955,1586540.0,5371.313,9.321801,,,,,,
1780417401.028,1586565.0,5357.671,9.314637,,,,,,
1780417401.029,1586590.0,5362.236,9.31656,,,,,,
1780417401.029,1586615.0,5365.12,9.317519,,,,,,
1780417401.087,1586640.0,5367.686,9.31848,,,,,,
1780417401.087,1586665.0,5385.294,9.326441,,,,,,
1780417401.153,1586690.0,5407.215,9.336344,,,,,,
1780417401.153,1586715.0,5435.03,9.348682,,,,,,
1780417401.153,1586740.0,5476.663,9.36665,,,,,,
1780417401.214,1586765.0,5532.942,9.390777,,,,,,
1780417401.214,1586790.0,5601.415,9.419131,,,,,,
1780417401.273,1586815.0,5685.652,9.45298,,,,,,
1780417401.274,1586840.0,5783.976,9.491604,,,,,,
1780417401.274,1586865.0,5894.618,9.534019,,,,,,
1780417401.333,1586890.0,6013.402,9.578716,,,,,,
1780417401.333,1586915.0,6135.05,9.62443,,,,,,
1780417401.400,1586940.0,6260.259,9.671161,,,,,,
1780417401.400,1586965.0,6386.71,9.718386,,,,,,
1780417401.401,1586990.0,6514.964,9.765881,,,,,,
1780417401.456,1587015.0,6654.958,9.816693,,,,,,
1780417401.456,1587040.0,6795.246,9.867762,,,,,,
1780417401.520,1587065.0,6935.488,9.918831,,,,,,
1780417401.520,1587090.0,7075.831,9.970157,,,,,,
1780417401.586,1587115.0,7215.939,10.021226,,,,,,
1780417401.586,1587140.0,7356.31,10.072294,,,,,,
1780417401.587,1587165.0,7496.539,10.123108,,,,,,
1780417401.653,1587190.0,7650.435,10.18134,,,,,,
1780417401.654,1587215.0,7786.079,10.230488,,,,,,
1780417401.655,1587240.0,7922.431,10.280339,,,,,,
1780417401.719,1587265.0,8055.576,10.32917,,,,,,
1780417401.720,1587290.0,8169.088,10.369724,,,,,,
1780417401.771,1587315.0,8272.26,10.40655,,,,,,
1780417401.772,1587340.0,8360.795,10.438148,,,,,,
1780417401.829,1587365.0,8427.895,10.461835,,,,,,
1780417401.830,1587390.0,8472.657,10.477328,,,,,,
1780417401.830,1587415.0,8494.999,10.485083,,,,,,
1780417401.891,1587440.0,8494.762,10.485082,,,,,,
1780417401.892,1587465.0,8465.856,10.475308,,,,,,
1780417401.957,1587490.0,8418.461,10.45926,,,,,,
1780417401.957,1587515.0,8347.183,10.434993,,,,,,
1780417401.958,1587540.0,8263.722,10.40602,,,,,,
1780417402.025,1587565.0,8174.561,10.37505,,,,,,
1780417402.026,1587590.0,8066.381,10.335782,,,,,,
1780417402.026,1587615.0,7942.946,10.290452,,,,,,
1780417402.090,1587640.0,7801.814,10.238678,,,,,,
1780417402.090,1587665.0,7651.884,10.182348,,,,,,
1780417402.156,1587690.0,7491.623,10.120797,,,,,,
1780417402.157,1587715.0,7326.783,10.056392,,,,,,
1780417402.157,1587740.0,7161.524,9.99177,,,,,,
1780417402.222,1587765.0,6993.428,9.925737,,,,,,
1780417402.223,1587790.0,6823.623,9.859021,,,,,,
1780417402.270,1587815.0,6649.883,9.789703,,,,,,
1780417402.270,1587840.0,6474.777,9.719685,,,,,,
1780417402.344,1587865.0,6298.639,9.648521,,,,,,
1780417402.344,1587890.0,6124.143,9.577448,,,,,,
1780417402.344,1587915.0,5952.091,9.506253,,,,,,
1780417402.393,1587940.0,5785.932,9.436843,,,,,,
1780417402.394,1587965.0,5628.332,9.369996,,,,,,
1780417402.457,1587990.0,5478.158,9.305428,,,,,,
1780417402.457,1588015.0,5335.746,9.243134,,,,,,
1780417402.457,1588040.0,5203.707,9.184114,,,,,,
1780417402.522,1588065.0,5078.369,9.127353,,,,,,
1780417402.522,1588090.0,4967.604,9.07582,,,,,,
1780417402.584,1588115.0,4863.015,9.026541,,,,,,
1780417402.584,1588140.0,4774.257,8.983201,,,,,,
1780417402.585,1588165.0,4694.706,8.943779,,,,,,
1780417402.656,1588190.0,4617.448,8.905107,,,,,,
1780417402.657,1588215.0,4557.988,8.874708,,,,,,
1780417402.657,1588240.0,4511.837,8.849632,,,,,,
1780417402.708,1588265.0,4471.539,8.827679,,,,,,
1780417402.709,1588290.0,4439.861,8.81026,,,,,,
1780417402.769,1588315.0,4418.578,8.798062,,,,,,
1780417402.770,1588340.0,4402.96,8.789162,,,,,,
1780417402.840,1588365.0,4389.022,8.781198,,,,,,
1780417402.841,1588390.0,4380.0,8.776045,,,,,,
1780417402.841,1588415.0,4373.073,8.772064,,,,,,
1780417402.904,1588440.0,4375.897,8.773704,,,,,,
1780417402.904,1588465.0,4382.392,8.777219,,,,,,
1780417402.905,1588490.0,4394.109,8.784019,,,,,,
1780417402.969,1588515.0,4413.355,8.795055,,,,,,
1780417402.969,1588540.0,4445.438,8.812951,,,,,,
1780417403.019,1588565.0,4488.623,8.836351,,,,,,
1780417403.020,1588590.0,4540.989,8.86432,,,,,,
1780417403.090,1588615.0,4604.131,8.897136,,,,,,
1780417403.091,1588640.0,4672.899,8.932386,,,,,,
1780417403.092,1588665.0,4758.495,8.974497,,,,,,
1780417403.153,1588690.0,4858.296,9.022038,,,,,,
1780417403.154,1588715.0,4971.643,9.074319,,,,,,
1780417403.155,1588740.0,5092.025,9.129328,,,,,,
1780417403.214,1588765.0,5225.489,9.1886,,,,,,
1780417403.214,1588790.0,5365.52,9.250156,,,,,,
1780417403.279,1588815.0,5513.623,9.314471,,,,,,
1780417403.280,1588840.0,5669.246,9.38058,,,,,,
1780417403.280,1588865.0,5827.802,9.447935,,,,,,
1780417403.353,1588890.0,5994.875,9.517832,,,,,,
1780417403.354,1588915.0,6164.424,9.588007,,,,,,
1780417403.354,1588940.0,6340.023,9.660222,,,,,,
1780417403.414,1588965.0,6514.958,9.731739,,,,,,
1780417403.414,1588990.0,6691.307,9.803302,,,,,,
1780417403.472,1589015.0,6866.845,9.873976,,,,,,
1780417403.473,1589040.0,7042.042,9.944417,,,,,,
1780417403.541,1589065.0,7211.353,10.011582,,,,,,
1780417403.542,1589090.0,7378.539,10.077575,,,,,,
1780417403.542,1589115.0,7542.541,10.14194,,,,,,
1780417403.601,1589140.0,7701.045,10.202744,,,,,,
1780417403.601,1589165.0,7848.87,10.258084,,,,,,
1780417403.602,1589190.0,7985.61,10.308178,,,,,,
1780417403.671,1589215.0,8113.553,10.35368,,,,,,
1780417403.671,1589240.0,8230.216,10.394334,,,,,,
1780417403.733,1589265.0,8340.385,10.432298,,,,,,
1780417403.733,1589290.0,8425.605,10.461104,,,,,,
1780417403.734,1589315.0,8492.147,10.483207,,,,,,
1780417403.795,1589340.0,8542.098,10.499319,,,,,,
1780417403.796,1589365.0,8574.816,10.510143,,,,,,
1780417403.853,1589390.0,8585.826,10.513669,,,,,,
1780417403.854,1589415.0,8578.714,10.511152,,,,,,
1780417403.854,1589440.0,8556.668,10.50385,,,,,,
1780417403.912,1589465.0,8514.454,10.490021,,,,,,
1780417403.913,1589490.0,8460.203,10.471943,,,,,,
1780417403.980,1589515.0,8383.822,10.446128,,,,,,
1780417403.981,1589540.0,8295.827,10.416108,,,,,,
1780417403.981,1589565.0,8191.631,10.379888,,,,,,
1780417404.038,1589590.0,8072.658,10.337585,,,,,,
1780417404.039,1589615.0,7949.369,10.293805,,,,,,
1780417404.100,1589640.0,7807.743,10.24133,,,,,,
1780417404.101,1589665.0,7661.065,10.186466,,,,,,
1780417404.101,1589690.0,7504.235,10.126372,,,,,,
1780417404.172,1589715.0,7341.254,10.06297,,,,,,
1780417404.172,1589740.0,7177.371,9.99884,,,,,,
1780417404.225,1589765.0,7011.1,9.93379,,,,,,
1780417404.225,1589790.0,6842.376,9.867093,,,,,,
1780417404.226,1589815.0,6673.185,9.799908,,,,,,
1780417404.296,1589840.0,6502.026,9.732038,,,,,,
1780417404.297,1589865.0,6331.736,9.66417,,,,,,
1780417404.353,1589890.0,6162.208,9.596557,,,,,,
1780417404.353,1589915.0,5991.732,9.52564,,,,,,
1780417404.353,1589940.0,5825.368,9.45623,,,,,,
1780417404.414,1589965.0,5661.752,9.387605,,,,,,
1780417404.414,1589990.0,5508.351,9.321538,,,,,,
1780417404.486,1590015.0,5363.604,9.258507,,,,,,
1780417404.487,1590040.0,5230.285,9.199003,,,,,,
1780417404.488,1590065.0,5103.738,9.141991,,,,,,
1780417404.549,1590090.0,4989.997,9.089478,,,,,,
1780417404.549,1590115.0,4885.344,9.039968,,,,,,
1780417404.549,1590140.0,4794.392,8.995655,,,,,,
1780417404.613,1590165.0,4712.531,8.955266,,,,,,
1780417404.614,1590190.0,4640.715,8.91904,,,,,,
1780417404.687,1590215.0,4583.076,8.888661,,,,,,
1780417404.687,1590240.0,4527.367,8.859485,,,,,,
1780417404.687,1590265.0,4488.593,8.83849,,,,,,
1780417404.751,1590290.0,4454.809,8.819883,,,,,,
1780417404.751,1590315.0,4432.215,8.806741,,,,,,
1780417404.751,1590340.0,4415.929,8.797137,,,,,,
1780417404.802,1590365.0,4403.024,8.789637,,,,,,
1780417404.802,1590390.0,4394.558,8.784713,,,,,,
1780417404.870,1590415.0,4389.082,8.781668,,,,,,
1780417404.870,1590440.0,4390.061,8.782138,,,,,,
1780417404.924,1590465.0,4393.857,8.784249,,,,,,
1780417404.925,1590490.0,4402.254,8.789186,,,,,,
1780417404.925,1590515.0,4413.718,8.795777,,,,,,
1780417404.989,1590540.0,4448.481,8.815337,,,,,,
1780417404.989,1590565.0,4490.007,8.837777,,,,,,
1780417405.054,1590590.0,4544.507,8.866229,,,,,,
1780417405.054,1590615.0,4601.915,8.896851,,,,,,
1780417405.055,1590640.0,4681.099,8.936491,,,,,,
1780417405.117,1590665.0,4765.226,8.978096,,,,,,
1780417405.117,1590690.0,4865.653,9.025638,,,,,,
1780417405.188,1590715.0,4983.326,9.079397,,,,,,
1780417405.189,1590740.0,5104.326,9.13489,,,,,,
1780417405.189,1590765.0,5237.648,9.194393,,,,,,
1780417405.241,1590790.0,5378.221,9.256183,,,,,,
1780417405.241,1590815.0,5525.221,9.319738,,,,,,
1780417405.299,1590840.0,5681.569,9.386566,,,,,,
1780417405.300,1590865.0,5841.004,9.453921,,,,,,
1780417405.300,1590890.0,6009.59,9.524074,,,,,,
1780417405.367,1590915.0,6179.656,9.594736,,,,,,
1780417405.368,1590940.0,6351.143,9.665674,,,,,,
1780417405.430,1590965.0,6522.639,9.736382,,,,,,
1780417405.431,1590990.0,6694.084,9.806479,,,,,,
1780417405.431,1591015.0,6872.439,9.877476,,,,,,
1780417405.485,1591040.0,7050.123,9.948496,,,,,,
1780417405.486,1591065.0,7221.941,10.015982,,,,,,
1780417406.112,1591678.0,7284.022,10.046206,,,,,calibrate,
1780417406.112,1591703.0,7341.328,10.07336,,,,,,
1780417406.187,1591728.0,7395.621,10.098861,,,,,,
1780417406.188,1591753.0,7435.518,10.116995,,,,,,
1780417406.188,1591778.0,7469.029,10.132259,,,,,,
1780417406.236,1591803.0,7489.906,10.141746,,,,,,
1780417406.302,1591828.0,7507.825,10.149051,,,,,,
1780417406.303,1591853.0,7503.772,10.147336,,,,,,
1780417406.303,1591878.0,7494.991,10.143658,,,,,,
1780417406.373,1591903.0,7469.944,10.133809,,,,,,
1780417406.374,1591928.0,7427.527,10.117743,,,,,,
1780417406.374,1591953.0,7381.791,10.100177,,,,,,
1780417406.427,1591978.0,7323.843,10.078599,,,,,,
1780417406.428,1592003.0,7258.433,10.054503,,,,,,
1780417406.487,1592028.0,7186.77,10.02864,,,,,,
1780417406.488,1592053.0,7105.701,9.99974,,,,,,
1780417406.488,1592078.0,7021.548,9.970078,,,,,,
1780417406.549,1592103.0,6928.02,9.937618,,,,,,
1780417406.549,1592128.0,6833.016,9.904894,,,,,,
1780417406.616,1592153.0,6735.552,9.871416,,,,,,
1780417406.617,1592178.0,6637.885,9.837937,,,,,,
1780417406.617,1592203.0,6537.968,9.803439,,,,,,
1780417406.672,1592228.0,6428.864,9.766884,,,,,,
1780417406.673,1592253.0,6319.793,9.729827,,,,,,
1780417406.738,1592278.0,6210.544,9.693272,,,,,,
1780417406.738,1592303.0,6210.273,9.693027,,,,,,
1780417406.738,1592328.0,6209.915,9.693027,,,,,,
1780417406.804,1592353.0,6209.46,9.693027,,,,,,
1780417406.805,1592378.0,6209.172,9.693027,,,,,,
1780417406.869,1592403.0,6208.96,9.692782,,,,,,
1780417406.869,1592428.0,6208.56,9.692538,,,,,,
1780417406.870,1592453.0,6208.225,9.692538,,,,,,
1780417406.934,1592478.0,6208.319,9.692538,,,,,,
1780417406.935,1592503.0,6207.966,9.692782,,,,,,
1780417407.003,1592528.0,6207.66,9.692782,,,,,,
1780417407.009,1592553.0,6207.542,9.692782,,,,,,
1780417407.009,1592578.0,6207.225,9.693027,,,,,,
1780417407.055,1592603.0,6206.819,9.693027,,,,,,
1780417407.055,1592628.0,6206.808,9.693027,,,,,,
1780417407.116,1592653.0,6206.549,9.693027,,,,,,
1780417407.116,1592678.0,6206.266,9.693027,,,,,,
1780417407.116,1592703.0,6206.261,9.693027,,,,,,
1780417407.181,1592728.0,6206.154,9.692782,,,,,,
1780417407.182,1592753.0,6205.96,9.692538,,,,,,
1780417407.253,1592778.0,6206.02,9.692538,,,,,,
1780417407.254,1592803.0,6206.113,9.692293,,,,,,
1780417407.254,1592828.0,6205.908,9.692538,,,,,,
1780417407.309,1592853.0,6205.708,9.692293,,,,,,
1780417407.309,1592878.0,6205.766,9.692538,,,,,,
1780417407.372,1592903.0,6205.755,9.692293,,,,,,
1780417407.373,1592928.0,6205.596,9.692293,,,,,,
1780417407.373,1592953.0,6205.549,9.692538,,,,,,
1780417407.428,1592978.0,6205.491,9.692538,,,,,,
1780417407.428,1593003.0,6205.232,9.692538,,,,,,
1780417407.497,1593028.0,6205.085,9.692538,,,,,,
1780417407.497,1593053.0,6204.944,9.692782,,,,,,
1780417407.498,1593078.0,6204.944,9.692782,,,,,,
1780417407.550,1593103.0,6204.75,9.693027,,,,,,
1780417407.551,1593128.0,6204.686,9.692782,,,,,,
1780417407.614,1593153.0,6204.568,9.692782,,,,,,
1780417407.615,1593178.0,6204.169,9.692782,,,,,,
1780417407.616,1593203.0,6204.246,9.692537,,,,,,
1780417407.676,1593228.0,6204.21,9.692538,,,,,,
1780417407.677,1593253.0,6204.116,9.692538,,,,,,
1780417407.745,1593278.0,6203.935,9.692538,,,,,,
1780417407.746,1593303.0,6203.987,9.692538,,,,,,
1780417407.747,1593328.0,6203.6,9.692538,,,,,,
1780417407.799,1593353.0,6203.541,9.692782,,,,,,
1780417407.799,1593378.0,6203.417,9.692782,,,,,,
1780417407.872,1593403.0,6203.406,9.692782,,,,,,
1780417407.873,1593428.0,6203.23,9.693027,,,,,,
1780417407.874,1593453.0,6203.347,9.692538,,,,,,
1780417407.928,1593478.0,6203.37,9.692782,,,,,,
1780417407.928,1593503.0,6203.141,9.692538,,,,,,
1780417407.987,1593528.0,6203.206,9.692782,,,,,,
1780417407.987,1593553.0,6203.193,9.692782,,,,,,
1780417407.988,1593578.0,6203.229,9.692538,,,,,,
1780417408.047,1593603.0,6203.27,9.692538,,,,,,
1780417408.048,1593628.0,6203.405,9.692538,,,,,,
1780417408.112,1593653.0,6203.24,9.692538,,,,,,
1780417408.112,1593678.0,6203.364,9.692293,,,,,,
1780417408.113,1593703.0,6203.299,9.692293,,,,,,
1780417408.175,1593728.0,6203.206,9.692048,,,,,,
1780417408.175,1593753.0,6203.223,9.692048,,,,,,
1780417408.236,1593778.0,6203.223,9.692048,,,,,,
1780417408.237,1593803.0,6203.359,9.692048,,,,,,
1780417408.237,1593828.0,6203.312,9.692048,,,,,,
1780417408.311,1593853.0,6203.334,9.692048,,,,,,
1780417408.311,1593878.0,6203.211,9.692048,,,,,,
1780417408.376,1593903.0,6203.353,9.692048,,,,,,
1780417408.376,1593928.0,6203.289,9.692048,,,,,,
1780417408.377,1593953.0,6203.306,9.692048,,,,,,
1780417408.434,1593978.0,6203.395,9.692048,,,,,,
1780417408.434,1594003.0,6203.652,9.692048,,,,,,
1780417408.495,1594028.0,6203.546,9.692048,,,,,,
1780417408.496,1594053.0,6203.406,9.692048,,,,,,
1780417408.496,1594078.0,6203.083,9.692293,,,,,,
1780417408.569,1594103.0,6203.112,9.692048,,,,,,
1780417408.569,1594128.0,6203.188,9.692048,,,,,,
1780417408.570,1594153.0,6203.118,9.691804,,,,,,
1780417408.632,1594178.0,6203.041,9.691804,,,,,,
1780417408.633,1594203.0,6202.935,9.691559,,,,,,
1780417408.697,1594228.0,6202.789,9.691559,,,,,,
1780417408.698,1594253.0,6202.754,9.691559,,,,,,
1780417408.698,1594278.0,6202.871,9.691559,,,,,,
1780417408.764,1594303.0,6202.759,9.691559,,,,,,
1780417408.765,1594328.0,6202.694,9.691559,,,,,,
1780417408.766,1594353.0,6202.618,9.691559,,,,,,
1780417408.818,1594378.0,6202.625,9.691804,,,,,,
1780417408.819,1594403.0,6202.566,9.691804,,,,,,
1780417408.882,1594428.0,6202.643,9.691804,,,,,,
1780417408.883,1594453.0,6202.625,9.691804,,,,,,
1780417408.942,1594478.0,6202.613,9.692048,,,,,,
1780417408.942,1594503.0,6202.677,9.692048,,,,,,
1780417408.942,1594528.0,6202.606,9.692048,,,,,,
1780417409.007,1594553.0,6202.629,9.692048,,,,,,
1780417409.007,1594578.0,6202.723,9.692048,,,,,,
1780417409.063,1594603.0,6202.647,9.692293,,,,,,
1780417409.064,1594628.0,6202.518,9.692293,,,,,,
1780417409.064,1594653.0,6202.4,9.692293,,,,,,
1780417409.135,1594678.0,6202.477,9.692293,,,,,,
1780417409.135,1594703.0,6202.689,9.692293,,,,,,
1780417409.202,1594728.0,6202.542,9.692293,,,,,,
1780417409.203,1594753.0,6202.46,9.692293,,,,,,
1780417409.203,1594778.0,6202.442,9.692293,,,,,,
1780417409.262,1594803.0,6202.56,9.692292,,,,,,
1780417409.263,1594828.0,6202.384,9.692782,,,,,,
1780417409.263,1594853.0,6202.36,9.692538,,,,,,
1780417409.323,1594878.0,6202.29,9.692538,,,,,,
1780417409.323,1594903.0,6202.236,9.692538,,,,,,
1780417409.394,1594928.0,6202.107,9.692538,,,,,,
1780417409.395,1594953.0,6201.943,9.692538,,,,,,
1780417409.395,1594978.0,6201.627,9.692293,,,,,,
1780417409.456,1595003.0,6201.333,9.691804,,,,,,
1780417409.457,1595028.0,6201.058,9.691559,,,,,,
1780417409.469,1595053.0,6200.794,9.215544,,,,,,
1780417409.492,1595078.0,6200.494,9.215431,,,,,,
1780417409.513,1595103.0,6200.26,9.21529,,,,,,
1780417409.551,1595128.0,6199.949,9.215426,,,,,,
1780417409.574,1595153.0,6199.868,9.215218,,,,,,
1780417409.596,1595178.0,6199.668,9.215304,,,,,,
1780417409.618,1595203.0,6199.386,9.215184,,,,,,
1780417409.641,1595228.0,6199.187,9.214783,,,,,,
1780417409.675,1595253.0,6198.928,9.214896,,,,,,
1780417409.699,1595278.0,6198.853,9.214685,,,,,,
1780417409.722,1595303.0,6198.607,9.214548,,,,,,
1780417409.746,1595328.0,6198.313,9.214678,,,,,,
1780417409.769,1595353.0,6198.225,9.214472,,,,,,
1780417409.792,1595378.0,6198.138,9.21451,,,,,,
1780417409.815,1595403.0,6197.891,9.214375,,,,,,
1780417409.839,1595428.0,6197.574,9.214514,,,,,,
1780417409.865,1595453.0,6197.375,9.214111,,,,,rotate on,OK rotated on
1780417409.934,1595478.0,6197.251,9.214411,,,,,,
1780417409.934,1595503.0,6196.953,9.21454,,,,,,
1780417409.988,1595528.0,6196.801,9.214363,,,,,,
1780417409.989,1595553.0,6196.777,9.214374,,,,,,
1780417409.989,1595578.0,6196.789,9.214125,,,,,,
1780417410.049,1595603.0,6196.806,9.214116,,,,,,
1780417410.051,1595628.0,6196.724,9.214397,,,,,,
1780417410.115,1595653.0,6196.753,9.214384,,,,,,
1780417410.116,1595678.0,6196.73,9.214395,,,,,,
1780417410.117,1595703.0,6196.712,9.214402,,,,,,
1780417410.182,1595728.0,6196.701,9.214163,,,,,,
1780417410.183,1595753.0,6196.689,9.214169,,,,,,
1780417410.240,1595778.0,6196.437,9.214279,,,,,,
1780417410.241,1595803.0,6196.39,9.2143,,,,,,
1780417410.241,1595828.0,6196.319,9.214331,,,,,,
1780417410.301,1595853.0,6196.208,9.21438,,,,,,
1780417410.302,1595878.0,6196.143,9.214408,,,,,,
1780417410.373,1595903.0,6196.08,9.214437,,,,,,
1780417410.373,1595928.0,6196.009,9.214712,,,,,,
1780417410.373,1595953.0,6196.067,9.214442,,,,,,
1780417410.435,1595978.0,6195.897,9.214761,,,,,,
1780417410.436,1596003.0,6195.797,9.214805,,,,,,
1780417410.437,1596028.0,6195.81,9.215044,,,,,,
1780417410.498,1596053.0,6195.687,9.214853,,,,,,
1780417410.498,1596078.0,6195.646,9.215116,,,,,,
1780417410.557,1596103.0,6195.599,9.214892,,,,,,
1780417410.557,1596128.0,6195.64,9.214874,,,,,,
1780417410.614,1596153.0,6195.576,9.214902,,,,,,
1780417410.614,1596178.0,6195.436,9.21472,,,,,,
1780417410.615,1596203.0,6195.336,9.214764,,,,,,
1780417410.678,1596228.0,6195.318,9.215015,,,,,,
1780417410.678,1596253.0,6195.4,9.214735,,,,,,
1780417410.744,1596278.0,6195.341,9.214761,,,,,,
1780417410.744,1596303.0,6195.242,9.214805,,,,,,
1780417410.745,1596328.0,6195.166,9.215082,,,,,,
1780417410.801,1596353.0,6194.996,9.215158,,,,,,
1780417410.801,1596378.0,6194.914,9.21495,,,,,,
1780417410.866,1596403.0,6195.001,9.215155,,,,,,
1780417410.866,1596428.0,6194.866,9.214971,,,,,,
1780417410.866,1596453.0,6194.908,9.214952,,,,,,
1780417410.931,1596478.0,6194.949,9.214934,,,,,,
1780417410.932,1596503.0,6195.014,9.214661,,,,,,
1780417410.994,1596528.0,6194.844,9.214735,,,,,,
1780417410.994,1596553.0,6194.814,9.214747,,,,,,
1780417410.995,1596578.0,6194.82,9.214746,,,,,,
1780417411.050,1596603.0,6194.949,9.214688,,,,,,
1780417411.050,1596628.0,6194.808,9.214749,,,,,,
1780417411.113,1596653.0,6195.395,9.214492,,,,,,
1780417411.113,1596678.0,6196.92,9.214555,,,,,,
1780417411.114,1596703.0,6202.703,9.213972,,,,,,
1780417411.187,1596728.0,6216.465,9.213565,,,,,,
1780417411.188,1596753.0,6242.767,9.212341,,,,,,
1780417411.188,1596778.0,6278.605,9.210646,,,,,,
1780417411.249,1596803.0,6325.937,9.20789,,,,,,
1780417411.250,1596828.0,6386.788,9.203705,,,,,,
1780417411.301,1596853.0,6458.998,9.197809,,,,,,
1780417411.301,1596878.0,6544.47,9.190632,,,,,,
1780417411.365,1596903.0,6635.388,9.182585,,,,,,
1780417411.366,1596928.0,6727.119,9.174436,,,,,,
1780417411.366,1596953.0,6825.271,9.165,,,,,,
1780417411.424,1596978.0,6925.728,9.155306,,,,,,
1780417411.424,1597003.0,7026.949,9.145787,,,,,,
1780417411.495,1597028.0,7128.065,9.135814,,,,,,
1780417411.495,1597053.0,7229.479,9.126211,,,,,,
1780417411.495,1597078.0,7331.159,9.116489,,,,,,
1780417411.568,1597103.0,7432.59,9.106879,,,,,,
1780417411.569,1597128.0,7534.078,9.097242,,,,,,
1780417411.570,1597153.0,7635.877,9.087469,,,,,,
1780417411.638,1597178.0,7737.691,9.077445,,,,,,
1780417411.639,1597203.0,7839.29,9.06776,,,,,,
1780417411.639,1597228.0,7940.895,9.057828,,,,,,
1780417411.701,1597253.0,8042.11,9.048065,,,,,,
1780417411.702,1597278.0,8142.389,9.03846,,,,,,
1780417411.763,1597303.0,8233.288,9.029943,,,,,,
1780417411.764,1597328.0,8317.341,9.022202,,,,,,
1780417411.764,1597353.0,8389.15,9.015133,,,,,,
1780417411.815,1597378.0,8436.357,9.010648,,,,,,
1780417411.815,1597403.0,8472.534,9.00703,,,,,,
1780417411.880,1597428.0,8470.325,9.007252,,,,,,
1780417411.881,1597453.0,8452.692,9.008991,,,,,,
1780417411.944,1597478.0,8411.935,9.013384,,,,,,
1780417411.945,1597503.0,8349.142,9.019938,,,,,,
1780417411.946,1597528.0,8266.9,9.027847,,,,,,
1780417412.016,1597553.0,8173.772,9.035878,,,,,,
1780417412.017,1597578.0,8065.922,9.045187,,,,,,
1780417412.018,1597603.0,7949.307,9.054684,,,,,,
1780417412.071,1597628.0,7818.899,9.064186,,,,,,
1780417412.072,1597653.0,7685.44,9.073602,,,,,,
1780417412.132,1597678.0,7534.343,9.081932,,,,,,
1780417412.133,1597703.0,7376.953,9.08948,,,,,,
1780417412.203,1597728.0,7217.508,9.096755,,,,,,
1780417412.204,1597753.0,7056.699,9.103686,,,,,,
1780417412.204,1597778.0,6895.515,9.110784,,,,,,
1780417412.263,1597803.0,6727.525,9.117116,,,,,,
1780417412.264,1597828.0,6559.632,9.123408,,,,,,
1780417412.264,1597853.0,6386.611,9.129153,,,,,,
1780417412.316,1597878.0,6213.314,9.134553,,,,,,
1780417412.317,1597903.0,6038.808,9.139808,,,,,,
1780417412.384,1597928.0,5871.129,9.143449,,,,,,
1780417412.385,1597953.0,5705.948,9.14675,,,,,,
1780417412.448,1597978.0,5543.807,9.149292,,,,,,
1780417412.459,1598003.0,5393.723,9.149592,,,,,,
1780417412.460,1598028.0,5245.067,9.150002,,,,,,
1780417412.504,1598053.0,5123.521,9.147308,,,,,,
1780417412.505,1598078.0,5003.856,9.144767,,,,,,
1780417412.564,1598103.0,4896.002,9.141018,,,,,,
1780417412.565,1598128.0,4796.779,9.136464,,,,,,
1780417412.565,1598153.0,4711.571,9.131652,,,,,,
1780417412.629,1598178.0,4636.388,9.126842,,,,,,
1780417412.630,1598203.0,4569.541,9.121547,,,,,,
1780417412.701,1598228.0,4509.153,9.116798,,,,,,
1780417412.701,1598253.0,4461.876,9.111836,,,,,,
1780417412.702,1598278.0,4417.605,9.107,,,,,,
1780417412.756,1598303.0,4390.866,9.103276,,,,,,
1780417412.756,1598328.0,4370.201,9.100429,,,,,,
1780417412.823,1598353.0,4352.813,9.098015,,,,,,
1780417412.823,1598378.0,4338.665,9.09628,,,,,,
1780417412.823,1598403.0,4325.904,9.094402,,,,,,
1780417412.885,1598428.0,4323.133,9.093985,,,,,,
1780417412.886,1598453.0,4323.527,9.094044,,,,,,
1780417412.887,1598478.0,4333.592,9.095235,,,,,,
1780417412.950,1598503.0,4346.879,9.096888,,,,,,
1780417412.951,1598528.0,4374.167,9.100174,,,,,,
1780417413.010,1598553.0,4411.633,9.104439,,,,,,
1780417413.011,1598578.0,4459.174,9.109309,,,,,,
1780417413.084,1598603.0,4518.219,9.114406,,,,,,
1780417413.085,1598628.0,4587.193,9.119495,,,,,,
1780417413.085,1598653.0,4667.92,9.12456,,,,,,
1780417413.144,1598678.0,4759.659,9.12944,,,,,,
1780417413.144,1598703.0,4873.567,9.132268,,,,,,
1780417413.145,1598728.0,4990.226,9.135133,,,,,,
1780417413.215,1598753.0,5119.166,9.13708,,,,,,
1780417413.216,1598778.0,5258.608,9.137444,,,,,,
1780417413.216,1598803.0,5404.031,9.137192,,,,,,
1780417413.278,1598828.0,5558.58,9.13594,,,,,,
1780417413.279,1598853.0,5718.049,9.133814,,,,,,
1780417413.330,1598878.0,5881.421,9.131494,,,,,,
1780417413.330,1598903.0,6054.453,9.127702,,,,,,
1780417413.399,1598928.0,6228.643,9.123425,,,,,,
1780417413.399,1598953.0,6404.603,9.119134,,,,,,
1780417413.400,1598978.0,6581.714,9.114151,,,,,,
1780417413.465,1599003.0,6761.437,9.108134,,,,,,
1780417413.466,1599028.0,6941.315,9.102097,,,,,,
1780417413.467,1599053.0,7117.88,9.095416,,,,,,
1780417413.532,1599078.0,7291.313,9.088243,,,,,,
1780417413.533,1599103.0,7460.159,9.080507,,,,,,
1780417413.579,1599128.0,7626.723,9.072108,,,,,,
1780417413.580,1599153.0,7780.897,9.062551,,,,,,
1780417413.644,1599178.0,7926.426,9.052506,,,,,,
1780417413.645,1599203.0,8062.085,9.041764,,,,,,
1780417413.645,1599228.0,8186.65,9.031056,,,,,,
1780417413.707,1599253.0,8300.805,9.020545,,,,,,
1780417413.707,1599278.0,8401.301,9.009895,,,,,,
1780417413.778,1599303.0,8479.977,9.001612,,,,,,
1780417413.778,1599328.0,8536.354,8.995459,,,,,,
1780417413.778,1599353.0,8577.445,8.990715,,,,,,
1780417413.838,1599378.0,8595.856,8.988658,,,,,,
1780417413.838,1599403.0,8599.497,8.988317,,,,,,
1780417413.838,1599428.0,8583.91,8.990139,,,,,,
1780417413.901,1599453.0,8550.823,8.993874,,,,,,
1780417413.902,1599478.0,8503.841,8.999206,,,,,,
1780417413.964,1599503.0,8438.492,9.005633,,,,,,
1780417413.965,1599528.0,8353.56,9.014179,,,,,,
1780417413.965,1599553.0,8259.718,9.023198,,,,,,
1780417414.030,1599578.0,8148.248,9.032372,,,,,,
1780417414.030,1599603.0,8028.632,9.042195,,,,,,
1780417414.098,1599628.0,7894.225,9.052417,,,,,,
1780417414.098,1599653.0,7752.45,9.062727,,,,,,
1780417414.099,1599678.0,7595.249,9.071953,,,,,,
1780417414.162,1599703.0,7434.568,9.080812,,,,,,
1780417414.163,1599728.0,7270.085,9.089219,,,,,,
1780417414.163,1599753.0,7103.578,9.097831,,,,,,
1780417414.227,1599778.0,6936.21,9.105859,,,,,,
1780417414.227,1599803.0,6766.047,9.113469,,,,,,
1780417414.284,1599828.0,6591.825,9.120755,,,,,,
1780417414.285,1599853.0,6418.076,9.127856,,,,,,
1780417414.346,1599878.0,6242.692,9.134528,,,,,,
1780417414.346,1599903.0,6066.809,9.140787,,,,,,
1780417414.347,1599928.0,5901.544,9.145181,,,,,,
1780417414.416,1599953.0,5736.357,9.149289,,,,,,
1780417414.417,1599978.0,5583.693,9.151953,,,,,,
1780417414.417,1600003.0,5438.766,9.152623,,,,,,
1780417414.483,1600028.0,5298.132,9.152918,,,,,,
1780417414.484,1600053.0,5170.863,9.151845,,,,,,
1780417414.533,1600078.0,5051.951,9.149866,,,,,,
1780417414.533,1600103.0,4942.046,9.14692,,,,,,
1780417414.597,1600128.0,4846.457,9.143137,,,,,,
1780417414.598,1600153.0,4760.794,9.138934,,,,,,
1780417414.598,1600178.0,4682.775,9.134562,,,,,,
1780417414.667,1600203.0,4620.517,9.130091,,,,,,
1780417414.667,1600228.0,4564.221,9.125421,,,,,,
1780417414.668,1600253.0,4518.15,9.121081,,,,,,
1780417414.726,1600278.0,4478.167,9.116705,,,,,,
1780417414.726,1600303.0,4453.73,9.11336,,,,,,
1780417414.798,1600328.0,4433.238,9.110642,,,,,,
1780417414.799,1600353.0,4417.772,9.108305,,,,,,
1780417414.799,1600378.0,4405.21,9.106332,,,,,,
1780417414.861,1600403.0,4398.509,9.105757,,,,,,
1780417414.862,1600428.0,4395.274,9.105305,,,,,,
1780417414.862,1600453.0,4399.191,9.105692,,,,,,
1780417414.934,1600478.0,4403.804,9.106476,,,,,,
1780417414.934,1600503.0,4419.977,9.108767,,,,,,
1780417414.998,1600528.0,4445.144,9.111822,,,,,,
1780417414.998,1600553.0,4480.657,9.115576,,,,,,
1780417414.999,1600578.0,4524.515,9.1195,,,,,,
1780417415.054,1600603.0,4577.634,9.123694,,,,,,
1780417415.055,1600628.0,4648.199,9.128165,,,,,,
1780417415.114,1600653.0,4724.775,9.132682,,,,,,
1780417415.115,1600678.0,4815.412,9.136435,,,,,,
1780417415.115,1600703.0,4923.75,9.139322,,,,,,
1780417415.180,1600728.0,5039.152,9.141846,,,,,,
1780417415.190,1600753.0,5165.52,9.143298,,,,,,
1780417415.191,1600778.0,5302.427,9.143381,,,,,,
1780417415.246,1600803.0,5445.638,9.142961,,,,,,
1780417415.247,1600828.0,5598.439,9.141105,,,,,,
1780417415.314,1600853.0,5756.725,9.138612,,,,,,
1780417415.315,1600878.0,5919.723,9.135571,,,,,,
1780417415.315,1600903.0,6088.284,9.131611,,,,,,
1780417415.379,1600928.0,6259.413,9.127541,,,,,,
1780417415.379,1600953.0,6430.839,9.12262,,,,,,
1780417415.442,1600978.0,6607.554,9.117205,,,,,,
1780417415.443,1601003.0,6785.744,9.110953,,,,,,
1780417415.443,1601028.0,6958.922,9.103382,,,,,,
1780417415.514,1601053.0,7131.754,9.096216,,,,,,
1780417415.514,1601078.0,7301.361,9.088594,,,,,,
1780417415.515,1601103.0,7470.223,9.080832,,,,,,
1780417415.563,1601128.0,7629.982,9.071881,,,,,,
1780417415.564,1601153.0,7783.063,9.062809,,,,,,
1780417415.630,1601178.0,7925.944,9.052713,,,,,,
1780417415.630,1601203.0,8060.539,9.042679,,,,,,
1780417415.703,1601228.0,8185.018,9.032239,,,,,,
1780417415.703,1601253.0,8285.985,9.023266,,,,,,
1780417415.704,1601278.0,8370.238,9.0159,,,,,,
1780417415.762,1601303.0,8425.158,9.01122,,,,,,
1780417415.763,1601328.0,8454.048,9.008527,,,,,,
1780417415.763,1601353.0,8462.28,9.007656,,,,,,
1780417415.821,1601378.0,8452.044,9.008405,,,,,,
1780417415.821,1601403.0,8418.919,9.011722,,,,,,
1780417415.890,1601428.0,8371.368,9.015894,,,,,,
1780417415.891,1601453.0,8309.8,9.021719,,,,,,
1780417415.891,1601478.0,8233.436,9.028584,,,,,,
1780417415.939,1601503.0,8150.006,9.036296,,,,,,
1780417415.939,1601528.0,8060.944,9.044713,,,,,,
1780417416.015,1601553.0,7969.018,9.05337,,,,,,
1780417416.015,1601578.0,7873.114,9.062559,,,,,,
1780417416.016,1601603.0,7768.203,9.072436,,,,,,
1780417416.070,1601628.0,7660.087,9.082965,,,,,,
1780417416.070,1601653.0,7553.232,9.093928,,,,,,
1780417416.131,1601678.0,7447.968,9.104426,,,,,,
1780417416.132,1601703.0,7344.194,9.115005,,,,,,
1780417416.195,1601728.0,7240.071,9.125245,,,,,,
1780417416.195,1601753.0,7136.225,9.135609,,,,,,
1780417416.196,1601778.0,7041.335,9.145706,,,,,,
1780417416.269,1601803.0,6975.755,9.154328,,,,,,
1780417416.269,1601828.0,6938.564,9.159751,,,,,,
1780417416.270,1601853.0,6871.553,9.16826,,,,,,
1780417416.334,1601878.0,6742.045,9.177438,,,,,,
1780417416.334,1601903.0,6645.097,9.185019,,,,,,
1780417416.397,1601928.0,6569.802,9.190317,,,,,,
1780417416.398,1601953.0,6547.085,9.192289,,,,,,
1780417416.398,1601978.0,6565.052,9.189664,,,,,,
1780417416.454,1602003.0,6581.963,9.187485,,,,,,
1780417416.454,1602028.0,6571.427,9.187415,,,,,,
1780417416.517,1602053.0,6531.269,9.188439,,,,,,
1780417416.518,1602078.0,6518.373,9.189192,,,,,,
1780417416.518,1602103.0,6595.442,9.182525,,,,,,
1780417416.584,1602128.0,6736.444,9.165148,,,,,,
1780417416.584,1602153.0,6875.689,9.148273,,,,,,
1780417416.653,1602178.0,6932.438,9.143939,,,,,,
1780417416.654,1602203.0,6894.283,9.143533,,,,,,
1780417416.654,1602228.0,6882.737,9.143735,,,,,,
1780417416.711,1602253.0,6872.618,9.143312,,,,,,
1780417416.712,1602278.0,6870.007,9.14275,,,,,,
1780417416.712,1602303.0,6866.635,9.142277,,,,,,
1780417416.771,1602328.0,6857.232,9.14177,,,,,,
1780417416.771,1602353.0,6842.723,9.14181,,,,,,
1780417416.837,1602378.0,6830.441,9.141841,,,,,,
1780417416.838,1602403.0,6807.278,9.142242,,,,,,
1780417416.838,1602428.0,6833.944,9.139552,,,,,,
1780417416.901,1602453.0,6872.959,9.13384,,,,,,
1780417416.902,1602478.0,6941.072,9.125359,,,,,,
1780417416.955,1602503.0,7072.42,9.116135,,,,,,
1780417416.955,1602528.0,7119.459,9.113654,,,,,,
1780417417.029,1602553.0,7110.42,9.113977,,,,,,
1780417417.029,1602578.0,7052.51,9.116589,,,,,,
1780417417.030,1602603.0,6989.549,9.121906,,,,,,
1780417417.093,1602628.0,6982.37,9.123055,,,,,,
1780417417.093,1602653.0,7029.66,9.118967,,,,,,
1780417417.094,1602678.0,7077.244,9.116906,,,,,,
1780417417.150,1602703.0,7061.933,9.116562,,,,,,
1780417417.150,1602728.0,6961.719,9.123404,,,,,,
1780417417.206,1602753.0,6806.107,9.141096,,,,,,
1780417417.207,1602778.0,6713.349,9.155637,,,,,,
1780417417.269,1602803.0,6775.042,9.146826,,,,,,
1780417417.269,1602828.0,6923.448,9.136078,,,,,,
1780417417.269,1602853.0,6976.44,9.133952,,,,,,
1780417417.338,1602878.0,6948.734,9.13385,,,,,,
1780417417.338,1602903.0,6931.004,9.134118,,,,,,
1780417417.339,1602928.0,6932.81,9.13479,,,,,,
1780417417.401,1602953.0,6986.408,9.132201,,,,,,
1780417417.401,1602978.0,7068.203,9.126433,,,,,,
1780417417.471,1603003.0,7134.7,9.121901,,,,,,
1780417417.471,1603028.0,7146.25,9.120966,,,,,,
1780417417.472,1603053.0,7078.711,9.12532,,,,,,
1780417417.541,1603078.0,6971.88,9.135739,,,,,,
1780417417.541,1603103.0,6934.244,9.141107,,,,,,
1780417417.542,1603128.0,6955.249,9.137502,,,,,,
1780417417.595,1603153.0,7023.84,9.129793,,,,,,
1780417417.595,1603178.0,7093.101,9.126014,,,,,,
1780417417.669,1603203.0,7068.815,9.125158,,,,,,
1780417417.669,1603228.0,7051.154,9.125607,,,,,,
1780417417.670,1603253.0,6986.172,9.12927,,,,,,
1780417417.724,1603278.0,6947.074,9.133217,,,,,,
1780417417.725,1603303.0,6982.929,9.129945,,,,,,
1780417417.787,1603328.0,7049.859,9.125691,,,,,,
1780417417.787,1603353.0,7072.48,9.12501,,,,,,
1780417417.788,1603378.0,7079.291,9.124454,,,,,,
1780417417.856,1603403.0,7020.938,9.127115,,,,,,
1780417417.856,1603428.0,6948.101,9.137312,,,,,,
1780417417.923,1603453.0,6924.462,9.140816,,,,,,
1780417417.923,1603478.0,6967.503,9.135732,,,,,,
1780417417.924,1603503.0,7079.44,9.130762,,,,,,
1780417417.995,1603528.0,7115.244,9.130397,,,,,,
1780417417.996,1603553.0,7106.521,9.130572,,,,,,
1780417417.996,1603578.0,7045.847,9.133842,,,,,,
1780417418.061,1603603.0,6984.513,9.139649,,,,,,
1780417418.062,1603628.0,6975.69,9.141024,,,,,,
1780417418.062,1603653.0,7031.344,9.137603,,,,,,
1780417418.114,1603678.0,7050.777,9.136922,,,,,,
1780417418.114,1603703.0,7055.995,9.136588,,,,,,
1780417418.177,1603728.0,6968.714,9.141829,,,,,,
1780417418.178,1603753.0,6856.277,9.154835,,,,,,
1780417418.250,1603778.0,6831.57,9.158569,,,,,,
1780417418.250,1603803.0,6880.067,9.151686,,,,,,
1780417418.251,1603828.0,7017.229,9.143909,,,,,,
1780417418.299,1603853.0,7086.982,9.139905,,,,,,
1780417418.299,1603878.0,7065.17,9.139847,,,,,,
1780417418.371,1603903.0,7016.353,9.14149,,,,,,
1780417418.372,1603928.0,6945.995,9.14666,,,,,,
1780417418.373,1603953.0,6926.576,9.149202,,,,,,
1780417418.434,1603978.0,6986.371,9.144544,,,,,,
1780417418.435,1604003.0,7024.556,9.142291,,,,,,
1780417418.496,1604028.0,7042.196,9.141388,,,,,,
1780417418.497,1604053.0,6990.362,9.144382,,,,,,
1780417418.497,1604078.0,6907.949,9.152148,,,,,,
1780417418.554,1604103.0,6886.122,9.154922,,,,,,
1780417418.554,1604128.0,6912.568,9.151166,,,,,,
1780417418.618,1604153.0,6988.506,9.143578,,,,,,
1780417418.618,1604178.0,7074.375,9.137106,,,,,,
1780417418.619,1604203.0,7069.853,9.13667,,,,,,
1780417418.685,1604228.0,7048.389,9.137314,,,,,,
1780417418.687,1604253.0,6985.438,9.140849,,,,,,
1780417418.688,1604278.0,6950.198,9.144389,,,,,,
1780417418.754,1604303.0,7000.799,9.139364,,,,,,
1780417418.755,1604328.0,7050.761,9.135764,,,,,,
1780417418.829,1604353.0,7065.811,9.135468,,,,,,
1780417418.830,1604378.0,7062.089,9.135142,,,,,,
1780417418.830,1604403.0,6983.874,9.141376,,,,,,
1780417418.897,1604428.0,6918.511,9.15017,,,,,,
1780417418.897,1604453.0,6920.534,9.149791,,,,,,
1780417418.898,1604478.0,6970.467,9.143036,,,,,,
1780417418.969,1604503.0,7093.699,9.13527,,,,,,
1780417418.969,1604528.0,7151.967,9.133197,,,,,,
1780417418.970,1604553.0,7131.308,9.133798,,,,,,
1780417419.023,1604578.0,7077.469,9.136349,,,,,,
1780417419.023,1604603.0,7012.663,9.141743,,,,,,
1780417419.086,1604628.0,7032.966,9.139808,,,,,,
1780417419.087,1604653.0,7083.53,9.135728,,,,,,
1780417419.087,1604678.0,7107.185,9.13442,,,,,,
1780417419.154,1604703.0,7113.74,9.133996,,,,,,
1780417419.155,1604728.0,7059.514,9.13795,,,,,,
1780417419.213,1604753.0,6986.889,9.145991,,,,,,
1780417419.213,1604778.0,6973.594,9.147776,,,,,,
1780417419.214,1604803.0,6981.003,9.1468,,,,,,
1780417419.270,1604828.0,7073.985,9.141307,,,,,,
1780417419.280,1604853.0,7146.413,9.136644,,,,,,
1780417419.332,1604878.0,7122.487,9.136565,,,,,,
1780417419.333,1604903.0,7083.125,9.137239,,,,,,
1780417419.393,1604928.0,7005.62,9.143544,,,,,,
1780417419.394,1604953.0,6982.803,9.14583,,,,,,
1780417419.394,1604978.0,7050.653,9.140545,,,,,,
1780417419.453,1605003.0,7094.498,9.137108,,,,,,
1780417419.454,1605028.0,7090.744,9.136802,,,,,,
1780417419.522,1605053.0,7042.889,9.138134,,,,,,
1780417419.523,1605078.0,6943.254,9.146998,,,,,,
1780417419.523,1605103.0,6894.101,9.153913,,,,,,
1780417419.591,1605128.0,6901.442,9.152464,,,,,,
1780417419.592,1605153.0,6952.454,9.146635,,,,,,
1780417419.592,1605178.0,7054.399,9.140098,,,,,,
1780417419.649,1605203.0,7067.467,9.138968,,,,,,
1780417419.649,1605228.0,7051.313,9.139006,,,,,,
1780417419.712,1605253.0,6982.359,9.143167,,,,,,
1780417419.713,1605278.0,6938.687,9.147175,,,,,,
1780417419.713,1605303.0,6986.399,9.14268,,,,,,
1780417419.768,1605328.0,7039.877,9.137589,,,,,,
1780417419.768,1605353.0,7031.67,9.137034,,,,,,
1780417419.830,1605378.0,7001.739,9.1379,,,,,,
1780417419.831,1605403.0,6919.244,9.144097,,,,,,
1780417419.895,1605428.0,6865.18,9.15004,,,,,,
1780417419.895,1605453.0,6884.144,9.147032,,,,,,
1780417419.895,1605478.0,6915.681,9.143027,,,,,,
1780417419.959,1605503.0,7033.064,9.136477,,,,,,
1780417419.960,1605528.0,7102.658,9.13271,,,,,,
1780417420.024,1605553.0,7078.842,9.132296,,,,,,
1780417420.024,1605578.0,7027.317,9.134091,,,,,,
1780417420.024,1605603.0,6963.748,9.139207,,,,,,
1780417420.081,1605628.0,6971.671,9.138729,,,,,,
1780417420.082,1605653.0,7043.189,9.132845,,,,,,
1780417420.161,1605678.0,7091.469,9.130078,,,,,,
1780417420.162,1605703.0,7093.921,9.129489,,,,,,
1780417420.162,1605728.0,7033.803,9.132893,,,,,,
1780417420.163,1605753.0,6949.046,9.141626,,,,,,
1780417420.234,1605778.0,6932.468,9.14385,,,,,,
1780417420.234,1605803.0,6949.81,9.141299,,,,,,
1780417420.297,1605828.0,7036.598,9.134971,,,,,,
1780417420.297,1605853.0,7105.522,9.131063,,,,,,
1780417420.298,1605878.0,7079.576,9.130673,,,,,,
1780417420.349,1605903.0,7044.04,9.13139,,,,,,
1780417420.349,1605928.0,6969.149,9.137032,,,,,,
1780417420.409,1605953.0,6944.189,9.140236,,,,,,
1780417420.410,1605978.0,7016.169,9.134907,,,,,,
1780417420.482,1606003.0,7071.728,9.131245,,,,,,
1780417420.482,1606028.0,7078.495,9.130712,,,,,,
1780417420.483,1606053.0,7049.978,9.131172,,,,,,
1780417420.544,1606078.0,6963.496,9.139446,,,,,,
1780417420.544,1606103.0,6932.601,9.143672,,,,,,
1780417420.544,1606128.0,6935.99,9.142941,,,,,,
1780417420.608,1606153.0,6960.303,9.140808,,,,,,
1780417420.608,1606178.0,7056.829,9.136019,,,,,,
1780417420.665,1606203.0,7070.35,9.135663,,,,,,
1780417420.665,1606228.0,7043.419,9.136332,,,,,,
1780417420.666,1606253.0,6978.476,9.140423,,,,,,
1780417420.722,1606278.0,6936.887,9.145455,,,,,,
1780417420.723,1606303.0,6965.147,9.143053,,,,,,
1780417420.795,1606328.0,7027.622,9.138642,,,,,,
1780417420.796,1606353.0,7041.866,9.137768,,,,,,
1780417420.796,1606378.0,7036.648,9.137607,,,,,,
1780417420.848,1606403.0,6970.642,9.14274,,,,,,
1780417420.849,1606428.0,6936.763,9.147266,,,,,,
1780417420.909,1606453.0,6944.542,9.146131,,,,,,
1780417420.910,1606478.0,6977.561,9.142216,,,,,,
1780417420.977,1606503.0,7097.714,9.135912,,,,,,
1780417420.977,1606528.0,7161.559,9.132931,,,,,,
1780417420.978,1606553.0,7139.173,9.13308,,,,,,
1780417421.039,1606578.0,7077.174,9.135299,,,,,,
1780417421.039,1606603.0,7007.834,9.141425,,,,,,
1780417421.040,1606628.0,7009.692,9.14161,,,,,,
1780417421.110,1606653.0,7072.351,9.136895,,,,,,
1780417421.111,1606678.0,7086.705,9.13623,,,,,,
1780417421.112,1606703.0,7078.1,9.136096,,,,,,
1780417421.178,1606728.0,7016.703,9.13979,,,,,,
1780417421.179,1606753.0,6943.747,9.146407,,,,,,
1780417421.237,1606778.0,6884.687,9.151643,,,,,,
1780417421.237,1606803.0,6879.226,9.152534,,,,,,
1780417421.238,1606828.0,6963.415,9.146099,,,,,,
1780417421.307,1606853.0,7056.022,9.140397,,,,,,
1780417421.307,1606878.0,7091.98,9.138825,,,,,,
1780417421.364,1606903.0,7062.977,9.13976,,,,,,
1780417421.365,1606928.0,7020.006,9.143912,,,,,,
1780417421.365,1606953.0,7013.23,9.14488,,,,,,
1780417421.424,1606978.0,7064.33,9.141312,,,,,,
1780417421.424,1607003.0,7109.013,9.138012,,,,,,
1780417421.501,1607028.0,7112.836,9.137803,,,,,,
1780417421.501,1607053.0,7050.405,9.141722,,,,,,
1780417421.502,1607078.0,6960.319,9.149902,,,,,,
1780417421.549,1607103.0,6935.989,9.153516,,,,,,
1780417421.549,1607128.0,6944.249,9.152931,,,,,,
1780417421.613,1607153.0,6978.975,9.149747,,,,,,
1780417421.613,1607178.0,7075.635,9.145235,,,,,,
1780417421.614,1607203.0,7091.102,9.145717,,,,,,
1780417421.684,1607228.0,7079.706,9.146333,,,,,,
1780417421.684,1607253.0,7015.468,9.151103,,,,,,
1780417421.739,1607278.0,6968.391,9.156343,,,,,,
1780417421.739,1607303.0,7017.107,9.153364,,,,,,
1780417421.739,1607328.0,7074.031,9.150628,,,,,,
1780417421.805,1607353.0,7077.814,9.151656,,,,,,
1780417421.805,1607378.0,7075.138,9.153078,,,,,,
1780417421.866,1607403.0,7060.096,9.154777,,,,,,
1780417421.866,1607428.0,7034.045,9.15872,,,,,,
1780417421.867,1607453.0,7038.128,9.159463,,,,,,
1780417421.924,1607478.0,7059.802,9.158038,,,,,,
1780417421.925,1607503.0,7108.684,9.15509,,,,,,
1780417421.992,1607528.0,7148.361,9.15494,,,,,,
1780417421.992,1607553.0,7098.437,9.158538,,,,,,
1780417421.993,1607578.0,7029.438,9.164657,,,,,,
1780417422.048,1607603.0,6977.394,9.171104,,,,,,
1780417422.048,1607628.0,6986.547,9.1721,,,,,,
1780417422.112,1607653.0,7041.709,9.169001,,,,,,
1780417422.112,1607678.0,7076.998,9.168763,,,,,,
1780417422.113,1607703.0,7080.078,9.170351,,,,,,
1780417422.176,1607728.0,7019.799,9.176211,,,,,,
1780417422.176,1607753.0,6954.133,9.184733,,,,,,
1780417422.240,1607778.0,6954.422,9.185621,,,,,,
1780417422.240,1607803.0,6987.864,9.181338,,,,,,
1780417422.240,1607828.0,7094.92,9.172229,,,,,,
1780417422.312,1607853.0,7160.984,9.169419,,,,,,
1780417422.312,1607878.0,7138.06,9.171026,,,,,,
1780417422.313,1607903.0,7104.132,9.173692,,,,,,
1780417422.367,1607928.0,7043.168,9.180333,,,,,,
1780417422.368,1607953.0,7014.871,9.184032,,,,,,
1780417422.424,1607978.0,7068.246,9.180673,,,,,,
1780417422.424,1608003.0,7106.781,9.178112,,,,,,
1780417422.496,1608028.0,7106.114,9.178406,,,,,,
1780417422.496,1608053.0,7072.13,9.180248,,,,,,
1780417422.497,1608078.0,6992.894,9.18809,,,,,,
1780417422.551,1608103.0,6960.059,9.192409,,,,,,
1780417422.552,1608128.0,6967.381,9.190965,,,,,,
1780417422.612,1608153.0,7024.842,9.18337,,,,,,
1780417422.613,1608178.0,7125.266,9.175847,,,,,,
1780417422.613,1608203.0,7136.902,9.174634,,,,,,
1780417422.686,1608228.0,7110.693,9.174414,,,,,,
1780417422.687,1608253.0,7039.207,9.178861,,,,,,
1780417422.687,1608278.0,6992.772,9.182805,,,,,,
1780417422.738,1608303.0,7009.806,9.180557,,,,,,
1780417422.739,1608328.0,7054.098,9.176202,,,,,,
1780417422.804,1608353.0,7049.322,9.174871,,,,,,
1780417422.804,1608378.0,7015.146,9.174417,,,,,,
1780417422.874,1608403.0,6926.737,9.180446,,,,,,
1780417422.874,1608428.0,6866.043,9.187166,,,,,,
1780417422.875,1608453.0,6856.941,9.187597,,,,,,
1780417422.923,1608478.0,6886.125,9.182601,,,,,,
1780417422.923,1608503.0,6991.112,9.17468,,,,,,
1780417422.997,1608528.0,7038.685,9.170721,,,,,,
1780417422.998,1608553.0,7015.075,9.168664,,,,,,
1780417422.998,1608578.0,6975.788,9.168493,,,,,,
1780417423.052,1608603.0,6930.639,9.170445,,,,,,
1780417423.052,1608628.0,6943.991,9.167834,,,,,,
1780417423.114,1608653.0,7012.026,9.160789,,,,,,
1780417423.115,1608678.0,7020.303,9.158132,,,,,,
1780417423.115,1608703.0,7015.435,9.155858,,,,,,
1780417423.174,1608728.0,6954.962,9.158174,,,,,,
1780417423.174,1608753.0,6890.826,9.163333,,,,,,
1780417423.312,1608778.0,6877.042,9.164305,,,,,,
1780417423.313,1608899.0,6793.078,9.169442,,,,,,
1780417423.365,1608924.0,6791.581,9.168391,,,,,,
1780417423.374,1608949.0,6840.099,9.164988,,,,,,
1780417423.431,1608974.0,6925.659,9.156873,,,,,,
1780417423.431,1608999.0,6956.899,9.15283,,,,,,
1780417423.500,1609024.0,6915.572,9.154638,,,,,,
1780417423.500,1609049.0,6870.92,9.156456,,,,,,
1780417423.500,1609074.0,6870.717,9.156055,,,,,,
1780417423.548,1609099.0,6939.514,9.151524,,,,,,
1780417423.548,1609124.0,7049.007,9.14081,,,,,,
1780417423.611,1609149.0,7099.121,9.134402,,,,,,
1780417423.612,1609174.0,7085.559,9.136303,,,,,,
1780417423.612,1609199.0,6999.924,9.142809,,,,,,
1780417423.683,1609224.0,6913.789,9.147999,,,,,,
1780417423.684,1609249.0,6869.442,9.149324,,,,,,
1780417423.684,1609274.0,6905.328,9.148443,,,,,,
1780417423.745,1609299.0,6984.849,9.142687,,,,,,
1780417423.745,1609324.0,7040.746,9.13777,,,,,,
1780417423.809,1609349.0,6991.966,9.141329,,,,,,
1780417423.809,1609374.0,6931.01,9.146241,,,,,,
1780417423.810,1609399.0,6912.914,9.14687,,,,,,
1780417423.864,1609424.0,6946.795,9.145533,,,,,,
1780417423.865,1609449.0,7045.424,9.137067,,,,,,
1780417423.928,1609474.0,7121.933,9.129011,,,,,,
1780417423.929,1609499.0,7121.049,9.1294,,,,,,
1780417423.993,1609524.0,7176.349,9.126799,,,,,,
1780417423.993,1609549.0,7154.112,9.127117,,,,,,
1780417423.994,1609574.0,7107.585,9.128916,,,,,,
1780417424.066,1609599.0,7039.675,9.135379,,,,,,
1780417424.067,1609624.0,7039.742,9.13585,,,,,,
1780417424.067,1609649.0,7087.765,9.132098,,,,,,
1780417424.136,1609674.0,7132.499,9.129246,,,,,,
1780417424.137,1609699.0,7164.69,9.127401,,,,,,
1780417424.137,1609724.0,7119.597,9.130565,,,,,,
1780417424.204,1609749.0,7037.288,9.139631,,,,,,
1780417424.205,1609774.0,7021.199,9.141886,,,,,,
1780417424.279,1609799.0,7045.916,9.138141,,,,,,
1780417424.280,1609824.0,7134.426,9.131133,,,,,,
1780417424.280,1609849.0,7211.873,9.126736,,,,,,
1780417424.339,1609874.0,7187.681,9.126287,,,,,,
1780417424.339,1609899.0,7160.93,9.127032,,,,,,
1780417424.340,1609924.0,7083.786,9.13296,,,,,,
1780417424.397,1609949.0,7044.952,9.137039,,,,,,
1780417424.398,1609974.0,7111.137,9.130866,,,,,,
1780417424.463,1609999.0,7155.84,9.127572,,,,,,
1780417424.464,1610024.0,7168.748,9.127263,,,,,,
1780417424.464,1610049.0,7138.266,9.128574,,,,,,
1780417424.520,1610074.0,7043.232,9.136924,,,,,,
1780417424.520,1610099.0,6995.343,9.143084,,,,,,
1780417424.583,1610124.0,7022.496,9.138787,,,,,,
1780417424.583,1610149.0,7074.236,9.131949,,,,,,
1780417424.584,1610174.0,7182.649,9.124848,,,,,,
1780417424.656,1610199.0,7237.512,9.122374,,,,,,
1780417424.656,1610224.0,7206.483,9.1224,,,,,,
1780417424.711,1610249.0,7151.645,9.125523,,,,,,
1780417424.711,1610274.0,7113.844,9.129209,,,,,,
1780417424.711,1610299.0,7126.221,9.128529,,,,,,
1780417424.776,1610324.0,7153.913,9.125836,,,,,,
1780417424.776,1610349.0,7162.983,9.125054,,,,,,
1780417424.831,1610374.0,7133.891,9.12608,,,,,,
1780417424.831,1610399.0,7052.681,9.132472,,,,,,
1780417424.904,1610424.0,6977.926,9.141668,,,,,,
1780417424.904,1610449.0,6996.011,9.139071,,,,,,
1780417424.905,1610474.0,7039.012,9.133615,,,,,,
1780417424.968,1610499.0,7165.261,9.126722,,,,,,
1780417424.968,1610524.0,7209.731,9.125621,,,,,,
1780417424.969,1610549.0,7200.089,9.126461,,,,,,
1780417425.019,1610574.0,7162.021,9.128464,,,,,,
1780417425.020,1610599.0,7094.838,9.135568,,,,,,
1780417425.084,1610624.0,7099.537,9.13601,,,,,,
1780417425.084,1610649.0,7168.869,9.13115,,,,,,
1780417425.085,1610674.0,7196.692,9.130512,,,,,,
1780417425.148,1610699.0,7201.305,9.131423,,,,,,
1780417425.149,1610724.0,7155.621,9.134918,,,,,,
1780417425.212,1610749.0,7061.602,9.146597,,,,,,
1780417425.212,1610774.0,7039.932,9.151548,,,,,,
1780417425.212,1610799.0,7065.364,9.149293,,,,,,
1780417425.279,1610824.0,7119.699,9.145087,,,,,,
1780417425.279,1610849.0,7205.767,9.142996,,,,,,
1780417425.336,1610874.0,7171.767,9.14514,,,,,,
1780417425.336,1610899.0,7143.391,9.14854,,,,,,
1780417425.337,1610924.0,7079.973,9.155337,,,,,,
1780417425.399,1610949.0,7053.686,9.160644,,,,,,
1780417425.400,1610974.0,7103.864,9.158092,,,,,,
1780417425.468,1610999.0,7161.602,9.157169,,,,,,
1780417425.469,1611024.0,7169.806,9.160423,,,,,,
1780417425.469,1611049.0,7142.67,9.164698,,,,,,
1780417425.521,1611074.0,7038.728,9.178777,,,,,,
1780417425.522,1611099.0,6974.49,9.190055,,,,,,
1780417425.592,1611124.0,6993.378,9.189931,,,,,,
1780417425.593,1611149.0,7061.646,9.18442,,,,,,
1780417425.593,1611174.0,7147.919,9.182175,,,,,,
1780417425.647,1611199.0,7155.969,9.186954,,,,,,
1780417425.648,1611224.0,7131.908,9.192633,,,,,,
1780417425.721,1611249.0,7059.225,9.20205,,,,,,
1780417425.721,1611274.0,7000.907,9.212172,,,,,,
1780417425.722,1611299.0,7036.188,9.212469,,,,,,
1780417425.793,1611324.0,7097.3,9.211273,,,,,,
1780417425.794,1611349.0,7115.791,9.214995,,,,,,
1780417425.794,1611374.0,7099.104,9.220609,,,,,,
1780417425.850,1611399.0,7012.841,9.231845,,,,,,
1780417425.850,1611424.0,6927.984,9.246146,,,,,,
1780417425.911,1611449.0,6922.8,9.249192,,,,,,
1780417425.911,1611474.0,6955.514,9.247,,,,,,
1780417425.912,1611499.0,7077.371,9.242625,,,,,,
1780417425.979,1611524.0,7130.842,9.242634,,,,,,
1780417425.980,1611549.0,7105.049,9.247637,,,,,,
1780417426.044,1611574.0,7052.7,9.253891,,,,,,
1780417426.044,1611599.0,6977.875,9.264321,,,,,,
1780417426.045,1611624.0,6982.449,9.266335,,,,,,
1780417426.100,1611649.0,7044.007,9.262233,,,,,,
1780417426.100,1611674.0,7087.777,9.260384,,,,,,
1780417426.160,1611699.0,7086.569,9.261654,,,,,,
1780417426.160,1611724.0,7051.125,9.265048,,,,,,
1780417426.160,1611749.0,6961.986,9.276705,,,,,,
1780417426.224,1611774.0,6933.029,9.280764,,,,,,
1780417426.224,1611799.0,6975.395,9.273103,,,,,,
1780417426.294,1611824.0,7073.436,9.261078,,,,,,
1780417426.295,1611849.0,7164.961,9.251464,,,,,,
1780417426.295,1611874.0,7146.23,9.249752,,,,,,
1780417426.350,1611899.0,7119.369,9.249016,,,,,,
1780417426.350,1611924.0,7041.538,9.253631,,,,,,
1780417426.413,1611949.0,7006.997,9.255754,,,,,,
1780417426.413,1611974.0,7073.297,9.245728,,,,,,
1780417426.414,1611999.0,7143.101,9.235742,,,,,,
1780417426.479,1612024.0,7160.523,9.230536,,,,,,
1780417426.479,1612049.0,7136.916,9.227808,,,,,,
1780417426.535,1612074.0,7044.24,9.234015,,,,,,
1780417426.535,1612099.0,6998.467,9.237172,,,,,,
1780417426.535,1612124.0,7010.958,9.231679,,,,,,
1780417426.604,1612149.0,7057.514,9.221827,,,,,,
1780417426.604,1612174.0,7166.446,9.208424,,,,,,
1780417426.660,1612199.0,7204.679,9.201182,,,,,,
1780417426.660,1612224.0,7177.105,9.195295,,,,,,
1780417426.660,1612249.0,7117.2,9.194851,,,,,,
1780417426.728,1612274.0,7077.5,9.195021,,,,,,
1780417426.728,1612299.0,7105.55,9.187979,,,,,,
1780417426.792,1612324.0,7178.744,9.177015,,,,,,
1780417426.792,1612349.0,7209.081,9.16987,,,,,,
1780417426.792,1612374.0,7188.757,9.165503,,,,,,
1780417426.975,1612399.0,7121.152,9.167533,,,,,,
1780417426.976,1612520.0,7080.369,9.170959,,,,,,
1780417426.976,1612545.0,6945.458,9.177374,,,,,,
1780417427.039,1612570.0,6863.012,9.180798,,,,,,
1780417427.040,1612595.0,6901.904,9.17658,,,,,,
1780417427.040,1612620.0,6968.091,9.169003,,,,,,
1780417427.096,1612645.0,7060.979,9.157766,,,,,,
1780417427.096,1612670.0,7094.337,9.150609,,,,,,
1780417427.159,1612695.0,7002.621,9.155801,,,,,,
1780417427.160,1612720.0,6937.489,9.159064,,,,,,
1780417427.160,1612745.0,6931.65,9.157458,,,,,,
1780417427.224,1612770.0,6969.636,9.153116,,,,,,
1780417427.225,1612795.0,7047.248,9.144884,,,,,,
1780417427.295,1612820.0,7069.423,9.140667,,,,,,
1780417427.296,1612845.0,7033.686,9.144485,,,,,,
1780417427.296,1612870.0,6917.288,9.150869,,,,,,
1780417427.346,1612895.0,6817.879,9.15669,,,,,,
1780417427.347,1612920.0,6787.008,9.156799,,,,,,
1780417427.408,1612945.0,6852.363,9.15424,,,,,,
1780417427.408,1612970.0,6943.624,9.145953,,,,,,
1780417427.409,1612995.0,6998.763,9.139244,,,,,,
1780417427.480,1613020.0,6940.212,9.143283,,,,,,
1780417427.481,1613045.0,6864.381,9.148783,,,,,,
1780417427.481,1613070.0,6834.967,9.150842,,,,,,
1780417427.538,1613095.0,6897.846,9.146748,,,,,,
1780417427.539,1613120.0,7015.899,9.133773,,,,,,
1780417427.597,1613145.0,7071.712,9.125537,,,,,,
1780417427.597,1613170.0,7218.06,9.115371,,,,,,
1780417427.661,1613195.0,7224.467,9.115237,,,,,,
1780417427.661,1613220.0,7217.361,9.115182,,,,,,
1780417427.662,1613245.0,7136.69,9.118224,,,,,,
1780417427.721,1613270.0,7044.42,9.125533,,,,,,
1780417427.721,1613295.0,6982.755,9.130322,,,,,,
1780417427.797,1613320.0,6984.231,9.129917,,,,,,
1780417427.798,1613345.0,6972.689,9.130111,,,,,,
1780417427.798,1613370.0,6961.683,9.129827,,,,,,
1780417427.875,1613395.0,6919.661,9.131538,,,,,,
1780417427.876,1613420.0,6873.954,9.136099,,,,,,
1780417427.876,1613445.0,6925.911,9.128534,,,,,,
1780417427.929,1613470.0,6998.079,9.118183,,,,,,
1780417427.930,1613495.0,7136.513,9.107981,,,,,,
1780417427.930,1613520.0,7207.683,9.104498,,,,,,
1780417427.994,1613545.0,7200.846,9.105082,,,,,,
1780417427.994,1613570.0,7143.898,9.106837,,,,,,
1780417428.058,1613595.0,7050.509,9.114354,,,,,,
1780417428.058,1613620.0,6982.781,9.120917,,,,,,
1780417428.059,1613645.0,6982.978,9.121816,,,,,,
1780417428.113,1613670.0,6993.846,9.121447,,,,,,
1780417428.114,1613695.0,6991.438,9.121279,,,,,,
1780417428.179,1613720.0,6928.67,9.125079,,,,,,
1780417428.179,1613745.0,6823.89,9.137877,,,,,,
1780417428.179,1613770.0,6781.382,9.144818,,,,,,
1780417428.236,1613795.0,6798.274,9.142009,,,,,,
1780417428.237,1613820.0,6913.691,9.130841,,,,,,
1780417428.307,1613845.0,6998.423,9.124452,,,,,,
1780417428.308,1613870.0,6989.4,9.12434,,,,,,
1780417428.308,1613895.0,6992.973,9.124472,,,,,,
1780417428.363,1613920.0,6978.893,9.125301,,,,,,
1780417428.363,1613945.0,6984.082,9.126196,,,,,,
1780417428.437,1613970.0,7005.363,9.125892,,,,,,
1780417428.437,1613995.0,7022.609,9.125887,,,,,,
1780417428.438,1614020.0,7026.504,9.126372,,,,,,
1780417428.492,1614045.0,6993.461,9.127609,,,,,,
1780417428.493,1614070.0,6871.878,9.141181,,,,,,
1780417428.553,1614095.0,6795.807,9.152999,,,,,,
1780417428.554,1614120.0,6801.489,9.153066,,,,,,
1780417428.554,1614145.0,6875.125,9.144571,,,,,,
1780417428.613,1614170.0,6992.611,9.136936,,,,,,
1780417428.614,1614195.0,7025.689,9.138248,,,,,,
1780417428.679,1614220.0,7028.808,9.139558,,,,,,
1780417428.679,1614245.0,6998.959,9.141447,,,,,,
1780417428.679,1614270.0,6977.329,9.143354,,,,,,
1780417428.738,1614295.0,6963.111,9.145686,,,,,,
1780417428.738,1614320.0,6950.5,9.148295,,,,,,
1780417428.800,1614345.0,6938.751,9.151755,,,,,,
1780417428.800,1614370.0,6908.762,9.155613,,,,,,
1780417428.872,1614395.0,6811.494,9.165322,,,,,,
1780417428.873,1614420.0,6713.441,9.181852,,,,,,
1780417428.873,1614445.0,6710.525,9.186479,,,,,,
1780417428.928,1614470.0,6753.229,9.184097,,,,,,
1780417428.928,1614495.0,6893.815,9.180385,,,,,,
1780417428.928,1614520.0,6959.867,9.182142,,,,,,
1780417428.992,1614545.0,6944.876,9.18752,,,,,,
1780417428.992,1614570.0,6918.458,9.191586,,,,,,
1780417429.049,1614595.0,6884.716,9.197612,,,,,,
1780417429.049,1614620.0,6878.071,9.204475,,,,,,
1780417429.110,1614645.0,6874.728,9.211839,,,,,,
1780417429.111,1614670.0,6871.18,9.22002,,,,,,
1780417429.111,1614695.0,6870.94,9.228,,,,,,
1780417429.181,1614720.0,6812.096,9.239927,,,,,,
1780417429.182,1614745.0,6706.138,9.260208,,,,,,
1780417429.182,1614770.0,6670.578,9.273532,,,,,,
1780417429.253,1614795.0,6700.686,9.274726,,,,,,
1780417429.254,1614820.0,6809.697,9.270325,,,,,,
1780417429.254,1614845.0,6903.87,9.272308,,,,,,
1780417429.326,1614870.0,6913.951,9.284302,,,,,,
1780417429.326,1614895.0,6925.867,9.295342,,,,,,
1780417429.379,1614920.0,6934.295,9.306195,,,,,,
1780417429.380,1614945.0,6959.179,9.31704,,,,,,
1780417429.380,1614970.0,6995.521,9.32783,,,,,,
1780417429.450,1614995.0,7028.394,9.339179,,,,,,
1780417429.450,1615020.0,7063.144,9.351653,,,,,,
1780417429.510,1615045.0,7060.104,9.364031,,,,,,
1780417429.510,1615070.0,6975.009,9.385627,,,,,,
1780417429.511,1615095.0,6948.219,9.399481,,,,,,
1780417429.577,1615120.0,7006.604,9.416245,,,,,,
1780417429.578,1615145.0,7108.886,9.407997,,,,,,
1780417429.578,1615170.0,7274.689,9.401019,,,,,,
1780417429.629,1615195.0,7379.65,9.408261,,,,,,
1780417429.630,1615220.0,7450.803,9.418954,,,,,,
1780417429.694,1615245.0,7487.107,9.430102,,,,,,
1780417429.694,1615270.0,7545.13,9.438566,,,,,,
1780417429.765,1615295.0,7616.916,9.445826,,,,,,
1780417429.765,1615320.0,7683.903,9.452518,,,,,,
1780417429.766,1615345.0,7746.634,9.460262,,,,,,
1780417429.824,1615370.0,7794.681,9.468541,,,,,,
1780417429.824,1615395.0,7768.603,9.483874,,,,,,
1780417429.880,1615420.0,7767.396,9.493815,,,,,,
1780417429.880,1615445.0,7839.706,9.544274,,,,,,
1780417429.881,1615470.0,7970.727,10.138537,,,,,,
1780417429.945,1615495.0,8170.051,10.234493,,,,,,
1780417429.946,1615520.0,8333.729,10.230452,,,,,,
1780417430.011,1615545.0,8415.514,10.234797,,,,,,
1780417430.011,1615570.0,8490.951,10.236468,,,,,,
1780417430.012,1615595.0,8562.851,10.236435,,,,,,
1780417430.064,1615620.0,8637.075,10.235651,,,,,,
1780417430.065,1615645.0,8713.682,10.233819,,,,,,
1780417430.126,1615670.0,8786.748,10.232031,,,,,,
1780417430.126,1615695.0,8855.367,10.231186,,,,,,
1780417430.198,1615720.0,8853.651,10.240017,,,,,,
1780417430.208,1615745.0,8786.99,10.241167,,,,,,
1780417430.208,1615770.0,8721.59,10.261253,,,,,,
1780417430.209,1615795.0,8678.947,10.276339,,,,,,
1780417430.263,1615820.0,8695.252,10.278539,,,,,,
1780417430.263,1615845.0,8741.366,10.276133,,,,,,
1780417430.313,1615870.0,8799.663,10.271944,,,,,,
1780417430.314,1615895.0,8841.299,10.269711,,,,,,
1780417430.381,1615920.0,8872.894,10.268032,,,,,,
1780417430.382,1615945.0,8902.438,10.266479,,,,,,
1780417430.382,1615970.0,8940.059,10.26318,,,,,,
1780417430.451,1615995.0,8977.255,10.259295,,,,,,
1780417430.452,1616020.0,9010.344,10.25618,,,,,,
1780417430.508,1616045.0,8980.194,10.266031,,,,,,
1780417430.508,1616070.0,8883.675,10.232738,,,,,,
1780417430.509,1616095.0,8760.529,9.64877,,,,,,
1780417430.566,1616120.0,8664.668,9.553156,,,,,,
1780417430.567,1616145.0,8591.816,9.558636,,,,,,
1780417430.626,1616170.0,8602.082,9.555691,,,,,,
1780417430.626,1616195.0,8605.57,9.554679,,,,,,
1780417430.691,1616220.0,8606.414,9.554571,,,,,,
1780417430.692,1616245.0,8606.584,9.554497,,,,,,
1780417430.692,1616270.0,8606.518,9.554265,,,,,,
1780417430.757,1616295.0,8606.766,9.553892,,,,,,
1780417430.757,1616320.0,8606.688,9.553665,,,,,,
1780417430.757,1616345.0,8606.664,9.553676,,,,,,
1780417430.817,1616370.0,8606.641,9.553686,,,,,,
1780417430.817,1616395.0,8606.551,9.553988,,,,,,
1780417430.877,1616420.0,8606.459,9.55429,,,,,,
1780417430.877,1616445.0,8606.359,9.554335,,,,,,
1780417430.943,1616470.0,8606.313,9.554353,,,,,,
1780417430.943,1616495.0,8605.986,9.554499,,,,,,
1780417430.944,1616520.0,8605.871,9.554285,,,,,,
1780417431.007,1616545.0,8605.814,9.554311,,,,,,
1780417431.007,1616570.0,8605.828,9.554044,,,,,,
1780417431.007,1616595.0,8605.771,9.553806,,,,,,
1780417431.063,1616620.0,8598.148,9.556112,,,,,,
1780417431.064,1616645.0,8589.305,9.558695,,,,,,
1780417431.127,1616670.0,8580.559,9.561234,,,,,,
1780417431.128,1616695.0,8571.828,9.563765,,,,,,
1780417431.190,1616720.0,8563.146,9.566539,,,,,,
1780417431.190,1616745.0,8554.652,9.568967,,,,,,
1780417431.191,1616770.0,8545.852,9.571269,,,,,,
1780417431.251,1616795.0,8537.146,9.57379,,,,,,
1780417431.251,1616820.0,8528.73,9.576445,,,,,,
1780417431.328,1616845.0,8520.035,9.578961,,,,,,
1780417431.329,1616870.0,8511.172,9.581551,,,,,,
1780417431.329,1616895.0,8502.414,9.584356,,,,,,
1780417431.330,1616920.0,8493.709,9.58714,,,,,,
1780417431.380,1616945.0,8485.072,9.589894,,,,,,
1780417431.380,1616970.0,8476.422,9.592389,,,,,,
1780417431.443,1616995.0,8467.805,9.595135,,,,,,
1780417431.443,1617020.0,8459.184,9.59762,,,,,,
1780417431.505,1617045.0,8450.811,9.599994,,,,,,
1780417431.505,1617070.0,8442.176,9.602484,,,,,,
1780417431.506,1617095.0,8433.536,9.604713,,,,,,
1780417431.578,1617120.0,8424.773,9.607522,,,,,,
1780417431.578,1617145.0,8416.27,9.610216,,,,,,
1780417431.578,1617170.0,8407.495,9.612768,,,,,,
1780417431.629,1617195.0,8398.91,9.615499,,,,,,
1780417431.630,1617220.0,8390.202,9.618284,,,,,,
1780417431.693,1617245.0,8388.963,9.618303,,,,,,
1780417431.693,1617270.0,8388.984,9.618555,,,,,,
1780417431.758,1617295.0,8389.167,9.618214,,,,,,
1780417431.759,1617320.0,8389.07,9.618258,,,,,,
1780417431.759,1617345.0,8388.898,9.618334,,,,,,
1780417431.820,1617370.0,8388.803,9.618637,,,,,,
1780417431.820,1617395.0,8388.834,9.618885,,,,,,
1780417431.891,1617420.0,8388.642,9.61897,,,,,,
1780417431.891,1617445.0,8388.48,9.619041,,,,,,
1780417431.891,1617470.0,8388.544,9.619274,,,,,,
1780417431.945,1617495.0,8388.502,9.619293,,,,,,
1780417431.945,1617520.0,8388.587,9.619254,,,,,,
1780417432.010,1617545.0,8388.319,9.619111,,,,,,
1780417432.010,1617570.0,8388.233,9.619149,,,,,,
1780417432.011,1617595.0,8388.158,9.618918,,,,,,
1780417432.074,1617620.0,8388.095,9.618686,,,,,,
1780417432.075,1617645.0,8388.083,9.61869,,,,,,
1780417432.129,1617670.0,8388.019,9.61846,,,,,,
1780417432.129,1617695.0,8387.825,9.618283,,,,,,
1780417432.130,1617720.0,8387.665,9.618615,,,,,,
1780417432.203,1617745.0,8387.858,9.61853,,,,,,
1780417432.204,1617770.0,8387.815,9.618548,,,,,,
1780417432.204,1617795.0,8388.051,9.618445,,,,,,
1780417432.260,1617820.0,8387.879,9.618521,,,,,,
1780417432.261,1617845.0,8387.814,9.618549,,,,,,
1780417432.320,1617870.0,8387.665,9.618876,,,,,,
1780417432.320,1617895.0,8387.653,9.618881,,,,,,
1780417432.387,1617920.0,8387.557,9.618922,,,,,,
1780417432.387,1617945.0,8387.535,9.618671,,,,,,
1780417432.388,1617970.0,8387.675,9.618346,,,,,,
1780417432.444,1617995.0,8387.567,9.618394,,,,,,
1780417432.444,1618020.0,8387.558,9.618398,,,,,,
1780417432.509,1618045.0,8387.783,9.6183,,,,,,
1780417432.510,1618070.0,8387.664,9.618353,,,,,,
1780417432.510,1618095.0,8387.793,9.618297,,,,,,
1780417432.574,1618120.0,8387.707,9.618334,,,,,,
1780417432.574,1618145.0,8387.621,9.618111,,,,,,
1780417432.629,1618170.0,8387.642,9.618102,,,,,,
1780417432.629,1618195.0,8387.524,9.618155,,,,,,
1780417432.630,1618220.0,8387.621,9.618372,,,,,,
1780417432.694,1618245.0,8387.417,9.618462,,,,,,
1780417432.694,1618270.0,8387.31,9.618509,,,,,,
1780417432.758,1618295.0,8387.3,9.618774,,,,,,
1780417432.758,1618320.0,8387.417,9.618985,,,,,,
1780417432.759,1618345.0,8387.342,9.619019,,,,,,
1780417432.820,1618370.0,8387.246,9.619061,,,,,,
1780417432.820,1618395.0,8387.235,9.618803,,,,,,
1780417432.879,1618420.0,8387.084,9.61887,,,,,,
1780417432.879,1618445.0,8386.987,9.618912,,,,,,
1780417432.879,1618470.0,8386.956,9.618926,,,,,,
1780417432.951,1618495.0,8387.041,9.618889,,,,,,
1780417432.951,1618520.0,8387.085,9.618869,,,,,,
1780417433.002,1618545.0,8387.074,9.619136,,,,,,
1780417433.003,1618570.0,8386.978,9.61944,,,,,,
1780417433.075,1618595.0,8386.957,9.619447,,,,,,
1780417433.075,1618620.0,8386.977,9.619438,,,,,,
1780417433.076,1618645.0,8387.128,9.619371,,,,,,
1780417433.128,1618670.0,8387.202,9.619078,,,,,,
1780417433.129,1618695.0,8387.472,9.618699,,,,,,
1780417433.129,1618720.0,8387.31,9.618771,,,,,,
1780417433.196,1618745.0,8387.343,9.618756,,,,,,
1780417433.197,1618770.0,8387.332,9.619022,,,,,,
1780417433.261,1618795.0,8387.374,9.619004,,,,,,
1780417433.261,1618820.0,8387.481,9.618957,,,,,,
1780417433.262,1618845.0,8387.16,9.619099,,,,,,
1780417433.320,1618870.0,8387.343,9.619279,,,,,,
1780417433.321,1618895.0,8387.546,9.61919,,,,,,
1780417433.378,1618920.0,8387.385,9.619261,,,,,,
1780417433.378,1618945.0,8387.342,9.61928,,,,,,
1780417433.378,1618970.0,8387.59,9.61917,,,,,,
1780417433.439,1618995.0,8387.579,9.619175,,,,,,
1780417433.439,1619020.0,8387.472,9.619484,,,,,,
1780417433.509,1619045.0,8387.374,9.619264,,,,,,
1780417433.510,1619070.0,8387.515,9.619202,,,,,,
1780417433.510,1619095.0,8387.643,9.619145,,,,,,
1780417433.578,1619120.0,8387.686,9.619126,,,,,,
1780417433.578,1619145.0,8387.739,9.619102,,,,,,
1780417433.578,1619170.0,8387.61,9.618898,,,,,,
1780417433.628,1619195.0,8387.546,9.618667,,,,,,
1780417433.766,1619220.0,8387.547,9.618926,,,,,,
1780417433.766,1619341.0,8387.568,9.618657,,,,,,
1780417433.814,1619366.0,8387.515,9.61842,,,,,,
1780417433.814,1619391.0,8387.386,9.618477,,,,,,
1780417433.877,1619416.0,8387.214,9.618814,,,,,,
1780417433.878,1619441.0,8387.257,9.618794,,,,,,
1780417433.878,1619466.0,8387.396,9.618734,,,,,,
1780417433.942,1619491.0,8387.289,9.618781,,,,,,
1780417433.942,1619516.0,8387.46,9.618967,,,,,,
1780417434.009,1619541.0,8387.492,9.618952,,,,,,
1780417434.009,1619566.0,8387.653,9.61862,,,,,,
1780417434.010,1619591.0,8387.578,9.618652,,,,,,
1780417434.073,1619616.0,8387.557,9.618662,,,,,,
1780417434.074,1619641.0,8387.611,9.618376,,,,,,
1780417434.074,1619666.0,8387.729,9.618322,,,,,,
1780417434.128,1619691.0,8387.481,9.618431,,,,,,
1780417434.129,1619716.0,8387.471,9.618438,,,,,,
1780417434.193,1619741.0,8387.417,9.618462,,,,,,
1780417434.194,1619766.0,8387.363,9.618747,,,,,,
1780417434.258,1619791.0,8387.353,9.618752,,,,,,
1780417434.258,1619816.0,8387.363,9.618747,,,,,,
1780417434.258,1619841.0,8387.32,9.618505,,,,,,
1780417434.317,1619866.0,8387.202,9.618295,,,,,,
1780417434.317,1619891.0,8387.202,9.618295,,,,,,
1780417434.388,1619916.0,8387.353,9.61849,,,,,,
1780417434.389,1619941.0,8387.288,9.618519,,,,,,
1780417434.389,1619966.0,8387.234,9.618804,,,,,,
1780417434.446,1619991.0,8387.213,9.619075,,,,,,
1780417434.447,1620016.0,8387.03,9.619416,,,,,,
1780417434.509,1620041.0,8387.009,9.619426,,,,,,
1780417434.509,1620066.0,8386.944,9.619454,,,,,,
1780417434.510,1620091.0,8386.902,9.619211,,,,,,
1780417434.565,1620116.0,8387.213,9.619075,,,,,,
1780417434.566,1620141.0,8387.03,9.619155,,,,,,
1780417434.626,1620166.0,8386.967,9.619182,,,,,,
1780417434.626,1620191.0,8387.171,9.619092,,,,,,
1780417434.626,1620216.0,8387.117,9.619115,,,,,,
1780417434.690,1620241.0,8387.01,9.618902,,,,,,
1780417434.691,1620266.0,8386.999,9.619167,,,,,,
1780417434.758,1620291.0,8386.902,9.619209,,,,,,
1780417434.759,1620316.0,8386.956,9.619188,,,,,,
1780417434.760,1620341.0,8386.945,9.619193,,,,,,
1780417434.814,1620366.0,8387.041,9.619148,,,,,,
1780417434.814,1620391.0,8387.244,9.61906,,,,,,
1780417434.879,1620416.0,8387.127,9.619113,,,,,,
1780417434.880,1620441.0,8387.02,9.618898,,,,,,
1780417434.880,1620466.0,8386.912,9.619207,,,,,,
1780417434.942,1620491.0,8386.848,9.619497,,,,,,
1780417434.943,1620516.0,8386.923,9.619725,,,,,,
1780417435.009,1620541.0,8386.912,9.61973,,,,,,
1780417435.009,1620566.0,8386.773,9.619528,,,,,,
1780417435.010,1620591.0,8386.73,9.619547,,,,,,
1780417435.068,1620616.0,8386.602,9.619603,,,,,,
1780417435.068,1620641.0,8386.678,9.619572,,,,,,
1780417435.129,1620666.0,8386.73,9.619549,,,,,,
1780417435.130,1620691.0,8386.945,9.619454,,,,,,
1780417435.130,1620716.0,8386.881,9.619482,,,,,,
1780417435.193,1620741.0,8386.655,9.619579,,,,,,
1780417435.193,1620766.0,8386.773,9.619268,,,,,,
1780417435.264,1620791.0,8386.773,9.619268,,,,,,
1780417435.265,1620816.0,8386.762,9.619534,,,,,,
1780417435.265,1620841.0,8386.911,9.619469,,,,,,
1780417435.322,1620866.0,8386.868,9.619749,,,,,,
1780417435.322,1620891.0,8386.911,9.61973,,,,,,
1780417435.378,1620916.0,8386.977,9.619701,,,,,,
1780417435.380,1620941.0,8386.997,9.619693,,,,,,
1780417435.380,1620966.0,8387.051,9.619669,,,,,,
1780417435.445,1620991.0,8387.095,9.61965,,,,,,
1780417435.445,1621016.0,8386.934,9.61972,,,,,,
1780417435.507,1621041.0,8387.127,9.619374,,,,,,
1780417435.508,1621066.0,8387.224,9.619591,,,,,,
1780417435.508,1621091.0,8387.289,9.619562,,,,,,
1780417435.572,1621116.0,8387.3,9.619559,,,,,,
1780417435.573,1621141.0,8387.225,9.619593,,,,,,
1780417435.627,1621166.0,8387.149,9.619626,,,,,,
1780417435.628,1621191.0,8387.3,9.619559,,,,,,
1780417435.628,1621216.0,8387.332,9.619284,,,,,,
1780417435.692,1621241.0,8387.364,9.619269,,,,,,
1780417435.692,1621266.0,8387.407,9.619251,,,,,,
1780417435.769,1621291.0,8387.171,9.619356,,,,,,
1780417435.769,1621316.0,8386.999,9.619431,,,,,,
1780417435.770,1621341.0,8387.031,9.619678,,,,,,
1780417435.836,1621366.0,8387.03,9.619678,,,,,,
1780417435.837,1621391.0,8387.01,9.619687,,,,,,
1780417435.837,1621416.0,8386.957,9.61971,,,,,,
1780417435.899,1621441.0,8386.655,9.619581,,,,,,
1780417435.900,1621466.0,8386.624,9.619596,,,,,,
1780417435.900,1621491.0,8386.612,9.6196,,,,,,
1780417435.957,1621516.0,8386.633,9.619592,,,,,,
1780417435.957,1621541.0,8386.601,9.619606,,,,,,
1780417436.025,1621566.0,8386.451,9.619672,,,,,,
1780417436.026,1621591.0,8386.332,9.61946,,,,,,
1780417436.026,1621616.0,8386.204,9.619518,,,,,,
1780417436.092,1621641.0,8386.365,9.619448,,,,,,
1780417436.092,1621666.0,8386.29,9.619742,,,,,,
1780417436.148,1621691.0,8386.193,9.619784,,,,,,
1780417436.149,1621716.0,8386.173,9.619531,,,,,,
1780417436.149,1621741.0,8386.355,9.61919,,,,,,
1780417436.209,1621766.0,8386.43,9.619157,,,,,,
1780417436.209,1621791.0,8386.676,9.61905,,,,,,
1780417436.279,1621816.0,8386.709,9.619036,,,,,,
1780417436.279,1621841.0,8386.709,9.619297,,,,,,
1780417436.279,1621866.0,8386.58,9.619092,,,,,,
1780417436.339,1621891.0,8386.603,9.619081,,,,,,
1780417436.340,1621916.0,8386.591,9.618825,,,,,,
1780417436.395,1621941.0,8386.483,9.618611,,,,,,
1780417436.395,1621966.0,8386.504,9.618603,,,,,,
1780417436.464,1621991.0,8386.483,9.618351,,,,,,
1780417436.464,1622016.0,8386.269,9.618707,,,,,,
1780417436.465,1622041.0,8386.301,9.61843,,,,,,
1780417436.516,1622066.0,8386.377,9.618658,,,,,,
1780417436.517,1622091.0,8386.376,9.618397,,,,,,
1780417436.590,1622116.0,8386.388,9.618392,,,,,,
1780417436.591,1622141.0,8386.129,9.618244,,,,,,
1780417436.591,1622166.0,8385.989,9.618306,,,,,,
1780417436.648,1622191.0,8386.0,9.61804,,,,,,
1780417436.648,1622216.0,8386.161,9.617968,,,,,,
1780417436.711,1622241.0,8386.354,9.617884,,,,,,
1780417436.711,1622266.0,8386.237,9.617934,,,,,,
1780417436.712,1622291.0,8385.99,9.618043,,,,,,
1780417436.795,1622316.0,8385.947,9.618062,,,,,,
1780417436.795,1622341.0,8385.861,9.6181,,,,,,
1780417436.796,1622366.0,8385.69,9.618436,,,,,,
1780417436.845,1622391.0,8385.809,9.618384,,,,,,
1780417436.846,1622416.0,8385.454,9.61854,,,,,,
1780417436.898,1622441.0,8385.497,9.618782,,,,,,
1780417436.898,1622466.0,8385.637,9.61872,,,,,,
1780417436.968,1622491.0,8385.798,9.618911,,,,,,
1780417436.969,1622516.0,8385.755,9.61893,,,,,,
1780417436.969,1622541.0,8385.979,9.619092,,,,,,
1780417437.028,1622566.0,8386.087,9.619308,,,,,,
1780417437.028,1622591.0,8386.001,9.619346,,,,,,
1780417437.029,1622616.0,8385.969,9.61962,,,,,,
1780417437.081,1622641.0,8386.119,9.619292,,,,,,
1780417437.081,1622666.0,8385.99,9.619611,,,,,,
1780417437.157,1622691.0,8386.098,9.619304,,,,,,
1780417437.157,1622716.0,8386.119,9.619294,,,,,,
1780417437.158,1622741.0,8386.065,9.619317,,,,,,
1780417437.210,1622766.0,8386.279,9.619486,,,,,,
1780417437.211,1622791.0,8386.59,9.61935,,,,,,
1780417437.271,1622816.0,8386.794,9.619521,,,,,,
1780417437.272,1622841.0,8386.677,9.619835,,,,,,
1780417437.336,1622866.0,8386.473,9.619925,,,,,,
1780417437.337,1622891.0,8386.634,9.619853,,,,,,
1780417437.338,1622916.0,8386.858,9.619755,,,,,,
1780417437.395,1622941.0,8386.956,9.619712,,,,,,
1780417437.396,1622966.0,8387.128,9.619895,,,,,,
1780417437.462,1622991.0,8387.01,9.619947,,,,,,
1780417437.463,1623016.0,8386.807,9.620037,,,,,,
1780417437.463,1623041.0,8387.139,9.61989,,,,,,
1780417437.516,1623066.0,8387.074,9.619919,,,,,,
1780417437.517,1623091.0,8386.968,9.619966,,,,,,
1780417437.581,1623116.0,8387.032,9.619676,,,,,,
1780417437.582,1623141.0,8387.053,9.619666,,,,,,
1780417437.582,1623166.0,8387.086,9.619652,,,,,,
1780417437.649,1623191.0,8387.01,9.619424,,,,,,
1780417437.649,1623216.0,8387.106,9.619383,,,,,,
1780417437.650,1623241.0,8387.374,9.619266,,,,,,
1780417437.718,1623266.0,8387.332,9.619284,,,,,,
1780417437.719,1623291.0,8387.59,9.61891,,,,,,
1780417437.778,1623316.0,8387.396,9.619257,,,,,,
1780417437.779,1623341.0,8387.396,9.619518,,,,,,
1780417437.779,1623366.0,8387.546,9.619452,,,,,,
1780417437.860,1623391.0,8387.504,9.619471,,,,,,
1780417437.860,1623416.0,8387.257,9.619579,,,,,,
1780417437.861,1623441.0,8387.106,9.619645,,,,,,
1780417437.923,1623466.0,8387.011,9.619425,,,,,,
1780417437.925,1623491.0,8387.278,9.619308,,,,,,
1780417437.928,1623516.0,8387.15,9.619364,,,,,,
1780417437.976,1623541.0,8387.269,9.619312,,,,,,
1780417437.977,1623566.0,8387.246,9.619059,,,,,,
1780417438.060,1623591.0,8387.097,9.619124,,,,,,
1780417438.061,1623616.0,8387.289,9.61904,,,,,,
1780417438.061,1623641.0,8387.235,9.619063,,,,,,
1780417438.110,1623666.0,8387.256,9.618793,,,,,,
1780417438.110,1623691.0,8387.3,9.618774,,,,,,
1780417438.161,1623716.0,8387.376,9.61848,,,,,,
1780417438.161,1623741.0,8387.343,9.618494,,,,,,
1780417438.210,1623766.0,8387.289,9.618518,,,,,,
1780417438.211,1623791.0,8387.15,9.618579,,,,,,
1780417438.271,1623816.0,8387.375,9.618481,,,,,,
1780417438.272,1623841.0,8387.365,9.618485,,,,,,
1780417438.336,1623866.0,8387.032,9.618632,,,,,,
1780417438.338,1623891.0,8387.054,9.618884,,,,,,
1780417438.338,1623916.0,8386.871,9.618964,,,,,,
1780417438.394,1623941.0,8387.012,9.618902,,,,,,
1780417438.395,1623966.0,8386.829,9.61872,,,,,,
1780417438.462,1623991.0,8386.689,9.618782,,,,,,
1780417438.463,1624016.0,8386.753,9.618753,,,,,,
1780417438.463,1624041.0,8386.817,9.618726,,,,,,
1780417438.525,1624066.0,8387.021,9.618375,,,,,,
1780417438.526,1624091.0,8387.139,9.618584,,,,,,
1780417438.526,1624116.0,8386.945,9.618668,,,,,,
1780417438.587,1624141.0,8386.988,9.61865,,,,,,
1780417438.587,1624166.0,8386.73,9.618503,,,,,,
1780417438.651,1624191.0,8386.979,9.618654,,,,,,
1780417438.652,1624216.0,8387.042,9.618363,,,,,,
1780417438.652,1624241.0,8386.903,9.618165,,,,,,
1780417438.714,1624266.0,8387.042,9.618102,,,,,,
1780417438.715,1624291.0,8386.635,9.618283,,,,,,
1780417438.778,1624316.0,8386.591,9.618041,,,,,,
1780417438.778,1624341.0,8386.463,9.618359,,,,,,
1780417438.778,1624366.0,8386.463,9.61862,,,,,,
1780417438.842,1624391.0,8386.539,9.618325,,,,,,
1780417438.843,1624416.0,8386.722,9.618245,,,,,,
1780417438.893,1624441.0,8386.581,9.618307,,,,,,
1780417438.893,1624466.0,8386.623,9.618288,,,,,,
1780417438.969,1624491.0,8386.806,9.617947,,,,,,
1780417438.970,1624516.0,8386.967,9.617876,,,,,,
1780417438.970,1624541.0,8387.257,9.61801,,,,,,
1780417439.026,1624566.0,8387.385,9.617692,,,,,,
1780417439.026,1624591.0,8387.567,9.617611,,,,,,
1780417439.026,1624616.0,8387.611,9.617592,,,,,,
1780417439.080,1624641.0,8387.493,9.617643,,,,,,
1780417439.080,1624666.0,8387.525,9.617629,,,,,,
1780417439.143,1624691.0,8387.567,9.617871,,,,,,
1780417439.143,1624716.0,8387.73,9.617539,,,,,,
1780417439.205,1624741.0,8387.697,9.617554,,,,,,
1780417439.206,1624766.0,8387.601,9.617334,,,,,,
1780417439.206,1624791.0,8387.793,9.617512,,,,,,
1780417439.269,1624816.0,8387.535,9.617625,,,,,,
1780417439.270,1624841.0,8387.45,9.617923,,,,,,
1780417439.332,1624866.0,8387.472,9.618175,,,,,,
1780417439.332,1624891.0,8387.482,9.618172,,,,,,
1780417439.332,1624916.0,8387.493,9.618165,,,,,,
1780417439.396,1624941.0,8387.343,9.618492,,,,,,
1780417439.397,1624966.0,8387.375,9.618481,,,,,,
1780417439.459,1624991.0,8387.182,9.618304,,,,,,
1780417439.460,1625016.0,8387.192,9.618561,,,,,,
1780417439.460,1625041.0,8387.16,9.618314,,,,,,
1780417439.524,1625066.0,8387.15,9.618579,,,,,,
1780417439.525,1625091.0,8386.945,9.61867,,,,,,
1780417439.525,1625116.0,8386.923,9.61894,,,,,,
1780417439.588,1625141.0,8386.859,9.618969,,,,,,
1780417439.589,1625166.0,8386.645,9.619063,,,,,,
1780417439.644,1625191.0,8386.409,9.619429,,,,,,
1780417439.644,1625216.0,8386.484,9.619657,,,,,,
1780417439.717,1625241.0,8386.699,9.619562,,,,,,
1780417439.718,1625266.0,8386.677,9.619308,,,,,,
1780417439.718,1625291.0,8386.699,9.619299,,,,,,
1780417439.779,1625316.0,8386.506,9.619123,,,,,,
1780417439.780,1625341.0,8386.313,9.619469,,,,,,
1780417439.780,1625366.0,8386.398,9.619431,,,,,,
1780417439.843,1625391.0,8386.431,9.619417,,,,,,
1780417439.844,1625416.0,8386.354,9.619191,,,,,,
1780417439.907,1625441.0,8386.516,9.61912,,,,,,
1780417439.908,1625466.0,8386.569,9.618834,,,,,,
1780417439.910,1625491.0,8386.591,9.618826,,,,,,
1780417439.972,1625516.0,8386.602,9.618821,,,,,,
1780417439.974,1625541.0,8386.73,9.619026,,,,,,
1780417439.976,1625566.0,8386.977,9.618917,,,,,,
1780417440.045,1625591.0,8386.913,9.618946,,,,,,
1780417440.047,1625616.0,8386.912,9.619207,,,,,,
1780417440.098,1625641.0,8386.816,9.619249,,,,,,
1780417440.098,1625666.0,8386.795,9.61952,,,,,,
1780417440.161,1625691.0,8386.881,9.619219,,,,,,
1780417440.162,1625716.0,8386.977,9.618917,,,,,,
1780417440.164,1625741.0,8386.913,9.618944,,,,,,
1780417440.225,1625766.0,8386.945,9.618668,,,,,,
1780417440.226,1625791.0,8386.902,9.618686,,,,,,
1780417440.227,1625816.0,8386.956,9.618663,,,,,,
1780417440.288,1625841.0,8386.73,9.618764,,,,,,
1780417440.289,1625866.0,8386.622,9.618812,,,,,,
1780417440.352,1625891.0,8386.623,9.619073,,,,,,
1780417440.353,1625916.0,8386.526,9.619116,,,,,,
1780417440.353,1625941.0,8386.72,9.61903,,,,,,
1780417440.412,1625966.0,8386.784,9.619002,,,,,,
1780417440.413,1625991.0,8386.612,9.619078,,,,,,
1780417440.481,1626016.0,8386.527,9.619114,,,,,,
1780417440.482,1626041.0,8386.592,9.619349,,,,,,
1780417440.482,1626066.0,8386.656,9.619058,,,,,,
1780417440.543,1626091.0,8386.894,9.619214,,,,,,
1780417440.543,1626116.0,8386.817,9.619247,,,,,,
1780417440.606,1626141.0,8386.678,9.619048,,,,,,
1780417440.607,1626166.0,8386.656,9.619058,,,,,,
1780417440.607,1626191.0,8386.549,9.618843,,,,,,
1780417440.659,1626216.0,8386.656,9.618796,,,,,,
1780417440.660,1626241.0,8386.869,9.618442,,,,,,
1780417440.729,1626266.0,8386.935,9.618152,,,,,,
1780417440.730,1626291.0,8386.871,9.61818,,,,,,
1780417440.730,1626316.0,8386.731,9.618502,,,,,,
1780417440.797,1626341.0,8386.773,9.618746,,,,,,
1780417440.797,1626366.0,8386.805,9.618469,,,,,,
1780417440.862,1626391.0,8386.87,9.618702,,,,,,
1780417440.862,1626416.0,8386.859,9.618445,,,,,,
1780417440.863,1626441.0,8386.86,9.618184,,,,,,
1780417440.932,1626466.0,8386.849,9.617927,,,,,,
1780417440.933,1626491.0,8386.656,9.61775,,,,,,
1780417440.933,1626516.0,8386.795,9.617428,,,,,,
1780417441.008,1626541.0,8386.838,9.617409,,,,,,
1780417441.009,1626566.0,8386.676,9.617742,,,,,,
1780417441.009,1626591.0,8386.655,9.617751,,,,,,
1780417441.060,1626616.0,8386.708,9.617728,,,,,,
1780417441.061,1626641.0,8386.858,9.617924,,,,,,
1780417441.113,1626666.0,8386.836,9.617933,,,,,,
1780417441.114,1626691.0,8386.633,9.618282,,,,,,
1780417441.178,1626716.0,8386.365,9.6184,,,,,,
1780417441.178,1626741.0,8386.494,9.618343,,,,,,
1780417441.179,1626766.0,8386.72,9.618244,,,,,,
1780417441.242,1626791.0,8386.773,9.618219,,,,,,
1780417441.243,1626816.0,8386.806,9.618466,,,,,,
1780417441.306,1626841.0,8386.688,9.61852,,,,,,
1780417441.307,1626866.0,8386.451,9.618885,,,,,,
1780417441.307,1626891.0,8386.451,9.619146,,,,,,
1780417441.369,1626916.0,8386.495,9.619126,,,,,,
1780417441.370,1626941.0,8386.494,9.619129,,,,,,
1780417441.427,1626966.0,8386.516,9.618856,,,,,,
1780417441.428,1626991.0,8386.462,9.619143,,,,,,
1780417441.428,1627016.0,8386.301,9.619214,,,,,,
1780417441.494,1627041.0,8386.365,9.619448,,,,,,
1780417441.495,1627066.0,8386.365,9.619709,,,,,,
1780417441.560,1627091.0,8386.419,9.619947,,,,,,
1780417441.561,1627116.0,8386.634,9.619852,,,,,,
1780417441.562,1627141.0,8386.483,9.620179,,,,,,
1780417441.610,1627166.0,8386.58,9.620136,,,,,,
1780417441.611,1627191.0,8386.666,9.6201,,,,,,
1780417441.676,1627216.0,8386.699,9.620086,,,,,,
1780417441.676,1627241.0,8386.709,9.62008,,,,,,
1780417441.677,1627266.0,8386.688,9.62009,,,,,,
1780417441.742,1627291.0,8386.709,9.62008,,,,,,
1780417441.743,1627316.0,8386.796,9.620042,,,,,,
1780417441.809,1627341.0,8386.977,9.619964,,,,,,
1780417441.810,1627366.0,8386.924,9.619987,,,,,,
1780417441.810,1627391.0,8386.72,9.620337,,,,,,
1780417441.876,1627416.0,8386.73,9.62007,,,,,,
1780417441.876,1627441.0,8386.59,9.620132,,,,,,
1780417441.877,1627466.0,8386.655,9.620103,,,,,,
1780417441.926,1627491.0,8386.666,9.620098,,,,,,
1780417441.927,1627516.0,8386.762,9.620056,,,,,,
1780417441.994,1627541.0,8386.536,9.620157,,,,,,
1780417441.995,1627566.0,8386.472,9.620186,,,,,,
1780417442.060,1627591.0,8386.396,9.620217,,,,,,
1780417442.061,1627616.0,8386.289,9.620264,,,,,,
1780417442.061,1627641.0,8386.269,9.620013,,,,,,
1780417442.126,1627666.0,8386.226,9.620032,,,,,,
1780417442.127,1627691.0,8386.204,9.620042,,,,,,
1780417442.128,1627716.0,8386.29,9.619742,,,,,,
1780417442.194,1627741.0,8386.086,9.620093,,,,,,
1780417442.194,1627766.0,8386.151,9.620065,,,,,,
1780417442.244,1627791.0,8386.108,9.620085,,,,,,
1780417442.245,1627816.0,8385.99,9.620136,,,,,,
1780417442.307,1627841.0,8385.926,9.620165,,,,,,
1780417442.307,1627866.0,8385.851,9.620197,,,,,,
1780417442.308,1627891.0,8385.797,9.62022,,,,,,
1780417442.371,1627916.0,8385.807,9.620216,,,,,,
1780417442.372,1627941.0,8385.861,9.619929,,,,,,
1780417442.427,1627966.0,8385.775,9.619967,,,,,,
1780417442.428,1627991.0,8385.915,9.619907,,,,,,
1780417442.428,1628016.0,8385.915,9.619907,,,,,,
1780417442.498,1628041.0,8386.065,9.620102,,,,,,
1780417442.499,1628066.0,8386.237,9.620027,,,,,,
1780417442.499,1628091.0,8386.152,9.620064,,,,,,
1780417442.561,1628116.0,8386.227,9.620031,,,,,,
1780417442.561,1628141.0,8385.959,9.62015,,,,,,
1780417442.623,1628166.0,8386.334,9.619723,,,,,,
1780417442.624,1628191.0,8386.474,9.6194,,,,,,
1780417442.624,1628216.0,8386.377,9.619704,,,,,,
1780417442.687,1628241.0,8386.603,9.619605,,,,,,
1780417442.688,1628266.0,8386.731,9.619809,,,,,,
1780417442.751,1628291.0,8386.871,9.619749,,,,,,
1780417442.752,1628316.0,8386.871,9.619749,,,,,,
1780417442.753,1628341.0,8386.773,9.620053,,,,,,
1780417442.808,1628366.0,8386.816,9.620034,,,,,,
1780417442.809,1628391.0,8386.795,9.619781,,,,,,
1780417442.862,1628416.0,8386.73,9.61981,,,,,,
1780417442.862,1628441.0,8386.645,9.619586,,,,,,
1780417442.926,1628466.0,8386.796,9.61952,,,,,,
1780417442.927,1628491.0,8386.967,9.619443,,,,,,
1780417442.928,1628516.0,8387.171,9.619094,,,,,,
1780417442.991,1628541.0,8387.063,9.618879,,,,,,
1780417442.992,1628566.0,8386.871,9.619226,,,,,,
1780417443.053,1628591.0,8386.956,9.618927,,,,,,
1780417443.053,1628616.0,8386.86,9.618969,,,,,,
1780417443.054,1628641.0,8386.914,9.618684,,,,,,
1780417443.117,1628666.0,8386.806,9.618731,,,,,,
1780417443.117,1628691.0,8386.623,9.618549,,,,,,
1780417443.181,1628716.0,8386.796,9.618474,,,,,,
1780417443.181,1628741.0,8386.699,9.618516,,,,,,
1780417443.182,1628766.0,8386.957,9.618403,,,,,,
1780417443.246,1628791.0,8386.667,9.618531,,,,,,
1780417443.247,1628816.0,8386.452,9.618886,,,,,,
1780417443.307,1628841.0,8386.539,9.618848,,,,,,
1780417443.308,1628866.0,8386.604,9.618558,,,,,,
1780417443.308,1628891.0,8386.464,9.618618,,,,,,
1780417443.372,1628916.0,8386.442,9.618628,,,,,,
1780417443.373,1628941.0,8386.519,9.618593,,,,,,
1780417443.427,1628966.0,8386.613,9.618552,,,,,,
1780417443.427,1628991.0,8386.604,9.618556,,,,,,
1780417443.428,1629016.0,8386.603,9.618557,,,,,,
1780417443.501,1629041.0,8386.612,9.618552,,,,,,
1780417443.503,1629066.0,8386.764,9.618747,,,,,,
1780417443.504,1629091.0,8386.538,9.618585,,,,,,
1780417443.563,1629116.0,8386.398,9.618649,,,,,,
1780417443.564,1629141.0,8386.247,9.618715,,,,,,
1780417443.610,1629166.0,8386.419,9.6189,,,,,,
1780417443.611,1629191.0,8386.462,9.618882,,,,,,
1780417443.659,1629216.0,8386.27,9.618966,,,,,,
1780417443.659,1629241.0,8386.377,9.618919,,,,,,
1780417443.682,1629266.0,8386.345,9.618935,,,,,,
1780417443.705,1629291.0,8386.398,9.618911,,,,,,
1780417443.729,1629316.0,8386.367,9.619184,,,,,,
1780417443.753,1629341.0,8386.271,9.618966,,,,,,
1780417443.777,1629366.0,8386.432,9.618635,,,,,,
1780417443.812,1629391.0,8386.281,9.618439,,,,,,
1780417443.836,1629416.0,8386.281,9.618439,,,,,,
1780417443.859,1629441.0,8386.507,9.61834,,,,,,
1780417443.884,1629466.0,8386.496,9.618083,,,,,,
1780417443.908,1629491.0,8386.506,9.61834,,,,,,
1780417443.932,1629516.0,8386.527,9.618069,,,,,,
1780417443.955,1629541.0,8386.345,9.61815,,,,,,
1780417443.978,1629566.0,8386.28,9.617915,,,,,,
1780417444.003,1629591.0,8386.269,9.617661,,,,,,
1780417444.026,1629616.0,8386.376,9.617613,,,,,,
1780417444.063,1629641.0,8386.527,9.617806,,,,,crack_output on,OK crack_output on
1780417444.141,1629666.0,8386.474,9.61783,,,,,,
1780417444.142,1629691.0,8386.42,9.617593,,,,,,
1780417444.142,1629716.0,8386.592,9.617779,,,,,,
1780417444.192,1629741.0,8386.549,9.617798,,,,,,
1780417444.192,1629766.0,8386.527,9.617805,,,,,,
1780417444.250,1629791.0,8386.409,9.617859,,,,,,
1780417444.250,1629816.0,8386.388,9.617867,,,,,,
1780417444.251,1629841.0,8386.431,9.617849,,,,,,
1780417444.309,1629866.0,8386.537,9.617539,,,,,,
1780417444.309,1629891.0,8386.516,9.61781,,,,,,
1780417444.361,1629916.0,8386.602,9.617511,,,,,,
1780417444.361,1629941.0,8386.773,9.617176,,,,,,
1780417444.426,1629966.0,8386.612,9.617508,,,,,,
1780417444.427,1629991.0,8386.612,9.617508,,,,,,
1780417444.429,1630016.0,8386.612,9.617769,,,,,,
1780417444.489,1630041.0,8386.805,9.617947,,,,,,
1780417444.491,1630066.0,8386.751,9.617708,,,,,,
1780417444.553,1630091.0,8386.602,9.618036,,,,,,
1780417444.554,1630116.0,8386.334,9.618155,,,,,,
1780417444.556,1630141.0,8386.345,9.618411,,,,,,
1780417444.616,1630166.0,8386.441,9.618368,,,,,,
1780417444.617,1630191.0,8386.527,9.618591,,,,,,
1780417444.691,1630216.0,8386.57,9.618571,,,,,,
1780417444.692,1630241.0,8386.483,9.618609,,,,,,
1780417444.692,1630266.0,8386.247,9.618713,,,,,,
1780417444.741,1630291.0,8386.152,9.618754,,,,,,
1780417444.742,1630316.0,8386.184,9.618741,,,,,,
1780417444.806,1630341.0,8386.087,9.618784,,,,,,
1780417444.806,1630366.0,8386.355,9.618404,,,,,,
1780417444.807,1630391.0,8386.27,9.618703,,,,,,
1780417444.870,1630416.0,8386.301,9.61869,,,,,,
1780417444.871,1630441.0,8386.365,9.618663,,,,,,
1780417444.934,1630466.0,8386.516,9.618597,,,,,,
1780417444.935,1630491.0,8386.345,9.618934,,,,,,
1780417444.935,1630516.0,8386.408,9.618644,,,,,,
1780417444.995,1630541.0,8386.032,9.619071,,,,,,
1780417444.997,1630566.0,8385.968,9.619361,,,,,,
1780417445.058,1630591.0,8386.301,9.618954,,,,,,
1780417445.058,1630616.0,8386.365,9.619185,,,,,,
1780417445.059,1630641.0,8386.419,9.619163,,,,,,
1780417445.126,1630666.0,8386.237,9.619243,,,,,,
1780417445.127,1630691.0,8386.409,9.619429,,,,,,
1780417445.128,1630716.0,8386.602,9.619081,,,,,,
1780417445.192,1630741.0,8386.859,9.618707,,,,,,
1780417445.193,1630766.0,8386.87,9.618702,,,,,,
1780417445.254,1630791.0,8386.88,9.618698,,,,,,
1780417445.255,1630816.0,8386.762,9.61875,,,,,,
1780417445.256,1630841.0,8386.697,9.618778,,,,,,
1780417445.316,1630866.0,8386.869,9.618703,,,,,,
1780417445.317,1630891.0,8386.955,9.618665,,,,,,
1780417445.381,1630916.0,8387.083,9.618608,,,,,,
1780417445.382,1630941.0,8387.051,9.618885,,,,,,
1780417445.383,1630966.0,8386.944,9.61867,,,,,,
1780417445.445,1630991.0,8386.73,9.618764,,,,,,
1780417445.446,1631016.0,8386.827,9.618458,,,,,,
1780417445.510,1631041.0,8386.795,9.618474,,,,,,
1780417445.511,1631066.0,8386.763,9.618488,,,,,,
1780417445.511,1631091.0,8386.838,9.618717,,,,,,
1780417445.572,1631116.0,8386.871,9.618702,,,,,,
1780417445.573,1631141.0,8386.784,9.61874,,,,,,
1780417445.637,1631166.0,8386.999,9.618384,,,,,,
1780417445.638,1631191.0,8386.838,9.618455,,,,,,
1780417445.638,1631216.0,8386.752,9.618493,,,,,,
1780417445.701,1631241.0,8386.591,9.618564,,,,,,
1780417445.702,1631266.0,8386.344,9.618411,,,,,,
1780417445.703,1631291.0,8386.312,9.618164,,,,,,
1780417445.758,1631316.0,8386.012,9.618296,,,,,,
1780417445.758,1631341.0,8386.044,9.618281,,,,,,
1780417445.829,1631366.0,8385.946,9.618586,,,,,,
1780417445.831,1631391.0,8385.808,9.618385,,,,,,
1780417445.832,1631416.0,8385.765,9.618404,,,,,,
1780417445.894,1631441.0,8385.937,9.618329,,,,,,
1780417445.895,1631466.0,8386.044,9.618543,,,,,,
1780417445.960,1631491.0,8385.98,9.618569,,,,,,
1780417445.961,1631516.0,8386.097,9.618518,,,,,,
1780417445.961,1631541.0,8386.043,9.618542,,,,,,
1780417446.025,1631566.0,8386.204,9.61847,,,,,,
1780417446.026,1631591.0,8386.44,9.618629,,,,,,
1780417446.026,1631616.0,8386.526,9.618852,,,,,,
1780417446.084,1631641.0,8386.473,9.619137,,,,,,
1780417446.085,1631666.0,8386.354,9.619188,,,,,,
1780417446.143,1631691.0,8386.473,9.618875,,,,,,
1780417446.143,1631716.0,8386.258,9.61897,,,,,,
1780417446.212,1631741.0,8386.193,9.618736,,,,,,
1780417446.214,1631766.0,8386.204,9.618993,,,,,,
1780417446.215,1631791.0,8386.247,9.619238,,,,,,
1780417446.276,1631816.0,8386.366,9.619185,,,,,,
1780417446.276,1631841.0,8386.237,9.619242,,,,,,
1780417446.277,1631866.0,8386.334,9.618939,,,,,,
1780417446.339,1631891.0,8386.537,9.619111,,,,,,
1780417446.340,1631916.0,8386.612,9.619078,,,,,,
1780417446.404,1631941.0,8386.774,9.618745,,,,,,
1780417446.405,1631966.0,8386.57,9.619098,,,,,,
1780417446.406,1631991.0,8386.57,9.618835,,,,,,
1780417446.467,1632016.0,8386.688,9.618783,,,,,,
1780417446.468,1632041.0,8386.709,9.618774,,,,,,
1780417446.530,1632066.0,8386.731,9.618503,,,,,,
1780417446.531,1632091.0,8386.463,9.618621,,,,,,
1780417446.531,1632116.0,8386.441,9.618369,,,,,,
1780417446.592,1632141.0,8386.302,9.618168,,,,,,
1780417446.592,1632166.0,8386.398,9.618126,,,,,,
1780417446.642,1632191.0,8386.216,9.617945,,,,,,
1780417446.644,1632216.0,8386.141,9.617977,,,,,,
1780417446.708,1632241.0,8386.119,9.617987,,,,,,
1780417446.709,1632266.0,8386.162,9.617968,,,,,,
1780417446.709,1632291.0,8386.258,9.617664,,,,,,
1780417446.769,1632316.0,8386.173,9.617702,,,,,,
1780417446.769,1632341.0,8386.172,9.617439,,,,,,
1780417446.833,1632366.0,8386.193,9.61769,,,,,,
1780417446.834,1632391.0,8386.204,9.617685,,,,,,
1780417446.834,1632416.0,8386.086,9.617738,,,,,,
1780417446.894,1632441.0,8386.14,9.617716,,,,,,
1780417446.895,1632466.0,8386.172,9.617961,,,,,,
1780417446.961,1632491.0,8386.227,9.6182,,,,,,
1780417446.961,1632516.0,8386.258,9.618187,,,,,,
1780417446.962,1632541.0,8386.365,9.6184,,,,,,
1780417447.023,1632566.0,8386.355,9.618404,,,,,,
1780417447.024,1632591.0,8386.44,9.618366,,,,,,
1780417447.024,1632616.0,8386.215,9.618466,,,,,,
1780417447.087,1632641.0,8386.397,9.618647,,,,,,
1780417447.089,1632666.0,8386.398,9.618647,,,,,,
1780417447.150,1632691.0,8386.451,9.618887,,,,,,
1780417447.151,1632716.0,8386.655,9.618796,,,,,,
1780417447.152,1632741.0,8386.516,9.61912,,,,,,
1780417447.213,1632766.0,8386.322,9.619467,,,,,,
1780417447.213,1632791.0,8386.376,9.619181,,,,,,
1780417447.278,1632816.0,8386.43,9.619157,,,,,,
1780417447.279,1632841.0,8386.332,9.6192,,,,,,
1780417447.280,1632866.0,8386.301,9.619214,,,,,,
1780417447.341,1632891.0,8386.44,9.619154,,,,,,
1780417447.342,1632916.0,8386.354,9.619452,,,,,,
1780417447.405,1632941.0,8386.431,9.61968,,,,,,
1780417447.406,1632966.0,8386.495,9.619913,,,,,,
1780417447.408,1632991.0,8386.388,9.619699,,,,,,
1780417447.469,1633016.0,8386.56,9.619624,,,,,,
1780417447.470,1633041.0,8386.753,9.619538,,,,,,
1780417447.528,1633066.0,8386.785,9.619524,,,,,,
1780417447.529,1633091.0,8386.688,9.619565,,,,,,
1780417447.529,1633116.0,8386.624,9.619594,,,,,,
1780417447.580,1633141.0,8386.807,9.619515,,,,,,
1780417447.580,1633166.0,8386.731,9.619285,,,,,,
1780417447.644,1633191.0,8386.56,9.619624,,,,,,
1780417447.646,1633216.0,8386.569,9.619358,,,,,,
1780417447.709,1633241.0,8386.784,9.619525,,,,,,
1780417447.709,1633266.0,8386.537,9.619372,,,,,,
1780417447.710,1633291.0,8386.602,9.619342,,,,,,
1780417447.774,1633316.0,8386.451,9.619148,,,,,,
1780417447.775,1633341.0,8386.398,9.619171,,,,,,
1780417447.775,1633366.0,8386.431,9.618896,,,,,,
1780417447.842,1633391.0,8386.635,9.618807,,,,,,
1780417447.842,1633416.0,8386.227,9.619247,,,,,,
1780417447.909,1633441.0,8386.322,9.619205,,,,,,
1780417447.910,1633466.0,8386.623,9.618812,,,,,,
1780417447.911,1633491.0,8386.612,9.618816,,,,,,
1780417447.977,1633516.0,8386.367,9.618923,,,,,,
1780417447.977,1633541.0,8386.398,9.618649,,,,,,
1780417447.978,1633566.0,8386.366,9.618663,,,,,,
1780417448.025,1633591.0,8386.559,9.618578,,,,,,
1780417448.026,1633616.0,8386.72,9.618769,,,,,,
1780417448.075,1633641.0,8386.678,9.618787,,,,,,
1780417448.076,1633666.0,8386.537,9.618586,,,,,,
1780417448.109,1633691.0,8386.43,9.618632,,,,,,
1780417448.132,1633716.0,8386.591,9.618562,,,,,,
1780417448.156,1633741.0,8386.431,9.618632,,,,,,
1780417448.180,1633766.0,8386.29,9.618433,,,,,,
1780417448.203,1633791.0,8386.216,9.618727,,,,,,
1780417448.226,1633816.0,8386.441,9.618628,,,,,,
1780417448.260,1633841.0,8386.484,9.618872,,,,,,
1780417448.283,1633866.0,8386.398,9.61891,,,,,,
1780417448.307,1633891.0,8386.366,9.618924,,,,,,
1780417448.330,1633916.0,8386.378,9.618918,,,,,,
1780417448.354,1633941.0,8386.227,9.619246,,,,,,
1780417448.378,1633966.0,8386.27,9.618966,,,,,,
1780417448.402,1633991.0,8386.228,9.618985,,,,,,
1780417448.426,1634016.0,8386.291,9.618957,,,,,,
1780417448.462,1634041.0,8386.569,9.618835,,,,,,
1780417448.490,1634066.0,8386.494,9.618868,,,,,crack_output off,OK crack_output off
1780417448.574,1634091.0,8386.172,9.619009,,,,,,
1780417448.574,1634116.0,8386.204,9.618996,,,,,,
1780417448.575,1634141.0,8386.355,9.618669,,,,,,
1780417448.575,1634166.0,8386.269,9.618707,,,,,,
1780417448.624,1634191.0,8386.184,9.618743,,,,,,
1780417448.625,1634216.0,8385.851,9.618628,,,,,,
1780417448.674,1634241.0,8385.862,9.618362,,,,,,
1780417448.675,1634266.0,8385.7,9.618433,,,,,,
1780417448.727,1634291.0,8385.723,9.618423,,,,,,
1780417448.728,1634316.0,8385.701,9.618432,,,,,,
1780417448.788,1634341.0,8385.659,9.618451,,,,,,
1780417448.789,1634366.0,8385.733,9.618419,,,,,,
1780417448.851,1634391.0,8385.53,9.618506,,,,,,
1780417448.852,1634416.0,8385.455,9.61854,,,,,,
1780417448.852,1634441.0,8385.455,9.61854,,,,,,
1780417448.915,1634466.0,8385.38,9.618573,,,,,,
1780417448.916,1634491.0,8385.347,9.618587,,,,,,
1780417448.979,1634516.0,8385.432,9.61881,,,,,,
1780417448.979,1634541.0,8385.347,9.618586,,,,,,
1780417448.980,1634566.0,8385.379,9.618573,,,,,,
1780417449.043,1634591.0,8385.206,9.618648,,,,,,
1780417449.043,1634616.0,8385.313,9.618861,,,,,,
1780417449.107,1634641.0,8385.249,9.618891,,,,,,
1780417449.108,1634666.0,8385.131,9.618942,,,,,,
1780417449.108,1634691.0,8385.174,9.619185,,,,,,
1780417449.170,1634716.0,8385.195,9.619439,,,,,,
1780417449.171,1634741.0,8385.174,9.619449,,,,,,
1780417449.234,1634766.0,8385.131,9.619467,,,,,,
1780417449.234,1634791.0,8385.249,9.619415,,,,,,
1780417449.235,1634816.0,8385.356,9.619369,,,,,,
1780417449.291,1634841.0,8385.484,9.619311,,,,,,
1780417449.292,1634866.0,8385.303,9.619654,,,,,,
1780417449.345,1634891.0,8385.356,9.619368,,,,,,
1780417449.345,1634916.0,8385.379,9.619619,,,,,,
1780417449.408,1634941.0,8385.517,9.619559,,,,,,
1780417449.409,1634966.0,8385.496,9.619569,,,,,,
1780417449.409,1634991.0,8385.454,9.619587,,,,,,
1780417449.472,1635016.0,8385.754,9.619717,,,,,,
1780417449.473,1635041.0,8385.883,9.61966,,,,,,
1780417449.536,1635066.0,8385.646,9.619502,,,,,,
1780417449.537,1635091.0,8385.657,9.619236,,,,,,
1780417449.537,1635116.0,8385.723,9.619207,,,,,,
1780417449.599,1635141.0,8385.775,9.619184,,,,,,
1780417449.599,1635166.0,8385.948,9.619107,,,,,,
1780417449.599,1635191.0,8386.055,9.619061,,,,,,
1780417449.659,1635216.0,8386.054,9.619323,,,,,,
1780417449.659,1635241.0,8386.032,9.619071,,,,,,
1780417449.725,1635266.0,8386.032,9.619071,,,,,,
1780417449.725,1635291.0,8386.086,9.619047,,,,,,
1780417449.726,1635316.0,8386.075,9.619052,,,,,,
1780417449.789,1635341.0,8386.033,9.61907,,,,,,
1780417449.790,1635366.0,8386.044,9.619065,,,,,,
1780417449.853,1635391.0,8386.044,9.619065,,,,,,
1780417449.853,1635416.0,8386.012,9.619341,,,,,,
1780417449.854,1635441.0,8385.829,9.619421,,,,,,
1780417449.916,1635466.0,8385.872,9.619665,,,,,,
1780417449.916,1635491.0,8385.798,9.619698,,,,,,
1780417449.980,1635516.0,8385.884,9.619919,,,,,,
1780417449.981,1635541.0,8385.798,9.619696,,,,,,
1780417449.982,1635566.0,8385.873,9.619662,,,,,,
1780417450.044,1635591.0,8385.938,9.619373,,,,,,
1780417450.045,1635616.0,8385.98,9.619355,,,,,,
1780417450.108,1635641.0,8385.755,9.619454,,,,,,
1780417450.108,1635666.0,8385.776,9.619446,,,,,,
1780417450.109,1635691.0,8385.98,9.619617,,,,,,
1780417450.171,1635716.0,8386.012,9.619864,,,,,,
1780417450.172,1635741.0,8386.001,9.619869,,,,,,
1780417450.223,1635766.0,8386.012,9.619864,,,,,,
1780417450.224,1635791.0,8385.895,9.619916,,,,,,
1780417450.225,1635816.0,8385.862,9.61993,,,,,,
1780417450.298,1635841.0,8385.894,9.619917,,,,,,
1780417450.299,1635866.0,8385.872,9.620188,,,,,,
1780417450.300,1635891.0,8385.808,9.620215,,,,,,
1780417450.357,1635916.0,8385.775,9.62023,,,,,,
1780417450.358,1635941.0,8385.679,9.620273,,,,,,
1780417450.409,1635966.0,8385.754,9.619978,,,,,,
1780417450.409,1635991.0,8385.807,9.619694,,,,,,
1780417450.474,1636016.0,8385.711,9.619997,,,,,,
1780417450.475,1636041.0,8385.775,9.619968,,,,,,
1780417450.476,1636066.0,8385.784,9.619703,,,,,,
1780417450.536,1636091.0,8385.775,9.619705,,,,,,
1780417450.536,1636116.0,8385.946,9.619632,,,,,,
1780417450.600,1636141.0,8385.86,9.61967,,,,,,
1780417450.602,1636166.0,8386.032,9.619857,,,,,,
1780417450.603,1636191.0,8385.947,9.619894,,,,,,
1780417450.663,1636216.0,8385.796,9.61996,,,,,,
1780417450.664,1636241.0,8385.774,9.619969,,,,,,
1780417450.727,1636266.0,8385.699,9.620002,,,,,,
1780417450.728,1636291.0,8385.722,9.619729,,,,,,
1780417450.729,1636316.0,8385.637,9.619506,,,,,,
1780417450.792,1636341.0,8385.711,9.619473,,,,,,
1780417450.793,1636366.0,8385.614,9.619516,,,,,,
1780417450.857,1636391.0,8385.626,9.619512,,,,,,
1780417450.858,1636416.0,8385.699,9.61974,,,,,,
1780417450.859,1636441.0,8385.69,9.619482,,,,,,
1780417450.920,1636466.0,8385.841,9.619416,,,,,,
1780417450.920,1636491.0,8385.829,9.61916,,,,,,
1780417450.975,1636516.0,8385.883,9.618876,,,,,,
1780417450.976,1636541.0,8386.098,9.61852,,,,,,
1780417450.976,1636566.0,8386.14,9.618239,,,,,,
1780417451.033,1636591.0,8386.054,9.618539,,,,,,
1780417451.034,1636616.0,8386.012,9.618818,,,,,,
1780417451.096,1636641.0,8385.926,9.618857,,,,,,
1780417451.096,1636666.0,8385.903,9.618867,,,,,,
1780417451.160,1636691.0,8386.098,9.618781,,,,,,
1780417451.160,1636716.0,8386.173,9.618748,,,,,,
1780417451.160,1636741.0,8386.204,9.618733,,,,,,
1780417451.224,1636766.0,8386.032,9.618548,,,,,,
1780417451.226,1636791.0,8385.969,9.618576,,,,,,
1780417451.227,1636816.0,8385.947,9.618584,,,,,,
1780417451.287,1636841.0,8386.044,9.618802,,,,,,
1780417451.288,1636866.0,8386.055,9.618536,,,,,,
1780417451.351,1636891.0,8386.087,9.618262,,,,,,
1780417451.353,1636916.0,8386.108,9.618513,,,,,,
1780417451.354,1636941.0,8386.044,9.618541,,,,,,
1780417451.415,1636966.0,8386.012,9.618295,,,,,,
1780417451.415,1636991.0,8386.151,9.617972,,,,,,
1780417451.476,1637016.0,8386.227,9.617939,,,,,,
1780417451.477,1637041.0,8386.119,9.617987,,,,,,
1780417451.478,1637066.0,8386.108,9.618254,,,,,,
1780417451.543,1637091.0,8385.979,9.61831,,,,,,
1780417451.544,1637116.0,8386.161,9.618492,,,,,,
1780417451.605,1637141.0,8386.192,9.61874,,,,,,
1780417451.606,1637166.0,8386.171,9.61901,,,,,,
1780417451.607,1637191.0,8386.064,9.619318,,,,,,
1780417451.669,1637216.0,8386.032,9.619332,,,,,,
1780417451.670,1637241.0,8386.053,9.61906,,,,,,
1780417451.733,1637266.0,8386.364,9.618923,,,,,,
1780417451.733,1637291.0,8386.386,9.618914,,,,,,
1780417451.734,1637316.0,8386.375,9.61918,,,,,,
1780417451.790,1637341.0,8386.171,9.619271,,,,,,
1780417451.791,1637366.0,8386.119,9.619294,,,,,,
1780417451.861,1637391.0,8386.365,9.619446,,,,,,
1780417451.861,1637416.0,8386.343,9.619456,,,,,,
1780417451.862,1637441.0,8386.516,9.61938,,,,,,
1780417451.925,1637466.0,8386.645,9.619325,,,,,,
1780417451.926,1637491.0,8386.645,9.619323,,,,,,
1780417451.926,1637516.0,8386.667,9.619576,,,,,,
1780417451.989,1637541.0,8386.527,9.619637,,,,,,
1780417451.990,1637566.0,8386.527,9.6199,,,,,,
1780417452.052,1637591.0,8386.42,9.619946,,,,,,
1780417452.053,1637616.0,8386.377,9.619966,,,,,,
1780417452.053,1637641.0,8386.227,9.620031,,,,,,
1780417452.117,1637666.0,8386.228,9.61977,,,,,,
1780417452.117,1637691.0,8386.249,9.619761,,,,,,
1780417452.174,1637716.0,8386.452,9.61941,,,,,,
1780417452.175,1637741.0,8386.389,9.619437,,,,,,
1780417452.176,1637766.0,8386.356,9.61919,,,,,,
1780417452.245,1637791.0,8386.303,9.619214,,,,,,
1780417452.246,1637816.0,8386.463,9.618882,,,,,,
1780417452.308,1637841.0,8386.581,9.618831,,,,,,
1780417452.310,1637866.0,8386.484,9.619134,,,,,,
1780417452.311,1637891.0,8386.313,9.619209,,,,,,
1780417452.375,1637916.0,8386.27,9.619228,,,,,,
1780417452.376,1637941.0,8386.227,9.619246,,,,,,
1780417452.377,1637966.0,8386.377,9.618919,,,,,,
1780417452.442,1637991.0,8386.473,9.618877,,,,,,
1780417452.443,1638016.0,8386.548,9.618842,,,,,,
1780417452.493,1638041.0,8386.58,9.618828,,,,,,
1780417452.494,1638066.0,8386.387,9.618915,,,,,,
1780417452.559,1638091.0,8386.173,9.619007,,,,,,
1780417452.560,1638116.0,8386.27,9.619226,,,,,,
1780417452.561,1638141.0,8386.366,9.619184,,,,,,
1780417452.626,1638166.0,8386.549,9.618841,,,,,,
1780417452.627,1638191.0,8386.473,9.618616,,,,,,
1780417452.627,1638216.0,8386.517,9.618857,,,,,,
1780417452.692,1638241.0,8386.538,9.619109,,,,,,
1780417452.693,1638266.0,8386.603,9.61882,,,,,,
1780417452.740,1638291.0,8386.581,9.61883,,,,,,
1780417452.741,1638316.0,8386.645,9.618801,,,,,,
1780417452.801,1638341.0,8386.345,9.618935,,,,,,
1780417452.801,1638366.0,8386.247,9.618978,,,,,,
1780417452.802,1638391.0,8386.387,9.619177,,,,,,
1780417452.873,1638416.0,8386.407,9.618907,,,,,,
1780417452.874,1638441.0,8386.269,9.619229,,,,,,
1780417452.874,1638466.0,8386.14,9.619024,,,,,,
1780417452.930,1638491.0,8386.064,9.618795,,,,,,
1780417452.931,1638516.0,8386.097,9.618781,,,,,,
1780417452.994,1638541.0,8386.258,9.618711,,,,,,
1780417452.995,1638566.0,8386.14,9.618762,,,,,,
1780417453.059,1638591.0,8386.162,9.619014,,,,,,
1780417453.059,1638616.0,8386.033,9.61907,,,,,,
1780417453.060,1638641.0,8385.883,9.618874,,,,,,
1780417453.122,1638666.0,8385.754,9.61893,,,,,,
1780417453.123,1638691.0,8385.852,9.618626,,,,,,
1780417453.186,1638716.0,8386.065,9.618271,,,,,,
1780417453.187,1638741.0,8386.055,9.618276,,,,,,
1780417453.188,1638766.0,8386.098,9.617996,,,,,,
1780417453.249,1638791.0,8386.021,9.61803,,,,,,
1780417453.249,1638816.0,8386.215,9.618206,,,,,,
1780417453.249,1638841.0,8386.258,9.618187,,,,,,
1780417453.309,1638866.0,8386.247,9.618193,,,,,,
1780417453.310,1638891.0,8386.021,9.618553,,,,,,
1780417453.374,1638916.0,8386.118,9.618772,,,,,,
1780417453.376,1638941.0,8386.054,9.6188,,,,,,
1780417453.376,1638966.0,8386.194,9.618999,,,,,,
1780417453.424,1638991.0,8386.205,9.618995,,,,,,
1780417453.424,1639016.0,8386.151,9.619019,,,,,,
1780417453.488,1639041.0,8386.162,9.619014,,,,,,
1780417453.490,1639066.0,8386.172,9.619009,,,,,,
1780417453.551,1639091.0,8386.312,9.618946,,,,,,
1780417453.552,1639116.0,8386.482,9.619132,,,,,,
1780417453.553,1639141.0,8386.419,9.61916,,,,,,
1780417453.615,1639166.0,8386.246,9.618975,,,,,,
1780417453.616,1639191.0,8386.257,9.61897,,,,,,
1780417453.678,1639216.0,8386.063,9.618795,,,,,,
1780417453.678,1639241.0,8386.063,9.618795,,,,,,
1780417453.678,1639266.0,8386.031,9.619071,,,,,,
1780417453.743,1639291.0,8386.042,9.619067,,,,,,
1780417453.744,1639316.0,8385.807,9.619432,,,,,,
1780417453.806,1639341.0,8385.871,9.619665,,,,,,
1780417453.806,1639366.0,8385.935,9.619637,,,,,,
1780417453.807,1639391.0,8385.935,9.619899,,,,,,
1780417453.869,1639416.0,8385.968,9.620145,,,,,,
1780417453.870,1639441.0,8385.945,9.619894,,,,,,
1780417453.939,1639466.0,8385.925,9.619639,,,,,,
1780417453.939,1639491.0,8385.945,9.619631,,,,,,
1780417453.940,1639516.0,8385.914,9.619644,,,,,,
1780417453.996,1639541.0,8385.785,9.619701,,,,,,
1780417453.996,1639566.0,8385.861,9.619668,,,,,,
1780417454.060,1639591.0,8385.797,9.619435,,,,,,
1780417454.061,1639616.0,8385.754,9.619454,,,,,,
1780417454.061,1639641.0,8385.7,9.619478,,,,,,
1780417454.124,1639666.0,8385.604,9.619782,,,,,,
1780417454.124,1639691.0,8385.841,9.619417,,,,,,
1780417454.124,1639716.0,8386.045,9.619589,,,,,,
1780417454.187,1639741.0,8385.97,9.619622,,,,,,
1780417454.188,1639766.0,8386.013,9.619603,,,,,,
1780417454.252,1639791.0,8386.099,9.619826,,,,,,
1780417454.253,1639816.0,8386.142,9.619546,,,,,,
1780417454.254,1639841.0,8386.302,9.619737,,,,,,
1780417454.316,1639866.0,8386.517,9.619642,,,,,,
1780417454.317,1639891.0,8386.441,9.619676,,,,,,
1780417454.380,1639916.0,8386.408,9.61969,,,,,,
1780417454.381,1639941.0,8386.611,9.619338,,,,,,
1780417454.381,1639966.0,8386.396,9.619172,,,,,,
1780417454.457,1639991.0,8386.354,9.619191,,,,,,
1780417454.458,1640016.0,8386.256,9.619234,,,,,,
1780417454.459,1640041.0,8386.332,9.619201,,,,,,
1780417454.507,1640066.0,8386.268,9.619229,,,,,,
1780417454.508,1640091.0,8386.16,9.619538,,,,,,
1780417454.570,1640116.0,8386.313,9.619469,,,,,,
1780417454.571,1640141.0,8386.678,9.619048,,,,,,
1780417454.636,1640166.0,8386.709,9.619036,,,,,,
1780417454.638,1640191.0,8386.742,9.61902,,,,,,
1780417454.639,1640216.0,8386.881,9.619221,,,,,,
1780417454.690,1640241.0,8386.968,9.619181,,,,,,
1780417454.691,1640266.0,8386.881,9.618958,,,,,,
1780417454.762,1640291.0,8386.988,9.61865,,,,,,
1780417454.763,1640316.0,8386.667,9.619053,,,,,,
1780417454.763,1640341.0,8386.43,9.618896,,,,,,
1780417454.825,1640366.0,8386.473,9.618616,,,,,,
1780417454.826,1640391.0,8386.612,9.618293,,,,,,
1780417454.826,1640416.0,8386.463,9.618359,,,,,,
1780417454.889,1640441.0,8386.475,9.618615,,,,,,
1780417454.890,1640466.0,8386.505,9.618602,,,,,,
1780417454.953,1640491.0,8386.419,9.618639,,,,,,
1780417454.954,1640516.0,8386.549,9.618584,,,,,,
1780417454.954,1640541.0,8386.57,9.618313,,,,,,
1780417455.025,1640566.0,8386.527,9.618591,,,,,,
1780417455.026,1640591.0,8386.548,9.618844,,,,,,
1780417455.027,1640616.0,8386.441,9.618891,,,,,,
1780417455.090,1640641.0,8386.623,9.618549,,,,,,
1780417455.091,1640666.0,8386.646,9.618277,,,,,,
1780417455.158,1640691.0,8386.731,9.6185,,,,,,
1780417455.159,1640716.0,8386.807,9.618206,,,,,,
1780417455.159,1640741.0,8386.57,9.61805,,,,,,
1780417455.223,1640766.0,8386.355,9.618404,,,,,,
1780417455.224,1640791.0,8386.494,9.618343,,,,,,
1780417455.224,1640816.0,8386.312,9.618423,,,,,,
1780417455.273,1640841.0,8386.29,9.618173,,,,,,
1780417455.321,1640866.0,8386.193,9.618216,,,,,,
1780417455.322,1640891.0,8386.269,9.618444,,,,,,
1780417455.379,1640916.0,8386.247,9.618715,,,,,,
1780417455.380,1640941.0,8386.44,9.618629,,,,,,
1780417455.380,1640966.0,8386.548,9.618583,,,,,,
1780417455.444,1640991.0,8386.622,9.61855,,,,,,
1780417455.445,1641016.0,8386.396,9.618648,,,,,,
1780417455.508,1641041.0,8386.568,9.618572,,,,,,
1780417455.508,1641066.0,8386.708,9.618249,,,,,,
1780417455.509,1641091.0,8386.493,9.618343,,,,,,
1780417455.572,1641116.0,8386.43,9.618112,,,,,,
1780417455.572,1641141.0,8386.387,9.61813,,,,,,
1780417455.635,1641166.0,8386.397,9.618385,,,,,,
1780417455.636,1641191.0,8386.408,9.61812,,,,,,
1780417455.636,1641216.0,8386.473,9.617832,,,,,,
1780417455.699,1641241.0,8386.473,9.617832,,,,,,
1780417455.699,1641266.0,8386.322,9.617898,,,,,,
1780417455.699,1641291.0,8386.16,9.618231,,,,,,
1780417455.757,1641316.0,8386.216,9.618206,,,,,,
1780417455.758,1641341.0,8386.117,9.618511,,,,,,
1780417455.826,1641366.0,8386.14,9.618499,,,,,,
1780417455.827,1641391.0,8386.215,9.618206,,,,,,
1780417455.827,1641416.0,8385.925,9.618333,,,,,,
1780417455.890,1641441.0,8385.937,9.618328,,,,,,
1780417455.890,1641466.0,8385.765,9.618664,,,,,,
1780417455.955,1641491.0,8385.722,9.618683,,,,,,
1780417455.956,1641516.0,8385.678,9.61844,,,,,,
1780417455.957,1641541.0,8385.808,9.618384,,,,,,
1780417456.024,1641566.0,8385.711,9.618427,,,,,,
1780417456.025,1641591.0,8385.711,9.618427,,,,,,
1780417456.026,1641616.0,8385.582,9.618744,,,,,,
1780417456.072,1641641.0,8385.765,9.618927,,,,,,
1780417456.128,1641666.0,8385.775,9.61892,,,,,,
1780417456.129,1641691.0,8385.668,9.619231,,,,,,
1780417456.129,1641716.0,8385.678,9.619226,,,,,,
1780417456.192,1641741.0,8385.507,9.619563,,,,,,
1780417456.193,1641766.0,8385.517,9.619298,,,,,,
1780417456.257,1641791.0,8385.421,9.61934,,,,,,
1780417456.257,1641816.0,8385.303,9.619653,,,,,,
1780417456.258,1641841.0,8385.238,9.619944,,,,,,
1780417456.323,1641866.0,8385.335,9.619638,,,,,,
1780417456.324,1641891.0,8385.271,9.619927,,,,,,
1780417456.325,1641916.0,8385.281,9.619923,,,,,,
1780417456.388,1641941.0,8385.238,9.619681,,,,,,
1780417456.388,1641966.0,8385.334,9.61964,,,,,,
1780417456.446,1641991.0,8385.367,9.619886,,,,,,
1780417456.447,1642016.0,8385.26,9.620195,,,,,,
1780417456.510,1642041.0,8385.355,9.619892,,,,,,
1780417456.511,1642066.0,8385.291,9.619919,,,,,,
1780417456.512,1642091.0,8385.432,9.619859,,,,,,
1780417456.574,1642116.0,8385.41,9.619868,,,,,,
1780417456.574,1642141.0,8385.496,9.620091,,,,,,
1780417456.575,1642166.0,8385.313,9.620172,,,,,,
1780417456.637,1642191.0,8385.313,9.620172,,,,,,
1780417456.638,1642216.0,8385.304,9.620438,,,,,,
1780417456.702,1642241.0,8385.486,9.620358,,,,,,
1780417456.702,1642266.0,8385.476,9.620361,,,,,,
1780417456.703,1642291.0,8385.367,9.620409,,,,,,
1780417456.756,1642316.0,8385.465,9.620364,,,,,,
1780417456.757,1642341.0,8385.497,9.620353,,,,,,
1780417456.829,1642366.0,8385.604,9.620305,,,,,,
1780417456.829,1642391.0,8385.626,9.620294,,,,,,
1780417456.830,1642416.0,8385.722,9.620252,,,,,,
1780417456.892,1642441.0,8385.775,9.62023,,,,,,
1780417456.893,1642466.0,8385.872,9.619926,,,,,,
1780417456.956,1642491.0,8385.84,9.620201,,,,,,
1780417456.957,1642516.0,8385.957,9.62015,,,,,,
1780417456.958,1642541.0,8386.065,9.620103,,,,,,
1780417457.020,1642566.0,8386.012,9.620126,,,,,,
1780417457.021,1642591.0,8386.141,9.619808,,,,,,
1780417457.110,1642616.0,8386.173,9.619534,,,,,,
1780417457.110,1642641.0,8386.269,9.619492,,,,,,
1780417457.111,1642666.0,8386.43,9.61942,,,,,,
1780417457.111,1642691.0,8386.688,9.619306,,,,,,
1780417457.156,1642716.0,8386.612,9.619339,,,,,,
1780417457.157,1642741.0,8386.678,9.61931,,,,,,
1780417457.206,1642766.0,8386.537,9.619111,,,,,,
1780417457.207,1642791.0,8386.548,9.618845,,,,,,
1780417457.273,1642816.0,8386.644,9.618803,,,,,,
1780417457.273,1642841.0,8386.623,9.618812,,,,,,
1780417457.274,1642866.0,8386.365,9.618924,,,,,,
1780417457.341,1642891.0,8386.279,9.618962,,,,,,
1780417457.342,1642916.0,8386.301,9.618953,,,,,,
1780417457.406,1642941.0,8386.258,9.61897,,,,,,
1780417457.407,1642966.0,8386.15,9.619019,,,,,,
1780417457.407,1642991.0,8386.065,9.618793,,,,,,
1780417457.474,1643016.0,8385.872,9.61914,,,,,,
1780417457.474,1643041.0,8385.883,9.619137,,,,,,
1780417457.475,1643066.0,8385.895,9.619129,,,,,,
1780417457.523,1643091.0,8385.7,9.619476,,,,,,
1780417457.524,1643116.0,8385.819,9.619424,,,,,,
1780417457.582,1643141.0,8385.657,9.619497,,,,,,
1780417457.582,1643166.0,8385.528,9.619554,,,,,,
1780417457.656,1643191.0,8385.315,9.619647,,,,,,
1780417457.657,1643216.0,8385.153,9.619719,,,,,,
1780417457.658,1643241.0,8385.218,9.619691,,,,,,
1780417457.724,1643266.0,8385.218,9.619429,,,,,,
1780417457.725,1643291.0,8385.131,9.619728,,,,,,
1780417457.726,1643316.0,8384.981,9.619794,,,,,,
1780417457.794,1643341.0,8384.938,9.619815,,,,,,
1780417457.795,1643366.0,8384.991,9.619792,,,,,,
1780417457.856,1643391.0,8385.108,9.620002,,,,,,
1780417457.857,1643416.0,8385.185,9.62023,,,,,,
1780417457.857,1643441.0,8385.066,9.620281,,,,,,
1780417457.908,1643466.0,8384.959,9.620328,,,,,,
1780417457.908,1643491.0,8385.163,9.619977,,,,,,
1780417457.974,1643516.0,8385.227,9.619946,,,,,,
1780417457.975,1643541.0,8385.454,9.619846,,,,,,
1780417457.976,1643566.0,8385.39,9.619875,,,,,,
1780417458.028,1643591.0,8385.55,9.619544,,,,,,
1780417458.029,1643616.0,8385.582,9.61979,,,,,,
1780417458.093,1643641.0,8385.787,9.6197,,,,,,
1780417458.093,1643666.0,8386.001,9.619606,,,,,,
1780417458.156,1643691.0,8386.173,9.619531,,,,,,
1780417458.158,1643716.0,8386.237,9.619502,,,,,,
1780417458.158,1643741.0,8386.27,9.619227,,,,,,
1780417458.206,1643766.0,8386.313,9.619209,,,,,,
1780417458.207,1643791.0,8386.355,9.61919,,,,,,
1780417458.267,1643816.0,8386.559,9.619102,,,,,,
1780417458.268,1643841.0,8386.612,9.619339,,,,,,
1780417458.332,1643866.0,8386.483,9.619658,,,,,,
1780417458.332,1643891.0,8386.483,9.619919,,,,,,
1780417458.333,1643916.0,8386.527,9.619899,,,,,,
1780417458.394,1643941.0,8386.526,9.6199,,,,,,
1780417458.394,1643966.0,8386.568,9.619881,,,,,,
1780417458.462,1643991.0,8386.537,9.619895,,,,,,
1780417458.463,1644016.0,8386.644,9.619587,,,,,,
1780417458.463,1644041.0,8386.535,9.619633,,,,,,
1780417458.526,1644066.0,8386.869,9.619226,,,,,,
1780417458.527,1644091.0,8386.805,9.619255,,,,,,
1780417458.528,1644116.0,8386.752,9.619537,,,,,,
1780417458.590,1644141.0,8386.602,9.619605,,,,,,
1780417458.591,1644166.0,8386.27,9.619751,,,,,,
1780417458.649,1644191.0,8386.463,9.619666,,,,,,
1780417458.650,1644216.0,8386.635,9.619852,,,,,,
1780417458.650,1644241.0,8386.688,9.619567,,,,,,
1780417458.712,1644266.0,8386.763,9.619534,,,,,,
1780417458.713,1644291.0,8386.58,9.619615,,,,,,
1780417458.777,1644316.0,8386.43,9.61968,,,,,,
1780417458.777,1644341.0,8386.537,9.619634,,,,,,
1780417458.777,1644366.0,8386.483,9.619656,,,,,,
1780417458.840,1644391.0,8386.753,9.619538,,,,,,
1780417458.840,1644416.0,8386.753,9.619538,,,,,,
1780417458.903,1644441.0,8386.774,9.61979,,,,,,
1780417458.903,1644466.0,8386.914,9.619729,,,,,,
1780417458.904,1644491.0,8386.945,9.619454,,,,,,
1780417458.955,1644516.0,8386.956,9.61945,,,,,,
1780417458.956,1644541.0,8387.139,9.619367,,,,,,
1780417459.028,1644566.0,8387.258,9.619317,,,,,,
1780417459.029,1644591.0,8387.289,9.619303,,,,,,
1780417459.030,1644616.0,8387.247,9.619322,,,,,,
1780417459.105,1644641.0,8387.086,9.619654,,,,,,
1780417459.106,1644666.0,8387.204,9.619601,,,,,,
1780417459.106,1644691.0,8387.011,9.619686,,,,,,
1780417459.172,1644716.0,8386.957,9.61971,,,,,,
1780417459.173,1644741.0,8386.86,9.619492,,,,,,
1780417459.255,1644766.0,8386.957,9.619449,,,,,,
1780417459.255,1644791.0,8387.01,9.619424,,,,,,
1780417459.256,1644816.0,8386.72,9.619292,,,,,,
1780417459.256,1644841.0,8386.473,9.61914,,,,,,
1780417459.304,1644866.0,8386.419,9.619424,,,,,,
1780417459.306,1644891.0,8386.376,9.619443,,,,,,
1780417459.354,1644916.0,8386.418,9.619425,,,,,,
1780417459.355,1644941.0,8386.365,9.619449,,,,,,
1780417459.404,1644966.0,8386.236,9.619244,,,,,,
1780417459.404,1644991.0,8386.15,9.619281,,,,,,
1780417459.458,1645016.0,8385.86,9.619409,,,,,,
1780417459.459,1645041.0,8385.809,9.619431,,,,,,
1780417459.525,1645066.0,8385.83,9.619422,,,,,,
1780417459.526,1645091.0,8385.562,9.619279,,,,,,
1780417459.526,1645116.0,8385.422,9.6196,,,,,,
1780417459.605,1645141.0,8385.282,9.619662,,,,,,
1780417459.606,1645166.0,8384.96,9.619803,,,,,,
1780417459.607,1645191.0,8384.917,9.619823,,,,,,
1780417459.689,1645216.0,8385.1,9.619742,,,,,,
1780417459.690,1645241.0,8385.348,9.619633,,,,,,
1780417459.691,1645266.0,8385.335,9.619377,,,,,,
1780417459.770,1645291.0,8385.324,9.61938,,,,,,
1780417459.772,1645316.0,8385.293,9.619658,,,,,,
1780417459.773,1645341.0,8385.454,9.619325,,,,,,
1780417459.774,1645366.0,8385.593,9.619525,,,,,,
1780417459.836,1645391.0,8385.571,9.619534,,,,,,
1780417459.837,1645416.0,8385.733,9.619465,,,,,,
1780417459.903,1645441.0,8385.818,9.619688,,,,,,
1780417459.904,1645466.0,8385.754,9.619978,,,,,,
1780417459.904,1645491.0,8386.055,9.619582,,,,,,
1780417459.968,1645516.0,8385.926,9.619639,,,,,,
1780417459.969,1645541.0,8385.84,9.619678,,,,,,
1780417460.038,1645566.0,8385.894,9.619656,,,,,,
1780417460.039,1645591.0,8385.916,9.619906,,,,,,
1780417460.039,1645616.0,8386.055,9.619845,,,,,,
1780417460.104,1645641.0,8386.205,9.619516,,,,,,
1780417460.104,1645666.0,8386.312,9.619472,,,,,,
1780417460.105,1645691.0,8386.333,9.619462,,,,,,
1780417460.154,1645716.0,8386.58,9.619615,,,,,,
1780417460.155,1645741.0,8386.752,9.619539,,,,,,
1780417460.211,1645766.0,8386.913,9.619469,,,,,,
1780417460.212,1645791.0,8386.924,9.619201,,,,,,
1780417460.277,1645816.0,8386.806,9.618992,,,,,,
1780417460.278,1645841.0,8386.44,9.619154,,,,,,
1780417460.279,1645866.0,8386.27,9.619228,,,,,,
1780417460.338,1645891.0,8386.301,9.619476,,,,,,
1780417460.338,1645916.0,8386.269,9.619491,,,,,,
1780417460.396,1645941.0,8386.312,9.619472,,,,,,
1780417460.397,1645966.0,8386.27,9.619488,,,,,,
1780417460.461,1645991.0,8386.066,9.619577,,,,,,
1780417460.462,1646016.0,8386.066,9.619317,,,,,,
1780417460.462,1646041.0,8385.818,9.619426,,,,,,
1780417460.518,1646066.0,8385.765,9.619451,,,,,,
1780417460.518,1646091.0,8385.99,9.61935,,,,,,
1780417460.590,1646116.0,8385.766,9.61971,,,,,,
1780417460.590,1646141.0,8385.84,9.619677,,,,,,
1780417460.591,1646166.0,8385.808,9.619691,,,,,,
1780417460.655,1646191.0,8385.894,9.619656,,,,,,
1780417460.656,1646216.0,8386.173,9.619533,,,,,,
1780417460.656,1646241.0,8386.14,9.619808,,,,,,
1780417460.710,1646266.0,8386.097,9.619825,,,,,,
1780417460.710,1646291.0,8386.108,9.619821,,,,,,
1780417460.773,1646316.0,8386.055,9.619843,,,,,,
1780417460.773,1646341.0,8385.797,9.619957,,,,,,
1780417460.774,1646366.0,8385.84,9.61994,,,,,,
1780417460.844,1646391.0,8385.808,9.619954,,,,,,
1780417460.845,1646416.0,8385.829,9.620206,,,,,,
1780417460.923,1646441.0,8385.947,9.620415,,,,,,
1780417460.924,1646466.0,8386.098,9.620349,,,,,,
1780417460.924,1646491.0,8386.162,9.62032,,,,,,
1780417460.925,1646516.0,8386.291,9.620263,,,,,,
1780417460.988,1646541.0,8386.215,9.620037,,,,,,
1780417460.989,1646566.0,8386.076,9.620097,,,,,,
1780417461.039,1646591.0,8386.15,9.620325,,,,,,
1780417461.039,1646616.0,8386.258,9.620018,,,,,,
1780417461.087,1646641.0,8386.301,9.619999,,,,,,
1780417461.088,1646666.0,8386.462,9.619667,,,,,,
1780417461.154,1646691.0,8386.547,9.619368,,,,,,
1780417461.155,1646716.0,8386.463,9.619405,,,,,,
1780417461.155,1646741.0,8386.387,9.619177,,,,,,
1780417461.219,1646766.0,8386.323,9.619205,,,,,,
1780417461.220,1646791.0,8386.494,9.618869,,,,,,
1780417461.274,1646816.0,8386.312,9.618688,,,,,,
1780417461.275,1646841.0,8386.193,9.618478,,,,,,
1780417461.275,1646866.0,8385.969,9.618577,,,,,,
1780417461.336,1646891.0,8386.021,9.618554,,,,,,
1780417461.337,1646916.0,8386.15,9.618497,,,,,,
1780417461.404,1646941.0,8386.086,9.618525,,,,,,
1780417461.405,1646966.0,8386.278,9.61844,,,,,,
1780417461.405,1646991.0,8386.161,9.618491,,,,,,
1780417461.470,1647016.0,8386.247,9.618452,,,,,,
1780417461.471,1647041.0,8386.269,9.618443,,,,,,
1780417461.520,1647066.0,8386.184,9.618219,,,,,,
1780417461.521,1647091.0,8386.237,9.618194,,,,,,
1780417461.592,1647116.0,8386.151,9.618232,,,,,,
1780417461.593,1647141.0,8385.884,9.618088,,,,,,
1780417461.594,1647166.0,8385.98,9.618307,,,,,,
1780417461.673,1647191.0,8386.055,9.618274,,,,,,
1780417461.674,1647216.0,8386.216,9.617942,,,,,,
1780417461.675,1647241.0,8386.098,9.618258,,,,,,
1780417461.675,1647266.0,8386.033,9.618546,,,,,,
1780417461.739,1647291.0,8385.948,9.618846,,,,,,
1780417461.739,1647316.0,8385.84,9.619155,,,,,,
1780417461.805,1647341.0,8385.936,9.619113,,,,,,
1780417461.806,1647366.0,8386.193,9.619261,,,,,,
1780417461.806,1647391.0,8386.205,9.619257,,,,,,
1780417461.872,1647416.0,8386.065,9.619318,,,,,,
1780417461.873,1647441.0,8386.173,9.61927,,,,,,
1780417461.940,1647466.0,8386.012,9.619603,,,,,,
1780417461.942,1647491.0,8386.088,9.619308,,,,,,
1780417461.943,1647516.0,8386.098,9.619304,,,,,,
1780417462.023,1647541.0,8385.916,9.619383,,,,,,
1780417462.024,1647566.0,8385.947,9.61937,,,,,,
1780417462.024,1647591.0,8385.894,9.619394,,,,,,
1780417462.025,1647616.0,8385.829,9.61916,,,,,,
1780417462.086,1647641.0,8385.711,9.619213,,,,,,
1780417462.086,1647666.0,8385.711,9.619213,,,,,,
1780417462.148,1647691.0,8385.765,9.619189,,,,,,
1780417462.149,1647716.0,8385.829,9.618899,,,,,,
1780417462.150,1647741.0,8385.807,9.618909,,,,,,
1780417462.222,1647766.0,8385.988,9.61909,,,,,,
1780417462.222,1647791.0,8386.011,9.619081,,,,,,
1780417462.290,1647816.0,8386.012,9.61908,,,,,,
1780417462.291,1647841.0,8385.914,9.619123,,,,,,
1780417462.292,1647866.0,8386.055,9.618799,,,,,,
1780417462.355,1647891.0,8386.161,9.618489,,,,,,
1780417462.356,1647916.0,8386.29,9.618433,,,,,,
1780417462.356,1647941.0,8386.526,9.618069,,,,,,
1780417462.421,1647966.0,8386.43,9.617849,,,,,,
1780417462.422,1647991.0,8386.27,9.61792,,,,,,
1780417462.473,1648016.0,8386.076,9.618005,,,,,,
1780417462.474,1648041.0,8386.216,9.618206,,,,,,
1780417462.475,1648066.0,8386.366,9.61814,,,,,,
1780417462.537,1648091.0,8386.312,9.617903,,,,,,
1780417462.537,1648116.0,8386.322,9.618159,,,,,,
1780417462.587,1648141.0,8386.355,9.618145,,,,,,
1780417462.588,1648166.0,8386.473,9.617831,,,,,,
1780417462.645,1648191.0,8386.688,9.617737,,,,,,
1780417462.646,1648216.0,8386.654,9.61749,,,,,,
1780417462.713,1648241.0,8386.676,9.61748,,,,,,
1780417462.713,1648266.0,8386.568,9.617527,,,,,,
1780417462.714,1648291.0,8386.494,9.61756,,,,,,
1780417462.773,1648316.0,8386.482,9.617827,,,,,,
1780417462.774,1648341.0,8386.461,9.618097,,,,,,
1780417462.774,1648366.0,8386.344,9.617887,,,,,,
1780417462.834,1648391.0,8386.344,9.617886,,,,,,
1780417462.835,1648416.0,8386.215,9.617945,,,,,,
1780417462.905,1648441.0,8386.097,9.617735,,,,,,
1780417462.906,1648466.0,8385.957,9.618057,,,,,,
1780417462.908,1648491.0,8385.958,9.618319,,,,,,
1780417462.987,1648516.0,8385.861,9.618622,,,,,,
1780417462.987,1648541.0,8385.776,9.618659,,,,,,
1780417462.988,1648566.0,8385.755,9.61893,,,,,,
1780417463.037,1648591.0,8385.787,9.619177,,,,,,
1780417463.038,1648616.0,8385.744,9.619196,,,,,,
1780417463.088,1648641.0,8386.12,9.61903,,,,,,
1780417463.089,1648666.0,8386.012,9.61908,,,,,,
1780417463.145,1648691.0,8385.798,9.619435,,,,,,
1780417463.145,1648716.0,8385.743,9.61972,,,,,,
1780417463.209,1648741.0,8385.731,9.619464,,,,,,
1780417463.210,1648766.0,8385.657,9.619497,,,,,,
1780417463.210,1648791.0,8385.496,9.619828,,,,,,
1780417463.272,1648816.0,8385.421,9.619864,,,,,,
1780417463.273,1648841.0,8385.539,9.619811,,,,,,
1780417463.331,1648866.0,8385.646,9.620026,,,,,,
1780417463.332,1648891.0,8385.937,9.619637,,,,,,
1780417463.332,1648916.0,8386.055,9.619323,,,,,,
1780417463.398,1648941.0,8386.129,9.61929,,,,,,
1780417463.398,1648966.0,8386.055,9.619323,,,,,,
1780417463.399,1648991.0,8386.14,9.619548,,,,,,
1780417463.473,1649016.0,8386.173,9.619534,,,,,,
1780417463.474,1649041.0,8386.107,9.619561,,,,,,
1780417463.474,1649066.0,8386.193,9.619784,,,,,,
1780417463.538,1649091.0,8386.237,9.619765,,,,,,
1780417463.540,1649116.0,8386.279,9.619747,,,,,,
1780417463.604,1649141.0,8386.483,9.619658,,,,,,
1780417463.604,1649166.0,8386.419,9.619422,,,,,,
1780417463.605,1649191.0,8386.173,9.619531,,,,,,
1780417463.653,1649216.0,8386.044,9.619325,,,,,,
1780417463.654,1649241.0,8386.13,9.619026,,,,,,
1780417463.709,1649266.0,8386.065,9.618793,,,,,,
1780417463.709,1649291.0,8385.852,9.618626,,,,,,
1780417463.775,1649316.0,8385.904,9.618605,,,,,,
1780417463.776,1649341.0,8386.173,9.618225,,,,,,
1780417463.776,1649366.0,8386.162,9.61823,,,,,,
1780417463.833,1649391.0,8386.13,9.618505,,,,,,
1780417463.834,1649416.0,8386.034,9.618287,,,,,,
1780417463.899,1649441.0,8385.883,9.618354,,,,,,
1780417463.901,1649466.0,8385.841,9.618372,,,,,,
1780417463.902,1649491.0,8386.066,9.618273,,,,,,
1780417463.971,1649516.0,8385.841,9.618633,,,,,,
1780417463.972,1649541.0,8385.884,9.618875,,,,,,
1780417464.020,1649566.0,8385.712,9.61895,,,,,,
1780417464.021,1649591.0,8385.626,9.618988,,,,,,
1780417464.084,1649616.0,8385.68,9.618962,,,,,,
1780417464.085,1649641.0,8385.626,9.618725,,,,,,
1780417464.085,1649666.0,8385.753,9.618669,,,,,,
1780417464.154,1649691.0,8385.883,9.618611,,,,,,
1780417464.155,1649716.0,8385.894,9.618607,,,,,,
1780417464.155,1649741.0,8385.754,9.618406,,,,,,
1780417464.222,1649766.0,8385.637,9.618196,,,,,,
1780417464.222,1649791.0,8385.625,9.618202,,,,,,
1780417464.287,1649816.0,8385.678,9.61818,,,,,,
1780417464.288,1649841.0,8385.861,9.618361,,,,,,
1780417464.288,1649866.0,8385.84,9.618632,,,,,,
1780417464.356,1649891.0,8385.84,9.618894,,,,,,
1780417464.356,1649916.0,8386.215,9.61873,,,,,,
1780417464.357,1649941.0,8386.161,9.618752,,,,,,
1780417464.422,1649966.0,8386.119,9.619033,,,,,,
1780417464.423,1649991.0,8386.15,9.619281,,,,,,
1780417464.488,1650016.0,8386.119,9.619295,,,,,,
1780417464.488,1650041.0,8386.173,9.619271,,,,,,
1780417464.488,1650066.0,8386.237,9.61898,,,,,,
1780417464.556,1650091.0,8386.227,9.619246,,,,,,
1780417464.556,1650116.0,8385.926,9.619379,,,,,,
1780417464.557,1650141.0,8386.012,9.619341,,,,,,
1780417464.603,1650166.0,8386.032,9.619332,,,,,,
1780417464.604,1650191.0,8386.161,9.619014,,,,,,
1780417464.670,1650216.0,8386.269,9.618967,,,,,,
1780417464.670,1650241.0,8386.269,9.618967,,,,,,
1780417464.722,1650266.0,8386.193,9.618999,,,,,,
1780417464.722,1650291.0,8386.193,9.618999,,,,,,
1780417464.772,1650316.0,8386.118,9.619033,,,,,,
1780417464.772,1650341.0,8386.075,9.618791,,,,,,
1780417464.843,1650366.0,8386.119,9.618772,,,,,,
1780417464.843,1650391.0,8386.065,9.619056,,,,,,
1780417464.844,1650416.0,8386.193,9.619261,,,,,,
1780417464.905,1650441.0,8386.215,9.618991,,,,,,
1780417464.906,1650466.0,8386.312,9.618948,,,,,,
1780417464.906,1650491.0,8386.129,9.619028,,,,,,
1780417464.975,1650516.0,8386.065,9.618794,,,,,,
1780417464.977,1650541.0,8385.882,9.619137,,,,,,
1780417464.977,1650566.0,8385.925,9.618856,,,,,,
1780417465.021,1650591.0,8385.828,9.618638,,,,,,
1780417465.088,1650616.0,8385.796,9.618652,,,,,,
1780417465.089,1650641.0,8385.593,9.618741,,,,,,
1780417465.090,1650666.0,8385.539,9.618765,,,,,,
1780417465.155,1650691.0,8385.399,9.618827,,,,,,
1780417465.156,1650716.0,8385.39,9.618831,,,,,,
1780417465.157,1650741.0,8385.539,9.618503,,,,,,
1780417465.208,1650766.0,8385.519,9.618513,,,,,,
1780417465.208,1650791.0,8385.389,9.61857,,,,,,
1780417465.271,1650816.0,8385.367,9.61884,,,,,,
1780417465.272,1650841.0,8385.367,9.61884,,,,,,
1780417465.332,1650866.0,8385.261,9.618886,,,,,,
1780417465.332,1650891.0,8385.207,9.61917,,,,,,
1780417465.333,1650916.0,8385.024,9.619253,,,,,,
1780417465.393,1650941.0,8385.003,9.619,,,,,,
1780417465.394,1650966.0,8385.046,9.61898,,,,,,
1780417465.458,1650991.0,8385.121,9.618947,,,,,,
1780417465.459,1651016.0,8385.058,9.618975,,,,,,
1780417465.459,1651041.0,8384.843,9.618809,,,,,,
1780417465.517,1651066.0,8384.789,9.618833,,,,,,
1780417465.518,1651091.0,8384.659,9.618629,,,,,,
1780417465.587,1651116.0,8384.949,9.618501,,,,,,
1780417465.588,1651141.0,8385.066,9.618711,,,,,,
1780417465.588,1651166.0,8385.131,9.618684,,,,,,
1780417465.648,1651191.0,8385.229,9.618902,,,,,,
1780417465.649,1651216.0,8385.164,9.61893,,,,,,
1780417465.649,1651241.0,8385.164,9.618669,,,,,,
1780417465.718,1651266.0,8385.625,9.618205,,,,,,
1780417465.719,1651291.0,8385.775,9.6184,,,,,,
1780417465.770,1651316.0,8386.012,9.618296,,,,,,
1780417465.771,1651341.0,8385.979,9.61831,,,,,,
1780417465.853,1651366.0,8385.903,9.618603,,,,,,
1780417465.854,1651391.0,8385.807,9.618646,,,,,,
1780417465.855,1651416.0,8385.785,9.618395,,,,,,
1780417465.855,1651441.0,8385.84,9.618109,,,,,,
1780417465.903,1651466.0,8385.797,9.618128,,,,,,
1780417465.903,1651491.0,8386.087,9.618001,,,,,,
1780417465.957,1651516.0,8386.162,9.617968,,,,,,
1780417465.958,1651541.0,8386.302,9.617906,,,,,,
1780417466.018,1651566.0,8386.302,9.618167,,,,,,
1780417466.019,1651591.0,8386.237,9.618456,,,,,,
