file,x_col,y_col,n_samples,noise_floor,noise_sigma,signal_amplitude,snr_linear,snr_db,peak_count,peak_indices,peak_snr_db_values,peak_height_threshold
flex_4.csv,sensor1_smooth_rot,sensor2_smooth_rot,864,0.0,0.0012282103029001414,0.023264314499999994,18.941637637354585,25.548350481856946,4,226;352;560;681,22.061719;28.029475;29.393078;22.016815,0.003930272969280452
flex_8_double.csv,sensor1_smooth_rot,sensor2_smooth_rot,869,0.0,0.007128412559495461,0.13463373717851823,18.88691711581399,25.52322148892256,6,108;238;366;535;656;775,12.031545;25.525711;31.143972;31.315026;25.520732;10.965925,0.022810920190385477
flex_8_triple.csv,sensor1_smooth_rot,sensor2_smooth_rot,875,0.0,0.020357091342001563,0.23037821999999863,11.31685348017637,21.074513861866635,5,224;347;531;646;846,18.886581;25.842954;26.443113;21.074514;10.872945,0.065142692294405
