timestamp_computer,timestamp,sensor1,sensor2,mag,width,crack_x,crack_size,serial out,response
1780432910.899,1075270.0,4382.885,2.545762,,,,,status,l_h=11.800000 c_f=220.000000 q=25.000000
1780432910.900,1075295.0,4382.856,2.545763,,,,,,
1780432910.901,1075320.0,4382.815,2.545762,,,,,,
1780432910.962,1075345.0,4382.842,2.545763,,,,,,
1780432910.964,1075370.0,4382.842,2.545763,,,,,,
1780432911.026,1075395.0,4382.938,2.545763,,,,,,
1780432911.028,1075420.0,4383.084,2.545763,,,,,,
1780432911.029,1075445.0,4383.05,2.545763,,,,,,
1780432911.091,1075470.0,4383.012,2.545763,,,,,,
1780432911.093,1075495.0,4383.009,2.545888,,,,,,
1780432911.158,1075520.0,4383.056,2.546013,,,,,,
1780432911.160,1075545.0,4383.047,2.546013,,,,,,
1780432911.173,1075570.0,4383.103,2.546013,,,,,,
1780432911.174,1075595.0,4383.129,2.546013,,,,,,
1780432911.237,1075620.0,4382.927,2.546139,,,,,,
1780432911.238,1075645.0,4382.789,2.546139,,,,,,
1780432911.288,1075670.0,4382.892,2.546139,,,,,,
1780432911.289,1075695.0,4382.895,2.546013,,,,,,
1780432911.361,1075720.0,4382.875,2.546013,,,,,,
1780432911.363,1075745.0,4382.824,2.546013,,,,,,
1780432911.364,1075770.0,4382.648,2.546013,,,,,,
1780432911.430,1075795.0,4382.639,2.546013,,,,,,
1780432911.431,1075820.0,4382.798,2.545888,,,,,,
1780432911.431,1075845.0,4382.769,2.545763,,,,,,
1780432911.481,1075870.0,4382.854,2.545637,,,,,,
1780432911.483,1075895.0,4382.801,2.545637,,,,,,
1780432911.552,1075920.0,4382.98,2.545637,,,,,,
1780432911.554,1075945.0,4383.074,2.545637,,,,,,
1780432911.555,1075970.0,4382.872,2.545637,,,,,,
1780432911.624,1075995.0,4382.927,2.545637,,,,,,
1780432911.626,1076020.0,4382.965,2.545637,,,,,,
1780432911.628,1076045.0,4382.916,2.545637,,,,,,
1780432911.683,1076070.0,4382.968,2.545637,,,,,,
1780432911.684,1076095.0,4383.053,2.545637,,,,,,
1780432911.758,1076120.0,4383.056,2.545511,,,,,,
1780432911.759,1076145.0,4382.886,2.545386,,,,,,
1780432911.760,1076170.0,4382.857,2.545386,,,,,,
1780432911.816,1076195.0,4382.84,2.545386,,,,,,
1780432911.817,1076220.0,4382.846,2.545386,,,,,,
1780432911.870,1076245.0,4382.857,2.545261,,,,,,
1780432911.870,1076270.0,4383.015,2.545261,,,,,,
1780432911.918,1076295.0,4382.787,2.545261,,,,,,
1780432911.918,1076320.0,4382.666,2.545261,,,,,,
1780432911.981,1076345.0,4382.719,2.545261,,,,,,
1780432911.982,1076370.0,4382.73,2.545261,,,,,,
1780432911.983,1076395.0,4382.771,2.545386,,,,,,
1780432912.045,1076420.0,4382.824,2.545511,,,,,,
1780432912.047,1076445.0,4382.743,2.545511,,,,,,
1780432912.048,1076470.0,4382.827,2.545511,,,,,,
1780432912.100,1076495.0,4382.704,2.545511,,,,,,
1780432912.101,1076520.0,4382.689,2.545511,,,,,,
1780432912.175,1076545.0,4382.578,2.545511,,,,,,
1780432912.177,1076570.0,4382.461,2.545512,,,,,,
1780432912.179,1076595.0,4382.552,2.545512,,,,,,
1780432912.233,1076620.0,4382.675,2.545637,,,,,,
1780432912.235,1076645.0,4382.604,2.545637,,,,,,
1780432912.298,1076670.0,4382.473,2.545637,,,,,,
1780432912.300,1076695.0,4382.46,2.545637,,,,,,
1780432912.302,1076720.0,4382.431,2.545637,,,,,,
1780432912.361,1076745.0,4382.344,2.545637,,,,,,
1780432912.362,1076770.0,4382.241,2.545637,,,,,,
1780432912.421,1076795.0,4382.35,2.545637,,,,,,
1780432912.421,1076820.0,4382.429,2.545637,,,,,,
1780432912.422,1076845.0,4382.355,2.545763,,,,,,
1780432912.471,1076870.0,4382.455,2.545762,,,,,,
1780432912.472,1076895.0,4382.564,2.545763,,,,,,
1780432912.536,1076920.0,4382.631,2.545762,,,,,,
1780432912.538,1076945.0,4382.648,2.545762,,,,,,
1780432912.599,1076970.0,4382.611,2.545762,,,,,,
1780432912.600,1076995.0,4382.757,2.545762,,,,,,
1780432912.602,1077020.0,4382.786,2.545637,,,,,,
1780432912.672,1077045.0,4382.638,2.545511,,,,,,
1780432912.673,1077070.0,4382.654,2.545512,,,,,,
1780432912.674,1077095.0,4382.584,2.545511,,,,,,
1780432912.727,1077120.0,4382.549,2.545512,,,,,,
1780432912.728,1077145.0,4382.581,2.545511,,,,,,
1780432912.791,1077170.0,4382.575,2.545511,,,,,,
1780432912.793,1077195.0,4382.593,2.545637,,,,,,
1780432912.848,1077220.0,4382.602,2.545637,,,,,,
1780432912.849,1077245.0,4382.604,2.545511,,,,,,
1780432912.850,1077270.0,4382.399,2.545511,,,,,,
1780432912.879,1077295.0,4382.473,2.545511,,,,,,
1780432912.902,1077320.0,4382.552,2.545637,,,,,,
1780432912.925,1077345.0,4382.541,2.545762,,,,,,
1780432912.950,1077370.0,4382.616,2.545763,,,,,,
1780432912.985,1077395.0,4382.745,2.545762,,,,,,
1780432913.009,1077420.0,4382.695,2.545763,,,,,,
1780432913.032,1077445.0,4382.545,2.545762,,,,,,
1780432913.057,1077470.0,4382.51,2.545637,,,,,,
1780432913.081,1077495.0,4382.469,2.545637,,,,,,
1780432913.104,1077520.0,4382.378,2.545637,,,,,,
1780432913.127,1077545.0,4382.384,2.545637,,,,,,
1780432913.149,1077570.0,4382.401,2.545637,,,,,,
1780432913.183,1077595.0,4382.334,2.545637,,,,,,
1780432913.206,1077620.0,4382.361,2.545637,,,,,,
1780432913.229,1077645.0,4382.208,2.545637,,,,,,
1780432913.256,1077670.0,4382.229,2.545637,,,,,status,l_h=11.800000 c_f=220.000000 q=25.000000
1780432913.314,1077695.0,4382.205,2.545637,,,,,,
1780432913.316,1077720.0,4382.316,2.545637,,,,,,
1780432913.364,1077745.0,4382.46,2.545637,,,,,,
1780432913.365,1077770.0,4382.507,2.545637,,,,,,
1780432913.436,1077795.0,4382.431,2.545637,,,,,,
1780432913.438,1077820.0,4382.467,2.545511,,,,,,
1780432913.439,1077845.0,4382.499,2.545511,,,,,,
1780432913.499,1077870.0,4382.262,2.545511,,,,,,
1780432913.500,1077895.0,4382.303,2.545511,,,,,,
1780432913.502,1077920.0,4382.335,2.545511,,,,,,
1780432913.566,1077945.0,4382.256,2.545386,,,,,,
1780432913.567,1077970.0,4382.166,2.545261,,,,,,
1780432913.613,1077995.0,4382.15,2.545261,,,,,,
1780432913.615,1078020.0,4382.183,2.545386,,,,,,
1780432913.672,1078045.0,4382.2,2.545386,,,,,,
1780432913.674,1078070.0,4382.188,2.545386,,,,,,
1780432913.675,1078095.0,4382.317,2.545386,,,,,,
1780432913.727,1078120.0,4382.464,2.545386,,,,,,
1780432913.729,1078145.0,4382.411,2.545386,,,,,,
1780432913.791,1078170.0,4382.467,2.545386,,,,,,
1780432913.793,1078195.0,4382.558,2.545386,,,,,,
1780432913.865,1078220.0,4382.634,2.545386,,,,,,
1780432913.866,1078245.0,4382.481,2.545386,,,,,,
1780432913.867,1078270.0,4382.654,2.545386,,,,,,
1780432913.936,1078295.0,4382.78,2.545386,,,,,,
1780432913.937,1078320.0,4382.827,2.545386,,,,,,
1780432913.938,1078345.0,4382.766,2.545386,,,,,,
1780432913.990,1078370.0,4382.707,2.545386,,,,,,
1780432913.991,1078395.0,4382.607,2.545386,,,,,,
1780432914.052,1078420.0,4382.727,2.545386,,,,,,
1780432914.053,1078445.0,4382.695,2.545511,,,,,,
1780432914.054,1078470.0,4382.671,2.545511,,,,,,
1780432914.112,1078495.0,4382.835,2.545511,,,,,,
1780432914.114,1078520.0,4383.02,2.545511,,,,,,
1780432914.178,1078545.0,4383.059,2.545511,,,,,,
1780432914.179,1078570.0,4382.944,2.545511,,,,,,
1780432914.180,1078595.0,4383.079,2.545511,,,,,,
1780432914.235,1078620.0,4383.182,2.545512,,,,,,
1780432914.236,1078645.0,4383.205,2.545386,,,,,,
1780432914.301,1078670.0,4383.172,2.545386,,,,,,
1780432914.303,1078695.0,4383.272,2.545386,,,,,,
1780432914.304,1078720.0,4383.246,2.545386,,,,,,
1780432914.370,1078745.0,4383.105,2.545386,,,,,,
1780432914.372,1078770.0,4383.208,2.545386,,,,,,
1780432914.373,1078795.0,4383.249,2.545511,,,,,,
1780432914.437,1078820.0,4383.164,2.545511,,,,,,
1780432914.438,1078845.0,4383.096,2.545511,,,,,,
1780432914.487,1078870.0,4383.084,2.545511,,,,,,
1780432914.488,1078895.0,4383.129,2.545511,,,,,,
1780432914.541,1078920.0,4383.026,2.545511,,,,,,
1780432914.543,1078945.0,4383.003,2.545511,,,,,,
1780432914.598,1078970.0,4382.985,2.545512,,,,,,
1780432914.599,1078995.0,4382.944,2.545511,,,,,,
1780432914.599,1079020.0,4383.014,2.545512,,,,,,
1780432914.668,1079045.0,4382.985,2.545511,,,,,,
1780432914.670,1079070.0,4383.105,2.545386,,,,,,
1780432914.740,1079095.0,4383.05,2.545386,,,,,,
1780432914.742,1079120.0,4383.044,2.545511,,,,,,
1780432914.744,1079145.0,4383.097,2.545637,,,,,,
1780432914.814,1079170.0,4382.979,2.545637,,,,,,
1780432914.816,1079195.0,4383.17,2.545637,,,,,,
1780432914.817,1079220.0,4383.193,2.545637,,,,,,
1780432914.881,1079245.0,4383.026,2.545637,,,,,,
1780432914.882,1079270.0,4382.944,2.545637,,,,,,
1780432914.884,1079295.0,4382.891,2.545637,,,,,,
1780432914.931,1079320.0,4382.891,2.545637,,,,,,
1780432914.932,1079345.0,4382.774,2.545637,,,,,,
1780432914.996,1079370.0,4382.721,2.545637,,,,,,
1780432914.997,1079395.0,4382.701,2.545637,,,,,,
1780432914.997,1079420.0,4382.786,2.545637,,,,,,
1780432915.040,1079445.0,4382.807,2.545637,,,,,,
1780432915.110,1079470.0,4382.944,2.545637,,,,,,
1780432915.111,1079495.0,4383.041,2.545762,,,,,,
1780432915.112,1079520.0,4382.982,2.545762,,,,,,
1780432915.174,1079545.0,4382.967,2.545762,,,,,,
1780432915.176,1079570.0,4383.131,2.545762,,,,,,
1780432915.177,1079595.0,4383.029,2.545888,,,,,,
1780432915.236,1079620.0,4382.953,2.545888,,,,,,
1780432915.237,1079645.0,4382.941,2.545888,,,,,,
1780432915.300,1079670.0,4382.959,2.546013,,,,,,
1780432915.300,1079695.0,4382.78,2.546013,,,,,,
1780432915.301,1079720.0,4382.78,2.546013,,,,,,
1780432915.401,1079745.0,4382.798,2.545888,,,,,,
1780432915.402,1079770.0,4382.692,2.545763,,,,,,
1780432915.402,1079795.0,4382.71,2.545762,,,,,,
1780432915.403,1079820.0,4382.69,2.545763,,,,,,
1780432915.448,1079845.0,4382.64,2.545763,,,,,,
1780432915.448,1079870.0,4382.596,2.545763,,,,,,
1780432915.504,1079895.0,4382.646,2.545763,,,,,,
1780432915.505,1079920.0,4382.593,2.545762,,,,,,
1780432915.569,1079945.0,4382.593,2.545763,,,,,,
1780432915.570,1079970.0,4382.681,2.545762,,,,,,
1780432915.626,1079995.0,4382.774,2.545762,,,,,,
1780432915.628,1080020.0,4382.789,2.545762,,,,,,
1780432915.629,1080045.0,4382.643,2.545637,,,,,,
1780432915.706,1080070.0,4382.607,2.545637,,,,,,
1780432915.708,1080095.0,4382.537,2.545637,,,,,,
1780432915.710,1080120.0,4382.498,2.545511,,,,,,
1780432915.778,1080145.0,4382.498,2.545511,,,,,,
1780432915.780,1080170.0,4382.583,2.545511,,,,,,
1780432915.781,1080195.0,4382.48,2.545511,,,,,,
1780432915.865,1080220.0,4382.591,2.545386,,,,,,
1780432915.866,1080245.0,4382.756,2.545386,,,,,,
1780432915.868,1080270.0,4382.785,2.545386,,,,,,
1780432915.942,1080295.0,4382.759,2.545261,,,,,,
1780432915.944,1080320.0,4382.817,2.545261,,,,,,
1780432915.945,1080345.0,4382.882,2.545261,,,,,,
1780432916.024,1080370.0,4382.882,2.545261,,,,,,
1780432916.025,1080395.0,4382.844,2.545261,,,,,,
1780432916.026,1080420.0,4382.961,2.545261,,,,,,
1780432916.028,1080445.0,4382.944,2.545261,,,,,,
1780432916.100,1080470.0,4382.786,2.545261,,,,,,
1780432916.101,1080495.0,4382.865,2.545261,,,,,,
1780432916.102,1080520.0,4382.939,2.545261,,,,,,
1780432916.180,1080545.0,4383.047,2.545261,,,,,,
1780432916.182,1080570.0,4383.003,2.545261,,,,,,
1780432916.184,1080595.0,4382.988,2.545261,,,,,,
1780432916.255,1080620.0,4383.093,2.545261,,,,,,
1780432916.257,1080645.0,4383.023,2.545261,,,,,,
1780432916.258,1080670.0,4382.979,2.545386,,,,,,
1780432916.319,1080695.0,4383.114,2.545386,,,,,,
1780432916.321,1080720.0,4383.131,2.545386,,,,,,
1780432916.383,1080745.0,4383.058,2.545386,,,,,,
1780432916.384,1080770.0,4383.061,2.545386,,,,,,
1780432916.384,1080795.0,4383.117,2.545386,,,,,,
1780432916.433,1080820.0,4383.084,2.545511,,,,,,
1780432916.435,1080845.0,4383.061,2.545512,,,,,,
1780432916.504,1080870.0,4383.006,2.545511,,,,,,
1780432916.506,1080895.0,4382.716,2.545512,,,,,,
1780432916.507,1080920.0,4382.576,2.545511,,,,,,
1780432916.581,1080945.0,4382.646,2.545512,,,,,,
1780432916.583,1080970.0,4382.678,2.545637,,,,,,
1780432916.584,1080995.0,4382.646,2.545637,,,,,,
1780432916.645,1081020.0,4382.705,2.545637,,,,,,
1780432916.646,1081045.0,4382.584,2.545637,,,,,,
1780432916.648,1081070.0,4382.579,2.545637,,,,,,
1780432916.697,1081095.0,4382.701,2.545637,,,,,,
1780432916.699,1081120.0,4382.707,2.545637,,,,,,
1780432916.768,1081145.0,4382.71,2.545637,,,,,,
1780432916.769,1081170.0,4382.602,2.545637,,,,,,
1780432916.820,1081195.0,4382.617,2.545637,,,,,,
1780432916.820,1081220.0,4382.643,2.545637,,,,,,
1780432916.867,1081245.0,4382.549,2.545637,,,,,,
1780432916.867,1081270.0,4382.608,2.545637,,,,,,
1780432916.925,1081295.0,4382.689,2.545511,,,,,,
1780432916.926,1081320.0,4382.496,2.545511,,,,,,
1780432916.927,1081345.0,4382.502,2.545511,,,,,,
1780432917.002,1081370.0,4382.661,2.545511,,,,,,
1780432917.003,1081395.0,4382.617,2.545511,,,,,,
1780432917.005,1081420.0,4382.52,2.545511,,,,,,
1780432917.080,1081445.0,4382.537,2.545386,,,,,,
1780432917.081,1081470.0,4382.593,2.545386,,,,,,
1780432917.082,1081495.0,4382.508,2.545386,,,,,,
1780432917.147,1081520.0,4382.695,2.545386,,,,,,
1780432917.149,1081545.0,4382.818,2.545386,,,,,,
1780432917.150,1081570.0,4382.692,2.545386,,,,,,
1780432917.242,1081595.0,4382.657,2.545261,,,,,,
1780432917.244,1081620.0,4382.624,2.545261,,,,,,
1780432917.246,1081645.0,4382.583,2.545261,,,,,,
1780432917.248,1081670.0,4382.625,2.545261,,,,,,
1780432917.316,1081695.0,4382.613,2.545261,,,,,,
1780432917.316,1081720.0,4382.645,2.545261,,,,,,
1780432917.367,1081745.0,4382.753,2.545261,,,,,,
1780432917.368,1081770.0,4382.712,2.545261,,,,,,
1780432917.440,1081795.0,4382.8,2.545261,,,,,,
1780432917.441,1081820.0,4382.823,2.545261,,,,,,
1780432917.442,1081845.0,4382.809,2.545261,,,,,,
1780432917.496,1081870.0,4382.874,2.545261,,,,,,
1780432917.498,1081895.0,4382.9,2.545261,,,,,,
1780432917.499,1081920.0,4382.929,2.545261,,,,,,
1780432917.561,1081945.0,4382.959,2.545261,,,,,,
1780432917.563,1081970.0,4382.976,2.545261,,,,,,
1780432917.632,1081995.0,4382.882,2.545261,,,,,,
1780432917.633,1082020.0,4382.742,2.545261,,,,,,
1780432917.634,1082045.0,4382.68,2.545386,,,,,,
1780432917.715,1082070.0,4382.713,2.545386,,,,,,
1780432917.715,1082095.0,4382.73,2.545386,,,,,,
1780432917.716,1082120.0,4382.745,2.545386,,,,,,
1780432917.789,1082145.0,4382.795,2.545386,,,,,,
1780432917.790,1082170.0,4382.839,2.545386,,,,,,
1780432917.791,1082195.0,4382.771,2.545386,,,,,,
1780432917.831,1082220.0,4382.696,2.545386,,,,,,
1780432917.831,1082245.0,4382.736,2.545386,,,,,,
1780432917.882,1082270.0,4382.812,2.545386,,,,,,
1780432917.884,1082295.0,4382.865,2.545386,,,,,,
1780432917.955,1082320.0,4382.895,2.545386,,,,,,
1780432917.956,1082345.0,4382.892,2.545386,,,,,,
1780432917.958,1082370.0,4382.853,2.545386,,,,,,
1780432918.015,1082395.0,4382.762,2.545386,,,,,,
1780432918.016,1082420.0,4382.821,2.545386,,,,,,
1780432918.087,1082445.0,4382.824,2.545386,,,,,,
1780432918.088,1082470.0,4382.795,2.545386,,,,,,
1780432918.089,1082495.0,4382.762,2.545386,,,,,,
1780432918.178,1082520.0,4382.809,2.545386,,,,,,
1780432918.180,1082545.0,4382.63,2.545386,,,,,,
1780432918.181,1082570.0,4382.765,2.545386,,,,,,
1780432918.182,1082595.0,4382.78,2.545386,,,,,,
1780432918.256,1082620.0,4382.75,2.545386,,,,,,
1780432918.257,1082645.0,4382.894,2.545386,,,,,,
1780432918.259,1082670.0,4383.029,2.545261,,,,,,
1780432918.332,1082695.0,4382.999,2.545261,,,,,,
1780432918.334,1082720.0,4382.821,2.545261,,,,,,
1780432918.336,1082745.0,4382.823,2.545261,,,,,,
1780432918.431,1082770.0,4382.725,2.545386,,,,,,
1780432918.432,1082795.0,4382.669,2.545386,,,,,,
1780432918.433,1082820.0,4382.763,2.545386,,,,,,
1780432918.434,1082845.0,4382.818,2.545386,,,,,,
1780432918.498,1082870.0,4382.696,2.545386,,,,,,
1780432918.499,1082895.0,4382.772,2.545386,,,,,,
1780432918.500,1082920.0,4382.587,2.545386,,,,,,
1780432918.567,1082945.0,4382.564,2.545386,,,,,,
1780432918.567,1082970.0,4382.514,2.545386,,,,,,
1780432918.634,1082995.0,4382.447,2.545386,,,,,,
1780432918.635,1083020.0,4382.605,2.545386,,,,,,
1780432918.636,1083045.0,4382.508,2.545512,,,,,,
1780432918.712,1083070.0,4382.49,2.545511,,,,,,
1780432918.714,1083095.0,4382.479,2.545511,,,,,,
1780432918.715,1083120.0,4382.464,2.545511,,,,,,
1780432918.779,1083145.0,4382.232,2.545637,,,,,,
1780432918.780,1083170.0,4382.305,2.545637,,,,,,
1780432918.781,1083195.0,4382.241,2.545637,,,,,,
1780432918.831,1083220.0,4382.077,2.545637,,,,,,
1780432918.832,1083245.0,4382.097,2.545637,,,,,,
1780432918.879,1083270.0,4382.077,2.545763,,,,,,
1780432918.880,1083295.0,4381.948,2.545762,,,,,,
1780432918.937,1083320.0,4381.903,2.545888,,,,,,
1780432918.938,1083345.0,4381.959,2.545888,,,,,,
1780432918.989,1083370.0,4382.062,2.545888,,,,,,
1780432918.989,1083395.0,4382.095,2.545888,,,,,,
1780432919.061,1083420.0,4382.127,2.545888,,,,,,
1780432919.062,1083445.0,4382.186,2.545888,,,,,,
1780432919.063,1083470.0,4382.241,2.545888,,,,,,
1780432919.134,1083495.0,4382.256,2.545888,,,,,,
1780432919.136,1083520.0,4382.085,2.545888,,,,,,
1780432919.137,1083545.0,4382.203,2.545888,,,,,,
1780432919.214,1083570.0,4382.197,2.545888,,,,,,
1780432919.215,1083595.0,4382.235,2.545888,,,,,,
1780432919.216,1083620.0,4382.296,2.545888,,,,,,
1780432919.301,1083645.0,4382.27,2.545888,,,,,,
1780432919.302,1083670.0,4382.285,2.545763,,,,,,
1780432919.303,1083695.0,4382.211,2.545762,,,,,,
1780432919.304,1083720.0,4382.206,2.545762,,,,,,
1780432919.369,1083745.0,4382.167,2.545762,,,,,,
1780432919.371,1083770.0,4382.279,2.545637,,,,,,
1780432919.372,1083795.0,4382.434,2.545637,,,,,,
1780432919.448,1083820.0,4382.375,2.545637,,,,,,
1780432919.449,1083845.0,4382.487,2.545637,,,,,,
1780432919.451,1083870.0,4382.54,2.545637,,,,,,
1780432919.522,1083895.0,4382.66,2.545511,,,,,,
1780432919.523,1083920.0,4382.725,2.545511,,,,,,
1780432919.525,1083945.0,4382.71,2.545386,,,,,,
1780432919.617,1083970.0,4382.871,2.545386,,,,,,
1780432919.618,1083995.0,4382.833,2.545386,,,,,,
1780432919.620,1084020.0,4382.83,2.545261,,,,,,
1780432919.689,1084045.0,4382.897,2.545261,,,,,,
1780432919.690,1084070.0,4382.962,2.545261,,,,,,
1780432919.691,1084095.0,4382.892,2.545261,,,,,,
1780432919.755,1084120.0,4382.93,2.545261,,,,,,
1780432919.756,1084145.0,4383.032,2.545261,,,,,,
1780432919.756,1084170.0,4383.093,2.545261,,,,,,
1780432919.806,1084195.0,4383.093,2.545261,,,,,,
1780432919.808,1084220.0,4383.097,2.545261,,,,,,
1780432919.869,1084245.0,4383.135,2.545261,,,,,,
1780432919.871,1084270.0,4383.056,2.545261,,,,,,
1780432919.872,1084295.0,4383.126,2.545261,,,,,,
1780432919.944,1084320.0,4383.273,2.545261,,,,,,
1780432919.946,1084345.0,4383.231,2.545261,,,,,,
1780432919.999,1084370.0,4383.311,2.545261,,,,,,
1780432920.000,1084395.0,4383.372,2.545261,,,,,,
1780432920.001,1084420.0,4383.375,2.545261,,,,,,
1780432920.059,1084445.0,4383.337,2.545261,,,,,,
1780432920.060,1084470.0,4383.398,2.545261,,,,,,
1780432920.123,1084495.0,4383.375,2.545261,,,,,,
1780432920.125,1084520.0,4383.082,2.545261,,,,,,
1780432920.126,1084545.0,4382.961,2.545261,,,,,,
1780432920.199,1084570.0,4383.047,2.545261,,,,,,
1780432920.200,1084595.0,4382.807,2.545261,,,,,,
1780432920.201,1084620.0,4382.757,2.545261,,,,,,
1780432920.262,1084645.0,4382.722,2.545261,,,,,,
1780432920.265,1084670.0,4382.705,2.545261,,,,,,
1780432920.314,1084695.0,4382.611,2.545261,,,,,,
1780432920.314,1084720.0,4382.672,2.545261,,,,,,
1780432920.367,1084745.0,4382.804,2.545261,,,,,,
1780432920.369,1084770.0,4382.684,2.545261,,,,,,
1780432920.426,1084795.0,4382.719,2.545261,,,,,,
1780432920.427,1084820.0,4382.763,2.545261,,,,,,
1780432920.428,1084845.0,4382.874,2.545261,,,,,,
1780432920.489,1084870.0,4382.713,2.545261,,,,,,
1780432920.491,1084895.0,4382.713,2.545261,,,,,,
1780432920.553,1084920.0,4382.749,2.545261,,,,,,
1780432920.555,1084945.0,4382.569,2.545261,,,,,,
1780432920.556,1084970.0,4382.613,2.545261,,,,,,
1780432920.616,1084995.0,4382.561,2.545261,,,,,,
1780432920.617,1085020.0,4382.561,2.545386,,,,,,
1780432920.623,1085045.0,4382.467,2.545386,,,,,,
1780432920.657,1085070.0,4382.555,2.545386,,,,,,
1780432920.681,1085095.0,4382.566,2.545386,,,,,,
1780432920.705,1085120.0,4382.637,2.545386,,,,,,
1780432920.729,1085145.0,4382.769,2.545386,,,,,,
1780432920.753,1085170.0,4382.882,2.545386,,,,,,
1780432920.777,1085195.0,4382.847,2.545386,,,,,,
1780432920.801,1085220.0,4383.029,2.545386,,,,,,
1780432920.826,1085245.0,4383.084,2.545386,,,,,,
1780432920.860,1085270.0,4383.211,2.545386,,,,,,
1780432920.884,1085295.0,4383.093,2.545386,,,,,,
1780432920.908,1085320.0,4383.138,2.545386,,,,,,
1780432920.932,1085345.0,4383.1,2.545386,,,,,,
1780432920.956,1085370.0,4382.976,2.545386,,,,,,
1780432920.981,1085395.0,4382.938,2.545386,,,,,,
1780432921.004,1085420.0,4382.897,2.545386,,,,,,
1780432921.082,1085445.0,4382.921,2.545386,,,,,status,l_h=11.800000 c_f=220.000000 q=25.000000
1780432921.083,1085470.0,4382.774,2.545386,,,,,,
1780432921.083,1085495.0,4382.895,2.545386,,,,,,
1780432921.130,1085520.0,4382.95,2.545386,,,,,,
1780432921.132,1085545.0,4382.959,2.545386,,,,,,
1780432921.198,1085570.0,4383.018,2.545386,,,,,,
1780432921.199,1085595.0,4383.032,2.545386,,,,,,
1780432921.200,1085620.0,4383.07,2.545386,,,,,,
1780432921.271,1085645.0,4382.982,2.545261,,,,,,
1780432921.273,1085670.0,4382.94,2.545261,,,,,,
1780432921.274,1085695.0,4383.046,2.545261,,,,,,
1780432921.338,1085720.0,4382.967,2.545261,,,,,,
1780432921.339,1085745.0,4382.771,2.545261,,,,,,
1780432921.402,1085770.0,4382.803,2.545261,,,,,,
1780432921.403,1085795.0,4382.838,2.545261,,,,,,
1780432921.404,1085820.0,4382.812,2.545261,,,,,,
1780432921.467,1085845.0,4382.756,2.545261,,,,,,
1780432921.469,1085870.0,4382.715,2.545261,,,,,,
1780432921.516,1085895.0,4382.554,2.545261,,,,,,
1780432921.516,1085920.0,4382.633,2.545261,,,,,,
1780432921.568,1085945.0,4382.58,2.545261,,,,,,
1780432921.570,1085970.0,4382.61,2.545261,,,,,,
1780432921.636,1085995.0,4382.666,2.545386,,,,,,
1780432921.637,1086020.0,4382.792,2.545386,,,,,,
1780432921.638,1086045.0,4382.81,2.545386,,,,,,
1780432921.721,1086070.0,4382.748,2.545386,,,,,,
1780432921.722,1086095.0,4382.815,2.545386,,,,,,
1780432921.723,1086120.0,4382.839,2.545386,,,,,,
1780432921.725,1086145.0,4382.745,2.545386,,,,,,
1780432921.781,1086170.0,4382.49,2.545386,,,,,,
1780432921.782,1086195.0,4382.493,2.545386,,,,,,
1780432921.849,1086220.0,4382.59,2.545386,,,,,,
1780432921.850,1086245.0,4382.493,2.545386,,,,,,
1780432921.851,1086270.0,4382.586,2.545386,,,,,,
1780432921.899,1086295.0,4382.704,2.545386,,,,,,
1780432921.899,1086320.0,4382.516,2.545386,,,,,,
1780432921.954,1086345.0,4382.584,2.545386,,,,,,
1780432921.955,1086370.0,4382.678,2.545386,,,,,,
1780432922.010,1086395.0,4382.651,2.545386,,,,,,
1780432922.011,1086420.0,4382.607,2.545386,,,,,,
1780432922.078,1086445.0,4382.581,2.545386,,,,,,
1780432922.079,1086470.0,4382.552,2.545386,,,,,,
1780432922.079,1086495.0,4382.675,2.545386,,,,,,
1780432922.132,1086520.0,4382.898,2.545386,,,,,,
1780432922.133,1086545.0,4382.918,2.545386,,,,,,
1780432922.195,1086570.0,4382.959,2.545386,,,,,,
1780432922.196,1086595.0,4382.83,2.545386,,,,,,
1780432922.197,1086620.0,4382.827,2.545386,,,,,,
1780432922.252,1086645.0,4382.909,2.545386,,,,,,
1780432922.253,1086670.0,4382.801,2.545386,,,,,,
1780432922.316,1086695.0,4382.833,2.545386,,,,,,
1780432922.317,1086720.0,4382.815,2.545386,,,,,,
1780432922.380,1086745.0,4382.698,2.545386,,,,,,
1780432922.382,1086770.0,4382.672,2.545386,,,,,,
1780432922.383,1086795.0,4382.845,2.545386,,,,,,
1780432922.454,1086820.0,4382.971,2.545386,,,,,,
1780432922.454,1086845.0,4382.696,2.545386,,,,,,
1780432922.455,1086870.0,4382.76,2.545386,,,,,,
1780432922.506,1086895.0,4382.774,2.545386,,,,,,
1780432922.507,1086920.0,4382.745,2.545386,,,,,,
1780432922.569,1086945.0,4382.818,2.545386,,,,,,
1780432922.569,1086970.0,4382.886,2.545386,,,,,,
1780432922.632,1086995.0,4383.003,2.545386,,,,,,
1780432922.632,1087020.0,4382.971,2.545386,,,,,,
1780432922.633,1087045.0,4382.956,2.545386,,,,,,
1780432922.696,1087070.0,4382.974,2.545386,,,,,,
1780432922.696,1087095.0,4382.941,2.545386,,,,,,
1780432922.697,1087120.0,4382.743,2.545386,,,,,,
1780432922.755,1087145.0,4382.631,2.545386,,,,,,
1780432922.756,1087170.0,4382.619,2.545386,,,,,,
1780432922.823,1087195.0,4382.631,2.545386,,,,,,
1780432922.824,1087220.0,4382.669,2.545386,,,,,,
1780432922.825,1087245.0,4382.739,2.545261,,,,,,
1780432922.886,1087270.0,4382.637,2.545261,,,,,,
1780432922.887,1087295.0,4382.637,2.545261,,,,,,
1780432922.951,1087320.0,4382.604,2.545261,,,,,,
1780432922.952,1087345.0,4382.623,2.545261,,,,,,
1780432922.952,1087370.0,4382.681,2.545261,,,,,,
1780432923.008,1087395.0,4382.751,2.545261,,,,,,
1780432923.008,1087420.0,4382.821,2.545261,,,,,,
1780432923.077,1087445.0,4382.689,2.545261,,,,,,
1780432923.078,1087470.0,4382.833,2.545261,,,,,,
1780432923.080,1087495.0,4382.932,2.545261,,,,,,
1780432923.132,1087520.0,4382.78,2.545261,,,,,,
1780432923.134,1087545.0,4382.777,2.545261,,,,,,
1780432923.205,1087570.0,4382.859,2.545261,,,,,,
1780432923.207,1087595.0,4382.777,2.545261,,,,,,
1780432923.208,1087620.0,4382.703,2.545261,,,,,,
1780432923.269,1087645.0,4382.855,2.545261,,,,,,
1780432923.270,1087670.0,4382.885,2.545261,,,,,,
1780432923.335,1087695.0,4382.874,2.545261,,,,,,
1780432923.336,1087720.0,4382.959,2.545261,,,,,,
1780432923.336,1087745.0,4383.084,2.545386,,,,,,
1780432923.400,1087770.0,4383.12,2.545386,,,,,,
1780432923.402,1087795.0,4383.102,2.545386,,,,,,
1780432923.402,1087820.0,4383.032,2.545386,,,,,,
1780432923.464,1087845.0,4383.158,2.545386,,,,,,
1780432923.465,1087870.0,4383.084,2.545386,,,,,,
1780432923.530,1087895.0,4383.131,2.545386,,,,,,
1780432923.531,1087920.0,4383.264,2.545386,,,,,,
1780432923.532,1087945.0,4383.144,2.545386,,,,,,
1780432923.582,1087970.0,4383.067,2.545386,,,,,,
1780432923.583,1087995.0,4383.043,2.545511,,,,,,
1780432923.657,1088020.0,4383.053,2.545512,,,,,,
1780432923.658,1088045.0,4382.917,2.545511,,,,,,
1780432923.659,1088070.0,4382.938,2.545511,,,,,,
1780432923.715,1088095.0,4383.026,2.545511,,,,,,
1780432923.716,1088120.0,4382.92,2.545511,,,,,,
1780432923.782,1088145.0,4382.961,2.545511,,,,,,
1780432923.784,1088170.0,4383.05,2.545512,,,,,,
1780432923.785,1088195.0,4382.988,2.545511,,,,,,
1780432923.834,1088220.0,4382.967,2.545512,,,,,,
1780432923.835,1088245.0,4382.915,2.545511,,,,,,
1780432923.898,1088270.0,4382.854,2.545512,,,,,,
1780432923.900,1088295.0,4382.806,2.545511,,,,,,
1780432923.901,1088320.0,4382.791,2.545511,,,,,,
1780432923.962,1088345.0,4382.742,2.545511,,,,,,
1780432923.963,1088370.0,4382.686,2.545511,,,,,,
1780432924.025,1088395.0,4382.601,2.545511,,,,,,
1780432924.027,1088420.0,4382.575,2.545511,,,,,,
1780432924.028,1088445.0,4382.675,2.545511,,,,,,
1780432924.083,1088470.0,4382.607,2.545511,,,,,,
1780432924.084,1088495.0,4382.461,2.545511,,,,,,
1780432924.152,1088520.0,4382.329,2.545511,,,,,,
1780432924.153,1088545.0,4382.215,2.545512,,,,,,
1780432924.154,1088570.0,4382.268,2.545511,,,,,,
1780432924.215,1088595.0,4382.364,2.545512,,,,,,
1780432924.216,1088620.0,4382.355,2.545386,,,,,,
1780432924.278,1088645.0,4382.3,2.545386,,,,,,
1780432924.279,1088670.0,4382.399,2.545386,,,,,,
1780432924.279,1088695.0,4382.446,2.545386,,,,,,
1780432924.333,1088720.0,4382.393,2.545386,,,,,,
1780432924.334,1088745.0,4382.417,2.545386,,,,,,
1780432924.404,1088770.0,4382.369,2.545386,,,,,,
1780432924.405,1088795.0,4382.229,2.545386,,,,,,
1780432924.406,1088820.0,4382.284,2.545386,,,,,,
1780432924.468,1088845.0,4382.305,2.545386,,,,,,
1780432924.469,1088870.0,4382.375,2.545386,,,,,,
1780432924.531,1088895.0,4382.361,2.545386,,,,,,
1780432924.532,1088920.0,4382.296,2.545511,,,,,,
1780432924.533,1088945.0,4382.381,2.545511,,,,,,
1780432924.599,1088970.0,4382.428,2.545511,,,,,,
1780432924.601,1088995.0,4382.495,2.545386,,,,,,
1780432924.602,1089020.0,4382.557,2.545386,,,,,,
1780432924.662,1089045.0,4382.701,2.545386,,,,,,
1780432924.663,1089070.0,4382.631,2.545386,,,,,,
1780432924.713,1089095.0,4382.646,2.545386,,,,,,
1780432924.713,1089120.0,4382.821,2.545386,,,,,,
1780432924.781,1089145.0,4382.882,2.545386,,,,,,
1780432924.783,1089170.0,4382.871,2.545386,,,,,,
1780432924.784,1089195.0,4382.979,2.545386,,,,,,
1780432924.841,1089220.0,4382.906,2.545386,,,,,,
1780432924.841,1089245.0,4382.915,2.545386,,,,,,
1780432924.897,1089270.0,4382.935,2.545386,,,,,,
1780432924.898,1089295.0,4382.929,2.545386,,,,,,
1780432924.898,1089320.0,4382.824,2.545386,,,,,,
1780432924.959,1089345.0,4382.868,2.545386,,,,,,
1780432924.960,1089370.0,4382.835,2.545386,,,,,,
1780432925.020,1089395.0,4382.926,2.545386,,,,,,
1780432925.021,1089420.0,4382.941,2.545511,,,,,,
1780432925.084,1089445.0,4382.979,2.545511,,,,,,
1780432925.085,1089470.0,4383.012,2.545511,,,,,,
1780432925.086,1089495.0,4383.017,2.545511,,,,,,
1780432925.147,1089520.0,4382.968,2.545511,,,,,,
1780432925.149,1089545.0,4383.026,2.545386,,,,,,
1780432925.150,1089570.0,4382.965,2.545386,,,,,,
1780432925.209,1089595.0,4382.906,2.545386,,,,,,
1780432925.210,1089620.0,4382.813,2.545386,,,,,,
1780432925.274,1089645.0,4382.903,2.545512,,,,,,
1780432925.275,1089670.0,4382.739,2.545511,,,,,,
1780432925.276,1089695.0,4382.669,2.545512,,,,,,
1780432925.349,1089720.0,4382.722,2.545511,,,,,,
1780432925.351,1089745.0,4382.721,2.545511,,,,,,
1780432925.352,1089770.0,4382.592,2.545511,,,,,,
1780432925.400,1089795.0,4382.557,2.545511,,,,,,
1780432925.401,1089820.0,4382.475,2.545512,,,,,,
1780432925.463,1089845.0,4382.422,2.545511,,,,,,
1780432925.464,1089870.0,4382.354,2.545512,,,,,,
1780432925.525,1089895.0,4382.434,2.545511,,,,,,
1780432925.526,1089920.0,4382.39,2.545512,,,,,,
1780432925.527,1089945.0,4382.466,2.545511,,,,,,
1780432925.589,1089970.0,4382.522,2.545511,,,,,,
1780432925.590,1089995.0,4382.569,2.545511,,,,,,
1780432925.645,1090020.0,4382.507,2.545511,,,,,,
1780432925.647,1090045.0,4382.481,2.545386,,,,,,
1780432925.648,1090070.0,4382.419,2.545386,,,,,,
1780432925.707,1090095.0,4382.247,2.545386,,,,,,
1780432925.708,1090120.0,4382.217,2.545386,,,,,,
1780432925.771,1090145.0,4382.256,2.545386,,,,,,
1780432925.772,1090170.0,4382.226,2.545386,,,,,,
1780432925.773,1090195.0,4382.186,2.545386,,,,,,
1780432925.835,1090220.0,4382.209,2.545386,,,,,,
1780432925.836,1090245.0,4382.305,2.545386,,,,,,
1780432925.898,1090270.0,4382.141,2.545261,,,,,,
1780432925.899,1090295.0,4382.135,2.545261,,,,,,
1780432925.900,1090320.0,4382.244,2.545261,,,,,,
1780432925.965,1090345.0,4382.129,2.545261,,,,,,
1780432925.966,1090370.0,4381.988,2.545261,,,,,,
1780432926.023,1090395.0,4382.197,2.545261,,,,,,
1780432926.023,1090420.0,4382.173,2.545261,,,,,,
1780432926.024,1090445.0,4382.135,2.545261,,,,,,
1780432926.087,1090470.0,4382.176,2.545261,,,,,,
1780432926.089,1090495.0,4382.361,2.545261,,,,,,
1780432926.150,1090520.0,4382.25,2.545261,,,,,,
1780432926.152,1090545.0,4382.262,2.545261,,,,,,
1780432926.153,1090570.0,4382.279,2.545261,,,,,,
1780432926.216,1090595.0,4382.182,2.545261,,,,,,
1780432926.218,1090620.0,4382.112,2.545261,,,,,,
1780432926.287,1090645.0,4382.08,2.545261,,,,,,
1780432926.288,1090670.0,4382.106,2.545261,,,,,,
1780432926.288,1090695.0,4382.048,2.545261,,,,,,
1780432926.346,1090720.0,4382.197,2.545261,,,,,,
1780432926.347,1090745.0,4382.235,2.545261,,,,,,
1780432926.347,1090770.0,4382.159,2.545261,,,,,,
1780432926.404,1090795.0,4382.235,2.545261,,,,,,
1780432926.404,1090820.0,4382.352,2.545261,,,,,,
1780432926.467,1090845.0,4382.411,2.545261,,,,,,
1780432926.468,1090870.0,4382.275,2.545261,,,,,,
1780432926.530,1090895.0,4382.414,2.545261,,,,,,
1780432926.532,1090920.0,4382.446,2.545261,,,,,,
1780432926.533,1090945.0,4382.396,2.545261,,,,,,
1780432926.593,1090970.0,4382.475,2.545261,,,,,,
1780432926.593,1090995.0,4382.606,2.545261,,,,,,
1780432926.644,1091020.0,4382.536,2.545261,,,,,,
1780432926.645,1091045.0,4382.595,2.545261,,,,,,
1780432926.712,1091070.0,4382.607,2.545261,,,,,,
1780432926.713,1091095.0,4382.604,2.545261,,,,,,
1780432926.714,1091120.0,4382.478,2.545261,,,,,,
1780432926.777,1091145.0,4382.531,2.545261,,,,,,
1780432926.778,1091170.0,4382.589,2.545261,,,,,,
1780432926.779,1091195.0,4382.516,2.545261,,,,,,
1780432926.837,1091220.0,4382.507,2.545261,,,,,,
1780432926.838,1091245.0,4382.607,2.545261,,,,,,
1780432926.903,1091270.0,4382.715,2.545261,,,,,,
1780432926.904,1091295.0,4382.639,2.545261,,,,,,
1780432926.905,1091320.0,4382.569,2.545261,,,,,,
1780432926.967,1091345.0,4382.607,2.545261,,,,,,
1780432926.968,1091370.0,4382.484,2.545386,,,,,,
1780432927.032,1091395.0,4382.548,2.545386,,,,,,
1780432927.032,1091420.0,4382.552,2.545386,,,,,,
1780432927.033,1091445.0,4382.358,2.545386,,,,,,
1780432927.094,1091470.0,4382.194,2.545386,,,,,,
1780432927.095,1091495.0,4382.279,2.545386,,,,,,
1780432927.152,1091520.0,4382.2,2.545386,,,,,,
1780432927.153,1091545.0,4382.156,2.545386,,,,,,
1780432927.154,1091570.0,4382.115,2.545386,,,,,,
1780432927.212,1091595.0,4382.033,2.545386,,,,,,
1780432927.213,1091620.0,4382.012,2.545386,,,,,,
1780432927.281,1091645.0,4382.024,2.545386,,,,,,
1780432927.282,1091670.0,4382.124,2.545386,,,,,,
1780432927.283,1091695.0,4382.282,2.545386,,,,,,
1780432927.332,1091720.0,4382.271,2.545386,,,,,,
1780432927.334,1091745.0,4382.296,2.545386,,,,,,
1780432927.397,1091770.0,4382.405,2.545386,,,,,,
1780432927.398,1091795.0,4382.191,2.545386,,,,,,
1780432927.399,1091820.0,4382.206,2.545386,,,,,,
1780432927.460,1091845.0,4382.288,2.545386,,,,,,
1780432927.461,1091870.0,4382.098,2.545386,,,,,,
1780432927.521,1091895.0,4382.051,2.545386,,,,,,
1780432927.522,1091920.0,4382.101,2.545386,,,,,,
1780432927.523,1091945.0,4382.186,2.545511,,,,,,
1780432927.588,1091970.0,4382.13,2.545511,,,,,,
1780432927.589,1091995.0,4382.168,2.545511,,,,,,
1780432927.651,1092020.0,4382.25,2.545637,,,,,,
1780432927.653,1092045.0,4382.215,2.545637,,,,,,
1780432927.654,1092070.0,4382.238,2.545637,,,,,,
1780432927.714,1092095.0,4382.364,2.545637,,,,,,
1780432927.716,1092120.0,4382.221,2.545637,,,,,,
1780432927.778,1092145.0,4382.203,2.545637,,,,,,
1780432927.779,1092170.0,4382.294,2.545637,,,,,,
1780432927.780,1092195.0,4382.332,2.545637,,,,,,
1780432927.841,1092220.0,4382.271,2.545637,,,,,,
1780432927.843,1092245.0,4382.268,2.545637,,,,,,
1780432927.905,1092270.0,4382.25,2.545637,,,,,,
1780432927.907,1092295.0,4382.217,2.545637,,,,,,
1780432927.908,1092320.0,4382.11,2.545637,,,,,,
1780432927.964,1092345.0,4382.124,2.545637,,,,,,
1780432927.965,1092370.0,4382.142,2.545637,,,,,,
1780432927.972,1092395.0,4382.007,2.545637,,,,,,
1780432928.006,1092420.0,4382.136,2.545637,,,,,,
1780432928.028,1092445.0,4382.221,2.545637,,,,,,
1780432928.050,1092470.0,4382.141,2.545637,,,,,,
1780432928.073,1092495.0,4382.194,2.545637,,,,,,
1780432928.108,1092520.0,4382.183,2.545637,,,,,,
1780432928.132,1092545.0,4382.212,2.545637,,,,,,
1780432928.155,1092570.0,4382.092,2.545511,,,,,,
1780432928.179,1092595.0,4382.036,2.545511,,,,,,
1780432928.202,1092620.0,4382.132,2.545386,,,,,,
1780432928.226,1092645.0,4382.006,2.545261,,,,,,
1780432928.249,1092670.0,4381.954,2.545261,,,,,,
1780432928.282,1092695.0,4382.064,2.545261,,,,,,
1780432928.304,1092720.0,4382.138,2.545261,,,,,,
1780432928.326,1092745.0,4382.231,2.545261,,,,,,
1780432928.348,1092770.0,4382.234,2.545261,,,,,,
1780432928.377,1092795.0,4382.158,2.545261,,,,,status,l_h=11.800000 c_f=220.000000 q=25.000000
1780432928.477,1092820.0,4382.131,2.545261,,,,,,
1780432928.479,1092845.0,4382.27,2.545261,,,,,,
1780432928.480,1092870.0,4382.255,2.545261,,,,,,
1780432928.481,1092895.0,4382.293,2.545261,,,,,,
1780432928.544,1092920.0,4382.308,2.545261,,,,,,
1780432928.545,1092945.0,4382.358,2.545261,,,,,,
1780432928.607,1092970.0,4382.417,2.545261,,,,,,
1780432928.608,1092995.0,4382.378,2.545261,,,,,,
1780432928.609,1093020.0,4382.452,2.545261,,,,,,
1780432928.671,1093045.0,4382.51,2.545261,,,,,,
1780432928.672,1093070.0,4382.346,2.545261,,,,,,
1780432928.674,1093095.0,4382.168,2.545261,,,,,,
1780432928.733,1093120.0,4382.156,2.545261,,,,,,
1780432928.734,1093145.0,4382.214,2.545386,,,,,,
1780432928.797,1093170.0,4382.118,2.545386,,,,,,
1780432928.798,1093195.0,4382.211,2.545386,,,,,,
1780432928.798,1093220.0,4382.291,2.545511,,,,,,
1780432928.860,1093245.0,4382.098,2.545511,,,,,,
1780432928.861,1093270.0,4382.18,2.545511,,,,,,
1780432928.912,1093295.0,4382.288,2.545511,,,,,,
1780432928.914,1093320.0,4382.262,2.545512,,,,,,
1780432928.970,1093345.0,4382.174,2.545511,,,,,,
1780432928.972,1093370.0,4382.211,2.545512,,,,,,
1780432928.973,1093395.0,4382.25,2.545512,,,,,,
1780432929.046,1093420.0,4382.291,2.545512,,,,,,
1780432929.047,1093445.0,4382.371,2.545512,,,,,,
1780432929.047,1093470.0,4382.397,2.545511,,,,,,
1780432929.098,1093495.0,4382.417,2.545512,,,,,,
1780432929.099,1093520.0,4382.297,2.545511,,,,,,
1780432929.161,1093545.0,4382.271,2.545511,,,,,,
1780432929.162,1093570.0,4382.332,2.545511,,,,,,
1780432929.227,1093595.0,4382.206,2.545511,,,,,,
1780432929.228,1093620.0,4382.253,2.545511,,,,,,
1780432929.229,1093645.0,4382.188,2.545511,,,,,,
1780432929.294,1093670.0,4382.109,2.545511,,,,,,
1780432929.296,1093695.0,4382.197,2.545511,,,,,,
1780432929.297,1093720.0,4382.341,2.545511,,,,,,
1780432929.353,1093745.0,4382.434,2.545637,,,,,,
1780432929.354,1093770.0,4382.235,2.545637,,,,,,
1780432929.416,1093795.0,4382.373,2.545637,,,,,,
1780432929.418,1093820.0,4382.338,2.545637,,,,,,
1780432929.482,1093845.0,4382.264,2.545511,,,,,,
1780432929.483,1093870.0,4382.384,2.545511,,,,,,
1780432929.484,1093895.0,4382.458,2.545511,,,,,,
1780432929.547,1093920.0,4382.297,2.545512,,,,,,
1780432929.548,1093945.0,4382.159,2.545512,,,,,,
1780432929.549,1093970.0,4382.115,2.545512,,,,,,
1780432929.617,1093995.0,4382.121,2.545512,,,,,,
1780432929.618,1094020.0,4382.025,2.545512,,,,,,
1780432929.660,1094045.0,4382.037,2.545512,,,,,,
1780432929.661,1094070.0,4382.025,2.545511,,,,,,
1780432929.733,1094095.0,4381.952,2.545511,,,,,,
1780432929.735,1094120.0,4381.958,2.545511,,,,,,
1780432929.736,1094145.0,4381.969,2.545511,,,,,,
1780432929.800,1094170.0,4381.978,2.545511,,,,,,
1780432929.801,1094195.0,4381.802,2.545511,,,,,,
1780432929.802,1094220.0,4381.904,2.545511,,,,,,
1780432929.866,1094245.0,4381.89,2.545511,,,,,,
1780432929.868,1094270.0,4381.921,2.545511,,,,,,
1780432929.929,1094295.0,4381.913,2.545637,,,,,,
1780432929.930,1094320.0,4381.908,2.545637,,,,,,
1780432929.930,1094345.0,4382.042,2.545637,,,,,,
1780432929.994,1094370.0,4381.957,2.545511,,,,,,
1780432929.995,1094395.0,4381.969,2.545386,,,,,,
1780432930.051,1094420.0,4381.972,2.545386,,,,,,
1780432930.052,1094445.0,4381.948,2.545386,,,,,,
1780432930.052,1094470.0,4382.019,2.545386,,,,,,
1780432930.115,1094495.0,4382.089,2.545386,,,,,,
1780432930.116,1094520.0,4381.854,2.545386,,,,,,
1780432930.177,1094545.0,4382.01,2.545386,,,,,,
1780432930.178,1094570.0,4382.147,2.545386,,,,,,
1780432930.179,1094595.0,4382.168,2.545386,,,,,,
1780432930.242,1094620.0,4382.071,2.545386,,,,,,
1780432930.244,1094645.0,4382.209,2.545386,,,,,,
1780432930.310,1094670.0,4382.189,2.545386,,,,,,
1780432930.311,1094695.0,4382.177,2.545386,,,,,,
1780432930.311,1094720.0,4382.186,2.545386,,,,,,
1780432930.367,1094745.0,4382.165,2.545386,,,,,,
1780432930.368,1094770.0,4382.317,2.545386,,,,,,
1780432930.434,1094795.0,4382.367,2.545386,,,,,,
1780432930.435,1094820.0,4382.467,2.545386,,,,,,
1780432930.436,1094845.0,4382.519,2.545386,,,,,,
1780432930.497,1094870.0,4382.422,2.545386,,,,,,
1780432930.498,1094895.0,4382.332,2.545386,,,,,,
1780432930.500,1094920.0,4382.355,2.545261,,,,,,
1780432930.557,1094945.0,4382.308,2.545261,,,,,,
1780432930.558,1094970.0,4382.173,2.545261,,,,,,
1780432930.621,1094995.0,4382.291,2.545261,,,,,,
1780432930.622,1095020.0,4382.449,2.545261,,,,,,
1780432930.623,1095045.0,4382.46,2.545261,,,,,,
1780432930.686,1095070.0,4382.514,2.545261,,,,,,
1780432930.687,1095095.0,4382.661,2.545261,,,,,,
1780432930.747,1095120.0,4382.555,2.545261,,,,,,
1780432930.748,1095145.0,4382.681,2.545261,,,,,,
1780432930.749,1095170.0,4382.605,2.545386,,,,,,
1780432930.810,1095195.0,4382.675,2.545386,,,,,,
1780432930.811,1095220.0,4382.716,2.545386,,,,,,
1780432930.874,1095245.0,4382.751,2.545386,,,,,,
1780432930.875,1095270.0,4382.763,2.545386,,,,,,
1780432930.876,1095295.0,4382.792,2.545386,,,,,,
1780432930.936,1095320.0,4382.73,2.545386,,,,,,
1780432930.937,1095345.0,4382.728,2.545386,,,,,,
1780432930.995,1095370.0,4382.625,2.545386,,,,,,
1780432930.996,1095395.0,4382.566,2.545386,,,,,,
1780432930.998,1095420.0,4382.37,2.545386,,,,,,
1780432931.063,1095445.0,4382.379,2.545386,,,,,,
1780432931.065,1095470.0,4382.229,2.545386,,,,,,
1780432931.114,1095495.0,4382.282,2.545386,,,,,,
1780432931.115,1095520.0,4382.402,2.545386,,,,,,
1780432931.178,1095545.0,4382.455,2.545511,,,,,,
1780432931.179,1095570.0,4382.417,2.545511,,,,,,
1780432931.180,1095595.0,4382.496,2.545511,,,,,,
1780432931.249,1095620.0,4382.47,2.545511,,,,,,
1780432931.250,1095645.0,4382.449,2.545511,,,,,,
1780432931.251,1095670.0,4382.373,2.545511,,,,,,
1780432931.317,1095695.0,4382.355,2.545511,,,,,,
1780432931.319,1095720.0,4382.146,2.545512,,,,,,
1780432931.364,1095745.0,4382.117,2.545511,,,,,,
1780432931.364,1095770.0,4382.197,2.545512,,,,,,
1780432931.428,1095795.0,4382.184,2.545386,,,,,,
1780432931.429,1095820.0,4382.123,2.545386,,,,,,
1780432931.430,1095845.0,4382.021,2.545386,,,,,,
1780432931.492,1095870.0,4382.126,2.545386,,,,,,
1780432931.493,1095895.0,4382.032,2.545386,,,,,,
1780432931.555,1095920.0,4382.067,2.545386,,,,,,
1780432931.557,1095945.0,4382.132,2.545386,,,,,,
1780432931.557,1095970.0,4382.105,2.545386,,,,,,
1780432931.620,1095995.0,4382.173,2.545386,,,,,,
1780432931.621,1096020.0,4382.244,2.545386,,,,,,
1780432931.622,1096045.0,4382.39,2.545386,,,,,,
1780432931.684,1096070.0,4382.314,2.545386,,,,,,
1780432931.685,1096095.0,4382.323,2.545386,,,,,,
1780432931.749,1096120.0,4382.437,2.545386,,,,,,
1780432931.750,1096145.0,4382.446,2.545386,,,,,,
1780432931.751,1096170.0,4382.367,2.545261,,,,,,
1780432931.813,1096195.0,4382.522,2.545261,,,,,,
1780432931.814,1096220.0,4382.554,2.545261,,,,,,
1780432931.879,1096245.0,4382.437,2.545261,,,,,,
1780432931.879,1096270.0,4382.446,2.545261,,,,,,
1780432931.880,1096295.0,4382.472,2.545261,,,,,,
1780432931.929,1096320.0,4382.487,2.545261,,,,,,
1780432931.930,1096345.0,4382.519,2.545261,,,,,,
1780432931.987,1096370.0,4382.68,2.545261,,,,,,
1780432931.988,1096395.0,4382.527,2.545261,,,,,,
1780432932.050,1096420.0,4382.631,2.545261,,,,,,
1780432932.051,1096445.0,4382.589,2.545261,,,,,,
1780432932.051,1096470.0,4382.692,2.545261,,,,,,
1780432932.114,1096495.0,4382.648,2.545261,,,,,,
1780432932.115,1096520.0,4382.76,2.545261,,,,,,
1780432932.175,1096545.0,4382.759,2.545261,,,,,,
1780432932.176,1096570.0,4382.669,2.545261,,,,,,
1780432932.176,1096595.0,4382.651,2.545261,,,,,,
1780432932.239,1096620.0,4382.625,2.545261,,,,,,
1780432932.241,1096645.0,4382.56,2.545261,,,,,,
1780432932.304,1096670.0,4382.519,2.545261,,,,,,
1780432932.305,1096695.0,4382.548,2.545261,,,,,,
1780432932.307,1096720.0,4382.542,2.545261,,,,,,
1780432932.381,1096745.0,4382.572,2.545261,,,,,,
1780432932.383,1096770.0,4382.428,2.545261,,,,,,
1780432932.384,1096795.0,4382.478,2.545261,,,,,,
1780432932.446,1096820.0,4382.393,2.545261,,,,,,
1780432932.447,1096845.0,4382.311,2.545261,,,,,,
1780432932.448,1096870.0,4382.457,2.545261,,,,,,
1780432932.501,1096895.0,4382.601,2.545261,,,,,,
1780432932.502,1096920.0,4382.607,2.545261,,,,,,
1780432932.562,1096945.0,4382.586,2.545261,,,,,,
1780432932.563,1096970.0,4382.622,2.545261,,,,,,
1780432932.612,1096995.0,4382.484,2.545261,,,,,,
1780432932.613,1097020.0,4382.531,2.545261,,,,,,
1780432932.677,1097045.0,4382.537,2.545261,,,,,,
1780432932.679,1097070.0,4382.437,2.545261,,,,,,
1780432932.680,1097095.0,4382.402,2.545261,,,,,,
1780432932.745,1097120.0,4382.405,2.545261,,,,,,
1780432932.746,1097145.0,4382.317,2.545261,,,,,,
1780432932.747,1097170.0,4382.253,2.545261,,,,,,
1780432932.811,1097195.0,4382.317,2.545261,,,,,,
1780432932.812,1097220.0,4382.417,2.545261,,,,,,
1780432932.880,1097245.0,4382.402,2.545261,,,,,,
1780432932.881,1097270.0,4382.399,2.545261,,,,,,
1780432932.883,1097295.0,4382.378,2.545261,,,,,,
1780432932.928,1097320.0,4382.504,2.545261,,,,,,
1780432932.930,1097345.0,4382.463,2.545261,,,,,,
1780432932.991,1097370.0,4382.326,2.545261,,,,,,
1780432932.992,1097395.0,4382.466,2.545261,,,,,,
1780432933.052,1097420.0,4382.484,2.545261,,,,,,
1780432933.053,1097445.0,4382.472,2.545261,,,,,,
1780432933.054,1097470.0,4382.504,2.545261,,,,,,
1780432933.114,1097495.0,4382.34,2.545261,,,,,,
1780432933.115,1097520.0,4382.232,2.545261,,,,,,
1780432933.193,1097545.0,4382.176,2.545261,,,,,,
1780432933.194,1097570.0,4382.203,2.545261,,,,,,
1780432933.195,1097595.0,4382.135,2.545261,,,,,,
1780432933.261,1097620.0,4382.183,2.545261,,,,,,
1780432933.262,1097645.0,4382.262,2.545261,,,,,,
1780432933.264,1097670.0,4382.232,2.545261,,,,,,
1780432933.328,1097695.0,4382.326,2.545261,,,,,,
1780432933.329,1097720.0,4382.426,2.545261,,,,,,
1780432933.331,1097745.0,4382.341,2.545261,,,,,,
1780432933.395,1097770.0,4382.358,2.545261,,,,,,
1780432933.397,1097795.0,4382.291,2.545261,,,,,,
1780432933.398,1097820.0,4382.388,2.545261,,,,,,
1780432933.446,1097845.0,4382.355,2.545261,,,,,,
1780432933.448,1097870.0,4382.402,2.545261,,,,,,
1780432933.498,1097895.0,4382.446,2.545261,,,,,,
1780432933.499,1097920.0,4382.381,2.545261,,,,,,
1780432933.553,1097945.0,4382.238,2.545261,,,,,,
1780432933.554,1097970.0,4382.303,2.545261,,,,,,
1780432933.612,1097995.0,4382.355,2.545261,,,,,,
1780432933.614,1098020.0,4382.309,2.545386,,,,,,
1780432933.676,1098045.0,4382.247,2.545386,,,,,,
1780432933.677,1098070.0,4382.341,2.545386,,,,,,
1780432933.678,1098095.0,4382.344,2.545386,,,,,,
1780432933.747,1098120.0,4382.37,2.545386,,,,,,
1780432933.747,1098145.0,4382.35,2.545386,,,,,,
1780432933.748,1098170.0,4382.435,2.545386,,,,,,
1780432933.812,1098195.0,4382.334,2.545386,,,,,,
1780432933.814,1098220.0,4382.32,2.545386,,,,,,
1780432933.862,1098245.0,4382.279,2.545386,,,,,,
1780432933.863,1098270.0,4382.135,2.545386,,,,,,
1780432933.927,1098295.0,4382.08,2.545386,,,,,,
1780432933.928,1098320.0,4382.217,2.545386,,,,,,
1780432933.929,1098345.0,4382.08,2.545386,,,,,,
1780432934.011,1098370.0,4382.004,2.545386,,,,,,
1780432934.013,1098395.0,4381.983,2.545386,,,,,,
1780432934.014,1098420.0,4382.145,2.545386,,,,,,
1780432934.084,1098445.0,4382.001,2.545386,,,,,,
1780432934.085,1098470.0,4381.893,2.545386,,,,,,
1780432934.087,1098495.0,4381.816,2.545386,,,,,,
1780432934.143,1098520.0,4381.802,2.545386,,,,,,
1780432934.145,1098545.0,4381.907,2.545386,,,,,,
1780432934.212,1098570.0,4381.978,2.545386,,,,,,
1780432934.213,1098595.0,4381.966,2.545386,,,,,,
1780432934.215,1098620.0,4381.93,2.545386,,,,,,
1780432934.265,1098645.0,4381.959,2.545261,,,,,,
1780432934.266,1098670.0,4382.036,2.545261,,,,,,
1780432934.313,1098695.0,4381.954,2.545261,,,,,,
1780432934.314,1098720.0,4381.907,2.545261,,,,,,
1780432934.365,1098745.0,4382.027,2.545261,,,,,,
1780432934.366,1098770.0,4382.007,2.545261,,,,,,
1780432934.427,1098795.0,4381.928,2.545261,,,,,,
1780432934.428,1098820.0,4382.036,2.545261,,,,,,
1780432934.429,1098845.0,4382.091,2.545261,,,,,,
1780432934.491,1098870.0,4382.1,2.545261,,,,,,
1780432934.492,1098895.0,4382.153,2.545261,,,,,,
1780432934.553,1098920.0,4382.25,2.545261,,,,,,
1780432934.555,1098945.0,4382.091,2.545261,,,,,,
1780432934.556,1098970.0,4382.17,2.545261,,,,,,
1780432934.613,1098995.0,4382.264,2.545386,,,,,,
1780432934.613,1099020.0,4382.187,2.545386,,,,,,
1780432934.681,1099045.0,4382.205,2.545386,,,,,,
1780432934.682,1099070.0,4382.293,2.545386,,,,,,
1780432934.684,1099095.0,4382.448,2.545386,,,,,,
1780432934.739,1099120.0,4382.519,2.545386,,,,,,
1780432934.740,1099145.0,4382.448,2.545386,,,,,,
1780432934.810,1099170.0,4382.496,2.545386,,,,,,
1780432934.811,1099195.0,4382.439,2.545386,,,,,,
1780432934.813,1099220.0,4382.502,2.545386,,,,,,
1780432934.873,1099245.0,4382.522,2.545386,,,,,,
1780432934.875,1099270.0,4382.435,2.545386,,,,,,
1780432934.876,1099295.0,4382.411,2.545386,,,,,,
1780432934.937,1099320.0,4382.514,2.545386,,,,,,
1780432934.937,1099345.0,4382.622,2.545386,,,,,,
1780432935.000,1099370.0,4382.569,2.545386,,,,,,
1780432935.001,1099395.0,4382.602,2.545386,,,,,,
1780432935.002,1099420.0,4382.66,2.545386,,,,,,
1780432935.063,1099445.0,4382.627,2.545386,,,,,,
1780432935.064,1099470.0,4382.68,2.545386,,,,,,
1780432935.126,1099495.0,4382.709,2.545386,,,,,,
1780432935.127,1099520.0,4382.814,2.545386,,,,,,
1780432935.127,1099545.0,4382.697,2.545386,,,,,,
1780432935.193,1099570.0,4386.204,2.54677,,,,,,
1780432935.195,1099595.0,4390.013,2.54828,,,,,,
1780432935.278,1099620.0,4393.873,2.549665,,,,,,
1780432935.279,1099645.0,4397.8,2.551175,,,,,,
1780432935.280,1099670.0,4401.915,2.552938,,,,,,
1780432935.281,1099695.0,4406.477,2.554701,,,,,,
1780432935.383,1099720.0,4416.82,2.558753,,,,,,
1780432935.384,1099745.0,4428.663,2.563316,,,,,,
1780432935.385,1099770.0,4444.045,2.569295,,,,,,
1780432935.387,1099795.0,4465.979,2.577607,,,,,,
1780432935.459,1099820.0,4490.62,2.587097,,,,,,
1780432935.460,1099845.0,4520.915,2.598695,,,,,,
1780432935.461,1099870.0,4554.59,2.611485,,,,,,
1780432935.544,1099895.0,4592.997,2.625879,,,,,,
1780432935.545,1099920.0,4633.184,2.641077,,,,,,
1780432935.546,1099945.0,4674.063,2.656544,,,,,,
1780432935.547,1099970.0,4715.939,2.672415,,,,,,
1780432935.620,1099995.0,4758.171,2.688287,,,,,,
1780432935.621,1100020.0,4801.64,2.704697,,,,,,
1780432935.622,1100045.0,4845.13,2.721108,,,,,,
1780432935.713,1100070.0,4889.064,2.737519,,,,,,
1780432935.714,1100095.0,4932.888,2.754065,,,,,,
1780432935.715,1100120.0,4976.819,2.770476,,,,,,
1780432935.777,1100145.0,5020.672,2.787022,,,,,,
1780432935.778,1100170.0,5064.705,2.803569,,,,,,
1780432935.779,1100195.0,5105.182,2.818731,,,,,,
1780432935.865,1100220.0,5145.387,2.833767,,,,,,
1780432935.866,1100245.0,5185.626,2.848803,,,,,,
1780432935.867,1100270.0,5225.637,2.863839,,,,,,
1780432935.962,1100295.0,5264.201,2.878217,,,,,,
1780432935.963,1100320.0,5300.569,2.891921,,,,,,
1780432935.964,1100345.0,5329.859,2.902799,,,,,,
1780432935.965,1100370.0,5355.404,2.91236,,,,,,
1780432936.041,1100395.0,5375.645,2.91984,,,,,,
1780432936.042,1100420.0,5386.631,2.924052,,,,,,
1780432936.043,1100445.0,5392.243,2.926028,,,,,,
1780432936.110,1100470.0,5388.798,2.924577,,,,,,
1780432936.112,1100495.0,5379.277,2.921013,,,,,,
1780432936.113,1100520.0,5360.136,2.914022,,,,,,
1780432936.192,1100545.0,5335.652,2.904931,,,,,,
1780432936.194,1100570.0,5309.042,2.895055,,,,,,
1780432936.195,1100595.0,5277.276,2.883236,,,,,,
1780432936.255,1100620.0,5241.487,2.869888,,,,,,
1780432936.256,1100645.0,5200.149,2.854356,,,,,,
1780432936.257,1100670.0,5155.785,2.837569,,,,,,
1780432936.317,1100695.0,5107.92,2.819659,,,,,,
1780432936.318,1100720.0,5057.55,2.800621,,,,,,
1780432936.386,1100745.0,5004.902,2.780853,,,,,,
1780432936.387,1100770.0,4952.177,2.760949,,,,,,
1780432936.388,1100795.0,4899.163,2.740922,,,,,,
1780432936.450,1100820.0,4845.762,2.72065,,,,,,
1780432936.451,1100845.0,4791.813,2.700254,,,,,,
1780432936.453,1100870.0,4737.609,2.679858,,,,,,
1780432936.513,1100895.0,4683.423,2.659217,,,,,,
1780432936.513,1100920.0,4630.466,2.639226,,,,,,
1780432936.581,1100945.0,4579.275,2.619908,,,,,,
1780432936.582,1100970.0,4529.074,2.600883,,,,,,
1780432936.583,1100995.0,4481.738,2.582909,,,,,,
1780432936.644,1101020.0,4436.328,2.565724,,,,,,
1780432936.645,1101045.0,4393.465,2.549472,,,,,,
1780432936.707,1101070.0,4353.352,2.534281,,,,,,
1780432936.708,1101095.0,4316.793,2.520408,,,,,,
1780432936.708,1101120.0,4282.721,2.507454,,,,,,
1780432936.775,1101145.0,4253.649,2.496325,,,,,,
1780432936.776,1101170.0,4228.09,2.486368,,,,,,
1780432936.776,1101195.0,4203.821,2.47705,,,,,,
1780432936.861,1101220.0,4183.748,2.469271,,,,,,
1780432936.862,1101245.0,4167.5,2.463021,,,,,,
1780432936.863,1101270.0,4155.639,2.458415,,,,,,
1780432936.944,1101295.0,4146.855,2.455187,,,,,,
1780432936.945,1101320.0,4141.917,2.453329,,,,,,
1780432936.946,1101345.0,4139.84,2.452587,,,,,,
1780432937.012,1101370.0,4140.501,2.452958,,,,,,
1780432937.014,1101395.0,4140.782,2.452958,,,,,,
1780432937.014,1101420.0,4141.417,2.453204,,,,,,
1780432937.095,1101445.0,4142.806,2.453944,,,,,,
1780432937.097,1101470.0,4145.082,2.454807,,,,,,
1780432937.098,1101495.0,4148.115,2.45604,,,,,,
1780432937.100,1101520.0,4152.729,2.457891,,,,,,
1780432937.156,1101545.0,4160.582,2.46099,,,,,,
1780432937.157,1101570.0,4170.398,2.464715,,,,,,
1780432937.214,1101595.0,4184.006,2.470068,,,,,,
1780432937.216,1101620.0,4201.476,2.476822,,,,,,
1780432937.276,1101645.0,4221.981,2.484728,,,,,,
1780432937.276,1101670.0,4246.352,2.494175,,,,,,
1780432937.277,1101695.0,4273.259,2.504397,,,,,,
1780432937.340,1101720.0,4306.755,2.51722,,,,,,
1780432937.341,1101745.0,4342.411,2.530699,,,,,,
1780432937.404,1101770.0,4381.528,2.545627,,,,,,
1780432937.405,1101795.0,4422.745,2.561471,,,,,,
1780432937.406,1101820.0,4465.723,2.577856,,,,,,
1780432937.467,1101845.0,4511.715,2.595174,,,,,,
1780432937.468,1101870.0,4559.131,2.613025,,,,,,
1780432937.521,1101895.0,4608.026,2.631547,,,,,,
1780432937.522,1101920.0,4658.794,2.650618,,,,,,
1780432937.523,1101945.0,4709.072,2.669577,,,,,,
1780432937.594,1101970.0,4761.055,2.689087,,,,,,
1780432937.595,1101995.0,4812.766,2.708485,,,,,,
1780432937.658,1102020.0,4865.335,2.728388,,,,,,
1780432937.659,1102045.0,4918.505,2.748439,,,,,,
1780432937.660,1102070.0,4971.559,2.768378,,,,,,
1780432937.712,1102095.0,5023.977,2.788317,,,,,,
1780432937.713,1102120.0,5075.926,2.80775,,,,,,
1780432937.768,1102145.0,5126.468,2.826811,,,,,,
1780432937.769,1102170.0,5173.762,2.844514,,,,,,
1780432937.836,1102195.0,5219.106,2.861591,,,,,,
1780432937.837,1102220.0,5261.007,2.877285,,,,,,
1780432937.837,1102245.0,5298.619,2.891333,,,,,,
1780432937.900,1102270.0,5332.263,2.903835,,,,,,
1780432937.900,1102295.0,5361.109,2.914391,,,,,,
1780432937.901,1102320.0,5386.197,2.923767,,,,,,
1780432937.962,1102345.0,5402.567,2.929868,,,,,,
1780432937.963,1102370.0,5415.609,2.934644,,,,,,
1780432938.027,1102395.0,5422.703,2.937168,,,,,,
1780432938.027,1102420.0,5425.389,2.938097,,,,,,
1780432938.027,1102445.0,5423.751,2.937301,,,,,,
1780432938.090,1102470.0,5415.841,2.934515,,,,,,
1780432938.091,1102495.0,5402.788,2.929748,,,,,,
1780432938.154,1102520.0,5384.714,2.923005,,,,,,
1780432938.155,1102545.0,5360.268,2.913903,,,,,,
1780432938.156,1102570.0,5335.029,2.904409,,,,,,
1780432938.216,1102595.0,5303.099,2.892569,,,,,,
1780432938.217,1102620.0,5268.545,2.879699,,,,,,
1780432938.279,1102645.0,5228.716,2.864915,,,,,,
1780432938.279,1102670.0,5186.406,2.84923,,,,,,
1780432938.280,1102695.0,5139.317,2.831527,,,,,,
1780432938.343,1102720.0,5089.468,2.812702,,,,,,
1780432938.343,1102745.0,5037.638,2.79327,,,,,,
1780432938.407,1102770.0,4985.627,2.773714,,,,,,
1780432938.408,1102795.0,4932.565,2.753651,,,,,,
1780432938.409,1102820.0,4879.331,2.733465,,,,,,
1780432938.458,1102845.0,4825.529,2.713156,,,,,,
1780432938.458,1102870.0,4771.267,2.692723,,,,,,
1780432938.524,1102895.0,4717.668,2.672561,,,,,,
1780432938.525,1102920.0,4665.177,2.652805,,,,,,
1780432938.525,1102945.0,4614.27,2.633577,,,,,,
1780432938.587,1102970.0,4565.167,2.614898,,,,,,
1780432938.587,1102995.0,4517.169,2.596891,,,,,,
1780432938.652,1103020.0,4471.547,2.579686,,,,,,
1780432938.653,1103045.0,4428.153,2.563282,,,,,,
1780432938.653,1103070.0,4387.536,2.547939,,,,,,
1780432938.716,1103095.0,4349.994,2.533531,,,,,,
1780432938.717,1103120.0,4315.998,2.520692,,,,,,
1780432938.778,1103145.0,4285.664,2.509159,,,,,,
1780432938.779,1103170.0,4259.704,2.499313,,,,,,
1780432938.779,1103195.0,4234.188,2.489602,,,,,,
1780432938.845,1103220.0,4213.433,2.481686,,,,,,
1780432938.846,1103245.0,4195.071,2.474542,,,,,,
1780432938.847,1103270.0,4181.494,2.469298,,,,,,
1780432938.897,1103295.0,4169.812,2.464686,,,,,,
1780432938.897,1103320.0,4163.181,2.462203,,,,,,
1780432938.957,1103345.0,4160.181,2.460965,,,,,,
1780432938.958,1103370.0,4159.403,2.460593,,,,,,
1780432939.022,1103395.0,4158.668,2.460346,,,,,,
1780432939.023,1103420.0,4159.354,2.460717,,,,,,
1780432939.024,1103445.0,4160.813,2.461335,,,,,,
1780432939.086,1103470.0,4162.717,2.461952,,,,,,
1780432939.087,1103495.0,4165.234,2.462817,,,,,,
1780432939.147,1103520.0,4168.587,2.464053,,,,,,
1780432939.148,1103545.0,4173.234,2.46591,,,,,,
1780432939.149,1103570.0,4181.689,2.469267,,,,,,
1780432939.210,1103595.0,4192.238,2.473375,,,,,,
1780432939.211,1103620.0,4208.974,2.47976,,,,,,
1780432939.274,1103645.0,4228.943,2.487292,,,,,,
1780432939.275,1103670.0,4251.854,2.495978,,,,,,
1780432939.276,1103695.0,4278.731,2.506212,,,,,,
1780432939.330,1103720.0,4311.925,2.519044,,,,,,
1780432939.331,1103745.0,4346.94,2.532276,,,,,,
1780432939.401,1103770.0,4385.723,2.547089,,,,,,
1780432939.402,1103795.0,4426.58,2.562564,,,,,,
1780432939.403,1103820.0,4469.586,2.578826,,,,,,
1780432939.464,1103845.0,4514.784,2.595897,,,,,,
1780432939.465,1103870.0,4561.978,2.61376,,,,,,
1780432939.526,1103895.0,4610.978,2.63217,,,,,,
1780432939.526,1103920.0,4661.412,2.651118,,,,,,
1780432939.527,1103945.0,4712.246,2.670223,,,,,,
1780432939.593,1103970.0,4763.35,2.689474,,,,,,
1780432939.594,1103995.0,4815.036,2.709007,,,,,,
1780432939.648,1104020.0,4867.101,2.728676,,,,,,
1780432939.649,1104045.0,4919.015,2.748232,,,,,,
1780432939.650,1104070.0,4970.929,2.7678,,,,,,
1780432939.712,1104095.0,5023.249,2.787627,,,,,,
1780432939.713,1104120.0,5075.397,2.807331,,,,,,
1780432939.775,1104145.0,5126.809,2.826663,,,,,,
1780432939.776,1104170.0,5176.765,2.845374,,,,,,
1780432939.778,1104195.0,5222.634,2.862462,,,,,,
1780432939.840,1104220.0,5266.545,2.878921,,,,,,
1780432939.841,1104245.0,5304.154,2.892969,,,,,,
1780432939.895,1104270.0,5335.591,2.904788,,,,,,
1780432939.896,1104295.0,5361.848,2.914647,,,,,,
1780432940.550,1104920.0,5360.232,2.91413,,,,,calibrate,
1780432940.551,1104945.0,5352.493,2.911138,,,,,,
1780432940.552,1104970.0,5343.071,2.907494,,,,,,
1780432940.598,1104995.0,5329.652,2.902398,,,,,,
1780432940.600,1105020.0,5314.187,2.89664,,,,,,
1780432940.672,1105045.0,5296.558,2.890218,,,,,,
1780432940.674,1105070.0,5276.629,2.882864,,,,,,
1780432940.675,1105095.0,5254.721,2.874841,,,,,,
1780432940.728,1105120.0,5231.16,2.866148,,,,,,
1780432940.729,1105145.0,5206.046,2.856917,,,,,,
1780432940.813,1105170.0,5179.972,2.847282,,,,,,
1780432940.815,1105195.0,5153.092,2.837378,,,,,,
1780432940.817,1105220.0,5125.321,2.827068,,,,,,
1780432940.877,1105245.0,5097.178,2.816494,,,,,,
1780432940.879,1105270.0,5068.763,2.805784,,,,,,
1780432940.881,1105295.0,5039.89,2.795069,,,,,,
1780432940.929,1105320.0,5010.526,2.784218,,,,,,
1780432940.931,1105345.0,4981.156,2.773366,,,,,,
1780432940.977,1105370.0,4951.686,2.762515,,,,,,
1780432940.977,1105395.0,4922.376,2.751535,,,,,,
1780432941.040,1105420.0,4892.896,2.740684,,,,,,
1780432941.042,1105445.0,4863.446,2.729704,,,,,,
1780432941.103,1105470.0,4834.282,2.718988,,,,,,
1780432941.105,1105495.0,4808.24,2.709353,,,,,,
1780432941.106,1105520.0,4784.458,2.700397,,,,,,
1780432941.167,1105545.0,4784.454,2.700268,,,,,,
1780432941.168,1105570.0,4784.486,2.700268,,,,,,
1780432941.243,1105595.0,4784.57,2.700397,,,,,,
1780432941.245,1105620.0,4784.388,2.700397,,,,,,
1780432941.245,1105645.0,4784.242,2.700397,,,,,,
1780432941.294,1105670.0,4784.391,2.700397,,,,,,
1780432941.295,1105695.0,4784.503,2.700268,,,,,,
1780432941.357,1105720.0,4784.444,2.700268,,,,,,
1780432941.358,1105745.0,4784.5,2.700268,,,,,,
1780432941.359,1105770.0,4784.523,2.700139,,,,,,
1780432941.424,1105795.0,4784.614,2.700139,,,,,,
1780432941.426,1105820.0,4784.481,2.700139,,,,,,
1780432941.426,1105845.0,4784.404,2.70001,,,,,,
1780432941.478,1105870.0,4784.412,2.700139,,,,,,
1780432941.478,1105895.0,4784.342,2.700139,,,,,,
1780432941.550,1105920.0,4784.175,2.700139,,,,,,
1780432941.558,1105945.0,4784.14,2.700139,,,,,,
1780432941.559,1105970.0,4784.014,2.700139,,,,,,
1780432941.614,1105995.0,4784.066,2.700139,,,,,,
1780432941.615,1106020.0,4783.934,2.700139,,,,,,
1780432941.675,1106045.0,4783.927,2.700139,,,,,,
1780432941.676,1106070.0,4783.993,2.700268,,,,,,
1780432941.678,1106095.0,4784.129,2.700268,,,,,,
1780432941.728,1106120.0,4784.136,2.700139,,,,,,
1780432941.728,1106145.0,4784.108,2.700139,,,,,,
1780432941.789,1106170.0,4784.084,2.700139,,,,,,
1780432941.790,1106195.0,4783.972,2.700139,,,,,,
1780432941.859,1106220.0,4783.779,2.700139,,,,,,
1780432941.860,1106245.0,4784.003,2.700009,,,,,,
1780432941.861,1106270.0,4784.185,2.700009,,,,,,
1780432941.923,1106295.0,4784.167,2.700009,,,,,,
1780432941.924,1106320.0,4784.083,2.700139,,,,,,
1780432941.924,1106345.0,4784.076,2.700139,,,,,,
1780432941.976,1106370.0,4783.957,2.700139,,,,,,
1780432941.977,1106395.0,4783.832,2.700268,,,,,,
1780432942.034,1106420.0,4783.804,2.700268,,,,,,
1780432942.034,1106445.0,4783.943,2.700268,,,,,,
1780432942.047,1106470.0,4784.083,2.623337,,,,,,
1780432942.080,1106495.0,4784.017,2.623362,,,,,,
1780432942.105,1106520.0,4784.098,2.623461,,,,,,
1780432942.129,1106545.0,4784.157,2.623439,,,,,,
1780432942.153,1106570.0,4784.15,2.623312,,,,,,
1780432942.176,1106595.0,4784.286,2.623261,,,,,,
1780432942.200,1106620.0,4784.255,2.623144,,,,,,
1780432942.226,1106645.0,4784.3,2.623255,,,,,,
1780432942.250,1106670.0,4784.115,2.623325,,,,,,
1780432942.273,1106695.0,4784.119,2.623195,,,,,,
1780432942.308,1106720.0,4783.962,2.623125,,,,,,
1780432942.332,1106745.0,4783.731,2.623212,,,,,,
1780432942.355,1106770.0,4783.693,2.623355,,,,,,
1780432942.379,1106795.0,4783.672,2.623363,,,,,,
1780432942.402,1106820.0,4783.564,2.623275,,,,,,
1780432942.425,1106845.0,4783.463,2.623184,,,,,,
1780432942.507,1106870.0,4783.229,2.623273,,,,,rotate on,OK rotated on
1780432942.507,1106895.0,4782.936,2.623383,,,,,,
1780432942.508,1106920.0,4782.828,2.623295,,,,,,
1780432942.541,1106945.0,4782.691,2.623347,,,,,,
1780432942.607,1106970.0,4782.671,2.623225,,,,,,
1780432942.609,1106995.0,4782.591,2.623126,,,,,,
1780432942.610,1107020.0,4782.649,2.622975,,,,,,
1780432942.671,1107045.0,4782.565,2.622878,,,,,,
1780432942.672,1107070.0,4782.395,2.622813,,,,,,
1780432942.673,1107095.0,4782.024,2.622953,,,,,,
1780432942.721,1107120.0,4782.056,2.622812,,,,,,
1780432942.722,1107145.0,4781.798,2.622781,,,,,,
1780432942.785,1107170.0,4781.735,2.622675,,,,,,
1780432942.786,1107195.0,4781.809,2.622647,,,,,,
1780432942.847,1107220.0,4781.669,2.622571,,,,,,
1780432942.848,1107245.0,4781.47,2.622646,,,,,,
1780432942.850,1107270.0,4781.267,2.622723,,,,,,
1780432942.911,1107295.0,4781.424,2.622534,,,,,,
1780432942.912,1107320.0,4781.281,2.622588,,,,,,
1780432942.976,1107345.0,4781.358,2.622559,,,,,,
1780432942.977,1107370.0,4781.331,2.622569,,,,,,
1780432942.978,1107395.0,4781.271,2.622463,,,,,,
1780432943.047,1107420.0,4781.146,2.622639,,,,,,
1780432943.049,1107445.0,4781.229,2.622608,,,,,,
1780432943.050,1107470.0,4781.299,2.622711,,,,,,
1780432943.112,1107495.0,4781.198,2.622749,,,,,,
1780432943.113,1107520.0,4781.264,2.622724,,,,,,
1780432943.180,1107545.0,4781.135,2.622773,,,,,,
1780432943.181,1107570.0,4781.226,2.622739,,,,,,
1780432943.182,1107595.0,4781.285,2.622716,,,,,,
1780432943.244,1107620.0,4781.278,2.622719,,,,,,
1780432943.246,1107645.0,4781.177,2.622757,,,,,,
1780432943.247,1107670.0,4781.152,2.622766,,,,,,
1780432943.311,1107695.0,4781.173,2.622758,,,,,,
1780432943.312,1107720.0,4781.337,2.622567,,,,,,
1780432943.360,1107745.0,4781.288,2.622586,,,,,,
1780432943.362,1107770.0,4781.187,2.622624,,,,,,
1780432943.413,1107795.0,4781.03,2.622683,,,,,,
1780432943.414,1107820.0,4780.862,2.622746,,,,,,
1780432943.477,1107845.0,4780.9,2.622732,,,,,,
1780432943.478,1107870.0,4781.023,2.622686,,,,,,
1780432943.480,1107895.0,4780.964,2.622579,,,,,,
1780432943.541,1107920.0,4780.779,2.622649,,,,,,
1780432943.542,1107945.0,4780.765,2.622654,,,,,,
1780432943.604,1107970.0,4780.608,2.622714,,,,,,
1780432943.605,1107995.0,4780.688,2.622683,,,,,,
1780432943.606,1108020.0,4780.726,2.622669,,,,,,
1780432943.663,1108045.0,4780.876,2.622483,,,,,,
1780432943.664,1108070.0,4780.66,2.622694,,,,,,
1780432943.733,1108095.0,4780.51,2.622621,,,,,,
1780432943.734,1108120.0,4780.549,2.622607,,,,,,
1780432943.735,1108145.0,4780.649,2.62244,,,,,,
1780432943.795,1108170.0,4780.583,2.622464,,,,,,
1780432943.796,1108195.0,4780.552,2.622477,,,,,,
1780432943.797,1108220.0,4780.503,2.622495,,,,,,
1780432943.856,1108245.0,4780.486,2.622501,,,,,,
1780432943.857,1108270.0,4780.503,2.622624,,,,,,
1780432943.909,1108295.0,4780.489,2.622759,,,,,,
1780432943.911,1108320.0,4780.281,2.622837,,,,,,
1780432943.972,1108345.0,4780.169,2.622879,,,,,,
1780432943.973,1108370.0,4780.211,2.622864,,,,,,
1780432943.973,1108395.0,4780.417,2.622786,,,,,,
1780432944.036,1108420.0,4780.536,2.622741,,,,,,
1780432944.036,1108445.0,4780.546,2.622866,,,,,,
1780432944.098,1108470.0,4780.347,2.622941,,,,,,
1780432944.099,1108495.0,4780.208,2.622994,,,,,,
1780432944.099,1108520.0,4780.312,2.623084,,,,,,
1780432944.170,1108545.0,4780.347,2.6232,,,,,,
1780432944.172,1108570.0,4780.252,2.623235,,,,,,
1780432944.173,1108595.0,4780.172,2.623266,,,,,,
1780432944.229,1108620.0,4780.113,2.623288,,,,,,
1780432944.231,1108645.0,4780.064,2.623307,,,,,,
1780432944.294,1108670.0,4780.082,2.623429,,,,,,
1780432944.296,1108695.0,4780.225,2.623246,,,,,,
1780432944.297,1108720.0,4780.196,2.623257,,,,,,
1780432944.357,1108745.0,4780.217,2.623249,,,,,,
1780432944.358,1108770.0,4780.067,2.623305,,,,,,
1780432944.413,1108795.0,4780.224,2.623246,,,,,,
1780432944.414,1108820.0,4780.231,2.623243,,,,,,
1780432944.472,1108845.0,4780.221,2.623247,,,,,,
1780432944.473,1108870.0,4780.176,2.623264,,,,,,
1780432944.473,1108895.0,4780.071,2.623175,,,,,,
1780432944.536,1108920.0,4780.001,2.623072,,,,,,
1780432944.538,1108945.0,4780.234,2.622983,,,,,,
1780432944.601,1108970.0,4780.335,2.622945,,,,,,
1780432944.602,1108995.0,4780.308,2.622956,,,,,,
1780432944.602,1109020.0,4780.266,2.622972,,,,,,
1780432944.676,1109045.0,4780.27,2.6231,,,,,,
1780432944.677,1109070.0,4780.388,2.622926,,,,,,
1780432944.679,1109095.0,4780.392,2.623053,,,,,,
1780432944.727,1109120.0,4780.399,2.623051,,,,,,
1780432944.727,1109145.0,4780.314,2.622953,,,,,,
1780432944.797,1109170.0,4780.395,2.622794,,,,,,
1780432944.798,1109195.0,4780.5,2.622754,,,,,,
1780432944.799,1109220.0,4780.727,2.622798,,,,,,
1780432944.859,1109245.0,4780.737,2.622794,,,,,,
1780432944.860,1109270.0,4780.744,2.622921,,,,,,
1780432944.909,1109295.0,4780.587,2.622851,,,,,,
1780432944.910,1109320.0,4780.535,2.623,,,,,,
1780432944.971,1109345.0,4780.629,2.623093,,,,,,
1780432944.972,1109370.0,4780.653,2.623084,,,,,,
1780432944.974,1109395.0,4780.604,2.623102,,,,,,
1780432945.040,1109420.0,4780.434,2.623167,,,,,,
1780432945.040,1109445.0,4780.41,2.623047,,,,,,
1780432945.108,1109470.0,4780.528,2.623002,,,,,,
1780432945.109,1109495.0,4780.619,2.622968,,,,,,
1780432945.110,1109520.0,4780.653,2.622955,,,,,,
1780432945.162,1109545.0,4780.611,2.6231,,,,,,
1780432945.163,1109570.0,4780.444,2.623163,,,,,,
1780432945.227,1109595.0,4780.398,2.62318,,,,,,
1780432945.228,1109620.0,4780.28,2.623354,,,,,,
1780432945.229,1109645.0,4780.235,2.6235,,,,,,
1780432945.290,1109670.0,4780.27,2.623487,,,,,,
1780432945.290,1109695.0,4780.28,2.623483,,,,,,
1780432945.359,1109720.0,4781.334,2.623343,,,,,,
1780432945.361,1109745.0,4783.616,2.623387,,,,,,
1780432945.361,1109770.0,4789.323,2.623306,,,,,,
1780432945.421,1109795.0,4797.88,2.623324,,,,,,
1780432945.422,1109820.0,4810.617,2.62321,,,,,,
1780432945.422,1109845.0,4826.889,2.623218,,,,,,
1780432945.479,1109870.0,4847.16,2.623044,,,,,,
1780432945.480,1109895.0,4870.935,2.622755,,,,,,
1780432945.543,1109920.0,4896.721,2.622642,,,,,,
1780432945.544,1109945.0,4923.057,2.622328,,,,,,
1780432945.607,1109970.0,4950.468,2.622146,,,,,,
1780432945.608,1109995.0,4978.409,2.62203,,,,,,
1780432945.609,1110020.0,5006.816,2.621871,,,,,,
1780432945.670,1110045.0,5035.464,2.621623,,,,,,
1780432945.672,1110070.0,5064.428,2.621525,,,,,,
1780432945.673,1110095.0,5093.414,2.621419,,,,,,
1780432945.733,1110120.0,5122.604,2.621371,,,,,,
1780432945.734,1110145.0,5151.967,2.621123,,,,,,
1780432945.798,1110170.0,5181.376,2.620728,,,,,,
1780432945.799,1110195.0,5210.671,2.620641,,,,,,
1780432945.799,1110220.0,5239.96,2.620421,,,,,,
1780432945.866,1110245.0,5269.286,2.620057,,,,,,
1780432945.867,1110270.0,5298.527,2.619726,,,,,,
1780432945.929,1110295.0,5326.265,2.619421,,,,,,
1780432945.930,1110320.0,5352.077,2.619434,,,,,,
1780432945.930,1110345.0,5375.636,2.619372,,,,,,
1780432945.992,1110370.0,5396.496,2.619273,,,,,,
1780432945.993,1110395.0,5411.516,2.619141,,,,,,
1780432946.056,1110420.0,5421.708,2.618989,,,,,,
1780432946.057,1110445.0,5424.341,2.619051,,,,,,
1780432946.057,1110470.0,5420.728,2.618961,,,,,,
1780432946.120,1110495.0,5409.744,2.61914,,,,,,
1780432946.121,1110520.0,5391.163,2.619283,,,,,,
1780432946.122,1110545.0,5366.495,2.61936,,,,,,
1780432946.182,1110570.0,5339.967,2.619489,,,,,,
1780432946.183,1110595.0,5310.411,2.619579,,,,,,
1780432946.247,1110620.0,5275.621,2.619717,,,,,,
1780432946.249,1110645.0,5236.4,2.619868,,,,,,
1780432946.250,1110670.0,5192.842,2.62002,,,,,,
1780432946.309,1110695.0,5145.872,2.620061,,,,,,
1780432946.310,1110720.0,5095.938,2.620102,,,,,,
1780432946.374,1110745.0,5044.239,2.620053,,,,,,
1780432946.375,1110770.0,4991.686,2.620216,,,,,,
1780432946.376,1110795.0,4938.898,2.620343,,,,,,
1780432946.436,1110820.0,4885.693,2.620369,,,,,,
1780432946.437,1110845.0,4831.571,2.620506,,,,,,
1780432946.500,1110870.0,4777.298,2.620578,,,,,,
1780432946.501,1110895.0,4722.877,2.620705,,,,,,
1780432946.501,1110920.0,4670.342,2.620784,,,,,,
1780432946.548,1110945.0,4620.185,2.620751,,,,,,
1780432946.548,1110970.0,4571.471,2.620712,,,,,,
1780432946.612,1110995.0,4523.898,2.620656,,,,,,
1780432946.612,1111020.0,4478.797,2.620736,,,,,,
1780432946.675,1111045.0,4435.339,2.620863,,,,,,
1780432946.676,1111070.0,4395.381,2.620862,,,,,,
1780432946.677,1111095.0,4358.072,2.620787,,,,,,
1780432946.739,1111120.0,4324.241,2.620714,,,,,,
1780432946.740,1111145.0,4294.658,2.620604,,,,,,
1780432946.803,1111170.0,4269.059,2.620547,,,,,,
1780432946.804,1111195.0,4244.71,2.620533,,,,,,
1780432946.805,1111220.0,4222.292,2.620434,,,,,,
1780432946.865,1111245.0,4204.676,2.620314,,,,,,
1780432946.866,1111270.0,4191.115,2.620188,,,,,,
1780432946.927,1111295.0,4181.778,2.620228,,,,,,
1780432946.928,1111320.0,4175.524,2.620231,,,,,,
1780432946.930,1111345.0,4172.38,2.620304,,,,,,
1780432946.993,1111370.0,4171.462,2.62028,,,,,,
1780432946.994,1111395.0,4171.451,2.620284,,,,,,
1780432947.061,1111420.0,4172.211,2.620244,,,,,,
1780432947.062,1111445.0,4173.876,2.620233,,,,,,
1780432947.063,1111470.0,4176.935,2.620191,,,,,,
1780432947.127,1111495.0,4180.664,2.620266,,,,,,
1780432947.129,1111520.0,4185.881,2.620276,,,,,,
1780432947.130,1111545.0,4193.309,2.620452,,,,,,
1780432947.195,1111570.0,4201.547,2.62045,,,,,,
1780432947.196,1111595.0,4213.835,2.620554,,,,,,
1780432947.197,1111620.0,4228.513,2.620766,,,,,,
1780432947.260,1111645.0,4249.09,2.620918,,,,,,
1780432947.261,1111670.0,4272.261,2.620861,,,,,,
1780432947.315,1111695.0,4300.457,2.620975,,,,,,
1780432947.316,1111720.0,4332.498,2.62107,,,,,,
1780432947.378,1111745.0,4366.81,2.621224,,,,,,
1780432947.379,1111770.0,4404.033,2.621332,,,,,,
1780432947.380,1111795.0,4443.852,2.621517,,,,,,
1780432947.442,1111820.0,4486.404,2.6216,,,,,,
1780432947.443,1111845.0,4530.876,2.621623,,,,,,
1780432947.505,1111870.0,4577.646,2.621715,,,,,,
1780432947.506,1111895.0,4625.82,2.621679,,,,,,
1780432947.507,1111920.0,4675.458,2.621503,,,,,,
1780432947.567,1111945.0,4725.883,2.62157,,,,,,
1780432947.569,1111970.0,4777.429,2.621359,,,,,,
1780432947.633,1111995.0,4828.578,2.62131,,,,,,
1780432947.635,1112020.0,4880.057,2.621283,,,,,,
1780432947.636,1112045.0,4932.08,2.621333,,,,,,
1780432947.698,1112070.0,4983.753,2.621131,,,,,,
1780432947.699,1112095.0,5034.836,2.621029,,,,,,
1780432947.700,1112120.0,5085.472,2.620848,,,,,,
1780432947.763,1112145.0,5134.867,2.620638,,,,,,
1780432947.764,1112170.0,5181.541,2.620468,,,,,,
1780432947.826,1112195.0,5226.881,2.620427,,,,,,
1780432947.827,1112220.0,5268.268,2.620242,,,,,,
1780432947.828,1112245.0,5307.446,2.620005,,,,,,
1780432947.877,1112270.0,5340.26,2.619869,,,,,,
1780432947.878,1112295.0,5369.612,2.619728,,,,,,
1780432947.942,1112320.0,5392.22,2.619661,,,,,,
1780432947.942,1112345.0,5409.438,2.619524,,,,,,
1780432948.006,1112370.0,5422.837,2.619373,,,,,,
1780432948.007,1112395.0,5430.985,2.619217,,,,,,
1780432948.007,1112420.0,5434.467,2.618964,,,,,,
1780432948.077,1112445.0,5432.087,2.618933,,,,,,
1780432948.078,1112470.0,5425.123,2.618909,,,,,,
1780432948.079,1112495.0,5411.983,2.618968,,,,,,
1780432948.141,1112520.0,5393.711,2.619123,,,,,,
1780432948.141,1112545.0,5369.373,2.619217,,,,,,
1780432948.193,1112570.0,5343.252,2.619186,,,,,,
1780432948.195,1112595.0,5312.895,2.619456,,,,,,
1780432948.258,1112620.0,5280.354,2.619646,,,,,,
1780432948.259,1112645.0,5241.152,2.619791,,,,,,
1780432948.260,1112670.0,5198.311,2.619894,,,,,,
1780432948.322,1112695.0,5150.691,2.620056,,,,,,
1780432948.323,1112720.0,5101.702,2.620237,,,,,,
1780432948.323,1112745.0,5050.279,2.620344,,,,,,
1780432948.378,1112770.0,4998.425,2.62049,,,,,,
1780432948.385,1112795.0,4946.335,2.620589,,,,,,
1780432948.452,1112820.0,4893.429,2.620625,,,,,,
1780432948.453,1112845.0,4839.83,2.620677,,,,,,
1780432948.454,1112870.0,4785.868,2.620742,,,,,,
1780432948.521,1112895.0,4731.703,2.620772,,,,,,
1780432948.523,1112920.0,4678.215,2.620842,,,,,,
1780432948.524,1112945.0,4626.061,2.620689,,,,,,
1780432948.578,1112970.0,4575.155,2.620739,,,,,,
1780432948.579,1112995.0,4526.226,2.620702,,,,,,
1780432948.632,1113020.0,4479.444,2.620791,,,,,,
1780432948.633,1113045.0,4434.852,2.620853,,,,,,
1780432948.695,1113070.0,4393.434,2.62078,,,,,,
1780432948.696,1113095.0,4354.619,2.62078,,,,,,
1780432948.697,1113120.0,4319.54,2.620685,,,,,,
1780432948.759,1113145.0,4288.332,2.620443,,,,,,
1780432948.760,1113170.0,4261.596,2.620328,,,,,,
1780432948.821,1113195.0,4235.662,2.620292,,,,,,
1780432948.822,1113220.0,4212.571,2.620211,,,,,,
1780432948.822,1113245.0,4191.572,2.620111,,,,,,
1780432948.884,1113270.0,4176.779,2.619956,,,,,,
1780432948.885,1113295.0,4164.936,2.619822,,,,,,
1780432948.950,1113320.0,4158.309,2.61972,,,,,,
1780432948.951,1113345.0,4153.507,2.619675,,,,,,
1780432948.952,1113370.0,4151.342,2.61975,,,,,,
1780432949.013,1113395.0,4149.915,2.619672,,,,,,
1780432949.014,1113420.0,4148.916,2.619554,,,,,,
1780432949.076,1113445.0,4149.083,2.619615,,,,,,
1780432949.078,1113470.0,4150.316,2.619643,,,,,,
1780432949.079,1113495.0,4152.283,2.619518,,,,,,
1780432949.133,1113520.0,4155.423,2.619444,,,,,,
1780432949.134,1113545.0,4160.324,2.619447,,,,,,
1780432949.200,1113570.0,4170.667,2.61964,,,,,,
1780432949.201,1113595.0,4183.621,2.619728,,,,,,
1780432949.202,1113620.0,4201.178,2.619853,,,,,,
1780432949.263,1113645.0,4222.082,2.61999,,,,,,
1780432949.263,1113670.0,4246.205,2.620066,,,,,,
1780432949.325,1113695.0,4274.194,2.620102,,,,,,
1780432949.326,1113720.0,4308.174,2.620219,,,,,,
1780432949.326,1113745.0,4344.098,2.620257,,,,,,
1780432949.389,1113770.0,4384.096,2.620461,,,,,,
1780432949.390,1113795.0,4426.34,2.620744,,,,,,
1780432949.452,1113820.0,4471.085,2.620757,,,,,,
1780432949.453,1113845.0,4518.184,2.620816,,,,,,
1780432949.453,1113870.0,4567.27,2.620793,,,,,,
1780432949.517,1113895.0,4617.114,2.620753,,,,,,
1780432949.518,1113920.0,4668.726,2.62073,,,,,,
1780432949.579,1113945.0,4720.958,2.620753,,,,,,
1780432949.580,1113970.0,4773.642,2.620765,,,,,,
1780432949.580,1113995.0,4826.873,2.620718,,,,,,
1780432949.627,1114020.0,4880.108,2.620804,,,,,,
1780432949.628,1114045.0,4933.461,2.620722,,,,,,
1780432949.690,1114070.0,4986.741,2.620556,,,,,,
1780432949.690,1114095.0,5039.632,2.620413,,,,,,
1780432949.731,1114120.0,5092.303,2.620354,,,,,,
1780432949.735,1114145.0,5144.354,2.620417,,,,,,
1780432949.747,1114170.0,5195.252,2.620419,,,,,,
1780432949.780,1114195.0,5240.977,2.620252,,,,,,
1780432949.811,1114220.0,5284.218,2.620143,,,,,,
1780432949.834,1114245.0,5322.296,2.619949,,,,,,
1780432949.856,1114270.0,5354.703,2.619809,,,,,,
1780432949.880,1114295.0,5381.47,2.619701,,,,,,
1780432949.902,1114320.0,5401.282,2.619592,,,,,,
1780432949.925,1114345.0,5412.004,2.619505,,,,,,
1780432949.950,1114370.0,5417.67,2.619475,,,,,,
1780432949.975,1114395.0,5415.665,2.619441,,,,,,
1780432950.010,1114420.0,5408.451,2.619395,,,,,,
1780432950.033,1114445.0,5395.639,2.619357,,,,,,
1780432950.057,1114470.0,5377.681,2.619419,,,,,,
1780432950.082,1114495.0,5356.377,2.619555,,,,,,
1780432950.105,1114520.0,5333.868,2.619748,,,,,,
1780432950.130,1114545.0,5309.192,2.619953,,,,,,
1780432950.214,1114570.0,5283.177,2.62013,,,,,crack_output on,OK crack_output on
1780432950.215,1114595.0,5256.121,2.620294,,,,,,
1780432950.217,1114620.0,5228.318,2.62047,,,,,,
1780432950.268,1114645.0,5200.628,2.620727,,,,,,
1780432950.269,1114670.0,5169.635,2.62094,,,,,,
1780432950.334,1114695.0,5137.856,2.621185,,,,,,
1780432950.336,1114720.0,5104.966,2.621464,,,,,,
1780432950.337,1114745.0,5070.676,2.621759,,,,,,
1780432950.396,1114770.0,5034.801,2.621878,,,,,,
1780432950.396,1114795.0,4998.185,2.622021,,,,,,
1780432950.397,1114820.0,4976.495,2.622215,,,,,,
1780432950.460,1114845.0,4958.238,2.622295,,,,,,
1780432950.461,1114870.0,4933.788,2.622361,,,,,,
1780432950.524,1114895.0,4897.885,2.622545,,,,,,
1780432950.525,1114920.0,4862.305,2.622663,,,,,,
1780432950.526,1114945.0,4831.228,2.622794,,,,,,
1780432950.588,1114970.0,4806.567,2.622844,,,,,,
1780432950.589,1114995.0,4797.772,2.623008,,,,,,
1780432950.657,1115020.0,4794.851,2.623191,,,,,,
1780432950.658,1115045.0,4791.597,2.623242,,,,,,
1780432950.660,1115070.0,4786.728,2.623393,,,,,,
1780432950.724,1115095.0,4781.89,2.623411,,,,,,
1780432950.724,1115120.0,4796.757,2.623436,,,,,,
1780432950.725,1115145.0,4824.53,2.623277,,,,,,
1780432950.771,1115170.0,4853.75,2.622979,,,,,,
1780432950.772,1115195.0,4877.841,2.622855,,,,,,
1780432950.839,1115220.0,4864.924,2.622747,,,,,,
1780432950.839,1115245.0,4855.476,2.622596,,,,,,
1780432950.903,1115270.0,4850.549,2.622395,,,,,,
1780432950.904,1115295.0,4863.632,2.622533,,,,,,
1780432950.905,1115320.0,4890.744,2.622564,,,,,,
1780432950.964,1115345.0,4917.848,2.622446,,,,,,
1780432950.965,1115370.0,4935.435,2.62257,,,,,,
1780432951.021,1115395.0,4938.601,2.622527,,,,,,
1780432951.021,1115420.0,4942.457,2.622479,,,,,,
1780432951.022,1115445.0,4941.356,2.622503,,,,,,
1780432951.087,1115470.0,4956.353,2.622302,,,,,,
1780432951.095,1115495.0,4977.195,2.622247,,,,,,
1780432951.145,1115520.0,5008.798,2.622071,,,,,,
1780432951.146,1115545.0,5032.672,2.621977,,,,,,
1780432951.146,1115570.0,5038.529,2.622064,,,,,,
1780432951.207,1115595.0,5036.532,2.622053,,,,,,
1780432951.207,1115620.0,5031.303,2.621947,,,,,,
1780432951.276,1115645.0,5042.92,2.621664,,,,,,
1780432951.277,1115670.0,5062.8,2.621581,,,,,,
1780432951.278,1115695.0,5079.98,2.621524,,,,,,
1780432951.330,1115720.0,5077.185,2.621296,,,,,,
1780432951.330,1115745.0,5052.896,2.621233,,,,,,
1780432951.394,1115770.0,5018.743,2.621356,,,,,,
1780432951.395,1115795.0,5009.932,2.621449,,,,,,
1780432951.460,1115820.0,5019.158,2.621217,,,,,,
1780432951.461,1115845.0,5061.046,2.620979,,,,,,
1780432951.462,1115870.0,5082.75,2.620944,,,,,,
1780432951.522,1115895.0,5069.125,2.620895,,,,,,
1780432951.523,1115920.0,5047.172,2.620785,,,,,,
1780432951.524,1115945.0,5019.378,2.620626,,,,,,
1780432951.588,1115970.0,5009.482,2.620631,,,,,,
1780432951.589,1115995.0,5024.026,2.62035,,,,,,
1780432951.648,1116020.0,5052.341,2.620178,,,,,,
1780432951.649,1116045.0,5066.48,2.620168,,,,,,
1780432951.650,1116070.0,5049.421,2.62017,,,,,,
1780432951.709,1116095.0,5019.381,2.620461,,,,,,
1780432951.711,1116120.0,5000.595,2.620654,,,,,,
1780432951.780,1116145.0,5007.75,2.62065,,,,,,
1780432951.780,1116170.0,5025.721,2.620558,,,,,,
1780432951.781,1116195.0,5045.505,2.620395,,,,,,
1780432951.832,1116220.0,5045.025,2.620322,,,,,,
1780432951.834,1116245.0,5036.231,2.620304,,,,,,
1780432951.895,1116270.0,5009.394,2.620381,,,,,,
1780432951.896,1116295.0,4990.972,2.620435,,,,,,
1780432951.897,1116320.0,5000.314,2.62026,,,,,,
1780432951.970,1116345.0,5032.454,2.620221,,,,,,
1780432951.971,1116370.0,5061.81,2.620104,,,,,,
1780432951.971,1116395.0,5054.855,2.620186,,,,,,
1780432952.041,1116420.0,5024.111,2.620446,,,,,,
1780432952.042,1116445.0,4993.043,2.62086,,,,,,
1780432952.106,1116470.0,4990.882,2.620999,,,,,,
1780432952.107,1116495.0,5008.6,2.620867,,,,,,
1780432952.108,1116520.0,5052.654,2.620876,,,,,,
1780432952.170,1116545.0,5069.521,2.620808,,,,,,
1780432952.170,1116570.0,5057.195,2.62089,,,,,,
1780432952.171,1116595.0,5035.445,2.621056,,,,,,
1780432952.221,1116620.0,5009.591,2.62129,,,,,,
1780432952.222,1116645.0,5005.429,2.621519,,,,,,
1780432952.290,1116670.0,5019.76,2.621432,,,,,,
1780432952.291,1116695.0,5044.571,2.621397,,,,,,
1780432952.374,1116720.0,5041.12,2.621677,,,,,,
1780432952.375,1116745.0,5029.918,2.621892,,,,,,
1780432952.377,1116770.0,5000.473,2.622146,,,,,,
1780432952.378,1116795.0,4987.903,2.622452,,,,,,
1780432952.454,1116820.0,4994.88,2.622621,,,,,,
1780432952.454,1116845.0,5022.921,2.622847,,,,,,
1780432952.455,1116870.0,5045.674,2.622965,,,,,,
1780432952.505,1116895.0,5030.531,2.623142,,,,,,
1780432952.505,1116920.0,5014.783,2.623284,,,,,,
1780432952.553,1116945.0,4981.369,2.623676,,,,,,
1780432952.554,1116970.0,4966.475,2.624093,,,,,,
1780432952.603,1116995.0,4971.209,2.624186,,,,,,
1780432952.604,1117020.0,5005.373,2.624311,,,,,,
1780432952.659,1117045.0,5016.119,2.62449,,,,,,
1780432952.659,1117070.0,5002.354,2.624681,,,,,,
1780432952.723,1117095.0,4965.604,2.62505,,,,,,
1780432952.723,1117120.0,4944.79,2.625561,,,,,,
1780432952.724,1117145.0,4934.677,2.625896,,,,,,
1780432952.785,1117170.0,4943.791,2.626007,,,,,,
1780432952.787,1117195.0,4971.965,2.626193,,,,,,
1780432952.849,1117220.0,4974.711,2.626306,,,,,,
1780432952.850,1117245.0,4962.507,2.626427,,,,,,
1780432952.850,1117270.0,4933.565,2.626643,,,,,,
1780432952.912,1117295.0,4915.2,2.627072,,,,,,
1780432952.913,1117320.0,4926.316,2.627151,,,,,,
1780432952.975,1117345.0,4958.932,2.626912,,,,,,
1780432952.975,1117370.0,4975.766,2.626936,,,,,,
1780432952.976,1117395.0,4964.351,2.62702,,,,,,
1780432953.038,1117420.0,4935.165,2.627119,,,,,,
1780432953.038,1117445.0,4915.695,2.627332,,,,,,
1780432953.103,1117470.0,4913.341,2.627289,,,,,,
1780432953.104,1117495.0,4916.573,2.627265,,,,,,
1780432953.105,1117520.0,4953.275,2.627407,,,,,,
1780432953.167,1117545.0,4966.445,2.627455,,,,,,
1780432953.167,1117570.0,4959.133,2.627548,,,,,,
1780432953.231,1117595.0,4937.726,2.627593,,,,,,
1780432953.232,1117620.0,4911.83,2.62786,,,,,,
1780432953.232,1117645.0,4910.406,2.627728,,,,,,
1780432953.297,1117670.0,4934.878,2.627481,,,,,,
1780432953.297,1117695.0,4958.751,2.627404,,,,,,
1780432953.298,1117720.0,4959.789,2.627394,,,,,,
1780432953.354,1117745.0,4942.111,2.627336,,,,,,
1780432953.355,1117770.0,4920.916,2.627244,,,,,,
1780432953.423,1117795.0,4918.218,2.627336,,,,,,
1780432953.424,1117820.0,4923.494,2.627334,,,,,,
1780432953.425,1117845.0,4945.564,2.627224,,,,,,
1780432953.471,1117870.0,4966.98,2.627019,,,,,,
1780432953.472,1117895.0,4954.983,2.626637,,,,,,
1780432953.548,1117920.0,4937.463,2.626551,,,,,,
1780432953.549,1117945.0,4905.939,2.626626,,,,,,
1780432953.550,1117970.0,4893.633,2.626602,,,,,,
1780432953.611,1117995.0,4908.625,2.626287,,,,,,
1780432953.611,1118020.0,4937.145,2.62604,,,,,,
1780432953.676,1118045.0,4942.788,2.62582,,,,,,
1780432953.677,1118070.0,4930.15,2.625577,,,,,,
1780432953.678,1118095.0,4903.77,2.625402,,,,,,
1780432953.745,1118120.0,4888.914,2.625353,,,,,,
1780432953.746,1118145.0,4893.698,2.625143,,,,,,
1780432953.747,1118170.0,4909.082,2.624873,,,,,,
1780432953.803,1118195.0,4938.28,2.624592,,,,,,
1780432953.803,1118220.0,4945.986,2.624243,,,,,,
1780432953.866,1118245.0,4934.71,2.62402,,,,,,
1780432953.866,1118270.0,4906.042,2.624012,,,,,,
1780432953.929,1118295.0,4887.28,2.624056,,,,,,
1780432953.929,1118320.0,4900.641,2.623684,,,,,,
1780432953.930,1118345.0,4934.825,2.623363,,,,,,
1780432953.996,1118370.0,4947.173,2.623209,,,,,,
1780432953.997,1118395.0,4946.97,2.623029,,,,,,
1780432953.997,1118420.0,4926.726,2.62289,,,,,,
1780432954.055,1118445.0,4910.722,2.622755,,,,,,
1780432954.056,1118470.0,4904.821,2.622734,,,,,,
1780432954.124,1118495.0,4906.623,2.622713,,,,,,
1780432954.125,1118520.0,4936.419,2.622714,,,,,,
1780432954.125,1118545.0,4949.61,2.62235,,,,,,
1780432954.186,1118570.0,4940.558,2.622216,,,,,,
1780432954.187,1118595.0,4918.001,2.622182,,,,,,
1780432954.238,1118620.0,4890.101,2.622148,,,,,,
1780432954.239,1118645.0,4891.652,2.622095,,,,,,
1780432954.298,1118670.0,4921.459,2.621994,,,,,,
1780432954.298,1118695.0,4945.35,2.621926,,,,,,
1780432954.299,1118720.0,4947.021,2.62193,,,,,,
1780432954.361,1118745.0,4934.121,2.621792,,,,,,
1780432954.362,1118770.0,4908.476,2.621674,,,,,,
1780432954.425,1118795.0,4896.418,2.621733,,,,,,
1780432954.425,1118820.0,4895.255,2.621642,,,,,,
1780432954.426,1118845.0,4907.08,2.621732,,,,,,
1780432954.489,1118870.0,4924.702,2.621637,,,,,,
1780432954.490,1118895.0,4914.852,2.621446,,,,,,
1780432954.552,1118920.0,4898.386,2.621474,,,,,,
1780432954.553,1118945.0,4866.826,2.621692,,,,,,
1780432954.553,1118970.0,4854.676,2.621873,,,,,,
1780432954.625,1118995.0,4876.665,2.621655,,,,,,
1780432954.626,1119020.0,4899.81,2.621666,,,,,,
1780432954.626,1119045.0,4900.918,2.621758,,,,,,
1780432954.687,1119070.0,4892.617,2.621675,,,,,,
1780432954.688,1119095.0,4874.973,2.621596,,,,,,
1780432954.756,1119120.0,4865.361,2.621561,,,,,,
1780432954.758,1119145.0,4872.969,2.621595,,,,,,
1780432954.759,1119170.0,4884.615,2.621649,,,,,,
1780432954.820,1119195.0,4911.293,2.621621,,,,,,
1780432954.820,1119220.0,4915.015,2.62149,,,,,,
1780432954.871,1119245.0,4905.004,2.621561,,,,,,
1780432954.872,1119270.0,4878.408,2.621692,,,,,,
1780432954.873,1119295.0,4860.35,2.621883,,,,,,
1780432954.939,1119320.0,4870.371,2.621836,,,,,,
1780432954.940,1119345.0,4902.578,2.621716,,,,,,
1780432955.001,1119370.0,4915.097,2.621868,,,,,,
1780432955.001,1119395.0,4912.629,2.622035,,,,,,
1780432955.002,1119420.0,4893.783,2.62207,,,,,,
1780432955.053,1119445.0,4878.956,2.622179,,,,,,
1780432955.053,1119470.0,4875.26,2.622263,,,,,,
1780432955.110,1119495.0,4880.311,2.622323,,,,,,
1780432955.111,1119520.0,4906.63,2.622495,,,,,,
1780432955.178,1119545.0,4920.152,2.622405,,,,,,
1780432955.179,1119570.0,4915.439,2.622273,,,,,,
1780432955.180,1119595.0,4894.118,2.622272,,,,,,
1780432955.240,1119620.0,4869.033,2.62262,,,,,,
1780432955.241,1119645.0,4870.2,2.622446,,,,,,
1780432955.310,1119670.0,4902.262,2.622146,,,,,,
1780432955.311,1119695.0,4920.647,2.62208,,,,,,
1780432955.311,1119720.0,4922.053,2.622189,,,,,,
1780432955.371,1119745.0,4915.105,2.622232,,,,,,
1780432955.373,1119770.0,4899.316,2.622419,,,,,,
1780432955.374,1119795.0,4912.164,2.622514,,,,,,
1780432955.435,1119820.0,4934.146,2.62226,,,,,,
1780432955.435,1119845.0,4970.643,2.622186,,,,,,
1780432955.489,1119870.0,4997.114,2.622182,,,,,,
1780432955.490,1119895.0,4984.261,2.621998,,,,,,
1780432955.555,1119920.0,4971.889,2.621888,,,,,,
1780432955.557,1119945.0,4943.702,2.622012,,,,,,
1780432955.558,1119970.0,4932.539,2.62223,,,,,,
1780432955.619,1119995.0,4954.566,2.622112,,,,,,
1780432955.620,1120020.0,4982.045,2.622036,,,,,,
1780432955.678,1120045.0,4986.222,2.621984,,,,,,
1780432955.679,1120070.0,4984.207,2.621972,,,,,,
1780432955.679,1120095.0,4972.345,2.621922,,,,,,
1780432955.745,1120120.0,4982.058,2.621974,,,,,,
1780432955.745,1120145.0,5013.045,2.621689,,,,,,
1780432955.746,1120170.0,5042.577,2.621465,,,,,,
1780432955.802,1120195.0,5074.228,2.621378,,,,,,
1780432955.802,1120220.0,5075.988,2.621223,,,,,,
1780432955.870,1120245.0,5069.124,2.621112,,,,,,
1780432955.871,1120270.0,5042.659,2.621321,,,,,,
1780432955.871,1120295.0,5023.098,2.621679,,,,,,
1780432955.935,1120320.0,5034.179,2.621752,,,,,,
1780432955.935,1120345.0,5062.148,2.621545,,,,,,
1780432955.997,1120370.0,5066.627,2.621657,,,,,,
1780432955.997,1120395.0,5061.426,2.621686,,,,,,
1780432955.998,1120420.0,5029.813,2.622032,,,,,,
1780432956.052,1120445.0,5002.038,2.622635,,,,,,
1780432956.053,1120470.0,5005.814,2.622708,,,,,,
1780432956.118,1120495.0,5029.112,2.622425,,,,,,
1780432956.118,1120520.0,5074.611,2.622472,,,,,,
1780432956.181,1120545.0,5086.563,2.622609,,,,,,
1780432956.182,1120570.0,5074.739,2.622879,,,,,,
1780432956.182,1120595.0,5050.029,2.623151,,,,,,
1780432956.245,1120620.0,5018.947,2.623593,,,,,,
1780432956.246,1120645.0,4996.73,2.624115,,,,,,
1780432956.246,1120670.0,5001.436,2.624647,,,,,,
1780432956.302,1120695.0,4999.986,2.625324,,,,,,
1780432956.302,1120720.0,4999.093,2.626046,,,,,,
1780432956.375,1120745.0,4970.384,2.626678,,,,,,
1780432956.376,1120770.0,4925.667,2.627481,,,,,,
1780432956.376,1120795.0,4923.802,2.627913,,,,,,
1780432956.432,1120820.0,4942.391,2.628098,,,,,,
1780432956.432,1120845.0,4980.526,2.628222,,,,,,
1780432956.496,1120870.0,5000.847,2.628496,,,,,,
1780432956.497,1120895.0,4989.77,2.629138,,,,,,
1780432956.498,1120920.0,4972.996,2.629675,,,,,,
1780432956.551,1120945.0,4939.506,2.630422,,,,,,
1780432956.552,1120970.0,4912.24,2.631262,,,,,,
1780432956.625,1120995.0,4912.968,2.631894,,,,,,
1780432956.626,1121020.0,4916.177,2.632618,,,,,,
1780432956.626,1121045.0,4916.317,2.633079,,,,,,
1780432956.685,1121070.0,4901.699,2.633432,,,,,,
1780432956.685,1121095.0,4859.341,2.634348,,,,,,
1780432956.738,1121120.0,4835.998,2.635314,,,,,,
1780432956.739,1121145.0,4851.916,2.63544,,,,,,
1780432956.802,1121170.0,4879.844,2.63545,,,,,,
1780432956.803,1121195.0,4916.294,2.635596,,,,,,
1780432956.805,1121220.0,4918.803,2.635919,,,,,,
1780432956.865,1121245.0,4920.736,2.636216,,,,,,
1780432956.865,1121270.0,4915.975,2.636602,,,,,,
1780432956.928,1121295.0,4916.074,2.636952,,,,,,
1780432956.928,1121320.0,4919.289,2.637029,,,,,,
1780432956.929,1121345.0,4923.818,2.637122,,,,,,
1780432956.993,1121370.0,4927.394,2.637312,,,,,,
1780432956.994,1121395.0,4925.436,2.637539,,,,,,
1780432957.054,1121420.0,4886.229,2.638076,,,,,,
1780432957.055,1121445.0,4850.506,2.638806,,,,,,
1780432957.055,1121470.0,4855.654,2.638914,,,,,,
1780432957.119,1121495.0,4879.718,2.638751,,,,,,
1780432957.120,1121520.0,4921.689,2.638506,,,,,,
1780432957.181,1121545.0,4937.628,2.638546,,,,,,
1780432957.182,1121570.0,4934.165,2.638585,,,,,,
1780432957.183,1121595.0,4928.853,2.638544,,,,,,
1780432957.246,1121620.0,4920.644,2.638549,,,,,,
1780432957.246,1121645.0,4914.959,2.638376,,,,,,
1780432957.247,1121670.0,4913.244,2.638253,,,,,,
1780432957.301,1121695.0,4913.561,2.638133,,,,,,
1780432957.302,1121720.0,4913.012,2.63783,,,,,,
1780432957.373,1121745.0,4889.23,2.637809,,,,,,
1780432957.373,1121770.0,4846.027,2.638231,,,,,,
1780432957.374,1121795.0,4834.671,2.638454,,,,,,
1780432957.438,1121820.0,4855.275,2.638028,,,,,,
1780432957.440,1121845.0,4895.97,2.637424,,,,,,
1780432957.501,1121870.0,4914.341,2.637147,,,,,,
1780432957.502,1121895.0,4900.754,2.636723,,,,,,
1780432957.502,1121920.0,4894.829,2.636264,,,,,,
1780432957.565,1121945.0,4888.006,2.635882,,,,,,
1780432957.566,1121970.0,4884.267,2.635491,,,,,,
1780432957.629,1121995.0,4883.699,2.635062,,,,,,
1780432957.630,1122020.0,4885.576,2.634482,,,,,,
1780432957.631,1122045.0,4885.767,2.633898,,,,,,
1780432957.693,1122070.0,4874.552,2.633351,,,,,,
1780432957.693,1122095.0,4832.39,2.633463,,,,,,
1780432957.751,1122120.0,4807.526,2.633399,,,,,,
1780432957.752,1122145.0,4823.521,2.632807,,,,,,
1780432957.752,1122170.0,4855.424,2.631876,,,,,,
1780432957.820,1122195.0,4886.582,2.631272,,,,,,
1780432957.821,1122220.0,4893.254,2.6308,,,,,,
1780432957.821,1122245.0,4894.304,2.630147,,,,,,
1780432957.885,1122270.0,4893.898,2.629532,,,,,,
1780432957.886,1122295.0,4903.753,2.629039,,,,,,
1780432957.948,1122320.0,4920.299,2.628482,,,,,,
1780432957.949,1122345.0,4936.882,2.628038,,,,,,
1780432957.949,1122370.0,4949.466,2.627546,,,,,,
1780432958.001,1122395.0,4947.834,2.627004,,,,,,
1780432958.002,1122420.0,4921.051,2.626616,,,,,,
1780432958.075,1122445.0,4883.523,2.626562,,,,,,
1780432958.075,1122470.0,4881.92,2.626352,,,,,,
1780432958.076,1122495.0,4908.006,2.625557,,,,,,
1780432958.135,1122520.0,4958.826,2.624966,,,,,,
1780432958.135,1122545.0,4971.446,2.624583,,,,,,
1780432958.204,1122570.0,4968.254,2.62426,,,,,,
1780432958.204,1122595.0,4963.665,2.623824,,,,,,
1780432958.204,1122620.0,4963.695,2.623428,,,,,,
1780432958.251,1122645.0,4968.047,2.623197,,,,,,
1780432958.252,1122670.0,4973.113,2.623078,,,,,,
1780432958.314,1122695.0,4975.438,2.622968,,,,,,
1780432958.315,1122720.0,4973.928,2.622642,,,,,,
1780432958.379,1122745.0,4951.69,2.622601,,,,,,
1780432958.380,1122770.0,4921.916,2.622808,,,,,,
1780432958.380,1122795.0,4910.961,2.623,,,,,,
1780432958.443,1122820.0,4931.525,2.622535,,,,,,
1780432958.570,1122845.0,4967.435,2.622081,0.017119,66.69696,1121600.375,3.766212,,
1780432958.571,1122966.0,4969.595,2.621906,,,,,,
1780432958.572,1122991.0,4981.017,2.62185,,,,,,
1780432958.651,1123016.0,4981.009,2.621723,,,,,,
1780432958.652,1123041.0,4973.007,2.621751,,,,,,
1780432958.652,1123066.0,4961.008,2.621614,,,,,,
1780432958.718,1123091.0,4949.119,2.621335,,,,,,
1780432958.718,1123116.0,4969.276,2.621424,,,,,,
1780432958.719,1123141.0,5011.658,2.621082,,,,,,
1780432958.785,1123166.0,5044.406,2.620876,,,,,,
1780432958.785,1123191.0,5040.378,2.620908,,,,,,
1780432958.889,1123216.0,5003.127,2.621326,,,,,,
1780432958.890,1123241.0,4967.701,2.621403,,,,,,
1780432958.891,1123266.0,4956.341,2.621311,,,,,,
1780432958.893,1123291.0,4964.697,2.621221,,,,,,
1780432958.894,1123316.0,4980.642,2.621252,,,,,,
1780432958.968,1123341.0,4989.954,2.621224,,,,,,
1780432958.969,1123366.0,4993.388,2.62122,,,,,,
1780432958.969,1123391.0,4991.967,2.621242,,,,,,
1780432959.035,1123416.0,4989.8,2.621165,,,,,,
1780432959.036,1123441.0,4996.673,2.621269,,,,,,
1780432959.102,1123466.0,5041.274,2.620809,,,,,,
1780432959.102,1123491.0,5071.747,2.620338,,,,,,
1780432959.103,1123516.0,5074.43,2.620135,,,,,,
1780432959.168,1123541.0,5051.237,2.620397,,,,,,
1780432959.168,1123566.0,5007.307,2.62069,,,,,,
1780432959.169,1123591.0,5006.947,2.620697,,,,,,
1780432959.235,1123616.0,5001.61,2.620639,,,,,,
1780432959.236,1123641.0,4999.593,2.620621,,,,,,
1780432959.301,1123666.0,5001.057,2.620586,,,,,,
1780432959.311,1123691.0,5004.995,2.620644,,,,,,
1780432959.312,1123716.0,5009.509,2.620732,,,,,,
1780432959.385,1123741.0,4988.073,2.62074,,,,,,
1780432959.386,1123766.0,4946.375,2.62108,,,,,,
1780432959.386,1123791.0,4933.823,2.621202,,,,,,
1780432959.455,1123816.0,4949.705,2.620935,,,,,,
1780432959.455,1123841.0,4979.258,2.620685,,,,,,
1780432959.456,1123866.0,5002.557,2.620622,,,,,,
1780432959.518,1123891.0,4995.968,2.620575,,,,,,
1780432959.518,1123916.0,4992.123,2.620489,,,,,,
1780432959.519,1123941.0,4977.5,2.620467,,,,,,
1780432959.584,1123966.0,4977.967,2.620552,,,,,,
1780432959.585,1123991.0,4987.621,2.620435,,,,,,
1780432959.652,1124016.0,5002.129,2.620417,,,,,,
1780432959.652,1124041.0,5017.101,2.620327,,,,,,
1780432959.652,1124066.0,5009.034,2.620291,,,,,,
1780432959.718,1124091.0,4966.125,2.620622,,,,,,
1780432959.718,1124116.0,4940.337,2.621171,,,,,,
1780432959.719,1124141.0,4951.52,2.621044,,,,,,
1780432959.785,1124166.0,4974.05,2.620758,,,,,,
1780432959.786,1124191.0,5009.319,2.620489,,,,,,
1780432959.856,1124216.0,5016.176,2.620349,,,,,,
1780432959.858,1124241.0,5008.108,2.620448,,,,,,
1780432959.859,1124266.0,4998.814,2.62036,,,,,,
1780432959.956,1124291.0,4992.143,2.620303,,,,,,
1780432959.957,1124316.0,4988.339,2.620195,,,,,,
1780432959.959,1124341.0,4986.72,2.620292,,,,,,
1780432959.960,1124366.0,4986.121,2.620263,,,,,,
1780432960.036,1124391.0,4982.436,2.620375,,,,,,
1780432960.037,1124416.0,4949.19,2.620372,,,,,,
1780432960.037,1124441.0,4911.952,2.620754,,,,,,
1780432960.102,1124466.0,4916.456,2.620693,,,,,,
1780432960.102,1124491.0,4938.853,2.620489,,,,,,
1780432960.103,1124516.0,4981.492,2.620472,,,,,,
1780432960.185,1124541.0,5000.965,2.620393,,,,,,
1780432960.185,1124566.0,4999.945,2.620396,,,,,,
1780432960.185,1124591.0,4985.131,2.620326,,,,,,
1780432960.252,1124616.0,4965.889,2.620464,,,,,,
1780432960.253,1124641.0,4949.137,2.620304,,,,,,
1780432960.253,1124666.0,4934.962,2.620476,,,,,,
1780432960.319,1124691.0,4935.633,2.620478,,,,,,
1780432960.320,1124716.0,4933.664,2.620585,,,,,,
1780432960.320,1124741.0,4912.319,2.62045,,,,,,
1780432960.385,1124766.0,4872.498,2.620811,,,,,,
1780432960.385,1124791.0,4856.1,2.621044,,,,,,
1780432960.452,1124816.0,4873.523,2.620864,,,,,,
1780432960.453,1124841.0,4904.546,2.620721,,,,,,
1780432960.453,1124866.0,4927.124,2.62063,,,,,,
1780432960.528,1124891.0,4925.374,2.620654,,,,,,
1780432960.529,1124916.0,4922.492,2.620721,,,,,,
1780432960.529,1124941.0,4919.843,2.620825,,,,,,
1780432960.602,1124966.0,4920.784,2.620727,,,,,,
1780432960.603,1124991.0,4924.443,2.620756,,,,,,
1780432960.604,1125016.0,4928.365,2.620812,,,,,,
1780432960.668,1125041.0,4931.447,2.621051,,,,,,
1780432960.668,1125066.0,4920.588,2.621153,,,,,,
1780432960.669,1125091.0,4875.54,2.621498,,,,,,
1780432960.735,1125116.0,4854.237,2.621953,,,,,,
1780432960.736,1125141.0,4864.358,2.621956,,,,,,
1780432960.801,1125166.0,4886.403,2.621966,,,,,,
1780432960.802,1125191.0,4919.933,2.621989,,,,,,
1780432960.802,1125216.0,4931.292,2.622063,,,,,,
1780432960.870,1125241.0,4932.416,2.622406,,,,,,
1780432960.871,1125266.0,4930.13,2.622758,,,,,,
1780432960.871,1125291.0,4930.565,2.622978,,,,,,
1780432960.935,1125316.0,4932.792,2.623289,,,,,,
1780432960.936,1125341.0,4935.844,2.623926,,,,,,
1780432961.002,1125366.0,4935.05,2.624866,,,,,,
1780432961.003,1125391.0,4926.2,2.625639,,,,,,
1780432961.003,1125416.0,4894.167,2.62652,,,,,,
1780432961.088,1125441.0,4864.496,2.627594,,,,,,
1780432961.089,1125466.0,4865.073,2.628195,,,,,,
1780432961.090,1125491.0,4887.624,2.62844,,,,,,
1780432961.151,1125516.0,4924.598,2.628783,,,,,,
1780432961.152,1125541.0,4940.781,2.62927,,,,,,
1780432961.152,1125566.0,4937.324,2.629938,,,,,,
1780432961.219,1125591.0,4929.396,2.630633,,,,,,
1780432961.220,1125616.0,4924.85,2.631451,,,,,,
1780432961.220,1125641.0,4922.699,2.632135,,,,,,
1780432961.285,1125666.0,4922.808,2.632992,,,,,,
1780432961.285,1125691.0,4921.728,2.634168,,,,,,
1780432961.354,1125716.0,4920.065,2.635435,,,,,,
1780432961.355,1125741.0,4891.37,2.636614,,,,,,
1780432961.355,1125766.0,4842.916,2.638178,,,,,,
1780432961.418,1125791.0,4835.562,2.639047,,,,,,
1780432961.419,1125816.0,4852.262,2.639287,,,,,,
1780432961.419,1125841.0,4880.145,2.639784,,,,,,
1780432961.485,1125866.0,4904.717,2.640319,,,,,,
1780432961.486,1125891.0,4893.412,2.6413,,,,,,
1780432961.552,1125916.0,4888.59,2.642481,,,,,,
1780432961.553,1125941.0,4882.44,2.643525,,,,,,
1780432961.553,1125966.0,4880.79,2.644276,,,,,,
1780432961.618,1125991.0,4881.935,2.644871,,,,,,
1780432961.619,1126016.0,4883.292,2.645768,,,,,,
1780432961.619,1126041.0,4884.681,2.646646,,,,,,
1780432961.702,1126066.0,4862.57,2.647587,,,,,,
1780432961.703,1126091.0,4816.232,2.648967,,,,,,
1780432961.703,1126116.0,4796.865,2.649914,,,,,,
1780432961.768,1126141.0,4807.836,2.650145,,,,,,
1780432961.769,1126166.0,4833.313,2.650318,,,,,,
1780432961.769,1126191.0,4865.157,2.650603,,,,,,
1780432961.835,1126216.0,4877.417,2.651377,,,,,,
1780432961.835,1126241.0,4871.295,2.652156,,,,,,
1780432961.901,1126266.0,4865.919,2.653034,,,,,,
1780432961.902,1126291.0,4863.623,2.653644,,,,,,
1780432961.902,1126316.0,4864.056,2.653867,,,,,,
1780432961.977,1126341.0,4866.534,2.654084,,,,,,
1780432961.977,1126366.0,4868.193,2.654225,,,,,,
1780432961.978,1126391.0,4866.751,2.654258,,,,,,
1780432962.052,1126416.0,4827.906,2.654972,,,,,,
1780432962.053,1126441.0,4786.921,2.655972,,,,,,
1780432962.053,1126466.0,4791.638,2.655966,,,,,,
1780432962.121,1126491.0,4813.772,2.655494,,,,,,
1780432962.122,1126516.0,4857.381,2.655179,,,,,,
1780432962.123,1126541.0,4875.748,2.654861,,,,,,
1780432962.185,1126566.0,4865.576,2.65491,,,,,,
1780432962.185,1126591.0,4863.375,2.654844,,,,,,
1780432962.253,1126616.0,4861.629,2.654733,,,,,,
1780432962.253,1126641.0,4867.332,2.654256,,,,,,
1780432962.254,1126666.0,4875.615,2.653702,,,,,,
1780432962.317,1126691.0,4883.391,2.65295,,,,,,
1780432962.318,1126716.0,4889.256,2.652141,,,,,,
1780432962.318,1126741.0,4863.803,2.651817,,,,,,
1780432962.385,1126766.0,4819.976,2.652117,,,,,,
1780432962.385,1126791.0,4812.073,2.651836,,,,,,
1780432962.452,1126816.0,4832.867,2.650809,,,,,,
1780432962.454,1126841.0,4862.743,2.64965,,,,,,
1780432962.455,1126866.0,4893.15,2.648594,,,,,,
1780432962.520,1126891.0,4885.685,2.647616,,,,,,
1780432962.521,1126916.0,4883.382,2.646823,,,,,,
1780432962.521,1126941.0,4882.033,2.646051,,,,,,
1780432962.586,1126966.0,4886.281,2.64509,,,,,,
1780432962.587,1126991.0,4892.92,2.643996,,,,,,
1780432962.651,1127016.0,4900.666,2.642865,,,,,,
1780432962.651,1127041.0,4906.962,2.641767,,,,,,
1780432962.652,1127066.0,4898.261,2.640682,,,,,,
1780432962.719,1127091.0,4852.521,2.64028,,,,,,
1780432962.817,1127116.0,4820.222,2.639957,0.030401,115.708717,1126978.25,6.688138,,
1780432962.818,1127237.0,4787.748,2.639101,,,,,,
1780432962.886,1127262.0,4767.511,2.638089,,,,,,
1780432962.886,1127287.0,4784.433,2.63677,,,,,,
1780432962.951,1127312.0,4797.97,2.635398,,,,,,
1780432962.952,1127337.0,4809.923,2.633983,,,,,,
1780432962.952,1127362.0,4811.475,2.632879,,,,,,
1780432963.020,1127387.0,4806.163,2.631799,,,,,,
1780432963.022,1127412.0,4798.39,2.631022,,,,,,
1780432963.023,1127437.0,4798.298,2.63016,,,,,,
1780432963.135,1127462.0,4827.243,2.629165,,,,,,
1780432963.136,1127487.0,4862.435,2.628159,,,,,,
1780432963.137,1127512.0,4867.286,2.627409,,,,,,
1780432963.137,1127537.0,4840.313,2.627296,,,,,,
1780432963.138,1127562.0,4787.579,2.626912,,,,,,
1780432963.222,1127587.0,4760.406,2.626364,,,,,,
1780432963.224,1127612.0,4772.621,2.625676,,,,,,
1780432963.225,1127637.0,4786.745,2.624846,,,,,,
1780432963.301,1127662.0,4799.403,2.624192,,,,,,
1780432963.302,1127687.0,4805.09,2.623596,,,,,,
1780432963.303,1127712.0,4805.995,2.623255,,,,,,
1780432963.384,1127737.0,4799.271,2.622853,,,,,,
1780432963.389,1127762.0,4794.415,2.622516,,,,,,
1780432963.390,1127787.0,4808.196,2.622334,,,,,,
1780432963.390,1127812.0,4851.629,2.621966,,,,,,
1780432963.469,1127837.0,4873.798,2.621596,,,,,,
1780432963.469,1127862.0,4913.015,2.62126,,,,,,
1780432963.470,1127887.0,4923.25,2.621098,,,,,,
1780432963.534,1127912.0,4921.493,2.62112,,,,,,
1780432963.534,1127937.0,4911.111,2.621172,,,,,,
1780432963.602,1127962.0,4904.815,2.621221,,,,,,
1780432963.603,1127987.0,4903.916,2.621174,,,,,,
1780432963.603,1128012.0,4910.156,2.621127,,,,,,
1780432963.667,1128037.0,4915.665,2.621086,,,,,,
1780432963.668,1128062.0,4912.439,2.621158,,,,,,
1780432963.668,1128087.0,4880.791,2.621266,,,,,,
1780432963.733,1128112.0,4848.067,2.621469,,,,,,
1780432963.734,1128137.0,4849.049,2.621506,,,,,,
1780432963.802,1128162.0,4865.025,2.621517,,,,,,
1780432963.803,1128187.0,4910.322,2.621464,,,,,,
1780432963.803,1128212.0,4924.742,2.621422,,,,,,
1780432963.871,1128237.0,4916.885,2.621344,,,,,,
1780432963.872,1128262.0,4900.414,2.621411,,,,,,
1780432963.873,1128287.0,4890.001,2.621345,,,,,,
1780432963.950,1128312.0,4881.1,2.621229,,,,,,
1780432963.951,1128337.0,4876.069,2.621203,,,,,,
1780432963.951,1128362.0,4878.092,2.621203,,,,,,
1780432964.017,1128387.0,4876.521,2.621288,,,,,,
1780432964.017,1128412.0,4859.851,2.621166,,,,,,
1780432964.017,1128437.0,4822.113,2.621293,,,,,,
1780432964.084,1128462.0,4801.935,2.621568,,,,,,
1780432964.085,1128487.0,4794.288,2.621755,,,,,,
1780432964.150,1128512.0,4819.758,2.62161,,,,,,
1780432964.151,1128537.0,4837.352,2.62146,,,,,,
1780432964.151,1128562.0,4824.92,2.621229,,,,,,
1780432964.217,1128587.0,4811.821,2.621092,,,,,,
1780432964.217,1128612.0,4797.604,2.620861,,,,,,
1780432964.218,1128637.0,4782.821,2.620715,,,,,,
1780432964.284,1128662.0,4772.282,2.620509,,,,,,
1780432964.285,1128687.0,4766.464,2.620432,,,,,,
1780432964.353,1128712.0,4762.021,2.62047,,,,,,
1780432964.354,1128737.0,4749.408,2.620403,,,,,,
1780432964.355,1128762.0,4702.276,2.620547,,,,,,
1780432964.419,1128787.0,4655.138,2.620684,,,,,,
1780432964.419,1128812.0,4616.275,2.620679,,,,,,
1780432964.420,1128837.0,4596.087,2.620499,,,,,,
1780432964.495,1128862.0,4594.651,2.620538,,,,,,
1780432964.495,1128887.0,4591.875,2.620453,,,,,,
1780432964.496,1128912.0,4582.59,2.620411,,,,,,
1780432964.569,1128937.0,4573.303,2.620498,,,,,,
1780432964.570,1128962.0,4563.995,2.620339,,,,,,
1780432964.571,1128987.0,4556.223,2.620364,,,,,,
1780432964.634,1129012.0,4551.831,2.620256,,,,,,
1780432964.635,1129037.0,4548.359,2.620307,,,,,,
1780432964.700,1129062.0,4538.454,2.620246,,,,,,
1780432964.701,1129087.0,4512.904,2.620129,,,,,,
1780432964.701,1129112.0,4474.252,2.620044,,,,,,
1780432964.767,1129137.0,4435.118,2.620133,,,,,,
1780432964.768,1129162.0,4407.833,2.620138,,,,,,
1780432964.769,1129187.0,4411.038,2.620305,,,,,,
1780432964.833,1129212.0,4411.171,2.620381,,,,,,
1780432964.834,1129237.0,4411.204,2.620494,,,,,,
1780432964.918,1129262.0,4411.266,2.620471,,,,,,
1780432964.918,1129287.0,4411.228,2.620485,,,,,,
1780432964.919,1129312.0,4411.278,2.620466,,,,,,
1780432964.919,1129337.0,4411.367,2.620433,,,,,,
1780432964.987,1129362.0,4411.355,2.620437,,,,,,
1780432964.988,1129387.0,4411.381,2.620427,,,,,,
1780432964.989,1129412.0,4411.4,2.620294,,,,,,
1780432965.069,1129437.0,4411.337,2.620318,,,,,,
1780432965.071,1129462.0,4411.216,2.620364,,,,,,
1780432965.072,1129487.0,4411.13,2.620271,,,,,,
1780432965.169,1129512.0,4411.059,2.620298,,,,,,
1780432965.170,1129537.0,4410.928,2.620221,,,,,,
1780432965.171,1129562.0,4410.898,2.620233,,,,,,
1780432965.172,1129587.0,4410.955,2.620337,,,,,,
1780432965.252,1129612.0,4411.017,2.620188,,,,,,
1780432965.252,1129637.0,4411.9,2.620106,,,,,,
1780432965.253,1129662.0,4402.312,2.619869,,,,,,
1780432965.317,1129687.0,4393.03,2.619765,,,,,,
1780432965.318,1129712.0,4383.745,2.619663,,,,,,
1780432965.318,1129737.0,4374.347,2.619603,,,,,,
1780432965.384,1129762.0,4364.941,2.61942,,,,,,
1780432965.385,1129787.0,4355.629,2.619202,,,,,,
1780432965.454,1129812.0,4346.368,2.618965,,,,,,
1780432965.454,1129837.0,4337.019,2.618761,,,,,,
1780432965.455,1129862.0,4327.6,2.618583,,,,,,
1780432965.533,1129887.0,4318.213,2.618519,,,,,,
1780432965.533,1129912.0,4308.992,2.618393,,,,,,
1780432965.534,1129937.0,4299.613,2.6182,,,,,,
1780432965.601,1129962.0,4290.315,2.617976,,,,,,
1780432965.603,1129987.0,4280.964,2.617773,,,,,,
1780432965.604,1130012.0,4271.689,2.617666,,,,,,
1780432965.666,1130037.0,4262.485,2.617533,,,,,,
1780432965.667,1130062.0,4253.175,2.61744,,,,,,
1780432965.667,1130087.0,4243.925,2.617324,,,,,,
1780432965.735,1130112.0,4234.784,2.617167,,,,,,
1780432965.736,1130137.0,4225.61,2.616897,,,,,,
1780432965.800,1130162.0,4216.387,2.616771,,,,,,
1780432965.801,1130187.0,4207.066,2.616556,,,,,,
1780432965.801,1130212.0,4197.868,2.616295,,,,,,
1780432965.868,1130237.0,4188.609,2.616183,,,,,,
1780432965.868,1130262.0,4178.381,2.61606,,,,,,
1780432965.869,1130287.0,4178.756,2.616041,,,,,,
1780432965.942,1130312.0,4178.753,2.616042,,,,,,
1780432965.943,1130337.0,4178.795,2.616026,,,,,,
1780432965.944,1130362.0,4178.904,2.616108,,,,,,
1780432966.019,1130387.0,4178.971,2.616083,,,,,,
1780432966.019,1130412.0,4178.985,2.616078,,,,,,
1780432966.020,1130437.0,4178.998,2.616073,,,,,,
1780432966.083,1130462.0,4179.085,2.61604,,,,,,
1780432966.084,1130487.0,4179.107,2.616032,,,,,,
1780432966.152,1130512.0,4179.152,2.616015,,,,,,
1780432966.153,1130537.0,4179.147,2.616017,,,,,,
1780432966.154,1130562.0,4179.329,2.615948,,,,,,
1780432966.233,1130587.0,4179.318,2.615952,,,,,,
1780432966.233,1130612.0,4179.364,2.615935,,,,,,
1780432966.234,1130637.0,4179.339,2.616068,,,,,,
1780432966.299,1130662.0,4179.329,2.616195,,,,,,
1780432966.300,1130687.0,4179.326,2.616319,,,,,,
1780432966.300,1130712.0,4179.331,2.616317,,,,,,
1780432966.366,1130737.0,4179.329,2.616442,,,,,,
1780432966.366,1130762.0,4179.317,2.616446,,,,,,
1780432966.367,1130787.0,4179.31,2.616449,,,,,,
1780432966.434,1130812.0,4179.339,2.616438,,,,,,
1780432966.435,1130837.0,4179.32,2.616569,,,,,,
1780432966.499,1130862.0,4179.227,2.616727,,,,,,
1780432966.500,1130887.0,4179.272,2.61671,,,,,,
1780432966.500,1130912.0,4179.16,2.616752,,,,,,
1780432966.565,1130937.0,4179.304,2.616821,,,,,,
1780432966.566,1130962.0,4179.314,2.616817,,,,,,
1780432966.566,1130987.0,4179.219,2.61673,,,,,,
1780432966.634,1131012.0,4179.03,2.616802,,,,,,
1780432966.635,1131037.0,4179.179,2.616869,,,,,,
1780432966.700,1131062.0,4179.246,2.616843,,,,,,
1780432966.700,1131087.0,4179.27,2.616958,,,,,,
1780432966.701,1131112.0,4179.43,2.616897,,,,,,
1780432966.766,1131137.0,4179.427,2.617022,,,,,,
1780432966.767,1131162.0,4179.507,2.616992,,,,,,
1780432966.768,1131187.0,4179.44,2.617017,,,,,,
1780432966.834,1131212.0,4179.507,2.616992,,,,,,
1780432966.835,1131237.0,4179.595,2.616958,,,,,,
1780432966.900,1131262.0,4179.6,2.616833,,,,,,
1780432966.901,1131287.0,4179.539,2.616856,,,,,,
1780432966.902,1131312.0,4179.664,2.616809,,,,,,
1780432966.966,1131337.0,4179.643,2.616817,,,,,,
1780432966.967,1131362.0,4179.611,2.616706,,,,,,
1780432966.967,1131387.0,4179.576,2.616719,,,,,,
1780432967.035,1131412.0,4179.595,2.616711,,,,,,
1780432967.035,1131437.0,4179.611,2.616706,,,,,,
1780432967.099,1131462.0,4179.592,2.616589,,,,,,
1780432967.100,1131487.0,4179.709,2.616421,,,,,,
1780432967.100,1131512.0,4179.746,2.616531,,,,,,
1780432967.169,1131537.0,4179.84,2.616496,,,,,,
1780432967.170,1131562.0,4179.815,2.616381,,,,,,
1780432967.170,1131587.0,4179.941,2.616334,,,,,,
1780432967.233,1131612.0,4180.067,2.616286,,,,,,
1780432967.234,1131637.0,4180.173,2.616369,,,,,,
1780432967.301,1131662.0,4180.075,2.616407,,,,,,
1780432967.302,1131687.0,4180.093,2.6164,,,,,,
1780432967.303,1131712.0,4180.134,2.616261,,,,,,
1780432967.367,1131737.0,4180.035,2.616298,,,,,,
1780432967.367,1131762.0,4180.054,2.616168,,,,,,
1780432967.368,1131787.0,4180.104,2.616149,,,,,,
1780432967.433,1131812.0,4180.163,2.616127,,,,,,
1780432967.434,1131837.0,4180.118,2.616144,,,,,,
1780432967.500,1131862.0,4180.125,2.616264,,,,,,
1780432967.501,1131887.0,4180.326,2.616312,,,,,,
1780432967.502,1131912.0,4180.43,2.616149,,,,,,
1780432967.566,1131937.0,4180.438,2.616146,,,,,,
1780432967.566,1131962.0,4180.653,2.616188,,,,,,
1780432967.567,1131987.0,4180.699,2.616171,,,,,,
1780432967.634,1132012.0,4180.662,2.616185,,,,,,
1780432967.634,1132037.0,4180.739,2.616156,,,,,,
1780432967.709,1132062.0,4180.856,2.616235,,,,,,
1780432967.710,1132087.0,4180.909,2.616338,,,,,,
1780432967.711,1132112.0,4180.84,2.616365,,,,,,
1780432967.784,1132137.0,4180.842,2.61624,,,,,,
1780432967.785,1132162.0,4180.837,2.616242,,,,,,
1780432967.786,1132187.0,4180.938,2.616204,,,,,,
1780432967.851,1132212.0,4180.832,2.616368,,,,,,
1780432967.852,1132237.0,4180.776,2.616389,,,,,,
1780432967.853,1132262.0,4180.845,2.616363,,,,,,
1780432967.916,1132287.0,4180.915,2.616336,,,,,,
1780432967.916,1132312.0,4180.909,2.616338,,,,,,
1780432967.917,1132337.0,4180.885,2.616471,,,,,,
1780432967.984,1132362.0,4181.0,2.616551,,,,,,
1780432967.985,1132387.0,4180.968,2.616563,,,,,,
1780432968.052,1132412.0,4180.869,2.616601,,,,,,
1780432968.053,1132437.0,4180.8,2.616627,,,,,,
1780432968.054,1132462.0,4180.944,2.616695,,,,,,
1780432968.116,1132487.0,4180.979,2.616682,,,,,,
1780432968.116,1132512.0,4180.855,2.616606,,,,,,
1780432968.116,1132537.0,4180.834,2.616614,,,,,,
1780432968.183,1132562.0,4180.885,2.616471,,,,,,
1780432968.184,1132587.0,4180.784,2.616509,,,,,,
1780432968.250,1132612.0,4180.8,2.616627,,,,,,
1780432968.251,1132637.0,4180.894,2.616591,,,,,,
1780432968.252,1132662.0,4180.926,2.616579,,,,,,
1780432968.318,1132687.0,4180.824,2.616494,,,,,,
1780432968.318,1132712.0,4180.806,2.616501,,,,,,
1780432968.319,1132737.0,4180.761,2.616518,,,,,,
1780432968.384,1132762.0,4180.867,2.616478,,,,,,
1780432968.385,1132787.0,4180.859,2.616481,,,,,,
1780432968.449,1132812.0,4180.741,2.616525,,,,,,
1780432968.450,1132837.0,4180.83,2.616369,,,,,,
1780432968.450,1132862.0,4180.872,2.616353,,,,,,
1780432968.517,1132887.0,4180.907,2.616339,,,,,,
1780432968.518,1132912.0,4180.904,2.616217,,,,,,
1780432968.519,1132937.0,4180.966,2.616194,,,,,,
1780432968.586,1132962.0,4180.947,2.616077,,,,,,
1780432968.587,1132987.0,4180.942,2.616079,,,,,,
1780432968.651,1133012.0,4180.926,2.616085,,,,,,
1780432968.652,1133037.0,4180.966,2.616194,,,,,,
1780432968.652,1133062.0,4181.014,2.616299,,,,,,
1780432968.726,1133087.0,4180.934,2.616329,,,,,,
1780432968.727,1133112.0,4180.825,2.61637,,,,,,
1780432968.727,1133137.0,4180.864,2.616355,,,,,,
1780432968.801,1133162.0,4180.878,2.616474,,,,,,
1780432968.802,1133187.0,4180.834,2.616614,,,,,,
1780432968.802,1133212.0,4180.816,2.616497,,,,,,
1780432968.867,1133237.0,4180.859,2.616357,,,,,,
1780432968.867,1133262.0,4180.861,2.61648,,,,,,
1780432968.868,1133287.0,4180.797,2.616504,,,,,,
1780432968.935,1133312.0,4180.941,2.61645,,,,,,
1780432968.935,1133337.0,4180.88,2.616473,,,,,,
1780432969.000,1133362.0,4181.037,2.616537,,,,,,
1780432969.000,1133387.0,4180.973,2.616561,,,,,,
1780432969.001,1133412.0,4181.048,2.616533,,,,,,
1780432969.067,1133437.0,4181.048,2.616533,,,,,,
1780432969.068,1133462.0,4181.016,2.616545,,,,,,
1780432969.068,1133487.0,4181.077,2.616522,,,,,,
1780432969.151,1133512.0,4181.114,2.616508,,,,,,
1780432969.152,1133537.0,4181.074,2.616523,,,,,,
1780432969.152,1133562.0,4180.981,2.616682,,,,,,
1780432969.218,1133587.0,4181.04,2.616783,,,,,,
1780432969.219,1133612.0,4181.053,2.616778,,,,,,
1780432969.220,1133637.0,4181.133,2.616871,,,,,,
1780432969.284,1133662.0,4181.131,2.616872,,,,,,
1780432969.284,1133687.0,4181.181,2.616729,,,,,,
1780432969.349,1133712.0,4181.32,2.616554,,,,,,
1780432969.349,1133737.0,4181.331,2.616549,,,,,,
1780432969.350,1133762.0,4181.325,2.616551,,,,,,
1780432969.416,1133787.0,4181.35,2.616542,,,,,,
1780432969.418,1133812.0,4181.461,2.616377,,,,,,
1780432969.419,1133837.0,4181.512,2.616481,,,,,,
1780432969.482,1133862.0,4181.52,2.616478,,,,,,
1780432969.483,1133887.0,4181.565,2.616461,,,,,,
1780432969.549,1133912.0,4181.576,2.616457,,,,,,
1780432969.550,1133937.0,4181.435,2.616633,,,,,,
1780432969.550,1133962.0,4181.44,2.616508,,,,,,
1780432969.615,1133987.0,4181.376,2.616409,,,,,,
1780432969.616,1134012.0,4181.409,2.616397,,,,,,
1780432969.616,1134037.0,4181.25,2.616457,,,,,,
1780432969.685,1134062.0,4181.312,2.616433,,,,,,
1780432969.685,1134087.0,4181.32,2.61643,,,,,,
1780432969.749,1134112.0,4181.36,2.616415,,,,,,
1780432969.750,1134137.0,4181.262,2.616329,,,,,,
1780432969.750,1134162.0,4181.235,2.616338,,,,,,
1780432969.815,1134187.0,4181.249,2.616334,,,,,,
1780432969.816,1134212.0,4181.163,2.616243,,,,,,
1780432969.817,1134237.0,4181.136,2.616129,,,,,,
1780432969.884,1134262.0,4181.123,2.616011,,,,,,
1780432969.884,1134287.0,4181.198,2.615983,,,,,,
1780432969.950,1134312.0,4181.176,2.615991,,,,,,
1780432969.950,1134337.0,4181.072,2.61603,,,,,,
1780432969.951,1134362.0,4181.128,2.615885,,,,,,
1780432970.016,1134387.0,4180.995,2.616059,,,,,,
1780432970.016,1134412.0,4181.038,2.61592,,,,,,
1780432970.017,1134437.0,4180.987,2.615939,,,,,,
1780432970.082,1134462.0,4180.91,2.615845,,,,,,
1780432970.083,1134487.0,4180.907,2.615969,,,,,,
1780432970.149,1134512.0,4180.851,2.615867,,,,,,
1780432970.149,1134537.0,4180.958,2.615826,,,,,,
1780432970.150,1134562.0,4180.971,2.615698,,,,,,
1780432970.217,1134587.0,4181.008,2.615684,,,,,,
1780432970.217,1134612.0,4180.979,2.615819,,,,,,
1780432970.218,1134637.0,4181.03,2.615922,,,,,,
1780432970.284,1134662.0,4181.046,2.61604,,,,,,
1780432970.285,1134687.0,4181.064,2.616156,,,,,,
1780432970.349,1134712.0,4181.051,2.616161,,,,,,
1780432970.349,1134737.0,4180.992,2.616184,,,,,,
1780432970.350,1134762.0,4181.011,2.616176,,,,,,
1780432970.416,1134787.0,4181.0,2.616304,,,,,,
1780432970.417,1134812.0,4181.075,2.616276,,,,,,
1780432970.417,1134837.0,4181.19,2.616232,,,,,,
1780432970.482,1134862.0,4181.12,2.616259,,,,,,
1780432970.482,1134887.0,4181.219,2.616345,,,,,,
1780432970.548,1134912.0,4181.019,2.616297,,,,,,
1780432970.549,1134937.0,4180.949,2.616323,,,,,,
1780432970.549,1134962.0,4180.949,2.616447,,,,,,
1780432970.615,1134987.0,4181.051,2.616408,,,,,,
1780432970.615,1135012.0,4181.241,2.616213,,,,,,
1780432970.616,1135037.0,4181.168,2.616241,,,,,,
1780432970.682,1135062.0,4181.222,2.61622,,,,,,
1780432970.682,1135087.0,4181.307,2.616188,,,,,,
1780432970.757,1135112.0,4181.286,2.616196,,,,,,
1780432970.758,1135137.0,4181.31,2.616187,,,,,,
1780432970.758,1135162.0,4181.237,2.616215,,,,,,
1780432970.834,1135187.0,4181.272,2.616201,,,,,,
1780432970.834,1135212.0,4181.249,2.61621,,,,,,
1780432970.835,1135237.0,4181.35,2.616049,,,,,,
1780432970.899,1135262.0,4181.369,2.615918,,,,,,
1780432970.900,1135287.0,4181.449,2.615764,,,,,,
1780432970.901,1135312.0,4181.406,2.61578,,,,,,
1780432970.985,1135337.0,4181.476,2.615878,,,,,,
1780432970.986,1135362.0,4181.58,2.615838,,,,,,
1780432970.986,1135387.0,4181.636,2.615817,,,,,,
1780432971.048,1135412.0,4181.771,2.615642,,,,,,
1780432971.049,1135437.0,4181.651,2.615688,,,,,,
1780432971.049,1135462.0,4181.598,2.615831,,,,,,
1780432971.114,1135487.0,4181.705,2.615915,,,,,,
1780432971.115,1135512.0,4181.553,2.615849,,,,,,
1780432971.115,1135537.0,4181.777,2.615887,,,,,,
1780432971.183,1135562.0,4181.932,2.615829,,,,,,
1780432971.183,1135587.0,4182.043,2.615663,,,,,,
1780432971.249,1135612.0,4181.969,2.615691,,,,,,
1780432971.249,1135637.0,4181.953,2.615821,,,,,,
1780432971.250,1135662.0,4182.027,2.615793,,,,,,
1780432971.315,1135687.0,4182.067,2.615777,,,,,,
1780432971.316,1135712.0,4181.968,2.615938,,,,,,
1780432971.316,1135737.0,4181.942,2.615948,,,,,,
1780432971.381,1135762.0,4181.96,2.615941,,,,,,
1780432971.382,1135787.0,4181.878,2.616096,,,,,,
1780432971.448,1135812.0,4181.811,2.616245,,,,,,
1780432971.449,1135837.0,4181.824,2.61624,,,,,,
1780432971.449,1135862.0,4181.723,2.616278,,,,,,
1780432971.515,1135887.0,4181.678,2.616295,,,,,,
1780432971.515,1135912.0,4181.643,2.616308,,,,,,
1780432971.516,1135937.0,4181.654,2.61618,,,,,,
1780432971.581,1135962.0,4181.582,2.616208,,,,,,
1780432971.582,1135987.0,4181.605,2.616322,,,,,,
1780432971.648,1136012.0,4181.544,2.616469,,,,,,
1780432971.649,1136037.0,4181.55,2.616467,,,,,,
1780432971.649,1136062.0,4181.763,2.616263,,,,,,
1780432971.715,1136087.0,4181.801,2.616125,,,,,,
1780432971.716,1136112.0,4181.803,2.616124,,,,,,
1780432971.717,1136137.0,4181.854,2.616229,,,,,,
1780432971.783,1136162.0,4181.843,2.616109,,,,,,
1780432971.783,1136187.0,4181.811,2.616245,,,,,,
1780432971.849,1136212.0,4181.712,2.616282,,,,,,
1780432971.850,1136237.0,4181.632,2.616312,,,,,,
1780432971.850,1136262.0,4181.633,2.616312,,,,,,
1780432971.934,1136287.0,4181.652,2.616305,,,,,,
1780432971.934,1136312.0,4181.585,2.61633,,,,,,
1780432971.935,1136337.0,4181.694,2.616289,,,,,,
1780432972.015,1136362.0,4181.772,2.616136,,,,,,
1780432972.016,1136387.0,4181.763,2.616139,,,,,,
1780432972.016,1136412.0,4181.954,2.615944,,,,,,
1780432972.017,1136437.0,4181.993,2.615806,,,,,,
1780432972.084,1136462.0,4181.939,2.615826,,,,,,
1780432972.085,1136487.0,4182.033,2.615791,,,,,,
1780432972.168,1136512.0,4182.07,2.6159,,,,,,
1780432972.169,1136537.0,4182.166,2.615987,,,,,,
1780432972.171,1136562.0,4182.126,2.616002,,,,,,
1780432972.172,1136587.0,4182.126,2.616002,,,,,,
1780432972.268,1136612.0,4182.02,2.615919,,,,,,
1780432972.269,1136637.0,4182.167,2.615863,,,,,,
1780432972.270,1136662.0,4182.083,2.615895,,,,,,
1780432972.271,1136687.0,4181.908,2.616085,,,,,,
1780432972.368,1136712.0,4181.926,2.616201,,,,,,
1780432972.370,1136737.0,4181.953,2.616067,,,,,,
1780432972.372,1136762.0,4182.025,2.61604,,,,,,
1780432972.374,1136787.0,4181.979,2.616181,,,,,,
1780432972.452,1136812.0,4181.961,2.616065,,,,,,
1780432972.453,1136837.0,4181.974,2.616183,,,,,,
1780432972.454,1136862.0,4182.02,2.616166,,,,,,
1780432972.552,1136887.0,4181.985,2.616179,,,,,,
1780432972.553,1136912.0,4181.896,2.616212,,,,,,
1780432972.555,1136937.0,4181.859,2.61635,,,,,,
1780432972.556,1136962.0,4181.87,2.616346,,,,,,
1780432972.649,1136987.0,4181.886,2.61634,,,,,,
1780432972.650,1137012.0,4181.886,2.61634,,,,,,
1780432972.650,1137037.0,4181.736,2.616396,,,,,,
1780432972.651,1137062.0,4181.883,2.616341,,,,,,
1780432972.724,1137087.0,4181.987,2.616302,,,,,,
1780432972.725,1137112.0,4181.998,2.616297,,,,,,
1780432972.725,1137137.0,4181.883,2.616341,,,,,,
1780432972.816,1137162.0,4181.787,2.616377,,,,,,
1780432972.817,1137187.0,4181.774,2.616382,,,,,,
1780432972.818,1137212.0,4181.864,2.616225,,,,,,
1780432972.819,1137237.0,4181.779,2.61638,,,,,,
1780432972.912,1137262.0,4181.753,2.61639,,,,,,
1780432972.913,1137287.0,4181.773,2.616506,,,,,,
1780432972.913,1137312.0,4181.811,2.616368,,,,,,
1780432972.914,1137337.0,4181.787,2.616254,,,,,,
1780432973.001,1137362.0,4181.736,2.616273,,,,,,
1780432973.002,1137387.0,4181.755,2.616266,,,,,,
1780432973.003,1137412.0,4181.752,2.616143,,,,,,
1780432973.082,1137437.0,4181.725,2.616277,,,,,,
1780432973.083,1137462.0,4181.725,2.616277,,,,,,
1780432973.083,1137487.0,4181.827,2.616362,,,,,,
1780432973.147,1137512.0,4181.811,2.616245,,,,,,
1780432973.148,1137537.0,4181.883,2.616218,,,,,,
1780432973.148,1137562.0,4181.91,2.616084,,,,,,
1780432973.235,1137587.0,4181.985,2.615932,,,,,,
1780432973.237,1137612.0,4181.865,2.616101,,,,,,
1780432973.238,1137637.0,4181.846,2.616108,,,,,,
1780432973.239,1137662.0,4181.856,2.616104,,,,,,
1780432973.350,1137687.0,4181.718,2.61628,,,,,,
1780432973.351,1137712.0,4181.801,2.616249,,,,,,
1780432973.351,1137737.0,4181.755,2.616389,,,,,,
1780432973.352,1137762.0,4181.792,2.616375,,,,,,
1780432973.452,1137787.0,4181.958,2.616189,,,,,,
1780432973.454,1137812.0,4182.041,2.616281,,,,,,
1780432973.455,1137837.0,4181.939,2.616443,,,,,,
1780432973.457,1137862.0,4182.06,2.616274,,,,,,
1780432973.566,1137887.0,4182.016,2.616167,,,,,,
1780432973.567,1137912.0,4182.1,2.616012,,,,,,
1780432973.569,1137937.0,4182.145,2.616118,,,,,,
1780432973.570,1137962.0,4182.105,2.616134,,,,,,
1780432973.571,1137987.0,4182.035,2.616283,,,,,,
1780432973.653,1138012.0,4182.051,2.616277,,,,,,
1780432973.654,1138037.0,4182.035,2.616283,,,,,,
1780432973.655,1138062.0,4182.041,2.616158,,,,,,
1780432973.767,1138087.0,4182.038,2.616035,,,,,,
1780432973.769,1138112.0,4182.062,2.615903,,,,,,
1780432973.770,1138137.0,4182.124,2.616003,,,,,,
1780432973.772,1138162.0,4182.126,2.616125,,,,,,
1780432973.773,1138187.0,4182.041,2.616281,,,,,,
1780432973.883,1138212.0,4181.977,2.616429,,,,,,
1780432973.884,1138237.0,4182.204,2.616219,,,,,,
1780432973.885,1138262.0,4182.311,2.616303,,,,,,
1780432973.886,1138287.0,4182.22,2.616337,,,,,,
1780432973.999,1138312.0,4182.292,2.616186,,,,,,
1780432974.001,1138337.0,4182.207,2.616219,,,,,,
1780432974.002,1138362.0,4182.228,2.616087,,,,,,
1780432974.003,1138387.0,4182.201,2.616097,,,,,,
1780432974.005,1138412.0,4182.104,2.616134,,,,,,
1780432974.116,1138437.0,4182.113,2.61613,,,,,,
1780432974.117,1138462.0,4182.314,2.615931,,,,,,
1780432974.119,1138487.0,4182.223,2.615966,,,,,,
1780432974.120,1138512.0,4182.159,2.61599,,,,,,
1780432974.121,1138537.0,4182.198,2.616098,,,,,,
1780432974.232,1138562.0,4182.217,2.616091,,,,,,
1780432974.234,1138587.0,4182.26,2.616075,,,,,,
1780432974.236,1138612.0,4182.284,2.616066,,,,,,
1780432974.238,1138637.0,4182.254,2.616077,,,,,,
1780432974.239,1138662.0,4182.315,2.616054,,,,,,
1780432974.349,1138687.0,4182.275,2.616192,,,,,,
1780432974.351,1138712.0,4182.185,2.61635,,,,,,
1780432974.352,1138737.0,4182.104,2.61638,,,,,,
1780432974.353,1138762.0,4182.174,2.616231,,,,,,
1780432974.465,1138787.0,4182.124,2.616127,,,,,,
1780432974.467,1138812.0,4182.227,2.616087,,,,,,
1780432974.469,1138837.0,4182.286,2.615942,,,,,,
1780432974.470,1138862.0,4182.197,2.616099,,,,,,
1780432974.471,1138887.0,4182.121,2.616004,,,,,,
1780432974.566,1138912.0,4182.158,2.61599,,,,,,
1780432974.568,1138937.0,4182.19,2.616102,,,,,,
1780432974.569,1138962.0,4182.195,2.616223,,,,,,
1780432974.570,1138987.0,4182.238,2.61633,,,,,,
1780432974.683,1139012.0,4182.239,2.616206,,,,,,
1780432974.684,1139037.0,4182.263,2.616321,,,,,,
1780432974.685,1139062.0,4182.276,2.616316,,,,,,
1780432974.686,1139087.0,4182.146,2.616365,,,,,,
1780432974.799,1139112.0,4182.175,2.616477,,,,,,
1780432974.800,1139137.0,4182.26,2.616569,,,,,,
1780432974.802,1139162.0,4182.175,2.616601,,,,,,
1780432974.803,1139187.0,4182.183,2.616474,,,,,,
1780432974.804,1139212.0,4182.215,2.616586,,,,,,
1780432974.900,1139237.0,4182.215,2.616462,,,,,,
1780432974.902,1139262.0,4182.236,2.616331,,,,,,
1780432974.903,1139287.0,4182.238,2.616453,,,,,,
1780432974.905,1139312.0,4182.332,2.616418,,,,,,
1780432975.016,1139337.0,4182.393,2.616271,,,,,,
1780432975.018,1139362.0,4182.351,2.616288,,,,,,
1780432975.019,1139387.0,4182.177,2.616477,,,,,,
1780432975.020,1139412.0,4182.217,2.616585,,,,,,
1780432975.021,1139437.0,4182.126,2.616619,,,,,,
1780432975.099,1139462.0,4181.99,2.616671,,,,,,
1780432975.100,1139487.0,4181.838,2.616605,,,,,,
1780432975.102,1139512.0,4181.841,2.616727,,,,,,
1780432975.199,1139537.0,4182.046,2.616773,,,,,,
1780432975.200,1139562.0,4182.006,2.616788,,,,,,
1780432975.201,1139587.0,4181.963,2.616681,,,,,,
1780432975.202,1139612.0,4181.843,2.616603,,,,,,
1780432975.264,1139637.0,4181.985,2.616673,,,,,,
1780432975.264,1139662.0,4181.931,2.616693,,,,,,
1780432975.265,1139687.0,4181.862,2.616719,,,,,,
1780432975.333,1139712.0,4181.838,2.616852,,,,,,
1780432975.335,1139737.0,4181.854,2.616846,,,,,,
1780432975.431,1139762.0,4181.837,2.616729,,,,,,
1780432975.432,1139787.0,4181.758,2.616759,,,,,,
1780432975.433,1139812.0,4181.694,2.616906,,,,,,
1780432975.434,1139837.0,4181.739,2.616889,,,,,,
1780432975.549,1139862.0,4181.891,2.616955,,,,,,
1780432975.550,1139887.0,4181.931,2.617063,,,,,,
1780432975.552,1139912.0,4181.851,2.61697,,,,,,
1780432975.553,1139937.0,4181.713,2.616899,,,,,,
1780432975.554,1139962.0,4181.691,2.616907,,,,,,
1780432975.667,1139987.0,4181.708,2.616901,,,,,,
1780432975.668,1140012.0,4181.791,2.616746,,,,,,
1780432975.669,1140037.0,4181.729,2.616646,,,,,,
1780432975.671,1140062.0,4181.785,2.616501,,,,,,
1780432975.673,1140087.0,4181.793,2.616498,,,,,,
1780432975.783,1140112.0,4181.844,2.616479,,,,,,
1780432975.785,1140137.0,4181.857,2.616351,,,,,,
1780432975.786,1140162.0,4181.702,2.616286,,,,,,
1780432975.788,1140187.0,4181.684,2.616169,,,,,,
1780432975.789,1140212.0,4181.678,2.616295,,,,,,
1780432975.899,1140237.0,4181.766,2.616385,,,,,,
1780432975.900,1140262.0,4181.743,2.616271,,,,,,
1780432975.901,1140287.0,4181.831,2.616237,,,,,,
1780432975.902,1140312.0,4181.772,2.616136,,,,,,
1780432976.015,1140337.0,4181.828,2.615991,,,,,,
1780432976.016,1140362.0,4181.895,2.615843,,,,,,
1780432976.017,1140387.0,4181.899,2.615841,,,,,,
1780432976.018,1140412.0,4181.87,2.615852,,,,,,
1780432976.020,1140437.0,4181.807,2.615876,,,,,,
1780432976.116,1140462.0,4181.678,2.615801,,,,,,
1780432976.118,1140487.0,4181.648,2.615689,,,,,,
1780432976.120,1140512.0,4181.702,2.615545,,,,,,
1780432976.121,1140537.0,4181.811,2.615627,,,,,,
1780432976.216,1140562.0,4181.979,2.615687,,,,,,
1780432976.217,1140587.0,4182.025,2.61567,,,,,,
1780432976.218,1140612.0,4182.089,2.615769,,,,,,
1780432976.219,1140637.0,4182.089,2.615769,,,,,,
1780432976.332,1140662.0,4182.075,2.615898,,,,,,
1780432976.334,1140687.0,4182.131,2.615877,,,,,,
1780432976.336,1140712.0,4182.254,2.61583,,,,,,
1780432976.337,1140737.0,4182.233,2.615838,,,,,,
1780432976.338,1140762.0,4182.239,2.61596,,,,,,
1780432976.432,1140787.0,4182.287,2.615941,,,,,,
1780432976.434,1140812.0,4182.316,2.61593,,,,,,
1780432976.436,1140837.0,4182.428,2.615888,,,,,,
1780432976.532,1140862.0,4182.367,2.615911,,,,,,
1780432976.533,1140887.0,4182.284,2.615942,,,,,,
1780432976.534,1140912.0,4182.202,2.615973,,,,,,
1780432976.536,1140937.0,4182.351,2.615917,,,,,,
1780432976.649,1140962.0,4182.199,2.616098,,,,,,
1780432976.651,1140987.0,4182.174,2.616107,,,,,,
1780432976.652,1141012.0,4182.239,2.616083,,,,,,
1780432976.653,1141037.0,4182.409,2.615895,,,,,,
1780432976.654,1141062.0,4182.593,2.615702,,,,,,
1780432976.749,1141087.0,4182.62,2.615692,,,,,,
1780432976.751,1141112.0,4182.508,2.615735,,,,,,
1780432976.753,1141137.0,4182.492,2.615741,,,,,,
1780432976.754,1141162.0,4182.5,2.615738,,,,,,
1780432976.850,1141187.0,4182.377,2.615784,,,,,,
1780432976.851,1141212.0,4182.311,2.615932,,,,,,
1780432976.853,1141237.0,4182.369,2.615787,,,,,,
1780432976.854,1141262.0,4182.353,2.615793,,,,,,
1780432976.934,1141287.0,4182.382,2.615782,,,,,,
1780432976.938,1141312.0,4182.311,2.615809,,,,,,
1780432976.939,1141337.0,4182.287,2.615818,,,,,,
1780432976.941,1141362.0,4182.377,2.615784,,,,,,
1780432977.069,1141387.0,4182.353,2.615793,,,,,,
1780432977.070,1141412.0,4182.303,2.615812,,,,,,
1780432977.072,1141437.0,4182.289,2.615941,,,,,,
1780432977.073,1141462.0,4182.251,2.615955,,,,,,
1780432977.074,1141487.0,4182.409,2.615895,,,,,,
1780432977.168,1141512.0,4182.393,2.616025,,,,,,
1780432977.170,1141537.0,4182.455,2.616002,,,,,,
1780432977.171,1141562.0,4182.455,2.616002,,,,,,
1780432977.173,1141587.0,4182.676,2.615918,,,,,,
1780432977.281,1141612.0,4182.703,2.616031,,,,,,
1780432977.283,1141637.0,4182.625,2.616184,,,,,,
1780432977.284,1141662.0,4182.633,2.616304,,,,,,
1780432977.284,1141687.0,4182.541,2.616463,,,,,,
1780432977.399,1141712.0,4182.545,2.616461,,,,,,
1780432977.401,1141737.0,4182.532,2.616466,,,,,,
1780432977.402,1141762.0,4182.417,2.616633,,,,,,
1780432977.404,1141787.0,4182.372,2.616526,,,,,,
1780432977.405,1141812.0,4182.543,2.616338,,,,,,
1780432977.517,1141837.0,4182.566,2.616206,,,,,,
1780432977.518,1141862.0,4182.468,2.616367,,,,,,
1780432977.519,1141887.0,4182.553,2.616458,,,,,,
1780432977.520,1141912.0,4182.631,2.616429,,,,,,
1780432977.520,1141937.0,4182.631,2.616552,,,,,,
1780432977.631,1141962.0,4182.474,2.616611,,,,,,
1780432977.632,1141987.0,4182.484,2.616607,,,,,,
1780432977.633,1142012.0,4182.532,2.616589,,,,,,
1780432977.634,1142037.0,4182.455,2.616619,,,,,,
1780432977.749,1142062.0,4182.484,2.616484,,,,,,
1780432977.751,1142087.0,4182.47,2.616366,,,,,,
1780432977.753,1142112.0,4182.372,2.616403,,,,,,
1780432977.754,1142137.0,4182.406,2.61639,,,,,,
1780432977.754,1142162.0,4182.243,2.616328,,,,,,
1780432977.850,1142187.0,4182.211,2.61634,,,,,,
1780432977.852,1142212.0,4182.045,2.616279,,,,,,
1780432977.853,1142237.0,4182.041,2.616281,,,,,,
1780432977.854,1142262.0,4181.987,2.616302,,,,,,
1780432977.954,1142287.0,4181.891,2.616338,,,,,,
1780432977.956,1142312.0,4181.941,2.616319,,,,,,
1780432977.957,1142337.0,4182.011,2.616292,,,,,,
1780432977.958,1142362.0,4182.021,2.616288,,,,,,
1780432978.050,1142387.0,4182.006,2.616294,,,,,,
1780432978.052,1142412.0,4181.993,2.616299,,,,,,
1780432978.053,1142437.0,4181.875,2.616467,,,,,,
1780432978.054,1142462.0,4181.963,2.616557,,,,,,
1780432978.148,1142487.0,4181.993,2.616546,,,,,,
1780432978.150,1142512.0,4181.923,2.616572,,,,,,
1780432978.151,1142537.0,4181.889,2.616585,,,,,,
1780432978.151,1142562.0,4181.956,2.616437,,,,,,
1780432978.249,1142587.0,4182.033,2.616531,,,,,,
1780432978.251,1142612.0,4182.009,2.61654,,,,,,
1780432978.253,1142637.0,4182.006,2.616418,,,,,,
1780432978.254,1142662.0,4182.182,2.616475,,,,,,
1780432978.368,1142687.0,4182.046,2.616526,,,,,,
1780432978.370,1142712.0,4181.977,2.616552,,,,,,
1780432978.371,1142737.0,4181.95,2.616562,,,,,,
1780432978.372,1142762.0,4181.971,2.616554,,,,,,
1780432978.373,1142787.0,4182.11,2.616626,,,,,,
1780432978.484,1142812.0,4182.038,2.616776,,,,,,
1780432978.485,1142837.0,4182.069,2.616888,,,,,,
1780432978.486,1142862.0,4182.045,2.616897,,,,,,
1780432978.487,1142887.0,4182.174,2.616724,,,,,,
1780432978.598,1142912.0,4182.208,2.616712,,,,,,
1780432978.600,1142937.0,4182.248,2.616697,,,,,,
1780432978.601,1142962.0,4182.227,2.616828,,,,,,
1780432978.602,1142987.0,4182.315,2.616795,,,,,,
1780432978.603,1143012.0,4182.289,2.616681,,,,,,
1780432978.699,1143037.0,4182.332,2.616665,,,,,,
1780432978.700,1143062.0,4182.326,2.616667,,,,,,
1780432978.701,1143087.0,4182.337,2.616663,,,,,,
1780432978.702,1143112.0,4182.356,2.616533,,,,,,
1780432978.816,1143137.0,4182.417,2.616509,,,,,,
1780432978.817,1143162.0,4182.348,2.616412,,,,,,
1780432978.818,1143187.0,4182.281,2.616437,,,,,,
1780432978.820,1143212.0,4182.351,2.616287,,,,,,
1780432978.820,1143237.0,4182.327,2.61642,,,,,,
1780432978.931,1143262.0,4182.372,2.616403,,,,,,
1780432978.932,1143287.0,4182.355,2.616286,,,,,,
1780432978.933,1143312.0,4182.505,2.61623,,,,,,
1780432978.934,1143337.0,4182.58,2.616201,,,,,,
1780432979.048,1143362.0,4182.614,2.616065,,,,,,
1780432979.050,1143387.0,4182.666,2.616045,,,,,,
1780432979.051,1143412.0,4182.652,2.615927,,,,,,
1780432979.052,1143437.0,4182.753,2.615889,,,,,,
1780432979.053,1143462.0,4182.836,2.615857,,,,,,
1780432979.131,1143487.0,4182.854,2.61585,,,,,,
1780432979.133,1143512.0,4182.783,2.615878,,,,,,
1780432979.134,1143537.0,4182.777,2.61588,,,,,,
1780432979.214,1143562.0,4182.619,2.615939,,,,,,
1780432979.216,1143587.0,4182.574,2.615956,,,,,,
1780432979.217,1143612.0,4182.531,2.616096,,,,,,
1780432979.218,1143637.0,4182.593,2.616196,,,,,,
1780432979.312,1143662.0,4182.515,2.616349,,,,,,
1780432979.313,1143687.0,4182.545,2.616338,,,,,,
1780432979.314,1143712.0,4182.47,2.616242,,,,,,
1780432979.314,1143737.0,4182.406,2.616267,,,,,,
1780432979.380,1143762.0,4182.366,2.616282,,,,,,
1780432979.380,1143787.0,4182.486,2.616236,,,,,,
1780432979.482,1143812.0,4182.529,2.616343,,,,,,
1780432979.483,1143837.0,4182.462,2.616492,,,,,,
1780432979.485,1143862.0,4182.508,2.616352,,,,,,
1780432979.486,1143887.0,4182.409,2.616389,,,,,,
1780432979.598,1143912.0,4182.324,2.616421,,,,,,
1780432979.599,1143937.0,4182.254,2.616571,,,,,,
1780432979.600,1143962.0,4182.276,2.616686,,,,,,
1780432979.601,1143987.0,4182.26,2.616692,,,,,,
1780432979.602,1144012.0,4182.116,2.616746,,,,,,
1780432979.697,1144037.0,4182.057,2.616892,,,,,,
1780432979.698,1144062.0,4182.072,2.616886,,,,,,
1780432979.700,1144087.0,4182.097,2.616754,,,,,,
1780432979.701,1144112.0,4182.078,2.616761,,,,,,
1780432979.814,1144137.0,4181.95,2.616809,,,,,,
1780432979.816,1144162.0,4181.931,2.616693,,,,,,
1780432979.817,1144187.0,4181.995,2.616545,,,,,,
1780432979.818,1144212.0,4182.022,2.616535,,,,,,
1780432979.819,1144237.0,4181.942,2.616565,,,,,,
1780432979.897,1144262.0,4181.83,2.616608,,,,,,
1780432979.898,1144287.0,4181.899,2.616458,,,,,,
1780432979.900,1144312.0,4181.987,2.616301,,,,,,
1780432979.997,1144337.0,4181.921,2.616326,,,,,,
1780432979.998,1144362.0,4182.003,2.616295,,,,,,
1780432979.999,1144387.0,4182.15,2.616117,,,,,,
1780432980.000,1144412.0,4182.1,2.616259,,,,,,
1780432980.081,1144437.0,4182.043,2.616157,,,,,,
1780432980.082,1144462.0,4182.075,2.616021,,,,,,
1780432980.084,1144487.0,4182.153,2.616115,,,,,,
1780432980.161,1144512.0,4182.158,2.616237,,,,,,
1780432980.162,1144537.0,4182.159,2.616236,,,,,,
1780432980.162,1144562.0,4182.137,2.616122,,,,,,
1780432980.163,1144587.0,4182.119,2.616005,,,,,,
1780432980.229,1144612.0,4182.153,2.615992,,,,,,
1780432980.230,1144637.0,4182.26,2.615828,,,,,,
1780432980.301,1144662.0,4182.321,2.615805,,,,,,
1780432980.301,1144687.0,4182.278,2.615821,,,,,,
1780432980.302,1144712.0,4182.19,2.615855,,,,,,
1780432980.378,1144737.0,4182.268,2.615702,,,,,,
1780432980.379,1144762.0,4182.327,2.615803,,,,,,
1780432980.379,1144787.0,4182.313,2.615932,,,,,,
1780432980.444,1144812.0,4182.34,2.615921,,,,,,
1780432980.445,1144837.0,4182.449,2.61588,,,,,,
1780432980.445,1144862.0,4182.489,2.615865,,,,,,
1780432980.514,1144887.0,4182.511,2.615733,,,,,,
1780432980.516,1144912.0,4182.446,2.615758,,,,,,
1780432980.516,1144937.0,4182.342,2.615797,,,,,,
1780432980.578,1144962.0,4182.521,2.615853,,,,,,
1780432980.579,1144987.0,4182.382,2.615905,,,,,,
1780432980.647,1145012.0,4182.15,2.616117,,,,,,
1780432980.647,1145037.0,4182.116,2.616129,,,,,,
1780432980.648,1145062.0,4182.22,2.616214,,,,,,
1780432980.730,1145087.0,4182.196,2.616346,,,,,,
1780432980.731,1145112.0,4182.103,2.616381,,,,,,
1780432980.733,1145137.0,4182.1,2.616259,,,,,,
1780432980.796,1145162.0,4182.094,2.616385,,,,,,
1780432980.797,1145187.0,4182.111,2.616378,,,,,,
1780432980.797,1145212.0,4182.02,2.616536,,,,,,
1780432980.880,1145237.0,4182.009,2.61654,,,,,,
1780432980.882,1145262.0,4182.003,2.616542,,,,,,
1780432980.883,1145287.0,4181.984,2.616549,,,,,,
1780432980.964,1145312.0,4181.99,2.616424,,,,,,
1780432980.964,1145337.0,4182.024,2.616534,,,,,,
1780432980.965,1145362.0,4181.926,2.616695,,,,,,
1780432980.965,1145387.0,4182.041,2.616528,,,,,,
