timestamp_computer,timestamp,sensor1,sensor2,mag,width,crack_x,crack_size,serial out,response
1780432442.429,606793.0,4354.535,2.533238,,,,,status,l_h=11.800000 c_f=220.000000 q=25.000000
1780432442.430,606818.0,4354.569,2.533238,,,,,,
1780432442.431,606843.0,4354.625,2.533363,,,,,,
1780432442.486,606868.0,4354.659,2.533363,,,,,,
1780432442.488,606893.0,4354.772,2.533363,,,,,,
1780432442.558,606918.0,4354.902,2.533363,,,,,,
1780432442.560,606943.0,4354.937,2.533489,,,,,,
1780432442.561,606968.0,4354.876,2.533363,,,,,,
1780432442.615,606993.0,4354.934,2.533238,,,,,,
1780432442.615,607018.0,4355.015,2.533238,,,,,,
1780432442.664,607043.0,4355.032,2.533238,,,,,,
1780432442.665,607068.0,4354.955,2.533238,,,,,,
1780432442.715,607093.0,4354.888,2.533113,,,,,,
1780432442.716,607118.0,4354.807,2.533113,,,,,,
1780432442.781,607143.0,4354.855,2.533238,,,,,,
1780432442.782,607168.0,4354.85,2.533238,,,,,,
1780432442.783,607193.0,4354.777,2.533238,,,,,,
1780432442.838,607218.0,4354.934,2.533238,,,,,,
1780432442.840,607243.0,4354.948,2.533363,,,,,,
1780432442.911,607268.0,4354.948,2.533363,,,,,,
1780432442.913,607293.0,4354.968,2.533363,,,,,,
1780432442.914,607318.0,4355.0,2.533363,,,,,,
1780432442.972,607343.0,4355.041,2.533363,,,,,,
1780432442.974,607368.0,4355.157,2.533363,,,,,,
1780432443.033,607393.0,4355.208,2.533363,,,,,,
1780432443.034,607418.0,4355.247,2.533363,,,,,,
1780432443.034,607443.0,4355.108,2.533363,,,,,,
1780432443.082,607468.0,4355.041,2.533363,,,,,,
1780432443.083,607493.0,4355.073,2.533489,,,,,,
1780432443.147,607518.0,4354.955,2.533614,,,,,,
1780432443.148,607543.0,4354.769,2.533614,,,,,,
1780432443.215,607568.0,4354.862,2.533614,,,,,,
1780432443.216,607593.0,4354.917,2.533614,,,,,,
1780432443.217,607618.0,4354.92,2.533614,,,,,,
1780432443.275,607643.0,4354.83,2.533614,,,,,,
1780432443.276,607668.0,4354.847,2.533614,,,,,,
1780432443.337,607693.0,4354.885,2.533614,,,,,,
1780432443.337,607718.0,4354.926,2.533614,,,,,,
1780432443.337,607743.0,4354.848,2.533739,,,,,,
1780432443.399,607768.0,4354.859,2.533614,,,,,,
1780432443.400,607793.0,4354.767,2.533614,,,,,,
1780432443.463,607818.0,4354.775,2.533614,,,,,,
1780432443.465,607843.0,4354.711,2.533614,,,,,,
1780432443.466,607868.0,4354.691,2.533614,,,,,,
1780432443.533,607893.0,4354.714,2.533614,,,,,,
1780432443.534,607918.0,4354.619,2.533739,,,,,,
1780432443.535,607943.0,4354.61,2.533614,,,,,,
1780432443.588,607968.0,4354.459,2.533614,,,,,,
1780432443.590,607993.0,4354.445,2.533614,,,,,,
1780432443.654,608018.0,4354.428,2.533614,,,,,,
1780432443.656,608043.0,4354.457,2.533614,,,,,,
1780432443.658,608068.0,4354.514,2.533739,,,,,,
1780432443.723,608093.0,4354.474,2.533739,,,,,,
1780432443.724,608118.0,4354.419,2.533614,,,,,,
1780432443.801,608143.0,4354.497,2.533489,,,,,,
1780432443.802,608168.0,4354.503,2.533489,,,,,,
1780432443.803,608193.0,4354.526,2.533363,,,,,,
1780432443.805,608218.0,4354.503,2.533363,,,,,,
1780432443.868,608243.0,4354.546,2.533363,,,,,,
1780432443.869,608268.0,4354.611,2.533363,,,,,,
1780432443.880,608293.0,4354.604,2.533363,,,,,,
1780432443.913,608318.0,4354.48,2.533363,,,,,,
1780432443.937,608343.0,4354.581,2.533363,,,,,,
1780432443.960,608368.0,4354.616,2.533238,,,,,,
1780432443.983,608393.0,4354.454,2.533363,,,,,,
1780432444.007,608418.0,4354.543,2.533363,,,,,,
1780432444.039,608443.0,4354.546,2.533363,,,,,,
1780432444.063,608468.0,4354.579,2.533489,,,,,,
1780432444.088,608493.0,4354.633,2.533363,,,,,,
1780432444.112,608518.0,4354.5,2.533489,,,,,,
1780432444.137,608543.0,4354.619,2.533489,,,,,,
1780432444.161,608568.0,4354.575,2.533614,,,,,,
1780432444.186,608593.0,4354.578,2.533614,,,,,,
1780432444.210,608618.0,4354.618,2.533614,,,,,,
1780432444.233,608643.0,4354.638,2.533614,,,,,,
1780432444.256,608668.0,4354.477,2.533739,,,,,,
1780432444.367,608693.0,4354.659,2.533614,,,,,status,l_h=11.800000 c_f=220.000000 q=25.000000
1780432444.369,608718.0,4354.74,2.533489,,,,,,
1780432444.370,608743.0,4354.763,2.533489,,,,,,
1780432444.371,608768.0,4354.763,2.533489,,,,,,
1780432444.448,608793.0,4354.807,2.533489,,,,,,
1780432444.449,608818.0,4354.706,2.533489,,,,,,
1780432444.451,608843.0,4354.804,2.533489,,,,,,
1780432444.511,608868.0,4354.726,2.533489,,,,,,
1780432444.513,608893.0,4354.743,2.533489,,,,,,
1780432444.515,608918.0,4354.723,2.533489,,,,,,
1780432444.571,608943.0,4354.807,2.533489,,,,,,
1780432444.571,608968.0,4354.686,2.533489,,,,,,
1780432444.619,608993.0,4354.694,2.533489,,,,,,
1780432444.620,609018.0,4354.752,2.533363,,,,,,
1780432444.680,609043.0,4354.647,2.533363,,,,,,
1780432444.681,609068.0,4354.679,2.533363,,,,,,
1780432444.681,609093.0,4354.7,2.533238,,,,,,
1780432444.732,609118.0,4354.599,2.533238,,,,,,
1780432444.732,609143.0,4354.668,2.533113,,,,,,
1780432444.784,609168.0,4354.688,2.532988,,,,,,
1780432444.786,609193.0,4354.729,2.532863,,,,,,
1780432444.848,609218.0,4354.757,2.532863,,,,,,
1780432444.850,609243.0,4354.639,2.532988,,,,,,
1780432444.910,609268.0,4354.619,2.532988,,,,,,
1780432444.912,609293.0,4354.78,2.532863,,,,,,
1780432444.913,609318.0,4354.653,2.532863,,,,,,
1780432444.988,609343.0,4354.586,2.532988,,,,,,
1780432444.989,609368.0,4354.566,2.532988,,,,,,
1780432444.990,609393.0,4354.549,2.532988,,,,,,
1780432445.064,609418.0,4354.528,2.532988,,,,,,
1780432445.065,609443.0,4354.456,2.532988,,,,,,
1780432445.065,609468.0,4354.25,2.532988,,,,,,
1780432445.119,609493.0,4354.323,2.532988,,,,,,
1780432445.121,609518.0,4354.369,2.532988,,,,,,
1780432445.188,609543.0,4354.407,2.532988,,,,,,
1780432445.189,609568.0,4354.427,2.532988,,,,,,
1780432445.190,609593.0,4354.45,2.532988,,,,,,
1780432445.248,609618.0,4354.511,2.532988,,,,,,
1780432445.250,609643.0,4354.499,2.532988,,,,,,
1780432445.296,609668.0,4354.525,2.532988,,,,,,
1780432445.297,609693.0,4354.543,2.532988,,,,,,
1780432445.350,609718.0,4354.543,2.532988,,,,,,
1780432445.352,609743.0,4354.63,2.532988,,,,,,
1780432445.417,609768.0,4354.717,2.532988,,,,,,
1780432445.418,609793.0,4354.627,2.532988,,,,,,
1780432445.419,609818.0,4354.673,2.532988,,,,,,
1780432445.479,609843.0,4354.682,2.532988,,,,,,
1780432445.480,609868.0,4354.656,2.532988,,,,,,
1780432445.481,609893.0,4354.607,2.532988,,,,,,
1780432445.546,609918.0,4354.59,2.533113,,,,,,
1780432445.548,609943.0,4354.65,2.533113,,,,,,
1780432445.606,609968.0,4354.74,2.532988,,,,,,
1780432445.607,609993.0,4354.749,2.532988,,,,,,
1780432445.608,610018.0,4354.783,2.532988,,,,,,
1780432445.669,610043.0,4354.755,2.532988,,,,,,
1780432445.670,610068.0,4354.79,2.532988,,,,,,
1780432445.733,610093.0,4354.871,2.532988,,,,,,
1780432445.736,610118.0,4354.711,2.533113,,,,,,
1780432445.737,610143.0,4354.653,2.533238,,,,,,
1780432445.787,610168.0,4354.679,2.533363,,,,,,
1780432445.788,610193.0,4354.717,2.533363,,,,,,
1780432445.846,610218.0,4354.751,2.533363,,,,,,
1780432445.847,610243.0,4354.697,2.533363,,,,,,
1780432445.912,610268.0,4354.737,2.533363,,,,,,
1780432445.913,610293.0,4354.682,2.533363,,,,,,
1780432445.914,610318.0,4354.645,2.533363,,,,,,
1780432445.975,610343.0,4354.619,2.533363,,,,,,
1780432445.975,610368.0,4354.636,2.533363,,,,,,
1780432446.039,610393.0,4354.558,2.533363,,,,,,
1780432446.040,610418.0,4354.662,2.533363,,,,,,
1780432446.041,610443.0,4354.572,2.533363,,,,,,
1780432446.099,610468.0,4354.575,2.533363,,,,,,
1780432446.100,610493.0,4354.615,2.533238,,,,,,
1780432446.166,610518.0,4354.554,2.533238,,,,,,
1780432446.167,610543.0,4354.456,2.533113,,,,,,
1780432446.168,610568.0,4354.438,2.533113,,,,,,
1780432446.249,610593.0,4354.427,2.533238,,,,,,
1780432446.250,610618.0,4354.537,2.533238,,,,,,
1780432446.251,610643.0,4354.456,2.533238,,,,,,
1780432446.332,610668.0,4354.557,2.533238,,,,,,
1780432446.334,610693.0,4354.606,2.533238,,,,,,
1780432446.335,610718.0,4354.708,2.533238,,,,,,
1780432446.336,610743.0,4354.708,2.533113,,,,,,
1780432446.433,610768.0,4354.757,2.532988,,,,,,
1780432446.434,610793.0,4354.821,2.532863,,,,,,
1780432446.436,610818.0,4354.795,2.532863,,,,,,
1780432446.438,610843.0,4354.761,2.532863,,,,,,
1780432446.532,610868.0,4354.833,2.532863,,,,,,
1780432446.534,610893.0,4354.732,2.532863,,,,,,
1780432446.535,610918.0,4354.731,2.532863,,,,,,
1780432446.537,610943.0,4354.674,2.532863,,,,,,
1780432446.602,610968.0,4354.575,2.532863,,,,,,
1780432446.603,610993.0,4354.518,2.532863,,,,,,
1780432446.604,611018.0,4354.639,2.532988,,,,,,
1780432446.671,611043.0,4354.691,2.533113,,,,,,
1780432446.672,611068.0,4354.85,2.533113,,,,,,
1780432446.735,611093.0,4354.804,2.533113,,,,,,
1780432446.746,611118.0,4354.874,2.533113,,,,,,
1780432446.747,611143.0,4354.937,2.533113,,,,,,
1780432446.783,611168.0,4354.876,2.533113,,,,,,
1780432446.784,611193.0,4354.833,2.533113,,,,,,
1780432446.847,611218.0,4354.821,2.532988,,,,,,
1780432446.848,611243.0,4354.69,2.532988,,,,,,
1780432446.911,611268.0,4354.774,2.532988,,,,,,
1780432446.912,611293.0,4354.736,2.532988,,,,,,
1780432446.913,611318.0,4354.705,2.532988,,,,,,
1780432446.975,611343.0,4354.561,2.533113,,,,,,
1780432446.976,611368.0,4354.653,2.533113,,,,,,
1780432447.039,611393.0,4354.581,2.533113,,,,,,
1780432447.040,611418.0,4354.659,2.533113,,,,,,
1780432447.040,611443.0,4354.653,2.533113,,,,,,
1780432447.101,611468.0,4354.798,2.533238,,,,,,
1780432447.101,611493.0,4354.822,2.533238,,,,,,
1780432447.165,611518.0,4354.87,2.533238,,,,,,
1780432447.166,611543.0,4354.995,2.533363,,,,,,
1780432447.166,611568.0,4355.003,2.533363,,,,,,
1780432447.229,611593.0,4355.079,2.533489,,,,,,
1780432447.231,611618.0,4355.142,2.533489,,,,,,
1780432447.232,611643.0,4355.058,2.533363,,,,,,
1780432447.293,611668.0,4355.044,2.533238,,,,,,
1780432447.294,611693.0,4354.936,2.533238,,,,,,
1780432447.356,611718.0,4355.041,2.533238,,,,,,
1780432447.357,611743.0,4355.0,2.533238,,,,,,
1780432447.358,611768.0,4354.943,2.533238,,,,,,
1780432447.420,611793.0,4355.079,2.533238,,,,,,
1780432447.421,611818.0,4355.003,2.533238,,,,,,
1780432447.484,611843.0,4354.919,2.533238,,,,,,
1780432447.484,611868.0,4355.018,2.533238,,,,,,
1780432447.485,611893.0,4355.145,2.533238,,,,,,
1780432447.548,611918.0,4355.154,2.533363,,,,,,
1780432447.548,611943.0,4355.217,2.533363,,,,,,
1780432447.611,611968.0,4355.237,2.533238,,,,,,
1780432447.613,611993.0,4355.211,2.533238,,,,,,
1780432447.614,612018.0,4355.238,2.533238,,,,,,
1780432447.684,612043.0,4355.093,2.533238,,,,,,
1780432447.685,612068.0,4355.18,2.533363,,,,,,
1780432447.686,612093.0,4355.053,2.533238,,,,,,
1780432447.754,612118.0,4355.066,2.533238,,,,,,
1780432447.755,612143.0,4355.086,2.533238,,,,,,
1780432447.756,612168.0,4354.916,2.533113,,,,,,
1780432447.818,612193.0,4354.87,2.533113,,,,,,
1780432447.821,612218.0,4354.83,2.532988,,,,,,
1780432447.914,612243.0,4354.726,2.532988,,,,,,
1780432447.915,612268.0,4354.63,2.532988,,,,,,
1780432447.915,612293.0,4354.642,2.532988,,,,,,
1780432447.916,612318.0,4354.723,2.532988,,,,,,
1780432447.978,612343.0,4354.685,2.532988,,,,,,
1780432447.978,612368.0,4354.694,2.532988,,,,,,
1780432447.979,612393.0,4354.783,2.532988,,,,,,
1780432448.041,612418.0,4354.622,2.532988,,,,,,
1780432448.043,612443.0,4354.737,2.532988,,,,,,
1780432448.104,612468.0,4354.766,2.532988,,,,,,
1780432448.105,612493.0,4354.691,2.532988,,,,,,
1780432448.106,612518.0,4354.566,2.532988,,,,,,
1780432448.169,612543.0,4354.546,2.532863,,,,,,
1780432448.170,612568.0,4354.488,2.532863,,,,,,
1780432448.233,612593.0,4354.506,2.532863,,,,,,
1780432448.234,612618.0,4354.491,2.532863,,,,,,
1780432448.236,612643.0,4354.451,2.532863,,,,,,
1780432448.297,612668.0,4354.424,2.532988,,,,,,
1780432448.298,612693.0,4354.323,2.532863,,,,,,
1780432448.372,612718.0,4354.494,2.532863,,,,,,
1780432448.373,612743.0,4354.604,2.532863,,,,,,
1780432448.375,612768.0,4354.492,2.532863,,,,,,
1780432448.450,612793.0,4354.636,2.532863,,,,,,
1780432448.450,612818.0,4354.72,2.532988,,,,,,
1780432448.451,612843.0,4354.744,2.532988,,,,,,
1780432448.518,612868.0,4354.824,2.532988,,,,,,
1780432448.518,612893.0,4354.798,2.533113,,,,,,
1780432448.520,612918.0,4354.732,2.533113,,,,,,
1780432448.586,612943.0,4354.613,2.533113,,,,,,
1780432448.588,612968.0,4354.668,2.533113,,,,,,
1780432448.589,612993.0,4354.633,2.533113,,,,,,
1780432448.678,613018.0,4354.616,2.533113,,,,,,
1780432448.680,613043.0,4354.734,2.533113,,,,,,
1780432448.681,613068.0,4354.619,2.533238,,,,,,
1780432448.682,613093.0,4354.624,2.533363,,,,,,
1780432448.755,613118.0,4354.532,2.533363,,,,,,
1780432448.757,613143.0,4354.67,2.533363,,,,,,
1780432448.758,613168.0,4354.726,2.533363,,,,,,
1780432448.829,613193.0,4354.775,2.533363,,,,,,
1780432448.830,613218.0,4354.833,2.533363,,,,,,
1780432448.831,613243.0,4354.905,2.533363,,,,,,
1780432448.881,613268.0,4354.989,2.533363,,,,,,
1780432448.881,613293.0,4355.009,2.533238,,,,,,
1780432448.976,613318.0,4355.052,2.533238,,,,,,
1780432448.978,613343.0,4354.85,2.533363,,,,,,
1780432448.980,613368.0,4354.746,2.533363,,,,,,
1780432448.982,613393.0,4354.911,2.533363,,,,,,
1780432449.081,613418.0,4354.879,2.533363,,,,,,
1780432449.082,613443.0,4354.943,2.533238,,,,,,
1780432449.084,613468.0,4354.896,2.533238,,,,,,
1780432449.085,613493.0,4354.926,2.533238,,,,,,
1780432449.142,613518.0,4354.949,2.533113,,,,,,
1780432449.144,613543.0,4354.844,2.533113,,,,,,
1780432449.216,613568.0,4354.853,2.533113,,,,,,
1780432449.218,613593.0,4354.862,2.533113,,,,,,
1780432449.220,613618.0,4354.975,2.533113,,,,,,
1780432449.270,613643.0,4354.989,2.533113,,,,,,
1780432449.270,613668.0,4355.012,2.533113,,,,,,
1780432449.319,613693.0,4355.076,2.532988,,,,,,
1780432449.320,613718.0,4355.13,2.532863,,,,,,
1780432449.386,613743.0,4355.2,2.532863,,,,,,
1780432449.388,613768.0,4355.0,2.532988,,,,,,
1780432449.389,613793.0,4355.006,2.533113,,,,,,
1780432449.463,613818.0,4354.951,2.533113,,,,,,
1780432449.466,613843.0,4354.945,2.533113,,,,,,
1780432449.467,613868.0,4354.879,2.533113,,,,,,
1780432449.553,613893.0,4354.812,2.533113,,,,,,
1780432449.554,613918.0,4354.798,2.533113,,,,,,
1780432449.555,613943.0,4354.789,2.533113,,,,,,
1780432449.556,613968.0,4354.754,2.533113,,,,,,
1780432449.616,613993.0,4354.691,2.533113,,,,,,
1780432449.618,614018.0,4354.706,2.533113,,,,,,
1780432449.685,614043.0,4354.737,2.533113,,,,,,
1780432449.686,614068.0,4354.729,2.533113,,,,,,
1780432449.687,614093.0,4354.746,2.533113,,,,,,
1780432449.760,614118.0,4354.663,2.533113,,,,,,
1780432449.762,614143.0,4354.662,2.533113,,,,,,
1780432449.763,614168.0,4354.838,2.533113,,,,,,
1780432449.836,614193.0,4354.899,2.533238,,,,,,
1780432449.838,614218.0,4354.827,2.533238,,,,,,
1780432449.839,614243.0,4354.746,2.533363,,,,,,
1780432449.883,614268.0,4354.714,2.533363,,,,,,
1780432449.884,614293.0,4354.76,2.533363,,,,,,
1780432449.937,614318.0,4354.703,2.533489,,,,,,
1780432449.938,614343.0,4354.599,2.533489,,,,,,
1780432450.012,614368.0,4354.66,2.533614,,,,,,
1780432450.013,614393.0,4354.639,2.533489,,,,,,
1780432450.014,614418.0,4354.581,2.533363,,,,,,
1780432450.070,614443.0,4354.57,2.533363,,,,,,
1780432450.072,614468.0,4354.492,2.533363,,,,,,
1780432450.133,614493.0,4354.497,2.533363,,,,,,
1780432450.135,614518.0,4354.538,2.533363,,,,,,
1780432450.136,614543.0,4354.592,2.533363,,,,,,
1780432450.207,614568.0,4354.683,2.533363,,,,,,
1780432450.209,614593.0,4354.815,2.533238,,,,,,
1780432450.210,614618.0,4354.814,2.533238,,,,,,
1780432450.285,614643.0,4354.748,2.533238,,,,,,
1780432450.287,614668.0,4354.719,2.533363,,,,,,
1780432450.288,614693.0,4354.688,2.533363,,,,,,
1780432450.362,614718.0,4354.731,2.533489,,,,,,
1780432450.363,614743.0,4354.81,2.533614,,,,,,
1780432450.365,614768.0,4354.919,2.533614,,,,,,
1780432450.426,614793.0,4354.841,2.533614,,,,,,
1780432450.428,614818.0,4354.665,2.533489,,,,,,
1780432450.429,614843.0,4354.668,2.533489,,,,,,
1780432450.490,614868.0,4354.714,2.533363,,,,,,
1780432450.491,614893.0,4354.865,2.533363,,,,,,
1780432450.558,614918.0,4354.9,2.533489,,,,,,
1780432450.560,614943.0,4355.062,2.533363,,,,,,
1780432450.561,614968.0,4355.134,2.533363,,,,,,
1780432450.618,614993.0,4355.143,2.533238,,,,,,
1780432450.619,615018.0,4355.217,2.533238,,,,,,
1780432450.680,615043.0,4355.258,2.533238,,,,,,
1780432450.680,615068.0,4355.209,2.533363,,,,,,
1780432450.681,615093.0,4355.264,2.533363,,,,,,
1780432450.743,615118.0,4355.264,2.533363,,,,,,
1780432450.744,615143.0,4355.345,2.533363,,,,,,
1780432450.807,615168.0,4355.229,2.533363,,,,,,
1780432450.808,615193.0,4355.149,2.533363,,,,,,
1780432450.809,615218.0,4355.148,2.533363,,,,,,
1780432450.875,615243.0,4355.155,2.533363,,,,,,
1780432450.875,615268.0,4355.14,2.533363,,,,,,
1780432450.951,615293.0,4355.045,2.533238,,,,,,
1780432450.953,615318.0,4355.087,2.533238,,,,,,
1780432450.954,615343.0,4355.108,2.533113,,,,,,
1780432450.955,615368.0,4355.036,2.532988,,,,,,
1780432451.030,615393.0,4355.03,2.532988,,,,,,
1780432451.031,615418.0,4355.068,2.533113,,,,,,
1780432451.033,615443.0,4355.105,2.533113,,,,,,
1780432451.100,615468.0,4355.053,2.533113,,,,,,
1780432451.102,615493.0,4354.986,2.533113,,,,,,
1780432451.150,615518.0,4354.812,2.533113,,,,,,
1780432451.151,615543.0,4354.807,2.532988,,,,,,
1780432451.200,615568.0,4354.769,2.532988,,,,,,
1780432451.202,615593.0,4354.76,2.532988,,,,,,
1780432451.256,615618.0,4354.754,2.532988,,,,,,
1780432451.257,615643.0,4354.74,2.532988,,,,,,
1780432451.257,615668.0,4354.679,2.532988,,,,,,
1780432451.315,615693.0,4354.645,2.532863,,,,,,
1780432451.316,615718.0,4354.645,2.532863,,,,,,
1780432451.387,615743.0,4354.697,2.532863,,,,,,
1780432451.388,615768.0,4354.668,2.532863,,,,,,
1780432451.389,615793.0,4354.766,2.532863,,,,,,
1780432451.464,615818.0,4354.734,2.532863,,,,,,
1780432451.466,615843.0,4354.691,2.532863,,,,,,
1780432451.467,615868.0,4354.743,2.532863,,,,,,
1780432451.523,615893.0,4354.656,2.532863,,,,,,
1780432451.524,615918.0,4354.662,2.532863,,,,,,
1780432451.568,615943.0,4354.625,2.532863,,,,,,
1780432451.568,615968.0,4354.5,2.532863,,,,,,
1780432451.632,615993.0,4354.593,2.532988,,,,,,
1780432451.633,616018.0,4354.648,2.532988,,,,,,
1780432451.634,616043.0,4354.582,2.532863,,,,,,
1780432451.717,616068.0,4354.793,2.532863,,,,,,
1780432451.719,616093.0,4354.784,2.532863,,,,,,
1780432451.720,616118.0,4354.775,2.532863,,,,,,
1780432451.794,616143.0,4354.781,2.532863,,,,,,
1780432451.796,616168.0,4354.74,2.532863,,,,,,
1780432451.797,616193.0,4354.717,2.532863,,,,,,
1780432451.886,616218.0,4354.81,2.532863,,,,,,
1780432451.888,616243.0,4354.784,2.532863,,,,,,
1780432451.889,616268.0,4354.844,2.532863,,,,,,
1780432451.890,616293.0,4354.879,2.532863,,,,,,
1780432451.949,616318.0,4355.012,2.532863,,,,,,
1780432451.950,616343.0,4355.023,2.532863,,,,,,
1780432452.015,616368.0,4354.902,2.532863,,,,,,
1780432452.016,616393.0,4354.87,2.532863,,,,,,
1780432452.017,616418.0,4354.946,2.532988,,,,,,
1780432452.076,616443.0,4354.992,2.532988,,,,,,
1780432452.077,616468.0,4355.09,2.532988,,,,,,
1780432452.078,616493.0,4355.029,2.532988,,,,,,
1780432452.141,616518.0,4355.145,2.532988,,,,,,
1780432452.143,616543.0,4355.255,2.532988,,,,,,
1780432452.208,616568.0,4355.171,2.532988,,,,,,
1780432452.210,616593.0,4355.25,2.533113,,,,,,
1780432452.211,616618.0,4355.197,2.533113,,,,,,
1780432452.265,616643.0,4355.183,2.533238,,,,,,
1780432452.266,616668.0,4355.264,2.533238,,,,,,
1780432452.322,616693.0,4355.171,2.533238,,,,,,
1780432452.323,616718.0,4355.212,2.533238,,,,,,
1780432452.389,616743.0,4355.235,2.533238,,,,,,
1780432452.391,616768.0,4355.2,2.533238,,,,,,
1780432452.393,616793.0,4355.16,2.533238,,,,,,
1780432452.451,616818.0,4355.084,2.533238,,,,,,
1780432452.452,616843.0,4354.94,2.533238,,,,,,
1780432452.454,616868.0,4355.062,2.533238,,,,,,
1780432452.527,616893.0,4355.091,2.533363,,,,,,
1780432452.529,616918.0,4355.102,2.533363,,,,,,
1780432452.530,616943.0,4355.108,2.533363,,,,,,
1780432452.597,616968.0,4355.062,2.533363,,,,,,
1780432452.597,616993.0,4355.125,2.533363,,,,,,
1780432452.649,617018.0,4355.0,2.533363,,,,,,
1780432452.650,617043.0,4354.795,2.533238,,,,,,
1780432452.693,617068.0,4354.844,2.533238,,,,,,
1780432452.693,617093.0,4354.815,2.533238,,,,,,
1780432452.757,617118.0,4354.841,2.533238,,,,,,
1780432452.758,617143.0,4354.807,2.533238,,,,,,
1780432452.760,617168.0,4354.713,2.533363,,,,,,
1780432452.817,617193.0,4354.74,2.533363,,,,,,
1780432452.818,617218.0,4354.69,2.533238,,,,,,
1780432452.881,617243.0,4354.606,2.533238,,,,,,
1780432452.882,617268.0,4354.509,2.533113,,,,,,
1780432452.883,617293.0,4354.482,2.533113,,,,,,
1780432452.947,617318.0,4354.546,2.533113,,,,,,
1780432452.947,617343.0,4354.529,2.533113,,,,,,
1780432453.011,617368.0,4354.497,2.533113,,,,,,
1780432453.012,617393.0,4354.503,2.533113,,,,,,
1780432453.014,617418.0,4354.439,2.533113,,,,,,
1780432453.078,617443.0,4354.422,2.533238,,,,,,
1780432453.079,617468.0,4354.457,2.533238,,,,,,
1780432453.080,617493.0,4354.312,2.533238,,,,,,
1780432453.131,617518.0,4354.251,2.533238,,,,,,
1780432453.131,617543.0,4354.236,2.533363,,,,,,
1780432453.201,617568.0,4354.147,2.533363,,,,,,
1780432453.201,617593.0,4354.162,2.533489,,,,,,
1780432453.264,617618.0,4354.089,2.533489,,,,,,
1780432453.265,617643.0,4354.167,2.533489,,,,,,
1780432453.266,617668.0,4354.098,2.533489,,,,,,
1780432453.328,617693.0,4353.991,2.533489,,,,,,
1780432453.329,617718.0,4353.924,2.533489,,,,,,
1780432453.329,617743.0,4353.944,2.533489,,,,,,
1780432453.401,617768.0,4353.987,2.533489,,,,,,
1780432453.403,617793.0,4354.077,2.533489,,,,,,
1780432453.404,617818.0,4354.156,2.533489,,,,,,
1780432453.448,617843.0,4354.152,2.533489,,,,,,
1780432453.502,617868.0,4354.222,2.533363,,,,,,
1780432453.503,617893.0,4354.179,2.533363,,,,,,
1780432453.503,617918.0,4354.104,2.533363,,,,,,
1780432453.566,617943.0,4354.025,2.533489,,,,,,
1780432453.567,617968.0,4354.084,2.533489,,,,,,
1780432453.630,617993.0,4354.173,2.533614,,,,,,
1780432453.631,618018.0,4354.112,2.533614,,,,,,
1780432453.632,618043.0,4354.237,2.533739,,,,,,
1780432453.693,618068.0,4354.243,2.533614,,,,,,
1780432453.695,618093.0,4354.197,2.533614,,,,,,
1780432453.759,618118.0,4354.119,2.533614,,,,,,
1780432453.761,618143.0,4354.104,2.533489,,,,,,
1780432453.762,618168.0,4354.182,2.533363,,,,,,
1780432453.832,618193.0,4354.257,2.533363,,,,,,
1780432453.833,618218.0,4354.236,2.533238,,,,,,
1780432453.834,618243.0,4354.349,2.533238,,,,,,
1780432453.887,618268.0,4354.291,2.533238,,,,,,
1780432453.888,618293.0,4354.393,2.533363,,,,,,
1780432453.955,618318.0,4354.378,2.533363,,,,,,
1780432453.956,618343.0,4354.352,2.533363,,,,,,
1780432453.957,618368.0,4354.288,2.533363,,,,,,
1780432454.020,618393.0,4354.416,2.533489,,,,,,
1780432454.021,618418.0,4354.448,2.533363,,,,,,
1780432454.083,618443.0,4354.479,2.533489,,,,,,
1780432454.084,618468.0,4354.439,2.533489,,,,,,
1780432454.085,618493.0,4354.462,2.533614,,,,,,
1780432454.144,618518.0,4354.497,2.533614,,,,,,
1780432454.146,618543.0,4354.506,2.533614,,,,,,
1780432454.208,618568.0,4354.489,2.533489,,,,,,
1780432454.209,618593.0,4354.555,2.533489,,,,,,
1780432454.210,618618.0,4354.469,2.533363,,,,,,
1780432454.270,618643.0,4354.596,2.533363,,,,,,
1780432454.271,618668.0,4354.584,2.533363,,,,,,
1780432454.333,618693.0,4354.596,2.533489,,,,,,
1780432454.333,618718.0,4354.613,2.533614,,,,,,
1780432454.334,618743.0,4354.711,2.533614,,,,,,
1780432454.398,618768.0,4354.729,2.533614,,,,,,
1780432454.399,618793.0,4354.63,2.533614,,,,,,
1780432454.466,618818.0,4354.575,2.533614,,,,,,
1780432454.467,618843.0,4354.702,2.533614,,,,,,
1780432454.467,618868.0,4354.703,2.533614,,,,,,
1780432454.525,618893.0,4354.789,2.533614,,,,,,
1780432454.526,618918.0,4354.922,2.533489,,,,,,
1780432454.587,618943.0,4354.977,2.533489,,,,,,
1780432454.588,618968.0,4354.992,2.533489,,,,,,
1780432454.589,618993.0,4355.104,2.533489,,,,,,
1780432454.651,619018.0,4354.931,2.533363,,,,,,
1780432454.651,619043.0,4354.928,2.533363,,,,,,
1780432454.708,619068.0,4354.865,2.533238,,,,,,
1780432454.709,619093.0,4354.949,2.533238,,,,,,
1780432454.709,619118.0,4354.917,2.533113,,,,,,
1780432454.771,619143.0,4354.899,2.533113,,,,,,
1780432454.772,619168.0,4354.908,2.533238,,,,,,
1780432454.836,619193.0,4354.884,2.533238,,,,,,
1780432454.836,619218.0,4354.78,2.533238,,,,,,
1780432454.837,619243.0,4354.818,2.533238,,,,,,
1780432454.898,619268.0,4354.925,2.533238,,,,,,
1780432454.909,619293.0,4354.919,2.533113,,,,,,
1780432454.910,619318.0,4355.014,2.532988,,,,,,
1780432454.960,619343.0,4355.055,2.532863,,,,,,
1780432454.961,619368.0,4355.008,2.532863,,,,,,
1780432455.025,619393.0,4354.991,2.532863,,,,,,
1780432455.026,619418.0,4355.063,2.532863,,,,,,
1780432455.088,619443.0,4354.954,2.532863,,,,,,
1780432455.088,619468.0,4354.881,2.532863,,,,,,
1780432455.089,619493.0,4354.888,2.532863,,,,,,
1780432455.151,619518.0,4354.902,2.532863,,,,,,
1780432455.152,619543.0,4354.743,2.532863,,,,,,
1780432455.213,619568.0,4354.705,2.532988,,,,,,
1780432455.214,619593.0,4354.723,2.532988,,,,,,
1780432455.215,619618.0,4354.584,2.532988,,,,,,
1780432455.277,619643.0,4354.595,2.532988,,,,,,
1780432455.278,619668.0,4354.448,2.532988,,,,,,
1780432455.279,619693.0,4354.479,2.532988,,,,,,
1780432455.340,619718.0,4354.526,2.532988,,,,,,
1780432455.341,619743.0,4354.578,2.532988,,,,,,
1780432455.407,619768.0,4354.645,2.533113,,,,,,
1780432455.408,619793.0,4354.619,2.532988,,,,,,
1780432455.408,619818.0,4354.688,2.532988,,,,,,
1780432455.459,619843.0,4354.72,2.532988,,,,,,
1780432455.460,619868.0,4354.703,2.532988,,,,,,
1780432455.524,619893.0,4354.521,2.532988,,,,,,
1780432455.525,619918.0,4354.445,2.532988,,,,,,
1780432455.586,619943.0,4354.401,2.532988,,,,,,
1780432455.586,619968.0,4354.33,2.532988,,,,,,
1780432455.586,619993.0,4354.373,2.532988,,,,,,
1780432455.650,620018.0,4354.333,2.532988,,,,,,
1780432455.650,620043.0,4354.289,2.533113,,,,,,
1780432455.713,620068.0,4354.451,2.533113,,,,,,
1780432455.713,620093.0,4354.321,2.533238,,,,,,
1780432455.714,620118.0,4354.375,2.533363,,,,,,
1780432455.775,620143.0,4354.274,2.533363,,,,,,
1780432455.776,620168.0,4354.378,2.533363,,,,,,
1780432455.839,620193.0,4354.367,2.533238,,,,,,
1780432455.839,620218.0,4354.314,2.533238,,,,,,
1780432455.840,620243.0,4354.259,2.533238,,,,,,
1780432455.895,620268.0,4354.265,2.533238,,,,,,
1780432455.895,620293.0,4354.343,2.533238,,,,,,
1780432455.966,620318.0,4354.277,2.533363,,,,,,
1780432455.966,620343.0,4354.295,2.533363,,,,,,
1780432455.967,620368.0,4354.228,2.533489,,,,,,
1780432456.029,620393.0,4354.266,2.533363,,,,,,
1780432456.030,620418.0,4354.33,2.533363,,,,,,
1780432456.030,620443.0,4354.254,2.533363,,,,,,
1780432456.092,620468.0,4354.234,2.533363,,,,,,
1780432456.093,620493.0,4354.156,2.533489,,,,,,
1780432456.157,620518.0,4354.179,2.533489,,,,,,
1780432456.158,620543.0,4354.104,2.533489,,,,,,
1780432456.160,620568.0,4354.112,2.533489,,,,,,
1780432456.217,620593.0,4354.332,2.533489,,,,,,
1780432456.219,620618.0,4354.37,2.533489,,,,,,
1780432456.270,620643.0,4354.405,2.533489,,,,,,
1780432456.276,620668.0,4354.358,2.533363,,,,,,
1780432456.331,620693.0,4354.249,2.533489,,,,,,
1780432456.332,620718.0,4354.332,2.533363,,,,,,
1780432456.332,620743.0,4354.153,2.533238,,,,,,
1780432456.392,620768.0,4354.314,2.533363,,,,,,
1780432456.393,620793.0,4354.321,2.533489,,,,,,
1780432456.459,620818.0,4354.338,2.533489,,,,,,
1780432456.460,620843.0,4354.388,2.533489,,,,,,
1780432456.462,620868.0,4354.506,2.533489,,,,,,
1780432456.525,620893.0,4354.465,2.533489,,,,,,
1780432456.526,620918.0,4354.459,2.533489,,,,,,
1780432456.588,620943.0,4354.454,2.533363,,,,,,
1780432456.588,620968.0,4354.332,2.533363,,,,,,
1780432456.589,620993.0,4354.451,2.533238,,,,,,
1780432456.654,621018.0,4354.421,2.533238,,,,,,
1780432456.655,621043.0,4354.401,2.533238,,,,,,
1780432456.656,621068.0,4354.479,2.533238,,,,,,
1780432456.716,621093.0,4354.41,2.533238,,,,,,
1780432456.716,621118.0,4354.457,2.533238,,,,,,
1780432456.780,621143.0,4354.35,2.533238,,,,,,
1780432456.781,621168.0,4354.338,2.533363,,,,,,
1780432456.782,621193.0,4354.312,2.533489,,,,,,
1780432456.846,621218.0,4354.167,2.533489,,,,,,
1780432456.848,621243.0,4354.178,2.533614,,,,,,
1780432456.895,621268.0,4354.216,2.533614,,,,,,
1780432456.896,621293.0,4354.245,2.533614,,,,,,
1780432456.958,621318.0,4354.398,2.533614,,,,,,
1780432456.959,621343.0,4354.329,2.533614,,,,,,
1780432456.961,621368.0,4354.317,2.533614,,,,,,
1780432457.027,621393.0,4354.286,2.533489,,,,,,
1780432457.027,621418.0,4354.314,2.533363,,,,,,
1780432457.028,621443.0,4354.337,2.533363,,,,,,
1780432457.084,621468.0,4354.326,2.533363,,,,,,
1780432457.086,621493.0,4354.334,2.533489,,,,,,
1780432457.147,621518.0,4354.384,2.533489,,,,,,
1780432457.147,621543.0,4354.375,2.533489,,,,,,
1780432457.211,621568.0,4354.355,2.533614,,,,,,
1780432457.212,621593.0,4354.474,2.533614,,,,,,
1780432457.212,621618.0,4354.352,2.533614,,,,,,
1780432457.273,621643.0,4354.327,2.533614,,,,,,
1780432457.274,621668.0,4354.431,2.533739,,,,,,
1780432457.336,621693.0,4354.373,2.533739,,,,,,
1780432457.337,621718.0,4354.416,2.533739,,,,,,
1780432457.337,621743.0,4354.524,2.533614,,,,,,
1780432457.403,621768.0,4354.608,2.533614,,,,,,
1780432457.403,621793.0,4354.651,2.533489,,,,,,
1780432457.404,621818.0,4354.602,2.533363,,,,,,
1780432457.467,621843.0,4354.553,2.533363,,,,,,
1780432457.468,621868.0,4354.546,2.533238,,,,,,
1780432457.530,621893.0,4354.584,2.533238,,,,,,
1780432457.530,621918.0,4354.637,2.533238,,,,,,
1780432457.530,621943.0,4354.622,2.533113,,,,,,
1780432457.593,621968.0,4354.683,2.533238,,,,,,
1780432457.594,621993.0,4354.818,2.533363,,,,,,
1780432457.656,622018.0,4354.755,2.533363,,,,,,
1780432457.657,622043.0,4354.602,2.533363,,,,,,
1780432457.657,622068.0,4354.657,2.533363,,,,,,
1780432457.720,622093.0,4354.691,2.533363,,,,,,
1780432457.721,622118.0,4354.689,2.533363,,,,,,
1780432457.783,622143.0,4354.677,2.533363,,,,,,
1780432457.784,622168.0,4354.688,2.533363,,,,,,
1780432457.784,622193.0,4354.68,2.533238,,,,,,
1780432457.848,622218.0,4354.613,2.533363,,,,,,
1780432457.849,622243.0,4354.674,2.533363,,,,,,
1780432457.911,622268.0,4354.627,2.533363,,,,,,
1780432457.911,622293.0,4354.639,2.533363,,,,,,
1780432457.912,622318.0,4354.726,2.533363,,,,,,
1780432457.975,622343.0,4354.792,2.533363,,,,,,
1780432457.975,622368.0,4354.743,2.533363,,,,,,
1780432458.039,622393.0,4354.723,2.533363,,,,,,
1780432458.039,622418.0,4354.772,2.533363,,,,,,
1780432458.040,622443.0,4354.772,2.533363,,,,,,
1780432458.102,622468.0,4354.786,2.533363,,,,,,
1780432458.102,622493.0,4354.682,2.533363,,,,,,
1780432458.103,622518.0,4354.691,2.533363,,,,,,
1780432458.165,622543.0,4354.648,2.533363,,,,,,
1780432458.165,622568.0,4354.688,2.533363,,,,,,
1780432458.229,622593.0,4354.781,2.533238,,,,,,
1780432458.230,622618.0,4354.653,2.533238,,,,,,
1780432458.230,622643.0,4354.596,2.533238,,,,,,
1780432458.292,622668.0,4354.697,2.533238,,,,,,
1780432458.293,622693.0,4354.634,2.533363,,,,,,
1780432458.356,622718.0,4354.697,2.533489,,,,,,
1780432458.357,622743.0,4354.654,2.533363,,,,,,
1780432458.357,622768.0,4354.694,2.533363,,,,,,
1780432458.409,622793.0,4354.729,2.533363,,,,,,
1780432458.410,622818.0,4354.772,2.533363,,,,,,
1780432458.472,622843.0,4354.784,2.533238,,,,,,
1780432458.472,622868.0,4354.746,2.533238,,,,,,
1780432458.540,622893.0,4354.798,2.533238,,,,,,
1780432458.541,622918.0,4354.639,2.533113,,,,,,
1780432458.541,622943.0,4354.662,2.533113,,,,,,
1780432458.603,622968.0,4354.584,2.533113,,,,,,
1780432458.604,622993.0,4354.578,2.533113,,,,,,
1780432458.604,623018.0,4354.584,2.533113,,,,,,
1780432458.667,623043.0,4354.622,2.533113,,,,,,
1780432458.668,623068.0,4354.642,2.533238,,,,,,
1780432458.730,623093.0,4354.758,2.533238,,,,,,
1780432458.731,623118.0,4354.7,2.533363,,,,,,
1780432458.731,623143.0,4354.667,2.533363,,,,,,
1780432458.793,623168.0,4354.69,2.533363,,,,,,
1780432458.794,623193.0,4354.63,2.533363,,,,,,
1780432458.853,623218.0,4354.567,2.533363,,,,,,
1780432458.854,623243.0,4354.688,2.533363,,,,,,
1780432458.856,623268.0,4354.691,2.533489,,,,,,
1780432458.916,623293.0,4354.685,2.533489,,,,,,
1780432458.916,623318.0,4354.67,2.533363,,,,,,
1780432458.983,623343.0,4354.561,2.533238,,,,,,
1780432458.984,623368.0,4354.581,2.533238,,,,,,
1780432458.985,623393.0,4354.564,2.533238,,,,,,
1780432459.047,623418.0,4354.523,2.533238,,,,,,
1780432459.048,623443.0,4354.59,2.533238,,,,,,
1780432459.111,623468.0,4354.59,2.533238,,,,,,
1780432459.112,623493.0,4354.622,2.533238,,,,,,
1780432459.112,623518.0,4354.549,2.533238,,,,,,
1780432459.172,623543.0,4354.663,2.533238,,,,,,
1780432459.172,623568.0,4354.555,2.533238,,,,,,
1780432459.220,623593.0,4354.673,2.533238,,,,,,
1780432459.221,623618.0,4354.636,2.533238,,,,,,
1780432459.283,623643.0,4354.74,2.533238,,,,,,
1780432459.284,623668.0,4354.76,2.533363,,,,,,
1780432459.284,623693.0,4354.749,2.533238,,,,,,
1780432459.346,623718.0,4354.626,2.533238,,,,,,
1780432459.347,623743.0,4354.739,2.533113,,,,,,
1780432459.409,623768.0,4354.661,2.533113,,,,,,
1780432459.410,623793.0,4354.462,2.533113,,,,,,
1780432459.410,623818.0,4354.471,2.533238,,,,,,
1780432459.473,623843.0,4354.523,2.533238,,,,,,
1780432459.474,623868.0,4354.537,2.533113,,,,,,
1780432459.536,623893.0,4354.639,2.532988,,,,,,
1780432459.536,623918.0,4354.625,2.532988,,,,,,
1780432459.537,623943.0,4354.581,2.532988,,,,,,
1780432459.602,623968.0,4354.593,2.532988,,,,,,
1780432459.602,623993.0,4354.566,2.532988,,,,,,
1780432459.603,624018.0,4354.616,2.532988,,,,,,
1780432459.665,624043.0,4354.706,2.532988,,,,,,
1780432459.667,624068.0,4354.616,2.532988,,,,,,
1780432459.729,624093.0,4354.627,2.532988,,,,,,
1780432459.730,624118.0,4354.602,2.532988,,,,,,
1780432459.732,624143.0,4354.581,2.532988,,,,,,
1780432459.795,624168.0,4354.5,2.532988,,,,,,
1780432459.795,624193.0,4354.387,2.532988,,,,,,
1780432459.847,624218.0,4354.3,2.532988,,,,,,
1780432459.849,624243.0,4354.393,2.532988,,,,,,
1780432459.917,624268.0,4354.445,2.532988,,,,,,
1780432459.918,624293.0,4354.459,2.532863,,,,,,
1780432459.918,624318.0,4354.584,2.532863,,,,,,
1780432459.980,624343.0,4354.61,2.532863,,,,,,
1780432459.981,624368.0,4354.538,2.532988,,,,,,
1780432459.982,624393.0,4354.483,2.533113,,,,,,
1780432460.043,624418.0,4354.625,2.533113,,,,,,
1780432460.044,624443.0,4354.526,2.532988,,,,,,
1780432460.107,624468.0,4354.544,2.532988,,,,,,
1780432460.108,624493.0,4354.511,2.532988,,,,,,
1780432460.108,624518.0,4354.541,2.532988,,,,,,
1780432460.171,624543.0,4354.453,2.532988,,,,,,
1780432460.171,624568.0,4354.497,2.533113,,,,,,
1780432460.233,624593.0,4354.427,2.533238,,,,,,
1780432460.234,624618.0,4354.436,2.533238,,,,,,
1780432460.234,624643.0,4354.297,2.533363,,,,,,
1780432460.296,624668.0,4354.314,2.533363,,,,,,
1780432460.297,624693.0,4354.378,2.533363,,,,,,
1780432460.344,624718.0,4354.364,2.533363,,,,,,
1780432460.345,624743.0,4354.335,2.533363,,,,,,
1780432460.408,624768.0,4354.408,2.533489,,,,,,
1780432460.408,624793.0,4354.402,2.533614,,,,,,
1780432460.409,624818.0,4354.538,2.533614,,,,,,
1780432460.470,624843.0,4354.526,2.533739,,,,,,
1780432460.471,624868.0,4354.37,2.533864,,,,,,
1780432460.534,624893.0,4354.306,2.533864,,,,,,
1780432460.534,624918.0,4354.33,2.533864,,,,,,
1780432460.535,624943.0,4354.297,2.533864,,,,,,
1780432460.598,624968.0,4354.309,2.533864,,,,,,
1780432460.599,624993.0,4354.393,2.533739,,,,,,
1780432460.662,625018.0,4354.491,2.533614,,,,,,
1780432460.663,625043.0,4354.387,2.533739,,,,,,
1780432460.663,625068.0,4354.471,2.533739,,,,,,
1780432460.725,625093.0,4354.39,2.533739,,,,,,
1780432460.725,625118.0,4354.398,2.533864,,,,,,
1780432460.784,625143.0,4354.317,2.533864,,,,,,
1780432460.785,625168.0,4354.454,2.533989,,,,,,
1780432460.786,625193.0,4354.515,2.533989,,,,,,
1780432460.848,625218.0,4354.564,2.533864,,,,,,
1780432460.849,625243.0,4354.555,2.533864,,,,,,
1780432460.914,625268.0,4354.57,2.533739,,,,,,
1780432460.915,625293.0,4354.376,2.533864,,,,,,
1780432460.915,625318.0,4354.298,2.533864,,,,,,
1780432460.979,625343.0,4354.321,2.533864,,,,,,
1780432460.980,625368.0,4354.417,2.533989,,,,,,
1780432460.981,625393.0,4354.26,2.533864,,,,,,
1780432461.043,625418.0,4354.417,2.533739,,,,,,
1780432461.043,625443.0,4354.512,2.533739,,,,,,
1780432461.106,625468.0,4354.532,2.533614,,,,,,
1780432461.107,625493.0,4354.538,2.533614,,,,,,
1780432461.107,625518.0,4354.497,2.533614,,,,,,
1780432461.169,625543.0,4354.529,2.533614,,,,,,
1780432461.170,625568.0,4354.477,2.533739,,,,,,
1780432461.233,625593.0,4354.515,2.533739,,,,,,
1780432461.234,625618.0,4354.457,2.533739,,,,,,
1780432461.234,625643.0,4354.353,2.533739,,,,,,
1780432461.296,625668.0,4354.457,2.533614,,,,,,
1780432461.296,625693.0,4354.471,2.533614,,,,,,
1780432461.348,625718.0,4354.422,2.533614,,,,,,
1780432461.349,625743.0,4354.381,2.533489,,,,,,
1780432461.423,625768.0,4354.555,2.533489,,,,,,
1780432461.423,625793.0,4354.59,2.533489,,,,,,
1780432461.424,625818.0,4354.604,2.533363,,,,,,
1780432461.486,625843.0,4354.553,2.533363,,,,,,
1780432461.487,625868.0,4354.607,2.533363,,,,,,
1780432461.488,625893.0,4354.659,2.533363,,,,,,
1780432461.550,625918.0,4354.813,2.533238,,,,,,
1780432461.550,625943.0,4354.865,2.533238,,,,,,
1780432461.614,625968.0,4354.865,2.533238,,,,,,
1780432461.615,625993.0,4354.784,2.533113,,,,,,
1780432461.616,626018.0,4354.986,2.533113,,,,,,
1780432461.676,626043.0,4354.903,2.533113,,,,,,
1780432461.677,626068.0,4354.773,2.533113,,,,,,
1780432461.678,626093.0,4354.714,2.533113,,,,,,
1780432461.739,626118.0,4354.819,2.532988,,,,,,
1780432461.740,626143.0,4354.717,2.532988,,,,,,
1780432461.803,626168.0,4354.587,2.532988,,,,,,
1780432461.803,626193.0,4354.567,2.532863,,,,,,
1780432461.804,626218.0,4354.625,2.532863,,,,,,
1780432461.867,626243.0,4354.737,2.532988,,,,,,
1780432461.867,626268.0,4354.874,2.532988,,,,,,
1780432461.931,626293.0,4354.966,2.532988,,,,,,
1780432461.931,626318.0,4354.911,2.532988,,,,,,
1780432461.932,626343.0,4354.957,2.532988,,,,,,
1780432461.994,626368.0,4354.928,2.532988,,,,,,
1780432461.995,626393.0,4354.731,2.532988,,,,,,
1780432462.058,626418.0,4354.755,2.532988,,,,,,
1780432462.059,626443.0,4354.749,2.532988,,,,,,
1780432462.060,626468.0,4354.801,2.532988,,,,,,
1780432462.121,626493.0,4354.746,2.532988,,,,,,
1780432462.121,626518.0,4354.755,2.532988,,,,,,
1780432462.178,626543.0,4354.679,2.532988,,,,,,
1780432462.179,626568.0,4354.521,2.532988,,,,,,
1780432462.179,626593.0,4354.407,2.532988,,,,,,
1780432462.242,626618.0,4354.396,2.532988,,,,,,
1780432462.242,626643.0,4354.457,2.532988,,,,,,
1780432462.307,626668.0,4354.503,2.532988,,,,,,
1780432462.308,626693.0,4354.581,2.532988,,,,,,
1780432462.308,626718.0,4354.604,2.532988,,,,,,
1780432462.374,626743.0,4354.546,2.532988,,,,,,
1780432462.374,626768.0,4354.622,2.532988,,,,,,
1780432462.437,626793.0,4354.694,2.532988,,,,,,
1780432462.438,626818.0,4354.515,2.532988,,,,,,
1780432462.438,626843.0,4354.469,2.533113,,,,,,
1780432462.500,626868.0,4354.489,2.532988,,,,,,
1780432462.501,626893.0,4354.454,2.532988,,,,,,
1780432462.563,626918.0,4354.335,2.533113,,,,,,
1780432462.563,626943.0,4354.297,2.533113,,,,,,
1780432462.564,626968.0,4354.295,2.533113,,,,,,
1780432462.611,626993.0,4354.304,2.533113,,,,,,
1780432462.612,627018.0,4354.257,2.533113,,,,,,
1780432462.675,627043.0,4354.012,2.532988,,,,,,
1780432462.676,627068.0,4354.023,2.533113,,,,,,
1780432462.737,627093.0,4354.075,2.533113,,,,,,
1780432462.737,627118.0,4354.179,2.533113,,,,,,
1780432462.738,627143.0,4354.22,2.533113,,,,,,
1780432462.801,627168.0,4354.026,2.533113,,,,,,
1780432462.802,627193.0,4354.142,2.533113,,,,,,
1780432462.803,627218.0,4354.182,2.533113,,,,,,
1780432462.863,627243.0,4354.217,2.533113,,,,,,
1780432462.864,627268.0,4354.15,2.533113,,,,,,
1780432462.927,627293.0,4354.0,2.533113,,,,,,
1780432462.927,627318.0,4353.959,2.533113,,,,,,
1780432462.928,627343.0,4353.936,2.533113,,,,,,
1780432462.990,627368.0,4353.982,2.533113,,,,,,
1780432462.991,627393.0,4353.985,2.533113,,,,,,
1780432463.056,627418.0,4353.904,2.533113,,,,,,
1780432463.057,627443.0,4354.098,2.533113,,,,,,
1780432463.057,627468.0,4353.982,2.532988,,,,,,
1780432463.121,627493.0,4354.009,2.532988,,,,,,
1780432463.121,627518.0,4353.832,2.532988,,,,,,
1780432463.183,627543.0,4353.965,2.532863,,,,,,
1780432463.184,627568.0,4354.003,2.532863,,,,,,
1780432463.185,627593.0,4353.985,2.532863,,,,,,
1780432463.243,627618.0,4354.063,2.532863,,,,,,
1780432463.243,627643.0,4354.081,2.532863,,,,,,
1780432463.311,627668.0,4354.219,2.532863,,,,,,
1780432463.312,627693.0,4354.127,2.532738,,,,,,
1780432463.313,627718.0,4354.112,2.532738,,,,,,
1780432463.379,627743.0,4354.04,2.532738,,,,,,
1780432463.380,627768.0,4354.048,2.532738,,,,,,
1780432463.380,627793.0,4354.292,2.532738,,,,,,
1780432463.439,627818.0,4354.332,2.532738,,,,,,
1780432463.439,627843.0,4354.35,2.532738,,,,,,
1780432463.502,627868.0,4354.274,2.532863,,,,,,
1780432463.503,627893.0,4354.179,2.532988,,,,,,
1780432463.503,627918.0,4354.139,2.532988,,,,,,
1780432463.574,627943.0,4354.231,2.532988,,,,,,
1780432463.575,627968.0,4354.373,2.532988,,,,,,
1780432463.610,627993.0,4354.416,2.532988,,,,,,
1780432463.610,628018.0,4354.502,2.532988,,,,,,
1780432463.635,628043.0,4354.534,2.533113,,,,,,
1780432463.656,628068.0,4354.5,2.533238,,,,,,
1780432463.679,628093.0,4354.541,2.533238,,,,,,
1780432463.711,628118.0,4354.421,2.533238,,,,,,
1780432463.733,628143.0,4354.705,2.533238,,,,,,
1780432463.755,628168.0,4354.615,2.533238,,,,,,
1780432463.787,628193.0,4354.645,2.533238,,,,,,
1780432463.809,628218.0,4354.665,2.533238,,,,,,
1780432463.831,628243.0,4354.616,2.533238,,,,,,
1780432463.853,628268.0,4354.592,2.533238,,,,,,
1780432463.886,628293.0,4354.586,2.533238,,,,,,
1780432463.909,628318.0,4354.506,2.533238,,,,,,
1780432463.932,628343.0,4354.532,2.533238,,,,,,
1780432463.954,628368.0,4354.633,2.533238,,,,,,
1780432463.988,628393.0,4354.637,2.533238,,,,,,
1780432464.010,628418.0,4354.645,2.533238,,,,,,
1780432464.080,628443.0,4354.662,2.533238,,,,,status,l_h=11.800000 c_f=220.000000 q=25.000000
1780432464.080,628468.0,4354.607,2.533238,,,,,,
1780432464.081,628493.0,4354.648,2.533113,,,,,,
1780432464.143,628518.0,4354.613,2.533113,,,,,,
1780432464.144,628543.0,4354.65,2.533113,,,,,,
1780432464.207,628568.0,4354.552,2.533238,,,,,,
1780432464.208,628593.0,4354.482,2.533238,,,,,,
1780432464.209,628618.0,4354.381,2.533238,,,,,,
1780432464.270,628643.0,4354.26,2.533238,,,,,,
1780432464.270,628668.0,4354.251,2.533113,,,,,,
1780432464.332,628693.0,4354.303,2.533113,,,,,,
1780432464.333,628718.0,4354.294,2.533238,,,,,,
1780432464.333,628743.0,4354.26,2.533238,,,,,,
1780432464.396,628768.0,4354.234,2.533238,,,,,,
1780432464.397,628793.0,4354.321,2.533363,,,,,,
1780432464.459,628818.0,4354.289,2.533363,,,,,,
1780432464.460,628843.0,4354.263,2.533363,,,,,,
1780432464.460,628868.0,4354.21,2.533363,,,,,,
1780432464.522,628893.0,4354.234,2.533363,,,,,,
1780432464.523,628918.0,4354.271,2.533363,,,,,,
1780432464.585,628943.0,4354.358,2.533363,,,,,,
1780432464.585,628968.0,4354.381,2.533489,,,,,,
1780432464.586,628993.0,4354.236,2.533489,,,,,,
1780432464.648,629018.0,4354.228,2.533489,,,,,,
1780432464.649,629043.0,4354.26,2.533489,,,,,,
1780432464.712,629068.0,4354.219,2.533489,,,,,,
1780432464.713,629093.0,4354.33,2.533614,,,,,,
1780432464.713,629118.0,4354.422,2.533614,,,,,,
1780432464.777,629143.0,4354.477,2.533489,,,,,,
1780432464.777,629168.0,4354.503,2.533489,,,,,,
1780432464.778,629193.0,4354.508,2.533363,,,,,,
1780432464.848,629218.0,4354.433,2.533363,,,,,,
1780432464.849,629243.0,4354.532,2.533363,,,,,,
1780432464.914,629268.0,4354.679,2.533363,,,,,,
1780432464.915,629293.0,4354.74,2.533489,,,,,,
1780432464.916,629318.0,4354.842,2.533363,,,,,,
1780432464.960,629343.0,4354.894,2.533238,,,,,,
1780432464.960,629368.0,4354.98,2.533238,,,,,,
1780432465.031,629393.0,4354.876,2.533238,,,,,,
1780432465.032,629418.0,4354.69,2.533113,,,,,,
1780432465.033,629443.0,4354.769,2.533113,,,,,,
1780432465.098,629468.0,4354.867,2.533113,,,,,,
1780432465.099,629493.0,4354.934,2.533113,,,,,,
1780432465.164,629518.0,4354.945,2.533113,,,,,,
1780432465.165,629543.0,4354.974,2.533113,,,,,,
1780432465.166,629568.0,4354.959,2.533113,,,,,,
1780432465.211,629593.0,4354.861,2.532988,,,,,,
1780432465.212,629618.0,4354.939,2.532988,,,,,,
1780432465.275,629643.0,4354.832,2.532988,,,,,,
1780432465.275,629668.0,4354.881,2.532988,,,,,,
1780432465.340,629693.0,4354.934,2.532988,,,,,,
1780432465.341,629718.0,4354.925,2.532863,,,,,,
1780432465.342,629743.0,4354.914,2.532863,,,,,,
1780432465.403,629768.0,4354.939,2.532863,,,,,,
1780432465.405,629793.0,4354.992,2.532863,,,,,,
1780432465.406,629818.0,4355.021,2.532863,,,,,,
1780432465.465,629843.0,4355.05,2.532863,,,,,,
1780432465.466,629868.0,4354.94,2.532863,,,,,,
1780432465.528,629893.0,4354.981,2.532863,,,,,,
1780432465.529,629918.0,4354.943,2.532863,,,,,,
1780432465.529,629943.0,4354.876,2.532863,,,,,,
1780432465.594,629968.0,4354.981,2.532863,,,,,,
1780432465.596,629993.0,4354.854,2.532863,,,,,,
1780432465.645,630018.0,4354.868,2.532863,,,,,,
1780432465.646,630043.0,4354.942,2.532863,,,,,,
1780432465.718,630068.0,4354.906,2.532863,,,,,,
1780432465.719,630093.0,4354.706,2.532863,,,,,,
1780432465.720,630118.0,4354.792,2.532863,,,,,,
1780432465.781,630143.0,4354.81,2.532863,,,,,,
1780432465.782,630168.0,4354.815,2.532863,,,,,,
1780432465.782,630193.0,4354.854,2.532863,,,,,,
1780432465.844,630218.0,4354.871,2.532863,,,,,,
1780432465.845,630243.0,4354.825,2.532863,,,,,,
1780432465.908,630268.0,4354.877,2.532863,,,,,,
1780432465.909,630293.0,4354.654,2.532863,,,,,,
1780432465.909,630318.0,4354.75,2.532863,,,,,,
1780432465.973,630343.0,4354.737,2.532863,,,,,,
1780432465.974,630368.0,4354.648,2.532988,,,,,,
1780432466.062,630393.0,4354.68,2.532988,,,,,,
1780432466.063,630418.0,4354.686,2.532988,,,,,,
1780432466.063,630443.0,4354.627,2.532988,,,,,,
1780432466.064,630468.0,4354.723,2.532988,,,,,,
1780432466.113,630493.0,4354.775,2.532988,,,,,,
1780432466.114,630518.0,4354.648,2.532988,,,,,,
1780432466.165,630543.0,4354.7,2.532863,,,,,,
1780432466.167,630568.0,4354.662,2.532863,,,,,,
1780432466.223,630593.0,4354.546,2.532863,,,,,,
1780432466.224,630618.0,4354.706,2.532863,,,,,,
1780432466.289,630643.0,4354.625,2.532863,,,,,,
1780432466.290,630668.0,4354.616,2.532863,,,,,,
1780432466.291,630693.0,4354.601,2.532863,,,,,,
1780432466.361,630718.0,4354.763,2.532863,,,,,,
1780432466.362,630743.0,4354.578,2.532988,,,,,,
1780432466.363,630768.0,4354.647,2.532988,,,,,,
1780432466.417,630793.0,4354.584,2.532988,,,,,,
1780432466.418,630818.0,4354.659,2.532988,,,,,,
1780432466.485,630843.0,4354.714,2.532988,,,,,,
1780432466.485,630868.0,4354.729,2.532988,,,,,,
1780432466.486,630893.0,4354.63,2.532988,,,,,,
1780432466.533,630918.0,4354.749,2.532988,,,,,,
1780432466.534,630943.0,4354.555,2.532988,,,,,,
1780432466.596,630968.0,4354.584,2.532988,,,,,,
1780432466.597,630993.0,4354.604,2.532863,,,,,,
1780432466.660,631018.0,4354.622,2.532863,,,,,,
1780432466.660,631043.0,4354.572,2.532863,,,,,,
1780432466.661,631068.0,4354.665,2.532863,,,,,,
1780432466.726,631093.0,4354.558,2.532863,,,,,,
1780432466.727,631118.0,4354.488,2.532863,,,,,,
1780432466.728,631143.0,4354.506,2.532863,,,,,,
1780432466.791,631168.0,4354.349,2.532863,,,,,,
1780432466.791,631193.0,4354.398,2.532863,,,,,,
1780432466.850,631218.0,4354.508,2.532863,,,,,,
1780432466.851,631243.0,4354.447,2.532863,,,,,,
1780432466.915,631268.0,4354.632,2.532863,,,,,,
1780432466.917,631293.0,4354.685,2.532988,,,,,,
1780432466.918,631318.0,4354.653,2.532988,,,,,,
1780432466.982,631343.0,4354.63,2.532988,,,,,,
1780432466.983,631368.0,4354.677,2.532863,,,,,,
1780432466.985,631393.0,4354.552,2.532863,,,,,,
1780432467.047,631418.0,4354.657,2.532988,,,,,,
1780432467.048,631443.0,4354.552,2.533113,,,,,,
1780432467.112,631468.0,4354.506,2.533238,,,,,,
1780432467.113,631493.0,4354.561,2.533363,,,,,,
1780432467.113,631518.0,4354.592,2.533489,,,,,,
1780432467.173,631543.0,4354.549,2.533489,,,,,,
1780432467.182,631568.0,4354.485,2.533489,,,,,,
1780432467.183,631593.0,4354.439,2.533614,,,,,,
1780432467.228,631618.0,4354.39,2.533614,,,,,,
1780432467.230,631643.0,4354.427,2.533739,,,,,,
1780432467.283,631668.0,4354.508,2.533739,,,,,,
1780432467.284,631693.0,4354.454,2.533739,,,,,,
1780432467.346,631718.0,4354.477,2.533739,,,,,,
1780432467.347,631743.0,4354.425,2.533739,,,,,,
1780432467.409,631768.0,4354.297,2.533739,,,,,,
1780432467.410,631793.0,4354.375,2.533864,,,,,,
1780432467.411,631818.0,4354.263,2.533989,,,,,,
1780432467.473,631843.0,4354.106,2.533989,,,,,,
1780432467.473,631868.0,4354.077,2.533989,,,,,,
1780432467.536,631893.0,4353.979,2.533989,,,,,,
1780432467.537,631918.0,4353.869,2.533864,,,,,,
1780432467.537,631943.0,4353.912,2.533864,,,,,,
1780432467.600,631968.0,4353.817,2.533864,,,,,,
1780432467.601,631993.0,4353.779,2.533864,,,,,,
1780432467.663,632018.0,4353.84,2.533864,,,,,,
1780432467.664,632043.0,4353.774,2.533739,,,,,,
1780432467.664,632068.0,4353.82,2.533614,,,,,,
1780432467.724,632093.0,4353.794,2.533489,,,,,,
1780432467.725,632118.0,4353.719,2.533489,,,,,,
1780432467.790,632143.0,4353.792,2.533363,,,,,,
1780432467.791,632168.0,4353.809,2.533363,,,,,,
1780432467.792,632193.0,4353.913,2.533363,,,,,,
1780432467.864,632218.0,4353.988,2.533238,,,,,,
1780432467.865,632243.0,4353.991,2.533238,,,,,,
1780432467.866,632268.0,4353.918,2.533113,,,,,,
1780432467.927,632293.0,4353.884,2.533113,,,,,,
1780432467.928,632318.0,4353.86,2.533113,,,,,,
1780432467.928,632343.0,4353.834,2.533113,,,,,,
1780432467.992,632368.0,4353.918,2.533238,,,,,,
1780432467.993,632393.0,4353.936,2.533238,,,,,,
1780432468.054,632418.0,4353.812,2.533113,,,,,,
1780432468.055,632443.0,4353.936,2.532988,,,,,,
1780432468.056,632468.0,4354.025,2.532988,,,,,,
1780432468.118,632493.0,4354.025,2.532988,,,,,,
1780432468.119,632518.0,4354.043,2.533113,,,,,,
1780432468.179,632543.0,4354.176,2.533113,,,,,,
1780432468.180,632568.0,4354.17,2.533113,,,,,,
1780432468.181,632593.0,4354.222,2.533113,,,,,,
1780432468.246,632618.0,4354.35,2.533113,,,,,,
1780432468.247,632643.0,4354.321,2.533113,,,,,,
1780432468.309,632668.0,4354.156,2.533113,,,,,,
1780432468.311,632693.0,4354.121,2.533113,,,,,,
1780432468.312,632718.0,4354.196,2.533113,,,,,,
1780432468.396,632743.0,4354.28,2.532988,,,,,,
1780432468.397,632768.0,4354.112,2.532988,,,,,,
1780432468.397,632793.0,4354.271,2.532988,,,,,,
1780432468.459,632818.0,4354.323,2.532988,,,,,,
1780432468.460,632843.0,4354.292,2.533113,,,,,,
1780432468.460,632868.0,4354.306,2.533238,,,,,,
1780432468.509,632893.0,4354.353,2.533238,,,,,,
1780432468.510,632918.0,4354.364,2.533238,,,,,,
1780432468.563,632943.0,4354.405,2.533363,,,,,,
1780432468.564,632968.0,4354.55,2.533363,,,,,,
1780432468.626,632993.0,4354.555,2.533238,,,,,,
1780432468.628,633018.0,4354.616,2.533363,,,,,,
1780432468.629,633043.0,4354.663,2.533363,,,,,,
1780432468.698,633068.0,4354.645,2.533363,,,,,,
1780432468.700,633093.0,4354.566,2.533363,,,,,,
1780432468.768,633118.0,4354.598,2.533363,,,,,,
1780432468.769,633143.0,4354.497,2.533238,,,,,,
1780432468.770,633168.0,4354.592,2.533238,,,,,,
1780432468.809,633193.0,4354.618,2.533238,,,,,,
1780432468.810,633218.0,4354.606,2.533238,,,,,,
1780432468.872,633243.0,4354.612,2.533238,,,,,,
1780432468.872,633268.0,4354.717,2.533238,,,,,,
1780432468.935,633293.0,4354.858,2.533238,,,,,,
1780432468.936,633318.0,4354.853,2.533363,,,,,,
1780432468.937,633343.0,4354.766,2.533363,,,,,,
1780432468.998,633368.0,4354.708,2.533363,,,,,,
1780432468.999,633393.0,4354.917,2.533363,,,,,,
1780432469.062,633418.0,4354.824,2.533489,,,,,,
1780432469.064,633443.0,4354.705,2.533489,,,,,,
1780432469.065,633468.0,4354.627,2.533363,,,,,,
1780432469.125,633493.0,4354.673,2.533238,,,,,,
1780432469.125,633518.0,4354.575,2.533238,,,,,,
1780432469.190,633543.0,4354.512,2.533363,,,,,,
1780432469.190,633568.0,4354.442,2.533238,,,,,,
1780432469.191,633593.0,4354.419,2.533238,,,,,,
1780432469.236,633618.0,4354.483,2.533238,,,,,,
1780432469.236,633643.0,4354.532,2.533113,,,,,,
1780432469.300,633668.0,4354.67,2.533113,,,,,,
1780432469.300,633693.0,4354.607,2.533113,,,,,,
1780432469.363,633718.0,4354.668,2.533113,,,,,,
1780432469.364,633743.0,4354.662,2.533113,,,,,,
1780432469.364,633768.0,4354.737,2.533238,,,,,,
1780432469.427,633793.0,4354.636,2.533238,,,,,,
1780432469.427,633818.0,4354.714,2.533238,,,,,,
1780432469.428,633843.0,4354.836,2.533363,,,,,,
1780432469.490,633868.0,4354.83,2.533363,,,,,,
1780432469.491,633893.0,4354.795,2.533363,,,,,,
1780432469.554,633918.0,4354.749,2.533363,,,,,,
1780432469.555,633943.0,4354.688,2.533238,,,,,,
1780432469.556,633968.0,4354.647,2.533238,,,,,,
1780432469.617,633993.0,4354.581,2.533238,,,,,,
1780432469.618,634018.0,4354.575,2.533238,,,,,,
1780432469.680,634043.0,4354.584,2.533113,,,,,,
1780432469.680,634068.0,4354.705,2.533113,,,,,,
1780432469.681,634093.0,4354.8,2.533113,,,,,,
1780432469.744,634118.0,4354.837,2.533113,,,,,,
1780432469.745,634143.0,4354.893,2.533113,,,,,,
1780432469.808,634168.0,4354.954,2.533113,,,,,,
1780432469.809,634193.0,4354.821,2.533238,,,,,,
1780432469.809,634218.0,4354.821,2.533238,,,,,,
1780432469.866,634243.0,4354.914,2.533238,,,,,,
1780432469.867,634268.0,4354.955,2.533238,,,,,,
1780432469.928,634293.0,4354.81,2.533238,,,,,,
1780432469.929,634318.0,4354.821,2.533363,,,,,,
1780432469.929,634343.0,4354.74,2.533363,,,,,,
1780432469.987,634368.0,4354.694,2.533489,,,,,,
1780432469.988,634393.0,4354.647,2.533363,,,,,,
1780432470.056,634418.0,4354.505,2.533363,,,,,,
1780432470.058,634443.0,4354.419,2.533363,,,,,,
1780432470.059,634468.0,4354.321,2.533238,,,,,,
1780432470.119,634493.0,4354.353,2.533238,,,,,,
1780432470.120,634518.0,4354.369,2.533363,,,,,,
1780432470.176,634543.0,4354.31,2.533363,,,,,,
1780432470.177,634568.0,4354.434,2.533363,,,,,,
1780432470.178,634593.0,4354.494,2.533489,,,,,,
1780432470.246,634618.0,4354.558,2.533489,,,,,,
1780432470.247,634643.0,4354.515,2.533489,,,,,,
1780432470.309,634668.0,4354.477,2.533489,,,,,,
1780432470.310,634693.0,4354.402,2.533489,,,,,,
1780432470.311,634718.0,4354.314,2.533489,,,,,,
1780432470.363,634743.0,4354.243,2.533489,,,,,,
1780432470.364,634768.0,4354.075,2.533614,,,,,,
1780432470.434,634793.0,4354.069,2.533489,,,,,,
1780432470.435,634818.0,4354.228,2.533363,,,,,,
1780432470.435,634843.0,4354.121,2.533363,,,,,,
1780432470.499,634868.0,4354.104,2.533363,,,,,,
1780432470.500,634893.0,4353.961,2.533363,,,,,,
1780432470.563,634918.0,4354.098,2.533363,,,,,,
1780432470.563,634943.0,4354.068,2.533238,,,,,,
1780432470.563,634968.0,4354.152,2.533238,,,,,,
1780432470.626,634993.0,4354.219,2.533238,,,,,,
1780432470.627,635018.0,4354.292,2.533238,,,,,,
1780432470.627,635043.0,4354.378,2.533238,,,,,,
1780432470.690,635068.0,4354.343,2.533238,,,,,,
1780432470.691,635093.0,4354.39,2.533238,,,,,,
1780432470.753,635118.0,4354.283,2.533238,,,,,,
1780432470.754,635143.0,4354.326,2.533113,,,,,,
1780432470.754,635168.0,4354.471,2.533113,,,,,,
1780432470.817,635193.0,4354.317,2.533113,,,,,,
1780432470.819,635218.0,4354.274,2.532988,,,,,,
1780432470.881,635243.0,4354.167,2.532988,,,,,,
1780432470.883,635268.0,4354.167,2.532988,,,,,,
1780432470.884,635293.0,4354.173,2.532988,,,,,,
1780432470.944,635318.0,4354.26,2.532988,,,,,,
1780432470.946,635343.0,4354.358,2.532988,,,,,,
1780432471.010,635368.0,4354.451,2.533113,,,,,,
1780432471.011,635393.0,4354.604,2.532988,,,,,,
1780432471.011,635418.0,4354.541,2.532988,,,,,,
1780432471.071,635443.0,4354.451,2.532988,,,,,,
1780432471.073,635468.0,4354.479,2.532988,,,,,,
1780432471.147,635493.0,4354.474,2.532988,,,,,,
1780432471.148,635518.0,4354.639,2.532988,,,,,,
1780432471.149,635543.0,4354.613,2.532988,,,,,,
1780432471.213,635568.0,4354.625,2.532988,,,,,,
1780432471.214,635593.0,4354.648,2.532988,,,,,,
1780432471.216,635618.0,4354.566,2.532863,,,,,,
1780432471.279,635643.0,4354.514,2.532863,,,,,,
1780432471.279,635668.0,4354.471,2.532863,,,,,,
1780432471.279,635693.0,4354.436,2.532988,,,,,,
1780432471.329,635718.0,4354.462,2.532988,,,,,,
1780432471.330,635743.0,4354.575,2.532988,,,,,,
1780432471.393,635768.0,4354.508,2.533113,,,,,,
1780432471.394,635793.0,4354.506,2.533113,,,,,,
1780432471.442,635818.0,4354.581,2.533113,,,,,,
1780432471.443,635843.0,4354.569,2.533113,,,,,,
1780432471.503,635868.0,4354.583,2.533113,,,,,,
1780432471.503,635893.0,4354.442,2.533113,,,,,,
1780432471.504,635918.0,4354.436,2.533238,,,,,,
1780432471.576,635943.0,4354.474,2.533238,,,,,,
1780432471.577,635968.0,4354.436,2.533238,,,,,,
1780432471.578,635993.0,4354.364,2.533113,,,,,,
1780432471.630,636018.0,4354.402,2.533113,,,,,,
1780432471.630,636043.0,4354.37,2.533113,,,,,,
1780432471.693,636068.0,4354.457,2.533113,,,,,,
1780432471.694,636093.0,4354.398,2.533238,,,,,,
1780432471.755,636118.0,4354.222,2.533238,,,,,,
1780432471.756,636143.0,4354.193,2.533238,,,,,,
1780432471.758,636168.0,4354.217,2.533238,,,,,,
1780432471.819,636193.0,4354.22,2.533238,,,,,,
1780432471.820,636218.0,4354.136,2.533363,,,,,,
1780432471.884,636243.0,4354.086,2.533363,,,,,,
1780432471.885,636268.0,4354.133,2.533363,,,,,,
1780432471.886,636293.0,4354.153,2.533489,,,,,,
1780432471.946,636318.0,4354.162,2.533363,,,,,,
1780432471.947,636343.0,4354.115,2.533363,,,,,,
1780432472.009,636368.0,4354.098,2.533363,,,,,,
1780432472.010,636393.0,4354.063,2.533238,,,,,,
1780432472.010,636418.0,4354.06,2.533363,,,,,,
1780432472.080,636443.0,4354.029,2.533363,,,,,,
1780432472.081,636468.0,4354.115,2.533363,,,,,,
1780432472.083,636493.0,4354.269,2.533363,,,,,,
1780432472.145,636518.0,4354.361,2.533489,,,,,,
1780432472.146,636543.0,4354.263,2.533489,,,,,,
1780432472.206,636568.0,4354.162,2.533489,,,,,,
1780432472.207,636593.0,4354.112,2.533489,,,,,,
1780432472.208,636618.0,4354.211,2.533489,,,,,,
1780432472.270,636643.0,4354.193,2.533489,,,,,,
1780432472.272,636668.0,4354.251,2.533489,,,,,,
1780432472.336,636693.0,4354.291,2.533489,,,,,,
1780432472.338,636718.0,4354.344,2.533363,,,,,,
1780432472.339,636743.0,4354.375,2.533363,,,,,,
1780432472.396,636768.0,4354.416,2.533489,,,,,,
1780432472.397,636793.0,4354.358,2.533614,,,,,,
1780432472.462,636818.0,4354.465,2.533614,,,,,,
1780432472.463,636843.0,4354.607,2.533489,,,,,,
1780432472.464,636868.0,4354.683,2.533489,,,,,,
1780432472.534,636893.0,4354.645,2.533489,,,,,,
1780432472.536,636918.0,4354.691,2.533489,,,,,,
1780432472.537,636943.0,4354.694,2.533489,,,,,,
1780432472.595,636968.0,4354.683,2.533489,,,,,,
1780432472.596,636993.0,4354.657,2.533489,,,,,,
1780432472.659,637018.0,4354.757,2.533489,,,,,,
1780432472.660,637043.0,4354.81,2.533363,,,,,,
1780432472.660,637068.0,4354.859,2.533489,,,,,,
1780432472.721,637093.0,4354.842,2.533489,,,,,,
1780432472.722,637118.0,4354.778,2.533489,,,,,,
1780432472.779,637143.0,4354.764,2.533363,,,,,,
1780432472.780,637168.0,4354.821,2.533238,,,,,,
1780432472.781,637193.0,4354.922,2.533238,,,,,,
1780432472.843,637218.0,4355.006,2.533363,,,,,,
1780432472.843,637243.0,4354.911,2.533489,,,,,,
1780432472.897,637268.0,4354.922,2.533489,,,,,,
1780432472.898,637293.0,4354.885,2.533489,,,,,,
1780432472.965,637318.0,4354.867,2.533489,,,,,,
1780432472.966,637343.0,4354.856,2.533489,,,,,,
1780432472.967,637368.0,4354.795,2.533489,,,,,,
1780432473.027,637393.0,4354.61,2.533363,,,,,,
1780432473.028,637418.0,4354.643,2.533238,,,,,,
1780432473.028,637443.0,4354.619,2.533238,,,,,,
1780432473.080,637468.0,4354.573,2.533238,,,,,,
1780432473.081,637493.0,4354.553,2.533238,,,,,,
1780432473.156,637518.0,4354.581,2.533238,,,,,,
1780432473.157,637543.0,4354.578,2.533238,,,,,,
1780432473.157,637568.0,4354.578,2.533238,,,,,,
1780432473.219,637593.0,4354.523,2.533238,,,,,,
1780432473.219,637618.0,4354.601,2.533238,,,,,,
1780432473.276,637643.0,4354.52,2.533238,,,,,,
1780432473.277,637668.0,4354.485,2.533238,,,,,,
1780432473.278,637693.0,4354.532,2.533113,,,,,,
1780432473.334,637718.0,4354.486,2.533113,,,,,,
1780432473.335,637743.0,4354.332,2.533238,,,,,,
1780432473.395,637768.0,4354.379,2.533238,,,,,,
1780432473.396,637793.0,4354.422,2.533238,,,,,,
1780432473.458,637818.0,4354.257,2.533238,,,,,,
1780432473.460,637843.0,4354.29,2.533113,,,,,,
1780432473.461,637868.0,4354.298,2.532988,,,,,,
1780432473.526,637893.0,4354.341,2.533113,,,,,,
1780432473.528,637918.0,4354.368,2.533113,,,,,,
1780432473.529,637943.0,4354.321,2.533113,,,,,,
1780432473.591,637968.0,4354.312,2.533113,,,,,,
1780432473.591,637993.0,4354.434,2.533113,,,,,,
1780432473.646,638018.0,4354.404,2.533113,,,,,,
1780432473.647,638043.0,4354.491,2.533113,,,,,,
1780432473.728,638068.0,4354.408,2.533113,,,,,,
1780432473.729,638093.0,4354.332,2.533113,,,,,,
1780432473.730,638118.0,4354.373,2.533113,,,,,,
1780432473.731,638143.0,4354.338,2.533238,,,,,,
1780432473.793,638168.0,4354.283,2.533113,,,,,,
1780432473.794,638193.0,4354.33,2.533113,,,,,,
1780432473.862,638218.0,4354.321,2.533113,,,,,,
1780432473.863,638243.0,4354.182,2.533113,,,,,,
1780432473.865,638268.0,4354.191,2.533113,,,,,,
1780432473.928,638293.0,4354.176,2.533113,,,,,,
1780432473.929,638318.0,4354.162,2.533113,,,,,,
1780432473.929,638343.0,4354.243,2.533113,,,,,,
1780432473.976,638368.0,4354.281,2.532988,,,,,,
1780432474.040,638393.0,4354.269,2.532988,,,,,,
1780432474.042,638418.0,4354.231,2.532988,,,,,,
1780432474.043,638443.0,4354.286,2.532988,,,,,,
1780432474.103,638468.0,4354.263,2.532988,,,,,,
1780432474.104,638493.0,4354.335,2.532988,,,,,,
1780432474.104,638518.0,4354.295,2.532863,,,,,,
1780432474.162,638543.0,4354.361,2.532863,,,,,,
1780432474.162,638568.0,4354.361,2.532863,,,,,,
1780432474.231,638593.0,4354.381,2.532988,,,,,,
1780432474.232,638618.0,4354.297,2.532988,,,,,,
1780432474.233,638643.0,4354.497,2.532988,,,,,,
1780432474.296,638668.0,4354.361,2.532988,,,,,,
1780432474.297,638693.0,4354.404,2.532988,,,,,,
1780432474.360,638718.0,4354.381,2.532988,,,,,,
1780432474.361,638743.0,4354.388,2.533113,,,,,,
1780432474.362,638768.0,4354.419,2.532988,,,,,,
1780432474.423,638793.0,4354.514,2.532988,,,,,,
1780432474.424,638818.0,4354.413,2.532988,,,,,,
1780432474.472,638843.0,4354.457,2.532988,,,,,,
1780432474.473,638868.0,4354.457,2.533113,,,,,,
1780432474.540,638893.0,4354.509,2.533113,,,,,,
1780432474.540,638918.0,4354.503,2.533113,,,,,,
1780432474.541,638943.0,4354.486,2.533113,,,,,,
1780432474.602,638968.0,4354.451,2.533113,,,,,,
1780432474.603,638993.0,4354.581,2.533113,,,,,,
1780432474.603,639018.0,4354.659,2.533113,,,,,,
1780432474.665,639043.0,4354.642,2.533113,,,,,,
1780432474.666,639068.0,4354.671,2.533113,,,,,,
1780432474.728,639093.0,4354.556,2.533238,,,,,,
1780432474.728,639118.0,4354.61,2.533238,,,,,,
1780432474.728,639143.0,4354.688,2.533238,,,,,,
1780432474.792,639168.0,4354.636,2.533363,,,,,,
1780432474.793,639193.0,4354.671,2.533363,,,,,,
1780432474.856,639218.0,4354.682,2.533238,,,,,,
1780432474.857,639243.0,4354.647,2.533363,,,,,,
1780432474.858,639268.0,4354.509,2.533363,,,,,,
1780432474.919,639293.0,4354.361,2.533363,,,,,,
1780432474.920,639318.0,4354.419,2.533363,,,,,,
1780432474.982,639343.0,4354.541,2.533363,,,,,,
1780432474.983,639368.0,4354.604,2.533238,,,,,,
1780432474.983,639393.0,4354.636,2.533363,,,,,,
1780432475.046,639418.0,4354.688,2.533363,,,,,,
1780432475.047,639443.0,4354.711,2.533363,,,,,,
1780432475.109,639468.0,4354.59,2.533363,,,,,,
1780432475.109,639493.0,4354.518,2.533363,,,,,,
1780432475.109,639518.0,4354.445,2.533363,,,,,,
1780432475.172,639543.0,4354.422,2.533363,,,,,,
1780432475.173,639568.0,4354.419,2.533363,,,,,,
1780432475.237,639593.0,4354.333,2.533363,,,,,,
1780432475.238,639618.0,4354.269,2.533363,,,,,,
1780432475.238,639643.0,4354.15,2.533363,,,,,,
1780432475.293,639668.0,4354.136,2.533363,,,,,,
1780432475.294,639693.0,4354.086,2.533363,,,,,,
1780432475.346,639718.0,4354.061,2.533363,,,,,,
1780432475.347,639743.0,4354.023,2.533363,,,,,,
1780432475.409,639768.0,4354.055,2.533363,,,,,,
1780432475.409,639793.0,4354.018,2.533363,,,,,,
1780432475.410,639818.0,4353.901,2.533363,,,,,,
1780432475.473,639843.0,4353.789,2.533363,,,,,,
1780432475.474,639868.0,4353.919,2.533238,,,,,,
1780432475.537,639893.0,4353.916,2.533363,,,,,,
1780432475.538,639918.0,4354.145,2.533363,,,,,,
1780432475.540,639943.0,4354.005,2.533363,,,,,,
1780432475.607,639968.0,4353.982,2.533489,,,,,,
1780432475.608,639993.0,4353.834,2.533489,,,,,,
1780432475.608,640018.0,4353.817,2.533363,,,,,,
1780432475.669,640043.0,4353.707,2.533363,,,,,,
1780432475.670,640068.0,4353.713,2.533363,,,,,,
1780432475.760,640093.0,4353.756,2.533363,,,,,,
1780432475.761,640118.0,4353.834,2.533238,,,,,,
1780432475.762,640143.0,4353.673,2.533363,,,,,,
1780432475.763,640168.0,4353.577,2.533363,,,,,,
1780432475.823,640193.0,4353.554,2.533363,,,,,,
1780432475.824,640218.0,4353.655,2.533363,,,,,,
1780432475.873,640243.0,4353.638,2.533363,,,,,,
1780432475.874,640268.0,4353.75,2.533363,,,,,,
1780432475.923,640293.0,4353.789,2.533363,,,,,,
1780432475.924,640318.0,4353.832,2.533363,,,,,,
1780432475.987,640343.0,4353.945,2.533238,,,,,,
1780432475.988,640368.0,4353.726,2.533238,,,,,,
1780432475.989,640393.0,4353.584,2.533238,,,,,,
1780432476.049,640418.0,4353.609,2.533113,,,,,,
1780432476.050,640443.0,4353.656,2.533113,,,,,,
1780432476.111,640468.0,4353.751,2.533238,,,,,,
1780432476.112,640493.0,4353.566,2.533238,,,,,,
1780432476.113,640518.0,4353.697,2.533113,,,,,,
1780432476.177,640543.0,4353.595,2.533113,,,,,,
1780432476.178,640568.0,4353.63,2.533113,,,,,,
1780432476.178,640593.0,4353.639,2.532988,,,,,,
1780432476.238,640618.0,4353.777,2.532988,,,,,,
1780432476.240,640643.0,4353.844,2.532988,,,,,,
1780432476.302,640668.0,4353.841,2.532988,,,,,,
1780432476.303,640693.0,4353.91,2.532988,,,,,,
1780432476.304,640718.0,4354.008,2.532988,,,,,,
1780432476.363,640743.0,4353.942,2.532988,,,,,,
1780432476.364,640768.0,4354.078,2.532863,,,,,,
1780432476.430,640793.0,4354.101,2.532863,,,,,,
1780432476.431,640818.0,4354.185,2.532863,,,,,,
1780432476.432,640843.0,4354.063,2.532863,,,,,,
1780432476.492,640868.0,4354.307,2.532988,,,,,,
1780432476.493,640893.0,4354.292,2.532988,,,,,,
1780432476.556,640918.0,4354.31,2.532988,,,,,,
1780432476.556,640943.0,4354.24,2.532988,,,,,,
1780432476.557,640968.0,4354.226,2.532988,,,,,,
1780432476.619,640993.0,4354.356,2.532988,,,,,,
1780432476.620,641018.0,4354.399,2.532988,,,,,,
1780432476.684,641043.0,4354.521,2.532988,,,,,,
1780432476.684,641068.0,4354.584,2.532988,,,,,,
1780432476.685,641093.0,4354.538,2.532863,,,,,,
1780432476.747,641118.0,4354.715,2.532863,,,,,,
1780432476.749,641143.0,4354.72,2.532988,,,,,,
1780432476.802,641168.0,4354.683,2.532988,,,,,,
1780432476.803,641193.0,4354.761,2.532988,,,,,,
1780432476.804,641218.0,4354.646,2.532988,,,,,,
1780432476.875,641243.0,4354.706,2.532988,,,,,,
1780432476.876,641268.0,4354.631,2.532988,,,,,,
1780432476.926,641293.0,4354.636,2.533113,,,,,,
1780432476.928,641318.0,4354.584,2.533113,,,,,,
1780432476.929,641343.0,4354.584,2.533113,,,,,,
1780432476.991,641368.0,4354.663,2.533238,,,,,,
1780432476.993,641393.0,4354.721,2.533238,,,,,,
1780432477.062,641418.0,4354.75,2.533363,,,,,,
1780432477.063,641443.0,4354.703,2.533363,,,,,,
1780432477.064,641468.0,4354.871,2.533363,,,,,,
1780432477.125,641493.0,4354.703,2.533238,,,,,,
1780432477.126,641518.0,4354.647,2.533238,,,,,,
1780432477.181,641543.0,4354.697,2.533238,,,,,,
1780432477.182,641568.0,4354.688,2.533238,,,,,,
1780432477.183,641593.0,4354.609,2.533238,,,,,,
1780432477.247,641618.0,4354.662,2.533238,,,,,,
1780432477.248,641643.0,4354.613,2.533238,,,,,,
1780432477.341,641668.0,4354.546,2.533238,,,,,,
1780432477.342,641693.0,4354.569,2.533238,,,,,,
1780432477.342,641718.0,4354.662,2.533363,,,,,,
1780432477.343,641743.0,4354.711,2.533489,,,,,,
1780432477.413,641768.0,4354.604,2.533363,,,,,,
1780432477.414,641793.0,4354.694,2.533363,,,,,,
1780432477.414,641818.0,4354.627,2.533363,,,,,,
1780432477.499,641843.0,4354.607,2.533363,,,,,,
1780432477.500,641868.0,4354.523,2.533363,,,,,,
1780432477.501,641893.0,4354.671,2.533489,,,,,,
1780432477.563,641918.0,4354.647,2.533363,,,,,,
1780432477.564,641943.0,4354.636,2.533363,,,,,,
1780432477.565,641968.0,4354.598,2.533489,,,,,,
1780432477.627,641993.0,4354.586,2.533363,,,,,,
1780432477.629,642018.0,4354.514,2.533363,,,,,,
1780432477.630,642043.0,4354.436,2.533363,,,,,,
1780432477.691,642068.0,4354.381,2.533363,,,,,,
1780432477.691,642093.0,4354.388,2.533363,,,,,,
1780432477.753,642118.0,4354.428,2.533363,,,,,,
1780432477.755,642143.0,4354.558,2.533363,,,,,,
1780432477.756,642168.0,4354.488,2.533363,,,,,,
1780432477.817,642193.0,4354.546,2.533363,,,,,,
1780432477.818,642218.0,4354.592,2.533363,,,,,,
1780432477.880,642243.0,4354.569,2.533363,,,,,,
1780432477.882,642268.0,4354.333,2.533363,,,,,,
1780432477.883,642293.0,4354.338,2.533363,,,,,,
1780432477.945,642318.0,4354.361,2.533363,,,,,,
1780432477.946,642343.0,4354.35,2.533363,,,,,,
1780432478.009,642368.0,4354.26,2.533238,,,,,,
1780432478.011,642393.0,4354.147,2.533238,,,,,,
1780432478.012,642418.0,4354.075,2.533238,,,,,,
1780432478.074,642443.0,4354.023,2.533363,,,,,,
1780432478.083,642468.0,4354.055,2.533363,,,,,,
1780432478.084,642493.0,4353.934,2.533363,,,,,,
1780432478.146,642518.0,4353.775,2.533238,,,,,,
1780432478.148,642543.0,4353.794,2.533363,,,,,,
1780432478.208,642568.0,4353.905,2.533363,,,,,,
1780432478.208,642593.0,4353.971,2.533238,,,,,,
1780432478.209,642618.0,4353.812,2.533363,,,,,,
1780432478.251,642643.0,4353.847,2.533363,,,,,,
1780432478.315,642668.0,4353.871,2.533238,,,,,,
1780432478.316,642693.0,4353.896,2.533238,,,,,,
1780432478.317,642718.0,4353.888,2.533238,,,,,,
1780432478.395,642743.0,4353.78,2.533238,,,,,,
1780432478.396,642768.0,4353.705,2.533238,,,,,,
1780432478.398,642793.0,4353.653,2.533238,,,,,,
1780432478.476,642818.0,4353.644,2.533238,,,,,,
1780432478.477,642843.0,4353.586,2.533238,,,,,,
1780432478.478,642868.0,4353.65,2.533238,,,,,,
1780432478.479,642893.0,4353.904,2.533238,,,,,,
1780432478.530,642918.0,4353.739,2.533238,,,,,,
1780432478.531,642943.0,4353.797,2.533238,,,,,,
1780432478.589,642968.0,4353.618,2.533113,,,,,,
1780432478.590,642993.0,4353.676,2.533113,,,,,,
1780432478.637,643018.0,4353.832,2.533113,,,,,,
1780432478.637,643043.0,4353.918,2.533113,,,,,,
1780432478.700,643068.0,4354.028,2.532988,,,,,,
1780432478.701,643093.0,4354.106,2.532988,,,,,,
1780432478.763,643118.0,4354.182,2.532988,,,,,,
1780432478.763,643143.0,4354.086,2.533113,,,,,,
1780432478.764,643168.0,4354.118,2.532988,,,,,,
1780432478.826,643193.0,4354.046,2.533113,,,,,,
1780432478.826,643218.0,4354.083,2.533113,,,,,,
1780432478.890,643243.0,4354.35,2.532988,,,,,,
1780432478.891,643268.0,4354.3,2.532988,,,,,,
1780432478.891,643293.0,4354.347,2.532988,,,,,,
1780432478.953,643318.0,4354.367,2.533113,,,,,,
1780432478.953,643343.0,4354.283,2.533113,,,,,,
1780432478.954,643368.0,4354.402,2.533113,,,,,,
1780432479.016,643393.0,4354.37,2.533113,,,,,,
1780432479.016,643418.0,4354.492,2.533113,,,,,,
1780432479.079,643443.0,4354.617,2.533113,,,,,,
1780432479.079,643468.0,4354.686,2.533113,,,,,,
1780432479.079,643493.0,4354.582,2.533113,,,,,,
1780432479.142,643518.0,4354.553,2.533113,,,,,,
1780432479.143,643543.0,4354.701,2.533238,,,,,,
1780432479.207,643568.0,4354.562,2.533238,,,,,,
1780432479.209,643593.0,4354.828,2.533238,,,,,,
1780432479.210,643618.0,4354.75,2.533238,,,,,,
1780432479.271,643643.0,4354.772,2.533238,,,,,,
1780432479.272,643668.0,4354.83,2.533238,,,,,,
1780432479.333,643693.0,4354.729,2.533238,,,,,,
1780432479.334,643718.0,4354.697,2.533363,,,,,,
1780432479.335,643743.0,4354.699,2.533489,,,,,,
1780432479.397,643768.0,4354.729,2.533363,,,,,,
1780432479.398,643793.0,4354.688,2.533363,,,,,,
1780432479.458,643818.0,4354.737,2.533238,,,,,,
1780432479.459,643843.0,4354.67,2.533363,,,,,,
1780432479.461,643868.0,4354.607,2.533489,,,,,,
1780432479.524,643893.0,4354.694,2.533614,,,,,,
1780432479.524,643918.0,4354.717,2.533614,,,,,,
1780432479.587,643943.0,4354.653,2.533614,,,,,,
1780432479.588,643968.0,4354.564,2.533614,,,,,,
1780432479.589,643993.0,4354.543,2.533739,,,,,,
1780432479.651,644018.0,4354.665,2.533739,,,,,,
1780432479.652,644043.0,4354.636,2.533864,,,,,,
1780432479.653,644068.0,4354.572,2.533989,,,,,,
1780432479.712,644093.0,4354.602,2.534114,,,,,,
1780432479.713,644118.0,4354.561,2.534114,,,,,,
1780432479.783,644143.0,4354.572,2.534114,,,,,,
1780432479.784,644168.0,4354.488,2.533989,,,,,,
1780432479.785,644193.0,4354.532,2.533989,,,,,,
1780432479.836,644218.0,4354.431,2.533989,,,,,,
1780432479.836,644243.0,4354.518,2.533989,,,,,,
1780432479.899,644268.0,4354.566,2.534114,,,,,,
1780432479.900,644293.0,4354.439,2.534114,,,,,,
1780432479.966,644318.0,4354.373,2.534114,,,,,,
1780432479.967,644343.0,4354.381,2.534114,,,,,,
1780432479.968,644368.0,4354.376,2.534114,,,,,,
1780432480.028,644393.0,4354.434,2.534114,,,,,,
1780432480.028,644418.0,4354.478,2.534114,,,,,,
1780432480.029,644443.0,4354.573,2.534114,,,,,,
1780432480.106,644468.0,4354.604,2.533989,,,,,,
1780432480.107,644493.0,4354.592,2.533864,,,,,,
1780432480.107,644518.0,4354.477,2.533739,,,,,,
1780432480.160,644543.0,4354.578,2.533864,,,,,,
1780432480.160,644568.0,4354.598,2.533864,,,,,,
1780432480.212,644593.0,4354.691,2.533864,,,,,,
1780432480.213,644618.0,4354.549,2.533864,,,,,,
1780432480.268,644643.0,4354.399,2.533864,,,,,,
1780432480.269,644668.0,4354.334,2.533739,,,,,,
1780432480.342,644693.0,4354.326,2.533614,,,,,,
1780432480.343,644718.0,4354.337,2.533489,,,,,,
1780432480.345,644743.0,4354.456,2.533489,,,,,,
1780432480.403,644768.0,4354.538,2.533489,,,,,,
1780432480.403,644793.0,4354.572,2.533489,,,,,,
1780432480.404,644818.0,4354.593,2.533614,,,,,,
1780432480.467,644843.0,4354.541,2.533614,,,,,,
1780432480.469,644868.0,4354.462,2.533614,,,,,,
1780432480.531,644893.0,4354.475,2.533489,,,,,,
1780432480.532,644918.0,4354.535,2.533489,,,,,,
1780432480.533,644943.0,4354.607,2.533489,,,,,,
1780432480.603,644968.0,4354.544,2.533363,,,,,,
1780432480.603,644993.0,4354.561,2.533238,,,,,,
1780432480.604,645018.0,4354.584,2.533238,,,,,,
1780432480.659,645043.0,4354.538,2.533238,,,,,,
1780432480.660,645068.0,4354.327,2.533363,,,,,,
1780432480.730,645093.0,4354.344,2.533489,,,,,,
1780432480.732,645118.0,4354.439,2.533489,,,,,,
1780432480.733,645143.0,4354.572,2.533489,,,,,,
1780432480.793,645168.0,4354.535,2.533363,,,,,,
1780432480.795,645193.0,4354.518,2.533238,,,,,,
1780432480.862,645218.0,4354.543,2.533238,,,,,,
1780432480.863,645243.0,4354.569,2.533113,,,,,,
1780432480.864,645268.0,4354.607,2.533238,,,,,,
1780432480.927,645293.0,4354.662,2.533238,,,,,,
1780432480.929,645318.0,4354.656,2.533363,,,,,,
1780432480.930,645343.0,4354.653,2.533363,,,,,,
1780432480.976,645368.0,4354.647,2.533363,,,,,,
1780432481.042,645393.0,4354.586,2.533363,,,,,,
1780432481.043,645418.0,4354.615,2.533363,,,,,,
1780432481.045,645443.0,4354.545,2.533238,,,,,,
1780432481.112,645468.0,4354.474,2.533238,,,,,,
1780432481.113,645493.0,4354.479,2.533363,,,,,,
1780432481.113,645518.0,4354.517,2.533363,,,,,,
1780432481.172,645543.0,4354.523,2.533363,,,,,,
1780432481.172,645568.0,4354.656,2.533489,,,,,,
1780432481.233,645593.0,4354.728,2.533489,,,,,,
1780432481.235,645618.0,4354.754,2.533489,,,,,,
1780432481.236,645643.0,4354.734,2.533489,,,,,,
1780432481.297,645668.0,4354.737,2.533489,,,,,,
1780432481.298,645693.0,4354.818,2.533489,,,,,,
1780432481.356,645718.0,4354.801,2.533363,,,,,,
1780432481.356,645743.0,4354.769,2.533363,,,,,,
1780432481.356,645768.0,4354.81,2.533363,,,,,,
1780432481.407,645793.0,4354.726,2.533363,,,,,,
1780432481.408,645818.0,4354.668,2.533363,,,,,,
1780432481.471,645843.0,4354.735,2.533363,,,,,,
1780432481.472,645868.0,4354.77,2.533363,,,,,,
1780432481.534,645893.0,4354.734,2.533238,,,,,,
1780432481.535,645918.0,4354.74,2.533238,,,,,,
1780432481.536,645943.0,4354.731,2.533113,,,,,,
1780432481.597,645968.0,4354.781,2.533113,,,,,,
1780432481.599,645993.0,4354.763,2.533113,,,,,,
1780432481.659,646018.0,4354.783,2.533113,,,,,,
1780432481.660,646043.0,4354.813,2.533113,,,,,,
1780432481.661,646068.0,4354.888,2.533113,,,,,,
1780432481.724,646093.0,4354.902,2.533113,,,,,,
1780432481.725,646118.0,4354.959,2.532988,,,,,,
1780432481.787,646143.0,4354.861,2.532988,,,,,,
1780432481.789,646168.0,4354.843,2.532988,,,,,,
1780432481.790,646193.0,4354.858,2.532863,,,,,,
1780432481.850,646218.0,4354.867,2.532863,,,,,,
1780432481.851,646243.0,4354.814,2.532863,,,,,,
1780432481.914,646268.0,4354.8,2.532988,,,,,,
1780432481.915,646293.0,4354.772,2.532988,,,,,,
1780432481.916,646318.0,4354.807,2.532863,,,,,,
1780432481.979,646343.0,4354.686,2.532988,,,,,,
1780432481.980,646368.0,4354.567,2.532988,,,,,,
1780432481.982,646393.0,4354.541,2.532988,,,,,,
1780432482.044,646418.0,4354.642,2.533113,,,,,,
1780432482.046,646443.0,4354.674,2.533113,,,,,,
1780432482.111,646468.0,4354.616,2.533113,,,,,,
1780432482.112,646493.0,4354.711,2.533113,,,,,,
1780432482.113,646518.0,4354.751,2.533113,,,,,,
1780432482.158,646543.0,4354.659,2.533113,,,,,,
1780432482.158,646568.0,4354.604,2.533113,,,,,,
1780432482.223,646593.0,4354.595,2.533113,,,,,,
1780432482.225,646618.0,4354.65,2.533113,,,,,,
1780432482.295,646643.0,4354.636,2.533113,,,,,,
1780432482.296,646668.0,4354.686,2.533113,,,,,,
1780432482.298,646693.0,4354.631,2.533113,,,,,,
1780432482.360,646718.0,4354.781,2.533113,,,,,,
1780432482.361,646743.0,4354.706,2.533113,,,,,,
1780432482.361,646768.0,4354.628,2.533113,,,,,,
1780432482.426,646793.0,4354.683,2.533113,,,,,,
1780432482.427,646818.0,4354.636,2.533113,,,,,,
1780432482.428,646843.0,4354.691,2.533113,,,,,,
1780432482.479,646868.0,4354.792,2.533113,,,,,,
1780432482.479,646893.0,4354.772,2.532988,,,,,,
1780432482.541,646918.0,4354.757,2.532988,,,,,,
1780432482.542,646943.0,4354.735,2.532988,,,,,,
1780432482.606,646968.0,4354.7,2.532863,,,,,,
1780432482.607,646993.0,4354.744,2.532863,,,,,,
1780432482.608,647018.0,4354.515,2.532863,,,,,,
1780432482.669,647043.0,4354.472,2.532738,,,,,,
1780432482.670,647068.0,4354.628,2.532738,,,,,,
1780432482.777,647093.0,4354.673,2.532738,,,,,,
1780432482.779,647118.0,4354.645,2.532738,,,,,,
1780432482.780,647143.0,4354.737,2.532738,,,,,,
1780432482.781,647168.0,4354.735,2.532738,,,,,,
1780432482.782,647193.0,4354.581,2.532863,,,,,,
1780432482.859,647218.0,4354.454,2.532988,,,,,,
1780432482.860,647243.0,4354.341,2.532988,,,,,,
1780432482.861,647268.0,4354.301,2.532988,,,,,,
1780432482.923,647293.0,4354.183,2.532988,,,,,,
1780432482.924,647318.0,4354.142,2.533113,,,,,,
1780432482.979,647343.0,4354.066,2.533238,,,,,,
1780432482.980,647368.0,4353.968,2.533238,,,,,,
1780432482.981,647393.0,4353.965,2.533238,,,,,,
1780432483.045,647418.0,4353.907,2.533363,,,,,,
1780432483.046,647443.0,4353.766,2.533363,,,,,,
1780432483.116,647468.0,4353.702,2.533363,,,,,,
1780432483.117,647493.0,4353.777,2.533489,,,,,,
1780432483.118,647518.0,4353.757,2.533489,,,,,,
1780432483.176,647543.0,4353.67,2.533489,,,,,,
1780432483.177,647568.0,4353.563,2.533489,,,,,,
1780432483.178,647593.0,4353.72,2.533489,,,,,,
1780432483.263,647618.0,4353.656,2.533489,,,,,,
1780432483.264,647643.0,4353.798,2.533489,,,,,,
1780432483.265,647668.0,4353.751,2.533489,,,,,,
1780432483.355,647693.0,4353.729,2.533489,,,,,,
1780432483.356,647718.0,4353.572,2.533614,,,,,,
1780432483.356,647743.0,4353.564,2.533614,,,,,,
1780432483.357,647768.0,4353.454,2.533614,,,,,,
1780432483.419,647793.0,4353.454,2.533614,,,,,,
1780432483.420,647818.0,4353.616,2.533614,,,,,,
1780432483.509,647843.0,4353.592,2.533489,,,,,,
1780432483.510,647868.0,4353.477,2.533489,,,,,,
1780432483.512,647893.0,4353.428,2.533614,,,,,,
1780432483.513,647918.0,4353.434,2.533614,,,,,,
1780432483.598,647943.0,4353.531,2.533489,,,,,,
1780432483.599,647968.0,4353.575,2.533363,,,,,,
1780432483.600,647993.0,4353.739,2.533489,,,,,,
1780432483.663,648018.0,4353.786,2.533489,,,,,,
1780432483.664,648043.0,4353.728,2.533489,,,,,,
1780432483.665,648068.0,4353.861,2.533489,,,,,,
1780432483.727,648093.0,4353.843,2.533614,,,,,,
1780432483.728,648118.0,4353.685,2.533489,,,,,,
1780432483.729,648143.0,4353.757,2.533489,,,,,,
1780432483.784,648168.0,4353.936,2.533489,,,,,,
1780432483.785,648193.0,4354.017,2.533489,,,,,,
1780432483.853,648218.0,4353.896,2.533489,,,,,,
1780432483.854,648243.0,4354.107,2.533489,,,,,,
1780432483.855,648268.0,4354.142,2.533489,,,,,,
1780432483.925,648293.0,4354.086,2.533489,,,,,,
1780432483.925,648318.0,4354.101,2.533489,,,,,,
1780432483.979,648343.0,4354.217,2.533363,,,,,,
1780432483.980,648368.0,4354.257,2.533363,,,,,,
1780432483.981,648393.0,4354.254,2.533363,,,,,,
1780432484.044,648418.0,4354.31,2.533363,,,,,,
1780432484.045,648443.0,4354.297,2.533238,,,,,,
1780432484.107,648468.0,4354.26,2.533238,,,,,,
1780432484.108,648493.0,4354.358,2.533238,,,,,,
1780432484.109,648518.0,4354.454,2.533113,,,,,,
1780432484.179,648543.0,4354.532,2.533113,,,,,,
1780432484.181,648568.0,4354.451,2.533113,,,,,,
1780432484.182,648593.0,4354.566,2.533113,,,,,,
1780432484.239,648618.0,4354.572,2.532988,,,,,,
1780432484.240,648643.0,4354.538,2.532988,,,,,,
1780432484.297,648668.0,4354.538,2.532863,,,,,,
1780432484.299,648693.0,4354.465,2.532863,,,,,,
1780432484.380,648718.0,4354.413,2.532738,,,,,,
1780432484.382,648743.0,4354.445,2.532863,,,,,,
1780432484.383,648768.0,4354.535,2.532863,,,,,,
1780432484.384,648793.0,4354.598,2.532863,,,,,,
1780432484.472,648818.0,4354.575,2.532863,,,,,,
1780432484.473,648843.0,4354.636,2.532863,,,,,,
1780432484.474,648868.0,4354.482,2.532863,,,,,,
1780432484.545,648893.0,4354.439,2.532863,,,,,,
1780432484.547,648918.0,4354.549,2.532863,,,,,,
1780432484.548,648943.0,4354.396,2.532863,,,,,,
1780432484.613,648968.0,4354.471,2.532863,,,,,,
1780432484.614,648993.0,4354.444,2.532988,,,,,,
1780432484.615,649018.0,4354.39,2.532988,,,,,,
1780432484.679,649043.0,4354.358,2.533113,,,,,,
1780432484.680,649068.0,4354.471,2.533113,,,,,,
1780432484.680,649093.0,4354.575,2.533113,,,,,,
1780432484.742,649118.0,4354.598,2.533113,,,,,,
1780432484.743,649143.0,4354.543,2.533113,,,,,,
1780432484.811,649168.0,4354.508,2.533238,,,,,,
1780432484.812,649193.0,4354.656,2.533238,,,,,,
1780432484.813,649218.0,4354.626,2.533238,,,,,,
1780432484.881,649243.0,4354.592,2.533238,,,,,,
1780432484.882,649268.0,4354.705,2.533238,,,,,,
1780432484.882,649293.0,4354.734,2.533238,,,,,,
1780432484.941,649318.0,4354.711,2.533238,,,,,,
1780432484.942,649343.0,4354.763,2.533238,,,,,,
1780432485.025,649368.0,4354.72,2.533113,,,,,,
1780432485.026,649393.0,4354.667,2.533238,,,,,,
1780432485.027,649418.0,4354.601,2.533238,,,,,,
1780432485.028,649443.0,4354.655,2.533363,,,,,,
1780432485.074,649468.0,4354.73,2.533363,,,,,,
1780432485.136,649493.0,4354.734,2.533489,,,,,,
1780432485.136,649518.0,4354.751,2.533489,,,,,,
1780432485.137,649543.0,4354.76,2.533489,,,,,,
1780432485.194,649568.0,4354.763,2.533489,,,,,,
1780432485.195,649593.0,4354.606,2.533489,,,,,,
1780432485.257,649618.0,4354.751,2.533363,,,,,,
1780432485.258,649643.0,4354.757,2.533363,,,,,,
1780432485.259,649668.0,4354.824,2.533238,,,,,,
1780432485.306,649693.0,4354.734,2.533238,,,,,,
1780432485.307,649718.0,4354.709,2.533238,,,,,,
1780432485.349,649743.0,4354.657,2.533238,,,,,,
1780432485.413,649768.0,4354.564,2.533238,,,,,,
1780432485.414,649793.0,4354.547,2.533113,,,,,,
1780432485.415,649818.0,4354.509,2.533113,,,,,,
1780432485.478,649843.0,4354.466,2.533113,,,,,,
1780432485.479,649868.0,4354.521,2.533113,,,,,,
1780432485.480,649893.0,4354.514,2.533113,,,,,,
1780432485.543,649918.0,4354.521,2.533113,,,,,,
1780432485.544,649943.0,4354.572,2.533113,,,,,,
1780432485.612,649968.0,4354.607,2.533238,,,,,,
1780432485.613,649993.0,4354.353,2.533238,,,,,,
1780432485.615,650018.0,4354.313,2.533113,,,,,,
1780432485.686,650043.0,4354.35,2.533113,,,,,,
1780432485.687,650068.0,4354.338,2.532988,,,,,,
1780432485.688,650093.0,4354.287,2.532988,,,,,,
1780432485.745,650118.0,4354.229,2.532863,,,,,,
1780432485.746,650143.0,4354.208,2.532988,,,,,,
1780432485.811,650168.0,4354.035,2.532988,,,,,,
1780432485.812,650193.0,4354.064,2.532988,,,,,,
1780432485.813,650218.0,4354.122,2.533113,,,,,,
1780432485.911,650243.0,4354.046,2.533113,,,,,,
1780432485.913,650268.0,4354.081,2.533113,,,,,,
1780432485.914,650293.0,4354.052,2.533113,,,,,,
1780432485.915,650318.0,4354.104,2.533113,,,,,,
1780432485.975,650343.0,4354.0,2.533238,,,,,,
1780432485.976,650368.0,4354.098,2.533238,,,,,,
1780432486.037,650393.0,4354.119,2.533238,,,,,,
1780432486.039,650418.0,4354.079,2.533363,,,,,,
1780432486.040,650443.0,4354.128,2.533363,,,,,,
1780432486.125,650468.0,4354.021,2.533363,,,,,,
1780432486.126,650493.0,4354.041,2.533489,,,,,,
1780432486.127,650518.0,4353.959,2.533489,,,,,,
1780432486.128,650543.0,4353.965,2.533489,,,,,,
1780432486.191,650568.0,4353.925,2.533614,,,,,,
1780432486.192,650593.0,4353.893,2.533489,,,,,,
1780432486.240,650618.0,4354.136,2.533489,,,,,,
1780432486.240,650643.0,4354.023,2.533489,,,,,,
1780432486.291,650668.0,4353.95,2.533489,,,,,,
1780432486.292,650693.0,4353.843,2.533489,,,,,,
1780432486.359,650718.0,4353.893,2.533489,,,,,,
1780432486.360,650743.0,4353.965,2.533489,,,,,,
1780432486.362,650768.0,4353.872,2.533363,,,,,,
1780432486.419,650793.0,4354.069,2.533363,,,,,,
1780432486.420,650818.0,4354.174,2.533363,,,,,,
1780432486.476,650843.0,4354.168,2.533238,,,,,,
1780432486.478,650868.0,4354.003,2.533238,,,,,,
1780432486.479,650893.0,4354.057,2.533238,,,,,,
1780432486.534,650918.0,4354.006,2.533238,,,,,,
1780432486.536,650943.0,4354.061,2.533238,,,,,,
1780432486.598,650968.0,4354.213,2.533113,,,,,,
1780432486.599,650993.0,4354.161,2.533113,,,,,,
1780432486.661,651018.0,4354.26,2.533238,,,,,,
1780432486.663,651043.0,4354.274,2.533113,,,,,,
1780432486.664,651068.0,4354.187,2.533113,,,,,,
1780432486.726,651093.0,4354.23,2.533113,,,,,,
1780432486.728,651118.0,4354.225,2.533113,,,,,,
1780432486.729,651143.0,4354.387,2.533113,,,,,,
1780432486.808,651168.0,4354.471,2.533238,,,,,,
1780432486.808,651193.0,4354.543,2.533113,,,,,,
1780432486.809,651218.0,4354.442,2.533113,,,,,,
1780432486.882,651243.0,4354.437,2.533113,,,,,,
1780432486.885,651268.0,4354.57,2.533113,,,,,,
1780432486.887,651293.0,4354.532,2.533113,,,,,,
1780432487.026,651318.0,4354.741,2.533113,,,,,,
1780432487.027,651343.0,4354.737,2.533113,,,,,,
1780432487.029,651368.0,4354.77,2.533113,,,,,,
1780432487.030,651393.0,4354.998,2.533113,,,,,,
1780432487.030,651418.0,4355.015,2.533113,,,,,,
1780432487.031,651443.0,4355.0,2.533113,,,,,,
1780432487.139,651468.0,4354.957,2.533113,,,,,,
1780432487.141,651493.0,4354.951,2.533113,,,,,,
1780432487.142,651518.0,4354.928,2.533113,,,,,,
1780432487.143,651543.0,4355.033,2.533113,,,,,,
1780432487.231,651568.0,4354.946,2.533113,,,,,,
1780432487.232,651593.0,4354.989,2.533113,,,,,,
1780432487.234,651618.0,4355.07,2.533113,,,,,,
1780432487.234,651643.0,4355.041,2.532988,,,,,,
1780432487.286,651668.0,4354.952,2.532988,,,,,,
1780432487.286,651693.0,4354.836,2.532988,,,,,,
1780432487.354,651718.0,4354.844,2.533113,,,,,,
1780432487.355,651743.0,4354.801,2.532988,,,,,,
1780432487.356,651768.0,4354.755,2.532988,,,,,,
1780432487.422,651793.0,4354.763,2.532863,,,,,,
1780432487.423,651818.0,4354.81,2.532863,,,,,,
1780432487.493,651843.0,4354.85,2.532863,,,,,,
1780432487.495,651868.0,4354.894,2.532863,,,,,,
1780432487.496,651893.0,4354.772,2.532863,,,,,,
1780432487.549,651918.0,4354.79,2.532863,,,,,,
1780432487.550,651943.0,4354.67,2.532988,,,,,,
1780432487.621,651968.0,4354.711,2.532988,,,,,,
1780432487.623,651993.0,4354.67,2.532988,,,,,,
1780432487.624,652018.0,4354.616,2.532988,,,,,,
1780432487.699,652043.0,4354.439,2.532988,,,,,,
1780432487.700,652068.0,4354.41,2.532988,,,,,,
1780432487.702,652093.0,4354.492,2.532988,,,,,,
1780432487.703,652118.0,4354.558,2.532988,,,,,,
1780432487.788,652143.0,4354.543,2.532988,,,,,,
1780432487.789,652168.0,4354.477,2.532988,,,,,,
1780432487.791,652193.0,4354.512,2.532988,,,,,,
1780432487.857,652218.0,4354.512,2.532988,,,,,,
1780432487.857,652243.0,4354.39,2.532988,,,,,,
1780432487.858,652268.0,4354.468,2.532988,,,,,,
1780432487.914,652293.0,4354.561,2.532988,,,,,,
1780432487.914,652318.0,4354.665,2.532988,,,,,,
1780432487.977,652343.0,4354.578,2.532863,,,,,,
1780432487.978,652368.0,4354.604,2.532863,,,,,,
1780432487.978,652393.0,4354.506,2.532863,,,,,,
1780432488.041,652418.0,4354.506,2.532863,,,,,,
1780432488.041,652443.0,4354.486,2.532863,,,,,,
1780432488.104,652468.0,4354.491,2.532863,,,,,,
1780432488.104,652493.0,4354.535,2.532863,,,,,,
1780432488.105,652518.0,4354.587,2.532863,,,,,,
1780432488.167,652543.0,4354.63,2.532863,,,,,,
1780432488.168,652568.0,4354.552,2.532863,,,,,,
1780432488.231,652593.0,4354.488,2.532863,,,,,,
1780432488.231,652618.0,4354.587,2.532863,,,,,,
1780432488.231,652643.0,4354.596,2.532988,,,,,,
1780432488.293,652668.0,4354.775,2.532988,,,,,,
1780432488.294,652693.0,4354.752,2.532988,,,,,,
1780432488.357,652718.0,4354.743,2.533113,,,,,,
1780432488.358,652743.0,4354.708,2.533113,,,,,,
1780432488.360,652768.0,4354.743,2.533113,,,,,,
1780432488.422,652793.0,4354.75,2.533113,,,,,,
1780432488.423,652818.0,4354.777,2.533113,,,,,,
1780432488.503,652843.0,4354.818,2.533113,,,,,,
1780432488.504,652868.0,4354.901,2.533113,,,,,,
1780432488.506,652893.0,4354.899,2.533238,,,,,,
1780432488.507,652918.0,4354.85,2.533238,,,,,,
1780432488.567,652943.0,4354.826,2.533238,,,,,,
1780432488.568,652968.0,4354.872,2.533238,,,,,,
1780432488.638,652993.0,4354.843,2.533363,,,,,,
1780432488.640,653018.0,4354.83,2.533363,,,,,,
1780432488.641,653043.0,4354.771,2.533363,,,,,,
1780432488.735,653068.0,4354.76,2.533363,,,,,,
1780432488.737,653093.0,4354.861,2.533363,,,,,,
1780432488.738,653118.0,4354.795,2.533363,,,,,,
1780432488.740,653143.0,4354.864,2.533363,,,,,,
1780432488.817,653168.0,4354.818,2.533363,,,,,,
1780432488.818,653193.0,4354.861,2.533238,,,,,,
1780432488.818,653218.0,4354.803,2.533363,,,,,,
1780432488.854,653243.0,4354.702,2.533363,,,,,,
1780432488.855,653268.0,4354.703,2.533238,,,,,,
1780432488.926,653293.0,4354.694,2.533363,,,,,,
1780432488.928,653318.0,4354.731,2.533363,,,,,,
1780432488.930,653343.0,4354.76,2.533238,,,,,,
1780432488.991,653368.0,4354.729,2.533238,,,,,,
1780432488.993,653393.0,4354.679,2.533238,,,,,,
1780432489.042,653418.0,4354.708,2.533238,,,,,,
1780432489.042,653443.0,4354.65,2.533238,,,,,,
1780432489.100,653468.0,4354.647,2.533238,,,,,,
1780432489.101,653493.0,4354.703,2.533363,,,,,,
1780432489.162,653518.0,4354.651,2.533238,,,,,,
1780432489.162,653543.0,4354.67,2.533238,,,,,,
1780432489.163,653568.0,4354.691,2.533238,,,,,,
1780432489.225,653593.0,4354.68,2.533238,,,,,,
1780432489.226,653618.0,4354.711,2.533113,,,,,,
1780432489.289,653643.0,4354.726,2.533113,,,,,,
1780432489.290,653668.0,4354.659,2.533113,,,,,,
1780432489.291,653693.0,4354.691,2.533113,,,,,,
1780432489.352,653718.0,4354.645,2.533113,,,,,,
1780432489.353,653743.0,4354.711,2.533113,,,,,,
1780432489.354,653768.0,4354.714,2.533113,,,,,,
1780432489.416,653793.0,4354.775,2.533113,,,,,,
1780432489.417,653818.0,4354.648,2.533113,,,,,,
1780432489.480,653843.0,4354.659,2.532988,,,,,,
1780432489.481,653868.0,4354.714,2.532988,,,,,,
1780432489.482,653893.0,4354.666,2.532988,,,,,,
1780432489.543,653918.0,4354.651,2.532863,,,,,,
1780432489.545,653943.0,4354.68,2.532863,,,,,,
1780432489.619,653968.0,4354.691,2.532988,,,,,,
1780432489.621,653993.0,4354.772,2.532988,,,,,,
1780432489.622,654018.0,4354.781,2.533113,,,,,,
1780432489.701,654043.0,4354.766,2.533238,,,,,,
1780432489.703,654068.0,4354.682,2.533238,,,,,,
1780432489.704,654093.0,4354.593,2.533238,,,,,,
1780432489.705,654118.0,4354.613,2.533113,,,,,,
1780432489.777,654143.0,4354.659,2.533113,,,,,,
1780432489.779,654168.0,4354.65,2.533113,,,,,,
1780432489.780,654193.0,4354.642,2.533113,,,,,,
1780432489.823,654218.0,4354.775,2.533113,,,,,,
1780432489.872,654243.0,4354.792,2.533113,,,,,,
1780432489.874,654268.0,4354.708,2.533113,,,,,,
1780432489.919,654293.0,4354.749,2.533113,,,,,,
1780432489.920,654318.0,4354.601,2.533238,,,,,,
1780432489.972,654343.0,4354.584,2.533238,,,,,,
1780432489.974,654368.0,4354.563,2.533238,,,,,,
1780432490.038,654393.0,4354.581,2.533238,,,,,,
1780432490.040,654418.0,4354.523,2.533238,,,,,,
1780432490.041,654443.0,4354.74,2.533238,,,,,,
1780432490.106,654468.0,4354.771,2.533363,,,,,,
1780432490.108,654493.0,4354.708,2.533363,,,,,,
1780432490.109,654518.0,4354.746,2.533489,,,,,,
1780432490.163,654543.0,4354.752,2.533489,,,,,,
1780432490.164,654568.0,4354.821,2.533614,,,,,,
1780432490.245,654593.0,4354.85,2.533489,,,,,,
1780432490.246,654618.0,4354.81,2.533489,,,,,,
1780432490.249,654643.0,4354.813,2.533363,,,,,,
1780432490.308,654668.0,4354.824,2.533363,,,,,,
1780432490.309,654693.0,4354.818,2.533363,,,,,,
1780432490.310,654718.0,4354.723,2.533363,,,,,,
1780432490.381,654743.0,4354.599,2.533363,,,,,,
1780432490.382,654768.0,4354.599,2.533363,,,,,,
1780432490.383,654793.0,4354.726,2.533363,,,,,,
1780432490.459,654818.0,4354.74,2.533363,,,,,,
1780432490.460,654843.0,4354.63,2.533363,,,,,,
1780432490.461,654868.0,4354.613,2.533363,,,,,,
1780432490.543,654893.0,4354.656,2.533363,,,,,,
1780432490.545,654918.0,4354.523,2.533363,,,,,,
1780432490.546,654943.0,4354.578,2.533238,,,,,,
1780432490.620,654968.0,4354.61,2.533238,,,,,,
1780432490.622,654993.0,4354.601,2.533363,,,,,,
1780432490.623,655018.0,4354.584,2.533363,,,,,,
1780432490.697,655043.0,4354.636,2.533363,,,,,,
1780432490.699,655068.0,4354.558,2.533363,,,,,,
1780432490.700,655093.0,4354.561,2.533238,,,,,,
1780432490.767,655118.0,4354.518,2.533238,,,,,,
1780432490.769,655143.0,4354.48,2.533113,,,,,,
1780432490.770,655168.0,4354.431,2.533238,,,,,,
1780432490.845,655193.0,4354.35,2.533113,,,,,,
1780432490.846,655218.0,4354.324,2.533113,,,,,,
1780432490.847,655243.0,4354.353,2.533113,,,,,,
1780432490.916,655268.0,4354.271,2.533113,,,,,,
1780432490.918,655293.0,4354.21,2.532988,,,,,,
1780432490.919,655318.0,4354.294,2.532988,,,,,,
1780432490.998,655343.0,4354.303,2.532988,,,,,,
1780432491.000,655368.0,4354.37,2.532988,,,,,,
1780432491.001,655393.0,4354.324,2.532988,,,,,,
1780432491.055,655418.0,4354.28,2.532988,,,,,,
1780432491.055,655443.0,4354.234,2.532988,,,,,,
1780432491.056,655468.0,4354.324,2.532988,,,,,,
1780432491.105,655493.0,4354.21,2.532988,,,,,,
1780432491.106,655518.0,4354.179,2.533113,,,,,,
1780432491.161,655543.0,4354.277,2.533113,,,,,,
1780432491.162,655568.0,4354.228,2.533113,,,,,,
1780432491.227,655593.0,4354.005,2.533113,,,,,,
1780432491.227,655618.0,4354.028,2.532988,,,,,,
1780432491.228,655643.0,4354.031,2.532988,,,,,,
1780432491.293,655668.0,4354.149,2.533113,,,,,,
1780432491.295,655693.0,4354.155,2.533113,,,,,,
1780432491.364,655718.0,4354.245,2.533113,,,,,,
1780432491.365,655743.0,4354.277,2.533113,,,,,,
1780432491.367,655768.0,4354.294,2.533113,,,,,,
1780432491.422,655793.0,4354.335,2.532988,,,,,,
1780432491.423,655818.0,4354.257,2.532988,,,,,,
1780432491.483,655843.0,4354.228,2.532988,,,,,,
1780432491.485,655868.0,4354.26,2.532988,,,,,,
1780432491.486,655893.0,4354.387,2.532988,,,,,,
1780432491.547,655918.0,4354.489,2.533113,,,,,,
1780432491.548,655943.0,4354.367,2.533113,,,,,,
1780432491.609,655968.0,4354.518,2.533113,,,,,,
1780432491.609,655993.0,4354.465,2.533113,,,,,,
1780432491.609,656018.0,4354.483,2.533113,,,,,,
1780432491.673,656043.0,4354.416,2.533113,,,,,,
1780432491.675,656068.0,4354.584,2.533113,,,,,,
1780432491.736,656093.0,4354.59,2.533113,,,,,,
1780432491.738,656118.0,4354.677,2.533113,,,,,,
1780432491.739,656143.0,4354.822,2.532988,,,,,,
1780432491.805,656168.0,4354.885,2.532988,,,,,,
1780432491.806,656193.0,4354.9,2.532988,,,,,,
1780432491.807,656218.0,4355.035,2.533113,,,,,,
1780432491.877,656243.0,4355.006,2.533113,,,,,,
1780432491.878,656268.0,4355.061,2.533113,,,,,,
1780432491.879,656293.0,4354.899,2.532988,,,,,,
1780432491.946,656318.0,4355.017,2.532988,,,,,,
1780432491.947,656343.0,4354.91,2.533113,,,,,,
1780432491.991,656368.0,4354.922,2.533113,,,,,,
1780432491.991,656393.0,4354.893,2.533113,,,,,,
1780432492.057,656418.0,4354.774,2.533113,,,,,,
1780432492.058,656443.0,4354.818,2.533113,,,,,,
1780432492.060,656468.0,4354.743,2.533113,,,,,,
1780432492.120,656493.0,4354.859,2.533113,,,,,,
1780432492.121,656518.0,4354.861,2.533113,,,,,,
1780432492.182,656543.0,4354.862,2.532988,,,,,,
1780432492.184,656568.0,4355.039,2.532988,,,,,,
1780432492.185,656593.0,4355.03,2.532988,,,,,,
1780432492.246,656618.0,4355.018,2.532988,,,,,,
1780432492.247,656643.0,4355.076,2.532988,,,,,,
1780432492.326,656668.0,4355.029,2.533113,,,,,,
1780432492.327,656693.0,4354.946,2.533113,,,,,,
1780432492.329,656718.0,4354.902,2.533113,,,,,,
1780432492.330,656743.0,4354.908,2.533113,,,,,,
1780432492.411,656768.0,4354.79,2.533113,,,,,,
1780432492.412,656793.0,4354.772,2.533113,,,,,,
1780432492.413,656818.0,4354.833,2.533113,,,,,,
1780432492.499,656843.0,4354.922,2.532988,,,,,,
1780432492.501,656868.0,4354.885,2.532988,,,,,,
1780432492.503,656893.0,4354.783,2.532988,,,,,,
1780432492.505,656918.0,4354.896,2.532988,,,,,,
1780432492.562,656943.0,4354.914,2.532988,,,,,,
1780432492.564,656968.0,4354.951,2.532988,,,,,,
1780432492.620,656993.0,4355.082,2.533113,,,,,,
1780432492.621,657018.0,4354.992,2.533113,,,,,,
1780432492.692,657043.0,4355.012,2.533113,,,,,,
1780432492.694,657068.0,4355.0,2.533238,,,,,,
1780432492.696,657093.0,4355.012,2.533363,,,,,,
1780432492.771,657118.0,4354.795,2.533363,,,,,,
1780432492.772,657143.0,4354.827,2.533363,,,,,,
1780432492.773,657168.0,4354.865,2.533363,,,,,,
1780432492.822,657193.0,4354.807,2.533363,,,,,,
1780432492.823,657218.0,4354.81,2.533363,,,,,,
1780432492.879,657243.0,4354.847,2.533363,,,,,,
1780432492.880,657268.0,4354.784,2.533363,,,,,,
1780432492.881,657293.0,4354.856,2.533238,,,,,,
1780432492.943,657318.0,4354.787,2.533238,,,,,,
1780432492.943,657343.0,4354.92,2.533238,,,,,,
1780432493.008,657368.0,4354.873,2.533238,,,,,,
1780432493.009,657393.0,4354.882,2.533238,,,,,,
1780432493.011,657418.0,4354.882,2.533238,,,,,,
1780432493.071,657443.0,4354.882,2.533238,,,,,,
1780432493.072,657468.0,4354.833,2.533238,,,,,,
1780432493.132,657493.0,4354.729,2.533238,,,,,,
1780432493.133,657518.0,4354.717,2.533363,,,,,,
1780432493.134,657543.0,4354.553,2.533363,,,,,,
1780432493.196,657568.0,4354.553,2.533363,,,,,,
1780432493.197,657593.0,4354.584,2.533238,,,,,,
1780432493.259,657618.0,4354.48,2.533113,,,,,,
1780432493.260,657643.0,4354.607,2.533113,,,,,,
1780432493.261,657668.0,4354.636,2.533113,,,,,,
1780432493.320,657693.0,4354.587,2.532988,,,,,,
1780432493.321,657718.0,4354.452,2.532863,,,,,,
1780432493.385,657743.0,4354.504,2.532863,,,,,,
1780432493.387,657768.0,4354.48,2.532863,,,,,,
1780432493.388,657793.0,4354.448,2.532863,,,,,,
1780432493.466,657818.0,4354.44,2.532863,,,,,,
1780432493.469,657843.0,4354.327,2.532863,,,,,,
1780432493.470,657868.0,4354.333,2.532863,,,,,,
1780432493.538,657893.0,4354.255,2.532863,,,,,,
1780432493.539,657918.0,4354.246,2.532863,,,,,,
1780432493.539,657943.0,4354.24,2.532863,,,,,,
1780432493.585,657968.0,4354.041,2.532863,,,,,,
1780432493.585,657993.0,4354.099,2.532863,,,,,,
1780432493.641,658018.0,4354.179,2.532863,,,,,,
1780432493.641,658043.0,4354.202,2.532863,,,,,,
1780432493.709,658068.0,4354.113,2.532863,,,,,,
1780432493.710,658093.0,4354.064,2.532863,,,,,,
1780432493.711,658118.0,4354.083,2.532863,,,,,,
1780432493.779,658143.0,4354.032,2.532738,,,,,,
1780432493.780,658168.0,4354.052,2.532863,,,,,,
1780432493.781,658193.0,4353.954,2.532863,,,,,,
1780432493.869,658218.0,4353.901,2.532988,,,,,,
1780432493.870,658243.0,4353.893,2.532988,,,,,,
1780432493.870,658268.0,4353.829,2.532988,,,,,,
1780432493.941,658293.0,4353.8,2.532988,,,,,,
1780432493.942,658318.0,4353.884,2.532988,,,,,,
1780432493.943,658343.0,4353.979,2.532988,,,,,,
1780432494.012,658368.0,4353.899,2.532988,,,,,,
1780432494.013,658393.0,4353.76,2.532988,,,,,,
1780432494.014,658418.0,4353.615,2.533113,,,,,,
1780432494.071,658443.0,4353.658,2.533238,,,,,,
1780432494.072,658468.0,4353.673,2.533238,,,,,,
1780432494.148,658493.0,4353.638,2.533238,,,,,,
1780432494.151,658518.0,4353.809,2.533238,,,,,,
1780432494.152,658543.0,4353.826,2.533363,,,,,,
1780432494.153,658568.0,4353.774,2.533363,,,,,,
1780432494.201,658593.0,4353.759,2.533363,,,,,,
1780432494.202,658618.0,4353.684,2.533363,,,,,,
1780432494.259,658643.0,4353.698,2.533363,,,,,,
1780432494.260,658668.0,4353.728,2.533363,,,,,,
1780432494.322,658693.0,4353.805,2.533489,,,,,,
1780432494.323,658718.0,4353.776,2.533489,,,,,,
1780432494.390,658743.0,4353.842,2.533489,,,,,,
1780432494.391,658768.0,4353.97,2.533489,,,,,,
1780432494.392,658793.0,4353.976,2.533363,,,,,,
1780432494.456,658818.0,4353.964,2.533363,,,,,,
1780432494.457,658843.0,4353.973,2.533238,,,,,,
1780432494.458,658868.0,4354.051,2.533238,,,,,,
1780432494.513,658893.0,4354.172,2.533238,,,,,,
1780432494.514,658918.0,4354.21,2.533238,,,,,,
1780432494.569,658943.0,4354.106,2.533238,,,,,,
1780432494.570,658968.0,4354.167,2.533238,,,,,,
1780432494.639,658993.0,4354.249,2.533238,,,,,,
1780432494.641,659018.0,4354.234,2.533238,,,,,,
1780432494.642,659043.0,4354.225,2.533113,,,,,,
1780432494.707,659068.0,4354.173,2.532988,,,,,,
1780432494.707,659093.0,4354.24,2.532988,,,,,,
1780432494.708,659118.0,4354.33,2.532988,,,,,,
1780432494.754,659143.0,4354.237,2.532988,,,,,,
1780432494.755,659168.0,4354.289,2.532988,,,,,,
1780432494.828,659193.0,4354.368,2.532988,,,,,,
1780432494.829,659218.0,4354.333,2.532988,,,,,,
1780432494.830,659243.0,4354.356,2.532988,,,,,,
1780432494.897,659268.0,4354.335,2.532988,,,,,,
1780432494.899,659293.0,4354.29,2.532988,,,,,,
1780432494.979,659318.0,4354.388,2.532988,,,,,,
1780432494.981,659343.0,4354.506,2.532988,,,,,,
1780432494.982,659368.0,4354.475,2.532988,,,,,,
1780432494.983,659393.0,4354.439,2.532988,,,,,,
1780432495.067,659418.0,4354.385,2.532988,,,,,,
1780432495.069,659443.0,4354.381,2.533113,,,,,,
1780432495.071,659468.0,4354.388,2.533113,,,,,,
1780432495.134,659493.0,4354.381,2.533113,,,,,,
1780432495.136,659518.0,4354.394,2.533113,,,,,,
1780432495.137,659543.0,4354.509,2.533113,,,,,,
1780432495.211,659568.0,4354.595,2.533113,,,,,,
1780432495.213,659593.0,4354.702,2.533113,,,,,,
1780432495.214,659618.0,4354.621,2.533113,,,,,,
1780432495.296,659643.0,4354.725,2.533238,,,,,,
1780432495.298,659668.0,4354.827,2.533363,,,,,,
1780432495.299,659693.0,4354.885,2.533363,,,,,,
1780432495.383,659718.0,4354.894,2.533363,,,,,,
1780432495.385,659743.0,4354.874,2.533489,,,,,,
1780432495.386,659768.0,4354.888,2.533489,,,,,,
1780432495.387,659793.0,4354.867,2.533489,,,,,,
1780432495.441,659818.0,4354.948,2.533489,,,,,,
1780432495.441,659843.0,4354.969,2.533489,,,,,,
1780432495.511,659868.0,4355.009,2.533614,,,,,,
1780432495.512,659893.0,4354.951,2.533614,,,,,,
1780432495.513,659918.0,4355.003,2.533614,,,,,,
1780432495.574,659943.0,4354.919,2.533489,,,,,,
1780432495.575,659968.0,4354.873,2.533489,,,,,,
1780432495.637,659993.0,4354.997,2.533614,,,,,,
1780432495.638,660018.0,4354.998,2.533614,,,,,,
1780432495.639,660043.0,4355.087,2.533614,,,,,,
1780432495.702,660068.0,4354.975,2.533489,,,,,,
1780432495.703,660093.0,4354.989,2.533489,,,,,,
1780432495.703,660118.0,4354.914,2.533489,,,,,,
1780432495.776,660143.0,4354.896,2.533489,,,,,,
1780432495.778,660168.0,4354.823,2.533489,,,,,,
1780432495.779,660193.0,4354.827,2.533614,,,,,,
1780432495.847,660218.0,4354.763,2.533739,,,,,,
1780432495.848,660243.0,4354.789,2.533739,,,,,,
1780432495.906,660268.0,4354.792,2.533614,,,,,,
1780432495.906,660293.0,4354.694,2.533489,,,,,,
1780432495.907,660318.0,4354.697,2.533489,,,,,,
1780432495.971,660343.0,4354.737,2.533614,,,,,,
1780432495.973,660368.0,4354.777,2.533489,,,,,,
1780432496.024,660393.0,4354.697,2.533489,,,,,,
1780432496.025,660418.0,4354.662,2.533363,,,,,,
1780432496.087,660443.0,4354.569,2.533363,,,,,,
1780432496.088,660468.0,4354.61,2.533363,,,,,,
1780432496.088,660493.0,4354.579,2.533238,,,,,,
1780432496.141,660518.0,4354.596,2.533238,,,,,,
1780432496.141,660543.0,4354.526,2.533363,,,,,,
1780432496.217,660568.0,4354.602,2.533363,,,,,,
1780432496.218,660593.0,4354.606,2.533363,,,,,,
1780432496.220,660618.0,4354.575,2.533238,,,,,,
1780432496.316,660643.0,4354.584,2.533238,,,,,,
1780432496.317,660668.0,4354.688,2.533238,,,,,,
1780432496.318,660693.0,4354.792,2.533238,,,,,,
1780432496.319,660718.0,4354.794,2.533238,,,,,,
1780432496.418,660743.0,4354.729,2.533363,,,,,,
1780432496.419,660768.0,4354.71,2.533363,,,,,,
1780432496.421,660793.0,4354.76,2.533363,,,,,,
1780432496.422,660818.0,4354.777,2.533238,,,,,,
1780432496.506,660843.0,4354.754,2.533238,,,,,,
1780432496.507,660868.0,4354.818,2.533238,,,,,,
1780432496.508,660893.0,4354.807,2.533238,,,,,,
1780432496.509,660918.0,4354.899,2.533238,,,,,,
1780432496.570,660943.0,4354.83,2.533238,,,,,,
1780432496.571,660968.0,4354.731,2.533113,,,,,,
1780432496.646,660993.0,4354.674,2.533238,,,,,,
1780432496.648,661018.0,4354.807,2.533238,,,,,,
1780432496.649,661043.0,4354.795,2.533363,,,,,,
1780432496.713,661068.0,4354.868,2.533363,,,,,,
1780432496.714,661093.0,4354.899,2.533363,,,,,,
1780432496.716,661118.0,4354.943,2.533363,,,,,,
1780432496.771,661143.0,4354.914,2.533363,,,,,,
1780432496.772,661168.0,4354.945,2.533238,,,,,,
1780432496.823,661193.0,4354.934,2.533238,,,,,,
1780432496.823,661218.0,4354.974,2.533238,,,,,,
1780432496.891,661243.0,4354.951,2.533238,,,,,,
1780432496.893,661268.0,4354.925,2.533363,,,,,,
1780432496.894,661293.0,4354.879,2.533363,,,,,,
1780432496.970,661318.0,4354.772,2.533363,,,,,,
1780432496.971,661343.0,4354.786,2.533489,,,,,,
1780432496.972,661368.0,4354.789,2.533363,,,,,,
1780432497.035,661393.0,4354.746,2.533363,,,,,,
1780432497.035,661418.0,4354.711,2.533363,,,,,,
1780432497.035,661443.0,4354.72,2.533363,,,,,,
1780432497.076,661468.0,4354.781,2.533238,,,,,,
1780432497.144,661493.0,4354.749,2.533238,,,,,,
1780432497.145,661518.0,4354.761,2.533238,,,,,,
1780432497.146,661543.0,4354.729,2.533238,,,,,,
1780432497.207,661568.0,4354.697,2.533238,,,,,,
1780432497.208,661593.0,4354.77,2.533238,,,,,,
1780432497.209,661618.0,4354.781,2.533113,,,,,,
1780432497.270,661643.0,4354.662,2.533113,,,,,,
1780432497.271,661668.0,4354.729,2.532988,,,,,,
1780432497.334,661693.0,4354.724,2.532988,,,,,,
1780432497.335,661718.0,4354.674,2.532988,,,,,,
1780432497.337,661743.0,4354.666,2.533113,,,,,,
1780432497.395,661768.0,4354.625,2.533238,,,,,,
1780432497.396,661793.0,4354.546,2.533238,,,,,,
1780432497.461,661818.0,4354.523,2.533238,,,,,,
1780432497.462,661843.0,4354.575,2.533238,,,,,,
1780432497.463,661868.0,4354.665,2.533238,,,,,,
1780432497.543,661893.0,4354.657,2.533113,,,,,,
1780432497.544,661918.0,4354.61,2.533113,,,,,,
1780432497.545,661943.0,4354.797,2.533113,,,,,,
1780432497.604,661968.0,4354.772,2.532988,,,,,,
1780432497.605,661993.0,4354.764,2.532988,,,,,,
1780432497.605,662018.0,4354.731,2.532988,,,,,,
1780432497.652,662043.0,4354.645,2.532988,,,,,,
1780432497.653,662068.0,4354.613,2.532988,,,,,,
1780432497.715,662093.0,4354.636,2.532988,,,,,,
1780432497.717,662118.0,4354.679,2.532988,,,,,,
1780432497.779,662143.0,4354.575,2.532988,,,,,,
1780432497.780,662168.0,4354.586,2.532988,,,,,,
1780432497.781,662193.0,4354.578,2.532988,,,,,,
1780432497.843,662218.0,4354.477,2.532988,,,,,,
1780432497.844,662243.0,4354.465,2.532988,,,,,,
1780432497.907,662268.0,4354.543,2.532988,,,,,,
1780432497.909,662293.0,4354.564,2.533113,,,,,,
1780432497.910,662318.0,4354.566,2.533113,,,,,,
1780432497.973,662343.0,4354.497,2.533113,,,,,,
1780432497.975,662368.0,4354.416,2.533113,,,,,,
1780432498.044,662393.0,4354.492,2.532988,,,,,,
1780432498.045,662418.0,4354.5,2.532988,,,,,,
1780432498.046,662443.0,4354.321,2.532988,,,,,,
1780432498.090,662468.0,4354.165,2.532988,,,,,,
1780432498.090,662493.0,4354.125,2.532988,,,,,,
1780432498.157,662518.0,4354.153,2.532988,,,,,,
1780432498.158,662543.0,4354.176,2.532988,,,,,,
1780432498.160,662568.0,4354.125,2.532988,,,,,,
1780432498.219,662593.0,4354.19,2.532988,,,,,,
1780432498.219,662618.0,4354.173,2.533113,,,,,,
1780432498.271,662643.0,4354.104,2.533113,,,,,,
1780432498.272,662668.0,4354.063,2.533113,,,,,,
1780432498.347,662693.0,4354.139,2.533113,,,,,,
1780432498.348,662718.0,4354.095,2.533113,,,,,,
1780432498.350,662743.0,4354.121,2.533238,,,,,,
1780432498.405,662768.0,4354.254,2.533238,,,,,,
1780432498.406,662793.0,4354.266,2.533238,,,,,,
1780432498.406,662818.0,4354.229,2.533238,,,,,,
1780432498.464,662843.0,4354.266,2.533238,,,,,,
1780432498.465,662868.0,4354.162,2.533363,,,,,,
1780432498.541,662893.0,4354.127,2.533363,,,,,,
1780432498.542,662918.0,4354.153,2.533238,,,,,,
1780432498.544,662943.0,4354.211,2.533238,,,,,,
1780432498.604,662968.0,4354.31,2.533238,,,,,,
1780432498.605,662993.0,4354.361,2.533113,,,,,,
1780432498.605,663018.0,4354.358,2.533113,,,,,,
1780432498.652,663043.0,4354.454,2.533113,,,,,,
1780432498.652,663068.0,4354.474,2.533113,,,,,,
1780432498.713,663093.0,4354.595,2.533113,,,,,,
1780432498.714,663118.0,4354.599,2.533113,,,,,,
1780432498.773,663143.0,4354.599,2.533113,,,,,,
1780432498.774,663168.0,4354.564,2.533113,,,,,,
1780432498.844,663193.0,4354.558,2.533113,,,,,,
1780432498.845,663218.0,4354.454,2.533113,,,,,,
1780432498.847,663243.0,4354.468,2.532988,,,,,,
1780432498.903,663268.0,4354.506,2.532988,,,,,,
1780432498.903,663293.0,4354.581,2.533113,,,,,,
1780432498.904,663318.0,4354.385,2.533113,,,,,,
1780432498.971,663343.0,4354.39,2.533113,,,,,,
1780432498.972,663368.0,4354.411,2.532988,,,,,,
1780432499.035,663393.0,4354.462,2.532988,,,,,,
1780432499.036,663418.0,4354.5,2.532988,,,,,,
1780432499.037,663443.0,4354.645,2.533113,,,,,,
1780432499.097,663468.0,4354.63,2.533113,,,,,,
1780432499.099,663493.0,4354.665,2.532988,,,,,,
1780432499.163,663518.0,4354.775,2.532988,,,,,,
1780432499.164,663543.0,4354.709,2.532988,,,,,,
1780432499.166,663568.0,4354.581,2.533113,,,,,,
1780432499.236,663593.0,4354.63,2.533113,,,,,,
1780432499.237,663618.0,4354.622,2.533113,,,,,,
1780432499.237,663643.0,4354.602,2.533113,,,,,,
1780432499.314,663668.0,4354.509,2.533238,,,,,,
1780432499.316,663693.0,4354.65,2.533238,,,,,,
1780432499.316,663718.0,4354.572,2.533238,,,,,,
1780432499.380,663743.0,4354.475,2.533238,,,,,,
1780432499.381,663768.0,4354.445,2.533238,,,,,,
1780432499.382,663793.0,4354.558,2.533238,,,,,,
1780432499.420,663818.0,4354.601,2.533363,,,,,,
1780432499.478,663843.0,4354.642,2.533363,,,,,,
1780432499.479,663868.0,4354.798,2.533363,,,,,,
1780432499.479,663893.0,4354.873,2.533489,,,,,,
1780432499.542,663918.0,4354.87,2.533363,,,,,,
1780432499.543,663943.0,4354.986,2.533363,,,,,,
1780432499.605,663968.0,4354.966,2.533363,,,,,,
1780432499.606,663993.0,4354.894,2.533363,,,,,,
1780432499.607,664018.0,4354.807,2.533363,,,,,,
1780432499.669,664043.0,4354.865,2.533363,,,,,,
1780432499.670,664068.0,4354.848,2.533238,,,,,,
1780432499.722,664093.0,4354.854,2.533238,,,,,,
1780432499.722,664118.0,4354.908,2.533238,,,,,,
1780432499.796,664143.0,4354.717,2.533238,,,,,,
1780432499.798,664168.0,4354.688,2.533238,,,,,,
1780432499.800,664193.0,4354.671,2.533113,,,,,,
1780432499.854,664218.0,4354.758,2.533113,,,,,,
1780432499.855,664243.0,4354.781,2.533113,,,,,,
1780432499.856,664268.0,4354.853,2.533113,,,,,,
1780432499.918,664293.0,4354.974,2.532988,,,,,,
1780432499.920,664318.0,4354.975,2.532988,,,,,,
1780432499.984,664343.0,4355.058,2.532988,,,,,,
1780432499.985,664368.0,4355.139,2.533113,,,,,,
1780432499.986,664393.0,4354.955,2.533113,,,,,,
1780432500.041,664418.0,4354.812,2.533113,,,,,,
1780432500.042,664443.0,4354.723,2.532988,,,,,,
1780432500.103,664468.0,4354.732,2.532988,,,,,,
1780432500.104,664493.0,4354.607,2.533113,,,,,,
1780432500.105,664518.0,4354.533,2.532988,,,,,,
1780432500.159,664543.0,4354.488,2.532988,,,,,,
1780432500.160,664568.0,4354.465,2.532988,,,,,,
1780432500.224,664593.0,4354.457,2.532988,,,,,,
1780432500.225,664618.0,4354.35,2.532988,,,,,,
1780432500.289,664643.0,4354.33,2.532988,,,,,,
1780432500.291,664668.0,4354.324,2.532988,,,,,,
1780432500.292,664693.0,4354.367,2.532988,,,,,,
1780432500.361,664718.0,4354.503,2.532988,,,,,,
1780432500.362,664743.0,4354.442,2.533113,,,,,,
1780432500.363,664768.0,4354.584,2.533113,,,,,,
1780432500.425,664793.0,4354.645,2.533113,,,,,,
1780432500.426,664818.0,4354.639,2.533238,,,,,,
1780432500.485,664843.0,4354.468,2.533238,,,,,,
1780432500.486,664868.0,4354.347,2.533238,,,,,,
1780432500.487,664893.0,4354.341,2.533238,,,,,,
1780432500.537,664918.0,4354.295,2.533238,,,,,,
1780432500.538,664943.0,4354.327,2.533238,,,,,,
1780432500.606,664968.0,4354.269,2.533238,,,,,,
1780432500.607,664993.0,4354.13,2.533113,,,,,,
1780432500.609,665018.0,4354.315,2.533113,,,,,,
1780432500.681,665043.0,4354.289,2.533113,,,,,,
1780432500.683,665068.0,4354.31,2.533238,,,,,,
1780432500.684,665093.0,4354.15,2.533238,,,,,,
1780432500.764,665118.0,4354.304,2.533113,,,,,,
1780432500.766,665143.0,4354.451,2.533113,,,,,,
1780432500.767,665168.0,4354.541,2.533113,,,,,,
1780432500.861,665193.0,4354.546,2.533238,,,,,,
1780432500.863,665218.0,4354.521,2.533238,,,,,,
1780432500.864,665243.0,4354.639,2.533238,,,,,,
1780432500.865,665268.0,4354.616,2.533238,,,,,,
1780432500.946,665293.0,4354.456,2.533238,,,,,,
1780432500.947,665318.0,4354.436,2.533238,,,,,,
1780432500.948,665343.0,4354.346,2.533238,,,,,,
1780432501.028,665368.0,4354.442,2.533113,,,,,,
1780432501.029,665393.0,4354.399,2.533113,,,,,,
1780432501.030,665418.0,4354.396,2.533113,,,,,,
1780432501.031,665443.0,4354.289,2.532988,,,,,,
1780432501.097,665468.0,4354.269,2.532988,,,,,,
1780432501.099,665493.0,4354.324,2.532988,,,,,,
1780432501.180,665518.0,4354.223,2.532988,,,,,,
1780432501.182,665543.0,4354.246,2.532988,,,,,,
1780432501.183,665568.0,4354.234,2.532988,,,,,,
1780432501.184,665593.0,4354.324,2.532988,,,,,,
1780432501.258,665618.0,4354.396,2.532988,,,,,,
1780432501.260,665643.0,4354.411,2.532988,,,,,,
1780432501.261,665668.0,4354.515,2.532988,,,,,,
1780432501.338,665693.0,4354.509,2.532988,,,,,,
1780432501.339,665718.0,4354.651,2.532988,,,,,,
1780432501.340,665743.0,4354.472,2.533113,,,,,,
1780432501.394,665768.0,4354.46,2.533238,,,,,,
1780432501.395,665793.0,4354.304,2.533238,,,,,,
1780432501.470,665818.0,4354.303,2.533113,,,,,,
1780432501.471,665843.0,4354.26,2.533113,,,,,,
1780432501.471,665868.0,4354.19,2.533113,,,,,,
1780432501.517,665893.0,4354.234,2.533113,,,,,,
1780432501.517,665918.0,4354.327,2.533113,,,,,,
1780432501.569,665943.0,4354.226,2.533238,,,,,,
1780432501.569,665968.0,4354.115,2.533238,,,,,,
1780432501.617,665993.0,4354.061,2.533238,,,,,,
1780432501.618,666018.0,4354.115,2.533238,,,,,,
1780432501.674,666043.0,4354.089,2.533363,,,,,,
1780432501.675,666068.0,4354.217,2.533489,,,,,,
1780432501.740,666093.0,4354.231,2.533489,,,,,,
1780432501.741,666118.0,4354.165,2.533614,,,,,,
1780432501.742,666143.0,4354.279,2.533614,,,,,,
1780432501.801,666168.0,4354.208,2.533614,,,,,,
1780432501.803,666193.0,4354.121,2.533614,,,,,,
1780432501.804,666218.0,4354.066,2.533614,,,,,,
1780432501.868,666243.0,4354.144,2.533614,,,,,,
1780432501.869,666268.0,4354.222,2.533614,,,,,,
1780432501.927,666293.0,4354.182,2.533614,,,,,,
1780432501.928,666318.0,4354.153,2.533489,,,,,,
1780432501.928,666343.0,4354.112,2.533489,,,,,,
1780432501.992,666368.0,4354.127,2.533363,,,,,,
1780432501.994,666393.0,4354.011,2.533238,,,,,,
1780432502.055,666418.0,4354.147,2.533363,,,,,,
1780432502.056,666443.0,4354.179,2.533489,,,,,,
1780432502.057,666468.0,4354.219,2.533614,,,,,,
1780432502.118,666493.0,4354.378,2.533614,,,,,,
1780432502.119,666518.0,4354.428,2.533614,,,,,,
1780432502.189,666543.0,4354.457,2.533614,,,,,,
1780432502.189,666568.0,4354.503,2.533489,,,,,,
1780432502.190,666593.0,4354.488,2.533489,,,,,,
1780432502.246,666618.0,4354.494,2.533489,,,,,,
1780432502.247,666643.0,4354.5,2.533489,,,,,,
1780432502.316,666668.0,4354.491,2.533363,,,,,,
1780432502.318,666693.0,4354.561,2.533238,,,,,,
1780432502.319,666718.0,4354.65,2.533238,,,,,,
1780432502.385,666743.0,4354.746,2.533113,,,,,,
1780432502.386,666768.0,4354.67,2.533113,,,,,,
1780432502.388,666793.0,4354.575,2.533113,,,,,,
1780432502.452,666818.0,4354.627,2.533113,,,,,,
1780432502.453,666843.0,4354.688,2.533113,,,,,,
1780432502.455,666868.0,4354.763,2.533113,,,,,,
1780432502.534,666893.0,4354.821,2.533113,,,,,,
1780432502.536,666918.0,4354.853,2.533113,,,,,,
1780432502.537,666943.0,4354.902,2.533113,,,,,,
1780432502.590,666968.0,4354.922,2.533113,,,,,,
1780432502.591,666993.0,4354.91,2.533113,,,,,,
1780432502.634,667018.0,4354.942,2.533113,,,,,,
1780432502.634,667043.0,4354.968,2.532988,,,,,,
1780432502.695,667068.0,4354.919,2.532863,,,,,,
1780432502.698,667093.0,4354.948,2.532738,,,,,,
1780432502.756,667118.0,4354.934,2.532738,,,,,,
1780432502.757,667143.0,4354.839,2.532863,,,,,,
1780432502.759,667168.0,4354.818,2.532863,,,,,,
1780432502.870,667193.0,4354.914,2.532863,,,,,,
1780432502.871,667218.0,4355.004,2.532863,,,,,,
1780432502.873,667243.0,4355.01,2.532863,,,,,,
1780432502.874,667268.0,4354.874,2.532863,,,,,,
1780432502.947,667293.0,4354.902,2.532988,,,,,,
1780432502.949,667318.0,4354.899,2.533113,,,,,,
1780432502.950,667343.0,4354.862,2.533113,,,,,,
1780432503.011,667368.0,4354.937,2.533113,,,,,,
1780432503.013,667393.0,4354.998,2.533238,,,,,,
1780432503.014,667418.0,4355.122,2.533363,,,,,,
1780432503.096,667443.0,4355.012,2.533363,,,,,,
1780432503.097,667468.0,4354.891,2.533363,,,,,,
1780432503.098,667493.0,4354.751,2.533363,,,,,,
1780432503.152,667518.0,4354.528,2.533363,,,,,,
1780432503.153,667543.0,4354.584,2.533363,,,,,,
1780432503.154,667568.0,4354.599,2.533363,,,,,,
1780432503.218,667593.0,4354.645,2.533363,,,,,,
1780432503.219,667618.0,4354.668,2.533363,,,,,,
1780432503.297,667643.0,4354.72,2.533363,,,,,,
1780432503.299,667668.0,4354.553,2.533489,,,,,,
1780432503.301,667693.0,4354.631,2.533489,,,,,,
1780432503.390,667718.0,4354.596,2.533614,,,,,,
1780432503.391,667743.0,4354.619,2.533614,,,,,,
1780432503.392,667768.0,4354.732,2.533489,,,,,,
1780432503.393,667793.0,4354.703,2.533489,,,,,,
1780432503.465,667818.0,4354.677,2.533489,,,,,,
1780432503.466,667843.0,4354.705,2.533489,,,,,,
1780432503.468,667868.0,4354.645,2.533614,,,,,,
1780432503.548,667893.0,4354.714,2.533614,,,,,,
1780432503.550,667918.0,4354.598,2.533489,,,,,,
1780432503.551,667943.0,4354.417,2.533363,,,,,,
1780432503.553,667968.0,4354.419,2.533363,,,,,,
1780432503.634,667993.0,4354.408,2.533363,,,,,,
1780432503.635,668018.0,4354.318,2.533238,,,,,,
1780432503.637,668043.0,4354.309,2.533238,,,,,,
1780432503.709,668068.0,4354.353,2.533238,,,,,,
1780432503.709,668093.0,4354.37,2.533238,,,,,,
1780432503.710,668118.0,4354.381,2.533238,,,,,,
1780432503.755,668143.0,4354.479,2.533238,,,,,,
1780432503.757,668168.0,4354.419,2.533363,,,,,,
1780432503.819,668193.0,4354.497,2.533363,,,,,,
1780432503.820,668218.0,4354.477,2.533363,,,,,,
1780432503.897,668243.0,4354.491,2.533489,,,,,,
1780432503.899,668268.0,4354.433,2.533489,,,,,,
1780432503.901,668293.0,4354.488,2.533363,,,,,,
1780432503.953,668318.0,4354.439,2.533363,,,,,,
1780432503.953,668343.0,4354.399,2.533363,,,,,,
1780432503.954,668368.0,4354.294,2.533363,,,,,,
1780432504.009,668393.0,4354.24,2.533363,,,,,,
1780432504.011,668418.0,4354.303,2.533489,,,,,,
1780432504.095,668443.0,4354.297,2.533489,,,,,,
1780432504.096,668468.0,4354.286,2.533489,,,,,,
1780432504.097,668493.0,4354.379,2.533363,,,,,,
1780432504.174,668518.0,4354.341,2.533363,,,,,,
1780432504.176,668543.0,4354.361,2.533363,,,,,,
1780432504.177,668568.0,4354.436,2.533363,,,,,,
1780432504.178,668593.0,4354.43,2.533489,,,,,,
1780432504.264,668618.0,4354.384,2.533489,,,,,,
1780432504.266,668643.0,4354.448,2.533489,,,,,,
1780432504.267,668668.0,4354.497,2.533363,,,,,,
1780432504.326,668693.0,4354.578,2.533363,,,,,,
1780432504.327,668718.0,4354.639,2.533363,,,,,,
1780432504.328,668743.0,4354.601,2.533363,,,,,,
1780432504.404,668768.0,4354.61,2.533363,,,,,,
1780432504.405,668793.0,4354.518,2.533238,,,,,,
1780432504.406,668818.0,4354.419,2.533238,,,,,,
1780432504.474,668843.0,4354.375,2.533238,,,,,,
1780432504.475,668868.0,4354.465,2.533113,,,,,,
1780432504.566,668893.0,4354.506,2.533113,,,,,,
1780432504.568,668918.0,4354.564,2.533113,,,,,,
1780432504.569,668943.0,4354.525,2.533113,,,,,,
1780432504.570,668968.0,4354.564,2.532988,,,,,,
1780432504.635,668993.0,4354.523,2.532988,,,,,,
1780432504.636,669018.0,4354.419,2.533113,,,,,,
1780432504.638,669043.0,4354.271,2.532988,,,,,,
1780432504.693,669068.0,4354.213,2.533113,,,,,,
1780432504.694,669093.0,4354.199,2.533113,,,,,,
1780432504.772,669118.0,4354.185,2.533113,,,,,,
1780432504.774,669143.0,4354.248,2.533113,,,,,,
1780432504.776,669168.0,4354.254,2.533113,,,,,,
1780432504.834,669193.0,4354.269,2.533113,,,,,,
1780432504.836,669218.0,4354.239,2.532988,,,,,,
1780432504.837,669243.0,4354.112,2.532988,,,,,,
1780432504.900,669268.0,4354.115,2.532988,,,,,,
1780432504.901,669293.0,4354.124,2.532988,,,,,,
1780432504.951,669318.0,4354.122,2.533113,,,,,,
1780432504.951,669343.0,4354.121,2.533113,,,,,,
1780432504.952,669368.0,4354.104,2.533113,,,,,,
1780432505.007,669393.0,4354.032,2.533113,,,,,,
1780432505.008,669418.0,4354.061,2.533113,,,,,,
1780432505.091,669443.0,4354.046,2.533113,,,,,,
1780432505.093,669468.0,4353.939,2.533113,,,,,,
1780432505.094,669493.0,4353.777,2.533113,,,,,,
1780432505.172,669518.0,4353.794,2.533113,,,,,,
1780432505.173,669543.0,4353.786,2.533113,,,,,,
1780432505.173,669568.0,4353.838,2.533113,,,,,,
1780432505.218,669593.0,4353.849,2.533113,,,,,,
1780432505.218,669618.0,4353.945,2.533113,,,,,,
1780432505.268,669643.0,4353.881,2.532988,,,,,,
1780432505.268,669668.0,4353.872,2.532988,,,,,,
1780432505.369,669693.0,4353.837,2.532863,,,,,,
1780432505.370,669718.0,4353.881,2.532988,,,,,,
1780432505.372,669743.0,4353.869,2.532988,,,,,,
1780432505.373,669768.0,4353.919,2.532988,,,,,,
1780432505.454,669793.0,4353.991,2.532988,,,,,,
1780432505.455,669818.0,4353.965,2.532988,,,,,,
1780432505.457,669843.0,4353.982,2.532988,,,,,,
1780432505.458,669868.0,4354.037,2.532988,,,,,,
1780432505.536,669893.0,4353.913,2.532988,,,,,,
1780432505.537,669918.0,4353.786,2.532988,,,,,,
1780432505.539,669943.0,4353.664,2.532863,,,,,,
1780432505.604,669968.0,4353.682,2.532863,,,,,,
1780432505.604,669993.0,4353.682,2.532863,,,,,,
1780432505.605,670018.0,4353.777,2.532863,,,,,,
1780432505.667,670043.0,4353.832,2.532863,,,,,,
1780432505.669,670068.0,4353.919,2.532988,,,,,,
1780432505.749,670093.0,4353.947,2.532988,,,,,,
1780432505.750,670118.0,4354.078,2.532988,,,,,,
1780432505.750,670143.0,4354.003,2.532988,,,,,,
1780432505.801,670168.0,4353.997,2.532988,,,,,,
1780432505.801,670193.0,4353.921,2.532988,,,,,,
1780432505.802,670218.0,4353.904,2.532988,,,,,,
1780432505.848,670243.0,4353.8,2.533113,,,,,,
1780432505.893,670268.0,4353.91,2.533113,,,,,,
1780432505.893,670293.0,4353.942,2.533113,,,,,,
1780432505.957,670318.0,4353.994,2.533238,,,,,,
1780432505.959,670343.0,4353.884,2.533113,,,,,,
1780432505.960,670368.0,4353.849,2.533238,,,,,,
1780432506.021,670393.0,4353.641,2.533238,,,,,,
1780432506.021,670418.0,4353.71,2.533238,,,,,,
1780432506.084,670443.0,4353.797,2.533238,,,,,,
1780432506.085,670468.0,4353.861,2.533238,,,,,,
1780432506.085,670493.0,4353.909,2.533238,,,,,,
1780432506.147,670518.0,4354.011,2.533238,,,,,,
1780432506.148,670543.0,4354.138,2.533238,,,,,,
1780432506.211,670568.0,4354.155,2.533238,,,,,,
1780432506.212,670593.0,4354.065,2.533363,,,,,,
1780432506.213,670618.0,4354.1,2.533489,,,,,,
1780432506.276,670643.0,4354.08,2.533489,,,,,,
1780432506.277,670668.0,4354.109,2.533489,,,,,,
1780432506.279,670693.0,4353.996,2.533363,,,,,,
1780432506.339,670718.0,4354.132,2.533363,,,,,,
1780432506.339,670743.0,4353.956,2.533363,,,,,,
1780432506.403,670768.0,4353.921,2.533363,,,,,,
1780432506.403,670793.0,4353.852,2.533363,,,,,,
1780432506.404,670818.0,4353.84,2.533363,,,,,,
1780432506.465,670843.0,4353.941,2.533363,,,,,,
1780432506.466,670868.0,4354.04,2.533238,,,,,,
1780432506.529,670893.0,4354.153,2.533238,,,,,,
1780432506.531,670918.0,4354.292,2.533238,,,,,,
1780432506.532,670943.0,4354.291,2.533113,,,,,,
1780432506.592,670968.0,4354.41,2.533113,,,,,,
1780432506.593,670993.0,4354.369,2.532988,,,,,,
1780432506.657,671018.0,4354.485,2.533113,,,,,,
1780432506.659,671043.0,4354.439,2.533238,,,,,,
1780432506.660,671068.0,4354.494,2.533238,,,,,,
1780432506.741,671093.0,4354.465,2.533238,,,,,,
1780432506.742,671118.0,4354.482,2.533238,,,,,,
1780432506.743,671143.0,4354.433,2.533238,,,,,,
1780432506.811,671168.0,4354.309,2.533238,,,,,,
1780432506.813,671193.0,4354.358,2.533238,,,,,,
1780432506.814,671218.0,4354.332,2.533113,,,,,,
1780432506.883,671243.0,4354.274,2.533113,,,,,,
1780432506.884,671268.0,4354.363,2.533238,,,,,,
1780432506.884,671293.0,4354.364,2.533238,,,,,,
1780432506.931,671318.0,4354.428,2.533238,,,,,,
1780432506.932,671343.0,4354.477,2.533238,,,,,,
1780432506.974,671368.0,4354.673,2.533238,,,,,,
1780432507.039,671393.0,4354.812,2.533363,,,,,,
1780432507.040,671418.0,4354.804,2.533363,,,,,,
1780432507.041,671443.0,4354.848,2.533363,,,,,,
1780432507.115,671468.0,4354.763,2.533363,,,,,,
1780432507.115,671493.0,4354.74,2.533363,,,,,,
1780432507.116,671518.0,4354.673,2.533363,,,,,,
1780432507.193,671543.0,4354.584,2.533363,,,,,,
1780432507.194,671568.0,4354.561,2.533363,,,,,,
1780432507.194,671593.0,4354.509,2.533363,,,,,,
1780432507.233,671618.0,4354.612,2.533363,,,,,,
1780432507.234,671643.0,4354.558,2.533238,,,,,,
1780432507.294,671668.0,4354.396,2.533113,,,,,,
1780432507.295,671693.0,4354.332,2.533113,,,,,,
1780432507.359,671718.0,4354.239,2.533113,,,,,,
1780432507.361,671743.0,4354.361,2.533113,,,,,,
1780432507.362,671768.0,4354.399,2.533113,,,,,,
1780432507.421,671793.0,4354.523,2.533113,,,,,,
1780432507.422,671818.0,4354.562,2.533113,,,,,,
1780432507.485,671843.0,4354.619,2.533238,,,,,,
1780432507.487,671868.0,4354.712,2.533113,,,,,,
1780432507.488,671893.0,4354.584,2.532988,,,,,,
1780432507.543,671918.0,4354.48,2.532988,,,,,,
1780432507.544,671943.0,4354.443,2.532988,,,,,,
1780432507.602,671968.0,4354.434,2.533113,,,,,,
1780432507.602,671993.0,4354.373,2.533238,,,,,,
1780432507.603,672018.0,4354.324,2.533113,,,,,,
1780432507.660,672043.0,4354.448,2.533113,,,,,,
1780432507.662,672068.0,4354.416,2.533238,,,,,,
1780432507.723,672093.0,4354.419,2.533238,,,,,,
1780432507.724,672118.0,4354.254,2.533238,,,,,,
1780432507.791,672143.0,4354.266,2.533238,,,,,,
1780432507.792,672168.0,4354.22,2.533238,,,,,,
1780432507.793,672193.0,4354.303,2.533363,,,,,,
1780432507.849,672218.0,4354.37,2.533363,,,,,,
1780432507.850,672243.0,4354.35,2.533363,,,,,,
1780432507.917,672268.0,4354.424,2.533363,,,,,,
1780432507.918,672293.0,4354.491,2.533363,,,,,,
1780432507.919,672318.0,4354.407,2.533363,,,,,,
1780432507.995,672343.0,4354.421,2.533363,,,,,,
1780432507.996,672368.0,4354.242,2.533363,,,,,,
1780432507.996,672393.0,4354.21,2.533363,,,,,,
1780432508.048,672418.0,4354.161,2.533363,,,,,,
1780432508.048,672443.0,4354.141,2.533363,,,,,,
1780432508.106,672468.0,4354.051,2.533238,,,,,,
1780432508.107,672493.0,4354.054,2.533238,,,,,,
1780432508.108,672518.0,4354.008,2.533238,,,,,,
1780432508.186,672543.0,4354.04,2.533238,,,,,,
1780432508.187,672568.0,4354.08,2.533238,,,,,,
1780432508.188,672593.0,4354.002,2.533113,,,,,,
1780432508.243,672618.0,4354.13,2.532988,,,,,,
1780432508.243,672643.0,4354.147,2.532988,,,,,,
1780432508.296,672668.0,4354.115,2.532988,,,,,,
1780432508.297,672693.0,4354.159,2.532863,,,,,,
1780432508.375,672718.0,4354.13,2.532863,,,,,,
1780432508.376,672743.0,4354.318,2.532863,,,,,,
1780432508.377,672768.0,4354.251,2.532863,,,,,,
1780432508.379,672793.0,4354.259,2.532863,,,,,,
1780432508.433,672818.0,4354.257,2.532738,,,,,,
1780432508.434,672843.0,4354.271,2.532738,,,,,,
1780432508.534,672868.0,4354.248,2.532863,,,,,,
1780432508.535,672893.0,4354.208,2.532863,,,,,,
1780432508.536,672918.0,4354.309,2.532863,,,,,,
1780432508.536,672943.0,4354.43,2.532863,,,,,,
1780432508.615,672968.0,4354.5,2.532863,,,,,,
1780432508.617,672993.0,4354.474,2.532863,,,,,,
1780432508.618,673018.0,4354.474,2.532988,,,,,,
1780432508.685,673043.0,4354.355,2.532988,,,,,,
1780432508.686,673068.0,4354.442,2.532988,,,,,,
1780432508.687,673093.0,4354.512,2.532988,,,,,,
1780432508.742,673118.0,4354.468,2.533113,,,,,,
1780432508.743,673143.0,4354.503,2.533113,,,,,,
1780432508.805,673168.0,4354.604,2.533238,,,,,,
1780432508.807,673193.0,4354.604,2.533363,,,,,,
1780432508.808,673218.0,4354.645,2.533489,,,,,,
1780432508.868,673243.0,4354.538,2.533489,,,,,,
1780432508.869,673268.0,4354.396,2.533489,,,,,,
1780432508.932,673293.0,4354.512,2.533614,,,,,,
1780432508.934,673318.0,4354.586,2.533739,,,,,,
1780432508.935,673343.0,4354.589,2.533739,,,,,,
1780432508.999,673368.0,4354.633,2.533739,,,,,,
1780432509.000,673393.0,4354.686,2.533739,,,,,,
1780432509.056,673418.0,4354.714,2.533739,,,,,,
1780432509.056,673443.0,4354.674,2.533739,,,,,,
1780432509.057,673468.0,4354.457,2.533864,,,,,,
1780432509.120,673493.0,4354.475,2.533739,,,,,,
1780432509.121,673518.0,4354.627,2.533739,,,,,,
1780432509.192,673543.0,4354.65,2.533739,,,,,,
1780432509.193,673568.0,4354.653,2.533739,,,,,,
1780432509.193,673593.0,4354.743,2.533739,,,,,,
1780432509.250,673618.0,4354.824,2.533739,,,,,,
1780432509.251,673643.0,4354.815,2.533739,,,,,,
1780432509.252,673668.0,4354.885,2.533739,,,,,,
1780432509.324,673693.0,4354.821,2.533739,,,,,,
1780432509.326,673718.0,4354.824,2.533739,,,,,,
1780432509.383,673743.0,4354.894,2.533614,,,,,,
1780432509.384,673768.0,4354.951,2.533614,,,,,,
1780432509.384,673793.0,4354.899,2.533489,,,,,,
1780432509.450,673818.0,4354.83,2.533363,,,,,,
1780432509.451,673843.0,4354.775,2.533238,,,,,,
1780432509.453,673868.0,4354.766,2.533238,,,,,,
1780432509.517,673893.0,4354.74,2.533238,,,,,,
1780432509.519,673918.0,4354.579,2.533238,,,,,,
1780432509.581,673943.0,4354.466,2.533113,,,,,,
1780432509.582,673968.0,4354.561,2.533238,,,,,,
1780432509.583,673993.0,4354.529,2.533238,,,,,,
1780432509.647,674018.0,4354.525,2.533238,,,,,,
1780432509.648,674043.0,4354.599,2.533238,,,,,,
1780432509.741,674068.0,4354.523,2.533238,,,,,,
1780432509.742,674093.0,4354.632,2.533113,,,,,,
1780432509.742,674118.0,4354.538,2.533113,,,,,,
1780432509.743,674143.0,4354.434,2.533238,,,,,,
1780432509.804,674168.0,4354.369,2.533238,,,,,,
1780432509.805,674193.0,4354.384,2.533238,,,,,,
1780432509.806,674218.0,4354.398,2.533238,,,,,,
1780432509.867,674243.0,4354.422,2.533238,,,,,,
1780432509.867,674268.0,4354.457,2.533113,,,,,,
1780432509.931,674293.0,4354.462,2.533113,,,,,,
1780432509.932,674318.0,4354.472,2.533113,,,,,,
1780432509.933,674343.0,4354.384,2.533113,,,,,,
1780432509.995,674368.0,4354.37,2.533113,,,,,,
1780432509.996,674393.0,4354.414,2.533238,,,,,,
1780432510.076,674418.0,4354.494,2.533238,,,,,,
1780432510.078,674443.0,4354.593,2.533238,,,,,,
1780432510.079,674468.0,4354.587,2.533238,,,,,,
1780432510.081,674493.0,4354.625,2.533238,,,,,,
1780432510.159,674518.0,4354.752,2.533238,,,,,,
1780432510.161,674543.0,4354.757,2.533238,,,,,,
1780432510.163,674568.0,4354.795,2.533238,,,,,,
1780432510.249,674593.0,4354.61,2.533113,,,,,,
1780432510.251,674618.0,4354.659,2.533113,,,,,,
1780432510.252,674643.0,4354.703,2.533113,,,,,,
1780432510.253,674668.0,4354.616,2.533113,,,,,,
1780432510.319,674693.0,4354.541,2.533113,,,,,,
1780432510.319,674718.0,4354.688,2.533113,,,,,,
1780432510.386,674743.0,4354.737,2.533113,,,,,,
1780432510.388,674768.0,4354.686,2.533113,,,,,,
1780432510.389,674793.0,4354.599,2.533113,,,,,,
1780432510.476,674818.0,4354.477,2.533113,,,,,,
1780432510.477,674843.0,4354.408,2.533113,,,,,,
1780432510.478,674868.0,4354.486,2.533113,,,,,,
1780432510.479,674893.0,4354.465,2.533113,,,,,,
1780432510.551,674918.0,4354.488,2.533238,,,,,,
1780432510.552,674943.0,4354.396,2.533238,,,,,,
1780432510.554,674968.0,4354.424,2.533238,,,,,,
1780432510.618,674993.0,4354.378,2.533238,,,,,,
1780432510.619,675018.0,4354.277,2.533238,,,,,,
1780432510.683,675043.0,4354.144,2.533238,,,,,,
1780432510.683,675068.0,4354.193,2.533363,,,,,,
1780432510.684,675093.0,4354.246,2.533363,,,,,,
1780432510.740,675118.0,4354.199,2.533363,,,,,,
1780432510.741,675143.0,4354.115,2.533363,,,,,,
1780432510.800,675168.0,4354.139,2.533238,,,,,,
1780432510.802,675193.0,4354.142,2.533238,,,,,,
1780432510.803,675218.0,4354.263,2.533238,,,,,,
1780432510.866,675243.0,4354.118,2.533238,,,,,,
1780432510.868,675268.0,4354.028,2.533238,,,,,,
1780432510.944,675293.0,4354.109,2.533238,,,,,,
1780432510.945,675318.0,4354.236,2.533363,,,,,,
1780432510.946,675343.0,4354.132,2.533363,,,,,,
1780432510.993,675368.0,4354.097,2.533363,,,,,,
1780432510.993,675393.0,4354.106,2.533238,,,,,,
1780432511.064,675418.0,4354.048,2.533238,,,,,,
1780432511.065,675443.0,4354.04,2.533238,,,,,,
1780432511.065,675468.0,4353.907,2.533238,,,,,,
1780432511.116,675493.0,4353.846,2.533238,,,,,,
1780432511.117,675518.0,4353.985,2.533238,,,,,,
1780432511.184,675543.0,4354.058,2.533113,,,,,,
1780432511.185,675568.0,4354.17,2.533113,,,,,,
1780432511.186,675593.0,4354.222,2.533113,,,,,,
1780432511.266,675618.0,4354.219,2.533113,,,,,,
1780432511.268,675643.0,4354.231,2.532988,,,,,,
1780432511.269,675668.0,4354.225,2.533113,,,,,,
1780432511.369,675693.0,4354.022,2.532988,,,,,,
1780432511.369,675718.0,4354.054,2.532988,,,,,,
1780432511.370,675743.0,4354.118,2.533113,,,,,,
1780432511.371,675768.0,4354.152,2.533113,,,,,,
1780432511.455,675793.0,4354.178,2.533113,,,,,,
1780432511.456,675818.0,4354.161,2.533113,,,,,,
1780432511.458,675843.0,4354.144,2.533238,,,,,,
1780432511.458,675868.0,4354.112,2.533238,,,,,,
1780432511.501,675893.0,4354.1,2.533238,,,,,,
1780432511.503,675918.0,4354.051,2.533238,,,,,,
1780432511.565,675943.0,4354.08,2.533113,,,,,,
1780432511.565,675968.0,4354.083,2.533113,,,,,,
1780432511.623,675993.0,4354.144,2.533113,,,,,,
1780432511.624,676018.0,4354.165,2.533113,,,,,,
1780432511.699,676043.0,4354.231,2.533113,,,,,,
1780432511.701,676068.0,4354.266,2.533113,,,,,,
1780432511.702,676093.0,4354.312,2.533113,,,,,,
1780432511.703,676118.0,4354.231,2.533113,,,,,,
1780432511.768,676143.0,4354.063,2.533113,,,,,,
1780432511.770,676168.0,4354.008,2.533113,,,,,,
1780432511.915,676193.0,4353.918,2.533113,,,,,,
1780432511.915,676218.0,4353.965,2.533113,,,,,,
1780432511.916,676243.0,4353.97,2.533113,,,,,,
1780432511.916,676268.0,4354.0,2.533113,,,,,,
1780432511.917,676293.0,4354.051,2.532988,,,,,,
1780432511.917,676318.0,4353.93,2.533113,,,,,,
1780432511.991,676343.0,4353.794,2.533113,,,,,,
1780432511.992,676368.0,4353.685,2.532988,,,,,,
1780432511.993,676393.0,4353.687,2.533113,,,,,,
1780432512.055,676418.0,4353.702,2.533113,,,,,,
1780432512.057,676443.0,4353.693,2.533113,,,,,,
1780432512.058,676468.0,4353.681,2.533113,,,,,,
1780432512.118,676493.0,4353.699,2.533113,,,,,,
1780432512.119,676518.0,4353.678,2.533113,,,,,,
1780432512.184,676543.0,4353.605,2.533113,,,,,,
1780432512.185,676568.0,4353.479,2.533113,,,,,,
1780432512.187,676593.0,4353.467,2.533113,,,,,,
1780432512.263,676618.0,4353.493,2.533113,,,,,,
1780432512.264,676643.0,4353.539,2.533113,,,,,,
1780432512.264,676668.0,4353.467,2.533113,,,,,,
1780432512.322,676693.0,4353.554,2.533113,,,,,,
1780432512.323,676718.0,4353.6,2.533113,,,,,,
1780432512.372,676743.0,4353.673,2.533113,,,,,,
1780432512.373,676768.0,4353.638,2.533113,,,,,,
1780432512.438,676793.0,4353.714,2.533113,,,,,,
1780432512.439,676818.0,4353.728,2.533113,,,,,,
1780432512.440,676843.0,4353.624,2.533113,,,,,,
1780432512.499,676868.0,4353.676,2.533113,,,,,,
1780432512.500,676893.0,4353.673,2.533113,,,,,,
1780432512.567,676918.0,4353.58,2.533113,,,,,,
1780432512.569,676943.0,4353.713,2.532988,,,,,,
1780432512.570,676968.0,4353.789,2.532988,,,,,,
1780432512.637,676993.0,4353.797,2.532988,,,,,,
1780432512.638,677018.0,4353.678,2.532988,,,,,,
1780432512.640,677043.0,4353.713,2.532988,,,,,,
1780432512.703,677068.0,4353.776,2.532988,,,,,,
1780432512.703,677093.0,4353.889,2.532863,,,,,,
1780432512.703,677118.0,4353.832,2.532863,,,,,,
1780432512.749,677143.0,4353.951,2.532863,,,,,,
1780432512.799,677168.0,4354.032,2.532863,,,,,,
1780432512.800,677193.0,4354.133,2.532863,,,,,,
1780432512.878,677218.0,4354.208,2.532863,,,,,,
1780432512.880,677243.0,4354.147,2.532863,,,,,,
1780432512.881,677268.0,4354.095,2.532863,,,,,,
1780432512.883,677293.0,4354.213,2.532863,,,,,,
1780432512.960,677318.0,4354.15,2.532863,,,,,,
1780432512.960,677343.0,4354.089,2.532863,,,,,,
1780432512.961,677368.0,4353.962,2.532988,,,,,,
1780432513.023,677393.0,4354.109,2.532988,,,,,,
1780432513.024,677418.0,4353.982,2.532988,,,,,,
1780432513.098,677443.0,4353.951,2.532988,,,,,,
1780432513.100,677468.0,4354.038,2.532988,,,,,,
1780432513.101,677493.0,4354.075,2.532988,,,,,,
1780432513.156,677518.0,4354.081,2.532988,,,,,,
1780432513.157,677543.0,4354.136,2.532988,,,,,,
1780432513.157,677568.0,4354.24,2.532988,,,,,,
1780432513.200,677593.0,4354.266,2.532988,,,,,,
1780432513.268,677618.0,4354.315,2.532988,,,,,,
1780432513.268,677643.0,4354.457,2.532988,,,,,,
1780432513.269,677668.0,4354.344,2.532988,,,,,,
1780432513.325,677693.0,4354.268,2.533113,,,,,,
1780432513.326,677718.0,4354.147,2.533113,,,,,,
1780432513.327,677743.0,4354.334,2.533113,,,,,,
1780432513.385,677768.0,4354.225,2.533113,,,,,,
1780432513.387,677793.0,4354.19,2.533113,,,,,,
1780432513.461,677818.0,4354.124,2.533113,,,,,,
1780432513.463,677843.0,4353.933,2.533113,,,,,,
1780432513.464,677868.0,4353.887,2.533113,,,,,,
1780432513.516,677893.0,4353.864,2.533113,,,,,,
1780432513.517,677918.0,4353.809,2.533238,,,,,,
1780432513.581,677943.0,4353.861,2.533238,,,,,,
1780432513.582,677968.0,4353.986,2.533238,,,,,,
1780432513.582,677993.0,4354.147,2.533113,,,,,,
1780432513.643,678018.0,4354.147,2.533113,,,,,,
1780432513.645,678043.0,4354.167,2.533113,,,,,,
1780432513.731,678068.0,4354.277,2.533113,,,,,,
1780432513.732,678093.0,4354.118,2.533113,,,,,,
1780432513.733,678118.0,4354.051,2.533113,,,,,,
1780432513.734,678143.0,4353.953,2.533113,,,,,,
1780432513.789,678168.0,4354.031,2.533113,,,,,,
1780432513.790,678193.0,4354.045,2.533113,,,,,,
1780432513.865,678218.0,4353.968,2.533113,,,,,,
1780432513.866,678243.0,4353.892,2.533113,,,,,,
1780432513.867,678268.0,4353.832,2.532988,,,,,,
1780432513.922,678293.0,4353.861,2.532988,,,,,,
1780432513.923,678318.0,4353.875,2.532863,,,,,,
1780432513.991,678343.0,4353.844,2.532863,,,,,,
1780432513.993,678368.0,4353.829,2.532863,,,,,,
1780432513.994,678393.0,4353.962,2.532863,,,,,,
1780432514.089,678418.0,4354.11,2.532863,,,,,,
1780432514.090,678443.0,4354.049,2.532863,,,,,,
1780432514.092,678468.0,4354.214,2.532863,,,,,,
1780432514.093,678493.0,4354.297,2.532863,,,,,,
1780432514.171,678518.0,4354.335,2.532988,,,,,,
1780432514.173,678543.0,4354.416,2.532863,,,,,,
1780432514.174,678568.0,4354.275,2.532863,,,,,,
1780432514.248,678593.0,4354.231,2.532863,,,,,,
1780432514.249,678618.0,4354.147,2.532863,,,,,,
1780432514.250,678643.0,4354.069,2.532863,,,,,,
1780432514.317,678668.0,4354.086,2.532863,,,,,,
1780432514.318,678693.0,4354.052,2.532988,,,,,,
1780432514.318,678718.0,4354.205,2.532988,,,,,,
1780432514.406,678743.0,4354.158,2.533113,,,,,,
1780432514.407,678768.0,4354.242,2.533113,,,,,,
1780432514.408,678793.0,4354.115,2.533238,,,,,,
1780432514.410,678818.0,4354.147,2.533238,,,,,,
1780432514.485,678843.0,4354.263,2.533238,,,,,,
1780432514.486,678868.0,4354.375,2.533238,,,,,,
1780432514.486,678893.0,4354.465,2.533238,,,,,,
1780432514.556,678918.0,4354.471,2.533238,,,,,,
1780432514.558,678943.0,4354.514,2.533238,,,,,,
1780432514.559,678968.0,4354.532,2.533238,,,,,,
1780432514.632,678993.0,4354.358,2.533238,,,,,,
1780432514.633,679018.0,4354.217,2.533238,,,,,,
1780432514.635,679043.0,4354.159,2.533238,,,,,,
1780432514.725,679068.0,4354.327,2.533238,,,,,,
1780432514.727,679093.0,4354.246,2.533363,,,,,,
1780432514.729,679118.0,4354.306,2.533363,,,,,,
1780432514.730,679143.0,4354.199,2.533238,,,,,,
1780432514.799,679168.0,4354.116,2.533238,,,,,,
1780432514.800,679193.0,4354.055,2.533238,,,,,,
1780432514.873,679218.0,4353.87,2.533363,,,,,,
1780432514.874,679243.0,4353.846,2.533363,,,,,,
1780432514.875,679268.0,4353.916,2.533363,,,,,,
1780432514.934,679293.0,4354.0,2.533489,,,,,,
1780432514.936,679318.0,4353.983,2.533363,,,,,,
1780432514.937,679343.0,4353.91,2.533363,,,,,,
1780432515.024,679368.0,4353.971,2.533238,,,,,,
1780432515.026,679393.0,4353.928,2.533363,,,,,,
1780432515.029,679418.0,4353.939,2.533238,,,,,,
1780432515.030,679443.0,4353.812,2.533238,,,,,,
1780432515.097,679468.0,4353.8,2.533238,,,,,,
1780432515.097,679493.0,4353.71,2.533238,,,,,,
1780432515.166,679518.0,4353.685,2.533238,,,,,,
1780432515.167,679543.0,4353.652,2.533238,,,,,,
1780432515.168,679568.0,4353.592,2.533238,,,,,,
1780436460.590,4625017.0,4492.281,2.591357,,,,,status,l_h=11.800000 c_f=220.000000 q=25.000000
1780436460.592,4625042.0,4492.191,2.591231,,,,,,
1780436460.593,4625067.0,4492.198,2.591231,,,,,,
1780436460.670,4625092.0,4492.253,2.591231,,,,,,
1780436460.671,4625117.0,4492.25,2.591104,,,,,,
1780436460.673,4625142.0,4492.41,2.591104,,,,,,
1780436460.755,4625167.0,4492.299,2.591231,,,,,,
1780436460.757,4625192.0,4492.207,2.59123,,,,,,
1780436460.759,4625217.0,4492.139,2.59123,,,,,,
1780436460.760,4625242.0,4492.158,2.591357,,,,,,
1780436460.836,4625267.0,4492.071,2.591231,,,,,,
1780436460.837,4625292.0,4492.104,2.59123,,,,,,
1780436460.839,4625317.0,4492.191,2.591231,,,,,,
1780436460.924,4625342.0,4492.247,2.591104,,,,,,
1780436460.926,4625367.0,4492.207,2.591231,,,,,,
1780436460.927,4625392.0,4492.099,2.591231,,,,,,
1780436461.006,4625417.0,4492.075,2.591105,,,,,,
1780436461.008,4625442.0,4492.041,2.591231,,,,,,
1780436461.009,4625467.0,4491.939,2.591231,,,,,,
1780436461.010,4625492.0,4491.936,2.591104,,,,,,
1780436461.090,4625517.0,4492.099,2.590978,,,,,,
1780436461.091,4625542.0,4492.081,2.591104,,,,,,
1780436461.092,4625567.0,4492.127,2.591104,,,,,,
1780436461.157,4625592.0,4492.111,2.591104,,,,,,
1780436461.158,4625617.0,4492.096,2.590978,,,,,,
1780436461.158,4625642.0,4492.133,2.591104,,,,,,
1780436461.222,4625667.0,4492.191,2.591104,,,,,,
1780436461.224,4625692.0,4492.207,2.591104,,,,,,
1780436461.291,4625717.0,4492.241,2.591104,,,,,,
1780436461.292,4625742.0,4492.318,2.591231,,,,,,
1780436461.292,4625767.0,4492.275,2.591231,,,,,,
1780436461.372,4625792.0,4492.367,2.591231,,,,,,
1780436461.373,4625817.0,4492.466,2.591231,,,,,,
1780436461.373,4625842.0,4492.531,2.591231,,,,,,
1780436461.439,4625867.0,4492.564,2.591104,,,,,,
1780436461.441,4625892.0,4492.556,2.591231,,,,,,
1780436461.442,4625917.0,4492.518,2.591231,,,,,,
1780436461.556,4625942.0,4492.422,2.591231,,,,,,
1780436461.557,4625967.0,4492.349,2.591231,,,,,,
1780436461.558,4625992.0,4492.438,2.591231,,,,,,
1780436461.560,4626017.0,4492.546,2.591231,,,,,,
1780436461.561,4626042.0,4492.585,2.591357,,,,,,
1780436461.657,4626067.0,4492.657,2.591357,,,,,,
1780436461.659,4626092.0,4492.792,2.591231,,,,,,
1780436461.660,4626117.0,4492.792,2.591231,,,,,,
1780436461.661,4626142.0,4492.733,2.591357,,,,,,
1780436461.765,4626167.0,4492.693,2.591357,,,,,,
1780436461.766,4626192.0,4492.616,2.591357,,,,,,
1780436461.771,4626217.0,4492.616,2.591357,,,,,,
1780436461.773,4626242.0,4492.638,2.591484,,,,,,
1780436461.872,4626267.0,4492.631,2.591357,,,,,,
1780436461.873,4626292.0,4492.754,2.591484,,,,,,
1780436461.875,4626317.0,4492.825,2.59161,,,,,,
1780436461.876,4626342.0,4492.815,2.59161,,,,,,
1780436461.970,4626367.0,4492.646,2.59161,,,,,,
1780436461.971,4626392.0,4492.558,2.59161,,,,,,
1780436461.971,4626417.0,4492.524,2.59161,,,,,,
1780436461.972,4626442.0,4492.484,2.591484,,,,,,
1780436462.040,4626467.0,4492.287,2.591484,,,,,,
1780436462.041,4626492.0,4492.286,2.591484,,,,,,
1780436462.042,4626517.0,4492.271,2.591484,,,,,,
1780436462.104,4626542.0,4492.191,2.591484,,,,,,
1780436462.106,4626567.0,4492.243,2.591357,,,,,,
1780436462.188,4626592.0,4492.237,2.591357,,,,,,
1780436462.189,4626617.0,4492.172,2.591357,,,,,,
1780436462.190,4626642.0,4491.966,2.591357,,,,,,
1780436462.191,4626667.0,4491.941,2.591357,,,,,,
1780436462.221,4626692.0,4491.791,2.591357,,,,,,
1780436462.245,4626717.0,4491.609,2.591483,,,,,,
1780436462.269,4626742.0,4491.628,2.59161,,,,,,
1780436462.293,4626767.0,4491.548,2.591483,,,,,,
1780436462.317,4626792.0,4491.619,2.591357,,,,,,
1780436462.341,4626817.0,4491.702,2.591357,,,,,,
1780436462.365,4626842.0,4491.729,2.591231,,,,,,
1780436462.389,4626867.0,4491.662,2.591231,,,,,,
1780436462.412,4626892.0,4491.634,2.591357,,,,,,
1780436462.446,4626917.0,4491.616,2.591357,,,,,,
1780436462.471,4626942.0,4491.598,2.591231,,,,,,
1780436462.495,4626967.0,4491.529,2.591104,,,,,,
1780436462.520,4626992.0,4491.665,2.590977,,,,,,
1780436462.544,4627017.0,4491.729,2.590977,,,,,,
1780436462.569,4627042.0,4491.684,2.590977,,,,,,
1780436462.597,4627067.0,4491.764,2.591104,,,,,status,l_h=11.800000 c_f=220.000000 q=25.000000
1780436462.687,4627092.0,4491.732,2.591104,,,,,,
1780436462.688,4627117.0,4491.613,2.591231,,,,,,
1780436462.689,4627142.0,4491.684,2.591104,,,,,,
1780436462.690,4627167.0,4491.656,2.591104,,,,,,
1780436462.752,4627192.0,4491.564,2.591104,,,,,,
1780436462.753,4627217.0,4491.641,2.591104,,,,,,
1780436462.820,4627242.0,4491.739,2.590978,,,,,,
1780436462.821,4627267.0,4491.96,2.590851,,,,,,
1780436462.821,4627292.0,4491.97,2.590852,,,,,,
1780436462.904,4627317.0,4492.01,2.590851,,,,,,
1780436462.905,4627342.0,4492.089,2.590852,,,,,,
1780436462.907,4627367.0,4492.13,2.590851,,,,,,
1780436463.006,4627392.0,4492.133,2.590978,,,,,,
1780436463.007,4627417.0,4492.142,2.590977,,,,,,
1780436463.009,4627442.0,4492.078,2.590977,,,,,,
1780436463.010,4627467.0,4492.056,2.591104,,,,,,
1780436463.011,4627492.0,4492.176,2.590977,,,,,,
1780436463.089,4627517.0,4492.262,2.590978,,,,,,
1780436463.090,4627542.0,4492.262,2.590851,,,,,,
1780436463.092,4627567.0,4492.339,2.590978,,,,,,
1780436463.187,4627592.0,4492.287,2.590978,,,,,,
1780436463.187,4627617.0,4492.226,2.591104,,,,,,
1780436463.188,4627642.0,4492.241,2.591104,,,,,,
1780436463.189,4627667.0,4492.382,2.590978,,,,,,
1780436463.235,4627692.0,4492.253,2.590978,,,,,,
1780436463.235,4627717.0,4492.333,2.591104,,,,,,
1780436463.303,4627742.0,4492.5,2.591105,,,,,,
1780436463.304,4627767.0,4492.45,2.591231,,,,,,
1780436463.370,4627792.0,4492.527,2.591231,,,,,,
1780436463.372,4627817.0,4492.638,2.591231,,,,,,
1780436463.373,4627842.0,4492.635,2.591231,,,,,,
1780436463.436,4627867.0,4492.466,2.591357,,,,,,
1780436463.437,4627892.0,4492.296,2.591484,,,,,,
1780436463.438,4627917.0,4492.229,2.591484,,,,,,
1780436463.486,4627942.0,4492.231,2.591484,,,,,,
1780436463.487,4627967.0,4492.25,2.591357,,,,,,
1780436463.555,4627992.0,4492.238,2.591231,,,,,,
1780436463.557,4628017.0,4492.287,2.591231,,,,,,
1780436463.636,4628042.0,4492.336,2.591357,,,,,,
1780436463.637,4628067.0,4492.291,2.591484,,,,,,
1780436463.637,4628092.0,4492.238,2.591484,,,,,,
1780436463.638,4628117.0,4492.222,2.59161,,,,,,
1780436463.704,4628142.0,4492.164,2.591484,,,,,,
1780436463.705,4628167.0,4492.105,2.59161,,,,,,
1780436463.769,4628192.0,4491.915,2.59161,,,,,,
1780436463.770,4628217.0,4492.0,2.591737,,,,,,
1780436463.771,4628242.0,4491.936,2.59161,,,,,,
1780436463.871,4628267.0,4491.979,2.591484,,,,,,
1780436463.872,4628292.0,4491.991,2.59161,,,,,,
1780436463.873,4628317.0,4492.022,2.59161,,,,,,
1780436463.873,4628342.0,4492.071,2.591484,,,,,,
1780436463.956,4628367.0,4492.028,2.591484,,,,,,
1780436463.959,4628392.0,4491.991,2.591484,,,,,,
1780436463.960,4628417.0,4491.992,2.591484,,,,,,
1780436463.961,4628442.0,4491.958,2.591484,,,,,,
1780436464.072,4628467.0,4491.976,2.59161,,,,,,
1780436464.074,4628492.0,4492.096,2.59161,,,,,,
1780436464.075,4628517.0,4492.266,2.59161,,,,,,
1780436464.076,4628542.0,4492.296,2.59161,,,,,,
1780436464.172,4628567.0,4492.336,2.591484,,,,,,
1780436464.174,4628592.0,4492.355,2.59161,,,,,,
1780436464.175,4628617.0,4492.321,2.59161,,,,,,
1780436464.177,4628642.0,4492.25,2.59161,,,,,,
1780436464.274,4628667.0,4492.247,2.59161,,,,,,
1780436464.275,4628692.0,4492.346,2.591484,,,,,,
1780436464.276,4628717.0,4492.419,2.591484,,,,,,
1780436464.278,4628742.0,4492.379,2.591484,,,,,,
1780436464.370,4628767.0,4492.444,2.59161,,,,,,
1780436464.371,4628792.0,4492.429,2.591484,,,,,,
1780436464.371,4628817.0,4492.546,2.591357,,,,,,
1780436464.372,4628842.0,4492.555,2.591357,,,,,,
1780436464.437,4628867.0,4492.641,2.591484,,,,,,
1780436464.438,4628892.0,4492.583,2.591484,,,,,,
1780436464.439,4628917.0,4492.444,2.591357,,,,,,
1780436464.538,4628942.0,4492.417,2.591357,,,,,,
1780436464.539,4628967.0,4492.41,2.591484,,,,,,
1780436464.540,4628992.0,4492.451,2.591357,,,,,,
1780436464.541,4629017.0,4492.583,2.591357,,,,,,
1780436464.626,4629042.0,4492.604,2.591357,,,,,,
1780436464.628,4629067.0,4492.613,2.591483,,,,,,
1780436464.630,4629092.0,4492.318,2.591483,,,,,,
1780436464.738,4629117.0,4492.182,2.591357,,,,,,
1780436464.739,4629142.0,4492.06,2.591357,,,,,,
1780436464.741,4629167.0,4492.133,2.591357,,,,,,
1780436464.742,4629192.0,4492.164,2.591357,,,,,,
1780436464.743,4629217.0,4492.136,2.591357,,,,,,
1780436464.808,4629242.0,4492.191,2.591357,,,,,,
1780436464.809,4629267.0,4492.257,2.591357,,,,,,
1780436464.810,4629292.0,4492.241,2.591357,,,,,,
1780436464.872,4629317.0,4492.075,2.591357,,,,,,
1780436464.873,4629342.0,4492.124,2.591231,,,,,,
1780436464.953,4629367.0,4492.004,2.591104,,,,,,
1780436464.953,4629392.0,4491.848,2.591104,,,,,,
1780436464.954,4629417.0,4491.897,2.591231,,,,,,
1780436465.001,4629442.0,4491.896,2.591357,,,,,,
1780436465.002,4629467.0,4491.94,2.591231,,,,,,
1780436465.053,4629492.0,4491.928,2.591231,,,,,,
1780436465.054,4629517.0,4492.025,2.591357,,,,,,
1780436465.155,4629542.0,4492.081,2.591357,,,,,,
1780436465.156,4629567.0,4492.112,2.591357,,,,,,
1780436465.157,4629592.0,4492.084,2.59123,,,,,,
1780436465.158,4629617.0,4491.921,2.591357,,,,,,
1780436465.239,4629642.0,4491.782,2.591357,,,,,,
1780436465.241,4629667.0,4491.717,2.591357,,,,,,
1780436465.242,4629692.0,4491.662,2.591357,,,,,,
1780436465.243,4629717.0,4491.889,2.591357,,,,,,
1780436465.320,4629742.0,4492.068,2.591357,,,,,,
1780436465.322,4629767.0,4492.262,2.591231,,,,,,
1780436465.323,4629792.0,4492.173,2.591231,,,,,,
1780436465.405,4629817.0,4492.099,2.591357,,,,,,
1780436465.407,4629842.0,4492.043,2.591231,,,,,,
1780436465.408,4629867.0,4492.111,2.591357,,,,,,
1780436465.408,4629892.0,4492.179,2.591231,,,,,,
1780436465.489,4629917.0,4492.176,2.591231,,,,,,
1780436465.490,4629942.0,4492.299,2.591357,,,,,,
1780436465.492,4629967.0,4492.327,2.591484,,,,,,
1780436465.587,4629992.0,4492.533,2.59161,,,,,,
1780436465.588,4630017.0,4492.61,2.59161,,,,,,
1780436465.589,4630042.0,4492.545,2.591484,,,,,,
1780436465.589,4630067.0,4492.487,2.591484,,,,,,
1780436465.653,4630092.0,4492.395,2.591484,,,,,,
1780436465.654,4630117.0,4492.411,2.591484,,,,,,
1780436465.702,4630142.0,4492.352,2.591484,,,,,,
1780436465.703,4630167.0,4492.189,2.591484,,,,,,
1780436465.751,4630192.0,4492.143,2.591484,,,,,,
1780436465.751,4630217.0,4492.133,2.591484,,,,,,
1780436465.803,4630242.0,4492.257,2.591484,,,,,,
1780436465.803,4630267.0,4492.396,2.591484,,,,,,
1780436465.868,4630292.0,4492.42,2.591484,,,,,,
1780436465.871,4630317.0,4492.429,2.591484,,,,,,
1780436465.872,4630342.0,4492.42,2.591357,,,,,,
1780436465.954,4630367.0,4492.357,2.591484,,,,,,
1780436465.955,4630392.0,4492.164,2.591484,,,,,,
1780436465.956,4630417.0,4492.201,2.591484,,,,,,
1780436466.024,4630442.0,4492.188,2.591484,,,,,,
1780436466.026,4630467.0,4492.266,2.59161,,,,,,
1780436466.027,4630492.0,4492.229,2.59161,,,,,,
1780436466.122,4630517.0,4492.263,2.59161,,,,,,
1780436466.123,4630542.0,4492.124,2.59161,,,,,,
1780436466.125,4630567.0,4492.038,2.591484,,,,,,
1780436466.126,4630592.0,4491.97,2.591484,,,,,,
1780436466.209,4630617.0,4491.855,2.591357,,,,,,
1780436466.210,4630642.0,4491.838,2.591231,,,,,,
1780436466.211,4630667.0,4491.909,2.591357,,,,,,
1780436466.212,4630692.0,4491.822,2.591357,,,,,,
1780436466.269,4630717.0,4491.862,2.591484,,,,,,
1780436466.270,4630742.0,4491.875,2.591484,,,,,,
1780436466.337,4630767.0,4491.881,2.591484,,,,,,
1780436466.339,4630792.0,4492.068,2.591484,,,,,,
1780436466.339,4630817.0,4492.071,2.591484,,,,,,
1780436466.407,4630842.0,4492.118,2.59161,,,,,,
1780436466.408,4630867.0,4492.046,2.591484,,,,,,
1780436466.408,4630892.0,4491.927,2.591484,,,,,,
1780436466.488,4630917.0,4491.927,2.591484,,,,,,
1780436466.489,4630942.0,4491.985,2.591484,,,,,,
1780436466.490,4630967.0,4492.102,2.59161,,,,,,
1780436466.569,4630992.0,4492.176,2.591484,,,,,,
1780436466.570,4631017.0,4492.222,2.59161,,,,,,
1780436466.571,4631042.0,4492.133,2.591484,,,,,,
1780436466.656,4631067.0,4492.204,2.591484,,,,,,
1780436466.658,4631092.0,4492.213,2.591484,,,,,,
1780436466.660,4631117.0,4492.083,2.591484,,,,,,
1780436466.661,4631142.0,4491.917,2.591484,,,,,,
1780436466.736,4631167.0,4492.056,2.591484,,,,,,
1780436466.737,4631192.0,4492.13,2.59161,,,,,,
1780436466.749,4631217.0,4492.176,2.59161,,,,,,
1780436466.836,4631242.0,4492.074,2.59161,,,,,,
1780436466.837,4631267.0,4492.022,2.59161,,,,,,
1780436466.837,4631292.0,4491.992,2.591484,,,,,,
1780436466.838,4631317.0,4492.065,2.591357,,,,,,
1780436466.943,4631342.0,4492.041,2.591231,,,,,,
1780436466.944,4631367.0,4492.069,2.591104,,,,,,
1780436466.945,4631392.0,4492.118,2.591105,,,,,,
1780436466.946,4631417.0,4492.105,2.591231,,,,,,
1780436467.022,4631442.0,4492.176,2.591104,,,,,,
1780436467.023,4631467.0,4492.205,2.591104,,,,,,
1780436467.024,4631492.0,4492.358,2.591104,,,,,,
1780436467.137,4631517.0,4492.451,2.591104,,,,,,
1780436467.143,4631542.0,4492.463,2.591104,,,,,,
1780436467.144,4631567.0,4492.361,2.590977,,,,,,
1780436467.145,4631592.0,4492.198,2.590977,,,,,,
1780436467.146,4631617.0,4492.056,2.590977,,,,,,
1780436467.203,4631642.0,4492.056,2.590851,,,,,,
1780436467.203,4631667.0,4492.133,2.590978,,,,,,
1780436467.253,4631692.0,4492.151,2.590978,,,,,,
1780436467.253,4631717.0,4492.256,2.590851,,,,,,
1780436467.307,4631742.0,4492.383,2.590851,,,,,,
1780436467.308,4631767.0,4492.318,2.590978,,,,,,
1780436467.309,4631792.0,4492.223,2.590978,,,,,,
1780436467.391,4631817.0,4492.161,2.590978,,,,,,
1780436467.392,4631842.0,4492.032,2.590978,,,,,,
1780436467.393,4631867.0,4492.216,2.590978,,,,,,
1780436467.491,4631892.0,4492.21,2.590977,,,,,,
1780436467.492,4631917.0,4492.259,2.590978,,,,,,
1780436467.493,4631942.0,4492.346,2.591104,,,,,,
1780436467.493,4631967.0,4492.419,2.591231,,,,,,
1780436467.562,4631992.0,4492.361,2.591357,,,,,,
1780436467.563,4632017.0,4492.281,2.591357,,,,,,
1780436467.564,4632042.0,4492.259,2.591357,,,,,,
1780436467.659,4632067.0,4492.253,2.591357,,,,,,
1780436467.661,4632092.0,4492.188,2.591357,,,,,,
1780436467.662,4632117.0,4492.056,2.591484,,,,,,
1780436467.663,4632142.0,4492.046,2.591357,,,,,,
1780436467.754,4632167.0,4492.099,2.591231,,,,,,
1780436467.755,4632192.0,4492.096,2.591231,,,,,,
1780436467.755,4632217.0,4492.173,2.591231,,,,,,
1780436467.817,4632242.0,4492.263,2.591357,,,,,,
1780436467.819,4632267.0,4492.225,2.591357,,,,,,
1780436467.820,4632292.0,4492.161,2.591231,,,,,,
1780436467.907,4632317.0,4492.148,2.591231,,,,,,
1780436467.908,4632342.0,4491.994,2.591357,,,,,,
1780436467.909,4632367.0,4491.896,2.591357,,,,,,
1780436467.909,4632392.0,4491.994,2.591357,,,,,,
1780436467.990,4632417.0,4492.043,2.59123,,,,,,
1780436467.992,4632442.0,4492.13,2.591104,,,,,,
1780436467.993,4632467.0,4492.318,2.590977,,,,,,
1780436468.073,4632492.0,4492.185,2.591104,,,,,,
1780436468.074,4632517.0,4492.121,2.591231,,,,,,
1780436468.075,4632542.0,4492.112,2.591231,,,,,,
1780436468.156,4632567.0,4492.075,2.591104,,,,,,
1780436468.158,4632592.0,4492.072,2.591104,,,,,,
1780436468.159,4632617.0,4492.125,2.591104,,,,,,
1780436468.160,4632642.0,4492.161,2.591104,,,,,,
1780436468.237,4632667.0,4492.176,2.590978,,,,,,
1780436468.238,4632692.0,4492.13,2.590977,,,,,,
1780436468.239,4632717.0,4492.194,2.590977,,,,,,
1780436468.301,4632742.0,4492.173,2.590851,,,,,,
1780436468.302,4632767.0,4491.994,2.590851,,,,,,
1780436468.372,4632792.0,4491.877,2.590978,,,,,,
1780436468.373,4632817.0,4491.871,2.591104,,,,,,
1780436468.375,4632842.0,4491.8,2.590978,,,,,,
1780436468.475,4632867.0,4491.831,2.590978,,,,,,
1780436468.476,4632892.0,4491.923,2.591104,,,,,,
1780436468.478,4632917.0,4492.009,2.591231,,,,,,
1780436468.479,4632942.0,4492.071,2.59123,,,,,,
1780436468.538,4632967.0,4492.074,2.591104,,,,,,
1780436468.539,4632992.0,4492.099,2.590978,,,,,,
1780436468.539,4633017.0,4492.087,2.590851,,,,,,
1780436468.602,4633042.0,4492.044,2.590851,,,,,,
1780436468.603,4633067.0,4492.007,2.590978,,,,,,
1780436468.692,4633092.0,4491.963,2.591105,,,,,,
1780436468.693,4633117.0,4492.044,2.590978,,,,,,
1780436468.695,4633142.0,4492.248,2.590978,,,,,,
1780436468.696,4633167.0,4492.293,2.590978,,,,,,
1780436468.808,4633192.0,4492.314,2.591104,,,,,,
1780436468.810,4633217.0,4492.216,2.591104,,,,,,
1780436468.811,4633242.0,4492.167,2.591104,,,,,,
1780436468.812,4633267.0,4492.111,2.591104,,,,,,
1780436468.813,4633292.0,4492.118,2.59123,,,,,,
1780436468.906,4633317.0,4492.071,2.591231,,,,,,
1780436468.907,4633342.0,4492.056,2.591231,,,,,,
1780436468.907,4633367.0,4492.043,2.591357,,,,,,
1780436468.988,4633392.0,4492.327,2.591484,,,,,,
1780436468.989,4633417.0,4492.4,2.591484,,,,,,
1780436468.989,4633442.0,4492.351,2.591484,,,,,,
1780436468.990,4633467.0,4492.453,2.591484,,,,,,
1780436469.075,4633492.0,4492.314,2.591357,,,,,,
1780436469.076,4633517.0,4492.182,2.591357,,,,,,
1780436469.077,4633542.0,4492.164,2.591231,,,,,,
1780436469.153,4633567.0,4492.074,2.591231,,,,,,
1780436469.154,4633592.0,4492.151,2.591357,,,,,,
1780436469.156,4633617.0,4492.237,2.591484,,,,,,
1780436469.201,4633642.0,4492.281,2.59161,,,,,,
1780436469.202,4633667.0,4492.392,2.591737,,,,,,
1780436469.263,4633692.0,4492.336,2.591737,,,,,,
1780436469.264,4633717.0,4492.237,2.591737,,,,,,
1780436469.265,4633742.0,4492.167,2.591863,,,,,,
1780436469.358,4633767.0,4492.161,2.591863,,,,,,
1780436469.359,4633792.0,4492.126,2.591863,,,,,,
1780436469.360,4633817.0,4492.056,2.591737,,,,,,
1780436469.361,4633842.0,4492.031,2.591737,,,,,,
1780436469.419,4633867.0,4492.074,2.59161,,,,,,
1780436469.420,4633892.0,4492.121,2.59161,,,,,,
1780436469.471,4633917.0,4492.21,2.591484,,,,,,
1780436469.472,4633942.0,4492.148,2.59161,,,,,,
1780436469.539,4633967.0,4492.164,2.591484,,,,,,
1780436469.540,4633992.0,4492.226,2.591357,,,,,,
1780436469.541,4634017.0,4492.087,2.591231,,,,,,
1780436469.643,4634042.0,4492.096,2.591104,,,,,,
1780436469.644,4634067.0,4492.164,2.590978,,,,,,
1780436469.646,4634092.0,4492.158,2.590978,,,,,,
1780436469.647,4634117.0,4492.281,2.591105,,,,,,
1780436469.738,4634142.0,4492.376,2.591104,,,,,,
1780436469.739,4634167.0,4492.414,2.591231,,,,,,
1780436469.740,4634192.0,4492.396,2.59123,,,,,,
1780436469.741,4634217.0,4492.278,2.59123,,,,,,
1780436469.824,4634242.0,4492.198,2.59123,,,,,,
1780436469.825,4634267.0,4492.118,2.591104,,,,,,
1780436469.827,4634292.0,4492.09,2.591104,,,,,,
1780436469.923,4634317.0,4492.146,2.591104,,,,,,
1780436469.924,4634342.0,4492.207,2.591104,,,,,,
1780436469.925,4634367.0,4492.303,2.590978,,,,,,
1780436469.926,4634392.0,4492.269,2.590978,,,,,,
1780436469.985,4634417.0,4492.33,2.591105,,,,,,
1780436469.986,4634442.0,4492.432,2.591104,,,,,,
1780436469.987,4634467.0,4492.524,2.590978,,,,,,
1780436470.071,4634492.0,4492.512,2.591104,,,,,,
1780436470.072,4634517.0,4492.518,2.591105,,,,,,
1780436470.073,4634542.0,4492.44,2.591231,,,,,,
1780436470.157,4634567.0,4492.585,2.591231,,,,,,
1780436470.158,4634592.0,4492.589,2.591231,,,,,,
1780436470.159,4634617.0,4492.625,2.591357,,,,,,
1780436470.160,4634642.0,4492.645,2.591483,,,,,,
1780436470.242,4634667.0,4492.65,2.59161,,,,,,
1780436470.243,4634692.0,4492.693,2.59161,,,,,,
1780436470.245,4634717.0,4492.644,2.591737,,,,,,
1780436470.339,4634742.0,4492.48,2.591737,,,,,,
1780436470.341,4634767.0,4492.41,2.59161,,,,,,
1780436470.343,4634792.0,4492.33,2.59161,,,,,,
1780436470.344,4634817.0,4492.352,2.591484,,,,,,
1780436470.402,4634842.0,4492.462,2.591484,,,,,,
1780436470.402,4634867.0,4492.521,2.591484,,,,,,
1780436470.453,4634892.0,4492.617,2.59161,,,,,,
1780436470.454,4634917.0,4492.579,2.591484,,,,,,
1780436470.501,4634942.0,4492.638,2.591357,,,,,,
1780436470.502,4634967.0,4492.552,2.591231,,,,,,
1780436470.570,4634992.0,4492.635,2.591357,,,,,,
1780436470.572,4635017.0,4492.509,2.591231,,,,,,
1780436470.573,4635042.0,4492.432,2.591231,,,,,,
1780436470.656,4635067.0,4492.416,2.591231,,,,,,
1780436470.657,4635092.0,4492.484,2.591231,,,,,,
1780436470.659,4635117.0,4492.515,2.591231,,,,,,
1780436470.660,4635142.0,4492.57,2.59123,,,,,,
1780436470.719,4635167.0,4492.57,2.591104,,,,,,
1780436470.720,4635192.0,4492.623,2.591104,,,,,,
1780436470.784,4635217.0,4492.641,2.591231,,,,,,
1780436470.785,4635242.0,4492.638,2.591104,,,,,,
1780436470.786,4635267.0,4492.659,2.591104,,,,,,
1780436470.856,4635292.0,4492.656,2.591104,,,,,,
1780436470.856,4635317.0,4492.69,2.591231,,,,,,
1780436470.918,4635342.0,4492.746,2.59123,,,,,,
1780436470.918,4635367.0,4492.906,2.591231,,,,,,
1780436470.919,4635392.0,4493.082,2.591231,,,,,,
1780436470.986,4635417.0,4493.14,2.591231,,,,,,
1780436470.987,4635442.0,4493.112,2.591357,,,,,,
1780436470.988,4635467.0,4493.103,2.591231,,,,,,
1780436471.034,4635492.0,4493.088,2.591231,,,,,,
1780436471.035,4635517.0,4493.168,2.591104,,,,,,
1780436471.106,4635542.0,4493.254,2.591231,,,,,,
1780436471.107,4635567.0,4493.248,2.591231,,,,,,
1780436471.191,4635592.0,4493.316,2.591231,,,,,,
1780436471.192,4635617.0,4493.297,2.591231,,,,,,
1780436471.193,4635642.0,4493.458,2.591357,,,,,,
1780436471.194,4635667.0,4493.43,2.591357,,,,,,
1780436471.212,4635692.0,4493.375,2.591357,,,,,,
1780436471.242,4635717.0,4493.248,2.591484,,,,,,
1780436471.264,4635742.0,4493.224,2.591484,,,,,,
1780436471.286,4635767.0,4493.177,2.591484,,,,,,
1780436471.309,4635792.0,4493.236,2.59161,,,,,,
1780436471.341,4635817.0,4493.063,2.591484,,,,,,
1780436471.363,4635842.0,4492.94,2.591484,,,,,,
1780436471.388,4635867.0,4492.961,2.591484,,,,,,
1780436471.410,4635892.0,4493.005,2.591357,,,,,,
1780436471.443,4635917.0,4492.989,2.591357,,,,,,
1780436471.465,4635942.0,4492.959,2.591231,,,,,,
1780436471.487,4635967.0,4492.959,2.591231,,,,,,
1780436471.510,4635992.0,4492.878,2.591104,,,,,,
1780436471.542,4636017.0,4492.817,2.591105,,,,,,
1780436471.566,4636042.0,4492.716,2.591104,,,,,,
1780436471.588,4636067.0,4492.87,2.591104,,,,,,
1780436471.678,4636092.0,4492.753,2.591104,,,,,status,l_h=11.800000 c_f=220.000000 q=25.000000
1780436471.680,4636117.0,4492.827,2.590978,,,,,,
1780436471.681,4636142.0,4492.663,2.591104,,,,,,
1780436471.751,4636167.0,4492.521,2.591104,,,,,,
1780436471.753,4636192.0,4492.429,2.591231,,,,,,
1780436471.754,4636217.0,4492.318,2.591357,,,,,,
1780436471.837,4636242.0,4492.26,2.591357,,,,,,
1780436471.838,4636267.0,4492.279,2.591357,,,,,,
1780436471.839,4636292.0,4492.3,2.591357,,,,,,
1780436471.840,4636317.0,4492.386,2.591484,,,,,,
1780436471.921,4636342.0,4492.433,2.591484,,,,,,
1780436471.922,4636367.0,4492.426,2.591357,,,,,,
1780436471.923,4636392.0,4492.377,2.591357,,,,,,
1780436471.989,4636417.0,4492.173,2.591357,,,,,,
1780436471.991,4636442.0,4492.291,2.591484,,,,,,
1780436471.992,4636467.0,4492.318,2.591484,,,,,,
1780436472.071,4636492.0,4492.291,2.59161,,,,,,
1780436472.073,4636517.0,4492.158,2.591737,,,,,,
1780436472.075,4636542.0,4492.198,2.591737,,,,,,
1780436472.154,4636567.0,4492.21,2.591863,,,,,,
1780436472.155,4636592.0,4492.284,2.591863,,,,,,
1780436472.155,4636617.0,4492.456,2.59199,,,,,,
1780436472.219,4636642.0,4492.404,2.59199,,,,,,
1780436472.220,4636667.0,4492.472,2.59199,,,,,,
1780436472.220,4636692.0,4492.306,2.59199,,,,,,
1780436472.288,4636717.0,4492.413,2.59199,,,,,,
1780436472.289,4636742.0,4492.336,2.592116,,,,,,
1780436472.290,4636767.0,4492.41,2.592116,,,,,,
1780436472.352,4636792.0,4492.459,2.592116,,,,,,
1780436472.352,4636817.0,4492.573,2.592116,,,,,,
1780436472.441,4636842.0,4492.706,2.59199,,,,,,
1780436472.442,4636867.0,4492.792,2.591863,,,,,,
1780436472.444,4636892.0,4492.718,2.591863,,,,,,
1780436472.445,4636917.0,4492.725,2.591863,,,,,,
1780436472.523,4636942.0,4492.623,2.591863,,,,,,
1780436472.524,4636967.0,4492.641,2.591863,,,,,,
1780436472.525,4636992.0,4492.647,2.59199,,,,,,
1780436472.603,4637017.0,4492.684,2.591863,,,,,,
1780436472.605,4637042.0,4492.918,2.591737,,,,,,
1780436472.606,4637067.0,4492.97,2.59161,,,,,,
1780436472.669,4637092.0,4493.1,2.591484,,,,,,
1780436472.670,4637117.0,4493.066,2.591484,,,,,,
1780436472.671,4637142.0,4493.076,2.591357,,,,,,
1780436472.737,4637167.0,4493.156,2.591231,,,,,,
1780436472.738,4637192.0,4493.106,2.591104,,,,,,
1780436472.740,4637217.0,4492.916,2.591104,,,,,,
1780436472.800,4637242.0,4492.792,2.590977,,,,,,
1780436472.801,4637267.0,4492.759,2.591104,,,,,,
1780436472.870,4637292.0,4492.756,2.591104,,,,,,
1780436472.871,4637317.0,4492.857,2.591104,,,,,,
1780436472.873,4637342.0,4492.943,2.59123,,,,,,
1780436472.973,4637367.0,4492.875,2.59123,,,,,,
1780436472.974,4637392.0,4492.719,2.591231,,,,,,
1780436472.975,4637417.0,4492.549,2.591104,,,,,,
1780436472.976,4637442.0,4492.454,2.590978,,,,,,
1780436473.072,4637467.0,4492.35,2.590978,,,,,,
1780436473.074,4637492.0,4492.214,2.590978,,,,,,
1780436473.075,4637517.0,4492.248,2.590851,,,,,,
1780436473.076,4637542.0,4492.232,2.590725,,,,,,
1780436473.172,4637567.0,4492.312,2.590598,,,,,,
1780436473.174,4637592.0,4492.331,2.590472,,,,,,
1780436473.175,4637617.0,4492.201,2.590472,,,,,,
1780436473.176,4637642.0,4492.263,2.590472,,,,,,
1780436473.273,4637667.0,4492.198,2.590598,,,,,,
1780436473.274,4637692.0,4492.096,2.590724,,,,,,
1780436473.275,4637717.0,4492.047,2.590851,,,,,,
1780436473.276,4637742.0,4492.151,2.590724,,,,,,
1780436473.334,4637767.0,4492.179,2.590851,,,,,,
1780436473.334,4637792.0,4492.143,2.590977,,,,,,
1780436473.335,4637817.0,4492.191,2.591104,,,,,,
1780436473.405,4637842.0,4492.287,2.590978,,,,,,
1780436473.407,4637867.0,4492.225,2.591104,,,,,,
1780436473.486,4637892.0,4492.256,2.590978,,,,,,
1780436473.486,4637917.0,4492.219,2.590978,,,,,,
1780436473.487,4637942.0,4492.164,2.590978,,,,,,
1780436473.488,4637967.0,4492.118,2.590978,,,,,,
1780436473.551,4637992.0,4492.176,2.590978,,,,,,
1780436473.561,4638017.0,4492.346,2.590978,,,,,,
1780436473.562,4638042.0,4492.527,2.591105,,,,,,
1780436473.617,4638067.0,4492.614,2.591231,,,,,,
1780436473.618,4638092.0,4492.762,2.591357,,,,,,
1780436473.669,4638117.0,4492.848,2.591484,,,,,,
1780436473.669,4638142.0,4492.786,2.59161,,,,,,
1780436473.718,4638167.0,4492.703,2.591737,,,,,,
1780436473.719,4638192.0,4492.712,2.591863,,,,,,
1780436473.783,4638217.0,4492.663,2.59199,,,,,,
1780436473.784,4638242.0,4492.85,2.59199,,,,,,
1780436473.784,4638267.0,4492.792,2.592116,,,,,,
1780436473.850,4638292.0,4492.771,2.592116,,,,,,
1780436473.851,4638317.0,4492.868,2.592116,,,,,,
1780436473.918,4638342.0,4492.841,2.592116,,,,,,
1780436473.918,4638367.0,4492.702,2.592243,,,,,,
1780436473.919,4638392.0,4492.564,2.592243,,,,,,
1780436473.984,4638417.0,4492.459,2.592116,,,,,,
1780436473.984,4638442.0,4492.468,2.592116,,,,,,
1780436473.985,4638467.0,4492.397,2.592243,,,,,,
1780436474.034,4638492.0,4492.375,2.592116,,,,,,
1780436474.034,4638517.0,4492.422,2.592116,,,,,,
1780436474.087,4638542.0,4492.487,2.59199,,,,,,
1780436474.088,4638567.0,4492.515,2.591863,,,,,,
1780436474.152,4638592.0,4492.361,2.591863,,,,,,
1780436474.153,4638617.0,4492.333,2.591863,,,,,,
1780436474.217,4638642.0,4492.195,2.591737,,,,,,
1780436474.217,4638667.0,4492.12,2.59161,,,,,,
1780436474.218,4638692.0,4492.019,2.59161,,,,,,
1780436474.285,4638717.0,4491.948,2.591483,,,,,,
1780436474.286,4638742.0,4491.908,2.591483,,,,,,
1780436474.286,4638767.0,4491.896,2.591357,,,,,,
1780436474.334,4638792.0,4492.028,2.59123,,,,,,
1780436474.335,4638817.0,4492.013,2.591104,,,,,,
1780436474.402,4638842.0,4492.004,2.591104,,,,,,
1780436474.403,4638867.0,4491.905,2.590978,,,,,,
1780436474.460,4638892.0,4491.773,2.590851,,,,,,
1780436474.460,4638917.0,4491.711,2.590725,,,,,,
1780436474.461,4638942.0,4491.684,2.590725,,,,,,
1780436474.537,4638967.0,4491.733,2.590598,,,,,,
1780436474.538,4638992.0,4491.714,2.590598,,,,,,
1780436474.539,4639017.0,4491.801,2.590472,,,,,,
1780436474.584,4639042.0,4491.948,2.590598,,,,,,
1780436474.584,4639067.0,4491.97,2.590598,,,,,,
1780436474.646,4639092.0,4491.884,2.590598,,,,,,
1780436474.648,4639117.0,4492.028,2.590725,,,,,,
1780436474.708,4639142.0,4491.893,2.590851,,,,,,
1780436474.709,4639167.0,4491.788,2.590978,,,,,,
1780436474.710,4639192.0,4491.764,2.591104,,,,,,
1780436474.789,4639217.0,4491.797,2.591105,,,,,,
1780436474.790,4639242.0,4491.841,2.591104,,,,,,
1780436474.791,4639267.0,4492.007,2.591231,,,,,,
1780436474.873,4639292.0,4492.053,2.591231,,,,,,
1780436474.875,4639317.0,4492.219,2.591105,,,,,,
1780436474.876,4639342.0,4492.164,2.591231,,,,,,
1780436474.953,4639367.0,4492.108,2.591231,,,,,,
1780436474.954,4639392.0,4492.06,2.591231,,,,,,
1780436474.955,4639417.0,4492.034,2.591357,,,,,,
1780436475.035,4639442.0,4492.074,2.591484,,,,,,
1780436475.036,4639467.0,4492.059,2.591357,,,,,,
1780436475.037,4639492.0,4491.992,2.591357,,,,,,
1780436475.037,4639517.0,4492.105,2.591484,,,,,,
1780436475.103,4639542.0,4492.198,2.59161,,,,,,
1780436475.104,4639567.0,4492.176,2.59161,,,,,,
1780436475.169,4639592.0,4491.977,2.59161,,,,,,
1780436475.170,4639617.0,4492.091,2.59161,,,,,,
1780436475.170,4639642.0,4492.127,2.591737,,,,,,
1780436475.238,4639667.0,4492.016,2.591737,,,,,,
1780436475.238,4639692.0,4491.936,2.591737,,,,,,
1780436475.239,4639717.0,4492.06,2.591737,,,,,,
1780436475.303,4639742.0,4492.038,2.59161,,,,,,
1780436475.304,4639767.0,4492.115,2.59161,,,,,,
1780436475.369,4639792.0,4492.204,2.59161,,,,,,
1780436475.370,4639817.0,4492.219,2.59161,,,,,,
1780436475.370,4639842.0,4492.197,2.591484,,,,,,
1780436475.417,4639867.0,4492.231,2.591484,,,,,,
1780436475.417,4639892.0,4492.121,2.591484,,,,,,
1780436475.466,4639917.0,4492.154,2.591484,,,,,,
1780436475.467,4639942.0,4492.068,2.59161,,,,,,
1780436475.521,4639967.0,4492.13,2.59161,,,,,,
1780436475.522,4639992.0,4492.247,2.59161,,,,,,
1780436475.583,4640017.0,4492.367,2.59161,,,,,,
1780436475.583,4640042.0,4492.41,2.59161,,,,,,
1780436475.584,4640067.0,4492.281,2.591484,,,,,,
1780436475.654,4640092.0,4492.244,2.59161,,,,,,
1780436475.655,4640117.0,4492.29,2.591737,,,,,,
1780436475.715,4640142.0,4492.33,2.591737,,,,,,
1780436475.716,4640167.0,4492.217,2.591737,,,,,,
1780436475.717,4640192.0,4492.186,2.59161,,,,,,
1780436475.771,4640217.0,4492.25,2.591737,,,,,,
1780436475.773,4640242.0,4492.133,2.591737,,,,,,
1780436475.844,4640267.0,4492.21,2.59161,,,,,,
1780436475.845,4640292.0,4492.213,2.59161,,,,,,
1780436475.846,4640317.0,4492.231,2.591484,,,,,,
1780436475.894,4640342.0,4492.21,2.591357,,,,,,
1780436475.895,4640367.0,4492.136,2.591484,,,,,,
1780436475.957,4640392.0,4492.065,2.591484,,,,,,
1780436475.958,4640417.0,4491.973,2.591357,,,,,,
1780436475.959,4640442.0,4491.936,2.591357,,,,,,
1780436476.021,4640467.0,4492.006,2.591357,,,,,,
1780436476.023,4640492.0,4492.028,2.591231,,,,,,
1780436476.086,4640517.0,4492.124,2.591104,,,,,,
1780436476.088,4640542.0,4492.074,2.591104,,,,,,
1780436476.089,4640567.0,4491.982,2.591104,,,,,,
1780436476.158,4640592.0,4491.883,2.591104,,,,,,
1780436476.160,4640617.0,4491.745,2.591104,,,,,,
1780436476.161,4640642.0,4491.726,2.591231,,,,,,
1780436476.220,4640667.0,4491.544,2.591104,,,,,,
1780436476.222,4640692.0,4491.591,2.591104,,,,,,
1780436476.271,4640717.0,4491.692,2.590977,,,,,,
1780436476.272,4640742.0,4491.763,2.590977,,,,,,
1780436476.335,4640767.0,4491.726,2.590977,,,,,,
1780436476.336,4640792.0,4491.708,2.590978,,,,,,
1780436476.337,4640817.0,4491.735,2.590978,,,,,,
1780436476.397,4640842.0,4491.831,2.590978,,,,,,
1780436476.398,4640867.0,4491.831,2.590978,,,,,,
1780436476.465,4640892.0,4491.791,2.590977,,,,,,
1780436476.467,4640917.0,4491.775,2.590851,,,,,,
1780436476.468,4640942.0,4491.754,2.590977,,,,,,
1780436476.521,4640967.0,4491.843,2.590978,,,,,,
1780436476.523,4640992.0,4491.887,2.590851,,,,,,
1780436476.605,4641017.0,4492.01,2.590725,,,,,,
1780436476.605,4641042.0,4492.016,2.590851,,,,,,
1780436476.605,4641067.0,4492.038,2.590851,,,,,,
1780436476.651,4641092.0,4491.967,2.590977,,,,,,
1780436476.651,4641117.0,4491.908,2.590978,,,,,,
1780436476.719,4641142.0,4491.865,2.590978,,,,,,
1780436476.720,4641167.0,4491.945,2.591104,,,,,,
1780436476.721,4641192.0,4492.034,2.591104,,,,,,
1780436476.773,4641217.0,4492.163,2.591104,,,,,,
1780436476.774,4641242.0,4492.308,2.590977,,,,,,
1780436476.839,4641267.0,4492.354,2.590851,,,,,,
1780436476.840,4641292.0,4492.443,2.590978,,,,,,
1780436476.840,4641317.0,4492.4,2.591104,,,,,,
1780436476.905,4641342.0,4492.295,2.591104,,,,,,
1780436476.906,4641367.0,4492.233,2.590978,,,,,,
1780436476.970,4641392.0,4492.209,2.590978,,,,,,
1780436476.972,4641417.0,4492.317,2.590978,,,,,,
1780436476.973,4641442.0,4492.339,2.591104,,,,,,
1780436477.036,4641467.0,4492.241,2.590978,,,,,,
1780436477.037,4641492.0,4492.247,2.590978,,,,,,
1780436477.037,4641517.0,4492.321,2.591104,,,,,,
1780436477.086,4641542.0,4492.288,2.59123,,,,,,
1780436477.087,4641567.0,4492.281,2.591231,,,,,,
1780436477.156,4641592.0,4492.201,2.591231,,,,,,
1780436477.157,4641617.0,4492.293,2.591357,,,,,,
1780436477.204,4641642.0,4492.234,2.591357,,,,,,
1780436477.204,4641667.0,4492.397,2.591231,,,,,,
1780436477.269,4641692.0,4492.354,2.591104,,,,,,
1780436477.269,4641717.0,4492.554,2.591105,,,,,,
1780436477.270,4641742.0,4492.493,2.591231,,,,,,
1780436477.331,4641767.0,4492.407,2.591357,,,,,,
1780436477.332,4641792.0,4492.256,2.591357,,,,,,
1780436477.396,4641817.0,4492.222,2.591231,,,,,,
1780436477.397,4641842.0,4492.142,2.591104,,,,,,
1780436477.397,4641867.0,4491.948,2.59123,,,,,,
1780436477.457,4641892.0,4491.84,2.591231,,,,,,
1780436477.457,4641917.0,4491.914,2.59123,,,,,,
1780436477.520,4641942.0,4491.985,2.591231,,,,,,
1780436477.521,4641967.0,4492.142,2.591231,,,,,,
1780436477.521,4641992.0,4492.167,2.591231,,,,,,
1780436477.587,4642017.0,4492.201,2.591231,,,,,,
1780436477.588,4642042.0,4492.105,2.591231,,,,,,
1780436477.588,4642067.0,4491.982,2.591104,,,,,,
1780436477.651,4642092.0,4492.0,2.591231,,,,,,
1780436477.653,4642117.0,4492.078,2.591231,,,,,,
1780436477.715,4642142.0,4492.044,2.591231,,,,,,
1780436477.716,4642167.0,4492.044,2.591104,,,,,,
1780436477.718,4642192.0,4492.149,2.590978,,,,,,
1780436477.779,4642217.0,4492.226,2.591104,,,,,,
1780436477.782,4642242.0,4492.229,2.591104,,,,,,
1780436477.838,4642267.0,4492.207,2.591231,,,,,,
1780436477.839,4642292.0,4492.155,2.591357,,,,,,
1780436477.840,4642317.0,4492.256,2.591484,,,,,,
1780436477.905,4642342.0,4492.17,2.591357,,,,,,
1780436477.907,4642367.0,4492.232,2.591231,,,,,,
1780436477.970,4642392.0,4492.339,2.591104,,,,,,
1780436477.972,4642417.0,4492.5,2.590978,,,,,,
1780436477.973,4642442.0,4492.505,2.590978,,,,,,
1780436478.032,4642467.0,4492.641,2.591104,,,,,,
1780436478.034,4642492.0,4492.751,2.590978,,,,,,
1780436478.035,4642517.0,4492.785,2.590978,,,,,,
1780436478.104,4642542.0,4492.675,2.590851,,,,,,
1780436478.105,4642567.0,4492.693,2.590724,,,,,,
1780436478.150,4642592.0,4492.631,2.590724,,,,,,
1780436478.151,4642617.0,4492.656,2.590851,,,,,,
1780436478.207,4642642.0,4492.659,2.590851,,,,,,
1780436478.209,4642667.0,4492.789,2.590724,,,,,,
1780436478.210,4642692.0,4493.028,2.590851,,,,,,
1780436478.277,4642717.0,4493.188,2.590851,,,,,,
1780436478.278,4642742.0,4493.025,2.590851,,,,,,
1780436478.333,4642767.0,4493.01,2.590851,,,,,,
1780436478.334,4642792.0,4493.05,2.590851,,,,,,
1780436478.334,4642817.0,4493.143,2.590977,,,,,,
1780436478.401,4642842.0,4493.063,2.590977,,,,,,
1780436478.402,4642867.0,4492.875,2.590851,,,,,,
1780436478.463,4642892.0,4492.912,2.590725,,,,,,
1780436478.464,4642917.0,4492.903,2.590725,,,,,,
1780436478.465,4642942.0,4492.854,2.590725,,,,,,
1780436478.526,4642967.0,4492.9,2.590725,,,,,,
1780436478.528,4642992.0,4492.906,2.590852,,,,,,
1780436478.590,4643017.0,4492.78,2.590978,,,,,,
1780436478.591,4643042.0,4492.626,2.591104,,,,,,
1780436478.593,4643067.0,4492.432,2.591104,,,,,,
1780436478.655,4643092.0,4492.291,2.590978,,,,,,
1780436478.656,4643117.0,4492.321,2.591104,,,,,,
1780436478.723,4643142.0,4492.34,2.59123,,,,,,
1780436478.724,4643167.0,4492.447,2.591357,,,,,,
1780436478.724,4643192.0,4492.436,2.591357,,,,,,
1780436478.772,4643217.0,4492.37,2.591484,,,,,,
1780436478.773,4643242.0,4492.361,2.591484,,,,,,
1780436478.847,4643267.0,4492.204,2.591357,,,,,,
1780436478.848,4643292.0,4492.164,2.591357,,,,,,
1780436478.850,4643317.0,4492.028,2.591231,,,,,,
1780436478.909,4643342.0,4491.917,2.591231,,,,,,
1780436478.910,4643367.0,4492.103,2.591231,,,,,,
1780436478.910,4643392.0,4492.109,2.591231,,,,,,
1780436478.973,4643417.0,4492.121,2.591357,,,,,,
1780436478.974,4643442.0,4526.758,2.604397,,,,,,
1780436479.036,4643467.0,4526.262,2.604271,,,,,,
1780436479.037,4643492.0,4526.851,2.60465,,,,,,
1780436479.038,4643517.0,4525.218,2.604145,,,,,,
1780436479.104,4643542.0,4523.746,2.60364,,,,,,
1780436479.104,4643567.0,4522.437,2.603134,,,,,,
1780436479.185,4643592.0,4520.928,2.602755,,,,,,
1780436479.186,4643617.0,4519.665,2.602376,,,,,,
1780436479.187,4643642.0,4530.301,2.606336,,,,,,
1780436479.188,4643667.0,4544.905,2.611848,,,,,,
1780436479.268,4643692.0,4564.045,2.619051,,,,,,
1780436479.269,4643717.0,4590.164,2.629018,,,,,,
1780436479.269,4643742.0,4620.717,2.640452,,,,,,
1780436479.315,4643767.0,4654.497,2.653224,,,,,,
1780436479.316,4643792.0,4689.768,2.666533,,,,,,
1780436479.366,4643817.0,4725.514,2.680103,,,,,,
1780436479.366,4643842.0,4762.151,2.693815,,,,,,
1780436479.420,4643867.0,4799.923,2.707932,,,,,,
1780436479.420,4643892.0,4838.239,2.72231,,,,,,
1780436479.484,4643917.0,4876.594,2.736688,,,,,,
1780436479.485,4643942.0,4915.22,2.751336,,,,,,
1780436479.485,4643967.0,4953.99,2.765723,,,,,,
1780436479.545,4643992.0,4992.675,2.780244,,,,,,
1780436479.546,4644017.0,5031.438,2.794766,,,,,,
1780436479.599,4644042.0,5070.233,2.809287,,,,,,
1780436479.599,4644067.0,5074.27,2.810904,,,,,,
1780436479.665,4644092.0,5113.62,2.825552,,,,,,
1780436479.665,4644117.0,5151.928,2.839821,,,,,,
1780436479.666,4644142.0,5190.76,2.854299,,,,,,
1780436479.737,4644167.0,5228.799,2.868652,,,,,,
1780436479.738,4644192.0,5264.705,2.882197,,,,,,
1780436479.739,4644217.0,5299.341,2.895206,,,,,,
1780436479.799,4644242.0,5331.079,2.907153,,,,,,
1780436479.799,4644267.0,5349.351,2.913962,,,,,,
1780436479.850,4644292.0,5360.87,2.918157,,,,,,
1780436479.851,4644317.0,5364.074,2.919469,,,,,,
1780436479.916,4644342.0,5356.375,2.916575,,,,,,
1780436479.916,4644367.0,5337.284,2.909488,,,,,,
1780436479.917,4644392.0,5312.825,2.900289,,,,,,
1780436479.982,4644417.0,5286.124,2.890296,,,,,,
1780436479.983,4644442.0,5258.21,2.879913,,,,,,
1780436479.983,4644467.0,5228.76,2.869003,,,,,,
1780436480.049,4644492.0,5190.129,2.854507,,,,,,
1780436480.049,4644517.0,5149.688,2.839372,,,,,,
1780436480.102,4644542.0,5105.011,2.822605,,,,,,
1780436480.104,4644567.0,5056.377,2.804197,,,,,,
1780436480.162,4644592.0,5007.509,2.785926,,,,,,
1780436480.162,4644617.0,4957.504,2.767146,,,,,,
1780436480.163,4644642.0,4906.888,2.748119,,,,,,
1780436480.225,4644667.0,4855.35,2.728721,,,,,,
1780436480.227,4644692.0,4803.356,2.709064,,,,,,
1780436480.289,4644717.0,4751.449,2.68942,,,,,,
1780436480.291,4644742.0,4698.761,2.669528,,,,,,
1780436480.292,4644767.0,4647.801,2.650311,,,,,,
1780436480.365,4644792.0,4596.889,2.630971,,,,,,
1780436480.375,4644817.0,4547.685,2.612315,,,,,,
1780436480.376,4644842.0,4499.906,2.594195,,,,,,
1780436480.440,4644867.0,4454.783,2.576888,,,,,,
1780436480.440,4644892.0,4411.35,2.560503,,,,,,
1780436480.441,4644917.0,4370.663,2.545056,,,,,,
1780436480.515,4644942.0,4333.908,2.530929,,,,,,
1780436480.515,4644967.0,4300.882,2.518367,,,,,,
1780436480.516,4644992.0,4274.738,2.508404,,,,,,
1780436480.585,4645017.0,4250.79,2.499215,,,,,,
1780436480.587,4645042.0,4227.533,2.490282,,,,,,
1780436480.588,4645067.0,4205.04,2.481607,,,,,,
1780436480.666,4645092.0,4183.326,2.473188,,,,,,
1780436480.667,4645117.0,4169.503,2.467951,,,,,,
1780436480.668,4645142.0,4157.079,2.463219,,,,,,
1780436480.716,4645167.0,4149.017,2.460118,,,,,,
1780436480.717,4645192.0,4144.803,2.458388,,,,,,
1780436480.766,4645217.0,4141.516,2.45715,,,,,,
1780436480.767,4645242.0,4139.545,2.456285,,,,,,
1780436480.835,4645267.0,4138.52,2.455913,,,,,,
1780436480.836,4645292.0,4139.142,2.456037,,,,,,
1780436480.836,4645317.0,4140.755,2.456531,,,,,,
1780436480.939,4645342.0,4142.645,2.457273,,,,,,
1780436480.940,4645367.0,4145.499,2.458385,,,,,,
1780436480.941,4645392.0,4148.569,2.459745,,,,,,
1780436480.943,4645417.0,4152.839,2.461352,,,,,,
1780436481.004,4645442.0,4157.451,2.463083,,,,,,
1780436481.005,4645467.0,4168.484,2.467312,,,,,,
1780436481.070,4645492.0,4181.596,2.472419,,,,,,
1780436481.072,4645517.0,4197.328,2.478415,,,,,,
1780436481.073,4645542.0,4219.175,2.486829,,,,,,
1780436481.144,4645567.0,4242.507,2.495884,,,,,,
1780436481.145,4645592.0,4267.687,2.505589,,,,,,
1780436481.147,4645617.0,4301.502,2.518543,,,,,,
1780436481.199,4645642.0,4335.451,2.531498,,,,,,
1780436481.199,4645667.0,4372.021,2.545502,,,,,,
1780436481.251,4645692.0,4414.826,2.561754,,,,,,
1780436481.251,4645717.0,4459.931,2.578805,,,,,,
1780436481.298,4645742.0,4505.474,2.595989,,,,,,
1780436481.299,4645767.0,4554.502,2.614511,,,,,,
1780436481.362,4645792.0,4603.484,2.633168,,,,,,
1780436481.362,4645817.0,4654.053,2.652361,,,,,,
1780436481.363,4645842.0,4704.922,2.671601,,,,,,
1780436481.424,4645867.0,4755.508,2.690706,,,,,,
1780436481.424,4645892.0,4805.717,2.709699,,,,,,
1780436481.487,4645917.0,4856.601,2.728838,,,,,,
1780436481.488,4645942.0,4907.128,2.748,,,,,,
1780436481.488,4645967.0,4957.509,2.767039,,,,,,
1780436481.551,4645992.0,5007.549,2.785953,,,,,,
1780436481.552,4646017.0,5057.394,2.80462,,,,,,
1780436481.614,4646042.0,5106.495,2.823163,,,,,,
1780436481.615,4646067.0,5155.654,2.841705,,,,,,
1780436481.616,4646092.0,5198.253,2.857749,,,,,,
1780436481.678,4646117.0,5238.833,2.872902,,,,,,
1780436481.678,4646142.0,5275.303,2.886639,,,,,,
1780436481.742,4646167.0,5304.616,2.897677,,,,,,
1780436481.742,4646192.0,5330.989,2.907536,,,,,,
1780436481.743,4646217.0,5353.491,2.91595,,,,,,
1780436481.806,4646242.0,5366.004,2.920447,,,,,,
1780436481.807,4646267.0,5375.524,2.92401,,,,,,
1780436481.865,4646292.0,5379.631,2.925462,,,,,,
1780436481.865,4646317.0,5373.729,2.923214,,,,,,
1780436481.866,4646342.0,5359.198,2.917813,,,,,,
1780436481.932,4646367.0,5340.712,2.91085,,,,,,
1780436481.933,4646392.0,5316.572,2.901775,,,,,,
1780436481.933,4646417.0,5292.197,2.892695,,,,,,
1780436481.994,4646442.0,5264.529,2.882562,,,,,,
1780436481.995,4646467.0,5230.375,2.869842,,,,,,
1780436482.057,4646492.0,5196.394,2.85713,,,,,,
1780436482.059,4646517.0,5153.744,2.840998,,,,,,
1780436482.060,4646542.0,5110.354,2.824722,,,,,,
1780436482.121,4646567.0,5060.18,2.805684,,,,,,
1780436482.122,4646592.0,5009.364,2.786522,,,,,,
1780436482.185,4646617.0,4958.236,2.767236,,,,,,
1780436482.185,4646642.0,4906.465,2.747703,,,,,,
1780436482.186,4646667.0,4854.144,2.727922,,,,,,
1780436482.250,4646692.0,4801.593,2.708142,,,,,,
1780436482.252,4646717.0,4748.712,2.688116,,,,,,
1780436482.313,4646742.0,4695.139,2.667978,,,,,,
1780436482.313,4646767.0,4642.68,2.648122,,,,,,
1780436482.313,4646792.0,4591.151,2.628548,,,,,,
1780436482.364,4646817.0,4540.633,2.609388,,,,,,
1780436482.365,4646842.0,4492.146,2.5909,,,,,,
1780436482.438,4646867.0,4446.338,2.573572,,,,,,
1780436482.439,4646892.0,4403.309,2.557177,,,,,,
1780436482.439,4646917.0,4363.122,2.541844,,,,,,
1780436482.502,4646942.0,4326.7,2.528086,,,,,,
1780436482.502,4646967.0,4296.555,2.516561,,,,,,
1780436482.565,4646992.0,4269.999,2.506585,,,,,,
1780436482.565,4647017.0,4245.655,2.497261,,,,,,
1780436482.566,4647042.0,4221.262,2.487808,,,,,,
1780436482.628,4647067.0,4198.45,2.47887,,,,,,
1780436482.629,4647092.0,4181.01,2.47198,,,,,,
1780436482.691,4647117.0,4163.498,2.465218,,,,,,
1780436482.691,4647142.0,4154.711,2.461863,,,,,,
1780436482.692,4647167.0,4145.729,2.458506,,,,,,
1780436482.754,4647192.0,4143.371,2.457641,,,,,,
1780436482.754,4647217.0,4141.908,2.457146,,,,,,
1780436482.817,4647242.0,4141.62,2.456899,,,,,,
1780436482.818,4647267.0,4142.272,2.457023,,,,,,
1780436482.818,4647292.0,4143.681,2.457641,,,,,,
1780436482.880,4647317.0,4145.365,2.458135,,,,,,
1780436482.881,4647342.0,4147.863,2.459247,,,,,,
1780436482.946,4647367.0,4151.2,2.460605,,,,,,
1780436482.946,4647392.0,4155.686,2.462335,,,,,,
1780436482.947,4647417.0,4160.408,2.464311,,,,,,
1780436483.010,4647442.0,4168.826,2.467656,,,,,,
1780436483.011,4647467.0,4179.765,2.471877,,,,,,
1780436483.012,4647492.0,4191.595,2.476486,,,,,,
1780436483.074,4647517.0,4210.917,2.484013,,,,,,
1780436483.075,4647542.0,4230.45,2.491669,,,,,,
1780436483.137,4647567.0,4253.908,2.500612,,,,,,
1780436483.138,4647592.0,4281.343,2.511229,,,,,,
1780436483.138,4647617.0,4313.543,2.523414,,,,,,
1780436483.200,4647642.0,4351.348,2.537822,,,,,,
1780436483.201,4647667.0,4389.574,2.552362,,,,,,
1780436483.264,4647692.0,4431.747,2.568358,,,,,,
1780436483.264,4647717.0,4476.659,2.585419,,,,,,
1780436483.264,4647742.0,4521.947,2.602613,,,,,,
1780436483.327,4647767.0,4570.296,2.620889,,,,,,
1780436483.328,4647792.0,4618.525,2.639176,,,,,,
1780436483.382,4647817.0,4668.416,2.658135,,,,,,
1780436483.383,4647842.0,4718.328,2.676982,,,,,,
1780436483.384,4647867.0,4768.511,2.695975,,,,,,
1780436483.449,4647892.0,4818.855,2.715114,,,,,,
1780436483.450,4647917.0,4868.868,2.734006,,,,,,
1780436483.482,4647942.0,4918.793,2.752886,,,,,,
1780436483.483,4647967.0,4968.397,2.771396,,,,,,
1780436484.087,4648569.0,4988.511,2.779098,,,,,calibrate,
1780436484.151,4648594.0,5007.879,2.786553,,,,,,
1780436484.151,4648619.0,5027.063,2.793883,,,,,,
1780436484.212,4648644.0,5042.965,2.799968,,,,,,
1780436484.213,4648669.0,5056.493,2.805177,,,,,,
1780436484.213,4648694.0,5067.843,2.809505,,,,,,
1780436484.276,4648719.0,5071.685,2.810915,,,,,,
1780436484.277,4648744.0,5075.278,2.81207,,,,,,
1780436484.339,4648769.0,5074.88,2.811812,,,,,,
1780436484.339,4648794.0,5070.631,2.810134,,,,,,
1780436484.340,4648819.0,5061.524,2.806763,,,,,,
1780436484.404,4648844.0,5046.716,2.801293,,,,,,
1780436484.405,4648869.0,5031.509,2.795691,,,,,,
1780436484.467,4648894.0,5012.301,2.788632,,,,,,
1780436484.467,4648919.0,4990.354,2.780509,,,,,,
1780436484.468,4648944.0,4968.116,2.772253,,,,,,
1780436484.530,4648969.0,4942.787,2.762791,,,,,,
1780436484.530,4648994.0,4917.066,2.753068,,,,,,
1780436484.594,4649019.0,4889.725,2.7428,,,,,,
1780436484.595,4649044.0,4861.599,2.732398,,,,,,
1780436484.595,4649069.0,4832.721,2.721597,,,,,,
1780436484.656,4649094.0,4803.286,2.710655,,,,,,
1780436484.656,4649119.0,4774.023,2.699714,,,,,,
1780436484.719,4649144.0,4744.649,2.688907,,,,,,
1780436484.720,4649169.0,4715.342,2.6781,,,,,,
1780436484.720,4649194.0,4715.362,2.6781,,,,,,
1780436484.767,4649219.0,4715.315,2.677972,,,,,,
1780436484.768,4649244.0,4715.298,2.677972,,,,,,
1780436484.831,4649269.0,4715.295,2.677843,,,,,,
1780436484.832,4649294.0,4715.048,2.677714,,,,,,
1780436484.894,4649319.0,4714.783,2.677586,,,,,,
1780436484.895,4649344.0,4714.644,2.677586,,,,,,
1780436484.895,4649369.0,4714.532,2.677586,,,,,,
1780436484.957,4649394.0,4714.522,2.677586,,,,,,
1780436484.958,4649419.0,4714.332,2.677457,,,,,,
1780436485.036,4649444.0,4714.305,2.677457,,,,,,
1780436485.037,4649469.0,4714.288,2.677457,,,,,,
1780436485.038,4649494.0,4714.322,2.677457,,,,,,
1780436485.039,4649519.0,4714.43,2.677457,,,,,,
1780436485.084,4649544.0,4714.458,2.677457,,,,,,
1780436485.148,4649569.0,4714.508,2.677457,,,,,,
1780436485.149,4649594.0,4714.339,2.677457,,,,,,
1780436485.149,4649619.0,4714.244,2.677586,,,,,,
1780436485.214,4649644.0,4714.125,2.677457,,,,,,
1780436485.214,4649669.0,4714.288,2.677457,,,,,,
1780436485.215,4649694.0,4714.151,2.677585,,,,,,
1780436485.280,4649719.0,4714.121,2.677457,,,,,,
1780436485.281,4649744.0,4714.026,2.677457,,,,,,
1780436485.335,4649769.0,4713.938,2.677329,,,,,,
1780436485.336,4649794.0,4713.721,2.6772,,,,,,
1780436485.336,4649819.0,4713.538,2.677072,,,,,,
1780436485.400,4649844.0,4713.454,2.6772,,,,,,
1780436485.401,4649869.0,4713.447,2.677072,,,,,,
1780436485.469,4649894.0,4713.443,2.6772,,,,,,
1780436485.470,4649919.0,4713.518,2.677329,,,,,,
1780436485.471,4649944.0,4713.487,2.677329,,,,,,
1780436485.519,4649969.0,4713.399,2.677329,,,,,,
1780436485.519,4649994.0,4713.321,2.677457,,,,,,
1780436485.542,4650019.0,4713.389,2.538913,,,,,,
1780436485.569,4650044.0,4713.406,2.538907,,,,,,
1780436485.591,4650069.0,4713.172,2.538996,,,,,,
1780436485.615,4650094.0,4713.142,2.538878,,,,,,
1780436485.637,4650119.0,4713.04,2.538789,,,,,,
1780436485.670,4650144.0,4713.03,2.538793,,,,,,
1780436485.692,4650169.0,4712.952,2.538694,,,,,,
1780436485.717,4650194.0,4712.874,2.538724,,,,,,
1780436485.739,4650219.0,4712.908,2.538582,,,,,,
1780436485.762,4650244.0,4712.783,2.53863,,,,,,
1780436485.786,4650269.0,4712.83,2.538611,,,,,,
1780436485.819,4650294.0,4712.745,2.538515,,,,,,
1780436485.841,4650319.0,4712.82,2.538487,,,,,,
1780436485.865,4650344.0,4712.752,2.538513,,,,,,
1780436485.887,4650369.0,4712.799,2.538495,,,,,,
1780436485.923,4650394.0,4712.891,2.538589,,,,,rotate on,OK rotated on
1780436486.019,4650419.0,4712.877,2.538594,,,,,,
1780436486.020,4650444.0,4712.983,2.538553,,,,,,
1780436486.021,4650469.0,4712.962,2.538433,,,,,,
1780436486.022,4650494.0,4712.921,2.538577,,,,,,
1780436486.089,4650519.0,4712.721,2.538524,,,,,,
1780436486.090,4650544.0,4712.667,2.538417,,,,,,
1780436486.091,4650569.0,4712.711,2.538528,,,,,,
1780436486.150,4650594.0,4712.707,2.538401,,,,,,
1780436486.151,4650619.0,4712.764,2.538251,,,,,,
1780436486.207,4650644.0,4712.663,2.53829,,,,,,
1780436486.208,4650669.0,4712.636,2.5383,,,,,,
1780436486.271,4650694.0,4712.724,2.538266,,,,,,
1780436486.272,4650719.0,4712.703,2.538274,,,,,,
1780436486.273,4650744.0,4712.74,2.538388,,,,,,
1780436486.333,4650769.0,4712.632,2.538301,,,,,,
1780436486.334,4650794.0,4712.697,2.538276,,,,,,
1780436486.398,4650819.0,4712.497,2.538224,,,,,,
1780436486.399,4650844.0,4712.463,2.538366,,,,,,
1780436486.401,4650869.0,4712.548,2.538333,,,,,,
1780436486.472,4650894.0,4712.372,2.5384,,,,,,
1780436486.474,4650919.0,4712.361,2.538404,,,,,,
1780436486.475,4650944.0,4712.26,2.538443,,,,,,
1780436486.532,4650969.0,4712.118,2.538626,,,,,,
1780436486.533,4650994.0,4711.993,2.538673,,,,,,
1780436486.585,4651019.0,4711.891,2.538712,,,,,,
1780436486.585,4651044.0,4711.912,2.538704,,,,,,
1780436486.586,4651069.0,4711.928,2.538698,,,,,,
1780436486.650,4651094.0,4711.983,2.538677,,,,,,
1780436486.652,4651119.0,4711.969,2.538682,,,,,,
1780436486.707,4651144.0,4712.128,2.538622,,,,,,
1780436486.708,4651169.0,4712.122,2.538624,,,,,,
1780436486.771,4651194.0,4712.119,2.538497,,,,,,
1780436486.772,4651219.0,4712.179,2.538474,,,,,,
1780436486.773,4651244.0,4712.121,2.538496,,,,,,
1780436486.838,4651269.0,4712.023,2.538405,,,,,,
1780436486.839,4651294.0,4711.935,2.538438,,,,,,
1780436486.839,4651319.0,4711.89,2.538327,,,,,,
1780436486.905,4651344.0,4711.874,2.538462,,,,,,
1780436486.907,4651369.0,4711.911,2.538447,,,,,,
1780436486.970,4651394.0,4711.874,2.538462,,,,,,
1780436486.971,4651419.0,4711.755,2.538507,,,,,,
1780436486.973,4651444.0,4711.853,2.538598,,,,,,
1780436487.034,4651469.0,4711.769,2.538502,,,,,,
1780436487.035,4651494.0,4711.803,2.538489,,,,,,
1780436487.036,4651519.0,4711.864,2.538465,,,,,,
1780436487.090,4651544.0,4711.85,2.538471,,,,,,
1780436487.092,4651569.0,4711.85,2.538342,,,,,,
1780436487.154,4651594.0,4711.911,2.53819,,,,,,
1780436487.155,4651619.0,4711.996,2.538158,,,,,,
1780436487.218,4651644.0,4712.023,2.538147,,,,,,
1780436487.220,4651669.0,4712.01,2.538152,,,,,,
1780436487.221,4651694.0,4711.935,2.538309,,,,,,
1780436487.276,4651719.0,4711.749,2.53838,,,,,,
1780436487.277,4651744.0,4711.657,2.538287,,,,,,
1780436487.330,4651769.0,4711.521,2.538338,,,,,,
1780436487.330,4651794.0,4711.539,2.538332,,,,,,
1780436487.393,4651819.0,4711.478,2.538355,,,,,,
1780436487.394,4651844.0,4711.367,2.538398,,,,,,
1780436487.395,4651869.0,4711.353,2.538531,,,,,,
1780436487.456,4651894.0,4711.35,2.538661,,,,,,
1780436487.457,4651919.0,4711.407,2.538768,,,,,,
1780436487.521,4651944.0,4711.536,2.538719,,,,,,
1780436487.522,4651969.0,4711.56,2.538581,,,,,,
1780436487.524,4651994.0,4711.417,2.538507,,,,,,
1780436487.584,4652019.0,4711.4,2.538642,,,,,,
1780436487.584,4652044.0,4711.458,2.538749,,,,,,
1780436487.585,4652069.0,4711.525,2.538594,,,,,,
1780436487.647,4652094.0,4711.596,2.538567,,,,,,
1780436487.647,4652119.0,4711.6,2.538566,,,,,,
1780436487.709,4652144.0,4711.488,2.538609,,,,,,
1780436487.709,4652169.0,4711.501,2.538732,,,,,,
1780436487.710,4652194.0,4711.596,2.538696,,,,,,
1780436487.773,4652219.0,4711.609,2.538691,,,,,,
1780436487.774,4652244.0,4711.592,2.538569,,,,,,
1780436487.836,4652269.0,4711.525,2.538466,,,,,,
1780436487.837,4652294.0,4711.528,2.538593,,,,,,
1780436487.838,4652319.0,4711.521,2.538596,,,,,,
1780436487.899,4652344.0,4711.65,2.538675,,,,,,
1780436487.901,4652369.0,4711.714,2.538779,,,,,,
1780436487.962,4652394.0,4711.66,2.5388,,,,,,
1780436487.963,4652419.0,4711.576,2.538961,,,,,,
1780436487.964,4652444.0,4711.603,2.539079,,,,,,
1780436488.027,4652469.0,4711.654,2.53906,,,,,,
1780436488.028,4652494.0,4711.729,2.538903,,,,,,
1780436488.089,4652519.0,4711.685,2.538919,,,,,,
1780436488.089,4652544.0,4711.647,2.538934,,,,,,
1780436488.090,4652569.0,4711.501,2.538989,,,,,,
1780436488.153,4652594.0,4711.61,2.538948,,,,,,
1780436488.153,4652619.0,4711.63,2.53894,,,,,,
1780436488.216,4652644.0,4711.563,2.538837,,,,,,
1780436488.217,4652669.0,4711.519,2.538854,,,,,,
1780436488.217,4652694.0,4711.363,2.538913,,,,,,
1780436488.279,4652719.0,4711.407,2.539025,,,,,,
1780436488.279,4652744.0,4711.414,2.538894,,,,,,
1780436488.343,4652769.0,4711.42,2.538892,,,,,,
1780436488.344,4652794.0,4711.39,2.538774,,,,,,
1780436488.345,4652819.0,4711.319,2.538802,,,,,,
1780436488.407,4652844.0,4711.309,2.538805,,,,,,
1780436488.407,4652869.0,4711.285,2.538943,,,,,,
1780436488.469,4652894.0,4711.258,2.539082,,,,,,
1780436488.470,4652919.0,4711.194,2.539106,,,,,,
1780436488.471,4652944.0,4711.085,2.539019,,,,,,
1780436488.519,4652969.0,4710.983,2.538929,,,,,,
1780436488.520,4652994.0,4710.922,2.538953,,,,,,
1780436488.583,4653019.0,4711.051,2.538903,,,,,,
1780436488.584,4653044.0,4710.99,2.538798,,,,,,
1780436488.585,4653069.0,4710.97,2.538677,,,,,,
1780436488.649,4653094.0,4710.97,2.538677,,,,,,
1780436488.651,4653119.0,4710.926,2.538822,,,,,,
1780436488.715,4653144.0,4710.919,2.538825,,,,,,
1780436488.716,4653169.0,4710.882,2.538711,,,,,,
1780436488.716,4653194.0,4710.898,2.538705,,,,,,
1780436488.768,4653219.0,4710.77,2.538754,,,,,,
1780436488.769,4653244.0,4710.814,2.538737,,,,,,
1780436488.834,4653269.0,4710.824,2.538733,,,,,,
1780436488.835,4653294.0,4710.719,2.538644,,,,,,
1780436488.836,4653319.0,4710.743,2.538635,,,,,,
1780436488.900,4653344.0,4710.679,2.538531,,,,,,
1780436488.901,4653369.0,4710.571,2.538572,,,,,,
1780436488.965,4653394.0,4710.587,2.538695,,,,,,
1780436488.966,4653419.0,4710.57,2.53883,,,,,,
1780436488.967,4653444.0,4710.486,2.538862,,,,,,
1780436489.030,4653469.0,4710.431,2.538882,,,,,,
1780436489.031,4653494.0,4710.37,2.538777,,,,,,
1780436489.094,4653519.0,4710.347,2.538657,,,,,,
1780436489.095,4653544.0,4710.323,2.538538,,,,,,
1780436489.096,4653569.0,4710.252,2.538565,,,,,,
1780436489.154,4653594.0,4710.374,2.538647,,,,,,
1780436489.154,4653619.0,4711.163,2.538604,,,,,,
1780436489.216,4653644.0,4714.168,2.538619,,,,,,
1780436489.217,4653669.0,4722.306,2.538626,,,,,,
1780436489.218,4653694.0,4738.703,2.53864,,,,,,
1780436489.269,4653719.0,4756.764,2.538681,,,,,,
1780436489.271,4653744.0,4779.409,2.538445,,,,,,
1780436489.332,4653769.0,4805.552,2.538081,,,,,,
1780436489.333,4653794.0,4831.801,2.537806,,,,,,
1780436489.398,4653819.0,4859.433,2.537676,,,,,,
1780436489.398,4653844.0,4888.021,2.537452,,,,,,
1780436489.399,4653869.0,4916.675,2.537202,,,,,,
1780436489.466,4653894.0,4946.089,2.537068,,,,,,
1780436489.467,4653919.0,4975.619,2.536889,,,,,,
1780436489.467,4653944.0,5005.131,2.536717,,,,,,
1780436489.531,4653969.0,5034.68,2.536531,,,,,,
1780436489.532,4653994.0,5064.195,2.536357,,,,,,
1780436489.602,4654019.0,5093.751,2.53604,,,,,,
1780436489.604,4654044.0,5123.284,2.535732,,,,,,
1780436489.605,4654069.0,5152.991,2.535486,,,,,,
1780436489.669,4654094.0,5182.71,2.535235,,,,,,
1780436489.670,4654119.0,5212.195,2.535074,,,,,,
1780436489.671,4654144.0,5240.642,2.534903,,,,,,
1780436489.732,4654169.0,5268.192,2.534669,,,,,,
1780436489.734,4654194.0,5293.932,2.534588,,,,,,
1780436489.787,4654219.0,5317.698,2.534326,,,,,,
1780436489.788,4654244.0,5339.054,2.53419,,,,,,
1780436489.789,4654269.0,5355.438,2.534109,,,,,,
1780436489.847,4654294.0,5364.544,2.533924,,,,,,
1780436489.847,4654319.0,5362.469,2.533922,,,,,,
1780436489.903,4654344.0,5354.883,2.533912,,,,,,
1780436489.908,4654369.0,5338.611,2.534049,,,,,,
1780436489.963,4654394.0,5312.218,2.53425,,,,,,
1780436489.963,4654419.0,5285.939,2.534538,,,,,,
1780436489.964,4654444.0,5255.844,2.534707,,,,,,
1780436490.026,4654469.0,5219.85,2.534943,,,,,,
1780436490.027,4654494.0,5183.884,2.535169,,,,,,
1780436490.090,4654519.0,5141.426,2.535318,,,,,,
1780436490.091,4654544.0,5098.477,2.535528,,,,,,
1780436490.092,4654569.0,5048.799,2.535684,,,,,,
1780436490.166,4654594.0,4999.123,2.53584,,,,,,
1780436490.166,4654619.0,4948.856,2.535973,,,,,,
1780436490.167,4654644.0,4898.222,2.536122,,,,,,
1780436490.215,4654669.0,4847.191,2.536175,,,,,,
1780436490.215,4654694.0,4795.57,2.53633,,,,,,
1780436490.281,4654719.0,4743.29,2.536489,,,,,,
1780436490.282,4654744.0,4690.891,2.53657,,,,,,
1780436490.344,4654769.0,4639.411,2.536706,,,,,,
1780436490.345,4654794.0,4588.844,2.536898,,,,,,
1780436490.346,4654819.0,4539.248,2.536889,,,,,,
1780436490.404,4654844.0,4491.438,2.537003,,,,,,
1780436490.406,4654869.0,4445.367,2.536989,,,,,,
1780436490.469,4654894.0,4401.868,2.537062,,,,,,
1780436490.471,4654919.0,4360.666,2.537188,,,,,,
1780436490.472,4654944.0,4322.364,2.537133,,,,,,
1780436490.537,4654969.0,4288.072,2.536996,,,,,,
1780436490.539,4654994.0,4257.629,2.536958,,,,,,
1780436490.540,4655019.0,4233.917,2.536941,,,,,,
1780436490.600,4655044.0,4209.924,2.536779,,,,,,
1780436490.602,4655069.0,4188.548,2.536642,,,,,,
1780436490.647,4655094.0,4171.945,2.536597,,,,,,
1780436490.649,4655119.0,4155.284,2.536576,,,,,,
1780436490.711,4655144.0,4144.542,2.536444,,,,,,
1780436490.712,4655169.0,4134.786,2.536185,,,,,,
1780436490.713,4655194.0,4131.848,2.53607,,,,,,
1780436490.799,4655219.0,4129.351,2.536033,,,,,,
1780436490.800,4655244.0,4128.227,2.535967,,,,,,
1780436490.802,4655269.0,4127.856,2.535861,,,,,,
1780436490.862,4655294.0,4128.526,2.535977,,,,,,
1780436490.863,4655319.0,4130.15,2.536099,,,,,,
1780436490.863,4655344.0,4133.036,2.536112,,,,,,
1780436490.914,4655369.0,4136.928,2.536113,,,,,,
1780436490.915,4655394.0,4141.258,2.536195,,,,,,
1780436490.976,4655419.0,4145.604,2.536147,,,,,,
1780436490.977,4655444.0,4155.093,2.536254,,,,,,
1780436491.019,4655469.0,4165.378,2.536309,,,,,,
1780436491.019,4655494.0,4181.876,2.53652,,,,,,
1780436491.088,4655519.0,4201.22,2.536665,,,,,,
1780436491.089,4655544.0,4225.017,2.536778,,,,,,
1780436491.090,4655569.0,4251.01,2.536827,,,,,,
1780436491.152,4655594.0,4280.459,2.536984,,,,,,
1780436491.154,4655619.0,4311.699,2.536978,,,,,,
1780436491.218,4655644.0,4344.806,2.537044,,,,,,
1780436491.218,4655669.0,4383.59,2.537169,,,,,,
1780436491.219,4655694.0,4427.596,2.53717,,,,,,
1780436491.277,4655719.0,4472.53,2.537083,,,,,,
1780436491.278,4655744.0,4519.588,2.536988,,,,,,
1780436491.336,4655769.0,4568.795,2.536876,,,,,,
1780436491.337,4655794.0,4617.841,2.536973,,,,,,
1780436491.338,4655819.0,4668.67,2.536938,,,,,,
1780436491.405,4655844.0,4719.394,2.536833,,,,,,
1780436491.406,4655869.0,4769.595,2.536814,,,,,,
1780436491.467,4655894.0,4820.822,2.536686,,,,,,
1780436491.468,4655919.0,4871.492,2.536535,,,,,,
1780436491.469,4655944.0,4921.851,2.536255,,,,,,
1780436491.530,4655969.0,4971.428,2.536149,,,,,,
1780436491.532,4655994.0,5020.379,2.536032,,,,,,
1780436491.586,4656019.0,5069.118,2.535749,,,,,,
1780436491.587,4656044.0,5117.876,2.535583,,,,,,
1780436491.587,4656069.0,5162.499,2.535246,,,,,,
1780436491.653,4656094.0,5206.32,2.534964,,,,,,
1780436491.654,4656119.0,5243.275,2.534504,,,,,,
1780436491.720,4656144.0,5276.899,2.53416,,,,,,
1780436491.721,4656169.0,5304.208,2.533885,,,,,,
1780436491.722,4656194.0,5328.145,2.533717,,,,,,
1780436491.791,4656219.0,5346.51,2.533579,,,,,,
1780436491.792,4656244.0,5361.219,2.53351,,,,,,
1780436491.794,4656269.0,5372.159,2.53343,,,,,,
1780436491.852,4656294.0,5373.747,2.533485,,,,,,
1780436491.853,4656319.0,5367.076,2.533513,,,,,,
1780436491.915,4656344.0,5353.0,2.533609,,,,,,
1780436491.916,4656369.0,5332.686,2.533726,,,,,,
1780436491.916,4656394.0,5308.002,2.533931,,,,,,
1780436491.970,4656419.0,5282.51,2.534047,,,,,,
1780436491.971,4656444.0,5253.886,2.534169,,,,,,
1780436492.037,4656469.0,5222.189,2.534303,,,,,,
1780436492.038,4656494.0,5184.309,2.534498,,,,,,
1780436492.040,4656519.0,5145.018,2.534827,,,,,,
1780436492.084,4656544.0,5097.686,2.534947,,,,,,
1780436492.157,4656569.0,5049.143,2.535156,,,,,,
1780436492.158,4656594.0,4998.979,2.535362,,,,,,
1780436492.159,4656619.0,4948.647,2.535508,,,,,,
1780436492.160,4656644.0,4897.822,2.535718,,,,,,
1780436492.215,4656669.0,4846.543,2.535854,,,,,,
1780436492.216,4656694.0,4794.556,2.536014,,,,,,
1780436492.278,4656719.0,4741.938,2.536167,,,,,,
1780436492.279,4656744.0,4689.606,2.536357,,,,,,
1780436492.343,4656769.0,4637.326,2.53654,,,,,,
1780436492.344,4656794.0,4586.675,2.536652,,,,,,
1780436492.346,4656819.0,4537.237,2.536705,,,,,,
1780436492.415,4656844.0,4489.724,2.536819,,,,,,
1780436492.416,4656869.0,4444.311,2.536812,,,,,,
1780436492.417,4656894.0,4400.713,2.536779,,,,,,
1780436492.469,4656919.0,4360.866,2.536644,,,,,,
1780436492.470,4656944.0,4323.829,2.536748,,,,,,
1780436492.522,4656969.0,4293.478,2.536669,,,,,,
1780436492.523,4656994.0,4267.047,2.536651,,,,,,
1780436492.585,4657019.0,4242.886,2.536665,,,,,,
1780436492.586,4657044.0,4219.028,2.536569,,,,,,
1780436492.587,4657069.0,4196.511,2.536477,,,,,,
1780436492.650,4657094.0,4176.707,2.536498,,,,,,
1780436492.651,4657119.0,4162.806,2.536307,,,,,,
1780436492.718,4657144.0,4148.811,2.536152,,,,,,
1780436492.719,4657169.0,4142.887,2.536181,,,,,,
1780436492.719,4657194.0,4138.121,2.536142,,,,,,
1780436492.766,4657219.0,4136.323,2.535961,,,,,,
1780436492.767,4657244.0,4135.235,2.535882,,,,,,
1780436492.789,4657269.0,4134.563,2.535767,,,,,,
1780436492.811,4657294.0,4134.723,2.535706,,,,,,
1780436492.854,4657319.0,4135.799,2.53579,,,,,,
1780436492.866,4657344.0,4137.86,2.535993,,,,,,
1780436492.888,4657369.0,4140.978,2.536041,,,,,,
1780436492.912,4657394.0,4145.214,2.536033,,,,,,
1780436492.945,4657419.0,4149.437,2.536154,,,,,,
1780436492.969,4657444.0,4155.33,2.53626,,,,,,
1780436492.994,4657469.0,4167.03,2.536283,,,,,,
1780436493.020,4657494.0,4180.435,2.536411,,,,,,
1780436493.045,4657519.0,4199.082,2.53657,,,,,,
1780436493.071,4657544.0,4220.859,2.536688,,,,,,
1780436493.095,4657569.0,4245.562,2.536725,,,,,,
1780436493.119,4657594.0,4275.553,2.536812,,,,,,
1780436493.143,4657619.0,4308.409,2.536981,,,,,,
1780436493.166,4657644.0,4342.964,2.536903,,,,,,
1780436493.232,4657669.0,4382.021,2.536943,,,,,crack_output on,OK crack_output on
1780436493.233,4657694.0,4425.824,2.536898,,,,,,
1780436493.289,4657719.0,4469.668,2.536847,,,,,,
1780436493.291,4657744.0,4516.875,2.536839,,,,,,
1780436493.292,4657769.0,4565.604,2.536787,,,,,,
1780436493.353,4657794.0,4615.075,2.536598,,,,,,
1780436493.355,4657819.0,4665.936,2.536418,,,,,,
1780436493.429,4657844.0,4716.304,2.536324,,,,,,
1780436493.430,4657869.0,4766.992,2.536266,,,,,,
1780436493.430,4657894.0,4817.853,2.536143,,,,,,
1780436493.500,4657919.0,4868.365,2.536029,,,,,,
1780436493.501,4657944.0,4919.222,2.535806,,,,,,
1780436493.502,4657969.0,4969.788,2.535447,,,,,,
1780436493.574,4657994.0,5019.514,2.535284,,,,,,
1780436493.575,4658019.0,5068.746,2.535196,,,,,,
1780436493.576,4658044.0,5118.288,2.534855,,,,,,
1780436493.620,4658069.0,5166.064,2.534701,,,,,,
1780436493.620,4658094.0,5207.916,2.534415,,,,,,
1780436493.695,4658119.0,5246.045,2.534243,,,,,,
1780436493.697,4658144.0,5276.588,2.533855,,,,,,
1780436493.698,4658169.0,5300.682,2.533704,,,,,,
1780436493.752,4658194.0,5318.875,2.533446,,,,,,
1780436493.753,4658219.0,5327.959,2.533391,,,,,,
1780436493.817,4658244.0,5329.567,2.533303,,,,,,
1780436493.819,4658269.0,5323.851,2.533394,,,,,,
1780436493.820,4658294.0,5309.561,2.533489,,,,,,
1780436493.877,4658319.0,5289.983,2.533747,,,,,,
1780436493.878,4658344.0,5270.248,2.533804,,,,,,
1780436493.933,4658369.0,5247.168,2.533934,,,,,,
1780436493.934,4658394.0,5222.486,2.534137,,,,,,
1780436493.935,4658419.0,5195.602,2.534398,,,,,,
1780436493.999,4658444.0,5167.2,2.53457,,,,,,
1780436494.000,4658469.0,5137.922,2.534807,,,,,,
1780436494.049,4658494.0,5108.112,2.534971,,,,,,
1780436494.051,4658519.0,5076.234,2.535281,,,,,,
1780436494.114,4658544.0,5044.057,2.535577,,,,,,
1780436494.116,4658569.0,5009.869,2.535858,,,,,,
1780436494.117,4658594.0,4974.553,2.536059,,,,,,
1780436494.174,4658619.0,4938.324,2.536226,,,,,,
1780436494.175,4658644.0,4899.95,2.536314,,,,,,
1780436494.239,4658669.0,4871.143,2.536726,,,,,,
1780436494.239,4658694.0,4851.256,2.536852,,,,,,
1780436494.240,4658719.0,4828.245,2.537129,,,,,,
1780436494.303,4658744.0,4789.668,2.537093,,,,,,
1780436494.304,4658769.0,4752.464,2.537484,,,,,,
1780436494.374,4658794.0,4717.713,2.537633,,,,,,
1780436494.375,4658819.0,4691.465,2.537763,,,,,,
1780436494.376,4658844.0,4670.619,2.537922,,,,,,
1780436494.433,4658869.0,4655.307,2.537937,,,,,,
1780436494.434,4658894.0,4642.696,2.537992,,,,,,
1780436494.500,4658919.0,4632.762,2.537945,,,,,,
1780436494.501,4658944.0,4621.275,2.53786,,,,,,
1780436494.502,4658969.0,4616.771,2.53791,,,,,,
1780436494.561,4658994.0,4635.545,2.537687,,,,,,
1780436494.563,4659019.0,4664.553,2.537316,,,,,,
1780436494.564,4659044.0,4693.541,2.536926,,,,,,
1780436494.626,4659069.0,4715.222,2.536771,,,,,,
1780436494.627,4659094.0,4706.748,2.536689,,,,,,
1780436494.688,4659119.0,4694.281,2.536615,,,,,,
1780436494.690,4659144.0,4696.289,2.536619,,,,,,
1780436494.690,4659169.0,4717.275,2.536573,,,,,,
1780436494.765,4659194.0,4737.668,2.536468,,,,,,
1780436494.766,4659219.0,4758.906,2.53642,,,,,,
1780436494.767,4659244.0,4770.138,2.536377,,,,,,
1780436494.833,4659269.0,4774.028,2.53642,,,,,,
1780436494.835,4659294.0,4766.256,2.536181,,,,,,
1780436494.835,4659319.0,4765.663,2.536276,,,,,,
1780436494.880,4659344.0,4793.105,2.535938,,,,,,
1780436494.933,4659369.0,4838.184,2.535663,,,,,,
1780436494.934,4659394.0,4864.398,2.535338,,,,,,
1780436494.935,4659419.0,4857.025,2.535153,,,,,,
1780436495.000,4659444.0,4854.095,2.535129,,,,,,
1780436495.001,4659469.0,4854.002,2.535037,,,,,,
1780436495.064,4659494.0,4870.155,2.534964,,,,,,
1780436495.065,4659519.0,4897.956,2.534775,,,,,,
1780436495.065,4659544.0,4927.089,2.534578,,,,,,
1780436495.112,4659569.0,4932.18,2.534539,,,,,,
1780436495.113,4659594.0,4930.262,2.534505,,,,,,
1780436495.183,4659619.0,4902.646,2.534775,,,,,,
1780436495.183,4659644.0,4870.666,2.535124,,,,,,
1780436495.245,4659669.0,4863.19,2.535295,,,,,,
1780436495.246,4659694.0,4877.201,2.535071,,,,,,
1780436495.247,4659719.0,4910.308,2.534941,,,,,,
1780436495.309,4659744.0,4904.227,2.534763,,,,,,
1780436495.310,4659769.0,4890.346,2.534598,,,,,,
1780436495.310,4659794.0,4862.163,2.534591,,,,,,
1780436495.361,4659819.0,4855.653,2.534573,,,,,,
1780436495.362,4659844.0,4864.535,2.534517,,,,,,
1780436495.428,4659869.0,4885.85,2.534313,,,,,,
1780436495.429,4659894.0,4900.101,2.53431,,,,,,
1780436495.487,4659919.0,4903.487,2.534422,,,,,,
1780436495.487,4659944.0,4885.116,2.534343,,,,,,
1780436495.488,4659969.0,4851.271,2.53466,,,,,,
1780436495.552,4659994.0,4834.262,2.5351,,,,,,
1780436495.553,4660019.0,4849.068,2.535195,,,,,,
1780436495.622,4660044.0,4893.333,2.535084,,,,,,
1780436495.623,4660069.0,4905.903,2.535149,,,,,,
1780436495.624,4660094.0,4897.211,2.53505,,,,,,
1780436495.695,4660119.0,4876.816,2.534962,,,,,,
1780436495.696,4660144.0,4857.321,2.535055,,,,,,
1780436495.696,4660169.0,4857.588,2.535087,,,,,,
1780436495.766,4660194.0,4890.801,2.53487,,,,,,
1780436495.767,4660219.0,4918.356,2.534666,,,,,,
1780436495.768,4660244.0,4930.598,2.534614,,,,,,
1780436495.831,4660269.0,4927.43,2.534544,,,,,,
1780436495.832,4660294.0,4900.872,2.534769,,,,,,
1780436495.897,4660319.0,4878.443,2.535158,,,,,,
1780436495.897,4660344.0,4881.877,2.535056,,,,,,
1780436495.898,4660369.0,4929.174,2.535144,,,,,,
1780436495.945,4660394.0,4959.209,2.535015,,,,,,
1780436495.945,4660419.0,4956.032,2.534967,,,,,,
1780436495.995,4660444.0,4936.787,2.5351,,,,,,
1780436495.996,4660469.0,4908.391,2.535313,,,,,,
1780436496.065,4660494.0,4896.809,2.535601,,,,,,
1780436496.066,4660519.0,4914.249,2.535323,,,,,,
1780436496.067,4660544.0,4943.315,2.535129,,,,,,
1780436496.129,4660569.0,4958.353,2.535173,,,,,,
1780436496.131,4660594.0,4952.722,2.535268,,,,,,
1780436496.191,4660619.0,4931.663,2.535352,,,,,,
1780436496.192,4660644.0,4909.46,2.535586,,,,,,
1780436496.194,4660669.0,4903.455,2.535875,,,,,,
1780436496.264,4660694.0,4927.403,2.535713,,,,,,
1780436496.265,4660719.0,4961.629,2.53585,,,,,,
1780436496.266,4660744.0,4967.878,2.535887,,,,,,
1780436496.329,4660769.0,4955.057,2.536059,,,,,,
1780436496.330,4660794.0,4926.697,2.536335,,,,,,
1780436496.398,4660819.0,4907.011,2.536679,,,,,,
1780436496.398,4660844.0,4910.053,2.536858,,,,,,
1780436496.399,4660869.0,4932.862,2.536748,,,,,,
1780436496.445,4660894.0,4949.286,2.536819,,,,,,
1780436496.446,4660919.0,4953.565,2.536978,,,,,,
1780436496.532,4660944.0,4932.761,2.537289,,,,,,
1780436496.532,4660969.0,4903.731,2.537841,,,,,,
1780436496.534,4660994.0,4891.621,2.538182,,,,,,
1780436496.614,4661019.0,4905.45,2.538389,,,,,,
1780436496.614,4661044.0,4943.503,2.538429,,,,,,
1780436496.614,4661069.0,4958.588,2.538578,,,,,,
1780436496.615,4661094.0,4947.852,2.538744,,,,,,
1780436496.661,4661119.0,4924.385,2.539021,,,,,,
1780436496.662,4661144.0,4897.576,2.539493,,,,,,
1780436496.714,4661169.0,4892.68,2.539752,,,,,,
1780436496.715,4661194.0,4915.14,2.539675,,,,,,
1780436496.801,4661219.0,4941.513,2.539539,,,,,,
1780436496.803,4661244.0,4943.088,2.539707,,,,,,
1780436496.804,4661269.0,4927.055,2.539905,,,,,,
1780436496.900,4661294.0,4903.794,2.540175,,,,,,
1780436496.902,4661319.0,4888.539,2.540409,,,,,,
1780436496.903,4661344.0,4894.446,2.540432,,,,,,
1780436496.904,4661369.0,4921.524,2.540465,,,,,,
1780436496.962,4661394.0,4951.489,2.540298,,,,,,
1780436496.962,4661419.0,4942.182,2.540322,,,,,,
1780436496.963,4661444.0,4925.169,2.540379,,,,,,
1780436497.014,4661469.0,4895.464,2.540702,,,,,,
1780436497.015,4661494.0,4882.809,2.540863,,,,,,
1780436497.082,4661519.0,4898.605,2.540685,,,,,,
1780436497.083,4661544.0,4925.316,2.540351,,,,,,
1780436497.147,4661569.0,4935.418,2.540341,,,,,,
1780436497.148,4661594.0,4929.439,2.540323,,,,,,
1780436497.148,4661619.0,4905.533,2.540234,,,,,,
1780436497.211,4661644.0,4879.799,2.54038,,,,,,
1780436497.212,4661669.0,4874.335,2.540458,,,,,,
1780436497.212,4661694.0,4896.318,2.540153,,,,,,
1780436497.270,4661719.0,4932.103,2.539845,,,,,,
1780436497.271,4661744.0,4941.041,2.539633,,,,,,
1780436497.346,4661769.0,4928.786,2.539463,,,,,,
1780436497.347,4661794.0,4899.728,2.539478,,,,,,
1780436497.348,4661819.0,4877.674,2.53953,,,,,,
1780436497.411,4661844.0,4881.802,2.539294,,,,,,
1780436497.411,4661869.0,4911.245,2.538853,,,,,,
1780436497.412,4661894.0,4930.755,2.538507,,,,,,
1780436497.461,4661919.0,4931.306,2.538297,,,,,,
1780436497.461,4661944.0,4911.747,2.53827,,,,,,
1780436497.523,4661969.0,4883.788,2.538286,,,,,,
1780436497.523,4661994.0,4873.535,2.538337,,,,,,
1780436497.586,4662019.0,4881.834,2.538247,,,,,,
1780436497.587,4662044.0,4923.128,2.537901,,,,,,
1780436497.587,4662069.0,4945.913,2.537609,,,,,,
1780436497.645,4662094.0,4934.274,2.53725,,,,,,
1780436497.646,4662119.0,4911.542,2.537126,,,,,,
1780436497.714,4662144.0,4884.963,2.537258,,,,,,
1780436497.714,4662169.0,4879.547,2.537318,,,,,,
1780436497.715,4662194.0,4905.65,2.536869,,,,,,
1780436497.780,4662219.0,4933.961,2.536479,,,,,,
1780436497.781,4662244.0,4944.26,2.536394,,,,,,
1780436497.845,4662269.0,4932.531,2.536124,,,,,,
1780436497.846,4662294.0,4907.569,2.536133,,,,,,
1780436497.847,4662319.0,4890.271,2.536087,,,,,,
1780436497.895,4662344.0,4892.974,2.535992,,,,,,
1780436497.896,4662369.0,4921.379,2.535709,,,,,,
1780436497.968,4662394.0,4947.495,2.535548,,,,,,
1780436497.968,4662419.0,4937.44,2.535236,,,,,,
1780436497.969,4662444.0,4920.651,2.535098,,,,,,
1780436498.027,4662469.0,4890.39,2.535251,,,,,,
1780436498.028,4662494.0,4876.991,2.535428,,,,,,
1780436498.080,4662519.0,4893.864,2.53524,,,,,,
1780436498.090,4662544.0,4923.378,2.53499,,,,,,
1780436498.091,4662569.0,4930.162,2.534955,,,,,,
1780436498.144,4662594.0,4927.811,2.534828,,,,,,
1780436498.145,4662619.0,4905.913,2.534766,,,,,,
1780436498.211,4662644.0,4882.653,2.534924,,,,,,
1780436498.211,4662669.0,4876.713,2.535054,,,,,,
1780436498.212,4662694.0,4884.943,2.535099,,,,,,
1780436498.298,4662719.0,4920.46,2.535087,,,,,,
1780436498.299,4662744.0,4926.707,2.535125,,,,,,
1780436498.301,4662769.0,4917.096,2.535091,,,,,,
1780436498.378,4662794.0,4889.076,2.535123,,,,,,
1780436498.378,4662819.0,4868.257,2.535374,,,,,,
1780436498.378,4662844.0,4873.038,2.535423,,,,,,
1780436498.447,4662869.0,4898.176,2.535206,,,,,,
1780436498.448,4662894.0,4917.321,2.535256,,,,,,
1780436498.449,4662919.0,4922.38,2.535247,,,,,,
1780436498.523,4662944.0,4903.105,2.535387,,,,,,
1780436498.524,4662969.0,4876.7,2.535493,,,,,,
1780436498.525,4662994.0,4860.758,2.535842,,,,,,
1780436498.598,4663019.0,4867.737,2.535966,,,,,,
1780436498.599,4663044.0,4905.236,2.536079,,,,,,
1780436498.600,4663069.0,4926.086,2.536106,,,,,,
1780436498.662,4663094.0,4913.968,2.536062,,,,,,
1780436498.663,4663119.0,4892.099,2.535994,,,,,,
1780436498.664,4663144.0,4865.465,2.536136,,,,,,
1780436498.728,4663169.0,4862.018,2.536245,,,,,,
1780436498.729,4663194.0,4892.702,2.536005,,,,,,
1780436498.778,4663219.0,4918.458,2.535977,,,,,,
1780436498.779,4663244.0,4918.714,2.536006,,,,,,
1780436498.847,4663269.0,4906.241,2.535773,,,,,,
1780436498.849,4663294.0,4883.739,2.535758,,,,,,
1780436498.850,4663319.0,4872.318,2.535879,,,,,,
1780436498.930,4663344.0,4872.003,2.535867,,,,,,
1780436498.931,4663369.0,4889.251,2.535661,,,,,,
1780436498.933,4663394.0,4911.509,2.535687,,,,,,
1780436499.030,4663419.0,4904.119,2.535486,,,,,,
1780436499.031,4663444.0,4886.717,2.535324,,,,,,
1780436499.032,4663469.0,4855.986,2.535401,,,,,,
1780436499.033,4663494.0,4841.572,2.535571,,,,,,
1780436499.098,4663519.0,4858.295,2.535444,,,,,,
1780436499.098,4663544.0,4884.217,2.535019,,,,,,
1780436499.099,4663569.0,4888.766,2.535064,,,,,,
1780436499.160,4663594.0,4887.627,2.535242,,,,,,
1780436499.160,4663619.0,4867.721,2.535202,,,,,,
1780436499.161,4663644.0,4850.801,2.535078,,,,,,
1780436499.230,4663669.0,4848.602,2.534987,,,,,,
1780436499.232,4663694.0,4851.826,2.535071,,,,,,
1780436499.296,4663719.0,4879.105,2.535282,,,,,,
1780436499.297,4663744.0,4882.819,2.535266,,,,,,
1780436499.298,4663769.0,4871.367,2.535423,,,,,,
1780436499.361,4663794.0,4841.217,2.535467,,,,,,
1780436499.361,4663819.0,4818.683,2.535702,,,,,,
1780436499.362,4663844.0,4822.952,2.535681,,,,,,
1780436499.411,4663869.0,4857.349,2.535515,,,,,,
1780436499.412,4663894.0,4876.753,2.53571,,,,,,
1780436499.480,4663919.0,4876.382,2.536107,,,,,,
1780436499.481,4663944.0,4855.615,2.5363,,,,,,
1780436499.564,4663969.0,4834.328,2.536585,,,,,,
1780436499.565,4663994.0,4831.036,2.53705,,,,,,
1780436499.566,4664019.0,4835.931,2.537297,,,,,,
1780436499.567,4664044.0,4864.84,2.537695,,,,,,
1780436499.648,4664069.0,4881.863,2.538261,,,,,,
1780436499.649,4664094.0,4871.521,2.538794,,,,,,
1780436499.651,4664119.0,4849.461,2.53932,,,,,,
1780436499.727,4664144.0,4821.963,2.540043,,,,,,
1780436499.727,4664169.0,4817.742,2.540581,,,,,,
1780436499.728,4664194.0,4850.131,2.540708,,,,,,
1780436499.793,4664219.0,4872.936,2.540893,,,,,,
1780436499.793,4664244.0,4871.803,2.541579,,,,,,
1780436499.793,4664269.0,4858.374,2.542464,,,,,,
1780436499.857,4664294.0,4832.599,2.543463,,,,,,
1780436499.859,4664319.0,4822.6,2.544392,,,,,,
1780436499.949,4664344.0,4826.915,2.544853,,,,,,
1780436499.951,4664369.0,4842.318,2.545722,,,,,,
1780436499.952,4664394.0,4858.354,2.546408,,,,,,
1780436499.953,4664419.0,4851.631,2.547204,,,,,,
1780436500.049,4664444.0,4833.796,2.548095,,,,,,
1780436500.050,4664469.0,4801.701,2.549061,,,,,,
1780436500.051,4664494.0,4788.797,2.549977,,,,,,
1780436500.052,4664519.0,4807.315,2.550372,,,,,,
1780436500.127,4664544.0,4837.685,2.550473,,,,,,
1780436500.129,4664569.0,4842.583,2.551022,,,,,,
1780436500.130,4664594.0,4842.273,2.551524,,,,,,
1780436500.213,4664619.0,4824.939,2.55204,,,,,,
1780436500.214,4664644.0,4811.085,2.552463,,,,,,
1780436500.216,4664669.0,4814.699,2.552671,,,,,,
1780436500.217,4664694.0,4825.637,2.552715,,,,,,
1780436500.293,4664719.0,4852.896,2.55259,,,,,,
1780436500.294,4664744.0,4852.613,2.552697,,,,,,
1780436500.294,4664769.0,4840.403,2.552757,,,,,,
1780436500.365,4664794.0,4810.986,2.553283,,,,,,
1780436500.366,4664819.0,4788.59,2.553731,,,,,,
1780436500.367,4664844.0,4793.766,2.553764,,,,,,
1780436500.447,4664869.0,4829.692,2.553173,,,,,,
1780436500.448,4664894.0,4846.882,2.552806,,,,,,
1780436500.448,4664919.0,4852.332,2.552388,,,,,,
1780436500.527,4664944.0,4841.857,2.551748,,,,,,
1780436500.527,4664969.0,4826.906,2.551574,,,,,,
1780436500.528,4664994.0,4829.833,2.550986,,,,,,
1780436500.602,4665019.0,4845.918,2.550263,,,,,,
1780436500.602,4665044.0,4878.863,2.549589,,,,,,
1780436500.603,4665069.0,4900.451,2.548704,,,,,,
1780436500.678,4665094.0,4889.449,2.547976,,,,,,
1780436500.679,4665119.0,4866.146,2.547411,,,,,,
1780436500.680,4665144.0,4837.671,2.547174,,,,,,
1780436500.745,4665169.0,4832.155,2.546732,,,,,,
1780436500.745,4665194.0,4866.504,2.545864,,,,,,
1780436500.746,4665219.0,4889.806,2.545225,,,,,,
1780436500.815,4665244.0,4887.986,2.544518,,,,,,
1780436500.819,4665269.0,4875.934,2.543853,,,,,,
1780436500.820,4665294.0,4852.085,2.543467,,,,,,
1780436500.917,4665319.0,4845.564,2.542917,,,,,,
1780436500.919,4665344.0,4854.557,2.5424,,,,,,
1780436500.920,4665369.0,4879.444,2.541718,,,,,,
1780436500.921,4665394.0,4901.597,2.541118,,,,,,
1780436500.996,4665419.0,4894.885,2.540272,,,,,,
1780436500.997,4665444.0,4880.562,2.539569,,,,,,
1780436501.169,4665469.0,4850.003,2.539184,0.0109,103.60183,4665269.5,2.397934,,
1780436501.171,4665590.0,4820.595,2.538952,,,,,,
1780436501.172,4665615.0,4807.074,2.538684,,,,,,
1780436501.173,4665640.0,4816.72,2.538235,,,,,,
1780436501.281,4665665.0,4843.225,2.537899,,,,,,
1780436501.282,4665690.0,4866.636,2.537242,,,,,,
1780436501.283,4665715.0,4871.364,2.536896,,,,,,
1780436501.284,4665740.0,4855.144,2.53676,,,,,,
1780436501.285,4665765.0,4826.529,2.536665,,,,,,
1780436501.363,4665790.0,4809.804,2.536586,,,,,,
1780436501.364,4665815.0,4830.172,2.536572,,,,,,
1780436501.365,4665840.0,4861.222,2.536312,,,,,,
1780436501.446,4665865.0,4887.908,2.535881,,,,,,
1780436501.447,4665890.0,4883.378,2.535751,,,,,,
1780436501.449,4665915.0,4849.317,2.535871,,,,,,
1780436501.545,4665940.0,4822.411,2.53584,,,,,,
1780436501.546,4665965.0,4829.69,2.535748,,,,,,
1780436501.547,4665990.0,4861.38,2.535652,,,,,,
1780436501.547,4666015.0,4900.277,2.535264,,,,,,
1780436501.632,4666040.0,4917.496,2.535083,,,,,,
1780436501.633,4666065.0,4911.177,2.535108,,,,,,
1780436501.635,4666090.0,4878.872,2.53522,,,,,,
1780436501.636,4666115.0,4859.531,2.535254,,,,,,
1780436501.745,4666140.0,4871.341,2.535433,,,,,,
1780436501.746,4666165.0,4898.984,2.535399,,,,,,
1780436501.747,4666190.0,4935.121,2.535141,,,,,,
1780436501.749,4666215.0,4965.651,2.534945,,,,,,
1780436501.830,4666240.0,4994.186,2.534648,,,,,,
1780436501.832,4666265.0,4984.022,2.534781,,,,,,
1780436501.833,4666290.0,4958.149,2.535005,,,,,,
1780436501.834,4666315.0,4939.121,2.535283,,,,,,
1780436501.911,4666340.0,4937.979,2.535321,,,,,,
1780436501.912,4666365.0,4947.642,2.535433,,,,,,
1780436501.913,4666390.0,4969.396,2.535373,,,,,,
1780436501.998,4666415.0,4966.272,2.535296,,,,,,
1780436501.999,4666440.0,4952.796,2.535192,,,,,,
1780436502.001,4666465.0,4923.171,2.53529,,,,,,
1780436502.098,4666490.0,4907.019,2.535472,,,,,,
1780436502.099,4666515.0,4918.347,2.535421,,,,,,
1780436502.100,4666540.0,4949.864,2.535192,,,,,,
1780436502.101,4666565.0,4956.612,2.535051,,,,,,
1780436502.181,4666590.0,4952.233,2.535183,,,,,,
1780436502.182,4666615.0,4919.838,2.535295,,,,,,
1780436502.183,4666640.0,4887.375,2.535786,,,,,,
1780436502.184,4666665.0,4872.863,2.535855,,,,,,
1780436502.281,4666690.0,4875.665,2.535843,,,,,,
1780436502.282,4666715.0,4902.64,2.535789,,,,,,
1780436502.283,4666740.0,4908.709,2.535639,,,,,,
1780436502.283,4666765.0,4900.838,2.535591,,,,,,
1780436502.364,4666790.0,4873.226,2.535739,,,,,,
1780436502.366,4666815.0,4846.851,2.536129,,,,,,
1780436502.367,4666840.0,4842.943,2.536274,,,,,,
1780436502.463,4666865.0,4849.288,2.536275,,,,,,
1780436502.464,4666890.0,4864.319,2.536114,,,,,,
1780436502.465,4666915.0,4866.8,2.535935,,,,,,
1780436502.466,4666940.0,4854.407,2.536045,,,,,,
1780436502.562,4666965.0,4831.519,2.536188,,,,,,
1780436502.563,4666990.0,4827.515,2.536266,,,,,,
1780436502.564,4667015.0,4835.433,2.536284,,,,,,
1780436502.566,4667040.0,4857.925,2.536352,,,,,,
1780436502.664,4667065.0,4876.598,2.536294,,,,,,
1780436502.665,4667090.0,4864.475,2.53615,,,,,,
1780436502.665,4667115.0,4846.136,2.536178,,,,,,
1780436502.666,4667140.0,4815.304,2.536386,,,,,,
1780436502.766,4667165.0,4804.991,2.536452,,,,,,
1780436502.768,4667190.0,4833.129,2.536398,,,,,,
1780436502.769,4667215.0,4860.717,2.536206,,,,,,
1780436502.770,4667240.0,4863.528,2.53615,,,,,,
1780436502.877,4667265.0,4859.065,2.536059,,,,,,
1780436502.878,4667290.0,4840.038,2.536188,,,,,,
1780436502.880,4667315.0,4830.569,2.536382,,,,,,
1780436502.881,4667340.0,4840.169,2.536287,,,,,,
1780436502.882,4667365.0,4862.539,2.536367,,,,,,
1780436502.980,4667390.0,4890.805,2.536323,,,,,,
1780436502.982,4667415.0,4888.086,2.536223,,,,,,
1780436502.983,4667440.0,4874.111,2.536177,,,,,,
1780436502.984,4667465.0,4842.313,2.536413,,,,,,
1780436503.064,4667490.0,4824.048,2.536715,,,,,,
1780436503.065,4667515.0,4839.691,2.536733,,,,,,
1780436503.065,4667540.0,4869.669,2.536588,,,,,,
1780436503.163,4667565.0,4881.388,2.536606,,,,,,
1780436503.165,4667590.0,4884.813,2.536964,,,,,,
1780436503.166,4667615.0,4863.903,2.537202,,,,,,
1780436503.167,4667640.0,4844.946,2.537623,,,,,,
1780436503.280,4667665.0,4842.378,2.538076,,,,,,
1780436503.282,4667690.0,4847.157,2.538615,,,,,,
1780436503.283,4667715.0,4874.237,2.539496,,,,,,
1780436503.284,4667740.0,4878.416,2.540199,,,,,,
1780436503.285,4667765.0,4867.765,2.540962,,,,,,
1780436503.363,4667790.0,4839.982,2.541855,,,,,,
1780436503.364,4667815.0,4813.603,2.542786,,,,,,
1780436503.365,4667840.0,4811.886,2.543307,,,,,,
1780436503.463,4667865.0,4843.98,2.543771,,,,,,
1780436503.465,4667890.0,4861.674,2.544418,,,,,,
1780436503.466,4667915.0,4860.466,2.545898,,,,,,
1780436503.467,4667940.0,4840.771,2.547365,,,,,,
1780436503.580,4667965.0,4813.947,2.548849,,,,,,
1780436503.581,4667990.0,4801.359,2.550215,,,,,,
1780436503.582,4668015.0,4798.364,2.551489,,,,,,
1780436503.583,4668040.0,4819.1,2.552851,,,,,,
1780436503.584,4668065.0,4832.694,2.55421,,,,,,
1780436503.679,4668090.0,4818.714,2.555761,,,,,,
1780436503.680,4668115.0,4795.092,2.557408,,,,,,
1780436503.681,4668140.0,4762.295,2.559126,,,,,,
1780436503.681,4668165.0,4751.237,2.560533,,,,,,
1780436503.764,4668190.0,4775.279,2.561296,,,,,,
1780436503.765,4668215.0,4797.919,2.561848,,,,,,
1780436503.766,4668240.0,4799.08,2.563184,,,,,,
1780436503.863,4668265.0,4790.651,2.564344,,,,,,
1780436503.865,4668290.0,4769.479,2.565566,,,,,,
1780436503.866,4668315.0,4757.151,2.566602,,,,,,
1780436503.867,4668340.0,4765.079,2.566872,,,,,,
1780436503.945,4668365.0,4781.21,2.567232,,,,,,
1780436503.947,4668390.0,4803.956,2.567554,,,,,,
1780436503.948,4668415.0,4798.635,2.568072,,,,,,
1780436504.029,4668440.0,4784.879,2.568574,,,,,,
1780436504.031,4668465.0,4753.608,2.569412,,,,,,
1780436504.032,4668490.0,4735.398,2.570109,,,,,,
1780436504.033,4668515.0,4748.902,2.570163,,,,,,
1780436504.148,4668540.0,4781.034,2.569211,,,,,,
1780436504.150,4668565.0,4794.607,2.568519,,,,,,
1780436504.151,4668590.0,4795.905,2.567897,,,,,,
1780436504.152,4668615.0,4778.225,2.567298,,,,,,
1780436504.246,4668640.0,4763.434,2.566792,,,,,,
1780436504.247,4668665.0,4766.263,2.565977,,,,,,
1780436504.248,4668690.0,4777.216,2.564819,,,,,,
1780436504.248,4668715.0,4807.456,2.56326,,,,,,
1780436504.332,4668740.0,4815.387,2.561638,,,,,,
1780436504.334,4668765.0,4809.493,2.560196,,,,,,
1780436504.335,4668790.0,4783.211,2.559199,,,,,,
1780436504.336,4668815.0,4757.571,2.558528,,,,,,
1780436504.446,4668840.0,4758.205,2.557752,,,,,,
1780436504.447,4668865.0,4794.517,2.556115,,,,,,
1780436504.449,4668890.0,4815.553,2.554706,,,,,,
1780436504.450,4668915.0,4822.329,2.553272,,,,,,
1780436504.529,4668940.0,4811.198,2.551757,,,,,,
1780436504.531,4668965.0,4789.49,2.550936,,,,,,
1780436504.532,4668990.0,4782.973,2.549882,,,,,,
1780436504.533,4669015.0,4787.791,2.548703,,,,,,
1780436504.631,4669040.0,4813.144,2.547359,,,,,,
1780436504.632,4669065.0,4828.308,2.545932,,,,,,
1780436504.634,4669090.0,4819.169,2.544643,,,,,,
1780436504.635,4669115.0,4802.676,2.543461,,,,,,
1780436504.745,4669140.0,4773.297,2.542705,,,,,,
1780436504.746,4669165.0,4764.976,2.542137,,,,,,
1780436504.747,4669190.0,4791.639,2.541222,,,,,,
1780436504.748,4669215.0,4820.028,2.540335,,,,,,
1780436504.847,4669240.0,4821.227,2.539752,,,,,,
1780436504.848,4669265.0,4813.36,2.538918,,,,,,
1780436504.850,4669290.0,4794.886,2.538455,,,,,,
1780436504.851,4669315.0,4782.198,2.53833,,,,,,
1780436504.928,4669340.0,4782.583,2.538183,,,,,,
1780436504.929,4669365.0,4795.862,2.53803,,,,,,
1780436504.931,4669390.0,4813.551,2.537818,,,,,,
1780436504.932,4669415.0,4811.838,2.537464,,,,,,
1780436505.015,4669440.0,4799.852,2.537306,,,,,,
1780436505.016,4669465.0,4769.634,2.537116,,,,,,
1780436505.017,4669490.0,4749.137,2.53724,,,,,,
1780436505.110,4669515.0,4763.132,2.536826,,,,,,
1780436505.111,4669540.0,4792.965,2.536467,,,,,,
1780436505.112,4669565.0,4803.425,2.536302,,,,,,
1780436505.112,4669590.0,4803.688,2.536075,,,,,,
1780436505.196,4669615.0,4787.232,2.536069,,,,,,
1780436505.196,4669640.0,4774.31,2.536051,,,,,,
1780436505.197,4669665.0,4780.19,2.536171,,,,,,
1780436505.277,4669690.0,4794.729,2.536261,,,,,,
1780436505.278,4669715.0,4829.237,2.536173,,,,,,
1780436505.279,4669740.0,4838.195,2.536203,,,,,,
1780436505.377,4669765.0,4834.692,2.536136,,,,,,
1780436505.378,4669790.0,4807.614,2.536232,,,,,,
1780436505.379,4669815.0,4781.85,2.536417,,,,,,
1780436505.379,4669840.0,4764.705,2.536497,,,,,,
1780436505.465,4669865.0,4780.206,2.536357,,,,,,
1780436505.466,4669890.0,4792.844,2.536407,,,,,,
1780436505.466,4669915.0,4800.785,2.536454,,,,,,
1780436505.579,4669940.0,4783.689,2.536362,0.022517,60.547382,4668575.5,4.953644,,
1780436505.579,4670061.0,4781.331,2.536348,,,,,,
1780436505.678,4670086.0,4752.715,2.536059,,,,,,
1780436505.679,4670111.0,4738.754,2.536114,,,,,,
1780436505.680,4670136.0,4746.232,2.536303,,,,,,
1780436505.681,4670161.0,4770.506,2.536213,,,,,,
1780436505.762,4670186.0,4805.279,2.536007,,,,,,
1780436505.763,4670211.0,4823.432,2.535701,,,,,,
1780436505.764,4670236.0,4789.784,2.535977,,,,,,
1780436505.860,4670261.0,4756.317,2.536193,,,,,,
1780436505.862,4670286.0,4747.274,2.536324,,,,,,
1780436505.863,4670311.0,4759.645,2.536366,,,,,,
1780436505.864,4670336.0,4781.316,2.536343,,,,,,
1780436505.942,4670361.0,4791.278,2.536439,,,,,,
1780436505.942,4670386.0,4784.483,2.536407,,,,,,
1780436505.943,4670411.0,4758.348,2.536511,,,,,,
1780436506.029,4670436.0,4727.604,2.53666,,,,,,
1780436506.030,4670461.0,4719.234,2.536659,,,,,,
1780436506.031,4670486.0,4732.807,2.536888,,,,,,
1780436506.032,4670511.0,4768.592,2.536675,,,,,,
1780436506.146,4670536.0,4793.751,2.536316,,,,,,
1780436506.147,4670561.0,4796.86,2.536303,,,,,,
1780436506.148,4670586.0,4787.924,2.536357,,,,,,
1780436506.149,4670611.0,4771.845,2.536482,,,,,,
1780436506.246,4670636.0,4770.665,2.536545,,,,,,
1780436506.247,4670661.0,4800.755,2.536909,,,,,,
1780436506.249,4670686.0,4810.334,2.537199,,,,,,
1780436506.250,4670711.0,4845.339,2.537946,,,,,,
1780436506.348,4670736.0,4861.518,2.538479,,,,,,
1780436506.349,4670761.0,4847.344,2.538841,,,,,,
1780436506.350,4670786.0,4824.674,2.539459,,,,,,
1780436506.352,4670811.0,4800.062,2.540401,,,,,,
1780436506.353,4670836.0,4795.403,2.541105,,,,,,
1780436506.462,4670861.0,4831.212,2.541622,,,,,,
1780436506.463,4670886.0,4859.729,2.542221,,,,,,
1780436506.464,4670911.0,4869.846,2.543747,,,,,,
1780436506.465,4670936.0,4861.697,2.545297,,,,,,
1780436506.578,4670961.0,4856.944,2.546977,,,,,,
1780436506.579,4670986.0,4867.31,2.548727,,,,,,
1780436506.581,4671011.0,4891.834,2.550051,,,,,,
1780436506.582,4671036.0,4932.492,2.551549,,,,,,
1780436506.582,4671061.0,4976.74,2.553357,,,,,,
1780436506.664,4671086.0,4983.726,2.555952,,,,,,
1780436506.666,4671111.0,4983.472,2.558273,,,,,,
1780436506.667,4671136.0,4969.555,2.560905,,,,,,
1780436506.763,4671161.0,4972.583,2.562865,,,,,,
1780436506.765,4671186.0,5003.897,2.564232,,,,,,
1780436506.766,4671211.0,5047.274,2.565672,,,,,,
1780436506.767,4671236.0,5083.593,2.568306,,,,,,
1780436506.877,4671261.0,5114.968,2.570979,,,,,,
1780436506.878,4671286.0,5128.071,2.573779,,,,,,
1780436506.878,4671311.0,5155.604,2.575945,,,,,,
1780436506.878,4671336.0,5193.235,2.577471,,,,,,
1780436506.880,4671361.0,5243.233,2.578627,,,,,,
1780436506.982,4671386.0,5320.319,2.580054,,,,,,
1780436506.983,4671411.0,5374.697,2.582453,,,,,,
1780436506.985,4671436.0,5414.895,2.585022,,,,,,
1780436506.986,4671461.0,5438.623,2.587469,,,,,,
1780436507.079,4671486.0,5463.633,2.589293,,,,,,
1780436507.081,4671511.0,5502.75,2.590414,,,,,,
1780436507.082,4671536.0,5564.669,2.59042,,,,,,
1780436507.082,4671561.0,5628.792,2.590752,,,,,,
1780436507.165,4671586.0,5685.01,2.591288,,,,,,
1780436507.166,4671611.0,5725.079,2.591966,,,,,,
1780436507.167,4671636.0,5756.178,2.592997,,,,,,
1780436507.260,4671661.0,5793.953,2.593092,,,,,,
1780436507.260,4671686.0,5837.848,2.592526,,,,,,
1780436507.261,4671711.0,5911.731,2.591446,,,,,,
1780436507.261,4671736.0,5976.247,2.590771,,,,,,
1780436507.364,4671761.0,6029.055,2.590854,,,,,,
1780436507.365,4671786.0,6065.2,2.591387,,,,,,
1780436507.367,4671811.0,6094.678,2.592032,,,,,,
1780436507.368,4671836.0,6128.314,2.591831,,,,,,
1780436507.460,4671861.0,6178.851,2.59042,,,,,,
1780436507.461,4671886.0,6222.562,2.588745,,,,,,
1780436507.462,4671911.0,6269.773,2.587123,,,,,,
1780436507.463,4671936.0,6300.669,2.586337,,,,,,
1780436507.547,4671961.0,6323.112,2.585962,,,,,,
1780436507.549,4671986.0,6342.654,2.585433,,,,,,
1780436507.550,4672011.0,6364.188,2.584437,,,,,,
1780436507.645,4672036.0,6397.766,2.58253,,,,,,
1780436507.646,4672061.0,6434.2,2.580649,,,,,,
1780436507.647,4672086.0,6466.211,2.579607,,,,,,
1780436507.647,4672111.0,6488.963,2.579137,,,,,,
1780436507.746,4672136.0,6505.603,2.579293,,,,,,
1780436507.747,4672161.0,6520.381,2.579302,,,,,,
1780436507.748,4672186.0,6537.273,2.578651,,,,,,
1780436507.748,4672211.0,6553.472,2.577838,,,,,,
1780436507.846,4672236.0,6571.231,2.577003,,,,,,
1780436507.847,4672261.0,6585.712,2.576266,,,,,,
1780436507.848,4672286.0,6592.239,2.576249,,,,,,
1780436507.849,4672311.0,6597.361,2.57648,,,,,,
1780436507.963,4672336.0,6604.458,2.576107,,,,,,
1780436507.964,4672361.0,6613.042,2.575456,,,,,,
1780436507.965,4672386.0,6626.877,2.574394,,,,,,
1780436507.966,4672411.0,6636.075,2.574371,,,,,,
1780436507.966,4672436.0,6641.447,2.574941,,,,,,
1780436508.048,4672461.0,6642.197,2.576256,,,,,,
1780436508.049,4672486.0,6641.747,2.577593,,,,,,
1780436508.050,4672511.0,6640.913,2.579076,,,,,,
1780436508.159,4672536.0,6640.496,2.580109,,,,,,
1780436508.160,4672561.0,6639.887,2.58107,,,,,,
1780436508.160,4672586.0,6639.238,2.582047,,,,,,
1780436508.160,4672611.0,6636.076,2.583397,,,,,,
1780436508.161,4672636.0,6631.314,2.585065,,,,,,
1780436508.244,4672661.0,6626.612,2.58671,,,,,,
1780436508.245,4672686.0,6623.04,2.587925,,,,,,
1780436508.245,4672711.0,6621.444,2.588533,,,,,,
1780436508.330,4672736.0,6619.529,2.589408,,,,,,
1780436508.331,4672761.0,6617.424,2.590064,,,,,,
1780436508.331,4672786.0,6614.225,2.591136,,,,,,
1780436508.332,4672811.0,6609.921,2.592629,,,,,,
1780436508.393,4672836.0,6605.59,2.593841,,,,,,
1780436508.394,4672861.0,6601.959,2.594786,,,,,,
1780436508.480,4672886.0,6599.109,2.595872,,,,,,
1780436508.481,4672911.0,6597.045,2.59695,,,,,,
1780436508.482,4672936.0,6593.856,2.598019,,,,,,
1780436508.483,4672961.0,6588.929,2.599604,,,,,,
1780436508.596,4672986.0,6583.979,2.601052,,,,,,
1780436508.598,4673011.0,6580.015,2.602123,,,,,,
1780436508.599,4673036.0,6579.186,2.602585,,,,,,
1780436508.600,4673061.0,6579.001,2.602801,,,,,,
1780436508.697,4673086.0,6579.073,2.602774,,,,,,
1780436508.698,4673111.0,6579.199,2.602726,,,,,,
1780436508.698,4673136.0,6579.226,2.602862,,,,,,
1780436508.699,4673161.0,6579.266,2.602847,,,,,,
1780436508.796,4673186.0,6579.304,2.602832,,,,,,
1780436508.798,4673211.0,6579.377,2.602804,,,,,,
1780436508.799,4673236.0,6579.251,2.602852,,,,,,
1780436508.800,4673261.0,6579.277,2.602842,,,,,,
1780436508.910,4673286.0,6579.257,2.60285,,,,,,
1780436508.912,4673311.0,6579.297,2.602834,,,,,,
1780436508.913,4673336.0,6579.185,2.602877,,,,,,
1780436508.915,4673361.0,6579.166,2.602739,,,,,,
1780436508.916,4673386.0,6579.014,2.602796,,,,,,
1780436509.028,4673411.0,6579.12,2.602755,,,,,,
1780436509.029,4673436.0,6579.073,2.602773,,,,,,
1780436509.029,4673461.0,6579.067,2.602776,,,,,,
1780436509.030,4673486.0,6578.928,2.602829,,,,,,
1780436509.031,4673511.0,6578.131,2.602986,,,,,,
1780436509.112,4673536.0,6577.25,2.603176,,,,,,
1780436509.114,4673561.0,6576.512,2.603457,,,,,,
1780436509.115,4673586.0,6575.734,2.603608,,,,,,
1780436509.226,4673611.0,6575.016,2.603881,,,,,,
1780436509.227,4673636.0,6574.16,2.604207,,,,,,
1780436509.228,4673661.0,6573.369,2.604363,,,,,,
1780436509.229,4673686.0,6572.645,2.604493,,,,,,
1780436509.230,4673711.0,6571.979,2.604746,,,,,,
1780436509.329,4673736.0,6571.097,2.605082,,,,,,
1780436509.330,4673761.0,6570.373,2.605212,,,,,,
1780436509.332,4673786.0,6569.51,2.605541,,,,,,
1780436509.333,4673811.0,6568.786,2.605816,,,,,,
1780436509.415,4673836.0,6568.061,2.606092,,,,,,
1780436509.416,4673861.0,6567.508,2.606303,,,,,,
1780436509.418,4673886.0,6566.645,2.606632,,,,,,
1780436509.529,4673911.0,6566.02,2.606724,,,,,,
1780436509.530,4673936.0,6565.281,2.607005,,,,,,
1780436509.531,4673961.0,6564.59,2.607415,,,,,,
1780436509.532,4673986.0,6564.004,2.607638,,,,,,
1780436509.533,4674011.0,6563.484,2.607836,,,,,,
1780436509.628,4674036.0,6562.688,2.60814,,,,,,
1780436509.629,4674061.0,6561.969,2.608267,,,,,,
1780436509.630,4674086.0,6561.337,2.608508,,,,,,
1780436509.631,4674111.0,6560.757,2.608729,,,,,,
1780436509.712,4674136.0,6560.928,2.608664,,,,,,
1780436509.714,4674161.0,6560.986,2.608788,,,,,,
1780436509.715,4674186.0,6560.928,2.60881,,,,,,
1780436509.809,4674211.0,6560.868,2.608833,,,,,,
1780436509.811,4674236.0,6560.993,2.608785,,,,,,
1780436509.812,4674261.0,6561.032,2.60877,,,,,,
1780436509.813,4674286.0,6561.013,2.608778,,,,,,
1780436509.914,4674311.0,6561.025,2.608773,,,,,,
1780436509.915,4674336.0,6561.059,2.60876,,,,,,
1780436509.917,4674361.0,6561.131,2.608733,,,,,,
1780436509.918,4674386.0,6561.013,2.608778,,,,,,
1780436510.026,4674411.0,6560.987,2.608788,,,,,,
1780436510.027,4674436.0,6561.006,2.60878,,,,,,
1780436510.029,4674461.0,6560.987,2.608787,,,,,,
1780436510.127,4674486.0,6560.993,2.608785,0.072698,190.705017,4674430.0,15.993566,,
1780436510.128,4674607.0,6561.033,2.60877,,,,,,
1780436510.261,4674632.0,6560.822,2.60885,,,,,,
1780436510.262,4674657.0,6560.783,2.608865,,,,,,
1780436510.263,4674682.0,6560.829,2.608702,,,,,,
1780436510.263,4674707.0,6560.822,2.608704,,,,,,
1780436510.264,4674732.0,6560.685,2.608757,,,,,,
1780436510.361,4674757.0,6560.85,2.608694,,,,,,
1780436510.366,4674782.0,6560.81,2.608709,,,,,,
1780436510.367,4674807.0,6560.73,2.608739,,,,,,
1780436510.368,4674832.0,6560.487,2.608832,,,,,,
1780436510.445,4674857.0,6560.547,2.608809,,,,,,
1780436510.446,4674882.0,6560.606,2.60864,,,,,,
1780436510.447,4674907.0,6560.75,2.608585,,,,,,
1780436510.448,4674932.0,6560.757,2.608583,,,,,,
1780436510.543,4674957.0,6560.705,2.608603,,,,,,
1780436510.545,4674982.0,6560.737,2.608591,,,,,,
1780436510.546,4675007.0,6560.665,2.608618,,,,,,
1780436510.661,4675032.0,6560.54,2.608666,,,,,,
1780436510.663,4675057.0,6560.533,2.608668,,,,,,
1780436510.664,4675082.0,6560.52,2.608673,,,,,,
1780436510.665,4675107.0,6560.625,2.608779,,,,,,
1780436510.666,4675132.0,6560.69,2.608754,,,,,,
1780436510.759,4675157.0,6560.67,2.608762,,,,,,
1780436510.761,4675182.0,6560.585,2.608794,,,,,,
1780436510.762,4675207.0,6560.572,2.608799,,,,,,
1780436510.763,4675232.0,6560.592,2.608792,,,,,,
1780436510.862,4675257.0,6560.789,2.608717,,,,,,
1780436510.864,4675282.0,6560.763,2.608727,,,,,,
1780436510.865,4675307.0,6560.855,2.608692,,,,,,
1780436510.866,4675332.0,6560.775,2.608868,,,,,,
1780436510.977,4675357.0,6560.92,2.608813,,,,,,
1780436510.979,4675382.0,6560.757,2.609021,,,,,,
1780436510.980,4675407.0,6560.915,2.608961,,,,,,
1780436510.981,4675432.0,6560.869,2.608979,,,,,,
1780436510.983,4675457.0,6561.131,2.608878,,,,,,
1780436511.076,4675482.0,6560.921,2.608958,,,,,,
1780436511.077,4675507.0,6560.967,2.608941,,,,,,
1780436511.077,4675532.0,6560.935,2.608953,,,,,,
1780436511.078,4675557.0,6560.908,2.608963,,,,,,
1780436511.163,4675582.0,6560.862,2.608981,,,,,,
1780436511.164,4675607.0,6560.861,2.608981,,,,,,
1780436511.164,4675632.0,6560.967,2.608941,,,,,,
1780436511.246,4675657.0,6561.078,2.608899,,,,,,
1780436511.247,4675682.0,6561.013,2.60907,,,,,,
1780436511.249,4675707.0,6561.019,2.609067,,,,,,
1780436511.250,4675732.0,6561.013,2.60907,,,,,,
1780436511.361,4675757.0,6561.0,2.609075,,,,,,
1780436511.362,4675782.0,6561.027,2.609064,,,,,,
1780436511.363,4675807.0,6561.04,2.609059,,,,,,
1780436511.363,4675832.0,6560.869,2.609124,,,,,,
1780436511.476,4675857.0,6560.784,2.609157,,,,,,
1780436511.477,4675882.0,6560.619,2.609219,,,,,,
1780436511.477,4675907.0,6560.58,2.609235,,,,,,
1780436511.478,4675932.0,6560.469,2.609277,,,,,,
1780436511.479,4675957.0,6560.515,2.609113,,,,,,
1780436511.562,4675982.0,6560.461,2.609133,,,,,,
1780436511.562,4676007.0,6560.527,2.608963,,,,,,
1780436511.563,4676032.0,6560.521,2.608965,,,,,,
1780436511.661,4676057.0,6560.455,2.609136,,,,,,
1780436511.662,4676082.0,6560.402,2.609156,,,,,,
1780436511.663,4676107.0,6560.448,2.609285,,,,,,
1780436511.664,4676132.0,6560.449,2.609285,,,,,,
1780436511.748,4676157.0,6560.357,2.609319,,,,,,
1780436511.749,4676182.0,6560.487,2.60927,,,,,,
1780436511.750,4676207.0,6560.461,2.609279,,,,,,
1780436511.751,4676232.0,6560.619,2.609219,,,,,,
1780436511.861,4676257.0,6560.619,2.609219,,,,,,
1780436511.863,4676282.0,6560.652,2.609207,,,,,,
1780436511.864,4676307.0,6560.632,2.609068,,,,,,
1780436511.865,4676332.0,6560.691,2.609046,,,,,,
1780436511.963,4676357.0,6560.73,2.608885,,,,,,
1780436511.965,4676382.0,6560.98,2.60879,,,,,,
1780436511.966,4676407.0,6560.98,2.60879,,,,,,
1780436511.967,4676432.0,6561.105,2.608889,,,,,,
1780436512.059,4676457.0,6561.236,2.608839,,,,,,
1780436512.059,4676482.0,6561.4,2.608776,,,,,,
1780436512.060,4676507.0,6561.419,2.608769,,,,,,
1780436512.060,4676532.0,6561.498,2.608739,,,,,,
1780436512.144,4676557.0,6561.42,2.608768,,,,,,
1780436512.145,4676582.0,6561.334,2.608801,,,,,,
1780436512.146,4676607.0,6561.368,2.608934,,,,,,
1780436512.241,4676632.0,6561.21,2.608994,,,,,,
1780436512.243,4676657.0,6561.104,2.609035,,,,,,
1780436512.244,4676682.0,6561.137,2.608876,,,,,,
1780436512.245,4676707.0,6561.118,2.608884,,,,,,
1780436512.325,4676732.0,6561.039,2.608768,,,,,,
1780436512.325,4676757.0,6560.92,2.608813,,,,,,
1780436512.326,4676782.0,6560.96,2.608798,,,,,,
1780436512.326,4676807.0,6561.006,2.60878,,,,,,
1780436512.412,4676832.0,6560.881,2.608828,,,,,,
1780436512.413,4676857.0,6560.756,2.608875,,,,,,
1780436512.414,4676882.0,6560.678,2.608905,,,,,,
1780436512.546,4676907.0,6560.665,2.60891,,,,,,
1780436512.548,4676932.0,6560.626,2.608925,,,,,,
1780436512.549,4676957.0,6560.712,2.608892,,,,,,
1780436512.550,4676982.0,6560.835,2.608845,,,,,,
1780436512.551,4677007.0,6560.731,2.608885,,,,,,
1780436512.552,4677032.0,6560.625,2.608925,,,,,,
1780436512.642,4677057.0,6560.665,2.608764,,,,,,
1780436512.643,4677082.0,6560.757,2.608729,,,,,,
1780436512.643,4677107.0,6560.764,2.608726,,,,,,
1780436512.729,4677132.0,6560.725,2.608741,,,,,,
1780436512.731,4677157.0,6560.804,2.608857,,,,,,
1780436512.733,4677182.0,6560.895,2.608822,,,,,,
1780436512.734,4677207.0,6560.96,2.608797,,,,,,
1780436512.827,4677232.0,6560.835,2.608699,,,,,,
1780436512.828,4677257.0,6561.177,2.608569,,,,,,
1780436512.828,4677282.0,6561.203,2.608559,,,,,,
1780436512.830,4677307.0,6561.256,2.608539,,,,,,
1780436512.914,4677332.0,6561.216,2.608554,,,,,,
1780436512.915,4677357.0,6561.38,2.608492,,,,,,
1780436512.916,4677382.0,6561.373,2.608495,,,,,,
1780436513.014,4677407.0,6561.452,2.608464,,,,,,
1780436513.015,4677432.0,6561.399,2.608485,,,,,,
1780436513.016,4677457.0,6561.591,2.608411,,,,,,
1780436513.017,4677482.0,6561.558,2.608424,,,,,,
1780436513.128,4677507.0,6561.539,2.608431,,,,,,
1780436513.129,4677532.0,6561.467,2.608459,,,,,,
1780436513.131,4677557.0,6561.487,2.608451,,,,,,
1780436513.132,4677582.0,6561.429,2.608473,,,,,,
1780436513.133,4677607.0,6561.191,2.608563,,,,,,
1780436513.227,4677632.0,6561.198,2.608561,,,,,,
1780436513.228,4677657.0,6561.237,2.608692,,,,,,
1780436513.229,4677682.0,6561.184,2.608712,,,,,,
1780436513.230,4677707.0,6560.928,2.60881,,,,,,
1780436513.330,4677732.0,6560.888,2.608825,,,,,,
1780436513.332,4677757.0,6560.96,2.608798,,,,,,
1780436513.333,4677782.0,6560.987,2.608641,,,,,,
1780436513.334,4677807.0,6560.822,2.608704,,,,,,
1780436513.444,4677832.0,6560.81,2.608709,,,,,,
1780436513.446,4677857.0,6560.784,2.608719,,,,,,
1780436513.447,4677882.0,6560.659,2.608767,,,,,,
1780436513.449,4677907.0,6560.585,2.608794,,,,,,
1780436513.450,4677932.0,6560.56,2.608804,,,,,,
1780436513.543,4677957.0,6560.619,2.608782,,,,,,
1780436513.544,4677982.0,6560.717,2.608744,,,,,,
1780436513.545,4678007.0,6560.776,2.608721,,,,,,
1780436513.626,4678032.0,6560.757,2.608729,,,,,,
1780436513.628,4678057.0,6560.593,2.608791,,,,,,
1780436513.629,4678082.0,6560.58,2.608797,,,,,,
1780436513.630,4678107.0,6560.54,2.608812,,,,,,
1780436513.711,4678132.0,6560.658,2.608767,,,,,,
1780436513.712,4678157.0,6560.632,2.608777,,,,,,
1780436513.713,4678182.0,6560.69,2.608754,,,,,,
1780436513.813,4678207.0,6560.691,2.6089,,,,,,
1780436513.815,4678232.0,6560.829,2.608848,,,,,,
1780436513.816,4678257.0,6560.704,2.609041,,,,,,
1780436513.817,4678282.0,6560.77,2.60887,,,,,,
1780436513.940,4678307.0,6560.73,2.608885,,,,,,
1780436513.941,4678332.0,6560.987,2.608788,,,,,,
1780436513.942,4678357.0,6560.895,2.608823,,,,,,
1780436513.942,4678382.0,6560.869,2.608833,,,,,,
1780436513.943,4678407.0,6560.862,2.608835,,,,,,
1780436514.027,4678432.0,6560.953,2.6088,,,,,,
1780436514.028,4678457.0,6561.006,2.60878,,,,,,
1780436514.029,4678482.0,6561.025,2.608773,,,,,,
1780436514.030,4678507.0,6561.045,2.608765,,,,,,
1780436514.130,4678532.0,6561.013,2.608778,,,,,,
1780436514.132,4678557.0,6561.02,2.608921,,,,,,
1780436514.133,4678582.0,6561.007,2.608926,,,,,,
1780436514.133,4678607.0,6560.901,2.608966,,,,,,
1780436514.283,4678632.0,6560.862,2.608981,,,,,,
1780436514.284,4678657.0,6560.842,2.608989,,,,,,
1780436514.284,4678682.0,6560.816,2.608998,,,,,,
1780436514.285,4678707.0,6560.935,2.608953,,,,,,
1780436514.285,4678732.0,6560.875,2.608976,,,,,,
1780436514.285,4678757.0,6560.915,2.608961,,,,,,
1780436514.376,4678782.0,6560.928,2.608956,,,,,,
1780436514.378,4678807.0,6560.928,2.608956,,,,,,
1780436514.379,4678832.0,6560.862,2.608835,,,,,,
1780436514.380,4678857.0,6560.947,2.608803,,,,,,
1780436514.494,4678882.0,6560.94,2.608659,,,,,,
1780436514.495,4678907.0,6560.967,2.608649,,,,,,
1780436514.495,4678932.0,6560.954,2.608654,,,,,,
1780436514.495,4678957.0,6560.967,2.608649,,,,,,
1780436514.576,4678982.0,6560.967,2.608649,,,,,,
1780436514.577,4679007.0,6561.033,2.608624,,,,,,
1780436514.578,4679032.0,6560.967,2.608649,,,,,,
1780436514.579,4679057.0,6561.053,2.608616,,,,,,
1780436514.674,4679082.0,6560.98,2.608644,,,,,,
1780436514.675,4679107.0,6561.065,2.608611,,,,,,
1780436514.676,4679132.0,6560.934,2.608662,,,,,,
1780436514.676,4679157.0,6561.15,2.608579,,,,,,
1780436514.794,4679182.0,6561.269,2.608388,,,,,,
1780436514.796,4679207.0,6561.321,2.608368,,,,,,
1780436514.797,4679232.0,6561.295,2.608378,,,,,,
1780436514.798,4679257.0,6561.354,2.608355,,,,,,
1780436514.799,4679282.0,6561.302,2.608376,,,,,,
1780436514.892,4679307.0,6561.394,2.608341,,,,,,
1780436514.893,4679332.0,6561.282,2.608383,,,,,,
1780436514.894,4679357.0,6561.303,2.608521,,,,,,
1780436514.957,4679382.0,6561.25,2.608541,,,,,,
1780436514.957,4679407.0,6561.23,2.608695,,,,,,
1780436514.958,4679432.0,6561.131,2.608732,,,,,,
1780436515.024,4679457.0,6561.06,2.60876,,,,,,
1780436515.025,4679482.0,6560.94,2.608805,,,,,,
1780436515.025,4679507.0,6560.895,2.608823,,,,,,
1780436515.091,4679532.0,6560.94,2.608951,,,,,,
1780436515.092,4679557.0,6560.822,2.608996,,,,,,
1780436515.180,4679582.0,6560.69,2.609046,,,,,,
1780436515.180,4679607.0,6560.625,2.609071,,,,,,
1780436515.181,4679632.0,6560.678,2.609051,,,,,,
1780436515.182,4679657.0,6560.658,2.609205,,,,,,
1780436515.259,4679682.0,6560.671,2.6092,,,,,,
1780436515.260,4679707.0,6560.514,2.60926,,,,,,
1780436515.261,4679732.0,6560.567,2.60924,,,,,,
1780436515.341,4679757.0,6560.692,2.609192,,,,,,
1780436515.343,4679782.0,6560.725,2.60918,,,,,,
1780436515.345,4679807.0,6560.541,2.60925,,,,,,
1780436515.450,4679832.0,6560.521,2.609257,,,,,,
1780436515.451,4679857.0,6560.507,2.609262,,,,,,
1780436515.452,4679882.0,6560.58,2.609234,,,,,,
1780436515.452,4679907.0,6560.547,2.609247,,,,,,
1780436515.454,4679932.0,6560.678,2.609197,,,,,,
1780436515.542,4679957.0,6560.632,2.609214,,,,,,
1780436515.543,4679982.0,6560.737,2.609029,,,,,,
1780436515.545,4680007.0,6560.658,2.609058,,,,,,
1780436515.647,4680032.0,6560.855,2.608838,,,,,,
1780436515.648,4680057.0,6560.92,2.608813,,,,,,
1780436515.649,4680082.0,6561.084,2.60875,,,,,,
1780436515.650,4680107.0,6561.045,2.608765,,,,,,
1780436515.650,4680132.0,6561.203,2.608705,,,,,,
1780436515.744,4680157.0,6561.098,2.608599,,,,,,
1780436515.745,4680182.0,6561.216,2.608554,,,,,,
1780436515.745,4680207.0,6561.262,2.608537,,,,,,
1780436515.825,4680232.0,6561.322,2.608514,,,,,,
1780436515.826,4680257.0,6561.309,2.608519,,,,,,
1780436515.827,4680282.0,6561.269,2.608388,,,,,,
1780436515.828,4680307.0,6561.288,2.608381,,,,,,
1780436515.908,4680332.0,6561.406,2.608482,,,,,,
1780436515.910,4680357.0,6561.275,2.608532,,,,,,
1780436515.911,4680382.0,6561.137,2.608584,,,,,,
1780436516.024,4680407.0,6561.033,2.60877,,,,,,
1780436516.026,4680432.0,6561.065,2.608758,,,,,,
1780436516.027,4680457.0,6561.039,2.608768,,,,,,
1780436516.027,4680482.0,6560.967,2.608795,,,,,,
1780436516.028,4680507.0,6560.882,2.608828,,,,,,
1780436516.107,4680532.0,6560.902,2.60882,,,,,,
1780436516.108,4680557.0,6560.83,2.608847,,,,,,
1780436516.109,4680582.0,6560.862,2.608835,,,,,,
1780436516.190,4680607.0,6560.861,2.608835,,,,,,
1780436516.191,4680632.0,6560.855,2.608838,,,,,,
1780436516.192,4680657.0,6560.775,2.608868,,,,,,
1780436516.273,4680682.0,6560.815,2.608853,,,,,,
1780436516.273,4680707.0,6560.868,2.608979,,,,,,
1780436516.274,4680732.0,6560.914,2.608961,,,,,,
1780436516.274,4680757.0,6560.935,2.608953,,,,,,
1780436516.357,4680782.0,6560.955,2.608946,,,,,,
1780436516.358,4680807.0,6561.0,2.608928,,,,,,
1780436516.358,4680832.0,6560.935,2.608953,,,,,,
1780436516.441,4680857.0,6561.065,2.608903,,,,,,
1780436516.443,4680882.0,6560.959,2.608944,,,,,,
1780436516.444,4680907.0,6561.039,2.608913,,,,,,
1780436516.525,4680932.0,6560.986,2.608934,,,,,,
1780436516.526,4680957.0,6561.19,2.60871,,,,,,
1780436516.527,4680982.0,6561.25,2.608687,,,,,,
1780436516.528,4681007.0,6561.361,2.608645,,,,,,
1780436516.658,4681032.0,6561.328,2.608512,,,,,,
1780436516.660,4681057.0,6561.413,2.608479,,,,,,
1780436516.661,4681082.0,6561.426,2.608474,,,,,,
1780436516.663,4681107.0,6561.544,2.608429,,,,,,
1780436516.664,4681132.0,6561.426,2.608474,,,,,,
1780436516.790,4681157.0,6561.491,2.608449,,,,,,
1780436516.791,4681182.0,6561.544,2.608429,,,,,,
1780436516.792,4681207.0,6561.419,2.608477,,,,,,
1780436516.793,4681232.0,6561.368,2.608496,,,,,,
1780436516.794,4681257.0,6561.433,2.608471,,,,,,
1780436516.894,4681282.0,6561.493,2.608449,,,,,,
1780436516.896,4681307.0,6561.315,2.608662,,,,,,
1780436516.897,4681332.0,6561.223,2.608551,,,,,,
1780436516.899,4681357.0,6561.013,2.608631,,,,,,
1780436516.900,4681382.0,6560.928,2.608664,,,,,,
1780436517.008,4681407.0,6560.888,2.608679,,,,,,
1780436517.010,4681432.0,6560.928,2.608664,,,,,,
1780436517.011,4681457.0,6560.881,2.608681,,,,,,
1780436517.012,4681482.0,6560.79,2.608716,,,,,,
1780436517.125,4681507.0,6560.73,2.608739,,,,,,
1780436517.127,4681532.0,6560.724,2.608742,,,,,,
1780436517.128,4681557.0,6560.534,2.608814,,,,,,
1780436517.129,4681582.0,6560.416,2.608859,,,,,,
1780436517.130,4681607.0,6560.258,2.608919,,,,,,
1780436517.240,4681632.0,6560.264,2.608917,,,,,,
1780436517.242,4681657.0,6560.317,2.609043,,,,,,
1780436517.243,4681682.0,6560.337,2.609035,,,,,,
1780436517.244,4681707.0,6560.192,2.60909,,,,,,
1780436517.341,4681732.0,6560.239,2.609219,,,,,,
1780436517.343,4681757.0,6560.284,2.609201,,,,,,
1780436517.344,4681782.0,6560.259,2.609211,,,,,,
1780436517.345,4681807.0,6560.121,2.609263,,,,,,
1780436517.441,4681832.0,6560.311,2.609191,,,,,,
1780436517.443,4681857.0,6560.291,2.609199,,,,,,
1780436517.444,4681882.0,6560.35,2.609176,,,,,,
1780436517.445,4681907.0,6560.225,2.609224,,,,,,
1780436517.575,4681932.0,6560.297,2.60905,,,,,,
1780436517.577,4681957.0,6560.271,2.60906,,,,,,
1780436517.578,4681982.0,6560.632,2.608923,,,,,,
1780436517.579,4682007.0,6560.514,2.608968,,,,,,
1780436517.580,4682032.0,6560.665,2.60891,,,,,,
1780436517.581,4682057.0,6560.58,2.608943,,,,,,
1780436517.691,4682082.0,6560.79,2.608862,,,,,,
1780436517.692,4682107.0,6560.751,2.608877,,,,,,
1780436517.694,4682132.0,6560.705,2.608895,,,,,,
1780436517.696,4682157.0,6560.665,2.60891,,,,,,
1780436517.826,4682182.0,6560.764,2.608872,,,,,,
1780436517.827,4682207.0,6560.738,2.608882,,,,,,
1780436517.828,4682232.0,6560.771,2.608869,,,,,,
1780436517.829,4682257.0,6560.737,2.609028,,,,,,
1780436517.830,4682282.0,6560.659,2.608912,,,,,,
1780436517.831,4682307.0,6560.56,2.60895,,,,,,
1780436517.958,4682332.0,6560.625,2.608925,,,,,,
1780436517.959,4682357.0,6560.54,2.608958,,,,,,
1780436517.961,4682382.0,6560.579,2.608943,,,,,,
1780436517.963,4682407.0,6560.58,2.608943,,,,,,
1780436517.964,4682432.0,6560.52,2.608965,,,,,,
1780436518.058,4682457.0,6560.474,2.608983,,,,,,
1780436518.059,4682482.0,6560.48,2.60898,,,,,,
1780436518.060,4682507.0,6560.402,2.60901,,,,,,
1780436518.062,4682532.0,6560.356,2.609028,,,,,,
1780436518.174,4682557.0,6560.376,2.60902,,,,,,
1780436518.176,4682582.0,6560.357,2.609028,,,,,,
1780436518.177,4682607.0,6560.337,2.609035,,,,,,
1780436518.179,4682632.0,6560.397,2.609012,,,,,,
1780436518.180,4682657.0,6560.291,2.609053,,,,,,
1780436518.290,4682682.0,6560.278,2.609204,,,,,,
1780436518.291,4682707.0,6560.146,2.6094,,,,,,
1780436518.293,4682732.0,6560.192,2.609382,,,,,,
1780436518.294,4682757.0,6560.429,2.609292,,,,,,
1780436518.408,4682782.0,6560.382,2.60931,,,,,,
1780436518.409,4682807.0,6560.468,2.609277,,,,,,
1780436518.411,4682832.0,6560.442,2.609287,,,,,,
1780436518.412,4682857.0,6560.6,2.609227,,,,,,
1780436518.413,4682882.0,6560.605,2.609079,,,,,,
1780436518.495,4682907.0,6560.592,2.609084,,,,,,
1780436518.496,4682932.0,6560.585,2.609086,,,,,,
1780436518.497,4682957.0,6560.645,2.609064,,,,,,
1780436518.498,4682982.0,6560.665,2.60891,,,,,,
1780436518.589,4683007.0,6560.75,2.608878,,,,,,
1780436518.590,4683032.0,6560.882,2.608828,,,,,,
1780436518.590,4683057.0,6561.105,2.608742,,,,,,
1780436518.656,4683082.0,6561.139,2.60873,,,,,,
1780436518.657,4683107.0,6561.033,2.60877,,,,,,
1780436518.657,4683132.0,6560.987,2.608787,,,,,,
1780436518.740,4683157.0,6560.994,2.608785,,,,,,
1780436518.742,4683182.0,6561.079,2.608752,,,,,,
1780436518.743,4683207.0,6561.025,2.608773,,,,,,
1780436518.857,4683232.0,6560.895,2.608822,,,,,,
1780436518.859,4683257.0,6560.881,2.608828,,,,,,
1780436518.860,4683282.0,6560.953,2.6088,,,,,,
1780436518.861,4683307.0,6560.914,2.608815,,,,,,
1780436518.862,4683332.0,6560.927,2.608664,,,,,,
1780436518.958,4683357.0,6560.888,2.608679,,,,,,
1780436518.959,4683382.0,6560.815,2.608707,,,,,,
1780436518.960,4683407.0,6560.775,2.608722,,,,,,
1780436518.961,4683432.0,6560.808,2.608709,,,,,,
1780436519.075,4683457.0,6560.808,2.608709,,,,,,
1780436519.077,4683482.0,6560.782,2.60872,,,,,,
1780436519.078,4683507.0,6560.599,2.608789,,,,,,
1780436519.079,4683532.0,6560.711,2.608747,,,,,,
1780436519.080,4683557.0,6560.613,2.608784,,,,,,
1780436519.174,4683582.0,6560.606,2.608787,,,,,,
1780436519.176,4683607.0,6560.535,2.608814,,,,,,
1780436519.177,4683632.0,6560.495,2.608829,,,,,,
1780436519.178,4683657.0,6560.336,2.608889,,,,,,
1780436519.291,4683682.0,6560.237,2.608927,,,,,,
1780436519.293,4683707.0,6560.074,2.608989,,,,,,
1780436519.294,4683732.0,6560.244,2.608924,,,,,,
1780436519.295,4683757.0,6560.277,2.608912,,,,,,
1780436519.392,4683782.0,6560.442,2.608849,,,,,,
1780436519.393,4683807.0,6560.304,2.608902,,,,,,
1780436519.394,4683832.0,6560.441,2.608849,,,,,,
1780436519.395,4683857.0,6560.48,2.608834,,,,,,
1780436519.507,4683882.0,6560.67,2.608762,,,,,,
1780436519.508,4683907.0,6560.579,2.608797,,,,,,
1780436519.510,4683932.0,6560.69,2.608608,,,,,,
1780436519.511,4683957.0,6560.724,2.608742,,,,,,
1780436519.512,4683982.0,6560.908,2.608671,,,,,,
1780436519.624,4684007.0,6560.855,2.608692,,,,,,
1780436519.625,4684032.0,6561.045,2.608619,,,,,,
1780436519.627,4684057.0,6560.947,2.608656,,,,,,
1780436519.628,4684082.0,6560.79,2.608716,,,,,,
1780436519.629,4684107.0,6560.85,2.608694,,,,,,
1780436519.757,4684132.0,6561.04,2.608621,,,,,,
1780436519.759,4684157.0,6560.895,2.608676,,,,,,
1780436519.760,4684182.0,6560.928,2.608664,,,,,,
1780436519.761,4684207.0,6560.816,2.608706,,,,,,
1780436519.762,4684232.0,6560.888,2.608679,,,,,,
1780436519.840,4684257.0,6560.822,2.608704,,,,,,
1780436519.842,4684282.0,6560.757,2.608875,,,,,,
1780436519.843,4684307.0,6560.83,2.608847,,,,,,
1780436519.956,4684332.0,6560.75,2.608878,,,,,,
1780436519.958,4684357.0,6560.73,2.608885,,,,,,
1780436519.959,4684382.0,6560.665,2.60891,,,,,,
1780436519.960,4684407.0,6560.6,2.608935,,,,,,
1780436519.961,4684432.0,6560.672,2.608907,,,,,,
1780436520.073,4684457.0,6560.607,2.608932,,,,,,
1780436520.075,4684482.0,6560.508,2.608969,,,,,,
1780436520.076,4684507.0,6560.383,2.609017,,,,,,
1780436520.077,4684532.0,6560.389,2.609015,,,,,,
1780436520.078,4684557.0,6560.422,2.609003,,,,,,
1780436520.174,4684582.0,6560.206,2.608939,,,,,,
1780436520.176,4684607.0,6560.127,2.608969,,,,,,
1780436520.177,4684632.0,6560.114,2.608974,,,,,,
1780436520.178,4684657.0,6560.009,2.609014,,,,,,
1780436520.291,4684682.0,6560.054,2.608997,,,,,,
1780436520.292,4684707.0,6560.435,2.608998,,,,,,
1780436520.294,4684732.0,6560.409,2.609008,,,,,,
1780436520.295,4684757.0,6560.429,2.609,,,,,,
1780436520.407,4684782.0,6560.494,2.608975,,,,,,
1780436520.408,4684807.0,6560.665,2.60891,,,,,,
1780436520.409,4684832.0,6560.645,2.609064,,,,,,
1780436520.410,4684857.0,6560.757,2.609021,,,,,,
1780436520.411,4684882.0,6560.764,2.609018,,,,,,
1780436520.524,4684907.0,6560.915,2.608815,,,,,,
1780436520.525,4684932.0,6560.889,2.608825,,,,,,
1780436520.527,4684957.0,6561.19,2.60871,,,,,,
1780436520.528,4684982.0,6561.164,2.60872,,,,,,
1780436520.529,4685007.0,6561.111,2.60874,,,,,,
1780436520.624,4685032.0,6561.111,2.608886,,,,,,
1780436520.625,4685057.0,6561.053,2.608908,,,,,,
1780436520.627,4685082.0,6561.033,2.608916,,,,,,
1780436520.628,4685107.0,6560.967,2.608941,,,,,,
1780436520.723,4685132.0,6560.947,2.608949,,,,,,
1780436520.725,4685157.0,6560.954,2.608946,,,,,,
1780436520.726,4685182.0,6560.888,2.608971,,,,,,
1780436520.727,4685207.0,6560.914,2.608961,,,,,,
1780436520.841,4685232.0,6560.848,2.608986,,,,,,
1780436520.843,4685257.0,6560.835,2.608992,,,,,,
1780436520.845,4685282.0,6560.889,2.608971,,,,,,
1780436520.847,4685307.0,6560.822,2.608996,,,,,,
1780436520.849,4685332.0,6560.62,2.609073,,,,,,
1780436520.958,4685357.0,6560.541,2.609103,,,,,,
1780436520.960,4685382.0,6560.546,2.609101,,,,,,
1780436520.961,4685407.0,6560.402,2.609156,,,,,,
1780436520.962,4685432.0,6560.382,2.609164,,,,,,
1780436521.091,4685457.0,6560.48,2.60898,,,,,,
1780436521.092,4685482.0,6560.382,2.609018,,,,,,
1780436521.094,4685507.0,6560.362,2.609025,,,,,,
1780436521.095,4685532.0,6560.343,2.609032,,,,,,
1780436521.096,4685557.0,6560.33,2.609038,,,,,,
1780436521.192,4685582.0,6560.278,2.609057,,,,,,
1780436521.193,4685607.0,6560.239,2.609072,,,,,,
1780436521.195,4685632.0,6560.337,2.609035,,,,,,
1780436521.196,4685657.0,6560.258,2.608919,,,,,,
1780436521.306,4685682.0,6560.389,2.608869,,,,,,
1780436521.307,4685707.0,6560.335,2.60889,,,,,,
1780436521.308,4685732.0,6560.54,2.608812,,,,,,
1780436521.308,4685757.0,6560.73,2.608739,,,,,,
1780436521.309,4685782.0,6560.763,2.608727,,,,,,
1780436521.424,4685807.0,6560.789,2.608717,,,,,,
1780436521.426,4685832.0,6561.032,2.608624,,,,,,
1780436521.427,4685857.0,6561.013,2.608631,,,,,,
1780436521.428,4685882.0,6561.138,2.608584,,,,,,
1780436521.429,4685907.0,6561.072,2.608609,,,,,,
1780436521.557,4685932.0,6561.27,2.608534,,,,,,
1780436521.558,4685957.0,6561.303,2.608375,,,,,,
1780436521.560,4685982.0,6561.309,2.608373,,,,,,
1780436521.561,4686007.0,6561.275,2.608386,,,,,,
1780436521.562,4686032.0,6561.4,2.608338,,,,,,
1780436521.674,4686057.0,6561.334,2.608363,,,,,,
1780436521.675,4686082.0,6561.262,2.608391,,,,,,
1780436521.676,4686107.0,6561.144,2.608436,,,,,,
1780436521.678,4686132.0,6561.137,2.608438,,,,,,
1780436521.679,4686157.0,6561.084,2.608458,,,,,,
1780436521.789,4686182.0,6561.0,2.608637,,,,,,
1780436521.790,4686207.0,6561.033,2.608624,,,,,,
1780436521.791,4686232.0,6561.125,2.608589,,,,,,
1780436521.792,4686257.0,6561.243,2.608544,,,,,,
1780436521.873,4686282.0,6561.223,2.608552,,,,,,
1780436521.874,4686307.0,6561.072,2.608609,,,,,,
1780436521.875,4686332.0,6561.118,2.608592,,,,,,
1780436521.876,4686357.0,6561.098,2.608745,,,,,,
1780436521.975,4686382.0,6560.77,2.60887,,,,,,
1780436521.977,4686407.0,6560.777,2.608867,,,,,,
1780436521.978,4686432.0,6560.692,2.6089,,,,,,
1780436521.979,4686457.0,6560.593,2.608938,,,,,,
1780436522.057,4686482.0,6560.494,2.609121,,,,,,
1780436522.058,4686507.0,6560.606,2.609079,,,,,,
1780436522.060,4686532.0,6560.605,2.609079,,,,,,
1780436522.156,4686557.0,6560.58,2.609089,,,,,,
1780436522.158,4686582.0,6560.619,2.60922,,,,,,
1780436522.160,4686607.0,6560.763,2.609165,,,,,,
1780436522.161,4686632.0,6560.678,2.609197,,,,,,
1780436522.274,4686657.0,6560.796,2.609152,,,,,,
1780436522.275,4686682.0,6560.816,2.609144,,,,,,
1780436522.277,4686707.0,6560.96,2.609089,,,,,,
1780436522.278,4686732.0,6561.033,2.609062,,,,,,
1780436522.279,4686757.0,6561.125,2.609026,,,,,,
1780436522.389,4686782.0,6561.224,2.608989,,,,,,
1780436522.391,4686807.0,6561.454,2.608756,,,,,,
1780436522.392,4686832.0,6561.414,2.608917,,,,,,
1780436522.393,4686857.0,6561.538,2.60887,,,,,,
1780436522.506,4686882.0,6561.459,2.609046,,,,,,
1780436522.507,4686907.0,6561.519,2.609023,,,,,,
1780436522.508,4686932.0,6561.618,2.608985,,,,,,
1780436522.510,4686957.0,6561.611,2.608988,,,,,,
1780436522.511,4686982.0,6561.538,2.608869,,,,,,
1780436522.624,4687007.0,6561.637,2.608978,,,,,,
1780436522.625,4687032.0,6561.552,2.60901,,,,,,
1780436522.627,4687057.0,6561.578,2.609,,,,,,
1780436522.628,4687082.0,6561.565,2.609005,,,,,,
1780436522.629,4687107.0,6561.69,2.608958,,,,,,
1780436522.724,4687132.0,6561.585,2.608997,,,,,,
1780436522.725,4687157.0,6561.585,2.608998,,,,,,
1780436522.727,4687182.0,6561.474,2.60904,,,,,,
1780436522.728,4687207.0,6561.355,2.609086,,,,,,
1780436522.839,4687232.0,6561.263,2.60912,,,,,,
1780436522.841,4687257.0,6561.276,2.609115,,,,,,
1780436522.842,4687282.0,6561.21,2.609141,,,,,,
1780436522.843,4687307.0,6561.21,2.60914,,,,,,
1780436522.923,4687332.0,6561.158,2.60916,,,,,,
1780436522.924,4687357.0,6561.112,2.609178,,,,,,
1780436522.924,4687382.0,6561.276,2.609115,,,,,,
1780436522.925,4687407.0,6561.224,2.609135,,,,,,
1780436523.023,4687432.0,6561.033,2.609208,,,,,,
1780436523.024,4687457.0,6560.855,2.609276,,,,,,
1780436523.025,4687482.0,6560.764,2.60931,,,,,,
1780436523.026,4687507.0,6560.757,2.609313,,,,,,
1780436523.140,4687532.0,6560.888,2.609263,,,,,,
1780436523.142,4687557.0,6560.842,2.609281,,,,,,
1780436523.143,4687582.0,6561.0,2.609221,,,,,,
1780436523.144,4687607.0,6560.908,2.609255,,,,,,
1780436523.256,4687632.0,6560.967,2.609233,,,,,,
1780436523.258,4687657.0,6560.974,2.609231,,,,,,
1780436523.259,4687682.0,6561.105,2.609326,,,,,,
1780436523.261,4687707.0,6561.034,2.609354,,,,,,
1780436523.262,4687732.0,6561.158,2.609161,,,,,,
1780436523.374,4687757.0,6561.0,2.609221,,,,,,
1780436523.376,4687782.0,6561.118,2.609176,,,,,,
1780436523.377,4687807.0,6561.203,2.609143,,,,,,
1780436523.378,4687832.0,6561.361,2.608937,,,,,,
1780436523.379,4687857.0,6561.374,2.608932,,,,,,
1780436523.490,4687882.0,6561.334,2.608947,,,,,,
1780436523.491,4687907.0,6561.295,2.608963,,,,,,
1780436523.492,4687932.0,6561.243,2.609128,,,,,,
1780436523.493,4687957.0,6561.256,2.609269,,,,,,
1780436523.590,4687982.0,6561.21,2.609287,,,,,,
1780436523.592,4688007.0,6561.125,2.609319,,,,,,
1780436523.593,4688032.0,6561.033,2.6095,,,,,,
1780436523.594,4688057.0,6561.085,2.60948,,,,,,
1780436523.690,4688082.0,6561.085,2.60948,,,,,,
1780436523.692,4688107.0,6561.013,2.609508,,,,,,
1780436523.693,4688132.0,6561.025,2.609357,,,,,,
1780436523.694,4688157.0,6560.915,2.609399,,,,,,
1780436523.806,4688182.0,6560.895,2.609406,,,,,,
1780436523.808,4688207.0,6560.889,2.609409,,,,,,
1780436523.809,4688232.0,6560.967,2.609379,,,,,,
1780436523.810,4688257.0,6561.02,2.609213,,,,,,
1780436523.811,4688282.0,6560.967,2.609233,,,,,,
1780436523.924,4688307.0,6560.908,2.609256,,,,,,
1780436523.925,4688332.0,6560.875,2.609268,,,,,,
1780436523.926,4688357.0,6560.822,2.609288,,,,,,
1780436523.927,4688382.0,6560.79,2.609447,,,,,,
1780436523.928,4688407.0,6560.816,2.609437,,,,,,
1780436524.040,4688432.0,6560.678,2.609489,,,,,,
1780436524.042,4688457.0,6560.678,2.609489,,,,,,
1780436524.043,4688482.0,6560.705,2.609479,,,,,,
1780436524.044,4688507.0,6560.849,2.609424,,,,,,
1780436524.158,4688532.0,6560.771,2.609453,,,,,,
1780436524.160,4688557.0,6560.836,2.609282,,,,,,
1780436524.162,4688582.0,6560.757,2.609167,,,,,,
1780436524.163,4688607.0,6560.928,2.609102,,,,,,
1780436524.164,4688632.0,6560.79,2.609154,,,,,,
1780436524.274,4688657.0,6560.928,2.608956,,,,,,
1780436524.275,4688682.0,6560.797,2.609006,,,,,,
1780436524.276,4688707.0,6561.006,2.60878,,,,,,
1780436524.277,4688732.0,6561.0,2.608783,,,,,,
1780436524.277,4688757.0,6560.994,2.608931,,,,,,
1780436524.357,4688782.0,6561.007,2.608926,,,,,,
1780436524.359,4688807.0,6561.217,2.608846,,,,,,
1780436524.360,4688832.0,6561.059,2.608906,,,,,,
1780436524.475,4688857.0,6561.164,2.608866,,,,,,
1780436524.478,4688882.0,6561.165,2.608865,,,,,,
1780436524.479,4688907.0,6561.184,2.608858,,,,,,
1780436524.480,4688932.0,6561.178,2.608715,,,,,,
1780436524.481,4688957.0,6561.204,2.608705,,,,,,
1780436524.557,4688982.0,6560.988,2.608787,,,,,,
1780436524.559,4689007.0,6561.053,2.608616,,,,,,
1780436524.560,4689032.0,6560.993,2.608639,,,,,,
1780436524.642,4689057.0,6560.895,2.608823,,,,,,
1780436524.643,4689082.0,6560.901,2.60882,,,,,,
1780436524.645,4689107.0,6560.829,2.608848,,,,,,
1780436524.740,4689132.0,6560.81,2.608855,,,,,,
1780436524.741,4689157.0,6560.862,2.608835,,,,,,
1780436524.742,4689182.0,6560.842,2.608843,,,,,,
1780436524.743,4689207.0,6560.79,2.608863,,,,,,
1780436524.825,4689232.0,6560.75,2.608877,,,,,,
1780436524.826,4689257.0,6560.842,2.608842,,,,,,
1780436524.828,4689282.0,6560.849,2.60884,,,,,,
1780436524.830,4689307.0,6560.947,2.608803,,,,,,
1780436524.924,4689332.0,6560.908,2.608818,,,,,,
1780436524.926,4689357.0,6560.895,2.608822,,,,,,
1780436524.927,4689382.0,6560.888,2.608679,,,,,,
1780436524.928,4689407.0,6560.849,2.608694,,,,,,
1780436525.040,4689432.0,6560.796,2.608714,,,,,,
1780436525.042,4689457.0,6560.855,2.608692,,,,,,
1780436525.043,4689482.0,6560.81,2.608709,,,,,,
1780436525.043,4689507.0,6560.678,2.608759,,,,,,
1780436525.173,4689532.0,6560.835,2.608699,,,,,,
1780436525.175,4689557.0,6560.77,2.608724,,,,,,
1780436525.177,4689582.0,6560.921,2.608666,,,,,,
1780436525.179,4689607.0,6561.04,2.608621,,,,,,
1780436525.180,4689632.0,6561.144,2.608582,,,,,,
1780436525.181,4689657.0,6561.111,2.608594,,,,,,
1780436525.338,4689682.0,6561.256,2.608393,,,,,,
1780436525.340,4689707.0,6561.039,2.608476,,,,,,
1780436525.341,4689732.0,6561.098,2.608453,,,,,,
1780436525.342,4689757.0,6560.947,2.60851,,,,,,
1780436525.343,4689782.0,6560.967,2.608503,,,,,,
1780436525.346,4689807.0,6560.947,2.60851,,,,,,
1780436525.589,4689832.0,6561.17,2.608426,,,,,,
1780436525.591,4689857.0,6561.17,2.608572,,,,,,
1780436525.593,4689882.0,6561.21,2.608556,,,,,,
1780436525.594,4689907.0,6561.164,2.60872,,,,,,
1780436525.596,4689932.0,6561.125,2.608735,,,,,,
1780436525.597,4689957.0,6561.085,2.60875,,,,,,
1780436525.599,4689982.0,6560.986,2.608788,,,,,,
1780436525.602,4690007.0,6561.013,2.608778,,,,,,
1780436525.609,4690032.0,6561.0,2.608782,,,,,,
1780436525.612,4690057.0,6560.875,2.60883,,,,,,
1780436525.614,4690082.0,6560.797,2.60886,,,,,,
1780436525.790,4690107.0,6560.784,2.608865,,,,,,
1780436525.791,4690132.0,6560.823,2.60885,,,,,,
1780436525.794,4690157.0,6560.777,2.608867,,,,,,
1780436525.795,4690182.0,6560.75,2.608878,,,,,,
1780436525.796,4690207.0,6560.671,2.608908,,,,,,
1780436525.797,4690232.0,6560.599,2.608936,,,,,,
1780436525.798,4690257.0,6560.54,2.608958,,,,,,
1780436525.801,4690282.0,6560.435,2.608998,,,,,,
1780436525.940,4690307.0,6560.586,2.60894,,,,,,
1780436525.941,4690332.0,6560.783,2.608865,,,,,,
1780436525.943,4690357.0,6560.764,2.608872,,,,,,
1780436525.944,4690382.0,6560.697,2.608898,,,,,,
1780436525.945,4690407.0,6560.704,2.608895,,,,,,
1780436526.089,4690432.0,6560.652,2.608915,,,,,,
1780436526.091,4690457.0,6560.592,2.608938,,,,,,
1780436526.092,4690482.0,6560.455,2.608844,,,,,,
1780436526.093,4690507.0,6560.336,2.608889,,,,,,
1780436526.094,4690532.0,6560.244,2.608778,,,,,,
1780436526.096,4690557.0,6560.33,2.608746,,,,,,
1780436526.241,4690582.0,6560.237,2.608781,,,,,,
1780436526.242,4690607.0,6560.421,2.608711,,,,,,
1780436526.243,4690632.0,6560.362,2.608733,,,,,,
1780436526.245,4690657.0,6560.566,2.608656,,,,,,
1780436526.246,4690682.0,6560.567,2.608655,,,,,,
1780436526.247,4690707.0,6560.725,2.608595,,,,,,
1780436526.249,4690732.0,6560.659,2.60862,,,,,,
1780436526.391,4690757.0,6560.783,2.608573,,,,,,
1780436526.392,4690782.0,6560.665,2.608618,,,,,,
1780436526.394,4690807.0,6560.79,2.60857,,,,,,
1780436526.395,4690832.0,6560.776,2.608576,,,,,,
1780436526.397,4690857.0,6560.908,2.608671,,,,,,
1780436526.541,4690882.0,6560.975,2.608792,,,,,,
1780436526.542,4690907.0,6561.197,2.608854,,,,,,
1780436526.543,4690932.0,6561.08,2.608898,,,,,,
1780436526.544,4690957.0,6560.993,2.609077,,,,,,
1780436526.545,4690982.0,6560.934,2.6091,,,,,,
1780436526.546,4691007.0,6561.039,2.60906,,,,,,
1780436526.690,4691032.0,6561.052,2.609201,,,,,,
1780436526.692,4691057.0,6561.072,2.609193,,,,,,
1780436526.694,4691082.0,6560.994,2.609223,,,,,,
1780436526.696,4691107.0,6561.059,2.609198,,,,,,
1780436526.697,4691132.0,6561.059,2.609198,,,,,,
1780436526.699,4691157.0,6561.111,2.609178,,,,,,
1780436526.700,4691182.0,6561.064,2.609196,,,,,,
1780436526.864,4691207.0,6561.025,2.609211,,,,,,
1780436526.866,4691232.0,6560.959,2.609382,,,,,,
1780436526.870,4691257.0,6560.96,2.609382,,,,,,
1780436526.875,4691282.0,6560.77,2.609455,,,,,,
1780436526.877,4691307.0,6560.79,2.609447,,,,,,
1780436526.881,4691332.0,6560.691,2.609484,,,,,,
1780436526.883,4691357.0,6560.704,2.609479,,,,,,
1780436527.023,4691382.0,6560.697,2.609482,,,,,,
1780436527.025,4691407.0,6560.73,2.609468,,,,,,
1780436527.028,4691432.0,6560.6,2.609519,,,,,,
1780436527.030,4691457.0,6560.514,2.609552,,,,,,
1780436527.032,4691482.0,6560.559,2.609388,,,,,,
1780436527.033,4691507.0,6560.375,2.609312,,,,,,
1780436527.206,4691532.0,6560.336,2.609181,,,,,,
1780436527.208,4691557.0,6560.257,2.609211,,,,,,
1780436527.209,4691582.0,6560.402,2.60901,,,,,,
1780436527.211,4691607.0,6560.455,2.60899,,,,,,
1780436527.212,4691632.0,6560.527,2.608963,,,,,,
1780436527.212,4691657.0,6560.415,2.608859,,,,,,
1780436527.213,4691682.0,6560.494,2.608829,,,,,,
1780436527.354,4691707.0,6560.396,2.608867,,,,,,
1780436527.356,4691732.0,6560.475,2.608836,,,,,,
1780436527.357,4691757.0,6560.487,2.608832,,,,,,
1780436527.360,4691782.0,6560.592,2.608938,,,,,,
1780436527.362,4691807.0,6560.475,2.608982,,,,,,
1780436527.365,4691832.0,6560.631,2.608923,,,,,,
1780436527.528,4691857.0,6560.618,2.608782,,,,,,
1780436527.532,4691882.0,6560.685,2.608757,,,,,,
1780436527.538,4691907.0,6560.618,2.608928,,,,,,
1780436527.541,4691932.0,6560.736,2.608883,,,,,,
1780436527.545,4691957.0,6560.605,2.608933,,,,,,
1780436527.546,4691982.0,6560.678,2.608905,,,,,,
1780436527.547,4692007.0,6560.585,2.60894,,,,,,
1780436527.549,4692032.0,6560.507,2.60897,,,,,,
1780436527.707,4692057.0,6560.5,2.608973,,,,,,
1780436527.709,4692082.0,6560.573,2.608945,,,,,,
1780436527.712,4692107.0,6560.442,2.608995,,,,,,
1780436527.714,4692132.0,6560.461,2.608988,,,,,,
1780436527.715,4692157.0,6560.435,2.608998,,,,,,
1780436527.717,4692182.0,6560.409,2.609008,,,,,,
1780436527.877,4692207.0,6560.303,2.609048,,,,,,
1780436527.889,4692232.0,6560.218,2.60908,,,,,,
1780436527.894,4692257.0,6560.232,2.609075,,,,,,
1780436527.896,4692282.0,6560.239,2.609072,,,,,,
1780436527.899,4692307.0,6560.311,2.609045,,,,,,
1780436527.904,4692332.0,6560.337,2.609035,,,,,,
1780436527.906,4692357.0,6560.331,2.609037,,,,,,
1780436527.908,4692382.0,6560.264,2.609063,,,,,,
1780436528.057,4692407.0,6560.238,2.609072,,,,,,
1780436528.059,4692432.0,6560.382,2.609018,,,,,,
1780436528.060,4692457.0,6560.336,2.609035,,,,,,
1780436528.062,4692482.0,6560.297,2.60905,,,,,,
1780436528.063,4692507.0,6560.291,2.609052,,,,,,
1780436528.064,4692532.0,6560.33,2.608891,,,,,,
1780436528.224,4692557.0,6560.317,2.608896,,,,,,
1780436528.225,4692582.0,6560.462,2.608841,,,,,,
1780436528.226,4692607.0,6560.462,2.608841,,,,,,
1780436528.226,4692632.0,6560.416,2.609005,,,,,,
1780436528.227,4692657.0,6560.587,2.60894,,,,,,
1780436528.228,4692682.0,6560.58,2.608943,,,,,,
1780436528.229,4692707.0,6560.652,2.608915,,,,,,
1780436528.374,4692732.0,6560.566,2.608948,,,,,,
1780436528.376,4692757.0,6560.685,2.608903,,,,,,
1780436528.378,4692782.0,6560.671,2.608908,,,,,,
1780436528.380,4692807.0,6560.928,2.608956,,,,,,
1780436528.382,4692832.0,6560.928,2.608956,,,,,,
1780436528.386,4692857.0,6561.013,2.60907,,,,,,
1780436528.555,4692882.0,6560.961,2.609089,,,,,,
1780436528.557,4692907.0,6561.165,2.609012,,,,,,
1780436528.558,4692932.0,6560.987,2.609079,,,,,,
1780436528.559,4692957.0,6561.104,2.609035,,,,,,
1780436528.560,4692982.0,6561.079,2.609044,,,,,,
1780436528.561,4693007.0,6561.118,2.609176,,,,,,
1780436528.562,4693032.0,6561.025,2.609065,,,,,,
1780436528.724,4693057.0,6560.966,2.609087,,,,,,
1780436528.726,4693082.0,6560.9,2.609113,,,,,,
1780436528.727,4693107.0,6560.934,2.6091,,,,,,
1780436528.731,4693132.0,6560.842,2.609135,,,,,,
1780436528.737,4693157.0,6560.77,2.609162,,,,,,
1780436528.741,4693182.0,6560.678,2.609197,,,,,,
1780436528.745,4693207.0,6560.54,2.60925,,,,,,
1780436528.926,4693232.0,6560.486,2.609271,,,,,,
1780436528.931,4693257.0,6560.5,2.609119,,,,,,
1780436528.932,4693282.0,6560.415,2.609151,,,,,,
1780436528.934,4693307.0,6560.35,2.609176,,,,,,
1780436528.937,4693332.0,6560.264,2.609209,,,,,,
1780436528.939,4693357.0,6560.323,2.609186,,,,,,
1780436528.941,4693382.0,6560.356,2.609319,,,,,,
1780436528.943,4693407.0,6560.225,2.609516,,,,,,
1780436529.088,4693432.0,6560.054,2.609435,,,,,,
1780436529.090,4693457.0,6559.864,2.609507,,,,,,
1780436529.091,4693482.0,6559.851,2.609366,,,,,,
1780436529.093,4693507.0,6559.806,2.609383,,,,,,
1780436529.094,4693532.0,6559.752,2.609404,,,,,,
1780436529.096,4693557.0,6559.799,2.609386,,,,,,
1780436529.255,4693582.0,6559.871,2.609359,,,,,,
1780436529.257,4693607.0,6559.831,2.609374,,,,,,
1780436529.258,4693632.0,6559.969,2.609175,,,,,,
1780436529.260,4693657.0,6559.996,2.609165,,,,,,
1780436529.261,4693682.0,6560.121,2.609118,,,,,,
1780436529.263,4693707.0,6560.075,2.609135,,,,,,
1780436529.264,4693732.0,6560.141,2.60911,,,,,,
1780436529.422,4693757.0,6560.166,2.6091,,,,,,
1780436529.425,4693782.0,6560.291,2.609053,,,,,,
1780436529.429,4693807.0,6560.33,2.609038,,,,,,
1780436529.431,4693832.0,6560.521,2.609111,,,,,,
1780436529.433,4693857.0,6560.592,2.609084,,,,,,
1780436529.437,4693882.0,6560.697,2.609044,,,,,,
1780436529.441,4693907.0,6560.691,2.609046,,,,,,
1780436529.604,4693932.0,6560.77,2.609162,,,,,,
1780436529.606,4693957.0,6560.81,2.609293,,,,,,
1780436529.607,4693982.0,6560.927,2.609248,,,,,,
1780436529.608,4694007.0,6560.81,2.609147,,,,,,
1780436529.609,4694032.0,6560.815,2.608999,,,,,,
1780436529.610,4694057.0,6560.79,2.609009,,,,,,
1780436529.611,4694082.0,6560.815,2.608999,,,,,,
1780436529.773,4694107.0,6560.77,2.609016,,,,,,
1780436529.775,4694132.0,6560.717,2.609036,,,,,,
1780436529.776,4694157.0,6560.672,2.609054,,,,,,
1780436529.777,4694182.0,6560.587,2.609086,,,,,,
1780436529.778,4694207.0,6560.547,2.609101,,,,,,
1780436529.779,4694232.0,6560.468,2.609131,,,,,,
1780436529.780,4694257.0,6560.369,2.609169,,,,,,
1780436529.956,4694282.0,6560.284,2.609201,,,,,,
1780436529.957,4694307.0,6560.232,2.609221,,,,,,
1780436529.959,4694332.0,6560.179,2.609241,,,,,,
1780436529.960,4694357.0,6560.166,2.609246,,,,,,
1780436529.961,4694382.0,6560.1,2.609271,,,,,,
1780436529.962,4694407.0,6560.132,2.609259,,,,,,
1780436529.963,4694432.0,6560.08,2.609279,,,,,,
1780436530.139,4694457.0,6560.06,2.60914,,,,,,
1780436530.141,4694482.0,6559.962,2.609178,,,,,,
1780436530.142,4694507.0,6559.942,2.609185,,,,,,
1780436530.144,4694532.0,6559.962,2.609178,,,,,,
1780436530.145,4694557.0,6559.962,2.609032,,,,,,
1780436530.147,4694582.0,6560.001,2.608871,,,,,,
1780436530.148,4694607.0,6560.061,2.608848,,,,,,
1780436530.149,4694632.0,6560.1,2.608833,,,,,,
1780436530.289,4694657.0,6560.166,2.608954,,,,,,
1780436530.290,4694682.0,6560.153,2.608959,,,,,,
1780436530.292,4694707.0,6560.291,2.608907,,,,,,
1780436530.293,4694732.0,6560.383,2.608871,,,,,,
1780436530.294,4694757.0,6560.574,2.608799,,,,,,
1780436530.422,4694782.0,6560.685,2.608756,,,,,,
1780436530.424,4694807.0,6560.836,2.608699,,,,,,
1780436530.426,4694832.0,6560.725,2.608741,,,,,,
1780436530.428,4694857.0,6560.835,2.608699,,,,,,
1780436530.429,4694882.0,6560.796,2.60886,,,,,,
1780436530.431,4694907.0,6560.921,2.608812,,,,,,
1780436530.577,4694932.0,6560.922,2.608812,,,,,,
1780436530.579,4694957.0,6561.138,2.60873,,,,,,
1780436530.580,4694982.0,6561.053,2.608763,,,,,,
1780436530.582,4695007.0,6561.322,2.60866,,,,,,
1780436530.584,4695032.0,6561.283,2.608675,,,,,,
1780436530.585,4695057.0,6561.25,2.608687,,,,,,
1780436530.719,4695082.0,6561.223,2.608697,,,,,,
1780436530.720,4695107.0,6561.27,2.60868,,,,,,
1780436530.720,4695132.0,6561.19,2.60871,,,,,,
1780436530.721,4695157.0,6561.091,2.608748,,,,,,
1780436530.721,4695182.0,6561.071,2.608755,,,,,,
1780436530.822,4695207.0,6560.908,2.608818,,,,,,
1780436530.824,4695232.0,6560.782,2.608865,,,,,,
1780436530.826,4695257.0,6560.678,2.609051,,,,,,
1780436530.828,4695282.0,6560.619,2.608928,,,,,,
1780436530.830,4695307.0,6560.521,2.608965,,,,,,
1780436530.973,4695332.0,6560.468,2.608985,,,,,,
1780436530.975,4695357.0,6560.324,2.60904,,,,,,
1780436530.976,4695382.0,6560.291,2.609199,,,,,,
1780436530.978,4695407.0,6560.1,2.609271,,,,,,
1780436530.979,4695432.0,6559.995,2.609311,,,,,,
1780436530.981,4695457.0,6560.034,2.609297,,,,,,
1780436531.137,4695482.0,6559.981,2.609316,,,,,,
1780436531.139,4695507.0,6559.994,2.609166,,,,,,
1780436531.141,4695532.0,6559.949,2.609183,,,,,,
1780436531.142,4695557.0,6559.831,2.609228,,,,,,
1780436531.143,4695582.0,6559.818,2.609233,,,,,,
1780436531.144,4695607.0,6559.766,2.609253,,,,,,
1780436531.272,4695632.0,6559.581,2.609323,,,,,,
1780436531.273,4695657.0,6559.587,2.609321,,,,,,
1780436531.275,4695682.0,6559.594,2.609318,,,,,,
1780436531.276,4695707.0,6559.581,2.609469,,,,,,
1780436531.277,4695732.0,6559.608,2.609459,,,,,,
1780436531.278,4695757.0,6559.601,2.609461,,,,,,
1780436531.422,4695782.0,6559.766,2.609399,,,,,,
1780436531.423,4695807.0,6559.693,2.609426,,,,,,
1780436531.425,4695832.0,6559.929,2.609336,,,,,,
1780436531.427,4695857.0,6559.929,2.609336,,,,,,
1780436531.428,4695882.0,6560.173,2.609097,,,,,,
1780436531.430,4695907.0,6560.159,2.609102,,,,,,
1780436531.591,4695932.0,6560.362,2.609025,,,,,,
1780436531.593,4695957.0,6560.304,2.609047,,,,,,
1780436531.594,4695982.0,6560.441,2.608995,,,,,,
1780436531.596,4696007.0,6560.33,2.608891,,,,,,
1780436531.597,4696032.0,6560.547,2.608809,,,,,,
1780436531.599,4696057.0,6560.507,2.608824,,,,,,
1780436531.600,4696082.0,6560.586,2.60894,,,,,,
1780436531.722,4696107.0,6560.651,2.608915,,,,,,
1780436531.724,4696132.0,6560.553,2.608953,,,,,,
1780436531.725,4696157.0,6560.5,2.608973,,,,,,
1780436531.726,4696182.0,6560.455,2.60899,,,,,,
1780436531.727,4696207.0,6560.336,2.609035,,,,,,
1780436531.877,4696232.0,6560.297,2.60905,,,,,,
1780436531.879,4696257.0,6560.29,2.609053,,,,,,
1780436531.880,4696282.0,6560.186,2.609092,,,,,,
1780436531.881,4696307.0,6560.126,2.609261,,,,,,
1780436531.883,4696332.0,6560.067,2.609138,,,,,,
1780436531.884,4696357.0,6560.087,2.609276,,,,,,
1780436532.089,4696382.0,6560.009,2.609306,,,,,,
1780436532.091,4696407.0,6560.041,2.609294,,,,,,
1780436532.091,4696432.0,6560.087,2.609276,,,,,,
1780436532.091,4696457.0,6559.943,2.609331,,,,,,
1780436532.092,4696482.0,6559.877,2.609356,,,,,,
1780436532.092,4696507.0,6559.811,2.609382,,,,,,
1780436532.093,4696532.0,6559.811,2.609381,,,,,,
1780436532.093,4696557.0,6559.778,2.609394,,,,,,
1780436532.223,4696582.0,6559.831,2.609374,,,,,,
1780436532.226,4696607.0,6559.693,2.609426,,,,,,
1780436532.227,4696632.0,6559.641,2.609447,,,,,,
1780436532.229,4696657.0,6559.607,2.609459,,,,,,
1780436532.230,4696682.0,6559.582,2.609469,,,,,,
1780436532.231,4696707.0,6559.516,2.609348,,,,,,
1780436532.355,4696732.0,6559.391,2.609396,,,,,,
1780436532.357,4696757.0,6559.588,2.60932,,,,,,
1780436532.358,4696782.0,6559.594,2.609318,,,,,,
1780436532.359,4696807.0,6559.745,2.60926,,,,,,
1780436532.360,4696832.0,6559.758,2.609255,,,,,,
1780436532.527,4696857.0,6560.021,2.609155,,,,,,
1780436532.534,4696882.0,6560.061,2.60914,,,,,,
1780436532.537,4696907.0,6560.199,2.609087,,,,,,
1780436532.543,4696932.0,6560.192,2.60909,,,,,,
1780436532.556,4696957.0,6560.35,2.60903,,,,,,
1780436532.559,4696982.0,6560.284,2.608909,,,,,,
1780436532.560,4697007.0,6560.469,2.608839,,,,,,
1780436532.562,4697032.0,6560.344,2.608886,,,,,,
1780436532.687,4697057.0,6560.527,2.608816,,,,,,
1780436532.688,4697082.0,6560.633,2.608776,,,,,,
1780436532.689,4697107.0,6560.771,2.608724,,,,,,
1780436532.690,4697132.0,6560.679,2.608759,,,,,,
1780436532.691,4697157.0,6560.685,2.608757,,,,,,
1780436532.804,4697182.0,6560.672,2.608761,,,,,,
1780436532.806,4697207.0,6560.567,2.608802,,,,,,
1780436532.808,4697232.0,6560.586,2.608794,,,,,,
1780436532.809,4697257.0,6560.665,2.608764,,,,,,
1780436532.810,4697282.0,6560.527,2.608817,,,,,,
1780436532.956,4697307.0,6560.58,2.608797,,,,,,
1780436532.957,4697332.0,6560.5,2.608827,,,,,,
1780436532.958,4697357.0,6560.619,2.608782,,,,,,
1780436532.960,4697382.0,6560.533,2.608814,,,,,,
1780436532.961,4697407.0,6560.546,2.608809,,,,,,
1780436532.962,4697432.0,6560.481,2.608834,,,,,,
1780436533.105,4697457.0,6560.422,2.608857,,,,,,
1780436533.106,4697482.0,6560.278,2.608911,,,,,,
1780436533.107,4697507.0,6560.139,2.608964,,,,,,
1780436533.108,4697532.0,6560.081,2.608986,,,,,,
1780436533.109,4697557.0,6560.027,2.608861,,,,,,
1780436533.111,4697582.0,6559.916,2.608903,,,,,,
1780436533.288,4697607.0,6559.863,2.608923,,,,,,
1780436533.289,4697632.0,6559.818,2.608941,,,,,,
1780436533.291,4697657.0,6559.884,2.608916,,,,,,
1780436533.292,4697682.0,6559.785,2.608953,,,,,,
1780436533.293,4697707.0,6559.706,2.608983,,,,,,
1780436533.294,4697732.0,6559.667,2.608998,,,,,,
1780436533.295,4697757.0,6559.601,2.609023,,,,,,
1780436533.540,4697782.0,6559.726,2.608976,,,,,,
1780436533.542,4697807.0,6559.621,2.609016,,,,,,
1780436533.545,4697832.0,6559.87,2.608921,,,,,,
1780436533.547,4697857.0,6559.831,2.608936,,,,,,
1780436533.549,4697882.0,6559.897,2.608911,,,,,,
1780436533.550,4697907.0,6559.779,2.608956,,,,,,
1780436533.552,4697932.0,6559.936,2.608896,,,,,,
1780436533.553,4697957.0,6559.982,2.609024,,,,,,
1780436533.555,4697982.0,6560.047,2.608999,,,,,,
1780436533.556,4698007.0,6560.054,2.608997,,,,,,
1780436533.558,4698032.0,6560.119,2.608972,,,,,,
1780436533.722,4698057.0,6560.008,2.609014,,,,,,
1780436533.724,4698082.0,6560.205,2.608939,,,,,,
1780436533.726,4698107.0,6560.225,2.608932,,,,,,
1780436533.727,4698132.0,6560.402,2.608864,,,,,,
1780436533.728,4698157.0,6560.377,2.608874,,,,,,
1780436533.729,4698182.0,6560.449,2.608993,,,,,,
1780436533.730,4698207.0,6560.389,2.609015,,,,,,
1780436533.872,4698232.0,6560.369,2.609023,,,,,,
1780436533.874,4698257.0,6560.415,2.609005,,,,,,
1780436533.876,4698282.0,6560.323,2.609186,,,,,,
1780436533.877,4698307.0,6560.31,2.609191,,,,,,
1780436533.879,4698332.0,6560.212,2.609229,,,,,,
1780436533.880,4698357.0,6560.218,2.609226,,,,,,
1780436534.023,4698382.0,6560.231,2.609221,,,,,,
1780436534.026,4698407.0,6560.199,2.609234,,,,,,
1780436534.028,4698432.0,6560.186,2.609239,,,,,,
1780436534.030,4698457.0,6560.146,2.609254,,,,,,
1780436534.032,4698482.0,6560.106,2.609269,,,,,,
1780436534.034,4698507.0,6560.067,2.609284,,,,,,
1780436534.188,4698532.0,6560.159,2.609249,,,,,,
1780436534.189,4698557.0,6560.1,2.609272,,,,,,
1780436534.190,4698582.0,6560.067,2.609138,,,,,,
1780436534.191,4698607.0,6559.969,2.609176,,,,,,
1780436534.194,4698632.0,6559.956,2.60918,,,,,,
1780436534.198,4698657.0,6559.904,2.6092,,,,,,
1780436534.200,4698682.0,6559.962,2.609178,,,,,,
1780436534.352,4698707.0,6559.916,2.609196,,,,,,
1780436534.353,4698732.0,6559.889,2.609352,,,,,,
1780436534.356,4698757.0,6559.817,2.609379,,,,,,
1780436534.358,4698782.0,6559.85,2.609366,,,,,,
1780436534.361,4698807.0,6559.935,2.609188,,,,,,
1780436534.362,4698832.0,6559.903,2.6092,,,,,,
1780436534.535,4698857.0,6559.982,2.60917,,,,,,
1780436534.539,4698882.0,6559.844,2.609222,,,,,,
1780436534.543,4698907.0,6559.989,2.609022,,,,,,
1780436534.545,4698932.0,6559.949,2.609037,,,,,,
1780436534.546,4698957.0,6560.028,2.609007,,,,,,
1780436534.547,4698982.0,6560.021,2.609009,,,,,,
1780436534.548,4699007.0,6560.165,2.608955,,,,,,
1780436534.549,4699032.0,6559.923,2.609046,,,,,,
1780436534.708,4699057.0,6559.995,2.609019,,,,,,
1780436534.709,4699082.0,6559.884,2.609061,,,,,,
1780436534.711,4699107.0,6560.094,2.608982,,,,,,
1780436534.712,4699132.0,6560.001,2.609163,,,,,,
1780436534.713,4699157.0,6560.1,2.609125,,,,,,
1780436534.714,4699182.0,6559.955,2.60918,,,,,,
1780436534.856,4699207.0,6560.1,2.609271,,,,,,
1780436534.857,4699232.0,6560.067,2.609284,,,,,,
1780436534.858,4699257.0,6559.909,2.609344,,,,,,
1780436534.860,4699282.0,6559.837,2.609371,,,,,,
1780436534.862,4699307.0,6559.91,2.609344,,,,,,
1780436534.864,4699332.0,6559.792,2.609389,,,,,,
1780436535.022,4699357.0,6559.713,2.609419,,,,,,
1780436535.023,4699382.0,6559.687,2.609429,,,,,,
1780436535.025,4699407.0,6559.627,2.609452,,,,,,
1780436535.026,4699432.0,6559.562,2.609476,,,,,,
1780436535.027,4699457.0,6559.542,2.609484,,,,,,
1780436535.029,4699482.0,6559.588,2.609612,,,,,,
1780436535.030,4699507.0,6559.562,2.609622,,,,,,
1780436535.189,4699532.0,6559.489,2.60965,,,,,,
1780436535.191,4699557.0,6559.365,2.609697,,,,,,
1780436535.192,4699582.0,6559.325,2.609713,,,,,,
1780436535.196,4699607.0,6559.248,2.609742,,,,,,
1780436535.199,4699632.0,6559.234,2.609747,,,,,,
1780436535.201,4699657.0,6559.377,2.609693,,,,,,
1780436535.204,4699682.0,6559.424,2.609674,,,,,,
1780436535.353,4699707.0,6559.522,2.609637,,,,,,
1780436535.355,4699732.0,6559.477,2.609654,,,,,,
1780436535.356,4699757.0,6559.588,2.609466,,,,,,
1780436535.358,4699782.0,6559.477,2.609509,,,,,,
1780436535.359,4699807.0,6559.563,2.609476,,,,,,
1780436535.360,4699832.0,6559.438,2.609377,,,,,,
1780436535.504,4699857.0,6559.417,2.609385,,,,,,
1780436535.506,4699882.0,6559.608,2.609313,,,,,,
1780436535.508,4699907.0,6559.673,2.609288,,,,,,
1780436535.509,4699932.0,6559.712,2.609273,,,,,,
1780436535.510,4699957.0,6559.732,2.609411,,,,,,
1780436535.513,4699982.0,6559.922,2.609193,,,,,,
1780436535.671,4700007.0,6559.91,2.609197,,,,,,
1780436535.674,4700032.0,6560.061,2.60914,,,,,,
1780436535.675,4700057.0,6560.081,2.609133,,,,,,
1780436535.676,4700082.0,6560.232,2.609075,,,,,,
1780436535.677,4700107.0,6560.12,2.608972,,,,,,
1780436535.678,4700132.0,6560.199,2.608942,,,,,,
1780436535.679,4700157.0,6560.159,2.608957,,,,,,
1780436535.838,4700182.0,6560.436,2.608852,,,,,,
1780436535.840,4700207.0,6560.593,2.608791,,,,,,
1780436535.841,4700232.0,6560.737,2.608737,,,,,,
1780436535.843,4700257.0,6560.659,2.608766,,,,,,
1780436535.844,4700282.0,6560.652,2.608769,,,,,,
1780436535.845,4700307.0,6560.56,2.608804,,,,,,
1780436535.988,4700332.0,6560.311,2.608899,,,,,,
1780436535.990,4700357.0,6560.179,2.608949,,,,,,
1780436535.993,4700382.0,6560.027,2.609007,,,,,,
1780436535.995,4700407.0,6560.12,2.608972,,,,,,
1780436535.996,4700432.0,6560.152,2.608959,,,,,,
1780436535.998,4700457.0,6560.172,2.608952,,,,,,
1780436535.999,4700482.0,6560.172,2.608952,,,,,,
1780436536.175,4700507.0,6560.179,2.609095,,,,,,
1780436536.177,4700532.0,6560.127,2.609115,,,,,,
1780436536.180,4700557.0,6560.008,2.60916,,,,,,
1780436536.182,4700582.0,6560.034,2.609004,,,,,,
1780436536.182,4700607.0,6559.956,2.609034,,,,,,
1780436536.183,4700632.0,6559.909,2.609052,,,,,,
1780436536.183,4700657.0,6559.844,2.609223,,,,,,
1780436536.369,4700682.0,6559.871,2.609213,,,,,,
1780436536.370,4700707.0,6559.851,2.609366,,,,,,
1780436536.374,4700732.0,6559.779,2.609394,,,,,,
1780436536.376,4700757.0,6559.845,2.609368,,,,,,
1780436536.378,4700782.0,6559.713,2.609419,,,,,,
1780436536.380,4700807.0,6559.674,2.609433,,,,,,
1780436536.381,4700832.0,6559.405,2.609536,,,,,,
1780436536.382,4700857.0,6559.353,2.609556,,,,,,
1780436536.503,4700882.0,6559.346,2.609559,,,,,,
1780436536.505,4700907.0,6559.398,2.609539,,,,,,
1780436536.506,4700932.0,6559.398,2.609539,,,,,,
1780436536.507,4700957.0,6559.688,2.609429,,,,,,
1780436536.508,4700982.0,6559.759,2.609401,,,,,,
1780436536.669,4701007.0,6560.074,2.609427,,,,,,
1780436536.671,4701032.0,6560.061,2.609432,,,,,,
1780436536.672,4701057.0,6560.226,2.60937,,,,,,
1780436536.674,4701082.0,6560.12,2.60941,,,,,,
1780436536.676,4701107.0,6560.206,2.609377,,,,,,
1780436536.678,4701132.0,6560.114,2.609412,,,,,,
1780436536.679,4701157.0,6560.199,2.609379,,,,,,
1780436536.838,4701182.0,6560.258,2.609357,,,,,,
1780436536.840,4701207.0,6560.35,2.609322,,,,,,
1780436536.842,4701232.0,6560.337,2.609327,,,,,,
1780436536.843,4701257.0,6560.547,2.609247,,,,,,
1780436536.844,4701282.0,6560.487,2.609124,,,,,,
1780436536.846,4701307.0,6560.58,2.609089,,,,,,
1780436536.990,4701332.0,6560.514,2.608968,,,,,,
1780436536.990,4701357.0,6560.625,2.608925,,,,,,
1780436536.992,4701382.0,6560.54,2.608958,,,,,,
1780436536.993,4701407.0,6560.65,2.608916,,,,,,
1780436536.995,4701432.0,6560.487,2.609124,,,,,,
1780436536.997,4701457.0,6560.56,2.609096,,,,,,
1780436536.999,4701482.0,6560.585,2.609086,,,,,,
1780436537.154,4701507.0,6560.58,2.609089,,,,,,
1780436537.155,4701532.0,6560.554,2.609098,,,,,,
1780436537.157,4701557.0,6560.363,2.609171,,,,,,
1780436537.158,4701582.0,6560.179,2.609241,,,,,,
1780436537.159,4701607.0,6560.127,2.609261,,,,,,
1780436537.160,4701632.0,6559.897,2.609202,,,,,,
1780436537.339,4701657.0,6559.844,2.609223,,,,,,
1780436537.340,4701682.0,6559.66,2.609293,,,,,,
1780436537.342,4701707.0,6559.739,2.609263,,,,,,
1780436537.343,4701732.0,6559.673,2.609288,,,,,,
1780436537.344,4701757.0,6559.679,2.60914,,,,,,
1780436537.348,4701782.0,6559.562,2.609184,,,,,,
1780436537.351,4701807.0,6559.549,2.609189,,,,,,
1780436537.353,4701832.0,6559.515,2.609202,,,,,,
1780436537.535,4701857.0,6559.404,2.609244,,,,,,
1780436537.537,4701882.0,6559.279,2.609292,,,,,,
1780436537.538,4701907.0,6559.181,2.609329,,,,,,
1780436537.540,4701932.0,6559.161,2.609337,,,,,,
1780436537.541,4701957.0,6559.155,2.609339,,,,,,
1780436537.543,4701982.0,6559.234,2.609309,,,,,,
1780436537.544,4702007.0,6559.162,2.609336,,,,,,
1780436537.686,4702032.0,6559.247,2.609304,,,,,,
1780436537.688,4702057.0,6559.313,2.609133,,,,,,
1780436537.689,4702082.0,6559.516,2.609056,,,,,,
1780436537.691,4702107.0,6559.365,2.609113,,,,,,
1780436537.693,4702132.0,6559.431,2.609088,,,,,,
1780436537.694,4702157.0,6559.523,2.609053,,,,,,
1780436537.836,4702182.0,6559.792,2.608951,,,,,,
1780436537.837,4702207.0,6559.857,2.608926,,,,,,
1780436537.838,4702232.0,6560.002,2.608871,,,,,,
1780436537.839,4702257.0,6559.996,2.608873,,,,,,
1780436537.839,4702282.0,6560.067,2.608846,,,,,,
1780436537.840,4702307.0,6560.041,2.608856,,,,,,
1780436537.950,4702332.0,6560.094,2.608836,,,,,,
1780436537.951,4702357.0,6560.133,2.608821,,,,,,
1780436537.952,4702382.0,6560.25,2.608776,,,,,,
1780436537.952,4702407.0,6560.316,2.608751,,,,,,
1780436537.953,4702432.0,6560.225,2.608786,,,,,,
1780436538.068,4702457.0,6560.192,2.608798,,,,,,
1780436538.070,4702482.0,6560.172,2.608806,,,,,,
1780436538.071,4702507.0,6560.186,2.608801,,,,,,
1780436538.073,4702532.0,6560.166,2.608808,,,,,,
1780436538.074,4702557.0,6560.067,2.608846,,,,,,
1780436538.218,4702582.0,6560.047,2.608853,,,,,,
1780436538.219,4702607.0,6559.916,2.609049,,,,,,
1780436538.220,4702632.0,6559.837,2.609225,,,,,,
1780436538.221,4702657.0,6559.706,2.609275,,,,,,
1780436538.221,4702682.0,6559.7,2.609278,,,,,,
1780436538.337,4702707.0,6559.549,2.609335,,,,,,
1780436538.338,4702732.0,6559.502,2.609353,,,,,,
1780436538.339,4702757.0,6559.522,2.609345,,,,,,
1780436538.340,4702782.0,6559.371,2.609403,,,,,,
1780436538.341,4702807.0,6559.325,2.609566,,,,,,
1780436538.469,4702832.0,6559.279,2.609584,,,,,,
1780436538.470,4702857.0,6559.259,2.609591,,,,,,
1780436538.472,4702882.0,6559.273,2.609586,,,,,,
1780436538.474,4702907.0,6559.286,2.609581,,,,,,
1780436538.483,4702932.0,6559.181,2.609622,,,,,,
1780436538.485,4702957.0,6559.208,2.609611,,,,,,
1780436538.638,4702982.0,6559.208,2.609612,,,,,,
1780436538.640,4703007.0,6559.214,2.609609,,,,,,
1780436538.641,4703032.0,6559.122,2.609644,,,,,,
1780436538.643,4703057.0,6559.273,2.609586,,,,,,
1780436538.644,4703082.0,6559.252,2.609594,,,,,,
1780436538.646,4703107.0,6559.305,2.609574,,,,,,
1780436538.784,4703132.0,6559.246,2.609596,,,,,,
1780436538.785,4703157.0,6559.496,2.609501,,,,,,
1780436538.786,4703182.0,6559.463,2.609514,,,,,,
1780436538.786,4703207.0,6559.569,2.609473,,,,,,
1780436538.787,4703232.0,6559.529,2.609343,,,,,,
1780436538.787,4703257.0,6559.817,2.609087,,,,,,
1780436538.903,4703282.0,6559.871,2.609212,,,,,,
1780436538.905,4703307.0,6559.883,2.609208,,,,,,
1780436538.906,4703332.0,6559.811,2.609235,,,,,,
1780436538.907,4703357.0,6559.949,2.609183,,,,,,
1780436538.908,4703382.0,6559.837,2.609371,,,,,,
1780436539.053,4703407.0,6560.007,2.609307,,,,,,
1780436539.055,4703432.0,6560.027,2.609153,,,,,,
1780436539.057,4703457.0,6560.205,2.609085,,,,,,
1780436539.061,4703482.0,6560.237,2.609073,,,,,,
1780436539.064,4703507.0,6560.185,2.609239,,,,,,
1780436539.066,4703532.0,6559.975,2.609319,,,,,,
1780436539.253,4703557.0,6560.081,2.609279,,,,,,
1780436539.254,4703582.0,6560.074,2.609281,,,,,,
1780436539.255,4703607.0,6559.975,2.609319,,,,,,
1780436539.256,4703632.0,6559.89,2.609351,,,,,,
1780436539.258,4703657.0,6559.949,2.609475,,,,,,
1780436539.260,4703682.0,6559.904,2.609492,,,,,,
1780436539.263,4703707.0,6559.889,2.609498,,,,,,
1780436539.264,4703732.0,6560.015,2.60945,,,,,,
1780436539.444,4703757.0,6560.074,2.609427,,,,,,
1780436539.446,4703782.0,6559.916,2.609488,,,,,,
1780436539.449,4703807.0,6560.054,2.609435,,,,,,
1780436539.451,4703832.0,6560.001,2.609455,,,,,,
1780436539.452,4703857.0,6560.027,2.609445,,,,,,
1780436539.454,4703882.0,6559.923,2.609631,,,,,,
1780436539.457,4703907.0,6559.877,2.609502,,,,,,
1780436539.461,4703932.0,6559.93,2.609482,,,,,,
1780436539.619,4703957.0,6560.062,2.609432,,,,,,
1780436539.621,4703982.0,6560.114,2.609412,,,,,,
1780436539.622,4704007.0,6560.114,2.609266,,,,,,
1780436539.624,4704032.0,6560.159,2.609249,,,,,,
1780436539.625,4704057.0,6560.1,2.609271,,,,,,
1780436539.626,4704082.0,6559.981,2.609316,,,,,,
1780436539.628,4704107.0,6559.811,2.609381,,,,,,
1780436539.769,4704132.0,6560.034,2.60915,,,,,,
1780436539.770,4704157.0,6560.211,2.609083,,,,,,
1780436539.772,4704182.0,6560.277,2.609057,,,,,,
1780436539.773,4704207.0,6560.198,2.609088,,,,,,
1780436539.774,4704232.0,6560.271,2.60906,,,,,,
1780436539.776,4704257.0,6560.25,2.609068,,,,,,
1780436539.938,4704282.0,6560.402,2.608864,,,,,,
1780436539.940,4704307.0,6560.375,2.608875,,,,,,
1780436539.941,4704332.0,6560.467,2.608839,,,,,,
1780436539.943,4704357.0,6560.395,2.608867,,,,,,
1780436539.944,4704382.0,6560.493,2.608829,,,,,,
1780436539.946,4704407.0,6560.441,2.608849,,,,,,
1780436540.086,4704432.0,6560.356,2.608881,,,,,,
1780436540.088,4704457.0,6560.33,2.608891,,,,,,
1780436540.089,4704482.0,6560.317,2.608896,,,,,,
1780436540.090,4704507.0,6560.297,2.608758,,,,,,
1780436540.091,4704532.0,6560.324,2.608748,,,,,,
1780436540.092,4704557.0,6560.31,2.608753,,,,,,
1780436540.237,4704582.0,6560.159,2.608811,,,,,,
1780436540.239,4704607.0,6560.094,2.608836,,,,,,
1780436540.240,4704632.0,6560.133,2.608821,,,,,,
1780436540.242,4704657.0,6559.962,2.608886,,,,,,
1780436540.244,4704682.0,6559.969,2.609029,,,,,,
1780436540.245,4704707.0,6559.956,2.609034,,,,,,
1780436540.404,4704732.0,6559.969,2.609029,,,,,,
1780436540.406,4704757.0,6559.883,2.609208,,,,,,
1780436540.407,4704782.0,6559.777,2.609248,,,,,,
1780436540.409,4704807.0,6559.732,2.609266,,,,,,
1780436540.411,4704832.0,6559.738,2.609263,,,,,,
1780436540.413,4704857.0,6559.765,2.609399,,,,,,
1780436540.415,4704882.0,6559.771,2.609396,,,,,,
1780436540.535,4704907.0,6559.679,2.609432,,,,,,
1780436540.537,4704932.0,6559.765,2.609399,,,,,,
1780436540.539,4704957.0,6559.699,2.609424,,,,,,
1780436540.541,4704982.0,6559.66,2.609439,,,,,,
1780436540.542,4705007.0,6559.509,2.609497,,,,,,
1780436540.703,4705032.0,6559.634,2.609449,,,,,,
1780436540.704,4705057.0,6559.634,2.609449,,,,,,
1780436540.706,4705082.0,6559.601,2.609462,,,,,,
1780436540.707,4705107.0,6559.838,2.609371,,,,,,
1780436540.708,4705132.0,6559.838,2.609371,,,,,,
1780436540.709,4705157.0,6559.936,2.60948,,,,,,
1780436540.711,4705182.0,6559.891,2.609497,,,,,,
1780436540.852,4705207.0,6560.094,2.60942,,,,,,
1780436540.854,4705232.0,6560.12,2.60941,,,,,,
1780436540.855,4705257.0,6560.192,2.609382,,,,,,
1780436540.856,4705282.0,6560.337,2.609327,,,,,,
1780436540.857,4705307.0,6560.422,2.609149,,,,,,
1780436540.858,4705332.0,6560.488,2.609269,,,,,,
1780436540.985,4705357.0,6560.626,2.609217,,,,,,
1780436540.987,4705382.0,6560.567,2.609093,,,,,,
1780436540.988,4705407.0,6560.691,2.609046,,,,,,
1780436540.990,4705432.0,6560.757,2.609021,,,,,,
1780436540.991,4705457.0,6560.83,2.608993,,,,,,
1780436541.157,4705482.0,6560.829,2.608848,,,,,,
1780436541.161,4705507.0,6560.763,2.608873,,,,,,
1780436541.164,4705532.0,6560.743,2.60888,,,,,,
1780436541.166,4705557.0,6560.665,2.60891,,,,,,
1780436541.168,4705582.0,6560.717,2.60889,,,,,,
1780436541.172,4705607.0,6560.771,2.60887,,,,,,
1780436541.175,4705632.0,6560.79,2.608862,,,,,,
1780436541.177,4705657.0,6560.705,2.609041,,,,,,
1780436541.287,4705682.0,6560.756,2.609167,,,,,,
1780436541.289,4705707.0,6560.828,2.60914,,,,,,
1780436541.290,4705732.0,6560.716,2.609182,,,,,,
1780436541.292,4705757.0,6560.69,2.609192,,,,,,
1780436541.436,4705782.0,6560.625,2.609071,,,,,,
1780436541.437,4705807.0,6560.566,2.609094,,,,,,
1780436541.438,4705832.0,6560.441,2.609141,,,,,,
1780436541.440,4705857.0,6560.382,2.609164,,,,,,
1780436541.441,4705882.0,6560.304,2.609194,,,,,,
1780436541.442,4705907.0,6560.146,2.609254,,,,,,
1780436541.587,4705932.0,6560.132,2.609259,,,,,,
1780436541.589,4705957.0,6559.975,2.609173,,,,,,
1780436541.591,4705982.0,6560.001,2.609163,,,,,,
1780436541.592,4706007.0,6559.936,2.609188,,,,,,
1780436541.594,4706032.0,6559.969,2.609175,,,,,,
1780436541.595,4706057.0,6559.864,2.609215,,,,,,
1780436541.734,4706082.0,6559.851,2.60922,,,,,,
1780436541.736,4706107.0,6559.667,2.60929,,,,,,
1780436541.737,4706132.0,6559.857,2.609217,,,,,,
1780436541.739,4706157.0,6559.857,2.609363,,,,,,
1780436541.740,4706182.0,6559.942,2.609331,,,,,,
1780436541.741,4706207.0,6559.89,2.609351,,,,,,
1780436541.887,4706232.0,6559.949,2.609329,,,,,,
1780436541.889,4706257.0,6559.857,2.609363,,,,,,
1780436541.891,4706282.0,6559.962,2.609178,,,,,,
1780436541.892,4706307.0,6559.956,2.609034,,,,,,
1780436541.894,4706332.0,6559.996,2.609019,,,,,,
1780436541.895,4706357.0,6559.922,2.609047,,,,,,
1780436542.051,4706382.0,6560.146,2.608962,,,,,,
1780436542.052,4706407.0,6560.107,2.608977,,,,,,
1780436542.053,4706432.0,6560.277,2.608912,,,,,,
1780436542.054,4706457.0,6560.323,2.608894,,,,,,
1780436542.055,4706482.0,6560.409,2.608862,,,,,,
1780436542.055,4706507.0,6560.416,2.608859,,,,,,
1780436542.056,4706532.0,6560.428,2.608854,,,,,,
1780436542.218,4706557.0,6560.389,2.608869,,,,,,
1780436542.220,4706582.0,6560.521,2.608819,,,,,,
1780436542.221,4706607.0,6560.527,2.608816,,,,,,
1780436542.222,4706632.0,6560.487,2.608832,,,,,,
1780436542.224,4706657.0,6560.448,2.608846,,,,,,
1780436542.225,4706682.0,6560.447,2.608993,,,,,,
1780436542.226,4706707.0,6560.355,2.609028,,,,,,
1780436542.368,4706732.0,6560.5,2.608973,,,,,,
1780436542.370,4706757.0,6560.375,2.60902,,,,,,
1780436542.371,4706782.0,6560.369,2.608877,,,,,,
1780436542.373,4706807.0,6560.31,2.608899,,,,,,
1780436542.374,4706832.0,6560.218,2.608934,,,,,,
1780436542.375,4706857.0,6560.244,2.608924,,,,,,
1780436542.520,4706882.0,6560.198,2.608942,,,,,,
1780436542.522,4706907.0,6560.132,2.608967,,,,,,
1780436542.524,4706932.0,6559.988,2.609168,,,,,,
1780436542.525,4706957.0,6559.857,2.609364,,,,,,
1780436542.527,4706982.0,6559.91,2.609344,,,,,,
1780436542.528,4707007.0,6559.818,2.609379,,,,,,
1780436542.686,4707032.0,6559.772,2.609396,,,,,,
1780436542.687,4707057.0,6559.719,2.609562,,,,,,
1780436542.688,4707082.0,6559.7,2.60957,,,,,,
1780436542.689,4707107.0,6559.7,2.60957,,,,,,
1780436542.690,4707132.0,6559.608,2.609751,,,,,,
1780436542.691,4707157.0,6559.713,2.609711,,,,,,
1780436542.852,4707182.0,6559.661,2.60973,,,,,,
1780436542.854,4707207.0,6559.601,2.609753,,,,,,
1780436542.855,4707232.0,6559.477,2.609801,,,,,,
1780436542.856,4707257.0,6559.634,2.609741,,,,,,
1780436542.857,4707282.0,6559.536,2.609778,,,,,,
1780436542.858,4707307.0,6559.588,2.609613,,,,,,
1780436542.859,4707332.0,6559.641,2.609592,,,,,,
1780436542.985,4707357.0,6559.726,2.60956,,,,,,
1780436542.987,4707382.0,6559.785,2.609537,,,,,,
1780436542.988,4707407.0,6559.909,2.60949,,,,,,
1780436542.989,4707432.0,6559.916,2.609488,,,,,,
1780436542.990,4707457.0,6560.054,2.609435,,,,,,
1780436543.155,4707482.0,6560.054,2.609435,,,,,,
1780436543.158,4707507.0,6560.23,2.609367,,,,,,
1780436543.160,4707532.0,6560.271,2.609352,,,,,,
1780436543.162,4707557.0,6560.402,2.609156,,,,,,
1780436543.163,4707582.0,6560.553,2.608953,,,,,,
1780436543.164,4707607.0,6560.384,2.609163,,,,,,
1780436543.166,4707632.0,6560.239,2.609218,,,,,,
1780436543.320,4707657.0,6560.376,2.609166,,,,,,
1780436543.322,4707682.0,6560.323,2.60904,,,,,,
1780436543.324,4707707.0,6560.231,2.609075,,,,,,
1780436543.325,4707732.0,6560.211,2.609083,,,,,,
1780436543.327,4707757.0,6560.25,2.609068,,,,,,
1780436543.329,4707782.0,6560.277,2.609058,,,,,,
1780436543.330,4707807.0,6560.362,2.609025,,,,,,
1780436543.485,4707832.0,6560.401,2.60901,,,,,,
1780436543.486,4707857.0,6560.33,2.609038,,,,,,
1780436543.488,4707882.0,6560.375,2.609167,,,,,,
1780436543.490,4707907.0,6560.382,2.609164,,,,,,
1780436543.491,4707932.0,6560.335,2.609182,,,,,,
1780436543.493,4707957.0,6560.291,2.609199,,,,,,
1780436543.635,4707982.0,6560.271,2.609353,,,,,,
1780436543.637,4708007.0,6560.179,2.609387,,,,,,
1780436543.638,4708032.0,6560.087,2.609569,,,,,,
1780436543.639,4708057.0,6560.094,2.609566,,,,,,
1780436543.641,4708082.0,6560.081,2.609571,,,,,,
1780436543.642,4708107.0,6559.962,2.609616,,,,,,
1780436543.784,4708132.0,6559.981,2.609608,,,,,,
1780436543.786,4708157.0,6559.929,2.609629,,,,,,
1780436543.787,4708182.0,6559.883,2.609646,,,,,,
1780436543.788,4708207.0,6559.837,2.609663,,,,,,
1780436543.790,4708232.0,6560.061,2.609578,,,,,,
1780436543.791,4708257.0,6560.139,2.609549,,,,,,
1780436543.906,4708282.0,6560.166,2.609685,,,,,,
1780436543.908,4708307.0,6560.225,2.609662,,,,,,
1780436543.910,4708332.0,6560.316,2.609627,,,,,,
1780436543.911,4708357.0,6560.336,2.609619,,,,,,
1780436543.913,4708382.0,6560.428,2.609438,,,,,,
1780436544.051,4708407.0,6560.304,2.609486,,,,,,
1780436544.052,4708432.0,6560.336,2.609473,,,,,,
1780436544.054,4708457.0,6560.244,2.609509,,,,,,
1780436544.055,4708482.0,6560.416,2.609443,,,,,,
1780436544.056,4708507.0,6560.31,2.609337,,,,,,
1780436544.057,4708532.0,6560.422,2.609295,,,,,,
1780436544.200,4708557.0,6560.409,2.6093,,,,,,
1780436544.201,4708582.0,6560.396,2.609305,,,,,,
1780436544.201,4708607.0,6560.429,2.609146,,,,,,
1780436544.202,4708632.0,6560.297,2.609196,,,,,,
1780436544.202,4708657.0,6560.284,2.609056,,,,,,
1780436544.203,4708682.0,6560.231,2.609075,,,,,,
1780436544.353,4708707.0,6560.179,2.609095,,,,,,
1780436544.354,4708732.0,6560.073,2.609135,,,,,,
1780436544.356,4708757.0,6560.027,2.609153,,,,,,
1780436544.357,4708782.0,6559.936,2.609188,,,,,,
1780436544.358,4708807.0,6560.06,2.60914,,,,,,
1780436544.359,4708832.0,6559.922,2.609193,,,,,,
1780436544.517,4708857.0,6559.942,2.609039,,,,,,
1780436544.519,4708882.0,6559.818,2.609087,,,,,,
1780436544.520,4708907.0,6559.812,2.608943,,,,,,
1780436544.522,4708932.0,6559.681,2.608993,,,,,,
1780436544.524,4708957.0,6559.634,2.609011,,,,,,
1780436544.526,4708982.0,6559.654,2.609003,,,,,,
1780436544.528,4709007.0,6559.687,2.608991,,,,,,
1780436544.688,4709032.0,6559.667,2.608998,,,,,,
1780436544.689,4709057.0,6559.594,2.609026,,,,,,
1780436544.691,4709082.0,6559.66,2.609001,,,,,,
1780436544.692,4709107.0,6559.674,2.608996,,,,,,
1780436544.693,4709132.0,6559.666,2.608999,,,,,,
1780436544.694,4709157.0,6559.614,2.609018,,,,,,
1780436544.835,4709182.0,6559.562,2.609038,,,,,,
1780436544.836,4709207.0,6559.608,2.609021,,,,,,
1780436544.838,4709232.0,6559.49,2.609066,,,,,,
1780436544.839,4709257.0,6559.654,2.609003,,,,,,
1780436544.841,4709282.0,6559.602,2.609023,,,,,,
1780436544.843,4709307.0,6559.706,2.608983,,,,,,
1780436544.984,4709332.0,6559.707,2.609129,,,,,,
1780436544.986,4709357.0,6559.877,2.609064,,,,,,
1780436544.988,4709382.0,6559.837,2.609079,,,,,,
1780436544.989,4709407.0,6559.95,2.609036,,,,,,
1780436544.990,4709432.0,6559.799,2.609094,,,,,,
1780436544.991,4709457.0,6560.041,2.609148,,,,,,
1780436545.152,4709482.0,6559.89,2.609205,,,,,,
1780436545.154,4709507.0,6560.014,2.609304,,,,,,
1780436545.156,4709532.0,6559.935,2.609334,,,,,,
1780436545.157,4709557.0,6560.132,2.609259,,,,,,
1780436545.159,4709582.0,6560.178,2.609241,,,,,,
1780436545.165,4709607.0,6560.015,2.609304,,,,,,
1780436545.166,4709632.0,6559.962,2.609324,,,,,,
1780436545.319,4709657.0,6559.956,2.609327,,,,,,
1780436545.321,4709682.0,6560.074,2.609281,,,,,,
1780436545.323,4709707.0,6560.034,2.609297,,,,,,
1780436545.325,4709732.0,6559.909,2.609344,,,,,,
1780436545.326,4709757.0,6559.726,2.609414,,,,,,
1780436545.328,4709782.0,6559.772,2.609396,,,,,,
1780436545.329,4709807.0,6559.831,2.60952,,,,,,
1780436545.486,4709832.0,6559.871,2.609505,,,,,,
1780436545.488,4709857.0,6559.877,2.609502,,,,,,
1780436545.489,4709882.0,6559.864,2.609507,,,,,,
1780436545.491,4709907.0,6559.799,2.609532,,,,,,
1780436545.492,4709932.0,6559.707,2.609567,,,,,,
1780436545.494,4709957.0,6559.674,2.609579,,,,,,
1780436545.652,4709982.0,6559.772,2.609542,,,,,,
1780436545.653,4710007.0,6559.726,2.60956,,,,,,
1780436545.655,4710032.0,6559.792,2.609535,,,,,,
1780436545.657,4710057.0,6559.837,2.609517,,,,,,
1780436545.658,4710082.0,6559.719,2.609562,,,,,,
1780436545.659,4710107.0,6559.779,2.609539,,,,,,
1780436545.660,4710132.0,6559.772,2.609396,,,,,,
1780436545.784,4710157.0,6559.701,2.60957,,,,,,
1780436545.786,4710182.0,6559.641,2.609592,,,,,,
1780436545.788,4710207.0,6559.621,2.6096,,,,,,
1780436545.789,4710232.0,6559.752,2.60955,,,,,,
1780436545.791,4710257.0,6559.654,2.609587,,,,,,
1780436545.917,4710282.0,6559.772,2.609542,,,,,,
1780436545.918,4710307.0,6559.608,2.609605,,,,,,
1780436545.920,4710332.0,6559.7,2.60957,,,,,,
1780436545.921,4710357.0,6559.661,2.609585,,,,,,
1780436545.922,4710382.0,6559.917,2.609487,,,,,,
1780436545.923,4710407.0,6559.792,2.609535,,,,,,
1780436546.067,4710432.0,6559.857,2.609364,,,,,,
1780436546.068,4710457.0,6559.772,2.609396,,,,,,
1780436546.070,4710482.0,6559.884,2.609499,,,,,,
1780436546.071,4710507.0,6559.969,2.609467,,,,,,
1780436546.072,4710532.0,6560.159,2.609395,,,,,,
1780436546.073,4710557.0,6560.179,2.609387,,,,,,
1780436546.167,4710582.0,6560.081,2.609279,,,,,,
1780436546.168,4710607.0,6560.008,2.609452,,,,,,
1780436546.170,4710632.0,6560.022,2.609447,,,,,,
1780436546.318,4710657.0,6559.903,2.609492,,,,,,
1780436546.320,4710682.0,6559.897,2.609494,,,,,,
1780436546.321,4710707.0,6559.89,2.609351,,,,,,
1780436546.323,4710732.0,6559.766,2.609399,,,,,,
1780436546.325,4710757.0,6559.752,2.609404,,,,,,
1780436546.326,4710782.0,6559.877,2.60921,,,,,,
1780436546.328,4710807.0,6559.772,2.60925,,,,,,
1780436546.486,4710832.0,6559.699,2.609278,,,,,,
1780436546.488,4710857.0,6559.641,2.6093,,,,,,
1780436546.489,4710882.0,6559.627,2.609305,,,,,,
1780436546.491,4710907.0,6559.574,2.609326,,,,,,
1780436546.492,4710932.0,6559.549,2.609335,,,,,,
1780436546.495,4710957.0,6559.556,2.609333,,,,,,
1780436546.634,4710982.0,6559.47,2.609365,,,,,,
1780436546.635,4711007.0,6559.502,2.609353,,,,,,
1780436546.636,4711032.0,6559.535,2.60934,,,,,,
1780436546.637,4711057.0,6559.449,2.609373,,,,,,
1780436546.638,4711082.0,6559.469,2.609365,,,,,,
1780436546.638,4711107.0,6559.417,2.609239,,,,,,
1780436546.784,4711132.0,6559.306,2.609282,,,,,,
1780436546.786,4711157.0,6559.273,2.609294,,,,,,
1780436546.787,4711182.0,6559.214,2.609317,,,,,,
1780436546.788,4711207.0,6559.385,2.609252,,,,,,
1780436546.789,4711232.0,6559.352,2.609118,,,,,,
1780436546.790,4711257.0,6559.471,2.609073,,,,,,
1780436546.935,4711282.0,6559.458,2.609078,,,,,,
1780436546.937,4711307.0,6559.424,2.609236,,,,,,
1780436546.938,4711332.0,6559.47,2.609219,,,,,,
1780436546.939,4711357.0,6559.694,2.609134,,,,,,
1780436546.940,4711382.0,6559.72,2.609124,,,,,,
1780436546.941,4711407.0,6559.707,2.609129,,,,,,
1780436547.085,4711432.0,6559.785,2.609245,,,,,,
1780436547.087,4711457.0,6559.916,2.609195,,,,,,
1780436547.089,4711482.0,6559.792,2.609243,,,,,,
1780436547.091,4711507.0,6559.969,2.609175,,,,,,
1780436547.093,4711532.0,6559.976,2.609173,,,,,,
1780436547.094,4711557.0,6560.067,2.609138,,,,,,
1780436547.234,4711582.0,6560.007,2.609161,,,,,,
1780436547.235,4711607.0,6560.08,2.609133,,,,,,
1780436547.237,4711632.0,6560.061,2.60914,,,,,,
1780436547.238,4711657.0,6560.021,2.609156,,,,,,
1780436547.240,4711682.0,6560.146,2.609108,,,,,,
1780436547.241,4711707.0,6560.028,2.609153,,,,,,
1780436547.400,4711732.0,6560.041,2.609148,,,,,,
1780436547.402,4711757.0,6560.008,2.609306,,,,,,
1780436547.403,4711782.0,6559.903,2.609346,,,,,,
1780436547.404,4711807.0,6559.903,2.609346,,,,,,
1780436547.405,4711832.0,6559.956,2.609326,,,,,,
1780436547.406,4711857.0,6559.824,2.609376,,,,,,
1780436547.407,4711882.0,6559.758,2.609401,,,,,,
1780436547.531,4711907.0,6559.653,2.609441,,,,,,
1780436547.532,4711932.0,6559.792,2.609242,,,,,,
1780436547.533,4711957.0,6559.708,2.609275,,,,,,
1780436547.534,4711982.0,6559.563,2.60933,,,,,,
1780436547.535,4712007.0,6559.464,2.609367,,,,,,
1780436547.682,4712032.0,6559.49,2.609358,,,,,,
1780436547.683,4712057.0,6559.292,2.609287,,,,,,
1780436547.683,4712082.0,6559.233,2.60931,,,,,,
1780436547.684,4712107.0,6559.437,2.609232,,,,,,
1780436547.685,4712132.0,6559.437,2.609232,,,,,,
1780436547.687,4712157.0,6559.319,2.609277,,,,,,
1780436547.833,4712182.0,6559.424,2.609237,,,,,,
1780436547.835,4712207.0,6559.398,2.609247,,,,,,
1780436547.836,4712232.0,6559.516,2.609202,,,,,,
1780436547.837,4712257.0,6559.424,2.609237,,,,,,
1780436547.838,4712282.0,6559.522,2.609199,,,,,,
1780436547.839,4712307.0,6559.417,2.609239,,,,,,
1780436547.949,4712332.0,6559.654,2.609149,,,,,,
1780436547.951,4712357.0,6559.634,2.609157,,,,,,
1780436547.952,4712382.0,6559.726,2.608976,,,,,,
1780436547.953,4712407.0,6559.818,2.608941,,,,,,
1780436547.954,4712432.0,6560.015,2.608865,,,,,,
1780436548.082,4712457.0,6559.857,2.608926,,,,,,
1780436548.083,4712482.0,6560.015,2.608865,,,,,,
1780436548.085,4712507.0,6559.982,2.608878,,,,,,
1780436548.086,4712532.0,6560.257,2.608773,,,,,,
1780436548.086,4712557.0,6560.054,2.608851,,,,,,
1780436548.198,4712582.0,6560.166,2.608808,,,,,,
1780436548.199,4712607.0,6560.277,2.608912,,,,,,
1780436548.199,4712632.0,6560.277,2.608912,,,,,,
1780436548.200,4712657.0,6560.179,2.608949,,,,,,
1780436548.200,4712682.0,6560.139,2.608964,,,,,,
1780436548.355,4712707.0,6560.132,2.608967,,,,,,
1780436548.357,4712732.0,6559.981,2.609024,,,,,,
1780436548.359,4712757.0,6559.963,2.609031,,,,,,
1780436548.360,4712782.0,6560.015,2.609158,,,,,,
1780436548.362,4712807.0,6559.884,2.609354,,,,,,
1780436548.363,4712832.0,6559.91,2.609344,,,,,,
1780436548.517,4712857.0,6559.903,2.609346,,,,,,
1780436548.519,4712882.0,6559.752,2.609404,,,,,,
1780436548.520,4712907.0,6559.766,2.609399,,,,,,
1780436548.522,4712932.0,6559.713,2.609565,,,,,,
1780436548.523,4712957.0,6559.687,2.609575,,,,,,
1780436548.524,4712982.0,6559.575,2.609617,,,,,,
1780436548.526,4713007.0,6559.641,2.609592,,,,,,
1780436548.669,4713032.0,6559.523,2.609637,,,,,,
1780436548.671,4713057.0,6559.372,2.609695,,,,,,
1780436548.672,4713082.0,6559.378,2.609692,,,,,,
1780436548.673,4713107.0,6559.326,2.609712,,,,,,
1780436548.674,4713132.0,6559.247,2.609742,,,,,,
1780436548.676,4713157.0,6559.194,2.609763,,,,,,
1780436548.802,4713182.0,6559.214,2.609755,,,,,,
1780436548.803,4713207.0,6559.28,2.60973,,,,,,
1780436548.805,4713232.0,6559.194,2.609616,,,,,,
1780436548.807,4713257.0,6559.3,2.609576,,,,,,
1780436548.808,4713282.0,6559.28,2.60973,,,,,,
1780436548.950,4713307.0,6559.483,2.609652,,,,,,
1780436548.952,4713332.0,6559.437,2.60967,,,,,,
1780436548.953,4713357.0,6559.601,2.609607,,,,,,
1780436548.955,4713382.0,6559.561,2.609622,,,,,,
1780436548.957,4713407.0,6559.653,2.609441,,,,,,
1780436548.958,4713432.0,6559.627,2.609305,,,,,,
1780436549.105,4713457.0,6559.647,2.609298,,,,,,
1780436549.106,4713482.0,6559.528,2.609343,,,,,,
1780436549.107,4713507.0,6559.771,2.609396,,,,,,
1780436549.109,4713532.0,6559.686,2.609429,,,,,,
1780436549.110,4713557.0,6559.85,2.609221,,,,,,
1780436549.110,4713582.0,6559.777,2.609248,,,,,,
1780436549.265,4713607.0,6559.791,2.609243,,,,,,
1780436549.266,4713632.0,6559.752,2.609258,,,,,,
1780436549.268,4713657.0,6559.824,2.609376,,,,,,
1780436549.269,4713682.0,6559.799,2.609386,,,,,,
1780436549.272,4713707.0,6559.825,2.609522,,,,,,
1780436549.273,4713732.0,6559.759,2.609547,,,,,,
1780436549.274,4713757.0,6559.792,2.609535,,,,,,
1780436549.434,4713782.0,6559.779,2.60954,,,,,,
1780436549.437,4713807.0,6559.765,2.609545,,,,,,
1780436549.439,4713832.0,6559.699,2.60957,,,,,,
1780436549.441,4713857.0,6559.627,2.609597,,,,,,
1780436549.443,4713882.0,6559.594,2.60961,,,,,,
1780436549.445,4713907.0,6559.633,2.609449,,,,,,
1780436549.616,4713932.0,6559.673,2.609434,,,,,,
1780436549.617,4713957.0,6559.712,2.609419,,,,,,
1780436549.618,4713982.0,6559.68,2.609432,,,,,,
1780436549.619,4714007.0,6559.614,2.609456,,,,,,
1780436549.620,4714032.0,6559.674,2.609434,,,,,,
1780436549.621,4714057.0,6559.713,2.609419,,,,,,
1780436549.623,4714082.0,6559.779,2.60954,,,,,,
1780436549.624,4714107.0,6559.805,2.60953,,,,,,
1780436549.767,4714132.0,6559.779,2.609394,,,,,,
1780436549.768,4714157.0,6559.844,2.609369,,,,,,
1780436549.770,4714182.0,6559.765,2.609399,,,,,,
1780436549.771,4714207.0,6559.758,2.609401,,,,,,
1780436549.773,4714232.0,6559.942,2.609331,,,,,,
1780436549.774,4714257.0,6559.777,2.609394,,,,,,
1780436549.936,4714282.0,6559.844,2.609223,,,,,,
1780436549.938,4714307.0,6560.014,2.609158,,,,,,
1780436549.940,4714332.0,6560.107,2.608977,,,,,,
1780436549.941,4714357.0,6560.113,2.608974,,,,,,
1780436549.943,4714382.0,6560.159,2.608957,,,,,,
1780436549.944,4714407.0,6560.114,2.608974,,,,,,
1780436550.102,4714432.0,6560.192,2.608944,,,,,,
1780436550.104,4714457.0,6560.114,2.608974,,,,,,
1780436550.105,4714482.0,6560.284,2.609055,,,,,,
1780436550.107,4714507.0,6560.186,2.609093,,,,,,
1780436550.108,4714532.0,6560.199,2.609088,,,,,,
1780436550.110,4714557.0,6560.113,2.60912,,,,,,
1780436550.112,4714582.0,6560.133,2.609113,,,,,,
1780436550.268,4714607.0,6560.166,2.6091,,,,,,
1780436550.270,4714632.0,6560.061,2.60914,,,,,,
1780436550.273,4714657.0,6559.916,2.609341,,,,,,
1780436550.276,4714682.0,6559.831,2.609374,,,,,,
1780436550.278,4714707.0,6559.758,2.609256,,,,,,
1780436550.280,4714732.0,6559.739,2.609263,,,,,,
1780436550.281,4714757.0,6559.706,2.609276,,,,,,
1780436550.447,4714782.0,6559.588,2.60932,,,,,,
1780436550.448,4714807.0,6559.555,2.609333,,,,,,
1780436550.450,4714832.0,6559.496,2.609355,,,,,,
1780436550.451,4714857.0,6559.431,2.60938,,,,,,
1780436550.452,4714882.0,6559.503,2.609353,,,,,,
1780436550.453,4714907.0,6559.503,2.609353,,,,,,
1780436550.454,4714932.0,6559.371,2.609549,,,,,,
1780436550.598,4714957.0,6559.358,2.609554,,,,,,
1780436550.600,4714982.0,6559.384,2.609544,,,,,,
1780436550.601,4715007.0,6559.516,2.609494,,,,,,
1780436550.602,4715032.0,6559.404,2.609536,,,,,,
1780436550.603,4715057.0,6559.496,2.609501,,,,,,
1780436550.604,4715082.0,6559.411,2.609534,,,,,,
1780436550.749,4715107.0,6559.391,2.609395,,,,,,
1780436550.750,4715132.0,6559.379,2.6094,,,,,,
1780436550.752,4715157.0,6559.385,2.609398,,,,,,
1780436550.755,4715182.0,6559.339,2.609415,,,,,,
1780436550.756,4715207.0,6559.411,2.609388,,,,,,
1780436550.757,4715232.0,6559.195,2.609616,,,,,,
1780436550.916,4715257.0,6559.352,2.609556,,,,,,
1780436550.918,4715282.0,6559.313,2.609425,,,,,,
1780436550.920,4715307.0,6559.417,2.609385,,,,,,
1780436550.921,4715332.0,6559.417,2.609385,,,,,,
1780436550.922,4715357.0,6559.489,2.609358,,,,,,
1780436550.924,4715382.0,6559.378,2.6094,,,,,,
1780436550.926,4715407.0,6559.535,2.609486,,,,,,
1780436551.069,4715432.0,6559.594,2.60961,,,,,,
1780436551.072,4715457.0,6559.771,2.609543,,,,,,
1780436551.074,4715482.0,6559.745,2.609552,,,,,,
1780436551.075,4715507.0,6559.922,2.609485,,,,,,
1780436551.077,4715532.0,6559.824,2.609668,,,,,,
1780436551.078,4715557.0,6559.844,2.609515,,,,,,
1780436551.233,4715582.0,6559.714,2.609565,,,,,,
1780436551.237,4715607.0,6559.752,2.60955,,,,,,
1780436551.240,4715632.0,6559.529,2.609635,,,,,,
1780436551.242,4715657.0,6559.424,2.609675,,,,,,
1780436551.244,4715682.0,6559.431,2.609672,,,,,,
1780436551.246,4715707.0,6559.443,2.609813,,,,,,
1780436551.399,4715732.0,6559.417,2.609823,,,,,,
1780436551.401,4715757.0,6559.496,2.609793,,,,,,
1780436551.403,4715782.0,6559.536,2.609779,,,,,,
1780436551.404,4715807.0,6559.563,2.609768,,,,,,
1780436551.405,4715832.0,6559.589,2.609758,,,,,,
1780436551.406,4715857.0,6559.772,2.609542,,,,,,
1780436551.407,4715882.0,6559.772,2.609542,,,,,,
1780436551.549,4715907.0,6559.726,2.60956,,,,,,
1780436551.550,4715932.0,6559.771,2.609542,,,,,,
1780436551.551,4715957.0,6559.792,2.609535,,,,,,
1780436551.552,4715982.0,6559.785,2.609537,,,,,,
1780436551.553,4716007.0,6559.825,2.609521,,,,,,
1780436551.553,4716032.0,6559.681,2.609577,,,,,,
1780436551.684,4716057.0,6559.595,2.609463,,,,,,
1780436551.685,4716082.0,6559.411,2.609534,,,,,,
1780436551.687,4716107.0,6559.286,2.609727,,,,,,
1780436551.688,4716132.0,6559.201,2.60976,,,,,,
1780436551.690,4716157.0,6559.254,2.609594,,,,,,
1780436551.801,4716182.0,6559.286,2.609581,,,,,,
1780436551.804,4716207.0,6559.359,2.609554,,,,,,
1780436551.805,4716232.0,6559.345,2.609705,,,,,,
1780436551.807,4716257.0,6559.43,2.609673,,,,,,
1780436551.808,4716282.0,6559.719,2.609562,,,,,,
1780436551.948,4716307.0,6559.554,2.609625,,,,,,
1780436551.949,4716332.0,6559.699,2.609424,,,,,,
1780436551.950,4716357.0,6559.587,2.609467,,,,,,
1780436551.950,4716382.0,6559.686,2.609429,,,,,,
1780436551.951,4716407.0,6559.575,2.609617,,,,,,
1780436551.952,4716432.0,6559.778,2.60954,,,,,,
1780436552.083,4716457.0,6559.654,2.609587,,,,,,
1780436552.086,4716482.0,6559.707,2.609713,,,,,,
1780436552.087,4716507.0,6559.634,2.609741,,,,,,
1780436552.089,4716532.0,6559.877,2.609648,,,,,,
1780436552.090,4716557.0,6559.799,2.609678,,,,,,
1780436552.235,4716582.0,6559.819,2.609816,,,,,,
1780436552.238,4716607.0,6559.851,2.609804,,,,,,
1780436552.240,4716632.0,6559.996,2.609895,,,,,,
1780436552.243,4716657.0,6560.035,2.60988,,,,,,
1780436552.244,4716682.0,6559.922,2.609923,,,,,,
1780436552.246,4716707.0,6559.942,2.609915,,,,,,
1780436552.399,4716732.0,6560.126,2.609699,,,,,,
1780436552.401,4716757.0,6560.12,2.609848,,,,,,
1780436552.403,4716782.0,6559.949,2.609913,,,,,,
1780436552.405,4716807.0,6559.871,2.609943,,,,,,
1780436552.406,4716832.0,6559.936,2.609918,,,,,,
1780436552.407,4716857.0,6559.936,2.609772,,,,,,
1780436552.408,4716882.0,6559.923,2.609777,,,,,,
1780436552.566,4716907.0,6559.917,2.609779,,,,,,
1780436552.567,4716932.0,6559.976,2.609903,,,,,,
1780436552.569,4716957.0,6559.943,2.609915,,,,,,
1780436552.571,4716982.0,6559.904,2.60993,,,,,,
1780436552.572,4717007.0,6559.924,2.609923,,,,,,
1780436552.573,4717032.0,6559.91,2.609782,,,,,,
1780436552.575,4717057.0,6559.726,2.609852,,,,,,
1780436552.734,4717082.0,6559.647,2.609882,,,,,,
1780436552.736,4717107.0,6559.607,2.609751,,,,,,
1780436552.738,4717132.0,6559.601,2.609753,,,,,,
1780436552.740,4717157.0,6559.476,2.609801,,,,,,
1780436552.741,4717182.0,6559.463,2.609806,,,,,,
1780436552.743,4717207.0,6559.385,2.60969,,,,,,
1780436552.899,4717232.0,6559.273,2.609732,,,,,,
1780436552.901,4717257.0,6559.136,2.609638,,,,,,
1780436552.902,4717282.0,6559.123,2.609498,,,,,,
1780436552.904,4717307.0,6559.477,2.609363,,,,,,
1780436552.905,4717332.0,6559.516,2.609348,,,,,,
1780436552.907,4717357.0,6559.451,2.609373,,,,,,
1780436552.908,4717382.0,6559.306,2.609282,,,,,,
1780436553.066,4717407.0,6559.542,2.609192,,,,,,
1780436553.068,4717432.0,6559.575,2.609179,,,,,,
1780436553.069,4717457.0,6559.587,2.609174,,,,,,
1780436553.071,4717482.0,6559.516,2.609202,,,,,,
1780436553.073,4717507.0,6559.608,2.609167,,,,,,
1780436553.074,4717532.0,6559.502,2.609207,,,,,,
1780436553.074,4717557.0,6559.556,2.60904,,,,,,
1780436553.232,4717582.0,6559.563,2.609038,,,,,,
1780436553.234,4717607.0,6559.766,2.60896,,,,,,
1780436553.236,4717632.0,6559.609,2.60902,,,,,,
1780436553.237,4717657.0,6559.786,2.608953,,,,,,
1780436553.238,4717682.0,6559.857,2.608926,,,,,,
1780436553.240,4717707.0,6559.804,2.609092,,,,,,
1780436553.399,4717732.0,6559.746,2.609114,,,,,,
1780436553.400,4717757.0,6559.857,2.609218,,,,,,
1780436553.402,4717782.0,6559.884,2.609208,,,,,,
1780436553.404,4717807.0,6559.844,2.609223,,,,,,
1780436553.406,4717832.0,6559.818,2.609233,,,,,,
1780436553.408,4717857.0,6559.936,2.609188,,,,,,
1780436553.409,4717882.0,6560.016,2.609158,,,,,,
1780436553.567,4717907.0,6559.95,2.609182,,,,,,
1780436553.568,4717932.0,6559.799,2.60924,,,,,,
1780436553.570,4717957.0,6559.799,2.60924,,,,,,
1780436553.571,4717982.0,6559.805,2.609238,,,,,,
1780436553.572,4718007.0,6559.916,2.609195,,,,,,
1780436553.573,4718032.0,6559.876,2.609211,,,,,,
1780436553.574,4718057.0,6559.889,2.609206,,,,,,
1780436553.715,4718082.0,6559.876,2.609211,,,,,,
1780436553.717,4718107.0,6559.745,2.609407,,,,,,
1780436553.719,4718132.0,6559.706,2.609422,,,,,,
1780436553.720,4718157.0,6559.751,2.609404,,,,,,
1780436553.722,4718182.0,6559.732,2.609411,,,,,,
1780436553.723,4718207.0,6559.627,2.609452,,,,,,
1780436553.849,4718232.0,6559.522,2.609491,,,,,,
1780436553.851,4718257.0,6559.607,2.609459,,,,,,
1780436553.853,4718282.0,6559.529,2.609488,,,,,,
1780436553.854,4718307.0,6559.41,2.609534,,,,,,
1780436553.856,4718332.0,6559.705,2.609276,,,,,,
1780436553.983,4718357.0,6559.712,2.609273,,,,,,
1780436553.985,4718382.0,6559.732,2.60912,,,,,,
1780436553.986,4718407.0,6559.699,2.609132,,,,,,
1780436553.988,4718432.0,6559.851,2.609074,,,,,,
1780436553.989,4718457.0,6559.877,2.609064,,,,,,
1780436554.149,4718482.0,6559.897,2.609057,,,,,,
1780436554.151,4718507.0,6559.779,2.609102,,,,,,
1780436554.152,4718532.0,6559.923,2.609193,,,,,,
1780436554.153,4718557.0,6559.89,2.609205,,,,,,
1780436554.154,4718582.0,6559.936,2.609188,,,,,,
1780436554.155,4718607.0,6559.818,2.609232,,,,,,
1780436554.156,4718632.0,6559.897,2.609202,,,,,,
1780436554.319,4718657.0,6559.89,2.609205,,,,,,
1780436554.320,4718682.0,6559.811,2.609235,,,,,,
1780436554.322,4718707.0,6559.765,2.609253,,,,,,
1780436554.323,4718732.0,6559.949,2.609183,,,,,,
1780436554.324,4718757.0,6559.936,2.609188,,,,,,
1780436554.326,4718782.0,6559.877,2.60921,,,,,,
1780436554.327,4718807.0,6559.837,2.609226,,,,,,
1780436554.498,4718832.0,6559.817,2.609233,,,,,,
1780436554.500,4718857.0,6559.871,2.609213,,,,,,
1780436554.501,4718882.0,6559.772,2.60925,,,,,,
1780436554.502,4718907.0,6559.699,2.609278,,,,,,
1780436554.503,4718932.0,6559.752,2.609258,,,,,,
1780436554.504,4718957.0,6559.726,2.609414,,,,,,
1780436554.505,4718982.0,6559.647,2.609444,,,,,,
1780436554.665,4719007.0,6559.614,2.609457,,,,,,
1780436554.667,4719032.0,6559.581,2.609469,,,,,,
1780436554.669,4719057.0,6559.515,2.609494,,,,,,
1780436554.670,4719082.0,6559.476,2.609509,,,,,,
1780436554.671,4719107.0,6559.423,2.609529,,,,,,
1780436554.673,4719132.0,6559.443,2.609521,,,,,,
1780436554.675,4719157.0,6559.449,2.609373,,,,,,
1780436554.813,4719182.0,6559.417,2.609385,,,,,,
1780436554.814,4719207.0,6559.482,2.60936,,,,,,
1780436554.815,4719232.0,6559.515,2.609494,,,,,,
1780436554.816,4719257.0,6559.541,2.609484,,,,,,
1780436554.816,4719282.0,6559.515,2.609494,,,,,,
1780436554.948,4719307.0,6559.614,2.609457,,,,,,
1780436554.949,4719332.0,6559.496,2.609501,,,,,,
1780436554.951,4719357.0,6559.607,2.609313,,,,,,
1780436554.952,4719382.0,6559.601,2.609316,,,,,,
1780436554.954,4719407.0,6559.765,2.609399,,,,,,
1780436554.955,4719432.0,6559.739,2.609555,,,,,,
1780436555.099,4719457.0,6559.916,2.609488,,,,,,
1780436555.101,4719482.0,6559.864,2.609507,,,,,,
1780436555.103,4719507.0,6560.008,2.609452,,,,,,
1780436555.105,4719532.0,6560.034,2.609442,,,,,,
1780436555.107,4719557.0,6560.133,2.609405,,,,,,
1780436555.109,4719582.0,6559.982,2.609316,,,,,,
1780436555.267,4719607.0,6560.067,2.609284,,,,,,
1780436555.269,4719632.0,6560.021,2.609301,,,,,,
1780436555.270,4719657.0,6560.166,2.609246,,,,,,
1780436555.272,4719682.0,6560.1,2.609271,,,,,,
1780436555.273,4719707.0,6560.198,2.609234,,,,,,
1780436555.274,4719732.0,6560.179,2.609241,,,,,,
1780436555.276,4719757.0,6560.087,2.609276,,,,,,
1780436555.451,4719782.0,6560.067,2.609284,,,,,,
1780436555.454,4719807.0,6560.1,2.609271,,,,,,
1780436555.456,4719832.0,6559.962,2.609324,,,,,,
1780436555.458,4719857.0,6559.89,2.609205,,,,,,
1780436555.460,4719882.0,6559.797,2.60924,,,,,,
1780436555.461,4719907.0,6559.739,2.609263,,,,,,
1780436555.463,4719932.0,6559.746,2.60926,,,,,,
1780436555.614,4719957.0,6559.838,2.609225,,,,,,
1780436555.616,4719982.0,6559.693,2.60928,,,,,,
1780436555.617,4720007.0,6559.726,2.609268,,,,,,
1780436555.618,4720032.0,6559.719,2.609124,,,,,,
1780436555.620,4720057.0,6559.634,2.609011,,,,,,
1780436555.621,4720082.0,6559.575,2.609033,,,,,,
1780436555.748,4720107.0,6559.621,2.609016,,,,,,
1780436555.750,4720132.0,6559.569,2.609035,,,,,,
1780436555.752,4720157.0,6559.49,2.609066,,,,,,
1780436555.753,4720182.0,6559.411,2.609241,,,,,,
1780436555.755,4720207.0,6559.352,2.609264,,,,,,
1780436555.757,4720232.0,6559.404,2.60939,,,,,,
1780436555.929,4720257.0,6559.542,2.609338,,,,,,
1780436555.930,4720282.0,6559.516,2.609348,,,,,,
1780436555.933,4720307.0,6559.563,2.60933,,,,,,
1780436555.933,4720332.0,6559.589,2.60932,,,,,,
1780436555.934,4720357.0,6559.562,2.60933,,,,,,
1780436555.934,4720382.0,6559.772,2.60925,,,,,,
1780436555.935,4720407.0,6559.575,2.609325,,,,,,
1780436556.081,4720432.0,6559.621,2.609308,,,,,,
1780436556.083,4720457.0,6559.614,2.609311,,,,,,
1780436556.085,4720482.0,6559.805,2.609238,,,,,,
1780436556.087,4720507.0,6559.68,2.609286,,,,,,
1780436556.088,4720532.0,6559.871,2.609213,,,,,,
1780436556.090,4720557.0,6559.857,2.609218,,,,,,
1780436556.231,4720582.0,6560.014,2.609158,,,,,,
1780436556.234,4720607.0,6560.001,2.609163,,,,,,
1780436556.236,4720632.0,6560.1,2.609125,,,,,,
1780436556.238,4720657.0,6559.982,2.60917,,,,,,
1780436556.240,4720682.0,6560.212,2.609082,,,,,,
1780436556.242,4720707.0,6560.186,2.609092,,,,,,
1780436556.383,4720732.0,6560.218,2.60908,,,,,,
1780436556.384,4720757.0,6560.192,2.60909,,,,,,
1780436556.385,4720782.0,6560.113,2.60912,,,,,,
1780436556.386,4720807.0,6560.191,2.608944,,,,,,
1780436556.387,4720832.0,6560.284,2.608909,,,,,,
1780436556.388,4720857.0,6560.185,2.608801,,,,,,
1780436556.514,4720882.0,6560.002,2.608871,,,,,,
1780436556.516,4720907.0,6559.923,2.608901,,,,,,
1780436556.519,4720932.0,6559.864,2.608923,,,,,,
1780436556.520,4720957.0,6559.752,2.608966,,,,,,
1780436556.521,4720982.0,6559.615,2.609018,,,,,,
1780436556.522,4721007.0,6559.529,2.609051,,,,,,
1780436556.665,4721032.0,6559.582,2.609176,,,,,,
1780436556.667,4721057.0,6559.491,2.609211,,,,,,
1780436556.668,4721082.0,6559.406,2.609244,,,,,,
1780436556.670,4721107.0,6559.373,2.609256,,,,,,
1780436556.671,4721132.0,6559.458,2.609224,,,,,,
1780436556.831,4721157.0,6559.353,2.609264,,,,,,
1780436556.833,4721182.0,6559.162,2.609336,,,,,,
1780436556.834,4721207.0,6559.017,2.609392,,,,,,
1780436556.835,4721232.0,6558.951,2.609417,,,,,,
1780436556.837,4721257.0,6558.767,2.609487,,,,,,
1780436556.839,4721282.0,6558.768,2.609487,,,,,,
1780436556.840,4721307.0,6558.695,2.609515,,,,,,
1780436557.015,4721332.0,6558.643,2.609534,,,,,,
1780436557.016,4721357.0,6558.531,2.609577,,,,,,
1780436557.018,4721382.0,6558.4,2.609627,,,,,,
1780436557.019,4721407.0,6558.663,2.609527,,,,,,
1780436557.021,4721432.0,6558.623,2.609542,,,,,,
1780436557.022,4721457.0,6558.728,2.609502,,,,,,
1780436557.023,4721482.0,6558.682,2.609519,,,,,,
1780436557.024,4721507.0,6558.899,2.609583,,,,,,
1780436557.148,4721532.0,6558.951,2.609709,,,,,,
1780436557.149,4721557.0,6559.069,2.609664,,,,,,
1780436557.150,4721582.0,6559.024,2.609681,,,,,,
1780436557.151,4721607.0,6559.319,2.609569,,,,,,
1780436557.151,4721632.0,6559.248,2.609596,,,,,,
1780436557.301,4721657.0,6559.496,2.609355,,,,,,
1780436557.303,4721682.0,6559.496,2.609355,,,,,,
1780436557.305,4721707.0,6559.752,2.609258,,,,,,
1780436557.307,4721732.0,6559.785,2.609245,,,,,,
1780436557.308,4721757.0,6559.884,2.609208,,,,,,
1780436557.310,4721782.0,6559.818,2.609233,,,,,,
1780436557.467,4721807.0,6559.884,2.609208,,,,,,
1780436557.469,4721832.0,6559.89,2.609205,,,,,,
1780436557.471,4721857.0,6559.922,2.609193,,,,,,
1780436557.473,4721882.0,6559.896,2.609203,,,,,,
1780436557.476,4721907.0,6559.896,2.609203,,,,,,
1780436557.478,4721932.0,6559.844,2.609223,,,,,,
1780436557.480,4721957.0,6559.89,2.609205,,,,,,
1780436557.631,4721982.0,6559.851,2.60922,,,,,,
1780436557.633,4722007.0,6559.962,2.609178,,,,,,
1780436557.634,4722032.0,6559.883,2.609208,,,,,,
1780436557.635,4722057.0,6559.765,2.609253,,,,,,
1780436557.636,4722082.0,6559.687,2.609428,,,,,,
1780436557.637,4722107.0,6559.7,2.609423,,,,,,
1780436557.781,4722132.0,6559.563,2.60933,,,,,,
1780436557.783,4722157.0,6559.438,2.609231,,,,,,
1780436557.784,4722182.0,6559.386,2.609397,,,,,,
1780436557.785,4722207.0,6559.391,2.609395,,,,,,
1780436557.786,4722232.0,6559.346,2.609412,,,,,,
1780436557.787,4722257.0,6559.398,2.609393,,,,,,
1780436557.931,4722282.0,6559.405,2.60939,,,,,,
1780436557.933,4722307.0,6559.371,2.609403,,,,,,
1780436557.934,4722332.0,6559.333,2.609418,,,,,,
1780436557.936,4722357.0,6559.26,2.609591,,,,,,
1780436557.936,4722382.0,6559.247,2.609596,,,,,,
1780436557.937,4722407.0,6559.214,2.609609,,,,,,
1780436558.081,4722432.0,6559.292,2.609579,,,,,,
1780436558.082,4722457.0,6559.234,2.609601,,,,,,
1780436558.084,4722482.0,6559.458,2.609516,,,,,,
1780436558.085,4722507.0,6559.503,2.609499,,,,,,
1780436558.086,4722532.0,6559.556,2.609479,,,,,,
1780436558.087,4722557.0,6559.569,2.609473,,,,,,
1780436558.213,4722582.0,6559.694,2.609572,,,,,,
1780436558.214,4722607.0,6559.719,2.609562,,,,,,
1780436558.215,4722632.0,6559.811,2.609674,,,,,,
1780436558.216,4722657.0,6559.785,2.609683,,,,,,
1780436558.217,4722682.0,6559.949,2.609621,,,,,,
1780436558.350,4722707.0,6559.877,2.609648,,,,,,
1780436558.352,4722732.0,6559.982,2.609608,,,,,,
1780436558.354,4722757.0,6559.956,2.609618,,,,,,
1780436558.355,4722782.0,6560.087,2.609568,,,,,,
1780436558.356,4722807.0,6560.094,2.60942,,,,,,
1780436558.358,4722832.0,6560.166,2.609392,,,,,,
1780436558.496,4722857.0,6560.087,2.609422,,,,,,
1780436558.497,4722882.0,6560.107,2.609415,,,,,,
1780436558.498,4722907.0,6559.962,2.60947,,,,,,
1780436558.499,4722932.0,6559.975,2.609465,,,,,,
1780436558.499,4722957.0,6559.922,2.609485,,,,,,
1780436558.500,4722982.0,6559.936,2.609334,,,,,,
1780436558.616,4723007.0,6559.851,2.609366,,,,,,
1780436558.618,4723032.0,6559.922,2.609339,,,,,,
1780436558.620,4723057.0,6559.969,2.609321,,,,,,
1780436558.622,4723082.0,6559.949,2.609329,,,,,,
1780436558.623,4723107.0,6559.837,2.609517,,,,,,
1780436558.781,4723132.0,6559.746,2.609552,,,,,,
1780436558.783,4723157.0,6559.779,2.60954,,,,,,
1780436558.784,4723182.0,6559.739,2.609554,,,,,,
1780436558.785,4723207.0,6559.522,2.609491,,,,,,
1780436558.786,4723232.0,6559.483,2.609506,,,,,,
1780436558.787,4723257.0,6559.377,2.6094,,,,,,
1780436558.933,4723282.0,6559.306,2.609428,,,,,,
1780436558.935,4723307.0,6559.312,2.609425,,,,,,
1780436558.937,4723332.0,6559.358,2.609262,,,,,,
1780436558.939,4723357.0,6559.424,2.609237,,,,,,
1780436558.940,4723382.0,6559.397,2.609247,,,,,,
1780436558.941,4723407.0,6559.358,2.609262,,,,,,
1780436559.102,4723432.0,6559.319,2.609277,,,,,,
1780436559.105,4723457.0,6559.397,2.609247,,,,,,
1780436559.107,4723482.0,6559.462,2.609222,,,,,,
1780436559.108,4723507.0,6559.535,2.609194,,,,,,
1780436559.109,4723532.0,6559.587,2.609175,,,,,,
1780436559.110,4723557.0,6559.797,2.609094,,,,,,
1780436559.111,4723582.0,6559.693,2.609134,,,,,,
1780436559.266,4723607.0,6559.766,2.609107,,,,,,
1780436559.268,4723632.0,6559.752,2.609112,,,,,,
1780436559.270,4723657.0,6559.792,2.609097,,,,,,
1780436559.272,4723682.0,6559.766,2.609107,,,,,,
1780436559.273,4723707.0,6559.824,2.609084,,,,,,
1780436559.275,4723732.0,6559.68,2.608993,,,,,,
1780436559.276,4723757.0,6559.844,2.608931,,,,,,
1780436559.431,4723782.0,6559.726,2.608976,,,,,,
1780436559.433,4723807.0,6559.785,2.608953,,,,,,
1780436559.436,4723832.0,6559.897,2.608911,,,,,,
1780436559.440,4723857.0,6560.087,2.608838,,,,,,
1780436559.445,4723882.0,6560.074,2.608843,,,,,,
1780436559.447,4723907.0,6560.093,2.608836,,,,,,
1780436559.450,4723932.0,6560.034,2.608858,,,,,,
1780436559.615,4723957.0,6559.929,2.608899,,,,,,
1780436559.617,4723982.0,6559.745,2.608968,,,,,,
1780436559.618,4724007.0,6559.766,2.608961,,,,,,
1780436559.620,4724032.0,6559.739,2.609117,,,,,,
1780436559.621,4724057.0,6559.805,2.609092,,,,,,
1780436559.623,4724082.0,6559.739,2.609263,,,,,,
1780436559.624,4724107.0,6559.582,2.609323,,,,,,
1780436559.815,4724132.0,6559.555,2.609333,,,,,,
1780436559.816,4724157.0,6559.424,2.609383,,,,,,
1780436559.817,4724182.0,6559.266,2.609443,,,,,,
1780436559.819,4724207.0,6559.207,2.609466,,,,,,
1780436559.822,4724232.0,6559.161,2.609483,,,,,,
1780436559.824,4724257.0,6559.103,2.609505,,,,,,
1780436559.828,4724282.0,6559.031,2.609533,,,,,,
1780436559.831,4724307.0,6558.886,2.609588,,,,,,
1780436560.046,4724332.0,6558.939,2.609568,,,,,,
1780436560.048,4724357.0,6559.116,2.6095,,,,,,
1780436560.049,4724382.0,6559.181,2.609475,,,,,,
1780436560.051,4724407.0,6559.076,2.609516,,,,,,
1780436560.052,4724432.0,6559.069,2.609518,,,,,,
1780436560.054,4724457.0,6559.011,2.609686,,,,,,
1780436560.055,4724482.0,6558.951,2.609709,,,,,,
1780436560.056,4724507.0,6558.912,2.60987,,,,,,
1780436560.058,4724532.0,6559.083,2.609805,,,,,,
1780436560.197,4724557.0,6558.919,2.609867,,,,,,
1780436560.200,4724582.0,6559.129,2.609787,,,,,,
1780436560.202,4724607.0,6559.168,2.609772,,,,,,
1780436560.203,4724632.0,6559.267,2.609735,,,,,,
1780436560.206,4724657.0,6559.286,2.609581,,,,,,
1780436560.207,4724682.0,6559.299,2.609576,,,,,,
1780436560.367,4724707.0,6559.208,2.609465,,,,,,
1780436560.369,4724732.0,6559.365,2.609551,,,,,,
1780436560.371,4724757.0,6559.299,2.609576,,,,,,
1780436560.372,4724782.0,6559.411,2.609534,,,,,,
1780436560.374,4724807.0,6559.372,2.609549,,,,,,
1780436560.376,4724832.0,6559.634,2.609449,,,,,,
1780436560.378,4724857.0,6559.563,2.609476,,,,,,
1780436560.531,4724882.0,6559.7,2.609424,,,,,,
1780436560.533,4724907.0,6559.674,2.609434,,,,,,
1780436560.534,4724932.0,6559.949,2.609329,,,,,,
1780436560.536,4724957.0,6559.91,2.609344,,,,,,
1780436560.538,4724982.0,6559.91,2.609343,,,,,,
1780436560.540,4725007.0,6559.792,2.609389,,,,,,
1780436560.680,4725032.0,6559.891,2.609351,,,,,,
1780436560.682,4725057.0,6559.786,2.609391,,,,,,
1780436560.684,4725082.0,6559.733,2.609265,,,,,,
1780436560.685,4725107.0,6559.601,2.609315,,,,,,
1780436560.686,4725132.0,6559.594,2.609172,,,,,,
1780436560.688,4725157.0,6559.516,2.609202,,,,,,
1780436560.830,4725182.0,6559.652,2.60915,,,,,,
1780436560.832,4725207.0,6559.561,2.60933,,,,,,
1780436560.833,4725232.0,6559.476,2.609363,,,,,,
1780436560.834,4725257.0,6559.358,2.609554,,,,,,
1780436560.837,4725282.0,6559.266,2.609589,,,,,,
1780436560.838,4725307.0,6559.273,2.609586,,,,,,
1780436561.018,4725332.0,6559.194,2.609616,,,,,,
1780436561.018,4725357.0,6559.136,2.609493,,,,,,
1780436561.019,4725382.0,6559.221,2.60946,,,,,,
1780436561.019,4725407.0,6559.267,2.609443,,,,,,
1780436561.021,4725432.0,6559.228,2.609604,,,,,,
1780436561.021,4725457.0,6559.123,2.609644,,,,,,
1780436561.021,4725482.0,6559.154,2.609632,,,,,,
1780436561.022,4725507.0,6559.109,2.609649,,,,,,
1780436561.146,4725532.0,6558.978,2.609699,,,,,,
1780436561.149,4725557.0,6558.905,2.609727,,,,,,
1780436561.151,4725582.0,6558.879,2.609736,,,,,,
1780436561.152,4725607.0,6558.774,2.609776,,,,,,
1780436561.154,4725632.0,6558.669,2.609817,,,,,,
1780436561.298,4725657.0,6558.781,2.60992,,,,,,
1780436561.300,4725682.0,6558.808,2.60991,,,,,,
1780436561.302,4725707.0,6558.945,2.609857,,,,,,
1780436561.304,4725732.0,6558.893,2.609877,,,,,,
1780436561.307,4725757.0,6559.043,2.60982,,,,,,
1780436561.310,4725782.0,6558.978,2.609845,,,,,,
1780436561.448,4725807.0,6559.103,2.609797,,,,,,
1780436561.450,4725832.0,6559.004,2.609689,,,,,,
1780436561.452,4725857.0,6559.155,2.609631,,,,,,
1780436561.453,4725882.0,6559.162,2.609483,,,,,,
1780436561.455,4725907.0,6559.194,2.60947,,,,,,
1780436561.456,4725932.0,6559.089,2.60951,,,,,,
1780436561.612,4725957.0,6559.391,2.609395,,,,,,
1780436561.614,4725982.0,6559.286,2.609581,,,,,,
1780436561.616,4726007.0,6559.299,2.609576,,,,,,
1780436561.618,4726032.0,6559.286,2.609727,,,,,,
1780436561.619,4726057.0,6559.509,2.609496,,,,,,
1780436561.620,4726082.0,6559.411,2.609534,,,,,,
1780436561.762,4726107.0,6559.417,2.609531,,,,,,
1780436561.763,4726132.0,6559.424,2.609675,,,,,,
1780436561.764,4726157.0,6559.502,2.609645,,,,,,
1780436561.765,4726182.0,6559.391,2.609687,,,,,,
1780436561.766,4726207.0,6559.279,2.60973,,,,,,
1780436561.767,4726232.0,6559.299,2.609722,,,,,,
1780436561.881,4726257.0,6559.292,2.609871,,,,,,
1780436561.883,4726282.0,6559.26,2.609737,,,,,,
1780436561.885,4726307.0,6559.201,2.60976,,,,,,
1780436561.886,4726332.0,6559.143,2.609782,,,,,,
1780436561.887,4726357.0,6559.306,2.60972,,,,,,
1780436562.048,4726382.0,6559.214,2.609755,,,,,,
1780436562.049,4726407.0,6559.201,2.60976,,,,,,
1780436562.051,4726432.0,6559.181,2.609914,,,,,,
1780436562.052,4726457.0,6559.175,2.609916,,,,,,
1780436562.053,4726482.0,6559.156,2.609923,,,,,,
1780436562.054,4726507.0,6559.129,2.609933,,,,,,
1780436562.056,4726532.0,6559.076,2.609953,,,,,,
1780436562.179,4726557.0,6559.031,2.609971,,,,,,
1780436562.180,4726582.0,6558.998,2.609983,,,,,,
1780436562.181,4726607.0,6559.017,2.60983,,,,,,
1780436562.182,4726632.0,6558.978,2.609845,,,,,,
1780436562.183,4726657.0,6558.86,2.609744,,,,,,
1780436562.329,4726682.0,6558.754,2.609784,,,,,,
1780436562.331,4726707.0,6558.755,2.609784,,,,,,
1780436562.332,4726732.0,6558.788,2.609771,,,,,,
1780436562.333,4726757.0,6558.598,2.609698,,,,,,
1780436562.335,4726782.0,6558.676,2.609668,,,,,,
1780436562.336,4726807.0,6558.623,2.609688,,,,,,
1780436562.495,4726832.0,6558.893,2.609585,,,,,,
1780436562.496,4726857.0,6558.833,2.609608,,,,,,
1780436562.498,4726882.0,6558.998,2.609399,,,,,,
1780436562.499,4726907.0,6558.959,2.609414,,,,,,
1780436562.500,4726932.0,6559.116,2.609354,,,,,,
1780436562.501,4726957.0,6559.089,2.609364,,,,,,
1780436562.502,4726982.0,6559.083,2.609367,,,,,,
1780436562.611,4727007.0,6559.096,2.609362,,,,,,
1780436562.613,4727032.0,6559.169,2.609334,,,,,,
1780436562.614,4727057.0,6559.063,2.609228,,,,,,
1780436562.615,4727082.0,6559.221,2.609168,,,,,,
1780436562.763,4727107.0,6559.286,2.609143,,,,,,
1780436562.765,4727132.0,6559.417,2.609093,,,,,,
1780436562.766,4727157.0,6559.436,2.609086,,,,,,
1780436562.767,4727182.0,6559.574,2.609034,,,,,,
1780436562.769,4727207.0,6559.462,2.609222,,,,,,
1780436562.770,4727232.0,6559.64,2.609154,,,,,,
1780436562.930,4727257.0,6559.594,2.609172,,,,,,
1780436562.932,4727282.0,6559.621,2.609162,,,,,,
1780436562.933,4727307.0,6559.438,2.609231,,,,,,
1780436562.935,4727332.0,6559.451,2.609226,,,,,,
1780436562.938,4727357.0,6559.542,2.609192,,,,,,
1780436562.939,4727382.0,6559.628,2.609305,,,,,,
1780436562.942,4727407.0,6559.674,2.609288,,,,,,
1780436563.096,4727432.0,6559.7,2.609278,,,,,,
1780436563.098,4727457.0,6559.581,2.609323,,,,,,
1780436563.099,4727482.0,6559.608,2.609313,,,,,,
1780436563.100,4727507.0,6559.575,2.609325,,,,,,
1780436563.101,4727532.0,6559.444,2.609375,,,,,,
1780436563.102,4727557.0,6559.404,2.609536,,,,,,
1780436563.103,4727582.0,6559.391,2.609542,,,,,,
1780436563.247,4727607.0,6559.338,2.609708,,,,,,
1780436563.248,4727632.0,6559.338,2.609708,,,,,,
1780436563.249,4727657.0,6559.358,2.6097,,,,,,
1780436563.251,4727682.0,6559.286,2.609727,,,,,,
1780436563.252,4727707.0,6559.306,2.60972,,,,,,
1780436563.253,4727732.0,6559.168,2.609772,,,,,,
1780436563.395,4727757.0,6559.162,2.609775,,,,,,
1780436563.396,4727782.0,6559.123,2.60979,,,,,,
1780436563.398,4727807.0,6559.076,2.609807,,,,,,
1780436563.399,4727832.0,6559.004,2.609689,,,,,,
1780436563.400,4727857.0,6558.912,2.609724,,,,,,
1780436563.401,4727882.0,6558.958,2.609706,,,,,,
1780436563.561,4727907.0,6559.076,2.609661,,,,,,
1780436563.563,4727932.0,6559.175,2.609624,,,,,,
1780436563.564,4727957.0,6559.214,2.609609,,,,,,
1780436563.566,4727982.0,6559.01,2.609687,,,,,,
1780436563.567,4728007.0,6559.167,2.609481,,,,,,
1780436563.568,4728032.0,6559.128,2.609496,,,,,,
1780436563.711,4728057.0,6559.259,2.609591,,,,,,
1780436563.713,4728082.0,6559.168,2.609626,,,,,,
1780436563.714,4728107.0,6559.28,2.60973,,,,,,
1780436563.715,4728132.0,6559.116,2.609792,,,,,,
1780436563.716,4728157.0,6559.294,2.609724,,,,,,
1780436563.718,4728182.0,6559.339,2.609561,,,,,,
1780436563.878,4728207.0,6559.543,2.609483,,,,,,
1780436563.879,4728232.0,6559.576,2.609325,,,,,,
1780436563.881,4728257.0,6559.694,2.60928,,,,,,
1780436563.882,4728282.0,6559.607,2.609313,,,,,,
1780436563.884,4728307.0,6559.719,2.609271,,,,,,
1780436563.885,4728332.0,6559.699,2.609278,,,,,,
1780436563.887,4728357.0,6559.726,2.609268,,,,,,
1780436564.012,4728382.0,6559.673,2.609288,,,,,,
1780436564.014,4728407.0,6559.692,2.609281,,,,,,
1780436564.016,4728432.0,6559.772,2.609396,,,,,,
1780436564.017,4728457.0,6559.706,2.609422,,,,,,
1780436564.018,4728482.0,6559.706,2.609421,,,,,,
1780436564.178,4728507.0,6559.699,2.60957,,,,,,
1780436564.181,4728532.0,6559.647,2.609736,,,,,,
1780436564.183,4728557.0,6559.601,2.609753,,,,,,
1780436564.184,4728582.0,6559.607,2.609751,,,,,,
1780436564.186,4728607.0,6559.634,2.609741,,,,,,
1780436564.187,4728632.0,6559.549,2.609773,,,,,,
1780436564.188,4728657.0,6559.451,2.609957,,,,,,
1780436564.366,4728682.0,6559.286,2.609873,,,,,,
1780436564.368,4728707.0,6559.313,2.609863,,,,,,
1780436564.369,4728732.0,6559.313,2.609717,,,,,,
1780436564.371,4728757.0,6559.444,2.609667,,,,,,
1780436564.373,4728782.0,6559.431,2.609672,,,,,,
1780436564.375,4728807.0,6559.339,2.609707,,,,,,
1780436564.378,4728832.0,6559.246,2.609743,,,,,,
1780436564.379,4728857.0,6559.095,2.6098,,,,,,
1780436564.515,4728882.0,6559.063,2.609813,,,,,,
1780436564.517,4728907.0,6559.089,2.609802,,,,,,
1780436564.519,4728932.0,6559.135,2.609785,,,,,,
1780436564.521,4728957.0,6559.069,2.60981,,,,,,
1780436564.523,4728982.0,6559.116,2.609792,,,,,,
1780436564.526,4729007.0,6559.044,2.609819,,,,,,
1780436564.662,4729032.0,6559.227,2.60975,,,,,,
1780436564.663,4729057.0,6559.063,2.609812,,,,,,
1780436564.665,4729082.0,6559.273,2.609732,,,,,,
1780436564.666,4729107.0,6559.129,2.609787,,,,,,
1780436564.667,4729132.0,6559.162,2.609628,,,,,,
1780436564.811,4729157.0,6559.07,2.609664,,,,,,
1780436564.813,4729182.0,6559.228,2.60975,,,,,,
1780436564.814,4729207.0,6559.162,2.609775,,,,,,
1780436564.815,4729232.0,6559.326,2.609712,,,,,,
1780436564.816,4729257.0,6559.339,2.609707,,,,,,
1780436564.817,4729282.0,6559.476,2.609509,,,,,,
1780436564.981,4729307.0,6559.536,2.609486,,,,,,
1780436564.982,4729332.0,6559.706,2.609421,,,,,,
1780436564.984,4729357.0,6559.627,2.609597,,,,,,
1780436564.985,4729382.0,6559.739,2.609555,,,,,,
1780436564.986,4729407.0,6559.686,2.609721,,,,,,
1780436564.987,4729432.0,6559.581,2.609761,,,,,,
1780436564.988,4729457.0,6559.529,2.609781,,,,,,
1780436565.128,4729482.0,6559.627,2.609744,,,,,,
1780436565.129,4729507.0,6559.522,2.609784,,,,,,
1780436565.130,4729532.0,6559.405,2.609828,,,,,,
1780436565.130,4729557.0,6559.274,2.609878,,,,,,
1780436565.131,4729582.0,6559.188,2.610057,,,,,,
1780436565.132,4729607.0,6559.136,2.610076,,,,,,
1780436565.278,4729632.0,6559.116,2.610084,,,,,,
1780436565.279,4729657.0,6559.083,2.610097,,,,,,
1780436565.280,4729682.0,6559.056,2.609961,,,,,,
1780436565.281,4729707.0,6559.036,2.609969,,,,,,
1780436565.283,4729732.0,6559.154,2.609924,,,,,,
1780436565.284,4729757.0,6559.076,2.609953,,,,,,
1780436565.444,4729782.0,6559.023,2.609828,,,,,,
1780436565.447,4729807.0,6558.952,2.609709,,,,,,
1780436565.448,4729832.0,6558.958,2.609706,,,,,,
1780436565.450,4729857.0,6558.945,2.609711,,,,,,
1780436565.451,4729882.0,6558.866,2.609741,,,,,,
1780436565.453,4729907.0,6558.893,2.609731,,,,,,
1780436565.454,4729932.0,6558.86,2.609743,,,,,,
1780436565.595,4729957.0,6558.781,2.609774,,,,,,
1780436565.596,4729982.0,6558.767,2.609633,,,,,,
1780436565.598,4730007.0,6558.701,2.609658,,,,,,
1780436565.599,4730032.0,6558.728,2.609502,,,,,,
1780436565.600,4730057.0,6558.885,2.609442,,,,,,
1780436565.601,4730082.0,6558.859,2.609452,,,,,,
1780436565.748,4730107.0,6558.978,2.609407,,,,,,
1780436565.750,4730132.0,6559.017,2.609392,,,,,,
1780436565.752,4730157.0,6559.253,2.609302,,,,,,
1780436565.754,4730182.0,6559.26,2.609299,,,,,,
1780436565.756,4730207.0,6559.391,2.609103,,,,,,
1780436565.758,4730232.0,6559.397,2.609101,,,,,,
1780436565.914,4730257.0,6559.49,2.609066,,,,,,
1780436565.915,4730282.0,6559.385,2.609106,,,,,,
1780436565.917,4730307.0,6559.562,2.609038,,,,,,
1780436565.918,4730332.0,6559.601,2.609169,,,,,,
1780436565.919,4730357.0,6559.653,2.609149,,,,,,
1780436565.920,4730382.0,6559.679,2.609139,,,,,,
1780436566.044,4730407.0,6559.784,2.609099,,,,,,
1780436566.046,4730432.0,6559.699,2.609132,,,,,,
1780436566.047,4730457.0,6559.942,2.609185,,,,,,
1780436566.048,4730482.0,6559.706,2.609275,,,,,,
1780436566.049,4730507.0,6559.87,2.609213,,,,,,
1780436566.050,4730532.0,6559.831,2.609228,,,,,,
1780436566.178,4730557.0,6559.772,2.60925,,,,,,
1780436566.179,4730582.0,6559.752,2.609258,,,,,,
1780436566.181,4730607.0,6559.778,2.609248,,,,,,
1780436566.182,4730632.0,6559.692,2.609281,,,,,,
1780436566.183,4730657.0,6559.666,2.609291,,,,,,
1780436566.313,4730682.0,6559.725,2.609268,,,,,,
1780436566.314,4730707.0,6559.64,2.609301,,,,,,
1780436566.316,4730732.0,6559.633,2.609303,,,,,,
1780436566.317,4730757.0,6559.449,2.609373,,,,,,
1780436566.318,4730782.0,6559.391,2.609396,,,,,,
1780436566.460,4730807.0,6559.411,2.609388,,,,,,
1780436566.462,4730832.0,6559.306,2.609428,,,,,,
1780436566.463,4730857.0,6559.221,2.60946,,,,,,
1780436566.464,4730882.0,6559.161,2.609483,,,,,,
1780436566.465,4730907.0,6559.181,2.609475,,,,,,
1780436566.466,4730932.0,6559.214,2.609462,,,,,,
1780436566.594,4730957.0,6559.076,2.609369,,,,,,
1780436566.596,4730982.0,6559.115,2.609354,,,,,,
1780436566.598,4731007.0,6558.951,2.609563,,,,,,
1780436566.599,4731032.0,6558.997,2.609545,,,,,,
1780436566.601,4731057.0,6559.037,2.60953,,,,,,
1780436566.602,4731082.0,6558.938,2.609568,,,,,,
1780436566.750,4731107.0,6559.089,2.60951,,,,,,
1780436566.751,4731132.0,6558.959,2.60956,,,,,,
1780436566.754,4731157.0,6558.972,2.609555,,,,,,
1780436566.755,4731182.0,6559.163,2.609483,,,,,,
1780436566.755,4731207.0,6559.084,2.609512,,,,,,
1780436566.756,4731232.0,6559.109,2.609503,,,,,,
1780436566.881,4731257.0,6559.129,2.609495,,,,,,
1780436566.883,4731282.0,6559.195,2.60947,,,,,,
1780436566.884,4731307.0,6559.096,2.609508,,,,,,
1780436566.886,4731332.0,6559.201,2.609468,,,,,,
1780436566.887,4731357.0,6559.031,2.609533,,,,,,
1780436567.028,4731382.0,6559.201,2.609468,,,,,,
1780436567.030,4731407.0,6559.116,2.6095,,,,,,
1780436567.031,4731432.0,6559.208,2.609465,,,,,,
1780436567.032,4731457.0,6559.228,2.609458,,,,,,
1780436567.033,4731482.0,6559.359,2.609407,,,,,,
1780436567.034,4731507.0,6559.339,2.609415,,,,,,
1780436567.130,4731532.0,6559.483,2.60936,,,,,,
1780436567.131,4731557.0,6559.306,2.609428,,,,,,
1780436567.132,4731582.0,6559.417,2.609385,,,,,,
1780436567.134,4731607.0,6559.286,2.609581,,,,,,
1780436567.260,4731632.0,6559.529,2.609343,,,,,,
1780436567.262,4731657.0,6559.45,2.609373,,,,,,
1780436567.263,4731682.0,6559.404,2.60939,,,,,,
1780436567.264,4731707.0,6559.351,2.609264,,,,,,
1780436567.265,4731732.0,6559.358,2.609262,,,,,,
1780436567.378,4731757.0,6559.351,2.609264,,,,,,
1780436567.380,4731782.0,6559.247,2.609304,,,,,,
1780436567.381,4731807.0,6559.279,2.609438,,,,,,
1780436567.382,4731832.0,6559.201,2.609468,,,,,,
1780436567.383,4731857.0,6559.24,2.609453,,,,,,
1780436567.478,4731882.0,6559.214,2.609463,,,,,,
1780436567.480,4731907.0,6559.122,2.609498,,,,,,
1780436567.481,4731932.0,6559.017,2.609538,,,,,,
1780436567.482,4731957.0,6559.109,2.609503,,,,,,
1780436567.594,4731982.0,6559.306,2.609428,,,,,,
1780436567.595,4732007.0,6559.359,2.609408,,,,,,
1780436567.597,4732032.0,6559.306,2.609428,,,,,,
1780436567.598,4732057.0,6559.142,2.609636,,,,,,
1780436567.599,4732082.0,6559.136,2.609638,,,,,,
1780436567.712,4732107.0,6559.142,2.609636,,,,,,
1780436567.714,4732132.0,6559.136,2.609638,,,,,,
1780436567.715,4732157.0,6559.057,2.609669,,,,,,
1780436567.716,4732182.0,6559.116,2.609646,,,,,,
1780436567.828,4732207.0,6559.05,2.609671,,,,,,
1780436567.829,4732232.0,6558.964,2.609558,,,,,,
1780436567.831,4732257.0,6558.951,2.609563,,,,,,
1780436567.832,4732282.0,6558.964,2.609558,,,,,,
1780436567.833,4732307.0,6559.089,2.609656,,,,,,
1780436567.928,4732332.0,6559.004,2.609835,,,,,,
1780436567.929,4732357.0,6559.07,2.60981,,,,,,
1780436567.931,4732382.0,6559.181,2.609767,,,,,,
1780436567.932,4732407.0,6559.299,2.609722,,,,,,
1780436568.049,4732432.0,6559.208,2.609612,,,,,,
1780436568.051,4732457.0,6559.424,2.609529,,,,,,
1780436568.051,4732482.0,6559.333,2.609564,,,,,,
1780436568.052,4732507.0,6559.411,2.60968,,,,,,
1780436568.052,4732532.0,6559.43,2.609673,,,,,,
1780436568.129,4732557.0,6559.726,2.60956,,,,,,
1780436568.130,4732582.0,6559.627,2.609597,,,,,,
1780436568.131,4732607.0,6559.561,2.609622,,,,,,
1780436568.232,4732632.0,6559.463,2.60966,,,,,,
1780436568.234,4732657.0,6559.687,2.609575,,,,,,
1780436568.236,4732682.0,6559.732,2.609411,,,,,,
1780436568.237,4732707.0,6559.917,2.609341,,,,,,
1780436568.348,4732732.0,6559.871,2.609359,,,,,,
1780436568.349,4732757.0,6559.976,2.609319,,,,,,
1780436568.351,4732782.0,6559.851,2.609366,,,,,,
1780436568.352,4732807.0,6559.804,2.609384,,,,,,
1780436568.353,4732832.0,6559.883,2.609354,,,,,,
1780436568.449,4732857.0,6559.922,2.609339,,,,,,
1780436568.450,4732882.0,6559.863,2.609361,,,,,,
1780436568.452,4732907.0,6559.843,2.609369,,,,,,
1780436568.453,4732932.0,6559.811,2.609236,,,,,,
1780436568.563,4732957.0,6559.712,2.609273,,,,,,
1780436568.564,4732982.0,6559.561,2.60933,,,,,,
1780436568.565,4733007.0,6559.542,2.609338,,,,,,
1780436568.566,4733032.0,6559.529,2.609343,,,,,,
1780436568.679,4733057.0,6559.351,2.60941,,,,,,
1780436568.680,4733082.0,6559.207,2.609612,,,,,,
1780436568.682,4733107.0,6559.24,2.609599,,,,,,
1780436568.683,4733132.0,6559.286,2.609435,,,,,,
1780436568.683,4733157.0,6559.162,2.609483,,,,,,
1780436568.796,4733182.0,6559.063,2.60952,,,,,,
1780436568.798,4733207.0,6558.998,2.609545,,,,,,
1780436568.799,4733232.0,6559.071,2.609517,,,,,,
1780436568.800,4733257.0,6558.999,2.609545,,,,,,
1780436568.801,4733282.0,6558.886,2.609588,,,,,,
1780436568.898,4733307.0,6558.879,2.609736,,,,,,
1780436568.899,4733332.0,6558.748,2.609787,,,,,,
1780436568.900,4733357.0,6558.61,2.609839,,,,,,
1780436568.901,4733382.0,6558.663,2.609819,,,,,,
1780436569.011,4733407.0,6558.722,2.609796,,,,,,
1780436569.012,4733432.0,6558.808,2.609764,,,,,,
1780436569.013,4733457.0,6558.728,2.609794,,,,,,
1780436569.014,4733482.0,6558.859,2.609744,,,,,,
1780436569.028,4733507.0,6558.932,2.609863,,,,,,
1780436569.052,4733532.0,6558.945,2.609857,,,,,,
1780436569.076,4733557.0,6558.918,2.609867,,,,,,
1780436569.110,4733582.0,6559.24,2.609599,,,,,,
1780436569.132,4733607.0,6559.214,2.609609,,,,,,
1780436569.156,4733632.0,6559.181,2.609622,,,,,,
1780436569.180,4733657.0,6559.148,2.609634,,,,,,
1780436569.204,4733682.0,6559.345,2.609559,,,,,,
1780436569.228,4733707.0,6559.47,2.609365,,,,,,
1780436569.252,4733732.0,6559.489,2.609358,,,,,,
1780436569.277,4733757.0,6559.43,2.60938,,,,,,
1780436569.302,4733782.0,6559.581,2.609323,,,,,,
1780436569.326,4733807.0,6559.496,2.609355,,,,,,
1780436569.350,4733832.0,6559.647,2.609298,,,,,,
1780436569.375,4733857.0,6559.411,2.609534,,,,,,
1780436569.399,4733882.0,6559.713,2.609419,,,,,,
1780436569.425,4733907.0,6559.719,2.609416,,,,,crack_output off,OK crack_output off
1780436569.562,4733932.0,6559.674,2.609288,,,,,,
1780436569.564,4733957.0,6559.746,2.60926,,,,,,
1780436569.565,4733982.0,6559.805,2.609237,,,,,,
1780436569.566,4734007.0,6559.713,2.609272,,,,,,
1780436569.567,4734032.0,6559.569,2.609327,,,,,,
1780436569.680,4734057.0,6559.542,2.609338,,,,,,
1780436569.681,4734082.0,6559.431,2.60938,,,,,,
1780436569.683,4734107.0,6559.306,2.609427,,,,,,
1780436569.684,4734132.0,6559.194,2.609324,,,,,,
1780436569.686,4734157.0,6559.116,2.609354,,,,,,
1780436569.795,4734182.0,6559.109,2.609357,,,,,,
1780436569.797,4734207.0,6558.998,2.609545,,,,,,
1780436569.798,4734232.0,6559.056,2.609523,,,,,,
1780436569.799,4734257.0,6559.096,2.609508,,,,,,
1780436569.801,4734282.0,6558.958,2.60956,,,,,,
1780436569.928,4734307.0,6558.984,2.60955,,,,,,
1780436569.929,4734332.0,6558.82,2.609613,,,,,,
1780436569.930,4734357.0,6558.82,2.609613,,,,,,
1780436569.932,4734382.0,6558.729,2.609648,,,,,,
1780436569.933,4734407.0,6558.748,2.609786,,,,,,
1780436570.044,4734432.0,6558.761,2.609927,,,,,,
1780436570.046,4734457.0,6558.722,2.609942,,,,,,
1780436570.047,4734482.0,6558.722,2.609797,,,,,,
1780436570.048,4734507.0,6558.505,2.609879,,,,,,
1780436570.048,4734532.0,6558.466,2.609894,,,,,,
1780436570.147,4734557.0,6558.545,2.609864,,,,,,
1780436570.148,4734582.0,6558.394,2.609921,,,,,,
1780436570.150,4734607.0,6558.459,2.609896,,,,,,
1780436570.151,4734632.0,6558.44,2.61005,,,,,,
1780436570.245,4734657.0,6558.715,2.609945,,,,,,
1780436570.245,4734682.0,6558.59,2.609993,,,,,,
1780436570.246,4734707.0,6558.82,2.609905,,,,,,
1780436570.246,4734732.0,6558.898,2.609875,,,,,,
1780436570.344,4734757.0,6559.049,2.609818,,,,,,
1780436570.357,4734782.0,6559.102,2.609797,,,,,,
1780436570.359,4734807.0,6559.246,2.609742,,,,,,
1780436570.360,4734832.0,6559.456,2.609517,,,,,,
1780436570.461,4734857.0,6560.188,2.609238,,,,,,
1780436570.463,4734882.0,6561.117,2.60903,,,,,,
1780436570.464,4734907.0,6562.296,2.608581,,,,,,
1780436570.465,4734932.0,6563.074,2.60843,,,,,,
1780436570.576,4734957.0,6564.135,2.608026,,,,,,
1780436570.578,4734982.0,6564.312,2.608105,,,,,,
1780436570.579,4735007.0,6564.706,2.607955,,,,,,
1780436570.580,4735032.0,6564.712,2.607806,,,,,,
1780436570.581,4735057.0,6564.634,2.607836,,,,,,
1780436570.710,4735082.0,6564.077,2.608048,,,,,,
1780436570.711,4735107.0,6563.743,2.608176,,,,,,
1780436570.713,4735132.0,6563.33,2.608333,,,,,,
1780436570.714,4735157.0,6563.46,2.608284,,,,,,
1780436570.715,4735182.0,6563.994,2.60808,,,,,,
1780436570.827,4735207.0,6564.67,2.607822,,,,,,
1780436570.829,4735232.0,6564.927,2.607725,,,,,,
1780436570.830,4735257.0,6565.15,2.607348,,,,,,
1780436570.831,4735282.0,6565.848,2.606936,,,,,,
1780436570.832,4735307.0,6567.379,2.606353,,,,,,
1780436570.945,4735332.0,6569.712,2.605464,,,,,,
1780436570.947,4735357.0,6572.492,2.604405,,,,,,
1780436570.948,4735382.0,6575.665,2.603196,,,,,,
1780436571.080,4735407.0,6580.184,2.601621,,,,,,
1780436571.082,4735529.0,6587.492,2.599275,,,,,,
1780436571.083,4735554.0,6594.851,2.59691,,,,,,
1780436571.161,4735579.0,6602.15,2.594568,,,,,,
1780436571.162,4735604.0,6609.779,2.5921,,,,,,
1780436571.163,4735629.0,6618.023,2.589691,,,,,,
1780436571.243,4735654.0,6627.341,2.586872,,,,,,
1780436571.244,4735679.0,6637.286,2.583961,,,,,,
1780436571.246,4735704.0,6648.618,2.580523,,,,,,
1780436571.247,4735729.0,6660.819,2.577045,,,,,,
1780436571.345,4735754.0,6674.005,2.573339,,,,,,
1780436571.347,4735779.0,6687.751,2.569421,,,,,,
1780436571.348,4735804.0,6701.939,2.56548,,,,,,
1780436571.350,4735829.0,6716.329,2.561315,,,,,,
1780436571.479,4735854.0,6730.59,2.557347,,,,,,
1780436571.481,4735879.0,6744.52,2.553504,,,,,,
1780436571.482,4735904.0,6757.919,2.549717,,,,,,
1780436571.483,4735929.0,6771.36,2.545914,,,,,,
1780436571.484,4735954.0,6785.221,2.541951,,,,,,
1780436571.611,4735979.0,6799.534,2.538108,,,,,,
1780436571.613,4736004.0,6813.561,2.534521,,,,,,
1780436571.614,4736029.0,6827.031,2.531001,,,,,,
1780436571.615,4736054.0,6839.547,2.52799,,,,,,
1780436571.616,4736079.0,6851.699,2.524972,,,,,,
1780436571.727,4736104.0,6863.194,2.52235,,,,,,
1780436571.728,4736129.0,6873.638,2.519984,,,,,,
1780436571.730,4736154.0,6881.342,2.518368,,,,,,
1780436571.731,4736179.0,6888.904,2.516807,,,,,,
1780436571.732,4736204.0,6896.074,2.515395,,,,,,
1780436571.844,4736229.0,6902.586,2.514087,,,,,,
1780436571.845,4736254.0,6908.343,2.512921,,,,,,
1780436571.847,4736279.0,6913.489,2.51184,,,,,,
1780436571.848,4736304.0,6917.794,2.511081,,,,,,
1780436571.849,4736329.0,6921.522,2.510394,,,,,,
1780436571.945,4736354.0,6924.097,2.51,,,,,,
1780436571.946,4736379.0,6926.074,2.509688,,,,,,
1780436571.947,4736404.0,6927.645,2.509383,,,,,,
1780436571.948,4736429.0,6929.143,2.509106,,,,,,
1780436572.078,4736454.0,6930.475,2.509039,,,,,,
1780436572.080,4736479.0,6932.011,2.508748,,,,,,
1780436572.082,4736504.0,6932.991,2.508668,,,,,,
1780436572.083,4736529.0,6934.212,2.508644,,,,,,
1780436572.084,4736554.0,6935.405,2.50863,,,,,,
1780436572.195,4736579.0,6936.518,2.508499,,,,,,
1780436572.197,4736604.0,6937.228,2.508522,,,,,,
1780436572.198,4736629.0,6937.441,2.508588,,,,,,
1780436572.199,4736654.0,6937.572,2.508685,,,,,,
1780436572.200,4736679.0,6937.698,2.508637,,,,,,
1780436572.294,4736704.0,6937.822,2.508737,,,,,,
1780436572.295,4736729.0,6938.072,2.508642,,,,,,
1780436572.296,4736754.0,6938.108,2.508628,,,,,,
1780436572.297,4736779.0,6938.174,2.508603,,,,,,
1780436572.411,4736804.0,6938.219,2.508586,,,,,,
1780436572.413,4736829.0,6938.292,2.508558,,,,,,
1780436572.414,4736854.0,6938.276,2.508564,,,,,,
1780436572.415,4736879.0,6938.387,2.508522,,,,,,
1780436572.493,4736904.0,6938.328,2.508544,,,,,,
1780436572.494,4736929.0,6938.424,2.508508,,,,,,
1780436572.496,4736954.0,6938.379,2.508525,,,,,,
1780436572.497,4736979.0,6938.335,2.508541,,,,,,
1780436572.609,4737004.0,6938.306,2.508553,,,,,,
1780436572.610,4737029.0,6938.225,2.508584,,,,,,
1780436572.611,4737054.0,6938.196,2.508595,,,,,,
1780436572.612,4737079.0,6938.138,2.508617,,,,,,
1780436572.692,4737104.0,6938.078,2.508786,,,,,,
1780436572.694,4737129.0,6938.276,2.508858,,,,,,
1780436572.694,4737154.0,6938.417,2.508951,,,,,,
1780436572.695,4737179.0,6938.498,2.509068,,,,,,
1780436572.775,4737204.0,6938.674,2.509148,,,,,,
1780436572.776,4737229.0,6938.71,2.509134,,,,,,
1780436572.777,4737254.0,6938.99,2.509174,,,,,,
1780436572.860,4737279.0,6939.32,2.509195,,,,,,
1780436572.861,4737304.0,6939.65,2.509069,,,,,,
1780436572.862,4737329.0,6939.975,2.509093,,,,,,
1780436572.960,4737354.0,6940.407,2.509075,,,,,,
1780436572.961,4737379.0,6940.826,2.509062,,,,,,
1780436572.962,4737404.0,6941.017,2.50899,,,,,,
1780436572.963,4737429.0,6941.156,2.508936,,,,,,
1780436572.993,4737468.0,6941.223,3.496395,,,,,,
1780436573.016,4737493.0,6941.466,3.496395,,,,,,
1780436573.038,4737518.0,6941.665,3.496542,,,,,,
1780436573.063,4737543.0,6941.665,3.496689,,,,,,
1780436573.094,4737568.0,6941.746,3.496689,,,,,,
1780436573.118,4737593.0,6941.893,3.496689,,,,,,
1780436573.143,4737618.0,6942.033,3.496689,,,,,,
1780436573.167,4737643.0,6942.004,3.496689,,,,,,
1780436573.191,4737668.0,6942.025,3.496689,,,,,,
1780436573.215,4737693.0,6942.04,3.496689,,,,,,
1780436573.240,4737718.0,6942.091,3.496689,,,,,,
1780436573.265,4737743.0,6941.877,3.496542,,,,,,
1780436573.289,4737768.0,6941.658,3.496395,,,,,,
1780436573.312,4737793.0,6941.555,3.496248,,,,,,
1780436573.348,4737818.0,6941.35,3.495954,,,,,,
1780436573.363,4737843.0,6941.1,3.495954,,,,,retrieve alum,OK retrieved alum
1780436573.494,4737868.0,6940.776,3.495807,,,,,,
1780436573.496,4737893.0,6940.424,3.49566,,,,,,
1780436573.497,4737918.0,6939.998,3.495366,,,,,,
1780436573.498,4737943.0,6939.586,3.495366,,,,,,
1780436573.499,4737968.0,6938.911,3.495072,,,,,,
1780436573.626,4737993.0,6937.949,3.494632,,,,,,
1780436573.628,4738018.0,6936.799,3.494191,,,,,,
1780436573.629,4738043.0,6935.364,3.493751,,,,,,
1780436573.630,4738068.0,6934.206,3.49331,,,,,,
1780436573.631,4738093.0,6933.123,3.49287,,,,,,
1780436573.726,4738118.0,6932.163,3.492576,,,,,,
1780436573.728,4738143.0,6930.917,3.491988,,,,,,
1780436573.729,4738168.0,6929.922,3.491401,,,,,,
1780436573.730,4738193.0,6928.742,3.491107,,,,,,
1780436573.826,4738218.0,6927.431,3.490667,,,,,,
1780436573.828,4738243.0,6926.269,3.490373,,,,,,
1780436573.829,4738268.0,6925.12,3.489933,,,,,,
1780436573.830,4738293.0,6923.754,3.489492,,,,,,
1780436573.928,4738318.0,6922.415,3.489052,,,,,,
1780436573.930,4738343.0,6920.866,3.488464,,,,,,
1780436573.931,4738368.0,6919.601,3.487878,,,,,,
1780436573.932,4738393.0,6918.228,3.487437,,,,,,
1780436573.933,4738418.0,6916.513,3.48685,,,,,,
1780436574.026,4738443.0,6914.739,3.486263,,,,,,
1780436574.028,4738468.0,6912.742,3.485529,,,,,,
1780436574.030,4738493.0,6910.625,3.484796,,,,,,
1780436574.109,4738518.0,6908.354,3.483916,,,,,,
1780436574.110,4738543.0,6906.135,3.483183,,,,,,
1780436574.111,4738568.0,6903.677,3.482156,,,,,,
1780436574.111,4738593.0,6901.476,3.481276,,,,,,
1780436574.209,4738618.0,6899.351,3.480544,,,,,,
1780436574.210,4738643.0,6897.064,3.479664,,,,,,
1780436574.211,4738668.0,6894.732,3.478786,,,,,,
1780436574.213,4738693.0,6891.722,3.47776,,,,,,
1780436574.310,4738718.0,6888.448,3.476443,,,,,,
1780436574.312,4738743.0,6884.218,3.474833,,,,,,
1780436574.313,4738768.0,6879.179,3.472933,,,,,,
1780436574.315,4738793.0,6873.238,3.470887,,,,,,
1780436574.426,4738818.0,6867.853,3.46884,,,,,,
1780436574.428,4738843.0,6863.916,3.467377,,,,,,
1780436574.429,4738868.0,6860.932,3.466205,,,,,,
1780436574.430,4738893.0,6858.464,3.465326,,,,,,
1780436574.542,4738918.0,6856.485,3.464447,,,,,,
1780436574.544,4738943.0,6854.578,3.463715,,,,,,
1780436574.545,4738968.0,6852.816,3.463129,,,,,,
1780436574.546,4738993.0,6850.343,3.462251,,,,,,
1780436574.547,4739018.0,6847.247,3.460934,,,,,,
1780436574.659,4739043.0,6843.998,3.459617,,,,,,
1780436574.660,4739068.0,6840.512,3.458301,,,,,,
1780436574.660,4739093.0,6836.672,3.45684,,,,,,
1780436574.661,4739118.0,6832.692,3.455379,,,,,,
1780436574.662,4739143.0,6828.346,3.453773,,,,,,
1780436574.760,4739168.0,6823.581,3.452021,,,,,,
1780436574.762,4739193.0,6818.465,3.450124,,,,,,
1780436574.763,4739218.0,6812.646,3.447937,,,,,,
1780436574.765,4739243.0,6806.295,3.44546,,,,,,
1780436574.871,4739268.0,6799.643,3.442983,,,,,,
1780436574.873,4739293.0,6793.19,3.440654,,,,,,
1780436574.875,4739318.0,6787.242,3.438325,,,,,,
1780436574.876,4739343.0,6781.734,3.436288,,,,,,
1780436574.959,4739368.0,6777.22,3.434687,,,,,,
1780436574.960,4739393.0,6773.102,3.433234,,,,,,
1780436574.960,4739418.0,6769.769,3.431927,,,,,,
1780436574.961,4739443.0,6765.815,3.430474,,,,,,
1780436575.042,4739468.0,6760.245,3.428438,,,,,,
1780436575.042,4739493.0,6753.522,3.425965,,,,,,
1780436575.043,4739518.0,6746.299,3.423201,,,,,,
1780436575.159,4739543.0,6738.254,3.420292,,,,,,
1780436575.161,4739568.0,6730.088,3.417237,,,,,,
1780436575.162,4739593.0,6721.274,3.413892,,,,,,
1780436575.163,4739618.0,6712.786,3.410696,,,,,,
1780436575.164,4739643.0,6704.493,3.407646,,,,,,
1780436575.259,4739668.0,6695.933,3.4046,,,,,,
1780436575.260,4739693.0,6686.641,3.401266,,,,,,
1780436575.261,4739718.0,6677.599,3.397933,,,,,,
1780436575.261,4739743.0,6668.565,3.394603,,,,,,
1780436575.341,4739768.0,6659.931,3.391418,,,,,,
1780436575.343,4739793.0,6650.599,3.387947,,,,,,
1780436575.344,4739818.0,6639.387,3.383907,,,,,,
1780436575.459,4739843.0,6627.56,3.379728,,,,,,
1780436575.461,4739868.0,6615.675,3.375553,,,,,,
1780436575.462,4739893.0,6604.531,3.371524,,,,,,
1780436575.463,4739918.0,6593.822,3.367494,,,,,,
1780436575.464,4739943.0,6581.91,3.363324,,,,,,
1780436575.592,4739968.0,6568.814,3.358582,,,,,,
1780436575.594,4739993.0,6555.408,3.353836,,,,,,
1780436575.596,4740018.0,6543.205,3.349381,,,,,,
1780436575.597,4740043.0,6532.256,3.345353,,,,,,
1780436575.598,4740068.0,6522.194,3.341611,,,,,,
1780436575.709,4740093.0,6512.473,3.338015,,,,,,
1780436575.710,4740118.0,6502.56,3.334275,,,,,,
1780436575.710,4740143.0,6492.027,3.330537,,,,,,
1780436575.711,4740168.0,6481.061,3.326516,,,,,,
1780436575.712,4740193.0,6469.731,3.322496,,,,,,
1780436575.842,4740218.0,6458.578,3.31848,,,,,,
1780436575.843,4740243.0,6447.524,3.314608,,,,,,
1780436575.845,4740268.0,6436.295,3.310596,,,,,,
1780436575.846,4740293.0,6425.585,3.306728,,,,,,
1780436575.847,4740318.0,6416.366,3.303434,,,,,,
1780436575.942,4740343.0,6407.426,3.300285,,,,,,
1780436575.944,4740368.0,6398.962,3.297137,,,,,,
1780436575.945,4740393.0,6390.033,3.29399,,,,,,
1780436575.946,4740418.0,6382.024,3.291132,,,,,,
1780436576.059,4740443.0,6376.062,3.288993,,,,,,
1780436576.060,4740468.0,6371.64,3.287282,,,,,,
1780436576.061,4740493.0,6368.344,3.286,,,,,,
1780436576.062,4740518.0,6364.927,3.284718,,,,,,
1780436576.064,4740543.0,6360.719,3.283293,,,,,,
1780436576.175,4740568.0,6357.25,3.282012,,,,,,
1780436576.176,4740593.0,6353.561,3.280875,,,,,,
1780436576.178,4740618.0,6349.395,3.279312,,,,,,
1780436576.179,4740643.0,6343.459,3.277183,,,,,,
1780436576.308,4740668.0,6335.801,3.274485,,,,,,
1780436576.310,4740693.0,6327.346,3.271501,,,,,,
1780436576.311,4740718.0,6318.172,3.268234,,,,,,
1780436576.312,4740743.0,6309.333,3.26511,,,,,,
1780436576.313,4740768.0,6300.618,3.261847,,,,,,
1780436576.314,4740793.0,6290.479,3.258308,,,,,,
1780436576.426,4740818.0,6278.383,3.253927,,,,,,
1780436576.429,4740843.0,6265.288,3.249272,,,,,,
1780436576.430,4740868.0,6251.594,3.244336,,,,,,
1780436576.431,4740893.0,6238.683,3.239685,,,,,,
1780436576.526,4740918.0,6224.453,3.234615,,,,,,
1780436576.527,4740943.0,6209.615,3.229264,,,,,,
1780436576.528,4740968.0,6194.158,3.223773,,,,,,
1780436576.529,4740993.0,6178.607,3.218286,,,,,,
1780436576.642,4741018.0,6162.409,3.21252,,,,,,
1780436576.643,4741043.0,6145.511,3.206479,,,,,,
1780436576.644,4741068.0,6128.001,3.200303,,,,,,
1780436576.646,4741093.0,6108.818,3.193573,,,,,,
1780436576.646,4741118.0,6088.964,3.186702,,,,,,
1780436576.758,4741143.0,6068.115,3.179277,,,,,,
1780436576.759,4741168.0,6047.773,3.171994,,,,,,
1780436576.760,4741193.0,6027.489,3.164854,,,,,,
1780436576.761,4741218.0,6005.841,3.156895,,,,,,
1780436576.761,4741243.0,5983.96,3.149082,,,,,,
1780436576.842,4741268.0,5962.859,3.141561,,,,,,
1780436576.843,4741293.0,5938.319,3.132813,,,,,,
1780436576.844,4741318.0,5912.585,3.123656,,,,,,
1780436576.958,4741343.0,5885.745,3.114102,,,,,,
1780436576.960,4741368.0,5858.978,3.104548,,,,,,
1780436576.961,4741393.0,5831.875,3.094868,,,,,,
1780436576.962,4741418.0,5805.449,3.085351,,,,,,
1780436576.963,4741443.0,5780.369,3.076271,,,,,,
1780436577.092,4741468.0,5755.699,3.067346,,,,,,
1780436577.093,4741493.0,5729.136,3.057759,,,,,,
1780436577.095,4741518.0,5698.879,3.046833,,,,,,
1780436577.096,4741543.0,5667.738,3.035393,,,,,,
1780436577.097,4741568.0,5633.081,3.022766,,,,,,
1780436577.193,4741593.0,5597.947,3.009883,,,,,,
1780436577.195,4741618.0,5558.313,2.99543,,,,,,
1780436577.196,4741643.0,5519.052,2.980864,,,,,,
1780436577.197,4741668.0,5479.246,2.966191,,,,,,
1780436577.291,4741693.0,5434.373,2.949461,,,,,,
1780436577.292,4741718.0,5383.541,2.930339,,,,,,
1780436577.293,4741743.0,5331.406,2.910708,,,,,,
1780436577.294,4741768.0,5272.589,2.888606,,,,,,
1780436577.391,4741793.0,5213.803,2.866504,,,,,,
1780436577.393,4741818.0,5155.24,2.844278,,,,,,
1780436577.394,4741843.0,5099.149,2.823278,,,,,,
1780436577.395,4741868.0,5043.953,2.802415,,,,,,
1780436577.510,4741893.0,4989.233,2.781827,,,,,,
1780436577.512,4741918.0,4938.435,2.762482,,,,,,
1780436577.513,4741943.0,4888.755,2.743546,,,,,,
1780436577.514,4741968.0,4840.912,2.725415,,,,,,
1780436577.515,4741993.0,4793.145,2.707284,,,,,,
1780436577.609,4742018.0,4746.217,2.68956,,,,,,
1780436577.611,4742043.0,4700.993,2.672378,,,,,,
1780436577.612,4742068.0,4656.698,2.655601,,,,,,
1780436577.613,4742093.0,4613.475,2.639103,,,,,,
1780436577.725,4742118.0,4573.02,2.623673,,,,,,
1780436577.727,4742143.0,4536.156,2.609581,,,,,,
1780436577.729,4742168.0,4501.743,2.596297,,,,,,
1780436577.730,4742193.0,4470.974,2.584464,,,,,,
1780436577.844,4742218.0,4441.309,2.573026,,,,,,
1780436577.845,4742243.0,4416.132,2.563298,,,,,,
1780436577.847,4742268.0,4391.827,2.553962,,,,,,
1780436577.848,4742293.0,4368.948,2.545148,,,,,,
1780436577.849,4742318.0,4352.044,2.538669,,,,,,
1780436577.924,4742343.0,4342.632,2.535136,,,,,,
1780436577.925,4742368.0,4334.822,2.531987,,,,,,
1780436577.926,4742393.0,4334.847,2.531987,,,,,,
1780436578.042,4742418.0,4334.764,2.531862,,,,,,
1780436578.044,4742443.0,4334.681,2.531987,,,,,,
1780436578.045,4742468.0,4331.572,2.530616,,,,,,
1780436578.047,4742493.0,4325.688,2.528254,,,,,,
1780436578.048,4742518.0,4319.098,2.525521,,,,,,
1780436578.141,4742543.0,4311.403,2.522543,,,,,,
1780436578.143,4742568.0,4304.052,2.519689,,,,,,
1780436578.144,4742593.0,4297.249,2.516832,,,,,,
1780436578.145,4742618.0,4287.336,2.51287,,,,,,
1780436578.224,4742643.0,4277.567,2.508784,,,,,,
1780436578.225,4742668.0,4267.74,2.504822,,,,,,
1780436578.226,4742693.0,4258.612,2.501104,,,,,,
1780436578.325,4742718.0,4252.884,2.498867,,,,,,
1780436578.327,4742743.0,4247.598,2.496751,,,,,,
1780436578.328,4742768.0,4242.591,2.494636,,,,,,
1780436578.329,4742793.0,4237.24,2.492646,,,,,,
1780436578.425,4742818.0,4232.02,2.490655,,,,,,
1780436578.427,4742843.0,4226.876,2.48854,,,,,,
1780436578.428,4742868.0,4221.87,2.486424,,,,,,
1780436578.429,4742893.0,4216.81,2.484309,,,,,,
1780436578.542,4742918.0,4211.871,2.482194,,,,,,
1780436578.544,4742943.0,4207.338,2.480327,,,,,,
1780436578.545,4742968.0,4205.133,2.479329,,,,,,
1780436578.546,4742993.0,4202.833,2.478456,,,,,,
1780436578.547,4743018.0,4200.372,2.477458,,,,,,
1780436578.659,4743043.0,4198.006,2.476585,,,,,,
1780436578.661,4743068.0,4195.666,2.475587,,,,,,
1780436578.662,4743093.0,4196.474,2.47596,,,,,,
1780436578.663,4743118.0,4199.97,2.477324,,,,,,
1780436578.664,4743143.0,4204.21,2.479059,,,,,,
1780436578.794,4743168.0,4209.51,2.481164,,,,,,
1780436578.795,4743193.0,4214.441,2.483021,,,,,,
1780436578.797,4743218.0,4218.858,2.484879,,,,,,
1780436578.798,4743243.0,4226.39,2.487844,,,,,,
1780436578.799,4743268.0,4233.792,2.490932,,,,,,
1780436578.909,4743293.0,4241.236,2.493896,,,,,,
1780436578.910,4743318.0,4248.012,2.496616,,,,,,
1780436578.911,4743343.0,4251.46,2.49798,,,,,,
1780436578.912,4743368.0,4254.241,2.499097,,,,,,
1780436578.913,4743393.0,4256.888,2.500214,,,,,,
1780436579.044,4743418.0,4259.688,2.501331,,,,,,
1780436579.046,4743443.0,4262.329,2.502324,,,,,,
1780436579.047,4743468.0,4265.073,2.503441,,,,,,
1780436579.048,4743493.0,4267.757,2.504558,,,,,,
1780436579.049,4743518.0,4270.422,2.505675,,,,,,
1780436579.160,4743543.0,4272.905,2.506792,,,,,,
1780436579.161,4743568.0,4275.074,2.507661,,,,,,
1780436579.162,4743593.0,4274.94,2.507661,,,,,,
1780436579.163,4743618.0,4274.767,2.507661,,,,,,
1780436579.164,4743643.0,4274.778,2.507661,,,,,,
1780436579.277,4743668.0,4274.784,2.507661,,,,,,
1780436579.279,4743693.0,4274.773,2.507661,,,,,,
1780436579.280,4743718.0,4274.691,2.507661,,,,,,
1780436579.281,4743743.0,4274.642,2.507537,,,,,,
1780436579.393,4743768.0,4274.6,2.507537,,,,,,
1780436579.394,4743793.0,4274.598,2.507537,,,,,,
1780436579.395,4743818.0,4274.729,2.507661,,,,,,
1780436579.396,4743843.0,4274.775,2.507661,,,,,,
1780436579.397,4743868.0,4274.667,2.507661,,,,,,
1780436579.492,4743893.0,4274.62,2.507661,,,,,,
1780436579.493,4743918.0,4274.605,2.507661,,,,,,
1780436579.494,4743943.0,4274.564,2.507537,,,,,,
1780436579.495,4743968.0,4274.425,2.507537,,,,,,
1780436579.594,4743993.0,4274.516,2.507537,,,,,,
1780436579.595,4744018.0,4274.421,2.507412,,,,,,
1780436579.596,4744043.0,4274.376,2.507412,,,,,,
1780436579.597,4744068.0,4274.499,2.507412,,,,,,
1780436579.676,4744093.0,4274.457,2.507288,,,,,,
1780436579.677,4744118.0,4274.346,2.507288,,,,,,
1780436579.678,4744143.0,4274.371,2.507288,,,,,,
1780436579.793,4744168.0,4274.304,2.507163,,,,,,
1780436579.795,4744193.0,4274.185,2.507163,,,,,,
1780436579.796,4744218.0,4274.14,2.507163,,,,,,
1780436579.797,4744243.0,4274.106,2.507163,,,,,,
1780436579.798,4744268.0,4273.964,2.507163,,,,,,
1780436579.893,4744293.0,4274.004,2.507039,,,,,,
1780436579.895,4744318.0,4273.99,2.506914,,,,,,
1780436579.896,4744343.0,4274.001,2.506914,,,,,,
1780436579.897,4744368.0,4273.976,2.506914,,,,,,
1780436579.976,4744393.0,4273.932,2.50679,,,,,,
1780436579.977,4744418.0,4273.896,2.506665,,,,,,
1780436579.978,4744443.0,4273.887,2.506665,,,,,,
1780436580.058,4744468.0,4273.859,2.506665,,,,,,
1780436580.059,4744493.0,4273.926,2.506665,,,,,,
1780436580.060,4744518.0,4273.915,2.506665,,,,,,
1780436580.061,4744543.0,4273.875,2.506541,,,,,,
1780436580.142,4744568.0,4273.965,2.506665,,,,,,
1780436580.143,4744593.0,4274.096,2.506665,,,,,,
1780436580.144,4744618.0,4273.99,2.506541,,,,,,
1780436580.226,4744643.0,4274.065,2.506541,,,,,,
1780436580.227,4744668.0,4273.967,2.506541,,,,,,
1780436580.227,4744693.0,4273.875,2.506541,,,,,,
1780436580.324,4744718.0,4273.937,2.506541,,,,,,
1780436580.326,4744743.0,4273.962,2.506541,,,,,,
1780436580.327,4744768.0,4273.834,2.506541,,,,,,
1780436580.328,4744793.0,4273.946,2.506665,,,,,,
1780436580.442,4744818.0,4274.026,2.506665,,,,,,
1780436580.444,4744843.0,4273.999,2.506541,,,,,,
1780436580.445,4744868.0,4274.11,2.506541,,,,,,
1780436580.446,4744893.0,4274.202,2.506416,,,,,,
1780436580.447,4744918.0,4273.99,2.506541,,,,,,
1780436580.524,4744943.0,4274.012,2.506665,,,,,,
1780436580.524,4744968.0,4273.993,2.506665,,,,,,
1780436580.525,4744993.0,4274.099,2.50679,,,,,,
1780436580.607,4745018.0,4274.16,2.50679,,,,,,
1780436580.608,4745043.0,4274.124,2.506914,,,,,,
1780436580.609,4745068.0,4274.067,2.506914,,,,,,
1780436580.609,4745093.0,4273.979,2.506914,,,,,,
1780436580.690,4745118.0,4274.029,2.506914,,,,,,
1780436580.691,4745143.0,4274.126,2.50679,,,,,,
1780436580.692,4745168.0,4274.138,2.506914,,,,,,
1780436580.773,4745193.0,4274.042,2.506914,,,,,,
1780436580.774,4745218.0,4273.984,2.506914,,,,,,
1780436580.775,4745243.0,4273.895,2.507039,,,,,,
1780436580.857,4745268.0,4273.867,2.507163,,,,,,
1780436580.859,4745293.0,4273.987,2.507039,,,,,,
1780436580.860,4745318.0,4274.123,2.507039,,,,,,
1780436580.861,4745343.0,4274.017,2.507039,,,,,,
1780436580.958,4745368.0,4274.011,2.507039,,,,,,
1780436580.959,4745393.0,4274.047,2.507039,,,,,,
1780436580.960,4745418.0,4274.006,2.506914,,,,,,
1780436580.961,4745443.0,4274.067,2.506914,,,,,,
1780436581.061,4745468.0,4273.937,2.506914,,,,,,
1780436581.062,4745493.0,4273.967,2.50679,,,,,,
1780436581.064,4745518.0,4273.928,2.506914,,,,,,
1780436581.065,4745543.0,4274.012,2.506914,,,,,,
1780436581.175,4745568.0,4273.97,2.506914,,,,,,
1780436581.176,4745593.0,4274.037,2.506914,,,,,,
1780436581.178,4745618.0,4274.012,2.506914,,,,,,
1780436581.179,4745643.0,4273.903,2.507039,,,,,,
1780436581.275,4745668.0,4273.923,2.506914,,,,,,
1780436581.276,4745693.0,4273.987,2.506914,,,,,,
1780436581.278,4745718.0,4274.09,2.506914,,,,,,
1780436581.279,4745743.0,4274.118,2.50679,,,,,,
1780436581.376,4745768.0,4274.006,2.506914,,,,,,
1780436581.378,4745793.0,4273.989,2.506914,,,,,,
1780436581.379,4745818.0,4273.989,2.506914,,,,,,
1780436581.380,4745843.0,4274.031,2.50679,,,,,,
1780436581.493,4745868.0,4274.268,2.506665,,,,,,
1780436581.494,4745893.0,4274.263,2.506541,,,,,,
1780436581.495,4745918.0,4274.235,2.506665,,,,,,
1780436581.496,4745943.0,4274.146,2.506541,,,,,,
1780436581.497,4745968.0,4274.146,2.506541,,,,,,
1780436581.574,4745993.0,4274.132,2.506417,,,,,,
1780436581.575,4746018.0,4274.19,2.506417,,,,,,
1780436581.577,4746043.0,4274.221,2.506541,,,,,,
1780436581.708,4746068.0,4274.154,2.506541,,,,,,
1780436581.710,4746093.0,4274.299,2.506541,,,,,,
1780436581.711,4746118.0,4274.224,2.506541,,,,,,
1780436581.712,4746143.0,4274.366,2.506541,,,,,,
1780436581.713,4746168.0,4274.382,2.506541,,,,,,
1780436581.714,4746193.0,4274.463,2.506541,,,,,,
1780436581.826,4746218.0,4274.413,2.506541,,,,,,
1780436581.828,4746243.0,4274.371,2.506541,,,,,,
1780436581.829,4746268.0,4274.44,2.506541,,,,,,
1780436581.830,4746293.0,4274.505,2.506665,,,,,,
1780436581.924,4746318.0,4274.413,2.506665,,,,,,
1780436581.926,4746343.0,4274.332,2.506665,,,,,,
1780436581.927,4746368.0,4274.189,2.506789,,,,,,
1780436581.928,4746393.0,4274.204,2.506789,,,,,,
1780436582.007,4746418.0,4274.313,2.506789,,,,,,
1780436582.009,4746443.0,4274.333,2.506789,,,,,,
1780436582.011,4746468.0,4274.243,2.506914,,,,,,
1780436582.013,4746493.0,4274.098,2.506914,,,,,,
1780436582.036,4746518.0,4274.104,2.507039,,,,,,
1780436582.071,4746543.0,4274.19,2.507039,,,,,,
1780436582.084,4746568.0,4274.138,2.507039,,,,,,
1780436582.119,4746593.0,4274.176,2.507163,,,,,,
1780436582.143,4746618.0,4274.188,2.507163,,,,,,
1780436582.167,4746643.0,4274.173,2.507039,,,,,,
1780436582.191,4746668.0,4274.123,2.507039,,,,,,
1780436582.215,4746693.0,4274.101,2.506914,,,,,,
1780436582.239,4746718.0,4273.995,2.507039,,,,,,
1780436582.262,4746743.0,4273.953,2.507163,,,,,,
1780436582.286,4746768.0,4273.794,2.507039,,,,,,
1780436582.309,4746793.0,4273.836,2.507039,,,,,,
1780436582.345,4746818.0,4273.82,2.507039,,,,,,
1780436582.370,4746843.0,4273.75,2.507039,,,,,,
1780436582.394,4746868.0,4273.73,2.507039,,,,,,
1780436582.422,4746893.0,4273.655,2.506914,,,,,crack_threshold 0.005,crack_threshold=0.005000
1780436582.542,4746918.0,4273.58,2.506914,,,,,,
1780436582.544,4746943.0,4273.597,2.506914,,,,,,
1780436582.545,4746968.0,4273.706,2.506914,,,,,,
1780436582.546,4746993.0,4273.728,2.506914,,,,,,
1780436582.547,4747018.0,4273.658,2.506914,,,,,,
1780436582.656,4747043.0,4273.499,2.50679,,,,,,
1780436582.658,4747068.0,4273.519,2.50679,,,,,,
1780436582.659,4747093.0,4273.572,2.506789,,,,,,
1780436582.660,4747118.0,4273.533,2.506914,,,,,,
1780436582.661,4747143.0,4273.48,2.506914,,,,,,
1780436582.791,4747168.0,4273.391,2.506914,,,,,,
1780436582.792,4747193.0,4273.421,2.506914,,,,,,
1780436582.793,4747218.0,4273.377,2.506914,,,,,,
1780436582.794,4747243.0,4273.276,2.507039,,,,,,
1780436582.795,4747268.0,4273.273,2.507039,,,,,,
1780436582.921,4747293.0,4273.245,2.506914,,,,,,
1780436582.922,4747318.0,4273.293,2.506914,,,,,,
1780436582.924,4747343.0,4273.449,2.506914,,,,,,
1780436582.925,4747368.0,4273.487,2.50679,,,,,,
1780436582.926,4747393.0,4273.519,2.506914,,,,,,
1780436583.057,4747418.0,4273.41,2.50679,,,,,,
1780436583.058,4747443.0,4273.384,2.50679,,,,,,
1780436583.060,4747468.0,4273.423,2.50679,,,,,,
1780436583.061,4747493.0,4273.523,2.506665,,,,,,
1780436583.062,4747518.0,4273.604,2.506665,,,,,,
1780436583.063,4747543.0,4273.59,2.506665,,,,,,
1780436583.156,4747568.0,4273.569,2.506665,,,,,,
1780436583.158,4747593.0,4273.529,2.506665,,,,,,
1780436583.159,4747618.0,4273.604,2.506665,,,,,,
1780436583.160,4747643.0,4273.561,2.506665,,,,,,
1780436583.273,4747668.0,4273.535,2.50679,,,,,,
1780436583.275,4747693.0,4273.491,2.50679,,,,,,
1780436583.276,4747718.0,4273.432,2.50679,,,,,,
1780436583.277,4747743.0,4273.613,2.506665,,,,,,
1780436583.374,4747768.0,4273.647,2.506665,,,,,,
1780436583.375,4747793.0,4273.756,2.506665,,,,,,
1780436583.376,4747818.0,4273.742,2.506789,,,,,,
1780436583.377,4747843.0,4273.775,2.506665,,,,,,
1780436583.507,4747868.0,4273.903,2.506665,,,,,,
1780436583.509,4747893.0,4273.931,2.506789,,,,,,
1780436583.511,4747918.0,4274.07,2.506914,,,,,,
1780436583.512,4747943.0,4273.889,2.507039,,,,,,
1780436583.514,4747968.0,4273.809,2.507039,,,,,,
1780436583.515,4747993.0,4273.842,2.507163,,,,,,
1780436583.625,4748018.0,4273.906,2.507163,,,,,,
1780436583.626,4748043.0,4273.867,2.507288,,,,,,
1780436583.627,4748068.0,4273.82,2.507288,,,,,,
1780436583.628,4748093.0,4273.909,2.507288,,,,,,
1780436583.725,4748118.0,4273.861,2.507412,,,,,,
1780436583.727,4748143.0,4273.826,2.507537,,,,,,
1780436583.728,4748168.0,4273.817,2.507536,,,,,,
1780436583.729,4748193.0,4273.803,2.507536,,,,,,
1780436583.860,4748218.0,4273.681,2.507536,,,,,,
1780436583.861,4748243.0,4273.614,2.507412,,,,,,
1780436583.862,4748268.0,4273.828,2.507412,,,,,,
1780436583.863,4748293.0,4273.833,2.507412,,,,,,
1780436583.864,4748318.0,4273.8,2.507412,,,,,,
1780436583.865,4748343.0,4273.842,2.507412,,,,,,
1780436583.944,4748368.0,4273.686,2.507537,,,,,,
1780436583.945,4748393.0,4273.688,2.507537,,,,,,
1780436583.945,4748418.0,4273.538,2.507537,,,,,,
1780436584.060,4748443.0,4273.519,2.507537,,,,,,
1780436584.061,4748468.0,4273.585,2.507537,,,,,,
1780436584.062,4748493.0,4273.574,2.507537,,,,,,
1780436584.063,4748518.0,4273.482,2.507537,,,,,,
1780436584.064,4748543.0,4273.438,2.507412,,,,,,
1780436584.182,4748568.0,4273.616,2.507288,,,,,,
1780436584.184,4748593.0,4273.61,2.507288,,,,,,
1780436584.185,4748618.0,4273.549,2.507288,,,,,,
1780436584.187,4748643.0,4273.516,2.507163,,,,,,
1780436584.188,4748668.0,4273.588,2.507039,,,,,,
1780436584.274,4748693.0,4273.599,2.507039,,,,,,
1780436584.276,4748718.0,4273.624,2.506914,,,,,,
1780436584.277,4748743.0,4273.474,2.50679,,,,,,
1780436584.340,4748768.0,4273.488,2.50679,,,,,,
1780436584.341,4748793.0,4273.577,2.50679,,,,,,
1780436584.342,4748818.0,4273.655,2.506665,,,,,,
1780436584.409,4748843.0,4273.736,2.506665,,,,,,
1780436584.410,4748868.0,4273.766,2.506665,,,,,,
1780436584.412,4748893.0,4273.705,2.506665,,,,,,
1780436584.456,4748918.0,4273.864,2.506665,,,,,,
1780436584.508,4748943.0,4273.897,2.506665,,,,,,
1780436584.509,4748968.0,4273.853,2.506541,,,,,,
1780436584.510,4748993.0,4273.917,2.506416,,,,,,
1780436584.575,4749018.0,4273.915,2.506292,,,,,,
1780436584.576,4749043.0,4273.959,2.506292,,,,,,
1780436584.624,4749068.0,4273.939,2.506292,,,,,,
1780436584.626,4749093.0,4273.819,2.506292,,,,,,
1780436584.691,4749118.0,4273.767,2.506167,,,,,,
1780436584.692,4749143.0,4273.809,2.506043,,,,,,
1780436584.694,4749168.0,4273.892,2.506043,,,,,,
1780436584.757,4749193.0,4273.8,2.506167,,,,,,
1780436584.759,4749218.0,4273.825,2.506167,,,,,,
1780436584.760,4749243.0,4273.828,2.506167,,,,,,
1780436584.823,4749268.0,4273.772,2.506292,,,,,,
1780436584.825,4749293.0,4273.756,2.506416,,,,,,
1780436584.890,4749318.0,4273.845,2.506416,,,,,,
1780436584.892,4749343.0,4273.728,2.506416,,,,,,
1780436584.893,4749368.0,4273.831,2.506416,,,,,,
1780436584.957,4749393.0,4273.873,2.506416,,,,,,
1780436584.958,4749418.0,4273.848,2.506292,,,,,,
1780436584.959,4749443.0,4273.764,2.506292,,,,,,
1780436585.040,4749468.0,4273.708,2.506167,,,,,,
1780436585.041,4749493.0,4273.664,2.506292,,,,,,
1780436585.042,4749518.0,4273.505,2.506292,,,,,,
1780436585.108,4749543.0,4273.452,2.506292,,,,,,
1780436585.109,4749568.0,4273.48,2.506292,,,,,,
1780436585.110,4749593.0,4273.592,2.506416,,,,,,
1780436585.174,4749618.0,4273.46,2.506541,,,,,,
1780436585.175,4749643.0,4273.475,2.506541,,,,,,
1780436585.245,4749668.0,4273.524,2.506416,,,,,,
1780436585.246,4749693.0,4273.636,2.506416,,,,,,
1780436585.247,4749718.0,4273.642,2.506541,,,,,,
1780436585.309,4749743.0,4273.572,2.506665,,,,,,
1780436585.310,4749768.0,4273.519,2.50679,,,,,,
1780436585.311,4749793.0,4273.502,2.506914,,,,,,
1780436585.399,4749818.0,4273.583,2.50679,,,,,,
1780436585.400,4749843.0,4273.555,2.50679,,,,,,
1780436585.401,4749868.0,4273.569,2.506665,,,,,,
1780436585.489,4749893.0,4273.63,2.506541,,,,,,
1780436585.491,4749918.0,4273.722,2.506416,,,,,,
1780436585.492,4749943.0,4273.736,2.506416,,,,,,
1780436585.493,4749968.0,4273.889,2.506541,,,,,,
1780436585.555,4749993.0,4273.809,2.506665,,,,,,
1780436585.556,4750018.0,4273.805,2.506665,,,,,,
1780436585.606,4750043.0,4273.816,2.506665,,,,,,
1780436585.607,4750068.0,4273.926,2.50679,,,,,,
1780436585.608,4750093.0,4274.009,2.506914,,,,,,
1780436585.695,4750118.0,4274.079,2.506914,,,,,,
1780436585.698,4750143.0,4274.159,2.506914,,,,,,
1780436585.699,4750168.0,4274.165,2.506914,,,,,,
1780436585.756,4750193.0,4274.218,2.506914,,,,,,
1780436585.756,4750218.0,4274.092,2.50679,,,,,,
1780436585.811,4750243.0,4274.176,2.506789,,,,,,
1780436585.813,4750268.0,4274.193,2.50679,,,,,,
1780436585.814,4750293.0,4274.192,2.506914,,,,,,
1780436585.891,4750318.0,4274.234,2.50679,,,,,,
1780436585.893,4750343.0,4274.199,2.50679,,,,,,
1780436585.894,4750368.0,4274.291,2.506665,,,,,,
1780436585.974,4750393.0,4274.354,2.506665,,,,,,
1780436585.976,4750418.0,4274.352,2.506541,,,,,,
1780436585.977,4750443.0,4274.369,2.506541,,,,,,
1780436586.057,4750468.0,4274.394,2.506417,,,,,,
1780436586.059,4750493.0,4274.424,2.506541,,,,,,
1780436586.060,4750518.0,4274.414,2.506665,,,,,,
1780436586.061,4750543.0,4274.408,2.506665,,,,,,
1780436586.158,4750568.0,4274.357,2.506665,,,,,,
1780436586.160,4750593.0,4274.26,2.506665,,,,,,
1780436586.161,4750618.0,4274.338,2.506665,,,,,,
1780436586.162,4750643.0,4274.305,2.506665,,,,,,
1780436586.241,4750668.0,4274.238,2.50679,,,,,,
1780436586.243,4750693.0,4274.26,2.50679,,,,,,
1780436586.245,4750718.0,4274.218,2.506665,,,,,,
1780436586.325,4750743.0,4274.235,2.506541,,,,,,
1780436586.326,4750768.0,4274.353,2.506541,,,,,,
1780436586.327,4750793.0,4274.193,2.506416,,,,,,
1780436586.407,4750818.0,4274.205,2.506292,,,,,,
1780436586.408,4750843.0,4274.26,2.506416,,,,,,
1780436586.409,4750868.0,4274.313,2.506292,,,,,,
1780436586.409,4750893.0,4274.291,2.506292,,,,,,
1780436586.508,4750918.0,4274.299,2.506167,,,,,,
1780436586.509,4750943.0,4274.282,2.506292,,,,,,
1780436586.511,4750968.0,4274.313,2.506292,,,,,,
1780436586.512,4750993.0,4274.205,2.506292,,,,,,
1780436586.572,4751018.0,4274.16,2.506292,,,,,,
1780436586.573,4751043.0,4274.143,2.506417,,,,,,
1780436586.657,4751068.0,4274.16,2.506541,,,,,,
1780436586.658,4751093.0,4274.229,2.506665,,,,,,
1780436586.660,4751118.0,4274.135,2.506665,,,,,,
1780436586.661,4751143.0,4274.104,2.506665,,,,,,
1780436586.740,4751168.0,4274.08,2.506665,,,,,,
1780436586.740,4751193.0,4274.085,2.506665,,,,,,
1780436586.741,4751218.0,4274.077,2.506665,,,,,,
1780436586.840,4751243.0,4274.068,2.506665,,,,,,
1780436586.841,4751268.0,4274.146,2.506541,,,,,,
1780436586.842,4751293.0,4274.277,2.506541,,,,,,
1780436586.843,4751318.0,4274.199,2.506416,,,,,,
1780436586.861,4751343.0,4274.325,2.506541,,,,,,
1780436586.884,4751368.0,4274.363,2.506541,,,,,,
1780436586.917,4751393.0,4274.26,2.506541,,,,,,
1780436586.940,4751418.0,4274.372,2.506665,,,,,,
1780436586.962,4751443.0,4274.417,2.506665,,,,,,
1780436586.985,4751468.0,4274.419,2.506541,,,,,,
1780436587.019,4751493.0,4274.367,2.506665,,,,,,
1780436587.042,4751518.0,4274.428,2.50679,,,,,,
1780436587.066,4751543.0,4274.358,2.506914,,,,,,
1780436587.089,4751568.0,4274.319,2.50679,,,,,,
1780436587.112,4751593.0,4274.252,2.506665,,,,,,
1780436587.137,4751618.0,4274.291,2.50679,,,,,,
1780436587.161,4751643.0,4274.475,2.506665,,,,,,
1780436587.196,4751668.0,4274.397,2.506665,,,,,,
1780436587.220,4751693.0,4274.408,2.506541,,,,,,
1780436587.246,4751718.0,4274.353,2.506541,,,,,status,l_h=11.800000 c_f=220.000000 q=25.000000
1780436587.340,4751743.0,4274.344,2.506417,,,,,,
1780436587.340,4751768.0,4274.325,2.506416,,,,,,
1780436587.341,4751793.0,4274.233,2.506541,,,,,,
1780436587.342,4751818.0,4274.194,2.506541,,,,,,
1780436587.423,4751843.0,4274.168,2.506541,,,,,,
1780436587.425,4751868.0,4274.19,2.506541,,,,,,
1780436587.426,4751893.0,4274.146,2.506665,,,,,,
1780436587.525,4751918.0,4274.035,2.506541,,,,,,
1780436587.527,4751943.0,4273.959,2.506665,,,,,,
1780436587.528,4751968.0,4273.771,2.506541,,,,,,
1780436587.529,4751993.0,4273.636,2.506541,,,,,,
1780436587.607,4752018.0,4273.7,2.506416,,,,,,
1780436587.608,4752043.0,4273.742,2.506416,,,,,,
1780436587.609,4752068.0,4273.546,2.506541,,,,,,
1780436587.610,4752093.0,4273.455,2.506541,,,,,,
1780436587.707,4752118.0,4273.323,2.506416,,,,,,
1780436587.709,4752143.0,4273.204,2.506416,,,,,,
1780436587.710,4752168.0,4273.245,2.506416,,,,,,
1780436587.711,4752193.0,4273.215,2.506417,,,,,,
1780436587.791,4752218.0,4273.251,2.506541,,,,,,
1780436587.792,4752243.0,4273.369,2.506541,,,,,,
1780436587.793,4752268.0,4273.337,2.506541,,,,,,
1780436587.890,4752293.0,4273.351,2.506541,,,,,,
1780436587.892,4752318.0,4273.265,2.506541,,,,,,
1780436587.893,4752343.0,4273.22,2.506416,,,,,,
1780436587.894,4752368.0,4273.262,2.506417,,,,,,
1780436587.975,4752393.0,4273.265,2.506417,,,,,,
1780436587.976,4752418.0,4273.401,2.506292,,,,,,
1780436587.977,4752443.0,4273.365,2.506167,,,,,,
1780436588.041,4752468.0,4273.259,2.506043,,,,,,
1780436588.043,4752493.0,4273.31,2.505919,,,,,,
1780436588.044,4752518.0,4273.332,2.505919,,,,,,
1780436588.124,4752543.0,4273.408,2.505919,,,,,,
1780436588.126,4752568.0,4273.441,2.505919,,,,,,
1780436588.127,4752593.0,4273.463,2.505919,,,,,,
1780436588.207,4752618.0,4273.507,2.505919,,,,,,
1780436588.207,4752643.0,4273.438,2.505919,,,,,,
1780436588.208,4752668.0,4273.541,2.505794,,,,,,
1780436588.209,4752693.0,4273.569,2.50567,,,,,,
1780436588.272,4752718.0,4273.644,2.505794,,,,,,
1780436588.273,4752743.0,4273.767,2.505919,,,,,,
1780436588.358,4752768.0,4273.839,2.505919,,,,,,
1780436588.359,4752793.0,4273.876,2.505919,,,,,,
1780436588.361,4752818.0,4273.884,2.505919,,,,,,
1780436588.362,4752843.0,4273.996,2.505794,,,,,,
1780436588.458,4752868.0,4273.851,2.505669,,,,,,
1780436588.460,4752893.0,4273.711,2.505794,,,,,,
1780436588.461,4752918.0,4273.642,2.505669,,,,,,
1780436588.462,4752943.0,4273.656,2.505669,,,,,,
1780436588.558,4752968.0,4273.697,2.505794,,,,,,
1780436588.559,4752993.0,4273.772,2.505918,,,,,,
1780436588.560,4753018.0,4273.848,2.505794,,,,,,
1780436588.562,4753043.0,4273.842,2.505794,,,,,,
1780436588.640,4753068.0,4273.889,2.505919,,,,,,
1780436588.642,4753093.0,4274.012,2.506043,,,,,,
1780436588.643,4753118.0,4273.981,2.506043,,,,,,
1780436588.725,4753143.0,4274.023,2.506043,,,,,,
1780436588.727,4753168.0,4273.973,2.506043,,,,,,
1780436588.728,4753193.0,4273.914,2.506043,,,,,,
1780436588.804,4753218.0,4273.947,2.506043,,,,,,
1780436588.805,4753243.0,4273.979,2.506167,,,,,,
1780436588.805,4753268.0,4274.087,2.506292,,,,,,
1780436588.855,4753293.0,4273.886,2.506416,,,,,,
1780436588.856,4753318.0,4273.928,2.506416,,,,,,
1780436588.879,4753353.0,4273.92,2.506416,,,,,,
1780436588.903,4753378.0,4273.892,2.506292,,,,,,
1780436588.926,4753403.0,4273.847,2.506167,,,,,,
1780436588.949,4753428.0,4273.722,2.506167,,,,,,
1780436588.974,4753453.0,4273.777,2.506167,,,,,,
1780436588.997,4753478.0,4273.791,2.506292,,,,,,
1780436589.021,4753503.0,4273.842,2.506292,,,,,,
1780436589.045,4753528.0,4273.786,2.506167,,,,,,
1780436589.069,4753553.0,4273.795,2.506292,,,,,,
1780436589.104,4753578.0,4273.898,2.506416,,,,,,
1780436589.128,4753603.0,4274.065,2.506416,,,,,,
1780436589.150,4753628.0,4273.951,2.506292,,,,,,
1780436589.174,4753653.0,4273.912,2.506416,,,,,,
1780436589.197,4753678.0,4273.798,2.506417,,,,,,
1780436589.221,4753703.0,4273.787,2.506292,,,,,,
1780436589.245,4753728.0,4273.82,2.506292,,,,,,
1780436589.356,4753753.0,4273.764,2.506416,,,,,save alum,OK saved alum
1780436589.358,4753778.0,4273.65,2.506292,,,,,,
1780436589.359,4753803.0,4273.625,2.506292,,,,,,
1780436589.360,4753828.0,4273.806,2.506167,,,,,,
1780436589.438,4753853.0,4273.867,2.506167,,,,,,
1780436589.439,4753878.0,4273.875,2.506043,,,,,,
1780436589.440,4753903.0,4273.725,2.506043,,,,,,
1780436589.506,4753928.0,4273.844,2.505919,,,,,,
1780436589.507,4753953.0,4273.811,2.506043,,,,,,
1780436589.508,4753978.0,4273.897,2.506043,,,,,,
1780436589.588,4754003.0,4273.915,2.506167,,,,,,
1780436589.589,4754028.0,4273.948,2.506167,,,,,,
1780436589.590,4754053.0,4274.004,2.506167,,,,,,
1780436589.671,4754078.0,4274.065,2.506167,,,,,,
1780436589.672,4754103.0,4273.979,2.506167,,,,,,
1780436589.673,4754128.0,4274.04,2.506167,,,,,,
1780436589.674,4754153.0,4274.034,2.506167,,,,,,
1780436589.758,4754178.0,4274.041,2.506043,,,,,,
1780436589.760,4754203.0,4273.99,2.505919,,,,,,
1780436589.763,4754228.0,4273.87,2.505794,,,,,,
1780436589.858,4754253.0,4273.864,2.505919,,,,,,
1780436589.860,4754278.0,4273.881,2.505794,,,,,,
1780436589.861,4754303.0,4274.012,2.505794,,,,,,
1780436589.863,4754328.0,4274.068,2.505794,,,,,,
1780436589.938,4754353.0,4274.045,2.505794,,,,,,
1780436589.939,4754378.0,4274.071,2.50567,,,,,,
1780436589.940,4754403.0,4274.252,2.50567,,,,,,
1780436590.023,4754428.0,4274.168,2.50567,,,,,,
1780436590.024,4754453.0,4274.138,2.50567,,,,,,
1780436590.026,4754478.0,4274.064,2.50567,,,,,,
1780436590.027,4754503.0,4273.979,2.50567,,,,,,
1780436590.109,4754528.0,4274.023,2.50567,,,,,,
1780436590.110,4754553.0,4274.029,2.50567,,,,,,
1780436590.111,4754578.0,4274.152,2.505545,,,,,,
1780436590.173,4754603.0,4274.013,2.505421,,,,,,
1780436590.174,4754628.0,4274.049,2.505296,,,,,,
1780436590.174,4754653.0,4274.082,2.505296,,,,,,
1780436590.242,4754678.0,4274.087,2.505296,,,,,,
1780436590.244,4754703.0,4273.859,2.505296,,,,,,
1780436590.245,4754728.0,4273.844,2.505296,,,,,,
1780436590.322,4754753.0,4273.831,2.505296,,,,,,
1780436590.324,4754778.0,4273.906,2.505296,,,,,,
1780436590.325,4754803.0,4274.014,2.50542,,,,,,
1780436590.405,4754828.0,4273.987,2.50542,,,,,,
1780436590.407,4754853.0,4273.864,2.50542,,,,,,
1780436590.408,4754878.0,4273.939,2.505296,,,,,,
1780436590.491,4754903.0,4273.939,2.50542,,,,,,
1780436590.493,4754928.0,4273.914,2.50542,,,,,,
1780436590.494,4754953.0,4273.803,2.50542,,,,,,
1780436590.496,4754978.0,4273.811,2.505296,,,,,,
1780436590.571,4755003.0,4273.878,2.50542,,,,,,
1780436590.572,4755028.0,4273.777,2.50542,,,,,,
1780436590.574,4755053.0,4273.93,2.50542,,,,,,
1780436590.639,4755078.0,4273.872,2.505545,,,,,,
1780436590.641,4755103.0,4273.914,2.505669,,,,,,
1780436590.722,4755128.0,4273.925,2.505794,,,,,,
1780436590.723,4755153.0,4273.975,2.505794,,,,,,
1780436590.724,4755178.0,4273.892,2.505918,,,,,,
1780436590.725,4755203.0,4273.835,2.505918,,,,,,
1780436590.804,4755228.0,4273.844,2.506043,,,,,,
1780436590.805,4755253.0,4273.75,2.506167,,,,,,
1780436590.805,4755278.0,4273.806,2.506292,,,,,,
1780436590.871,4755303.0,4273.809,2.506167,,,,,,
1780436590.872,4755328.0,4273.887,2.506167,,,,,,
1780436590.873,4755353.0,4273.878,2.506167,,,,,,
1780436590.938,4755378.0,4273.945,2.506167,,,,,,
1780436590.939,4755403.0,4274.001,2.506292,,,,,,
1780436590.987,4755428.0,4273.898,2.506292,,,,,,
1780436590.987,4755453.0,4273.878,2.506416,,,,,,
1780436591.039,4755478.0,4273.97,2.506541,,,,,,
1780436591.039,4755503.0,4273.962,2.506541,,,,,,
1780436591.105,4755528.0,4274.032,2.506416,,,,,,
1780436591.107,4755553.0,4273.973,2.506541,,,,,,
1780436591.108,4755578.0,4273.995,2.506665,,,,,,
1780436591.174,4755603.0,4274.021,2.50679,,,,,,
1780436591.175,4755628.0,4273.992,2.50679,,,,,,
1780436591.176,4755653.0,4273.928,2.50679,,,,,,
1780436591.238,4755678.0,4273.845,2.506914,,,,,,
1780436591.239,4755703.0,4273.747,2.506914,,,,,,
1780436591.287,4755728.0,4273.761,2.506914,,,,,,
1780436591.287,4755753.0,4273.85,2.506914,,,,,,
1780436591.303,4755778.0,4273.808,2.50679,,,,,,
1780436591.325,4755803.0,4273.774,2.506665,,,,,,
1780436591.348,4755828.0,4273.738,2.50679,,,,,,
1780436591.372,4755853.0,4273.8,2.50679,,,,,,
1780436591.396,4755878.0,4273.897,2.50679,,,,,,
1780436591.421,4755903.0,4273.872,2.50679,,,,,,
1780436591.456,4755928.0,4273.872,2.50679,,,,,,
1780436591.479,4755953.0,4273.945,2.50679,,,,,,
1780436591.504,4755978.0,4274.014,2.50679,,,,,,
1780436591.527,4756003.0,4274.023,2.506914,,,,,,
1780436591.550,4756028.0,4273.945,2.50679,,,,,,
1780436591.572,4756053.0,4273.809,2.506665,,,,,,
1780436591.597,4756078.0,4273.873,2.506665,,,,,,
1780436591.621,4756103.0,4273.917,2.506665,,,,,,
1780436591.646,4756128.0,4273.859,2.506665,,,,,,
1780436591.680,4756153.0,4273.786,2.506665,,,,,,
1780436591.697,4756178.0,4273.826,2.506541,,,,,status,l_h=11.800000 c_f=220.000000 q=25.000000
1780436591.807,4756203.0,4273.864,2.506541,,,,,,
1780436591.808,4756228.0,4273.94,2.506417,,,,,,
1780436591.809,4756253.0,4273.917,2.506292,,,,,,
1780436591.811,4756278.0,4273.884,2.506417,,,,,,
1780436591.906,4756303.0,4273.87,2.506292,,,,,,
1780436591.908,4756328.0,4274.032,2.506168,,,,,,
1780436591.909,4756353.0,4274.084,2.506167,,,,,,
1780436591.910,4756378.0,4273.948,2.506167,,,,,,
1780436591.989,4756403.0,4273.956,2.506167,,,,,,
1780436591.991,4756428.0,4274.093,2.506292,,,,,,
1780436591.992,4756453.0,4274.154,2.506167,,,,,,
1780436591.993,4756478.0,4274.257,2.506167,,,,,,
1780436592.074,4756503.0,4274.16,2.506043,,,,,,
1780436592.075,4756528.0,4274.188,2.506043,,,,,,
1780436592.076,4756553.0,4274.138,2.506043,,,,,,
1780436592.190,4756578.0,4274.113,2.506043,,,,,,
1780436592.191,4756603.0,4274.102,2.505919,,,,,,
1780436592.192,4756628.0,4274.083,2.505794,,,,,,
1780436592.193,4756653.0,4274.018,2.505794,,,,,,
1780436592.194,4756678.0,4274.146,2.505919,,,,,,
1780436592.306,4756703.0,4274.155,2.505794,,,,,,
1780436592.307,4756728.0,4274.01,2.505794,,,,,,
1780436592.308,4756753.0,4274.096,2.505919,,,,,,
1780436592.310,4756778.0,4274.084,2.506043,,,,,,
1780436592.410,4756803.0,4274.053,2.506043,,,,,,
1780436592.411,4756828.0,4274.031,2.505919,,,,,,
1780436592.413,4756853.0,4273.831,2.505919,,,,,,
1780436592.414,4756878.0,4273.814,2.506043,,,,,,
1780436592.487,4756903.0,4273.993,2.506043,,,,,,
1780436592.489,4756928.0,4274.051,2.506043,,,,,,
1780436592.490,4756953.0,4273.956,2.506043,,,,,,
1780436592.591,4756978.0,4273.929,2.506043,,,,,,
1780436592.592,4757003.0,4274.001,2.505919,,,,,,
1780436592.594,4757028.0,4273.977,2.506043,,,,,,
1780436592.595,4757053.0,4273.809,2.506043,,,,,,
1780436592.596,4757078.0,4273.684,2.506167,,,,,,
1780436592.675,4757103.0,4273.527,2.506043,,,,,,
1780436592.677,4757128.0,4273.598,2.506043,,,,,,
1780436592.679,4757153.0,4273.572,2.505919,,,,,,
1780436592.776,4757178.0,4273.653,2.505919,,,,,,
1780436592.778,4757203.0,4273.578,2.505919,,,,,,
1780436592.779,4757228.0,4273.513,2.506043,,,,,,
1780436592.780,4757253.0,4273.463,2.506167,,,,,,
