timestamp_computer,timestamp,sensor1,sensor2,mag,width,crack_x,crack_size,serial out,response
1780435653.124,3817525.0,3396.223,2.648216,,,,,status,l_h=11.800000 c_f=220.000000 q=25.000000
1780435653.126,3817550.0,3396.261,2.648344,,,,,,
1780435653.128,3817575.0,3396.243,2.648472,,,,,,
1780435653.208,3817600.0,3396.235,2.648472,,,,,,
1780435653.209,3817625.0,3396.289,2.648472,,,,,,
1780435653.210,3817650.0,3396.215,2.648472,,,,,,
1780435653.211,3817675.0,3396.264,2.648472,,,,,,
1780435653.274,3817700.0,3396.171,2.6486,,,,,,
1780435653.276,3817725.0,3396.201,2.6486,,,,,,
1780435653.339,3817750.0,3396.185,2.648728,,,,,,
1780435653.340,3817775.0,3396.256,2.6486,,,,,,
1780435653.340,3817800.0,3396.177,2.648472,,,,,,
1780435653.390,3817825.0,3396.233,2.648472,,,,,,
1780435653.390,3817850.0,3396.212,2.648472,,,,,,
1780435653.475,3817875.0,3396.235,2.648344,,,,,,
1780435653.477,3817900.0,3396.188,2.648472,,,,,,
1780435653.478,3817925.0,3396.221,2.648472,,,,,,
1780435653.560,3817950.0,3396.265,2.6486,,,,,,
1780435653.562,3817975.0,3396.193,2.6486,,,,,,
1780435653.563,3818000.0,3396.212,2.6486,,,,,,
1780435653.564,3818025.0,3396.159,2.6486,,,,,,
1780435653.657,3818050.0,3396.181,2.648728,,,,,,
1780435653.658,3818075.0,3396.117,2.648728,,,,,,
1780435653.658,3818100.0,3396.112,2.6486,,,,,,
1780435653.659,3818125.0,3396.113,2.6486,,,,,,
1780435653.743,3818150.0,3396.182,2.648472,,,,,,
1780435653.745,3818175.0,3396.12,2.648472,,,,,,
1780435653.746,3818200.0,3396.161,2.648472,,,,,,
1780435653.825,3818225.0,3396.249,2.648472,,,,,,
1780435653.827,3818250.0,3396.188,2.648344,,,,,,
1780435653.828,3818275.0,3396.23,2.648344,,,,,,
1780435653.925,3818300.0,3396.175,2.648472,,,,,,
1780435653.927,3818325.0,3396.24,2.648472,,,,,,
1780435653.928,3818350.0,3396.205,2.648472,,,,,,
1780435653.929,3818375.0,3396.226,2.648344,,,,,,
1780435654.025,3818400.0,3396.17,2.648344,,,,,,
1780435654.027,3818425.0,3396.248,2.648472,,,,,,
1780435654.028,3818450.0,3396.218,2.648472,,,,,,
1780435654.029,3818475.0,3396.242,2.648472,,,,,,
1780435654.124,3818500.0,3396.218,2.6486,,,,,,
1780435654.126,3818525.0,3396.263,2.648472,,,,,,
1780435654.127,3818550.0,3396.353,2.648472,,,,,,
1780435654.128,3818575.0,3396.279,2.648472,,,,,,
1780435654.210,3818600.0,3396.339,2.648344,,,,,,
1780435654.211,3818625.0,3396.304,2.648216,,,,,,
1780435654.213,3818650.0,3396.358,2.648216,,,,,,
1780435654.214,3818675.0,3396.309,2.648216,,,,,,
1780435654.293,3818700.0,3396.367,2.648344,,,,,,
1780435654.294,3818725.0,3396.346,2.648472,,,,,,
1780435654.296,3818750.0,3396.328,2.648472,,,,,,
1780435654.379,3818775.0,3396.3,2.648472,,,,,,
1780435654.381,3818800.0,3396.353,2.648472,,,,,,
1780435654.382,3818825.0,3396.289,2.648472,,,,,,
1780435654.383,3818850.0,3396.256,2.6486,,,,,,
1780435654.441,3818875.0,3396.295,2.6486,,,,,,
1780435654.442,3818900.0,3396.24,2.6486,,,,,,
1780435654.509,3818925.0,3396.303,2.648472,,,,,,
1780435654.510,3818950.0,3396.229,2.648472,,,,,,
1780435654.511,3818975.0,3396.254,2.6486,,,,,,
1780435654.594,3819000.0,3396.214,2.6486,,,,,,
1780435654.595,3819025.0,3396.202,2.6486,,,,,,
1780435654.595,3819050.0,3396.129,2.648472,,,,,,
1780435654.656,3819075.0,3396.166,2.6486,,,,,,
1780435654.656,3819100.0,3396.133,2.6486,,,,,,
1780435654.657,3819125.0,3396.163,2.648472,,,,,,
1780435654.725,3819150.0,3396.12,2.648472,,,,,,
1780435654.726,3819175.0,3396.029,2.648344,,,,,,
1780435654.733,3819200.0,3396.089,2.648344,,,,,,
1780435654.768,3819225.0,3396.029,2.648472,,,,,,
1780435654.791,3819250.0,3396.066,2.6486,,,,,,
1780435654.817,3819275.0,3396.02,2.6486,,,,,,
1780435654.841,3819300.0,3396.073,2.6486,,,,,,
1780435654.865,3819325.0,3396.032,2.648472,,,,,,
1780435654.888,3819350.0,3396.062,2.648472,,,,,,
1780435654.912,3819375.0,3396.041,2.648344,,,,,,
1780435654.935,3819400.0,3396.045,2.648472,,,,,,
1780435654.959,3819425.0,3396.064,2.648472,,,,,,
1780435654.983,3819450.0,3396.1,2.648472,,,,,,
1780435655.017,3819475.0,3395.971,2.648344,,,,,,
1780435655.040,3819500.0,3395.909,2.648472,,,,,,
1780435655.064,3819525.0,3395.987,2.648344,,,,,,
1780435655.089,3819550.0,3395.923,2.648344,,,,,,
1780435655.113,3819575.0,3396.013,2.648344,,,,,,
1780435655.227,3819600.0,3395.983,2.648216,,,,,status,l_h=11.800000 c_f=220.000000 q=25.000000
1780435655.229,3819625.0,3396.056,2.648344,,,,,,
1780435655.231,3819650.0,3396.091,2.648472,,,,,,
1780435655.232,3819675.0,3396.14,2.648472,,,,,,
1780435655.233,3819700.0,3396.101,2.648472,,,,,,
1780435655.325,3819725.0,3396.131,2.648472,,,,,,
1780435655.326,3819750.0,3396.097,2.6486,,,,,,
1780435655.328,3819775.0,3396.134,2.6486,,,,,,
1780435655.424,3819800.0,3396.14,2.6486,,,,,,
1780435655.425,3819825.0,3396.105,2.6486,,,,,,
1780435655.427,3819850.0,3396.156,2.648472,,,,,,
1780435655.428,3819875.0,3396.124,2.648344,,,,,,
1780435655.507,3819900.0,3396.175,2.648344,,,,,,
1780435655.509,3819925.0,3396.142,2.648344,,,,,,
1780435655.510,3819950.0,3396.191,2.648344,,,,,,
1780435655.511,3819975.0,3396.14,2.648216,,,,,,
1780435655.576,3820000.0,3396.214,2.648344,,,,,,
1780435655.577,3820025.0,3396.191,2.648216,,,,,,
1780435655.640,3820050.0,3396.147,2.648216,,,,,,
1780435655.641,3820075.0,3396.128,2.648216,,,,,,
1780435655.642,3820100.0,3396.237,2.648344,,,,,,
1780435655.708,3820125.0,3396.219,2.648216,,,,,,
1780435655.708,3820150.0,3396.147,2.648344,,,,,,
1780435655.709,3820175.0,3396.209,2.648344,,,,,,
1780435655.774,3820200.0,3396.147,2.648216,,,,,,
1780435655.776,3820225.0,3396.219,2.648216,,,,,,
1780435655.860,3820250.0,3396.134,2.648216,,,,,,
1780435655.862,3820275.0,3396.122,2.648216,,,,,,
1780435655.863,3820300.0,3396.087,2.648344,,,,,,
1780435655.864,3820325.0,3396.14,2.648216,,,,,,
1780435655.957,3820350.0,3396.094,2.648088,,,,,,
1780435655.959,3820375.0,3396.089,2.648088,,,,,,
1780435655.960,3820400.0,3396.013,2.648088,,,,,,
1780435655.961,3820425.0,3396.036,2.648088,,,,,,
1780435656.021,3820450.0,3396.023,2.648088,,,,,,
1780435656.022,3820475.0,3395.991,2.648088,,,,,,
1780435656.072,3820500.0,3396.017,2.648088,,,,,,
1780435656.073,3820525.0,3395.964,2.648088,,,,,,
1780435656.131,3820550.0,3395.999,2.648088,,,,,,
1780435656.132,3820575.0,3395.985,2.648088,,,,,,
1780435656.132,3820600.0,3396.041,2.648088,,,,,,
1780435656.206,3820625.0,3395.934,2.64796,,,,,,
1780435656.206,3820650.0,3395.988,2.64796,,,,,,
1780435656.207,3820675.0,3395.955,2.647833,,,,,,
1780435656.259,3820700.0,3395.981,2.647833,,,,,,
1780435656.260,3820725.0,3395.941,2.647833,,,,,,
1780435656.321,3820750.0,3395.963,2.647833,,,,,,
1780435656.322,3820775.0,3395.978,2.647705,,,,,,
1780435656.384,3820800.0,3395.922,2.647833,,,,,,
1780435656.385,3820825.0,3395.972,2.64796,,,,,,
1780435656.386,3820850.0,3395.904,2.64796,,,,,,
1780435656.456,3820875.0,3395.978,2.647833,,,,,,
1780435656.457,3820900.0,3395.985,2.647833,,,,,,
1780435656.458,3820925.0,3396.031,2.647833,,,,,,
1780435656.528,3820950.0,3396.006,2.647833,,,,,,
1780435656.529,3820975.0,3396.039,2.64796,,,,,,
1780435656.531,3821000.0,3396.018,2.64796,,,,,,
1780435656.590,3821025.0,3396.073,2.648088,,,,,,
1780435656.591,3821050.0,3396.059,2.648088,,,,,,
1780435656.677,3821075.0,3396.082,2.648088,,,,,,
1780435656.678,3821100.0,3396.024,2.648216,,,,,,
1780435656.679,3821125.0,3395.968,2.648216,,,,,,
1780435656.681,3821150.0,3396.038,2.648088,,,,,,
1780435656.762,3821175.0,3396.022,2.64796,,,,,,
1780435656.763,3821200.0,3396.036,2.64796,,,,,,
1780435656.764,3821225.0,3395.987,2.648088,,,,,,
1780435656.839,3821250.0,3396.087,2.648088,,,,,,
1780435656.839,3821275.0,3396.047,2.648088,,,,,,
1780435656.840,3821300.0,3396.121,2.648088,,,,,,
1780435656.892,3821325.0,3396.071,2.64796,,,,,,
1780435656.893,3821350.0,3396.08,2.64796,,,,,,
1780435656.975,3821375.0,3396.096,2.64796,,,,,,
1780435656.976,3821400.0,3396.089,2.648088,,,,,,
1780435656.977,3821425.0,3396.082,2.64796,,,,,,
1780435657.074,3821450.0,3396.04,2.647833,,,,,,
1780435657.076,3821475.0,3396.1,2.64796,,,,,,
1780435657.077,3821500.0,3396.056,2.64796,,,,,,
1780435657.078,3821525.0,3396.094,2.64796,,,,,,
1780435657.175,3821550.0,3396.071,2.64796,,,,,,
1780435657.176,3821575.0,3396.117,2.648088,,,,,,
1780435657.177,3821600.0,3396.082,2.64796,,,,,,
1780435657.178,3821625.0,3396.114,2.647833,,,,,,
1780435657.276,3821650.0,3396.075,2.647833,,,,,,
1780435657.277,3821675.0,3396.099,2.647833,,,,,,
1780435657.278,3821700.0,3396.054,2.647705,,,,,,
1780435657.278,3821725.0,3396.108,2.647577,,,,,,
1780435657.374,3821750.0,3396.131,2.647577,,,,,,
1780435657.376,3821775.0,3396.093,2.647577,,,,,,
1780435657.377,3821800.0,3396.153,2.647705,,,,,,
1780435657.378,3821825.0,3396.1,2.647705,,,,,,
1780435657.476,3821850.0,3396.142,2.647705,,,,,,
1780435657.478,3821875.0,3396.087,2.647705,,,,,,
1780435657.479,3821900.0,3396.135,2.647833,,,,,,
1780435657.480,3821925.0,3396.073,2.647833,,,,,,
1780435657.481,3821950.0,3396.161,2.647833,,,,,,
1780435657.574,3821975.0,3396.168,2.647705,,,,,,
1780435657.576,3822000.0,3396.129,2.647705,,,,,,
1780435657.577,3822025.0,3396.143,2.647577,,,,,,
1780435657.655,3822050.0,3396.168,2.647705,,,,,,
1780435657.656,3822075.0,3396.233,2.647705,,,,,,
1780435657.657,3822100.0,3396.168,2.647577,,,,,,
1780435657.657,3822125.0,3396.214,2.647577,,,,,,
1780435657.726,3822150.0,3396.18,2.647577,,,,,,
1780435657.727,3822175.0,3396.251,2.647577,,,,,,
1780435657.824,3822200.0,3396.212,2.647449,,,,,,
1780435657.826,3822225.0,3396.27,2.647449,,,,,,
1780435657.827,3822250.0,3396.272,2.647449,,,,,,
1780435657.828,3822275.0,3396.3,2.647321,,,,,,
1780435657.924,3822300.0,3396.279,2.647449,,,,,,
1780435657.925,3822325.0,3396.304,2.647577,,,,,,
1780435657.926,3822350.0,3396.272,2.647705,,,,,,
1780435657.927,3822375.0,3396.267,2.647705,,,,,,
1780435658.023,3822400.0,3396.309,2.647705,,,,,,
1780435658.024,3822425.0,3396.245,2.647705,,,,,,
1780435658.024,3822450.0,3396.297,2.647833,,,,,,
1780435658.025,3822475.0,3396.268,2.647833,,,,,,
1780435658.080,3822500.0,3396.314,2.64796,,,,,,
1780435658.081,3822525.0,3396.277,2.64796,,,,,,
1780435658.082,3822550.0,3396.337,2.648088,,,,,,
1780435658.155,3822575.0,3396.249,2.648216,,,,,,
1780435658.155,3822600.0,3396.275,2.648216,,,,,,
1780435658.156,3822625.0,3396.293,2.648344,,,,,,
1780435658.223,3822650.0,3396.303,2.648472,,,,,,
1780435658.223,3822675.0,3396.263,2.648472,,,,,,
1780435658.288,3822700.0,3396.196,2.6486,,,,,,
1780435658.289,3822725.0,3396.254,2.6486,,,,,,
1780435658.290,3822750.0,3396.228,2.648728,,,,,,
1780435658.356,3822775.0,3396.258,2.6486,,,,,,
1780435658.357,3822800.0,3396.182,2.6486,,,,,,
1780435658.358,3822825.0,3396.184,2.648728,,,,,,
1780435658.441,3822850.0,3396.131,2.648856,,,,,,
1780435658.444,3822875.0,3396.14,2.648983,,,,,,
1780435658.445,3822900.0,3396.142,2.648983,,,,,,
1780435658.559,3822925.0,3396.164,2.648856,,,,,,
1780435658.561,3822950.0,3396.159,2.648856,,,,,,
1780435658.562,3822975.0,3396.2,2.648856,,,,,,
1780435658.563,3823000.0,3396.164,2.648983,,,,,,
1780435658.564,3823025.0,3396.06,2.649111,,,,,,
1780435658.651,3823050.0,3396.122,2.648983,,,,,,
1780435658.652,3823075.0,3396.069,2.648983,,,,,,
1780435658.653,3823100.0,3396.106,2.648856,,,,,,
1780435658.727,3823125.0,3396.064,2.648728,,,,,,
1780435658.729,3823150.0,3396.087,2.648728,,,,,,
1780435658.730,3823175.0,3396.045,2.648728,,,,,,
1780435658.731,3823200.0,3396.131,2.6486,,,,,,
1780435658.825,3823225.0,3396.067,2.648728,,,,,,
1780435658.827,3823250.0,3396.103,2.6486,,,,,,
1780435658.828,3823275.0,3396.101,2.6486,,,,,,
1780435658.906,3823300.0,3396.125,2.648472,,,,,,
1780435658.907,3823325.0,3396.106,2.648344,,,,,,
1780435658.908,3823350.0,3396.064,2.648344,,,,,,
1780435658.910,3823375.0,3396.025,2.648216,,,,,,
1780435658.991,3823400.0,3395.967,2.648216,,,,,,
1780435658.993,3823425.0,3396.032,2.648216,,,,,,
1780435658.994,3823450.0,3396.002,2.648088,,,,,,
1780435659.090,3823475.0,3396.069,2.64796,,,,,,
1780435659.091,3823500.0,3396.034,2.647833,,,,,,
1780435659.092,3823525.0,3396.054,2.647833,,,,,,
1780435659.093,3823550.0,3396.04,2.647833,,,,,,
1780435659.180,3823575.0,3396.067,2.647833,,,,,,
1780435659.182,3823600.0,3396.032,2.647833,,,,,,
1780435659.183,3823625.0,3396.117,2.647833,,,,,,
1780435659.185,3823650.0,3396.14,2.647705,,,,,,
1780435659.292,3823675.0,3396.085,2.647705,,,,,,
1780435659.293,3823700.0,3396.087,2.647577,,,,,,
1780435659.294,3823725.0,3396.035,2.647577,,,,,,
1780435659.295,3823750.0,3396.082,2.647705,,,,,,
1780435659.393,3823775.0,3396.043,2.647705,,,,,,
1780435659.394,3823800.0,3396.096,2.647705,,,,,,
1780435659.396,3823825.0,3396.041,2.647833,,,,,,
1780435659.397,3823850.0,3396.154,2.647705,,,,,,
1780435659.475,3823875.0,3396.133,2.647705,,,,,,
1780435659.476,3823900.0,3396.148,2.647705,,,,,,
1780435659.477,3823925.0,3396.145,2.647833,,,,,,
1780435659.540,3823950.0,3396.182,2.64796,,,,,,
1780435659.541,3823975.0,3396.182,2.64796,,,,,,
1780435659.541,3824000.0,3396.226,2.648088,,,,,,
1780435659.603,3824025.0,3396.222,2.648216,,,,,,
1780435659.604,3824050.0,3396.14,2.648088,,,,,,
1780435659.725,3824075.0,3396.212,2.648216,,,,,,
1780435659.727,3824100.0,3396.157,2.648216,,,,,,
1780435659.729,3824125.0,3396.218,2.648216,,,,,,
1780435659.730,3824150.0,3396.226,2.648344,,,,,,
1780435659.731,3824175.0,3396.258,2.648344,,,,,,
1780435659.734,3824200.0,3396.202,2.648216,,,,,,
1780435659.811,3824225.0,3396.245,2.648088,,,,,,
1780435659.812,3824250.0,3396.212,2.64796,,,,,,
1780435659.813,3824275.0,3396.238,2.64796,,,,,,
1780435659.891,3824300.0,3396.24,2.648088,,,,,,
1780435659.892,3824325.0,3396.266,2.648216,,,,,,
1780435659.893,3824350.0,3396.243,2.648344,,,,,,
1780435659.975,3824375.0,3396.221,2.648216,,,,,,
1780435659.976,3824400.0,3396.3,2.648088,,,,,,
1780435659.977,3824425.0,3396.275,2.648088,,,,,,
1780435660.055,3824450.0,3396.339,2.648088,,,,,,
1780435660.056,3824475.0,3396.225,2.648216,,,,,,
1780435660.057,3824500.0,3396.225,2.648216,,,,,,
1780435660.057,3824525.0,3396.212,2.648088,,,,,,
1780435660.122,3824550.0,3396.298,2.648088,,,,,,
1780435660.123,3824575.0,3396.265,2.648088,,,,,,
1780435660.174,3824600.0,3396.303,2.648216,,,,,,
1780435660.175,3824625.0,3396.252,2.648088,,,,,,
1780435660.258,3824650.0,3396.318,2.64796,,,,,,
1780435660.260,3824675.0,3396.344,2.64796,,,,,,
1780435660.261,3824700.0,3396.289,2.64796,,,,,,
1780435660.262,3824725.0,3396.264,2.648088,,,,,,
1780435660.359,3824750.0,3396.226,2.648216,,,,,,
1780435660.360,3824775.0,3396.269,2.648216,,,,,,
1780435660.361,3824800.0,3396.259,2.648344,,,,,,
1780435660.362,3824825.0,3396.349,2.648344,,,,,,
1780435660.422,3824850.0,3396.301,2.648344,,,,,,
1780435660.423,3824875.0,3396.312,2.648344,,,,,,
1780435660.474,3824900.0,3396.313,2.648472,,,,,,
1780435660.475,3824925.0,3396.344,2.648344,,,,,,
1780435660.544,3824950.0,3396.312,2.648216,,,,,,
1780435660.545,3824975.0,3396.379,2.648088,,,,,,
1780435660.546,3825000.0,3396.333,2.648216,,,,,,
1780435660.628,3825025.0,3396.309,2.648216,,,,,,
1780435660.629,3825050.0,3396.273,2.648088,,,,,,
1780435660.630,3825075.0,3396.212,2.648088,,,,,,
1780435660.631,3825100.0,3396.247,2.648088,,,,,,
1780435660.712,3825125.0,3396.219,2.648216,,,,,,
1780435660.713,3825150.0,3396.256,2.648344,,,,,,
1780435660.714,3825175.0,3396.177,2.648344,,,,,,
1780435660.811,3825200.0,3396.24,2.648344,,,,,,
1780435660.812,3825225.0,3396.151,2.648344,,,,,,
1780435660.813,3825250.0,3396.196,2.648472,,,,,,
1780435660.814,3825275.0,3396.155,2.6486,,,,,,
1780435660.889,3825300.0,3396.183,2.6486,,,,,,
1780435660.890,3825325.0,3396.169,2.6486,,,,,,
1780435660.891,3825350.0,3396.219,2.6486,,,,,,
1780435660.954,3825375.0,3396.185,2.6486,,,,,,
1780435660.955,3825400.0,3396.129,2.648472,,,,,,
1780435660.956,3825425.0,3396.059,2.648344,,,,,,
1780435661.006,3825450.0,3396.011,2.648344,,,,,,
1780435661.007,3825475.0,3396.077,2.648472,,,,,,
1780435661.056,3825500.0,3396.034,2.648472,,,,,,
1780435661.057,3825525.0,3396.054,2.648344,,,,,,
1780435661.142,3825550.0,3395.996,2.648472,,,,,,
1780435661.143,3825575.0,3396.048,2.648472,,,,,,
1780435661.144,3825600.0,3396.012,2.6486,,,,,,
1780435661.191,3825625.0,3396.084,2.6486,,,,,,
1780435661.191,3825650.0,3396.024,2.648728,,,,,,
1780435661.258,3825675.0,3396.063,2.648856,,,,,,
1780435661.259,3825700.0,3396.078,2.648856,,,,,,
1780435661.261,3825725.0,3396.091,2.648856,,,,,,
1780435661.359,3825750.0,3396.063,2.648728,,,,,,
1780435661.361,3825775.0,3396.025,2.6486,,,,,,
1780435661.362,3825800.0,3395.999,2.6486,,,,,,
1780435661.363,3825825.0,3395.968,2.648472,,,,,,
1780435661.443,3825850.0,3396.056,2.648472,,,,,,
1780435661.445,3825875.0,3396.026,2.648472,,,,,,
1780435661.446,3825900.0,3396.075,2.648344,,,,,,
1780435661.524,3825925.0,3396.054,2.648344,,,,,,
1780435661.526,3825950.0,3396.094,2.648216,,,,,,
1780435661.527,3825975.0,3396.01,2.648088,,,,,,
1780435661.604,3826000.0,3396.045,2.648088,,,,,,
1780435661.606,3826025.0,3396.011,2.648088,,,,,,
1780435661.608,3826050.0,3396.085,2.648088,,,,,,
1780435661.609,3826075.0,3396.031,2.648216,,,,,,
1780435661.671,3826100.0,3395.99,2.648216,,,,,,
1780435661.671,3826125.0,3395.993,2.648216,,,,,,
1780435661.723,3826150.0,3395.992,2.648344,,,,,,
1780435661.724,3826175.0,3395.974,2.648216,,,,,,
1780435661.794,3826200.0,3395.893,2.648216,,,,,,
1780435661.796,3826225.0,3395.923,2.648088,,,,,,
1780435661.796,3826250.0,3395.876,2.648088,,,,,,
1780435661.857,3826275.0,3395.934,2.648088,,,,,,
1780435661.858,3826300.0,3395.905,2.64796,,,,,,
1780435661.859,3826325.0,3395.911,2.64796,,,,,,
1780435661.920,3826350.0,3395.904,2.647833,,,,,,
1780435661.921,3826375.0,3396.013,2.64796,,,,,,
1780435661.992,3826400.0,3395.978,2.648088,,,,,,
1780435661.993,3826425.0,3396.022,2.64796,,,,,,
1780435661.994,3826450.0,3395.997,2.64796,,,,,,
1780435662.093,3826475.0,3395.944,2.647833,,,,,,
1780435662.094,3826500.0,3395.915,2.647833,,,,,,
1780435662.096,3826525.0,3395.851,2.64796,,,,,,
1780435662.097,3826550.0,3395.83,2.648088,,,,,,
1780435662.193,3826575.0,3395.788,2.648088,,,,,,
1780435662.195,3826600.0,3395.895,2.648216,,,,,,
1780435662.196,3826625.0,3395.834,2.648088,,,,,,
1780435662.197,3826650.0,3395.881,2.648216,,,,,,
1780435662.275,3826675.0,3395.863,2.648344,,,,,,
1780435662.276,3826700.0,3395.949,2.648216,,,,,,
1780435662.278,3826725.0,3395.932,2.648216,,,,,,
1780435662.340,3826750.0,3395.985,2.648216,,,,,,
1780435662.341,3826775.0,3395.936,2.648088,,,,,,
1780435662.342,3826800.0,3395.989,2.648088,,,,,,
1780435662.425,3826825.0,3396.019,2.648088,,,,,,
1780435662.427,3826850.0,3395.997,2.648216,,,,,,
1780435662.428,3826875.0,3395.971,2.648088,,,,,,
1780435662.505,3826900.0,3395.934,2.648088,,,,,,
1780435662.506,3826925.0,3395.903,2.648088,,,,,,
1780435662.506,3826950.0,3395.888,2.64796,,,,,,
1780435662.507,3826975.0,3395.918,2.64796,,,,,,
1780435662.593,3827000.0,3395.886,2.647833,,,,,,
1780435662.594,3827025.0,3395.946,2.647705,,,,,,
1780435662.596,3827050.0,3395.905,2.647705,,,,,,
1780435662.685,3827075.0,3395.923,2.647833,,,,,,
1780435662.686,3827100.0,3395.913,2.64796,,,,,,
1780435662.688,3827125.0,3396.008,2.647833,,,,,,
1780435662.690,3827150.0,3396.02,2.647833,,,,,,
1780435662.773,3827175.0,3396.071,2.647833,,,,,,
1780435662.774,3827200.0,3396.073,2.647833,,,,,,
1780435662.775,3827225.0,3396.053,2.647705,,,,,,
1780435662.877,3827250.0,3396.083,2.647705,,,,,,
1780435662.879,3827275.0,3396.065,2.647577,,,,,,
1780435662.880,3827300.0,3396.009,2.647577,,,,,,
1780435662.882,3827325.0,3395.944,2.647705,,,,,,
1780435662.883,3827350.0,3396.001,2.647705,,,,,,
1780435662.976,3827375.0,3395.942,2.647705,,,,,,
1780435662.978,3827400.0,3396.011,2.647705,,,,,,
1780435662.980,3827425.0,3395.977,2.647705,,,,,,
1780435662.981,3827450.0,3396.031,2.647833,,,,,,
1780435663.076,3827475.0,3396.024,2.647705,,,,,,
1780435663.078,3827500.0,3396.121,2.647705,,,,,,
1780435663.079,3827525.0,3396.084,2.647577,,,,,,
1780435663.171,3827550.0,3396.146,2.647705,,,,,,
1780435663.171,3827575.0,3396.127,2.647833,,,,,,
1780435663.172,3827600.0,3396.115,2.64796,,,,,,
1780435663.172,3827625.0,3396.071,2.648088,,,,,,
1780435663.223,3827650.0,3396.006,2.648088,,,,,,
1780435663.224,3827675.0,3396.009,2.648216,,,,,,
1780435663.293,3827700.0,3395.978,2.648088,,,,,,
1780435663.293,3827725.0,3396.017,2.648088,,,,,,
1780435663.294,3827750.0,3395.902,2.648216,,,,,,
1780435663.357,3827775.0,3395.941,2.648216,,,,,,
1780435663.357,3827800.0,3395.894,2.648216,,,,,,
1780435663.358,3827825.0,3395.875,2.648344,,,,,,
1780435663.439,3827850.0,3395.812,2.648344,,,,,,
1780435663.440,3827875.0,3395.856,2.648472,,,,,,
1780435663.440,3827900.0,3395.798,2.648472,,,,,,
1780435663.507,3827925.0,3395.877,2.648472,,,,,,
1780435663.508,3827950.0,3395.891,2.648472,,,,,,
1780435663.509,3827975.0,3395.853,2.648344,,,,,,
1780435663.574,3828000.0,3395.835,2.648344,,,,,,
1780435663.575,3828025.0,3395.811,2.648472,,,,,,
1780435663.638,3828050.0,3395.774,2.6486,,,,,,
1780435663.639,3828075.0,3395.726,2.648472,,,,,,
1780435663.640,3828100.0,3395.767,2.6486,,,,,,
1780435663.701,3828125.0,3395.691,2.648728,,,,,,
1780435663.702,3828150.0,3395.789,2.648856,,,,,,
1780435663.765,3828175.0,3395.783,2.648728,,,,,,
1780435663.766,3828200.0,3395.835,2.648728,,,,,,
1780435663.767,3828225.0,3395.806,2.648728,,,,,,
1780435663.827,3828250.0,3395.858,2.648728,,,,,,
1780435663.828,3828275.0,3395.853,2.648856,,,,,,
1780435663.890,3828300.0,3395.89,2.648728,,,,,,
1780435663.891,3828325.0,3395.881,2.648728,,,,,,
1780435663.893,3828350.0,3395.854,2.648728,,,,,,
1780435663.957,3828375.0,3395.879,2.6486,,,,,,
1780435663.958,3828400.0,3395.84,2.6486,,,,,,
1780435663.959,3828425.0,3395.828,2.6486,,,,,,
1780435664.020,3828450.0,3395.835,2.648472,,,,,,
1780435664.021,3828475.0,3395.916,2.648472,,,,,,
1780435664.089,3828500.0,3395.876,2.648472,,,,,,
1780435664.091,3828525.0,3395.976,2.648472,,,,,,
1780435664.092,3828550.0,3395.92,2.648344,,,,,,
1780435664.158,3828575.0,3395.958,2.648216,,,,,,
1780435664.159,3828600.0,3395.916,2.648216,,,,,,
1780435664.160,3828625.0,3395.964,2.648216,,,,,,
1780435664.222,3828650.0,3395.918,2.648216,,,,,,
1780435664.223,3828675.0,3396.005,2.648216,,,,,,
1780435664.271,3828700.0,3395.998,2.648216,,,,,,
1780435664.272,3828725.0,3395.989,2.648216,,,,,,
1780435664.340,3828750.0,3395.98,2.648088,,,,,,
1780435664.341,3828775.0,3395.9,2.64796,,,,,,
1780435664.342,3828800.0,3395.946,2.648088,,,,,,
1780435664.426,3828825.0,3395.918,2.648088,,,,,,
1780435664.427,3828850.0,3395.978,2.648088,,,,,,
1780435664.429,3828875.0,3395.929,2.648088,,,,,,
1780435664.488,3828900.0,3396.002,2.64796,,,,,,
1780435664.488,3828925.0,3395.969,2.64796,,,,,,
1780435664.489,3828950.0,3396.006,2.64796,,,,,,
1780435664.572,3828975.0,3395.983,2.647833,,,,,,
1780435664.573,3829000.0,3396.038,2.64796,,,,,,
1780435664.574,3829025.0,3395.994,2.647833,,,,,,
1780435664.639,3829050.0,3395.996,2.647705,,,,,,
1780435664.640,3829075.0,3396.024,2.647833,,,,,,
1780435664.641,3829100.0,3395.966,2.647833,,,,,,
1780435664.707,3829125.0,3395.939,2.647833,,,,,,
1780435664.709,3829150.0,3395.858,2.647833,,,,,,
1780435664.710,3829175.0,3395.913,2.647833,,,,,,
1780435664.737,3829200.0,3395.828,2.64796,,,,,,
1780435664.760,3829225.0,3395.886,2.64796,,,,,,
1780435664.782,3829250.0,3395.821,2.64796,,,,,,
1780435664.815,3829275.0,3395.881,2.647833,,,,,,
1780435664.837,3829300.0,3395.849,2.647705,,,,,,
1780435664.860,3829325.0,3395.885,2.647833,,,,,,
1780435664.882,3829350.0,3395.77,2.647833,,,,,,
1780435664.915,3829375.0,3395.816,2.647833,,,,,,
1780435664.937,3829400.0,3395.807,2.647833,,,,,,
1780435664.959,3829425.0,3395.742,2.647833,,,,,,
1780435664.981,3829450.0,3395.693,2.647833,,,,,,
1780435665.014,3829475.0,3395.642,2.647705,,,,,,
1780435665.037,3829500.0,3395.631,2.647705,,,,,,
1780435665.059,3829525.0,3395.559,2.647833,,,,,,
1780435665.081,3829550.0,3395.614,2.64796,,,,,,
1780435665.120,3829575.0,3395.568,2.648088,,,,,status,l_h=11.800000 c_f=220.000000 q=25.000000
1780435665.186,3829600.0,3395.641,2.648088,,,,,,
1780435665.187,3829625.0,3395.61,2.64796,,,,,,
1780435665.187,3829650.0,3395.679,2.64796,,,,,,
1780435665.237,3829675.0,3395.681,2.64796,,,,,,
1780435665.238,3829700.0,3395.693,2.64796,,,,,,
1780435665.286,3829725.0,3395.684,2.64796,,,,,,
1780435665.287,3829750.0,3395.763,2.647833,,,,,,
1780435665.338,3829775.0,3395.733,2.64796,,,,,,
1780435665.338,3829800.0,3395.719,2.64796,,,,,,
1780435665.404,3829825.0,3395.781,2.64796,,,,,,
1780435665.404,3829850.0,3395.77,2.64796,,,,,,
1780435665.405,3829875.0,3395.8,2.64796,,,,,,
1780435665.472,3829900.0,3395.731,2.64796,,,,,,
1780435665.473,3829925.0,3395.786,2.648088,,,,,,
1780435665.521,3829950.0,3395.756,2.648088,,,,,,
1780435665.522,3829975.0,3395.911,2.64796,,,,,,
1780435665.586,3830000.0,3395.865,2.64796,,,,,,
1780435665.586,3830025.0,3395.919,2.64796,,,,,,
1780435665.587,3830050.0,3395.911,2.64796,,,,,,
1780435665.648,3830075.0,3395.942,2.64796,,,,,,
1780435665.649,3830100.0,3395.948,2.64796,,,,,,
1780435665.724,3830125.0,3395.986,2.647833,,,,,,
1780435665.725,3830150.0,3395.948,2.647705,,,,,,
1780435665.726,3830175.0,3395.906,2.647705,,,,,,
1780435665.787,3830200.0,3395.942,2.647705,,,,,,
1780435665.787,3830225.0,3395.9,2.647833,,,,,,
1780435665.787,3830250.0,3395.902,2.64796,,,,,,
1780435665.838,3830275.0,3395.862,2.64796,,,,,,
1780435665.838,3830300.0,3395.923,2.648088,,,,,,
1780435665.904,3830325.0,3395.892,2.648088,,,,,,
1780435665.905,3830350.0,3395.932,2.648216,,,,,,
1780435665.906,3830375.0,3395.9,2.648216,,,,,,
1780435665.971,3830400.0,3395.987,2.648216,,,,,,
1780435665.971,3830425.0,3395.968,2.648216,,,,,,
1780435666.020,3830450.0,3395.985,2.648216,,,,,,
1780435666.021,3830475.0,3395.959,2.648216,,,,,,
1780435666.088,3830500.0,3396.027,2.648344,,,,,,
1780435666.088,3830525.0,3396.05,2.648472,,,,,,
1780435666.089,3830550.0,3396.004,2.648344,,,,,,
1780435666.154,3830575.0,3395.976,2.648216,,,,,,
1780435666.155,3830600.0,3395.93,2.648216,,,,,,
1780435666.156,3830625.0,3395.927,2.648344,,,,,,
1780435666.220,3830650.0,3395.88,2.648344,,,,,,
1780435666.221,3830675.0,3395.855,2.648216,,,,,,
1780435666.270,3830700.0,3395.843,2.648088,,,,,,
1780435666.271,3830725.0,3395.867,2.648088,,,,,,
1780435666.332,3830750.0,3395.872,2.648216,,,,,,
1780435666.332,3830775.0,3395.958,2.648344,,,,,,
1780435666.333,3830800.0,3395.904,2.648344,,,,,,
1780435666.396,3830825.0,3395.952,2.648344,,,,,,
1780435666.397,3830850.0,3395.902,2.648216,,,,,,
1780435666.460,3830875.0,3395.925,2.648088,,,,,,
1780435666.460,3830900.0,3395.933,2.648088,,,,,,
1780435666.461,3830925.0,3395.874,2.64796,,,,,,
1780435666.523,3830950.0,3395.867,2.64796,,,,,,
1780435666.524,3830975.0,3395.834,2.647833,,,,,,
1780435666.590,3831000.0,3395.798,2.64796,,,,,,
1780435666.592,3831025.0,3395.742,2.64796,,,,,,
1780435666.593,3831050.0,3395.742,2.64796,,,,,,
1780435666.657,3831075.0,3395.731,2.64796,,,,,,
1780435666.658,3831100.0,3395.784,2.64796,,,,,,
1780435666.660,3831125.0,3395.716,2.64796,,,,,,
1780435666.721,3831150.0,3395.767,2.647833,,,,,,
1780435666.722,3831175.0,3395.719,2.64796,,,,,,
1780435666.773,3831200.0,3395.806,2.648088,,,,,,
1780435666.774,3831225.0,3395.756,2.648088,,,,,,
1780435666.862,3831250.0,3395.79,2.64796,,,,,,
1780435666.863,3831275.0,3395.753,2.64796,,,,,,
1780435666.864,3831300.0,3395.792,2.64796,,,,,,
1780435666.865,3831325.0,3395.771,2.648088,,,,,,
1780435666.937,3831350.0,3395.769,2.648088,,,,,,
1780435666.938,3831375.0,3395.74,2.648088,,,,,,
1780435666.938,3831400.0,3395.745,2.64796,,,,,,
1780435666.990,3831425.0,3395.77,2.647833,,,,,,
1780435666.991,3831450.0,3395.701,2.647833,,,,,,
1780435667.055,3831475.0,3395.802,2.647833,,,,,,
1780435667.055,3831500.0,3395.784,2.64796,,,,,,
1780435667.056,3831525.0,3395.832,2.64796,,,,,,
1780435667.141,3831550.0,3395.817,2.648088,,,,,,
1780435667.142,3831575.0,3395.848,2.648088,,,,,,
1780435667.142,3831600.0,3395.837,2.648088,,,,,,
1780435667.227,3831625.0,3395.894,2.64796,,,,,,
1780435667.228,3831650.0,3395.896,2.647833,,,,,,
1780435667.229,3831675.0,3395.907,2.647833,,,,,,
1780435667.303,3831700.0,3395.865,2.647833,,,,,,
1780435667.303,3831725.0,3395.83,2.647833,,,,,,
1780435667.304,3831750.0,3395.847,2.647833,,,,,,
1780435667.392,3831775.0,3395.821,2.647833,,,,,,
1780435667.394,3831800.0,3395.795,2.647833,,,,,,
1780435667.395,3831825.0,3395.758,2.647833,,,,,,
1780435667.396,3831850.0,3395.764,2.64796,,,,,,
1780435667.474,3831875.0,3395.751,2.64796,,,,,,
1780435667.476,3831900.0,3395.843,2.648088,,,,,,
1780435667.477,3831925.0,3395.813,2.648216,,,,,,
1780435667.557,3831950.0,3395.881,2.648216,,,,,,
1780435667.559,3831975.0,3395.847,2.648216,,,,,,
1780435667.560,3832000.0,3395.877,2.648088,,,,,,
1780435667.561,3832025.0,3395.809,2.648216,,,,,,
1780435667.624,3832050.0,3395.861,2.648344,,,,,,
1780435667.626,3832075.0,3395.874,2.648216,,,,,,
1780435667.712,3832100.0,3395.802,2.648344,,,,,,
1780435667.713,3832125.0,3395.788,2.648216,,,,,,
1780435667.714,3832150.0,3395.742,2.648344,,,,,,
1780435667.715,3832175.0,3395.744,2.648216,,,,,,
1780435667.807,3832200.0,3395.714,2.648088,,,,,,
1780435667.809,3832225.0,3395.71,2.648216,,,,,,
1780435667.810,3832250.0,3395.677,2.648216,,,,,,
1780435667.811,3832275.0,3395.733,2.648344,,,,,,
1780435667.910,3832300.0,3395.751,2.648344,,,,,,
1780435667.911,3832325.0,3395.808,2.648344,,,,,,
1780435667.913,3832350.0,3395.728,2.648472,,,,,,
1780435667.914,3832375.0,3395.76,2.648344,,,,,,
1780435667.988,3832400.0,3395.746,2.648344,,,,,,
1780435667.989,3832425.0,3395.847,2.648216,,,,,,
1780435667.990,3832450.0,3395.825,2.648216,,,,,,
1780435668.041,3832475.0,3395.871,2.648088,,,,,,
1780435668.042,3832500.0,3395.847,2.648088,,,,,,
1780435668.109,3832525.0,3395.813,2.64796,,,,,,
1780435668.111,3832550.0,3395.808,2.647833,,,,,,
1780435668.112,3832575.0,3395.783,2.647833,,,,,,
1780435668.171,3832600.0,3395.778,2.64796,,,,,,
1780435668.171,3832625.0,3395.734,2.64796,,,,,,
1780435668.226,3832650.0,3395.813,2.64796,,,,,,
1780435668.227,3832675.0,3395.784,2.64796,,,,,,
1780435668.289,3832700.0,3395.821,2.64796,,,,,,
1780435668.290,3832725.0,3395.828,2.647833,,,,,,
1780435668.291,3832750.0,3395.862,2.647833,,,,,,
1780435668.358,3832775.0,3395.827,2.647705,,,,,,
1780435668.360,3832800.0,3395.877,2.647705,,,,,,
1780435668.361,3832825.0,3395.829,2.647705,,,,,,
1780435668.421,3832850.0,3395.894,2.647705,,,,,,
1780435668.422,3832875.0,3395.837,2.647705,,,,,,
1780435668.470,3832900.0,3395.806,2.647577,,,,,,
1780435668.471,3832925.0,3395.779,2.647577,,,,,,
1780435668.521,3832950.0,3395.784,2.647577,,,,,,
1780435668.521,3832975.0,3395.828,2.647449,,,,,,
1780435668.595,3833000.0,3395.807,2.647577,,,,,,
1780435668.596,3833025.0,3395.751,2.647705,,,,,,
1780435668.596,3833050.0,3395.698,2.647705,,,,,,
1780435668.672,3833075.0,3395.746,2.647705,,,,,,
1780435668.673,3833100.0,3395.696,2.647705,,,,,,
1780435668.673,3833125.0,3395.742,2.647705,,,,,,
1780435668.722,3833150.0,3395.721,2.647705,,,,,,
1780435668.724,3833175.0,3395.777,2.647833,,,,,,
1780435668.787,3833200.0,3395.716,2.647833,,,,,,
1780435668.787,3833225.0,3395.737,2.647705,,,,,,
1780435668.788,3833250.0,3395.679,2.647705,,,,,,
1780435668.855,3833275.0,3395.64,2.647705,,,,,,
1780435668.856,3833300.0,3395.631,2.647705,,,,,,
1780435668.857,3833325.0,3395.617,2.647833,,,,,,
1780435668.914,3833350.0,3395.591,2.64796,,,,,,
1780435668.915,3833375.0,3395.57,2.648088,,,,,,
1780435668.980,3833400.0,3395.587,2.648088,,,,,,
1780435668.980,3833425.0,3395.559,2.648216,,,,,,
1780435668.981,3833450.0,3395.575,2.648344,,,,,,
1780435669.036,3833475.0,3395.499,2.648216,,,,,,
1780435669.036,3833500.0,3395.605,2.648216,,,,,,
1780435669.102,3833525.0,3395.598,2.648216,,,,,,
1780435669.102,3833550.0,3395.64,2.648216,,,,,,
1780435669.166,3833575.0,3395.58,2.648088,,,,,,
1780435669.167,3833600.0,3395.634,2.648216,,,,,,
1780435669.167,3833625.0,3395.61,2.648088,,,,,,
1780435669.229,3833650.0,3395.672,2.648088,,,,,,
1780435669.229,3833675.0,3395.645,2.648088,,,,,,
1780435669.230,3833700.0,3395.614,2.64796,,,,,,
1780435669.289,3833725.0,3395.585,2.64796,,,,,,
1780435669.290,3833750.0,3395.577,2.64796,,,,,,
1780435669.351,3833775.0,3395.573,2.64796,,,,,,
1780435669.352,3833800.0,3395.532,2.64796,,,,,,
1780435669.419,3833825.0,3395.574,2.647833,,,,,,
1780435669.420,3833850.0,3395.601,2.64796,,,,,,
1780435669.421,3833875.0,3395.721,2.64796,,,,,,
1780435669.485,3833900.0,3395.681,2.647833,,,,,,
1780435669.486,3833925.0,3395.731,2.647833,,,,,,
1780435669.487,3833950.0,3395.682,2.647833,,,,,,
1780435669.549,3833975.0,3395.747,2.647705,,,,,,
1780435669.549,3834000.0,3395.719,2.647705,,,,,,
1780435669.612,3834025.0,3395.749,2.647705,,,,,,
1780435669.612,3834050.0,3395.719,2.647705,,,,,,
1780435669.613,3834075.0,3395.814,2.647705,,,,,,
1780435669.676,3834100.0,3395.808,2.647705,,,,,,
1780435669.677,3834125.0,3395.733,2.647833,,,,,,
1780435669.736,3834150.0,3395.703,2.647833,,,,,,
1780435669.737,3834175.0,3395.649,2.64796,,,,,,
1780435669.737,3834200.0,3395.668,2.64796,,,,,,
1780435669.801,3834225.0,3395.634,2.64796,,,,,,
1780435669.802,3834250.0,3395.616,2.648088,,,,,,
1780435669.864,3834275.0,3395.584,2.64796,,,,,,
1780435669.865,3834300.0,3395.655,2.64796,,,,,,
1780435669.865,3834325.0,3395.633,2.64796,,,,,,
1780435669.937,3834350.0,3395.711,2.64796,,,,,,
1780435669.937,3834375.0,3395.679,2.648088,,,,,,
1780435669.938,3834400.0,3401.991,2.650144,,,,,,
1780435669.987,3834425.0,3408.079,2.652071,,,,,,
1780435669.987,3834450.0,3414.241,2.654127,,,,,,
1780435670.056,3834475.0,3420.329,2.656055,,,,,,
1780435670.058,3834500.0,3427.025,2.658239,,,,,,
1780435670.059,3834525.0,3434.29,2.660683,,,,,,
1780435670.124,3834550.0,3447.086,2.664555,,,,,,
1780435670.125,3834575.0,3460.868,2.668688,,,,,,
1780435670.206,3834600.0,3482.097,2.675178,,,,,,
1780435670.207,3834625.0,3510.154,2.683391,,,,,,
1780435670.208,3834650.0,3541.323,2.692663,,,,,,
1780435670.210,3834675.0,3580.246,2.703816,,,,,,
1780435670.304,3834700.0,3621.643,2.715642,,,,,,
1780435670.304,3834725.0,3669.304,2.728949,,,,,,
1780435670.305,3834750.0,3717.543,2.7424,,,,,,
1780435670.306,3834775.0,3765.97,2.755978,,,,,,
1780435670.375,3834800.0,3816.419,2.769973,,,,,,
1780435670.377,3834825.0,3868.044,2.784367,,,,,,
1780435670.440,3834850.0,3919.763,2.798634,,,,,,
1780435670.441,3834875.0,3971.481,2.812901,,,,,,
1780435670.442,3834900.0,4023.239,2.827432,,,,,,
1780435670.526,3834925.0,4074.896,2.841963,,,,,,
1780435670.528,3834950.0,4126.747,2.856494,,,,,,
1780435670.529,3834975.0,4178.658,2.870888,,,,,,
1780435670.628,3835000.0,4230.547,2.885292,,,,,,
1780435670.630,3835025.0,4276.153,2.897767,,,,,,
1780435670.631,3835050.0,4322.048,2.910242,,,,,,
1780435670.632,3835075.0,4368.064,2.922718,,,,,,
1780435670.633,3835100.0,4412.462,2.934784,,,,,,
1780435670.694,3835125.0,4454.824,2.94645,,,,,,
1780435670.694,3835150.0,4494.767,2.957314,,,,,,
1780435670.753,3835175.0,4526.673,2.966078,,,,,,
1780435670.754,3835200.0,4555.117,2.973906,,,,,,
1780435670.819,3835225.0,4573.702,2.978967,,,,,,
1780435670.820,3835250.0,4580.812,2.980967,,,,,,
1780435670.820,3835275.0,4582.717,2.981501,,,,,,
1780435670.909,3835300.0,4570.864,2.978296,,,,,,
1780435670.910,3835325.0,4553.134,2.97349,,,,,,
1780435670.911,3835350.0,4523.837,2.965883,,,,,,
1780435670.912,3835375.0,4491.74,2.957219,,,,,,
1780435670.973,3835400.0,4458.855,2.948424,,,,,,
1780435670.974,3835425.0,4417.924,2.937392,,,,,,
1780435671.023,3835450.0,4374.335,2.92557,,,,,,
1780435671.025,3835475.0,4328.922,2.913361,,,,,,
1780435671.092,3835500.0,4281.397,2.900377,,,,,,
1780435671.093,3835525.0,4225.42,2.884826,,,,,,
1780435671.094,3835550.0,4169.293,2.869147,,,,,,
1780435671.173,3835575.0,4112.445,2.853342,,,,,,
1780435671.174,3835600.0,4054.789,2.837292,,,,,,
1780435671.175,3835625.0,3996.359,2.820852,,,,,,
1780435671.220,3835650.0,3937.935,2.804412,,,,,,
1780435671.221,3835675.0,3879.489,2.788098,,,,,,
1780435671.282,3835700.0,3820.294,2.771532,,,,,,
1780435671.284,3835725.0,3762.953,2.755501,,,,,,
1780435671.285,3835750.0,3706.511,2.739488,,,,,,
1780435671.358,3835775.0,3652.035,2.724019,,,,,,
1780435671.359,3835800.0,3599.913,2.709091,,,,,,
1780435671.360,3835825.0,3549.949,2.69484,,,,,,
1780435671.404,3835850.0,3502.338,2.681001,,,,,,
1780435671.457,3835875.0,3459.413,2.668497,,,,,,
1780435671.459,3835900.0,3418.587,2.656403,,,,,,
1780435671.460,3835925.0,3383.797,2.646039,,,,,,
1780435671.521,3835950.0,3352.4,2.636727,,,,,,
1780435671.522,3835975.0,3326.375,2.628865,,,,,,
1780435671.585,3836000.0,3302.499,2.621788,,,,,,
1780435671.586,3836025.0,3279.279,2.614842,,,,,,
1780435671.586,3836050.0,3262.017,2.60959,,,,,,
1780435671.648,3836075.0,3246.303,2.604728,,,,,,
1780435671.648,3836100.0,3232.383,2.600381,,,,,,
1780435671.742,3836125.0,3220.723,2.596807,,,,,,
1780435671.743,3836150.0,3217.73,2.595665,,,,,,
1780435671.744,3836175.0,3215.529,2.594903,,,,,,
1780435671.745,3836200.0,3214.255,2.594396,,,,,,
1780435671.822,3836225.0,3214.175,2.594523,,,,,,
1780435671.823,3836250.0,3215.134,2.594903,,,,,,
1780435671.824,3836275.0,3216.358,2.595284,,,,,,
1780435671.886,3836300.0,3217.925,2.595791,,,,,,
1780435671.886,3836325.0,3220.507,2.596552,,,,,,
1780435671.887,3836350.0,3223.882,2.597568,,,,,,
1780435671.938,3836375.0,3228.702,2.599092,,,,,,
1780435671.939,3836400.0,3236.876,2.601767,,,,,,
1780435671.972,3836425.0,3248.801,2.605469,,,,,,
1780435672.027,3836450.0,3264.577,2.610333,,,,,,
1780435672.028,3836475.0,3285.916,2.616883,,,,,,
1780435672.091,3836500.0,3307.673,2.623437,,,,,,
1780435672.091,3836525.0,3336.622,2.632215,,,,,,
1780435672.092,3836550.0,3371.29,2.642579,,,,,,
1780435672.155,3836575.0,3408.528,2.653481,,,,,,
1780435672.155,3836600.0,3450.97,2.665851,,,,,,
1780435672.156,3836625.0,3493.936,2.678355,,,,,,
1780435672.218,3836650.0,3541.984,2.692067,,,,,,
1780435672.219,3836675.0,3593.759,2.706859,,,,,,
1780435672.281,3836700.0,3646.03,2.721913,,,,,,
1780435672.281,3836725.0,3701.333,2.737654,,,,,,
1780435672.282,3836750.0,3756.826,2.753394,,,,,,
1780435672.346,3836775.0,3812.469,2.769271,,,,,,
1780435672.348,3836800.0,3871.023,2.785711,,,,,,
1780435672.392,3836825.0,3929.125,2.802024,,,,,,
1780435672.392,3836850.0,3987.06,2.818084,,,,,,
1780435672.455,3836875.0,4046.035,2.834552,,,,,,
1780435672.457,3836900.0,4104.977,2.851022,,,,,,
1780435672.458,3836925.0,4163.541,2.867237,,,,,,
1780435672.522,3836950.0,4221.686,2.883452,,,,,,
1780435672.523,3836975.0,4278.773,2.899285,,,,,,
1780435672.588,3837000.0,4334.939,2.915,,,,,,
1780435672.588,3837025.0,4387.675,2.929565,,,,,,
1780435672.589,3837050.0,4436.733,2.942966,,,,,,
1780435672.647,3837075.0,4482.022,2.955068,,,,,,
1780435672.648,3837100.0,4519.904,2.965201,,,,,,
1780435672.709,3837125.0,4556.294,2.974932,,,,,,
1780435672.710,3837150.0,4582.475,2.981885,,,,,,
1780435672.711,3837175.0,4602.127,2.986981,,,,,,
1780435672.789,3837200.0,4615.001,2.990331,,,,,,
1780435672.790,3837225.0,4620.489,2.991673,,,,,,
1780435672.791,3837250.0,4622.072,2.992075,,,,,,
1780435672.853,3837275.0,4615.454,2.990465,,,,,,
1780435672.854,3837300.0,4599.69,2.986309,,,,,,
1780435672.941,3837325.0,4581.466,2.981487,,,,,,
1780435672.942,3837350.0,4551.816,2.973478,,,,,,
1780435672.943,3837375.0,4521.355,2.965337,,,,,,
1780435672.944,3837400.0,4488.457,2.956537,,,,,,
1780435673.029,3837425.0,4447.938,2.945746,,,,,,
1780435673.030,3837450.0,4404.802,2.934177,,,,,,
1780435673.031,3837475.0,4360.011,2.922219,,,,,,
1780435673.032,3837500.0,4310.686,2.908689,,,,,,
1780435673.091,3837525.0,4255.914,2.893621,,,,,,
1780435673.092,3837550.0,4198.046,2.877533,,,,,,
1780435673.156,3837575.0,4139.362,2.861191,,,,,,
1780435673.158,3837600.0,4080.411,2.844849,,,,,,
1780435673.158,3837625.0,4020.623,2.828117,,,,,,
1780435673.219,3837650.0,3960.658,2.811257,,,,,,
1780435673.220,3837675.0,3900.57,2.794408,,,,,,
1780435673.275,3837700.0,3839.874,2.777442,,,,,,
1780435673.276,3837725.0,3781.475,2.761012,,,,,,
1780435673.333,3837750.0,3724.279,2.74498,,,,,,
1780435673.334,3837775.0,3669.732,2.729502,,,,,,
1780435673.335,3837800.0,3616.025,2.714295,,,,,,
1780435673.393,3837825.0,3566.251,2.700043,,,,,,
1780435673.396,3837850.0,3518.678,2.686458,,,,,,
1780435673.456,3837875.0,3474.552,2.673679,,,,,,
1780435673.458,3837900.0,3433.464,2.661576,,,,,,
1780435673.459,3837925.0,3397.864,2.65094,,,,,,
1780435673.529,3837950.0,3364.148,2.640835,,,,,,
1780435673.530,3837975.0,3338.755,2.633104,,,,,,
1780435673.532,3838000.0,3313.878,2.625504,,,,,,
1780435673.588,3838025.0,3291.02,2.618427,,,,,,
1780435673.589,3838050.0,3272.257,2.612525,,,,,,
1780435673.645,3838075.0,3256.219,2.607401,,,,,,
1780435673.646,3838100.0,3241.583,2.602666,,,,,,
1780435673.709,3838125.0,3230.374,2.599093,,,,,,
1780435673.710,3838150.0,3224.6,2.597311,,,,,,
1780435673.711,3838175.0,3222.263,2.596677,,,,,,
1780435673.771,3838200.0,3221.057,2.596423,,,,,,
1780435673.771,3838225.0,3220.7,2.596296,,,,,,
1780435673.835,3838250.0,3221.013,2.596423,,,,,,
1780435673.835,3838275.0,3222.608,2.596931,,,,,,
1780435673.836,3838300.0,3224.448,2.597692,,,,,,
1780435673.898,3838325.0,3227.5,2.598707,,,,,,
1780435673.899,3838350.0,3231.194,2.599977,,,,,,
1780435673.963,3838375.0,3238.823,2.602398,,,,,,
1780435673.965,3838400.0,3247.912,2.605202,,,,,,
1780435673.966,3838425.0,3257.258,2.608135,,,,,,
1780435674.026,3838450.0,3274.597,2.613517,,,,,,
1780435674.027,3838475.0,3296.334,2.620206,,,,,,
1780435674.091,3838500.0,3318.96,2.627025,,,,,,
1780435674.092,3838525.0,3351.115,2.636733,,,,,,
1780435674.092,3838550.0,3386.149,2.647236,,,,,,
1780435674.153,3838575.0,3425.494,2.658804,,,,,,
1780435674.155,3838600.0,3468.496,2.671307,,,,,,
1780435674.156,3838625.0,3513.798,2.684482,,,,,,
1780435674.215,3838650.0,3563.131,2.698599,,,,,,
1780435674.216,3838675.0,3613.286,2.71312,,,,,,
1780435674.270,3838700.0,3667.665,2.72859,,,,,,
1780435674.271,3838725.0,3723.844,2.744602,,,,,,
1780435674.336,3838750.0,3780.912,2.760886,,,,,,
1780435674.337,3838775.0,3838.935,2.777054,,,,,,
1780435674.338,3838800.0,3896.743,2.793231,,,,,,
1780435674.424,3838825.0,3956.408,2.809827,,,,,,
1780435674.426,3838850.0,4015.896,2.826296,,,,,,
1780435674.426,3838875.0,4075.787,2.842901,,,,,,
1780435675.048,3839495.0,4097.541,2.849483,,,,,calibrate,
1780435675.106,3839520.0,4119.108,2.855937,,,,,,
1780435675.107,3839545.0,4140.379,2.862392,,,,,,
1780435675.108,3839570.0,4160.572,2.868464,,,,,,
1780435675.170,3839595.0,4176.781,2.87339,,,,,,
1780435675.172,3839620.0,4191.815,2.877929,,,,,,
1780435675.235,3839645.0,4206.484,2.882339,,,,,,
1780435675.236,3839670.0,4213.402,2.884556,,,,,,
1780435675.238,3839695.0,4215.937,2.88521,,,,,,
1780435675.288,3839720.0,4217.571,2.885734,,,,,,
1780435675.289,3839745.0,4209.645,2.883495,,,,,,
1780435675.357,3839770.0,4198.908,2.880461,,,,,,
1780435675.358,3839795.0,4183.849,2.876362,,,,,,
1780435675.358,3839820.0,4165.104,2.871328,,,,,,
1780435675.420,3839845.0,4144.118,2.865623,,,,,,
1780435675.421,3839870.0,4119.102,2.858975,,,,,,
1780435675.479,3839895.0,4093.134,2.851922,,,,,,
1780435675.480,3839920.0,4063.034,2.843923,,,,,,
1780435675.480,3839945.0,4031.049,2.835379,,,,,,
1780435675.543,3839970.0,3998.022,2.826564,,,,,,
1780435675.544,3839995.0,3963.851,2.817612,,,,,,
1780435675.608,3840020.0,3929.53,2.808525,,,,,,
1780435675.609,3840045.0,3892.976,2.798891,,,,,,
1780435675.609,3840070.0,3856.136,2.789388,,,,,,
1780435675.671,3840095.0,3819.05,2.779619,,,,,,
1780435675.672,3840120.0,3818.981,2.77975,,,,,,
1780435675.733,3840145.0,3818.905,2.77975,,,,,,
1780435675.734,3840170.0,3818.925,2.77975,,,,,,
1780435675.734,3840195.0,3818.885,2.779749,,,,,,
1780435675.798,3840220.0,3818.729,2.779619,,,,,,
1780435675.799,3840245.0,3818.72,2.779619,,,,,,
1780435675.851,3840270.0,3818.769,2.779619,,,,,,
1780435675.853,3840295.0,3818.744,2.779488,,,,,,
1780435675.854,3840320.0,3818.802,2.779488,,,,,,
1780435675.910,3840345.0,3818.781,2.779488,,,,,,
1780435675.911,3840370.0,3818.804,2.779488,,,,,,
1780435675.987,3840395.0,3818.82,2.779488,,,,,,
1780435675.989,3840420.0,3818.82,2.779488,,,,,,
1780435675.991,3840445.0,3818.782,2.779488,,,,,,
1780435676.036,3840470.0,3818.778,2.779488,,,,,,
1780435676.036,3840495.0,3818.731,2.779488,,,,,,
1780435676.101,3840520.0,3818.78,2.779488,,,,,,
1780435676.110,3840545.0,3818.702,2.779488,,,,,,
1780435676.110,3840570.0,3818.736,2.779488,,,,,,
1780435676.160,3840595.0,3818.76,2.779488,,,,,,
1780435676.161,3840620.0,3818.744,2.779488,,,,,,
1780435676.237,3840645.0,3818.76,2.779488,,,,,,
1780435676.238,3840670.0,3818.667,2.779487,,,,,,
1780435676.239,3840695.0,3818.533,2.779356,,,,,,
1780435676.303,3840720.0,3818.491,2.779356,,,,,,
1780435676.304,3840745.0,3818.509,2.779225,,,,,,
1780435676.304,3840770.0,3818.522,2.779225,,,,,,
1780435676.367,3840795.0,3818.518,2.779225,,,,,,
1780435676.368,3840820.0,3818.549,2.779225,,,,,,
1780435676.404,3840845.0,3818.602,2.779225,,,,,,
1780435676.405,3840870.0,3818.575,2.779225,,,,,,
1780435676.427,3840895.0,3818.611,2.665541,,,,,,
1780435676.468,3840920.0,3818.595,2.665545,,,,,,
1780435676.480,3840945.0,3818.433,2.665592,,,,,,
1780435676.503,3840970.0,3818.457,2.665585,,,,,,
1780435676.526,3840995.0,3818.509,2.66557,,,,,,
1780435676.559,3841020.0,3818.442,2.66559,,,,,,
1780435676.582,3841045.0,3818.451,2.665587,,,,,,
1780435676.605,3841070.0,3818.471,2.665581,,,,,,
1780435676.628,3841095.0,3818.406,2.6656,,,,,,
1780435676.658,3841120.0,3818.457,2.665585,,,,,,
1780435676.681,3841145.0,3818.54,2.665561,,,,,,
1780435676.703,3841170.0,3818.546,2.66556,,,,,,
1780435676.736,3841195.0,3818.591,2.665678,,,,,,
1780435676.759,3841220.0,3818.529,2.665696,,,,,,
1780435676.782,3841245.0,3818.44,2.665722,,,,,,
1780435676.808,3841270.0,3818.362,2.665744,,,,,rotate on,OK rotated on
1780435676.887,3841295.0,3818.445,2.66572,,,,,,
1780435676.888,3841320.0,3818.476,2.665711,,,,,,
1780435676.890,3841345.0,3818.46,2.665716,,,,,,
1780435676.976,3841370.0,3818.482,2.665709,,,,,,
1780435676.977,3841395.0,3818.491,2.665838,,,,,,
1780435676.978,3841420.0,3818.447,2.665982,,,,,,
1780435676.979,3841445.0,3818.458,2.665978,,,,,,
1780435677.046,3841470.0,3818.389,2.66613,,,,,,
1780435677.048,3841495.0,3818.36,2.666138,,,,,,
1780435677.104,3841520.0,3818.315,2.666151,,,,,,
1780435677.105,3841545.0,3818.393,2.666129,,,,,,
1780435677.106,3841570.0,3818.518,2.666092,,,,,,
1780435677.159,3841595.0,3818.544,2.666085,,,,,,
1780435677.161,3841620.0,3818.498,2.666098,,,,,,
1780435677.222,3841645.0,3818.458,2.66611,,,,,,
1780435677.223,3841670.0,3818.377,2.666133,,,,,,
1780435677.284,3841695.0,3818.411,2.666123,,,,,,
1780435677.286,3841720.0,3818.453,2.666111,,,,,,
1780435677.288,3841745.0,3818.368,2.666136,,,,,,
1780435677.353,3841770.0,3818.328,2.666278,,,,,,
1780435677.354,3841795.0,3818.36,2.666269,,,,,,
1780435677.355,3841820.0,3818.302,2.666286,,,,,,
1780435677.410,3841845.0,3818.344,2.666274,,,,,,
1780435677.411,3841870.0,3818.419,2.666252,,,,,,
1780435677.477,3841895.0,3818.388,2.666261,,,,,,
1780435677.483,3841920.0,3818.417,2.666252,,,,,,
1780435677.483,3841945.0,3818.467,2.666238,,,,,,
1780435677.541,3841970.0,3818.455,2.666241,,,,,,
1780435677.542,3841995.0,3818.322,2.66628,,,,,,
1780435677.603,3842020.0,3818.393,2.666128,,,,,,
1780435677.604,3842045.0,3818.384,2.666,,,,,,
1780435677.605,3842070.0,3818.351,2.666009,,,,,,
1780435677.669,3842095.0,3818.444,2.665851,,,,,,
1780435677.670,3842120.0,3818.433,2.665855,,,,,,
1780435677.741,3842145.0,3818.366,2.666005,,,,,,
1780435677.742,3842170.0,3818.358,2.666007,,,,,,
1780435677.743,3842195.0,3818.298,2.666156,,,,,,
1780435677.787,3842220.0,3818.235,2.666174,,,,,,
1780435677.789,3842245.0,3818.287,2.666159,,,,,,
1780435677.854,3842270.0,3818.313,2.666152,,,,,,
1780435677.855,3842295.0,3818.302,2.666286,,,,,,
1780435677.855,3842320.0,3818.239,2.666304,,,,,,
1780435677.929,3842345.0,3818.208,2.666313,,,,,,
1780435677.934,3842370.0,3818.219,2.66631,,,,,,
1780435677.936,3842395.0,3818.135,2.666203,,,,,,
1780435677.999,3842420.0,3818.188,2.666188,,,,,,
1780435678.000,3842445.0,3818.155,2.666066,,,,,,
1780435678.000,3842470.0,3818.081,2.666088,,,,,,
1780435678.049,3842495.0,3818.086,2.666086,,,,,,
1780435678.110,3842520.0,3818.133,2.666073,,,,,,
1780435678.111,3842545.0,3818.06,2.666094,,,,,,
1780435678.112,3842570.0,3818.093,2.666084,,,,,,
1780435678.162,3842595.0,3818.111,2.666079,,,,,,
1780435678.163,3842620.0,3818.113,2.666079,,,,,,
1780435678.225,3842645.0,3818.042,2.666099,,,,,,
1780435678.226,3842670.0,3818.068,2.666223,,,,,,
1780435678.227,3842695.0,3818.017,2.666368,,,,,,
1780435678.290,3842720.0,3817.917,2.666529,,,,,,
1780435678.291,3842745.0,3817.959,2.666516,,,,,,
1780435678.351,3842770.0,3817.964,2.666384,,,,,,
1780435678.351,3842795.0,3817.877,2.666409,,,,,,
1780435678.352,3842820.0,3817.926,2.666264,,,,,,
1780435678.415,3842845.0,3817.888,2.666406,,,,,,
1780435678.417,3842870.0,3817.866,2.666412,,,,,,
1780435678.488,3842895.0,3817.835,2.666421,,,,,,
1780435678.489,3842920.0,3817.88,2.666277,,,,,,
1780435678.490,3842945.0,3817.913,2.666268,,,,,,
1780435678.553,3842970.0,3817.871,2.66628,,,,,,
1780435678.554,3842995.0,3817.911,2.666268,,,,,,
1780435678.555,3843020.0,3817.944,2.666259,,,,,,
1780435678.601,3843045.0,3817.922,2.666265,,,,,,
1780435678.601,3843070.0,3817.935,2.666261,,,,,,
1780435678.670,3843095.0,3818.017,2.666238,,,,,,
1780435678.671,3843120.0,3817.968,2.666252,,,,,,
1780435678.722,3843145.0,3818.026,2.666235,,,,,,
1780435678.722,3843170.0,3818.042,2.66623,,,,,,
1780435678.785,3843195.0,3817.968,2.666252,,,,,,
1780435678.786,3843220.0,3817.903,2.66627,,,,,,
1780435678.787,3843245.0,3817.928,2.666264,,,,,,
1780435678.852,3843270.0,3817.963,2.666253,,,,,,
1780435678.853,3843295.0,3817.832,2.66616,,,,,,
1780435678.854,3843320.0,3817.886,2.666013,,,,,,
1780435678.910,3843345.0,3817.93,2.665869,,,,,,
1780435678.912,3843370.0,3817.79,2.66591,,,,,,
1780435678.979,3843395.0,3817.895,2.66588,,,,,,
1780435678.980,3843420.0,3817.933,2.665869,,,,,,
1780435678.982,3843445.0,3817.857,2.665891,,,,,,
1780435679.038,3843470.0,3817.934,2.665737,,,,,,
1780435679.040,3843495.0,3817.995,2.66572,,,,,,
1780435679.105,3843520.0,3817.981,2.665724,,,,,,
1780435679.105,3843545.0,3817.975,2.665725,,,,,,
1780435679.106,3843570.0,3818.01,2.665715,,,,,,
1780435679.173,3843595.0,3817.975,2.665725,,,,,,
1780435679.174,3843620.0,3817.861,2.66589,,,,,,
1780435679.175,3843645.0,3817.944,2.665865,,,,,,
1780435679.237,3843670.0,3817.893,2.66588,,,,,,
1780435679.238,3843695.0,3817.855,2.665891,,,,,,
1780435679.286,3843720.0,3817.902,2.665878,,,,,,
1780435679.287,3843745.0,3817.928,2.66587,,,,,,
1780435679.353,3843770.0,3817.839,2.665896,,,,,,
1780435679.354,3843795.0,3817.819,2.665902,,,,,,
1780435679.355,3843820.0,3817.835,2.665897,,,,,,
1780435679.416,3843845.0,3817.83,2.666029,,,,,,
1780435679.418,3843870.0,3817.808,2.666036,,,,,,
1780435679.480,3843895.0,3817.772,2.666046,,,,,,
1780435679.481,3843920.0,3817.864,2.66602,,,,,,
1780435679.482,3843945.0,3817.79,2.666041,,,,,,
1780435679.540,3843970.0,3817.835,2.666028,,,,,,
1780435679.542,3843995.0,3817.922,2.666003,,,,,,
1780435679.607,3844020.0,3817.839,2.666027,,,,,,
1780435679.608,3844045.0,3817.852,2.666023,,,,,,
1780435679.609,3844070.0,3817.864,2.66602,,,,,,
1780435679.674,3844095.0,3817.804,2.666037,,,,,,
1780435679.675,3844120.0,3817.69,2.66607,,,,,,
1780435679.677,3844145.0,3817.732,2.666058,,,,,,
1780435679.739,3844170.0,3817.741,2.666055,,,,,,
1780435679.740,3844195.0,3817.659,2.666079,,,,,,
1780435679.807,3844220.0,3817.734,2.666057,,,,,,
1780435679.808,3844245.0,3817.75,2.665922,,,,,,
1780435679.809,3844270.0,3817.639,2.665954,,,,,,
1780435679.874,3844295.0,3817.705,2.665935,,,,,,
1780435679.875,3844320.0,3817.717,2.665931,,,,,,
1780435679.877,3844345.0,3817.616,2.66596,,,,,,
1780435679.936,3844370.0,3817.557,2.666109,,,,,,
1780435679.937,3844395.0,3817.606,2.666095,,,,,,
1780435679.991,3844420.0,3817.552,2.66611,,,,,,
1780435679.992,3844445.0,3817.459,2.666137,,,,,,
1780435680.053,3844470.0,3817.448,2.666009,,,,,,
1780435680.053,3844495.0,3817.358,2.666035,,,,,,
1780435680.054,3844520.0,3817.303,2.666051,,,,,,
1780435680.116,3844545.0,3818.011,2.665977,,,,,,
1780435680.117,3844570.0,3822.369,2.665895,,,,,,
1780435680.185,3844595.0,3829.26,2.665871,,,,,,
1780435680.186,3844620.0,3838.359,2.665735,,,,,,
1780435680.187,3844645.0,3857.913,2.665366,,,,,,
1780435680.253,3844670.0,3878.389,2.664998,,,,,,
1780435680.253,3844695.0,3905.634,2.664418,,,,,,
1780435680.254,3844720.0,3935.796,2.663805,,,,,,
1780435680.309,3844745.0,3966.83,2.663075,,,,,,
1780435680.310,3844770.0,4001.113,2.66222,,,,,,
1780435680.372,3844795.0,4035.401,2.661361,,,,,,
1780435680.374,3844820.0,4070.017,2.660546,,,,,,
1780435680.429,3844845.0,4105.698,2.659693,,,,,,
1780435680.431,3844870.0,4141.541,2.658658,,,,,,
1780435680.432,3844895.0,4177.783,2.657642,,,,,,
1780435680.498,3844920.0,4214.251,2.656698,,,,,,
1780435680.499,3844945.0,4250.688,2.655764,,,,,,
1780435680.500,3844970.0,4287.241,2.654795,,,,,,
1780435680.561,3844995.0,4323.793,2.653695,,,,,,
1780435680.562,3845020.0,4360.4,2.652711,,,,,,
1780435680.624,3845045.0,4397.115,2.651832,,,,,,
1780435680.625,3845070.0,4433.867,2.650806,,,,,,
1780435680.627,3845095.0,4469.661,2.64992,,,,,,
1780435680.683,3845120.0,4503.119,2.649031,,,,,,
1780435680.684,3845145.0,4535.222,2.648263,,,,,,
1780435680.736,3845170.0,4563.612,2.647762,,,,,,
1780435680.736,3845195.0,4586.59,2.647238,,,,,,
1780435680.810,3845220.0,4603.49,2.646874,,,,,,
1780435680.811,3845245.0,4615.283,2.646655,,,,,,
1780435680.812,3845270.0,4612.845,2.646693,,,,,,
1780435680.874,3845295.0,4605.47,2.646827,,,,,,
1780435680.874,3845320.0,4587.537,2.647341,,,,,,
1780435680.875,3845345.0,4561.102,2.647923,,,,,,
1780435680.936,3845370.0,4530.3,2.648586,,,,,,
1780435680.937,3845395.0,4495.535,2.649451,,,,,,
1780435681.000,3845420.0,4455.218,2.650361,,,,,,
1780435681.001,3845445.0,4412.471,2.65106,,,,,,
1780435681.002,3845470.0,4362.713,2.651842,,,,,,
1780435681.049,3845495.0,4311.271,2.652736,,,,,,
1780435681.116,3845520.0,4258.546,2.653609,,,,,,
1780435681.117,3845545.0,4201.259,2.654264,,,,,,
1780435681.119,3845570.0,4143.675,2.654879,,,,,,
1780435681.180,3845595.0,4085.466,2.655548,,,,,,
1780435681.181,3845620.0,4026.3,2.656112,,,,,,
1780435681.183,3845645.0,3966.709,2.656801,,,,,,
1780435681.243,3845670.0,3906.612,2.657373,,,,,,
1780435681.244,3845695.0,3846.353,2.658128,,,,,,
1780435681.307,3845720.0,3786.993,2.658633,,,,,,
1780435681.308,3845745.0,3730.258,2.659184,,,,,,
1780435681.308,3845770.0,3674.127,2.659579,,,,,,
1780435681.375,3845795.0,3620.905,2.659809,,,,,,
1780435681.376,3845820.0,3569.402,2.659956,,,,,,
1780435681.377,3845845.0,3521.357,2.660035,,,,,,
1780435681.426,3845870.0,3476.223,2.659952,,,,,,
1780435681.427,3845895.0,3434.894,2.659838,,,,,,
1780435681.502,3845920.0,3397.621,2.659741,,,,,,
1780435681.503,3845945.0,3364.162,2.659467,,,,,,
1780435681.504,3845970.0,3336.26,2.65904,,,,,,
1780435681.564,3845995.0,3311.885,2.658767,,,,,,
1780435681.574,3846020.0,3288.199,2.658425,,,,,,
1780435681.628,3846045.0,3270.048,2.658044,,,,,,
1780435681.629,3846070.0,3254.041,2.65782,,,,,,
1780435681.630,3846095.0,3243.917,2.657567,,,,,,
1780435681.695,3846120.0,3235.45,2.657347,,,,,,
1780435681.696,3846145.0,3227.926,2.657236,,,,,,
1780435681.763,3846170.0,3225.056,2.65718,,,,,,
1780435681.764,3846195.0,3222.853,2.657057,,,,,,
1780435681.765,3846220.0,3221.914,2.657075,,,,,,
1780435681.824,3846245.0,3222.514,2.657155,,,,,,
1780435681.826,3846270.0,3223.372,2.65716,,,,,,
1780435681.827,3846295.0,3225.217,2.65726,,,,,,
1780435681.889,3846320.0,3227.31,2.657288,,,,,,
1780435681.890,3846345.0,3229.959,2.657408,,,,,,
1780435681.952,3846370.0,3233.512,2.657394,,,,,,
1780435681.953,3846395.0,3239.908,2.657575,,,,,,
1780435681.953,3846420.0,3251.837,2.657819,,,,,,
1780435682.017,3846445.0,3267.015,2.658281,,,,,,
1780435682.018,3846470.0,3286.901,2.65855,,,,,,
1780435682.069,3846495.0,3309.728,2.659005,,,,,,
1780435682.070,3846520.0,3337.767,2.659392,,,,,,
1780435682.128,3846545.0,3371.979,2.659713,,,,,,
1780435682.130,3846570.0,3408.928,2.659904,,,,,,
1780435682.131,3846595.0,3450.346,2.660127,,,,,,
1780435682.192,3846620.0,3494.688,2.660178,,,,,,
1780435682.193,3846645.0,3542.571,2.660145,,,,,,
1780435682.255,3846670.0,3592.851,2.659956,,,,,,
1780435682.255,3846695.0,3645.205,2.659707,,,,,,
1780435682.256,3846720.0,3699.591,2.659411,,,,,,
1780435682.321,3846745.0,3756.103,2.659042,,,,,,
1780435682.322,3846770.0,3813.753,2.658488,,,,,,
1780435682.384,3846795.0,3871.536,2.658032,,,,,,
1780435682.385,3846820.0,3928.974,2.657676,,,,,,
1780435682.385,3846845.0,3986.494,2.657052,,,,,,
1780435682.448,3846870.0,4045.588,2.65639,,,,,,
1780435682.448,3846895.0,4104.673,2.655731,,,,,,
1780435682.512,3846920.0,4163.26,2.654963,,,,,,
1780435682.513,3846945.0,4221.838,2.654333,,,,,,
1780435682.514,3846970.0,4279.811,2.653615,,,,,,
1780435682.575,3846995.0,4336.778,2.652935,,,,,,
1780435682.576,3847020.0,4391.597,2.652248,,,,,,
1780435682.577,3847045.0,4440.939,2.651345,,,,,,
1780435682.629,3847070.0,4486.694,2.650449,,,,,,
1780435682.630,3847095.0,4526.248,2.649643,,,,,,
1780435682.702,3847120.0,4562.815,2.64879,,,,,,
1780435682.703,3847145.0,4590.241,2.648192,,,,,,
1780435682.703,3847170.0,4610.735,2.647482,,,,,,
1780435682.765,3847195.0,4626.043,2.647069,,,,,,
1780435682.766,3847220.0,4634.125,2.646876,,,,,,
1780435682.837,3847245.0,4637.091,2.646822,,,,,,
1780435682.837,3847270.0,4632.497,2.646945,,,,,,
1780435682.838,3847295.0,4622.796,2.647339,,,,,,
1780435682.883,3847320.0,4607.487,2.647885,,,,,,
1780435682.884,3847345.0,4585.636,2.648722,,,,,,
1780435682.940,3847370.0,4555.736,2.649635,,,,,,
1780435682.941,3847395.0,4523.472,2.650697,,,,,,
1780435683.007,3847420.0,4486.821,2.651717,,,,,,
1780435683.008,3847445.0,4444.49,2.652691,,,,,,
1780435683.009,3847470.0,4398.924,2.65382,,,,,,
1780435683.071,3847495.0,4348.097,2.655025,,,,,,
1780435683.072,3847520.0,4292.796,2.656116,,,,,,
1780435683.138,3847545.0,4235.936,2.657021,,,,,,
1780435683.139,3847570.0,4177.235,2.65794,,,,,,
1780435683.139,3847595.0,4118.003,2.658896,,,,,,
1780435683.202,3847620.0,4057.83,2.659871,,,,,,
1780435683.204,3847645.0,3997.583,2.66073,,,,,,
1780435683.205,3847670.0,3936.728,2.661649,,,,,,
1780435683.267,3847695.0,3876.365,2.662551,,,,,,
1780435683.268,3847720.0,3817.427,2.663323,,,,,,
1780435683.319,3847745.0,3758.072,2.66409,,,,,,
1780435683.320,3847770.0,3702.639,2.664671,,,,,,
1780435683.383,3847795.0,3647.932,2.665314,,,,,,
1780435683.385,3847820.0,3595.636,2.6658,,,,,,
1780435683.387,3847845.0,3546.163,2.666143,,,,,,
1780435683.446,3847870.0,3498.817,2.666409,,,,,,
1780435683.448,3847895.0,3455.467,2.666591,,,,,,
1780435683.509,3847920.0,3414.899,2.666762,,,,,,
1780435683.510,3847945.0,3377.824,2.666727,,,,,,
1780435683.511,3847970.0,3345.293,2.666438,,,,,,
1780435683.585,3847995.0,3318.599,2.666299,,,,,,
1780435683.587,3848020.0,3293.106,2.665948,,,,,,
1780435683.588,3848045.0,3271.447,2.665664,,,,,,
1780435683.638,3848070.0,3255.51,2.665413,,,,,,
1780435683.639,3848095.0,3242.072,2.665086,,,,,,
1780435683.700,3848120.0,3231.829,2.664734,,,,,,
1780435683.701,3848145.0,3226.257,2.664567,,,,,,
1780435683.701,3848170.0,3222.503,2.664638,,,,,,
1780435683.763,3848195.0,3220.761,2.664508,,,,,,
1780435683.764,3848220.0,3220.316,2.66451,,,,,,
1780435683.833,3848245.0,3220.764,2.664507,,,,,,
1780435683.834,3848270.0,3221.47,2.664429,,,,,,
1780435683.835,3848295.0,3223.078,2.66447,,,,,,
1780435683.888,3848320.0,3224.794,2.664481,,,,,,
1780435683.889,3848345.0,3227.526,2.664578,,,,,,
1780435683.938,3848370.0,3231.657,2.664652,,,,,,
1780435683.939,3848395.0,3240.808,2.664933,,,,,,
1780435683.951,3848420.0,3251.806,2.665324,,,,,,
1780435683.984,3848445.0,3268.113,2.665597,,,,,,
1780435684.006,3848470.0,3287.281,2.66595,,,,,,
1780435684.029,3848495.0,3309.756,2.66639,,,,,,
1780435684.052,3848520.0,3337.761,2.666802,,,,,,
1780435684.087,3848545.0,3371.496,2.667013,,,,,,
1780435684.110,3848570.0,3406.549,2.667236,,,,,,
1780435684.133,3848595.0,3447.688,2.667427,,,,,,
1780435684.156,3848620.0,3491.59,2.667361,,,,,,
1780435684.180,3848645.0,3538.772,2.667278,,,,,,
1780435684.204,3848670.0,3588.838,2.667168,,,,,,
1780435684.239,3848695.0,3640.197,2.666954,,,,,,
1780435684.252,3848720.0,3694.552,2.666685,,,,,,
1780435684.286,3848745.0,3750.225,2.666306,,,,,,
1780435684.308,3848770.0,3806.907,2.665915,,,,,,
1780435684.331,3848795.0,3865.407,2.665279,,,,,,
1780435684.424,3848820.0,3923.538,2.664887,,,,,crack_output on,OK crack_output on
1780435684.426,3848845.0,3982.171,2.664232,,,,,,
1780435684.427,3848870.0,4041.051,2.663643,,,,,,
1780435684.429,3848895.0,4099.747,2.663106,,,,,,
1780435684.486,3848920.0,4158.142,2.66253,,,,,,
1780435684.486,3848945.0,4216.405,2.661865,,,,,,
1780435684.536,3848970.0,4273.668,2.661235,,,,,,
1780435684.536,3848995.0,4330.184,2.660567,,,,,,
1780435684.583,3849020.0,4381.711,2.659818,,,,,,
1780435684.583,3849045.0,4431.301,2.658988,,,,,,
1780435684.655,3849070.0,4474.889,2.658201,,,,,,
1780435684.656,3849095.0,4511.196,2.657526,,,,,,
1780435684.656,3849120.0,4541.245,2.656941,,,,,,
1780435684.715,3849145.0,4565.241,2.656399,,,,,,
1780435684.716,3849170.0,4573.433,2.656292,,,,,,
1780435684.770,3849195.0,4578.777,2.656343,,,,,,
1780435684.771,3849220.0,4573.039,2.656538,,,,,,
1780435684.831,3849245.0,4560.563,2.656955,,,,,,
1780435684.832,3849270.0,4542.495,2.657393,,,,,,
1780435684.832,3849295.0,4517.729,2.658041,,,,,,
1780435684.892,3849320.0,4491.586,2.658686,,,,,,
1780435684.893,3849345.0,4462.054,2.659501,,,,,,
1780435684.955,3849370.0,4430.872,2.660391,,,,,,
1780435684.956,3849395.0,4398.481,2.661222,,,,,,
1780435684.957,3849420.0,4363.851,2.662164,,,,,,
1780435685.018,3849445.0,4329.799,2.662931,,,,,,
1780435685.019,3849470.0,4295.576,2.664007,,,,,,
1780435685.208,3849495.0,4258.739,2.665047,0.008532,52.831661,3848475.5,1.877027,,
1780435685.209,3849616.0,4217.482,2.666061,,,,,,
1780435685.209,3849641.0,4192.432,2.667119,,,,,,
1780435685.210,3849666.0,4171.445,2.668066,,,,,,
1780435685.270,3849691.0,4135.163,2.669076,,,,,,
1780435685.270,3849716.0,4099.915,2.670181,,,,,,
1780435685.271,3849741.0,4058.869,2.670997,,,,,,
1780435685.334,3849766.0,4028.737,2.671667,,,,,,
1780435685.335,3849791.0,4030.825,2.671335,,,,,,
1780435685.397,3849816.0,4042.354,2.670453,,,,,,
1780435685.398,3849841.0,4050.653,2.669678,,,,,,
1780435685.398,3849866.0,4023.523,2.669945,,,,,,
1780435685.466,3849891.0,4002.899,2.66984,,,,,,
1780435685.467,3849916.0,3984.416,2.669516,,,,,,
1780435685.525,3849941.0,3966.767,2.668983,,,,,,
1780435685.525,3849966.0,3976.935,2.668164,,,,,,
1780435685.526,3849991.0,3995.015,2.667318,,,,,,
1780435685.584,3850016.0,4010.863,2.666433,,,,,,
1780435685.584,3850041.0,4007.487,2.665971,,,,,,
1780435685.650,3850066.0,4008.116,2.665395,,,,,,
1780435685.651,3850091.0,4013.226,2.664834,,,,,,
1780435685.651,3850116.0,4041.846,2.663602,,,,,,
1780435685.716,3850141.0,4079.485,2.662061,,,,,,
1780435685.716,3850166.0,4110.399,2.660841,,,,,,
1780435685.784,3850191.0,4116.408,2.660286,,,,,,
1780435685.785,3850216.0,4108.528,2.659575,,,,,,
1780435685.786,3850241.0,4103.713,2.658895,,,,,,
1780435685.852,3850266.0,4085.447,2.658149,,,,,,
1780435685.853,3850291.0,4067.577,2.65765,,,,,,
1780435685.854,3850316.0,4064.374,2.657009,,,,,,
1780435685.917,3850341.0,4055.171,2.656286,,,,,,
1780435685.918,3850366.0,4046.412,2.655591,,,,,,
1780435686.000,3850391.0,4028.319,2.655098,,,,,,
1780435686.000,3850416.0,3982.334,2.655787,,,,,,
1780435686.001,3850441.0,3959.829,2.656477,,,,,,
1780435686.001,3850466.0,3961.697,2.656072,,,,,,
1780435686.066,3850491.0,3998.759,2.65483,,,,,,
1780435686.067,3850516.0,4010.551,2.654433,,,,,,
1780435686.133,3850541.0,4013.744,2.654292,,,,,,
1780435686.134,3850566.0,4017.783,2.65416,,,,,,
1780435686.134,3850591.0,3996.779,2.654314,,,,,,
1780435686.208,3850616.0,3984.629,2.654497,,,,,,
1780435686.209,3850641.0,3999.538,2.65381,,,,,,
1780435686.211,3850666.0,4030.593,2.653045,,,,,,
1780435686.303,3850691.0,4050.862,2.652475,,,,,,
1780435686.303,3850716.0,4038.549,2.652384,,,,,,
1780435686.304,3850741.0,3997.813,2.652968,,,,,,
1780435686.305,3850766.0,3962.635,2.653925,,,,,,
1780435686.385,3850791.0,3953.293,2.654203,,,,,,
1780435686.387,3850816.0,3970.71,2.653558,,,,,,
1780435686.388,3850841.0,3999.163,2.653208,,,,,,
1780435686.467,3850866.0,4006.094,2.653274,,,,,,
1780435686.468,3850891.0,4005.441,2.653204,,,,,,
1780435686.469,3850916.0,4004.059,2.653084,,,,,,
1780435686.550,3850941.0,4029.942,2.652592,,,,,,
1780435686.551,3850966.0,4076.449,2.651614,,,,,,
1780435686.552,3850991.0,4127.561,2.650704,,,,,,
1780435686.552,3851016.0,4167.667,2.650161,,,,,,
1780435686.638,3851041.0,4155.001,2.649731,,,,,,
1780435686.639,3851066.0,4125.784,2.650039,,,,,,
1780435686.773,3851091.0,4081.253,2.651229,0.007093,70.688301,3849248.25,1.560517,,
1780435686.774,3851212.0,4040.61,2.652202,,,,,,
1780435686.775,3851237.0,4028.625,2.652264,,,,,,
1780435686.869,3851262.0,4034.365,2.652308,,,,,,
1780435686.870,3851287.0,4070.393,2.651584,,,,,,
1780435686.871,3851312.0,4116.52,2.650239,,,,,,
1780435686.872,3851337.0,4136.484,2.649544,,,,,,
1780435686.948,3851362.0,4113.913,2.650194,,,,,,
1780435686.949,3851387.0,4076.908,2.650735,,,,,,
1780435686.949,3851412.0,4049.454,2.651041,,,,,,
1780435687.018,3851437.0,4064.746,2.650928,,,,,,
1780435687.019,3851462.0,4109.28,2.650057,,,,,,
1780435687.020,3851487.0,4138.0,2.649337,,,,,,
1780435687.083,3851512.0,4129.508,2.649393,,,,,,
1780435687.084,3851537.0,4104.163,2.64997,,,,,,
1780435687.167,3851562.0,4075.992,2.650368,,,,,,
1780435687.167,3851587.0,4076.778,2.650271,,,,,,
1780435687.168,3851612.0,4106.711,2.650033,,,,,,
1780435687.168,3851637.0,4150.36,2.64899,,,,,,
1780435687.253,3851662.0,4165.436,2.648411,,,,,,
1780435687.254,3851687.0,4153.628,2.648846,,,,,,
1780435687.255,3851712.0,4094.257,2.649598,,,,,,
1780435687.353,3851737.0,4059.913,2.65015,,,,,,
1780435687.355,3851762.0,4079.793,2.6507,,,,,,
1780435687.356,3851787.0,4115.509,2.650256,,,,,,
1780435687.357,3851812.0,4152.232,2.649426,,,,,,
1780435687.451,3851837.0,4179.521,2.648934,,,,,,
1780435687.452,3851862.0,4182.118,2.649095,,,,,,
1780435687.453,3851887.0,4168.082,2.64924,,,,,,
1780435687.454,3851912.0,4126.588,2.650121,,,,,,
1780435687.552,3851937.0,4098.535,2.651494,,,,,,
1780435687.554,3851962.0,4106.418,2.651387,,,,,,
1780435687.555,3851987.0,4136.448,2.650618,,,,,,
1780435687.557,3852012.0,4178.217,2.649916,,,,,,
1780435687.637,3852037.0,4172.43,2.650043,,,,,,
1780435687.638,3852062.0,4157.83,2.650346,,,,,,
1780435687.639,3852087.0,4119.173,2.651454,,,,,,
1780435687.716,3852112.0,4106.088,2.652014,,,,,,
1780435687.718,3852137.0,4124.487,2.651653,,,,,,
1780435687.718,3852162.0,4153.938,2.650965,,,,,,
1780435687.720,3852187.0,4160.889,2.651162,,,,,,
1780435687.817,3852212.0,4158.714,2.651402,,,,,,
1780435687.818,3852237.0,4127.329,2.651931,,,,,,
1780435687.819,3852262.0,4089.132,2.653223,,,,,,
1780435687.821,3852287.0,4083.117,2.653741,,,,,,
1780435687.901,3852312.0,4088.874,2.653697,,,,,,
1780435687.902,3852337.0,4139.621,2.653543,,,,,,
1780435687.903,3852362.0,4150.884,2.653676,,,,,,
1780435687.986,3852387.0,4138.07,2.653633,,,,,,
1780435687.987,3852412.0,4099.299,2.654188,,,,,,
1780435687.988,3852437.0,4067.037,2.655157,,,,,,
1780435688.070,3852462.0,4062.039,2.655397,,,,,,
1780435688.072,3852487.0,4085.325,2.655014,,,,,,
1780435688.073,3852512.0,4104.611,2.654936,,,,,,
1780435688.075,3852537.0,4100.234,2.655042,,,,,,
1780435688.172,3852562.0,4074.32,2.655084,,,,,,
1780435688.173,3852587.0,4033.873,2.656118,,,,,,
1780435688.174,3852612.0,4000.517,2.657191,,,,,,
1780435688.175,3852637.0,3990.441,2.657677,,,,,,
1780435688.269,3852662.0,4022.004,2.657463,,,,,,
1780435688.270,3852687.0,4041.655,2.657156,,,,,,
1780435688.271,3852712.0,4028.979,2.656839,,,,,,
1780435688.272,3852737.0,4001.644,2.657132,,,,,,
1780435688.349,3852762.0,3961.655,2.657978,,,,,,
1780435688.350,3852787.0,3943.302,2.658741,,,,,,
1780435688.351,3852812.0,3963.071,2.658301,,,,,,
1780435688.434,3852837.0,3983.616,2.658014,,,,,,
1780435688.434,3852862.0,3990.512,2.658093,,,,,,
1780435688.435,3852887.0,3977.49,2.657968,,,,,,
1780435688.517,3852912.0,3937.545,2.658541,,,,,,
1780435688.519,3852937.0,3913.646,2.659301,,,,,,
1780435688.520,3852962.0,3902.826,2.659611,,,,,,
1780435688.521,3852987.0,3912.825,2.659495,,,,,,
1780435688.598,3853012.0,3936.977,2.659412,,,,,,
1780435688.599,3853037.0,3939.028,2.659204,,,,,,
1780435688.599,3853062.0,3930.668,2.659029,,,,,,
1780435688.664,3853087.0,3903.1,2.659252,,,,,,
1780435688.665,3853112.0,3892.37,2.659423,,,,,,
1780435688.731,3853137.0,3907.565,2.658768,,,,,,
1780435688.732,3853162.0,3944.725,2.658141,,,,,,
1780435688.732,3853187.0,3962.777,2.657992,,,,,,
1780435688.801,3853212.0,3958.443,2.657817,,,,,,
1780435688.802,3853237.0,3943.439,2.657727,,,,,,
1780435688.802,3853262.0,3916.575,2.657969,,,,,,
1780435688.866,3853287.0,3923.882,2.6576,,,,,,
1780435688.867,3853312.0,3936.182,2.657114,,,,,,
1780435688.867,3853337.0,3974.316,2.656778,,,,,,
1780435688.932,3853362.0,3995.921,2.656412,,,,,,
1780435688.932,3853387.0,3986.963,2.656049,,,,,,
1780435689.000,3853412.0,3965.36,2.655901,,,,,,
1780435689.001,3853437.0,3946.969,2.656074,,,,,,
1780435689.002,3853462.0,3935.91,2.656097,,,,,,
1780435689.064,3853487.0,3942.245,2.655833,,,,,,
1780435689.065,3853512.0,3957.965,2.655702,,,,,,
1780435689.132,3853537.0,3963.664,2.655608,,,,,,
1780435689.133,3853562.0,3945.263,2.655324,,,,,,
1780435689.134,3853587.0,3927.173,2.655408,,,,,,
1780435689.197,3853612.0,3931.427,2.655244,,,,,,
1780435689.198,3853637.0,3944.418,2.654817,,,,,,
1780435689.198,3853662.0,3972.185,2.654646,,,,,,
1780435689.264,3853687.0,3994.594,2.654436,,,,,,
1780435689.265,3853712.0,3984.732,2.654083,,,,,,
1780435689.332,3853737.0,3963.709,2.654022,,,,,,
1780435689.332,3853762.0,3930.975,2.654507,,,,,,
1780435689.333,3853787.0,3922.053,2.654814,,,,,,
1780435689.402,3853812.0,3945.126,2.654137,,,,,,
1780435689.403,3853837.0,3974.364,2.653718,,,,,,
1780435689.403,3853862.0,3973.727,2.653644,,,,,,
1780435689.465,3853887.0,3967.365,2.653673,,,,,,
1780435689.465,3853912.0,3931.366,2.654198,,,,,,
1780435689.549,3853937.0,3913.903,2.654722,,,,,,
1780435689.550,3853962.0,3923.481,2.654503,,,,,,
1780435689.551,3853987.0,3938.027,2.65417,,,,,,
1780435689.551,3854012.0,3972.049,2.654108,,,,,,
1780435689.614,3854037.0,3966.061,2.653919,,,,,,
1780435689.615,3854062.0,3953.969,2.653921,,,,,,
1780435689.682,3854087.0,3938.658,2.653928,,,,,,
1780435689.683,3854112.0,3945.686,2.653739,,,,,,
1780435689.683,3854137.0,3965.814,2.65336,,,,,,
1780435689.748,3854162.0,3995.1,2.652829,,,,,,
1780435689.748,3854187.0,4004.787,2.653008,,,,,,
1780435689.749,3854212.0,3997.723,2.653103,,,,,,
1780435689.815,3854237.0,3966.962,2.653218,,,,,,
1780435689.816,3854262.0,3945.686,2.653674,,,,,,
1780435689.817,3854287.0,3952.861,2.653472,,,,,,
1780435689.885,3854312.0,3970.005,2.652926,,,,,,
1780435689.887,3854337.0,4010.596,2.652811,,,,,,
1780435689.983,3854362.0,4016.61,2.652883,,,,,,
1780435689.984,3854387.0,4006.163,2.652691,,,,,,
1780435689.986,3854412.0,3978.384,2.652749,,,,,,
1780435689.986,3854437.0,3952.319,2.653503,,,,,,
1780435690.069,3854462.0,3950.502,2.653627,,,,,,
1780435690.071,3854487.0,3988.598,2.653022,,,,,,
1780435690.072,3854512.0,4014.426,2.652752,,,,,,
1780435690.073,3854537.0,4018.149,2.652839,,,,,,
1780435690.153,3854562.0,4000.561,2.652841,,,,,,
1780435690.155,3854587.0,3969.765,2.653395,,,,,,
1780435690.156,3854612.0,3950.563,2.653754,,,,,,
1780435690.237,3854637.0,3958.725,2.6534,,,,,,
1780435690.238,3854662.0,3995.343,2.653255,,,,,,
1780435690.239,3854687.0,4021.001,2.653145,,,,,,
1780435690.333,3854712.0,4022.66,2.653052,,,,,,
1780435690.334,3854737.0,4003.9,2.65312,,,,,,
1780435690.335,3854762.0,3976.821,2.65355,,,,,,
1780435690.335,3854787.0,3966.511,2.653856,,,,,,
1780435690.418,3854812.0,3996.25,2.653085,,,,,,
1780435690.419,3854837.0,4028.462,2.652471,,,,,,
1780435690.420,3854862.0,4028.451,2.652474,,,,,,
1780435690.420,3854887.0,4020.316,2.652484,,,,,,
1780435690.517,3854912.0,3989.848,2.652982,,,,,,
1780435690.518,3854937.0,3976.387,2.653391,,,,,,
1780435690.519,3854962.0,3985.141,2.653148,,,,,,
1780435690.520,3854987.0,4014.674,2.652541,,,,,,
1780435690.603,3855012.0,4046.125,2.652562,,,,,,
1780435690.604,3855037.0,4046.694,2.652397,,,,,,
1780435690.605,3855062.0,4029.336,2.652363,,,,,,
1780435690.694,3855087.0,3998.911,2.652624,,,,,,
1780435690.696,3855112.0,3977.158,2.65332,,,,,,
1780435690.698,3855137.0,3987.443,2.653021,,,,,,
1780435690.699,3855162.0,4018.18,2.652449,,,,,,
1780435690.800,3855187.0,4024.773,2.652485,,,,,,
1780435690.801,3855212.0,4018.038,2.652489,,,,,,
1780435690.802,3855237.0,3998.569,2.652527,,,,,,
1780435690.803,3855262.0,3978.339,2.653196,,,,,,
1780435690.884,3855287.0,3986.267,2.653051,,,,,,
1780435690.885,3855312.0,4001.41,2.652686,,,,,,
1780435690.886,3855337.0,4029.948,2.652709,,,,,,
1780435690.968,3855362.0,4040.519,2.652904,,,,,,
1780435690.969,3855387.0,4028.6,2.652997,,,,,,
1780435690.970,3855412.0,4000.936,2.653408,,,,,,
1780435690.971,3855437.0,3972.527,2.654186,,,,,,
1780435691.053,3855462.0,3972.536,2.654453,,,,,,
1780435691.055,3855487.0,4014.064,2.653911,,,,,,
1780435691.056,3855512.0,4039.257,2.653728,,,,,,
1780435691.150,3855537.0,4048.755,2.654114,,,,,,
1780435691.151,3855562.0,4023.698,2.654808,,,,,,
1780435691.152,3855587.0,3986.471,2.655773,,,,,,
1780435691.153,3855612.0,3980.164,2.656525,,,,,,
1780435691.234,3855637.0,3992.915,2.656591,,,,,,
1780435691.236,3855662.0,4027.57,2.656953,,,,,,
1780435691.237,3855687.0,4055.076,2.657222,,,,,,
1780435691.334,3855712.0,4041.029,2.657581,,,,,,
1780435691.335,3855737.0,4024.286,2.658123,,,,,,
1780435691.337,3855762.0,3993.306,2.65941,,,,,,
1780435691.339,3855787.0,3984.961,2.660352,,,,,,
1780435691.419,3855812.0,4015.196,2.660222,,,,,,
1780435691.420,3855837.0,4047.871,2.660261,,,,,,
1780435691.422,3855862.0,4052.067,2.661374,,,,,,
1780435691.423,3855887.0,4038.297,2.662228,,,,,,
1780435691.517,3855912.0,4002.618,2.663687,,,,,,
1780435691.517,3855937.0,3981.003,2.664999,,,,,,
1780435691.518,3855962.0,3991.194,2.665149,,,,,,
1780435691.519,3855987.0,4013.751,2.665409,,,,,,
1780435691.617,3856012.0,4046.725,2.665826,,,,,,
1780435691.618,3856037.0,4045.225,2.666519,,,,,,
1780435691.619,3856062.0,4030.1,2.667394,,,,,,
1780435691.620,3856087.0,3994.207,2.668677,,,,,,
1780435691.699,3856112.0,3971.66,2.670121,,,,,,
1780435691.700,3856137.0,3976.596,2.670573,,,,,,
1780435691.700,3856162.0,3997.548,2.670504,,,,,,
1780435691.772,3856187.0,4002.374,2.671057,,,,,,
1780435691.773,3856212.0,4002.087,2.67166,,,,,,
1780435691.773,3856237.0,3969.341,2.672461,,,,,,
1780435691.848,3856262.0,3942.322,2.673487,,,,,,
1780435691.848,3856287.0,3941.439,2.673743,,,,,,
1780435691.849,3856312.0,3953.195,2.673691,,,,,,
1780435691.914,3856337.0,3994.537,2.673712,,,,,,
1780435691.915,3856362.0,4009.231,2.673896,,,,,,
1780435691.981,3856387.0,3995.739,2.673801,,,,,,
1780435691.982,3856412.0,3966.72,2.674186,,,,,,
1780435691.983,3856437.0,3940.104,2.675232,,,,,,
1780435692.051,3856462.0,3941.045,2.675364,,,,,,
1780435692.051,3856487.0,3976.75,2.674445,,,,,,
1780435692.052,3856512.0,4001.778,2.673778,,,,,,
1780435692.130,3856537.0,4003.037,2.673413,,,,,,
1780435692.131,3856562.0,3983.021,2.673073,,,,,,
1780435692.131,3856587.0,3949.206,2.673553,,,,,,
1780435692.197,3856612.0,3941.142,2.673335,,,,,,
1780435692.199,3856637.0,3950.443,2.672389,,,,,,
1780435692.200,3856662.0,3985.597,2.671289,,,,,,
1780435692.266,3856687.0,4011.594,2.670296,,,,,,
1780435692.266,3856712.0,3998.444,2.669113,,,,,,
1780435692.267,3856737.0,3978.946,2.668491,,,,,,
1780435692.331,3856762.0,3948.718,2.668249,,,,,,
1780435692.332,3856787.0,3942.22,2.667845,,,,,,
1780435692.403,3856812.0,3976.705,2.666367,,,,,,
1780435692.404,3856837.0,4007.825,2.665029,,,,,,
1780435692.404,3856862.0,4019.803,2.664286,,,,,,
1780435692.464,3856887.0,4010.304,2.663388,,,,,,
1780435692.464,3856912.0,3979.547,2.663057,,,,,,
1780435692.531,3856937.0,3966.499,2.662818,,,,,,
1780435692.532,3856962.0,3975.028,2.661824,,,,,,
1780435692.533,3856987.0,3991.725,2.660576,,,,,,
1780435692.598,3857012.0,4025.304,2.659858,,,,,,
1780435692.600,3857037.0,4021.997,2.658886,,,,,,
1780435692.601,3857062.0,4010.321,2.657973,,,,,,
1780435692.783,3857087.0,3975.454,2.657777,0.010238,87.554672,3856842.0,2.252254,,
1780435692.784,3857208.0,3942.01,2.65778,,,,,,
1780435692.784,3857233.0,3916.619,2.657514,,,,,,
1780435692.870,3857258.0,3923.068,2.656949,,,,,,
1780435692.871,3857283.0,3957.155,2.656142,,,,,,
1780435692.873,3857308.0,3987.295,2.655102,,,,,,
1780435692.874,3857333.0,3990.636,2.654535,,,,,,
1780435692.965,3857358.0,3974.179,2.654754,,,,,,
1780435692.966,3857383.0,3928.271,2.654626,,,,,,
1780435692.966,3857408.0,3907.498,2.654621,,,,,,
1780435692.967,3857433.0,3928.274,2.654892,,,,,,
1780435693.052,3857458.0,3964.145,2.65424,,,,,,
1780435693.053,3857483.0,4002.032,2.653344,,,,,,
1780435693.054,3857508.0,4000.928,2.653128,,,,,,
1780435693.151,3857533.0,3961.824,2.653736,,,,,,
1780435693.152,3857558.0,3924.869,2.654047,,,,,,
1780435693.154,3857583.0,3918.628,2.653902,,,,,,
1780435693.155,3857608.0,3942.063,2.653805,,,,,,
1780435693.266,3857633.0,3977.926,2.65306,,,,,,
1780435693.268,3857658.0,3988.61,2.652636,,,,,,
1780435693.269,3857683.0,3974.341,2.653292,,,,,,
1780435693.270,3857708.0,3933.261,2.653443,,,,,,
1780435693.271,3857733.0,3908.675,2.653482,,,,,,
1780435693.350,3857758.0,3916.431,2.653682,,,,,,
1780435693.351,3857783.0,3939.174,2.653632,,,,,,
1780435693.353,3857808.0,3978.494,2.652943,,,,,,
1780435693.449,3857833.0,4011.583,2.652365,,,,,,
1780435693.450,3857858.0,4013.927,2.652463,,,,,,
1780435693.452,3857883.0,4001.903,2.652316,,,,,,
1780435693.453,3857908.0,3973.818,2.652675,,,,,,
1780435693.530,3857933.0,3952.249,2.653064,,,,,,
1780435693.531,3857958.0,3951.421,2.653171,,,,,,
1780435693.532,3857983.0,3958.938,2.652989,,,,,,
1780435693.617,3858008.0,3997.377,2.653274,,,,,,
1780435693.617,3858033.0,4002.436,2.653234,,,,,,
1780435693.618,3858058.0,3995.328,2.653219,,,,,,
1780435693.619,3858083.0,3960.942,2.653569,,,,,,
1780435693.682,3858108.0,3937.159,2.654306,,,,,,
1780435693.683,3858133.0,3948.021,2.653979,,,,,,
1780435693.749,3858158.0,3987.215,2.653209,,,,,,
1780435693.750,3858183.0,4010.086,2.653107,,,,,,
1780435693.751,3858208.0,4009.498,2.653148,,,,,,
1780435693.851,3858233.0,3984.35,2.653225,,,,,,
1780435693.852,3858258.0,3952.988,2.653963,,,,,,
1780435693.853,3858283.0,3946.381,2.654271,,,,,,
1780435693.854,3858308.0,3961.082,2.65376,,,,,,
1780435693.932,3858333.0,4001.603,2.653771,,,,,,
1780435693.933,3858358.0,4014.833,2.653845,,,,,,
1780435693.934,3858383.0,4002.011,2.653455,,,,,,
1780435694.016,3858408.0,3977.731,2.653436,,,,,,
1780435694.017,3858433.0,3946.011,2.654127,,,,,,
1780435694.018,3858458.0,3938.731,2.654353,,,,,,
1780435694.019,3858483.0,3975.674,2.653588,,,,,,
1780435694.100,3858508.0,4010.306,2.653279,,,,,,
1780435694.101,3858533.0,4010.609,2.653321,,,,,,
1780435694.102,3858558.0,3994.403,2.653461,,,,,,
1780435694.180,3858583.0,3966.948,2.653911,,,,,,
1780435694.181,3858608.0,3960.012,2.654455,,,,,,
1780435694.182,3858633.0,3969.602,2.65449,,,,,,
1780435694.246,3858658.0,3993.094,2.654819,,,,,,
1780435694.247,3858683.0,4017.024,2.655232,,,,,,
1780435694.247,3858708.0,4010.909,2.655719,,,,,,
1780435694.313,3858733.0,3991.811,2.656291,,,,,,
1780435694.313,3858758.0,3954.187,2.657406,,,,,,
1780435694.314,3858783.0,3936.59,2.658611,,,,,,
1780435694.381,3858808.0,3954.096,2.658762,,,,,,
1780435694.382,3858833.0,3986.954,2.6589,,,,,,
1780435694.447,3858858.0,3990.056,2.660206,,,,,,
1780435694.448,3858883.0,3983.979,2.661578,,,,,,
1780435694.448,3858908.0,3958.114,2.663278,,,,,,
1780435694.515,3858933.0,3945.784,2.665104,,,,,,
1780435694.516,3858958.0,3954.52,2.666085,,,,,,
1780435694.516,3858983.0,3977.452,2.667058,,,,,,
1780435694.580,3859008.0,4018.589,2.668769,,,,,,
1780435694.581,3859033.0,4019.371,2.670871,,,,,,
1780435694.648,3859058.0,4006.347,2.672959,,,,,,
1780435694.648,3859083.0,3971.111,2.675267,,,,,,
1780435694.649,3859108.0,3942.306,2.677864,,,,,,
1780435694.713,3859133.0,3944.011,2.679394,,,,,,
1780435694.713,3859158.0,3976.304,2.680385,,,,,,
1780435694.714,3859183.0,3997.38,2.682014,,,,,,
1780435694.779,3859208.0,3996.294,2.684021,,,,,,
1780435694.780,3859233.0,3969.08,2.686009,,,,,,
1780435694.849,3859258.0,3937.785,2.688174,,,,,,
1780435694.850,3859283.0,3931.104,2.689574,,,,,,
1780435694.851,3859308.0,3940.34,2.690257,,,,,,
1780435694.913,3859333.0,3972.935,2.691308,,,,,,
1780435694.913,3859358.0,3990.755,2.692432,,,,,,
1780435694.914,3859383.0,3973.264,2.693654,,,,,,
1780435694.980,3859408.0,3947.052,2.695075,,,,,,
1780435694.981,3859433.0,3911.521,2.696993,,,,,,
1780435695.046,3859458.0,3900.4,2.698333,,,,,,
1780435695.047,3859483.0,3935.005,2.697749,,,,,,
1780435695.048,3859508.0,3961.167,2.697562,,,,,,
1780435695.113,3859533.0,3970.877,2.697496,,,,,,
1780435695.114,3859558.0,3941.881,2.69774,,,,,,
1780435695.114,3859583.0,3902.829,2.698549,,,,,,
1780435695.181,3859608.0,3884.542,2.698609,,,,,,
1780435695.182,3859633.0,3878.624,2.697906,,,,,,
1780435695.283,3859658.0,3900.919,2.696571,,,,,,
1780435695.284,3859683.0,3921.864,2.695339,,,,,,
1780435695.286,3859708.0,3914.64,2.693965,,,,,,
1780435695.286,3859733.0,3902.394,2.692935,,,,,,
1780435695.386,3859758.0,3866.579,2.692724,,,,,,
1780435695.387,3859783.0,3854.103,2.692304,,,,,,
1780435695.388,3859808.0,3871.974,2.690617,,,,,,
1780435695.389,3859833.0,3906.237,2.688521,,,,,,
1780435695.390,3859858.0,3912.291,2.686765,,,,,,
1780435695.499,3859883.0,3909.202,2.684928,,,,,,
1780435695.499,3859908.0,3884.89,2.683431,,,,,,
1780435695.501,3859933.0,3865.791,2.682428,,,,,,
1780435695.502,3859958.0,3873.365,2.680634,,,,,,
1780435695.599,3859983.0,3887.302,2.678729,,,,,,
1780435695.601,3860008.0,3926.817,2.676895,,,,,,
1780435695.602,3860033.0,3935.063,2.674892,,,,,,
1780435695.603,3860058.0,3929.252,2.673077,,,,,,
1780435695.682,3860083.0,3904.129,2.671547,,,,,,
1780435695.683,3860108.0,3881.133,2.67086,,,,,,
1780435695.684,3860133.0,3893.736,2.669093,,,,,,
1780435695.769,3860158.0,3924.827,2.666897,,,,,,
1780435695.771,3860183.0,3946.972,2.665312,,,,,,
1780435695.772,3860208.0,3952.398,2.663868,,,,,,
1780435695.917,3860233.0,3935.303,2.662663,0.025849,98.429115,3860015.75,5.686769,,
1780435695.918,3860354.0,3930.065,2.661919,,,,,,
1780435695.919,3860379.0,3893.857,2.660628,,,,,,
1780435696.002,3860404.0,3877.909,2.659764,,,,,,
1780435696.003,3860429.0,3894.08,2.659062,,,,,,
1780435696.005,3860454.0,3918.284,2.65795,,,,,,
1780435696.101,3860479.0,3956.138,2.656622,,,,,,
1780435696.103,3860504.0,3965.725,2.655583,,,,,,
1780435696.104,3860529.0,3923.922,2.655569,,,,,,
1780435696.105,3860554.0,3886.14,2.655444,,,,,,
1780435696.183,3860579.0,3887.284,2.654983,,,,,,
1780435696.185,3860604.0,3906.739,2.654575,,,,,,
1780435696.186,3860629.0,3947.866,2.653755,,,,,,
1780435696.187,3860654.0,3968.838,2.653134,,,,,,
1780435696.282,3860679.0,3964.076,2.653173,,,,,,
1780435696.284,3860704.0,3927.097,2.653155,,,,,,
1780435696.284,3860729.0,3899.778,2.653241,,,,,,
1780435696.285,3860754.0,3890.981,2.653209,,,,,,
1780435696.366,3860779.0,3896.43,2.653177,,,,,,
1780435696.367,3860804.0,3900.981,2.653282,,,,,,
1780435696.368,3860829.0,3889.277,2.653409,,,,,,
1780435696.452,3860854.0,3850.092,2.65393,,,,,,
1780435696.453,3860879.0,3807.222,2.654591,,,,,,
1780435696.454,3860904.0,3787.89,2.654586,,,,,,
1780435696.548,3860929.0,3799.356,2.654539,,,,,,
1780435696.550,3860954.0,3832.531,2.654157,,,,,,
1780435696.551,3860979.0,3845.104,2.653847,,,,,,
1780435696.552,3861004.0,3887.958,2.654143,,,,,,
1780435696.634,3861029.0,3897.112,2.654086,,,,,,
1780435696.636,3861054.0,3895.796,2.654078,,,,,,
1780435696.637,3861079.0,3868.174,2.654247,,,,,,
1780435696.638,3861104.0,3837.905,2.654673,,,,,,
1780435696.730,3861129.0,3810.937,2.655084,,,,,,
1780435696.730,3861154.0,3821.229,2.655203,,,,,,
1780435696.731,3861179.0,3828.094,2.655281,,,,,,
1780435696.798,3861204.0,3826.105,2.65534,,,,,,
1780435696.799,3861229.0,3803.847,2.655401,,,,,,
1780435696.800,3861254.0,3771.48,2.656014,,,,,,
1780435696.874,3861279.0,3757.542,2.656446,,,,,,
1780435696.875,3861304.0,3756.128,2.656588,,,,,,
1780435696.876,3861329.0,3788.521,2.656598,,,,,,
1780435696.946,3861354.0,3813.949,2.65653,,,,,,
1780435696.946,3861379.0,3832.153,2.656579,,,,,,
1780435696.947,3861404.0,3830.833,2.656573,,,,,,
1780435697.012,3861429.0,3828.877,2.656492,,,,,,
1780435697.013,3861454.0,3841.373,2.656398,,,,,,
1780435697.013,3861479.0,3862.02,2.656296,,,,,,
1780435697.098,3861504.0,3880.112,2.656397,,,,,,
1780435697.099,3861529.0,3884.021,2.656555,,,,,,
1780435697.100,3861554.0,3861.45,2.656466,,,,,,
1780435697.163,3861579.0,3830.722,2.657044,,,,,,
1780435697.164,3861604.0,3816.309,2.657491,,,,,,
1780435697.164,3861629.0,3822.2,2.657526,,,,,,
1780435697.230,3861654.0,3841.358,2.657524,,,,,,
1780435697.230,3861679.0,3862.86,2.657732,,,,,,
1780435697.297,3861704.0,3865.664,2.657819,,,,,,
1780435697.298,3861729.0,3855.002,2.65781,,,,,,
1780435697.298,3861754.0,3845.44,2.657738,,,,,,
1780435697.362,3861779.0,3839.881,2.657794,,,,,,
1780435697.362,3861804.0,3836.906,2.658008,,,,,,
1780435697.362,3861829.0,3838.189,2.658411,,,,,,
1780435697.430,3861854.0,3839.47,2.658942,,,,,,
1780435697.430,3861879.0,3827.891,2.659451,,,,,,
1780435697.498,3861904.0,3806.564,2.66013,,,,,,
1780435697.500,3861929.0,3788.645,2.661219,,,,,,
1780435697.501,3861954.0,3791.133,2.662508,,,,,,
1780435697.582,3861979.0,3803.011,2.663888,,,,,,
1780435697.582,3862004.0,3816.365,2.665608,,,,,,
1780435697.583,3862029.0,3825.733,2.667596,,,,,,
1780435697.583,3862054.0,3823.138,2.669387,,,,,,
1780435697.647,3862079.0,3806.203,2.671159,,,,,,
1780435697.648,3862104.0,3793.122,2.673499,,,,,,
1780435697.713,3862129.0,3802.509,2.675579,,,,,,
1780435697.714,3862154.0,3830.49,2.677673,,,,,,
1780435697.714,3862179.0,3868.99,2.680389,,,,,,
1780435697.796,3862204.0,3888.454,2.684023,,,,,,
1780435697.797,3862229.0,3889.687,2.687937,,,,,,
1780435697.798,3862254.0,3886.561,2.691688,,,,,,
1780435697.862,3862279.0,3904.816,2.694565,,,,,,
1780435697.862,3862304.0,3942.801,2.696288,,,,,,
1780435697.863,3862329.0,4006.486,2.698307,,,,,,
1780435697.928,3862354.0,4068.874,2.700887,,,,,,
1780435697.929,3862379.0,4090.686,2.706029,,,,,,
1780435697.996,3862404.0,4116.453,2.710371,,,,,,
1780435697.997,3862429.0,4151.25,2.714169,,,,,,
1780435697.997,3862454.0,4196.077,2.717269,,,,,,
1780435698.080,3862479.0,4251.126,2.719862,,,,,,
1780435698.080,3862504.0,4312.253,2.722306,,,,,,
1780435698.081,3862529.0,4368.833,2.724919,,,,,,
1780435698.147,3862554.0,4412.965,2.727451,,,,,,
1780435698.148,3862579.0,4443.362,2.729506,,,,,,
1780435698.148,3862604.0,4491.381,2.728934,,,,,,
1780435698.212,3862629.0,4560.15,2.726008,,,,,,
1780435698.213,3862654.0,4646.996,2.722654,,,,,,
1780435698.213,3862679.0,4744.393,2.719648,,,,,,
1780435698.279,3862704.0,4823.431,2.719357,,,,,,
1780435698.280,3862729.0,4886.539,2.719395,,,,,,
1780435698.355,3862754.0,4934.234,2.719142,,,,,,
1780435698.357,3862779.0,4983.342,2.718126,,,,,,
1780435698.358,3862804.0,5033.601,2.716268,,,,,,
1780435698.359,3862829.0,5099.848,2.7124,,,,,,
1780435698.448,3862854.0,5170.601,2.708313,,,,,,
1780435698.449,3862879.0,5231.6,2.704633,,,,,,
1780435698.449,3862904.0,5277.92,2.701515,,,,,,
1780435698.533,3862929.0,5317.889,2.697626,,,,,,
1780435698.535,3862954.0,5368.25,2.69189,,,,,,
1780435698.537,3862979.0,5424.603,2.685548,,,,,,
1780435698.538,3863004.0,5520.759,2.676611,,,,,,
1780435698.612,3863029.0,5606.361,2.668681,,,,,,
1780435698.612,3863054.0,5666.205,2.664019,,,,,,
1780435698.613,3863079.0,5721.902,2.658781,,,,,,
1780435698.679,3863104.0,5773.321,2.653408,,,,,,
1780435698.680,3863129.0,5824.579,2.647677,,,,,,
1780435698.747,3863154.0,5880.076,2.641158,,,,,,
1780435698.748,3863179.0,5940.084,2.634036,,,,,,
1780435698.748,3863204.0,5995.168,2.62722,,,,,,
1780435698.813,3863229.0,6023.848,2.623657,,,,,,
1780435698.814,3863254.0,6039.687,2.621671,,,,,,
1780435698.814,3863279.0,6063.525,2.618097,,,,,,
1780435698.879,3863304.0,6090.111,2.614017,,,,,,
1780435698.880,3863329.0,6136.535,2.6072,,,,,,
1780435698.947,3863354.0,6189.141,2.599726,,,,,,
1780435698.947,3863379.0,6230.263,2.594137,,,,,,
1780435698.948,3863404.0,6265.104,2.589226,,,,,,
1780435699.012,3863429.0,6296.375,2.584781,,,,,,
1780435699.012,3863454.0,6321.45,2.581126,,,,,,
1780435699.013,3863479.0,6345.92,2.577648,,,,,,
1780435699.080,3863504.0,6369.371,2.574033,,,,,,
1780435699.081,3863529.0,6391.431,2.570533,,,,,,
1780435699.147,3863554.0,6403.717,2.568858,,,,,,
1780435699.148,3863579.0,6405.801,2.568691,,,,,,
1780435699.149,3863604.0,6406.525,2.568771,,,,,,
1780435699.214,3863629.0,6406.904,2.568807,,,,,,
1780435699.215,3863654.0,6409.494,2.568638,,,,,,
1780435699.216,3863679.0,6427.806,2.56565,,,,,,
1780435699.280,3863704.0,6440.889,2.563743,,,,,,
1780435699.281,3863729.0,6450.48,2.562269,,,,,,
1780435699.293,3863754.0,6456.862,2.561437,,,,,,
1780435699.362,3863779.0,6459.631,2.560925,,,,,,
1780435699.363,3863804.0,6460.43,2.560838,,,,,,
1780435699.363,3863829.0,6461.192,2.560763,,,,,,
1780435699.429,3863854.0,6466.553,2.55979,,,,,,
1780435699.429,3863879.0,6469.033,2.559216,,,,,,
1780435699.495,3863904.0,6462.658,2.560482,,,,,,
1780435699.496,3863929.0,6454.131,2.561933,,,,,,
1780435699.496,3863954.0,6445.004,2.563413,,,,,,
1780435699.562,3863979.0,6436.655,2.564813,,,,,,
1780435699.562,3864004.0,6436.453,2.564871,,,,,,
1780435699.563,3864029.0,6436.662,2.564811,,,,,,
1780435699.629,3864054.0,6436.605,2.564827,,,,,,
1780435699.630,3864079.0,6436.391,2.564889,,,,,,
1780435699.695,3864104.0,6436.479,2.564863,,,,,,
1780435699.696,3864129.0,6436.308,2.565059,,,,,,
1780435699.697,3864154.0,6436.03,2.565285,,,,,,
1780435699.763,3864179.0,6435.84,2.565195,,,,,,
1780435699.765,3864204.0,6435.727,2.565374,,,,,,
1780435699.766,3864229.0,6435.544,2.565281,,,,,,
1780435699.828,3864254.0,6435.493,2.565442,,,,,,
1780435699.829,3864279.0,6435.582,2.565415,,,,,,
1780435699.895,3864304.0,6435.531,2.56543,,,,,,
1780435699.895,3864329.0,6435.563,2.565421,,,,,,
1780435699.896,3864354.0,6435.518,2.565434,,,,,,
1780435699.962,3864379.0,6435.417,2.565317,,,,,,
1780435699.962,3864404.0,6435.442,2.56531,,,,,,
1780435699.963,3864429.0,6435.467,2.565303,,,,,,
1780435700.028,3864454.0,6432.84,2.565919,,,,,,
1780435700.029,3864479.0,6430.858,2.566349,,,,,,
1780435700.101,3864504.0,6428.899,2.566771,,,,,,
1780435700.101,3864529.0,6426.886,2.567063,,,,,,
1780435700.102,3864554.0,6424.896,2.567495,,,,,,
1780435700.184,3864579.0,6422.908,2.567926,,,,,,
1780435700.185,3864604.0,6420.969,2.568343,,,,,,
1780435700.186,3864629.0,6419.031,2.568614,,,,,,
1780435700.187,3864654.0,6417.055,2.569041,,,,,,
1780435700.264,3864679.0,6414.973,2.569354,,,,,,
1780435700.265,3864704.0,6413.005,2.569779,,,,,,
1780435700.265,3864729.0,6411.087,2.570045,,,,,,
1780435700.331,3864754.0,6409.23,2.570292,,,,,,
1780435700.332,3864779.0,6407.35,2.570546,,,,,,
1780435700.396,3864804.0,6405.5,2.570937,,,,,,
1780435700.397,3864829.0,6403.599,2.571197,,,,,,
1780435700.398,3864854.0,6401.773,2.571581,,,,,,
1780435700.463,3864879.0,6399.923,2.571826,,,,,,
1780435700.464,3864904.0,6397.841,2.572138,,,,,,
1780435700.465,3864929.0,6395.71,2.572319,,,,,,
1780435700.531,3864954.0,6393.71,2.572608,,,,,,
1780435700.531,3864979.0,6391.641,2.573062,,,,,,
1780435700.599,3865004.0,6389.697,2.573481,,,,,,
1780435700.599,3865029.0,6387.791,2.573888,,,,,,
1780435700.600,3865054.0,6385.897,2.574292,,,,,,
1780435700.663,3865079.0,6386.568,2.574097,,,,,,
1780435700.663,3865104.0,6386.544,2.574104,,,,,,
1780435700.663,3865129.0,6386.5,2.574117,,,,,,
1780435700.731,3865154.0,6386.667,2.574068,,,,,,
1780435700.731,3865179.0,6386.725,2.574052,,,,,,
1780435700.796,3865204.0,6386.611,2.574085,,,,,,
1780435700.797,3865229.0,6386.419,2.57414,,,,,,
1780435700.798,3865254.0,6386.438,2.574135,,,,,,
1780435700.862,3865279.0,6386.35,2.57416,,,,,,
1780435700.863,3865304.0,6386.325,2.574168,,,,,,
1780435700.863,3865329.0,6386.469,2.574126,,,,,,
1780435700.930,3865354.0,6386.481,2.574122,,,,,,
1780435700.931,3865379.0,6386.475,2.574124,,,,,,
1780435700.996,3865404.0,6386.469,2.574126,,,,,,
1780435700.997,3865429.0,6386.469,2.574126,,,,,,
1780435700.997,3865454.0,6386.369,2.574155,,,,,,
1780435701.062,3865479.0,6386.208,2.574202,,,,,,
1780435701.062,3865504.0,6386.089,2.574236,,,,,,
1780435701.063,3865529.0,6386.121,2.574227,,,,,,
1780435701.128,3865554.0,6386.289,2.574324,,,,,,
1780435701.129,3865579.0,6386.351,2.574306,,,,,,
1780435701.195,3865604.0,6386.45,2.574277,,,,,,
1780435701.196,3865629.0,6386.338,2.57431,,,,,,
1780435701.196,3865654.0,6386.307,2.574319,,,,,,
1780435701.262,3865679.0,6386.4,2.574292,,,,,,
1780435701.263,3865704.0,6386.351,2.574306,,,,,,
1780435701.263,3865729.0,6386.369,2.574301,,,,,,
1780435701.329,3865754.0,6386.32,2.574315,,,,,,
1780435701.329,3865779.0,6386.063,2.574389,,,,,,
1780435701.396,3865804.0,6385.815,2.574461,,,,,,
1780435701.397,3865829.0,6385.796,2.574467,,,,,,
1780435701.398,3865854.0,6385.834,2.574601,,,,,,
1780435701.462,3865879.0,6385.697,2.574641,,,,,,
1780435701.463,3865904.0,6385.728,2.574632,,,,,,
1780435701.463,3865929.0,6385.772,2.574619,,,,,,
1780435701.533,3865954.0,6385.759,2.574623,,,,,,
1780435701.534,3865979.0,6385.821,2.574605,,,,,,
1780435701.535,3866004.0,6385.765,2.574621,,,,,,
1780435701.612,3866029.0,6385.766,2.574621,,,,,,
1780435701.612,3866054.0,6385.641,2.574657,,,,,,
1780435701.613,3866079.0,6385.517,2.574693,,,,,,
1780435701.678,3866104.0,6385.666,2.57465,,,,,,
1780435701.679,3866129.0,6385.518,2.574693,,,,,,
1780435701.745,3866154.0,6385.399,2.574727,,,,,,
1780435701.745,3866179.0,6385.38,2.574733,,,,,,
1780435701.746,3866204.0,6385.367,2.574737,,,,,,
1780435701.811,3866229.0,6385.398,2.574728,,,,,,
1780435701.812,3866254.0,6385.435,2.574717,,,,,,
1780435701.812,3866279.0,6385.393,2.574729,,,,,,
1780435701.878,3866304.0,6385.349,2.574743,,,,,,
1780435701.879,3866329.0,6385.442,2.574715,,,,,,
1780435701.945,3866354.0,6385.441,2.574715,,,,,,
1780435701.945,3866379.0,6385.261,2.574767,,,,,,
1780435701.946,3866404.0,6385.261,2.574767,,,,,,
1780435702.011,3866429.0,6385.392,2.574729,,,,,,
1780435702.020,3866454.0,6385.455,2.574711,,,,,,
1780435702.021,3866479.0,6385.523,2.574546,,,,,,
1780435702.094,3866504.0,6385.604,2.574523,,,,,,
1780435702.094,3866529.0,6385.629,2.574515,,,,,,
1780435702.095,3866554.0,6385.759,2.574477,,,,,,
1780435702.161,3866579.0,6385.71,2.574492,,,,,,
1780435702.162,3866604.0,6385.716,2.57449,,,,,,
1780435702.162,3866629.0,6385.561,2.574535,,,,,,
1780435702.228,3866654.0,6385.523,2.574546,,,,,,
1780435702.228,3866679.0,6385.424,2.574575,,,,,,
1780435702.294,3866704.0,6385.518,2.574548,,,,,,
1780435702.295,3866729.0,6385.412,2.574578,,,,,,
1780435702.295,3866754.0,6385.499,2.574553,,,,,,
1780435702.361,3866779.0,6385.573,2.574531,,,,,,
1780435702.361,3866804.0,6385.561,2.574535,,,,,,
1780435702.362,3866829.0,6385.492,2.574555,,,,,,
1780435702.428,3866854.0,6385.454,2.574566,,,,,,
1780435702.429,3866879.0,6385.61,2.574521,,,,,,
1780435702.498,3866904.0,6385.579,2.57453,,,,,,
1780435702.499,3866929.0,6385.547,2.574539,,,,,,
1780435702.499,3866954.0,6385.41,2.574579,,,,,,
1780435702.563,3866979.0,6385.255,2.574624,,,,,,
1780435702.564,3867004.0,6385.486,2.574557,,,,,,
1780435702.564,3867029.0,6385.461,2.574564,,,,,,
1780435702.628,3867054.0,6385.35,2.574596,,,,,,
1780435702.628,3867079.0,6385.411,2.574579,,,,,,
1780435702.694,3867104.0,6385.43,2.574573,,,,,,
1780435702.695,3867129.0,6385.46,2.574564,,,,,,
1780435702.695,3867154.0,6385.479,2.574558,,,,,,
1780435702.764,3867179.0,6385.429,2.574573,,,,,,
1780435702.764,3867204.0,6385.522,2.574546,,,,,,
1780435702.765,3867229.0,6385.349,2.574597,,,,,,
1780435702.828,3867254.0,6385.517,2.574402,,,,,,
1780435702.829,3867279.0,6385.522,2.5744,,,,,,
1780435702.895,3867304.0,6385.566,2.574388,,,,,,
1780435702.895,3867329.0,6385.616,2.574373,,,,,,
1780435702.896,3867354.0,6385.672,2.574357,,,,,,
1780435702.979,3867379.0,6385.753,2.574334,,,,,,
1780435702.979,3867404.0,6385.878,2.574297,,,,,,
1780435702.980,3867429.0,6385.996,2.574409,,,,,,
1780435703.053,3867454.0,6386.096,2.57438,,,,,,
1780435703.053,3867479.0,6386.165,2.57436,,,,,,
1780435703.054,3867504.0,6385.947,2.574423,,,,,,
1780435703.128,3867529.0,6385.984,2.574412,,,,,,
1780435703.129,3867554.0,6385.933,2.574427,,,,,,
1780435703.129,3867579.0,6385.902,2.574436,,,,,,
1780435703.199,3867604.0,6386.001,2.574407,,,,,,
1780435703.199,3867629.0,6385.902,2.574436,,,,,,
1780435703.200,3867654.0,6385.946,2.574423,,,,,,
1780435703.265,3867679.0,6386.076,2.574386,,,,,,
1780435703.266,3867704.0,6386.083,2.574384,,,,,,
1780435703.266,3867729.0,6386.058,2.574391,,,,,,
1780435703.345,3867754.0,6386.114,2.574375,,,,,,
1780435703.345,3867779.0,6386.213,2.574346,,,,,,
1780435703.346,3867804.0,6386.089,2.574382,,,,,,
1780435703.411,3867829.0,6385.92,2.574431,,,,,,
1780435703.412,3867854.0,6385.946,2.574423,,,,,,
1780435703.412,3867879.0,6385.828,2.574603,,,,,,
1780435703.480,3867904.0,6385.797,2.574612,,,,,,
1780435703.481,3867929.0,6385.841,2.574599,,,,,,
1780435703.545,3867954.0,6385.765,2.574621,,,,,,
1780435703.546,3867979.0,6385.759,2.574623,,,,,,
1780435703.547,3868004.0,6385.671,2.574648,,,,,,
1780435703.613,3868029.0,6385.56,2.574681,,,,,,
1780435703.613,3868054.0,6385.554,2.574537,,,,,,
1780435703.614,3868079.0,6385.486,2.574557,,,,,,
1780435703.679,3868104.0,6385.355,2.574595,,,,,,
1780435703.680,3868129.0,6385.374,2.574589,,,,,,
1780435703.744,3868154.0,6385.349,2.574597,,,,,,
1780435703.745,3868179.0,6385.355,2.574595,,,,,,
1780435703.745,3868204.0,6385.379,2.574588,,,,,,
1780435703.811,3868229.0,6385.46,2.574564,,,,,,
1780435703.812,3868254.0,6385.547,2.574539,,,,,,
1780435703.812,3868279.0,6385.659,2.574507,,,,,,
1780435703.879,3868304.0,6385.753,2.574479,,,,,,
1780435703.880,3868329.0,6385.741,2.574483,,,,,,
1780435703.944,3868354.0,6385.623,2.574517,,,,,,
1780435703.945,3868379.0,6385.504,2.574551,,,,,,
1780435703.946,3868404.0,6385.261,2.574622,,,,,,
1780435704.011,3868429.0,6385.249,2.574625,,,,,,
1780435704.012,3868454.0,6385.331,2.574602,,,,,,
1780435704.013,3868479.0,6385.449,2.574568,,,,,,
1780435704.079,3868504.0,6385.455,2.574566,,,,,,
1780435704.080,3868529.0,6385.467,2.574562,,,,,,
1780435704.146,3868554.0,6385.574,2.574531,,,,,,
1780435704.146,3868579.0,6385.697,2.574495,,,,,,
1780435704.147,3868604.0,6385.741,2.574483,,,,,,
1780435704.229,3868629.0,6385.921,2.57443,,,,,,
1780435704.230,3868654.0,6385.847,2.574452,,,,,,
1780435704.230,3868679.0,6385.691,2.574497,,,,,,
1780435704.299,3868704.0,6385.629,2.574515,,,,,,
1780435704.299,3868729.0,6385.661,2.574506,,,,,,
1780435704.300,3868754.0,6385.728,2.574486,,,,,,
1780435704.381,3868779.0,6385.697,2.574496,,,,,,
1780435704.382,3868804.0,6385.746,2.574481,,,,,,
1780435704.382,3868829.0,6385.771,2.574474,,,,,,
1780435704.384,3868854.0,6385.747,2.574481,,,,,,
1780435704.461,3868879.0,6385.678,2.574501,,,,,,
1780435704.462,3868904.0,6385.723,2.574488,,,,,,
1780435704.463,3868929.0,6385.436,2.574571,,,,,,
1780435704.545,3868954.0,6385.225,2.574632,,,,,,
1780435704.545,3868979.0,6385.212,2.574636,,,,,,
1780435704.546,3869004.0,6385.194,2.574641,,,,,,
1780435704.648,3869029.0,6385.361,2.574593,,,,,,
1780435704.649,3869054.0,6385.362,2.574593,,,,,,
1780435704.650,3869079.0,6385.25,2.574625,,,,,,
1780435704.651,3869104.0,6385.225,2.574633,,,,,,
1780435704.760,3869129.0,6385.354,2.574595,,,,,,
1780435704.761,3869154.0,6385.349,2.574597,,,,,,
1780435704.761,3869179.0,6385.255,2.574624,,,,,,
1780435704.762,3869204.0,6385.23,2.574631,,,,,,
1780435704.762,3869229.0,6385.013,2.574694,,,,,,
1780435704.844,3869254.0,6384.801,2.574755,,,,,,
1780435704.845,3869279.0,6384.888,2.57473,,,,,,
1780435704.845,3869304.0,6384.926,2.574574,,,,,,
1780435704.915,3869329.0,6384.945,2.574568,,,,,,
1780435704.916,3869354.0,6384.951,2.574566,,,,,,
1780435704.917,3869379.0,6385.045,2.574539,,,,,,
1780435705.035,3869404.0,6385.001,2.574552,,,,,,
1780435705.037,3869429.0,6384.97,2.574561,,,,,,
1780435705.039,3869454.0,6385.07,2.574532,,,,,,
1780435705.040,3869479.0,6385.144,2.57451,,,,,,
1780435705.041,3869504.0,6384.969,2.574561,,,,,,
1780435705.163,3869529.0,6384.771,2.574619,,,,,,
1780435705.164,3869554.0,6384.79,2.574613,,,,,,
1780435705.165,3869579.0,6384.889,2.574584,,,,,,
1780435705.166,3869604.0,6384.982,2.574557,,,,,,
1780435705.167,3869629.0,6384.939,2.57457,,,,,,
1780435705.245,3869654.0,6384.889,2.574584,,,,,,
1780435705.245,3869679.0,6384.908,2.574579,,,,,,
1780435705.246,3869704.0,6384.976,2.574559,,,,,,
1780435705.315,3869729.0,6384.939,2.57457,,,,,,
1780435705.317,3869754.0,6384.851,2.574595,,,,,,
1780435705.318,3869779.0,6384.919,2.574575,,,,,,
1780435705.412,3869804.0,6384.764,2.57462,,,,,,
1780435705.413,3869829.0,6384.521,2.574691,,,,,,
1780435705.413,3869854.0,6384.621,2.574662,,,,,,
1780435705.414,3869879.0,6384.658,2.574651,,,,,,
1780435705.514,3869904.0,6384.521,2.574691,,,,,,
1780435705.515,3869929.0,6384.471,2.574851,,,,,,
1780435705.516,3869954.0,6384.545,2.57483,,,,,,
1780435705.517,3869979.0,6384.571,2.574822,,,,,,
1780435705.594,3870004.0,6384.484,2.574847,,,,,,
1780435705.595,3870029.0,6384.67,2.574793,,,,,,
1780435705.596,3870054.0,6384.676,2.574792,,,,,,
1780435705.679,3870079.0,6384.366,2.574882,,,,,,
1780435705.685,3870104.0,6384.21,2.574927,,,,,,
1780435705.686,3870129.0,6384.397,2.574872,,,,,,
1780435705.687,3870154.0,6384.397,2.574872,,,,,,
1780435705.779,3870179.0,6384.472,2.574851,,,,,,
1780435705.781,3870204.0,6384.366,2.574882,,,,,,
1780435705.782,3870229.0,6384.373,2.57488,,,,,,
1780435705.862,3870254.0,6384.391,2.574874,,,,,,
1780435705.863,3870279.0,6384.403,2.574871,,,,,,
1780435705.864,3870304.0,6384.509,2.57484,,,,,,
1780435705.865,3870329.0,6384.49,2.574846,,,,,,
1780435705.946,3870354.0,6384.496,2.574844,,,,,,
1780435705.948,3870379.0,6384.371,2.57488,,,,,,
1780435705.949,3870404.0,6384.216,2.574925,,,,,,
1780435706.030,3870429.0,6384.366,2.574882,,,,,,
1780435706.032,3870454.0,6384.484,2.574847,,,,,,
1780435706.033,3870479.0,6384.472,2.574851,,,,,,
1780435706.035,3870504.0,6384.466,2.574853,,,,,,
1780435706.129,3870529.0,6384.584,2.574673,,,,,,
1780435706.130,3870554.0,6384.714,2.574635,,,,,,
1780435706.131,3870579.0,6384.733,2.57463,,,,,,
1780435706.229,3870604.0,6384.721,2.574633,,,,,,
1780435706.231,3870629.0,6384.789,2.574613,,,,,,
1780435706.232,3870654.0,6384.583,2.574673,,,,,,
1780435706.234,3870679.0,6384.509,2.574694,,,,,,
1780435706.235,3870704.0,6384.708,2.574637,,,,,,
1780435706.363,3870729.0,6384.664,2.57465,,,,,,
1780435706.365,3870754.0,6384.571,2.574677,,,,,,
1780435706.366,3870779.0,6384.589,2.574671,,,,,,
1780435706.368,3870804.0,6384.59,2.574671,,,,,,
1780435706.369,3870829.0,6384.745,2.574626,,,,,,
1780435706.496,3870854.0,6384.789,2.574613,,,,,,
1780435706.498,3870879.0,6384.833,2.574601,,,,,,
1780435706.499,3870904.0,6384.857,2.574594,,,,,,
1780435706.501,3870929.0,6384.888,2.574584,,,,,,
1780435706.502,3870954.0,6384.832,2.574601,,,,,,
1780435706.629,3870979.0,6384.683,2.574644,,,,,,
1780435706.631,3871004.0,6384.789,2.574468,,,,,,
1780435706.633,3871029.0,6384.764,2.574475,,,,,,
1780435706.634,3871054.0,6384.727,2.574486,,,,,,
1780435706.636,3871079.0,6384.709,2.574491,,,,,,
1780435706.636,3871104.0,6384.728,2.574486,,,,,,
1780435706.762,3871129.0,6384.784,2.574469,,,,,,
1780435706.763,3871154.0,6384.765,2.57462,,,,,,
1780435706.765,3871179.0,6384.759,2.574622,,,,,,
1780435706.766,3871204.0,6384.696,2.57464,,,,,,
1780435706.767,3871229.0,6384.665,2.574649,,,,,,
1780435706.879,3871254.0,6384.602,2.574667,,,,,,
1780435706.881,3871279.0,6384.57,2.574677,,,,,,
1780435706.882,3871304.0,6384.551,2.574682,,,,,,
1780435706.883,3871329.0,6384.507,2.574695,,,,,,
1780435706.884,3871354.0,6384.521,2.574691,,,,,,
1780435706.995,3871379.0,6384.614,2.574664,,,,,,
1780435706.997,3871404.0,6384.696,2.57464,,,,,,
1780435706.998,3871429.0,6384.671,2.574647,,,,,,
1780435706.999,3871454.0,6384.795,2.574611,,,,,,
1780435707.097,3871479.0,6384.726,2.574631,,,,,,
1780435707.098,3871504.0,6384.764,2.57462,,,,,,
1780435707.098,3871529.0,6384.646,2.574655,,,,,,
1780435707.099,3871554.0,6384.429,2.574718,,,,,,
1780435707.212,3871579.0,6384.578,2.574674,,,,,,
1780435707.215,3871604.0,6384.728,2.574631,,,,,,
1780435707.217,3871629.0,6384.814,2.574751,,,,,,
1780435707.219,3871654.0,6384.914,2.574723,,,,,,
1780435707.220,3871679.0,6384.958,2.57471,,,,,,
1780435707.328,3871704.0,6385.119,2.574663,,,,,,
1780435707.329,3871729.0,6385.244,2.574627,,,,,,
1780435707.330,3871754.0,6385.219,2.574634,,,,,,
1780435707.331,3871779.0,6385.262,2.574476,,,,,,
1780435707.445,3871804.0,6385.138,2.574512,,,,,,
1780435707.447,3871829.0,6385.081,2.574528,,,,,,
1780435707.448,3871854.0,6385.031,2.574543,,,,,,
1780435707.448,3871879.0,6384.975,2.574559,,,,,,
1780435707.449,3871904.0,6385.118,2.574518,,,,,,
1780435707.546,3871929.0,6385.131,2.574514,,,,,,
1780435707.547,3871954.0,6385.119,2.574517,,,,,,
1780435707.548,3871979.0,6385.244,2.574481,,,,,,
1780435707.550,3872004.0,6385.374,2.574444,,,,,,
1780435707.645,3872029.0,6385.293,2.574467,,,,,,
1780435707.648,3872054.0,6385.404,2.574435,,,,,,
1780435707.649,3872079.0,6385.324,2.574458,,,,,,
1780435707.650,3872104.0,6385.201,2.574494,,,,,,
1780435707.777,3872129.0,6385.087,2.574527,,,,,,
1780435707.779,3872154.0,6385.045,2.574539,,,,,,
1780435707.780,3872179.0,6385.113,2.574519,,,,,,
1780435707.782,3872204.0,6385.007,2.57455,,,,,,
1780435707.783,3872229.0,6384.957,2.574564,,,,,,
1780435707.784,3872254.0,6384.907,2.574579,,,,,,
1780435707.894,3872279.0,6384.92,2.574575,,,,,,
1780435707.896,3872304.0,6384.852,2.574595,,,,,,
1780435707.897,3872329.0,6384.777,2.574617,,,,,,
1780435707.898,3872354.0,6384.759,2.574622,,,,,,
1780435708.003,3872379.0,6384.678,2.574646,,,,,,
1780435708.005,3872404.0,6384.621,2.574808,,,,,,
1780435708.007,3872429.0,6384.527,2.574835,,,,,,
1780435708.009,3872454.0,6384.534,2.574833,,,,,,
1780435708.010,3872479.0,6384.54,2.574831,,,,,,
1780435708.128,3872504.0,6384.527,2.574835,,,,,,
1780435708.130,3872529.0,6384.508,2.57484,,,,,,
1780435708.131,3872554.0,6384.558,2.574826,,,,,,
1780435708.132,3872579.0,6384.664,2.574795,,,,,,
1780435708.228,3872604.0,6384.653,2.574798,,,,,,
1780435708.229,3872629.0,6384.578,2.57482,,,,,,
1780435708.230,3872654.0,6384.659,2.574797,,,,,,
1780435708.231,3872679.0,6384.44,2.57486,,,,,,
1780435708.328,3872704.0,6384.223,2.574923,,,,,,
1780435708.330,3872729.0,6384.266,2.574911,,,,,,
1780435708.330,3872754.0,6384.285,2.574905,,,,,,
1780435708.331,3872779.0,6384.366,2.574882,,,,,,
1780435708.416,3872804.0,6384.409,2.574869,,,,,,
1780435708.416,3872829.0,6384.428,2.574863,,,,,,
1780435708.417,3872854.0,6384.527,2.574835,,,,,,
1780435708.418,3872879.0,6384.659,2.574797,,,,,,
1780435708.497,3872904.0,6384.777,2.574762,,,,,,
1780435708.500,3872929.0,6384.895,2.574728,,,,,,
1780435708.501,3872954.0,6384.764,2.574766,,,,,,
1780435708.595,3872979.0,6384.627,2.574806,,,,,,
1780435708.596,3873004.0,6384.564,2.574824,,,,,,
1780435708.598,3873029.0,6384.541,2.574831,,,,,,
1780435708.599,3873054.0,6384.652,2.574799,,,,,,
1780435708.713,3873079.0,6384.784,2.57476,,,,,,
1780435708.714,3873104.0,6384.846,2.574742,,,,,,
1780435708.715,3873129.0,6384.914,2.574723,,,,,,
1780435708.717,3873154.0,6384.989,2.574701,,,,,,
1780435708.718,3873179.0,6384.908,2.574724,,,,,,
1780435708.812,3873204.0,6384.958,2.57471,,,,,,
1780435708.814,3873229.0,6384.938,2.574716,,,,,,
1780435708.815,3873254.0,6384.733,2.574775,,,,,,
1780435708.816,3873279.0,6384.646,2.5748,,,,,,
1780435708.927,3873304.0,6384.845,2.574743,,,,,,
1780435708.929,3873329.0,6384.951,2.574712,,,,,,
1780435708.930,3873354.0,6384.976,2.574705,,,,,,
1780435708.931,3873379.0,6384.969,2.574707,,,,,,
1780435709.010,3873404.0,6384.988,2.574701,,,,,,
1780435709.012,3873429.0,6384.926,2.574719,,,,,,
1780435709.013,3873454.0,6385.056,2.574681,,,,,,
1780435709.014,3873479.0,6384.994,2.574699,,,,,,
1780435709.127,3873504.0,6384.964,2.574708,,,,,,
1780435709.129,3873529.0,6384.733,2.574775,,,,,,
1780435709.131,3873554.0,6384.608,2.574811,,,,,,
1780435709.132,3873579.0,6384.645,2.574801,,,,,,
1780435709.245,3873604.0,6384.676,2.574792,,,,,,
1780435709.247,3873629.0,6384.714,2.574781,,,,,,
1780435709.248,3873654.0,6384.726,2.574777,,,,,,
1780435709.249,3873679.0,6384.726,2.574777,,,,,,
1780435709.250,3873704.0,6384.646,2.5748,,,,,,
1780435709.363,3873729.0,6384.609,2.574811,,,,,,
1780435709.365,3873754.0,6384.603,2.574813,,,,,,
1780435709.367,3873779.0,6384.416,2.574867,,,,,,
1780435709.368,3873804.0,6384.578,2.57482,,,,,,
1780435709.369,3873829.0,6384.217,2.574925,,,,,,
1780435709.478,3873854.0,6384.086,2.574963,,,,,,
1780435709.479,3873879.0,6384.167,2.574939,,,,,,
1780435709.481,3873904.0,6384.055,2.574972,,,,,,
1780435709.482,3873929.0,6384.024,2.574981,,,,,,
1780435709.593,3873954.0,6384.036,2.574977,,,,,,
1780435709.594,3873979.0,6384.117,2.574954,,,,,,
1780435709.596,3874004.0,6384.154,2.574943,,,,,,
1780435709.597,3874029.0,6384.092,2.574961,,,,,,
1780435709.598,3874054.0,6384.254,2.574914,,,,,,
1780435709.729,3874079.0,6384.274,2.574908,,,,,,
1780435709.731,3874104.0,6384.149,2.574944,,,,,,
1780435709.732,3874129.0,6383.969,2.574997,,,,,,
1780435709.733,3874154.0,6383.981,2.574993,,,,,,
1780435709.734,3874179.0,6383.987,2.574991,,,,,,
1780435709.735,3874204.0,6383.98,2.574993,,,,,,
1780435709.827,3874229.0,6384.018,2.574982,,,,,,
1780435709.829,3874254.0,6384.024,2.574981,,,,,,
1780435709.830,3874279.0,6384.067,2.574968,,,,,,
1780435709.927,3874304.0,6384.093,2.574961,,,,,,
1780435709.928,3874329.0,6384.155,2.574943,,,,,,
1780435709.929,3874354.0,6384.267,2.57491,,,,,,
1780435709.930,3874379.0,6384.348,2.574887,,,,,,
1780435710.045,3874404.0,6384.354,2.574885,,,,,,
1780435710.047,3874429.0,6384.118,2.574954,,,,,,
1780435710.048,3874454.0,6384.21,2.574927,,,,,,
1780435710.050,3874479.0,6384.291,2.574903,,,,,,
1780435710.051,3874504.0,6384.272,2.574909,,,,,,
1780435710.161,3874529.0,6384.31,2.574898,,,,,,
1780435710.162,3874554.0,6384.297,2.574902,,,,,,
1780435710.163,3874579.0,6384.341,2.574889,,,,,,
1780435710.164,3874604.0,6384.322,2.574894,,,,,,
1780435710.165,3874629.0,6384.241,2.574918,,,,,,
1780435710.278,3874654.0,6384.31,2.574898,,,,,,
1780435710.280,3874679.0,6384.311,2.574898,,,,,,
1780435710.281,3874704.0,6384.093,2.574961,,,,,,
1780435710.282,3874729.0,6384.143,2.574946,,,,,,
1780435710.394,3874754.0,6384.199,2.57493,,,,,,
1780435710.395,3874779.0,6384.223,2.574923,,,,,,
1780435710.396,3874804.0,6384.199,2.57493,,,,,,
1780435710.396,3874829.0,6384.267,2.57491,,,,,,
1780435710.397,3874854.0,6384.335,2.57489,,,,,,
1780435710.512,3874879.0,6384.391,2.574874,,,,,,
1780435710.513,3874904.0,6384.435,2.574862,,,,,,
1780435710.514,3874929.0,6384.504,2.574841,,,,,,
1780435710.516,3874954.0,6384.46,2.574854,,,,,,
1780435710.517,3874979.0,6384.322,2.574894,,,,,,
1780435760.698,3925104.0,3517.604,2.686081,,,,,status,l_h=11.800000 c_f=220.000000 q=25.000000
1780435760.700,3925129.0,3517.621,2.686081,,,,,,
1780435760.701,3925154.0,3517.657,2.686081,,,,,,
1780435760.787,3925179.0,3517.593,2.686081,,,,,,
1780435760.788,3925204.0,3517.502,2.686081,,,,,,
1780435760.790,3925229.0,3517.513,2.686081,,,,,,
1780435760.791,3925254.0,3517.536,2.686081,,,,,,
1780435760.846,3925279.0,3517.583,2.685952,,,,,,
1780435760.848,3925304.0,3517.532,2.686081,,,,,,
1780435760.948,3925329.0,3517.609,2.686081,,,,,,
1780435760.950,3925354.0,3517.674,2.686081,,,,,,
1780435760.951,3925379.0,3517.697,2.686081,,,,,,
1780435760.953,3925404.0,3517.634,2.685952,,,,,,
1780435761.032,3925429.0,3517.568,2.685952,,,,,,
1780435761.033,3925454.0,3517.61,2.685823,,,,,,
1780435761.034,3925479.0,3517.633,2.685823,,,,,,
1780435761.035,3925504.0,3517.649,2.685694,,,,,,
1780435761.119,3925529.0,3517.587,2.685694,,,,,,
1780435761.121,3925554.0,3517.668,2.685565,,,,,,
1780435761.122,3925579.0,3517.691,2.685694,,,,,,
1780435761.181,3925604.0,3517.727,2.685694,,,,,,
1780435761.182,3925629.0,3517.657,2.685694,,,,,,
1780435761.183,3925654.0,3517.583,2.685565,,,,,,
1780435761.247,3925679.0,3517.633,2.685565,,,,,,
1780435761.248,3925704.0,3517.646,2.685565,,,,,,
1780435761.349,3925729.0,3517.574,2.685436,,,,,,
1780435761.350,3925754.0,3517.534,2.685565,,,,,,
1780435761.351,3925779.0,3517.538,2.685565,,,,,,
1780435761.352,3925804.0,3517.563,2.685565,,,,,,
1780435761.428,3925829.0,3517.636,2.685437,,,,,,
1780435761.428,3925854.0,3517.606,2.685436,,,,,,
1780435761.429,3925879.0,3517.515,2.685436,,,,,,
1780435761.497,3925904.0,3517.531,2.685436,,,,,,
1780435761.499,3925929.0,3517.587,2.685308,,,,,,
1780435761.500,3925954.0,3517.502,2.685436,,,,,,
1780435761.582,3925979.0,3517.421,2.685436,,,,,,
1780435761.583,3926004.0,3517.376,2.685436,,,,,,
1780435761.585,3926029.0,3517.378,2.685436,,,,,,
1780435761.586,3926054.0,3517.436,2.685436,,,,,,
1780435761.683,3926079.0,3517.442,2.685436,,,,,,
1780435761.684,3926104.0,3517.434,2.685436,,,,,,
1780435761.685,3926129.0,3517.464,2.685436,,,,,,
1780435761.686,3926154.0,3517.497,2.685436,,,,,,
1780435761.764,3926179.0,3517.407,2.685565,,,,,,
1780435761.765,3926204.0,3517.347,2.685436,,,,,,
1780435761.767,3926229.0,3517.298,2.685436,,,,,,
1780435761.867,3926254.0,3517.345,2.685436,,,,,,
1780435761.869,3926279.0,3517.375,2.685436,,,,,,
1780435761.870,3926304.0,3517.345,2.685436,,,,,,
1780435761.870,3926329.0,3517.302,2.685565,,,,,,
1780435761.929,3926354.0,3517.356,2.685565,,,,,,
1780435761.930,3926379.0,3517.413,2.685436,,,,,,
1780435761.996,3926404.0,3517.37,2.685437,,,,,,
1780435762.000,3926429.0,3517.337,2.685437,,,,,,
1780435762.001,3926454.0,3517.327,2.685436,,,,,,
1780435762.083,3926479.0,3517.338,2.685436,,,,,,
1780435762.085,3926504.0,3517.402,2.685436,,,,,,
1780435762.086,3926529.0,3517.381,2.685436,,,,,,
1780435762.087,3926554.0,3517.281,2.685436,,,,,,
1780435762.164,3926579.0,3517.338,2.685308,,,,,,
1780435762.165,3926604.0,3517.421,2.685436,,,,,,
1780435762.167,3926629.0,3517.451,2.685436,,,,,,
1780435762.230,3926654.0,3517.387,2.685436,,,,,,
1780435762.231,3926679.0,3517.387,2.685436,,,,,,
1780435762.238,3926704.0,3517.347,2.685565,,,,,,
1780435762.262,3926729.0,3517.349,2.685565,,,,,,
1780435762.286,3926754.0,3517.313,2.685565,,,,,,
1780435762.309,3926779.0,3517.274,2.685565,,,,,,
1780435762.344,3926804.0,3517.225,2.685437,,,,,,
1780435762.368,3926829.0,3517.3,2.685437,,,,,,
1780435762.391,3926854.0,3517.328,2.685437,,,,,,
1780435762.415,3926879.0,3517.226,2.685436,,,,,,
1780435762.439,3926904.0,3517.181,2.685436,,,,,,
1780435762.464,3926929.0,3517.221,2.685436,,,,,,
1780435762.488,3926954.0,3517.26,2.685436,,,,,,
1780435762.512,3926979.0,3517.198,2.685436,,,,,,
1780435762.536,3927004.0,3517.117,2.685436,,,,,,
1780435762.570,3927029.0,3517.062,2.685436,,,,,,
1780435762.595,3927054.0,3517.079,2.685436,,,,,,
1780435762.619,3927079.0,3517.068,2.685436,,,,,,
1780435762.635,3927104.0,3517.023,2.685436,,,,,status,l_h=11.800000 c_f=220.000000 q=25.000000
1780435762.731,3927129.0,3516.983,2.685565,,,,,,
1780435762.732,3927154.0,3516.973,2.685565,,,,,,
1780435762.734,3927179.0,3517.047,2.685565,,,,,,
1780435762.735,3927204.0,3516.987,2.685565,,,,,,
1780435762.820,3927229.0,3516.889,2.685436,,,,,,
1780435762.822,3927254.0,3516.879,2.685436,,,,,,
1780435762.823,3927279.0,3516.945,2.685436,,,,,,
1780435762.915,3927304.0,3516.985,2.685565,,,,,,
1780435762.917,3927329.0,3516.94,2.685436,,,,,,
1780435762.918,3927354.0,3516.876,2.685436,,,,,,
1780435762.919,3927379.0,3516.844,2.685437,,,,,,
1780435762.996,3927404.0,3516.863,2.685436,,,,,,
1780435762.997,3927429.0,3516.899,2.685436,,,,,,
1780435762.999,3927454.0,3516.844,2.685436,,,,,,
1780435763.083,3927479.0,3516.768,2.685436,,,,,,
1780435763.084,3927504.0,3516.76,2.685436,,,,,,
1780435763.086,3927529.0,3516.849,2.685436,,,,,,
1780435763.087,3927554.0,3516.794,2.685436,,,,,,
1780435763.163,3927579.0,3516.736,2.685308,,,,,,
1780435763.164,3927604.0,3516.758,2.685308,,,,,,
1780435763.164,3927629.0,3516.851,2.685308,,,,,,
1780435763.213,3927654.0,3516.894,2.685308,,,,,,
1780435763.213,3927679.0,3516.883,2.685308,,,,,,
1780435763.261,3927704.0,3516.857,2.685308,,,,,,
1780435763.261,3927729.0,3516.838,2.685308,,,,,,
1780435763.328,3927754.0,3516.921,2.685179,,,,,,
1780435763.329,3927779.0,3516.951,2.685179,,,,,,
1780435763.385,3927804.0,3516.906,2.685179,,,,,,
1780435763.386,3927829.0,3516.9,2.685179,,,,,,
1780435763.386,3927854.0,3516.932,2.685179,,,,,,
1780435763.446,3927879.0,3516.992,2.685179,,,,,,
1780435763.447,3927904.0,3516.972,2.685179,,,,,,
1780435763.519,3927929.0,3516.93,2.68505,,,,,,
1780435763.520,3927954.0,3516.945,2.68505,,,,,,
1780435763.521,3927979.0,3516.986,2.68505,,,,,,
1780435763.580,3928004.0,3517.03,2.68505,,,,,,
1780435763.581,3928029.0,3517.002,2.68505,,,,,,
1780435763.669,3928054.0,3516.962,2.68505,,,,,,
1780435763.671,3928079.0,3516.93,2.68505,,,,,,
1780435763.671,3928104.0,3516.936,2.68505,,,,,,
1780435763.672,3928129.0,3516.997,2.68505,,,,,,
1780435763.731,3928154.0,3516.94,2.68505,,,,,,
1780435763.732,3928179.0,3516.909,2.68505,,,,,,
1780435763.733,3928204.0,3516.874,2.685179,,,,,,
1780435763.829,3928229.0,3516.888,2.685179,,,,,,
1780435763.831,3928254.0,3516.828,2.685179,,,,,,
1780435763.832,3928279.0,3516.796,2.685179,,,,,,
1780435763.834,3928304.0,3516.739,2.685179,,,,,,
1780435763.951,3928329.0,3516.709,2.685179,,,,,,
1780435763.952,3928354.0,3516.749,2.685179,,,,,,
1780435763.954,3928379.0,3516.7,2.685179,,,,,,
1780435763.955,3928404.0,3516.653,2.685179,,,,,,
1780435764.048,3928429.0,3516.604,2.685179,,,,,,
1780435764.051,3928454.0,3516.562,2.685179,,,,,,
1780435764.052,3928479.0,3516.588,2.685179,,,,,,
1780435764.054,3928504.0,3516.536,2.685179,,,,,,
1780435764.130,3928529.0,3516.531,2.685179,,,,,,
1780435764.130,3928554.0,3516.43,2.685179,,,,,,
1780435764.131,3928579.0,3516.371,2.685179,,,,,,
1780435764.200,3928604.0,3516.394,2.685179,,,,,,
1780435764.202,3928629.0,3516.372,2.685179,,,,,,
1780435764.203,3928654.0,3516.33,2.685179,,,,,,
1780435764.283,3928679.0,3516.3,2.685179,,,,,,
1780435764.285,3928704.0,3516.256,2.685179,,,,,,
1780435764.286,3928729.0,3516.342,2.685179,,,,,,
1780435764.287,3928754.0,3516.364,2.685179,,,,,,
1780435764.346,3928779.0,3516.315,2.685308,,,,,,
1780435764.347,3928804.0,3516.279,2.685436,,,,,,
1780435764.413,3928829.0,3516.315,2.685308,,,,,,
1780435764.414,3928854.0,3516.3,2.685308,,,,,,
1780435764.415,3928879.0,3516.278,2.685308,,,,,,
1780435764.514,3928904.0,3516.249,2.685308,,,,,,
1780435764.515,3928929.0,3516.251,2.685308,,,,,,
1780435764.516,3928954.0,3516.227,2.685308,,,,,,
1780435764.517,3928979.0,3516.174,2.685308,,,,,,
1780435764.615,3929004.0,3516.145,2.685308,,,,,,
1780435764.616,3929029.0,3516.091,2.685308,,,,,,
1780435764.617,3929054.0,3516.077,2.685308,,,,,,
1780435764.618,3929079.0,3516.066,2.685308,,,,,,
1780435764.717,3929104.0,3516.047,2.685308,,,,,,
1780435764.720,3929129.0,3516.026,2.685308,,,,,,
1780435764.721,3929154.0,3515.975,2.685308,,,,,,
1780435764.722,3929179.0,3515.985,2.685436,,,,,,
1780435764.795,3929204.0,3516.077,2.685436,,,,,,
1780435764.796,3929229.0,3516.051,2.685436,,,,,,
1780435764.797,3929254.0,3516.009,2.685436,,,,,,
1780435764.864,3929279.0,3516.028,2.685436,,,,,,
1780435764.865,3929304.0,3516.019,2.685436,,,,,,
1780435764.866,3929329.0,3516.119,2.685436,,,,,,
1780435764.944,3929354.0,3516.1,2.685436,,,,,,
1780435764.944,3929379.0,3516.047,2.685436,,,,,,
1780435764.945,3929404.0,3516.028,2.685308,,,,,,
1780435765.006,3929429.0,3516.038,2.685179,,,,,,
1780435765.007,3929454.0,3516.079,2.685179,,,,,,
1780435765.008,3929479.0,3516.058,2.685179,,,,,,
1780435765.070,3929504.0,3516.066,2.685179,,,,,,
1780435765.071,3929529.0,3516.088,2.685179,,,,,,
1780435765.129,3929554.0,3516.073,2.685179,,,,,,
1780435765.129,3929579.0,3516.16,2.685179,,,,,,
1780435765.213,3929604.0,3516.207,2.685179,,,,,,
1780435765.214,3929629.0,3516.158,2.685179,,,,,,
1780435765.214,3929654.0,3516.175,2.685308,,,,,,
1780435765.215,3929679.0,3516.17,2.685308,,,,,,
1780435765.261,3929704.0,3516.238,2.685308,,,,,,
1780435765.263,3929729.0,3516.234,2.685308,,,,,,
1780435765.322,3929754.0,3516.255,2.685308,,,,,,
1780435765.324,3929779.0,3516.241,2.685308,,,,,,
1780435765.400,3929804.0,3516.221,2.685179,,,,,,
1780435765.401,3929829.0,3516.212,2.685179,,,,,,
1780435765.402,3929854.0,3516.2,2.685179,,,,,,
1780435765.481,3929879.0,3516.211,2.685179,,,,,,
1780435765.483,3929904.0,3516.187,2.685179,,,,,,
1780435765.484,3929929.0,3516.192,2.685179,,,,,,
1780435765.485,3929954.0,3516.185,2.685179,,,,,,
1780435765.566,3929979.0,3516.207,2.685179,,,,,,
1780435765.568,3930004.0,3516.19,2.685179,,,,,,
1780435765.569,3930029.0,3516.172,2.685179,,,,,,
1780435765.665,3930054.0,3516.191,2.685179,,,,,,
1780435765.666,3930079.0,3516.194,2.685179,,,,,,
1780435765.668,3930104.0,3516.197,2.685179,,,,,,
1780435765.669,3930129.0,3516.155,2.685179,,,,,,
1780435765.764,3930154.0,3516.102,2.685179,,,,,,
1780435765.767,3930179.0,3516.08,2.685179,,,,,,
1780435765.769,3930204.0,3516.068,2.685179,,,,,,
1780435765.770,3930229.0,3516.021,2.685179,,,,,,
1780435765.863,3930254.0,3516.047,2.685179,,,,,,
1780435765.864,3930279.0,3516.051,2.68505,,,,,,
1780435765.865,3930304.0,3516.04,2.68505,,,,,,
1780435765.866,3930329.0,3516.03,2.68505,,,,,,
1780435765.945,3930354.0,3516.019,2.68505,,,,,,
1780435765.945,3930379.0,3515.964,2.68505,,,,,,
1780435765.946,3930404.0,3515.981,2.68505,,,,,,
1780435766.015,3930429.0,3516.024,2.68505,,,,,,
1780435766.017,3930454.0,3516.03,2.68505,,,,,,
1780435766.018,3930479.0,3516.013,2.68505,,,,,,
1780435766.116,3930504.0,3516.007,2.68505,,,,,,
1780435766.117,3930529.0,3516.0,2.68505,,,,,,
1780435766.118,3930554.0,3515.983,2.68505,,,,,,
1780435766.119,3930579.0,3515.97,2.68505,,,,,,
1780435766.197,3930604.0,3515.93,2.68505,,,,,,
1780435766.199,3930629.0,3515.966,2.68505,,,,,,
1780435766.200,3930654.0,3516.001,2.68505,,,,,,
1780435766.261,3930679.0,3515.983,2.68505,,,,,,
1780435766.263,3930704.0,3515.938,2.68505,,,,,,
1780435766.264,3930729.0,3515.955,2.68505,,,,,,
1780435766.363,3930754.0,3515.998,2.68505,,,,,,
1780435766.365,3930779.0,3516.036,2.68505,,,,,,
1780435766.366,3930804.0,3516.076,2.68505,,,,,,
1780435766.367,3930829.0,3516.107,2.68505,,,,,,
1780435766.450,3930854.0,3516.145,2.68505,,,,,,
1780435766.451,3930879.0,3516.161,2.68505,,,,,,
1780435766.453,3930904.0,3516.134,2.68505,,,,,,
1780435766.530,3930929.0,3516.155,2.68505,,,,,,
1780435766.531,3930954.0,3516.144,2.68505,,,,,,
1780435766.532,3930979.0,3516.179,2.68505,,,,,,
1780435766.533,3931004.0,3516.17,2.68505,,,,,,
1780435766.631,3931029.0,3516.164,2.68505,,,,,,
1780435766.633,3931054.0,3516.17,2.68505,,,,,,
1780435766.634,3931079.0,3516.143,2.68505,,,,,,
1780435766.635,3931104.0,3516.183,2.68505,,,,,,
1780435766.748,3931129.0,3516.194,2.68505,,,,,,
1780435766.750,3931154.0,3516.198,2.68505,,,,,,
1780435766.751,3931179.0,3516.191,2.68505,,,,,,
1780435766.753,3931204.0,3516.198,2.68505,,,,,,
1780435766.846,3931229.0,3516.182,2.68505,,,,,,
1780435766.847,3931254.0,3516.121,2.68505,,,,,,
1780435766.848,3931279.0,3516.114,2.68505,,,,,,
1780435766.849,3931304.0,3516.087,2.68505,,,,,,
1780435766.915,3931329.0,3516.111,2.68505,,,,,,
1780435766.916,3931354.0,3516.106,2.68505,,,,,,
1780435766.918,3931379.0,3516.067,2.68505,,,,,,
1780435766.982,3931404.0,3516.035,2.68505,,,,,,
1780435766.982,3931429.0,3516.009,2.68505,,,,,,
1780435766.983,3931454.0,3515.962,2.68505,,,,,,
1780435767.027,3931479.0,3515.935,2.68505,,,,,,
1780435767.079,3931504.0,3515.926,2.68505,,,,,,
1780435767.080,3931529.0,3515.966,2.68505,,,,,,
1780435767.149,3931554.0,3515.956,2.68505,,,,,,
1780435767.150,3931579.0,3515.994,2.68505,,,,,,
1780435767.151,3931604.0,3515.972,2.68505,,,,,,
1780435767.215,3931629.0,3516.006,2.68505,,,,,,
1780435767.216,3931654.0,3516.041,2.68505,,,,,,
1780435767.218,3931679.0,3516.001,2.68505,,,,,,
1780435767.305,3931704.0,3516.019,2.68505,,,,,,
1780435767.306,3931729.0,3515.996,2.68505,,,,,,
1780435767.308,3931754.0,3515.991,2.68505,,,,,,
1780435767.310,3931779.0,3516.015,2.68505,,,,,,
1780435767.404,3931804.0,3516.044,2.68505,,,,,,
1780435767.405,3931829.0,3516.059,2.68505,,,,,,
1780435767.406,3931854.0,3516.093,2.68505,,,,,,
1780435767.514,3931879.0,3516.164,2.68505,,,,,,
1780435767.517,3931904.0,3516.162,2.68505,,,,,,
1780435767.519,3931929.0,3516.128,2.68505,,,,,,
1780435767.521,3931954.0,3516.136,2.68505,,,,,,
1780435767.523,3931979.0,3516.118,2.68505,,,,,,
1780435767.581,3932004.0,3516.143,2.68505,,,,,,
1780435767.582,3932029.0,3516.198,2.68505,,,,,,
1780435767.583,3932054.0,3516.222,2.68505,,,,,,
1780435767.665,3932079.0,3516.269,2.68505,,,,,,
1780435767.667,3932104.0,3516.292,2.68505,,,,,,
1780435767.668,3932129.0,3516.258,2.68505,,,,,,
1780435767.767,3932154.0,3516.222,2.68505,,,,,,
1780435767.768,3932179.0,3516.228,2.68505,,,,,,
1780435767.769,3932204.0,3516.122,2.68505,,,,,,
1780435767.770,3932229.0,3516.137,2.68505,,,,,,
1780435767.850,3932254.0,3516.175,2.68505,,,,,,
1780435767.852,3932279.0,3516.141,2.68505,,,,,,
1780435767.853,3932304.0,3516.126,2.68505,,,,,,
1780435767.933,3932329.0,3516.053,2.68505,,,,,,
1780435767.935,3932354.0,3516.077,2.68505,,,,,,
1780435767.936,3932379.0,3516.073,2.68505,,,,,,
1780435767.937,3932404.0,3516.072,2.68505,,,,,,
1780435768.016,3932429.0,3516.055,2.68505,,,,,,
1780435768.017,3932454.0,3515.976,2.68505,,,,,,
1780435768.019,3932479.0,3515.964,2.68505,,,,,,
1780435768.098,3932504.0,3515.93,2.68505,,,,,,
1780435768.100,3932529.0,3515.938,2.68505,,,,,,
1780435768.101,3932554.0,3516.006,2.68505,,,,,,
1780435768.182,3932579.0,3515.985,2.68505,,,,,,
1780435768.184,3932604.0,3516.008,2.68505,,,,,,
1780435768.185,3932629.0,3516.0,2.68505,,,,,,
1780435768.186,3932654.0,3515.96,2.68505,,,,,,
1780435768.284,3932679.0,3515.933,2.68505,,,,,,
1780435768.285,3932704.0,3515.853,2.68505,,,,,,
1780435768.286,3932729.0,3515.863,2.68505,,,,,,
1780435768.287,3932754.0,3515.898,2.68505,,,,,,
1780435768.346,3932779.0,3515.93,2.68505,,,,,,
1780435768.346,3932804.0,3515.902,2.68505,,,,,,
1780435768.399,3932829.0,3515.893,2.68505,,,,,,
1780435768.399,3932854.0,3515.87,2.68505,,,,,,
1780435768.464,3932879.0,3515.846,2.68505,,,,,,
1780435768.466,3932904.0,3515.812,2.68505,,,,,,
1780435768.467,3932929.0,3515.824,2.68505,,,,,,
1780435768.532,3932954.0,3515.792,2.68505,,,,,,
1780435768.534,3932979.0,3515.781,2.68505,,,,,,
1780435768.535,3933004.0,3515.823,2.68505,,,,,,
1780435768.595,3933029.0,3515.764,2.68505,,,,,,
1780435768.595,3933054.0,3515.766,2.68505,,,,,,
1780435768.646,3933079.0,3515.776,2.68505,,,,,,
1780435768.647,3933104.0,3515.793,2.68505,,,,,,
1780435768.714,3933129.0,3515.8,2.68505,,,,,,
1780435768.715,3933154.0,3515.798,2.68505,,,,,,
1780435768.717,3933179.0,3515.794,2.68505,,,,,,
1780435768.782,3933204.0,3515.774,2.68505,,,,,,
1780435768.783,3933229.0,3515.781,2.68505,,,,,,
1780435768.784,3933254.0,3515.794,2.684921,,,,,,
1780435768.850,3933279.0,3515.845,2.684921,,,,,,
1780435768.851,3933304.0,3515.87,2.684921,,,,,,
1780435768.933,3933329.0,3515.785,2.684921,,,,,,
1780435768.935,3933354.0,3515.681,2.684921,,,,,,
1780435768.936,3933379.0,3515.679,2.684921,,,,,,
1780435768.937,3933404.0,3515.662,2.684921,,,,,,
1780435769.014,3933429.0,3515.717,2.684921,,,,,,
1780435769.016,3933454.0,3515.745,2.684921,,,,,,
1780435769.017,3933479.0,3515.709,2.684921,,,,,,
1780435769.118,3933504.0,3515.713,2.684921,,,,,,
1780435769.119,3933529.0,3515.74,2.684921,,,,,,
1780435769.120,3933554.0,3515.781,2.684921,,,,,,
1780435769.122,3933579.0,3515.823,2.684921,,,,,,
1780435769.217,3933604.0,3515.793,2.684921,,,,,,
1780435769.219,3933629.0,3515.797,2.684921,,,,,,
1780435769.220,3933654.0,3515.853,2.684921,,,,,,
1780435769.221,3933679.0,3515.895,2.684921,,,,,,
1780435769.300,3933704.0,3515.889,2.684921,,,,,,
1780435769.301,3933729.0,3515.813,2.684921,,,,,,
1780435769.302,3933754.0,3515.845,2.684921,,,,,,
1780435769.400,3933779.0,3515.883,2.684921,,,,,,
1780435769.402,3933804.0,3515.879,2.684921,,,,,,
1780435769.403,3933829.0,3515.864,2.684921,,,,,,
1780435769.405,3933854.0,3515.781,2.684921,,,,,,
1780435769.484,3933879.0,3515.8,2.68505,,,,,,
1780435769.485,3933904.0,3515.817,2.68505,,,,,,
1780435769.486,3933929.0,3515.793,2.68505,,,,,,
1780435769.487,3933954.0,3515.846,2.68505,,,,,,
1780435769.582,3933979.0,3515.879,2.68505,,,,,,
1780435769.584,3934004.0,3515.904,2.68505,,,,,,
1780435769.585,3934029.0,3515.938,2.68505,,,,,,
1780435769.586,3934054.0,3515.944,2.68505,,,,,,
1780435769.681,3934079.0,3515.961,2.68505,,,,,,
1780435769.683,3934104.0,3515.923,2.68505,,,,,,
1780435769.685,3934129.0,3515.962,2.68505,,,,,,
1780435769.686,3934154.0,3515.983,2.68505,,,,,,
1780435769.752,3934179.0,3515.974,2.68505,,,,,,
1780435769.752,3934204.0,3516.009,2.68505,,,,,,
1780435769.816,3934229.0,3515.979,2.68505,,,,,,
1780435769.817,3934254.0,3515.886,2.68505,,,,,,
1780435769.819,3934279.0,3515.926,2.68505,,,,,,
1780435769.914,3934304.0,3515.932,2.68505,,,,,,
1780435769.915,3934329.0,3515.932,2.68505,,,,,,
1780435769.916,3934354.0,3515.923,2.68505,,,,,,
1780435769.918,3934379.0,3515.853,2.684921,,,,,,
1780435770.016,3934404.0,3515.878,2.684921,,,,,,
1780435770.018,3934429.0,3515.915,2.684921,,,,,,
1780435770.019,3934454.0,3515.968,2.684921,,,,,,
1780435770.020,3934479.0,3515.955,2.684921,,,,,,
1780435770.100,3934504.0,3515.917,2.684921,,,,,,
1780435770.101,3934529.0,3515.915,2.684921,,,,,,
1780435770.103,3934554.0,3515.952,2.684921,,,,,,
1780435770.181,3934579.0,3515.992,2.684921,,,,,,
1780435770.182,3934604.0,3516.005,2.684921,,,,,,
1780435770.183,3934629.0,3515.938,2.684921,,,,,,
1780435770.183,3934654.0,3515.94,2.684921,,,,,,
1780435770.249,3934679.0,3515.94,2.684921,,,,,,
1780435770.251,3934704.0,3515.894,2.684921,,,,,,
1780435770.329,3934729.0,3515.894,2.684921,,,,,,
1780435770.330,3934754.0,3515.8,2.684921,,,,,,
1780435770.330,3934779.0,3515.828,2.684921,,,,,,
1780435770.381,3934804.0,3515.866,2.684921,,,,,,
1780435770.381,3934829.0,3515.828,2.684921,,,,,,
1780435770.463,3934854.0,3515.85,2.684921,,,,,,
1780435770.464,3934879.0,3515.824,2.684921,,,,,,
1780435770.465,3934904.0,3515.832,2.684921,,,,,,
1780435770.465,3934929.0,3515.808,2.684921,,,,,,
1780435770.551,3934954.0,3515.844,2.684921,,,,,,
1780435770.553,3934979.0,3515.859,2.684921,,,,,,
1780435770.554,3935004.0,3515.852,2.68505,,,,,,
1780435770.632,3935029.0,3515.729,2.68505,,,,,,
1780435770.633,3935054.0,3515.719,2.68505,,,,,,
1780435770.634,3935079.0,3515.666,2.68505,,,,,,
1780435770.635,3935104.0,3515.698,2.68505,,,,,,
1780435770.732,3935129.0,3515.679,2.68505,,,,,,
1780435770.733,3935154.0,3515.573,2.68505,,,,,,
1780435770.734,3935179.0,3515.567,2.68505,,,,,,
1780435770.735,3935204.0,3515.569,2.68505,,,,,,
1780435770.794,3935229.0,3515.573,2.68505,,,,,,
1780435770.795,3935254.0,3515.581,2.68505,,,,,,
1780435770.846,3935279.0,3515.528,2.684921,,,,,,
1780435770.847,3935304.0,3515.558,2.684921,,,,,,
1780435770.930,3935329.0,3515.624,2.684793,,,,,,
1780435770.931,3935354.0,3515.708,2.684793,,,,,,
1780435770.932,3935379.0,3515.708,2.684793,,,,,,
1780435770.933,3935404.0,3515.587,2.684793,,,,,,
1780435771.029,3935429.0,3515.564,2.684793,,,,,,
1780435771.030,3935454.0,3515.585,2.684793,,,,,,
1780435771.032,3935479.0,3515.564,2.684793,,,,,,
1780435771.034,3935504.0,3515.597,2.684793,,,,,,
1780435771.132,3935529.0,3515.5,2.684793,,,,,,
1780435771.132,3935554.0,3515.468,2.684793,,,,,,
1780435771.133,3935579.0,3515.481,2.684793,,,,,,
1780435771.133,3935604.0,3515.487,2.684793,,,,,,
1780435771.195,3935629.0,3515.515,2.684664,,,,,,
1780435771.196,3935654.0,3515.551,2.684664,,,,,,
1780435771.256,3935679.0,3515.497,2.684664,,,,,,
1780435771.257,3935704.0,3515.546,2.684664,,,,,,
1780435771.257,3935729.0,3515.551,2.684664,,,,,,
1780435771.319,3935754.0,3515.553,2.684664,,,,,,
1780435771.320,3935779.0,3515.601,2.684664,,,,,,
1780435771.379,3935804.0,3515.538,2.684664,,,,,,
1780435771.380,3935829.0,3515.518,2.684664,,,,,,
1780435771.384,3935854.0,3515.564,2.684535,,,,,,
1780435771.418,3935879.0,3515.554,2.684535,,,,,,
1780435771.441,3935904.0,3515.522,2.684664,,,,,,
1780435771.463,3935929.0,3515.436,2.684664,,,,,,
1780435771.486,3935954.0,3515.353,2.684793,,,,,,
1780435771.509,3935979.0,3515.323,2.684793,,,,,,
1780435771.542,3936004.0,3515.345,2.684793,,,,,,
1780435771.565,3936029.0,3515.402,2.684793,,,,,,
1780435771.596,3936054.0,3515.368,2.684793,,,,,,
1780435771.618,3936079.0,3515.279,2.684793,,,,,,
1780435771.640,3936104.0,3515.302,2.684793,,,,,,
1780435771.663,3936129.0,3515.323,2.684793,,,,,,
1780435771.685,3936154.0,3515.328,2.684793,,,,,,
1780435771.718,3936179.0,3515.327,2.684793,,,,,,
1780435771.740,3936204.0,3515.223,2.684793,,,,,,
1780435771.762,3936229.0,3515.244,2.684664,,,,,,
1780435771.786,3936254.0,3515.246,2.684793,,,,,status,l_h=11.800000 c_f=220.000000 q=25.000000
1780435771.864,3936279.0,3515.269,2.684664,,,,,,
1780435771.865,3936304.0,3515.254,2.684664,,,,,,
1780435771.866,3936329.0,3515.167,2.684664,,,,,,
1780435771.929,3936354.0,3515.131,2.684535,,,,,,
1780435771.930,3936379.0,3515.131,2.684535,,,,,,
1780435771.977,3936404.0,3515.103,2.684535,,,,,,
1780435771.978,3936429.0,3515.146,2.684535,,,,,,
1780435772.030,3936454.0,3515.093,2.684535,,,,,,
1780435772.031,3936479.0,3515.025,2.684664,,,,,,
1780435772.083,3936504.0,3515.072,2.684664,,,,,,
1780435772.083,3936529.0,3515.083,2.684664,,,,,,
1780435772.084,3936554.0,3515.104,2.684664,,,,,,
1780435772.164,3936579.0,3515.129,2.684535,,,,,,
1780435772.165,3936604.0,3515.019,2.684407,,,,,,
1780435772.165,3936629.0,3514.97,2.684406,,,,,,
1780435772.229,3936654.0,3514.97,2.684406,,,,,,
1780435772.230,3936679.0,3514.98,2.684277,,,,,,
1780435772.298,3936704.0,3515.044,2.684277,,,,,,
1780435772.300,3936729.0,3514.959,2.684278,,,,,,
1780435772.301,3936754.0,3514.897,2.684149,,,,,,
1780435772.362,3936779.0,3514.899,2.684149,,,,,,
1780435772.363,3936804.0,3514.935,2.684149,,,,,,
1780435772.363,3936829.0,3514.952,2.684149,,,,,,
1780435772.410,3936854.0,3514.887,2.684149,,,,,,
1780435772.411,3936879.0,3514.812,2.684149,,,,,,
1780435772.461,3936904.0,3514.722,2.684149,,,,,,
1780435772.462,3936929.0,3514.78,2.684149,,,,,,
1780435772.527,3936954.0,3514.822,2.684149,,,,,,
1780435772.528,3936979.0,3514.825,2.684278,,,,,,
1780435772.595,3937004.0,3514.795,2.684278,,,,,,
1780435772.595,3937029.0,3514.75,2.684278,,,,,,
1780435772.596,3937054.0,3514.684,2.684149,,,,,,
1780435772.643,3937079.0,3514.731,2.684149,,,,,,
1780435772.644,3937104.0,3514.729,2.684149,,,,,,
1780435772.717,3937129.0,3514.674,2.684149,,,,,,
1780435772.717,3937154.0,3514.659,2.684149,,,,,,
1780435772.718,3937179.0,3514.593,2.684149,,,,,,
1780435772.771,3937204.0,3514.591,2.684277,,,,,,
1780435772.772,3937229.0,3514.708,2.684406,,,,,,
1780435772.846,3937254.0,3514.712,2.684406,,,,,,
1780435772.848,3937279.0,3514.665,2.684277,,,,,,
1780435772.849,3937304.0,3514.61,2.684278,,,,,,
1780435772.913,3937329.0,3514.542,2.684277,,,,,,
1780435772.914,3937354.0,3514.618,2.684277,,,,,,
1780435772.914,3937379.0,3514.672,2.684277,,,,,,
1780435772.981,3937404.0,3514.661,2.684277,,,,,,
1780435772.982,3937429.0,3514.612,2.684278,,,,,,
1780435772.983,3937454.0,3514.587,2.684278,,,,,,
1780435773.035,3937479.0,3514.535,2.684278,,,,,,
1780435773.036,3937504.0,3514.584,2.684278,,,,,,
1780435773.111,3937529.0,3514.655,2.684407,,,,,,
1780435773.111,3937554.0,3514.631,2.684407,,,,,,
1780435773.112,3937579.0,3514.534,2.684278,,,,,,
1780435773.178,3937604.0,3514.525,2.684278,,,,,,
1780435773.178,3937629.0,3514.555,2.684278,,,,,,
1780435773.226,3937654.0,3514.631,2.684278,,,,,,
1780435773.227,3937679.0,3514.671,2.684407,,,,,,
1780435773.294,3937704.0,3514.614,2.684407,,,,,,
1780435773.294,3937729.0,3514.582,2.684407,,,,,,
1780435773.295,3937754.0,3514.505,2.684406,,,,,,
1780435773.359,3937779.0,3514.56,2.684277,,,,,,
1780435773.360,3937804.0,3514.601,2.684277,,,,,,
1780435773.360,3937829.0,3514.573,2.684277,,,,,,
1780435773.426,3937854.0,3514.476,2.684277,,,,,,
1780435773.427,3937879.0,3514.481,2.684277,,,,,,
1780435773.478,3937904.0,3514.48,2.684406,,,,,,
1780435773.478,3937929.0,3514.532,2.684535,,,,,,
1780435773.545,3937954.0,3514.559,2.684535,,,,,,
1780435773.546,3937979.0,3514.52,2.684535,,,,,,
1780435773.547,3938004.0,3514.476,2.684535,,,,,,
1780435773.606,3938029.0,3514.446,2.684535,,,,,,
1780435773.607,3938054.0,3514.502,2.684535,,,,,,
1780435773.607,3938079.0,3514.557,2.684535,,,,,,
1780435773.670,3938104.0,3514.606,2.684664,,,,,,
1780435773.671,3938129.0,3514.593,2.684664,,,,,,
1780435773.726,3938154.0,3514.504,2.684664,,,,,,
1780435773.727,3938179.0,3514.476,2.684664,,,,,,
1780435773.795,3938204.0,3514.552,2.684793,,,,,,
1780435773.796,3938229.0,3514.574,2.684793,,,,,,
1780435773.796,3938254.0,3514.51,2.684793,,,,,,
1780435773.860,3938279.0,3514.46,2.684664,,,,,,
1780435773.861,3938304.0,3514.407,2.684535,,,,,,
1780435773.861,3938329.0,3514.397,2.684535,,,,,,
1780435773.910,3938354.0,3514.435,2.684535,,,,,,
1780435773.910,3938379.0,3514.494,2.684535,,,,,,
1780435773.977,3938404.0,3514.456,2.684664,,,,,,
1780435773.977,3938429.0,3514.447,2.684535,,,,,,
1780435774.043,3938454.0,3514.462,2.684535,,,,,,
1780435774.043,3938479.0,3514.537,2.684535,,,,,,
1780435774.043,3938504.0,3514.533,2.684535,,,,,,
1780435774.111,3938529.0,3514.554,2.684535,,,,,,
1780435774.112,3938554.0,3514.509,2.684535,,,,,,
1780435774.113,3938579.0,3514.514,2.684406,,,,,,
1780435774.194,3938604.0,3514.458,2.684406,,,,,,
1780435774.194,3938629.0,3514.505,2.684535,,,,,,
1780435774.195,3938654.0,3514.56,2.684407,,,,,,
1780435774.243,3938679.0,3514.501,2.684407,,,,,,
1780435774.244,3938704.0,3514.442,2.684278,,,,,,
1780435774.294,3938729.0,3514.395,2.684149,,,,,,
1780435774.294,3938754.0,3514.346,2.684149,,,,,,
1780435774.358,3938779.0,3514.437,2.684149,,,,,,
1780435774.359,3938804.0,3514.446,2.684149,,,,,,
1780435774.360,3938829.0,3514.412,2.684149,,,,,,
1780435774.421,3938854.0,3514.314,2.68402,,,,,,
1780435774.421,3938879.0,3514.296,2.683891,,,,,,
1780435774.476,3938904.0,3514.277,2.68402,,,,,,
1780435774.477,3938929.0,3514.326,2.684149,,,,,,
1780435774.532,3938954.0,3514.392,2.68402,,,,,,
1780435774.532,3938979.0,3514.353,2.68402,,,,,,
1780435774.533,3939004.0,3514.339,2.68402,,,,,,
1780435774.595,3939029.0,3514.305,2.68402,,,,,,
1780435774.595,3939054.0,3514.354,2.684149,,,,,,
1780435774.658,3939079.0,3514.379,2.684149,,,,,,
1780435774.658,3939104.0,3514.332,2.684149,,,,,,
1780435774.658,3939129.0,3514.299,2.684149,,,,,,
1780435774.721,3939154.0,3514.281,2.684149,,,,,,
1780435774.722,3939179.0,3514.244,2.684149,,,,,,
1780435774.785,3939204.0,3514.271,2.684277,,,,,,
1780435774.785,3939229.0,3514.322,2.684149,,,,,,
1780435774.786,3939254.0,3514.286,2.684149,,,,,,
1780435774.848,3939279.0,3514.233,2.684277,,,,,,
1780435774.849,3939304.0,3514.222,2.684277,,,,,,
1780435774.913,3939329.0,3514.203,2.684406,,,,,,
1780435774.915,3939354.0,3514.284,2.684535,,,,,,
1780435774.915,3939379.0,3514.313,2.684535,,,,,,
1780435774.979,3939404.0,3514.288,2.684535,,,,,,
1780435774.980,3939429.0,3514.246,2.684535,,,,,,
1780435775.049,3939454.0,3514.228,2.684535,,,,,,
1780435775.050,3939479.0,3514.252,2.684664,,,,,,
1780435775.051,3939504.0,3514.333,2.684793,,,,,,
1780435775.112,3939529.0,3514.369,2.684793,,,,,,
1780435775.113,3939554.0,3514.322,2.684664,,,,,,
1780435775.114,3939579.0,3514.235,2.684793,,,,,,
1780435775.178,3939604.0,3514.224,2.684793,,,,,,
1780435775.179,3939629.0,3514.261,2.684793,,,,,,
1780435775.237,3939654.0,3514.268,2.684664,,,,,,
1780435775.238,3939679.0,3514.211,2.684664,,,,,,
1780435775.239,3939704.0,3514.153,2.684535,,,,,,
1780435775.296,3939729.0,3514.107,2.684407,,,,,,
1780435775.297,3939754.0,3514.094,2.684407,,,,,,
1780435775.362,3939779.0,3514.16,2.684407,,,,,,
1780435775.364,3939804.0,3514.222,2.684407,,,,,,
1780435775.365,3939829.0,3514.213,2.684407,,,,,,
1780435775.447,3939854.0,3514.205,2.684535,,,,,,
1780435775.447,3939879.0,3514.156,2.684535,,,,,,
1780435775.448,3939904.0,3514.141,2.684535,,,,,,
1780435775.495,3939929.0,3514.173,2.684535,,,,,,
1780435775.495,3939954.0,3514.212,2.684535,,,,,,
1780435775.550,3939979.0,3514.131,2.684406,,,,,,
1780435775.551,3940004.0,3514.08,2.684406,,,,,,
1780435775.605,3940029.0,3514.071,2.684406,,,,,,
1780435775.606,3940054.0,3514.073,2.684277,,,,,,
1780435775.607,3940079.0,3514.101,2.684277,,,,,,
1780435775.678,3940104.0,3514.154,2.684277,,,,,,
1780435775.680,3940129.0,3514.086,2.684278,,,,,,
1780435775.732,3940154.0,3514.047,2.684278,,,,,,
1780435775.733,3940179.0,3514.033,2.684407,,,,,,
1780435775.734,3940204.0,3514.114,2.684407,,,,,,
1780435775.794,3940229.0,3514.177,2.684278,,,,,,
1780435775.795,3940254.0,3514.143,2.684277,,,,,,
1780435775.849,3940279.0,3514.141,2.684406,,,,,,
1780435775.850,3940304.0,3514.135,2.684407,,,,,,
1780435775.911,3940329.0,3514.134,2.684535,,,,,,
1780435775.911,3940354.0,3514.207,2.684664,,,,,,
1780435775.912,3940379.0,3514.249,2.684664,,,,,,
1780435775.981,3940404.0,3514.198,2.684664,,,,,,
1780435775.982,3940429.0,3514.167,2.684535,,,,,,
1780435775.982,3940454.0,3514.122,2.684407,,,,,,
1780435776.041,3940479.0,3514.083,2.684278,,,,,,
1780435776.042,3940504.0,3514.132,2.684277,,,,,,
1780435776.103,3940529.0,3514.198,2.684277,,,,,,
1780435776.103,3940554.0,3514.16,2.684149,,,,,,
1780435776.159,3940579.0,3514.137,2.684149,,,,,,
1780435776.159,3940604.0,3514.158,2.684149,,,,,,
1780435776.160,3940629.0,3514.15,2.684149,,,,,,
1780435776.222,3940654.0,3514.175,2.684149,,,,,,
1780435776.223,3940679.0,3514.208,2.684278,,,,,,
1780435776.286,3940704.0,3514.192,2.684278,,,,,,
1780435776.287,3940729.0,3514.165,2.684149,,,,,,
1780435776.287,3940754.0,3514.143,2.684149,,,,,,
1780435776.349,3940779.0,3514.125,2.684149,,,,,,
1780435776.350,3940804.0,3514.197,2.684149,,,,,,
1780435776.408,3940829.0,3514.173,2.684149,,,,,,
1780435776.409,3940854.0,3514.09,2.684278,,,,,,
1780435776.410,3940879.0,3514.056,2.684277,,,,,,
1780435776.473,3940904.0,3514.039,2.684277,,,,,,
1780435776.474,3940929.0,3514.115,2.684277,,,,,,
1780435776.536,3940954.0,3514.154,2.684277,,,,,,
1780435776.537,3940979.0,3514.136,2.684277,,,,,,
1780435776.537,3941004.0,3514.073,2.684277,,,,,,
1780435776.596,3941029.0,3513.983,2.684277,,,,,,
1780435776.597,3941054.0,3513.984,2.684277,,,,,,
1780435776.660,3941079.0,3514.045,2.684406,,,,,,
1780435776.661,3941104.0,3514.101,2.684535,,,,,,
1780435776.661,3941129.0,3514.095,2.684535,,,,,,
1780435776.724,3941154.0,3514.069,2.684535,,,,,,
1780435776.725,3941179.0,3514.043,2.684664,,,,,,
1780435776.783,3941204.0,3514.058,2.684664,,,,,,
1780435776.784,3941229.0,3514.09,2.684793,,,,,,
1780435776.784,3941254.0,3514.136,2.684793,,,,,,
1780435776.848,3941279.0,3514.12,2.684793,,,,,,
1780435776.849,3941304.0,3514.07,2.684793,,,,,,
1780435776.912,3941329.0,3513.992,2.684793,,,,,,
1780435776.913,3941354.0,3513.989,2.684921,,,,,,
1780435776.913,3941379.0,3514.052,2.684921,,,,,,
1780435776.975,3941404.0,3514.113,2.684793,,,,,,
1780435776.984,3941429.0,3514.052,2.684793,,,,,,
1780435776.985,3941454.0,3514.033,2.684793,,,,,,
1780435777.047,3941479.0,3513.992,2.684664,,,,,,
1780435777.048,3941504.0,3514.55,2.684793,,,,,,
1780435777.100,3941529.0,3514.915,2.684922,,,,,,
1780435777.100,3941554.0,3515.149,2.684922,,,,,,
1780435777.163,3941579.0,3515.404,2.684922,,,,,,
1780435777.164,3941604.0,3515.769,2.68505,,,,,,
1780435777.164,3941629.0,3516.37,2.685179,,,,,,
1780435777.227,3941654.0,3517.261,2.685437,,,,,,
1780435777.227,3941679.0,3523.518,2.687376,,,,,,
1780435777.290,3941704.0,3531.152,2.689707,,,,,,
1780435777.290,3941729.0,3548.349,2.694788,,,,,,
1780435777.291,3941754.0,3568.797,2.700661,,,,,,
1780435777.362,3941779.0,3593.957,2.707861,,,,,,
1780435777.363,3941804.0,3625.959,2.71693,,,,,,
1780435777.363,3941829.0,3662.303,2.727075,,,,,,
1780435777.425,3941854.0,3698.899,2.73722,,,,,,
1780435777.426,3941879.0,3735.875,2.747499,,,,,,
1780435777.479,3941904.0,3775.99,2.75859,,,,,,
1780435777.481,3941929.0,3817.268,2.76995,,,,,,
1780435777.542,3941954.0,3859.736,2.781581,,,,,,
1780435777.543,3941979.0,3902.568,2.793348,,,,,,
1780435777.543,3942004.0,3945.333,2.805115,,,,,,
1780435777.607,3942029.0,3988.111,2.817011,,,,,,
1780435777.608,3942054.0,4030.927,2.828778,,,,,,
1780435777.609,3942079.0,4073.695,2.840545,,,,,,
1780435777.662,3942104.0,4116.714,2.852441,,,,,,
1780435777.662,3942129.0,4159.042,2.864079,,,,,,
1780435777.732,3942154.0,4201.753,2.875854,,,,,,
1780435777.733,3942179.0,4244.434,2.887621,,,,,,
1780435777.734,3942204.0,4286.777,2.899388,,,,,,
1780435777.795,3942229.0,4328.903,2.911026,,,,,,
1780435777.795,3942254.0,4370.262,2.922529,,,,,,
1780435777.861,3942279.0,4411.502,2.933903,,,,,,
1780435777.862,3942304.0,4439.816,2.941699,,,,,,
1780435777.862,3942329.0,4463.6,2.948304,,,,,,
1780435777.923,3942354.0,4476.812,2.95189,,,,,,
1780435777.925,3942379.0,4484.934,2.95415,,,,,,
1780435778.014,3942404.0,4487.161,2.954683,,,,,,
1780435778.015,3942429.0,4481.641,2.953212,,,,,,
1780435778.017,3942454.0,4468.013,2.949735,,,,,,
1780435778.018,3942479.0,4454.119,2.946126,,,,,,
1780435778.097,3942504.0,4435.144,2.941059,,,,,,
1780435778.098,3942529.0,4413.405,2.935446,,,,,,
1780435778.099,3942554.0,4389.459,2.929167,,,,,,
1780435778.159,3942579.0,4363.76,2.922353,,,,,,
1780435778.160,3942604.0,4337.388,2.915535,,,,,,
1780435778.161,3942629.0,4308.67,2.907928,,,,,,
1780435778.222,3942654.0,4256.055,2.893092,,,,,,
1780435778.223,3942679.0,4202.156,2.877876,,,,,,
1780435778.285,3942704.0,4148.083,2.862534,,,,,,
1780435778.286,3942729.0,4093.73,2.847191,,,,,,
1780435778.287,3942754.0,4038.671,2.831595,,,,,,
1780435778.350,3942779.0,3983.32,2.815863,,,,,,
1780435778.352,3942804.0,3928.018,2.800268,,,,,,
1780435778.412,3942829.0,3873.133,2.784672,,,,,,
1780435778.413,3942854.0,3817.891,2.76895,,,,,,
1780435778.415,3942879.0,3763.147,2.753237,,,,,,
1780435778.477,3942904.0,3707.864,2.737398,,,,,,
1780435778.478,3942929.0,3659.894,2.723584,,,,,,
1780435778.537,3942954.0,3615.038,2.710441,,,,,,
1780435778.539,3942979.0,3571.159,2.697439,,,,,,
1780435778.540,3943004.0,3529.211,2.685099,,,,,,
1780435778.610,3943029.0,3488.377,2.673033,,,,,,
1780435778.611,3943054.0,3448.455,2.6611,,,,,,
1780435778.612,3943079.0,3412.348,2.650098,,,,,,
1780435778.678,3943104.0,3376.19,2.639229,,,,,,
1780435778.679,3943129.0,3344.718,2.629808,,,,,,
1780435778.764,3943154.0,3312.858,2.620123,,,,,,
1780435778.766,3943179.0,3282.139,2.610708,,,,,,
1780435778.767,3943204.0,3252.028,2.601683,,,,,,
1780435778.768,3943229.0,3222.552,2.592652,,,,,,
1780435778.846,3943254.0,3195.782,2.58441,,,,,,
1780435778.848,3943279.0,3193.256,2.583523,,,,,,
1780435778.849,3943304.0,3192.462,2.583144,,,,,,
1780435778.928,3943329.0,3192.196,2.583017,,,,,,
1780435778.929,3943354.0,3191.954,2.582891,,,,,,
1780435778.930,3943379.0,3192.417,2.583017,,,,,,
1780435778.995,3943404.0,3193.637,2.58327,,,,,,
1780435778.996,3943429.0,3195.396,2.583776,,,,,,
1780435778.997,3943454.0,3197.373,2.58441,,,,,,
1780435779.047,3943479.0,3200.289,2.585296,,,,,,
1780435779.049,3943504.0,3207.945,2.58771,,,,,,
1780435779.103,3943529.0,3217.703,2.590762,,,,,,
1780435779.105,3943554.0,3233.148,2.595615,,,,,,
1780435779.174,3943579.0,3252.379,2.601633,,,,,,
1780435779.174,3943604.0,3273.859,2.608297,,,,,,
1780435779.176,3943629.0,3297.992,2.615618,,,,,,
1780435779.237,3943654.0,3323.552,2.623457,,,,,,
1780435779.238,3943679.0,3360.914,2.634724,,,,,,
1780435779.239,3943704.0,3399.165,2.646125,,,,,,
1780435779.304,3943729.0,3439.61,2.658191,,,,,,
1780435779.306,3943754.0,3487.428,2.672005,,,,,,
1780435779.367,3943779.0,3535.577,2.68582,,,,,,
1780435779.369,3943804.0,3584.456,2.700029,,,,,,
1780435779.370,3943829.0,3637.975,2.715327,,,,,,
1780435779.431,3943854.0,3692.072,2.730633,,,,,,
1780435779.432,3943879.0,3745.858,2.74594,,,,,,
1780435779.434,3943904.0,3802.619,2.762069,,,,,,
1780435779.492,3943929.0,3860.265,2.778345,,,,,,
1780435779.492,3943954.0,3917.507,2.794493,,,,,,
1780435779.558,3943979.0,3974.728,2.810642,,,,,,
1780435779.560,3944004.0,4032.113,2.82679,,,,,,
1780435779.561,3944029.0,4089.508,2.842948,,,,,,
1780435779.620,3944054.0,4146.412,2.858852,,,,,,
1780435779.621,3944079.0,4203.066,2.87463,,,,,,
1780435779.688,3944104.0,4259.327,2.890417,,,,,,
1780435779.689,3944129.0,4310.862,2.904803,,,,,,
1780435779.690,3944154.0,4360.764,2.918678,,,,,,
1780435779.745,3944179.0,4405.299,2.930752,,,,,,
1780435779.746,3944204.0,4445.584,2.941524,,,,,,
1780435779.805,3944229.0,4483.522,2.951776,,,,,,
1780435779.806,3944254.0,4518.391,2.961109,,,,,,
1780435779.869,3944279.0,4551.719,2.97005,,,,,,
1780435779.870,3944304.0,4572.743,2.975427,,,,,,
1780435779.871,3944329.0,4592.389,2.980535,,,,,,
1780435779.962,3944354.0,4609.604,2.984977,,,,,,
1780435779.964,3944379.0,4618.993,2.987409,,,,,,
1780435779.965,3944404.0,4627.622,2.989705,,,,,,
1780435779.966,3944429.0,4606.583,2.983989,,,,,,
1780435780.048,3944454.0,4575.282,2.975491,,,,,,
1780435780.049,3944479.0,4542.681,2.966726,,,,,,
1780435780.050,3944504.0,4510.089,2.958092,,,,,,
1780435780.129,3944529.0,4470.494,2.947339,,,,,,
1780435780.130,3944554.0,4428.762,2.936055,,,,,,
1780435780.131,3944579.0,4385.225,2.924253,,,,,,
1780435780.192,3944604.0,4341.737,2.912452,,,,,,
1780435780.193,3944629.0,4295.989,2.899877,,,,,,
1780435780.194,3944654.0,4249.377,2.887295,,,,,,
1780435780.255,3944679.0,4201.949,2.874455,,,,,,
1780435780.256,3944704.0,4154.124,2.861486,,,,,,
1780435780.320,3944729.0,4096.558,2.845319,,,,,,
1780435780.321,3944754.0,4038.963,2.829025,,,,,,
1780435780.323,3944779.0,3980.341,2.812477,,,,,,
1780435780.385,3944804.0,3921.483,2.79593,,,,,,
1780435780.387,3944829.0,3862.558,2.779266,,,,,,
1780435780.388,3944854.0,3803.673,2.762603,,,,,,
1780435780.447,3944879.0,3744.933,2.745949,,,,,,
1780435780.448,3944904.0,3686.241,2.729295,,,,,,
1780435780.516,3944929.0,3627.8,2.712776,,,,,,
1780435780.518,3944954.0,3569.715,2.696268,,,,,,
1780435780.519,3944979.0,3511.971,2.67976,,,,,,
1780435780.579,3945004.0,3454.686,2.663388,,,,,,
1780435780.580,3945029.0,3397.808,2.647277,,,,,,
1780435780.632,3945054.0,3369.865,2.638783,,,,,,
1780435780.633,3945079.0,3347.519,2.631984,,,,,,
1780435780.634,3945104.0,3325.448,2.625189,,,,,,
1780435781.282,3945706.0,3343.317,2.630064,,,,,calibrate,
1780435781.283,3945731.0,3367.788,2.636909,,,,,,
1780435781.332,3945756.0,3398.41,2.645354,,,,,,
1780435781.333,3945781.0,3431.55,2.654584,,,,,,
1780435781.393,3945806.0,3468.183,2.664624,,,,,,
1780435781.394,3945831.0,3509.783,2.676113,,,,,,
1780435781.395,3945856.0,3551.81,2.687609,,,,,,
1780435781.457,3945881.0,3596.178,2.699769,,,,,,
1780435781.458,3945906.0,3641.839,2.712193,,,,,,
1780435781.460,3945931.0,3699.448,2.728361,,,,,,
1780435781.526,3945956.0,3758.025,2.744792,,,,,,
1780435781.527,3945981.0,3817.763,2.761475,,,,,,
1780435781.592,3946006.0,3877.656,2.778159,,,,,,
1780435781.593,3946031.0,3937.874,2.795094,,,,,,
1780435781.593,3946056.0,3998.418,2.812031,,,,,,
1780435781.646,3946081.0,4059.025,2.829093,,,,,,
1780435781.647,3946106.0,4119.917,2.846292,,,,,,
1780435781.709,3946131.0,4181.16,2.863491,,,,,,
1780435781.710,3946156.0,4242.623,2.880816,,,,,,
1780435781.711,3946181.0,4303.652,2.898005,,,,,,
1780435781.773,3946206.0,4364.208,2.915194,,,,,,
1780435781.773,3946231.0,4424.094,2.931984,,,,,,
1780435781.837,3946256.0,4483.628,2.9489,,,,,,
1780435781.838,3946281.0,4542.487,2.965554,,,,,,
1780435781.838,3946306.0,4600.968,2.982198,,,,,,
1780435781.901,3946331.0,4618.639,2.986771,,,,,,
1780435781.902,3946356.0,4615.972,2.986104,,,,,,
1780435781.957,3946381.0,4601.02,2.982238,,,,,,
1780435781.957,3946406.0,4576.176,2.975475,,,,,,
1780435782.030,3946431.0,4547.698,2.967904,,,,,,
1780435782.030,3946456.0,4516.675,2.959656,,,,,,
1780435782.031,3946481.0,4485.084,2.951143,,,,,,
1780435782.091,3946506.0,4451.122,2.941961,,,,,,
1780435782.091,3946531.0,4416.381,2.932644,,,,,,
1780435782.092,3946556.0,4379.334,2.922646,,,,,,
1780435782.160,3946581.0,4341.383,2.912643,,,,,,
1780435782.161,3946606.0,4303.351,2.902641,,,,,,
1780435782.161,3946631.0,4265.216,2.892507,,,,,,
1780435782.211,3946656.0,4227.25,2.882374,,,,,,
1780435782.212,3946681.0,4189.061,2.872371,,,,,,
1780435782.275,3946706.0,4151.112,2.862238,,,,,,
1780435782.276,3946731.0,4112.979,2.851968,,,,,,
1780435782.331,3946756.0,4074.784,2.841828,,,,,,
1780435782.331,3946781.0,4036.374,2.831689,,,,,,
1780435782.394,3946806.0,3998.482,2.821555,,,,,,
1780435782.394,3946831.0,3960.997,2.811553,,,,,,
1780435782.395,3946856.0,3924.12,2.801822,,,,,,
1780435782.458,3946881.0,3887.592,2.792091,,,,,,
1780435782.458,3946906.0,3851.852,2.782497,,,,,,
1780435782.459,3946931.0,3816.467,2.773038,,,,,,
1780435782.523,3946956.0,3781.953,2.763851,,,,,,
1780435782.524,3946981.0,3764.837,2.758974,,,,,,
1780435782.586,3947006.0,3754.696,2.756084,,,,,,
1780435782.586,3947031.0,3753.756,2.755693,,,,,,
1780435782.587,3947056.0,3753.024,2.755301,,,,,,
1780435782.659,3947081.0,3752.06,2.75491,,,,,,
1780435782.659,3947106.0,3751.462,2.754779,,,,,,
1780435782.660,3947131.0,3751.643,2.754779,,,,,,
1780435782.712,3947156.0,3751.64,2.754779,,,,,,
1780435782.712,3947181.0,3751.832,2.75491,,,,,,
1780435782.776,3947206.0,3752.019,2.754779,,,,,,
1780435782.777,3947231.0,3752.01,2.754649,,,,,,
1780435782.840,3947256.0,3752.04,2.754779,,,,,,
1780435782.841,3947281.0,3752.201,2.754779,,,,,,
1780435782.842,3947306.0,3752.271,2.754779,,,,,,
1780435782.903,3947331.0,3752.272,2.75491,,,,,,
1780435782.903,3947356.0,3752.244,2.75504,,,,,,
1780435782.966,3947381.0,3752.269,2.75504,,,,,,
1780435782.967,3947406.0,3752.371,2.75504,,,,,,
1780435782.967,3947431.0,3752.265,2.75504,,,,,,
1780435783.022,3947456.0,3752.293,2.75491,,,,,,
1780435783.022,3947481.0,3752.429,2.75491,,,,,,
1780435783.087,3947506.0,3752.478,2.754779,,,,,,
1780435783.088,3947531.0,3752.343,2.754779,,,,,,
1780435783.089,3947556.0,3752.36,2.754779,,,,,,
1780435783.161,3947581.0,3752.379,2.754649,,,,,,
1780435783.162,3947606.0,3752.377,2.754779,,,,,,
1780435783.163,3947631.0,3752.265,2.754779,,,,,,
1780435783.186,3947656.0,3752.246,2.863063,,,,,,
1780435783.223,3947681.0,3752.314,2.863174,,,,,,
1780435783.245,3947706.0,3752.387,2.863284,,,,,,
1780435783.267,3947731.0,3752.31,2.863176,,,,,,
1780435783.290,3947756.0,3752.377,2.863287,,,,,,
1780435783.312,3947781.0,3752.458,2.863395,,,,,,
1780435783.345,3947806.0,3752.358,2.863292,,,,,,
1780435783.489,3947831.0,3752.276,2.863315,,,,,,
1780435783.490,3947953.0,3752.261,2.86332,,,,,,
1780435783.513,3947978.0,3752.266,2.863318,,,,,,
1780435783.535,3948003.0,3752.193,2.863339,,,,,,
1780435783.569,3948028.0,3752.192,2.863209,,,,,rotate on,OK rotated on
1780435783.647,3948053.0,3752.186,2.86321,,,,,,
1780435783.647,3948078.0,3752.173,2.863214,,,,,,
1780435783.648,3948103.0,3752.206,2.863205,,,,,,
1780435783.710,3948128.0,3752.147,2.863221,,,,,,
1780435783.711,3948153.0,3752.126,2.863227,,,,,,
1780435783.711,3948178.0,3752.054,2.863247,,,,,,
1780435783.774,3948203.0,3752.046,2.863249,,,,,,
1780435783.774,3948228.0,3752.036,2.863383,,,,,,
1780435783.836,3948253.0,3752.078,2.86324,,,,,,
1780435783.837,3948278.0,3752.063,2.863245,,,,,,
1780435783.837,3948303.0,3752.062,2.863245,,,,,,
1780435783.900,3948328.0,3752.087,2.863238,,,,,,
1780435783.900,3948353.0,3752.176,2.863213,,,,,,
1780435783.964,3948378.0,3752.235,2.863196,,,,,,
1780435783.965,3948403.0,3752.224,2.863199,,,,,,
1780435783.965,3948428.0,3752.196,2.863207,,,,,,
1780435784.031,3948453.0,3752.227,2.863199,,,,,,
1780435784.032,3948478.0,3752.091,2.863106,,,,,,
1780435784.033,3948503.0,3752.098,2.863104,,,,,,
1780435784.095,3948528.0,3752.059,2.863115,,,,,,
1780435784.095,3948553.0,3752.106,2.863102,,,,,,
1780435784.161,3948578.0,3752.083,2.863239,,,,,,
1780435784.162,3948603.0,3752.128,2.863096,,,,,,
1780435784.163,3948628.0,3752.092,2.863106,,,,,,
1780435784.212,3948653.0,3751.98,2.863268,,,,,,
1780435784.214,3948678.0,3752.021,2.863126,,,,,,
1780435784.274,3948703.0,3752.098,2.862974,,,,,,
1780435784.276,3948728.0,3752.038,2.862991,,,,,,
1780435784.342,3948753.0,3751.989,2.863004,,,,,,
1780435784.343,3948778.0,3752.081,2.862978,,,,,,
1780435784.344,3948803.0,3752.165,2.863086,,,,,,
1780435784.394,3948828.0,3752.081,2.863109,,,,,,
1780435784.395,3948853.0,3752.055,2.863116,,,,,,
1780435784.462,3948878.0,3752.128,2.863226,,,,,,
1780435784.463,3948903.0,3752.15,2.86322,,,,,,
1780435784.465,3948928.0,3752.115,2.86323,,,,,,
1780435784.530,3948953.0,3752.033,2.863122,,,,,,
1780435784.530,3948978.0,3752.04,2.86312,,,,,,
1780435784.531,3949003.0,3752.031,2.863254,,,,,,
1780435784.586,3949028.0,3751.952,2.863145,,,,,,
1780435784.587,3949053.0,3751.876,2.863036,,,,,,
1780435784.650,3949078.0,3751.919,2.863154,,,,,,
1780435784.650,3949103.0,3752.029,2.863124,,,,,,
1780435784.714,3949128.0,3751.992,2.863003,,,,,,
1780435784.714,3949153.0,3752.089,2.862976,,,,,,
1780435784.715,3949178.0,3752.134,2.862964,,,,,,
1780435784.777,3949203.0,3752.21,2.862812,,,,,,
1780435784.778,3949228.0,3752.16,2.862957,,,,,,
1780435784.840,3949253.0,3752.209,2.862943,,,,,,
1780435784.841,3949278.0,3752.36,2.86277,,,,,,
1780435784.842,3949303.0,3752.282,2.862922,,,,,,
1780435784.909,3949328.0,3752.246,2.863063,,,,,,
1780435784.910,3949353.0,3752.302,2.862917,,,,,,
1780435784.910,3949378.0,3752.356,2.862902,,,,,,
1780435784.968,3949403.0,3752.313,2.863044,,,,,,
1780435784.969,3949428.0,3752.294,2.86305,,,,,,
1780435785.027,3949453.0,3752.382,2.863025,,,,,,
1780435785.028,3949478.0,3752.388,2.863023,,,,,,
1780435785.091,3949503.0,3752.369,2.862898,,,,,,
1780435785.092,3949528.0,3752.36,2.86277,,,,,,
1780435785.092,3949553.0,3752.446,2.862877,,,,,,
1780435785.146,3949578.0,3752.501,2.862861,,,,,,
1780435785.147,3949603.0,3752.497,2.862732,,,,,,
1780435785.214,3949628.0,3752.546,2.862718,,,,,,
1780435785.215,3949653.0,3752.6,2.862703,,,,,,
1780435785.216,3949678.0,3752.602,2.862703,,,,,,
1780435785.279,3949703.0,3752.574,2.86258,,,,,,
1780435785.280,3949728.0,3752.589,2.862706,,,,,,
1780435785.348,3949753.0,3752.591,2.862705,,,,,,
1780435785.349,3949778.0,3752.486,2.862735,,,,,,
1780435785.350,3949803.0,3752.398,2.86289,,,,,,
1780435785.412,3949828.0,3752.398,2.86289,,,,,,
1780435785.414,3949853.0,3752.413,2.862755,,,,,,
1780435785.415,3949878.0,3752.354,2.862902,,,,,,
1780435785.464,3949903.0,3752.294,2.86305,,,,,,
1780435785.466,3949928.0,3752.362,2.8629,,,,,,
1780435785.517,3949953.0,3752.377,2.862896,,,,,,
1780435785.518,3949978.0,3752.323,2.863041,,,,,,
1780435785.593,3950003.0,3752.375,2.863027,,,,,,
1780435785.594,3950028.0,3752.401,2.86302,,,,,,
1780435785.596,3950053.0,3752.369,2.863029,,,,,,
1780435785.650,3950078.0,3752.311,2.862914,,,,,,
1780435785.652,3950103.0,3752.276,2.862793,,,,,,
1780435785.713,3950128.0,3752.311,2.862914,,,,,,
1780435785.713,3950153.0,3752.251,2.862931,,,,,,
1780435785.714,3950178.0,3752.184,2.862819,,,,,,
1780435785.776,3950203.0,3752.255,2.86293,,,,,,
1780435785.778,3950228.0,3752.304,2.863047,,,,,,
1780435785.840,3950253.0,3752.27,2.862926,,,,,,
1780435785.841,3950278.0,3752.179,2.862951,,,,,,
1780435785.841,3950303.0,3752.3,2.863048,,,,,,
1780435785.898,3950328.0,3752.327,2.86304,,,,,,
1780435785.899,3950353.0,3752.306,2.862916,,,,,,
1780435785.961,3950378.0,3752.296,2.863049,,,,,,
1780435785.962,3950403.0,3752.394,2.863022,,,,,,
1780435785.963,3950428.0,3752.399,2.86289,,,,,,
1780435786.027,3950453.0,3752.41,2.863017,,,,,,
1780435786.028,3950478.0,3752.392,2.863153,,,,,,
1780435786.093,3950503.0,3752.461,2.863003,,,,,,
1780435786.095,3950528.0,3752.521,2.862986,,,,,,
1780435786.096,3950553.0,3752.45,2.863137,,,,,,
1780435786.157,3950578.0,3752.39,2.863153,,,,,,
1780435786.158,3950603.0,3752.414,2.863147,,,,,,
1780435786.159,3950628.0,3752.354,2.863163,,,,,,
1780435786.212,3950653.0,3752.293,2.86305,,,,,,
1780435786.213,3950678.0,3752.272,2.862925,,,,,,
1780435786.278,3950703.0,3752.268,2.863057,,,,,,
1780435786.279,3950728.0,3752.289,2.863051,,,,,,
1780435786.333,3950753.0,3752.19,2.862948,,,,,,
1780435786.334,3950778.0,3752.308,2.863045,,,,,,
1780435786.334,3950803.0,3752.278,2.863054,,,,,,
1780435786.411,3950828.0,3752.184,2.86295,,,,,,
1780435786.413,3950853.0,3752.087,2.862846,,,,,,
1780435786.414,3950878.0,3752.102,2.862973,,,,,,
1780435786.477,3950903.0,3752.167,2.862955,,,,,,
1780435786.478,3950928.0,3752.008,2.862868,,,,,,
1780435786.533,3950953.0,3751.907,2.863027,,,,,,
1780435786.535,3950978.0,3751.87,2.863037,,,,,,
1780435786.535,3951003.0,3751.862,2.862909,,,,,,
1780435786.596,3951028.0,3751.746,2.863072,,,,,,
1780435786.596,3951053.0,3751.703,2.863215,,,,,,
1780435786.658,3951078.0,3751.671,2.863224,,,,,,
1780435786.659,3951103.0,3751.692,2.863218,,,,,,
1780435786.660,3951128.0,3751.614,2.86337,,,,,,
1780435786.723,3951153.0,3751.513,2.863398,,,,,,
1780435786.724,3951178.0,3751.563,2.863384,,,,,,
1780435786.786,3951203.0,3751.614,2.86337,,,,,,
1780435786.787,3951228.0,3751.558,2.863255,,,,,,
1780435786.788,3951253.0,3751.53,2.863132,,,,,,
1780435786.851,3951278.0,3751.537,2.863261,,,,,,
1780435786.852,3951303.0,3751.494,2.863273,,,,,,
1780435786.915,3951328.0,3751.497,2.863142,,,,,,
1780435786.917,3951353.0,3751.557,2.863255,,,,,,
1780435786.918,3951378.0,3751.6,2.863374,,,,,,
1780435786.977,3951403.0,3751.537,2.863261,,,,,,
1780435786.978,3951428.0,3751.529,2.863263,,,,,,
1780435787.044,3951453.0,3751.604,2.863373,,,,,,
1780435787.044,3951478.0,3751.636,2.863364,,,,,,
1780435787.045,3951503.0,3751.528,2.863263,,,,,,
1780435787.106,3951528.0,3751.475,2.863409,,,,,,
1780435787.107,3951553.0,3751.479,2.863538,,,,,,
1780435787.108,3951578.0,3751.434,2.86355,,,,,,
1780435787.161,3951603.0,3751.339,2.863577,,,,,,
1780435787.161,3951628.0,3751.6,2.863765,,,,,,
1780435787.233,3951653.0,3752.327,2.863693,,,,,,
1780435787.234,3951678.0,3753.356,2.863667,,,,,,
1780435787.236,3951703.0,3758.894,2.863691,,,,,,
1780435787.306,3951728.0,3768.956,2.86377,,,,,,
1780435787.308,3951753.0,3781.004,2.863692,,,,,,
1780435787.309,3951778.0,3803.232,2.863568,,,,,,
1780435787.361,3951803.0,3827.653,2.863368,,,,,,
1780435787.361,3951828.0,3857.484,2.86314,,,,,,
1780435787.409,3951853.0,3888.446,2.862862,,,,,,
1780435787.411,3951878.0,3919.643,2.862653,,,,,,
1780435787.472,3951903.0,3953.13,2.862216,,,,,,
1780435787.473,3951928.0,3986.742,2.862011,,,,,,
1780435787.535,3951953.0,4020.189,2.861716,,,,,,
1780435787.537,3951978.0,4054.634,2.861283,,,,,,
1780435787.538,3952003.0,4090.758,2.86079,,,,,,
1780435787.602,3952028.0,4126.989,2.860396,,,,,,
1780435787.603,3952053.0,4163.245,2.859996,,,,,,
1780435787.662,3952078.0,4199.421,2.859488,,,,,,
1780435787.663,3952103.0,4235.608,2.859243,,,,,,
1780435787.664,3952128.0,4271.997,2.858942,,,,,,
1780435787.730,3952153.0,4308.569,2.858459,,,,,,
1780435787.731,3952178.0,4344.919,2.858038,,,,,,
1780435787.733,3952203.0,4381.307,2.85747,,,,,,
1780435787.797,3952228.0,4417.283,2.857148,,,,,,
1780435787.799,3952253.0,4452.532,2.856632,,,,,,
1780435787.862,3952278.0,4484.173,2.85631,,,,,,
1780435787.863,3952303.0,4509.776,2.856191,,,,,,
1780435787.864,3952328.0,4529.769,2.856061,,,,,,
1780435787.921,3952353.0,4542.59,2.855808,,,,,,
1780435787.922,3952378.0,4553.309,2.855747,,,,,,
1780435787.984,3952403.0,4551.547,2.855837,,,,,,
1780435787.985,3952428.0,4542.699,2.856035,,,,,,
1780435787.986,3952453.0,4527.898,2.856281,,,,,,
1780435788.050,3952478.0,4491.322,2.856567,,,,,,
1780435788.051,3952503.0,4455.662,2.856722,,,,,,
1780435788.111,3952528.0,4416.726,2.857121,,,,,,
1780435788.113,3952553.0,4377.128,2.85718,,,,,,
1780435788.114,3952578.0,4329.749,2.857105,,,,,,
1780435788.178,3952603.0,4279.485,2.857053,,,,,,
1780435788.179,3952628.0,4225.038,2.856997,,,,,,
1780435788.242,3952653.0,4167.313,2.856843,,,,,,
1780435788.243,3952678.0,4108.236,2.856561,,,,,,
1780435788.244,3952703.0,4048.82,2.856248,,,,,,
1780435788.314,3952728.0,3988.986,2.855916,,,,,,
1780435788.315,3952753.0,3928.48,2.855519,,,,,,
1780435788.316,3952778.0,3867.391,2.855159,,,,,,
1780435788.374,3952803.0,3806.452,2.854631,,,,,,
1780435788.375,3952828.0,3745.376,2.854278,,,,,,
1780435788.433,3952853.0,3686.626,2.854031,,,,,,
1780435788.434,3952878.0,3628.19,2.853833,,,,,,
1780435788.435,3952903.0,3572.529,2.853547,,,,,,
1780435788.497,3952928.0,3522.548,2.8529,,,,,,
1780435788.498,3952953.0,3473.604,2.852233,,,,,,
1780435788.562,3952978.0,3427.314,2.851758,,,,,,
1780435788.563,3953003.0,3381.188,2.851236,,,,,,
1780435788.564,3953028.0,3337.457,2.850455,,,,,,
1780435788.622,3953053.0,3298.48,2.849807,,,,,,
1780435788.623,3953078.0,3260.081,2.849004,,,,,,
1780435788.683,3953103.0,3242.327,2.848466,,,,,,
1780435788.684,3953128.0,3223.417,2.847865,,,,,,
1780435788.685,3953153.0,3205.463,2.847254,,,,,,
1780435788.743,3953178.0,3188.112,2.846736,,,,,,
1780435788.868,3953203.0,3178.763,2.846553,,,,,,
1780435788.870,3953324.0,3173.124,2.846476,,,,,,
1780435788.963,3953349.0,3170.637,2.84641,,,,,,
1780435788.965,3953374.0,3171.553,2.846534,,,,,,
1780435788.966,3953399.0,3174.011,2.846732,,,,,,
1780435788.967,3953424.0,3176.733,2.846983,,,,,,
1780435789.041,3953449.0,3180.749,2.847,,,,,,
1780435789.043,3953474.0,3186.243,2.847235,,,,,,
1780435789.044,3953499.0,3195.435,2.847584,,,,,,
1780435789.121,3953524.0,3205.672,2.848149,,,,,,
1780435789.123,3953549.0,3222.735,2.848862,,,,,,
1780435789.124,3953574.0,3238.14,2.849413,,,,,,
1780435789.179,3953599.0,3262.095,2.850044,,,,,,
1780435789.179,3953624.0,3290.376,2.850772,,,,,,
1780435789.179,3953649.0,3321.346,2.851532,,,,,,
1780435789.251,3953674.0,3354.451,2.852355,,,,,,
1780435789.261,3953699.0,3397.741,2.852999,,,,,,
1780435789.263,3953724.0,3444.422,2.853635,,,,,,
1780435789.324,3953749.0,3491.674,2.854237,,,,,,
1780435789.325,3953774.0,3543.099,2.854623,,,,,,
1780435789.377,3953799.0,3595.683,2.855082,,,,,,
1780435789.377,3953824.0,3652.011,2.855317,,,,,,
1780435789.378,3953849.0,3709.045,2.855616,,,,,,
1780435789.427,3953874.0,3766.272,2.855871,,,,,,
1780435789.428,3953899.0,3823.967,2.856257,,,,,,
1780435789.495,3953924.0,3884.126,2.856373,,,,,,
1780435789.496,3953949.0,3942.647,2.856314,,,,,,
1780435789.553,3953974.0,4000.599,2.856424,,,,,,
1780435789.553,3953999.0,4058.356,2.856461,,,,,,
1780435789.554,3954024.0,4115.913,2.856555,,,,,,
1780435789.615,3954049.0,4173.494,2.856642,,,,,,
1780435789.616,3954074.0,4230.221,2.85684,,,,,,
1780435789.677,3954099.0,4286.182,2.856873,,,,,,
1780435789.678,3954124.0,4338.861,2.856802,,,,,,
1780435789.678,3954149.0,4390.603,2.856611,,,,,,
1780435789.746,3954174.0,4435.584,2.856252,,,,,,
1780435789.747,3954199.0,4480.388,2.855949,,,,,,
1780435789.809,3954224.0,4516.367,2.855507,,,,,,
1780435789.810,3954249.0,4547.89,2.854994,,,,,,
1780435789.810,3954274.0,4576.505,2.854636,,,,,,
1780435789.872,3954299.0,4602.715,2.854017,,,,,,
1780435789.873,3954324.0,4617.097,2.853639,,,,,,
1780435789.936,3954349.0,4617.148,2.853491,,,,,,
1780435789.938,3954374.0,4614.745,2.853626,,,,,,
1780435789.939,3954399.0,4607.705,2.853711,,,,,,
1780435790.001,3954424.0,4592.013,2.854077,,,,,,
1780435790.002,3954449.0,4559.859,2.854408,,,,,,
1780435790.003,3954474.0,4526.946,2.854814,,,,,,
1780435790.063,3954499.0,4492.689,2.85507,,,,,,
1780435790.064,3954524.0,4452.611,2.855257,,,,,,
1780435790.127,3954549.0,4410.006,2.855735,,,,,,
1780435790.128,3954574.0,4364.881,2.856141,,,,,,
1780435790.129,3954599.0,4319.379,2.856516,,,,,,
1780435790.190,3954624.0,4267.563,2.856601,,,,,,
1780435790.190,3954649.0,4210.545,2.856484,,,,,,
1780435790.255,3954674.0,4152.671,2.856352,,,,,,
1780435790.256,3954699.0,4094.632,2.85614,,,,,,
1780435790.257,3954724.0,4035.887,2.855998,,,,,,
1780435790.317,3954749.0,3976.136,2.855885,,,,,,
1780435790.318,3954774.0,3916.075,2.855732,,,,,,
1780435790.380,3954799.0,3856.057,2.855567,,,,,,
1780435790.382,3954824.0,3795.458,2.855176,,,,,,
1780435790.383,3954849.0,3735.17,2.854834,,,,,,
1780435790.450,3954874.0,3675.3,2.854512,,,,,,
1780435790.451,3954899.0,3615.355,2.85421,,,,,,
1780435790.452,3954924.0,3555.683,2.854105,,,,,,
1780435790.512,3954949.0,3497.634,2.853691,,,,,,
1780435790.513,3954974.0,3450.548,2.853051,,,,,,
1780435790.576,3954999.0,3405.262,2.85231,,,,,,
1780435790.577,3955024.0,3360.499,2.851692,,,,,,
1780435790.578,3955049.0,3323.202,2.850854,,,,,,
1780435790.640,3955074.0,3298.594,2.850157,,,,,,
1780435790.641,3955099.0,3273.986,2.849462,,,,,,
1780435790.702,3955124.0,3250.554,2.848828,,,,,,
1780435790.703,3955149.0,3232.444,2.848267,,,,,,
1780435790.704,3955174.0,3214.234,2.847604,,,,,,
1780435790.779,3955199.0,3198.389,2.847057,,,,,,
1780435790.781,3955224.0,3183.01,2.846505,,,,,,
1780435790.782,3955249.0,3174.297,2.846146,,,,,,
1780435790.845,3955274.0,3171.26,2.846109,,,,,,
1780435790.846,3955299.0,3169.578,2.846073,,,,,,
1780435790.907,3955324.0,3168.566,2.846102,,,,,,
1780435790.907,3955349.0,3168.533,2.846112,,,,,,
1780435790.908,3955374.0,3169.69,2.846041,,,,,,
1780435790.931,3955399.0,3171.12,2.846021,,,,,,
1780435790.954,3955424.0,3172.866,2.846039,,,,,,
1780435790.988,3955449.0,3175.771,2.846239,,,,,,
1780435791.011,3955474.0,3179.673,2.846414,,,,,,
1780435791.034,3955499.0,3184.982,2.846577,,,,,,
1780435791.057,3955524.0,3195.094,2.846801,,,,,,
1780435791.080,3955549.0,3211.937,2.847331,,,,,,
1780435791.114,3955574.0,3230.65,2.847983,,,,,,
1780435791.136,3955599.0,3256.344,2.848899,,,,,,
1780435791.158,3955624.0,3283.869,2.849696,,,,,,
1780435791.181,3955649.0,3316.413,2.850538,,,,,,
1780435791.208,3955674.0,3350.864,2.851376,,,,,,
1780435791.232,3955699.0,3390.419,2.852115,,,,,,
1780435791.255,3955724.0,3436.889,2.852793,,,,,,
1780435791.278,3955749.0,3487.108,2.853364,,,,,,
1780435791.318,3955774.0,3539.109,2.853842,,,,,crack_output on,OK crack_output on
1780435791.444,3955799.0,3593.851,2.85423,,,,,,
1780435791.445,3955824.0,3649.639,2.854597,,,,,,
1780435791.446,3955849.0,3707.948,2.854947,,,,,,
1780435791.446,3955874.0,3766.133,2.855333,,,,,,
1780435791.447,3955899.0,3826.758,2.855464,,,,,,
1780435791.529,3955924.0,3888.044,2.855421,,,,,,
1780435791.530,3955949.0,3948.75,2.855551,,,,,,
1780435791.531,3955974.0,4009.253,2.85561,,,,,,
1780435791.533,3955999.0,4069.564,2.855723,,,,,,
1780435791.588,3956024.0,4129.883,2.855834,,,,,,
1780435791.589,3956049.0,4189.979,2.856016,,,,,,
1780435791.649,3956074.0,4249.379,2.856004,,,,,,
1780435791.649,3956099.0,4307.77,2.85602,,,,,,
1780435791.709,3956124.0,4364.918,2.856002,,,,,,
1780435791.710,3956149.0,4417.709,2.855799,,,,,,
1780435791.711,3956174.0,4463.791,2.855283,,,,,,
1780435791.776,3956199.0,4507.313,2.854828,,,,,,
1780435791.777,3956224.0,4543.349,2.85425,,,,,,
1780435791.778,3956249.0,4577.147,2.853768,,,,,,
1780435791.842,3956274.0,4602.306,2.853436,,,,,,
1780435791.843,3956299.0,4611.607,2.853365,,,,,,
1780435791.899,3956324.0,4614.158,2.853319,,,,,,
1780435791.900,3956349.0,4609.585,2.853258,,,,,,
1780435791.958,3956374.0,4597.042,2.85342,,,,,,
1780435791.959,3956399.0,4578.715,2.853732,,,,,,
1780435791.959,3956424.0,4557.535,2.854166,,,,,,
1780435792.025,3956449.0,4535.283,2.854628,,,,,,
1780435792.026,3956474.0,4510.307,2.854906,,,,,,
1780435792.027,3956499.0,4484.994,2.855278,,,,,,
1780435792.093,3956524.0,4456.322,2.855775,,,,,,
1780435792.095,3956549.0,4425.842,2.856509,,,,,,
1780435792.161,3956574.0,4395.264,2.857134,,,,,,
1780435792.163,3956599.0,4364.294,2.857737,,,,,,
1780435792.164,3956624.0,4332.613,2.858406,,,,,,
1780435792.210,3956649.0,4299.767,2.859006,,,,,,
1780435792.211,3956674.0,4263.411,2.859401,,,,,,
1780435792.274,3956699.0,4217.035,2.859869,,,,,,
1780435792.276,3956724.0,4172.322,2.860262,,,,,,
1780435792.336,3956749.0,4145.964,2.860898,,,,,,
1780435792.337,3956774.0,4128.766,2.861375,,,,,,
1780435792.338,3956799.0,4096.314,2.861996,,,,,,
1780435792.400,3956824.0,4046.737,2.862336,,,,,,
1780435792.402,3956849.0,3998.39,2.862461,,,,,,
1780435792.403,3956874.0,3958.773,2.86287,,,,,,
1780435792.463,3956899.0,3930.515,2.863147,,,,,,
1780435792.463,3956924.0,3921.927,2.863283,,,,,,
1780435792.538,3956949.0,3913.228,2.863456,,,,,,
1780435792.539,3956974.0,3899.971,2.863586,,,,,,
1780435792.541,3956999.0,3884.749,2.86363,,,,,,
1780435792.609,3957024.0,3873.964,2.863493,,,,,,
1780435792.610,3957049.0,3870.994,2.8634,,,,,,
1780435792.611,3957074.0,3898.658,2.86292,,,,,,
1780435792.662,3957099.0,3934.88,2.862098,,,,,,
1780435792.663,3957124.0,3949.611,2.861979,,,,,,
1780435792.725,3957149.0,3921.939,2.861421,,,,,,
1780435792.726,3957174.0,3901.859,2.861044,,,,,,
1780435792.789,3957199.0,3889.246,2.860775,,,,,,
1780435792.789,3957224.0,3895.377,2.860782,,,,,,
1780435792.790,3957249.0,3919.755,2.860386,,,,,,
1780435792.851,3957274.0,3941.743,2.860105,,,,,,
1780435792.852,3957299.0,3940.603,2.860162,,,,,,
1780435792.852,3957324.0,3948.816,2.860206,,,,,,
1780435792.924,3957349.0,3952.057,2.860338,,,,,,
1780435792.925,3957374.0,3933.991,2.860013,,,,,,
1780435792.971,3957399.0,3940.26,2.859875,,,,,,
1780435792.972,3957424.0,3985.421,2.858725,,,,,,
1780435793.034,3957449.0,4037.97,2.858238,,,,,,
1780435793.035,3957474.0,4036.307,2.858188,,,,,,
1780435793.036,3957499.0,4031.09,2.85809,,,,,,
1780435793.126,3957524.0,4023.314,2.858038,,,,,,
1780435793.127,3957549.0,4030.945,2.857903,,,,,,
1780435793.129,3957574.0,4047.203,2.857494,,,,,,
1780435793.129,3957599.0,4071.789,2.857152,,,,,,
1780435793.190,3957624.0,4086.971,2.857119,,,,,,
1780435793.190,3957649.0,4088.981,2.85721,,,,,,
1780435793.278,3957674.0,4081.94,2.857212,,,,,,
1780435793.280,3957699.0,4043.262,2.857489,,,,,,
1780435793.281,3957724.0,4000.458,2.858309,,,,,,
1780435793.282,3957749.0,3986.5,2.858344,,,,,,
1780435793.357,3957774.0,4017.857,2.858931,,,,,,
1780435793.358,3957799.0,4034.59,2.85919,,,,,,
1780435793.359,3957824.0,4039.942,2.859257,,,,,,
1780435793.439,3957849.0,4030.029,2.859122,,,,,,
1780435793.440,3957874.0,4000.431,2.859402,,,,,,
1780435793.440,3957899.0,4005.439,2.859356,,,,,,
1780435793.489,3957924.0,4038.471,2.858926,,,,,,
1780435793.489,3957949.0,4064.186,2.858772,,,,,,
1780435793.577,3957974.0,4077.849,2.858759,,,,,,
1780435793.579,3957999.0,4072.598,2.858679,,,,,,
1780435793.580,3958024.0,4034.362,2.858556,,,,,,
1780435793.581,3958049.0,3979.063,2.859533,,,,,,
1780435793.663,3958074.0,3950.059,2.860229,,,,,,
1780435793.664,3958099.0,3977.94,2.860543,,,,,,
1780435793.666,3958124.0,3993.783,2.860554,,,,,,
1780435793.741,3958149.0,3996.664,2.860401,,,,,,
1780435793.742,3958174.0,3980.354,2.860328,,,,,,
1780435793.742,3958199.0,3961.63,2.860634,,,,,,
1780435793.809,3958224.0,3953.917,2.860771,,,,,,
1780435793.811,3958249.0,3979.188,2.860173,,,,,,
1780435793.812,3958274.0,4011.933,2.859683,,,,,,
1780435793.888,3958299.0,4014.002,2.859627,,,,,,
1780435793.889,3958324.0,4011.561,2.859659,,,,,,
1780435793.889,3958349.0,4003.346,2.859479,,,,,,
1780435793.955,3958374.0,3988.043,2.859306,,,,,,
1780435793.955,3958399.0,3978.377,2.859108,,,,,,
1780435793.956,3958424.0,3979.092,2.85917,,,,,,
1780435794.009,3958449.0,3980.425,2.85919,,,,,,
1780435794.010,3958474.0,3969.81,2.859031,,,,,,
1780435794.088,3958499.0,3960.127,2.858876,,,,,,
1780435794.089,3958524.0,3923.783,2.859069,,,,,,
1780435794.089,3958549.0,3899.487,2.859425,,,,,,
1780435794.155,3958574.0,3909.568,2.859046,,,,,,
1780435794.156,3958599.0,3933.818,2.858575,,,,,,
1780435794.157,3958624.0,3943.59,2.858821,,,,,,
1780435794.223,3958649.0,3947.493,2.859021,,,,,,
1780435794.224,3958674.0,3941.441,2.858901,,,,,,
1780435794.287,3958699.0,3920.317,2.858659,,,,,,
1780435794.288,3958724.0,3902.936,2.858644,,,,,,
1780435794.288,3958749.0,3900.137,2.858768,,,,,,
1780435794.348,3958774.0,3903.115,2.858851,,,,,,
1780435794.350,3958799.0,3896.023,2.858748,,,,,,
1780435794.425,3958824.0,3880.963,2.858394,,,,,,
1780435794.427,3958849.0,3855.001,2.858527,,,,,,
1780435794.428,3958874.0,3819.127,2.859054,,,,,,
1780435794.429,3958899.0,3816.82,2.859157,,,,,,
1780435794.510,3958924.0,3853.149,2.858622,,,,,,
1780435794.512,3958949.0,3879.452,2.858532,,,,,,
1780435794.513,3958974.0,3895.481,2.858634,,,,,,
1780435794.591,3958999.0,3895.591,2.858733,,,,,,
1780435794.592,3959024.0,3888.112,2.858738,,,,,,
1780435794.594,3959049.0,3890.107,2.858706,,,,,,
1780435794.672,3959074.0,3923.77,2.858377,,,,,,
1780435794.674,3959099.0,3970.67,2.857906,,,,,,
1780435794.675,3959124.0,4009.711,2.857712,,,,,,
1780435794.761,3959149.0,4003.682,2.857457,,,,,,
1780435794.763,3959174.0,3987.222,2.857478,,,,,,
1780435794.764,3959199.0,3949.275,2.858089,,,,,,
1780435794.765,3959224.0,3935.447,2.858578,,,,,,
1780435794.848,3959249.0,3971.104,2.858198,,,,,,
1780435794.849,3959274.0,4008.731,2.858012,,,,,,
1780435794.851,3959299.0,4023.757,2.858499,,,,,,
1780435794.921,3959324.0,4026.908,2.858782,,,,,,
1780435794.923,3959349.0,4023.916,2.858838,,,,,,
1780435794.923,3959374.0,4021.737,2.858921,,,,,,
1780435794.988,3959399.0,4054.25,2.858657,,,,,,
1780435794.988,3959424.0,4103.197,2.858061,,,,,,
1780435794.989,3959449.0,4148.026,2.858003,,,,,,
1780435795.056,3959474.0,4160.015,2.858053,,,,,,
1780435795.057,3959499.0,4149.076,2.858117,,,,,,
1780435795.058,3959524.0,4113.311,2.858561,,,,,,
1780435795.122,3959549.0,4088.206,2.859253,,,,,,
1780435795.123,3959574.0,4100.018,2.859057,,,,,,
1780435795.192,3959599.0,4122.283,2.858865,,,,,,
1780435795.193,3959624.0,4142.483,2.859132,,,,,,
1780435795.194,3959649.0,4148.087,2.859389,,,,,,
1780435795.254,3959674.0,4135.852,2.859408,,,,,,
1780435795.255,3959699.0,4098.697,2.859928,,,,,,
1780435795.256,3959724.0,4089.827,2.860501,,,,,,
1780435795.306,3959749.0,4105.98,2.860085,,,,,,
1780435795.307,3959774.0,4157.442,2.85979,,,,,,
1780435795.395,3959799.0,4186.348,2.859754,,,,,,
1780435795.396,3959824.0,4170.969,2.85941,,,,,,
1780435795.397,3959849.0,4145.204,2.859614,,,,,,
1780435795.483,3959874.0,4113.269,2.860261,,,,,,
1780435795.484,3959899.0,4112.707,2.860553,,,,,,
1780435795.485,3959924.0,4142.467,2.859998,,,,,,
1780435795.486,3959949.0,4174.899,2.859794,,,,,,
1780435795.559,3959974.0,4182.187,2.859975,,,,,,
1780435795.560,3959999.0,4173.991,2.859917,,,,,,
1780435795.562,3960024.0,4132.506,2.860341,,,,,,
1780435795.640,3960049.0,4106.64,2.861202,,,,,,
1780435795.641,3960074.0,4114.682,2.86087,,,,,,
1780435795.642,3960099.0,4150.582,2.860253,,,,,,
1780435795.703,3960124.0,4188.246,2.860044,,,,,,
1780435795.704,3960149.0,4179.539,2.859639,,,,,,
1780435795.704,3960174.0,4160.519,2.859448,,,,,,
1780435795.754,3960199.0,4123.678,2.859769,,,,,,
1780435795.755,3960224.0,4112.392,2.860089,,,,,,
1780435795.804,3960249.0,4131.731,2.859527,,,,,,
1780435795.805,3960274.0,4162.478,2.859192,,,,,,
1780435795.854,3960299.0,4169.621,2.859414,,,,,,
1780435795.855,3960324.0,4168.505,2.859335,,,,,,
1780435795.909,3960349.0,4130.822,2.859525,,,,,,
1780435795.909,3960374.0,4092.325,2.860433,,,,,,
1780435795.972,3960399.0,4088.054,2.860533,,,,,,
1780435795.973,3960424.0,4109.881,2.859863,,,,,,
1780435796.037,3960449.0,4156.842,2.859881,,,,,,
1780435796.038,3960474.0,4159.192,2.859615,,,,,,
1780435796.038,3960499.0,4152.385,2.859429,,,,,,
1780435796.099,3960524.0,4116.722,2.859321,,,,,,
1780435796.101,3960549.0,4092.279,2.85971,,,,,,
1780435796.163,3960574.0,4098.862,2.859357,,,,,,
1780435796.164,3960599.0,4127.798,2.858735,,,,,,
1780435796.165,3960624.0,4147.947,2.858623,,,,,,
1780435796.231,3960649.0,4155.82,2.858509,,,,,,
1780435796.232,3960674.0,4130.038,2.858221,,,,,,
1780435796.233,3960699.0,4085.519,2.858873,,,,,,
1780435796.294,3960724.0,4068.99,2.85941,,,,,,
1780435796.295,3960749.0,4077.01,2.85907,,,,,,
1780435796.358,3960774.0,4126.82,2.858898,,,,,,
1780435796.359,3960799.0,4141.11,2.858824,,,,,,
1780435796.360,3960824.0,4122.063,2.858118,,,,,,
1780435796.421,3960849.0,4090.225,2.857817,,,,,,
1780435796.422,3960874.0,4051.41,2.858169,,,,,,
1780435796.475,3960899.0,4019.39,2.858336,,,,,,
1780435796.476,3960924.0,4018.196,2.858146,,,,,,
1780435796.477,3960949.0,4020.932,2.858164,,,,,,
1780435796.539,3960974.0,4024.286,2.858135,,,,,,
1780435796.540,3960999.0,4006.725,2.857821,,,,,,
1780435796.602,3961024.0,3962.989,2.858213,,,,,,
1780435796.603,3961049.0,3929.25,2.858881,,,,,,
1780435796.603,3961074.0,3917.604,2.859178,,,,,,
1780435796.667,3961099.0,3934.075,2.859178,,,,,,
1780435796.667,3961124.0,3949.878,2.85909,,,,,,
1780435796.731,3961149.0,3947.366,2.859015,,,,,,
1780435796.731,3961174.0,3928.345,2.858712,,,,,,
1780435796.731,3961199.0,3888.796,2.859029,,,,,,
1780435796.787,3961224.0,3869.178,2.859553,,,,,,
1780435796.788,3961249.0,3885.495,2.85929,,,,,,
1780435796.858,3961274.0,3912.067,2.859048,,,,,,
1780435796.859,3961299.0,3924.146,2.859059,,,,,,
1780435796.859,3961324.0,3921.012,2.859023,,,,,,
1780435796.922,3961349.0,3887.211,2.858828,,,,,,
1780435796.922,3961374.0,3854.854,2.859433,,,,,,
1780435796.985,3961399.0,3845.12,2.859713,,,,,,
1780435796.985,3961424.0,3866.288,2.859537,,,,,,
1780435796.986,3961449.0,3910.353,2.859987,,,,,,
1780435797.037,3961474.0,3919.753,2.86008,,,,,,
1780435797.037,3961499.0,3910.838,2.859864,,,,,,
1780435797.097,3961524.0,3903.564,2.859689,,,,,,
1780435797.098,3961549.0,3909.019,2.859608,,,,,,
1780435797.163,3961574.0,3935.252,2.859309,,,,,,
1780435797.164,3961599.0,3966.626,2.859027,,,,,,
1780435797.164,3961624.0,3992.739,2.859076,,,,,,
1780435797.220,3961649.0,3995.122,2.859188,,,,,,
1780435797.220,3961674.0,3977.933,2.859021,,,,,,
1780435797.293,3961699.0,3964.679,2.859015,,,,,,
1780435797.294,3961724.0,3958.799,2.85907,,,,,,
1780435797.294,3961749.0,3956.201,2.859134,,,,,,
1780435797.355,3961774.0,3972.374,2.859315,,,,,,
1780435797.356,3961799.0,3985.166,2.859514,,,,,,
1780435797.357,3961824.0,3990.021,2.859585,,,,,,
1780435797.423,3961849.0,3976.499,2.859422,,,,,,
1780435797.431,3961874.0,3951.223,2.859674,,,,,,
1780435797.433,3961899.0,3946.011,2.859784,,,,,,
1780435797.523,3961924.0,3976.237,2.859488,,,,,,
1780435797.525,3961949.0,4006.759,2.859303,,,,,,
1780435797.526,3961974.0,4010.071,2.859414,,,,,,
1780435797.589,3961999.0,3999.693,2.859181,,,,,,
1780435797.590,3962024.0,3968.249,2.859239,,,,,,
1780435797.590,3962049.0,3946.617,2.859545,,,,,,
1780435797.657,3962074.0,3949.282,2.859606,,,,,,
1780435797.658,3962099.0,3974.897,2.859598,,,,,,
1780435797.660,3962124.0,4006.842,2.859832,,,,,,
1780435797.739,3962149.0,4007.854,2.859808,,,,,,
1780435797.740,3962174.0,3989.673,2.859556,,,,,,
1780435797.741,3962199.0,3956.316,2.859506,,,,,,
1780435797.802,3962224.0,3938.242,2.859745,,,,,,
1780435797.803,3962249.0,3952.074,2.859508,,,,,,
1780435797.803,3962274.0,3986.133,2.859276,,,,,,
1780435797.866,3962299.0,3987.509,2.85941,,,,,,
1780435797.867,3962324.0,3975.649,2.859333,,,,,,
1780435797.940,3962349.0,3959.337,2.859191,,,,,,
1780435797.941,3962374.0,3958.248,2.859232,,,,,,
1780435797.942,3962399.0,3978.478,2.858918,,,,,,
1780435798.026,3962424.0,4004.313,2.858629,,,,,,
1780435798.027,3962449.0,4026.154,2.858599,,,,,,
1780435798.028,3962474.0,4028.263,2.858531,,,,,,
1780435798.029,3962499.0,4008.243,2.858155,,,,,,
1780435798.089,3962524.0,3976.469,2.858078,,,,,,
1780435798.090,3962549.0,3944.28,2.858529,,,,,,
1780435798.157,3962574.0,3941.873,2.858528,,,,,,
1780435798.158,3962599.0,3976.509,2.8584,,,,,,
1780435798.160,3962624.0,3995.893,2.858496,,,,,,
1780435798.245,3962649.0,3998.304,2.858602,,,,,,
1780435798.246,3962674.0,3981.653,2.858303,,,,,,
1780435798.246,3962699.0,3960.504,2.858501,,,,,,
1780435798.308,3962724.0,3959.75,2.858577,,,,,,
1780435798.309,3962749.0,3969.879,2.858433,,,,,,
1780435798.310,3962774.0,3999.531,2.858582,,,,,,
1780435798.373,3962799.0,4023.755,2.859128,,,,,,
1780435798.374,3962824.0,4008.337,2.858707,,,,,,
1780435798.435,3962849.0,3990.143,2.858692,,,,,,
1780435798.436,3962874.0,3957.103,2.859285,,,,,,
1780435798.437,3962899.0,3946.786,2.859744,,,,,,
1780435798.487,3962924.0,3983.008,2.859698,,,,,,
1780435798.487,3962949.0,4016.092,2.859835,,,,,,
1780435798.562,3962974.0,4015.411,2.860283,,,,,,
1780435798.564,3962999.0,3999.031,2.86055,,,,,,
1780435798.565,3963024.0,3964.859,2.861355,,,,,,
1780435798.623,3963049.0,3946.021,2.862196,,,,,,
1780435798.625,3963074.0,3953.968,2.862531,,,,,,
1780435798.688,3963099.0,3979.432,2.862983,,,,,,
1780435798.688,3963124.0,4011.056,2.864097,,,,,,
1780435798.689,3963149.0,4009.695,2.864865,,,,,,
1780435798.753,3963174.0,3996.698,2.865503,,,,,,
1780435798.753,3963199.0,3964.419,2.866462,,,,,,
1780435798.753,3963224.0,3945.249,2.867523,,,,,,
1780435798.805,3963249.0,3962.192,2.867759,,,,,,
1780435798.806,3963274.0,3993.543,2.868163,,,,,,
1780435798.875,3963299.0,4006.29,2.869289,,,,,,
1780435798.876,3963324.0,3997.488,2.87018,,,,,,
1780435798.877,3963349.0,3963.846,2.871135,,,,,,
1780435798.940,3963374.0,3939.707,2.872273,,,,,,
1780435798.941,3963399.0,3939.741,2.87307,,,,,,
1780435799.006,3963424.0,3954.838,2.873141,,,,,,
1780435799.007,3963449.0,3997.786,2.874432,,,,,,
1780435799.008,3963474.0,4008.434,2.875237,,,,,,
1780435799.069,3963499.0,3997.969,2.875697,,,,,,
1780435799.070,3963524.0,3966.344,2.876248,,,,,,
1780435799.127,3963549.0,3939.875,2.877229,,,,,,
1780435799.127,3963574.0,3940.894,2.877619,,,,,,
1780435799.128,3963599.0,3979.486,2.877699,,,,,,
1780435799.190,3963624.0,4005.337,2.877972,,,,,,
1780435799.191,3963649.0,4013.994,2.878298,,,,,,
1780435799.253,3963674.0,3991.179,2.878264,,,,,,
1780435799.253,3963699.0,3964.11,2.878766,,,,,,
1780435799.254,3963724.0,3956.374,2.879046,,,,,,
1780435799.321,3963749.0,3963.524,2.878795,,,,,,
1780435799.322,3963774.0,3993.121,2.878691,,,,,,
1780435799.386,3963799.0,4015.363,2.878635,,,,,,
1780435799.387,3963824.0,4001.695,2.87796,,,,,,
1780435799.387,3963849.0,3982.722,2.877616,,,,,,
1780435799.440,3963874.0,3950.299,2.878017,,,,,,
1780435799.441,3963899.0,3942.621,2.878004,,,,,,
1780435799.527,3963924.0,3971.792,2.877211,,,,,,
1780435799.528,3963949.0,4002.623,2.87655,,,,,,
1780435799.529,3963974.0,4012.204,2.875954,,,,,,
1780435799.531,3963999.0,3995.63,2.874987,,,,,,
1780435799.606,3964024.0,3968.595,2.874467,,,,,,
1780435799.607,3964049.0,3953.071,2.874384,,,,,,
1780435799.608,3964074.0,3957.5,2.873684,,,,,,
1780435799.671,3964099.0,3975.183,2.872856,,,,,,
1780435799.672,3964124.0,4003.321,2.872202,,,,,,
1780435799.759,3964149.0,4001.976,2.871163,,,,,,
1780435799.760,3964174.0,3988.824,2.870273,,,,,,
1780435799.761,3964199.0,3953.936,2.869707,,,,,,
1780435799.761,3964224.0,3937.941,2.869476,,,,,,
1780435799.820,3964249.0,3953.768,2.868557,,,,,,
1780435799.820,3964274.0,3983.091,2.867444,,,,,,
1780435799.882,3964299.0,3999.222,2.866971,,,,,,
1780435799.883,3964324.0,3994.906,2.866219,,,,,,
1780435799.884,3964349.0,3968.73,2.865382,,,,,,
1780435799.972,3964374.0,3948.325,2.864962,,,,,,
1780435799.973,3964399.0,3949.499,2.8645,,,,,,
1780435799.975,3964424.0,3961.393,2.863715,,,,,,
1780435800.138,3964449.0,4000.142,2.8637,0.016701,117.5569,3964194.5,3.674233,,
1780435800.139,3964570.0,4032.615,2.863081,,,,,,
1780435800.141,3964595.0,4066.752,2.862066,,,,,,
1780435800.222,3964620.0,4068.523,2.861572,,,,,,
1780435800.223,3964645.0,4032.302,2.861459,,,,,,
1780435800.223,3964670.0,3998.975,2.861003,,,,,,
1780435800.224,3964695.0,3996.663,2.860606,,,,,,
1780435800.287,3964720.0,4021.899,2.86074,,,,,,
1780435800.288,3964745.0,4054.314,2.860297,,,,,,
1780435800.356,3964770.0,4065.673,2.859793,,,,,,
1780435800.357,3964795.0,4055.463,2.859705,,,,,,
1780435800.357,3964820.0,4012.577,2.85894,,,,,,
1780435800.437,3964845.0,3987.953,2.858613,,,,,,
1780435800.439,3964870.0,3995.338,2.85874,,,,,,
1780435800.440,3964895.0,4021.748,2.85871,,,,,,
1780435800.522,3964920.0,4060.792,2.858387,,,,,,
1780435800.523,3964945.0,4075.037,2.858024,,,,,,
1780435800.523,3964970.0,4036.161,2.858276,,,,,,
1780435800.523,3964995.0,4003.731,2.858684,,,,,,
1780435800.591,3965020.0,3998.018,2.85871,,,,,,
1780435800.592,3965045.0,4013.601,2.858821,,,,,,
1780435800.653,3965070.0,4050.61,2.858648,,,,,,
1780435800.653,3965095.0,4072.704,2.858462,,,,,,
1780435800.654,3965120.0,4070.977,2.858409,,,,,,
1780435800.723,3965145.0,4049.514,2.858439,,,,,,
1780435800.723,3965170.0,4019.724,2.858122,,,,,,
1780435800.724,3965195.0,3988.378,2.858038,,,,,,
1780435800.787,3965220.0,3967.778,2.858562,,,,,,
1780435800.787,3965245.0,3975.926,2.858308,,,,,,
1780435800.869,3965270.0,4011.803,2.857974,,,,,,
1780435800.870,3965295.0,4031.357,2.858136,,,,,,
1780435800.870,3965320.0,4031.353,2.858137,,,,,,
1780435800.938,3965345.0,4009.436,2.857718,,,,,,
1780435800.938,3965370.0,3980.785,2.857892,,,,,,
1780435800.939,3965395.0,3961.523,2.858096,,,,,,
1780435801.017,3965420.0,3956.216,2.858254,,,,,,
1780435801.017,3965445.0,3979.036,2.858941,,,,,,
1780435801.018,3965470.0,3986.274,2.859122,,,,,,
1780435801.087,3965495.0,3980.268,2.858994,,,,,,
1780435801.088,3965520.0,3954.772,2.858897,,,,,,
1780435801.089,3965545.0,3927.214,2.859398,,,,,,
1780435801.154,3965570.0,3925.063,2.85946,,,,,,
1780435801.154,3965595.0,3964.946,2.859197,,,,,,
1780435801.155,3965620.0,3990.319,2.858871,,,,,,
1780435801.237,3965645.0,3985.147,2.858757,,,,,,
1780435801.238,3965670.0,3969.479,2.85854,,,,,,
1780435801.239,3965695.0,3940.852,2.858968,,,,,,
1780435801.303,3965720.0,3947.535,2.858859,,,,,,
1780435801.304,3965745.0,3971.688,2.858206,,,,,,
1780435801.304,3965770.0,4007.851,2.85786,,,,,,
1780435801.386,3965795.0,4044.749,2.857933,,,,,,
1780435801.387,3965820.0,4028.392,2.857516,,,,,,
1780435801.387,3965845.0,4007.418,2.857228,,,,,,
1780435801.455,3965870.0,3970.735,2.857409,,,,,,
1780435801.456,3965895.0,3954.576,2.857759,,,,,,
1780435801.456,3965920.0,3972.861,2.85747,,,,,,
1780435801.520,3965945.0,4003.64,2.857353,,,,,,
1780435801.522,3965970.0,4008.411,2.857572,,,,,,
1780435801.523,3965995.0,4004.152,2.857721,,,,,,
1780435801.586,3966020.0,3995.102,2.857641,,,,,,
1780435801.587,3966045.0,4019.071,2.857373,,,,,,
1780435801.653,3966070.0,4061.55,2.856742,,,,,,
1780435801.653,3966095.0,4102.782,2.856297,,,,,,
1780435801.654,3966120.0,4148.292,2.856269,,,,,,
1780435801.737,3966145.0,4145.665,2.85623,,,,,,
1780435801.738,3966170.0,4139.482,2.856127,,,,,,
1780435801.739,3966195.0,4108.71,2.856261,,,,,,
1780435801.802,3966220.0,4082.968,2.856757,,,,,,
1780435801.803,3966245.0,4085.893,2.856883,,,,,,
1780435801.803,3966270.0,4123.872,2.85674,,,,,,
1780435801.887,3966295.0,4138.336,2.85716,,,,,,
1780435801.888,3966320.0,4134.346,2.857493,,,,,,
1780435801.888,3966345.0,4093.433,2.858178,,,,,,
1780435801.952,3966370.0,4069.951,2.859447,,,,,,
1780435801.953,3966395.0,4070.354,2.859881,,,,,,
1780435801.954,3966420.0,4085.022,2.859988,,,,,,
1780435802.019,3966445.0,4147.097,2.860545,,,,,,
1780435802.020,3966470.0,4161.285,2.861274,,,,,,
1780435802.086,3966495.0,4155.239,2.861801,,,,,,
1780435802.087,3966520.0,4132.083,2.862356,,,,,,
1780435802.088,3966545.0,4101.539,2.863437,,,,,,
1780435802.170,3966570.0,4091.947,2.864234,,,,,,
1780435802.171,3966595.0,4125.913,2.864563,,,,,,
1780435802.171,3966620.0,4146.869,2.865296,,,,,,
1780435802.240,3966645.0,4146.803,2.866745,,,,,,
1780435802.240,3966670.0,4105.69,2.868265,,,,,,
1780435802.241,3966695.0,4061.214,2.870499,,,,,,
1780435802.319,3966720.0,4054.043,2.87182,,,,,,
1780435802.320,3966745.0,4059.068,2.872599,,,,,,
1780435802.321,3966770.0,4104.013,2.873569,,,,,,
1780435802.387,3966795.0,4129.813,2.874578,,,,,,
1780435802.388,3966820.0,4107.813,2.875342,,,,,,
1780435802.389,3966845.0,4092.204,2.876687,,,,,,
1780435802.452,3966870.0,4057.342,2.87833,,,,,,
1780435802.453,3966895.0,4037.186,2.880061,,,,,,
1780435802.454,3966920.0,4054.181,2.880812,,,,,,
1780435802.521,3966945.0,4084.42,2.881663,,,,,,
1780435802.522,3966970.0,4083.844,2.883252,,,,,,
1780435802.586,3966995.0,4056.577,2.88478,,,,,,
1780435802.586,3967020.0,4010.432,2.886845,,,,,,
1780435802.587,3967045.0,3991.045,2.888728,,,,,,
1780435802.653,3967070.0,3992.712,2.889498,,,,,,
1780435802.653,3967095.0,4024.12,2.889861,,,,,,
1780435802.653,3967120.0,4064.212,2.890839,,,,,,
1780435802.720,3967145.0,4061.558,2.892229,,,,,,
1780435802.720,3967170.0,4051.394,2.893633,,,,,,
1780435802.807,3967195.0,4022.949,2.895109,,,,,,
1780435802.809,3967220.0,3997.116,2.896966,,,,,,
1780435802.810,3967245.0,4004.182,2.897816,,,,,,
1780435802.811,3967270.0,4036.521,2.897971,,,,,,
1780435802.906,3967295.0,4049.507,2.898807,,,,,,
1780435802.908,3967320.0,4042.916,2.899211,,,,,,
1780435802.909,3967345.0,4000.074,2.900267,,,,,,
1780435802.910,3967370.0,3971.821,2.901668,,,,,,
1780435802.988,3967395.0,3978.759,2.901512,,,,,,
1780435802.991,3967420.0,3994.099,2.901309,,,,,,
1780435802.993,3967445.0,4055.082,2.901644,,,,,,
1780435803.072,3967470.0,4063.46,2.902186,,,,,,
1780435803.073,3967495.0,4052.169,2.902491,,,,,,
1780435803.073,3967520.0,4028.661,2.902879,,,,,,
1780435803.074,3967545.0,3995.561,2.90386,,,,,,
1780435803.152,3967570.0,3985.005,2.904248,,,,,,
1780435803.153,3967595.0,4018.923,2.903545,,,,,,
1780435803.153,3967620.0,4044.534,2.903017,,,,,,
1780435803.236,3967645.0,4044.448,2.90239,,,,,,
1780435803.237,3967670.0,4017.15,2.901934,,,,,,
1780435803.238,3967695.0,3977.569,2.902629,,,,,,
1780435803.325,3967720.0,3973.146,2.902226,,,,,,
1780435803.326,3967745.0,3985.011,2.901097,,,,,,
1780435803.327,3967770.0,4030.934,2.899601,,,,,,
1780435803.328,3967795.0,4067.107,2.898113,,,,,,
1780435803.404,3967820.0,4053.766,2.896698,,,,,,
1780435803.404,3967845.0,4043.456,2.895769,,,,,,
1780435803.405,3967870.0,4015.351,2.89512,,,,,,
1780435803.469,3967895.0,3998.646,2.89468,,,,,,
1780435803.469,3967920.0,4021.934,2.893269,,,,,,
1780435803.556,3967945.0,4058.904,2.891845,,,,,,
1780435803.558,3967970.0,4064.838,2.890447,,,,,,
1780435803.559,3967995.0,4049.722,2.888876,,,,,,
1780435803.560,3968020.0,4002.464,2.888451,,,,,,
1780435803.636,3968045.0,3987.513,2.887872,,,,,,
1780435803.636,3968070.0,3999.229,2.886107,,,,,,
1780435803.637,3968095.0,4041.067,2.883569,,,,,,
1780435803.724,3968120.0,4090.213,2.881733,,,,,,
1780435803.725,3968145.0,4082.231,2.879726,,,,,,
1780435803.726,3968170.0,4080.747,2.878186,,,,,,
1780435803.887,3968195.0,4058.028,2.877017,0.039272,113.453262,3968015.75,8.639824,,
1780435803.888,3968316.0,4029.773,2.875748,,,,,,
1780435803.888,3968341.0,4003.222,2.874072,,,,,,
1780435803.970,3968366.0,4024.784,2.872916,,,,,,
1780435803.971,3968391.0,4067.655,2.87119,,,,,,
1780435803.971,3968416.0,4106.95,2.869204,,,,,,
1780435803.971,3968441.0,4112.386,2.868231,,,,,,
1780435804.035,3968466.0,4085.694,2.868127,,,,,,
1780435804.036,3968491.0,4028.534,2.86724,,,,,,
1780435804.102,3968516.0,3996.51,2.866662,,,,,,
1780435804.102,3968541.0,4018.135,2.866025,,,,,,
1780435804.103,3968566.0,4044.67,2.864951,,,,,,
1780435804.186,3968591.0,4081.405,2.863597,,,,,,
1780435804.186,3968616.0,4094.256,2.862412,,,,,,
1780435804.187,3968641.0,4060.168,2.861728,,,,,,
1780435804.253,3968666.0,4023.302,2.86105,,,,,,
1780435804.253,3968691.0,4024.009,2.860593,,,,,,
1780435804.254,3968716.0,4038.85,2.86038,,,,,,
1780435804.323,3968741.0,4066.499,2.860039,,,,,,
1780435804.324,3968766.0,4062.048,2.859807,,,,,,
1780435804.325,3968791.0,4032.338,2.860525,,,,,,
1780435804.405,3968816.0,3978.16,2.860655,,,,,,
1780435804.406,3968841.0,3937.022,2.860511,,,,,,
1780435804.407,3968866.0,3950.569,2.860446,,,,,,
1780435804.490,3968891.0,3966.769,2.85998,,,,,,
1780435804.491,3968916.0,4001.448,2.859288,,,,,,
1780435804.491,3968941.0,4033.56,2.858939,,,,,,
1780435804.590,3968966.0,4040.313,2.858999,,,,,,
1780435804.591,3968991.0,4020.282,2.858688,,,,,,
1780435804.592,3969016.0,3978.653,2.8589,,,,,,
1780435804.593,3969041.0,3947.331,2.859583,,,,,,
1780435804.671,3969066.0,3929.545,2.859959,,,,,,
1780435804.672,3969091.0,3933.579,2.859764,,,,,,
1780435804.673,3969116.0,3969.06,2.860237,,,,,,
1780435804.674,3969141.0,3974.969,2.860146,,,,,,
1780435804.755,3969166.0,3960.485,2.859808,,,,,,
1780435804.756,3969191.0,3928.485,2.859434,,,,,,
1780435804.756,3969216.0,3893.192,2.859604,,,,,,
1780435804.855,3969241.0,3868.333,2.85967,,,,,,
1780435804.857,3969266.0,3872.704,2.859618,,,,,,
1780435804.858,3969291.0,3877.67,2.859785,,,,,,
1780435804.859,3969316.0,3873.627,2.85962,,,,,,
1780435804.972,3969341.0,3852.967,2.859387,,,,,,
1780435804.974,3969366.0,3834.763,2.859699,,,,,,
1780435804.975,3969391.0,3837.438,2.859621,,,,,,
1780435804.976,3969416.0,3844.442,2.859402,,,,,,
1780435804.977,3969441.0,3875.08,2.859755,,,,,,
1780435805.072,3969466.0,3897.664,2.859851,,,,,,
1780435805.073,3969491.0,3876.065,3.096716,,,,,,
1780435805.074,3969516.0,3857.854,3.096451,,,,,,
1780435805.075,3969541.0,3821.41,3.096601,,,,,,
1780435805.156,3969566.0,3792.41,3.096862,,,,,,
1780435805.156,3969591.0,3802.394,3.096826,,,,,,
1780435805.157,3969616.0,3814.422,3.09686,,,,,,
1780435805.241,3969641.0,3814.38,3.097,,,,,,
1780435805.242,3969666.0,3794.795,3.096604,,,,,,
1780435805.244,3969691.0,3770.564,3.096652,,,,,,
1780435805.245,3969716.0,3767.552,3.096827,,,,,,
1780435805.338,3969741.0,3778.646,3.096671,,,,,,
1780435805.339,3969766.0,3800.331,3.096695,,,,,,
1780435805.340,3969791.0,3835.174,3.09702,,,,,,
1780435805.422,3969816.0,3861.559,3.097228,,,,,,
1780435805.424,3969841.0,3866.402,3.097439,,,,,,
1780435805.425,3969866.0,3858.94,3.097321,,,,,,
1780435805.426,3969891.0,3858.227,3.09739,,,,,,
1780435805.523,3969916.0,3876.992,3.097541,,,,,,
1780435805.524,3969941.0,3902.505,3.097766,,,,,,
1780435805.524,3969966.0,3925.604,3.09798,,,,,,
1780435805.525,3969991.0,3909.032,3.097551,,,,,,
1780435805.619,3970016.0,3879.804,3.097552,,,,,,
1780435805.620,3970041.0,3864.866,3.097865,,,,,,
1780435805.621,3970066.0,3871.169,3.097983,,,,,,
1780435805.621,3970091.0,3879.384,3.098221,,,,,,
1780435805.695,3970116.0,3925.864,2.861637,,,,,,
1780435805.695,3970141.0,3932.425,2.862008,,,,,,
1780435805.696,3970166.0,3930.156,2.861998,,,,,,
1780435805.772,3970191.0,3917.232,2.861853,,,,,,
1780435805.773,3970216.0,3907.97,2.862209,,,,,,
1780435805.774,3970241.0,3903.613,2.862376,,,,,,
1780435805.855,3970266.0,3912.007,2.862768,,,,,,
1780435805.856,3970291.0,3920.178,2.863596,,,,,,
1780435805.857,3970316.0,3911.96,2.863953,,,,,,
1780435805.918,3970341.0,3885.75,2.864335,,,,,,
1780435805.919,3970366.0,3867.189,2.865516,,,,,,
1780435805.919,3970391.0,3865.897,2.866681,,,,,,
1780435806.004,3970416.0,3867.911,2.867862,,,,,,
1780435806.005,3970441.0,3871.636,2.86936,,,,,,
1780435806.006,3970466.0,3880.639,2.870805,,,,,,
1780435806.088,3970491.0,3871.778,2.871994,,,,,,
1780435806.089,3970516.0,3856.474,2.872781,,,,,,
1780435806.090,3970541.0,3824.5,2.873478,,,,,,
1780435806.172,3970566.0,3790.313,2.87426,,,,,,
1780435806.173,3970591.0,3761.067,2.874993,,,,,,
1780435806.174,3970616.0,3757.56,2.8761,,,,,,
1780435806.175,3970641.0,3748.229,2.877033,,,,,,
1780435806.254,3970666.0,3723.373,2.87773,,,,,,
1780435806.256,3970691.0,3681.139,2.87848,,,,,,
1780435806.257,3970716.0,3643.604,2.879127,,,,,,
1780435806.336,3970741.0,3608.761,2.879825,,,,,,
1780435806.338,3970766.0,3594.126,2.880552,,,,,,
1780435806.339,3970791.0,3588.51,2.881479,,,,,,
1780435806.437,3970816.0,3584.33,2.882517,,,,,,
1780435806.438,3970841.0,3568.424,2.883078,,,,,,
1780435806.439,3970866.0,3550.141,2.883779,,,,,,
1780435806.440,3970891.0,3531.218,2.884266,,,,,,
1780435806.523,3970916.0,3516.58,2.884602,,,,,,
1780435806.523,3970941.0,3512.513,2.885096,,,,,,
1780435806.524,3970966.0,3507.53,2.885459,,,,,,
1780435806.525,3970991.0,3484.046,2.885245,,,,,,
1780435806.603,3971016.0,3447.663,2.884899,,,,,,
1780435806.604,3971041.0,3410.347,2.884545,,,,,,
1780435806.605,3971066.0,3375.398,2.883934,,,,,,
1780435806.689,3971091.0,3348.337,2.883259,,,,,,
1780435806.690,3971116.0,3349.493,2.883064,,,,,,
1780435806.691,3971141.0,3350.353,2.88308,,,,,,
1780435806.771,3971166.0,3350.321,2.883089,,,,,,
1780435806.772,3971191.0,3350.33,2.883087,,,,,,
1780435806.772,3971216.0,3350.238,2.883113,,,,,,
1780435806.773,3971241.0,3350.277,2.883102,,,,,,
1780435806.838,3971266.0,3350.267,2.883233,,,,,,
1780435806.838,3971291.0,3350.262,2.883234,,,,,,
1780435806.902,3971316.0,3350.316,2.883219,,,,,,
1780435806.903,3971341.0,3350.246,2.883239,,,,,,
1780435806.903,3971366.0,3350.203,2.88325,,,,,,
1780435806.968,3971391.0,3350.246,2.883239,,,,,,
1780435806.975,3971416.0,3350.228,2.883244,,,,,,
1780435806.975,3971441.0,3350.216,2.883247,,,,,,
1780435807.052,3971466.0,3350.116,2.883275,,,,,,
1780435807.053,3971491.0,3350.076,2.883286,,,,,,
1780435807.053,3971516.0,3350.028,2.8833,,,,,,
1780435807.138,3971541.0,3350.036,2.883297,,,,,,
1780435807.139,3971566.0,3350.287,2.883227,,,,,,
1780435807.140,3971591.0,3341.1,2.88528,,,,,,
1780435807.221,3971616.0,3332.027,2.884885,,,,,,
1780435807.221,3971641.0,3323.026,2.88447,,,,,,
1780435807.222,3971666.0,3313.959,2.884073,,,,,,
1780435807.222,3971691.0,3304.937,2.883664,,,,,,
1780435807.284,3971716.0,3295.894,2.88326,,,,,,
1780435807.284,3971741.0,3286.817,2.882866,,,,,,
1780435807.353,3971766.0,3277.822,2.882449,,,,,,
1780435807.354,3971791.0,3268.847,2.882153,,,,,,
1780435807.355,3971816.0,3259.863,2.881733,,,,,,
1780435807.418,3971841.0,3250.86,2.881444,,,,,,
1780435807.418,3971866.0,3241.823,2.881039,,,,,,
1780435807.419,3971891.0,3232.804,2.8805,,,,,,
1780435807.488,3971916.0,3223.833,2.880077,,,,,,
1780435807.489,3971941.0,3214.848,2.879657,,,,,,
1780435807.554,3971966.0,3205.879,2.879233,,,,,,
1780435807.555,3971991.0,3196.914,2.878807,,,,,,
1780435807.556,3972016.0,3187.899,2.878522,,,,,,
1780435807.639,3972041.0,3178.906,2.878105,,,,,,
1780435807.640,3972066.0,3169.95,2.877677,,,,,,
1780435807.641,3972091.0,3160.987,2.877251,,,,,,
1780435807.735,3972116.0,3152.001,2.876831,,,,,,
1780435807.736,3972141.0,3143.058,2.8764,,,,,,
1780435807.736,3972166.0,3134.167,2.875953,,,,,,
1780435807.737,3972191.0,3124.932,2.875604,,,,,,
1780435807.823,3972216.0,3125.077,2.873146,,,,,,
1780435807.825,3972241.0,3125.131,2.873131,,,,,,
1780435807.826,3972266.0,3125.133,2.873257,,,,,,
1780435807.827,3972291.0,3125.246,2.873226,,,,,,
1780435807.904,3972316.0,3125.367,2.873192,,,,,,
1780435807.905,3972341.0,3125.413,2.873179,,,,,,
1780435807.905,3972366.0,3125.53,2.873146,,,,,,
1780435808.004,3972391.0,3125.504,2.873153,,,,,,
1780435808.005,3972416.0,3125.492,2.87303,,,,,,
1780435808.006,3972441.0,3125.471,2.873036,,,,,,
1780435808.007,3972466.0,3125.486,2.872906,,,,,,
1780435808.105,3972491.0,3125.573,2.872882,,,,,,
1780435808.106,3972516.0,3125.65,2.872986,,,,,,
1780435808.107,3972541.0,3125.738,2.872962,,,,,,
1780435808.109,3972566.0,3125.72,2.872967,,,,,,
1780435808.201,3972591.0,3125.716,2.873094,,,,,,
1780435808.201,3972616.0,3125.684,2.873103,,,,,,
1780435808.201,3972641.0,3125.702,2.872972,,,,,,
1780435808.202,3972666.0,3125.749,2.873085,,,,,,
1780435808.290,3972691.0,3125.787,2.873075,,,,,,
1780435808.291,3972716.0,3125.847,2.873058,,,,,,
1780435808.293,3972741.0,3125.844,2.873185,,,,,,
1780435808.403,3972766.0,3125.838,2.873313,,,,,,
1780435808.405,3972791.0,3125.762,2.873335,,,,,,
1780435808.406,3972816.0,3125.739,2.873341,,,,,,
1780435808.407,3972841.0,3125.762,2.873335,,,,,,
1780435808.408,3972866.0,3125.775,2.873331,,,,,,
1780435808.486,3972891.0,3125.827,2.87319,,,,,,
1780435808.487,3972916.0,3125.818,2.873319,,,,,,
1780435808.487,3972941.0,3125.862,2.873307,,,,,,
1780435808.569,3972966.0,3125.86,2.873307,,,,,,
1780435808.570,3972991.0,3125.808,2.873322,,,,,,
1780435808.570,3973016.0,3125.825,2.873317,,,,,,
1780435808.571,3973041.0,3125.807,2.873322,,,,,,
1780435808.653,3973066.0,3125.876,2.873429,,,,,,
1780435808.655,3973091.0,3125.916,2.873418,,,,,,
1780435808.656,3973116.0,3125.906,2.873421,,,,,,
1780435808.753,3973141.0,3125.941,2.873285,,,,,,
1780435808.754,3973166.0,3125.849,2.873437,,,,,,
1780435808.755,3973191.0,3125.864,2.873559,,,,,,
1780435808.756,3973216.0,3125.892,2.873551,,,,,,
1780435808.856,3973241.0,3125.873,2.873683,,,,,,
1780435808.857,3973266.0,3125.882,2.873681,,,,,,
1780435808.858,3973291.0,3125.883,2.873554,,,,,,
1780435808.859,3973316.0,3125.92,2.87367,,,,,,
1780435808.941,3973341.0,3125.929,2.873667,,,,,,
1780435808.942,3973366.0,3125.951,2.873535,,,,,,
1780435808.943,3973391.0,3125.915,2.873545,,,,,,
1780435808.943,3973416.0,3125.951,2.873535,,,,,,
1780435809.036,3973441.0,3125.964,2.873531,,,,,,
1780435809.037,3973466.0,3125.962,2.873532,,,,,,
1780435809.037,3973491.0,3125.947,2.873536,,,,,,
1780435809.122,3973516.0,3125.93,2.873541,,,,,,
1780435809.123,3973541.0,3125.934,2.873539,,,,,,
1780435809.124,3973566.0,3125.897,2.87355,,,,,,
1780435809.124,3973591.0,3125.878,2.873555,,,,,,
1780435809.204,3973616.0,3125.878,2.873555,,,,,,
1780435809.204,3973641.0,3125.855,2.873688,,,,,,
1780435809.205,3973666.0,3125.893,2.873677,,,,,,
1780435809.306,3973691.0,3125.884,2.873553,,,,,,
1780435809.308,3973716.0,3125.897,2.87355,,,,,,
1780435809.309,3973741.0,3125.906,2.873674,,,,,,
1780435809.310,3973766.0,3125.909,2.873673,,,,,,
1780435809.423,3973791.0,3125.905,2.873548,,,,,,
1780435809.424,3973816.0,3125.902,2.873549,,,,,,
1780435809.425,3973841.0,3125.88,2.873428,,,,,,
1780435809.426,3973866.0,3125.89,2.873299,,,,,,
1780435809.427,3973891.0,3125.896,2.873297,,,,,,
1780435809.522,3973916.0,3125.913,2.873292,,,,,,
1780435809.523,3973941.0,3125.89,2.873299,,,,,,
1780435809.524,3973966.0,3125.916,2.873292,,,,,,
1780435809.525,3973991.0,3125.877,2.873302,,,,,,
1780435809.625,3974016.0,3125.874,2.873303,,,,,,
1780435809.626,3974041.0,3125.878,2.873428,,,,,,
1780435809.627,3974066.0,3125.865,2.873432,,,,,,
1780435809.628,3974091.0,3125.844,2.873438,,,,,,
1780435809.721,3974116.0,3125.884,2.873554,,,,,,
1780435809.722,3974141.0,3125.895,2.87355,,,,,,
1780435809.722,3974166.0,3125.931,2.87354,,,,,,
1780435809.723,3974191.0,3125.964,2.873658,,,,,,
1780435809.804,3974216.0,3126.012,2.873771,,,,,,
1780435809.805,3974241.0,3126.013,2.87377,,,,,,
1780435809.806,3974266.0,3126.041,2.873763,,,,,,
1780435809.904,3974291.0,3126.027,2.873767,,,,,,
1780435809.906,3974316.0,3126.012,2.873897,,,,,,
1780435809.907,3974341.0,3126.021,2.873895,,,,,,
1780435809.907,3974366.0,3126.021,2.873895,,,,,,
1780435810.004,3974391.0,3126.021,2.873895,,,,,,
1780435810.005,3974416.0,3126.129,2.873991,,,,,,
1780435810.006,3974441.0,3126.23,2.873963,,,,,,
1780435810.007,3974466.0,3126.27,2.874078,,,,,,
1780435810.104,3974491.0,3126.306,2.874195,,,,,,
1780435810.105,3974516.0,3126.351,2.874309,,,,,,
1780435810.106,3974541.0,3126.334,2.874313,,,,,,
1780435810.107,3974566.0,3126.319,2.874318,,,,,,
1780435810.241,3974591.0,3126.315,2.874319,,,,,,
1780435810.244,3974616.0,3126.443,2.874283,,,,,,
1780435810.245,3974641.0,3126.548,2.874127,,,,,,
1780435810.246,3974666.0,3126.563,2.873996,,,,,,
1780435810.247,3974691.0,3126.603,2.873985,,,,,,
1780435810.248,3974716.0,3126.644,2.873974,,,,,,
1780435810.336,3974741.0,3126.661,2.873843,,,,,,
1780435810.337,3974766.0,3126.674,2.873839,,,,,,
1780435810.337,3974791.0,3126.691,2.873708,,,,,,
1780435810.419,3974816.0,3126.712,2.873702,,,,,,
1780435810.421,3974841.0,3126.734,2.873695,,,,,,
1780435810.422,3974866.0,3126.773,2.873684,,,,,,
1780435810.424,3974891.0,3126.821,2.873544,,,,,,
1780435810.504,3974916.0,3126.816,2.873546,,,,,,
1780435810.504,3974941.0,3126.858,2.873408,,,,,,
1780435810.505,3974966.0,3126.894,2.873398,,,,,,
1780435810.586,3974991.0,3126.913,2.873392,,,,,,
1780435810.587,3975016.0,3126.951,2.873382,,,,,,
1780435810.588,3975041.0,3126.966,2.873378,,,,,,
1780435810.685,3975066.0,3126.952,2.873382,,,,,,
1780435810.686,3975091.0,3126.969,2.87325,,,,,,
1780435810.686,3975116.0,3126.982,2.873247,,,,,,
1780435810.687,3975141.0,3126.997,2.873116,,,,,,
1780435810.768,3975166.0,3127.027,2.873108,,,,,,
1780435810.769,3975191.0,3127.109,2.874609,,,,,,
1780435810.770,3975216.0,3127.136,2.874601,,,,,,
1780435810.770,3975241.0,3127.11,2.874735,,,,,,
1780435810.851,3975266.0,3127.055,2.87475,,,,,,
1780435810.852,3975291.0,3127.103,2.874737,,,,,,
1780435810.853,3975316.0,3127.111,2.874735,,,,,,
1780435810.919,3975341.0,3127.121,2.874859,,,,,,
1780435810.920,3975366.0,3127.145,2.874978,,,,,,
1780435810.920,3975391.0,3127.189,2.874966,,,,,,
1780435811.005,3975416.0,3127.218,2.875084,,,,,,
1780435811.006,3975441.0,3127.234,2.874954,,,,,,
1780435811.007,3975466.0,3127.183,2.874841,,,,,,
1780435811.085,3975491.0,3127.185,2.874967,,,,,,
1780435811.086,3975516.0,3127.174,2.87497,,,,,,
1780435811.086,3975541.0,3127.227,2.874955,,,,,,
1780435811.167,3975566.0,3127.231,2.875081,,,,,,
1780435811.168,3975591.0,3127.259,2.8752,,,,,,
1780435811.168,3975616.0,3127.267,2.875071,,,,,,
1780435811.169,3975641.0,3127.273,2.875069,,,,,,
1780435811.248,3975666.0,3127.294,2.874937,,,,,,
1780435811.251,3975691.0,3127.244,2.87495,,,,,,
1780435811.255,3975716.0,3127.253,2.874948,,,,,,
1780435811.352,3975741.0,3127.282,2.87494,,,,,,
1780435811.354,3975766.0,3127.261,2.875073,,,,,,
1780435811.355,3975791.0,3127.301,2.875061,,,,,,
1780435811.356,3975816.0,3127.323,2.873531,,,,,,
1780435811.468,3975841.0,3127.325,2.87353,,,,,,
1780435811.469,3975866.0,3127.354,2.873396,,,,,,
1780435811.470,3975891.0,3127.381,2.873515,,,,,,
1780435811.471,3975916.0,3127.367,2.873519,,,,,,
1780435811.471,3975941.0,3127.368,2.873518,,,,,,
1780435811.555,3975966.0,3127.429,2.873502,,,,,,
1780435811.556,3975991.0,3127.443,2.873371,,,,,,
1780435811.557,3976016.0,3127.44,2.873372,,,,,,
1780435811.653,3976041.0,3127.447,2.873244,,,,,,
1780435811.654,3976066.0,3127.468,2.873238,,,,,,
1780435811.655,3976091.0,3127.452,2.873369,,,,,,
1780435811.656,3976116.0,3127.452,2.873242,,,,,,
1780435811.764,3976141.0,3127.527,2.873221,,,,,,
1780435811.766,3976166.0,3127.54,2.873344,,,,,,
1780435811.768,3976191.0,3127.568,2.873336,,,,,,
1780435811.770,3976216.0,3127.591,2.873203,,,,,,
1780435811.771,3976241.0,3127.626,2.873193,,,,,,
1780435811.886,3976266.0,3127.631,2.873192,,,,,,
1780435811.887,3976291.0,3127.6,2.87358,,,,,,
1780435811.889,3976316.0,3127.598,2.873581,,,,,,
1780435811.890,3976341.0,3127.584,2.873585,,,,,,
1780435812.018,3976366.0,3127.606,2.873579,,,,,,
1780435812.020,3976391.0,3127.653,2.873439,,,,,,
1780435812.021,3976416.0,3127.647,2.873441,,,,,,
1780435812.022,3976441.0,3127.628,2.873446,,,,,,
1780435812.023,3976466.0,3127.647,2.873441,,,,,,
1780435812.024,3976491.0,3127.597,2.873455,,,,,,
1780435812.119,3976516.0,3127.624,2.873447,,,,,,
1780435812.121,3976541.0,3127.613,2.87383,,,,,,
1780435812.122,3976566.0,3127.629,2.873826,,,,,,
1780435812.123,3976591.0,3127.638,2.873697,,,,,,
1780435812.236,3976616.0,3127.646,2.873821,,,,,,
1780435812.237,3976641.0,3127.67,2.873941,,,,,,
1780435812.239,3976666.0,3127.674,2.87394,,,,,,
1780435812.240,3976691.0,3127.601,2.874087,,,,,,
1780435812.369,3976716.0,3127.648,2.874073,,,,,,
1780435812.370,3976741.0,3127.675,2.874066,,,,,,
1780435812.371,3976766.0,3127.609,2.874211,,,,,,
1780435812.373,3976791.0,3127.596,2.874214,,,,,,
1780435812.374,3976816.0,3127.608,2.874084,,,,,,
1780435812.375,3976841.0,3127.624,2.87408,,,,,,
1780435812.485,3976866.0,3127.624,2.87408,,,,,,
1780435812.486,3976891.0,3127.638,2.874202,,,,,,
1780435812.488,3976916.0,3127.607,2.873832,,,,,,
1780435812.489,3976941.0,3127.628,2.873699,,,,,,
1780435812.602,3976966.0,3127.648,2.87382,,,,,,
1780435812.604,3976991.0,3127.636,2.873823,,,,,,
1780435812.605,3977016.0,3127.638,2.873823,,,,,,
1780435812.607,3977041.0,3127.663,2.873942,,,,,,
1780435812.608,3977066.0,3127.677,2.873812,,,,,,
1780435812.736,3977091.0,3127.686,2.87381,,,,,,
1780435812.738,3977116.0,3127.767,2.873787,,,,,,
1780435812.739,3977141.0,3127.794,2.87378,,,,,,
1780435812.740,3977166.0,3127.784,2.873529,,,,,,
1780435812.741,3977191.0,3127.794,2.873652,,,,,,
1780435812.853,3977216.0,3127.775,2.873658,,,,,,
1780435812.854,3977241.0,3127.759,2.873662,,,,,,
1780435812.855,3977266.0,3127.75,2.873665,,,,,,
1780435812.857,3977291.0,3127.751,2.873664,,,,,,
1780435812.858,3977316.0,3127.849,2.873637,,,,,,
1780435812.985,3977341.0,3127.806,2.873523,,,,,,
1780435812.986,3977366.0,3127.818,2.873646,,,,,,
1780435812.988,3977391.0,3127.863,2.873633,,,,,,
1780435812.989,3977416.0,3127.901,2.873623,,,,,,
1780435812.990,3977441.0,3127.917,2.873618,,,,,,
1780435813.120,3977466.0,3127.913,2.87362,,,,,,
1780435813.121,3977491.0,3127.919,2.873744,,,,,,
1780435813.123,3977516.0,3127.959,2.873733,,,,,,
1780435813.124,3977541.0,3127.95,2.873736,,,,,,
1780435813.125,3977566.0,3127.947,2.873736,,,,,,
1780435813.126,3977591.0,3127.967,2.873605,,,,,,
1780435813.236,3977616.0,3127.967,2.873478,,,,,,
1780435813.238,3977641.0,3127.953,2.873482,,,,,,
1780435813.239,3977666.0,3127.964,2.873352,,,,,,
1780435813.241,3977691.0,3127.992,2.873344,,,,,,
1780435813.368,3977716.0,3128.001,2.873342,,,,,,
1780435813.370,3977741.0,3127.943,2.873484,,,,,,
1780435813.371,3977766.0,3127.921,2.873364,,,,,,
1780435813.373,3977791.0,3127.962,2.873226,,,,,,
1780435813.374,3977816.0,3128.022,2.873209,,,,,,
1780435813.375,3977841.0,3128.043,2.87333,,,,,,
1780435813.484,3977866.0,3128.086,2.873318,,,,,,
1780435813.486,3977891.0,3128.119,2.873309,,,,,,
1780435813.488,3977916.0,3128.158,2.873298,,,,,,
1780435813.489,3977941.0,3128.066,2.873197,,,,,,
1780435813.584,3977966.0,3128.137,2.873304,,,,,,
1780435813.585,3977991.0,3128.152,2.8733,,,,,,
1780435813.585,3978016.0,3128.179,2.873166,,,,,,
1780435813.586,3978041.0,3128.189,2.873036,,,,,,
1780435813.704,3978066.0,3128.213,2.87303,,,,,,
1780435813.706,3978091.0,3128.228,2.873152,,,,,,
1780435813.707,3978116.0,3128.259,2.873143,,,,,,
1780435813.708,3978141.0,3128.192,2.873035,,,,,,
1780435813.709,3978166.0,3128.246,2.873021,,,,,,
1780435813.834,3978191.0,3128.282,2.873137,,,,,,
1780435813.836,3978216.0,3128.306,2.873256,,,,,,
1780435813.837,3978241.0,3128.336,2.873375,,,,,,
1780435813.838,3978266.0,3128.419,2.873351,,,,,,
1780435813.839,3978291.0,3128.439,2.873346,,,,,,
1780435813.951,3978316.0,3128.428,2.873349,,,,,,
1780435813.952,3978341.0,3128.357,2.873369,,,,,,
1780435813.954,3978366.0,3128.366,2.873366,,,,,,
1780435813.955,3978391.0,3128.365,2.873493,,,,,,
1780435813.956,3978416.0,3128.338,2.873627,,,,,,
1780435814.085,3978441.0,3128.327,2.873504,,,,,,
1780435814.086,3978466.0,3128.35,2.873497,,,,,,
1780435814.088,3978491.0,3128.377,2.873363,,,,,,
1780435814.089,3978516.0,3128.418,2.873225,,,,,,
1780435814.090,3978541.0,3128.434,2.873221,,,,,,
1780435814.202,3978566.0,3128.413,2.873227,,,,,,
1780435814.203,3978591.0,3128.403,2.873103,,,,,,
1780435814.205,3978616.0,3128.4,2.872977,,,,,,
1780435814.206,3978641.0,3128.397,2.873105,,,,,,
1780435814.208,3978666.0,3128.419,2.873225,,,,,,
1780435814.318,3978691.0,3128.4,2.87323,,,,,,
1780435814.320,3978716.0,3128.407,2.873228,,,,,,
1780435814.321,3978741.0,3128.337,2.873121,,,,,,
1780435814.323,3978766.0,3128.336,2.873248,,,,,,
1780435814.324,3978791.0,3128.322,2.873378,,,,,,
1780435814.433,3978816.0,3128.333,2.873249,,,,,,
1780435814.435,3978841.0,3128.351,2.873117,,,,,,
1780435814.436,3978866.0,3128.366,2.872987,,,,,,
1780435814.437,3978891.0,3128.346,2.872993,,,,,,
1780435814.552,3978916.0,3128.364,2.872988,,,,,,
1780435814.554,3978941.0,3128.326,2.872998,,,,,,
1780435814.555,3978966.0,3128.378,2.872983,,,,,,
1780435814.557,3978991.0,3128.395,2.872852,,,,,,
1780435814.558,3979016.0,3128.419,2.872719,,,,,,
1780435814.670,3979041.0,3128.501,2.872696,,,,,,
1780435814.672,3979066.0,3128.5,2.872696,,,,,,
1780435814.673,3979091.0,3128.502,2.872569,,,,,,
1780435814.674,3979116.0,3128.495,2.872571,,,,,,
1780435814.675,3979141.0,3128.448,2.872711,,,,,,
1780435814.785,3979166.0,3128.322,2.872872,,,,,,
1780435814.787,3979191.0,3128.386,2.872981,,,,,,
1780435814.788,3979216.0,3128.405,2.873102,,,,,,
1780435814.789,3979241.0,3128.435,2.873094,,,,,,
1780435814.918,3979266.0,3128.467,2.872958,,,,,,
1780435814.919,3979291.0,3128.478,2.872829,,,,,,
1780435814.919,3979316.0,3128.518,2.872945,,,,,,
1780435814.919,3979341.0,3128.457,2.872835,,,,,,
1780435814.920,3979366.0,3128.455,2.872835,,,,,,
1780435814.920,3979391.0,3128.446,2.872712,,,,,,
1780435815.013,3979416.0,3128.455,2.872709,,,,,,
1780435815.014,3979441.0,3128.482,2.872702,,,,,,
1780435815.015,3979466.0,3128.492,2.872699,,,,,,
1780435815.087,3979491.0,3128.512,2.872693,,,,,,
1780435815.088,3979516.0,3128.513,2.872693,,,,,,
1780435815.089,3979541.0,3128.448,2.872838,,,,,,
1780435815.166,3979566.0,3128.436,2.872841,,,,,,
1780435815.168,3979591.0,3128.404,2.87285,,,,,,
1780435815.170,3979616.0,3128.395,2.872979,,,,,,
1780435815.171,3979641.0,3128.428,2.873096,,,,,,
1780435815.267,3979666.0,3128.425,2.873097,,,,,,
1780435815.269,3979691.0,3128.437,2.873094,,,,,,
1780435815.271,3979716.0,3128.469,2.873085,,,,,,
1780435815.272,3979741.0,3128.416,2.873099,,,,,,
1780435815.370,3979766.0,3128.371,2.873112,,,,,,
1780435815.371,3979791.0,3128.424,2.872971,,,,,,
1780435815.373,3979816.0,3128.423,2.872844,,,,,,
1780435815.374,3979841.0,3128.445,2.872712,,,,,,
1780435815.469,3979866.0,3128.455,2.872709,,,,,,
1780435815.471,3979891.0,3128.454,2.872836,,,,,,
1780435815.472,3979916.0,3128.418,2.872972,,,,,,
1780435815.473,3979941.0,3128.337,2.872868,,,,,,
1780435815.585,3979966.0,3128.343,2.872867,,,,,,
1780435815.587,3979991.0,3128.37,2.872986,,,,,,
1780435815.588,3980016.0,3128.409,2.872975,,,,,,
1780435815.589,3980041.0,3128.451,2.872837,,,,,,
1780435815.702,3980066.0,3128.474,2.872957,,,,,,
1780435815.704,3980091.0,3128.489,2.872952,,,,,,
1780435815.705,3980116.0,3128.421,2.872971,,,,,,
1780435815.706,3980141.0,3128.349,2.872991,,,,,,
1780435815.707,3980166.0,3128.338,2.872868,,,,,,
1780435815.817,3980191.0,3128.373,2.872859,,,,,,
1780435815.819,3980216.0,3128.401,2.87285,,,,,,
1780435815.820,3980241.0,3128.439,2.872714,,,,,,
1780435815.822,3980266.0,3128.473,2.872577,,,,,,
1780435815.823,3980291.0,3128.503,2.872569,,,,,,
1780435815.934,3980316.0,3128.475,2.872703,,,,,,
1780435815.935,3980341.0,3128.43,2.872716,,,,,,
1780435815.936,3980366.0,3128.434,2.872715,,,,,,
1780435815.937,3980391.0,3128.508,2.872694,,,,,,
1780435816.050,3980416.0,3128.551,2.872809,,,,,,
1780435816.052,3980441.0,3128.562,2.872932,,,,,,
1780435816.054,3980466.0,3128.619,2.873043,,,,,,
1780435816.055,3980491.0,3128.664,2.873157,,,,,,
1780435816.056,3980516.0,3128.621,2.873168,,,,,,
1780435816.134,3980541.0,3128.618,2.873043,,,,,,
1780435816.135,3980566.0,3128.651,2.87316,,,,,,
1780435816.137,3980591.0,3128.666,2.873156,,,,,,
1780435816.251,3980616.0,3128.714,2.873143,,,,,,
1780435816.253,3980641.0,3128.739,2.873136,,,,,,
1780435816.254,3980666.0,3128.742,2.873135,,,,,,
1780435816.256,3980691.0,3128.754,2.873005,,,,,,
1780435816.258,3980716.0,3128.687,2.873024,,,,,,
1780435816.368,3980741.0,3128.705,2.873019,,,,,,
1780435816.369,3980766.0,3128.742,2.873135,,,,,,
1780435816.369,3980791.0,3128.763,2.873256,,,,,,
1780435816.370,3980816.0,3128.771,2.87338,,,,,,
1780435816.371,3980841.0,3128.788,2.873502,,,,,,
1780435816.450,3980866.0,3128.797,2.873625,,,,,,
1780435816.450,3980891.0,3128.789,2.873754,,,,,,
1780435816.451,3980916.0,3128.739,2.873641,,,,,,
1780435816.514,3980941.0,3128.769,2.873507,,,,,,
1780435816.516,3980966.0,3128.749,2.873512,,,,,,
