timestamp_computer,timestamp,sensor1,sensor2,mag,width,crack_x,crack_size,serial out,response
1780433588.893,1753268.0,2833.658,2.660464,,,,,smoothing 50,OK smoothing 50
1780433588.895,1753293.0,2833.624,2.660409,,,,,,
1780433588.896,1753318.0,2833.645,2.660338,,,,,,
1780433588.994,1753343.0,2833.627,2.660408,,,,,,
1780433588.996,1753368.0,2833.603,2.66048,,,,,,
1780433588.997,1753393.0,2833.608,2.660478,,,,,,
1780433588.998,1753418.0,2833.629,2.660473,,,,,,
1780433589.078,1753443.0,2833.674,2.660524,,,,,,
1780433589.085,1753468.0,2833.658,2.660529,,,,,,
1780433589.086,1753493.0,2833.692,2.660519,,,,,,
1780433589.087,1753518.0,2833.69,2.660584,,,,,,
1780433589.160,1753543.0,2833.684,2.660651,,,,,,
1780433589.161,1753568.0,2833.677,2.660718,,,,,,
1780433589.174,1753593.0,2833.638,2.660729,,,,,,
1780433589.266,1753618.0,2833.572,2.660683,,,,,,
1780433589.268,1753643.0,2833.515,2.6607,,,,,,
1780433589.270,1753668.0,2833.537,2.660693,,,,,,
1780433589.271,1753693.0,2833.496,2.66064,,,,,,
1780433589.363,1753718.0,2833.51,2.660572,,,,,,
1780433589.364,1753743.0,2833.527,2.660502,,,,,,
1780433589.365,1753768.0,2833.531,2.6605,,,,,,
1780433589.367,1753793.0,2833.558,2.660492,,,,,,
1780433589.465,1753818.0,2833.574,2.660423,,,,,,
1780433589.467,1753843.0,2833.576,2.660423,,,,,,
1780433589.468,1753868.0,2833.552,2.660429,,,,,,
1780433589.469,1753893.0,2833.561,2.660362,,,,,,
1780433589.544,1753918.0,2833.56,2.660298,,,,,,
1780433589.546,1753943.0,2833.605,2.660285,,,,,,
1780433589.547,1753968.0,2833.622,2.660215,,,,,,
1780433589.645,1753993.0,2833.626,2.660278,,,,,,
1780433589.646,1754018.0,2833.593,2.660353,,,,,,
1780433589.647,1754043.0,2833.54,2.660368,,,,,,
1780433589.648,1754068.0,2833.487,2.660384,,,,,,
1780433589.730,1754093.0,2833.478,2.660387,,,,,,
1780433589.732,1754118.0,2833.515,2.660311,,,,,,
1780433589.733,1754143.0,2833.502,2.66038,,,,,,
1780433589.734,1754168.0,2833.513,2.660441,,,,,,
1780433589.812,1754193.0,2833.561,2.660428,,,,,,
1780433589.813,1754218.0,2833.597,2.660482,,,,,,
1780433589.814,1754243.0,2833.557,2.660558,,,,,,
1780433589.876,1754268.0,2833.539,2.660563,,,,,,
1780433589.877,1754293.0,2833.534,2.6605,,,,,,
1780433589.959,1754318.0,2833.585,2.660485,,,,,,
1780433589.960,1754343.0,2833.623,2.660539,,,,,,
1780433589.961,1754368.0,2833.649,2.660467,,,,,,
1780433589.961,1754393.0,2833.641,2.660404,,,,,,
1780433590.027,1754418.0,2833.605,2.660479,,,,,,
1780433590.028,1754443.0,2833.624,2.660538,,,,,,
1780433590.101,1754468.0,2833.666,2.660461,,,,,,
1780433590.102,1754493.0,2833.65,2.660466,,,,,,
1780433590.104,1754518.0,2833.64,2.660469,,,,,,
1780433590.201,1754543.0,2833.663,2.660527,,,,,,
1780433590.202,1754568.0,2833.652,2.660595,,,,,,
1780433590.203,1754593.0,2833.661,2.660592,,,,,,
1780433590.204,1754618.0,2833.64,2.660534,,,,,,
1780433590.277,1754643.0,2833.647,2.660532,,,,,,
1780433590.278,1754668.0,2833.642,2.660533,,,,,,
1780433590.279,1754693.0,2833.611,2.660477,,,,,,
1780433590.361,1754718.0,2833.632,2.660471,,,,,,
1780433590.362,1754743.0,2833.645,2.660468,,,,,,
1780433590.363,1754768.0,2833.638,2.660405,,,,,,
1780433590.364,1754793.0,2833.635,2.660406,,,,,,
1780433590.446,1754818.0,2833.6,2.660352,,,,,,
1780433590.454,1754843.0,2833.643,2.660274,,,,,,
1780433590.455,1754868.0,2833.638,2.660275,,,,,,
1780433590.547,1754893.0,2833.688,2.660326,,,,,,
1780433590.548,1754918.0,2833.66,2.660334,,,,,,
1780433590.550,1754943.0,2833.605,2.66035,,,,,,
1780433590.551,1754968.0,2833.578,2.660357,,,,,,
1780433590.615,1754993.0,2833.597,2.660352,,,,,,
1780433590.616,1755018.0,2833.567,2.660361,,,,,,
1780433590.618,1755043.0,2833.537,2.660369,,,,,,
1780433590.717,1755068.0,2833.505,2.660443,,,,,,
1780433590.718,1755093.0,2833.505,2.660379,,,,,,
1780433590.719,1755118.0,2833.442,2.660397,,,,,,
1780433590.721,1755143.0,2833.413,2.66047,,,,,,
1780433590.837,1755168.0,2833.428,2.660531,,,,,,
1780433590.840,1755193.0,2833.379,2.660545,,,,,,
1780433590.842,1755218.0,2833.323,2.660562,,,,,,
1780433590.844,1755243.0,2833.333,2.660558,,,,,,
1780433590.845,1755268.0,2833.341,2.660491,,,,,,
1780433590.932,1755293.0,2833.339,2.660492,,,,,,
1780433590.934,1755318.0,2833.394,2.660476,,,,,,
1780433590.936,1755343.0,2833.36,2.660421,,,,,,
1780433590.937,1755368.0,2833.352,2.660488,,,,,,
1780433591.011,1755393.0,2833.347,2.66049,,,,,,
1780433591.013,1755418.0,2833.363,2.660485,,,,,,
1780433591.014,1755443.0,2833.363,2.66042,,,,,,
1780433591.085,1755468.0,2833.333,2.660364,,,,,,
1780433591.087,1755493.0,2833.369,2.660354,,,,,,
1780433591.088,1755518.0,2833.364,2.66042,,,,,,
1780433591.161,1755543.0,2833.399,2.660474,,,,,,
1780433591.163,1755568.0,2833.354,2.660553,,,,,,
1780433591.164,1755593.0,2833.369,2.660548,,,,,,
1780433591.244,1755618.0,2833.368,2.660613,,,,,,
1780433591.245,1755643.0,2833.333,2.660688,,,,,,
1780433591.246,1755668.0,2833.35,2.660683,,,,,,
1780433591.326,1755693.0,2833.355,2.660617,,,,,,
1780433591.327,1755718.0,2833.32,2.660691,,,,,,
1780433591.327,1755743.0,2833.308,2.660695,,,,,,
1780433591.377,1755768.0,2833.31,2.660695,,,,,,
1780433591.378,1755793.0,2833.293,2.6607,,,,,,
1780433591.461,1755818.0,2833.25,2.660712,,,,,,
1780433591.462,1755843.0,2833.266,2.660708,,,,,,
1780433591.462,1755868.0,2833.298,2.660763,,,,,,
1780433591.463,1755893.0,2833.271,2.660836,,,,,,
1780433591.527,1755918.0,2833.256,2.66084,,,,,,
1780433591.529,1755943.0,2833.271,2.660836,,,,,,
1780433591.628,1755968.0,2833.282,2.660832,,,,,,
1780433591.629,1755993.0,2833.258,2.660904,,,,,,
1780433591.630,1756018.0,2833.266,2.660967,,,,,,
1780433591.632,1756043.0,2833.289,2.660895,,,,,,
1780433591.728,1756068.0,2833.282,2.660962,,,,,,
1780433591.729,1756093.0,2833.236,2.660975,,,,,,
1780433591.730,1756118.0,2833.25,2.661036,,,,,,
1780433591.731,1756143.0,2833.206,2.661049,,,,,,
1780433591.812,1756168.0,2833.216,2.661047,,,,,,
1780433591.814,1756193.0,2833.27,2.661031,,,,,,
1780433591.815,1756218.0,2833.306,2.66102,,,,,,
1780433591.816,1756243.0,2833.251,2.661101,,,,,,
1780433591.837,1756268.0,2833.262,2.661033,,,,,,
1780433591.861,1756293.0,2833.299,2.660957,,,,,,
1780433591.886,1756318.0,2833.296,2.660958,,,,,,
1780433591.911,1756343.0,2833.289,2.66096,,,,,,
1780433591.935,1756368.0,2833.363,2.660874,,,,,,
1780433591.969,1756393.0,2833.399,2.660863,,,,,,
1780433591.994,1756418.0,2833.408,2.660861,,,,,,
1780433592.017,1756443.0,2833.404,2.660862,,,,,,
1780433592.041,1756468.0,2833.429,2.66092,,,,,,
1780433592.065,1756493.0,2833.434,2.660918,,,,,,
1780433592.089,1756518.0,2833.405,2.660991,,,,,,
1780433592.112,1756543.0,2833.412,2.660925,,,,,,
1780433592.137,1756568.0,2833.424,2.660856,,,,,,
1780433592.161,1756593.0,2833.428,2.660855,,,,,,
1780433592.196,1756618.0,2833.382,2.660869,,,,,,
1780433592.224,1756643.0,2833.342,2.66088,,,,,status,l_h=11.800000 c_f=220.000000 q=15.000000
1780433592.330,1756668.0,2833.35,2.660878,,,,,,
1780433592.332,1756693.0,2833.325,2.660885,,,,,,
1780433592.333,1756718.0,2833.355,2.660941,,,,,,
1780433592.334,1756743.0,2833.357,2.66094,,,,,,
1780433592.335,1756768.0,2833.353,2.660877,,,,,,
1780433592.409,1756793.0,2833.333,2.660883,,,,,,
1780433592.410,1756818.0,2833.385,2.660867,,,,,,
1780433592.411,1756843.0,2833.358,2.660875,,,,,,
1780433592.494,1756868.0,2833.353,2.660877,,,,,,
1780433592.495,1756893.0,2833.384,2.660868,,,,,,
1780433592.496,1756918.0,2833.383,2.660868,,,,,,
1780433592.576,1756943.0,2833.362,2.660939,,,,,,
1780433592.578,1756968.0,2833.333,2.660947,,,,,,
1780433592.579,1756993.0,2833.358,2.660875,,,,,,
1780433592.677,1757018.0,2833.373,2.660806,,,,,,
1780433592.679,1757043.0,2833.351,2.660748,,,,,,
1780433592.681,1757068.0,2833.403,2.660667,,,,,,
1780433592.682,1757093.0,2833.41,2.660601,,,,,,
1780433592.742,1757118.0,2833.369,2.660548,,,,,,
1780433592.744,1757143.0,2833.347,2.66049,,,,,,
1780433592.745,1757168.0,2833.337,2.660428,,,,,,
1780433592.808,1757193.0,2833.289,2.660441,,,,,,
1780433592.809,1757218.0,2833.234,2.660458,,,,,,
1780433592.809,1757243.0,2833.219,2.660462,,,,,,
1780433592.857,1757268.0,2833.215,2.660463,,,,,,
1780433592.858,1757293.0,2833.183,2.660537,,,,,,
1780433592.917,1757318.0,2833.157,2.66048,,,,,,
1780433592.917,1757343.0,2833.195,2.660534,,,,,,
1780433592.992,1757368.0,2833.176,2.660539,,,,,,
1780433592.992,1757393.0,2833.198,2.660533,,,,,,
1780433592.993,1757418.0,2833.183,2.660537,,,,,,
1780433593.040,1757443.0,2833.153,2.660546,,,,,,
1780433593.041,1757468.0,2833.126,2.660619,,,,,,
1780433593.108,1757493.0,2833.14,2.660615,,,,,,
1780433593.109,1757518.0,2833.137,2.660616,,,,,,
1780433593.110,1757543.0,2833.136,2.660681,,,,,,
1780433593.158,1757568.0,2833.152,2.660612,,,,,,
1780433593.165,1757593.0,2833.17,2.660671,,,,,,
1780433593.240,1757618.0,2833.116,2.660686,,,,,,
1780433593.241,1757643.0,2833.13,2.660682,,,,,,
1780433593.243,1757668.0,2833.147,2.660613,,,,,,
1780433593.327,1757693.0,2833.168,2.660541,,,,,,
1780433593.328,1757718.0,2833.132,2.660488,,,,,,
1780433593.330,1757743.0,2833.141,2.660485,,,,,,
1780433593.425,1757768.0,2833.197,2.660469,,,,,,
1780433593.426,1757793.0,2833.196,2.660469,,,,,,
1780433593.427,1757818.0,2833.166,2.660477,,,,,,
1780433593.427,1757843.0,2833.218,2.660527,,,,,,
1780433593.528,1757868.0,2833.215,2.660463,,,,,,
1780433593.530,1757893.0,2833.23,2.660394,,,,,,
1780433593.531,1757918.0,2833.199,2.660338,,,,,,
1780433593.532,1757943.0,2833.227,2.660395,,,,,,
1780433593.627,1757968.0,2833.183,2.660408,,,,,,
1780433593.629,1757993.0,2833.156,2.660415,,,,,,
1780433593.630,1758018.0,2833.188,2.660471,,,,,,
1780433593.631,1758043.0,2833.178,2.660474,,,,,,
1780433593.714,1758068.0,2833.107,2.660495,,,,,,
1780433593.716,1758093.0,2833.146,2.660483,,,,,,
1780433593.717,1758118.0,2833.158,2.66048,,,,,,
1780433593.719,1758143.0,2833.13,2.660488,,,,,,
1780433593.808,1758168.0,2833.149,2.660418,,,,,,
1780433593.808,1758193.0,2833.204,2.660402,,,,,,
1780433593.809,1758218.0,2833.206,2.660401,,,,,,
1780433593.809,1758243.0,2833.161,2.660414,,,,,,
1780433593.879,1758268.0,2833.193,2.660405,,,,,,
1780433593.881,1758293.0,2833.269,2.660448,,,,,,
1780433593.962,1758318.0,2833.252,2.660517,,,,,,
1780433593.962,1758343.0,2833.208,2.660595,,,,,,
1780433593.963,1758368.0,2833.299,2.660569,,,,,,
1780433593.963,1758393.0,2833.324,2.660561,,,,,,
1780433594.048,1758418.0,2833.341,2.660556,,,,,,
1780433594.050,1758443.0,2833.373,2.660546,,,,,,
1780433594.052,1758468.0,2833.43,2.660465,,,,,,
1780433594.149,1758493.0,2833.377,2.660481,,,,,,
1780433594.150,1758518.0,2833.373,2.660417,,,,,,
1780433594.151,1758543.0,2833.413,2.660406,,,,,,
1780433594.152,1758568.0,2833.445,2.660396,,,,,,
1780433594.227,1758593.0,2833.393,2.660346,,,,,,
1780433594.229,1758618.0,2833.469,2.660259,,,,,,
1780433594.230,1758643.0,2833.498,2.660186,,,,,,
1780433594.299,1758668.0,2833.486,2.660125,,,,,,
1780433594.300,1758693.0,2833.503,2.66012,,,,,,
1780433594.301,1758718.0,2833.514,2.660117,,,,,,
1780433594.394,1758743.0,2833.497,2.660057,,,,,,
1780433594.396,1758768.0,2833.505,2.660054,,,,,,
1780433594.397,1758793.0,2833.503,2.660055,,,,,,
1780433594.398,1758818.0,2833.475,2.660064,,,,,,
1780433594.476,1758843.0,2833.452,2.660005,,,,,,
1780433594.477,1758868.0,2833.487,2.66006,,,,,,
1780433594.478,1758893.0,2833.485,2.660061,,,,,,
1780433594.594,1758918.0,2833.483,2.660126,,,,,,
1780433594.595,1758943.0,2833.468,2.660195,,,,,,
1780433594.597,1758968.0,2833.526,2.660243,,,,,,
1780433594.598,1758993.0,2833.489,2.660254,,,,,,
1780433594.599,1759018.0,2833.438,2.660204,,,,,,
1780433594.697,1759043.0,2833.449,2.660266,,,,,,
1780433594.700,1759068.0,2833.493,2.660318,,,,,,
1780433594.702,1759093.0,2833.433,2.660335,,,,,,
1780433594.704,1759118.0,2833.46,2.660327,,,,,,
1780433594.775,1759143.0,2833.473,2.660388,,,,,,
1780433594.776,1759168.0,2833.54,2.660368,,,,,,
1780433594.777,1759193.0,2833.5,2.66038,,,,,,
1780433594.842,1759218.0,2833.517,2.660375,,,,,,
1780433594.842,1759243.0,2833.537,2.660369,,,,,,
1780433594.843,1759268.0,2833.486,2.660319,,,,,,
1780433594.891,1759293.0,2833.445,2.660331,,,,,,
1780433594.891,1759318.0,2833.471,2.660259,,,,,,
1780433594.942,1759343.0,2833.421,2.660208,,,,,,
1780433594.943,1759368.0,2833.387,2.660218,,,,,,
1780433595.027,1759393.0,2833.365,2.66016,,,,,,
1780433595.028,1759418.0,2833.303,2.660243,,,,,,
1780433595.029,1759443.0,2833.265,2.660189,,,,,,
1780433595.127,1759468.0,2833.277,2.660186,,,,,,
1780433595.128,1759493.0,2833.299,2.660244,,,,,,
1780433595.130,1759518.0,2833.236,2.660327,,,,,,
1780433595.131,1759543.0,2833.206,2.660271,,,,,,
1780433595.215,1759568.0,2833.209,2.66027,,,,,,
1780433595.216,1759593.0,2833.205,2.660271,,,,,,
1780433595.217,1759618.0,2833.114,2.660363,,,,,,
1780433595.218,1759643.0,2833.117,2.660362,,,,,,
1780433595.313,1759668.0,2833.083,2.660437,,,,,,
1780433595.314,1759693.0,2833.061,2.660508,,,,,,
1780433595.315,1759718.0,2833.011,2.660587,,,,,,
1780433595.315,1759743.0,2833.064,2.660507,,,,,,
1780433595.375,1759768.0,2833.055,2.660575,,,,,,
1780433595.376,1759793.0,2833.036,2.66058,,,,,,
1780433595.461,1759818.0,2833.063,2.660638,,,,,,
1780433595.463,1759843.0,2833.104,2.66069,,,,,,
1780433595.464,1759868.0,2833.037,2.66071,,,,,,
1780433595.465,1759893.0,2833.019,2.66078,,,,,,
1780433595.548,1759918.0,2833.061,2.660832,,,,,,
1780433595.550,1759943.0,2833.026,2.660842,,,,,,
1780433595.551,1759968.0,2833.011,2.660782,,,,,,
1780433595.645,1759993.0,2833.053,2.66077,,,,,,
1780433595.647,1760018.0,2833.003,2.660849,,,,,,
1780433595.648,1760043.0,2832.962,2.660796,,,,,,
1780433595.649,1760068.0,2832.993,2.660787,,,,,,
1780433595.744,1760093.0,2833.011,2.660846,,,,,,
1780433595.745,1760118.0,2832.969,2.660859,,,,,,
1780433595.746,1760143.0,2832.993,2.660787,,,,,,
1780433595.747,1760168.0,2833.03,2.660776,,,,,,
1780433595.828,1760193.0,2833.052,2.660769,,,,,,
1780433595.829,1760218.0,2832.983,2.66079,,,,,,
1780433595.830,1760243.0,2833.006,2.660718,,,,,,
1780433595.891,1760268.0,2833.053,2.660705,,,,,,
1780433595.900,1760293.0,2833.04,2.660708,,,,,,
1780433595.901,1760318.0,2833.013,2.660652,,,,,,
1780433595.956,1760343.0,2833.051,2.660641,,,,,,
1780433595.957,1760368.0,2833.02,2.660714,,,,,,
1780433596.007,1760393.0,2832.991,2.660658,,,,,,
1780433596.007,1760418.0,2832.965,2.660666,,,,,,
1780433596.078,1760443.0,2832.997,2.660592,,,,,,
1780433596.080,1760468.0,2832.968,2.6606,,,,,,
1780433596.081,1760493.0,2832.955,2.660604,,,,,,
1780433596.182,1760518.0,2833.036,2.660645,,,,,,
1780433596.184,1760543.0,2833.07,2.66057,,,,,,
1780433596.185,1760568.0,2833.019,2.660585,,,,,,
1780433596.186,1760593.0,2833.043,2.660578,,,,,,
1780433596.187,1760618.0,2833.042,2.660578,,,,,,
1780433596.278,1760643.0,2833.093,2.660564,,,,,,
1780433596.279,1760668.0,2833.142,2.660549,,,,,,
1780433596.281,1760693.0,2833.186,2.660537,,,,,,
1780433596.377,1760718.0,2833.208,2.660466,,,,,,
1780433596.378,1760743.0,2833.202,2.660467,,,,,,
1780433596.379,1760768.0,2833.226,2.660395,,,,,,
1780433596.379,1760793.0,2833.189,2.660471,,,,,,
1780433596.464,1760818.0,2833.176,2.660475,,,,,,
1780433596.464,1760843.0,2833.188,2.660406,,,,,,
1780433596.465,1760868.0,2833.271,2.660382,,,,,,
1780433596.465,1760893.0,2833.271,2.660382,,,,,,
1780433596.543,1760918.0,2833.268,2.660383,,,,,,
1780433596.544,1760943.0,2833.308,2.660371,,,,,,
1780433596.546,1760968.0,2833.356,2.660293,,,,,,
1780433596.624,1760993.0,2833.38,2.66035,,,,,,
1780433596.625,1761018.0,2833.392,2.660282,,,,,,
1780433596.627,1761043.0,2833.354,2.660228,,,,,,
1780433596.691,1761068.0,2833.337,2.660233,,,,,,
1780433596.692,1761093.0,2833.361,2.660161,,,,,,
1780433596.694,1761118.0,2833.403,2.660214,,,,,,
1780433596.763,1761143.0,2833.405,2.660149,,,,,,
1780433596.764,1761168.0,2833.342,2.660167,,,,,,
1780433596.765,1761193.0,2833.4,2.66015,,,,,,
1780433596.846,1761218.0,2833.426,2.660207,,,,,,
1780433596.847,1761243.0,2833.424,2.660273,,,,,,
1780433596.848,1761268.0,2833.501,2.66025,,,,,,
1780433596.962,1761293.0,2833.501,2.660315,,,,,,
1780433596.964,1761318.0,2833.463,2.660391,,,,,,
1780433596.965,1761343.0,2833.424,2.660337,,,,,,
1780433596.967,1761368.0,2833.485,2.660319,,,,,,
1780433596.968,1761393.0,2833.391,2.660412,,,,,,
1780433597.046,1761418.0,2833.352,2.660423,,,,,,
1780433597.048,1761443.0,2833.335,2.660428,,,,,,
1780433597.049,1761468.0,2833.408,2.660407,,,,,,
1780433597.145,1761493.0,2833.389,2.660477,,,,,,
1780433597.146,1761518.0,2833.418,2.660469,,,,,,
1780433597.148,1761543.0,2833.434,2.660399,,,,,,
1780433597.149,1761568.0,2833.452,2.660394,,,,,,
1780433597.226,1761593.0,2833.452,2.660394,,,,,,
1780433597.227,1761618.0,2833.479,2.660387,,,,,,
1780433597.228,1761643.0,2833.462,2.660456,,,,,,
1780433597.295,1761668.0,2833.428,2.660466,,,,,,
1780433597.297,1761693.0,2833.416,2.660469,,,,,,
1780433597.299,1761718.0,2833.468,2.66039,,,,,,
1780433597.395,1761743.0,2833.485,2.660319,,,,,,
1780433597.397,1761768.0,2833.467,2.66026,,,,,,
1780433597.398,1761793.0,2833.461,2.660326,,,,,,
1780433597.399,1761818.0,2833.483,2.66032,,,,,,
1780433597.477,1761843.0,2833.473,2.660388,,,,,,
1780433597.479,1761868.0,2833.485,2.66032,,,,,,
1780433597.480,1761893.0,2833.457,2.660328,,,,,,
1780433597.561,1761918.0,2833.431,2.660271,,,,,,
1780433597.563,1761943.0,2833.389,2.660347,,,,,,
1780433597.564,1761968.0,2833.378,2.660416,,,,,,
1780433597.565,1761993.0,2833.379,2.660415,,,,,,
1780433597.661,1762018.0,2833.336,2.660493,,,,,,
1780433597.662,1762043.0,2833.382,2.66048,,,,,,
1780433597.663,1762068.0,2833.401,2.660409,,,,,,
1780433597.665,1762093.0,2833.42,2.660404,,,,,,
1780433597.742,1762118.0,2833.393,2.660347,,,,,,
1780433597.742,1762143.0,2833.436,2.660399,,,,,,
1780433597.743,1762168.0,2833.459,2.660392,,,,,,
1780433597.812,1762193.0,2833.453,2.660394,,,,,,
1780433597.814,1762218.0,2833.451,2.66046,,,,,,
1780433597.815,1762243.0,2833.425,2.660467,,,,,,
1780433597.913,1762268.0,2833.384,2.660479,,,,,,
1780433597.915,1762293.0,2833.41,2.660536,,,,,,
1780433597.916,1762318.0,2833.367,2.660484,,,,,,
1780433597.917,1762343.0,2833.341,2.660491,,,,,,
1780433598.013,1762368.0,2833.329,2.66043,,,,,,
1780433598.014,1762393.0,2833.327,2.660495,,,,,,
1780433598.016,1762418.0,2833.356,2.660487,,,,,,
1780433598.016,1762443.0,2833.362,2.66055,,,,,,
1780433598.095,1762468.0,2833.346,2.66049,,,,,,
1780433598.097,1762493.0,2833.347,2.660424,,,,,,
1780433598.098,1762518.0,2833.298,2.660439,,,,,,
1780433598.174,1762543.0,2833.337,2.660363,,,,,,
1780433598.176,1762568.0,2833.372,2.660352,,,,,,
1780433598.176,1762593.0,2833.369,2.660418,,,,,,
1780433598.227,1762618.0,2833.367,2.660419,,,,,,
1780433598.228,1762643.0,2833.46,2.660392,,,,,,
1780433598.293,1762668.0,2833.42,2.660338,,,,,,
1780433598.294,1762693.0,2833.401,2.660279,,,,,,
1780433598.295,1762718.0,2833.314,2.66024,,,,,,
1780433598.357,1762743.0,2833.319,2.660238,,,,,,
1780433598.358,1762768.0,2833.239,2.660262,,,,,,
1780433598.358,1762793.0,2833.25,2.660323,,,,,,
1780433598.431,1762818.0,2833.261,2.660385,,,,,,
1780433598.433,1762843.0,2833.265,2.660319,,,,,,
1780433598.435,1762868.0,2833.239,2.660262,,,,,,
1780433598.510,1762893.0,2833.303,2.660243,,,,,,
1780433598.512,1762918.0,2833.282,2.660314,,,,,,
1780433598.513,1762943.0,2833.253,2.660387,,,,,,
1780433598.613,1762968.0,2833.249,2.660453,,,,,,
1780433598.615,1762993.0,2833.239,2.660521,,,,,,
1780433598.616,1763018.0,2833.216,2.660528,,,,,,
1780433598.617,1763043.0,2833.21,2.660465,,,,,,
1780433598.694,1763068.0,2833.242,2.660456,,,,,,
1780433598.695,1763093.0,2833.219,2.660398,,,,,,
1780433598.695,1763118.0,2833.197,2.660469,,,,,,
1780433598.766,1763143.0,2833.239,2.660521,,,,,,
1780433598.767,1763168.0,2833.223,2.66059,,,,,,
1780433598.769,1763193.0,2833.2,2.660532,,,,,,
1780433598.844,1763218.0,2833.218,2.660462,,,,,,
1780433598.845,1763243.0,2833.233,2.660458,,,,,,
1780433598.846,1763268.0,2833.295,2.660375,,,,,,
1780433598.928,1763293.0,2833.246,2.66039,,,,,,
1780433598.930,1763318.0,2833.243,2.660455,,,,,,
1780433598.931,1763343.0,2833.233,2.660522,,,,,,
1780433599.029,1763368.0,2833.206,2.66053,,,,,,
1780433599.031,1763393.0,2833.168,2.660541,,,,,,
1780433599.032,1763418.0,2833.173,2.66054,,,,,,
1780433599.033,1763443.0,2833.14,2.660485,,,,,,
1780433599.034,1763468.0,2833.118,2.660426,,,,,,
1780433599.112,1763493.0,2833.167,2.660348,,,,,,
1780433599.114,1763518.0,2833.208,2.6604,,,,,,
1780433599.116,1763543.0,2833.233,2.660329,,,,,,
1780433599.212,1763568.0,2833.281,2.660379,,,,,,
1780433599.213,1763593.0,2833.246,2.660454,,,,,,
1780433599.215,1763618.0,2833.227,2.66046,,,,,,
1780433599.216,1763643.0,2833.238,2.660392,,,,,,
1780433599.312,1763668.0,2833.251,2.660388,,,,,,
1780433599.314,1763693.0,2833.208,2.660336,,,,,,
1780433599.315,1763718.0,2833.229,2.660394,,,,,,
1780433599.316,1763743.0,2833.239,2.660391,,,,,,
1780433599.395,1763768.0,2833.262,2.660385,,,,,,
1780433599.396,1763793.0,2833.218,2.660462,,,,,,
1780433599.397,1763818.0,2833.239,2.660391,,,,,,
1780433599.495,1763843.0,2833.247,2.660389,,,,,,
1780433599.496,1763868.0,2833.238,2.660392,,,,,,
1780433599.496,1763893.0,2833.241,2.660391,,,,,,
1780433599.497,1763918.0,2833.226,2.660395,,,,,,
1780433599.597,1763943.0,2833.209,2.6604,,,,,,
1780433599.598,1763968.0,2833.254,2.660452,,,,,,
1780433599.600,1763993.0,2833.27,2.660447,,,,,,
1780433599.601,1764018.0,2833.272,2.660447,,,,,,
1780433599.693,1764043.0,2833.225,2.66046,,,,,,
1780433599.694,1764068.0,2833.212,2.660464,,,,,,
1780433599.695,1764093.0,2833.141,2.660549,,,,,,
1780433599.696,1764118.0,2833.163,2.660608,,,,,,
1780433599.777,1764143.0,2833.137,2.660551,,,,,,
1780433599.778,1764168.0,2833.199,2.660532,,,,,,
1780433599.778,1764193.0,2833.205,2.660531,,,,,,
1780433599.842,1764218.0,2833.188,2.660536,,,,,,
1780433599.844,1764243.0,2833.219,2.660527,,,,,,
1780433599.846,1764268.0,2833.187,2.660536,,,,,,
1780433599.910,1764293.0,2833.176,2.660604,,,,,,
1780433599.911,1764318.0,2833.147,2.660613,,,,,,
1780433599.912,1764343.0,2833.162,2.660608,,,,,,
1780433599.974,1764368.0,2833.148,2.660613,,,,,,
1780433599.975,1764393.0,2833.144,2.660614,,,,,,
1780433600.040,1764418.0,2833.204,2.660531,,,,,,
1780433600.041,1764443.0,2833.229,2.660524,,,,,,
1780433600.041,1764468.0,2833.223,2.660525,,,,,,
1780433600.109,1764493.0,2833.226,2.66046,,,,,,
1780433600.110,1764518.0,2833.238,2.660521,,,,,,
1780433600.111,1764543.0,2833.272,2.660511,,,,,,
1780433600.175,1764568.0,2833.255,2.660452,,,,,,
1780433600.177,1764593.0,2833.242,2.660455,,,,,,
1780433600.241,1764618.0,2833.206,2.660466,,,,,,
1780433600.242,1764643.0,2833.226,2.66046,,,,,,
1780433600.242,1764668.0,2833.268,2.660383,,,,,,
1780433600.290,1764693.0,2833.287,2.660377,,,,,,
1780433600.290,1764718.0,2833.264,2.660449,,,,,,
1780433600.340,1764743.0,2833.227,2.66046,,,,,,
1780433600.341,1764768.0,2833.198,2.660468,,,,,,
1780433600.407,1764793.0,2833.198,2.660469,,,,,,
1780433600.408,1764818.0,2833.158,2.66048,,,,,,
1780433600.408,1764843.0,2833.215,2.660463,,,,,,
1780433600.458,1764868.0,2833.191,2.66047,,,,,,
1780433600.459,1764893.0,2833.17,2.660541,,,,,,
1780433600.528,1764918.0,2833.154,2.660481,,,,,,
1780433600.530,1764943.0,2833.15,2.660547,,,,,,
1780433600.628,1764968.0,2833.125,2.66049,,,,,,
1780433600.629,1764993.0,2833.082,2.660567,,,,,,
1780433600.630,1765018.0,2833.061,2.660573,,,,,,
1780433600.631,1765043.0,2833.055,2.660575,,,,,,
1780433600.712,1765068.0,2832.989,2.660659,,,,,,
1780433600.714,1765093.0,2833.021,2.660649,,,,,,
1780433600.715,1765118.0,2832.969,2.6606,,,,,,
1780433600.716,1765143.0,2832.938,2.660609,,,,,,
1780433600.795,1765168.0,2832.972,2.660664,,,,,,
1780433600.797,1765193.0,2832.993,2.660722,,,,,,
1780433600.798,1765218.0,2832.954,2.660669,,,,,,
1780433600.859,1765243.0,2832.966,2.660666,,,,,,
1780433600.859,1765268.0,2833.016,2.66065,,,,,,
1780433600.860,1765293.0,2833.021,2.660584,,,,,,
1780433600.925,1765318.0,2833.001,2.66059,,,,,,
1780433600.926,1765343.0,2833.072,2.66057,,,,,,
1780433600.991,1765368.0,2833.026,2.660583,,,,,,
1780433600.992,1765393.0,2833.002,2.660655,,,,,,
1780433600.992,1765418.0,2832.978,2.660597,,,,,,
1780433601.076,1765443.0,2832.988,2.66053,,,,,,
1780433601.077,1765468.0,2832.989,2.660529,,,,,,
1780433601.078,1765493.0,2832.965,2.660536,,,,,,
1780433601.143,1765518.0,2833.009,2.660588,,,,,,
1780433601.144,1765543.0,2832.996,2.660527,,,,,,
1780433601.145,1765568.0,2833.003,2.660589,,,,,,
1780433601.162,1765593.0,2833.015,2.660651,,,,,,
1780433601.185,1765618.0,2833.042,2.660578,,,,,,
1780433601.218,1765643.0,2832.991,2.660593,,,,,,
1780433601.240,1765668.0,2832.996,2.660592,,,,,,
1780433601.263,1765693.0,2833.013,2.660587,,,,,,
1780433601.285,1765718.0,2832.991,2.660658,,,,,,
1780433601.317,1765743.0,2832.986,2.66066,,,,,,
1780433601.340,1765768.0,2832.989,2.660659,,,,,,
1780433601.369,1765793.0,2832.928,2.660676,,,,,,
1780433601.392,1765818.0,2832.937,2.660739,,,,,,
1780433601.414,1765843.0,2832.96,2.660667,,,,,,
1780433601.437,1765868.0,2833.018,2.66065,,,,,,
1780433601.460,1765893.0,2832.98,2.660661,,,,,,
1780433601.492,1765918.0,2832.925,2.660742,,,,,,
1780433601.514,1765943.0,2832.956,2.660798,,,,,,
1780433601.537,1765968.0,2832.977,2.660792,,,,,,
1780433601.623,1765993.0,2832.978,2.660856,,,,,status,l_h=11.800000 c_f=220.000000 q=15.000000
1780433601.624,1766018.0,2833.017,2.660845,,,,,,
1780433601.624,1766043.0,2832.973,2.660858,,,,,,
1780433601.673,1766068.0,2832.991,2.660852,,,,,,
1780433601.674,1766093.0,2832.965,2.66086,,,,,,
1780433601.727,1766118.0,2833.034,2.660905,,,,,,
1780433601.728,1766143.0,2833.008,2.660913,,,,,,
1780433601.789,1766168.0,2833.036,2.660969,,,,,,
1780433601.790,1766193.0,2833.035,2.660905,,,,,,
1780433601.790,1766218.0,2833.051,2.6609,,,,,,
1780433601.840,1766243.0,2833.058,2.660898,,,,,,
1780433601.841,1766268.0,2833.064,2.660896,,,,,,
1780433601.893,1766293.0,2833.054,2.660899,,,,,,
1780433601.894,1766318.0,2833.049,2.6609,,,,,,
1780433601.959,1766343.0,2832.997,2.660851,,,,,,
1780433601.960,1766368.0,2833.025,2.660907,,,,,,
1780433601.961,1766393.0,2833.005,2.660849,,,,,,
1780433602.025,1766418.0,2833.026,2.660842,,,,,,
1780433602.026,1766443.0,2833.007,2.660783,,,,,,
1780433602.112,1766468.0,2833.021,2.660844,,,,,,
1780433602.113,1766493.0,2833.017,2.66078,,,,,,
1780433602.115,1766518.0,2832.976,2.660857,,,,,,
1780433602.115,1766543.0,2832.996,2.660851,,,,,,
1780433602.192,1766568.0,2832.976,2.660792,,,,,,
1780433602.193,1766593.0,2832.943,2.660737,,,,,,
1780433602.195,1766618.0,2832.975,2.660663,,,,,,
1780433602.258,1766643.0,2832.97,2.660664,,,,,,
1780433602.259,1766668.0,2832.911,2.660746,,,,,,
1780433602.259,1766693.0,2832.904,2.660748,,,,,,
1780433602.328,1766718.0,2832.857,2.660762,,,,,,
1780433602.329,1766743.0,2832.832,2.660769,,,,,,
1780433602.410,1766768.0,2832.812,2.660775,,,,,,
1780433602.412,1766793.0,2832.858,2.660762,,,,,,
1780433602.412,1766818.0,2832.866,2.660759,,,,,,
1780433602.413,1766843.0,2832.87,2.660758,,,,,,
1780433602.493,1766868.0,2832.906,2.660748,,,,,,
1780433602.494,1766893.0,2832.911,2.660682,,,,,,
1780433602.495,1766918.0,2832.861,2.660761,,,,,,
1780433602.594,1766943.0,2832.858,2.660762,,,,,,
1780433602.595,1766968.0,2832.829,2.66077,,,,,,
1780433602.597,1766993.0,2832.79,2.660781,,,,,,
1780433602.598,1767018.0,2832.779,2.66072,,,,,,
1780433602.676,1767043.0,2832.838,2.660638,,,,,,
1780433602.678,1767068.0,2832.77,2.660658,,,,,,
1780433602.679,1767093.0,2832.734,2.660668,,,,,,
1780433602.778,1767118.0,2832.727,2.66067,,,,,,
1780433602.778,1767143.0,2832.724,2.660606,,,,,,
1780433602.779,1767168.0,2832.731,2.660604,,,,,,
1780433602.780,1767193.0,2832.729,2.66054,,,,,,
1780433602.846,1767218.0,2832.729,2.66054,,,,,,
1780433602.847,1767243.0,2832.728,2.660475,,,,,,
1780433602.849,1767268.0,2832.663,2.660429,,,,,,
1780433602.927,1767293.0,2832.705,2.660417,,,,,,
1780433602.928,1767318.0,2832.671,2.660362,,,,,,
1780433602.929,1767343.0,2832.651,2.660368,,,,,,
1780433603.012,1767368.0,2832.619,2.660313,,,,,,
1780433603.014,1767393.0,2832.602,2.660318,,,,,,
1780433603.015,1767418.0,2832.558,2.660266,,,,,,
1780433603.016,1767443.0,2832.574,2.660261,,,,,,
1780433603.085,1767468.0,2832.558,2.660266,,,,,,
1780433603.086,1767493.0,2832.563,2.660264,,,,,,
1780433603.086,1767518.0,2832.553,2.660202,,,,,,
1780433603.160,1767543.0,2832.615,2.66012,,,,,,
1780433603.161,1767568.0,2832.626,2.660052,,,,,,
1780433603.163,1767593.0,2832.67,2.660104,,,,,,
1780433603.244,1767618.0,2832.669,2.660039,,,,,,
1780433603.246,1767643.0,2832.704,2.660094,,,,,,
1780433603.247,1767668.0,2832.675,2.660102,,,,,,
1780433603.325,1767693.0,2832.681,2.6601,,,,,,
1780433603.326,1767718.0,2832.698,2.660031,,,,,,
1780433603.327,1767743.0,2832.667,2.660105,,,,,,
1780433603.399,1767768.0,2832.666,2.66004,,,,,,
1780433603.400,1767793.0,2832.671,2.660103,,,,,,
1780433603.401,1767818.0,2832.667,2.660105,,,,,,
1780433603.473,1767843.0,2832.658,2.660107,,,,,,
1780433603.474,1767868.0,2832.655,2.660108,,,,,,
1780433603.475,1767893.0,2832.631,2.66005,,,,,,
1780433603.540,1767918.0,2832.652,2.660044,,,,,,
1780433603.541,1767943.0,2832.67,2.660038,,,,,,
1780433603.541,1767968.0,2832.696,2.660031,,,,,,
1780433603.606,1767993.0,2832.682,2.660035,,,,,,
1780433603.607,1768018.0,2832.67,2.660038,,,,,,
1780433603.673,1768043.0,2832.683,2.6601,,,,,,
1780433603.674,1768068.0,2832.708,2.660028,,,,,,
1780433603.674,1768093.0,2832.686,2.660034,,,,,,
1780433603.724,1768118.0,2832.663,2.660105,,,,,,
1780433603.725,1768143.0,2832.685,2.660164,,,,,,
1780433603.796,1768168.0,2832.69,2.660098,,,,,,
1780433603.797,1768193.0,2832.709,2.660156,,,,,,
1780433603.799,1768218.0,2832.712,2.660156,,,,,,
1780433603.876,1768243.0,2832.714,2.660155,,,,,,
1780433603.877,1768268.0,2832.713,2.660156,,,,,,
1780433603.878,1768293.0,2832.707,2.660222,,,,,,
1780433603.939,1768318.0,2832.787,2.660134,,,,,,
1780433603.939,1768343.0,2832.823,2.660188,,,,,,
1780433603.940,1768368.0,2832.817,2.660255,,,,,,
1780433604.010,1768393.0,2832.821,2.660319,,,,,,
1780433604.011,1768418.0,2832.807,2.660258,,,,,,
1780433604.012,1768443.0,2832.779,2.660331,,,,,,
1780433604.077,1768468.0,2832.819,2.660254,,,,,,
1780433604.079,1768493.0,2832.805,2.660259,,,,,,
1780433604.139,1768518.0,2832.867,2.66024,,,,,,
1780433604.139,1768543.0,2832.829,2.660252,,,,,,
1780433604.140,1768568.0,2832.86,2.660307,,,,,,
1780433604.227,1768593.0,2832.83,2.660316,,,,,,
1780433604.228,1768618.0,2832.846,2.660376,,,,,,
1780433604.229,1768643.0,2832.885,2.660365,,,,,,
1780433604.290,1768668.0,2832.864,2.660436,,,,,,
1780433604.292,1768693.0,2832.853,2.660504,,,,,,
1780433604.293,1768718.0,2832.838,2.660573,,,,,,
1780433604.379,1768743.0,2832.861,2.660567,,,,,,
1780433604.380,1768768.0,2832.883,2.660625,,,,,,
1780433604.381,1768793.0,2832.835,2.660704,,,,,,
1780433604.441,1768818.0,2832.851,2.660764,,,,,,
1780433604.441,1768843.0,2832.855,2.660763,,,,,,
1780433604.442,1768868.0,2832.834,2.660769,,,,,,
1780433604.506,1768893.0,2832.807,2.660712,,,,,,
1780433604.506,1768918.0,2832.809,2.660711,,,,,,
1780433604.575,1768943.0,2832.808,2.660712,,,,,,
1780433604.576,1768968.0,2832.783,2.660783,,,,,,
1780433604.576,1768993.0,2832.799,2.660779,,,,,,
1780433604.661,1769018.0,2832.779,2.660785,,,,,,
1780433604.662,1769043.0,2832.751,2.660728,,,,,,
1780433604.663,1769068.0,2832.725,2.6608,,,,,,
1780433604.663,1769093.0,2832.72,2.660867,,,,,,
1780433604.742,1769118.0,2832.68,2.660943,,,,,,
1780433604.742,1769143.0,2832.702,2.661001,,,,,,
1780433604.743,1769168.0,2832.737,2.660926,,,,,,
1780433604.807,1769193.0,2832.729,2.660994,,,,,,
1780433604.808,1769218.0,2832.761,2.660919,,,,,,
1780433604.808,1769243.0,2832.854,2.660827,,,,,,
1780433604.872,1769268.0,2832.86,2.660826,,,,,,
1780433604.873,1769293.0,2832.828,2.66077,,,,,,
1780433604.944,1769318.0,2832.805,2.660777,,,,,,
1780433604.945,1769343.0,2832.792,2.660781,,,,,,
1780433604.947,1769368.0,2832.746,2.660729,,,,,,
1780433605.025,1769393.0,2832.762,2.660725,,,,,,
1780433605.027,1769418.0,2832.757,2.660791,,,,,,
1780433605.028,1769443.0,2821.42,2.660275,,,,,,
1780433605.090,1769468.0,2821.92,2.660259,,,,,,
1780433605.090,1769493.0,2815.388,2.66011,,,,,,
1780433605.091,1769518.0,2813.103,2.66013,,,,,,
1780433605.160,1769543.0,2810.728,2.660047,,,,,,
1780433605.161,1769568.0,2810.441,2.660065,,,,,,
1780433605.162,1769593.0,2810.654,2.660069,,,,,,
1780433605.243,1769618.0,2811.419,2.66004,,,,,,
1780433605.245,1769643.0,2813.896,2.660033,,,,,,
1780433605.246,1769668.0,2818.18,2.660089,,,,,,
1780433605.328,1769693.0,2824.504,2.66001,,,,,,
1780433605.330,1769718.0,2833.523,2.659938,,,,,,
1780433605.330,1769743.0,2845.819,2.659708,,,,,,
1780433605.405,1769768.0,2859.434,2.659496,,,,,,
1780433605.406,1769793.0,2876.206,2.659035,,,,,,
1780433605.406,1769818.0,2893.521,2.658554,,,,,,
1780433605.474,1769843.0,2911.329,2.658064,,,,,,
1780433605.475,1769868.0,2929.085,2.657589,,,,,,
1780433605.476,1769893.0,2946.833,2.657116,,,,,,
1780433605.556,1769918.0,2964.668,2.656551,,,,,,
1780433605.557,1769943.0,2982.464,2.656064,,,,,,
1780433605.558,1769968.0,3000.207,2.655526,,,,,,
1780433605.558,1769993.0,3017.976,2.65498,,,,,,
1780433605.706,1770018.0,3035.694,2.654516,0.008821,128.476212,1768591.375,1.940559,,
1780433605.708,1770140.0,3053.653,2.653982,,,,,,
1780433605.806,1770165.0,3071.643,2.653439,,,,,,
1780433605.807,1770190.0,3089.67,2.652885,,,,,,
1780433605.807,1770215.0,3107.767,2.652443,,,,,,
1780433605.808,1770240.0,3125.751,2.651967,,,,,,
1780433605.891,1770265.0,3143.839,2.651395,,,,,,
1780433605.892,1770290.0,3161.628,2.650975,,,,,,
1780433605.893,1770315.0,3179.386,2.650433,,,,,,
1780433605.993,1770340.0,3197.017,2.649927,,,,,,
1780433605.994,1770365.0,3211.11,2.649642,,,,,,
1780433605.995,1770390.0,3213.965,2.649656,,,,,,
1780433605.995,1770415.0,3217.914,2.649612,,,,,,
1780433606.091,1770440.0,3220.188,2.6496,,,,,,
1780433606.093,1770465.0,3220.873,2.64953,,,,,,
1780433606.094,1770490.0,3220.197,2.649468,,,,,,
1780433606.094,1770515.0,3218.071,2.649507,,,,,,
1780433606.189,1770540.0,3214.914,2.649459,,,,,,
1780433606.190,1770565.0,3210.621,2.649421,,,,,,
1780433606.190,1770590.0,3205.773,2.649355,,,,,,
1780433606.191,1770615.0,3199.838,2.64922,,,,,,
1780433606.275,1770640.0,3193.554,2.649189,,,,,,
1780433606.275,1770665.0,3187.039,2.649098,,,,,,
1780433606.276,1770690.0,3180.354,2.648928,,,,,,
1780433606.342,1770715.0,3173.492,2.648811,,,,,,
1780433606.342,1770740.0,3166.59,2.648641,,,,,,
1780433606.343,1770765.0,3160.463,2.648499,,,,,,
1780433606.424,1770790.0,3165.388,2.648892,,,,,,
1780433606.424,1770815.0,3158.577,2.648757,,,,,,
1780433606.425,1770840.0,3158.788,2.648822,,,,,,
1780433606.527,1770865.0,3154.667,2.648743,,,,,,
1780433606.529,1770890.0,3150.615,2.648708,,,,,,
1780433606.530,1770915.0,3144.537,2.648618,,,,,,
1780433606.531,1770940.0,3137.916,2.648492,,,,,,
1780433606.532,1770965.0,3130.753,2.648393,,,,,,
1780433606.625,1770990.0,3121.882,2.648273,,,,,,
1780433606.627,1771015.0,3111.237,2.648145,,,,,,
1780433606.628,1771040.0,3098.522,2.648096,,,,,,
1780433606.757,1771065.0,3083.057,2.648121,,,,,,
1780433606.759,1771090.0,3064.365,2.648288,,,,,,
1780433606.760,1771115.0,3044.345,2.648441,,,,,,
1780433606.760,1771140.0,3021.261,2.648815,,,,,,
1780433606.761,1771165.0,2997.691,2.649191,,,,,,
1780433606.761,1771190.0,2973.8,2.649591,,,,,,
1780433606.860,1771215.0,2949.78,2.649963,,,,,,
1780433606.861,1771240.0,2925.926,2.650288,,,,,,
1780433606.862,1771265.0,2901.962,2.650712,,,,,,
1780433606.863,1771290.0,2878.219,2.651069,,,,,,
1780433606.960,1771315.0,2854.643,2.651443,,,,,,
1780433606.962,1771340.0,2831.249,2.651893,,,,,,
1780433606.963,1771365.0,2808.234,2.652228,,,,,,
1780433606.964,1771390.0,2785.51,2.65267,,,,,,
1780433607.060,1771415.0,2763.071,2.653092,,,,,,
1780433607.061,1771440.0,2741.515,2.653579,,,,,,
1780433607.062,1771465.0,2720.999,2.654015,,,,,,
1780433607.063,1771490.0,2701.165,2.654514,,,,,,
1780433607.173,1771515.0,2681.892,2.655042,,,,,,
1780433607.174,1771540.0,2665.73,2.655508,,,,,,
1780433607.176,1771565.0,2649.65,2.656081,,,,,,
1780433607.177,1771590.0,2633.792,2.65659,,,,,,
1780433607.261,1771615.0,2621.489,2.656938,,,,,,
1780433607.262,1771640.0,2627.507,2.656895,,,,,,
1780433607.263,1771665.0,2637.045,2.656631,,,,,,
1780433607.264,1771690.0,2648.079,2.656389,,,,,,
1780433607.369,1771715.0,2660.673,2.656146,,,,,,
1780433607.370,1771740.0,2674.62,2.655964,,,,,,
1780433607.372,1771765.0,2691.99,2.655574,,,,,,
1780433607.373,1771790.0,2714.817,2.654996,,,,,,
1780433607.460,1771815.0,2738.67,2.654435,,,,,,
1780433607.461,1771840.0,2762.977,2.654002,,,,,,
1780433607.462,1771865.0,2788.488,2.653537,,,,,,
1780433607.463,1771890.0,2814.332,2.652971,,,,,,
1780433607.575,1771915.0,2840.384,2.652539,,,,,,
1780433607.577,1771940.0,2866.626,2.652115,,,,,,
1780433607.578,1771965.0,2893.027,2.651641,,,,,,
1780433607.579,1771990.0,2919.438,2.651164,,,,,,
1780433607.580,1772015.0,2945.129,2.65071,,,,,,
1780433607.675,1772040.0,2971.075,2.650245,,,,,,
1780433607.677,1772065.0,2997.023,2.649712,,,,,,
1780433607.678,1772090.0,3022.945,2.649254,,,,,,
1780433607.777,1772115.0,3048.968,2.648767,,,,,,
1780433607.778,1772140.0,3075.027,2.64827,,,,,,
1780433607.779,1772165.0,3101.067,2.647778,,,,,,
1780433607.780,1772190.0,3127.269,2.647238,,,,,,
1780433607.782,1772215.0,3153.427,2.646712,,,,,,
1780433607.877,1772240.0,3179.553,2.646263,,,,,,
1780433607.879,1772265.0,3205.464,2.645808,,,,,,
1780433607.880,1772290.0,3231.544,2.645304,,,,,,
1780433607.881,1772315.0,3257.511,2.644766,,,,,,
1780433608.006,1772340.0,3283.469,2.644298,,,,,,
1780433608.007,1772365.0,3309.42,2.643764,,,,,,
1780433608.008,1772390.0,3335.278,2.643324,,,,,,
1780433608.009,1772415.0,3354.206,2.643159,,,,,,
1780433608.010,1772440.0,3359.112,2.643204,,,,,,
1780433608.105,1772465.0,3367.026,2.643281,,,,,,
1780433608.105,1772490.0,3373.238,2.643398,,,,,,
1780433608.106,1772515.0,3377.28,2.643501,,,,,,
1780433608.106,1772540.0,3380.499,2.643587,,,,,,
1780433608.194,1772565.0,3381.66,2.643632,,,,,,
1780433608.195,1772590.0,3382.063,2.643578,,,,,,
1780433608.196,1772615.0,3381.663,2.643567,,,,,,
1780433608.309,1772640.0,3380.454,2.643536,,,,,,
1780433608.310,1772665.0,3378.827,2.6435,,,,,,
1780433608.311,1772690.0,3375.989,2.643432,,,,,,
1780433608.312,1772715.0,3371.964,2.643326,,,,,,
1780433608.313,1772740.0,3367.177,2.643184,,,,,,
1780433608.412,1772765.0,3361.648,2.643066,,,,,,
1780433608.413,1772790.0,3353.688,2.64294,,,,,,
1780433608.414,1772815.0,3345.648,2.642772,,,,,,
1780433608.415,1772840.0,3337.455,2.642649,,,,,,
1780433608.508,1772865.0,3329.299,2.642452,,,,,,
1780433608.509,1772890.0,3314.009,2.642426,,,,,,
1780433608.510,1772915.0,3294.158,2.642596,,,,,,
1780433608.512,1772940.0,3274.458,2.642659,,,,,,
1780433608.623,1772965.0,3254.819,2.642834,,,,,,
1780433608.624,1772990.0,3235.136,2.642893,,,,,,
1780433608.625,1773015.0,3213.426,2.643139,,,,,,
1780433608.626,1773040.0,3187.368,2.643636,,,,,,
1780433608.707,1773065.0,3161.414,2.644107,,,,,,
1780433608.708,1773090.0,3135.487,2.644566,,,,,,
1780433608.708,1773115.0,3109.528,2.645035,,,,,,
1780433608.709,1773140.0,3083.611,2.645558,,,,,,
1780433608.810,1773165.0,3057.76,2.645995,,,,,,
1780433608.810,1773190.0,3031.918,2.646429,,,,,,
1780433608.811,1773215.0,3006.037,2.646943,,,,,,
1780433608.811,1773240.0,2980.297,2.647479,,,,,,
1780433608.893,1773265.0,2954.607,2.647869,,,,,,
1780433608.895,1773290.0,2929.202,2.648303,,,,,,
1780433608.896,1773315.0,2903.829,2.64886,,,,,,
1780433608.992,1773340.0,2878.528,2.649264,,,,,,
1780433608.993,1773365.0,2853.494,2.649717,,,,,,
1780433608.994,1773390.0,2829.25,2.65026,,,,,,
1780433608.995,1773415.0,2805.335,2.650771,,,,,,
1780433609.076,1773440.0,2782.224,2.651369,,,,,,
1780433609.078,1773465.0,2760.187,2.651974,,,,,,
1780433609.080,1773490.0,2740.038,2.652543,,,,,,
1780433609.081,1773515.0,2721.077,2.653092,,,,,,
1780433609.191,1773540.0,2703.734,2.653691,,,,,,
1780433609.192,1773565.0,2687.922,2.654303,,,,,,
1780433609.193,1773590.0,2673.811,2.65481,,,,,,
1780433609.193,1773615.0,2661.554,2.655372,,,,,,
1780433609.276,1773640.0,2650.805,2.655824,,,,,,
1780433609.278,1773665.0,2648.977,2.65589,,,,,,
1780433609.279,1773690.0,2662.888,2.655648,,,,,,
1780433609.390,1773715.0,2674.126,2.655407,,,,,,
1780433609.391,1773740.0,2689.614,2.655055,,,,,,
1780433609.393,1773765.0,2707.583,2.654625,,,,,,
1780433609.394,1773790.0,2726.237,2.654189,,,,,,
1780433609.395,1773815.0,2749.296,2.653717,,,,,,
1780433609.492,1773840.0,2774.761,2.653209,,,,,,
1780433609.492,1773865.0,2801.945,2.652532,,,,,,
1780433609.493,1773890.0,2829.344,2.651857,,,,,,
1780433609.494,1773915.0,2856.838,2.651285,,,,,,
1780433609.589,1773940.0,2884.606,2.650628,,,,,,
1780433609.590,1773965.0,2912.42,2.65009,,,,,,
1780433609.591,1773990.0,2940.525,2.649463,,,,,,
1780433609.591,1774015.0,2968.687,2.648888,,,,,,
1780433609.673,1774040.0,2996.447,2.648234,,,,,,
1780433609.674,1774065.0,3024.271,2.647629,,,,,,
1780433609.675,1774090.0,3052.222,2.646988,,,,,,
1780433609.757,1774115.0,3080.004,2.646392,,,,,,
1780433609.758,1774140.0,3107.503,2.645746,,,,,,
1780433609.759,1774165.0,3134.834,2.645149,,,,,,
1780433609.759,1774190.0,3162.149,2.64462,,,,,,
1780433609.843,1774215.0,3189.744,2.644014,,,,,,
1780433609.844,1774240.0,3217.274,2.643491,,,,,,
1780433609.845,1774265.0,3244.992,2.642913,,,,,,
1780433609.955,1774290.0,3272.449,2.642348,,,,,,
1780433609.955,1774315.0,3299.817,2.641804,,,,,,
1780433609.956,1774340.0,3327.163,2.641203,,,,,,
1780433609.957,1774365.0,3354.491,2.640607,,,,,,
1780433609.957,1774390.0,3381.83,2.640008,,,,,,
1780433610.056,1774415.0,3409.163,2.639411,,,,,,
1780433610.058,1774440.0,3436.453,2.638826,,,,,,
1780433610.059,1774465.0,3463.858,2.638208,,,,,,
1780433610.059,1774490.0,3490.989,2.637605,,,,,,
1780433610.142,1774515.0,3517.986,2.637106,,,,,,
1780433610.143,1774540.0,3544.706,2.63656,,,,,,
1780433610.144,1774565.0,3571.303,2.635986,,,,,,
1780433610.241,1774590.0,3597.848,2.635491,,,,,,
1780433610.243,1774615.0,3624.09,2.634889,,,,,,
1780433610.244,1774640.0,3649.541,2.634197,,,,,,
1780433610.245,1774665.0,3674.571,2.633633,,,,,,
1780433610.340,1774690.0,3698.691,2.632945,,,,,,
1780433610.341,1774715.0,3721.791,2.632234,,,,,,
1780433610.342,1774740.0,3742.971,2.6315,,,,,,
1780433610.343,1774765.0,3763.082,2.630887,,,,,,
1780433610.437,1774790.0,3781.426,2.6302,,,,,,
1780433610.437,1774815.0,3798.383,2.629526,,,,,,
1780433610.438,1774840.0,3813.672,2.628878,,,,,,
1780433610.438,1774865.0,3827.031,2.628266,,,,,,
1780433610.509,1774890.0,3838.941,2.62768,,,,,,
1780433610.511,1774915.0,3848.791,2.627163,,,,,,
1780433610.512,1774940.0,3856.743,2.6268,,,,,,
1780433610.605,1774965.0,3864.514,2.626355,,,,,,
1780433610.606,1774990.0,3869.58,2.626028,,,,,,
1780433610.606,1775015.0,3874.363,2.625783,,,,,,
1780433610.606,1775040.0,3879.063,2.625562,,,,,,
1780433610.691,1775065.0,3881.258,2.625397,,,,,,
1780433610.692,1775090.0,3881.63,2.625356,,,,,,
1780433610.693,1775115.0,3880.691,2.625494,,,,,,
1780433610.793,1775140.0,3879.849,2.625603,,,,,,
1780433610.794,1775165.0,3878.982,2.625584,,,,,,
1780433610.796,1775190.0,3878.099,2.625705,,,,,,
1780433610.797,1775215.0,3877.287,2.62567,,,,,,
1780433610.908,1775240.0,3876.325,2.625815,,,,,,
1780433610.909,1775265.0,3875.479,2.625858,,,,,,
1780433610.910,1775290.0,3874.512,2.626004,,,,,,
1780433610.911,1775315.0,3873.533,2.626017,,,,,,
1780433610.912,1775340.0,3872.44,2.626132,,,,,,
1780433611.009,1775365.0,3871.526,2.626195,,,,,,
1780433611.010,1775390.0,3870.87,2.626251,,,,,,
1780433611.012,1775415.0,3870.368,2.626261,,,,,,
1780433611.013,1775440.0,3869.914,2.626257,,,,,,
1780433611.109,1775465.0,3869.147,2.626345,,,,,,
1780433611.111,1775490.0,3868.457,2.626342,,,,,,
1780433611.112,1775515.0,3867.605,2.626387,,,,,,
1780433611.113,1775540.0,3866.915,2.626384,,,,,,
1780433611.208,1775565.0,3866.285,2.626432,,,,,,
1780433611.209,1775590.0,3865.722,2.62646,,,,,,
1780433611.210,1775615.0,3865.124,2.626498,,,,,,
1780433611.211,1775640.0,3864.448,2.626559,,,,,,
1780433611.309,1775665.0,3863.754,2.626626,,,,,,
1780433611.311,1775690.0,3863.041,2.626698,,,,,,
1780433611.312,1775715.0,3862.293,2.626779,,,,,,
1780433611.313,1775740.0,3861.633,2.626836,,,,,,
1780433611.388,1775765.0,3860.988,2.626888,,,,,,
1780433611.389,1775790.0,3860.362,2.626867,,,,,,
1780433611.390,1775815.0,3859.922,2.626859,,,,,,
1780433611.490,1775840.0,3859.354,2.626889,,,,,,
1780433611.491,1775865.0,3858.765,2.626925,,,,,,
1780433611.492,1775890.0,3858.092,2.627053,,,,,,
1780433611.493,1775915.0,3857.479,2.627028,,,,,,
1780433611.606,1775940.0,3856.839,2.627079,,,,,,
1780433611.607,1775965.0,3856.131,2.627149,,,,,,
1780433611.608,1775990.0,3855.505,2.627264,,,,,,
1780433611.609,1776015.0,3854.941,2.627292,,,,,,
1780433611.610,1776040.0,3854.309,2.627341,,,,,,
1780433611.707,1776065.0,3853.667,2.627392,,,,,,
1780433611.708,1776090.0,3853.009,2.627448,,,,,,
1780433611.709,1776115.0,3852.362,2.627501,,,,,,
1780433611.710,1776140.0,3851.78,2.627535,,,,,,
1780433611.789,1776165.0,3851.095,2.627599,,,,,,
1780433611.790,1776190.0,3850.448,2.627583,,,,,,
1780433611.791,1776215.0,3849.799,2.627637,,,,,,
1780433611.875,1776240.0,3849.183,2.627681,,,,,,
1780433611.876,1776265.0,3848.578,2.627721,,,,,,
1780433611.878,1776290.0,3847.972,2.627762,,,,,,
1780433611.993,1776315.0,3847.407,2.627791,,,,,,
1780433611.994,1776340.0,3846.749,2.627847,,,,,,
1780433611.995,1776365.0,3846.152,2.627885,,,,,,
1780433611.996,1776390.0,3845.571,2.627919,,,,,,
1780433611.997,1776415.0,3845.011,2.628014,,,,,,
1780433612.088,1776440.0,3844.445,2.628043,,,,,,
1780433612.088,1776465.0,3843.834,2.628154,,,,,,
1780433612.089,1776490.0,3843.304,2.628173,,,,,,
1780433612.089,1776515.0,3842.667,2.628222,,,,,,
1780433612.176,1776540.0,3842.16,2.628166,,,,,,
1780433612.177,1776565.0,3841.579,2.6282,,,,,,
1780433612.178,1776590.0,3841.083,2.628141,,,,,,
1780433612.276,1776615.0,3840.496,2.628244,,,,,,
1780433612.278,1776640.0,3839.998,2.628254,,,,,,
1780433612.280,1776665.0,3839.538,2.62832,,,,,,
1780433612.281,1776690.0,3839.003,2.62834,,,,,,
1780433612.923,1777312.0,3838.413,2.982608,,,,,calibrate,
1780433612.924,1777337.0,3837.838,2.982599,,,,,,
1780433613.003,1777362.0,3837.287,2.982585,,,,,,
1780433613.004,1777387.0,3836.7,2.982579,,,,,,
1780433613.005,1777412.0,3836.094,2.982645,,,,,,
1780433613.006,1777437.0,3835.592,2.98262,,,,,,
1780433613.124,1777462.0,3835.044,2.982606,,,,,,
1780433613.126,1777487.0,3834.503,2.982657,,,,,,
1780433613.128,1777512.0,3833.98,2.982638,,,,,,
1780433613.129,1777537.0,3833.527,2.98267,,,,,,
1780433613.130,1777562.0,3833.038,2.982642,,,,,,
1780433613.222,1777587.0,3832.602,2.982603,,,,,,
1780433613.223,1777612.0,3832.165,2.982564,,,,,,
1780433613.224,1777637.0,3831.714,2.982663,,,,,,
1780433613.310,1777662.0,3831.138,2.982655,,,,,,
1780433613.311,1777687.0,3830.692,2.982618,,,,,,
1780433613.312,1777712.0,3830.178,2.982664,,,,,,
1780433613.313,1777737.0,3829.824,2.982606,,,,,,
1780433613.408,1777762.0,3829.479,2.982683,,,,,,
1780433613.409,1777787.0,3829.104,2.982698,,,,,,
1780433613.411,1777812.0,3828.8,2.982697,,,,,,
1780433613.412,1777837.0,3828.471,2.982634,,,,,,
1780433613.506,1777862.0,3828.11,2.982646,,,,,,
1780433613.507,1777887.0,3827.779,2.982651,,,,,,
1780433613.509,1777912.0,3827.475,2.982651,,,,,,
1780433613.510,1777937.0,3827.164,2.982652,,,,,,
1780433613.608,1777962.0,3826.896,2.982643,,,,,,
1780433613.614,1777987.0,3826.551,2.982651,,,,,,
1780433613.615,1778012.0,3826.346,2.982629,,,,,,
1780433613.615,1778037.0,3826.1,2.982615,,,,,,
1780433613.692,1778062.0,3825.82,2.982677,,,,,,
1780433613.693,1778087.0,3825.548,2.982738,,,,,,
1780433613.694,1778112.0,3825.258,2.982734,,,,,,
1780433613.791,1778137.0,3824.956,2.982733,,,,,,
1780433613.792,1778162.0,3824.764,2.982775,,,,,,
1780433613.794,1778187.0,3824.573,2.98275,,,,,,
1780433613.795,1778212.0,3824.344,2.982733,,,,,,
1780433613.908,1778237.0,3824.076,2.982723,,,,,,
1780433613.909,1778262.0,3823.859,2.982703,,,,,,
1780433613.911,1778287.0,3823.631,2.982686,,,,,,
1780433613.912,1778312.0,3823.442,2.98266,,,,,,
1780433613.913,1778337.0,3823.221,2.982641,,,,,,
1780433614.019,1778362.0,3822.962,2.98263,,,,,,
1780433614.020,1778387.0,3822.781,2.98267,,,,,,
1780433614.020,1778412.0,3822.6,2.98271,,,,,,
1780433614.021,1778437.0,3822.379,2.982759,,,,,,
1780433614.104,1778462.0,3822.21,2.982728,,,,,,
1780433614.106,1778487.0,3822.069,2.982759,,,,,,
1780433614.107,1778512.0,3821.861,2.982738,,,,,,
1780433614.108,1778537.0,3821.683,2.982777,,,,,,
1780433614.221,1778562.0,3821.545,2.982739,,,,,,
1780433614.221,1778587.0,3821.427,2.982766,,,,,,
1780433614.222,1778612.0,3821.326,2.982788,,,,,,
1780433614.223,1778637.0,3821.228,2.98281,,,,,,
1780433614.307,1778662.0,3821.175,2.982753,,,,,,
1780433614.309,1778687.0,3820.999,2.982792,,,,,,
1780433614.310,1778712.0,3820.901,2.982814,,,,,,
1780433614.311,1778737.0,3820.867,2.982754,,,,,,
1780433614.407,1778762.0,3820.839,2.98276,,,,,,
1780433614.408,1778787.0,3820.739,2.982714,,,,,,
1780433614.509,1778812.0,3820.625,2.982739,0.023077,28.714775,1778707.125,5.076838,,
1780433614.510,1778934.0,3820.471,2.982706,,,,,,
1780433614.590,1778959.0,3820.406,2.98272,,,,,,
1780433614.591,1778984.0,3820.29,2.982677,,,,,,
1780433614.592,1779009.0,3820.126,2.982714,,,,,,
1780433614.689,1779034.0,3820.005,2.982741,,,,,,
1780433614.690,1779059.0,3819.982,2.982746,,,,,,
1780433614.691,1779084.0,3819.787,2.982789,,,,,,
1780433614.691,1779109.0,3819.649,2.982751,,,,,,
1780433614.790,1779134.0,3819.498,2.982785,,,,,,
1780433614.791,1779159.0,3819.351,2.982817,,,,,,
1780433614.793,1779184.0,3819.22,2.982778,,,,,,
1780433614.794,1779209.0,3819.206,2.982646,,,,,,
1780433614.890,1779234.0,3819.155,2.982657,,,,,,
1780433614.891,1779259.0,3819.068,2.982677,,,,,,
1780433614.892,1779284.0,3818.908,2.982712,,,,,,
1780433614.893,1779309.0,3818.851,2.982725,,,,,,
1780433614.976,1779334.0,3818.766,2.982744,,,,,,
1780433614.979,1779359.0,3818.612,2.98271,,,,,,
1780433614.980,1779384.0,3818.499,2.982667,,,,,,
1780433614.981,1779409.0,3818.417,2.982617,,,,,,
1780433615.091,1779434.0,3818.323,2.98257,,,,,,
1780433615.092,1779459.0,3818.33,2.982568,,,,,,
1780433615.092,1779484.0,3818.349,2.982564,,,,,,
1780433615.093,1779509.0,3818.227,2.982591,,,,,,
1780433615.188,1779534.0,3818.184,2.9826,,,,,,
1780433615.189,1779559.0,3818.224,2.982591,,,,,,
1780433615.189,1779584.0,3818.365,2.982629,,,,,,
1780433615.190,1779609.0,3818.501,2.982666,,,,,,
1780433615.272,1779634.0,3818.758,2.982677,,,,,,
1780433615.274,1779659.0,3819.208,2.982646,,,,,,
1780433615.275,1779684.0,3819.773,2.982656,,,,,,
1780433615.276,1779709.0,3820.658,2.982665,,,,,,
1780433615.374,1779734.0,3821.685,2.982709,,,,,,
1780433615.375,1779759.0,3822.995,2.982691,,,,,,
1780433615.376,1779784.0,3824.25,2.982685,,,,,,
1780433615.377,1779809.0,3825.355,2.982645,,,,,,
1780433615.488,1779834.0,3826.191,2.982664,,,,,,
1780433615.490,1779859.0,3826.972,2.982627,,,,,,
1780433615.491,1779884.0,3827.757,2.982657,,,,,,
1780433615.492,1779909.0,3828.577,2.982679,,,,,,
1780433615.571,1779934.0,3829.366,2.98264,,,,,,
1780433615.572,1779959.0,3830.097,2.982682,,,,,,
1780433615.573,1779984.0,3830.929,2.982634,,,,,,
1780433615.574,1780009.0,3831.75,2.982589,,,,,,
1780433615.675,1780034.0,3832.603,2.982604,,,,,,
1780433615.676,1780059.0,3833.439,2.982555,,,,,,
1780433615.678,1780084.0,3834.296,2.982501,,,,,,
1780433615.679,1780109.0,3835.075,2.982465,,,,,,
1780433615.774,1780134.0,3835.989,2.982466,,,,,,
1780433615.775,1780159.0,3837.005,2.982446,,,,,,
1780433615.776,1780184.0,3837.856,2.982461,,,,,,
1780433615.777,1780209.0,3838.632,2.982425,,,,,,
1780433615.855,1780234.0,3839.312,2.98241,,,,,,
1780433615.856,1780259.0,3839.84,2.982429,,,,,,
1780433615.856,1780284.0,3840.078,2.982445,,,,,,
1780433615.940,1780309.0,3840.103,2.982439,,,,,,
1780433615.941,1780334.0,3840.163,2.982426,,,,,,
1780433615.942,1780359.0,3840.467,2.982427,,,,,,
1780433616.041,1780384.0,3840.763,2.982429,,,,,,
1780433616.042,1780409.0,3841.104,2.982421,,,,,,
1780433616.044,1780434.0,3841.126,2.982484,,,,,,
1780433616.045,1780459.0,3841.06,2.982567,,,,,,
1780433616.155,1780484.0,3841.167,2.982543,,,,,,
1780433616.157,1780509.0,3841.063,2.982566,,,,,,
1780433616.159,1780534.0,3840.631,2.982594,,,,,,
1780433616.160,1780559.0,3812.339,2.980924,,,,,,
1780433616.161,1780584.0,3789.291,2.979878,,,,,,
1780433616.274,1780609.0,3764.728,2.978658,,,,,,
1780433616.275,1780634.0,3739.827,2.977513,,,,,,
1780433616.276,1780659.0,3714.77,2.976207,,,,,,
1780433616.277,1780684.0,3689.352,2.974918,,,,,,
1780433616.279,1780709.0,3664.019,2.973674,,,,,,
1780433616.358,1780734.0,3638.575,2.972453,,,,,,
1780433616.358,1780759.0,3613.047,2.971124,,,,,,
1780433616.359,1780784.0,3587.088,2.969762,,,,,,
1780433616.456,1780809.0,3561.286,2.968494,,,,,,
1780433616.457,1780834.0,3535.165,2.9671,,,,,,
1780433616.458,1780859.0,3509.101,2.965694,,,,,,
1780433616.459,1780884.0,3483.016,2.964356,,,,,,
1780433616.538,1780909.0,3456.724,2.963064,,,,,,
1780433616.539,1780934.0,3430.32,2.961728,,,,,,
1780433616.539,1780959.0,3403.597,2.960396,,,,,,
1780433616.605,1780984.0,3376.676,2.959039,,,,,,
1780433616.607,1781009.0,3349.522,2.957733,,,,,,
1780433616.608,1781034.0,3322.457,2.956408,,,,,,
1780433616.702,1781059.0,3295.452,2.955138,,,,,,
1780433616.704,1781084.0,3268.655,2.953822,,,,,,
1780433616.706,1781109.0,3241.943,2.952554,,,,,,
1780433616.707,1781134.0,3215.261,2.951213,,,,,,
1780433616.835,1781159.0,3188.624,2.949862,,,,,,
1780433616.837,1781184.0,3162.094,2.948554,,,,,,
1780433616.838,1781209.0,3135.634,2.947227,,,,,,
1780433616.839,1781234.0,3109.185,2.945965,,,,,,
1780433616.841,1781259.0,3082.879,2.944736,,,,,,
1780433616.939,1781284.0,3056.722,2.943469,,,,,,
1780433616.941,1781309.0,3030.794,2.94222,,,,,,
1780433616.942,1781334.0,3004.975,2.941074,,,,,,
1780433616.943,1781359.0,2979.396,2.939939,,,,,,
1780433617.054,1781384.0,2954.605,2.938818,,,,,,
1780433617.056,1781409.0,2930.146,2.937753,,,,,,
1780433617.057,1781434.0,2906.561,2.936754,,,,,,
1780433617.059,1781459.0,2884.278,2.935853,,,,,,
1780433617.060,1781484.0,2863.126,2.935026,,,,,,
1780433617.155,1781509.0,2843.915,2.934289,,,,,,
1780433617.156,1781534.0,2825.42,2.933591,,,,,,
1780433617.157,1781559.0,2810.862,2.933137,,,,,,
1780433617.158,1781584.0,2796.948,2.932673,,,,,,
1780433617.240,1781609.0,2784.638,2.932313,,,,,,
1780433617.241,1781634.0,2774.084,2.932029,,,,,,
1780433617.242,1781659.0,2765.637,2.931877,,,,,,
1780433617.338,1781684.0,2757.784,2.931729,,,,,,
1780433617.339,1781709.0,2753.708,2.931684,,,,,,
1780433617.339,1781734.0,2750.101,2.93167,,,,,,
1780433617.340,1781759.0,2746.874,2.931573,,,,,,
1780433617.456,1781784.0,2745.761,2.931481,,,,,,
1780433617.458,1781809.0,2773.835,2.933131,,,,,,
1780433617.459,1781834.0,2796.654,2.93416,,,,,,
1780433617.461,1781859.0,2821.686,2.935411,,,,,,
1780433617.462,1781884.0,2849.34,2.936627,,,,,,
1780433617.572,1781909.0,2877.264,2.937912,,,,,,
1780433617.573,1781934.0,2905.559,2.939178,,,,,,
1780433617.575,1781959.0,2933.692,2.940416,,,,,,
1780433617.576,1781984.0,2961.943,2.941628,,,,,,
1780433617.577,1782009.0,2990.374,2.942927,,,,,,
1780433617.655,1782034.0,3019.145,2.944279,,,,,,
1780433617.656,1782059.0,3047.747,2.945541,,,,,,
1780433617.656,1782084.0,3076.631,2.946868,,,,,,
1780433617.740,1782109.0,3105.378,2.948225,,,,,,
1780433617.741,1782134.0,3134.03,2.94954,,,,,,
1780433617.742,1782159.0,3161.301,2.950887,,,,,,
1780433617.842,1782184.0,3187.412,2.952219,,,,,,
1780433617.844,1782209.0,3213.579,2.953471,,,,,,
1780433617.845,1782234.0,3239.645,2.954813,,,,,,
1780433617.846,1782259.0,3265.394,2.956157,,,,,,
1780433617.941,1782284.0,3290.125,2.957455,,,,,,
1780433617.942,1782309.0,3308.788,2.958615,,,,,,
1780433617.942,1782334.0,3327.659,2.959796,,,,,,
1780433617.943,1782359.0,3343.657,2.960879,,,,,,
1780433618.036,1782384.0,3358.274,2.961936,,,,,,
1780433618.037,1782409.0,3368.431,2.962727,,,,,,
1780433618.038,1782434.0,3376.902,2.963433,,,,,,
1780433618.038,1782459.0,3384.889,2.964052,,,,,,
1780433618.121,1782484.0,3390.387,2.964506,,,,,,
1780433618.122,1782509.0,3395.319,2.964893,,,,,,
1780433618.123,1782534.0,3398.02,2.965064,,,,,,
1780433618.125,1782559.0,3399.636,2.965218,,,,,,
1780433618.226,1782584.0,3400.011,2.965199,,,,,,
1780433618.227,1782609.0,3399.447,2.965069,,,,,,
1780433618.228,1782634.0,3397.639,2.964893,,,,,,
1780433618.229,1782659.0,3395.435,2.964613,,,,,,
1780433618.326,1782684.0,3392.485,2.964306,,,,,,
1780433618.327,1782709.0,3388.231,2.9639,,,,,,
1780433618.328,1782734.0,3382.98,2.963456,,,,,,
1780433618.329,1782759.0,3376.002,2.96281,,,,,,
1780433618.442,1782784.0,3368.357,2.962119,,,,,,
1780433618.442,1782809.0,3356.838,2.961238,,,,,,
1780433618.443,1782834.0,3344.736,2.96029,,,,,,
1780433618.443,1782859.0,3330.692,2.959308,,,,,,
1780433618.541,1782884.0,3314.999,2.958226,,,,,,
1780433618.542,1782909.0,3297.151,2.957023,,,,,,
1780433618.543,1782934.0,3278.99,2.955822,,,,,,
1780433618.544,1782959.0,3257.053,2.954517,,,,,,
1780433618.655,1782984.0,3234.557,2.953201,,,,,,
1780433618.656,1783009.0,3211.918,2.951917,,,,,,
1780433618.657,1783034.0,3187.546,2.950611,,,,,,
1780433618.659,1783059.0,3161.754,2.949217,,,,,,
1780433618.660,1783084.0,3135.995,2.947879,,,,,,
1780433618.755,1783109.0,3109.563,2.946555,,,,,,
1780433618.757,1783134.0,3080.848,2.94519,,,,,,
1780433618.758,1783159.0,3052.075,2.943902,,,,,,
1780433618.759,1783184.0,3023.398,2.942593,,,,,,
1780433618.855,1783209.0,2994.856,2.941254,,,,,,
1780433618.856,1783234.0,2966.435,2.939953,,,,,,
1780433618.858,1783259.0,2937.973,2.93866,,,,,,
1780433618.859,1783284.0,2909.625,2.937341,,,,,,
1780433618.935,1783309.0,2881.367,2.936004,,,,,,
1780433618.936,1783334.0,2853.02,2.934685,,,,,,
1780433618.937,1783359.0,2825.064,2.933409,,,,,,
1780433619.025,1783384.0,2797.934,2.932268,,,,,,
1780433619.026,1783409.0,2773.073,2.931155,,,,,,
1780433619.027,1783434.0,2749.394,2.930052,,,,,,
1780433619.028,1783459.0,2727.153,2.929149,,,,,,
1780433619.139,1783484.0,2706.06,2.928247,,,,,,
1780433619.141,1783509.0,2687.064,2.927469,,,,,,
1780433619.142,1783534.0,2670.341,2.926848,,,,,,
1780433619.143,1783559.0,2661.463,2.92643,,,,,,
1780433619.241,1783584.0,2653.7,2.926092,,,,,,
1780433619.242,1783609.0,2650.494,2.925941,,,,,,
1780433619.243,1783634.0,2652.728,2.925978,,,,,,
1780433619.244,1783659.0,2660.094,2.926399,,,,,,
1780433619.363,1783684.0,2670.323,2.926912,,,,,,
1780433619.364,1783709.0,2683.031,2.927544,,,,,,
1780433619.365,1783734.0,2699.23,2.928386,,,,,,
1780433619.366,1783759.0,2717.579,2.929221,,,,,,
1780433619.367,1783784.0,2741.092,2.930304,,,,,,
1780433619.474,1783809.0,2765.32,2.931417,,,,,,
1780433619.475,1783834.0,2790.599,2.932618,,,,,,
1780433619.476,1783859.0,2816.636,2.933907,,,,,,
1780433619.477,1783884.0,2843.025,2.93525,,,,,,
1780433619.479,1783909.0,2869.489,2.936571,,,,,,
1780433619.575,1783934.0,2896.15,2.937917,,,,,,
1780433619.576,1783959.0,2922.913,2.939241,,,,,,
1780433619.577,1783984.0,2949.587,2.940521,,,,,,
1780433619.579,1784009.0,2976.285,2.941859,,,,,,
1780433619.676,1784034.0,3003.222,2.943208,,,,,,
1780433619.677,1784059.0,3030.323,2.94452,,,,,,
1780433619.679,1784084.0,3057.424,2.945897,,,,,,
1780433619.680,1784109.0,3084.516,2.947212,,,,,,
1780433619.770,1784134.0,3110.781,2.948574,,,,,,
1780433619.771,1784159.0,3135.328,2.949908,,,,,,
1780433619.772,1784184.0,3159.584,2.95124,,,,,,
1780433619.858,1784209.0,3183.491,2.952514,,,,,,
1780433619.859,1784234.0,3201.359,2.953713,,,,,,
1780433619.860,1784259.0,3217.113,2.954847,,,,,,
1780433619.862,1784284.0,3232.453,2.955874,,,,,,
1780433619.971,1784309.0,3246.532,2.956978,,,,,,
1780433619.973,1784334.0,3260.347,2.95801,,,,,,
1780433619.974,1784359.0,3273.978,2.959018,,,,,,
1780433619.975,1784384.0,3287.203,2.959983,,,,,,
1780433619.976,1784409.0,3295.785,2.960599,,,,,,
1780433620.052,1784434.0,3304.532,2.961244,,,,,,
1780433620.052,1784459.0,3313.116,2.961991,,,,,,
1780433620.053,1784484.0,3321.513,2.962714,,,,,,
1780433620.156,1784509.0,3330.031,2.963412,,,,,,
1780433620.158,1784534.0,3337.038,2.964052,,,,,,
1780433620.159,1784559.0,3343.624,2.964655,,,,,,
1780433620.160,1784584.0,3349.703,2.96524,,,,,,
1780433620.241,1784609.0,3355.212,2.965694,,,,,,
1780433620.242,1784634.0,3359.11,2.965991,,,,,,
1780433620.243,1784659.0,3362.677,2.966234,,,,,,
1780433620.357,1784684.0,3372.442,2.966935,,,,,,
1780433620.358,1784709.0,3384.288,2.967652,,,,,,
1780433620.360,1784734.0,3392.243,2.968113,,,,,,
1780433620.361,1784759.0,3387.68,2.967703,,,,,,
1780433620.362,1784784.0,3384.394,2.967456,,,,,,
1780433620.456,1784809.0,3382.956,2.967382,,,,,,
1780433620.456,1784834.0,3389.999,2.967679,,,,,,
1780433620.457,1784859.0,3404.501,2.968023,,,,,,
1780433620.458,1784884.0,3413.657,2.968216,,,,,,
1780433620.540,1784909.0,3415.02,2.968249,,,,,,
1780433620.541,1784934.0,3402.527,2.967586,,,,,,
1780433620.542,1784959.0,3386.803,2.966777,,,,,,
1780433620.638,1784984.0,3373.378,2.966165,,,,,,
1780433620.639,1785009.0,3370.486,2.966198,,,,,,
1780433620.640,1785034.0,3374.996,2.966225,,,,,,
1780433620.641,1785059.0,3377.552,2.966273,,,,,,
1780433620.730,1785084.0,3377.481,2.966288,,,,,,
1780433620.732,1785109.0,3350.247,2.964819,,,,,,
1780433620.733,1785134.0,3330.019,2.963913,,,,,,
1780433620.734,1785159.0,3316.72,2.963572,,,,,,
1780433620.841,1785184.0,3316.283,2.963533,,,,,,
1780433620.842,1785209.0,3317.752,2.963548,,,,,,
1780433620.843,1785234.0,3312.669,2.963522,,,,,,
1780433620.844,1785259.0,3291.813,2.962691,,,,,,
1780433620.940,1785284.0,3271.776,2.961939,,,,,,
1780433620.941,1785309.0,3256.593,2.961551,,,,,,
1780433620.942,1785334.0,3252.723,2.961594,,,,,,
1780433620.942,1785359.0,3259.243,2.961588,,,,,,
1780433621.039,1785384.0,3261.61,2.961541,,,,,,
1780433621.039,1785409.0,3249.64,2.961117,,,,,,
1780433621.040,1785434.0,3229.764,2.960162,,,,,,
1780433621.041,1785459.0,3213.376,2.959478,,,,,,
1780433621.123,1785484.0,3206.48,2.959084,,,,,,
1780433621.125,1785509.0,3209.493,2.959217,,,,,,
1780433621.126,1785534.0,3220.72,2.959486,,,,,,
1780433621.127,1785559.0,3230.455,2.95974,,,,,,
1780433621.223,1785584.0,3225.223,2.959386,,,,,,
1780433621.224,1785609.0,3219.652,2.959044,,,,,,
1780433621.225,1785634.0,3215.798,2.958845,,,,,,
1780433621.227,1785659.0,3227.281,2.95948,,,,,,
1780433621.336,1785684.0,3246.995,2.960192,,,,,,
1780433621.338,1785709.0,3265.249,2.960821,,,,,,
1780433621.340,1785734.0,3279.565,2.961373,,,,,,
1780433621.341,1785759.0,3272.718,2.960689,,,,,,
1780433621.439,1785784.0,3274.119,2.960705,,,,,,
1780433621.440,1785809.0,3276.013,2.960807,,,,,,
1780433621.441,1785834.0,3286.112,2.961401,,,,,,
1780433621.443,1785859.0,3307.407,2.962206,,,,,,
1780433621.542,1785884.0,3328.886,2.963097,,,,,,
1780433621.542,1785909.0,3341.038,2.963765,,,,,,
1780433621.543,1785934.0,3336.446,2.96347,,,,,,
1780433621.544,1785959.0,3327.824,2.963011,,,,,,
1780433621.644,1785984.0,3329.228,2.963163,,,,,,
1780433621.645,1786009.0,3346.094,2.964215,,,,,,
1780433621.646,1786034.0,3359.212,2.964926,,,,,,
1780433621.647,1786059.0,3367.444,2.965412,,,,,,
1780433621.739,1786084.0,3360.395,2.96505,,,,,,
1780433621.741,1786109.0,3338.913,2.96429,,,,,,
1780433621.742,1786134.0,3319.798,2.963602,,,,,,
1780433621.743,1786159.0,3314.549,2.963432,,,,,,
1780433621.857,1786184.0,3333.201,2.964281,,,,,,
1780433621.857,1786209.0,3355.208,2.96512,,,,,,
1780433621.859,1786234.0,3366.427,2.965615,,,,,,
1780433621.860,1786259.0,3353.875,2.965079,,,,,,
1780433621.861,1786284.0,3330.167,2.964375,,,,,,
1780433621.959,1786309.0,3313.135,2.963982,,,,,,
1780433621.960,1786334.0,3308.842,2.963984,,,,,,
1780433621.962,1786359.0,3336.247,2.965484,,,,,,
1780433621.963,1786384.0,3354.558,2.966406,,,,,,
1780433622.073,1786409.0,3359.907,2.966618,,,,,,
1780433622.074,1786434.0,3334.126,2.965404,,,,,,
1780433622.074,1786459.0,3313.852,2.964753,,,,,,
1780433622.075,1786484.0,3302.566,2.964325,,,,,,
1780433622.076,1786509.0,3317.237,2.965106,,,,,,
1780433622.173,1786534.0,3337.529,2.96587,,,,,,
1780433622.174,1786559.0,3349.95,2.966259,,,,,,
1780433622.176,1786584.0,3336.288,2.965691,,,,,,
1780433622.177,1786609.0,3310.88,2.965145,,,,,,
1780433622.290,1786634.0,3291.842,2.964614,,,,,,
1780433622.291,1786659.0,3293.824,2.96477,,,,,,
1780433622.293,1786684.0,3312.152,2.96573,,,,,,
1780433622.294,1786709.0,3326.061,2.966423,,,,,,
1780433622.392,1786734.0,3332.439,2.966798,,,,,,
1780433622.393,1786759.0,3321.449,2.966193,,,,,,
1780433622.394,1786784.0,3302.333,2.965567,,,,,,
1780433622.394,1786809.0,3286.616,2.964994,,,,,,
1780433622.506,1786834.0,3295.574,2.965519,,,,,,
1780433622.508,1786859.0,3314.587,2.966173,,,,,,
1780433622.509,1786884.0,3331.197,2.966764,,,,,,
1780433622.511,1786909.0,3324.018,2.966488,,,,,,
1780433622.512,1786934.0,3304.153,2.96594,,,,,,
1780433622.621,1786959.0,3286.606,2.965351,,,,,,
1780433622.622,1786984.0,3279.002,2.965158,,,,,,
1780433622.622,1787009.0,3302.055,2.966448,,,,,,
1780433622.623,1787034.0,3317.852,2.967143,,,,,,
1780433622.707,1787059.0,3331.719,2.967793,,,,,,
1780433622.708,1787084.0,3332.487,2.967824,,,,,,
1780433622.709,1787109.0,3308.459,2.966848,,,,,,
1780433622.710,1787134.0,3290.111,2.96624,,,,,,
1780433622.804,1787159.0,3285.47,2.966137,,,,,,
1780433622.805,1787184.0,3302.154,2.966828,,,,,,
1780433622.806,1787209.0,3321.472,2.967541,,,,,,
1780433622.807,1787234.0,3328.448,2.967734,,,,,,
1780433622.830,1787259.0,3318.234,2.967281,,,,,,
1780433622.853,1787284.0,3308.031,2.966834,,,,,,
1780433622.876,1787309.0,3307.004,2.966729,,,,,,
1780433622.909,1787334.0,3322.076,2.967336,,,,,,
1780433622.932,1787359.0,3351.592,2.968102,,,,,,
1780433622.957,1787384.0,3375.738,2.968836,,,,,,
1780433622.992,1787409.0,3381.937,2.968997,,,,,,
1780433623.004,1787434.0,3359.055,2.967794,,,,,,
1780433623.027,1787459.0,3341.314,2.967313,,,,,,
1780433623.051,1787484.0,3332.544,2.966997,,,,,,
1780433623.076,1787509.0,3345.502,2.96751,,,,,,
1780433623.100,1787534.0,3365.74,2.968162,,,,,,
1780433623.129,1787559.0,3379.565,2.968515,,,,,,
1780433623.151,1787584.0,3365.079,2.967875,,,,,,
1780433623.189,1787609.0,3347.753,2.967305,,,,,,
1780433623.201,1787634.0,3332.118,2.966637,,,,,,
1780433623.334,1787659.0,3339.757,2.966835,,,,,rotate on,OK rotated on
1780433623.334,1787684.0,3376.866,2.968013,,,,,,
1780433623.335,1787709.0,3405.406,2.968621,,,,,,
1780433623.335,1787734.0,3419.012,2.969009,,,,,,
1780433623.335,1787759.0,3401.231,2.967949,,,,,,
1780433623.421,1787784.0,3382.13,2.967311,,,,,,
1780433623.422,1787809.0,3366.601,2.966758,,,,,,
1780433623.423,1787834.0,3374.133,2.967139,,,,,,
1780433623.506,1787859.0,3393.583,2.967702,,,,,,
1780433623.507,1787884.0,3410.459,2.968236,,,,,,
1780433623.508,1787909.0,3410.219,2.968222,,,,,,
1780433623.508,1787934.0,3396.583,2.967653,,,,,,
1780433623.606,1787959.0,3383.042,2.967009,,,,,,
1780433623.607,1787984.0,3387.487,2.967164,,,,,,
1780433623.609,1788009.0,3414.789,2.967831,,,,,,
1780433623.610,1788034.0,3440.831,2.968497,,,,,,
1780433623.702,1788059.0,3461.358,2.969091,,,,,,
1780433623.703,1788084.0,3456.748,2.968785,,,,,,
1780433623.704,1788109.0,3438.163,2.968102,,,,,,
1780433623.705,1788134.0,3420.383,2.967379,,,,,,
1780433623.804,1788159.0,3420.769,2.96736,,,,,,
1780433623.806,1788184.0,3426.182,2.96761,,,,,,
1780433623.807,1788209.0,3431.238,2.967873,,,,,,
1780433623.808,1788234.0,3429.769,2.967801,,,,,,
1780433623.903,1788259.0,3416.914,2.967371,,,,,,
1780433623.904,1788284.0,3398.394,2.966498,,,,,,
1780433623.904,1788309.0,3388.714,2.966103,,,,,,
1780433623.905,1788334.0,3404.263,2.966185,,,,,,
1780433623.987,1788359.0,3438.315,2.967073,,,,,,
1780433623.988,1788384.0,3464.432,2.967538,,,,,,
1780433623.990,1788409.0,3472.047,2.967653,,,,,,
1780433624.089,1788434.0,3451.262,2.966638,,,,,,
1780433624.090,1788459.0,3434.008,2.96599,,,,,,
1780433624.092,1788484.0,3423.351,2.965557,,,,,,
1780433624.093,1788509.0,3434.637,2.96604,,,,,,
1780433624.205,1788534.0,3453.909,2.966637,,,,,,
1780433624.207,1788559.0,3463.193,2.966863,,,,,,
1780433624.209,1788584.0,3444.782,2.966079,,,,,,
1780433624.210,1788609.0,3419.026,2.965524,,,,,,
1780433624.211,1788634.0,3397.479,2.964932,,,,,,
1780433624.303,1788659.0,3404.654,2.965033,,,,,,
1780433624.305,1788684.0,3441.952,2.965999,,,,,,
1780433624.307,1788709.0,3466.817,2.966411,,,,,,
1780433624.308,1788734.0,3478.881,2.966805,,,,,,
1780433624.423,1788759.0,3461.046,2.965687,,,,,,
1780433624.425,1788784.0,3440.548,2.964962,,,,,,
1780433624.427,1788809.0,3422.409,2.964254,,,,,,
1780433624.428,1788834.0,3427.172,2.964511,,,,,,
1780433624.429,1788859.0,3430.616,2.964669,,,,,,
1780433624.519,1788884.0,3433.757,2.964828,,,,,,
1780433624.524,1788909.0,3418.773,2.964332,,,,,,
1780433624.525,1788934.0,3390.922,2.963821,,,,,,
1780433624.526,1788959.0,3363.895,2.963336,,,,,,
1780433624.639,1788984.0,3353.865,2.963079,,,,,,
1780433624.640,1789009.0,3388.676,2.964126,,,,,,
1780433624.641,1789034.0,3419.131,2.964657,,,,,,
1780433624.642,1789059.0,3437.073,2.965219,,,,,,
1780433624.712,1789084.0,3429.299,2.964761,,,,,,
1780433624.713,1789109.0,3413.247,2.964298,,,,,,
1780433624.713,1789134.0,3394.924,2.963627,,,,,,
1780433624.786,1789159.0,3392.023,2.963411,,,,,,
1780433624.788,1789184.0,3400.456,2.96379,,,,,,
1780433624.789,1789209.0,3409.351,2.964258,,,,,,
1780433624.869,1789234.0,3401.651,2.963959,,,,,,
1780433624.871,1789259.0,3377.84,2.963501,,,,,,
1780433624.872,1789284.0,3354.229,2.96295,,,,,,
1780433624.971,1789309.0,3338.907,2.962582,,,,,,
1780433624.972,1789334.0,3350.399,2.963046,,,,,,
1780433624.973,1789359.0,3381.332,2.96361,,,,,,
1780433624.973,1789384.0,3406.167,2.964275,,,,,,
1780433624.973,1789409.0,3411.323,2.964396,,,,,,
1780433625.055,1789434.0,3401.856,2.963744,,,,,,
1780433625.057,1789459.0,3396.15,2.963428,,,,,,
1780433625.057,1789484.0,3392.488,2.963185,,,,,,
1780433625.155,1789509.0,3396.051,2.963322,,,,,,
1780433625.156,1789534.0,3405.629,2.963893,,,,,,
1780433625.157,1789559.0,3407.256,2.963997,,,,,,
1780433625.159,1789584.0,3386.372,2.963637,,,,,,
1780433625.274,1789609.0,3358.808,2.963262,,,,,,
1780433625.275,1789634.0,3335.228,2.962892,,,,,,
1780433625.276,1789659.0,3333.438,2.962951,,,,,,
1780433625.277,1789684.0,3368.575,2.963807,,,,,,
1780433625.278,1789709.0,3396.403,2.964381,,,,,,
1780433625.388,1789734.0,3408.54,2.964823,,,,,,
1780433625.389,1789759.0,3392.384,2.96386,,,,,,
1780433625.390,1789784.0,3374.65,2.963249,,,,,,
1780433625.391,1789809.0,3358.062,2.962599,,,,,,
1780433625.489,1789834.0,3366.857,2.963089,,,,,,
1780433625.490,1789859.0,3374.293,2.963425,,,,,,
1780433625.491,1789884.0,3381.785,2.963814,,,,,,
1780433625.493,1789909.0,3368.956,2.963498,,,,,,
1780433625.590,1789934.0,3340.514,2.963168,,,,,,
1780433625.592,1789959.0,3316.45,2.962645,,,,,,
1780433625.593,1789984.0,3307.789,2.962421,,,,,,
1780433625.594,1790009.0,3338.675,2.963511,,,,,,
1780433625.703,1790034.0,3369.676,2.964112,,,,,,
1780433625.705,1790059.0,3395.504,2.96476,,,,,,
1780433625.706,1790084.0,3393.19,2.964549,,,,,,
1780433625.708,1790109.0,3387.646,2.964204,,,,,,
1780433625.708,1790134.0,3382.951,2.963933,,,,,,
1780433625.805,1790159.0,3383.794,2.96401,,,,,,
1780433625.807,1790184.0,3392.136,2.964413,,,,,,
1780433625.809,1790209.0,3400.638,2.964847,,,,,,
1780433625.810,1790234.0,3403.271,2.965061,,,,,,
1780433625.919,1790259.0,3379.231,2.964826,,,,,,
1780433625.920,1790284.0,3349.306,2.964373,,,,,,
1780433625.920,1790309.0,3335.627,2.964116,,,,,,
1780433625.921,1790334.0,3357.75,2.96478,,,,,,
1780433626.005,1790359.0,3383.472,2.965233,,,,,,
1780433626.006,1790384.0,3409.434,2.965924,,,,,,
1780433626.007,1790409.0,3415.086,2.966261,,,,,,
1780433626.008,1790434.0,3400.358,2.96546,,,,,,
1780433626.105,1790459.0,3387.654,2.964734,,,,,,
1780433626.106,1790484.0,3377.254,2.964032,,,,,,
1780433626.107,1790509.0,3370.839,2.963691,,,,,,
1780433626.107,1790534.0,3366.728,2.963558,,,,,,
1780433626.237,1790559.0,3359.211,2.963323,,,,,,
1780433626.238,1790584.0,3339.709,2.962605,,,,,,
1780433626.240,1790609.0,3305.822,2.962044,,,,,,
1780433626.241,1790634.0,3283.16,2.961749,,,,,,
1780433626.243,1790659.0,3290.409,2.962166,,,,,,
1780433626.338,1790684.0,3323.558,2.963139,,,,,,
1780433626.339,1790709.0,3349.327,2.963818,,,,,,
1780433626.340,1790734.0,3364.726,2.96455,,,,,,
1780433626.340,1790759.0,3349.813,2.963807,,,,,,
1780433626.423,1790784.0,3342.058,2.963613,,,,,,
1780433626.424,1790809.0,3334.418,2.963397,,,,,,
1780433626.425,1790834.0,3331.533,2.963575,,,,,,
1780433626.426,1790859.0,3332.143,2.963899,,,,,,
1780433626.521,1790884.0,3331.452,2.964249,,,,,,
1780433626.522,1790909.0,3321.03,2.964168,,,,,,
1780433626.522,1790934.0,3289.975,2.96403,,,,,,
1780433626.605,1790959.0,3260.462,2.963763,,,,,,
1780433626.607,1790984.0,3254.389,2.963965,,,,,,
1780433626.608,1791009.0,3287.327,2.965173,,,,,,
1780433626.609,1791034.0,3314.774,2.965969,,,,,,
1780433626.686,1791059.0,3334.401,2.966898,,,,,,
1780433626.687,1791084.0,3327.565,2.966824,,,,,,
1780433626.687,1791109.0,3318.077,2.966746,,,,,,
1780433626.752,1791134.0,3307.808,2.966514,,,,,,
1780433626.753,1791159.0,3303.207,2.966674,,,,,,
1780433626.753,1791184.0,3309.314,2.967309,,,,,,
1780433626.818,1791209.0,3315.923,2.968096,,,,,,
1780433626.818,1791234.0,3316.634,2.96847,,,,,,
1780433626.903,1791259.0,3296.369,2.968623,,,,,,
1780433626.904,1791284.0,3267.912,2.968636,,,,,,
1780433626.905,1791309.0,3247.052,2.968793,,,,,,
1780433626.906,1791334.0,3260.926,2.969724,,,,,,
1780433626.966,1791359.0,3292.046,2.970576,,,,,,
1780433626.967,1791384.0,3318.426,2.971511,,,,,,
1780433627.069,1791409.0,3319.354,2.9719,,,,,,
1780433627.069,1791434.0,3304.889,2.971549,,,,,,
1780433627.070,1791459.0,3295.28,2.971425,,,,,,
1780433627.071,1791484.0,3289.444,2.971457,,,,,,
1780433627.169,1791509.0,3295.671,2.97208,,,,,,
1780433627.170,1791534.0,3314.903,2.972901,,,,,,
1780433627.171,1791559.0,3327.548,2.973454,,,,,,
1780433627.172,1791584.0,3302.183,2.972986,,,,,,
1780433627.288,1791609.0,3273.845,2.972848,,,,,,
1780433627.290,1791634.0,3249.486,2.972718,,,,,,
1780433627.291,1791659.0,3256.63,2.973222,,,,,,
1780433627.292,1791684.0,3292.313,2.974357,,,,,,
1780433627.293,1791709.0,3322.546,2.975546,,,,,,
1780433627.387,1791734.0,3342.239,2.976801,,,,,,
1780433627.389,1791759.0,3340.685,2.976951,,,,,,
1780433627.390,1791784.0,3343.704,2.977391,,,,,,
1780433627.391,1791809.0,3345.991,2.977798,,,,,,
1780433627.489,1791834.0,3356.993,2.978581,,,,,,
1780433627.490,1791859.0,3367.984,2.979373,,,,,,
1780433627.491,1791884.0,3374.257,2.979772,,,,,,
1780433627.492,1791909.0,3364.344,2.97961,,,,,,
1780433627.587,1791934.0,3337.363,2.979358,,,,,,
1780433627.588,1791959.0,3310.545,2.978845,,,,,,
1780433627.589,1791984.0,3304.8,2.978765,,,,,,
1780433627.590,1792009.0,3339.25,2.979929,,,,,,
1780433627.686,1792034.0,3367.727,2.98049,,,,,,
1780433627.687,1792059.0,3388.518,2.98116,,,,,,
1780433627.688,1792084.0,3390.943,2.98115,,,,,,
1780433627.688,1792109.0,3391.263,2.981145,,,,,,
1780433627.770,1792134.0,3388.587,2.980885,,,,,,
1780433627.771,1792159.0,3390.11,2.98081,,,,,,
1780433627.772,1792184.0,3393.697,2.980936,,,,,,
1780433627.886,1792209.0,3397.278,2.980996,,,,,,
1780433627.887,1792234.0,3391.045,2.98052,,,,,,
1780433627.887,1792259.0,3363.698,2.979959,,,,,,
1780433627.888,1792284.0,3335.76,2.979337,,,,,,
1780433627.889,1792309.0,3320.675,2.978845,,,,,,
1780433627.986,1792334.0,3344.154,2.979233,,,,,,
1780433627.987,1792359.0,3375.179,2.979511,,,,,,
1780433627.989,1792384.0,3401.41,2.980006,,,,,,
1780433627.990,1792409.0,3408.929,2.980063,,,,,,
1780433628.089,1792434.0,3399.016,2.979354,,,,,,
1780433628.091,1792459.0,3388.827,2.978511,,,,,,
1780433628.092,1792484.0,3382.147,2.977879,,,,,,
1780433628.093,1792509.0,3378.066,2.977396,,,,,,
1780433628.185,1792534.0,3378.763,2.977111,,,,,,
1780433628.186,1792559.0,3376.178,2.976563,,,,,,
1780433628.187,1792584.0,3361.069,2.975709,,,,,,
1780433628.187,1792609.0,3328.949,2.974883,,,,,,
1780433628.286,1792634.0,3304.359,2.974139,,,,,,
1780433628.288,1792659.0,3318.522,2.974163,,,,,,
1780433628.289,1792684.0,3351.644,2.97467,,,,,,
1780433628.290,1792709.0,3379.461,2.974847,,,,,,
1780433628.403,1792734.0,3391.733,2.974934,,,,,,
1780433628.404,1792759.0,3374.127,2.973506,,,,,,
1780433628.405,1792784.0,3354.51,2.97264,,,,,,
1780433628.406,1792809.0,3336.667,2.971792,,,,,,
1780433628.407,1792834.0,3341.605,2.971745,,,,,,
1780433628.486,1792859.0,3346.562,2.971571,,,,,,
1780433628.487,1792884.0,3351.616,2.971444,,,,,,
1780433628.488,1792909.0,3340.88,2.970806,,,,,,
1780433628.568,1792934.0,3312.104,2.970153,,,,,,
1780433628.569,1792959.0,3287.112,2.969363,,,,,,
1780433628.571,1792984.0,3280.864,2.968933,,,,,,
1780433628.665,1793009.0,3314.899,2.969497,,,,,,
1780433628.666,1793034.0,3344.891,2.969608,,,,,,
1780433628.666,1793059.0,3365.24,2.969851,,,,,,
1780433628.667,1793084.0,3363.273,2.969423,,,,,,
1780433628.755,1793109.0,3352.779,2.968523,,,,,,
1780433628.756,1793134.0,3342.594,2.967684,,,,,,
1780433628.757,1793159.0,3334.962,2.967,,,,,,
1780433628.758,1793184.0,3333.08,2.96663,,,,,,
1780433628.854,1793209.0,3334.629,2.966549,,,,,,
1780433628.856,1793234.0,3322.754,2.965736,,,,,,
1780433628.857,1793259.0,3295.161,2.964927,,,,,,
1780433628.858,1793284.0,3264.986,2.964026,,,,,,
1780433628.955,1793309.0,3250.606,2.963514,,,,,,
1780433628.956,1793334.0,3273.84,2.963771,,,,,,
1780433628.958,1793359.0,3302.046,2.963755,,,,,,
1780433628.959,1793384.0,3322.715,2.964123,,,,,,
1780433629.067,1793409.0,3324.623,2.963964,,,,,,
1780433629.068,1793434.0,3316.552,2.963017,,,,,,
1780433629.068,1793459.0,3310.95,2.962428,,,,,,
1780433629.069,1793484.0,3307.361,2.962046,,,,,,
1780433629.151,1793509.0,3308.897,2.961969,,,,,,
1780433629.152,1793534.0,3311.39,2.961942,,,,,,
1780433629.153,1793559.0,3308.825,2.961655,,,,,,
1780433629.153,1793584.0,3284.024,2.960907,,,,,,
1780433629.254,1793609.0,3251.682,2.960139,,,,,,
1780433629.255,1793634.0,3228.513,2.95949,,,,,,
1780433629.256,1793659.0,3239.409,2.959574,,,,,,
1780433629.257,1793684.0,3271.333,2.95998,,,,,,
1780433629.353,1793709.0,3298.886,2.960579,,,,,,
1780433629.355,1793734.0,3312.577,2.961,,,,,,
1780433629.356,1793759.0,3305.411,2.96025,,,,,,
1780433629.357,1793784.0,3303.41,2.960038,,,,,,
1780433629.434,1793809.0,3301.219,2.959804,,,,,,
1780433629.435,1793834.0,3302.622,2.959755,,,,,,
1780433629.436,1793859.0,3307.925,2.96002,,,,,,
1780433629.536,1793884.0,3309.985,2.960088,,,,,,
1780433629.537,1793909.0,3292.794,2.959483,,,,,,
1780433629.539,1793934.0,3265.139,2.958872,,,,,,
1780433629.540,1793959.0,3238.73,2.958385,,,,,,
1780433629.650,1793984.0,3234.442,2.958191,,,,,,
1780433629.651,1794009.0,3268.036,2.959289,,,,,,
1780433629.652,1794034.0,3298.092,2.959773,,,,,,
1780433629.652,1794059.0,3315.809,2.96031,,,,,,
1780433629.653,1794084.0,3312.37,2.95996,,,,,,
1780433629.735,1794109.0,3305.786,2.95958,,,,,,
1780433629.736,1794134.0,3297.864,2.959101,,,,,,
1780433629.737,1794159.0,3295.323,2.958938,,,,,,
1780433629.818,1794184.0,3303.058,2.959275,,,,,,
1780433629.819,1794209.0,3311.207,2.959585,,,,,,
1780433629.819,1794234.0,3309.942,2.959532,,,,,,
1780433629.888,1794259.0,3285.985,2.959285,,,,,,
1780433629.890,1794284.0,3255.099,2.958719,,,,,,
1780433629.891,1794309.0,3247.323,2.958612,,,,,,
1780433629.999,1794334.0,3265.159,2.958979,,,,,,
1780433630.000,1794359.0,3292.913,2.959721,,,,,,
1780433630.001,1794384.0,3318.888,2.960452,,,,,,
1780433630.002,1794409.0,3329.328,2.960848,,,,,,
1780433630.003,1794434.0,3325.606,2.960501,,,,,,
1780433630.085,1794459.0,3323.644,2.960283,,,,,,
1780433630.086,1794484.0,3326.542,2.960492,,,,,,
1780433630.086,1794509.0,3334.919,2.960942,,,,,,
1780433630.170,1794534.0,3347.699,2.961607,,,,,,
1780433630.171,1794559.0,3351.787,2.961831,,,,,,
1780433630.171,1794584.0,3328.129,2.961406,,,,,,
1780433630.271,1794609.0,3295.647,2.960798,,,,,,
1780433630.272,1794634.0,3277.433,2.96028,,,,,,
1780433630.272,1794659.0,3291.003,2.960689,,,,,,
1780433630.273,1794684.0,3325.389,2.961696,,,,,,
1780433630.273,1794709.0,3353.868,2.962545,,,,,,
1780433630.353,1794734.0,3366.764,2.963124,,,,,,
1780433630.354,1794759.0,3358.264,2.962472,,,,,,
1780433630.355,1794784.0,3354.94,2.962291,,,,,,
1780433630.453,1794809.0,3353.423,2.962169,,,,,,
1780433630.455,1794834.0,3359.611,2.962576,,,,,,
1780433630.456,1794859.0,3367.957,2.963155,,,,,,
1780433630.457,1794884.0,3371.709,2.963377,,,,,,
1780433630.552,1794909.0,3355.748,2.962955,,,,,,
1780433630.553,1794934.0,3325.042,2.962475,,,,,,
1780433630.554,1794959.0,3299.33,2.96186,,,,,,
1780433630.555,1794984.0,3294.927,2.961828,,,,,,
1780433630.637,1795009.0,3328.928,2.962909,,,,,,
1780433630.638,1795034.0,3358.118,2.963451,,,,,,
1780433630.639,1795059.0,3384.361,2.96408,,,,,,
1780433630.717,1795084.0,3387.43,2.964256,,,,,,
1780433630.718,1795109.0,3385.381,2.964119,,,,,,
1780433630.719,1795134.0,3379.762,2.963731,,,,,,
1780433630.821,1795159.0,3376.786,2.963606,,,,,,
1780433630.822,1795184.0,3385.836,2.964115,,,,,,
1780433630.822,1795209.0,3391.896,2.964425,,,,,,
1780433630.823,1795234.0,3387.869,2.964383,,,,,,
1780433630.825,1795259.0,3365.76,2.964133,,,,,,
1780433630.921,1795284.0,3334.032,2.963562,,,,,,
1780433630.922,1795309.0,3324.427,2.96347,,,,,,
1780433630.923,1795334.0,3343.154,2.964448,,,,,,
1780433630.925,1795359.0,3375.448,2.96511,,,,,,
1780433631.020,1795384.0,3400.459,2.965924,,,,,,
1780433631.022,1795409.0,3398.664,2.965796,,,,,,
1780433631.023,1795434.0,3384.749,2.964945,,,,,,
1780433631.024,1795459.0,3373.568,2.964459,,,,,,
1780433631.104,1795484.0,3366.094,2.964071,,,,,,
1780433631.105,1795509.0,3367.885,2.964271,,,,,,
1780433631.106,1795534.0,3375.323,2.964796,,,,,,
1780433631.219,1795559.0,3368.776,2.96471,,,,,,
1780433631.221,1795584.0,3349.501,2.964529,,,,,,
1780433631.222,1795609.0,3320.731,2.963882,,,,,,
1780433631.224,1795634.0,3299.473,2.963742,,,,,,
1780433631.225,1795659.0,3307.203,2.964325,,,,,,
1780433631.336,1795684.0,3339.578,2.96534,,,,,,
1780433631.337,1795709.0,3365.873,2.96629,,,,,,
1780433631.338,1795734.0,3377.476,2.967054,,,,,,
1780433631.338,1795759.0,3364.732,2.966598,,,,,,
1780433631.436,1795784.0,3353.668,2.96653,,,,,,
1780433631.437,1795809.0,3344.021,2.966417,,,,,,
1780433631.438,1795834.0,3347.096,2.966926,,,,,,
1780433631.439,1795859.0,3355.996,2.967984,,,,,,
1780433631.520,1795884.0,3361.143,2.968895,,,,,,
1780433631.521,1795909.0,3346.921,2.96929,,,,,,
1780433631.522,1795934.0,3316.583,2.969463,,,,,,
1780433631.635,1795959.0,3286.419,2.969376,,,,,,
1780433631.636,1795984.0,3288.523,2.97019,,,,,,
1780433631.637,1796009.0,3315.926,2.971972,,,,,,
1780433631.639,1796034.0,3344.24,2.97311,,,,,,
1780433631.640,1796059.0,3363.588,2.97438,,,,,,
1780433631.736,1796084.0,3352.637,2.974441,,,,,,
1780433631.738,1796109.0,3343.251,2.974676,,,,,,
1780433631.739,1796134.0,3335.445,2.975088,,,,,,
1780433631.740,1796159.0,3330.102,2.975677,,,,,,
1780433631.851,1796184.0,3334.711,2.97683,,,,,,
1780433631.852,1796209.0,3338.83,2.978025,,,,,,
1780433631.854,1796234.0,3329.888,2.978609,,,,,,
1780433631.855,1796259.0,3300.726,2.978988,,,,,,
1780433631.856,1796284.0,3267.857,2.979259,,,,,,
1780433631.953,1796309.0,3244.684,2.979923,,,,,,
1780433631.954,1796334.0,3261.696,2.981015,,,,,,
1780433631.954,1796359.0,3287.147,2.98219,,,,,,
1780433631.955,1796384.0,3313.852,2.983642,,,,,,
1780433632.068,1796409.0,3319.633,2.984927,,,,,,
1780433632.070,1796434.0,3303.628,2.985109,,,,,,
1780433632.071,1796459.0,3292.713,2.985546,,,,,,
1780433632.072,1796484.0,3283.446,2.986079,,,,,,
1780433632.167,1796509.0,3276.447,2.986704,,,,,,
1780433632.169,1796534.0,3277.532,2.987836,,,,,,
1780433632.169,1796559.0,3269.247,2.988345,,,,,,
1780433632.170,1796584.0,3249.342,2.988475,,,,,,
1780433632.270,1796609.0,3214.655,2.988667,,,,,,
1780433632.271,1796634.0,3188.328,2.98886,,,,,,
1780433632.273,1796659.0,3208.098,2.990112,,,,,,
1780433632.274,1796684.0,3236.27,2.991673,,,,,,
1780433632.275,1796709.0,3262.788,2.992971,,,,,,
1780433632.385,1796734.0,3278.508,2.994291,,,,,,
1780433632.386,1796759.0,3263.441,2.994157,,,,,,
1780433632.388,1796784.0,3254.524,2.994547,,,,,,
1780433632.389,1796809.0,3246.036,2.994845,,,,,,
1780433632.487,1796834.0,3241.836,2.995246,,,,,,
1780433632.488,1796859.0,3249.021,2.996409,,,,,,
1780433632.490,1796884.0,3250.517,2.996938,,,,,,
1780433632.491,1796909.0,3235.26,2.996823,,,,,,
1780433632.586,1796934.0,3205.852,2.996714,,,,,,
1780433632.587,1796959.0,3179.479,2.996432,,,,,,
1780433632.587,1796984.0,3178.859,2.996569,,,,,,
1780433632.588,1797009.0,3211.953,2.99755,,,,,,
1780433632.670,1797034.0,3239.923,2.9981,,,,,,
1780433632.672,1797059.0,3257.561,2.998805,,,,,,
1780433632.673,1797084.0,3250.655,2.998683,,,,,,
1780433632.674,1797109.0,3242.001,2.998352,,,,,,
1780433632.753,1797134.0,3232.922,2.997917,,,,,,
1780433632.755,1797159.0,3229.496,2.997554,,,,,,
1780433632.756,1797184.0,3231.483,2.997443,,,,,,
1780433632.852,1797209.0,3237.163,2.997494,,,,,,
1780433632.854,1797234.0,3224.57,2.996547,,,,,,
1780433632.855,1797259.0,3202.87,2.995577,,,,,,
1780433632.856,1797284.0,3170.335,2.994399,,,,,,
1780433632.951,1797309.0,3153.317,2.993662,,,,,,
1780433632.952,1797334.0,3173.485,2.994108,,,,,,
1780433632.953,1797359.0,3198.906,2.994305,,,,,,
1780433632.955,1797384.0,3220.116,2.994417,,,,,,
1780433633.055,1797409.0,3226.497,2.994059,,,,,,
1780433633.056,1797434.0,3218.497,2.992811,,,,,,
1780433633.056,1797459.0,3211.509,2.9916,,,,,,
1780433633.057,1797484.0,3209.575,2.990523,,,,,,
1780433633.170,1797509.0,3209.997,2.989645,,,,,,
1780433633.171,1797534.0,3213.951,2.988902,,,,,,
1780433633.171,1797559.0,3211.822,2.987729,,,,,,
1780433633.172,1797584.0,3188.728,2.986343,,,,,,
1780433633.271,1797609.0,3158.864,2.984907,,,,,,
1780433633.272,1797634.0,3133.965,2.983641,,,,,,
1780433633.273,1797659.0,3139.124,2.982968,,,,,,
1780433633.274,1797684.0,3162.514,2.98297,,,,,,
1780433633.275,1797709.0,3182.341,2.982777,,,,,,
1780433633.365,1797734.0,3201.836,2.982462,,,,,,
1780433633.366,1797759.0,3200.567,2.98118,,,,,,
1780433633.366,1797784.0,3198.717,2.979894,,,,,,
1780433633.485,1797809.0,3197.833,2.978783,,,,,,
1780433633.486,1797834.0,3204.317,2.978139,,,,,,
1780433633.487,1797859.0,3213.535,2.977678,,,,,,
1780433633.487,1797884.0,3221.297,2.977079,,,,,,
1780433633.488,1797909.0,3202.504,2.975872,,,,,,
1780433633.567,1797934.0,3180.602,2.974806,,,,,,
1780433633.569,1797959.0,3155.4,2.973542,,,,,,
1780433633.570,1797984.0,3145.871,2.972562,,,,,,
1780433633.670,1798009.0,3180.763,2.972776,,,,,,
1780433633.672,1798034.0,3208.133,2.972566,,,,,,
1780433633.673,1798059.0,3227.603,2.972384,,,,,,
1780433633.674,1798084.0,3228.741,2.971543,,,,,,
1780433633.675,1798109.0,3225.74,2.97043,,,,,,
1780433633.769,1798134.0,3221.912,2.969435,,,,,,
1780433633.771,1798159.0,3225.264,2.968959,,,,,,
1780433633.772,1798184.0,3234.303,2.968746,,,,,,
1780433633.887,1798209.0,3244.428,2.96862,,,,,,
1780433633.888,1798234.0,3238.152,2.967998,,,,,,
1780433633.889,1798259.0,3214.675,2.967305,,,,,,
1780433633.890,1798284.0,3184.965,2.966163,,,,,,
1780433633.892,1798309.0,3172.448,2.965378,,,,,,
1780433633.988,1798334.0,3192.005,2.96539,,,,,,
1780433633.989,1798359.0,3217.215,2.965443,,,,,,
1780433633.990,1798384.0,3238.873,2.965456,,,,,,
1780433633.990,1798409.0,3248.201,2.965246,,,,,,
1780433634.087,1798434.0,3242.843,2.964285,,,,,,
1780433634.088,1798459.0,3239.242,2.963451,,,,,,
1780433634.089,1798484.0,3235.666,2.962874,,,,,,
1780433634.090,1798509.0,3233.166,2.962321,,,,,,
1780433634.217,1798534.0,3235.272,2.962179,,,,,,
1780433634.219,1798559.0,3229.998,2.961451,,,,,,
1780433634.220,1798584.0,3211.938,2.960279,,,,,,
1780433634.319,1798609.0,3187.165,2.959226,0.010638,44.100098,1797073.125,2.340459,,
1780433634.320,1798731.0,3166.035,2.958123,,,,,,
1780433634.321,1798756.0,3158.673,2.957461,,,,,,
1780433634.401,1798781.0,3159.445,2.957356,,,,,,
1780433634.403,1798806.0,3159.59,2.957194,,,,,,
1780433634.404,1798831.0,3158.532,2.956909,,,,,,
1780433634.518,1798856.0,3156.306,2.956622,,,,,,
1780433634.519,1798881.0,3153.224,2.956328,,,,,,
1780433634.520,1798906.0,3149.999,2.956001,,,,,,
1780433634.522,1798931.0,3148.406,2.955834,,,,,,
1780433634.522,1798956.0,3148.923,2.955849,,,,,,
1780433634.619,1798981.0,3147.143,2.955658,,,,,,
1780433634.620,1799006.0,3134.818,2.954898,,,,,,
1780433634.621,1799031.0,3114.871,2.95394,,,,,,
1780433634.621,1799056.0,3095.747,2.953003,,,,,,
1780433634.701,1799081.0,3076.516,2.952091,,,,,,
1780433634.702,1799106.0,3076.708,2.952178,,,,,,
1780433634.703,1799131.0,3076.678,2.952119,,,,,,
1780433634.801,1799156.0,3075.723,2.951942,,,,,,
1780433634.801,1799181.0,3068.684,2.951407,,,,,,
1780433634.802,1799206.0,3060.384,2.950822,,,,,,
1780433634.803,1799231.0,3052.911,2.950252,,,,,,
1780433634.899,1799256.0,3048.636,2.94996,,,,,,
1780433634.900,1799281.0,3044.657,2.949605,,,,,,
1780433634.901,1799306.0,3042.91,2.949407,,,,,,
1780433634.902,1799331.0,3034.18,2.948785,,,,,,
1780433635.018,1799356.0,3004.999,2.947953,,,,,,
1780433635.019,1799381.0,2977.041,2.947058,,,,,,
1780433635.021,1799406.0,2957.778,2.94622,,,,,,
1780433635.022,1799431.0,2954.175,2.945911,,,,,,
1780433635.024,1799456.0,2950.793,2.945684,,,,,,
1780433635.136,1799481.0,2947.782,2.94544,,,,,,
1780433635.137,1799506.0,2936.011,2.944459,,,,,,
1780433635.138,1799531.0,2919.195,2.943291,,,,,,
1780433635.139,1799556.0,2902.019,2.942072,,,,,,
1780433635.220,1799581.0,2886.563,2.940873,,,,,,
1780433635.222,1799606.0,2873.815,2.939868,,,,,,
1780433635.223,1799631.0,2867.839,2.939262,,,,,,
1780433635.224,1799656.0,2854.947,2.938157,,,,,,
1780433635.315,1799681.0,2828.237,2.936759,,,,,,
1780433635.316,1799706.0,2796.257,2.935364,,,,,,
1780433635.316,1799731.0,2768.5,2.933992,,,,,,
1780433635.382,1799756.0,2751.081,2.93276,,,,,,
1780433635.383,1799781.0,2747.437,2.932349,,,,,,
1780433635.383,1799806.0,2741.755,2.931808,,,,,,
1780433635.448,1799831.0,2736.19,2.931241,,,,,,
1780433635.449,1799856.0,2730.568,2.930686,,,,,,
1780433635.449,1799881.0,2724.985,2.930123,,,,,,
1780433635.514,1799906.0,2719.473,2.929544,,,,,,
1780433635.515,1799931.0,2713.965,2.929029,,,,,,
1780433635.599,1799956.0,2708.374,2.928468,,,,,,
1780433635.600,1799981.0,2702.813,2.927964,,,,,,
1780433635.600,1800006.0,2697.265,2.927393,,,,,,
1780433635.601,1800031.0,2691.721,2.926821,,,,,,
1780433635.666,1800056.0,2686.165,2.926252,,,,,,
1780433635.667,1800081.0,2680.63,2.925743,,,,,,
1780433635.731,1800106.0,2675.135,2.925161,,,,,,
1780433635.732,1800131.0,2669.638,2.924579,,,,,,
1780433635.732,1800156.0,2664.176,2.924053,,,,,,
1780433635.816,1800181.0,2658.649,2.923478,,,,,,
1780433635.816,1800206.0,2653.159,2.922894,,,,,,
1780433635.816,1800231.0,2647.661,2.922312,,,,,,
1780433635.885,1800256.0,2642.152,2.921797,,,,,,
1780433635.886,1800281.0,2636.716,2.921266,,,,,,
1780433635.887,1800306.0,2631.232,2.920745,,,,,,
1780433635.984,1800331.0,2625.735,2.920228,,,,,,
1780433635.985,1800356.0,2620.274,2.919638,,,,,,
1780433635.986,1800381.0,2614.798,2.919116,,,,,,
1780433635.987,1800406.0,2609.347,2.918588,,,,,,
1780433636.082,1800431.0,2603.899,2.91806,,,,,,
1780433636.083,1800456.0,2598.405,2.917542,,,,,,
1780433636.083,1800481.0,2592.938,2.917018,,,,,,
1780433636.084,1800506.0,2587.479,2.916427,,,,,,
1780433636.166,1800531.0,2582.057,2.915893,,,,,,
1780433636.167,1800556.0,2576.626,2.915361,,,,,,
1780433636.167,1800581.0,2571.148,2.91484,,,,,,
1780433636.237,1800606.0,2565.72,2.914307,,,,,,
1780433636.239,1800631.0,2560.279,2.913777,,,,,,
1780433636.240,1800656.0,2554.875,2.913303,,,,,,
1780433636.320,1800681.0,2549.43,2.912774,,,,,,
1780433636.321,1800706.0,2544.027,2.912236,,,,,,
1780433636.322,1800731.0,2538.613,2.9117,,,,,,
1780433636.323,1800756.0,2536.316,2.911569,,,,,,
1780433636.417,1800781.0,2536.228,2.911525,,,,,,
1780433636.418,1800806.0,2536.264,2.91158,,,,,,
1780433636.418,1800831.0,2536.304,2.911572,,,,,,
1780433636.502,1800856.0,2536.357,2.91156,,,,,,
1780433636.504,1800881.0,2536.448,2.91154,,,,,,
1780433636.505,1800906.0,2536.509,2.911526,,,,,,
1780433636.506,1800931.0,2536.576,2.911575,,,,,,
1780433636.597,1800956.0,2536.633,2.911563,,,,,,
1780433636.598,1800981.0,2536.681,2.911552,,,,,,
1780433636.598,1801006.0,2536.737,2.91154,,,,,,
1780433636.599,1801031.0,2536.772,2.911595,,,,,,
1780433636.684,1801056.0,2536.761,2.911661,,,,,,
1780433636.686,1801081.0,2536.809,2.911715,,,,,,
1780433636.686,1801106.0,2536.843,2.911707,,,,,,
1780433636.767,1801131.0,2536.882,2.911698,,,,,,
1780433636.768,1801156.0,2536.9,2.911695,,,,,,
1780433636.769,1801181.0,2536.941,2.911685,,,,,,
1780433636.867,1801206.0,2536.976,2.911678,,,,,,
1780433636.868,1801231.0,2536.975,2.911678,,,,,,
1780433636.870,1801256.0,2537.007,2.911671,,,,,,
1780433636.871,1801281.0,2537.037,2.911664,,,,,,
1780433636.872,1801306.0,2537.102,2.91165,,,,,,
1780433636.965,1801331.0,2537.112,2.911648,,,,,,
1780433636.965,1801356.0,2537.114,2.911647,,,,,,
1780433636.966,1801381.0,2537.103,2.91165,,,,,,
1780433637.048,1801406.0,2537.073,2.911656,,,,,,
1780433637.049,1801431.0,2537.081,2.911654,,,,,,
1780433637.049,1801456.0,2537.113,2.911647,,,,,,
1780433637.050,1801481.0,2537.113,2.911647,,,,,,
1780433637.134,1801506.0,2537.157,2.911574,,,,,,
1780433637.135,1801531.0,2537.153,2.911575,,,,,,
1780433637.135,1801556.0,2537.137,2.911642,,,,,,
1780433637.218,1801581.0,2537.161,2.911637,,,,,,
1780433637.219,1801606.0,2537.182,2.911696,,,,,,
1780433637.220,1801631.0,2537.184,2.911695,,,,,,
1780433637.222,1801656.0,2537.206,2.911691,,,,,,
1780433637.317,1801681.0,2537.234,2.911748,,,,,,
1780433637.319,1801706.0,2537.274,2.911803,,,,,,
1780433637.321,1801731.0,2537.271,2.911804,,,,,,
1780433637.322,1801756.0,2537.295,2.911798,,,,,,
1780433637.417,1801781.0,2537.311,2.911858,,,,,,
1780433637.418,1801806.0,2537.264,2.911869,,,,,,
1780433637.419,1801831.0,2537.3,2.91186,,,,,,
1780433637.519,1801856.0,2537.289,2.911927,,,,,,
1780433637.521,1801881.0,2537.295,2.911925,,,,,,
1780433637.522,1801906.0,2537.306,2.911859,,,,,,
1780433637.523,1801931.0,2537.313,2.911922,,,,,,
1780433637.524,1801956.0,2537.307,2.911986,,,,,,
1780433637.610,1801981.0,2537.322,2.911983,,,,,,
1780433637.611,1802006.0,2537.297,2.911925,,,,,,
1780433637.612,1802031.0,2537.294,2.911925,,,,,,
1780433637.700,1802056.0,2537.32,2.911856,,,,,,
1780433637.702,1802081.0,2537.338,2.911852,,,,,,
1780433637.703,1802106.0,2537.376,2.911844,,,,,,
1780433637.704,1802131.0,2537.366,2.911846,,,,,,
1780433637.817,1802156.0,2537.35,2.911849,,,,,,
1780433637.818,1802181.0,2537.326,2.911855,,,,,,
1780433637.819,1802206.0,2537.371,2.911845,,,,,,
1780433637.819,1802231.0,2537.359,2.911848,,,,,,
1780433637.901,1802256.0,2537.339,2.911852,,,,,,
1780433637.902,1802281.0,2537.333,2.91179,,,,,,
1780433637.903,1802306.0,2537.378,2.91178,,,,,,
1780433637.904,1802331.0,2537.347,2.911723,,,,,,
1780433638.002,1802356.0,2537.348,2.911723,,,,,,
1780433638.003,1802381.0,2537.353,2.911722,,,,,,
1780433638.005,1802406.0,2537.336,2.911725,,,,,,
1780433638.005,1802431.0,2537.308,2.911731,,,,,,
1780433638.099,1802456.0,2537.328,2.911727,,,,,,
1780433638.100,1802481.0,2537.347,2.911787,,,,,,
1780433638.101,1802506.0,2537.351,2.911849,,,,,,
1780433638.102,1802531.0,2537.362,2.911847,,,,,,
1780433638.185,1802556.0,2537.366,2.91191,,,,,,
1780433638.186,1802581.0,2537.379,2.911907,,,,,,
1780433638.187,1802606.0,2537.4,2.911902,,,,,,
1780433638.268,1802631.0,2537.408,2.911901,,,,,,
1780433638.269,1802656.0,2537.421,2.911898,,,,,,
1780433638.271,1802681.0,2537.468,2.911951,,,,,,
1780433638.272,1802706.0,2537.478,2.911949,,,,,,
1780433638.384,1802731.0,2537.475,2.911949,,,,,,
1780433638.385,1802756.0,2537.461,2.911952,,,,,,
1780433638.386,1802781.0,2537.48,2.911948,,,,,,
1780433638.386,1802806.0,2537.494,2.911945,,,,,,
1780433638.466,1802831.0,2537.483,2.911947,,,,,,
1780433638.468,1802856.0,2537.49,2.911883,,,,,,
1780433638.469,1802881.0,2537.511,2.911941,,,,,,
1780433638.566,1802906.0,2537.496,2.911945,,,,,,
1780433638.568,1802931.0,2537.488,2.911882,,,,,,
1780433638.569,1802956.0,2537.498,2.911817,,,,,,
1780433638.570,1802981.0,2537.495,2.911818,,,,,,
1780433638.571,1803006.0,2537.471,2.911823,,,,,,
1780433638.666,1803031.0,2537.503,2.911752,,,,,,
1780433638.666,1803056.0,2537.542,2.911744,,,,,,
1780433638.667,1803081.0,2537.556,2.91174,,,,,,
1780433638.749,1803106.0,2537.558,2.91174,,,,,,
1780433638.749,1803131.0,2537.548,2.911742,,,,,,
1780433638.750,1803156.0,2537.531,2.911746,,,,,,
1780433638.751,1803181.0,2537.514,2.911686,,,,,,
1780433638.852,1803206.0,2537.537,2.911618,,,,,,
1780433638.853,1803231.0,2537.534,2.911618,,,,,,
1780433638.854,1803256.0,2537.583,2.911607,,,,,,
1780433638.856,1803281.0,2537.586,2.911607,,,,,,
1780433638.967,1803306.0,2537.583,2.911607,,,,,,
1780433638.968,1803331.0,2537.602,2.911667,,,,,,
1780433638.968,1803356.0,2537.58,2.911671,,,,,,
1780433638.969,1803381.0,2537.583,2.911671,,,,,,
1780433639.093,1803406.0,2537.616,2.911664,,,,,,
1780433639.094,1803431.0,2537.659,2.911654,,,,,,
1780433639.095,1803456.0,2537.649,2.911656,,,,,,
1780433639.096,1803481.0,2537.641,2.911722,,,,,,
1780433639.097,1803506.0,2537.63,2.911724,,,,,,
1780433639.097,1803531.0,2537.613,2.911728,,,,,,
1780433639.243,1803556.0,2537.616,2.911664,,,,,,
1780433639.245,1803581.0,2537.636,2.911659,,,,,,
1780433639.247,1803606.0,2537.654,2.911655,,,,,,
1780433639.248,1803631.0,2537.658,2.911654,,,,,,
1780433639.248,1803656.0,2537.692,2.911647,,,,,,
1780433639.250,1803681.0,2537.701,2.911645,,,,,,
1780433639.341,1803706.0,2537.726,2.911639,,,,,,
1780433639.344,1803731.0,2537.733,2.911638,,,,,,
1780433639.345,1803756.0,2537.746,2.911635,,,,,,
1780433639.417,1803781.0,2537.729,2.911638,,,,,,
1780433639.418,1803806.0,2537.727,2.911639,,,,,,
1780433639.420,1803831.0,2537.728,2.911703,,,,,,
1780433639.421,1803856.0,2537.729,2.911766,,,,,,
1780433639.555,1803881.0,2537.736,2.911764,,,,,,
1780433639.557,1803906.0,2537.76,2.911759,,,,,,
1780433639.558,1803931.0,2537.783,2.91169,,,,,,
1780433639.559,1803956.0,2537.787,2.91169,,,,,,
1780433639.560,1803981.0,2537.81,2.911685,,,,,,
1780433639.667,1804006.0,2537.839,2.911678,,,,,,
1780433639.669,1804031.0,2537.827,2.91168,,,,,,
1780433639.670,1804056.0,2537.847,2.911676,,,,,,
1780433639.671,1804081.0,2537.848,2.91174,,,,,,
1780433639.672,1804106.0,2537.846,2.91174,,,,,,
1780433639.766,1804131.0,2537.833,2.91168,,,,,,
1780433639.767,1804156.0,2537.874,2.911734,,,,,,
1780433639.768,1804181.0,2537.85,2.911739,,,,,,
1780433639.858,1804206.0,2537.819,2.911746,,,,,,
1780433639.860,1804231.0,2537.816,2.911747,,,,,,
1780433639.861,1804256.0,2537.835,2.911742,,,,,,
1780433639.862,1804281.0,2537.833,2.911743,,,,,,
1780433639.934,1804306.0,2537.806,2.911749,,,,,,
1780433639.934,1804331.0,2537.822,2.911745,,,,,,
1780433639.935,1804356.0,2537.823,2.911682,,,,,,
1780433640.030,1804381.0,2537.834,2.911679,,,,,,
1780433640.031,1804406.0,2537.853,2.911675,,,,,,
1780433640.032,1804431.0,2537.892,2.911666,,,,,,
1780433640.032,1804456.0,2537.861,2.911736,,,,,,
1780433640.152,1804481.0,2537.86,2.911737,,,,,,
1780433640.155,1804506.0,2537.843,2.911804,,,,,,
1780433640.157,1804531.0,2537.836,2.911806,,,,,,
1780433640.158,1804556.0,2537.812,2.911811,,,,,,
1780433640.161,1804581.0,2537.802,2.91175,,,,,,
1780433640.253,1804606.0,2537.804,2.911749,,,,,,
1780433640.254,1804631.0,2537.82,2.911746,,,,,,
1780433640.255,1804656.0,2537.799,2.91175,,,,,,
1780433640.255,1804681.0,2537.73,2.911766,,,,,,
1780433640.333,1804706.0,2537.712,2.911769,,,,,,
1780433640.334,1804731.0,2537.703,2.911772,,,,,,
1780433640.334,1804756.0,2537.705,2.911771,,,,,,
1780433640.398,1804781.0,2537.743,2.911763,,,,,,
1780433640.399,1804806.0,2537.724,2.911767,,,,,,
1780433640.400,1804831.0,2537.773,2.911756,,,,,,
1780433640.483,1804856.0,2537.8,2.91175,,,,,,
1780433640.484,1804881.0,2537.819,2.911746,,,,,,
1780433640.484,1804906.0,2537.792,2.911752,,,,,,
1780433640.567,1804931.0,2537.838,2.911741,,,,,,
1780433640.569,1804956.0,2537.831,2.911743,,,,,,
1780433640.570,1804981.0,2537.815,2.911683,,,,,,
1780433640.571,1805006.0,2537.822,2.911618,,,,,,
1780433640.666,1805031.0,2537.87,2.911671,,,,,,
1780433640.667,1805056.0,2537.854,2.911611,,,,,,
1780433640.668,1805081.0,2537.872,2.911607,,,,,,
1780433640.750,1805106.0,2537.904,2.911536,,,,,,
1780433640.752,1805131.0,2537.882,2.911605,,,,,,
1780433640.753,1805156.0,2537.836,2.911615,,,,,,
1780433640.754,1805181.0,2537.829,2.91168,,,,,,
1780433640.869,1805206.0,2537.84,2.911678,,,,,,
1780433640.870,1805231.0,2537.841,2.911741,,,,,,
1780433640.872,1805256.0,2537.857,2.911801,,,,,,
1780433640.874,1805281.0,2537.832,2.911806,,,,,,
1780433640.875,1805306.0,2537.805,2.911749,,,,,,
1780433640.968,1805331.0,2537.813,2.911747,,,,,,
1780433640.969,1805356.0,2537.839,2.911805,,,,,,
1780433640.970,1805381.0,2537.841,2.911804,,,,,,
1780433640.971,1805406.0,2537.82,2.911746,,,,,,
1780433641.064,1805431.0,2537.837,2.911806,,,,,,
1780433641.064,1805456.0,2537.852,2.911803,,,,,,
1780433641.065,1805481.0,2537.902,2.911792,,,,,,
1780433641.151,1805506.0,2537.867,2.911799,,,,,,
1780433641.152,1805531.0,2537.832,2.91187,,,,,,
1780433641.153,1805556.0,2537.862,2.911864,,,,,,
1780433641.153,1805581.0,2537.836,2.911933,,,,,,
1780433641.251,1805606.0,2537.85,2.911994,,,,,,
1780433641.253,1805631.0,2537.89,2.911985,,,,,,
1780433641.254,1805656.0,2537.877,2.911988,,,,,,
1780433641.255,1805681.0,2537.852,2.911993,,,,,,
1780433641.364,1805706.0,2537.865,2.911927,,,,,,
1780433641.365,1805731.0,2537.861,2.911991,,,,,,
1780433641.366,1805756.0,2537.816,2.911937,,,,,,
1780433641.368,1805781.0,2537.843,2.911995,,,,,,
1780433641.482,1805806.0,2537.887,2.911986,,,,,,
1780433641.484,1805831.0,2537.872,2.911989,,,,,,
1780433641.485,1805856.0,2537.869,2.911989,,,,,,
1780433641.486,1805881.0,2537.834,2.911997,,,,,,
1780433641.487,1805906.0,2537.838,2.91206,,,,,,
1780433641.599,1805931.0,2537.904,2.912045,,,,,,
1780433641.599,1805956.0,2537.896,2.912047,,,,,,
1780433641.600,1805981.0,2537.92,2.911978,,,,,,
1780433641.601,1806006.0,2537.927,2.911977,,,,,,
1780433641.601,1806031.0,2537.975,2.911966,,,,,,
1780433641.701,1806056.0,2537.967,2.911968,,,,,,
1780433641.702,1806081.0,2537.933,2.911975,,,,,,
1780433641.703,1806106.0,2537.917,2.911979,,,,,,
1780433641.704,1806131.0,2537.849,2.911994,,,,,,
1780433641.782,1806156.0,2537.853,2.911993,,,,,,
1780433641.783,1806181.0,2537.846,2.911994,,,,,,
1780433641.783,1806206.0,2537.85,2.911994,,,,,,
1780433641.866,1806231.0,2537.842,2.911995,,,,,,
1780433641.868,1806256.0,2537.897,2.911983,,,,,,
1780433641.868,1806281.0,2537.904,2.911918,,,,,,
1780433641.949,1806306.0,2537.887,2.911922,,,,,,
1780433641.953,1806331.0,2537.885,2.911859,,,,,,
1780433641.962,1806356.0,2537.835,2.91187,,,,,,
1780433641.966,1806381.0,2537.867,2.911799,,,,,,
1780433642.131,1806406.0,2537.932,2.911784,,,,,,
1780433642.132,1806431.0,2537.91,2.91179,,,,,,
1780433642.133,1806456.0,2537.891,2.911857,,,,,,
1780433642.134,1806481.0,2537.885,2.911859,,,,,,
1780433642.135,1806506.0,2537.818,2.91181,,,,,,
1780433642.137,1806531.0,2537.833,2.91187,,,,,,
1780433642.138,1806556.0,2537.864,2.911927,,,,,,
1780433642.216,1806581.0,2537.821,2.911873,,,,,,
1780433642.218,1806606.0,2537.762,2.911822,,,,,,
1780433642.218,1806631.0,2537.735,2.911828,,,,,,
1780433642.318,1806656.0,2537.73,2.911829,,,,,,
1780433642.319,1806681.0,2537.72,2.911768,,,,,,
1780433642.320,1806706.0,2537.7,2.911772,,,,,,
1780433642.321,1806731.0,2538.133,2.911804,,,,,,
1780433642.322,1806756.0,2539.201,2.91195,,,,,,
1780433642.432,1806781.0,2540.877,2.912091,,,,,,
1780433642.434,1806806.0,2542.814,2.912365,,,,,,
1780433642.437,1806831.0,2545.491,2.912605,,,,,,
1780433642.438,1806856.0,2548.892,2.912941,,,,,,
1780433642.534,1806881.0,2552.616,2.913334,,,,,,
1780433642.535,1806906.0,2557.476,2.913863,,,,,,
1780433642.535,1806931.0,2564.946,2.914593,,,,,,
1780433642.536,1806956.0,2573.33,2.915381,,,,,,
1780433642.634,1806981.0,2581.309,2.916066,,,,,,
1780433642.636,1807006.0,2594.468,2.917112,,,,,,
1780433642.637,1807031.0,2611.486,2.918236,,,,,,
1780433642.638,1807056.0,2632.421,2.919559,,,,,,
1780433642.737,1807081.0,2656.109,2.920949,,,,,,
1780433642.738,1807106.0,2682.823,2.922415,,,,,,
1780433642.739,1807131.0,2713.39,2.923848,,,,,,
1780433642.739,1807156.0,2750.099,2.925099,,,,,,
1780433642.815,1807181.0,2794.862,2.92617,,,,,,
1780433642.816,1807206.0,2847.352,2.929361,,,,,,
1780433642.817,1807231.0,2904.502,2.945667,,,,,,
1780433642.900,1807256.0,2973.764,3.108082,,,,,,
1780433642.902,1807281.0,3042.96,13.066118,,,,,,
