timestamp_computer,timestamp,sensor1,sensor2,mag,width,crack_x,crack_size,serial out,response
1780433440.666,1605020.0,2673.246,2.668334,,,,,status,l_h=11.800000 c_f=220.000000 q=15.000000
1780433440.668,1605045.0,2673.331,2.668206,,,,,,
1780433440.669,1605070.0,2673.301,2.668334,,,,,,
1780433440.670,1605095.0,2673.32,2.668206,,,,,,
1780433440.746,1605120.0,2673.344,2.668334,,,,,,
1780433440.747,1605145.0,2673.327,2.668334,,,,,,
1780433440.748,1605170.0,2673.434,2.668334,,,,,,
1780433440.826,1605195.0,2673.346,2.668334,,,,,,
1780433440.827,1605220.0,2673.386,2.668463,,,,,,
1780433440.827,1605245.0,2673.297,2.668591,,,,,,
1780433440.878,1605270.0,2673.336,2.668591,,,,,,
1780433440.879,1605295.0,2673.373,2.668591,,,,,,
1780433440.891,1605320.0,2673.338,2.668591,,,,,,
1780433440.962,1605345.0,2673.482,2.668591,,,,,,
1780433440.963,1605370.0,2673.395,2.668591,,,,,,
1780433440.963,1605395.0,2673.458,2.668463,,,,,,
1780433441.012,1605420.0,2673.397,2.668463,,,,,,
1780433441.013,1605445.0,2673.436,2.668463,,,,,,
1780433441.081,1605470.0,2673.495,2.668334,,,,,,
1780433441.082,1605495.0,2673.408,2.668334,,,,,,
1780433441.168,1605520.0,2673.462,2.668334,,,,,,
1780433441.170,1605545.0,2673.336,2.668334,,,,,,
1780433441.171,1605570.0,2673.305,2.668206,,,,,,
1780433441.172,1605595.0,2673.194,2.668206,,,,,,
1780433441.265,1605620.0,2673.303,2.668206,,,,,,
1780433441.267,1605645.0,2673.412,2.668206,,,,,,
1780433441.268,1605670.0,2673.377,2.668334,,,,,,
1780433441.270,1605695.0,2673.377,2.668334,,,,,,
1780433441.347,1605720.0,2673.34,2.668463,,,,,,
1780433441.348,1605745.0,2673.34,2.668463,,,,,,
1780433441.349,1605770.0,2673.329,2.668463,,,,,,
1780433441.413,1605795.0,2673.307,2.668463,,,,,,
1780433441.414,1605820.0,2673.377,2.668334,,,,,,
1780433441.415,1605845.0,2673.308,2.668206,,,,,,
1780433441.479,1605870.0,2673.375,2.668206,,,,,,
1780433441.480,1605895.0,2673.373,2.668078,,,,,,
1780433441.546,1605920.0,2673.386,2.668078,,,,,,
1780433441.547,1605945.0,2673.548,2.668078,,,,,,
1780433441.548,1605970.0,2673.567,2.668078,,,,,,
1780433441.614,1605995.0,2673.644,2.668078,,,,,,
1780433441.615,1606020.0,2673.606,2.668078,,,,,,
1780433441.616,1606045.0,2673.674,2.667949,,,,,,
1780433441.697,1606070.0,2673.661,2.667821,,,,,,
1780433441.698,1606095.0,2673.661,2.667821,,,,,,
1780433441.699,1606120.0,2673.711,2.667693,,,,,,
1780433441.802,1606145.0,2673.626,2.667693,,,,,,
1780433441.804,1606170.0,2673.648,2.667693,,,,,,
1780433441.805,1606195.0,2673.685,2.667693,,,,,,
1780433441.807,1606220.0,2673.798,2.667693,,,,,,
1780433441.900,1606245.0,2673.702,2.667693,,,,,,
1780433441.903,1606270.0,2673.75,2.667693,,,,,,
1780433441.904,1606295.0,2673.722,2.667693,,,,,,
1780433441.906,1606320.0,2673.648,2.667693,,,,,,
1780433441.999,1606345.0,2673.676,2.667693,,,,,,
1780433442.000,1606370.0,2673.587,2.667693,,,,,,
1780433442.000,1606395.0,2673.646,2.667564,,,,,,
1780433442.001,1606420.0,2673.622,2.667693,,,,,,
1780433442.046,1606445.0,2673.637,2.667693,,,,,,
1780433442.046,1606470.0,2673.647,2.667821,,,,,,
1780433442.114,1606495.0,2673.661,2.667693,,,,,,
1780433442.116,1606520.0,2673.659,2.667693,,,,,,
1780433442.117,1606545.0,2673.588,2.667564,,,,,,
1780433442.198,1606570.0,2673.53,2.667564,,,,,,
1780433442.199,1606595.0,2673.445,2.667436,,,,,,
1780433442.200,1606620.0,2673.456,2.667307,,,,,,
1780433442.217,1606645.0,2673.489,2.667436,,,,,,
1780433442.240,1606670.0,2673.458,2.667436,,,,,,
1780433442.274,1606695.0,2673.449,2.667564,,,,,,
1780433442.298,1606720.0,2673.401,2.667693,,,,,,
1780433442.322,1606745.0,2673.449,2.667693,,,,,,
1780433442.346,1606770.0,2673.414,2.667693,,,,,,
1780433442.370,1606795.0,2673.423,2.667693,,,,,,
1780433442.393,1606820.0,2673.41,2.667693,,,,,,
1780433442.417,1606845.0,2673.399,2.667693,,,,,,
1780433442.451,1606870.0,2673.425,2.667693,,,,,,
1780433442.475,1606895.0,2673.407,2.667693,,,,,,
1780433442.499,1606920.0,2673.434,2.667564,,,,,,
1780433442.523,1606945.0,2673.436,2.667564,,,,,,
1780433442.548,1606970.0,2673.483,2.667564,,,,,,
1780433442.573,1606995.0,2673.575,2.667564,,,,,,
1780433442.598,1607020.0,2673.569,2.667693,,,,,,
1780433442.684,1607045.0,2673.575,2.667693,,,,,status,l_h=11.800000 c_f=220.000000 q=15.000000
1780433442.684,1607070.0,2673.541,2.667821,,,,,,
1780433442.685,1607095.0,2673.532,2.667693,,,,,,
1780433442.780,1607120.0,2673.512,2.667821,,,,,,
1780433442.782,1607145.0,2673.525,2.667821,,,,,,
1780433442.783,1607170.0,2673.578,2.667949,,,,,,
1780433442.784,1607195.0,2673.443,2.667949,,,,,,
1780433442.881,1607220.0,2673.399,2.668078,,,,,,
1780433442.883,1607245.0,2673.305,2.668206,,,,,,
1780433442.884,1607270.0,2673.321,2.668206,,,,,,
1780433442.885,1607295.0,2673.333,2.668206,,,,,,
1780433442.947,1607320.0,2673.373,2.668078,,,,,,
1780433442.948,1607345.0,2673.397,2.668078,,,,,,
1780433442.948,1607370.0,2673.338,2.668078,,,,,,
1780433443.033,1607395.0,2673.397,2.668078,,,,,,
1780433443.035,1607420.0,2673.373,2.668077,,,,,,
1780433443.036,1607445.0,2673.397,2.668078,,,,,,
1780433443.130,1607470.0,2673.399,2.668078,,,,,,
1780433443.131,1607495.0,2673.436,2.667949,,,,,,
1780433443.132,1607520.0,2673.419,2.667949,,,,,,
1780433443.133,1607545.0,2673.377,2.668078,,,,,,
1780433443.216,1607570.0,2673.399,2.667949,,,,,,
1780433443.217,1607595.0,2673.36,2.667949,,,,,,
1780433443.218,1607620.0,2673.347,2.667949,,,,,,
1780433443.219,1607645.0,2673.29,2.667949,,,,,,
1780433443.298,1607670.0,2673.246,2.667949,,,,,,
1780433443.299,1607695.0,2673.316,2.667821,,,,,,
1780433443.299,1607720.0,2673.364,2.667949,,,,,,
1780433443.364,1607745.0,2673.408,2.667821,,,,,,
1780433443.365,1607770.0,2673.384,2.667949,,,,,,
1780433443.365,1607795.0,2673.362,2.667821,,,,,,
1780433443.446,1607820.0,2673.427,2.667821,,,,,,
1780433443.447,1607845.0,2673.425,2.667821,,,,,,
1780433443.451,1607870.0,2673.467,2.667693,,,,,,
1780433443.519,1607895.0,2673.414,2.667693,,,,,,
1780433443.520,1607920.0,2673.39,2.667693,,,,,,
1780433443.521,1607945.0,2673.325,2.667821,,,,,,
1780433443.579,1607970.0,2673.384,2.667821,,,,,,
1780433443.580,1607995.0,2673.429,2.667949,,,,,,
1780433443.645,1608020.0,2673.39,2.667821,,,,,,
1780433443.645,1608045.0,2673.371,2.667821,,,,,,
1780433443.647,1608070.0,2673.357,2.667949,,,,,,
1780433443.735,1608095.0,2673.347,2.667949,,,,,,
1780433443.736,1608120.0,2673.249,2.668078,,,,,,
1780433443.737,1608145.0,2673.268,2.667949,,,,,,
1780433443.828,1608170.0,2673.283,2.667949,,,,,,
1780433443.829,1608195.0,2673.34,2.667949,,,,,,
1780433443.831,1608220.0,2673.275,2.667949,,,,,,
1780433443.832,1608245.0,2673.251,2.667949,,,,,,
1780433443.964,1608270.0,2673.292,2.667821,,,,,,
1780433443.965,1608295.0,2673.353,2.667821,,,,,,
1780433443.966,1608320.0,2673.309,2.667949,,,,,,
1780433443.967,1608345.0,2673.288,2.667949,,,,,,
1780433443.968,1608370.0,2673.194,2.667949,,,,,,
1780433443.968,1608395.0,2673.194,2.667949,,,,,,
1780433444.051,1608420.0,2673.155,2.668078,,,,,,
1780433444.052,1608445.0,2673.203,2.668078,,,,,,
1780433444.053,1608470.0,2673.244,2.667949,,,,,,
1780433444.148,1608495.0,2673.325,2.668078,,,,,,
1780433444.149,1608520.0,2673.309,2.667949,,,,,,
1780433444.150,1608545.0,2673.279,2.668078,,,,,,
1780433444.150,1608570.0,2673.351,2.668078,,,,,,
1780433444.231,1608595.0,2673.233,2.668078,,,,,,
1780433444.233,1608620.0,2673.189,2.668078,,,,,,
1780433444.234,1608645.0,2673.259,2.668078,,,,,,
1780433444.333,1608670.0,2673.309,2.668078,,,,,,
1780433444.334,1608695.0,2673.323,2.667949,,,,,,
1780433444.335,1608720.0,2673.307,2.667949,,,,,,
1780433444.336,1608745.0,2673.386,2.667949,,,,,,
1780433444.432,1608770.0,2673.36,2.668078,,,,,,
1780433444.432,1608795.0,2673.382,2.668078,,,,,,
1780433444.433,1608820.0,2673.375,2.668206,,,,,,
1780433444.434,1608845.0,2673.388,2.668206,,,,,,
1780433444.515,1608870.0,2673.371,2.668078,,,,,,
1780433444.516,1608895.0,2673.283,2.668206,,,,,,
1780433444.518,1608920.0,2673.233,2.668078,,,,,,
1780433444.520,1608945.0,2673.162,2.668078,,,,,,
1780433444.632,1608970.0,2673.172,2.668077,,,,,,
1780433444.633,1608995.0,2673.211,2.668206,,,,,,
1780433444.635,1609020.0,2673.174,2.668206,,,,,,
1780433444.636,1609045.0,2673.259,2.668206,,,,,,
1780433444.713,1609070.0,2673.242,2.668206,,,,,,
1780433444.715,1609095.0,2673.294,2.668334,,,,,,
1780433444.715,1609120.0,2673.194,2.668334,,,,,,
1780433444.716,1609145.0,2673.214,2.668334,,,,,,
1780433444.816,1609170.0,2673.185,2.668334,,,,,,
1780433444.817,1609195.0,2673.139,2.668334,,,,,,
1780433444.819,1609220.0,2673.22,2.668206,,,,,,
1780433444.821,1609245.0,2673.192,2.668206,,,,,,
1780433444.930,1609270.0,2673.167,2.668334,,,,,,
1780433444.932,1609295.0,2673.157,2.668334,,,,,,
1780433444.933,1609320.0,2673.148,2.668463,,,,,,
1780433444.934,1609345.0,2673.172,2.668334,,,,,,
1780433444.996,1609370.0,2673.111,2.668334,,,,,,
1780433444.997,1609395.0,2673.165,2.668206,,,,,,
1780433444.997,1609420.0,2673.165,2.668206,,,,,,
1780433445.046,1609445.0,2673.167,2.668206,,,,,,
1780433445.047,1609470.0,2673.205,2.668206,,,,,,
1780433445.096,1609495.0,2673.246,2.668206,,,,,,
1780433445.097,1609520.0,2673.347,2.668206,,,,,,
1780433445.169,1609545.0,2673.299,2.668206,,,,,,
1780433445.171,1609570.0,2673.355,2.668206,,,,,,
1780433445.171,1609595.0,2673.327,2.668206,,,,,,
1780433445.246,1609620.0,2673.314,2.668206,,,,,,
1780433445.247,1609645.0,2673.327,2.668078,,,,,,
1780433445.247,1609670.0,2673.29,2.668078,,,,,,
1780433445.331,1609695.0,2673.281,2.668078,,,,,,
1780433445.333,1609720.0,2673.198,2.668078,,,,,,
1780433445.334,1609745.0,2673.159,2.668078,,,,,,
1780433445.432,1609770.0,2673.146,2.668206,,,,,,
1780433445.434,1609795.0,2673.258,2.668206,,,,,,
1780433445.435,1609820.0,2673.235,2.668206,,,,,,
1780433445.436,1609845.0,2673.216,2.668334,,,,,,
1780433445.535,1609870.0,2673.222,2.668334,,,,,,
1780433445.537,1609895.0,2673.155,2.668334,,,,,,
1780433445.539,1609920.0,2673.196,2.668206,,,,,,
1780433445.540,1609945.0,2673.194,2.668206,,,,,,
1780433445.541,1609970.0,2673.207,2.668334,,,,,,
1780433445.634,1609995.0,2673.159,2.668334,,,,,,
1780433445.634,1610020.0,2673.096,2.668334,,,,,,
1780433445.635,1610045.0,2673.08,2.668334,,,,,,
1780433445.696,1610070.0,2673.08,2.668334,,,,,,
1780433445.697,1610095.0,2673.185,2.668206,,,,,,
1780433445.697,1610120.0,2673.128,2.668334,,,,,,
1780433445.764,1610145.0,2673.111,2.668334,,,,,,
1780433445.765,1610170.0,2673.2,2.668463,,,,,,
1780433445.766,1610195.0,2673.19,2.668463,,,,,,
1780433445.846,1610220.0,2673.247,2.668334,,,,,,
1780433445.847,1610245.0,2673.159,2.668334,,,,,,
1780433445.847,1610270.0,2673.174,2.668334,,,,,,
1780433445.949,1610295.0,2673.109,2.668206,,,,,,
1780433445.958,1610320.0,2673.085,2.668206,,,,,,
1780433445.959,1610345.0,2673.17,2.668078,,,,,,
1780433445.960,1610370.0,2673.194,2.668078,,,,,,
1780433446.031,1610395.0,2673.207,2.668078,,,,,,
1780433446.032,1610420.0,2673.118,2.668078,,,,,,
1780433446.033,1610445.0,2673.122,2.668078,,,,,,
1780433446.129,1610470.0,2673.057,2.668078,,,,,,
1780433446.130,1610495.0,2673.107,2.668078,,,,,,
1780433446.131,1610520.0,2673.1,2.668078,,,,,,
1780433446.132,1610545.0,2673.028,2.668078,,,,,,
1780433446.197,1610570.0,2673.024,2.668078,,,,,,
1780433446.198,1610595.0,2673.009,2.668078,,,,,,
1780433446.199,1610620.0,2673.083,2.667949,,,,,,
1780433446.281,1610645.0,2673.085,2.668078,,,,,,
1780433446.282,1610670.0,2673.173,2.668078,,,,,,
1780433446.282,1610695.0,2673.157,2.667949,,,,,,
1780433446.346,1610720.0,2673.116,2.668078,,,,,,
1780433446.348,1610745.0,2673.209,2.668078,,,,,,
1780433446.349,1610770.0,2673.168,2.667949,,,,,,
1780433446.411,1610795.0,2673.222,2.667949,,,,,,
1780433446.413,1610820.0,2673.236,2.667949,,,,,,
1780433446.415,1610845.0,2673.251,2.667949,,,,,,
1780433446.488,1610870.0,2673.305,2.667949,,,,,,
1780433446.490,1610895.0,2673.292,2.668077,,,,,,
1780433446.491,1610920.0,2673.33,2.668078,,,,,,
1780433446.633,1610945.0,2673.316,2.667949,,,,,,
1780433446.635,1610970.0,2673.341,2.668078,,,,,,
1780433446.637,1610995.0,2673.375,2.667949,,,,,,
1780433446.639,1611020.0,2673.384,2.667821,,,,,,
1780433446.641,1611045.0,2673.434,2.667821,,,,,,
1780433446.643,1611070.0,2673.423,2.667821,,,,,,
1780433446.731,1611095.0,2673.482,2.667821,,,,,,
1780433446.732,1611120.0,2673.465,2.667821,,,,,,
1780433446.733,1611145.0,2673.53,2.667821,,,,,,
1780433446.847,1611170.0,2673.63,2.667949,,,,,,
1780433446.848,1611195.0,2673.619,2.667949,,,,,,
1780433446.850,1611220.0,2673.558,2.667949,,,,,,
1780433446.851,1611245.0,2673.462,2.668078,,,,,,
1780433446.852,1611270.0,2673.541,2.667949,,,,,,
1780433446.937,1611295.0,2673.497,2.667949,,,,,,
1780433446.938,1611320.0,2673.489,2.668078,,,,,,
1780433446.940,1611345.0,2673.447,2.667949,,,,,,
1780433446.941,1611370.0,2673.347,2.667821,,,,,,
1780433447.034,1611395.0,2673.438,2.667949,,,,,,
1780433447.036,1611420.0,2673.36,2.667949,,,,,,
1780433447.037,1611445.0,2673.364,2.667821,,,,,,
1780433447.038,1611470.0,2673.303,2.667949,,,,,,
1780433447.134,1611495.0,2673.426,2.667821,,,,,,
1780433447.135,1611520.0,2673.41,2.667821,,,,,,
1780433447.136,1611545.0,2673.36,2.667821,,,,,,
1780433447.233,1611570.0,2673.397,2.667821,,,,,,
1780433447.234,1611595.0,2673.29,2.667821,,,,,,
1780433447.236,1611620.0,2673.31,2.667949,,,,,,
1780433447.237,1611645.0,2673.301,2.668078,,,,,,
1780433447.238,1611670.0,2673.338,2.668078,,,,,,
1780433447.332,1611695.0,2673.358,2.668078,,,,,,
1780433447.333,1611720.0,2673.336,2.667949,,,,,,
1780433447.333,1611745.0,2673.404,2.667821,,,,,,
1780433447.436,1611770.0,2673.341,2.667821,,,,,,
1780433447.438,1611795.0,2673.332,2.667821,,,,,,
1780433447.439,1611820.0,2673.251,2.667821,,,,,,
1780433447.441,1611845.0,2673.406,2.667821,,,,,,
1780433447.442,1611870.0,2673.432,2.667821,,,,,,
1780433447.534,1611895.0,2673.399,2.667821,,,,,,
1780433447.536,1611920.0,2673.391,2.667821,,,,,,
1780433447.538,1611945.0,2673.329,2.667821,,,,,,
1780433447.539,1611970.0,2673.31,2.667949,,,,,,
1780433447.632,1611995.0,2673.358,2.667949,,,,,,
1780433447.634,1612020.0,2673.314,2.667949,,,,,,
1780433447.635,1612045.0,2673.273,2.667949,,,,,,
1780433447.736,1612070.0,2673.186,2.667949,,,,,,
1780433447.737,1612095.0,2673.218,2.667821,,,,,,
1780433447.739,1612120.0,2673.168,2.667949,,,,,,
1780433447.741,1612145.0,2673.245,2.667821,,,,,,
1780433447.742,1612170.0,2673.297,2.667821,,,,,,
1780433447.850,1612195.0,2673.393,2.667949,,,,,,
1780433447.851,1612220.0,2673.419,2.667949,,,,,,
1780433447.852,1612245.0,2673.393,2.667821,,,,,,
1780433447.853,1612270.0,2673.386,2.667693,,,,,,
1780433447.915,1612295.0,2673.371,2.667693,,,,,,
1780433447.917,1612320.0,2673.397,2.667693,,,,,,
1780433447.918,1612345.0,2673.451,2.667693,,,,,,
1780433448.012,1612370.0,2673.38,2.667821,,,,,,
1780433448.013,1612395.0,2673.406,2.667821,,,,,,
1780433448.013,1612420.0,2673.364,2.667693,,,,,,
1780433448.014,1612445.0,2673.482,2.667693,,,,,,
1780433448.106,1612470.0,2673.351,2.667564,,,,,,
1780433448.107,1612495.0,2673.451,2.667564,,,,,,
1780433448.109,1612520.0,2673.395,2.667693,,,,,,
1780433448.198,1612545.0,2673.393,2.667564,,,,,,
1780433448.200,1612570.0,2673.423,2.667436,,,,,,
1780433448.201,1612595.0,2673.301,2.667436,,,,,,
1780433448.202,1612620.0,2673.347,2.667564,,,,,,
1780433448.282,1612645.0,2673.327,2.667564,,,,,,
1780433448.283,1612670.0,2673.418,2.667436,,,,,,
1780433448.283,1612695.0,2673.471,2.667436,,,,,,
1780433448.369,1612720.0,2673.456,2.667564,,,,,,
1780433448.370,1612745.0,2673.442,2.667436,,,,,,
1780433448.372,1612770.0,2673.359,2.667564,,,,,,
1780433448.372,1612795.0,2673.346,2.667693,,,,,,
1780433448.447,1612820.0,2673.242,2.667564,,,,,,
1780433448.448,1612845.0,2673.239,2.667436,,,,,,
1780433448.448,1612870.0,2673.283,2.667564,,,,,,
1780433448.513,1612895.0,2673.233,2.667693,,,,,,
1780433448.513,1612920.0,2673.218,2.667693,,,,,,
1780433448.514,1612945.0,2673.133,2.667564,,,,,,
1780433448.580,1612970.0,2673.2,2.667693,,,,,,
1780433448.581,1612995.0,2673.188,2.667564,,,,,,
1780433448.649,1613020.0,2673.189,2.667564,,,,,,
1780433448.650,1613045.0,2673.181,2.667693,,,,,,
1780433448.651,1613070.0,2673.129,2.667693,,,,,,
1780433448.751,1613095.0,2673.188,2.667821,,,,,,
1780433448.751,1613120.0,2673.129,2.667821,,,,,,
1780433448.752,1613145.0,2673.146,2.667693,,,,,,
1780433448.753,1613170.0,2673.157,2.667821,,,,,,
1780433448.833,1613195.0,2673.259,2.667949,,,,,,
1780433448.834,1613220.0,2673.442,2.667949,,,,,,
1780433448.836,1613245.0,2673.447,2.667949,,,,,,
1780433448.933,1613270.0,2673.419,2.667949,,,,,,
1780433448.934,1613295.0,2673.312,2.667949,,,,,,
1780433448.935,1613320.0,2673.362,2.668078,,,,,,
1780433448.936,1613345.0,2673.418,2.668078,,,,,,
1780433449.017,1613370.0,2673.467,2.668206,,,,,,
1780433449.018,1613395.0,2673.53,2.668206,,,,,,
1780433449.019,1613420.0,2673.538,2.668206,,,,,,
1780433449.020,1613445.0,2673.582,2.668334,,,,,,
1780433449.117,1613470.0,2673.556,2.668334,,,,,,
1780433449.119,1613495.0,2673.554,2.668206,,,,,,
1780433449.120,1613520.0,2673.595,2.668206,,,,,,
1780433449.121,1613545.0,2673.558,2.668206,,,,,,
1780433449.216,1613570.0,2673.647,2.668206,,,,,,
1780433449.217,1613595.0,2673.556,2.668077,,,,,,
1780433449.218,1613620.0,2673.565,2.668206,,,,,,
1780433449.219,1613645.0,2673.571,2.668206,,,,,,
1780433449.299,1613670.0,2673.61,2.668078,,,,,,
1780433449.301,1613695.0,2673.628,2.667949,,,,,,
1780433449.302,1613720.0,2673.569,2.667821,,,,,,
1780433449.401,1613745.0,2673.654,2.667693,,,,,,
1780433449.402,1613770.0,2673.639,2.667693,,,,,,
1780433449.403,1613795.0,2673.621,2.667564,,,,,,
1780433449.403,1613820.0,2673.543,2.667436,,,,,,
1780433449.482,1613845.0,2673.571,2.667308,,,,,,
1780433449.483,1613870.0,2673.549,2.667307,,,,,,
1780433449.484,1613895.0,2673.521,2.667307,,,,,,
1780433449.567,1613920.0,2673.621,2.667436,,,,,,
1780433449.568,1613945.0,2673.636,2.667436,,,,,,
1780433449.569,1613970.0,2673.591,2.667308,,,,,,
1780433449.570,1613995.0,2673.567,2.667308,,,,,,
1780433449.600,1614020.0,2673.556,2.667308,,,,,,
1780433449.625,1614045.0,2673.569,2.667179,,,,,,
1780433449.650,1614070.0,2673.551,2.667179,,,,,,
1780433449.673,1614095.0,2673.643,2.667307,,,,,,
1780433449.697,1614120.0,2673.58,2.667436,,,,,,
1780433449.721,1614145.0,2673.553,2.667436,,,,,,
1780433449.745,1614170.0,2673.538,2.667307,,,,,,
1780433449.768,1614195.0,2673.543,2.667436,,,,,,
1780433449.791,1614220.0,2673.545,2.667564,,,,,,
1780433449.815,1614245.0,2673.619,2.667564,,,,,,
1780433449.848,1614270.0,2673.68,2.667436,,,,,,
1780433449.872,1614295.0,2673.658,2.667564,,,,,,
1780433449.897,1614320.0,2673.691,2.667693,,,,,,
1780433449.921,1614345.0,2673.732,2.667693,,,,,,
1780433449.946,1614370.0,2673.702,2.667821,,,,,,
1780433449.972,1614395.0,2673.759,2.667949,,,,,status,l_h=11.800000 c_f=220.000000 q=15.000000
1780433450.065,1614420.0,2673.733,2.668077,,,,,,
1780433450.066,1614445.0,2673.741,2.668206,,,,,,
1780433450.067,1614470.0,2673.626,2.668334,,,,,,
1780433450.067,1614495.0,2673.661,2.668334,,,,,,
1780433450.128,1614520.0,2673.733,2.668206,,,,,,
1780433450.128,1614545.0,2673.687,2.668077,,,,,,
1780433450.204,1614570.0,2673.691,2.668078,,,,,,
1780433450.206,1614595.0,2673.713,2.668206,,,,,,
1780433450.207,1614620.0,2673.733,2.668206,,,,,,
1780433450.282,1614645.0,2673.722,2.668206,,,,,,
1780433450.283,1614670.0,2673.757,2.668334,,,,,,
1780433450.283,1614695.0,2673.765,2.668206,,,,,,
1780433450.345,1614720.0,2673.698,2.668206,,,,,,
1780433450.346,1614745.0,2673.844,2.668078,,,,,,
1780433450.346,1614770.0,2673.809,2.668078,,,,,,
1780433450.415,1614795.0,2673.873,2.668206,,,,,,
1780433450.416,1614820.0,2673.853,2.668078,,,,,,
1780433450.417,1614845.0,2673.844,2.668078,,,,,,
1780433450.515,1614870.0,2673.82,2.668078,,,,,,
1780433450.516,1614895.0,2673.757,2.668206,,,,,,
1780433450.517,1614920.0,2673.705,2.668206,,,,,,
1780433450.518,1614945.0,2673.704,2.668206,,,,,,
1780433450.619,1614970.0,2673.77,2.668334,,,,,,
1780433450.620,1614995.0,2673.777,2.668334,,,,,,
1780433450.621,1615020.0,2673.731,2.668334,,,,,,
1780433450.622,1615045.0,2673.75,2.668334,,,,,,
1780433450.714,1615070.0,2673.691,2.668334,,,,,,
1780433450.716,1615095.0,2673.687,2.668206,,,,,,
1780433450.717,1615120.0,2673.639,2.668206,,,,,,
1780433450.718,1615145.0,2673.696,2.668206,,,,,,
1780433450.796,1615170.0,2673.735,2.668334,,,,,,
1780433450.797,1615195.0,2673.693,2.668334,,,,,,
1780433450.799,1615220.0,2673.676,2.668334,,,,,,
1780433450.861,1615245.0,2673.649,2.668206,,,,,,
1780433450.862,1615270.0,2673.713,2.668206,,,,,,
1780433450.863,1615295.0,2673.693,2.668206,,,,,,
1780433450.912,1615320.0,2673.739,2.668334,,,,,,
1780433450.912,1615345.0,2673.731,2.668206,,,,,,
1780433450.960,1615370.0,2673.633,2.668206,,,,,,
1780433451.050,1615395.0,2673.698,2.668206,,,,,,
1780433451.051,1615420.0,2673.707,2.668206,,,,,,
1780433451.052,1615445.0,2673.757,2.668334,,,,,,
1780433451.053,1615470.0,2673.761,2.668334,,,,,,
1780433451.129,1615495.0,2673.646,2.668334,,,,,,
1780433451.130,1615520.0,2673.718,2.668206,,,,,,
1780433451.130,1615545.0,2673.729,2.668206,,,,,,
1780433451.190,1615570.0,2673.718,2.668078,,,,,,
1780433451.190,1615595.0,2673.681,2.668078,,,,,,
1780433451.191,1615620.0,2673.7,2.668078,,,,,,
1780433451.265,1615645.0,2673.724,2.668078,,,,,,
1780433451.266,1615670.0,2673.72,2.668078,,,,,,
1780433451.267,1615695.0,2673.779,2.667949,,,,,,
1780433451.349,1615720.0,2673.816,2.668078,,,,,,
1780433451.351,1615745.0,2673.883,2.668078,,,,,,
1780433451.352,1615770.0,2673.814,2.668206,,,,,,
1780433451.412,1615795.0,2673.881,2.668206,,,,,,
1780433451.413,1615820.0,2673.862,2.668206,,,,,,
1780433451.413,1615845.0,2673.864,2.668078,,,,,,
1780433451.461,1615870.0,2673.842,2.668206,,,,,,
1780433451.513,1615895.0,2673.778,2.668206,,,,,,
1780433451.514,1615920.0,2673.743,2.668078,,,,,,
1780433451.515,1615945.0,2673.654,2.667949,,,,,,
1780433451.578,1615970.0,2673.661,2.668077,,,,,,
1780433451.579,1615995.0,2673.639,2.668206,,,,,,
1780433451.632,1616020.0,2673.622,2.668206,,,,,,
1780433451.633,1616045.0,2673.58,2.668078,,,,,,
1780433451.694,1616070.0,2673.523,2.668078,,,,,,
1780433451.694,1616095.0,2673.563,2.668078,,,,,,
1780433451.695,1616120.0,2673.644,2.668078,,,,,,
1780433451.765,1616145.0,2673.58,2.668206,,,,,,
1780433451.766,1616170.0,2673.622,2.668206,,,,,,
1780433451.767,1616195.0,2673.585,2.668334,,,,,,
1780433451.850,1616220.0,2673.532,2.668206,,,,,,
1780433451.852,1616245.0,2673.51,2.668206,,,,,,
1780433451.853,1616270.0,2673.523,2.668206,,,,,,
1780433451.913,1616295.0,2673.523,2.668078,,,,,,
1780433451.914,1616320.0,2673.545,2.668206,,,,,,
1780433451.915,1616345.0,2673.589,2.668078,,,,,,
1780433451.961,1616370.0,2673.571,2.668078,,,,,,
1780433452.011,1616395.0,2673.65,2.667949,,,,,,
1780433452.012,1616420.0,2673.519,2.667949,,,,,,
1780433452.079,1616445.0,2673.58,2.667821,,,,,,
1780433452.080,1616470.0,2673.573,2.667821,,,,,,
1780433452.080,1616495.0,2673.58,2.667821,,,,,,
1780433452.128,1616520.0,2673.571,2.667821,,,,,,
1780433452.129,1616545.0,2673.564,2.667949,,,,,,
1780433452.205,1616570.0,2673.615,2.668078,,,,,,
1780433452.205,1616595.0,2673.621,2.667949,,,,,,
1780433452.206,1616620.0,2673.654,2.667821,,,,,,
1780433452.268,1616645.0,2673.658,2.667693,,,,,,
1780433452.269,1616670.0,2673.632,2.667821,,,,,,
1780433452.269,1616695.0,2673.669,2.667693,,,,,,
1780433452.332,1616720.0,2673.593,2.667693,,,,,,
1780433452.333,1616745.0,2673.589,2.667693,,,,,,
1780433452.396,1616770.0,2673.593,2.667693,,,,,,
1780433452.397,1616795.0,2673.543,2.667693,,,,,,
1780433452.398,1616820.0,2673.587,2.667564,,,,,,
1780433452.462,1616845.0,2673.543,2.667693,,,,,,
1780433452.462,1616870.0,2673.53,2.667564,,,,,,
1780433452.463,1616895.0,2673.471,2.667564,,,,,,
1780433452.522,1616920.0,2673.504,2.667564,,,,,,
1780433452.523,1616945.0,2673.53,2.667436,,,,,,
1780433452.586,1616970.0,2673.495,2.667564,,,,,,
1780433452.586,1616995.0,2673.495,2.667564,,,,,,
1780433452.644,1617020.0,2673.41,2.667564,,,,,,
1780433452.644,1617045.0,2673.495,2.667564,,,,,,
1780433452.645,1617070.0,2673.396,2.667693,,,,,,
1780433452.717,1617095.0,2673.384,2.667693,,,,,,
1780433452.718,1617120.0,2673.403,2.667693,,,,,,
1780433452.718,1617145.0,2673.388,2.667693,,,,,,
1780433452.777,1617170.0,2673.37,2.667693,,,,,,
1780433452.777,1617195.0,2673.323,2.667564,,,,,,
1780433452.844,1617220.0,2673.386,2.667564,,,,,,
1780433452.844,1617245.0,2673.344,2.667693,,,,,,
1780433452.845,1617270.0,2673.434,2.667693,,,,,,
1780433452.894,1617295.0,2673.423,2.667693,,,,,,
1780433452.895,1617320.0,2673.39,2.667821,,,,,,
1780433452.969,1617345.0,2673.473,2.667693,,,,,,
1780433452.970,1617370.0,2673.466,2.667693,,,,,,
1780433452.970,1617395.0,2673.501,2.667693,,,,,,
1780433453.033,1617420.0,2673.519,2.667564,,,,,,
1780433453.033,1617445.0,2673.484,2.667564,,,,,,
1780433453.096,1617470.0,2673.545,2.667564,,,,,,
1780433453.096,1617495.0,2673.521,2.667693,,,,,,
1780433453.097,1617520.0,2673.591,2.667564,,,,,,
1780433453.160,1617545.0,2673.525,2.667693,,,,,,
1780433453.161,1617570.0,2673.499,2.667821,,,,,,
1780433453.226,1617595.0,2673.499,2.667821,,,,,,
1780433453.226,1617620.0,2673.401,2.667693,,,,,,
1780433453.227,1617645.0,2673.407,2.667821,,,,,,
1780433453.293,1617670.0,2673.377,2.667821,,,,,,
1780433453.294,1617695.0,2673.442,2.667693,,,,,,
1780433453.294,1617720.0,2673.467,2.667821,,,,,,
1780433453.360,1617745.0,2673.471,2.667821,,,,,,
1780433453.361,1617770.0,2673.473,2.667693,,,,,,
1780433453.410,1617795.0,2673.51,2.667692,,,,,,
1780433453.411,1617820.0,2673.578,2.667693,,,,,,
1780433453.477,1617845.0,2673.504,2.667693,,,,,,
1780433453.478,1617870.0,2673.534,2.667693,,,,,,
1780433453.478,1617895.0,2673.44,2.667693,,,,,,
1780433453.545,1617920.0,2673.501,2.667693,,,,,,
1780433453.546,1617945.0,2673.473,2.667693,,,,,,
1780433453.547,1617970.0,2673.473,2.667821,,,,,,
1780433453.610,1617995.0,2673.44,2.667821,,,,,,
1780433453.611,1618020.0,2673.44,2.667821,,,,,,
1780433453.661,1618045.0,2673.433,2.667821,,,,,,
1780433453.661,1618070.0,2673.412,2.667821,,,,,,
1780433453.728,1618095.0,2673.488,2.667821,,,,,,
1780433453.729,1618120.0,2673.488,2.667693,,,,,,
1780433453.730,1618145.0,2673.477,2.667821,,,,,,
1780433453.794,1618170.0,2673.46,2.667693,,,,,,
1780433453.794,1618195.0,2673.377,2.667693,,,,,,
1780433453.795,1618220.0,2673.41,2.667564,,,,,,
1780433453.862,1618245.0,2673.453,2.667564,,,,,,
1780433453.862,1618270.0,2673.48,2.667436,,,,,,
1780433453.863,1618295.0,2673.442,2.667436,,,,,,
1780433453.925,1618320.0,2673.442,2.667564,,,,,,
1780433453.926,1618345.0,2673.438,2.667564,,,,,,
1780433453.997,1618370.0,2673.416,2.667564,,,,,,
1780433453.998,1618395.0,2673.497,2.667564,,,,,,
1780433453.998,1618420.0,2673.53,2.667564,,,,,,
1780433454.063,1618445.0,2673.504,2.667693,,,,,,
1780433454.064,1618470.0,2673.543,2.667693,,,,,,
1780433454.064,1618495.0,2673.526,2.667693,,,,,,
1780433454.129,1618520.0,2673.578,2.667693,,,,,,
1780433454.130,1618545.0,2673.512,2.667693,,,,,,
1780433454.177,1618570.0,2673.589,2.667693,,,,,,
1780433454.177,1618595.0,2673.523,2.667693,,,,,,
1780433454.237,1618620.0,2673.536,2.667693,,,,,,
1780433454.237,1618645.0,2673.56,2.667564,,,,,,
1780433454.238,1618670.0,2673.519,2.667693,,,,,,
1780433454.303,1618695.0,2673.591,2.667821,,,,,,
1780433454.304,1618720.0,2673.541,2.667821,,,,,,
1780433454.367,1618745.0,2673.528,2.667949,,,,,,
1780433454.367,1618770.0,2673.464,2.667949,,,,,,
1780433454.367,1618795.0,2673.469,2.668078,,,,,,
1780433454.426,1618820.0,2673.447,2.667949,,,,,,
1780433454.427,1618845.0,2673.421,2.668077,,,,,,
1780433454.494,1618870.0,2673.482,2.668078,,,,,,
1780433454.494,1618895.0,2673.487,2.668206,,,,,,
1780433454.495,1618920.0,2673.514,2.668206,,,,,,
1780433454.560,1618945.0,2673.467,2.668206,,,,,,
1780433454.561,1618970.0,2673.425,2.668078,,,,,,
1780433454.630,1618995.0,2673.425,2.668078,,,,,,
1780433454.630,1619020.0,2673.401,2.668078,,,,,,
1780433454.631,1619045.0,2673.329,2.667949,,,,,,
1780433454.694,1619070.0,2673.277,2.667949,,,,,,
1780433454.694,1619095.0,2673.336,2.668077,,,,,,
1780433454.695,1619120.0,2673.318,2.668078,,,,,,
1780433454.760,1619145.0,2673.261,2.668078,,,,,,
1780433454.760,1619170.0,2673.403,2.667949,,,,,,
1780433454.821,1619195.0,2673.327,2.667949,,,,,,
1780433454.822,1619220.0,2673.34,2.667821,,,,,,
1780433454.823,1619245.0,2673.351,2.667693,,,,,,
1780433454.884,1619270.0,2673.266,2.667821,,,,,,
1780433454.885,1619295.0,2673.323,2.667821,,,,,,
1780433454.943,1619320.0,2673.255,2.667821,,,,,,
1780433454.943,1619345.0,2673.207,2.667821,,,,,,
1780433454.944,1619370.0,2679.24,2.669626,,,,,,
1780433455.010,1619395.0,2687.278,2.67208,,,,,,
1780433455.011,1619420.0,2695.218,2.674533,,,,,,
1780433455.077,1619445.0,2703.238,2.677114,,,,,,
1780433455.077,1619470.0,2711.32,2.679568,,,,,,
1780433455.078,1619495.0,2719.805,2.68228,,,,,,
1780433455.145,1619520.0,2730.22,2.685513,,,,,,
1780433455.146,1619545.0,2744.02,2.689662,,,,,,
1780433455.147,1619570.0,2760.8,2.694597,,,,,,
1780433455.193,1619595.0,2781.715,2.700713,,,,,,
1780433455.194,1619620.0,2813.873,2.709756,,,,,,
1780433455.264,1619645.0,2849.073,2.719596,,,,,,
1780433455.265,1619670.0,2885.767,2.729706,,,,,,
1780433455.265,1619695.0,2923.239,2.739955,,,,,,
1780433455.327,1619720.0,2962.406,2.750608,,,,,,
1780433455.327,1619745.0,3001.804,2.761261,,,,,,
1780433455.376,1619770.0,3042.278,2.772447,,,,,,
1780433455.377,1619795.0,3085.687,2.784308,,,,,,
1780433455.443,1619820.0,3129.269,2.796041,,,,,,
1780433455.443,1619845.0,3172.916,2.807902,,,,,,
1780433455.444,1619870.0,3216.463,2.819763,,,,,,
1780433455.506,1619895.0,3260.16,2.831496,,,,,,
1780433455.506,1619920.0,3303.851,2.843094,,,,,,
1780433455.570,1619945.0,3347.419,2.854827,,,,,,
1780433455.571,1619970.0,3391.09,2.866559,,,,,,
1780433455.572,1619995.0,3428.687,2.876487,,,,,,
1780433455.632,1620020.0,3464.405,2.885766,,,,,,
1780433455.633,1620045.0,3500.248,2.895046,,,,,,
1780433455.692,1620070.0,3536.004,2.904325,,,,,,
1780433455.693,1620095.0,3571.84,2.91374,,,,,,
1780433455.693,1620120.0,3607.036,2.922889,,,,,,
1780433455.758,1620145.0,3639.206,2.931118,,,,,,
1780433455.759,1620170.0,3667.208,2.938297,,,,,,
1780433455.823,1620195.0,3691.349,2.94442,,,,,,
1780433455.824,1620220.0,3702.376,2.947207,,,,,,
1780433455.825,1620245.0,3699.195,2.946406,,,,,,
1780433455.894,1620270.0,3691.545,2.944536,,,,,,
1780433455.895,1620295.0,3681.68,2.942132,,,,,,
1780433455.896,1620320.0,3660.34,2.936686,,,,,,
1780433455.960,1620345.0,3635.056,2.930181,,,,,,
1780433455.961,1620370.0,3607.469,2.923023,,,,,,
1780433456.010,1620395.0,3575.573,2.914679,,,,,,
1780433456.010,1620420.0,3539.629,2.90527,,,,,,
1780433456.079,1620445.0,3500.359,2.894825,,,,,,
1780433456.080,1620470.0,3456.421,2.882963,,,,,,
1780433456.080,1620495.0,3410.326,2.870334,,,,,,
1780433456.127,1620520.0,3362.031,2.857193,,,,,,
1780433456.127,1620545.0,3312.942,2.843933,,,,,,
1780433456.189,1620570.0,3263.774,2.830283,,,,,,
1780433456.190,1620595.0,3213.917,2.816506,,,,,,
1780433456.190,1620620.0,3163.777,2.802729,,,,,,
1780433456.253,1620645.0,3112.589,2.788571,,,,,,
1780433456.254,1620670.0,3061.509,2.774412,,,,,,
1780433456.325,1620695.0,3010.164,2.760127,,,,,,
1780433456.325,1620720.0,2959.07,2.74596,,,,,,
1780433456.326,1620745.0,2908.012,2.731802,,,,,,
1780433456.389,1620770.0,2858.201,2.718041,,,,,,
1780433456.390,1620795.0,2809.275,2.704415,,,,,,
1780433456.390,1620820.0,2760.874,2.690932,,,,,,
1780433456.442,1620845.0,2721.489,2.679731,,,,,,
1780433456.443,1620870.0,2685.106,2.669063,,,,,,
1780433456.516,1620895.0,2650.149,2.658922,,,,,,
1780433456.517,1620920.0,2615.948,2.649047,,,,,,
1780433456.517,1620945.0,2592.429,2.641818,,,,,,
1780433456.576,1620970.0,2571.036,2.635244,,,,,,
1780433456.578,1620995.0,2551.838,2.629324,,,,,,
1780433456.643,1621020.0,2535.811,2.624186,,,,,,
1780433456.644,1621045.0,2520.789,2.619436,,,,,,
1780433456.644,1621070.0,2509.17,2.615849,,,,,,
1780433456.712,1621095.0,2502.506,2.613679,,,,,,
1780433456.713,1621120.0,2498.17,2.612405,,,,,,
1780433456.714,1621145.0,2496.341,2.611641,,,,,,
1780433456.776,1621170.0,2495.572,2.611259,,,,,,
1780433456.776,1621195.0,2495.527,2.611386,,,,,,
1780433456.826,1621220.0,2496.528,2.611768,,,,,,
1780433456.827,1621245.0,2498.214,2.612277,,,,,,
1780433456.882,1621270.0,2501.308,2.613423,,,,,,
1780433456.883,1621295.0,2504.638,2.614568,,,,,,
1780433456.951,1621320.0,2510.371,2.616608,,,,,,
1780433456.951,1621345.0,2516.561,2.61865,,,,,,
1780433456.952,1621370.0,2523.948,2.621204,,,,,,
1780433457.012,1621395.0,2531.797,2.623631,,,,,,
1780433457.012,1621420.0,2541.825,2.62683,,,,,,
1780433457.013,1621445.0,2552.889,2.630285,,,,,,
1780433457.077,1621470.0,2571.69,2.636075,,,,,,
1780433457.077,1621495.0,2592.466,2.642387,,,,,,
1780433457.128,1621520.0,2619.478,2.65041,,,,,,
1780433457.129,1621545.0,2649.084,2.659092,,,,,,
1780433457.197,1621570.0,2681.3,2.668564,,,,,,
1780433457.199,1621595.0,2719.771,2.679631,,,,,,
1780433457.200,1621620.0,2760.604,2.691367,,,,,,
1780433457.280,1621645.0,2805.119,2.703908,,,,,,
1780433457.281,1621670.0,2849.857,2.716583,,,,,,
1780433457.282,1621695.0,2894.804,2.729131,,,,,,
1780433457.358,1621720.0,2939.375,2.741814,,,,,,
1780433457.359,1621745.0,2985.226,2.754638,,,,,,
1780433457.359,1621770.0,3032.701,2.768002,,,,,,
1780433457.409,1621795.0,3079.96,2.781239,,,,,,
1780433457.410,1621820.0,3129.429,2.794762,,,,,,
1780433457.460,1621845.0,3179.673,2.808428,,,,,,
1780433457.460,1621870.0,3229.573,2.822102,,,,,,
1780433457.510,1621895.0,3278.946,2.835385,,,,,,
1780433457.510,1621920.0,3328.002,2.848669,,,,,,
1780433457.572,1621945.0,3374.788,2.861185,,,,,,
1780433457.573,1621970.0,3420.795,2.873581,,,,,,
1780433457.573,1621995.0,3465.85,2.885592,,,,,,
1780433457.635,1622020.0,3510.376,2.897467,,,,,,
1780433457.635,1622045.0,3552.803,2.908569,,,,,,
1780433457.692,1622070.0,3594.407,2.919679,,,,,,
1780433457.692,1622095.0,3628.045,2.928318,,,,,,
1780433457.693,1622120.0,3659.389,2.9363,,,,,,
1780433457.762,1622145.0,3681.17,2.941903,,,,,,
1780433457.763,1622170.0,3699.652,2.946577,,,,,,
1780433457.763,1622195.0,3714.673,2.950318,,,,,,
1780433457.825,1622220.0,3716.8,2.950987,,,,,,
1780433457.826,1622245.0,3712.941,2.950051,,,,,,
1780433457.877,1622270.0,3704.798,2.948178,,,,,,
1780433457.877,1622295.0,3695.461,2.945771,,,,,,
1780433457.944,1622320.0,3681.111,2.94217,,,,,,
1780433457.945,1622345.0,3663.715,2.937642,,,,,,
1780433457.945,1622370.0,3634.137,2.929702,,,,,,
1780433458.009,1622395.0,3600.556,2.920704,,,,,,
1780433458.009,1622420.0,3561.426,2.910026,,,,,,
1780433458.076,1622445.0,3517.202,2.898165,,,,,,
1780433458.076,1622470.0,3469.142,2.885136,,,,,,
1780433458.077,1622495.0,3419.735,2.87159,,,,,,
1780433458.138,1622520.0,3368.121,2.857414,,,,,,
1780433458.139,1622545.0,3315.376,2.842986,,,,,,
1780433458.139,1622570.0,3262.676,2.82843,,,,,,
1780433458.192,1622595.0,3210.221,2.813865,,,,,,
1780433458.192,1622620.0,3158.042,2.799428,,,,,,
1780433458.259,1622645.0,3105.462,2.785126,,,,,,
1780433458.260,1622670.0,3052.366,2.77057,,,,,,
1780433458.329,1622695.0,2999.679,2.755878,,,,,,
1780433458.331,1622720.0,2947.226,2.74145,,,,,,
1780433458.331,1622745.0,2895.121,2.727156,,,,,,
1780433458.393,1622770.0,2845.683,2.713276,,,,,,
1780433458.394,1622795.0,2796.969,2.699667,,,,,,
1780433458.394,1622820.0,2749.241,2.686326,,,,,,
1780433458.442,1622845.0,2708.139,2.674464,,,,,,
1780433458.443,1622870.0,2670.659,2.663535,,,,,,
1780433458.509,1622895.0,2633.824,2.652741,,,,,,
1780433458.511,1622920.0,2598.004,2.642346,,,,,,
1780433458.597,1622945.0,2566.838,2.633145,,,,,,
1780433458.598,1622970.0,2538.764,2.624864,,,,,,
1780433458.599,1622995.0,2521.588,2.619598,,,,,,
1780433458.599,1623020.0,2506.327,2.614852,,,,,,
1780433458.658,1623045.0,2496.516,2.611785,,,,,,
1780433458.659,1623070.0,2489.144,2.609488,,,,,,
1780433458.709,1623095.0,2484.689,2.608214,,,,,,
1780433458.710,1623120.0,2481.845,2.607196,,,,,,
1780433458.760,1623145.0,2481.675,2.607196,,,,,,
1780433458.761,1623170.0,2482.765,2.60745,,,,,,
1780433458.818,1623195.0,2484.273,2.607957,,,,,,
1780433458.819,1623220.0,2486.153,2.60872,,,,,,
1780433458.819,1623245.0,2488.205,2.609356,,,,,,
1780433458.881,1623270.0,2490.915,2.610247,,,,,,
1780433458.881,1623295.0,2495.059,2.611647,,,,,,
1780433458.943,1623320.0,2500.472,2.613559,,,,,,
1780433458.943,1623345.0,2506.994,2.615727,,,,,,
1780433458.943,1623370.0,2514.351,2.618153,,,,,,
1780433459.007,1623395.0,2525.241,2.621606,,,,,,
1780433459.007,1623420.0,2538.73,2.625705,,,,,,
1780433459.070,1623445.0,2551.896,2.629933,,,,,,
1780433459.070,1623470.0,2572.264,2.636241,,,,,,
1780433459.071,1623495.0,2594.705,2.643073,,,,,,
1780433459.134,1623520.0,2622.084,2.651218,,,,,,
1780433459.135,1623545.0,2650.656,2.659758,,,,,,
1780433459.192,1623570.0,2679.802,2.668431,,,,,,
1780433459.192,1623595.0,2720.143,2.679899,,,,,,
1780433459.192,1623620.0,2765.949,2.692835,,,,,,
1780433459.261,1623645.0,2811.712,2.705772,,,,,,
1780433459.261,1623670.0,2857.68,2.718709,,,,,,
1780433459.327,1623695.0,2904.472,2.731787,,,,,,
1780433459.327,1623720.0,2951.235,2.744739,,,,,,
1780433459.327,1623745.0,2998.636,2.758086,,,,,,
1780433459.376,1623770.0,3049.645,2.772126,,,,,,
1780433459.376,1623795.0,3100.549,2.786166,,,,,,
1780433459.982,1624410.0,3127.858,2.794198,,,,,calibrate,
1780433460.042,1624435.0,3154.226,2.80198,,,,,,
1780433460.043,1624460.0,3180.036,2.809631,,,,,,
1780433460.100,1624485.0,3205.531,2.817027,,,,,,
1780433460.100,1624510.0,3229.766,2.824299,,,,,,
1780433460.163,1624535.0,3252.453,2.830928,,,,,,
1780433460.163,1624560.0,3274.001,2.83704,,,,,,
1780433460.164,1624585.0,3294.425,2.843028,,,,,,
1780433460.227,1624610.0,3311.954,2.848115,,,,,,
1780433460.228,1624635.0,3326.926,2.852556,,,,,,
1780433460.228,1624660.0,3342.057,2.856869,,,,,,
1780433460.291,1624685.0,3350.022,2.858969,,,,,,
1780433460.291,1624710.0,3355.818,2.860546,,,,,,
1780433460.353,1624735.0,3356.718,2.860809,,,,,,
1780433460.354,1624760.0,3356.183,2.860677,,,,,,
1780433460.354,1624785.0,3355.11,2.860413,,,,,,
1780433460.409,1624810.0,3342.811,2.857226,,,,,,
1780433460.410,1624835.0,3324.943,2.852698,,,,,,
1780433460.476,1624860.0,3307.09,2.84817,,,,,,
1780433460.477,1624885.0,3289.169,2.843642,,,,,,
1780433460.478,1624910.0,3270.299,2.838845,,,,,,
1780433460.544,1624935.0,3251.101,2.833915,,,,,,
1780433460.545,1624960.0,3230.979,2.828849,,,,,,
1780433460.615,1624985.0,3206.833,2.822837,,,,,,
1780433460.615,1625010.0,3182.644,2.816693,,,,,,
1780433460.616,1625035.0,3181.696,2.816561,,,,,,
1780433460.678,1625060.0,3180.861,2.816297,,,,,,
1780433460.678,1625085.0,3180.05,2.816164,,,,,,
1780433460.679,1625110.0,3179.327,2.816033,,,,,,
1780433460.742,1625135.0,3178.696,2.815769,,,,,,
1780433460.742,1625160.0,3178.094,2.815637,,,,,,
1780433460.792,1625185.0,3177.517,2.815637,,,,,,
1780433460.792,1625210.0,3177.119,2.815505,,,,,,
1780433460.860,1625235.0,3176.74,2.815373,,,,,,
1780433460.861,1625260.0,3176.321,2.815241,,,,,,
1780433460.861,1625285.0,3175.844,2.815109,,,,,,
1780433460.909,1625310.0,3175.375,2.815109,,,,,,
1780433460.909,1625335.0,3174.972,2.814977,,,,,,
1780433460.976,1625360.0,3174.651,2.814977,,,,,,
1780433460.977,1625385.0,3174.368,2.814977,,,,,,
1780433460.977,1625410.0,3174.067,2.814977,,,,,,
1780433461.037,1625435.0,3173.833,2.814977,,,,,,
1780433461.038,1625460.0,3173.618,2.814846,,,,,,
1780433461.100,1625485.0,3173.324,2.814846,,,,,,
1780433461.100,1625510.0,3172.946,2.814846,,,,,,
1780433461.158,1625535.0,3172.688,2.814846,,,,,,
1780433461.159,1625560.0,3172.528,2.814846,,,,,,
1780433461.159,1625585.0,3172.254,2.814846,,,,,,
1780433461.227,1625610.0,3172.018,2.814714,,,,,,
1780433461.227,1625635.0,3171.769,2.814714,,,,,,
1780433461.228,1625660.0,3171.701,2.814714,,,,,,
1780433461.291,1625685.0,3171.477,2.814582,,,,,,
1780433461.293,1625710.0,3171.357,2.814582,,,,,,
1780433461.360,1625735.0,3171.115,2.81445,,,,,,
1780433461.361,1625760.0,3170.901,2.814318,,,,,,
1780433461.361,1625785.0,3170.775,2.814318,,,,,,
1780433461.426,1625810.0,3170.55,2.814318,,,,,,
1780433461.427,1625835.0,3170.391,2.814186,,,,,,
1780433461.475,1625860.0,3170.256,2.814054,,,,,,
1780433461.476,1625885.0,3169.992,2.813923,,,,,,
1780433461.544,1625910.0,3169.848,2.813923,,,,,,
1780433461.545,1625935.0,3169.734,2.813791,,,,,,
1780433461.545,1625960.0,3169.545,2.813791,,,,,,
1780433461.609,1625985.0,3169.257,2.813659,,,,,,
1780433461.610,1626010.0,3169.204,2.813527,,,,,,
1780433461.610,1626035.0,3169.125,2.813396,,,,,,
1780433461.659,1626060.0,3168.969,2.813396,,,,,,
1780433461.659,1626085.0,3168.815,2.813527,,,,,,
1780433461.726,1626110.0,3168.864,2.813396,,,,,,
1780433461.726,1626135.0,3168.901,2.813396,,,,,,
1780433461.792,1626160.0,3168.793,2.813264,,,,,,
1780433461.792,1626185.0,3168.625,2.813264,,,,,,
1780433461.793,1626210.0,3168.518,2.813132,,,,,,
1780433461.858,1626235.0,3168.423,2.813132,,,,,,
1780433461.859,1626260.0,3168.285,2.813132,,,,,,
1780433461.859,1626285.0,3167.987,2.813132,,,,,,
1780433461.908,1626310.0,3167.953,2.813132,,,,,,
1780433461.909,1626335.0,3167.801,2.813,,,,,,
1780433461.960,1626360.0,3167.715,2.813,,,,,,
1780433461.961,1626385.0,3167.727,2.813,,,,,,
1780433461.984,1626410.0,3167.58,2.656745,,,,,,
1780433462.005,1626435.0,3167.479,2.656775,,,,,,
1780433462.038,1626460.0,3167.271,2.656835,,,,,,
1780433462.063,1626485.0,3167.136,2.657007,,,,,,
1780433462.085,1626510.0,3167.075,2.657024,,,,,,
1780433462.107,1626535.0,3167.047,2.6569,,,,,,
1780433462.129,1626560.0,3167.01,2.656911,,,,,,
1780433462.161,1626585.0,3166.977,2.656921,,,,,,
1780433462.183,1626610.0,3167.02,2.656909,,,,,,
1780433462.206,1626635.0,3166.999,2.656915,,,,,,
1780433462.230,1626660.0,3166.919,2.656938,,,,,,
1780433462.263,1626685.0,3166.824,2.656834,,,,,,
1780433462.285,1626710.0,3166.864,2.656691,,,,,,
1780433462.309,1626735.0,3166.729,2.65673,,,,,,
1780433462.332,1626760.0,3166.603,2.656635,,,,,,
1780433462.357,1626785.0,3166.462,2.656676,,,,,,
1780433462.444,1626810.0,3166.355,2.656707,,,,,rotate on,OK rotated on
1780433462.445,1626835.0,3166.322,2.656717,,,,,,
1780433462.446,1626860.0,3166.221,2.656746,,,,,,
1780433462.508,1626885.0,3166.184,2.656757,,,,,,
1780433462.509,1626910.0,3166.168,2.656629,,,,,,
1780433462.509,1626935.0,3166.095,2.656651,,,,,,
1780433462.577,1626960.0,3166.049,2.656664,,,,,,
1780433462.578,1626985.0,3165.964,2.656689,,,,,,
1780433462.579,1627010.0,3165.729,2.656757,,,,,,
1780433462.644,1627035.0,3165.714,2.656762,,,,,,
1780433462.646,1627060.0,3165.637,2.656652,,,,,,
1780433462.710,1627085.0,3165.619,2.656658,,,,,,
1780433462.710,1627110.0,3165.536,2.656682,,,,,,
1780433462.711,1627135.0,3165.472,2.6567,,,,,,
1780433462.762,1627160.0,3165.42,2.656715,,,,,,
1780433462.762,1627185.0,3165.304,2.656749,,,,,,
1780433462.845,1627210.0,3165.258,2.656763,,,,,,
1780433462.846,1627235.0,3164.979,2.656844,,,,,,
1780433462.847,1627260.0,3164.818,2.656891,,,,,,
1780433462.927,1627285.0,3164.714,2.656921,,,,,,
1780433462.928,1627310.0,3164.649,2.65694,,,,,,
1780433462.929,1627335.0,3164.509,2.656981,,,,,,
1780433462.930,1627360.0,3164.435,2.657003,,,,,,
1780433462.993,1627385.0,3164.295,2.657043,,,,,,
1780433462.993,1627410.0,3164.246,2.657058,,,,,,
1780433463.079,1627435.0,3164.163,2.657082,,,,,,
1780433463.080,1627460.0,3164.068,2.657109,,,,,,
1780433463.081,1627485.0,3164.062,2.657111,,,,,,
1780433463.082,1627510.0,3164.047,2.657116,,,,,,
1780433463.162,1627535.0,3163.919,2.657153,,,,,,
1780433463.164,1627560.0,3163.8,2.657188,,,,,,
1780433463.165,1627585.0,3163.901,2.657158,,,,,,
1780433463.213,1627610.0,3163.827,2.65718,,,,,,
1780433463.213,1627635.0,3163.867,2.657168,,,,,,
1780433463.296,1627660.0,3163.818,2.657182,,,,,,
1780433463.297,1627685.0,3163.87,2.657167,,,,,,
1780433463.299,1627710.0,3163.916,2.657154,,,,,,
1780433463.382,1627735.0,3163.907,2.657025,,,,,,
1780433463.384,1627760.0,3163.956,2.657011,,,,,,
1780433463.385,1627785.0,3163.886,2.657031,,,,,,
1780433463.386,1627810.0,3163.956,2.65701,,,,,,
1780433463.461,1627835.0,3163.852,2.657172,,,,,,
1780433463.462,1627860.0,3163.892,2.657161,,,,,,
1780433463.462,1627885.0,3163.837,2.657177,,,,,,
1780433463.526,1627910.0,3163.898,2.657159,,,,,,
1780433463.527,1627935.0,3163.818,2.657182,,,,,,
1780433463.528,1627960.0,3163.733,2.657075,,,,,,
1780433463.595,1627985.0,3163.616,2.657109,,,,,,
1780433463.596,1628010.0,3163.641,2.657102,,,,,,
1780433463.661,1628035.0,3163.678,2.657091,,,,,,
1780433463.666,1628060.0,3163.73,2.657076,,,,,,
1780433463.667,1628085.0,3163.647,2.6571,,,,,,
1780433463.724,1628110.0,3163.638,2.657103,,,,,,
1780433463.725,1628135.0,3163.632,2.657105,,,,,,
1780433463.774,1628160.0,3163.748,2.657071,,,,,,
1780433463.775,1628185.0,3163.965,2.657008,,,,,,
1780433463.843,1628210.0,3163.852,2.657041,,,,,,
1780433463.844,1628235.0,3163.754,2.657069,,,,,,
1780433463.845,1628260.0,3163.647,2.6571,,,,,,
1780433463.908,1628285.0,3163.644,2.657101,,,,,,
1780433463.909,1628310.0,3163.519,2.657138,,,,,,
1780433463.910,1628335.0,3163.458,2.657156,,,,,,
1780433463.961,1628360.0,3163.394,2.657174,,,,,,
1780433463.962,1628385.0,3163.32,2.657196,,,,,,
1780433464.020,1628410.0,3163.317,2.657197,,,,,,
1780433464.021,1628435.0,3163.165,2.657241,,,,,,
1780433464.084,1628460.0,3163.144,2.656983,,,,,,
1780433464.085,1628485.0,3163.189,2.65697,,,,,,
1780433464.086,1628510.0,3163.302,2.656937,,,,,,
1780433464.145,1628535.0,3163.159,2.656847,,,,,,
1780433464.146,1628560.0,3163.174,2.656843,,,,,,
1780433464.209,1628585.0,3163.244,2.656954,,,,,,
1780433464.209,1628610.0,3163.4,2.656909,,,,,,
1780433464.210,1628635.0,3163.439,2.656897,,,,,,
1780433464.272,1628660.0,3163.409,2.656906,,,,,,
1780433464.273,1628685.0,3163.376,2.656916,,,,,,
1780433464.335,1628710.0,3163.458,2.65676,,,,,,
1780433464.336,1628735.0,3163.36,2.656789,,,,,,
1780433464.336,1628760.0,3163.226,2.656828,,,,,,
1780433464.399,1628785.0,3163.189,2.656839,,,,,,
1780433464.400,1628810.0,3163.06,2.656876,,,,,,
1780433464.463,1628835.0,3162.944,2.65691,,,,,,
1780433464.463,1628860.0,3163.069,2.656874,,,,,,
1780433464.464,1628885.0,3163.173,2.656843,,,,,,
1780433464.528,1628910.0,3163.131,2.656856,,,,,,
1780433464.529,1628935.0,3163.152,2.65685,,,,,,
1780433464.530,1628960.0,3163.195,2.656837,,,,,,
1780433464.591,1628985.0,3163.143,2.656852,,,,,,
1780433464.592,1629010.0,3163.17,2.656844,,,,,,
1780433464.655,1629035.0,3163.195,2.656837,,,,,,
1780433464.656,1629060.0,3163.155,2.656849,,,,,,
1780433464.656,1629085.0,3163.21,2.656964,,,,,,
1780433464.720,1629110.0,3163.271,2.656946,,,,,,
1780433464.720,1629135.0,3163.177,2.656974,,,,,,
1780433464.766,1629160.0,3163.274,2.657077,,,,,,
1780433464.767,1629185.0,3163.323,2.657063,,,,,,
1780433464.832,1629210.0,3163.268,2.657079,,,,,,
1780433464.833,1629235.0,3163.191,2.657101,,,,,,
1780433464.833,1629260.0,3163.225,2.657092,,,,,,
1780433464.895,1629285.0,3163.183,2.657104,,,,,,
1780433464.897,1629310.0,3163.118,2.657123,,,,,,
1780433464.959,1629335.0,3163.097,2.657261,,,,,,
1780433464.959,1629360.0,3163.124,2.657253,,,,,,
1780433464.959,1629385.0,3163.182,2.657236,,,,,,
1780433465.022,1629410.0,3163.179,2.657237,,,,,,
1780433465.023,1629435.0,3163.042,2.657277,,,,,,
1780433465.085,1629460.0,3163.369,2.657313,,,,,,
1780433465.086,1629485.0,3164.008,2.657391,,,,,,
1780433465.087,1629510.0,3165.055,2.657481,,,,,,
1780433465.149,1629535.0,3166.687,2.657401,,,,,,
1780433465.150,1629560.0,3168.722,2.657336,,,,,,
1780433465.214,1629585.0,3170.907,2.657228,,,,,,
1780433465.216,1629610.0,3174.066,2.657099,,,,,,
1780433465.217,1629635.0,3177.55,2.656876,,,,,,
1780433465.277,1629660.0,3191.34,2.656444,,,,,,
1780433465.277,1629685.0,3207.268,2.655791,,,,,,
1780433465.278,1629710.0,3223.622,2.655283,,,,,,
1780433465.338,1629735.0,3240.241,2.654697,,,,,,
1780433465.339,1629760.0,3256.983,2.654075,,,,,,
1780433465.400,1629785.0,3273.763,2.653443,,,,,,
1780433465.401,1629810.0,3297.375,2.652436,,,,,,
1780433465.462,1629835.0,3323.63,2.651336,,,,,,
1780433465.463,1629860.0,3349.867,2.650241,,,,,,
1780433465.463,1629885.0,3375.949,2.649056,,,,,,
1780433465.524,1629910.0,3402.043,2.648003,,,,,,
1780433465.524,1629935.0,3428.24,2.646784,,,,,,
1780433465.590,1629960.0,3454.437,2.645566,,,,,,
1780433465.591,1629985.0,3480.673,2.644471,,,,,,
1780433465.591,1630010.0,3507.091,2.643324,,,,,,
1780433465.655,1630035.0,3533.394,2.642209,,,,,,
1780433465.657,1630060.0,3559.697,2.64096,,,,,,
1780433465.657,1630085.0,3585.434,2.639743,,,,,,
1780433465.710,1630110.0,3610.528,2.638447,,,,,,
1780433465.711,1630135.0,3634.516,2.637205,,,,,,
1780433465.770,1630160.0,3652.045,2.636631,,,,,,
1780433465.771,1630185.0,3668.831,2.636006,,,,,,
1780433465.832,1630210.0,3684.998,2.635428,,,,,,
1780433465.832,1630235.0,3692.313,2.635288,,,,,,
1780433465.833,1630260.0,3695.937,2.635293,,,,,,
1780433465.893,1630285.0,3689.146,2.635537,,,,,,
1780433465.894,1630310.0,3677.708,2.636071,,,,,,
1780433465.961,1630335.0,3663.395,2.636513,,,,,,
1780433465.962,1630360.0,3647.563,2.637001,,,,,,
1780433465.962,1630385.0,3630.283,2.637648,,,,,,
1780433466.025,1630410.0,3593.6,2.638228,,,,,,
1780433466.026,1630435.0,3550.943,2.639189,,,,,,
1780433466.092,1630460.0,3503.313,2.640152,,,,,,
1780433466.093,1630485.0,3453.053,2.641115,,,,,,
1780433466.094,1630510.0,3402.187,2.642136,,,,,,
1780433466.146,1630535.0,3349.051,2.642919,,,,,,
1780433466.148,1630560.0,3296.089,2.643788,,,,,,
1780433466.219,1630585.0,3242.735,2.64477,,,,,,
1780433466.220,1630610.0,3189.53,2.645574,,,,,,
1780433466.220,1630635.0,3136.495,2.646454,,,,,,
1780433466.276,1630660.0,3083.423,2.647346,,,,,,
1780433466.277,1630685.0,3029.841,2.648268,,,,,,
1780433466.278,1630710.0,2976.677,2.649195,,,,,,
1780433466.334,1630735.0,2923.77,2.650182,,,,,,
1780433466.334,1630760.0,2871.698,2.651062,,,,,,
1780433466.396,1630785.0,2825.587,2.65142,,,,,,
1780433466.406,1630810.0,2779.347,2.651823,,,,,,
1780433466.407,1630835.0,2733.464,2.652256,,,,,,
1780433466.459,1630860.0,2695.573,2.652236,,,,,,
1780433466.460,1630885.0,2660.974,2.652189,,,,,,
1780433466.523,1630910.0,2626.526,2.652097,,,,,,
1780433466.523,1630935.0,2594.712,2.651902,,,,,,
1780433466.590,1630960.0,2565.32,2.651789,,,,,,
1780433466.590,1630985.0,2537.108,2.651602,,,,,,
1780433466.590,1631010.0,2510.252,2.651282,,,,,,
1780433466.652,1631035.0,2502.736,2.651176,,,,,,
1780433466.653,1631060.0,2494.556,2.651006,,,,,,
1780433466.654,1631085.0,2488.802,2.650897,,,,,,
1780433466.715,1631110.0,2486.062,2.650805,,,,,,
1780433466.716,1631135.0,2484.167,2.650721,,,,,,
1780433466.778,1631160.0,2484.774,2.650671,,,,,,
1780433466.778,1631185.0,2485.995,2.650824,,,,,,
1780433466.779,1631210.0,2487.862,2.650788,,,,,,
1780433466.841,1631235.0,2490.116,2.650894,,,,,,
1780433466.842,1631260.0,2492.531,2.651081,,,,,,
1780433466.904,1631285.0,2495.627,2.651197,,,,,,
1780433466.904,1631310.0,2500.264,2.651374,,,,,,
1780433466.905,1631335.0,2506.43,2.651618,,,,,,
1780433466.968,1631360.0,2513.899,2.651867,,,,,,
1780433466.969,1631385.0,2525.128,2.652308,,,,,,
1780433467.031,1631410.0,2537.845,2.652704,,,,,,
1780433467.032,1631435.0,2554.978,2.653107,,,,,,
1780433467.032,1631460.0,2576.103,2.653391,,,,,,
1780433467.082,1631485.0,2598.285,2.653758,,,,,,
1780433467.083,1631510.0,2623.407,2.654057,,,,,,
1780433467.145,1631535.0,2649.154,2.654436,,,,,,
1780433467.146,1631560.0,2675.993,2.654628,,,,,,
1780433467.209,1631585.0,2712.817,2.654432,,,,,,
1780433467.210,1631610.0,2751.751,2.654282,,,,,,
1780433467.210,1631635.0,2792.138,2.654109,,,,,,
1780433467.274,1631660.0,2835.861,2.653641,,,,,,
1780433467.274,1631685.0,2880.193,2.653263,,,,,,
1780433467.336,1631710.0,2924.584,2.652869,,,,,,
1780433467.336,1631735.0,2969.172,2.652425,,,,,,
1780433467.337,1631760.0,3017.94,2.65184,,,,,,
1780433467.400,1631785.0,3067.176,2.651119,,,,,,
1780433467.400,1631810.0,3115.749,2.650345,,,,,,
1780433467.463,1631835.0,3166.619,2.649578,,,,,,
1780433467.463,1631860.0,3218.426,2.648554,,,,,,
1780433467.463,1631885.0,3269.663,2.647442,,,,,,
1780433467.526,1631910.0,3320.406,2.646346,,,,,,
1780433467.527,1631935.0,3370.3,2.645378,,,,,,
1780433467.527,1631960.0,3418.362,2.644168,,,,,,
1780433467.590,1631985.0,3465.147,2.642946,,,,,,
1780433467.591,1632010.0,3507.97,2.64159,,,,,,
1780433467.653,1632035.0,3549.515,2.640354,,,,,,
1780433467.654,1632060.0,3587.101,2.638969,,,,,,
1780433467.655,1632085.0,3620.732,2.637692,,,,,,
1780433467.709,1632110.0,3652.843,2.636331,,,,,,
1780433467.710,1632135.0,3681.211,2.635273,,,,,,
1780433467.786,1632160.0,3707.903,2.634034,,,,,,
1780433467.787,1632185.0,3726.992,2.63353,,,,,,
1780433467.788,1632210.0,3731.154,2.633385,,,,,,
1780433467.859,1632235.0,3730.463,2.633586,,,,,,
1780433467.859,1632260.0,3726.488,2.63381,,,,,,
1780433467.860,1632285.0,3718.216,2.634216,,,,,,
1780433467.926,1632310.0,3708.185,2.634734,,,,,,
1780433467.926,1632335.0,3694.152,2.635356,,,,,,
1780433467.975,1632360.0,3673.827,2.636095,,,,,,
1780433467.975,1632385.0,3640.112,2.637046,,,,,,
1780433468.041,1632410.0,3605.367,2.638036,,,,,,
1780433468.041,1632435.0,3566.983,2.639047,,,,,,
1780433468.042,1632460.0,3520.221,2.640021,,,,,,
1780433468.107,1632485.0,3470.726,2.641136,,,,,,
1780433468.107,1632510.0,3418.086,2.642148,,,,,,
1780433468.108,1632535.0,3364.288,2.642988,,,,,,
1780433468.173,1632560.0,3310.04,2.643697,,,,,,
1780433468.173,1632585.0,3255.523,2.64462,,,,,,
1780433468.231,1632610.0,3200.361,2.645479,,,,,,
1780433468.231,1632635.0,3145.239,2.646325,,,,,,
1780433468.232,1632660.0,3089.954,2.647082,,,,,,
1780433468.294,1632685.0,3034.273,2.647964,,,,,,
1780433468.295,1632710.0,2978.622,2.648839,,,,,,
1780433468.359,1632735.0,2925.187,2.649836,,,,,,
1780433468.360,1632760.0,2872.523,2.650609,,,,,,
1780433468.361,1632785.0,2820.749,2.651528,,,,,,
1780433468.423,1632810.0,2775.429,2.651917,,,,,,
1780433468.423,1632835.0,2735.148,2.65218,,,,,,
1780433468.483,1632860.0,2697.446,2.652225,,,,,,
1780433468.484,1632885.0,2661.636,2.652252,,,,,,
1780433468.485,1632910.0,2626.828,2.652253,,,,,,
1780433468.541,1632935.0,2592.981,2.652108,,,,,,
1780433468.541,1632960.0,2563.07,2.651876,,,,,,
1780433468.609,1632985.0,2538.839,2.651573,,,,,,
1780433468.610,1633010.0,2523.65,2.651246,,,,,,
1780433468.610,1633035.0,2508.948,2.651038,,,,,,
1780433468.659,1633060.0,2497.647,2.650745,,,,,,
1780433468.661,1633085.0,2492.292,2.650647,,,,,,
1780433468.734,1633110.0,2488.291,2.650538,,,,,,
1780433468.735,1633135.0,2487.852,2.650539,,,,,,
1780433468.736,1633160.0,2488.807,2.650769,,,,,,
1780433468.798,1633185.0,2490.483,2.650916,,,,,,
1780433468.798,1633210.0,2493.172,2.651022,,,,,,
1780433468.861,1633235.0,2496.836,2.651225,,,,,,
1780433468.862,1633260.0,2501.195,2.651481,,,,,,
1780433468.862,1633285.0,2505.716,2.65169,,,,,,
1780433468.926,1633310.0,2512.171,2.651972,,,,,,
1780433468.927,1633335.0,2520.011,2.652364,,,,,,
1780433468.928,1633360.0,2527.242,2.652684,,,,,,
1780433468.989,1633385.0,2534.763,2.652919,,,,,,
1780433468.991,1633410.0,2544.694,2.653224,,,,,,
1780433469.053,1633435.0,2557.538,2.653456,,,,,,
1780433469.054,1633460.0,2574.079,2.653778,,,,,,
1780433469.054,1633485.0,2595.349,2.654027,,,,,,
1780433469.118,1633510.0,2621.549,2.654284,,,,,,
1780433469.127,1633535.0,2647.719,2.654548,,,,,,
1780433469.127,1633560.0,2674.447,2.654783,,,,,,
1780433469.180,1633585.0,2708.409,2.654762,,,,,,
1780433469.181,1633610.0,2752.107,2.654308,,,,,,
1780433469.245,1633635.0,2795.781,2.653995,,,,,,
1780433469.246,1633660.0,2839.459,2.653547,,,,,,
1780433469.307,1633685.0,2884.259,2.653041,,,,,,
1780433469.307,1633710.0,2930.572,2.652505,,,,,,
1780433469.308,1633735.0,2979.644,2.65184,,,,,,
1780433469.369,1633760.0,3028.801,2.651158,,,,,,
1780433469.370,1633785.0,3080.881,2.650174,,,,,,
1780433469.436,1633810.0,3132.804,2.649236,,,,,,
1780433469.437,1633835.0,3184.04,2.648243,,,,,,
1780433469.437,1633860.0,3234.91,2.64723,,,,,,
1780433469.499,1633885.0,3285.211,2.646127,,,,,,
1780433469.500,1633910.0,3335.158,2.645128,,,,,,
1780433469.563,1633935.0,3383.692,2.644029,,,,,,
1780433469.564,1633960.0,3430.696,2.642864,,,,,,
1780433469.564,1633985.0,3476.63,2.64176,,,,,,
1780433469.626,1634010.0,3522.397,2.64057,,,,,,
1780433469.626,1634035.0,3565.736,2.639316,,,,,,
1780433469.627,1634060.0,3606.208,2.638121,,,,,,
1780433469.689,1634085.0,3642.536,2.636967,,,,,,
1780433469.689,1634110.0,3667.645,2.636155,,,,,,
1780433469.753,1634135.0,3683.553,2.635506,,,,,,
1780433469.754,1634160.0,3693.064,2.635118,,,,,,
1780433469.754,1634185.0,3701.396,2.634808,,,,,,
1780433469.818,1634210.0,3701.676,2.634859,,,,,,
1780433469.818,1634235.0,3691.375,2.635457,,,,,,
1780433469.885,1634260.0,3678.734,2.635806,,,,,,
1780433469.886,1634285.0,3663.406,2.636544,,,,,,
1780433469.886,1634310.0,3646.692,2.637152,,,,,,
1780433469.948,1634335.0,3627.937,2.637817,,,,,,
1780433469.949,1634360.0,3606.188,2.63868,,,,,,
1780433470.012,1634385.0,3583.498,2.63955,,,,,,
1780433470.012,1634410.0,3557.404,2.640735,,,,,,
1780433470.013,1634435.0,3531.418,2.641888,,,,,,
1780433470.075,1634460.0,3493.339,2.643163,,,,,,
1780433470.076,1634485.0,3456.732,2.644399,,,,,,
1780433470.138,1634510.0,3420.738,2.645716,,,,,,
1780433470.139,1634535.0,3383.861,2.647031,,,,,,
1780433470.139,1634560.0,3345.361,2.648299,,,,,,
1780433470.201,1634585.0,3305.169,2.649541,,,,,,
1780433470.202,1634610.0,3270.859,2.650754,,,,,,
1780433470.202,1634635.0,3249.553,2.651866,,,,,,
1780433470.263,1634660.0,3225.039,2.652987,,,,,,
1780433470.264,1634685.0,3181.704,2.654111,,,,,,
1780433470.327,1634710.0,3140.269,2.655199,,,,,,
1780433470.327,1634735.0,3109.567,2.656075,,,,,,
1780433470.328,1634760.0,3102.621,2.656497,,,,,,
1780433470.391,1634785.0,3123.733,2.655458,,,,,,
1780433470.392,1634810.0,3146.154,2.654308,,,,,,
1780433470.439,1634835.0,3148.461,2.654168,,,,,,
1780433470.440,1634860.0,3134.289,2.654346,,,,,,
1780433470.501,1634885.0,3119.942,2.654589,,,,,,
1780433470.502,1634910.0,3119.916,2.654464,,,,,,
1780433470.502,1634935.0,3142.196,2.653717,,,,,,
1780433470.565,1634960.0,3169.094,2.652574,,,,,,
1780433470.566,1634985.0,3193.712,2.651416,,,,,,
1780433470.627,1635010.0,3196.688,2.651341,,,,,,
1780433470.627,1635035.0,3178.565,2.651151,,,,,,
1780433470.628,1635060.0,3166.863,2.651289,,,,,,
1780433470.692,1635085.0,3178.554,2.651153,,,,,,
1780433470.692,1635110.0,3211.208,2.650122,,,,,,
1780433470.756,1635135.0,3246.569,2.648853,,,,,,
1780433470.757,1635160.0,3276.454,2.647954,,,,,,
1780433470.757,1635185.0,3281.814,2.647956,,,,,,
1780433470.818,1635210.0,3286.896,2.648034,,,,,,
1780433470.819,1635235.0,3293.802,2.647857,,,,,,
1780433470.887,1635260.0,3318.032,2.646708,,,,,,
1780433470.888,1635285.0,3364.962,2.643848,,,,,,
1780433470.888,1635310.0,3425.823,2.641442,,,,,,
1780433470.930,1635335.0,3464.936,2.64049,,,,,,
1780433470.931,1635360.0,3453.576,2.640192,,,,,,
1780433470.953,1635385.0,3438.838,2.640398,,,,,,
1780433470.985,1635410.0,3404.659,2.64194,,,,,,
1780433471.008,1635435.0,3388.229,2.642947,,,,,,
1780433471.031,1635460.0,3402.38,2.642314,,,,,,
1780433471.054,1635485.0,3431.278,2.64146,,,,,,
1780433471.087,1635510.0,3446.732,2.64116,,,,,,
1780433471.109,1635535.0,3436.487,2.64139,,,,,,
1780433471.131,1635560.0,3406.265,2.642219,,,,,,
1780433471.154,1635585.0,3392.432,2.643013,,,,,,
1780433471.187,1635610.0,3409.52,2.641993,,,,,,
1780433471.209,1635635.0,3451.489,2.639492,,,,,,
1780433471.232,1635660.0,3499.309,2.638125,,,,,,
1780433471.254,1635685.0,3499.099,2.637927,,,,,,
1780433471.287,1635710.0,3491.167,2.638008,,,,,,
1780433471.311,1635735.0,3460.979,2.638972,,,,,,
1780433471.336,1635760.0,3438.952,2.640165,,,,,crack_output on,OK crack_output on
1780433471.397,1635785.0,3445.243,2.639818,,,,,,
1780433471.397,1635810.0,3481.285,2.638382,,,,,,
1780433471.460,1635835.0,3504.309,2.637753,,,,,,
1780433471.461,1635860.0,3495.603,2.637803,,,,,,
1780433471.462,1635885.0,3457.063,2.639178,,,,,,
1780433471.524,1635910.0,3411.944,2.642039,,,,,,
1780433471.525,1635935.0,3399.444,2.643079,,,,,,
1780433471.581,1635960.0,3413.088,2.642097,,,,,,
1780433471.581,1635985.0,3470.372,2.64061,,,,,,
1780433471.582,1636010.0,3479.69,2.640393,,,,,,
1780433471.643,1636035.0,3477.954,2.640374,,,,,,
1780433471.644,1636060.0,3456.573,2.640916,,,,,,
1780433471.706,1636085.0,3434.013,2.641877,,,,,,
1780433471.707,1636110.0,3428.373,2.64204,,,,,,
1780433471.707,1636135.0,3447.063,2.641281,,,,,,
1780433471.776,1636160.0,3472.693,2.640564,,,,,,
1780433471.777,1636185.0,3474.003,2.640836,,,,,,
1780433471.778,1636210.0,3452.753,2.641339,,,,,,
1780433471.841,1636235.0,3408.606,2.643701,,,,,,
1780433471.851,1636260.0,3391.429,2.645147,,,,,,
1780433471.914,1636285.0,3399.843,2.644744,,,,,,
1780433471.915,1636310.0,3446.256,2.643076,,,,,,
1780433471.916,1636335.0,3480.929,2.641888,,,,,,
1780433471.962,1636360.0,3466.35,2.641872,,,,,,
1780433471.963,1636385.0,3454.891,2.642054,,,,,,
1780433472.023,1636410.0,3424.166,2.643278,,,,,,
1780433472.024,1636435.0,3403.979,2.644582,,,,,,
1780433472.092,1636460.0,3416.553,2.643884,,,,,,
1780433472.093,1636485.0,3449.763,2.642966,,,,,,
1780433472.093,1636510.0,3455.031,2.643,,,,,,
1780433472.152,1636535.0,3447.374,2.643123,,,,,,
1780433472.153,1636560.0,3412.893,2.644739,,,,,,
1780433472.155,1636585.0,3392.047,2.646201,,,,,,
1780433472.214,1636610.0,3394.219,2.646116,,,,,,
1780433472.215,1636635.0,3425.008,2.644803,,,,,,
1780433472.277,1636660.0,3461.241,2.643322,,,,,,
1780433472.278,1636685.0,3472.126,2.643175,,,,,,
1780433472.278,1636710.0,3464.561,2.643408,,,,,,
1780433472.330,1636735.0,3441.495,2.644303,,,,,,
1780433472.331,1636760.0,3421.444,2.645327,,,,,,
1780433472.398,1636785.0,3430.164,2.644945,,,,,,
1780433472.399,1636810.0,3461.961,2.643544,,,,,,
1780433472.461,1636835.0,3477.067,2.643362,,,,,,
1780433472.462,1636860.0,3474.683,2.6434,,,,,,
1780433472.462,1636885.0,3439.403,2.644749,,,,,,
1780433472.525,1636910.0,3401.016,2.646789,,,,,,
1780433472.525,1636935.0,3383.8,2.64801,,,,,,
1780433472.591,1636960.0,3383.571,2.648076,,,,,,
1780433472.593,1636985.0,3426.22,2.647341,,,,,,
1780433472.594,1637010.0,3444.357,2.646942,,,,,,
1780433472.655,1637035.0,3429.338,2.64678,,,,,,
1780433472.657,1637060.0,3411.149,2.646939,,,,,,
1780433472.658,1637085.0,3382.597,2.648309,,,,,,
1780433472.708,1637110.0,3377.263,2.648649,,,,,,
1780433472.709,1637135.0,3409.571,2.647248,,,,,,
1780433472.774,1637160.0,3435.328,2.646399,,,,,,
1780433472.775,1637185.0,3439.348,2.646281,,,,,,
1780433472.838,1637210.0,3413.677,2.64688,,,,,,
1780433472.839,1637235.0,3370.309,2.648807,,,,,,
1780433472.840,1637260.0,3350.676,2.649929,,,,,,
1780433472.901,1637285.0,3351.649,2.649781,,,,,,
1780433472.901,1637310.0,3374.844,2.648788,,,,,,
1780433472.902,1637335.0,3397.12,2.648129,,,,,,
1780433472.957,1637360.0,3382.56,2.647716,,,,,,
1780433472.957,1637385.0,3369.149,2.647815,,,,,,
1780433473.028,1637410.0,3337.928,2.648917,,,,,,
1780433473.029,1637435.0,3323.497,2.649757,,,,,,
1780433473.029,1637460.0,3340.445,2.648846,,,,,,
1780433473.089,1637485.0,3365.198,2.647752,,,,,,
1780433473.089,1637510.0,3367.389,2.647637,,,,,,
1780433473.155,1637535.0,3367.234,2.647551,,,,,,
1780433473.156,1637560.0,3347.87,2.64827,,,,,,
1780433473.156,1637585.0,3332.314,2.649035,,,,,,
1780433473.221,1637610.0,3340.487,2.648548,,,,,,
1780433473.222,1637635.0,3356.383,2.647548,,,,,,
1780433473.291,1637660.0,3394.999,2.646943,,,,,,
1780433473.292,1637685.0,3403.385,2.646726,,,,,,
1780433473.292,1637710.0,3392.989,2.646618,,,,,,
1780433473.338,1637735.0,3367.033,2.647288,,,,,,
1780433473.339,1637760.0,3345.571,2.648434,,,,,,
1780433473.397,1637785.0,3351.959,2.647927,,,,,,
1780433473.397,1637810.0,3376.674,2.646744,,,,,,
1780433473.455,1637835.0,3396.226,2.646322,,,,,,
1780433473.455,1637860.0,3397.155,2.646182,,,,,,
1780433473.456,1637885.0,3375.162,2.646771,,,,,,
1780433473.524,1637910.0,3350.336,2.648088,,,,,,
1780433473.524,1637935.0,3350.557,2.647888,,,,,,
1780433473.588,1637960.0,3364.486,2.646937,,,,,,
1780433473.589,1637985.0,3412.469,2.645864,,,,,,
1780433473.589,1638010.0,3439.571,2.645112,,,,,,
1780433473.653,1638035.0,3422.344,2.644828,,,,,,
1780433473.653,1638060.0,3405.192,2.645196,,,,,,
1780433473.654,1638085.0,3380.88,2.646133,,,,,,
1780433473.715,1638110.0,3378.073,2.646278,,,,,,
1780433473.716,1638135.0,3408.428,2.645161,,,,,,
1780433473.771,1638160.0,3427.852,2.644431,,,,,,
1780433473.772,1638185.0,3422.926,2.644423,,,,,,
1780433473.843,1638210.0,3403.453,2.644819,,,,,,
1780433473.843,1638235.0,3373.522,2.646052,,,,,,
1780433473.844,1638260.0,3372.164,2.646177,,,,,,
1780433473.905,1638285.0,3405.94,2.643576,,,,,,
1780433473.905,1638310.0,3452.636,2.641022,,,,,,
1780433473.905,1638335.0,3492.913,2.639509,,,,,,
1780433473.970,1638360.0,3479.883,2.639167,,,,,,
1780433473.970,1638385.0,3469.02,2.639295,,,,,,
1780433474.022,1638410.0,3437.47,2.64061,,,,,,
1780433474.023,1638435.0,3423.282,2.641381,,,,,,
1780433474.083,1638460.0,3441.256,2.640316,,,,,,
1780433474.084,1638485.0,3471.542,2.639211,,,,,,
1780433474.084,1638510.0,3476.658,2.639029,,,,,,
1780433474.145,1638535.0,3466.676,2.639298,,,,,,
1780433474.146,1638560.0,3435.578,2.640622,,,,,,
1780433474.209,1638585.0,3429.476,2.641044,,,,,,
1780433474.209,1638610.0,3451.754,2.639341,,,,,,
1780433474.210,1638635.0,3482.58,2.637176,,,,,,
1780433474.272,1638660.0,3541.438,2.635368,,,,,,
1780433474.272,1638685.0,3535.981,2.635262,,,,,,
1780433474.335,1638710.0,3531.461,2.635264,,,,,,
1780433474.336,1638735.0,3507.541,2.636132,,,,,,
1780433474.337,1638760.0,3486.111,2.637019,,,,,,
1780433474.399,1638785.0,3490.01,2.636827,,,,,,
1780433474.400,1638810.0,3521.41,2.635664,,,,,,
1780433474.463,1638835.0,3537.606,2.635423,,,,,,
1780433474.463,1638860.0,3535.948,2.63538,,,,,,
1780433474.464,1638885.0,3506.075,2.636491,,,,,,
1780433474.524,1638910.0,3471.899,2.639075,,,,,,
1780433474.524,1638935.0,3467.35,2.639574,,,,,,
1780433474.589,1638960.0,3485.925,2.638268,,,,,,
1780433474.589,1638985.0,3551.111,2.636025,,,,,,
1780433474.590,1639010.0,3569.25,2.635378,,,,,,
1780433474.654,1639035.0,3561.56,2.635528,,,,,,
1780433474.655,1639060.0,3546.389,2.635977,,,,,,
1780433474.655,1639085.0,3519.266,2.637186,,,,,,
1780433474.720,1639110.0,3518.844,2.637309,,,,,,
1780433474.720,1639135.0,3548.314,2.636062,,,,,,
1780433474.771,1639160.0,3575.394,2.634965,,,,,,
1780433474.772,1639185.0,3573.293,2.634923,,,,,,
1780433474.830,1639210.0,3545.649,2.635917,,,,,,
1780433474.831,1639235.0,3497.299,2.638802,,,,,,
1780433474.831,1639260.0,3484.717,2.639854,,,,,,
1780433474.893,1639285.0,3503.536,2.638369,,,,,,
1780433474.893,1639310.0,3562.981,2.63553,,,,,,
1780433474.956,1639335.0,3591.322,2.634463,,,,,,
1780433474.957,1639360.0,3578.526,2.634172,,,,,,
1780433474.957,1639385.0,3570.728,2.634336,,,,,,
1780433475.025,1639410.0,3546.269,2.635195,,,,,,
1780433475.025,1639435.0,3536.659,2.63557,,,,,,
1780433475.088,1639460.0,3555.623,2.634476,,,,,,
1780433475.089,1639485.0,3584.443,2.633278,,,,,,
1780433475.090,1639510.0,3587.911,2.633187,,,,,,
1780433475.152,1639535.0,3563.93,2.633939,,,,,,
1780433475.152,1639560.0,3516.642,2.636048,,,,,,
1780433475.153,1639585.0,3491.977,2.63791,,,,,,
1780433475.214,1639610.0,3501.412,2.636958,,,,,,
1780433475.214,1639635.0,3539.698,2.634251,,,,,,
1780433475.272,1639660.0,3584.295,2.632449,,,,,,
1780433475.272,1639685.0,3586.596,2.632304,,,,,,
1780433475.338,1639710.0,3574.792,2.632469,,,,,,
1780433475.338,1639735.0,3545.64,2.633505,,,,,,
1780433475.339,1639760.0,3527.395,2.634523,,,,,,
1780433475.397,1639785.0,3531.635,2.634236,,,,,,
1780433475.398,1639810.0,3567.722,2.632792,,,,,,
1780433475.462,1639835.0,3582.558,2.632306,,,,,,
1780433475.463,1639860.0,3576.813,2.632404,,,,,,
1780433475.463,1639885.0,3532.979,2.634218,,,,,,
1780433475.524,1639910.0,3498.229,2.636952,,,,,,
1780433475.525,1639935.0,3497.837,2.637066,,,,,,
1780433475.587,1639960.0,3526.669,2.63483,,,,,,
1780433475.588,1639985.0,3586.383,2.632714,,,,,,
1780433475.589,1640010.0,3600.059,2.632299,,,,,,
1780433475.652,1640035.0,3587.093,2.632294,,,,,,
1780433475.653,1640060.0,3565.729,2.632959,,,,,,
1780433475.654,1640085.0,3538.832,2.634246,,,,,,
1780433475.707,1640110.0,3517.443,2.635389,,,,,,
1780433475.707,1640135.0,3529.086,2.635175,,,,,,
1780433475.771,1640160.0,3538.545,2.635051,,,,,,
1780433475.771,1640185.0,3542.318,2.635264,,,,,,
1780433475.841,1640210.0,3514.607,2.63629,,,,,,
1780433475.842,1640235.0,3458.097,2.639786,,,,,,
1780433475.842,1640260.0,3442.594,2.641409,,,,,,
1780433475.905,1640285.0,3468.587,2.639217,,,,,,
1780433475.906,1640310.0,3520.78,2.636301,,,,,,
1780433475.907,1640335.0,3549.932,2.635746,,,,,,
1780433475.967,1640360.0,3535.188,2.635632,,,,,,
1780433475.967,1640385.0,3521.909,2.635935,,,,,,
1780433476.022,1640410.0,3488.913,2.637545,,,,,,
1780433476.023,1640435.0,3466.373,2.638867,,,,,,
1780433476.093,1640460.0,3462.246,2.639404,,,,,,
1780433476.093,1640485.0,3473.974,2.639414,,,,,,
1780433476.094,1640510.0,3486.082,2.639835,,,,,,
1780433476.154,1640535.0,3458.442,2.641115,,,,,,
1780433476.155,1640560.0,3404.602,2.64454,,,,,,
1780433476.156,1640585.0,3377.18,2.647314,,,,,,
1780433476.206,1640610.0,3390.915,2.646491,,,,,,
1780433476.207,1640635.0,3433.22,2.643959,,,,,,
1780433476.271,1640660.0,3481.652,2.642617,,,,,,
1780433476.272,1640685.0,3474.155,2.643108,,,,,,
1780433476.334,1640710.0,3469.279,2.643607,,,,,,
1780433476.335,1640735.0,3457.93,2.64428,,,,,,
1780433476.335,1640760.0,3446.578,2.645067,,,,,,
1780433476.397,1640785.0,3457.306,2.645141,,,,,,
1780433476.398,1640810.0,3471.068,2.645246,,,,,,
1780433476.459,1640835.0,3485.456,2.64555,,,,,,
1780433476.460,1640860.0,3487.045,2.646141,,,,,,
1780433476.460,1640885.0,3441.747,2.648624,,,,,,
1780433476.522,1640910.0,3403.785,2.652265,,,,,,
1780433476.522,1640935.0,3394.833,2.653354,,,,,,
1780433476.589,1640960.0,3426.037,2.651367,,,,,,
1780433476.589,1640985.0,3492.475,2.649214,,,,,,
1780433476.590,1641010.0,3504.09,2.649528,,,,,,
1780433476.650,1641035.0,3497.086,2.650261,,,,,,
1780433476.650,1641060.0,3480.081,2.651391,,,,,,
1780433476.714,1641085.0,3468.551,2.652237,,,,,,
1780433476.714,1641110.0,3461.45,2.652982,,,,,,
1780433476.715,1641135.0,3457.058,2.653334,,,,,,
1780433476.772,1641160.0,3462.648,2.653676,,,,,,
1780433476.772,1641185.0,3462.389,2.654015,,,,,,
1780433476.844,1641210.0,3428.53,2.655478,,,,,,
1780433476.845,1641235.0,3367.983,2.659463,,,,,,
1780433476.846,1641260.0,3351.173,2.661189,,,,,,
1780433476.904,1641285.0,3364.347,2.660239,,,,,,
1780433476.905,1641310.0,3420.668,2.657881,,,,,,
1780433476.905,1641335.0,3441.194,2.65748,,,,,,
1780433476.972,1641360.0,3424.284,2.657743,,,,,,
1780433476.973,1641385.0,3413.95,2.658001,,,,,,
1780433477.041,1641410.0,3389.049,2.658901,,,,,,
1780433477.041,1641435.0,3387.125,2.658926,,,,,,
1780433477.042,1641460.0,3385.587,2.658841,,,,,,
1780433477.104,1641485.0,3392.936,2.658556,,,,,,
1780433477.104,1641510.0,3405.224,2.65827,,,,,,
1780433477.105,1641535.0,3374.901,2.659125,,,,,,
1780433477.172,1641560.0,3326.945,2.66167,,,,,,
1780433477.173,1641585.0,3287.321,2.664366,,,,,,
1780433477.237,1641610.0,3287.023,2.664177,,,,,,
1780433477.238,1641635.0,3326.651,2.661449,,,,,,
1780433477.238,1641660.0,3365.714,2.65965,,,,,,
1780433477.288,1641685.0,3355.468,2.659004,,,,,,
1780433477.289,1641710.0,3348.472,2.658687,,,,,,
1780433477.358,1641735.0,3337.643,2.658434,,,,,,
1780433477.360,1641760.0,3341.261,2.657909,,,,,,
1780433477.362,1641785.0,3345.925,2.657344,,,,,,
1780433477.440,1641810.0,3354.789,2.656608,,,,,,
1780433477.440,1641835.0,3365.088,2.655844,,,,,,
1780433477.441,1641860.0,3369.467,2.655226,,,,,,
1780433477.491,1641885.0,3330.591,2.656624,,,,,,
1780433477.492,1641910.0,3288.081,2.658984,,,,,,
1780433477.556,1641935.0,3280.816,2.659178,,,,,,
1780433477.557,1641960.0,3318.51,2.655848,,,,,,
1780433477.557,1641985.0,3372.211,2.653674,,,,,,
1780433477.620,1642010.0,3381.057,2.653059,,,,,,
1780433477.621,1642035.0,3376.929,2.652313,,,,,,
1780433477.687,1642060.0,3353.771,2.652216,,,,,,
1780433477.687,1642085.0,3336.606,2.652079,,,,,,
1780433477.688,1642110.0,3322.741,2.651899,,,,,,
1780433477.738,1642135.0,3312.014,2.651599,,,,,,
1780433477.738,1642160.0,3313.114,2.651017,,,,,,
1780433477.807,1642185.0,3310.171,2.650437,,,,,,
1780433477.807,1642210.0,3286.824,2.650394,,,,,,
1780433477.808,1642235.0,3237.346,2.652818,,,,,,
1780433477.871,1642260.0,3225.496,2.653386,,,,,,
1780433477.872,1642285.0,3248.977,2.651208,,,,,,
1780433477.942,1642310.0,3311.352,2.648473,,,,,,
1780433477.943,1642335.0,3341.404,2.647126,,,,,,
1780433477.944,1642360.0,3330.459,2.64632,,,,,,
1780433478.004,1642385.0,3311.582,2.646062,,,,,,
1780433478.005,1642410.0,3296.86,2.645762,,,,,,
1780433478.005,1642435.0,3284.449,2.645569,,,,,,
1780433478.054,1642460.0,3286.662,2.645454,,,,,,
1780433478.055,1642485.0,3291.399,2.645262,,,,,,
1780433478.104,1642510.0,3294.597,2.645119,,,,,,
1780433478.105,1642535.0,3283.778,2.645111,,,,,,
1780433478.170,1642560.0,3239.886,2.646812,,,,,,
1780433478.170,1642585.0,3214.718,2.64879,,,,,,
1780433478.221,1642610.0,3235.511,2.647124,,,,,,
1780433478.222,1642635.0,3282.981,2.644333,,,,,,
1780433478.297,1642660.0,3320.798,2.643101,,,,,,
1780433478.297,1642685.0,3322.66,2.642817,,,,,,
1780433478.298,1642710.0,3323.098,2.642689,,,,,,
1780433478.356,1642735.0,3320.037,2.642539,,,,,,
1780433478.357,1642760.0,3321.384,2.642277,,,,,,
1780433478.359,1642785.0,3326.136,2.642202,,,,,,
1780433478.420,1642810.0,3331.403,2.642237,,,,,,
1780433478.420,1642835.0,3338.905,2.642266,,,,,,
1780433478.487,1642860.0,3330.886,2.642251,,,,,,
1780433478.488,1642885.0,3285.704,2.643956,,,,,,
1780433478.488,1642910.0,3240.12,2.64667,,,,,,
1780433478.555,1642935.0,3244.226,2.646301,,,,,,
1780433478.556,1642960.0,3274.997,2.644156,,,,,,
1780433478.557,1642985.0,3331.397,2.642643,,,,,,
1780433478.605,1643010.0,3345.22,2.642525,,,,,,
1780433478.605,1643035.0,3352.67,2.642441,,,,,,
1780433478.663,1643060.0,3351.517,2.642387,,,,,,
1780433478.674,1643085.0,3344.177,2.642283,,,,,,
1780433478.726,1643110.0,3338.719,2.642291,,,,,,
1780433478.726,1643135.0,3337.711,2.64232,,,,,,
1780433478.788,1643160.0,3341.673,2.642346,,,,,,
1780433478.788,1643185.0,3344.739,2.642367,,,,,,
1780433478.789,1643210.0,3304.846,2.643634,,,,,,
1780433478.853,1643235.0,3255.097,2.646637,,,,,,
1780433478.853,1643260.0,3245.115,2.647486,,,,,,
1780433478.854,1643285.0,3275.842,2.645107,,,,,,
1780433478.915,1643310.0,3326.135,2.643267,,,,,,
1780433478.916,1643335.0,3342.951,2.642973,,,,,,
1780433478.979,1643360.0,3336.029,2.64292,,,,,,
1780433478.979,1643385.0,3332.234,2.643111,,,,,,
1780433478.980,1643410.0,3327.097,2.643169,,,,,,
1780433479.043,1643435.0,3335.687,2.642908,,,,,,
1780433479.044,1643460.0,3346.645,2.642614,,,,,,
1780433479.108,1643485.0,3362.995,2.642445,,,,,,
1780433479.110,1643510.0,3376.603,2.642412,,,,,,
1780433479.111,1643535.0,3368.645,2.642753,,,,,,
1780433479.171,1643560.0,3316.438,2.645592,,,,,,
1780433479.172,1643585.0,3280.961,2.648169,,,,,,
1780433479.238,1643610.0,3301.67,2.646539,,,,,,
1780433479.238,1643635.0,3347.358,2.64413,,,,,,
1780433479.239,1643660.0,3369.376,2.643554,,,,,,
1780433479.288,1643685.0,3363.701,2.643523,,,,,,
1780433479.288,1643710.0,3355.889,2.64371,,,,,,
1780433479.345,1643735.0,3345.662,2.643686,,,,,,
1780433479.345,1643760.0,3339.633,2.643608,,,,,,
1780433479.408,1643785.0,3336.851,2.643631,,,,,,
1780433479.409,1643810.0,3337.042,2.643706,,,,,,
1780433479.409,1643835.0,3341.027,2.643716,,,,,,
1780433479.471,1643860.0,3327.3,2.643792,,,,,,
1780433479.471,1643885.0,3279.796,2.645648,,,,,,
1780433479.535,1643910.0,3233.301,2.64887,,,,,,
1780433479.536,1643935.0,3243.823,2.647871,,,,,,
1780433479.536,1643960.0,3285.667,2.645034,,,,,,
1780433479.599,1643985.0,3330.869,2.643766,,,,,,
1780433479.600,1644010.0,3337.397,2.643564,,,,,,
1780433479.661,1644035.0,3338.521,2.643498,,,,,,
1780433479.661,1644060.0,3322.187,2.643795,,,,,,
1780433479.662,1644085.0,3309.212,2.644022,,,,,,
1780433479.723,1644110.0,3297.458,2.644286,,,,,,
1780433479.724,1644135.0,3288.641,2.644488,,,,,,
1780433479.787,1644160.0,3285.681,2.644433,,,,,,
1780433479.787,1644185.0,3282.936,2.644318,,,,,,
1780433479.788,1644210.0,3257.708,2.644679,,,,,,
1780433479.850,1644235.0,3204.093,2.647982,,,,,,
1780433479.851,1644260.0,3191.828,2.648952,,,,,,
1780433479.916,1644285.0,3226.462,2.646232,,,,,,
1780433479.918,1644310.0,3290.792,2.643523,,,,,,
1780433479.919,1644335.0,3332.701,2.641823,,,,,,
1780433479.988,1644360.0,3321.352,2.641529,,,,,,
1780433479.989,1644385.0,3319.329,2.641467,,,,,,
1780433479.990,1644410.0,3319.053,2.641416,,,,,,
1780433480.056,1644435.0,3340.056,2.640733,,,,,,
1780433480.057,1644460.0,3380.494,2.639089,,,,,,
1780433480.058,1644485.0,3425.127,2.637516,,,,,,
1780433480.119,1644510.0,3430.516,2.637378,,,,,,
1780433480.120,1644535.0,3419.625,2.637645,,,,,,
1780433480.170,1644560.0,3367.311,2.64075,,,,,,
1780433480.171,1644585.0,3339.784,2.643032,,,,,,
1780433480.220,1644610.0,3359.272,2.641736,,,,,,
1780433480.221,1644635.0,3407.886,2.639149,,,,,,
1780433480.297,1644660.0,3433.079,2.638571,,,,,,
1780433480.297,1644685.0,3426.096,2.638279,,,,,,
1780433480.298,1644710.0,3424.7,2.638295,,,,,,
1780433480.353,1644735.0,3423.423,2.638276,,,,,,
1780433480.354,1644760.0,3437.169,2.638097,,,,,,
1780433480.354,1644785.0,3474.854,2.636597,,,,,,
1780433480.408,1644810.0,3517.475,2.634856,,,,,,
1780433480.408,1644835.0,3551.703,2.633892,,,,,,
1780433480.474,1644860.0,3545.376,2.634158,,,,,,
1780433480.475,1644885.0,3509.109,2.636032,,,,,,
1780433480.539,1644910.0,3466.531,2.639461,,,,,,
1780433480.539,1644935.0,3462.796,2.639996,,,,,,
1780433480.540,1644960.0,3478.418,2.639147,,,,,,
1780433480.602,1644985.0,3532.782,2.638076,,,,,,
1780433480.603,1645010.0,3536.913,2.638178,,,,,,
1780433480.604,1645035.0,3525.673,2.638332,,,,,,
1780433480.664,1645060.0,3502.971,2.639117,,,,,,
1780433480.665,1645085.0,3470.963,2.64093,,,,,,
1780433480.723,1645110.0,3461.701,2.641729,,,,,,
1780433480.724,1645135.0,3503.544,2.640228,,,,,,
1780433480.787,1645160.0,3535.313,2.63912,,,,,,
1780433480.787,1645185.0,3525.411,2.639653,,,,,,
1780433480.788,1645210.0,3494.186,2.64105,,,,,,
1780433480.855,1645235.0,3445.579,2.644272,,,,,,
1780433480.856,1645260.0,3432.73,2.645956,,,,,,
1780433480.856,1645285.0,3461.56,2.644242,,,,,,
1780433480.920,1645310.0,3520.008,2.642779,,,,,,
1780433480.921,1645335.0,3542.206,2.642789,,,,,,
1780433480.986,1645360.0,3526.581,2.643204,,,,,,
1780433480.987,1645385.0,3504.772,2.644037,,,,,,
1780433480.988,1645410.0,3457.292,2.646179,,,,,,
1780433481.037,1645435.0,3432.184,2.648361,,,,,,
1780433481.038,1645460.0,3424.628,2.649619,,,,,,
1780433481.107,1645485.0,3444.036,2.649935,,,,,,
1780433481.108,1645510.0,3457.376,2.650688,,,,,,
1780433481.109,1645535.0,3435.803,2.652481,,,,,,
1780433481.169,1645560.0,3382.059,2.656562,,,,,,
1780433481.170,1645585.0,3356.784,2.659544,,,,,,
1780433481.233,1645610.0,3369.38,2.659579,,,,,,
1780433481.234,1645635.0,3417.558,2.658328,,,,,,
1780433481.235,1645660.0,3453.284,2.658898,,,,,,
1780433481.287,1645685.0,3440.045,2.660414,,,,,,
1780433481.287,1645710.0,3423.948,2.662219,,,,,,
1780433481.351,1645735.0,3388.377,2.665003,,,,,,
1780433481.352,1645760.0,3359.653,2.668233,,,,,,
1780433481.352,1645785.0,3337.156,2.670878,,,,,,
1780433481.414,1645810.0,3352.727,2.672003,,,,,,
1780433481.414,1645835.0,3365.698,2.67324,,,,,,
1780433481.471,1645860.0,3362.953,2.6747,,,,,,
1780433481.472,1645885.0,3315.623,2.678056,,,,,,
1780433481.539,1645910.0,3270.435,2.68226,,,,,,
1780433481.540,1645935.0,3274.414,2.682619,,,,,,
1780433481.540,1645960.0,3307.854,2.681199,,,,,,
1780433481.607,1645985.0,3361.151,2.680772,,,,,,
1780433481.608,1646010.0,3371.927,2.68196,,,,,,
1780433481.609,1646035.0,3383.865,2.683456,,,,,,
1780433481.669,1646060.0,3366.539,2.68532,,,,,,
1780433481.670,1646085.0,3349.444,2.687094,,,,,,
1780433481.740,1646110.0,3344.065,2.688124,,,,,,
1780433481.740,1646135.0,3343.324,2.688608,,,,,,
1780433481.741,1646160.0,3362.313,2.688371,,,,,,
1780433481.804,1646185.0,3374.703,2.688069,,,,,,
1780433481.804,1646210.0,3333.234,2.689541,,,,,,
1780433481.805,1646235.0,3290.462,2.692514,,,,,,
1780433481.854,1646260.0,3284.647,2.693105,,,,,,
1780433481.854,1646285.0,3311.792,2.690676,,,,,,
1780433481.924,1646310.0,3368.585,2.688277,,,,,,
1780433481.925,1646335.0,3389.905,2.68774,,,,,,
1780433481.989,1646360.0,3378.583,2.687536,,,,,,
1780433481.989,1646385.0,3359.022,2.687946,,,,,,
1780433481.990,1646410.0,3340.145,2.68829,,,,,,
1780433482.053,1646435.0,3327.712,2.688341,,,,,,
1780433482.054,1646460.0,3317.024,2.688142,,,,,,
1780433482.055,1646485.0,3314.048,2.687427,,,,,,
1780433482.120,1646510.0,3318.945,2.686393,,,,,,
1780433482.120,1646535.0,3306.033,2.6858,,,,,,
1780433482.187,1646560.0,3247.447,2.688371,,,,,,
1780433482.188,1646585.0,3202.845,2.690775,,,,,,
1780433482.188,1646610.0,3210.378,2.689403,,,,,,
1780433482.242,1646635.0,3247.553,2.68638,,,,,,
1780433482.242,1646660.0,3284.851,2.683184,,,,,,
1780433482.305,1646685.0,3274.003,2.681909,,,,,,
1780433482.306,1646710.0,3266.611,2.6809,,,,,,
1780433482.307,1646735.0,3243.357,2.680417,,,,,,
1780433482.369,1646760.0,3221.469,2.679796,,,,,,
1780433482.369,1646785.0,3202.761,2.679036,,,,,,
1780433482.435,1646810.0,3188.801,2.678226,,,,,,
1780433482.436,1646835.0,3197.257,2.676801,,,,,,
1780433482.438,1646860.0,3182.752,2.675645,,,,,,
1780433482.522,1646885.0,3128.773,2.676828,,,,,,
1780433482.522,1646910.0,3081.538,2.678959,,,,,,
1780433482.523,1646935.0,3056.621,2.679571,,,,,,
1780433482.587,1646960.0,3082.266,2.676959,,,,,,
1780433482.587,1646985.0,3128.613,2.674402,,,,,,
1780433482.588,1647010.0,3149.949,2.672274,,,,,,
1780433482.636,1647035.0,3141.641,2.670424,,,,,,
1780433482.637,1647060.0,3140.625,2.66889,,,,,,
1780433482.686,1647085.0,3137.471,2.667454,,,,,,
1780433482.687,1647110.0,3138.378,2.666402,,,,,,
1780433482.736,1647135.0,3141.614,2.665328,,,,,,
1780433482.737,1647160.0,3145.761,2.664251,,,,,,
1780433482.800,1647185.0,3151.241,2.663175,,,,,,
1780433482.800,1647210.0,3135.035,2.662129,,,,,,
1780433482.863,1647235.0,3086.499,2.663573,,,,,,
1780433482.863,1647260.0,3048.74,2.664919,,,,,,
1780433482.864,1647285.0,3053.81,2.66399,,,,,,
1780433482.927,1647310.0,3112.302,2.660797,,,,,,
1780433482.927,1647335.0,3138.882,2.659019,,,,,,
1780433482.928,1647360.0,3134.138,2.657819,,,,,,
1780433482.987,1647385.0,3132.51,2.656868,,,,,,
1780433482.987,1647410.0,3132.646,2.656048,,,,,,
1780433483.055,1647435.0,3139.057,2.655487,,,,,,
1780433483.055,1647460.0,3166.071,2.654355,,,,,,
1780433483.056,1647485.0,3196.673,2.653225,,,,,,
1780433483.121,1647510.0,3225.085,2.652304,,,,,,
1780433483.121,1647535.0,3217.371,2.651798,,,,,,
1780433483.175,1647560.0,3200.179,2.65191,,,,,,
1780433483.176,1647585.0,3187.499,2.652488,,,,,,
1780433483.239,1647610.0,3201.367,2.651438,,,,,,
1780433483.239,1647635.0,3228.973,2.649735,,,,,,
1780433483.240,1647660.0,3271.644,2.648609,,,,,,
1780433483.303,1647685.0,3267.156,2.648231,,,,,,
1780433483.304,1647710.0,3261.904,2.647946,,,,,,
1780433483.304,1647735.0,3253.626,2.647496,,,,,,
1780433483.373,1647760.0,3248.046,2.647296,,,,,,
1780433483.373,1647785.0,3246.644,2.647182,,,,,,
1780433483.438,1647810.0,3247.064,2.64706,,,,,,
1780433483.439,1647835.0,3251.031,2.647072,,,,,,
1780433483.439,1647860.0,3251.523,2.647058,,,,,,
1780433483.498,1647885.0,3242.604,2.646787,,,,,,
1780433483.499,1647910.0,3205.519,2.648579,,,,,,
1780433483.553,1647935.0,3201.957,2.648932,,,,,,
1780433483.553,1647960.0,3226.911,2.647371,,,,,,
1780433483.553,1647985.0,3272.937,2.646226,,,,,,
1780433483.621,1648010.0,3286.028,2.64619,,,,,,
1780433483.622,1648035.0,3284.264,2.646186,,,,,,
1780433483.682,1648060.0,3274.843,2.646064,,,,,,
1780433483.683,1648085.0,3253.729,2.646652,,,,,,
1780433483.684,1648110.0,3233.254,2.647178,,,,,,
1780433483.736,1648135.0,3217.552,2.647519,,,,,,
1780433483.736,1648160.0,3220.748,2.647633,,,,,,
1780433483.813,1648185.0,3218.723,2.647569,,,,,,
1780433483.814,1648210.0,3189.122,2.648125,,,,,,
1780433483.814,1648235.0,3156.521,2.64982,,,,,,
1780433483.871,1648260.0,3142.935,2.650654,,,,,,
1780433483.872,1648285.0,3163.01,2.649432,,,,,,
1780433483.935,1648310.0,3217.204,2.647354,,,,,,
1780433483.936,1648335.0,3233.75,2.64723,,,,,,
1780433483.936,1648360.0,3226.588,2.647131,,,,,,
1780433483.991,1648385.0,3223.389,2.647027,,,,,,
1780433483.991,1648410.0,3213.182,2.646763,,,,,,
1780433484.055,1648435.0,3203.321,2.646529,,,,,,
1780433484.056,1648460.0,3195.021,2.646233,,,,,,
1780433484.057,1648485.0,3186.98,2.64599,,,,,,
1780433484.123,1648510.0,3181.196,2.645868,,,,,,
1780433484.124,1648535.0,3161.394,2.645907,,,,,,
1780433484.190,1648560.0,3106.847,2.647605,,,,,,
1780433484.192,1648585.0,3046.034,2.649757,,,,,,
1780433484.193,1648610.0,3001.25,2.650924,,,,,,
1780433484.254,1648635.0,2984.989,2.650853,,,,,,
1780433484.255,1648660.0,2979.818,2.650683,,,,,,
1780433484.255,1648685.0,2975.106,2.650507,,,,,,
1780433484.303,1648710.0,2962.304,2.650347,,,,,,
1780433484.303,1648735.0,2947.694,2.65032,,,,,,
1780433484.372,1648760.0,2933.324,2.650223,,,,,,
1780433484.372,1648785.0,2920.096,2.650055,,,,,,
1780433484.435,1648810.0,2909.113,2.649888,,,,,,
1780433484.435,1648835.0,2901.634,2.649741,,,,,,
1780433484.436,1648860.0,2879.942,2.64967,,,,,,
1780433484.499,1648885.0,2839.706,2.650459,,,,,,
1780433484.500,1648910.0,2779.831,2.652612,,,,,,
1780433484.553,1648935.0,2722.338,2.654621,,,,,,
1780433484.553,1648960.0,2702.956,2.65467,,,,,,
1780433484.554,1648985.0,2706.129,2.654771,,,,,,
1780433484.626,1649010.0,2702.419,2.654692,,,,,,
1780433484.626,1649035.0,2702.321,2.654721,,,,,,
1780433484.627,1649060.0,2702.292,2.654729,,,,,,
1780433484.686,1649085.0,2702.292,2.654857,,,,,,
1780433484.686,1649110.0,2702.254,2.654868,,,,,,
1780433484.736,1649135.0,2702.225,2.654877,,,,,,
1780433484.737,1649160.0,2702.254,2.65474,,,,,,
1780433484.800,1649185.0,2702.237,2.654745,,,,,,
1780433484.800,1649210.0,2702.209,2.654753,,,,,,
1780433484.863,1649235.0,2702.236,2.654745,,,,,,
1780433484.864,1649260.0,2702.23,2.654747,,,,,,
1780433484.864,1649285.0,2702.239,2.654745,,,,,,
1780433484.931,1649310.0,2702.236,2.654617,,,,,,
1780433484.931,1649335.0,2702.143,2.654644,,,,,,
1780433484.932,1649360.0,2702.209,2.654496,,,,,,
1780433484.995,1649385.0,2702.214,2.654495,,,,,,
1780433484.995,1649410.0,2702.258,2.654482,,,,,,
1780433485.052,1649435.0,2702.294,2.654471,,,,,,
1780433485.052,1649460.0,2697.66,2.654285,,,,,,
1780433485.053,1649485.0,2691.878,2.65405,,,,,,
1780433485.110,1649510.0,2686.019,2.653838,,,,,,
1780433485.111,1649535.0,2680.241,2.653602,,,,,,
1780433485.174,1649560.0,2674.467,2.653365,,,,,,
1780433485.174,1649585.0,2668.682,2.653131,,,,,,
1780433485.236,1649610.0,2662.808,2.652923,,,,,,
1780433485.236,1649635.0,2657.005,2.652822,,,,,,
1780433485.237,1649660.0,2651.206,2.652592,,,,,,
1780433485.302,1649685.0,2645.511,2.652332,,,,,,
1780433485.302,1649710.0,2639.717,2.652101,,,,,,
1780433485.303,1649735.0,2634.024,2.65184,,,,,,
1780433485.364,1649760.0,2628.277,2.651723,,,,,,
1780433485.365,1649785.0,2622.534,2.651605,,,,,,
1780433485.427,1649810.0,2616.799,2.651484,,,,,,
1780433485.427,1649835.0,2611.076,2.651232,,,,,,
1780433485.428,1649860.0,2605.257,2.651008,,,,,,
1780433485.491,1649885.0,2599.538,2.650755,,,,,,
1780433485.491,1649910.0,2593.776,2.650515,,,,,,
1780433485.551,1649935.0,2587.962,2.650545,,,,,,
1780433485.552,1649960.0,2582.244,2.650292,,,,,,
1780433485.552,1649985.0,2576.458,2.650187,,,,,,
1780433485.618,1650010.0,2570.723,2.649938,,,,,,
1780433485.618,1650035.0,2564.947,2.649702,,,,,,
1780433485.683,1650060.0,2559.195,2.649458,,,,,,
1780433485.684,1650085.0,2558.021,2.649545,,,,,,
1780433485.685,1650110.0,2558.095,2.649524,,,,,,
1780433485.745,1650135.0,2558.208,2.649618,,,,,,
1780433485.746,1650160.0,2558.344,2.649579,,,,,,
1780433485.802,1650185.0,2558.356,2.649702,,,,,,
1780433485.802,1650210.0,2558.442,2.649805,,,,,,
1780433485.803,1650235.0,2558.608,2.649884,,,,,,
1780433485.872,1650260.0,2558.582,2.649892,,,,,,
1780433485.872,1650285.0,2558.64,2.650002,,,,,,
1780433485.935,1650310.0,2558.69,2.649988,,,,,,
1780433485.936,1650335.0,2558.728,2.649976,,,,,,
1780433485.936,1650360.0,2558.706,2.649983,,,,,,
1780433486.002,1650385.0,2558.684,2.649862,,,,,,
1780433486.002,1650410.0,2558.686,2.649989,,,,,,
1780433486.003,1650435.0,2558.748,2.649971,,,,,,
1780433486.062,1650460.0,2558.772,2.649964,,,,,,
1780433486.062,1650485.0,2558.788,2.650086,,,,,,
1780433486.118,1650510.0,2558.894,2.650056,,,,,,
1780433486.119,1650535.0,2558.981,2.65003,,,,,,
1780433486.185,1650560.0,2559.031,2.650015,,,,,,
1780433486.185,1650585.0,2559.14,2.649984,,,,,,
1780433486.186,1650610.0,2559.226,2.649959,,,,,,
1780433486.240,1650635.0,2559.28,2.650071,,,,,,
1780433486.241,1650660.0,2559.299,2.650192,,,,,,
1780433486.302,1650685.0,2559.245,2.650336,,,,,,
1780433486.302,1650710.0,2559.357,2.650303,,,,,,
1780433486.303,1650735.0,2559.292,2.650322,,,,,,
1780433486.368,1650760.0,2559.279,2.650198,,,,,,
1780433486.369,1650785.0,2559.213,2.650217,,,,,,
1780433486.430,1650810.0,2559.203,2.65022,,,,,,
1780433486.430,1650835.0,2559.187,2.650225,,,,,,
1780433486.430,1650860.0,2559.209,2.650091,,,,,,
1780433486.493,1650885.0,2559.299,2.650065,,,,,,
1780433486.494,1650910.0,2559.369,2.650045,,,,,,
1780433486.555,1650935.0,2559.387,2.650039,,,,,,
1780433486.556,1650960.0,2559.371,2.650172,,,,,,
1780433486.556,1650985.0,2559.437,2.650152,,,,,,
1780433486.618,1651010.0,2559.441,2.650151,,,,,,
1780433486.619,1651035.0,2559.467,2.650016,,,,,,
1780433486.683,1651060.0,2559.513,2.650002,,,,,,
1780433486.683,1651085.0,2559.563,2.649988,,,,,,
1780433486.684,1651110.0,2559.647,2.649836,,,,,,
1780433486.745,1651135.0,2559.625,2.649843,,,,,,
1780433486.746,1651160.0,2559.583,2.649982,,,,,,
1780433486.802,1651185.0,2559.577,2.649856,,,,,,
1780433486.802,1651210.0,2559.545,2.649993,,,,,,
1780433486.803,1651235.0,2559.533,2.650124,,,,,,
1780433486.873,1651260.0,2559.577,2.650111,,,,,,
1780433486.873,1651285.0,2559.605,2.649976,,,,,,
1780433486.934,1651310.0,2559.645,2.649837,,,,,,
1780433486.935,1651335.0,2559.611,2.649847,,,,,,
1780433486.935,1651360.0,2559.737,2.64981,,,,,,
1780433486.988,1651385.0,2559.841,2.649907,,,,,,
1780433486.989,1651410.0,2559.793,2.649921,,,,,,
1780433487.056,1651435.0,2559.825,2.649912,,,,,,
1780433487.057,1651460.0,2559.879,2.649768,,,,,,
1780433487.057,1651485.0,2559.879,2.649896,,,,,,
1780433487.119,1651510.0,2559.863,2.649901,,,,,,
1780433487.120,1651535.0,2559.827,2.649911,,,,,,
1780433487.179,1651560.0,2559.845,2.649906,,,,,,
1780433487.180,1651585.0,2559.871,2.649898,,,,,,
1780433487.181,1651610.0,2559.907,2.649888,,,,,,
1780433487.241,1651635.0,2560.039,2.649976,,,,,,
1780433487.242,1651660.0,2559.991,2.650118,,,,,,
1780433487.301,1651685.0,2560.001,2.649988,,,,,,
1780433487.302,1651710.0,2560.065,2.649969,,,,,,
1780433487.302,1651735.0,2560.062,2.650098,,,,,,
1780433487.372,1651760.0,2560.061,2.650098,,,,,,
1780433487.373,1651785.0,2560.097,2.64996,,,,,,
1780433487.435,1651810.0,2560.048,2.650102,,,,,,
1780433487.436,1651835.0,2560.048,2.649974,,,,,,
1780433487.436,1651860.0,2560.117,2.649954,,,,,,
1780433487.499,1651885.0,2560.085,2.649963,,,,,,
1780433487.499,1651910.0,2560.087,2.649963,,,,,,
1780433487.561,1651935.0,2560.093,2.650089,,,,,,
1780433487.562,1651960.0,2559.975,2.650123,,,,,,
1780433487.562,1651985.0,2559.925,2.650137,,,,,,
1780433487.618,1652010.0,2559.853,2.650158,,,,,,
1780433487.618,1652035.0,2559.939,2.650133,,,,,,
1780433487.676,1652060.0,2559.963,2.650126,,,,,,
1780433487.677,1652085.0,2559.939,2.650133,,,,,,
1780433487.677,1652110.0,2559.911,2.650141,,,,,,
1780433487.740,1652135.0,2559.931,2.650136,,,,,,
1780433487.740,1652160.0,2559.943,2.650132,,,,,,
1780433487.803,1652185.0,2559.965,2.650126,,,,,,
1780433487.804,1652210.0,2560.009,2.650113,,,,,,
1780433487.804,1652235.0,2559.945,2.650132,,,,,,
1780433487.868,1652260.0,2559.905,2.650143,,,,,,
1780433487.870,1652285.0,2560.003,2.650115,,,,,,
1780433487.927,1652310.0,2559.941,2.65026,,,,,,
1780433487.928,1652335.0,2559.869,2.650409,,,,,,
1780433487.928,1652360.0,2559.827,2.650421,,,,,,
1780433487.995,1652385.0,2559.837,2.650418,,,,,,
1780433487.996,1652410.0,2559.889,2.650403,,,,,,
1780433488.059,1652435.0,2560.017,2.650238,,,,,,
1780433488.060,1652460.0,2559.913,2.650268,,,,,,
1780433488.060,1652485.0,2559.889,2.650148,,,,,,
1780433488.123,1652510.0,2559.857,2.650157,,,,,,
1780433488.124,1652535.0,2559.921,2.650139,,,,,,
1780433488.184,1652560.0,2559.957,2.650001,,,,,,
1780433488.185,1652585.0,2560.087,2.649835,,,,,,
1780433488.185,1652610.0,2560.047,2.649847,,,,,,
1780433488.238,1652635.0,2560.117,2.649827,,,,,,
1780433488.238,1652660.0,2560.001,2.64986,,,,,,
1780433488.301,1652685.0,2559.997,2.649734,,,,,,
1780433488.301,1652710.0,2560.015,2.649856,,,,,,
1780433488.302,1652735.0,2560.055,2.649845,,,,,,
1780433488.364,1652760.0,2560.021,2.649855,,,,,,
1780433488.364,1652785.0,2560.047,2.649719,,,,,,
1780433488.424,1652810.0,2559.993,2.649863,,,,,,
1780433488.424,1652835.0,2560.013,2.649729,,,,,,
1780433488.500,1652860.0,2560.087,2.649835,,,,,,
1780433488.501,1652885.0,2560.129,2.649696,,,,,,
1780433488.502,1652910.0,2560.087,2.64958,,,,,,
1780433488.502,1652935.0,2560.129,2.649441,,,,,,
1780433488.563,1652960.0,2560.149,2.649435,,,,,,
1780433488.563,1652985.0,2560.197,2.649294,,,,,,
1780433488.617,1653010.0,2560.265,2.649401,,,,,,
1780433488.618,1653035.0,2560.159,2.649559,,,,,,
1780433488.674,1653060.0,2560.101,2.649576,,,,,,
1780433488.674,1653085.0,2560.227,2.649667,,,,,,
1780433488.737,1653110.0,2560.235,2.649792,,,,,,
1780433488.738,1653135.0,2560.261,2.649785,,,,,,
1780433488.739,1653160.0,2560.295,2.649775,,,,,,
1780433488.800,1653185.0,2560.295,2.649775,,,,,,
1780433488.801,1653210.0,2560.265,2.649783,,,,,,
1780433488.869,1653235.0,2560.292,2.649776,,,,,,
1780433488.869,1653260.0,2560.285,2.649778,,,,,,
1780433488.870,1653285.0,2560.385,2.649876,,,,,,
1780433488.934,1653310.0,2560.333,2.649891,,,,,,
1780433488.934,1653335.0,2560.281,2.649779,,,,,,
1780433488.935,1653360.0,2560.299,2.649646,,,,,,
1780433489.001,1653385.0,2560.343,2.649506,,,,,,
1780433489.001,1653410.0,2560.307,2.649644,,,,,,
1780433489.067,1653435.0,2560.363,2.6495,,,,,,
1780433489.068,1653460.0,2560.285,2.64965,,,,,,
1780433489.068,1653485.0,2560.281,2.649651,,,,,,
1780433489.118,1653510.0,2560.301,2.649646,,,,,,
1780433489.119,1653535.0,2560.305,2.649772,,,,,,
1780433489.173,1653560.0,2560.317,2.649768,,,,,,
1780433489.173,1653585.0,2560.329,2.649765,,,,,,
1780433489.238,1653610.0,2560.333,2.649891,,,,,,
1780433489.240,1653635.0,2560.295,2.649775,,,,,,
1780433489.241,1653660.0,2560.427,2.649609,,,,,,
1780433489.302,1653685.0,2560.433,2.649734,,,,,,
1780433489.303,1653710.0,2560.415,2.649612,,,,,,
1780433489.303,1653735.0,2560.439,2.649478,,,,,,
1780433489.362,1653760.0,2560.501,2.649332,,,,,,
1780433489.363,1653785.0,2560.439,2.649478,,,,,,
1780433489.427,1653810.0,2560.499,2.649461,,,,,,
1780433489.428,1653835.0,2560.493,2.64959,,,,,,
1780433489.429,1653860.0,2560.545,2.649702,,,,,,
1780433489.489,1653885.0,2560.533,2.649578,,,,,,
1780433489.490,1653910.0,2560.551,2.649445,,,,,,
1780433489.551,1653935.0,2560.675,2.649536,,,,,,
1780433489.551,1653960.0,2560.787,2.649631,,,,,,
1780433489.552,1653985.0,2560.749,2.64977,,,,,,
1780433489.617,1654010.0,2560.757,2.649767,,,,,,
1780433489.618,1654035.0,2560.85,2.649613,,,,,,
1780433489.685,1654060.0,2560.84,2.649616,,,,,,
1780433489.686,1654085.0,2560.919,2.649465,,,,,,
1780433489.686,1654110.0,2560.907,2.649341,,,,,,
1780433489.752,1654135.0,2560.884,2.649348,,,,,,
1780433489.753,1654160.0,2560.912,2.64934,,,,,,
1780433489.753,1654185.0,2560.874,2.649479,,,,,,
1780433489.818,1654210.0,2560.823,2.649493,,,,,,
1780433489.819,1654235.0,2560.859,2.649483,,,,,,
1780433489.868,1654260.0,2560.823,2.649493,,,,,,
1780433489.869,1654285.0,2560.761,2.649639,,,,,,
1780433489.936,1654310.0,2560.763,2.649638,,,,,,
1780433489.936,1654335.0,2560.769,2.649764,,,,,,
1780433489.937,1654360.0,2560.739,2.649773,,,,,,
1780433490.001,1654385.0,2560.703,2.649911,,,,,,
1780433490.001,1654410.0,2560.721,2.649905,,,,,,
1780433490.051,1654435.0,2560.645,2.649928,,,,,,
1780433490.051,1654460.0,2560.743,2.649772,,,,,,
1780433490.052,1654485.0,2560.639,2.649802,,,,,,
1780433490.111,1654510.0,2560.639,2.649929,,,,,,
1780433490.112,1654535.0,2560.639,2.649929,,,,,,
1780433490.175,1654560.0,2560.575,2.64982,,,,,,
1780433490.175,1654585.0,2560.523,2.649708,,,,,,
1780433490.241,1654610.0,2560.529,2.649707,,,,,,
1780433490.242,1654635.0,2560.525,2.649708,,,,,,
1780433490.242,1654660.0,2560.491,2.649845,,,,,,
1780433490.302,1654685.0,2560.523,2.649836,,,,,,
1780433490.303,1654710.0,2560.501,2.64997,,,,,,
1780433490.303,1654735.0,2560.477,2.649976,,,,,,
1780433490.369,1654760.0,2560.405,2.650125,,,,,,
1780433490.370,1654785.0,2560.405,2.649997,,,,,,
1780433490.434,1654810.0,2560.409,2.649869,,,,,,
1780433490.435,1654835.0,2560.485,2.649719,,,,,,
1780433490.435,1654860.0,2560.459,2.649727,,,,,,
1780433490.506,1654885.0,2560.481,2.649848,,,,,,
1780433490.507,1654910.0,2560.507,2.649713,,,,,,
1780433490.508,1654935.0,2560.461,2.649599,,,,,,
1780433490.569,1654960.0,2560.441,2.649477,,,,,,
1780433490.570,1654985.0,2560.503,2.649459,,,,,,
1780433490.618,1655010.0,2560.497,2.649461,,,,,,
1780433490.619,1655035.0,2560.499,2.64946,,,,,,
1780433490.686,1655060.0,2560.577,2.649565,,,,,,
1780433490.687,1655085.0,2560.503,2.649586,,,,,,
1780433490.687,1655110.0,2560.585,2.649563,,,,,,
1780433490.751,1655135.0,2560.617,2.649426,,,,,,
1780433490.751,1655160.0,2560.612,2.649428,,,,,,
1780433490.752,1655185.0,2560.62,2.649425,,,,,,
1780433490.801,1655210.0,2560.688,2.649405,,,,,,
1780433490.802,1655235.0,2560.677,2.649281,,,,,,
1780433490.876,1655260.0,2560.697,2.649275,,,,,,
1780433490.876,1655285.0,2560.651,2.649161,,,,,,
1780433490.877,1655310.0,2560.573,2.649184,,,,,,
1780433490.934,1655335.0,2560.589,2.649179,,,,,,
1780433490.935,1655360.0,2560.543,2.64932,,,,,,
1780433491.000,1655385.0,2560.575,2.649311,,,,,,
1780433491.001,1655410.0,2560.529,2.649452,,,,,,
1780433491.051,1655435.0,2560.489,2.649591,,,,,,
1780433491.052,1655460.0,2560.389,2.64962,,,,,,
1780433491.053,1655485.0,2560.425,2.649482,,,,,,
1780433491.121,1655510.0,2560.417,2.649357,,,,,,
1780433491.121,1655535.0,2560.387,2.649365,,,,,,
1780433491.183,1655560.0,2560.425,2.649482,,,,,,
1780433491.184,1655585.0,2560.411,2.649613,,,,,,
1780433491.184,1655610.0,2560.369,2.649753,,,,,,
1780433491.250,1655635.0,2560.435,2.649606,,,,,,
1780433491.250,1655660.0,2560.399,2.649617,,,,,,
1780433491.301,1655685.0,2560.379,2.649623,,,,,,
1780433491.302,1655710.0,2560.385,2.649621,,,,,,
1780433491.302,1655735.0,2560.395,2.649491,,,,,,
1780433491.373,1655760.0,2560.339,2.649634,,,,,,
1780433491.373,1655785.0,2560.369,2.649626,,,,,,
1780433491.434,1655810.0,2560.359,2.649756,,,,,,
1780433491.434,1655835.0,2560.323,2.649894,,,,,,
1780433491.435,1655860.0,2560.333,2.650018,,,,,,
1780433491.500,1655885.0,2560.273,2.650036,,,,,,
1780433491.501,1655910.0,2560.241,2.650045,,,,,,
1780433491.566,1655935.0,2560.381,2.650132,,,,,,
1780433491.567,1655960.0,2560.375,2.650006,,,,,,
1780433491.567,1655985.0,2560.441,2.649859,,,,,,
1780433491.634,1656010.0,2560.489,2.649718,,,,,,
1780433491.635,1656035.0,2560.485,2.649592,,,,,,
1780433491.635,1656060.0,2560.527,2.64958,,,,,,
1780433491.684,1656085.0,2560.583,2.649691,,,,,,
1780433491.685,1656110.0,2560.485,2.649847,,,,,,
1780433491.737,1656135.0,2560.535,2.649832,,,,,,
1780433491.737,1656160.0,2560.585,2.649817,,,,,,
1780433491.800,1656185.0,2560.572,2.649694,,,,,,
1780433491.801,1656210.0,2560.595,2.64956,,,,,,
1780433491.863,1656235.0,2560.646,2.649418,,,,,,
1780433491.864,1656260.0,2560.55,2.649573,,,,,,
1780433491.864,1656285.0,2560.628,2.649423,,,,,,
1780433491.937,1656310.0,2560.608,2.649429,,,,,,
1780433491.938,1656335.0,2560.548,2.649574,,,,,,
1780433491.939,1656360.0,2560.576,2.649565,,,,,,
1780433492.001,1656385.0,2560.642,2.649546,,,,,,
1780433492.001,1656410.0,2560.59,2.649689,,,,,,
1780433492.002,1656435.0,2560.582,2.649691,,,,,,
1780433492.050,1656460.0,2560.57,2.649567,,,,,,
1780433492.112,1656485.0,2560.552,2.649445,,,,,,
1780433492.112,1656510.0,2560.608,2.649556,,,,,,
1780433492.113,1656535.0,2560.71,2.649654,,,,,,
1780433492.176,1656560.0,2560.557,2.649698,,,,,,
1780433492.177,1656585.0,2560.555,2.649826,,,,,,
1780433492.178,1656610.0,2560.583,2.649945,,,,,,
1780433492.240,1656635.0,2560.541,2.650085,,,,,,
1780433492.241,1656660.0,2560.621,2.650062,,,,,,
1780433492.301,1656685.0,2560.669,2.649921,,,,,,
1780433492.302,1656710.0,2560.627,2.649805,,,,,,
1780433492.302,1656735.0,2560.745,2.649771,,,,,,
1780433492.367,1656760.0,2560.751,2.649769,,,,,,
1780433492.368,1656785.0,2560.677,2.649791,,,,,,
1780433492.430,1656810.0,2560.753,2.649769,,,,,,
1780433492.431,1656835.0,2560.809,2.64988,,,,,,
1780433492.431,1656860.0,2560.785,2.650014,,,,,,
1780433492.491,1656885.0,2560.827,2.650002,,,,,,
1780433492.491,1656910.0,2560.795,2.650011,,,,,,
1780433492.554,1656935.0,2560.741,2.6499,,,,,,
1780433492.554,1656960.0,2560.811,2.649752,,,,,,
1780433492.555,1656985.0,2560.807,2.64988,,,,,,
1780433492.620,1657010.0,2560.771,2.649891,,,,,,
1780433492.620,1657035.0,2560.793,2.649757,,,,,,
1780433492.686,1657060.0,2560.763,2.649638,,,,,,
1780433492.687,1657085.0,2560.741,2.649645,,,,,,
1780433492.687,1657110.0,2560.755,2.649641,,,,,,
1780433492.752,1657135.0,2560.781,2.649505,,,,,,
1780433492.753,1657160.0,2560.707,2.6494,,,,,,
1780433492.755,1657185.0,2560.767,2.649382,,,,,,
1780433492.857,1657210.0,2560.811,2.649369,,,,,,
1780433492.858,1657235.0,2560.787,2.649376,,,,,,
1780433492.858,1657260.0,2560.823,2.649238,,,,,,
1780433492.859,1657285.0,2560.867,2.649225,,,,,,
1780433492.919,1657310.0,2560.833,2.649363,,,,,,
1780433492.920,1657335.0,2560.907,2.649341,,,,,,
1780433492.987,1657360.0,2560.926,2.649209,,,,,,
1780433492.987,1657385.0,2560.871,2.649352,,,,,,
1780433492.988,1657410.0,2560.948,2.64933,,,,,,
1780433493.067,1657435.0,2560.929,2.649335,,,,,,
1780433493.068,1657460.0,2560.907,2.649214,,,,,,
1780433493.069,1657485.0,2560.829,2.649237,,,,,,
1780433493.133,1657510.0,2560.831,2.649236,,,,,,
1780433493.134,1657535.0,2560.778,2.649379,,,,,,
1780433493.134,1657560.0,2560.825,2.649493,,,,,,
1780433493.200,1657585.0,2560.841,2.649488,,,,,,
1780433493.200,1657610.0,2560.805,2.649499,,,,,,
1780433493.256,1657635.0,2560.835,2.64949,,,,,,
1780433493.257,1657660.0,2560.941,2.649459,,,,,,
1780433493.257,1657685.0,2560.988,2.649573,,,,,,
1780433493.318,1657710.0,2561.06,2.649679,,,,,,
1780433493.318,1657735.0,2561.158,2.649778,,,,,,
1780433493.379,1657760.0,2561.068,2.649805,,,,,,
1780433493.379,1657785.0,2561.124,2.649915,,,,,,
1780433493.380,1657810.0,2561.152,2.64978,,,,,,
1780433493.443,1657835.0,2561.15,2.649653,,,,,,
1780433493.444,1657860.0,2561.204,2.649637,,,,,,
1780433493.509,1657885.0,2561.242,2.649626,,,,,,
1780433493.510,1657910.0,2561.194,2.64964,,,,,,
1780433493.510,1657935.0,2561.176,2.649645,,,,,,
1780433493.572,1657960.0,2561.216,2.649634,,,,,,
1780433493.572,1657985.0,2561.088,2.649799,,,,,,
1780433493.633,1658010.0,2561.146,2.649782,,,,,,
1780433493.634,1658035.0,2561.094,2.649797,,,,,,
1780433493.635,1658060.0,2561.054,2.649936,,,,,,
1780433493.703,1658085.0,2561.08,2.649928,,,,,,
1780433493.704,1658110.0,2561.132,2.649913,,,,,,
1780433493.705,1658135.0,2561.122,2.649916,,,,,,
1780433493.766,1658160.0,2561.182,2.649899,,,,,,
1780433493.767,1658185.0,2561.13,2.649786,,,,,,
1780433493.836,1658210.0,2561.12,2.649917,,,,,,
1780433493.837,1658235.0,2561.158,2.649906,,,,,,
1780433493.838,1658260.0,2561.108,2.64992,,,,,,
1780433493.903,1658285.0,2561.0,2.649952,,,,,,
1780433493.904,1658310.0,2561.052,2.649936,,,,,,
1780433493.905,1658335.0,2560.994,2.649954,,,,,,
1780433493.968,1658360.0,2560.856,2.649866,,,,,,
1780433493.969,1658385.0,2560.992,2.649954,,,,,,
1780433494.052,1658410.0,2561.006,2.64995,,,,,,
1780433494.053,1658435.0,2560.936,2.64997,,,,,,
1780433494.053,1658460.0,2560.942,2.650096,,,,,,
1780433494.054,1658485.0,2560.882,2.650114,,,,,,
1780433494.119,1658510.0,2560.822,2.650131,,,,,,
1780433494.121,1658535.0,2560.864,2.650246,,,,,,
1780433494.185,1658560.0,2560.842,2.650252,,,,,,
1780433494.186,1658585.0,2560.808,2.650262,,,,,,
1780433494.186,1658610.0,2560.859,2.65012,,,,,,
1780433494.252,1658635.0,2560.821,2.650004,,,,,,
1780433494.252,1658660.0,2560.821,2.650131,,,,,,
1780433494.253,1658685.0,2560.915,2.650104,,,,,,
1780433494.317,1658710.0,2560.867,2.650245,,,,,,
1780433494.319,1658735.0,2560.871,2.650244,,,,,,
1780433494.403,1658760.0,2560.988,2.650083,,,,,,
1780433494.403,1658785.0,2560.966,2.650089,,,,,,
1780433494.404,1658810.0,2560.939,2.650224,,,,,,
1780433494.404,1658835.0,2560.988,2.650083,,,,,,
1780433494.469,1658860.0,2560.969,2.649961,,,,,,
1780433494.470,1658885.0,2561.03,2.649816,,,,,,
1780433494.534,1658910.0,2561.058,2.649935,,,,,,
1780433494.535,1658935.0,2561.015,2.64982,,,,,,
1780433494.536,1658960.0,2561.07,2.649676,,,,,,
1780433494.640,1658985.0,2561.122,2.649661,,,,,,
1780433494.641,1659010.0,2561.045,2.649683,,,,,,
1780433494.643,1659035.0,2560.965,2.64958,,,,,,
1780433494.644,1659060.0,2561.039,2.649558,,,,,,
1780433494.737,1659085.0,2561.031,2.649433,,,,,,
1780433494.739,1659110.0,2561.065,2.649423,,,,,,
1780433494.740,1659135.0,2561.063,2.649551,,,,,,
1780433494.741,1659160.0,2560.959,2.649581,,,,,,
1780433494.857,1659185.0,2561.035,2.649559,,,,,,
1780433494.859,1659210.0,2561.051,2.649554,,,,,,
1780433494.860,1659235.0,2561.039,2.649685,,,,,,
1780433494.861,1659260.0,2561.023,2.64969,,,,,,
1780433494.863,1659285.0,2561.095,2.649669,,,,,,
1780433494.978,1659310.0,2561.027,2.649561,,,,,,
1780433494.980,1659335.0,2561.031,2.64956,,,,,,
1780433494.983,1659360.0,2561.011,2.649438,,,,,,
1780433494.985,1659385.0,2560.859,2.649483,,,,,,
1780433494.986,1659410.0,2560.865,2.649481,,,,,,
1780433495.069,1659435.0,2560.969,2.649323,,,,,,
1780433495.070,1659460.0,2560.865,2.649481,,,,,,
1780433495.072,1659485.0,2560.902,2.649598,,,,,,
1780433495.167,1659510.0,2560.917,2.649721,,,,,,
1780433495.168,1659535.0,2560.898,2.649599,,,,,,
1780433495.168,1659560.0,2560.87,2.649735,,,,,,
1780433495.169,1659585.0,2560.848,2.649741,,,,,,
1780433495.281,1659610.0,2560.888,2.649729,,,,,,
1780433495.282,1659635.0,2560.929,2.64959,,,,,,
1780433495.284,1659660.0,2561.024,2.649562,,,,,,
1780433495.285,1659685.0,2560.954,2.649583,,,,,,
1780433495.286,1659710.0,2560.942,2.649586,,,,,,
1780433495.368,1659735.0,2560.956,2.649582,,,,,,
1780433495.369,1659760.0,2560.927,2.64959,,,,,,
1780433495.370,1659785.0,2561.024,2.649562,,,,,,
1780433495.467,1659810.0,2561.062,2.649551,,,,,,
1780433495.468,1659835.0,2561.126,2.649533,,,,,,
1780433495.469,1659860.0,2561.08,2.649546,,,,,,
1780433495.469,1659885.0,2561.06,2.649552,,,,,,
1780433495.534,1659910.0,2561.056,2.649553,,,,,,
1780433495.536,1659935.0,2561.076,2.649547,,,,,,
1780433495.537,1659960.0,2561.14,2.649529,,,,,,
1780433495.621,1659985.0,2561.174,2.649646,,,,,,
1780433495.622,1660010.0,2561.204,2.649637,,,,,,
1780433495.622,1660035.0,2561.288,2.649613,,,,,,
1780433495.700,1660060.0,2561.32,2.649603,,,,,,
1780433495.701,1660085.0,2561.402,2.649452,,,,,,
1780433495.703,1660110.0,2561.388,2.649456,,,,,,
1780433495.704,1660135.0,2561.37,2.649462,,,,,,
1780433495.783,1660160.0,2561.406,2.649451,,,,,,
1780433495.784,1660185.0,2561.524,2.649417,,,,,,
1780433495.785,1660210.0,2561.51,2.649548,,,,,,
1780433495.850,1660235.0,2561.456,2.649564,,,,,,
1780433495.851,1660260.0,2561.48,2.649557,,,,,,
1780433495.852,1660285.0,2561.486,2.649555,,,,,,
1780433495.917,1660310.0,2561.52,2.649545,,,,,,
1780433495.918,1660335.0,2561.482,2.649684,,,,,,
1780433496.000,1660360.0,2561.486,2.649683,,,,,,
1780433496.001,1660385.0,2561.548,2.649664,,,,,,
1780433496.002,1660410.0,2561.554,2.649535,,,,,,
1780433496.002,1660435.0,2561.502,2.649423,,,,,,
1780433496.068,1660460.0,2561.378,2.649459,,,,,,
1780433496.070,1660485.0,2561.432,2.649443,,,,,,
1780433496.165,1660510.0,2561.514,2.649547,,,,,,
1780433496.166,1660535.0,2561.506,2.649549,,,,,,
1780433496.166,1660560.0,2561.496,2.64968,,,,,,
1780433496.167,1660585.0,2561.484,2.649683,,,,,,
1780433496.233,1660610.0,2561.454,2.649565,,,,,,
1780433496.234,1660635.0,2561.464,2.649689,,,,,,
1780433496.234,1660660.0,2561.398,2.649708,,,,,,
1780433496.305,1660685.0,2561.358,2.64972,,,,,,
1780433496.306,1660710.0,2561.29,2.64974,,,,,,
1780433496.307,1660735.0,2561.306,2.649608,,,,,,
1780433496.388,1660760.0,2561.33,2.649473,,,,,,
1780433496.395,1660785.0,2561.39,2.649583,,,,,,
1780433496.395,1660810.0,2561.366,2.64959,,,,,,
1780433496.502,1660835.0,2561.328,2.649601,,,,,,
1780433496.503,1660860.0,2561.362,2.649591,,,,,,
1780433496.505,1660885.0,2561.35,2.649595,,,,,,
1780433496.506,1660910.0,2561.255,2.649622,,,,,,
1780433496.506,1660935.0,2561.27,2.649746,,,,,,
1780433496.586,1660960.0,2561.364,2.649591,,,,,,
1780433496.587,1660985.0,2561.352,2.649594,,,,,,
1780433496.588,1661010.0,2561.32,2.649604,,,,,,
1780433496.684,1661035.0,2561.323,2.649602,,,,,,
1780433496.684,1661060.0,2561.298,2.649738,,,,,,
1780433496.685,1661085.0,2561.32,2.649858,,,,,,
1780433496.685,1661110.0,2561.372,2.649843,,,,,,
1780433496.750,1661135.0,2561.256,2.64975,,,,,,
1780433496.752,1661160.0,2561.248,2.649752,,,,,,
1780433496.753,1661185.0,2561.286,2.649741,,,,,,
1780433496.852,1661210.0,2561.244,2.649626,,,,,,
1780433496.853,1661235.0,2561.258,2.649749,,,,,,
1780433496.854,1661260.0,2561.314,2.649733,,,,,,
1780433496.855,1661285.0,2561.31,2.649606,,,,,,
1780433496.969,1661310.0,2561.292,2.649739,,,,,,
1780433496.971,1661335.0,2561.314,2.64986,,,,,,
1780433496.973,1661360.0,2561.23,2.650012,,,,,,
1780433496.974,1661385.0,2561.168,2.65003,,,,,,
1780433497.068,1661410.0,2561.15,2.649908,,,,,,
1780433497.069,1661435.0,2561.102,2.649922,,,,,,
1780433497.070,1661460.0,2561.116,2.649791,,,,,,
1780433497.071,1661485.0,2561.159,2.649905,,,,,,
1780433497.170,1661510.0,2561.063,2.650061,,,,,,
1780433497.171,1661535.0,2561.11,2.650047,,,,,,
1780433497.173,1661560.0,2561.098,2.650051,,,,,,
1780433497.174,1661585.0,2561.072,2.650058,,,,,,
