timestamp_computer,timestamp,sensor1,sensor2,mag,width,crack_x,crack_size
1780357345.385,76921.0,6672.899,9.271482,,,,
1780357345.387,76946.0,6672.98,9.271721,,,,
1780357345.388,76971.0,6672.96,9.27196,,,,
1780357345.466,76996.0,6673.049,9.27196,,,,
1780357345.467,77021.0,6673.157,9.27196,,,,
1780357345.467,77046.0,6673.177,9.2722,,,,
1780357345.542,77071.0,6673.109,9.2722,,,,
1780357345.542,77096.0,6673.041,9.2722,,,,
1780357345.543,77121.0,6672.966,9.272439,,,,
1780357345.616,77146.0,6672.884,9.272678,,,,
1780357345.617,77171.0,6672.803,9.272918,,,,
1780357345.618,77196.0,6672.749,9.272918,,,,
1780357345.700,77221.0,6672.675,9.272918,,,,
1780357345.702,77246.0,6672.675,9.273157,,,,
1780357345.702,77271.0,6672.661,9.273157,,,,
1780357345.716,77296.0,6672.621,9.273396,,,,
1780357345.801,77321.0,6672.709,9.273157,,,,
1780357345.802,77346.0,6672.607,9.272918,,,,
1780357345.803,77371.0,6672.743,9.272918,,,,
1780357345.883,77396.0,6672.757,9.272918,,,,
1780357345.884,77421.0,6672.844,9.272678,,,,
1780357345.885,77446.0,6672.804,9.272918,,,,
1780357345.886,77471.0,6672.756,9.272918,,,,
1780357345.968,77496.0,6672.811,9.272678,,,,
1780357345.969,77521.0,6672.837,9.272918,,,,
1780357345.969,77546.0,6672.885,9.273157,,,,
1780357346.050,77571.0,6672.791,9.273157,,,,
1780357346.051,77596.0,6672.784,9.273157,,,,
1780357346.051,77621.0,6672.681,9.273157,,,,
1780357346.136,77646.0,6672.641,9.272918,,,,
1780357346.137,77671.0,6672.505,9.272678,,,,
1780357346.139,77696.0,6672.573,9.272678,,,,
1780357346.140,77721.0,6672.627,9.272439,,,,
1780357346.228,77746.0,6672.709,9.272199,,,,
1780357346.230,77771.0,6672.926,9.27196,,,,
1780357346.231,77796.0,6673.028,9.27196,,,,
1780357346.233,77821.0,6631.173,9.2505,,,,
1780357346.318,77846.0,6629.318,9.249305,,,,
1780357346.319,77871.0,6626.954,9.247869,,,,
1780357346.320,77896.0,6623.44,9.245719,,,,
1780357346.434,77921.0,6620.21,9.244045,,,,
1780357346.435,77946.0,6616.803,9.242373,,,,
1780357346.436,77971.0,6613.136,9.24046,,,,
1780357346.437,77996.0,6609.381,9.23831,,,,
1780357346.438,78021.0,6606.069,9.236398,,,,
1780357346.551,78046.0,6602.549,9.234486,,,,
1780357346.553,78071.0,6599.163,9.232574,,,,
1780357346.555,78096.0,6595.804,9.230423,,,,
1780357346.556,78121.0,6592.412,9.22875,,,,
1780357346.557,78146.0,6588.946,9.226838,,,,
1780357346.684,78171.0,6585.533,9.224688,,,,
1780357346.685,78196.0,6582.119,9.222537,,,,
1780357346.686,78221.0,6578.571,9.220386,,,,
1780357346.687,78246.0,6575.163,9.218474,,,,
1780357346.687,78271.0,6571.737,9.216801,,,,
1780357346.801,78296.0,6568.323,9.214889,,,,
1780357346.802,78321.0,6564.775,9.212976,,,,
1780357346.803,78346.0,6561.369,9.211304,,,,
1780357346.803,78371.0,6557.754,9.20963,,,,
1780357346.804,78396.0,6554.222,9.207958,,,,
1780357346.925,78421.0,6552.259,9.206761,,,,
1780357346.927,78446.0,6593.314,9.227504,,,,
1780357346.929,78471.0,6598.033,9.230137,,,,
1780357346.930,78496.0,6625.05,9.242419,,,,
1780357346.932,78521.0,6677.388,9.265192,,,,
1780357347.051,78546.0,6731.424,9.288227,,,,
1780357347.052,78571.0,6808.41,9.320163,,,,
1780357347.053,78596.0,6898.026,9.356827,,,,
1780357347.054,78621.0,7000.482,9.398008,,,,
1780357347.054,78646.0,7108.256,9.440715,,,,
1780357347.169,78671.0,7216.952,9.483912,,,,
1780357347.170,78696.0,7329.599,9.528384,,,,
1780357347.172,78721.0,7449.569,9.575374,,,,
1780357347.173,78746.0,7570.8,9.622631,,,,
1780357347.283,78771.0,7692.181,9.669635,,,,
1780357347.284,78796.0,7813.228,9.717131,,,,
1780357347.284,78821.0,7934.564,9.764627,,,,
1780357347.285,78846.0,8056.131,9.812122,,,,
1780357347.286,78871.0,8177.64,9.859381,,,,
1780357347.383,78896.0,8299.145,9.906891,,,,
1780357347.384,78921.0,8420.749,9.954388,,,,
1780357347.385,78946.0,8542.097,10.001644,,,,
1780357347.386,78971.0,8663.807,10.048902,,,,
1780357347.516,78996.0,8785.677,10.09616,,,,
1780357347.517,79021.0,8907.297,10.143671,,,,
1780357347.518,79046.0,9027.687,10.190211,,,,
1780357347.519,79071.0,9144.759,10.235767,,,,
1780357347.519,79096.0,9257.301,10.279154,,,,
1780357347.633,79121.0,9347.297,10.312636,,,,
1780357347.634,79146.0,9411.386,10.335335,,,,
1780357347.634,79171.0,9470.793,10.356787,,,,
1780357347.635,79196.0,9504.668,10.368567,,,,
1780357347.636,79221.0,9525.032,10.375352,,,,
1780357347.751,79246.0,9530.68,10.377114,,,,
1780357347.752,79271.0,9530.693,10.376862,,,,
1780357347.753,79296.0,9527.434,10.375349,,,,
1780357347.754,79321.0,9519.201,10.372322,,,,
1780357347.756,79346.0,9503.045,10.366766,,,,
1780357347.866,79371.0,9483.129,10.359697,,,,
1780357347.867,79396.0,9460.721,10.352128,,,,
1780357347.868,79421.0,9321.977,10.295383,,,,
1780357347.868,79446.0,9187.124,10.241237,,,,
1780357347.952,79471.0,9052.193,10.187088,,,,
1780357347.954,79496.0,8917.207,10.132705,,,,
1780357347.955,79521.0,8782.26,10.078302,,,,
1780357347.956,79546.0,8647.282,10.024156,,,,
1780357348.042,79571.0,8511.575,9.969298,,,,
1780357348.043,79596.0,8367.443,9.910437,,,,
1780357348.044,79621.0,8222.801,9.851341,,,,
1780357348.115,79646.0,8077.951,9.791756,,,,
1780357348.116,79671.0,7927.882,9.73008,,,,
1780357348.117,79696.0,7779.736,9.668444,,,,
1780357348.200,79721.0,7632.303,9.607294,,,,
1780357348.201,79746.0,7485.662,9.546398,,,,
1780357348.202,79771.0,7340.769,9.486514,,,,
1780357348.283,79796.0,7198.635,9.427135,,,,
1780357348.285,79821.0,7059.159,9.368769,,,,
1780357348.287,79846.0,6920.899,9.310905,,,,
1780357348.288,79871.0,6784.549,9.253548,,,,
1780357348.382,79896.0,6648.25,9.196207,,,,
1780357348.383,79921.0,6514.431,9.140108,,,,
1780357348.384,79946.0,6381.5,9.084009,,,,
1780357348.385,79971.0,6249.306,9.028163,,,,
1780357348.482,79996.0,6119.648,8.973322,,,,
1780357348.483,80021.0,5992.509,8.919234,,,,
1780357348.484,80046.0,5981.884,8.914303,,,,
1780357348.485,80071.0,5967.105,8.906541,,,,
1780357348.582,80096.0,5952.43,8.899014,,,,
1780357348.584,80121.0,5937.923,8.891722,,,,
1780357348.584,80146.0,5923.646,8.884428,,,,
1780357348.585,80171.0,5910.474,8.877604,,,,
1780357348.692,80196.0,5898.533,8.871488,,,,
1780357348.693,80221.0,5902.803,8.873841,,,,
1780357348.693,80246.0,5907.596,8.876429,,,,
1780357348.694,80271.0,5912.884,8.879487,,,,
1780357348.801,80296.0,5924.643,8.885363,,,,
1780357348.802,80321.0,5939.521,8.893359,,,,
1780357348.803,80346.0,5958.299,8.903015,,,,
1780357348.803,80371.0,5984.632,8.916475,,,,
1780357348.804,80396.0,6016.933,8.932561,,,,
1780357348.884,80421.0,6066.054,8.956581,,,,
1780357348.885,80446.0,6116.051,8.980603,,,,
1780357348.885,80471.0,6175.469,9.009231,,,,
1780357348.967,80496.0,6261.042,9.048141,,,,
1780357348.968,80521.0,6355.662,9.090742,,,,
1780357348.969,80546.0,6453.44,9.134349,,,,
1780357349.050,80571.0,6557.736,9.180687,,,,
1780357349.051,80596.0,6666.708,9.228767,,,,
1780357349.051,80621.0,6787.657,9.281098,,,,
1780357349.134,80646.0,6913.163,9.334934,,,,
1780357349.135,80671.0,7039.31,9.388787,,,,
1780357349.135,80696.0,7169.459,9.444383,,,,
1780357349.136,80721.0,7307.919,9.502264,,,,
1780357349.216,80746.0,7447.978,9.560904,,,,
1780357349.217,80771.0,7589.339,9.619813,,,,
1780357349.218,80796.0,7729.771,9.678508,,,,
1780357349.301,80821.0,7871.152,9.737202,,,,
1780357349.302,80846.0,8004.737,9.791685,,,,
1780357349.303,80871.0,8139.116,9.846169,,,,
1780357349.382,80896.0,8273.102,9.900668,,,,
1780357349.383,80921.0,8405.662,9.954696,,,,
1780357349.383,80946.0,8535.503,10.007323,,,,
1780357349.384,80971.0,8661.926,10.058057,,,,
1780357349.466,80996.0,8780.52,10.104734,,,,
1780357349.467,81021.0,8893.595,10.149038,,,,
1780357349.468,81046.0,8989.465,10.185407,,,,
1780357349.549,81071.0,9084.63,10.221776,,,,
1780357349.550,81096.0,9170.11,10.253284,,,,
1780357349.551,81121.0,9224.984,10.272994,,,,
1780357349.631,81146.0,9266.861,10.288236,,,,
1780357349.632,81171.0,9305.331,10.301989,,,,
1780357349.633,81196.0,9332.167,10.311246,,,,
1780357349.634,81221.0,9354.273,10.31876,,,,
1780357349.716,81246.0,9362.147,10.321271,,,,
1780357349.717,81271.0,9354.315,10.318012,,,,
1780357349.718,81296.0,9297.261,10.296453,,,,
1780357349.801,81321.0,9236.695,10.273633,,,,
1780357349.802,81346.0,9166.855,10.247802,,,,
1780357349.803,81371.0,9094.716,10.220968,,,,
1780357349.804,81396.0,9020.644,10.193631,,,,
1780357349.881,81421.0,8903.025,10.146506,,,,
1780357349.882,81446.0,8766.178,10.090393,,,,
1780357349.883,81471.0,8628.557,10.034027,,,,
1780357349.949,81496.0,8488.865,9.976956,,,,
1780357349.949,81521.0,8346.983,9.918459,,,,
1780357350.035,81546.0,8202.146,9.858088,,,,
1780357350.036,81571.0,8055.235,9.796764,,,,
1780357350.037,81596.0,7907.293,9.734973,,,,
1780357350.039,81621.0,7755.379,9.671103,,,,
1780357350.132,81646.0,7600.783,9.605817,,,,
1780357350.133,81671.0,7442.432,9.538213,,,,
1780357350.133,81696.0,7283.799,9.470608,,,,
1780357350.134,81721.0,7122.344,9.401406,,,,
1780357350.216,81746.0,6965.004,9.333721,,,,
1780357350.217,81771.0,6811.678,9.267046,,,,
1780357350.218,81796.0,6658.583,9.200622,,,,
1780357350.316,81821.0,6510.594,9.135962,,,,
1780357350.318,81846.0,6362.515,9.071301,,,,
1780357350.319,81871.0,6216.636,9.007397,,,,
1780357350.320,81896.0,6081.902,8.947523,,,,
1780357350.415,81921.0,5995.672,8.90593,,,,
1780357350.416,81946.0,5908.895,8.863861,,,,
1780357350.417,81971.0,5822.862,8.82228,,,,
1780357350.418,81996.0,5737.28,8.780944,,,,
1780357350.532,82021.0,5652.015,8.73961,,,,
1780357350.533,82046.0,5609.916,8.717807,,,,
1780357350.534,82071.0,5585.589,8.704532,,,,
1780357350.535,82096.0,5561.623,8.691488,,,,
1780357350.535,82121.0,5541.708,8.680766,,,,
1780357350.632,82146.0,5524.423,8.671449,,,,
1780357350.633,82171.0,5511.113,8.664468,,,,
1780357350.634,82196.0,5503.343,8.660275,,,,
1780357350.634,82221.0,5498.922,8.658176,,,,
1780357350.732,82246.0,5499.639,8.658875,,,,
1780357350.733,82271.0,5503.594,8.661202,,,,
1780357350.735,82296.0,5511.776,8.665849,,,,
1780357350.735,82321.0,5521.223,8.671194,,,,
1780357350.849,82346.0,5547.645,8.68566,,,,
1780357350.850,82371.0,5587.871,8.706994,,,,
1780357350.851,82396.0,5628.211,8.728089,,,,
1780357350.851,82421.0,5672.702,8.751568,,,,
1780357351.472,83042.0,5837.549,8.821782,,,,
1780357351.557,83067.0,5999.812,8.890984,,,,
1780357351.557,83092.0,6160.659,8.959931,,,,
1780357351.558,83117.0,6319.897,9.028605,,,,
1780357351.559,83142.0,6448.688,9.08625,,,,
1780357351.632,83167.0,6570.331,9.141636,,,,
1780357351.633,83192.0,6690.067,9.196524,,,,
1780357351.634,83217.0,6809.338,9.250915,,,,
1780357351.716,83242.0,6928.681,9.305553,,,,
1780357351.718,83267.0,7046.314,9.359448,,,,
1780357351.719,83292.0,7133.606,9.401978,,,,
1780357351.816,83317.0,7221.634,9.444278,,,,
1780357351.817,83342.0,7306.281,9.484716,,,,
1780357351.819,83367.0,7390.576,9.524923,,,,
1780357351.820,83392.0,7473.868,9.564668,,,,
1780357351.917,83417.0,7553.581,9.602568,,,,
1780357351.918,83442.0,7630.619,9.638842,,,,
1780357351.918,83467.0,7706.732,9.674405,,,,
1780357351.919,83492.0,7781.719,9.709503,,,,
1780357351.999,83517.0,7856.665,9.744845,,,,
1780357352.000,83542.0,7930.521,9.779489,,,,
1780357352.001,83567.0,7990.391,9.806617,,,,
1780357352.002,83592.0,8036.741,9.826877,,,,
1780357352.082,83617.0,8083.003,9.847375,,,,
1780357352.083,83642.0,8125.012,9.86549,,,,
1780357352.084,83667.0,8046.804,9.837113,,,,
1780357352.164,83692.0,7971.172,9.809751,,,,
1780357352.165,83717.0,7896.982,9.78264,,,,
1780357352.166,83742.0,7824.292,9.755791,,,,
1780357352.248,83767.0,7782.19,9.739985,,,,
1780357352.249,83792.0,7747.255,9.726424,,,,
1780357352.249,83817.0,7714.329,9.713605,,,,
1780357352.250,83842.0,7681.865,9.701038,,,,
1780357352.332,83867.0,7649.497,9.688225,,,,
1780357352.333,83892.0,7618.817,9.676154,,,,
1780357352.333,83917.0,7618.951,9.675909,,,,
1780357352.417,83942.0,7618.409,9.675665,,,,
1780357352.418,83967.0,7618.241,9.675665,,,,
1780357352.419,83992.0,7618.118,9.675665,,,,
1780357352.498,84017.0,7618.162,9.675665,,,,
1780357352.499,84042.0,7618.064,9.67542,,,,
1780357352.500,84067.0,7618.162,9.675175,,,,
1780357352.501,84092.0,7618.107,9.67542,,,,
1780357352.584,84117.0,7618.169,9.67542,,,,
1780357352.585,84142.0,7618.134,9.675175,,,,
1780357352.586,84167.0,7617.957,9.675175,,,,
1780357352.681,84192.0,7617.762,9.675175,,,,
1780357352.682,84217.0,7617.727,9.675175,,,,
1780357352.682,84242.0,7617.754,9.67542,,,,
1780357352.683,84267.0,7617.816,9.67542,,,,
1780357352.764,84292.0,7617.772,9.67542,,,,
1780357352.765,84317.0,7617.87,9.675419,,,,
1780357352.766,84342.0,7617.906,9.675175,,,,
1780357352.847,84367.0,7617.737,9.675419,,,,
1780357352.849,84392.0,7617.692,9.675419,,,,
1780357352.849,84417.0,7617.631,9.675419,,,,
1780357352.850,84442.0,7617.48,9.675175,,,,
1780357352.932,84467.0,7617.551,9.675419,,,,
1780357352.933,84492.0,7617.506,9.675419,,,,
1780357352.934,84517.0,7617.754,9.675419,,,,
1780357353.015,84542.0,7617.683,9.675665,,,,
1780357353.016,84567.0,7617.569,9.675909,,,,
1780357353.017,84592.0,7617.542,9.676153,,,,
1780357353.098,84617.0,7617.639,9.676153,,,,
1780357353.100,84642.0,7617.498,9.676153,,,,
1780357353.101,84667.0,7617.498,9.676153,,,,
1780357353.102,84692.0,7617.346,9.676154,,,,
1780357353.181,84717.0,7617.284,9.675909,,,,
1780357353.182,84742.0,7617.116,9.676154,,,,
1780357353.183,84767.0,7617.063,9.676154,,,,
1780357353.264,84792.0,7617.169,9.675909,,,,
1780357353.266,84817.0,7617.417,9.675909,,,,
1780357353.267,84842.0,7617.453,9.676154,,,,
1780357353.347,84867.0,7617.391,9.676154,,,,
1780357353.348,84892.0,7617.311,9.676154,,,,
1780357353.349,84917.0,7617.391,9.675909,,,,
1780357353.447,84942.0,7617.267,9.675665,,,,
1780357353.449,84967.0,7617.232,9.675665,,,,
1780357353.450,84992.0,7617.302,9.675664,,,,
1780357353.451,85017.0,7617.337,9.675665,,,,
1780357353.452,85042.0,7617.426,9.675909,,,,
1780357353.530,85067.0,7617.382,9.675909,,,,
1780357353.531,85092.0,7617.364,9.675664,,,,
1780357353.532,85117.0,7617.347,9.675664,,,,
1780357353.615,85142.0,7617.1,9.675665,,,,
1780357353.616,85167.0,7617.224,9.675664,,,,
1780357353.617,85192.0,7617.125,9.67542,,,,
1780357353.681,85217.0,7617.109,9.675175,,,,
1780357353.682,85242.0,7617.161,9.675175,,,,
1780357353.683,85267.0,7617.055,9.675175,,,,
1780357353.747,85292.0,7616.967,9.675175,,,,
1780357353.748,85317.0,7617.029,9.675175,,,,
1780357353.814,85342.0,7616.896,9.67542,,,,
1780357353.815,85367.0,7616.975,9.67542,,,,
1780357353.816,85392.0,7616.931,9.675664,,,,
1780357353.914,85417.0,7616.948,9.675664,,,,
1780357353.915,85442.0,7616.86,9.675664,,,,
1780357353.916,85467.0,7616.806,9.675419,,,,
1780357353.916,85492.0,7616.673,9.675175,,,,
1780357353.998,85517.0,7616.656,9.675175,,,,
1780357354.000,85542.0,7616.514,9.675175,,,,
1780357354.001,85567.0,7616.533,9.675175,,,,
1780357354.002,85592.0,7616.479,9.675175,,,,
1780357354.100,85617.0,7616.453,9.675175,,,,
1780357354.101,85642.0,7616.426,9.674931,,,,
1780357354.103,85667.0,7616.294,9.674685,,,,
1780357354.103,85692.0,7616.444,9.674685,,,,
1780357354.181,85717.0,7616.479,9.674931,,,,
1780357354.182,85742.0,7616.471,9.675175,,,,
1780357354.182,85767.0,7616.559,9.675175,,,,
1780357354.247,85792.0,7616.409,9.675175,,,,
1780357354.248,85817.0,7616.523,9.675175,,,,
1780357354.314,85842.0,7616.532,9.675175,,,,
1780357354.315,85867.0,7616.426,9.675175,,,,
1780357354.315,85892.0,7616.522,9.675175,,,,
1780357354.397,85917.0,7616.558,9.675175,,,,
1780357354.399,85942.0,7616.549,9.675175,,,,
1780357354.400,85967.0,7616.656,9.675175,,,,
1780357354.401,85992.0,7616.479,9.674931,,,,
1780357354.481,86017.0,7616.506,9.674931,,,,
1780357354.482,86042.0,7616.348,9.675175,,,,
1780357354.482,86067.0,7616.382,9.675175,,,,
1780357354.565,86092.0,7616.267,9.675175,,,,
1780357354.566,86117.0,7616.312,9.675175,,,,
1780357354.566,86142.0,7616.329,9.675419,,,,
1780357354.647,86167.0,7616.355,9.675419,,,,
1780357354.649,86192.0,7616.204,9.67542,,,,
1780357354.650,86217.0,7616.195,9.67542,,,,
1780357354.651,86242.0,7616.354,9.67542,,,,
1780357354.730,86267.0,7616.248,9.67542,,,,
1780357354.731,86292.0,7616.319,9.67542,,,,
1780357354.732,86317.0,7616.266,9.67542,,,,
1780357354.800,86342.0,7616.143,9.675175,,,,
1780357354.801,86367.0,7616.161,9.675175,,,,
1780357354.801,86392.0,7616.09,9.675175,,,,
1780357354.880,86417.0,7616.099,9.674931,,,,
1780357354.881,86442.0,7616.143,9.675175,,,,
1780357354.882,86467.0,7616.116,9.675175,,,,
1780357354.947,86492.0,7616.107,9.675175,,,,
1780357354.948,86517.0,7616.09,9.675175,,,,
1780357355.564,87140.0,7616.019,9.675175,,,,
1780357355.684,87165.0,7615.983,9.675175,,,,
1780357355.685,87190.0,7616.027,9.675175,,,,
1780357355.686,87215.0,7616.24,9.675175,,,,
1780357355.687,87240.0,7616.134,9.674931,,,,
1780357355.687,87265.0,7616.24,9.674685,,,,
1780357355.764,87290.0,7616.045,9.674685,,,,
1780357355.765,87315.0,7616.213,9.674685,,,,
1780357355.766,87340.0,7616.249,9.674931,,,,
1780357355.849,87365.0,7616.275,9.674685,,,,
1780357355.850,87390.0,7616.417,9.674685,,,,
1780357355.851,87415.0,7616.506,9.674931,,,,
1780357355.852,87440.0,7616.444,9.675175,,,,
1780357355.932,87465.0,7616.337,9.674931,,,,
1780357355.934,87490.0,7616.303,9.674931,,,,
1780357355.935,87515.0,7616.436,9.674931,,,,
1780357356.015,87540.0,7616.391,9.674931,,,,
1780357356.016,87565.0,7616.355,9.675175,,,,
1780357356.017,87590.0,7616.292,9.675175,,,,
1780357356.098,87615.0,7616.31,9.675175,,,,
1780357356.099,87640.0,7616.196,9.675175,,,,
1780357356.100,87665.0,7616.08,9.675175,,,,
1780357356.101,87690.0,7615.982,9.675175,,,,
1780357356.181,87715.0,7615.921,9.675175,,,,
1780357356.182,87740.0,7615.789,9.675175,,,,
1780357356.182,87765.0,7615.798,9.675175,,,,
1780357356.263,87790.0,7615.648,9.675175,,,,
1780357356.264,87815.0,7615.683,9.674931,,,,
1780357356.265,87840.0,7615.692,9.674931,,,,
1780357356.348,87865.0,7615.674,9.675175,,,,
1780357356.349,87890.0,7615.542,9.675175,,,,
1780357356.350,87915.0,7615.506,9.675175,,,,
1780357356.351,87940.0,7615.373,9.67542,,,,
1780357356.429,87965.0,7615.355,9.675175,,,,
1780357356.430,87990.0,7615.399,9.67542,,,,
1780357356.431,88015.0,7615.302,9.675664,,,,
1780357356.497,88040.0,7615.257,9.675664,,,,
1780357356.497,88065.0,7615.223,9.675419,,,,
1780357356.498,88090.0,7615.027,9.675664,,,,
1780357356.564,88115.0,7615.107,9.675664,,,,
1780357356.566,88140.0,7614.921,9.675664,,,,
1780357356.648,88165.0,7614.895,9.675664,,,,
1780357356.650,88190.0,7614.842,9.67542,,,,
1780357356.651,88215.0,7614.983,9.675175,,,,
1780357356.652,88240.0,7614.921,9.675175,,,,
1780357356.741,88265.0,7614.966,9.675175,,,,
1780357356.742,88290.0,7615.072,9.674931,,,,
1780357356.744,88315.0,7615.134,9.674931,,,,
1780357356.830,88340.0,7614.984,9.674931,,,,
1780357356.831,88365.0,7614.587,9.674686,,,,
1780357356.832,88390.0,7613.82,9.674442,,,,
1780357356.833,88415.0,7613.413,9.674442,,,,
1780357356.930,88440.0,7617.851,9.676155,,,,
1780357356.931,88465.0,7623.772,9.678603,,,,
1780357356.932,88490.0,7632.423,9.681788,,,,
1780357356.932,88515.0,7641.185,9.685218,,,,
1780357357.014,88540.0,7645.891,9.686932,,,,
1780357357.015,88565.0,7645.767,9.686687,,,,
1780357357.015,88590.0,7653.051,9.689871,,,,
1780357357.105,88615.0,7660.815,9.693055,,,,
1780357357.108,88640.0,7637.348,9.682612,,,,
1780357357.111,88665.0,7607.204,9.669281,,,,
1780357357.113,88690.0,7580.415,9.657879,,,,
1780357357.202,88715.0,7564.424,9.65082,,,,
1780357357.203,88740.0,7549.345,9.644249,,,,
1780357357.204,88765.0,7531.298,9.636225,,,,
1780357357.205,88790.0,7512.203,9.627717,,,,
1780357357.285,88815.0,7492.35,9.618967,,,,
1780357357.293,88840.0,7476.138,9.611911,,,,
1780357357.295,88865.0,7463.309,9.606552,,,,
1780357357.381,88890.0,7547.014,9.636694,,,,
1780357357.383,88915.0,7627.085,9.665821,,,,
1780357357.384,88940.0,7690.746,9.690146,,,,
1780357357.385,88965.0,7723.474,9.702713,,,,
1780357357.463,88990.0,7674.625,9.681508,,,,
1780357357.464,89015.0,7649.833,9.670832,,,,
1780357357.466,89040.0,7657.486,9.67377,,,,
1780357357.564,89065.0,7710.781,9.693615,,,,
1780357357.565,89090.0,7766.813,9.713981,,,,
1780357357.566,89115.0,7768.922,9.714226,,,,
1780357357.567,89140.0,7752.135,9.707382,,,,
1780357357.647,89165.0,7722.308,9.694988,,,,
1780357357.648,89190.0,7711.984,9.691574,,,,
1780357357.649,89215.0,7799.378,9.723112,,,,
1780357357.650,89240.0,7923.462,9.815408,,,,
1780357357.732,89265.0,8075.592,9.949018,,,,
1780357357.732,89290.0,8154.253,9.980403,,,,
1780357357.733,89315.0,8130.916,9.969408,,,,
1780357357.814,89340.0,8127.373,9.967957,,,,
1780357357.815,89365.0,8135.331,9.971601,,,,
1780357357.816,89390.0,8199.865,9.997424,,,,
1780357357.899,89415.0,8285.02,10.030257,,,,
1780357357.900,89440.0,8351.519,10.056307,,,,
1780357357.901,89465.0,8367.615,10.063119,,,,
1780357357.902,89490.0,8385.764,10.070436,,,,
1780357357.980,89515.0,8333.017,10.052612,,,,
1780357357.982,89540.0,8375.425,10.110514,,,,
1780357357.983,89565.0,8475.74,10.683331,,,,
1780357358.064,89590.0,8553.438,10.731126,,,,
1780357358.066,89615.0,8630.468,10.763653,,,,
1780357358.067,89640.0,8595.336,10.747446,,,,
1780357358.166,89665.0,8536.335,10.721632,,,,
1780357358.167,89690.0,8456.688,10.691084,,,,
1780357358.168,89715.0,8444.781,10.687069,,,,
1780357358.169,89740.0,8506.589,10.709991,,,,
1780357358.263,89765.0,8583.192,10.738487,,,,
1780357358.264,89790.0,8650.768,10.76497,,,,
1780357358.264,89815.0,8662.175,10.768628,,,,
1780357358.265,89840.0,8594.687,10.744737,,,,
1780357358.382,89865.0,8568.881,10.696848,,,,
1780357358.383,89890.0,8599.872,11.101663,,,,
1780357358.383,89915.0,8676.905,11.128096,,,,
1780357358.384,89940.0,8785.935,11.172555,,,,
1780357358.385,89965.0,8727.49,11.144093,,,,
1780357358.497,89990.0,8699.169,11.131774,,,,
1780357358.498,90015.0,8622.05,11.100648,,,,
1780357358.499,90040.0,8576.005,11.084185,,,,
1780357358.500,90065.0,8597.818,11.091967,,,,
1780357358.500,90090.0,8663.244,11.116033,,,,
1780357358.523,90115.0,8688.309,11.343954,,,,
1780357358.557,90140.0,8659.372,11.32622,,,,
1780357358.583,90165.0,8543.985,11.218576,,,,
1780357358.607,90190.0,8442.921,10.624628,,,,
1780357358.633,90215.0,8462.088,10.672127,,,,
1780357358.658,90240.0,8561.884,10.845472,,,,
1780357358.683,90265.0,8701.532,10.930485,,,,
1780357358.707,90290.0,8746.709,10.959895,,,,
1780357358.732,90315.0,8715.996,10.939507,,,,
1780357358.758,90340.0,8637.642,10.89259,,,,
1780357358.783,90365.0,8568.481,10.8531,,,,
1780357358.808,90390.0,8546.528,10.841086,,,,
1780357358.834,90415.0,8564.017,10.850912,,,,
1780357358.860,90440.0,8607.744,10.875895,,,,
1780357358.886,90465.0,8584.94,10.861878,,,,
1780357358.901,90490.0,8480.412,10.793196,,,,
1780357359.048,90515.0,8352.338,10.251393,,,,
1780357359.049,90540.0,8310.32,10.228987,,,,
1780357359.050,90565.0,8342.466,10.24668,,,,
1780357359.050,90590.0,8509.505,10.350186,,,,
1780357359.053,90615.0,8598.211,10.403842,,,,
1780357359.054,90640.0,8560.05,10.378256,,,,
1780357359.132,90665.0,8510.525,10.347919,,,,
1780357359.133,90690.0,8429.621,10.301208,,,,
1780357359.134,90715.0,8403.577,10.287125,,,,
1780357359.231,90740.0,8436.247,10.305781,,,,
1780357359.233,90765.0,8490.074,10.336833,,,,
1780357359.234,90790.0,8492.108,10.337494,,,,
1780357359.235,90815.0,8431.957,10.302373,,,,
1780357359.312,90840.0,8315.324,10.179767,,,,
1780357359.313,90865.0,8229.062,10.014157,,,,
1780357359.314,90890.0,8209.375,10.003322,,,,
1780357359.396,90915.0,8275.875,10.042395,,,,
1780357359.397,90940.0,8383.957,10.108873,,,,
1780357359.398,90965.0,8439.146,10.143093,,,,
1780357359.398,90990.0,8399.273,10.118246,,,,
1780357359.480,91015.0,8349.1,10.08899,,,,
1780357359.481,91040.0,8319.19,10.072398,,,,
1780357359.482,91065.0,8328.028,10.077953,,,,
1780357359.563,91090.0,8380.231,10.108197,,,,
1780357359.564,91115.0,8393.383,10.115789,,,,
1780357359.564,91140.0,8365.223,10.098943,,,,
1780357359.647,91165.0,8281.363,10.050678,,,,
1780357359.648,91190.0,8195.863,10.002237,,,,
1780357359.650,91215.0,8125.266,9.962512,,,,
1780357359.651,91240.0,8091.157,9.943356,,,,
1780357359.729,91265.0,8174.459,9.997863,,,,
1780357359.730,91290.0,8209.016,10.019977,,,,
1780357359.731,91315.0,8176.76,9.999201,,,,
1780357359.796,91340.0,8117.962,9.964122,,,,
1780357359.797,91365.0,8059.435,9.931067,,,,
1780357359.798,91390.0,8052.091,9.927562,,,,
1780357359.879,91415.0,8100.223,9.95576,,,,
1780357359.880,91440.0,8135.504,9.97654,,,,
1780357359.882,91465.0,8122.679,9.968771,,,,
1780357359.963,91490.0,8072.893,9.9389,,,,
1780357359.964,91515.0,8005.291,9.899368,,,,
1780357359.965,91540.0,7957.215,9.87189,,,,
1780357360.045,91565.0,7919.786,9.850804,,,,
1780357360.046,91590.0,7906.588,9.843416,,,,
1780357360.047,91615.0,7945.739,9.868852,,,,
1780357360.048,91640.0,7927.466,9.857837,,,,
1780357360.129,91665.0,7871.066,9.823829,,,,
1780357360.130,91690.0,7810.456,9.788721,,,,
1780357360.131,91715.0,7791.296,9.778559,,,,
1780357360.213,91740.0,7821.935,9.796967,,,,
1780357360.215,91765.0,7862.472,9.820823,,,,
1780357360.216,91790.0,7861.556,9.820392,,,,
1780357360.296,91815.0,7854.397,9.816238,,,,
1780357360.297,91840.0,7833.444,9.803861,,,,
1780357360.298,91865.0,7829.68,9.801613,,,,
1780357360.299,91890.0,7852.321,9.814657,,,,
1780357360.378,91915.0,7889.634,9.83638,,,,
1780357360.379,91940.0,7960.709,9.881274,,,,
1780357360.380,91965.0,7989.288,9.899052,,,,
1780357360.462,91990.0,7946.188,9.872333,,,,
1780357360.463,92015.0,7885.917,9.837093,,,,
1780357360.464,92040.0,7844.629,9.813983,,,,
1780357360.545,92065.0,7857.549,9.821614,,,,
1780357360.546,92090.0,7910.226,9.852419,,,,
1780357360.547,92115.0,7933.067,9.866382,,,,
1780357360.548,92140.0,7946.017,9.874398,,,,
1780357360.630,92165.0,7934.968,9.867725,,,,
1780357360.631,92190.0,7941.65,9.871316,,,,
1780357360.631,92215.0,7997.724,9.902717,,,,
1780357360.711,92240.0,8059.498,9.937693,,,,
1780357360.712,92265.0,8134.975,9.982655,,,,
1780357360.713,92290.0,8202.251,10.023607,,,,
1780357360.796,92315.0,8162.656,9.998425,,,,
1780357360.797,92340.0,8111.717,9.968107,,,,
1780357360.798,92365.0,8069.781,9.943955,,,,
1780357360.798,92390.0,8065.533,9.941592,,,,
1780357360.879,92415.0,8113.681,9.969958,,,,
1780357360.879,92440.0,8152.123,9.992601,,,,
1780357360.880,92465.0,8160.571,9.997752,,,,
1780357360.962,92490.0,8145.019,9.988195,,,,
1780357360.963,92515.0,8117.717,9.972475,,,,
1780357360.964,92540.0,8142.322,9.986032,,,,
1780357361.045,92565.0,8215.19,10.025314,,,,
1780357361.046,92590.0,8295.77,10.070525,,,,
1780357361.047,92615.0,8407.871,10.136979,,,,
1780357361.130,92640.0,8405.962,10.135374,,,,
1780357361.131,92665.0,8364.443,10.110069,,,,
1780357361.132,92690.0,8311.262,10.079174,,,,
1780357361.133,92715.0,8290.726,10.067744,,,,
1780357361.246,92740.0,8338.777,10.095227,,,,
1780357361.247,92765.0,8384.271,10.121361,,,,
1780357361.248,92790.0,8376.676,10.116392,,,,
1780357361.249,92815.0,8348.256,10.099284,,,,
1780357361.250,92840.0,8276.758,10.058354,,,,
1780357361.328,92865.0,8267.33,10.053411,,,,
1780357361.330,92890.0,8331.807,10.121769,,,,
1780357361.332,92915.0,8407.297,10.206553,,,,
1780357361.412,92940.0,8544.334,10.286993,,,,
1780357361.414,92965.0,8587.744,10.312791,,,,
1780357361.415,92990.0,8563.072,10.297532,,,,
1780357361.495,93015.0,8519.813,10.271929,,,,
1780357361.496,93040.0,8495.14,10.257692,,,,
1780357361.497,93065.0,8514.423,10.268377,,,,
1780357361.498,93090.0,8564.662,10.296742,,,,
1780357361.582,93115.0,8588.663,10.310246,,,,
1780357361.583,93140.0,8587.105,10.308455,,,,
1780357361.584,93165.0,8524.122,10.271733,,,,
1780357361.662,93190.0,8463.74,10.238975,,,,
1780357361.664,93215.0,8469.765,10.24352,,,,
1780357361.665,93240.0,8504.395,10.272372,,,,
1780357361.745,93265.0,8614.808,10.336254,,,,
1780357361.746,93290.0,8708.039,10.390322,,,,
1780357361.747,93315.0,8671.134,10.366357,,,,
1780357361.829,93340.0,8633.323,10.343627,,,,
1780357361.831,93365.0,8576.171,10.310601,,,,
1780357361.832,93390.0,8572.819,10.308666,,,,
1780357361.833,93415.0,8647.119,10.351093,,,,
1780357361.911,93440.0,8691.581,10.376694,,,,
1780357361.912,93465.0,8708.863,10.386354,,,,
1780357361.913,93490.0,8660.91,10.357708,,,,
1780357361.997,93515.0,8563.149,10.269859,,,,
1780357361.998,93540.0,8543.39,10.214617,,,,
1780357362.000,93565.0,8578.258,10.304911,,,,
1780357362.000,93590.0,8671.945,10.408484,,,,
1780357362.079,93615.0,8771.635,10.465971,,,,
1780357362.080,93640.0,8748.3,10.450545,,,,
1780357362.080,93665.0,8714.612,10.429946,,,,
1780357362.163,93690.0,8656.468,10.396045,,,,
1780357362.164,93715.0,8628.204,10.380301,,,,
1780357362.164,93740.0,8669.606,10.403724,,,,
1780357362.248,93765.0,8713.199,10.428489,,,,
1780357362.249,93790.0,8724.186,10.434905,,,,
1780357362.249,93815.0,8695.322,10.417634,,,,
1780357362.250,93840.0,8618.738,10.37337,,,,
1780357362.347,93865.0,8574.05,10.338678,,,,
1780357362.349,93890.0,8602.577,10.442892,,,,
1780357362.350,93915.0,8654.672,10.50632,,,,
1780357362.351,93940.0,8783.773,10.582276,,,,
1780357362.428,93965.0,8804.057,10.594255,,,,
1780357362.429,93990.0,8778.11,10.578253,,,,
1780357362.430,94015.0,8718.744,10.542732,,,,
1780357362.518,94040.0,8665.602,10.512951,,,,
1780357362.520,94065.0,8685.387,10.523997,,,,
1780357362.521,94090.0,8725.215,10.546792,,,,
1780357362.595,94115.0,8744.219,10.558064,,,,
1780357362.596,94140.0,8735.709,10.552629,,,,
1780357362.597,94165.0,8650.378,10.505157,,,,
1780357362.680,94190.0,8570.41,10.390524,,,,
1780357362.682,94215.0,8565.74,10.347638,,,,
1780357362.683,94240.0,8610.092,10.407301,,,,
1780357362.684,94265.0,8740.045,10.495881,,,,
1780357362.778,94290.0,8809.228,10.536435,,,,
1780357362.780,94315.0,8778.344,10.51706,,,,
1780357362.781,94340.0,8745.574,10.497345,,,,
1780357362.782,94365.0,8688.172,10.464746,,,,
1780357362.861,94390.0,8685.084,10.463614,,,,
1780357362.863,94415.0,8729.308,10.488558,,,,
1780357362.864,94440.0,8772.28,10.513206,,,,
1780357362.945,94465.0,8787.813,10.522072,,,,
1780357362.946,94490.0,8747.057,10.498533,,,,
1780357362.947,94515.0,8657.97,10.360273,,,,
1780357363.031,94540.0,8639.146,10.31609,,,,
1780357363.033,94565.0,8673.001,10.396471,,,,
1780357363.034,94590.0,8778.443,10.514651,,,,
1780357363.035,94615.0,8874.725,10.570913,,,,
1780357363.111,94640.0,8844.114,10.55072,,,,
1780357363.112,94665.0,8812.893,10.531891,,,,
1780357363.113,94690.0,8746.483,10.493584,,,,
1780357363.195,94715.0,8718.229,10.477597,,,,
1780357363.196,94740.0,8757.241,10.499543,,,,
1780357363.197,94765.0,8796.735,10.522242,,,,
1780357363.198,94790.0,8799.723,10.524082,,,,
1780357363.283,94815.0,8763.914,10.502898,,,,
1780357363.285,94840.0,8656.614,10.431071,,,,
1780357363.286,94865.0,8604.676,10.367581,,,,
1780357363.379,94890.0,8626.703,10.430825,,,,
1780357363.382,94915.0,8690.504,10.472201,,,,
1780357363.384,94940.0,8818.78,10.546899,,,,
1780357363.385,94965.0,8861.973,10.572468,,,,
1780357363.473,94990.0,8834.218,10.555596,,,,
1780357363.475,95015.0,8780.428,10.523871,,,,
1780357363.477,95040.0,8733.204,10.497332,,,,
1780357363.478,95065.0,8729.513,10.495578,,,,
1780357363.545,95090.0,8754.146,10.509352,,,,
1780357363.546,95115.0,8754.565,10.509684,,,,
1780357363.611,95140.0,8726.738,10.493131,,,,
1780357363.612,95165.0,8626.088,10.435298,,,,
1780357363.613,95190.0,8537.558,10.325131,,,,
1780357363.695,95215.0,8520.426,10.256101,,,,
1780357363.696,95240.0,8555.76,10.300029,,,,
1780357363.697,95265.0,8701.052,10.386253,,,,
1780357363.698,95290.0,8799.886,10.443636,,,,
1780357363.779,95315.0,8768.365,10.424157,,,,
1780357363.780,95340.0,8738.602,10.407259,,,,
1780357363.780,95365.0,8682.336,10.375874,,,,
1780357363.862,95390.0,8658.06,10.362946,,,,
1780357363.864,95415.0,8702.517,10.388437,,,,
1780357363.865,95440.0,8727.338,10.40339,,,,
1780357363.944,95465.0,8730.916,10.406336,,,,
1780357363.945,95490.0,8674.394,10.37483,,,,
1780357363.946,95515.0,8576.349,10.25772,,,,
1780357364.029,95540.0,8550.975,10.238119,,,,
1780357364.031,95565.0,8579.003,10.322172,,,,
1780357364.032,95590.0,8655.604,10.416794,,,,
1780357364.033,95615.0,8751.265,10.473967,,,,
1780357364.112,95640.0,8724.225,10.458279,,,,
1780357364.113,95665.0,8691.878,10.440204,,,,
1780357364.113,95690.0,8641.737,10.412398,,,,
1780357364.194,95715.0,8617.171,10.40038,,,,
1780357364.195,95740.0,8667.103,10.42933,,,,
1780357364.196,95765.0,8724.554,10.463458,,,,
1780357364.278,95790.0,8720.629,10.462657,,,,
1780357364.279,95815.0,8686.575,10.444096,,,,
1780357364.280,95840.0,8588.762,10.391531,,,,
1780357364.281,95865.0,8544.152,10.344699,,,,
1780357364.377,95890.0,8562.345,10.402486,,,,
1780357364.379,95915.0,8593.443,10.46034,,,,
1780357364.380,95940.0,8717.071,10.534254,,,,
1780357364.381,95965.0,8745.913,10.553444,,,,
1780357364.463,95990.0,8717.337,10.53833,,,,
1780357364.464,96015.0,8683.029,10.520006,,,,
1780357364.465,96040.0,8638.242,10.496666,,,,
1780357364.544,96065.0,8661.916,10.511761,,,,
1780357364.545,96090.0,8706.89,10.53889,,,,
1780357364.546,96115.0,8716.084,10.545464,,,,
1780357364.628,96140.0,8693.138,10.53337,,,,
1780357364.630,96165.0,8602.438,10.484519,,,,
1780357364.631,96190.0,8517.902,10.372013,,,,
1780357364.632,96215.0,8516.198,10.368674,,,,
1780357364.712,96240.0,8561.065,10.43359,,,,
1780357364.713,96265.0,8692.46,10.511333,,,,
1780357364.715,96290.0,8770.572,10.557912,,,,
1780357364.795,96315.0,8736.157,10.538024,,,,
1780357364.796,96340.0,8697.591,10.516325,,,,
1780357364.798,96365.0,8633.809,10.481833,,,,
1780357364.798,96390.0,8621.074,10.475456,,,,
1780357364.877,96415.0,8685.204,10.512376,,,,
1780357364.878,96440.0,8730.08,10.537888,,,,
1780357364.879,96465.0,8735.241,10.540416,,,,
1780357364.961,96490.0,8680.963,10.508622,,,,
1780357364.963,96515.0,8593.696,10.414021,,,,
1780357364.963,96540.0,8570.434,10.360563,,,,
1780357365.050,96565.0,8605.872,10.407403,,,,
1780357365.052,96590.0,8688.282,10.459764,,,,
1780357365.053,96615.0,8787.348,10.514978,,,,
1780357365.055,96640.0,8763.158,10.497679,,,,
1780357365.127,96665.0,8737.965,10.481018,,,,
1780357365.128,96690.0,8675.523,10.44323,,,,
1780357365.129,96715.0,8642.512,10.423239,,,,
1780357365.195,96740.0,8690.122,10.447975,,,,
1780357365.196,96765.0,8748.612,10.478822,,,,
1780357365.278,96790.0,8776.926,10.492266,,,,
1780357365.280,96815.0,8748.058,10.472744,,,,
1780357365.281,96840.0,8647.756,10.367114,,,,
1780357365.282,96865.0,8606.933,10.303025,,,,
1780357365.369,96890.0,8631.445,10.366562,,,,
1780357365.371,96915.0,8695.625,10.541986,,,,
1780357365.372,96940.0,8829.4,10.617943,,,,
1780357365.373,96965.0,8861.554,10.634356,,,,
1780357365.444,96990.0,8833.723,10.615,,,,
1780357365.445,97015.0,8772.935,10.577612,,,,
1780357365.511,97040.0,8719.431,10.545557,,,,
1780357365.512,97065.0,8720.229,10.544719,,,,
1780357365.513,97090.0,8770.894,10.571731,,,,
1780357365.595,97115.0,8800.421,10.587174,,,,
1780357365.597,97140.0,8775.586,10.570736,,,,
1780357365.599,97165.0,8692.358,10.523004,,,,
1780357365.601,97190.0,8630.408,10.460123,,,,
1780357365.716,97215.0,8641.327,10.546714,,,,
1780357365.718,97240.0,8685.644,10.7093,,,,
1780357365.719,97265.0,8826.138,10.802576,,,,
1780357365.721,97290.0,8899.69,10.844564,,,,
1780357365.831,97315.0,8865.605,10.822625,,,,
1780357365.832,97340.0,8837.192,10.805011,,,,
1780357365.833,97365.0,8778.0,10.771244,,,,
1780357365.834,97390.0,8757.727,10.759839,,,,
1780357365.835,97415.0,8780.089,10.772142,,,,
1780357365.913,97440.0,8801.69,10.784452,,,,
1780357365.914,97465.0,8807.084,10.787031,,,,
1780357365.914,97490.0,8741.237,10.749362,,,,
1780357365.994,97515.0,8654.07,10.648783,,,,
1780357365.995,97540.0,8639.539,10.505439,,,,
1780357365.996,97565.0,8663.973,10.549663,,,,
1780357366.077,97590.0,8754.363,10.650826,,,,
1780357366.078,97615.0,8862.44,10.712601,,,,
1780357366.079,97640.0,8828.079,10.689926,,,,
1780357366.080,97665.0,8816.487,10.682667,,,,
1780357366.161,97690.0,8769.383,10.65501,,,,
1780357366.162,97715.0,8724.979,10.630262,,,,
1780357366.163,97740.0,8745.039,10.641619,,,,
1780357366.245,97765.0,8793.298,10.669336,,,,
1780357366.246,97790.0,8816.313,10.682664,,,,
1780357366.247,97815.0,8766.792,10.653912,,,,
1780357366.248,97840.0,8662.286,10.506001,,,,
1780357366.329,97865.0,8633.59,10.350925,,,,
1780357366.330,97890.0,8653.045,10.405755,,,,
1780357366.330,97915.0,8716.465,10.484848,,,,
1780357366.412,97940.0,8867.37,10.617263,,,,
1780357366.413,97965.0,8877.491,10.623,,,,
1780357366.414,97990.0,8853.864,10.608646,,,,
1780357366.495,98015.0,8804.643,10.579375,,,,
1780357366.496,98040.0,8765.462,10.557452,,,,
1780357366.496,98065.0,8797.137,10.575164,,,,
1780357366.578,98090.0,8842.369,10.600589,,,,
1780357366.580,98115.0,8868.017,10.615228,,,,
1780357366.581,98140.0,8837.885,10.597219,,,,
1780357366.582,98165.0,8738.917,10.534437,,,,
1780357366.662,98190.0,8684.168,10.472847,,,,
1780357366.663,98215.0,8684.871,10.465123,,,,
1780357366.664,98240.0,8721.363,10.571698,,,,
1780357366.745,98265.0,8879.063,10.702204,,,,
1780357366.746,98290.0,8932.28,10.733317,,,,
1780357366.747,98315.0,8897.295,10.711655,,,,
1780357366.828,98340.0,8875.403,10.698117,,,,
1780357366.829,98365.0,8823.15,10.668311,,,,
1780357366.830,98390.0,8817.521,10.665408,,,,
1780357366.831,98415.0,8856.66,10.687401,,,,
1780357366.912,98440.0,8897.512,10.710618,,,,
1780357366.913,98465.0,8894.03,10.708185,,,,
1780357366.913,98490.0,8813.303,10.663147,,,,
1780357366.995,98515.0,8726.581,10.558648,,,,
1780357366.996,98540.0,8719.462,10.545335,,,,
1780357366.996,98565.0,8735.45,10.536258,,,,
1780357367.078,98590.0,8848.829,10.673192,,,,
1780357367.079,98615.0,8950.16,10.730921,,,,
1780357367.079,98640.0,8920.38,10.71205,,,,
1780357367.080,98665.0,8899.816,10.69976,,,,
1780357367.161,98690.0,8837.529,10.664225,,,,
1780357367.162,98715.0,8817.624,10.653646,,,,
1780357367.164,98740.0,8835.548,10.664055,,,,
1780357367.249,98765.0,8877.664,10.688501,,,,
1780357367.251,98790.0,8894.765,10.6984,,,,
1780357367.252,98815.0,8836.239,10.664543,,,,
1780357367.253,98840.0,8727.404,10.561064,,,,
1780357367.328,98865.0,8683.399,10.450922,,,,
1780357367.329,98890.0,8700.905,10.425961,,,,
1780357367.329,98915.0,8787.09,10.484564,,,,
1780357367.413,98940.0,8949.673,10.674052,,,,
1780357367.414,98965.0,8990.673,10.698671,,,,
1780357367.414,98990.0,8971.425,10.687409,,,,
1780357367.510,99015.0,8913.152,10.653538,,,,
1780357367.511,99040.0,8859.185,10.623575,,,,
1780357367.512,99065.0,8874.943,10.633073,,,,
1780357367.513,99090.0,8932.007,10.666146,,,,
1780357367.611,99115.0,8957.456,10.681499,,,,
1780357367.612,99140.0,8919.324,10.659867,,,,
1780357367.613,99165.0,8810.482,10.565193,,,,
1780357367.615,99190.0,8754.189,10.509005,,,,
1780357367.729,99215.0,8749.277,10.479952,,,,
1780357367.730,99240.0,8785.244,10.550843,,,,
1780357367.731,99265.0,8930.408,10.64272,,,,
1780357367.732,99290.0,8987.554,10.677408,,,,
1780357367.733,99315.0,8967.231,10.666927,,,,
1780357367.827,99340.0,8916.236,10.63826,,,,
1780357367.828,99365.0,8867.625,10.612427,,,,
1780357367.829,99390.0,8866.155,10.613379,,,,
1780357367.830,99415.0,8904.616,10.63672,,,,
1780357367.928,99440.0,8942.857,10.660902,,,,
1780357367.929,99465.0,8941.997,10.663188,,,,
1780357367.930,99490.0,8865.669,10.62311,,,,
1780357367.931,99515.0,8754.867,10.562109,,,,
1780357368.044,99540.0,8744.662,10.634282,,,,
1780357368.045,99565.0,8745.09,10.633227,,,,
1780357368.046,99590.0,8832.748,10.757919,,,,
1780357368.047,99615.0,8921.872,10.811688,,,,
1780357368.048,99640.0,8887.33,10.793518,,,,
1780357368.145,99665.0,8865.41,10.78413,,,,
1780357368.146,99690.0,8792.921,10.746458,,,,
1780357368.147,99715.0,8750.077,10.72618,,,,
1780357368.244,99740.0,8776.14,10.743556,,,,
1780357368.245,99765.0,8830.062,10.777946,,,,
1780357368.247,99790.0,8837.636,10.786658,,,,
1780357368.247,99815.0,8773.914,10.754381,,,,
1780357368.248,99840.0,8663.817,10.652328,,,,
1780357368.361,99865.0,8629.427,10.588912,,,,
1780357368.363,99890.0,8661.213,10.80352,,,,
1780357368.364,99915.0,8734.947,10.873547,,,,
1780357368.365,99940.0,8852.298,10.942917,,,,
1780357368.477,99965.0,8860.518,10.952685,,,,
1780357368.478,99990.0,8832.465,10.940095,,,,
1780357368.479,100015.0,8755.449,10.898981,,,,
1780357368.480,100040.0,8668.915,10.853552,,,,
1780357368.481,100065.0,8611.075,10.824634,,,,
1780357368.594,100090.0,8584.707,10.81262,,,,
1780357368.596,100115.0,8556.85,10.799341,,,,
1780357368.597,100140.0,8509.748,10.773988,,,,
1780357368.598,100165.0,8358.199,10.605587,,,,
1780357368.599,100190.0,8270.257,10.468549,,,,
1780357368.711,100215.0,8275.186,10.457588,,,,
1780357368.712,100240.0,8356.938,11.27988,,,,
1780357368.713,100265.0,8504.275,11.370285,,,,
1780357368.714,100290.0,8531.836,11.388992,,,,
1780357368.827,100315.0,8516.571,11.382451,,,,
1780357368.829,100340.0,8466.777,11.355054,,,,
1780357368.830,100365.0,8387.271,11.31195,,,,
1780357368.831,100390.0,8317.536,11.273108,,,,
1780357368.832,100415.0,8285.041,11.253181,,,,
1780357368.945,100440.0,8258.724,11.236028,,,,
1780357368.946,100465.0,8231.175,11.217159,,,,
1780357368.947,100490.0,8109.344,11.144698,,,,
1780357368.948,100515.0,7966.525,10.864329,,,,
1780357368.949,100540.0,7951.104,10.880369,,,,
1780357369.044,100565.0,7985.79,10.964819,,,,
1780357369.045,100590.0,8149.664,11.313415,,,,
1780357369.045,100615.0,8242.841,11.36277,,,,
1780357369.161,100640.0,8246.445,11.361085,,,,
1780357369.163,100665.0,8256.187,11.362828,,,,
1780357369.164,100690.0,8258.675,11.359177,,,,
1780357369.165,100715.0,8271.123,11.36123,,,,
1780357369.166,100740.0,8289.339,11.366167,,,,
1780357369.277,100765.0,8307.483,11.370846,,,,
1780357369.278,100790.0,8323.651,11.373903,,,,
1780357369.279,100815.0,8267.98,11.334903,,,,
1780357369.280,100840.0,8130.259,11.194738,,,,
1780357369.281,100865.0,8045.679,10.368316,,,,
1780357369.377,100890.0,8077.377,10.479218,,,,
1780357369.378,100915.0,8219.261,11.272127,,,,
1780357369.379,100940.0,8342.146,11.336476,,,,
1780357369.380,100965.0,8355.015,11.337156,,,,
1780357369.476,100990.0,8360.604,11.33415,,,,
1780357369.477,101015.0,8361.609,11.32899,,,,
1780357369.478,101040.0,8379.386,11.334573,,,,
1780357369.479,101065.0,8404.733,11.345123,,,,
1780357369.576,101090.0,8426.986,11.3543,,,,
1780357369.577,101115.0,8457.779,11.368363,,,,
1780357369.578,101140.0,8458.959,11.364689,,,,
1780357369.579,101165.0,8336.691,11.239378,,,,
1780357369.694,101190.0,8239.537,11.117157,,,,
1780357369.696,101215.0,8206.31,10.869673,,,,
1780357369.696,101240.0,8261.137,10.953465,,,,
1780357369.698,101265.0,8404.043,11.07442,,,,
1780357369.698,101290.0,8453.938,11.101838,,,,
1780357369.793,101315.0,8436.127,11.088985,,,,
1780357369.794,101340.0,8425.687,11.081012,,,,
1780357369.795,101365.0,8421.379,11.077451,,,,
1780357369.893,101390.0,8448.521,11.093298,,,,
1780357369.894,101415.0,8495.426,11.120823,,,,
1780357369.896,101440.0,8548.903,11.152374,,,,
1780357369.897,101465.0,8557.713,11.156855,,,,
1780357369.899,101490.0,8474.456,11.108566,,,,
1780357370.010,101515.0,8345.615,10.934981,,,,
1780357370.011,101540.0,8273.756,10.174744,,,,
1780357370.011,101565.0,8329.454,10.501702,,,,
1780357370.012,101590.0,8462.996,10.683397,,,,
1780357370.110,101615.0,8531.566,10.723372,,,,
1780357370.111,101640.0,8504.541,10.706038,,,,
1780357370.112,101665.0,8476.332,10.688622,,,,
1780357370.112,101690.0,8444.039,10.668658,,,,
1780357370.228,101715.0,8444.406,10.668978,,,,
1780357370.230,101740.0,8483.131,10.692176,,,,
1780357370.231,101765.0,8526.72,10.717856,,,,
1780357370.232,101790.0,8553.155,10.733524,,,,
1780357370.234,101815.0,8503.039,10.702659,,,,
1780357370.360,101840.0,8370.73,10.594827,,,,
1780357370.361,101865.0,8310.141,10.506822,,,,
1780357370.362,101890.0,8334.324,10.61498,,,,
1780357370.363,101915.0,8429.427,10.749972,,,,
1780357370.363,101940.0,8556.077,10.827388,,,,
1780357370.460,101965.0,8583.858,10.844049,,,,
1780357370.461,101990.0,8563.238,10.830889,,,,
1780357370.462,102015.0,8530.815,10.81129,,,,
1780357370.462,102040.0,8481.865,10.782129,,,,
1780357370.560,102065.0,8455.8,10.76716,,,,
1780357370.561,102090.0,8486.033,10.785144,,,,
1780357370.562,102115.0,8482.312,10.782925,,,,
1780357370.562,102140.0,8470.6,10.775394,,,,
1780357370.678,102165.0,8379.303,10.723832,,,,
1780357370.680,102190.0,8258.463,10.360087,,,,
1780357370.681,102215.0,8237.176,10.242688,,,,
1780357370.682,102240.0,8310.751,10.457234,,,,
1780357370.683,102265.0,8440.933,10.533203,,,,
1780357370.794,102290.0,8462.306,10.546782,,,,
1780357370.795,102315.0,8473.253,10.553852,,,,
1780357370.796,102340.0,8450.463,10.539473,,,,
1780357370.796,102365.0,8398.731,10.50875,,,,
1780357370.894,102390.0,8350.632,10.480196,,,,
1780357370.896,102415.0,8344.904,10.477306,,,,
1780357370.897,102440.0,8377.763,10.497463,,,,
1780357370.898,102465.0,8379.337,10.49754,,,,
1780357370.900,102490.0,8304.007,10.453154,,,,
1780357371.010,102515.0,8174.116,10.244804,,,,
1780357371.011,102540.0,8141.221,10.144201,,,,
1780357371.012,102565.0,8204.927,11.000573,,,,
1780357371.013,102590.0,8318.211,11.110702,,,,
1780357371.110,102615.0,8414.318,11.168017,,,,
1780357371.112,102640.0,8405.839,11.16241,,,,
1780357371.113,102665.0,8419.278,11.170756,,,,
1780357371.114,102690.0,8412.02,11.16633,,,,
1780357371.229,102715.0,8417.638,11.169959,,,,
1780357371.231,102740.0,8509.425,11.221956,,,,
1780357371.232,102765.0,8581.209,11.263146,,,,
1780357371.233,102790.0,8588.071,11.266748,,,,
1780357371.233,102815.0,8554.4,11.2463,,,,
1780357371.344,102840.0,8456.322,11.190993,,,,
1780357371.345,102865.0,8388.71,10.980433,,,,
1780357371.346,102890.0,8452.618,11.609956,,,,
1780357371.346,102915.0,8615.908,12.102226,,,,
1780357371.461,102940.0,8739.107,12.188339,,,,
1780357371.462,102965.0,8769.926,12.207055,,,,
1780357371.463,102990.0,8759.932,12.200659,,,,
1780357371.464,103015.0,8768.66,12.206102,,,,
1780357371.465,103040.0,8778.871,12.212376,,,,
1780357371.577,103065.0,8814.783,12.232635,,,,
1780357371.578,103090.0,8870.508,12.265059,,,,
1780357371.580,103115.0,8895.371,12.279934,,,,
1780357371.581,103140.0,8890.26,12.275944,,,,
1780357371.582,103165.0,8794.023,12.221279,,,,
1780357371.693,103190.0,8670.343,11.328093,,,,
1780357371.694,103215.0,8676.364,11.380948,,,,
1780357371.695,103240.0,8768.045,12.008451,,,,
1780357371.695,103265.0,8906.377,12.126264,,,,
1780357371.811,103290.0,8951.326,12.152744,,,,
1780357371.812,103315.0,8907.289,12.124883,,,,
1780357371.813,103340.0,8867.277,12.100958,,,,
1780357371.814,103365.0,8787.102,12.055964,,,,
1780357371.814,103390.0,8755.156,12.038424,,,,
1780357371.910,103415.0,8812.029,12.070889,,,,
1780357371.911,103440.0,8833.807,12.0837,,,,
1780357371.912,103465.0,8850.713,12.093543,,,,
1780357371.913,103490.0,8799.236,12.063343,,,,
1780357372.010,103515.0,8662.427,11.393116,,,,
1780357372.011,103540.0,8520.702,10.91408,,,,
1780357372.012,103565.0,8476.648,10.87505,,,,
1780357372.013,103590.0,8547.771,10.916286,,,,
1780357372.126,103615.0,8636.106,10.96861,,,,
1780357372.128,103640.0,8680.899,10.994574,,,,
1780357372.129,103665.0,8705.604,11.008557,,,,
1780357372.130,103690.0,8705.567,11.00855,,,,
1780357372.131,103715.0,8692.521,11.001384,,,,
1780357372.244,103740.0,8748.695,11.033072,,,,
1780357372.245,103765.0,8804.181,11.064751,,,,
1780357372.245,103790.0,8807.631,11.066926,,,,
1780357372.246,103815.0,8768.899,11.043448,,,,
1780357372.342,103840.0,8640.845,10.875731,,,,
1780357372.343,103865.0,8483.771,10.211011,,,,
1780357372.344,103890.0,8371.821,10.111009,,,,
1780357372.345,103915.0,8332.423,10.088602,,,,
1780357372.443,103940.0,8366.214,10.11095,,,,
1780357372.444,103965.0,8347.746,10.099662,,,,
1780357372.445,103990.0,8319.161,10.081938,,,,
1780357372.445,104015.0,8263.094,10.048176,,,,
1780357372.544,104040.0,8198.068,10.011356,,,,
1780357372.545,104065.0,8231.952,10.030988,,,,
1780357372.546,104090.0,8297.687,10.067186,,,,
1780357372.547,104115.0,8297.92,10.066988,,,,
1780357372.548,104140.0,8292.586,10.063683,,,,
1780357372.660,104165.0,8291.452,10.062466,,,,
1780357372.661,104190.0,8238.239,10.032165,,,,
1780357372.662,104215.0,8168.541,9.993184,,,,
1780357372.663,104240.0,8113.268,9.962475,,,,
1780357372.776,104265.0,8065.589,9.935432,,,,
1780357372.777,104290.0,8005.023,9.899692,,,,
1780357372.778,104315.0,7923.759,9.851407,,,,
1780357372.778,104340.0,7860.987,9.814028,,,,
1780357372.779,104365.0,7777.721,9.766282,,,,
1780357372.894,104390.0,7753.228,9.753278,,,,
1780357372.895,104415.0,7837.725,9.800251,,,,
1780357372.895,104440.0,7879.496,9.8241,,,,
1780357372.896,104465.0,7894.665,9.832852,,,,
1780357372.994,104490.0,7909.515,9.840797,,,,
1780357372.995,104515.0,7916.976,9.844286,,,,
1780357372.997,104540.0,7921.17,9.846864,,,,
1780357372.998,104565.0,7937.186,9.856992,,,,
1780357372.999,104590.0,7963.1,9.87371,,,,
1780357373.110,104615.0,7980.355,9.885219,,,,
1780357373.111,104640.0,7974.208,9.881549,,,,
1780357373.112,104665.0,7954.478,9.869022,,,,
1780357373.113,104690.0,7881.495,9.826221,,,,
1780357373.229,104715.0,7811.652,9.787951,,,,
1780357373.231,104740.0,7881.871,9.827283,,,,
1780357373.232,104765.0,7944.27,9.861972,,,,
1780357373.232,104790.0,7940.929,9.859812,,,,
1780357373.233,104815.0,7942.61,9.859663,,,,
1780357373.326,104840.0,7945.44,9.860487,,,,
1780357373.326,104865.0,7945.639,9.860281,,,,
1780357373.327,104890.0,7957.425,9.868087,,,,
1780357373.328,104915.0,7983.074,9.884557,,,,
1780357373.426,104940.0,8008.602,9.90141,,,,
1780357373.427,104965.0,8009.123,9.902001,,,,
1780357373.428,104990.0,7994.529,9.892724,,,,
1780357373.428,105015.0,7941.873,9.860855,,,,
1780357373.527,105040.0,7848.158,9.808331,,,,
1780357373.529,105065.0,7826.868,9.796782,,,,
1780357373.530,105090.0,7868.875,9.820053,,,,
1780357373.531,105115.0,7867.328,9.818997,,,,
1780357373.644,105140.0,7861.124,9.814782,,,,
1780357373.645,105165.0,7858.27,9.812236,,,,
1780357373.646,105190.0,7850.592,9.80723,,,,
1780357373.648,105215.0,7855.122,9.810364,,,,
1780357373.649,105240.0,7877.811,9.824294,,,,
1780357373.742,105265.0,7907.201,9.843172,,,,
1780357373.743,105290.0,7917.804,9.849939,,,,
1780357373.744,105315.0,7908.923,9.844014,,,,
1780357373.842,105340.0,7876.1,9.823634,,,,
1780357373.843,105365.0,7786.014,9.772898,,,,
1780357373.844,105390.0,7749.938,9.753735,,,,
1780357373.844,105415.0,7827.875,9.796659,,,,
1780357373.943,105440.0,7857.426,9.813592,,,,
1780357373.944,105465.0,7855.553,9.81198,,,,
1780357373.945,105490.0,7850.493,9.808002,,,,
1780357373.946,105515.0,7841.973,9.802086,,,,
1780357374.059,105540.0,7832.0,9.796124,,,,
1780357374.060,105565.0,7837.039,9.799603,,,,
1780357374.061,105590.0,7852.845,9.810122,,,,
1780357374.062,105615.0,7861.203,9.815697,,,,
1780357374.062,105640.0,7847.284,9.807064,,,,
1780357374.177,105665.0,7824.791,9.793015,,,,
1780357374.178,105690.0,7784.811,9.768701,,,,
1780357374.179,105715.0,7744.314,9.746478,,,,
1780357374.180,105740.0,7818.717,9.787687,,,,
1780357374.182,105765.0,7869.175,9.81635,,,,
1780357374.294,105790.0,7871.697,9.817845,,,,
1780357374.295,105815.0,7878.667,9.820985,,,,
1780357374.296,105840.0,7882.145,9.821694,,,,
1780357374.297,105865.0,7881.981,9.820433,,,,
1780357374.298,105890.0,7928.097,9.846937,,,,
1780357374.392,105915.0,8002.249,9.89002,,,,
1780357374.393,105940.0,8080.495,9.937255,,,,
1780357374.393,105965.0,8140.963,9.973945,,,,
1780357374.493,105990.0,8151.88,9.980329,,,,
1780357374.494,106015.0,8132.549,9.969189,,,,
1780357374.495,106040.0,8074.308,9.937947,,,,
1780357374.496,106065.0,8104.088,9.954317,,,,
1780357374.610,106090.0,8157.669,9.98467,,,,
1780357374.612,106115.0,8165.306,9.988929,,,,
1780357374.613,106140.0,8174.612,9.994019,,,,
1780357374.614,106165.0,8185.038,9.99909,,,,
1780357374.615,106190.0,8192.157,10.002016,,,,
1780357374.727,106215.0,8220.403,10.018356,,,,
1780357374.728,106240.0,8287.604,10.058204,,,,
1780357374.729,106265.0,8361.841,10.103763,,,,
1780357374.730,106290.0,8418.374,10.138798,,,,
1780357374.731,106315.0,8443.192,10.154104,,,,
1780357374.842,106340.0,8440.981,10.152665,,,,
1780357374.843,106365.0,8381.771,10.120735,,,,
1780357374.844,106390.0,8387.378,10.124393,,,,
1780357374.845,106415.0,8469.374,10.170148,,,,
1780357374.944,106440.0,8498.499,10.187219,,,,
1780357374.945,106465.0,8474.411,10.172537,,,,
1780357374.946,106490.0,8447.189,10.155996,,,,
1780357374.947,106515.0,8381.921,10.117295,,,,
1780357374.948,106540.0,8333.038,10.090875,,,,
1780357375.060,106565.0,8382.367,10.130586,,,,
1780357375.062,106590.0,8448.745,10.177776,,,,
1780357375.062,106615.0,8538.18,10.228294,,,,
1780357375.063,106640.0,8591.784,10.25823,,,,
1780357375.175,106665.0,8626.156,10.277004,,,,
1780357375.177,106690.0,8610.874,10.268848,,,,
1780357375.177,106715.0,8602.386,10.264851,,,,
1780357375.178,106740.0,8671.987,10.304288,,,,
1780357375.179,106765.0,8728.439,10.336241,,,,
1780357375.276,106790.0,8693.294,10.314466,,,,
1780357375.278,106815.0,8670.117,10.300456,,,,
1780357375.279,106840.0,8628.3,10.27502,,,,
1780357375.280,106865.0,8556.599,10.233042,,,,
1780357375.392,106890.0,8574.248,10.242918,,,,
1780357375.393,106915.0,8660.596,10.331786,,,,
1780357375.395,106940.0,8754.974,10.387963,,,,
1780357375.396,106965.0,8812.013,10.419847,,,,
1780357375.509,106990.0,8765.555,10.391486,,,,
1780357375.510,107015.0,8689.966,10.347614,,,,
1780357375.511,107040.0,8609.012,10.303057,,,,
1780357375.511,107065.0,8619.485,10.309439,,,,
1780357375.512,107090.0,8684.812,10.348418,,,,
1780357375.608,107115.0,8709.942,10.363794,,,,
1780357375.609,107140.0,8725.48,10.373295,,,,
1780357375.610,107165.0,8695.521,10.353975,,,,
1780357375.611,107190.0,8572.373,10.271076,,,,
1780357375.709,107215.0,8446.557,10.189344,,,,
1780357375.710,107240.0,8355.756,10.140019,,,,
1780357375.711,107265.0,8304.388,10.112766,,,,
1780357375.713,107290.0,8244.166,10.079823,,,,
1780357375.810,107315.0,8174.491,10.039907,,,,
1780357375.810,107340.0,8108.469,10.001938,,,,
1780357375.811,107365.0,8019.949,9.952273,,,,
1780357375.812,107390.0,7941.718,9.9078,,,,
1780357375.910,107415.0,7957.138,9.9187,,,,
1780357375.911,107440.0,7960.759,9.921871,,,,
1780357375.912,107465.0,7968.38,9.927069,,,,
1780357375.913,107490.0,7979.293,9.933909,,,,
1780357376.008,107515.0,7907.982,9.892353,,,,
1780357376.009,107540.0,7781.223,9.77925,,,,
1780357376.010,107565.0,7669.693,9.713217,,,,
1780357376.011,107590.0,7584.415,9.66503,,,,
1780357376.109,107615.0,7591.213,9.670303,,,,
1780357376.111,107640.0,7594.217,9.672619,,,,
1780357376.113,107665.0,7573.723,9.660117,,,,
1780357376.114,107690.0,7515.367,9.626235,,,,
1780357376.228,107715.0,7454.147,9.590523,,,,
1780357376.229,107740.0,7434.657,9.579454,,,,
1780357376.230,107765.0,7425.416,9.574153,,,,
1780357376.231,107790.0,7431.971,9.578406,,,,
1780357376.231,107815.0,7441.056,9.58366,,,,
1780357376.345,107840.0,7447.533,9.58717,,,,
1780357376.347,107865.0,7433.299,9.577417,,,,
1780357376.350,107890.0,7400.885,9.557051,,,,
1780357376.351,107915.0,7383.473,9.545922,,,,
1780357376.353,107940.0,7358.681,9.530241,,,,
1780357376.476,107965.0,7329.201,9.511422,,,,
1780357376.477,107990.0,7297.167,9.491106,,,,
1780357376.478,108015.0,7268.427,9.472687,,,,
1780357376.479,108040.0,7239.49,9.453983,,,,
1780357376.479,108065.0,7210.563,9.43552,,,,
1780357376.587,108090.0,7181.649,9.417304,,,,
1780357376.589,108115.0,7152.824,9.398623,,,,
1780357376.591,108140.0,7123.965,9.380177,,,,
1780357376.593,108165.0,7095.069,9.361724,,,,
1780357376.692,108190.0,7066.294,9.343537,,,,
1780357376.693,108215.0,7037.508,9.325345,,,,
1780357376.694,108240.0,7008.803,9.307173,,,,
1780357376.695,108265.0,6979.96,9.288971,,,,
1780357376.793,108290.0,6951.131,9.270776,,,,
1780357376.794,108315.0,6922.438,9.252365,,,,
1780357376.795,108340.0,6893.773,9.234204,,,,
1780357376.796,108365.0,6865.151,9.216051,,,,
1780357376.892,108390.0,6836.337,9.197859,,,,
1780357376.893,108415.0,6807.621,9.179686,,,,
1780357376.893,108440.0,6778.929,9.161519,,,,
1780357376.894,108465.0,6750.317,9.143126,,,,
1780357376.991,108490.0,6721.636,9.124717,,,,
1780357376.992,108515.0,6692.944,9.106549,,,,
1780357376.993,108540.0,6665.52,9.089127,,,,
1780357376.994,108565.0,6664.261,9.088151,,,,
1780357377.092,108590.0,6663.67,9.087791,,,,
1780357377.093,108615.0,6663.299,9.087476,,,,
1780357377.094,108640.0,6662.974,9.08741,,,,
1780357377.094,108665.0,6662.71,9.087356,,,,
1780357377.192,108690.0,6662.446,9.087063,,,,
1780357377.194,108715.0,6662.236,9.086781,,,,
1780357377.195,108740.0,6661.924,9.086717,,,,
1780357377.196,108765.0,6661.707,9.086432,,,,
1780357377.292,108790.0,6661.619,9.086415,,,,
1780357377.293,108815.0,6661.456,9.086143,,,,
1780357377.294,108840.0,6661.274,9.085866,,,,
1780357377.294,108865.0,6661.111,9.085594,,,,
1780357377.409,108890.0,6661.05,9.085342,,,,
1780357377.411,108915.0,6660.935,9.085319,,,,
1780357377.412,108940.0,6660.623,9.085255,,,,
1780357377.413,108965.0,6660.447,9.085219,,,,
1780357377.413,108990.0,6660.284,9.085186,,,,
1780357377.508,109015.0,6660.203,9.08517,,,,
1780357377.509,109040.0,6660.094,9.085147,,,,
1780357377.509,109065.0,6660.0,9.085128,,,,
1780357377.510,109090.0,6659.824,9.085092,,,,
1780357377.608,109115.0,6659.676,9.085062,,,,
1780357377.609,109140.0,6659.533,9.085032,,,,
1780357377.610,109165.0,6659.297,9.084985,,,,
1780357377.611,109190.0,6659.128,9.084949,,,,
1780357377.708,109215.0,6658.993,9.085161,,,,
1780357377.709,109240.0,6658.918,9.085146,,,,
1780357377.710,109265.0,6658.824,9.085127,,,,
1780357377.711,109290.0,6658.716,9.085105,,,,
1780357377.808,109315.0,6658.621,9.085086,,,,
1780357377.809,109340.0,6658.533,9.085068,,,,
1780357377.810,109365.0,6658.466,9.085054,,,,
1780357377.811,109390.0,6658.263,9.085012,,,,
1780357377.908,109415.0,6658.032,9.084966,,,,
1780357377.909,109440.0,6657.781,9.084914,,,,
1780357377.909,109465.0,6657.653,9.084888,,,,
1780357377.910,109490.0,6657.477,9.084852,,,,
1780357378.009,109515.0,6657.232,9.084803,,,,
1780357378.010,109540.0,6657.159,9.084787,,,,
1780357378.010,109565.0,6657.186,9.084793,,,,
1780357378.011,109590.0,6657.071,9.084529,,,,
1780357378.109,109615.0,6657.071,9.084529,,,,
1780357378.110,109640.0,6657.092,9.084535,,,,
1780357378.111,109665.0,6657.139,9.084544,,,,
1780357378.112,109690.0,6657.051,9.084526,,,,
1780357378.208,109715.0,6657.031,9.084522,,,,
1780357378.209,109740.0,6657.078,9.084531,,,,
1780357378.209,109765.0,6657.192,9.084555,,,,
1780357378.210,109790.0,6657.248,9.084566,,,,
1780357378.308,109815.0,6657.321,9.084581,,,,
1780357378.309,109840.0,6657.422,9.084362,,,,
1780357378.310,109865.0,6657.511,9.08438,,,,
1780357378.311,109890.0,6657.518,9.084382,,,,
1780357378.425,109915.0,6657.538,9.084385,,,,
1780357378.426,109940.0,6657.511,9.08414,,,,
1780357378.427,109965.0,6657.504,9.084139,,,,
1780357378.427,109990.0,6657.498,9.084139,,,,
1780357378.428,110015.0,6657.524,9.084144,,,,
1780357378.524,110040.0,6657.524,9.084144,,,,
1780357378.525,110065.0,6657.572,9.084153,,,,
1780357378.526,110090.0,6657.66,9.083931,,,,
1780357378.527,110115.0,6657.904,9.083981,,,,
1780357378.624,110140.0,6658.046,9.084011,,,,
1780357378.625,110165.0,6658.04,9.08401,,,,
1780357378.626,110190.0,6657.958,9.083993,,,,
1780357378.627,110215.0,6657.951,9.084231,,,,
1780357378.725,110240.0,6657.884,9.084216,,,,
1780357378.726,110265.0,6657.79,9.084197,,,,
1780357378.727,110290.0,6657.647,9.084169,,,,
1780357378.727,110315.0,6657.647,9.083929,,,,
1780357378.824,110340.0,6657.558,9.08391,,,,
1780357378.825,110365.0,6657.436,9.083886,,,,
1780357378.826,110390.0,6657.328,9.083864,,,,
1780357378.827,110415.0,6657.321,9.083862,,,,
1780357378.925,110440.0,6657.253,9.083609,,,,
1780357378.926,110465.0,6657.328,9.083624,,,,
1780357378.927,110490.0,6657.252,9.08361,,,,
1780357378.928,110515.0,6657.327,9.083625,,,,
1780357379.024,110540.0,6657.198,9.083598,,,,
1780357379.026,110565.0,6657.212,9.083601,,,,
1780357379.027,110590.0,6657.084,9.083574,,,,
1780357379.028,110615.0,6657.031,9.083565,,,,
1780357379.141,110640.0,6657.051,9.083568,,,,
1780357379.142,110665.0,6657.072,9.083572,,,,
1780357379.143,110690.0,6657.011,9.08356,,,,
1780357379.143,110715.0,6657.003,9.083797,,,,
1780357379.242,110740.0,6656.854,9.083768,,,,
1780357379.243,110765.0,6656.82,9.083759,,,,
1780357379.243,110790.0,6656.779,9.083753,,,,
1780357379.244,110815.0,6656.874,9.083772,,,,
1780357379.341,110840.0,6657.002,9.083558,,,,
1780357379.342,110865.0,6656.962,9.083549,,,,
1780357379.343,110890.0,6656.929,9.083543,,,,
1780357379.344,110915.0,6656.936,9.083305,,,,
1780357379.442,110940.0,6656.976,9.083552,,,,
1780357379.444,110965.0,6657.058,9.08357,,,,
1780357379.445,110990.0,6657.139,9.083347,,,,
1780357379.446,111015.0,6657.078,9.083096,,,,
1780357379.542,111040.0,6657.03,9.083085,,,,
1780357379.543,111065.0,6656.962,9.083072,,,,
1780357379.544,111090.0,6656.875,9.083054,,,,
1780357379.545,111115.0,6656.794,9.083037,,,,
1780357379.642,111140.0,6656.706,9.083019,,,,
1780357379.644,111165.0,6656.686,9.082776,,,,
1780357379.644,111190.0,6656.543,9.082986,,,,
1780357379.645,111215.0,6656.557,9.082749,,,,
1780357379.741,111240.0,6656.706,9.08278,,,,
1780357379.742,111265.0,6656.746,9.082549,,,,
1780357379.743,111290.0,6656.652,9.082529,,,,
1780357379.744,111315.0,6656.706,9.082541,,,,
1780357379.841,111340.0,6656.666,9.082293,,,,
1780357379.842,111365.0,6656.639,9.082288,,,,
1780357379.843,111390.0,6656.571,9.082273,,,,
1780357379.844,111415.0,6656.51,9.082022,,,,
1780357379.941,111440.0,6656.483,9.082016,,,,
1780357379.942,111465.0,6656.314,9.082222,,,,
1780357379.943,111490.0,6656.252,9.082209,,,,
1780357379.944,111515.0,6656.246,9.082209,,,,
1780357380.043,111540.0,6656.239,9.082445,,,,
1780357380.044,111565.0,6656.205,9.082199,,,,
1780357380.045,111590.0,6656.09,9.082175,,,,
1780357380.046,111615.0,6655.989,9.082396,,,,
1780357380.158,111640.0,6656.009,9.082638,,,,
1780357380.160,111665.0,6656.186,9.082435,,,,
1780357380.161,111690.0,6656.146,9.082426,,,,
1780357380.162,111715.0,6656.24,9.082206,,,,
1780357380.163,111740.0,6656.287,9.081976,,,,
1780357380.275,111765.0,6656.246,9.081968,,,,
1780357380.276,111790.0,6656.381,9.082235,,,,
1780357380.276,111815.0,6656.435,9.082006,,,,
1780357380.277,111840.0,6656.503,9.08226,,,,
1780357380.278,111865.0,6656.469,9.082253,,,,
1780357380.391,111890.0,6656.402,9.082479,,,,
1780357380.392,111915.0,6656.416,9.082482,,,,
1780357380.393,111940.0,6656.497,9.082499,,,,
1780357380.394,111965.0,6656.578,9.082754,,,,
1780357380.491,111990.0,6656.679,9.082535,,,,
1780357380.492,112015.0,6656.794,9.082559,,,,
1780357380.493,112040.0,6656.854,9.082571,,,,
1780357380.493,112065.0,6656.739,9.082547,,,,
1780357380.590,112090.0,6656.814,9.082323,,,,
1780357380.591,112115.0,6656.835,9.082328,,,,
1780357380.592,112140.0,6656.808,9.082083,,,,
1780357380.593,112165.0,6656.814,9.082084,,,,
1780357380.691,112190.0,6656.727,9.082306,,,,
1780357380.692,112215.0,6656.794,9.08232,,,,
1780357380.693,112240.0,6656.875,9.082335,,,,
1780357380.694,112265.0,6656.943,9.082351,,,,
1780357380.792,112290.0,6656.841,9.082568,,,,
1780357380.793,112315.0,6656.922,9.082824,,,,
1780357380.794,112340.0,6656.801,9.0828,,,,
1780357380.794,112365.0,6656.814,9.082802,,,,
1780357380.908,112390.0,6656.855,9.08281,,,,
1780357380.909,112415.0,6656.896,9.08258,,,,
1780357380.910,112440.0,6656.801,9.0828,,,,
1780357380.911,112465.0,6656.761,9.082791,,,,
1780357380.912,112490.0,6656.712,9.082541,,,,
1780357381.026,112515.0,6656.734,9.082307,,,,
1780357381.026,112540.0,6656.72,9.082304,,,,
1780357381.027,112565.0,6656.611,9.082282,,,,
1780357381.028,112590.0,6656.462,9.082253,,,,
1780357381.029,112615.0,6656.301,9.082458,,,,
1780357381.144,112640.0,6656.266,9.082451,,,,
1780357381.145,112665.0,6656.3,9.082697,,,,
1780357381.147,112690.0,6656.395,9.082478,,,,
1780357381.148,112715.0,6656.247,9.082686,,,,
1780357381.149,112740.0,6656.314,9.08246,,,,
1780357381.258,112765.0,6656.226,9.082682,,,,
1780357381.258,112790.0,6656.288,9.082695,,,,
1780357381.259,112815.0,6656.524,9.082743,,,,
1780357381.260,112840.0,6656.544,9.082747,,,,
1780357381.358,112865.0,6656.489,9.082736,,,,
1780357381.359,112890.0,6656.401,9.082718,,,,
1780357381.360,112915.0,6656.293,9.082696,,,,
1780357381.361,112940.0,6656.212,9.082439,,,,
1780357381.476,112965.0,6656.098,9.082656,,,,
1780357381.477,112990.0,6656.179,9.082911,,,,
1780357381.477,113015.0,6656.239,9.082685,,,,
1780357381.478,113040.0,6656.178,9.082672,,,,
1780357381.479,113065.0,6656.416,9.082481,,,,
1780357381.593,113090.0,6656.388,9.082236,,,,
1780357381.594,113115.0,6656.341,9.082466,,,,
1780357381.595,113140.0,6656.341,9.082705,,,,
1780357381.596,113165.0,6656.349,9.082707,,,,
1780357381.708,113190.0,6656.361,9.082709,,,,
1780357381.709,113215.0,6656.462,9.08273,,,,
1780357381.710,113240.0,6656.523,9.082743,,,,
1780357381.710,113265.0,6656.544,9.082507,,,,
1780357381.711,113290.0,6656.408,9.08224,,,,
1780357381.830,113315.0,6656.402,9.082239,,,,
1780357381.831,113340.0,6656.464,9.082012,,,,
1780357381.831,113365.0,6656.409,9.082002,,,,
1780357381.832,113390.0,6656.518,9.082024,,,,
1780357381.833,113415.0,6656.334,9.081986,,,,
1780357381.948,113440.0,6656.05,9.081928,,,,
1780357381.949,113465.0,6655.902,9.081658,,,,
1780357381.949,113490.0,6656.037,9.081686,,,,
1780357381.950,113515.0,6656.009,9.08168,,,,
1780357381.951,113540.0,6656.098,9.081459,,,,
1780357382.090,113565.0,6656.104,9.081699,,,,
1780357382.091,113590.0,6656.266,9.081493,,,,
1780357382.092,113615.0,6656.145,9.08123,,,,
1780357382.093,113640.0,6656.091,9.081457,,,,
1780357382.094,113665.0,6655.887,9.081656,,,,
1780357382.198,113690.0,6655.846,9.081886,,,,
1780357382.199,113715.0,6655.725,9.082102,,,,
1780357382.200,113740.0,6655.732,9.082103,,,,
1780357382.201,113765.0,6655.631,9.082082,,,,
1780357382.201,113790.0,6655.549,9.082066,,,,
1780357382.325,113815.0,6655.557,9.081827,,,,
1780357382.326,113840.0,6655.509,9.081578,,,,
1780357382.327,113865.0,6655.543,9.081346,,,,
1780357382.328,113890.0,6655.429,9.081323,,,,
1780357382.328,113915.0,6655.611,9.081599,,,,
1780357382.451,113940.0,6655.618,9.08184,,,,
1780357382.452,113965.0,6655.625,9.082081,,,,
1780357382.453,113990.0,6655.584,9.082072,,,,
1780357382.454,114015.0,6655.522,9.08182,,,,
1780357382.455,114040.0,6655.692,9.081855,,,,
1780357382.565,114065.0,6655.706,9.081858,,,,
1780357382.566,114090.0,6655.82,9.082121,,,,
1780357382.567,114115.0,6655.658,9.081848,,,,
1780357382.568,114140.0,6655.772,9.081632,,,,
1780357382.694,114165.0,6655.732,9.081863,,,,
1780357382.695,114190.0,6655.745,9.081626,,,,
1780357382.696,114215.0,6655.665,9.081849,,,,
1780357382.697,114240.0,6655.516,9.081819,,,,
1780357382.698,114265.0,6655.428,9.081562,,,,
1780357382.699,114290.0,6655.536,9.081345,,,,
1780357382.830,114315.0,6655.456,9.081327,,,,
1780357382.831,114340.0,6655.509,9.081339,,,,
1780357382.833,114365.0,6655.321,9.081062,,,,
1780357382.833,114390.0,6655.368,9.081072,,,,
1780357382.834,114415.0,6655.381,9.080834,,,,
1780357382.949,114440.0,6655.388,9.081076,,,,
1780357382.950,114465.0,6655.354,9.081307,,,,
1780357382.951,114490.0,6655.252,9.081286,,,,
1780357382.951,114515.0,6655.285,9.081293,,,,
1780357382.952,114540.0,6655.124,9.081021,,,,
1780357383.083,114565.0,6655.117,9.080781,,,,
1780357383.084,114590.0,6655.151,9.080788,,,,
1780357383.085,114615.0,6655.226,9.081042,,,,
1780357383.086,114640.0,6655.321,9.081062,,,,
1780357383.087,114665.0,6655.165,9.08103,,,,
1780357383.225,114690.0,6655.097,9.080777,,,,
1780357383.225,114715.0,6655.029,9.080763,,,,
1780357383.226,114740.0,6655.124,9.081021,,,,
1780357383.227,114765.0,6654.928,9.081222,,,,
1780357383.228,114790.0,6654.948,9.081224,,,,
1780357383.228,114815.0,6654.82,9.081437,,,,
1780357383.359,114840.0,6654.738,9.081421,,,,
1780357383.360,114865.0,6654.893,9.081452,,,,
1780357383.361,114890.0,6654.928,9.081699,,,,
1780357383.361,114915.0,6654.84,9.081922,,,,
1780357383.362,114940.0,6654.739,9.08166,,,,
1780357383.506,114965.0,6654.725,9.081418,,,,
1780357383.507,114990.0,6654.725,9.081657,,,,
1780357383.508,115015.0,6654.59,9.08163,,,,
1780357383.509,115040.0,6654.448,9.081601,,,,
1780357383.510,115065.0,6654.273,9.081565,,,,
1780357383.511,115090.0,6654.097,9.08129,,,,
1780357383.633,115115.0,6654.002,9.08151,,,,
1780357383.635,115140.0,6653.848,9.081478,,,,
1780357383.636,115165.0,6653.861,9.081481,,,,
1780357383.637,115190.0,6653.814,9.081471,,,,
1780357383.638,115215.0,6653.665,9.081202,,,,
1780357383.765,115240.0,6653.415,9.081151,,,,
1780357383.766,115265.0,6653.293,9.081126,,,,
1780357383.767,115290.0,6653.144,9.081096,,,,
1780357383.768,115315.0,6653.239,9.081354,,,,
1780357383.769,115340.0,6653.152,9.081097,,,,
1780357383.874,115365.0,6653.023,9.080832,,,,
1780357383.875,115390.0,6653.098,9.080608,,,,
1780357383.876,115415.0,6652.901,9.080568,,,,
1780357383.877,115440.0,6653.07,9.080603,,,,
1780357383.878,115465.0,6652.935,9.080575,,,,
1780357383.956,115490.0,6652.78,9.080782,,,,
1780357383.957,115515.0,6652.685,9.080523,,,,
1780357383.958,115540.0,6652.732,9.080534,,,,
1780357384.041,115565.0,6652.733,9.080773,,,,
1780357384.042,115590.0,6652.685,9.081001,,,,
1780357384.043,115615.0,6652.766,9.081019,,,,
1780357384.123,115640.0,6652.814,9.081029,,,,
1780357384.124,115665.0,6652.968,9.081059,,,,
1780357384.125,115690.0,6652.942,9.081054,,,,
1780357384.126,115715.0,6653.232,9.081114,,,,
1780357384.206,115740.0,6653.375,9.081142,,,,
1780357384.207,115765.0,6653.408,9.081149,,,,
1780357384.208,115790.0,6653.415,9.081151,,,,
1780357384.290,115815.0,6653.354,9.081378,,,,
1780357384.291,115840.0,6653.415,9.08139,,,,
1780357384.292,115865.0,6653.469,9.081161,,,,
1780357384.380,115890.0,6653.395,9.081146,,,,
1780357384.381,115915.0,6653.522,9.080934,,,,
1780357384.382,115940.0,6653.42,9.080913,,,,
1780357384.383,115965.0,6653.55,9.080939,,,,
1780357384.525,115990.0,6653.617,9.081192,,,,
1780357384.526,116015.0,6653.503,9.081409,,,,
1780357384.527,116040.0,6653.631,9.081434,,,,
1780357384.528,116065.0,6653.578,9.081184,,,,
1780357384.528,116090.0,6653.638,9.081196,,,,
1780357384.529,116115.0,6653.726,9.080975,,,,
1780357384.634,116140.0,6653.625,9.081194,,,,
1780357384.638,116165.0,6653.604,9.081189,,,,
1780357384.640,116190.0,6653.618,9.081192,,,,
1780357384.641,116215.0,6653.557,9.08118,,,,
1780357384.759,116240.0,6653.611,9.080952,,,,
1780357384.760,116265.0,6653.625,9.080716,,,,
1780357384.761,116290.0,6653.517,9.080933,,,,
1780357384.761,116315.0,6653.672,9.080726,,,,
1780357384.762,116340.0,6653.489,9.080927,,,,
1780357384.877,116365.0,6653.449,9.08068,,,,
1780357384.878,116390.0,6653.55,9.080939,,,,
1780357384.878,116415.0,6653.57,9.081182,,,,
1780357384.879,116440.0,6653.576,9.081183,,,,
1780357384.880,116465.0,6653.549,9.081417,,,,
1780357385.009,116490.0,6653.657,9.081439,,,,
1780357385.010,116515.0,6653.92,9.081733,,,,
1780357385.011,116540.0,6653.981,9.081745,,,,
1780357385.011,116565.0,6654.103,9.08177,,,,
1780357385.012,116590.0,6654.069,9.081763,,,,
1780357385.123,116615.0,6654.009,9.081751,,,,
1780357385.124,116640.0,6654.145,9.081539,,,,
1780357385.126,116665.0,6654.103,9.081291,,,,
1780357385.126,116690.0,6654.069,9.081524,,,,
1780357385.127,116715.0,6654.144,9.0813,,,,
1780357385.218,116740.0,6654.144,9.0813,,,,
1780357385.219,116765.0,6654.306,9.081093,,,,
1780357385.221,116790.0,6654.319,9.081096,,,,
1780357385.306,116815.0,6654.266,9.080847,,,,
1780357385.307,116840.0,6654.542,9.080664,,,,
1780357385.308,116865.0,6654.475,9.080889,,,,
1780357385.309,116890.0,6654.697,9.081173,,,,
1780357385.394,116915.0,6654.813,9.081197,,,,
1780357385.395,116940.0,6654.853,9.081205,,,,
1780357385.396,116965.0,6654.84,9.080964,,,,
1780357385.474,116990.0,6654.86,9.080968,,,,
1780357385.476,117015.0,6654.806,9.080717,,,,
1780357385.477,117040.0,6654.705,9.080458,,,,
1780357385.478,117065.0,6654.685,9.080454,,,,
1780357385.577,117090.0,6654.868,9.080252,,,,
1780357385.578,117115.0,6654.766,9.08047,,,,
1780357385.579,117140.0,6654.631,9.080442,,,,
1780357385.580,117165.0,6654.746,9.080466,,,,
1780357385.658,117190.0,6654.719,9.080221,,,,
1780357385.659,117215.0,6654.651,9.080207,,,,
1780357385.660,117240.0,6654.719,9.080221,,,,
1780357385.741,117265.0,6654.618,9.08044,,,,
1780357385.742,117290.0,6654.645,9.080685,,,,
1780357385.743,117315.0,6654.726,9.080462,,,,
1780357385.823,117340.0,6654.78,9.080473,,,,
1780357385.824,117365.0,6654.834,9.080483,,,,
1780357385.824,117390.0,6654.8,9.080716,,,,
1780357385.825,117415.0,6654.834,9.080723,,,,
1780357385.906,117440.0,6654.88,9.080972,,,,
1780357385.907,117465.0,6654.765,9.081187,,,,
1780357385.907,117490.0,6654.765,9.080949,,,,
1780357385.989,117515.0,6654.697,9.080695,,,,
1780357385.990,117540.0,6654.67,9.080689,,,,
1780357385.991,117565.0,6654.638,9.080922,,,,
1780357386.074,117590.0,6654.638,9.081161,,,,
1780357386.075,117615.0,6654.591,9.081391,,,,
1780357386.076,117640.0,6654.679,9.081409,,,,
1780357386.077,117665.0,6654.76,9.081426,,,,
1780357386.156,117690.0,6654.827,9.081439,,,,
1780357386.157,117715.0,6654.827,9.081678,,,,
1780357386.158,117740.0,6654.895,9.081452,,,,
1780357386.242,117765.0,6654.82,9.081437,,,,
1780357386.244,117790.0,6654.82,9.081676,,,,
1780357386.245,117815.0,6654.901,9.081694,,,,
1780357386.324,117840.0,6654.792,9.081911,,,,
1780357386.325,117865.0,6654.725,9.081657,,,,
1780357386.325,117890.0,6654.826,9.081678,,,,
1780357386.326,117915.0,6654.732,9.08166,,,,
1780357386.406,117940.0,6654.685,9.08189,,,,
1780357386.408,117965.0,6654.645,9.08212,,,,
1780357386.409,117990.0,6654.563,9.082342,,,,
1780357386.489,118015.0,6654.536,9.082098,,,,
1780357386.490,118040.0,6654.549,9.0821,,,,
1780357386.491,118065.0,6654.596,9.082109,,,,
1780357386.573,118090.0,6654.576,9.081866,,,,
1780357386.574,118115.0,6654.536,9.081859,,,,
1780357386.574,118140.0,6654.447,9.08208,,,,
1780357386.575,118165.0,6654.339,9.082058,,,,
1780357386.657,118190.0,6654.197,9.081789,,,,
1780357386.658,118215.0,6654.219,9.081794,,,,
1780357386.659,118240.0,6654.118,9.081773,,,,
1780357386.746,118265.0,6654.097,9.082008,,,,
1780357386.747,118290.0,6654.077,9.082004,,,,
1780357386.747,118315.0,6654.037,9.081757,,,,
1780357386.748,118340.0,6653.976,9.081505,,,,
1780357386.865,118365.0,6653.861,9.08172,,,,
1780357386.866,118390.0,6653.935,9.081736,,,,
1780357386.867,118415.0,6653.806,9.08147,,,,
1780357386.868,118440.0,6653.746,9.081697,,,,
1780357387.010,118465.0,6653.995,9.081509,,,,
1780357387.011,118490.0,6654.029,9.081515,,,,
1780357387.012,118515.0,6654.016,9.081273,,,,
1780357387.012,118540.0,6654.151,9.081301,,,,
1780357387.014,118565.0,6654.07,9.081045,,,,
1780357387.014,118590.0,6654.172,9.080828,,,,
1780357387.135,118615.0,6654.158,9.080825,,,,
1780357387.136,118640.0,6654.293,9.081091,,,,
1780357387.138,118665.0,6654.314,9.080856,,,,
1780357387.139,118690.0,6654.32,9.080618,,,,
1780357387.140,118715.0,6654.422,9.080878,,,,
1780357387.263,118740.0,6654.55,9.080905,,,,
1780357387.264,118765.0,6654.556,9.080906,,,,
1780357387.265,118790.0,6654.604,9.080676,,,,
1780357387.265,118815.0,6654.712,9.080698,,,,
1780357387.266,118840.0,6654.785,9.080474,,,,
1780357387.380,118865.0,6654.955,9.080508,,,,
1780357387.381,118890.0,6654.9,9.080498,,,,
1780357387.382,118915.0,6655.022,9.080523,,,,
1780357387.382,118940.0,6654.962,9.08051,,,,
1780357387.383,118965.0,6654.793,9.080476,,,,
1780357387.489,118990.0,6654.982,9.080514,,,,
1780357387.490,119015.0,6655.002,9.080519,,,,
1780357387.491,119040.0,6655.037,9.080525,,,,
1780357387.492,119065.0,6654.921,9.080502,,,,
1780357387.573,119090.0,6654.712,9.080698,,,,
1780357387.574,119115.0,6654.765,9.080949,,,,
1780357387.574,119140.0,6654.556,9.080906,,,,
1780357387.575,119165.0,6654.589,9.080673,,,,
1780357387.662,119190.0,6654.638,9.080922,,,,
1780357387.663,119215.0,6654.59,9.081151,,,,
1780357387.664,119240.0,6654.658,9.081165,,,,
1780357387.778,119265.0,6654.542,9.081141,,,,
1780357387.780,119290.0,6654.509,9.081135,,,,
1780357387.781,119315.0,6654.482,9.081129,,,,
1780357387.782,119340.0,6654.361,9.080866,,,,
1780357387.783,119365.0,6654.475,9.08089,,,,
1780357387.895,119390.0,6654.638,9.080683,,,,
1780357387.896,119415.0,6654.813,9.080958,,,,
1780357387.897,119440.0,6654.834,9.080962,,,,
1780357387.897,119465.0,6654.752,9.081184,,,,
1780357387.898,119490.0,6654.584,9.080912,,,,
1780357388.029,119515.0,6654.544,9.080903,,,,
1780357388.031,119540.0,6654.536,9.081141,,,,
1780357388.032,119565.0,6654.65,9.081404,,,,
1780357388.033,119590.0,6654.712,9.081655,,,,
1780357388.035,119615.0,6654.658,9.081405,,,,
1780357388.155,119640.0,6654.536,9.08138,,,,
1780357388.156,119665.0,6654.557,9.081384,,,,
1780357388.157,119690.0,6654.706,9.081414,,,,
1780357388.158,119715.0,6654.848,9.081203,,,,
1780357388.159,119740.0,6654.686,9.081171,,,,
1780357388.239,119765.0,6654.773,9.081428,,,,
1780357388.240,119790.0,6654.583,9.081389,,,,
1780357388.240,119815.0,6654.603,9.081393,,,,
1780357388.323,119840.0,6654.549,9.081142,,,,
1780357388.324,119865.0,6654.529,9.081139,,,,
1780357388.325,119890.0,6654.482,9.08113,,,,
1780357388.326,119915.0,6654.34,9.081341,,,,
1780357388.405,119940.0,6654.292,9.081329,,,,
1780357388.406,119965.0,6654.286,9.081328,,,,
1780357388.407,119990.0,6653.969,9.081503,,,,
1780357388.491,120015.0,6653.766,9.081701,,,,
1780357388.492,120040.0,6653.719,9.081452,,,,
1780357388.492,120065.0,6653.779,9.081704,,,,
1780357388.571,120090.0,6653.848,9.081478,,,,
1780357388.572,120115.0,6654.002,9.08151,,,,
1780357388.573,120140.0,6653.989,9.081508,,,,
1780357388.574,120165.0,6653.793,9.081468,,,,
1780357388.673,120190.0,6653.725,9.081214,,,,
1780357388.675,120215.0,6653.631,9.080956,,,,
1780357388.676,120240.0,6653.645,9.080958,,,,
1780357388.677,120265.0,6653.766,9.080745,,,,
1780357388.755,120290.0,6653.719,9.080974,,,,
1780357388.756,120315.0,6653.638,9.080957,,,,
1780357388.757,120340.0,6653.509,9.080931,,,,
1780357388.838,120365.0,6653.637,9.080718,,,,
1780357388.839,120390.0,6653.698,9.08073,,,,
1780357388.840,120415.0,6653.853,9.081,,,,
1780357388.922,120440.0,6653.725,9.080975,,,,
1780357388.923,120465.0,6653.665,9.081203,,,,
1780357388.924,120490.0,6653.611,9.081191,,,,
1780357388.924,120515.0,6653.712,9.080972,,,,
1780357389.005,120540.0,6653.746,9.080978,,,,
1780357389.007,120565.0,6653.772,9.080984,,,,
1780357389.008,120590.0,6653.685,9.080966,,,,
1780357389.088,120615.0,6653.861,9.081002,,,,
1780357389.089,120640.0,6653.847,9.080761,,,,
1780357389.090,120665.0,6653.833,9.080758,,,,
1780357389.190,120690.0,6653.664,9.080484,,,,
1780357389.191,120715.0,6653.475,9.080686,,,,
1780357389.193,120740.0,6653.334,9.080656,,,,
1780357389.194,120765.0,6653.441,9.080439,,,,
1780357389.289,120790.0,6653.421,9.080435,,,,
1780357389.290,120815.0,6653.455,9.080441,,,,
1780357389.292,120840.0,6653.435,9.080438,,,,
1780357389.293,120865.0,6653.408,9.080432,,,,
1780357389.374,120890.0,6653.422,9.080435,,,,
1780357389.375,120915.0,6653.497,9.080211,,,,
1780357389.376,120940.0,6653.456,9.080202,,,,
1780357389.377,120965.0,6653.558,9.080462,,,,
1780357389.472,120990.0,6653.381,9.080666,,,,
1780357389.474,121015.0,6653.361,9.080422,,,,
1780357389.474,121040.0,6653.279,9.080406,,,,
1780357389.475,121065.0,6653.428,9.080436,,,,
1780357389.572,121090.0,6653.393,9.080429,,,,
1780357389.573,121115.0,6653.428,9.080196,,,,
1780357389.574,121140.0,6653.4,9.080431,,,,
1780357389.575,121165.0,6653.522,9.080456,,,,
1780357389.656,121190.0,6653.61,9.080473,,,,
1780357389.656,121215.0,6653.63,9.080717,,,,
1780357389.657,121240.0,6653.712,9.080733,,,,
1780357389.738,121265.0,6653.665,9.080962,,,,
1780357389.739,121290.0,6653.665,9.080962,,,,
1780357389.740,121315.0,6653.794,9.081228,,,,
1780357389.822,121340.0,6653.955,9.081261,,,,
1780357389.823,121365.0,6654.016,9.081513,,,,
1780357389.824,121390.0,6653.921,9.081493,,,,
1780357389.825,121415.0,6653.961,9.081502,,,,
1780357389.906,121440.0,6653.975,9.081505,,,,
1780357389.907,121465.0,6654.123,9.081534,,,,
1780357389.908,121490.0,6654.076,9.081764,,,,
1780357389.990,121515.0,6654.036,9.081757,,,,
1780357389.991,121540.0,6653.948,9.081978,,,,
1780357389.991,121565.0,6654.056,9.08176,,,,
1780357390.073,121590.0,6653.989,9.081747,,,,
1780357390.074,121615.0,6654.185,9.081547,,,,
1780357390.075,121640.0,6654.252,9.0818,,,,
1780357390.076,121665.0,6654.299,9.08181,,,,
1780357390.155,121690.0,6654.238,9.081799,,,,
1780357390.156,121715.0,6654.339,9.081579,,,,
1780357390.157,121740.0,6654.428,9.081597,,,,
1780357390.257,121765.0,6654.502,9.081612,,,,
1780357390.259,121790.0,6654.428,9.081358,,,,
1780357390.260,121815.0,6654.509,9.081374,,,,
1780357390.261,121840.0,6654.59,9.08139,,,,
1780357390.340,121865.0,6654.502,9.081372,,,,
1780357390.341,121890.0,6654.557,9.081384,,,,
1780357390.342,121915.0,6654.496,9.081612,,,,
1780357390.438,121940.0,6654.347,9.08158,,,,
1780357390.439,121965.0,6654.279,9.081327,,,,
1780357390.440,121990.0,6654.245,9.08132,,,,
1780357390.440,122015.0,6654.319,9.081335,,,,
1780357390.522,122040.0,6654.36,9.081344,,,,
1780357390.523,122065.0,6654.286,9.081568,,,,
1780357390.524,122090.0,6654.299,9.081811,,,,
1780357390.525,122115.0,6654.346,9.08158,,,,
1780357390.622,122140.0,6654.205,9.081552,,,,
1780357390.623,122165.0,6654.266,9.081564,,,,
1780357390.624,122190.0,6654.13,9.081536,,,,
1780357390.625,122215.0,6654.191,9.081549,,,,
1780357390.706,122240.0,6654.063,9.081762,,,,
1780357390.707,122265.0,6654.002,9.08151,,,,
1780357390.707,122290.0,6653.955,9.081261,,,,
1780357390.791,122315.0,6653.955,9.081021,,,,
1780357390.792,122340.0,6654.043,9.081039,,,,
1780357390.793,122365.0,6654.145,9.08106,,,,
1780357390.874,122390.0,6654.158,9.081063,,,,
1780357390.876,122415.0,6654.199,9.08131,,,,
1780357390.877,122440.0,6654.03,9.081276,,,,
1780357390.878,122465.0,6653.935,9.081257,,,,
1780357390.974,122490.0,6653.888,9.081008,,,,
1780357390.976,122515.0,6653.996,9.080791,,,,
1780357390.976,122540.0,6654.042,9.080562,,,,
1780357390.977,122565.0,6654.239,9.080602,,,,
1780357391.059,122590.0,6654.326,9.080859,,,,
1780357391.061,122615.0,6654.265,9.080847,,,,
1780357391.065,122640.0,6654.178,9.081067,,,,
1780357391.157,122665.0,6654.279,9.08085,,,,
1780357391.159,122690.0,6654.306,9.080854,,,,
1780357391.161,122715.0,6654.279,9.08061,,,,
1780357391.163,122740.0,6654.314,9.080617,,,,
1780357391.255,122765.0,6654.482,9.080651,,,,
1780357391.256,122790.0,6654.401,9.080396,,,,
1780357391.257,122815.0,6654.496,9.080415,,,,
1780357391.257,122840.0,6654.441,9.080403,,,,
1780357391.339,122865.0,6654.611,9.080439,,,,
1780357391.340,122890.0,6654.651,9.080686,,,,
1780357391.341,122915.0,6654.711,9.080937,,,,
1780357391.439,122940.0,6654.624,9.081158,,,,
1780357391.440,122965.0,6654.705,9.081175,,,,
1780357391.441,122990.0,6654.455,9.081363,,,,
1780357391.442,123015.0,6653.625,9.080955,,,,
1780357391.521,123040.0,6653.121,9.080613,,,,
1780357391.522,123065.0,6651.683,9.079841,,,,
1780357391.523,123090.0,6651.137,9.07949,,,,
1780357391.524,123115.0,6650.39,9.079098,,,,
1780357391.605,123140.0,6649.447,9.078667,,,,
1780357391.606,123165.0,6648.826,9.0783,,,,
1780357391.607,123190.0,6648.011,9.077894,,,,
1780357391.690,123215.0,6648.79,9.078533,,,,
1780357391.692,123240.0,6652.396,9.080708,,,,
1780357391.693,123265.0,6653.434,9.081398,,,,
1780357391.772,123290.0,6653.514,9.081893,,,,
1780357391.773,123315.0,6653.656,9.081922,,,,
1780357391.774,123340.0,6653.723,9.082175,,,,
1780357391.775,123365.0,6653.694,9.082409,,,,
1780357391.855,123390.0,6653.716,9.082651,,,,
1780357391.856,123415.0,6653.824,9.082912,,,,
1780357391.857,123440.0,6653.986,9.082946,,,,
1780357391.939,123465.0,6654.094,9.082968,,,,
1780357391.940,123490.0,6654.013,9.082952,,,,
1780357391.942,123515.0,6654.04,9.082958,,,,
1780357392.021,123540.0,6654.02,9.082953,,,,
1780357392.022,123565.0,6647.089,9.078195,,,,
1780357392.023,123590.0,6642.006,9.075006,,,,
1780357392.024,123615.0,6640.129,9.073666,,,,
1780357392.105,123640.0,6639.726,9.073344,,,,
1780357392.106,123665.0,6639.727,9.073105,,,,
1780357392.107,123690.0,6640.813,9.073805,,,,
1780357392.189,123715.0,6639.849,9.07313,,,,
1780357392.190,123740.0,6638.918,9.072701,,,,
1780357392.190,123765.0,6638.048,9.072284,,,,
1780357392.272,123790.0,6636.923,9.071815,,,,
1780357392.273,123815.0,6636.085,9.071166,,,,
1780357392.274,123840.0,6633.614,9.069465,,,,
1780357392.274,123865.0,6628.404,9.066006,,,,
1780357392.373,123890.0,6625.709,9.064019,,,,
1780357392.375,123915.0,6623.896,9.062693,,,,
1780357392.376,123940.0,6624.92,9.06338,,,,
1780357392.377,123965.0,6628.044,9.065697,,,,
1780357392.454,123990.0,6639.322,9.073042,,,,
1780357392.455,124015.0,6650.801,9.080671,,,,
1780357392.456,124040.0,6661.497,9.0879,,,,
1780357392.538,124065.0,6671.508,9.094745,,,,
1780357392.539,124090.0,6680.837,9.101212,,,,
1780357392.540,124115.0,6707.757,9.119019,,,,
1780357392.623,124140.0,6744.192,9.142425,,,,
1780357392.624,124165.0,6780.539,9.165812,,,,
1780357392.625,124190.0,6826.534,9.195495,,,,
1780357392.626,124215.0,6876.791,9.227543,,,,
1780357392.704,124240.0,6940.01,9.266969,,,,
1780357392.705,124265.0,7031.944,9.322241,,,,
1780357392.706,124290.0,7142.7,9.387395,,,,
1780357392.788,124315.0,7312.886,9.518655,,,,
1780357392.789,124340.0,7528.105,10.852298,,,,
1780357392.789,124365.0,7743.658,12.346679,,,,
1780357392.872,124390.0,7959.216,14.393539,,,,
1780357392.873,124415.0,8174.742,15.686487,,,,
1780357392.874,124440.0,8390.125,68.696976,,,,
1780357394.613,126175.0,10529.317,90.683144,,,,
1780357394.614,126200.0,10412.898,70.317108,,,,
1780357394.638,126225.0,10310.021,24.433807,,,,
1780357394.661,126250.0,10224.368,23.919312,,,,
1780357394.686,126275.0,10102.252,22.563334,,,,
1780357394.711,126300.0,9944.312,15.424032,,,,
1780357394.736,126325.0,9768.861,12.010524,,,,
1780357394.772,126350.0,9586.278,11.237806,,,,
1780357394.797,126375.0,9419.116,11.045816,,,,
1780357394.812,126400.0,9242.121,10.940232,,,,
1780357394.837,126425.0,9076.945,10.769438,,,,
1780357394.862,126450.0,8907.575,10.585478,,,,
1780357394.888,126475.0,8740.888,10.38746,,,,
1780357394.913,126500.0,8576.148,10.232173,,,,
1780357394.937,126525.0,8427.099,10.110106,,,,
1780357394.962,126550.0,8312.847,10.045544,,,,
1780357394.988,126575.0,8214.693,9.989975,,,,
1780357395.014,126600.0,8127.482,9.941299,,,,
1780357395.122,126625.0,8043.889,9.893917,,,,
1780357395.123,126650.0,7960.097,9.846073,,,,
1780357395.124,126675.0,7885.181,9.803704,,,,
1780357395.125,126700.0,7825.739,9.770876,,,,
1780357395.204,126725.0,7750.439,9.728168,,,,
1780357395.205,126750.0,7675.572,9.686495,,,,
1780357395.206,126775.0,7607.412,9.648226,,,,
1780357395.287,126800.0,7550.654,9.615843,,,,
1780357395.288,126825.0,7486.947,9.579328,,,,
1780357395.290,126850.0,7408.521,9.534788,,,,
1780357395.291,126875.0,7329.936,9.490233,,,,
1780357395.370,126900.0,7269.56,9.455431,,,,
1780357395.371,126925.0,7245.049,9.441119,,,,
1780357395.372,126950.0,7237.998,9.436996,,,,
1780357395.453,126975.0,7248.639,9.443781,,,,
1780357395.454,127000.0,7274.246,9.46037,,,,
1780357395.455,127025.0,7312.243,9.484745,,,,
1780357395.537,127050.0,7350.859,9.509244,,,,
1780357395.540,127075.0,7389.549,9.534242,,,,
1780357395.541,127100.0,7421.348,9.554248,,,,
1780357395.542,127125.0,7454.281,9.575203,,,,
1780357395.625,127150.0,7485.75,9.595385,,,,
1780357395.626,127175.0,7496.949,9.602283,,,,
1780357395.627,127200.0,7501.161,9.604845,,,,
1780357395.720,127225.0,7496.433,9.601685,,,,
1780357395.721,127250.0,7493.778,9.600168,,,,
1780357395.722,127275.0,7497.306,9.602105,,,,
1780357395.723,127300.0,7492.776,9.598986,,,,
1780357395.804,127325.0,7473.215,9.586669,,,,
1780357395.805,127350.0,7467.381,9.583039,,,,
1780357395.806,127375.0,7456.81,9.576486,,,,
1780357395.808,127400.0,7447.375,9.570653,,,,
1780357395.887,127425.0,7440.883,9.566645,,,,
1780357395.888,127450.0,7422.112,9.55481,,,,
1780357395.889,127475.0,7401.768,9.542176,,,,
1780357395.971,127500.0,7380.73,9.528685,,,,
1780357395.973,127525.0,7353.117,9.511209,,,,
1780357395.975,127550.0,7323.866,9.492681,,,,
1780357396.072,127575.0,7290.93,9.471485,,,,
1780357396.073,127600.0,7248.549,9.44384,,,,
1780357396.074,127625.0,7198.101,9.41075,,,,
1780357396.074,127650.0,7145.415,9.376267,,,,
1780357396.153,127675.0,7091.129,9.340515,,,,
1780357396.154,127700.0,7041.486,9.307826,,,,
1780357396.155,127725.0,7010.571,9.288239,,,,
1780357396.237,127750.0,7003.792,9.283939,,,,
1780357396.237,127775.0,6995.774,9.278658,,,,
1780357396.238,127800.0,6996.341,9.279017,,,,
1780357396.239,127825.0,6996.4,9.279273,,,,
1780357396.320,127850.0,6996.232,9.278996,,,,
1780357396.321,127875.0,7002.738,9.282763,,,,
1780357396.323,127900.0,7017.723,9.291688,,,,
1780357396.404,127925.0,7038.467,9.304247,,,,
1780357396.405,127950.0,7066.473,9.320752,,,,
1780357396.406,127975.0,7106.098,9.344088,,,,
1780357396.490,128000.0,7145.739,9.367424,,,,
1780357396.494,128025.0,7181.851,9.3888,,,,
1780357396.495,128050.0,7222.334,9.412559,,,,
1780357396.496,128075.0,7276.023,9.445047,,,,
1780357396.588,128100.0,7325.349,9.474886,,,,
1780357396.589,128125.0,7384.051,9.510319,,,,
1780357396.590,128150.0,7443.459,9.546803,,,,
1780357396.590,128175.0,7491.413,9.576489,,,,
1780357396.676,128200.0,7524.273,9.597425,,,,
1780357396.678,128225.0,7582.877,9.63474,,,,
1780357396.680,128250.0,7641.159,9.672112,,,,
1780357396.757,128275.0,7665.616,9.688755,,,,
1780357396.759,128300.0,7692.261,9.706786,,,,
1780357396.761,128325.0,7713.937,9.721444,,,,
1780357396.764,128350.0,7716.856,9.723236,,,,
1780357396.838,128375.0,7695.875,9.710032,,,,
1780357396.839,128400.0,7676.059,9.69755,,,,
1780357396.840,128425.0,7647.527,9.679642,,,,
1780357396.932,128450.0,7619.413,9.661582,,,,
1780357396.934,128475.0,7591.521,9.644053,,,,
1780357396.936,128500.0,7557.246,9.62254,,,,
1780357396.936,128525.0,7514.286,9.595825,,,,
1780357397.020,128550.0,7465.4,9.565683,,,,
1780357397.021,128575.0,7409.251,9.531595,,,,
1780357397.022,128600.0,7341.773,9.490497,,,,
1780357397.104,128625.0,7274.221,9.449385,,,,
1780357397.104,128650.0,7210.106,9.410214,,,,
1780357397.105,128675.0,7142.119,9.368764,,,,
1780357397.186,128700.0,7076.875,9.329106,,,,
1780357397.187,128725.0,7018.715,9.293379,,,,
1780357397.188,128750.0,6953.321,9.253698,,,,
1780357397.188,128775.0,6893.539,9.216898,,,,
1780357397.270,128800.0,6846.875,9.187955,,,,
1780357397.271,128825.0,6819.0,9.17043,,,,
1780357397.272,128850.0,6774.802,9.142972,,,,
1780357397.353,128875.0,6738.943,9.120886,,,,
1780357397.354,128900.0,6739.199,9.121179,,,,
1780357397.355,128925.0,6738.824,9.121101,,,,
1780357397.436,128950.0,6738.831,9.121102,,,,
1780357397.437,128975.0,6738.837,9.121104,,,,
1780357397.438,129000.0,6738.616,9.120819,,,,
1780357397.439,129025.0,6738.699,9.120597,,,,
1780357397.520,129050.0,6738.748,9.120369,,,,
1780357397.521,129075.0,6738.879,9.120396,,,,
1780357397.522,129100.0,6738.851,9.12039,,,,
1780357397.624,129125.0,6738.824,9.120384,,,,
1780357397.626,129150.0,6738.865,9.120393,,,,
1780357397.627,129175.0,6738.962,9.120173,,,,
1780357397.628,129200.0,6738.998,9.12018,,,,
1780357397.704,129225.0,6738.984,9.120177,,,,
1780357397.705,129250.0,6738.977,9.120416,,,,
1780357397.706,129275.0,6738.949,9.120648,,,,
1780357397.788,129300.0,6738.998,9.12066,,,,
1780357397.789,129325.0,6739.005,9.120662,,,,
1780357397.790,129350.0,6739.109,9.120683,,,,
1780357397.790,129375.0,6739.255,9.120712,,,,
1780357397.875,129400.0,6739.296,9.12096,,,,
1780357397.876,129425.0,6739.206,9.120941,,,,
1780357397.876,129450.0,6739.109,9.120922,,,,
1780357397.953,129475.0,6739.102,9.12092,,,,
1780357397.954,129500.0,6739.144,9.120929,,,,
1780357397.955,129525.0,6739.053,9.120671,,,,
1780357398.038,129550.0,6739.02,9.120665,,,,
1780357398.039,129575.0,6738.936,9.120887,,,,
1780357398.039,129600.0,6738.88,9.120875,,,,
1780357398.040,129625.0,6738.769,9.121091,,,,
1780357398.119,129650.0,6738.604,9.121058,,,,
1780357398.120,129675.0,6738.395,9.121015,,,,
1780357398.121,129700.0,6738.367,9.121009,,,,
1780357398.202,129725.0,6738.402,9.121256,,,,
1780357398.204,129750.0,6738.27,9.121228,,,,
1780357398.204,129775.0,6738.243,9.121222,,,,
1780357398.292,129800.0,6738.09,9.121191,,,,
1780357398.294,129825.0,6737.979,9.120929,,,,
1780357398.296,129850.0,6738.007,9.120934,,,,
1780357398.297,129875.0,6738.041,9.120702,,,,
1780357398.314,129900.0,6738.034,9.120461,,,,
1780357398.336,129925.0,6737.924,9.120439,,,,
1780357398.371,129950.0,6737.965,9.120209,,,,
1780357398.395,129975.0,6737.868,9.120189,,,,
1780357398.420,130000.0,6737.839,9.120183,,,,
1780357398.445,130025.0,6737.854,9.120186,,,,
1780357398.471,130050.0,6737.944,9.120443,,,,
1780357398.485,130075.0,6738.02,9.120459,,,,
1780357398.521,130100.0,6738.0,9.120695,,,,
1780357398.546,130125.0,6738.048,9.120466,,,,
1780357398.571,130150.0,6737.916,9.12044,,,,
1780357398.596,130175.0,6737.702,9.120394,,,,
1780357398.621,130200.0,6737.667,9.120388,,,,
1780357398.635,130225.0,6737.667,9.120388,,,,
1780357398.671,130250.0,6737.744,9.120165,,,,
1780357398.699,130275.0,6737.771,9.12041,,,,
1780357398.806,130300.0,6737.771,9.12041,,,,
1780357398.808,130325.0,6737.709,9.120397,,,,
1780357398.809,130350.0,6737.709,9.120157,,,,
1780357398.810,130375.0,6737.799,9.120415,,,,
1780357398.810,130400.0,6737.834,9.120422,,,,
1780357398.888,130425.0,6737.841,9.120423,,,,
1780357398.889,130450.0,6737.841,9.120422,,,,
1780357398.890,130475.0,6737.674,9.120629,,,,
1780357398.970,130500.0,6737.591,9.120612,,,,
1780357398.971,130525.0,6737.515,9.120597,,,,
1780357398.972,130550.0,6737.599,9.120612,,,,
1780357399.059,130575.0,6737.55,9.120602,,,,
1780357399.060,130600.0,6737.612,9.120614,,,,
1780357399.061,130625.0,6737.411,9.120573,,,,
1780357399.062,130650.0,6737.245,9.1203,,,,
1780357399.138,130675.0,6737.225,9.120058,,,,
1780357399.139,130700.0,6737.245,9.120062,,,,
1780357399.140,130725.0,6737.134,9.120039,,,,
1780357399.238,130750.0,6737.12,9.120036,,,,
1780357399.239,130775.0,6737.342,9.120082,,,,
1780357399.240,130800.0,6737.48,9.12011,,,,
1780357399.241,130825.0,6737.466,9.119867,,,,
1780357399.320,130850.0,6737.571,9.119889,,,,
1780357399.321,130875.0,6737.584,9.120131,,,,
1780357399.322,130900.0,6737.612,9.119897,,,,
1780357399.403,130925.0,6737.625,9.1199,,,,
1780357399.404,130950.0,6737.694,9.120153,,,,
1780357399.405,130975.0,6737.611,9.120136,,,,
1780357399.498,131000.0,6737.694,9.119914,,,,
1780357399.503,131025.0,6737.68,9.119911,,,,
1780357399.504,131050.0,6737.681,9.119911,,,,
1780357399.505,131075.0,6737.688,9.120152,,,,
1780357399.586,131100.0,6737.605,9.120136,,,,
1780357399.587,131125.0,6737.64,9.120144,,,,
1780357399.587,131150.0,6737.785,9.120173,,,,
1780357399.588,131175.0,6737.792,9.120174,,,,
1780357399.682,131200.0,6737.785,9.120173,,,,
1780357399.683,131225.0,6737.799,9.120174,,,,
1780357399.684,131250.0,6737.931,9.120202,,,,
1780357399.685,131275.0,6737.979,9.120212,,,,
1780357399.752,131300.0,6737.875,9.120429,,,,
1780357399.753,131325.0,6737.821,9.120418,,,,
1780357399.836,131350.0,6737.965,9.120449,,,,
1780357399.837,131375.0,6737.916,9.12044,,,,
1780357399.839,131400.0,6737.895,9.120435,,,,
1780357399.840,131425.0,6738.034,9.120461,,,,
1780357399.935,131450.0,6737.985,9.120451,,,,
1780357399.937,131475.0,6737.923,9.120439,,,,
1780357399.938,131500.0,6737.958,9.120207,,,,
1780357399.940,131525.0,6737.958,9.120207,,,,
1780357400.024,131550.0,6738.027,9.120221,,,,
1780357400.024,131575.0,6737.923,9.119961,,,,
1780357400.025,131600.0,6738.048,9.119987,,,,
1780357400.103,131625.0,6737.938,9.119964,,,,
1780357400.104,131650.0,6737.84,9.119944,,,,
1780357400.105,131675.0,6737.944,9.119966,,,,
1780357400.189,131700.0,6738.049,9.119746,,,,
1780357400.191,131725.0,6738.256,9.119549,,,,
1780357400.192,131750.0,6738.277,9.119554,,,,
1780357400.193,131775.0,6738.304,9.1198,,,,
1780357400.269,131800.0,6738.228,9.119783,,,,
1780357400.270,131825.0,6738.132,9.119764,,,,
1780357400.271,131850.0,6738.173,9.120012,,,,
1780357400.370,131875.0,6738.243,9.120026,,,,
1780357400.371,131900.0,6738.409,9.1203,,,,
1780357400.372,131925.0,6738.375,9.120053,,,,
1780357400.373,131950.0,6738.354,9.120289,,,,
1780357400.453,131975.0,6738.25,9.120028,,,,
1780357400.454,132000.0,6738.139,9.120245,,,,
1780357400.455,132025.0,6738.07,9.12047,,,,
1780357400.538,132050.0,6737.973,9.120691,,,,
1780357400.539,132075.0,6738.132,9.120724,,,,
1780357400.540,132100.0,6738.132,9.120724,,,,
1780357400.541,132125.0,6738.222,9.120981,,,,
1780357400.620,132150.0,6738.187,9.121214,,,,
1780357400.621,132175.0,6738.146,9.121445,,,,
1780357400.622,132200.0,6738.313,9.121478,,,,
1780357400.705,132225.0,6738.284,9.121472,,,,
1780357400.706,132250.0,6738.326,9.121719,,,,
1780357400.707,132275.0,6738.458,9.121746,,,,
1780357400.708,132300.0,6738.402,9.121735,,,,
1780357400.789,132325.0,6738.375,9.121729,,,,
1780357400.790,132350.0,6738.222,9.121937,,,,
1780357400.791,132375.0,6738.284,9.121949,,,,
1780357400.885,132400.0,6738.263,9.121706,,,,
1780357400.887,132425.0,6738.36,9.121965,,,,
1780357400.888,132450.0,6738.366,9.121966,,,,
1780357400.889,132475.0,6738.242,9.121941,,,,
1780357400.970,132500.0,6738.145,9.121922,,,,
1780357400.971,132525.0,6737.924,9.121636,,,,
1780357400.971,132550.0,6738.083,9.121669,,,,
1780357401.052,132575.0,6738.076,9.121428,,,,
1780357401.054,132600.0,6738.111,9.121675,,,,
1780357401.054,132625.0,6738.159,9.121445,,,,
1780357401.135,132650.0,6738.131,9.1212,,,,
1780357401.136,132675.0,6738.069,9.120947,,,,
1780357401.137,132700.0,6738.098,9.121193,,,,
1780357401.138,132725.0,6738.111,9.121196,,,,
1780357401.219,132750.0,6738.146,9.120964,,,,
1780357401.220,132775.0,6738.263,9.120748,,,,
1780357401.221,132800.0,6738.367,9.12077,,,,
1780357401.303,132825.0,6738.235,9.120742,,,,
1780357401.304,132850.0,6738.076,9.120709,,,,
1780357401.305,132875.0,6738.083,9.120471,,,,
1780357401.318,132900.0,6738.236,9.121103,,,,
1780357401.342,132925.0,6738.19,9.121214,,,,
1780357401.368,132950.0,6738.164,9.121208,,,,
1780357401.394,132975.0,6738.128,9.121201,,,,
1780357401.419,133000.0,6738.132,9.121322,,,,
1780357401.443,133025.0,6738.066,9.121308,,,,
1780357401.468,133050.0,6738.119,9.121439,,,,
1780357401.492,133075.0,6738.166,9.121449,,,,
1780357401.517,133100.0,6738.139,9.121323,,,,
1780357401.542,133125.0,6738.128,9.121321,,,,
1780357401.568,133150.0,6738.093,9.121194,,,,
1780357401.592,133175.0,6738.128,9.121202,,,,
1780357401.615,133200.0,6738.128,9.121081,,,,
1780357401.640,133225.0,6738.211,9.121099,,,,
1780357401.665,133250.0,6738.26,9.120988,,,,
1780357401.692,133275.0,6738.271,9.120871,,,,
1780357401.712,133300.0,6738.291,9.120755,,,,
1780357401.837,133325.0,6738.253,9.120868,,,,
1780357401.838,133350.0,6738.229,9.120983,,,,
1780357401.839,133375.0,6738.149,9.120966,,,,
1780357401.839,133400.0,6738.195,9.120855,,,,
1780357401.840,133425.0,6738.24,9.120865,,,,
1780357401.931,133450.0,6738.202,9.120977,,,,
1780357401.932,133475.0,6738.208,9.120978,,,,
1780357401.933,133500.0,6738.194,9.120855,,,,
1780357401.934,133525.0,6738.132,9.120963,,,,
1780357402.020,133550.0,6738.125,9.120961,,,,
1780357402.021,133575.0,6738.098,9.121076,,,,
1780357402.021,133600.0,6738.173,9.120972,,,,
1780357402.105,133625.0,6738.115,9.120959,,,,
1780357402.106,133650.0,6738.08,9.120953,,,,
1780357402.107,133675.0,6738.09,9.120834,,,,
1780357402.108,133700.0,6738.142,9.120845,,,,
1780357402.188,133725.0,6738.141,9.120725,,,,
1780357402.189,133750.0,6738.187,9.120853,,,,
1780357402.190,133775.0,6738.273,9.120872,,,,
1780357402.274,133800.0,6738.27,9.120991,,,,
1780357402.275,133825.0,6738.291,9.120996,,,,
1780357402.276,133850.0,6738.287,9.120874,,,,
1780357402.371,133875.0,6738.27,9.120871,,,,
1780357402.372,133900.0,6738.301,9.120877,,,,
1780357402.372,133925.0,6738.287,9.120994,,,,
1780357402.373,133950.0,6738.259,9.120989,,,,
1780357402.438,133975.0,6738.274,9.120992,,,,
1780357402.439,134000.0,6738.25,9.120987,,,,
1780357402.440,134025.0,6738.194,9.121095,,,,
1780357402.519,134050.0,6738.083,9.120953,,,,
1780357402.520,134075.0,6738.063,9.120949,,,,
1780357402.521,134100.0,6738.101,9.121076,,,,
1780357402.605,134125.0,6738.069,9.121069,,,,
1780357402.607,134150.0,6738.076,9.121191,,,,
1780357402.609,134175.0,6738.06,9.121067,,,,
1780357402.610,134200.0,6738.014,9.121178,,,,
1780357402.685,134225.0,6737.966,9.121168,,,,
1780357402.687,134250.0,6737.917,9.121038,,,,
1780357402.688,134275.0,6737.869,9.121028,,,,
1780357402.775,134300.0,6737.824,9.1209,,,,
1780357402.775,134325.0,6737.772,9.12089,,,,
1780357402.776,134350.0,6737.73,9.120881,,,,
1780357402.854,134375.0,6737.655,9.120865,,,,
1780357402.855,134400.0,6737.575,9.120849,,,,
1780357402.856,134425.0,6737.596,9.120852,,,,
1780357402.857,134450.0,6737.596,9.120852,,,,
1780357402.919,134475.0,6737.523,9.120837,,,,
1780357402.920,134500.0,6737.565,9.120846,,,,
1780357402.969,134525.0,6737.579,9.120849,,,,
1780357402.969,134550.0,6737.496,9.120953,,,,
1780357403.019,134575.0,6737.538,9.12084,,,,
1780357403.020,134600.0,6737.585,9.120731,,,,
1780357403.070,134625.0,6737.623,9.120619,,,,
1780357403.071,134650.0,6737.582,9.12061,,,,
1780357403.124,134675.0,6737.53,9.120481,,,,
1780357403.124,134700.0,6737.446,9.120343,,,,
1780357403.188,134725.0,6737.439,9.120342,,,,
1780357403.189,134750.0,6737.495,9.120473,,,,
1780357403.190,134775.0,6737.515,9.120358,,,,
1780357403.254,134800.0,6737.553,9.120365,,,,
1780357403.255,134825.0,6737.521,9.120239,,,,
1780357403.320,134850.0,6737.435,9.120222,,,,
1780357403.321,134875.0,6737.48,9.120231,,,,
1780357403.322,134900.0,6737.435,9.120341,,,,
1780357403.385,134925.0,6737.389,9.120332,,,,
1780357403.386,134950.0,6737.411,9.120336,,,,
1780357403.387,134975.0,6737.449,9.120344,,,,
1780357403.443,135000.0,6737.445,9.120224,,,,
1780357403.444,135025.0,6737.379,9.12033,,,,
1780357403.508,135050.0,6737.286,9.120192,,,,
1780357403.509,135075.0,6737.3,9.120194,,,,
1780357403.509,135100.0,6737.314,9.120317,,,,
1780357403.571,135125.0,6737.339,9.120441,,,,
1780357403.572,135150.0,6737.335,9.12044,,,,
1780357403.636,135175.0,6737.384,9.120332,,,,
1780357403.638,135200.0,6737.356,9.120207,,,,
1780357403.638,135225.0,6737.366,9.120209,,,,
1780357403.704,135250.0,6737.283,9.120191,,,,
1780357403.705,135275.0,6737.318,9.120078,,,,
1780357403.788,135300.0,6737.418,9.120218,,,,
1780357403.789,135325.0,6737.397,9.120214,,,,
1780357403.789,135350.0,6737.426,9.1201,,,,
1780357403.790,135375.0,6737.405,9.120095,,,,
1780357403.869,135400.0,6737.325,9.11996,,,,
1780357403.870,135425.0,6737.371,9.119969,,,,
1780357403.872,135450.0,6737.388,9.119972,,,,
1780357403.954,135475.0,6737.45,9.119986,,,,
1780357403.955,135500.0,6737.475,9.11999,,,,
1780357403.955,135525.0,6737.561,9.119888,,,,
1780357404.019,135550.0,6737.558,9.119888,,,,
1780357404.020,135575.0,6737.599,9.120016,,,,
1780357404.020,135600.0,6737.589,9.120014,,,,
1780357404.086,135625.0,6737.65,9.120027,,,,
1780357404.087,135650.0,6737.695,9.120035,,,,
1780357404.088,135675.0,6737.612,9.120018,,,,
1780357404.168,135700.0,6737.616,9.120019,,,,
1780357404.169,135725.0,6737.629,9.120022,,,,
1780357404.170,135750.0,6737.55,9.120006,,,,
1780357404.252,135775.0,6737.515,9.120118,,,,
1780357404.253,135800.0,6737.591,9.120133,,,,
1780357404.254,135825.0,6737.574,9.120251,,,,
1780357404.320,135850.0,6737.55,9.120246,,,,
1780357404.321,135875.0,6737.549,9.120246,,,,
1780357404.322,135900.0,6737.545,9.120245,,,,
1780357404.386,135925.0,6737.469,9.120349,,,,
1780357404.387,135950.0,6737.524,9.12036,,,,
1780357404.387,135975.0,6737.524,9.12048,,,,
1780357404.455,136000.0,6737.455,9.120346,,,,
1780357404.456,136025.0,6737.447,9.120344,,,,
1780357404.536,136050.0,6737.382,9.120331,,,,
1780357404.537,136075.0,6737.417,9.120338,,,,
1780357404.538,136100.0,6737.409,9.120337,,,,
1780357404.539,136125.0,6737.354,9.120324,,,,
1780357404.607,136150.0,6737.379,9.120211,,,,
1780357404.608,136175.0,6737.334,9.120201,,,,
1780357404.609,136200.0,6737.275,9.120308,,,,
1780357404.704,136225.0,6737.203,9.120294,,,,
1780357404.705,136250.0,6737.145,9.120281,,,,
1780357404.708,136275.0,6737.162,9.120166,,,,
1780357404.713,136300.0,6737.283,9.120191,,,,
1780357404.786,136325.0,6737.262,9.120186,,,,
1780357404.788,136350.0,6737.234,9.120061,,,,
1780357404.789,136375.0,6737.196,9.119934,,,,
1780357404.870,136400.0,6737.183,9.119931,,,,
1780357404.871,136425.0,6737.129,9.11992,,,,
1780357404.872,136450.0,6737.083,9.11991,,,,
1780357404.944,136475.0,6737.035,9.119901,,,,
1780357404.947,136500.0,6737.056,9.119905,,,,
1780357404.947,136525.0,6737.058,9.119905,,,,
1780357405.020,136550.0,6737.002,9.119774,,,,
1780357405.021,136575.0,6737.0,9.119773,,,,
1780357405.022,136600.0,6736.938,9.119761,,,,
1780357405.102,136625.0,6736.976,9.119768,,,,
1780357405.103,136650.0,6737.024,9.119779,,,,
1780357405.103,136675.0,6736.988,9.119771,,,,
1780357405.188,136700.0,6737.02,9.119658,,,,
1780357405.189,136725.0,6736.985,9.119771,,,,
1780357405.190,136750.0,6737.002,9.119775,,,,
1780357405.190,136775.0,6736.958,9.119765,,,,
1780357405.270,136800.0,6736.971,9.119768,,,,
1780357405.271,136825.0,6736.971,9.119768,,,,
1780357405.271,136850.0,6736.95,9.119884,,,,
1780357405.354,136875.0,6736.96,9.120006,,,,
1780357405.355,136900.0,6736.984,9.12001,,,,
1780357405.355,136925.0,6737.026,9.120139,,,,
1780357405.435,136950.0,6737.044,9.120143,,,,
1780357405.436,136975.0,6737.051,9.120144,,,,
1780357405.436,137000.0,6737.061,9.120146,,,,
1780357405.437,137025.0,6737.037,9.120021,,,,
1780357405.518,137050.0,6736.991,9.119893,,,,
1780357405.519,137075.0,6736.975,9.119769,,,,
1780357405.520,137100.0,6736.972,9.119768,,,,
1780357405.603,137125.0,6736.913,9.119757,,,,
1780357405.604,137150.0,6736.916,9.119757,,,,
1780357405.605,137175.0,6736.991,9.119653,,,,
1780357405.685,137200.0,6736.989,9.119772,,,,
1780357405.686,137225.0,6736.936,9.119641,,,,
1780357405.687,137250.0,6736.919,9.119758,,,,
1780357405.687,137275.0,6736.885,9.11987,,,,
1780357405.769,137300.0,6736.916,9.119996,,,,
1780357405.770,137325.0,6736.912,9.120116,,,,
1780357405.772,137350.0,6736.956,9.120125,,,,
1780357405.854,137375.0,6736.987,9.120131,,,,
1780357405.855,137400.0,6737.009,9.120135,,,,
1780357405.855,137425.0,6737.009,9.120255,,,,
1780357405.936,137450.0,6736.944,9.120122,,,,
1780357405.937,137475.0,6736.955,9.120125,,,,
1780357405.937,137500.0,6736.972,9.120247,,,,
1780357405.938,137525.0,6736.985,9.12025,,,,
1780357406.019,137550.0,6736.888,9.12023,,,,
1780357406.020,137575.0,6736.888,9.120231,,,,
1780357406.021,137600.0,6736.902,9.120352,,,,
1780357406.104,137625.0,6736.895,9.120351,,,,
1780357406.105,137650.0,6736.781,9.120328,,,,
1780357406.106,137675.0,6736.846,9.120341,,,,
1780357406.107,137700.0,6736.891,9.12035,,,,
1780357406.186,137725.0,6736.916,9.120355,,,,
1780357406.187,137750.0,6736.915,9.120355,,,,
1780357406.187,137775.0,6736.918,9.120356,,,,
1780357406.268,137800.0,6736.891,9.12035,,,,
1780357406.269,137825.0,6736.873,9.120346,,,,
1780357406.269,137850.0,6736.929,9.120358,,,,
1780357406.352,137875.0,6736.926,9.120358,,,,
1780357406.352,137900.0,6736.929,9.120477,,,,
1780357406.353,137925.0,6736.881,9.120467,,,,
1780357406.436,137950.0,6736.826,9.120456,,,,
1780357406.437,137975.0,6736.802,9.120332,,,,
1780357406.448,138000.0,6736.708,9.120313,,,,
1780357406.450,138025.0,6736.67,9.120305,,,,
1780357406.519,138050.0,6736.639,9.120298,,,,
1780357406.520,138075.0,6736.643,9.120179,,,,
1780357406.521,138100.0,6736.65,9.120062,,,,
1780357406.601,138125.0,6736.554,9.120042,,,,
1780357406.602,138150.0,6736.491,9.120029,,,,
1780357406.603,138175.0,6736.415,9.120013,,,,
1780357406.685,138200.0,6736.39,9.120008,,,,
1780357406.686,138225.0,6736.321,9.119994,,,,
1780357406.687,138250.0,6736.404,9.120011,,,,
1780357406.688,138275.0,6736.456,9.120022,,,,
1780357406.767,138300.0,6736.421,9.120134,,,,
1780357406.768,138325.0,6736.369,9.120123,,,,
1780357406.769,138350.0,6736.368,9.120123,,,,
1780357406.856,138375.0,6736.393,9.120128,,,,
1780357406.857,138400.0,6736.371,9.120124,,,,
1780357406.858,138425.0,6736.366,9.120123,,,,
1780357406.858,138450.0,6736.341,9.119999,,,,
1780357406.935,138475.0,6736.403,9.120011,,,,
1780357406.936,138500.0,6736.451,9.119901,,,,
1780357406.937,138525.0,6736.458,9.119782,,,,
1780357407.019,138550.0,6736.444,9.119661,,,,
1780357407.020,138575.0,6736.447,9.119541,,,,
1780357407.021,138600.0,6736.402,9.119652,,,,
1780357407.033,138625.0,6736.375,9.299265,,,,
1780357407.066,138650.0,6736.408,9.299384,,,,
1780357407.089,138675.0,6736.476,9.299265,,,,
1780357407.113,138700.0,6736.587,9.299265,,,,
1780357407.139,138725.0,6736.657,9.299265,,,,
1780357407.163,138750.0,6736.673,9.299145,,,,
1780357407.189,138775.0,6736.699,9.299145,,,,
1780357407.214,138800.0,6736.723,9.299145,,,,
1780357407.239,138825.0,6736.736,9.299145,,,,
1780357407.263,138850.0,6736.733,9.299026,,,,
1780357407.289,138875.0,6736.844,9.299026,,,,
1780357407.313,138900.0,6736.969,9.299145,,,,
1780357407.338,138925.0,6736.911,9.299145,,,,
1780357407.361,138950.0,6736.882,9.299145,,,,
1780357407.384,138975.0,6736.907,9.299145,,,,
1780357407.418,139000.0,6736.889,9.299265,,,,
1780357407.542,139025.0,6736.81,9.299265,,,,
1780357407.544,139050.0,6736.868,9.299265,,,,
1780357407.545,139075.0,6736.899,9.299265,,,,
1780357407.546,139100.0,6736.917,9.299265,,,,
1780357407.547,139125.0,6736.858,9.299265,,,,
1780357407.636,139150.0,6736.844,9.299145,,,,
1780357407.637,139175.0,6736.899,9.299145,,,,
1780357407.638,139200.0,6736.931,9.299145,,,,
1780357407.638,139225.0,6736.973,9.299145,,,,
1780357407.720,139250.0,6737.062,9.299145,,,,
1780357407.721,139275.0,6737.145,9.299145,,,,
1780357407.722,139300.0,6737.152,9.299145,,,,
1780357407.803,139325.0,6737.125,9.299145,,,,
1780357407.806,139350.0,6737.139,9.299145,,,,
1780357407.807,139375.0,6737.166,9.299025,,,,
1780357407.807,139400.0,6737.19,9.299025,,,,
1780357407.886,139425.0,6737.242,9.298905,,,,
1780357407.887,139450.0,6737.27,9.298905,,,,
1780357407.888,139475.0,6737.314,9.298905,,,,
1780357407.975,139500.0,6737.252,9.298905,,,,
1780357407.977,139525.0,6737.221,9.298905,,,,
1780357407.978,139550.0,6737.251,9.298785,,,,
1780357408.055,139575.0,6737.321,9.298785,,,,
1780357408.056,139600.0,6737.353,9.298785,,,,
1780357408.057,139625.0,6737.39,9.298785,,,,
1780357408.058,139650.0,6737.415,9.298785,,,,
1780357408.156,139675.0,6737.383,9.298785,,,,
1780357408.157,139700.0,6737.411,9.298905,,,,
1780357408.158,139725.0,6737.359,9.298905,,,,
1780357408.158,139750.0,6737.337,9.298905,,,,
1780357408.239,139775.0,6737.344,9.298905,,,,
1780357408.240,139800.0,6737.336,9.298905,,,,
1780357408.243,139825.0,6737.347,9.299026,,,,
1780357408.339,139850.0,6737.348,9.298905,,,,
1780357408.341,139875.0,6737.32,9.298905,,,,
1780357408.345,139900.0,6737.213,9.298786,,,,
1780357408.347,139925.0,6737.144,9.298905,,,,
1780357408.435,139950.0,6737.109,9.298905,,,,
1780357408.437,139975.0,6737.019,9.299026,,,,
1780357408.438,140000.0,6736.971,9.299026,,,,
1780357408.439,140025.0,6736.964,9.299146,,,,
1780357408.536,140050.0,6736.902,9.299265,,,,
1780357408.537,140075.0,6736.795,9.299265,,,,
1780357408.538,140100.0,6736.813,9.299265,,,,
1780357408.538,140125.0,6736.76,9.299265,,,,
1780357408.625,140150.0,6736.777,9.299146,,,,
1780357408.627,140175.0,6736.819,9.299146,,,,
1780357408.628,140200.0,6736.816,9.299265,,,,
1780357408.718,140225.0,6736.757,9.299265,,,,
1780357408.719,140250.0,6736.744,9.299146,,,,
1780357408.720,140275.0,6736.813,9.299145,,,,
1780357408.721,140300.0,6736.795,9.299145,,,,
1780357408.803,140325.0,6736.789,9.299145,,,,
1780357408.805,140350.0,6736.712,9.299145,,,,
1780357408.806,140375.0,6736.743,9.299265,,,,
1780357408.886,140400.0,6736.69,9.299384,,,,
1780357408.886,140425.0,6736.688,9.299384,,,,
1780357408.887,140450.0,6736.697,9.299384,,,,
1780357408.888,140475.0,6736.677,9.299504,,,,
1780357408.970,140500.0,6736.636,9.299504,,,,
1780357408.971,140525.0,6736.542,9.299504,,,,
1780357408.971,140550.0,6736.543,9.299503,,,,
1780357409.051,140575.0,6736.474,9.299503,,,,
1780357409.052,140600.0,6736.442,9.299503,,,,
1780357409.053,140625.0,6736.498,9.299503,,,,
1780357409.137,140650.0,6736.531,9.299503,,,,
1780357409.138,140675.0,6736.563,9.299503,,,,
1780357409.139,140700.0,6736.587,9.299503,,,,
1780357409.140,140725.0,6736.538,9.299503,,,,
1780357409.219,140750.0,6736.504,9.299503,,,,
1780357409.220,140775.0,6736.503,9.299503,,,,
1780357409.220,140800.0,6736.527,9.299503,,,,
1780357409.303,140825.0,6736.497,9.299503,,,,
1780357409.303,140850.0,6736.469,9.299503,,,,
1780357409.304,140875.0,6736.425,9.299503,,,,
1780357409.402,140900.0,6736.42,9.299503,,,,
1780357409.403,140925.0,6736.39,9.299503,,,,
1780357409.403,140950.0,6736.369,9.299383,,,,
1780357409.405,140975.0,6736.376,9.299383,,,,
1780357409.485,141000.0,6736.384,9.299383,,,,
1780357409.486,141025.0,6736.38,9.299503,,,,
1780357409.487,141050.0,6736.388,9.299503,,,,
1780357409.487,141075.0,6736.35,9.299384,,,,
1780357409.568,141100.0,6736.335,9.299384,,,,
1780357409.569,141125.0,6736.4,9.299384,,,,
1780357409.570,141150.0,6736.421,9.299384,,,,
1780357409.650,141175.0,6736.432,9.299265,,,,
1780357409.651,141200.0,6736.425,9.299265,,,,
1780357409.652,141225.0,6736.422,9.299145,,,,
1780357409.734,141250.0,6736.47,9.299145,,,,
1780357409.735,141275.0,6736.442,9.299026,,,,
1780357409.735,141300.0,6736.521,9.298905,,,,
1780357409.736,141325.0,6736.597,9.298905,,,,
1780357409.817,141350.0,6736.573,9.298905,,,,
1780357409.818,141375.0,6736.57,9.298905,,,,
1780357409.819,141400.0,6736.477,9.298905,,,,
1780357409.901,141425.0,6736.428,9.298905,,,,
1780357409.902,141450.0,6736.459,9.298785,,,,
1780357409.904,141475.0,6736.473,9.298785,,,,
1780357409.983,141500.0,6736.48,9.298785,,,,
1780357409.984,141525.0,6736.469,9.298785,,,,
1780357409.985,141550.0,6736.449,9.298905,,,,
1780357409.986,141575.0,6736.421,9.298905,,,,
1780357410.066,141600.0,6736.49,9.298905,,,,
1780357410.067,141625.0,6736.424,9.298905,,,,
1780357410.068,141650.0,6736.459,9.298786,,,,
1780357410.150,141675.0,6736.504,9.298906,,,,
1780357410.151,141700.0,6736.477,9.298905,,,,
1780357410.153,141725.0,6736.453,9.298786,,,,
1780357410.250,141750.0,6736.491,9.298786,,,,
1780357410.251,141775.0,6736.529,9.298786,,,,
1780357410.252,141800.0,6736.446,9.298786,,,,
1780357410.253,141825.0,6736.542,9.298786,,,,
1780357410.351,141850.0,6736.556,9.298905,,,,
1780357410.352,141875.0,6736.493,9.298905,,,,
1780357410.353,141900.0,6736.469,9.298905,,,,
1780357410.354,141925.0,6736.388,9.298905,,,,
1780357410.434,141950.0,6736.333,9.298905,,,,
1780357410.435,141975.0,6736.429,9.298905,,,,
1780357410.435,142000.0,6736.509,9.298905,,,,
1780357410.436,142025.0,6736.516,9.298905,,,,
1780357410.518,142050.0,6736.488,9.298905,,,,
1780357410.521,142075.0,6736.467,9.298905,,,,
1780357410.532,142100.0,6736.443,9.299026,,,,
1780357410.533,142125.0,6736.406,9.299026,,,,
1780357410.617,142150.0,6736.406,9.299026,,,,
1780357410.618,142175.0,6736.486,9.299026,,,,
1780357410.618,142200.0,6736.518,9.299026,,,,
1780357410.685,142225.0,6736.518,9.299026,,,,
1780357410.686,142250.0,6736.536,9.299026,,,,
1780357410.688,142275.0,6736.529,9.299026,,,,
1780357410.767,142300.0,6736.446,9.299026,,,,
1780357410.768,142325.0,6736.388,9.299026,,,,
1780357410.768,142350.0,6736.401,9.299145,,,,
1780357410.835,142375.0,6736.35,9.299145,,,,
1780357410.836,142400.0,6736.397,9.299145,,,,
1780357410.837,142425.0,6736.453,9.299145,,,,
1780357410.919,142450.0,6736.484,9.299145,,,,
1780357410.920,142475.0,6736.498,9.299265,,,,
1780357410.921,142500.0,6736.454,9.299265,,,,
1780357411.000,142525.0,6736.433,9.299265,,,,
1780357411.001,142550.0,6736.395,9.299265,,,,
1780357411.002,142575.0,6736.408,9.299265,,,,
1780357411.069,142600.0,6736.436,9.299265,,,,
1780357411.070,142625.0,6736.432,9.299265,,,,
1780357411.070,142650.0,6736.453,9.299265,,,,
1780357411.150,142675.0,6736.446,9.299384,,,,
1780357411.151,142700.0,6736.46,9.299384,,,,
1780357411.152,142725.0,6736.484,9.299384,,,,
1780357411.233,142750.0,6736.522,9.299384,,,,
1780357411.235,142775.0,6736.479,9.299384,,,,
1780357411.236,142800.0,6736.476,9.299384,,,,
1780357411.236,142825.0,6736.512,9.299384,,,,
1780357411.318,142850.0,6736.439,9.299384,,,,
1780357411.319,142875.0,6736.529,9.299265,,,,
1780357411.320,142900.0,6736.553,9.299265,,,,
1780357411.400,142925.0,6736.533,9.299145,,,,
1780357411.401,142950.0,6736.525,9.299145,,,,
1780357411.401,142975.0,6736.546,9.299145,,,,
1780357411.483,143000.0,6736.525,9.299145,,,,
1780357411.484,143025.0,6736.533,9.299145,,,,
1780357411.485,143050.0,6736.609,9.299265,,,,
1780357411.486,143075.0,6736.564,9.299265,,,,
1780357411.567,143100.0,6736.616,9.299145,,,,
1780357411.569,143125.0,6736.671,9.299145,,,,
1780357411.570,143150.0,6736.613,9.299145,,,,
1780357411.667,143175.0,6736.658,9.299265,,,,
1780357411.669,143200.0,6736.603,9.299265,,,,
1780357411.670,143225.0,6736.533,9.299265,,,,
1780357411.671,143250.0,6736.466,9.299265,,,,
1780357411.750,143275.0,6736.48,9.299265,,,,
1780357411.751,143300.0,6736.487,9.299265,,,,
1780357411.753,143325.0,6736.5,9.299265,,,,
1780357411.833,143350.0,6736.469,9.299145,,,,
1780357411.834,143375.0,6736.506,9.299145,,,,
1780357411.835,143400.0,6736.489,9.299265,,,,
1780357411.835,143425.0,6736.448,9.299265,,,,
1780357411.916,143450.0,6736.42,9.299265,,,,
1780357411.917,143475.0,6736.365,9.299265,,,,
1780357411.918,143500.0,6736.278,9.299265,,,,
1780357412.002,143525.0,6736.306,9.299145,,,,
1780357412.003,143550.0,6736.324,9.299265,,,,
1780357412.004,143575.0,6736.407,9.299265,,,,
1780357412.084,143600.0,6736.406,9.299145,,,,
1780357412.085,143625.0,6736.435,9.299145,,,,
1780357412.086,143650.0,6736.396,9.299145,,,,
1780357412.087,143675.0,6736.361,9.299265,,,,
1780357412.167,143700.0,6736.337,9.299265,,,,
1780357412.168,143725.0,6736.362,9.299265,,,,
1780357412.168,143750.0,6736.431,9.299265,,,,
1780357412.250,143775.0,6736.431,9.299265,,,,
1780357412.251,143800.0,6736.403,9.299265,,,,
1780357412.252,143825.0,6736.375,9.299265,,,,
1780357412.334,143850.0,6736.389,9.299265,,,,
1780357412.335,143875.0,6736.404,9.299265,,,,
1780357412.336,143900.0,6736.362,9.299265,,,,
1780357412.337,143925.0,6736.369,9.299145,,,,
1780357412.417,143950.0,6736.39,9.299265,,,,
1780357412.418,143975.0,6736.374,9.299265,,,,
1780357412.419,144000.0,6736.342,9.299265,,,,
1780357412.501,144025.0,6736.342,9.299265,,,,
1780357412.502,144050.0,6736.308,9.299145,,,,
1780357412.502,144075.0,6736.311,9.299145,,,,
1780357412.585,144100.0,6736.366,9.299145,,,,
1780357412.586,144125.0,6736.353,9.299145,,,,
1780357412.587,144150.0,6736.317,9.299145,,,,
1780357412.587,144175.0,6736.238,9.299145,,,,
1780357412.668,144200.0,6736.276,9.299145,,,,
1780357412.669,144225.0,6736.269,9.299145,,,,
1780357412.670,144250.0,6736.224,9.299145,,,,
1780357412.750,144275.0,6736.244,9.299145,,,,
1780357412.752,144300.0,6736.286,9.299025,,,,
1780357412.753,144325.0,6736.32,9.299025,,,,
1780357412.834,144350.0,6736.272,9.299025,,,,
1780357412.835,144375.0,6736.279,9.299025,,,,
1780357412.836,144400.0,6736.275,9.299025,,,,
1780357412.837,144425.0,6736.272,9.298905,,,,
1780357412.918,144450.0,6736.317,9.298905,,,,
1780357412.919,144475.0,6736.283,9.298905,,,,
1780357412.919,144500.0,6736.321,9.299026,,,,
1780357413.002,144525.0,6736.234,9.299026,,,,
1780357413.003,144550.0,6736.216,9.299026,,,,
1780357413.004,144575.0,6736.154,9.299145,,,,
1780357413.083,144600.0,6736.126,9.299145,,,,
1780357413.084,144625.0,6736.119,9.299145,,,,
1780357413.084,144650.0,6736.129,9.299026,,,,
1780357413.086,144675.0,6736.165,9.299026,,,,
1780357413.167,144700.0,6736.151,9.299026,,,,
1780357413.168,144725.0,6736.234,9.299026,,,,
1780357413.168,144750.0,6736.3,9.299026,,,,
1780357413.251,144775.0,6736.244,9.299145,,,,
1780357413.251,144800.0,6736.355,9.299026,,,,
1780357413.252,144825.0,6736.352,9.299026,,,,
1780357413.335,144850.0,6736.351,9.299026,,,,
1780357413.336,144875.0,6736.31,9.299026,,,,
1780357413.337,144900.0,6736.306,9.299026,,,,
1780357413.338,144925.0,6736.261,9.298905,,,,
1780357413.416,144950.0,6736.281,9.298905,,,,
1780357413.417,144975.0,6736.271,9.298786,,,,
1780357413.418,145000.0,6736.219,9.298786,,,,
1780357413.484,145025.0,6736.281,9.298905,,,,
1780357413.485,145050.0,6736.301,9.298905,,,,
1780357413.486,145075.0,6736.354,9.298905,,,,
1780357413.566,145100.0,6736.215,9.298905,,,,
1780357413.567,145125.0,6736.132,9.298905,,,,
1780357413.567,145150.0,6736.156,9.298905,,,,
1780357413.649,145175.0,6736.167,9.298905,,,,
1780357413.650,145200.0,6736.088,9.298905,,,,
1780357413.651,145225.0,6736.081,9.298905,,,,
1780357413.733,145250.0,6693.821,9.275826,,,,
1780357413.735,145275.0,6694.409,9.276065,,,,
1780357413.736,145300.0,6690.102,9.273795,,,,
1780357413.737,145325.0,6687.634,9.272479,,,,
1780357413.816,145350.0,6685.129,9.271164,,,,
1780357413.816,145375.0,6682.641,9.269967,,,,
1780357413.817,145400.0,6680.158,9.268771,,,,
1780357413.899,145425.0,6677.623,9.267574,,,,
1780357413.900,145450.0,6675.128,9.266258,,,,
1780357413.901,145475.0,6672.567,9.264943,,,,
1780357413.984,145500.0,6670.067,9.263627,,,,
1780357413.985,145525.0,6667.519,9.262193,,,,
1780357413.987,145550.0,6664.956,9.260756,,,,
1780357413.988,145575.0,6662.41,9.259441,,,,
1780357414.067,145600.0,6659.943,9.258125,,,,
1780357414.068,145625.0,6657.438,9.256809,,,,
1780357414.068,145650.0,6654.992,9.255493,,,,
1780357414.152,145675.0,6652.476,9.254177,,,,
1780357414.153,145700.0,6649.971,9.252861,,,,
1780357414.154,145725.0,6647.533,9.251546,,,,
1780357414.233,145750.0,6645.01,9.250111,,,,
1780357414.234,145775.0,6642.491,9.248795,,,,
1780357414.235,145800.0,6640.031,9.247478,,,,
1780357414.235,145825.0,6637.799,9.246162,,,,
1780357414.316,145850.0,6636.852,9.245683,,,,
1780357414.317,145875.0,6636.455,9.245443,,,,
1780357414.318,145900.0,6637.358,9.245803,,,,
1780357414.400,145925.0,6641.653,9.247725,,,,
1780357414.402,145950.0,6653.327,9.252792,,,,
1780357414.402,145975.0,6674.303,9.261888,,,,
1780357414.482,146000.0,6702.772,9.273815,,,,
1780357414.483,146025.0,6732.881,9.286119,,,,
1780357414.484,146050.0,6767.618,9.300526,,,,
1780357414.485,146075.0,6810.404,9.317804,,,,
1780357414.566,146100.0,6858.337,9.336715,,,,
1780357414.567,146125.0,6906.578,9.355752,,,,
1780357414.567,146150.0,6958.491,9.376048,,,,
1780357414.649,146175.0,7010.475,9.396344,,,,
1780357414.650,146200.0,7062.386,9.416639,,,,
1780357414.651,146225.0,7114.565,9.436935,,,,
1780357414.733,146250.0,7166.795,9.457232,,,,
1780357414.735,146275.0,7218.989,9.477535,,,,
1780357414.736,146300.0,7271.161,9.497957,,,,
1780357414.737,146325.0,7323.317,9.518379,,,,
1780357414.820,146350.0,7375.641,9.538802,,,,
1780357414.821,146375.0,7427.947,9.559223,,,,
1780357414.822,146400.0,7480.31,9.579647,,,,
1780357414.899,146425.0,7532.681,9.600069,,,,
1780357414.900,146450.0,7585.054,9.620372,,,,
1780357414.901,146475.0,7637.331,9.640794,,,,
1780357414.982,146500.0,7732.009,9.684298,,,,
1780357414.983,146525.0,7780.429,9.703471,,,,
1780357414.984,146550.0,7832.861,9.724651,,,,
1780357414.985,146575.0,7877.199,9.74287,,,,
1780357415.066,146600.0,7921.104,9.760839,,,,
1780357415.066,146625.0,7961.013,9.777315,,,,
1780357415.067,146650.0,8000.319,9.793541,,,,
1780357415.149,146675.0,8037.772,9.809021,,,,
1780357415.150,146700.0,8073.411,9.823875,,,,
1780357415.151,146725.0,8108.676,9.838481,,,,
1780357415.232,146750.0,8140.176,9.851849,,,,
1780357415.233,146775.0,8170.333,9.864841,,,,
1780357415.234,146800.0,8199.594,9.877339,,,,
1780357415.235,146825.0,8226.903,9.888857,,,,
1780357415.316,146850.0,8252.479,9.899758,,,,
1780357415.317,146875.0,8276.535,9.910047,,,,
1780357415.318,146900.0,8299.0,9.919723,,,,
1780357415.400,146925.0,8319.423,9.928541,,,,
1780357415.401,146950.0,8337.755,9.936383,,,,
1780357415.401,146975.0,8353.605,9.94313,,,,
1780357415.483,147000.0,8368.294,9.949391,,,,
1780357415.484,147025.0,8380.914,9.954682,,,,
1780357415.485,147050.0,8373.896,9.950881,,,,
1780357415.486,147075.0,8369.604,9.94862,,,,
1780357415.567,147100.0,8362.671,9.945046,,,,
1780357415.568,147125.0,8355.231,9.941116,,,,
1780357415.568,147150.0,8346.265,9.936705,,,,
1780357415.649,147175.0,8333.949,9.930613,,,,
1780357415.650,147200.0,8314.273,9.921375,,,,
1780357415.651,147225.0,8285.211,9.908111,,,,
1780357415.733,147250.0,8248.574,9.892013,,,,
1780357415.734,147275.0,8210.443,9.87542,,,,
1780357415.735,147300.0,8167.603,9.856841,,,,
1780357415.735,147325.0,8116.744,9.835392,,,,
1780357415.816,147350.0,8060.688,9.812311,,,,
1780357415.817,147375.0,8004.278,9.788985,,,,
1780357415.818,147400.0,7944.034,9.7644,,,,
1780357415.899,147425.0,7883.647,9.739816,,,,
1780357415.901,147450.0,7823.264,9.715113,,,,
1780357415.902,147475.0,7762.496,9.690409,,,,
1780357415.982,147500.0,7702.061,9.665943,,,,
1780357415.983,147525.0,7641.947,9.641469,,,,
1780357415.984,147550.0,7582.147,9.617231,,,,
1780357415.985,147575.0,7523.176,9.593232,,,,
1780357416.065,147600.0,7464.568,9.56947,,,,
1780357416.066,147625.0,7407.377,9.54642,,,,
1780357416.067,147650.0,7352.057,9.524325,,,,
1780357416.150,147675.0,7299.038,9.503304,,,,
1780357416.151,147700.0,7247.943,9.48312,,,,
1780357416.152,147725.0,7199.341,9.464019,,,,
1780357416.232,147750.0,7152.169,9.445759,,,,
1780357416.233,147775.0,7110.337,9.429353,,,,
1780357416.234,147800.0,7071.461,9.414295,,,,
1780357416.235,147825.0,7043.002,9.403187,,,,
1780357416.315,147850.0,7017.875,9.393549,,,,
1780357416.316,147875.0,6996.851,9.385283,,,,
1780357416.317,147900.0,6978.159,9.378,,,,
1780357416.399,147925.0,6974.393,9.376636,,,,
1780357416.400,147950.0,6978.757,9.378251,,,,
1780357416.401,147975.0,6984.772,9.38074,,,,
1780357416.483,148000.0,6995.64,9.384716,,,,
1780357416.484,148025.0,7008.114,9.389312,,,,
1780357416.485,148050.0,7022.545,9.394775,,,,
1780357416.486,148075.0,7043.009,9.402604,,,,
1780357416.565,148100.0,7065.338,9.41105,,,,
1780357416.566,148125.0,7089.526,9.42036,,,,
1780357416.567,148150.0,7115.572,9.430282,,,,
1780357416.649,148175.0,7144.476,9.441311,,,,
1780357416.650,148200.0,7175.505,9.453318,,,,
1780357416.651,148225.0,7209.072,9.46642,,,,
1780357416.732,148250.0,7243.93,9.48001,,,,
1780357416.733,148275.0,7281.044,9.494693,,,,
1780357416.734,148300.0,7338.123,9.518594,,,,
1780357416.734,148325.0,7392.993,9.541089,,,,
1780357416.816,148350.0,7449.411,9.564304,,,,
1780357416.817,148375.0,7505.874,9.587637,,,,
1780357416.819,148400.0,7562.527,9.610851,,,,
1780357416.899,148425.0,7619.159,9.634183,,,,
1780357416.900,148450.0,7675.922,9.657516,,,,
1780357416.900,148475.0,7732.665,9.680722,,,,
1780357416.982,148500.0,7789.391,9.704055,,,,
1780357416.983,148525.0,7845.227,9.727011,,,,
1780357416.983,148550.0,7900.431,9.74984,,,,
1780357416.984,148575.0,7953.547,9.771791,,,,
1780357417.065,148600.0,8005.833,9.79349,,,,
1780357417.067,148625.0,8054.351,9.813932,,,,
1780357417.068,148650.0,8101.887,9.834,,,,
1780357417.166,148675.0,8146.623,9.852946,,,,
1780357417.167,148700.0,8188.686,9.87114,,,,
1780357417.168,148725.0,8229.199,9.888588,,,,
1780357417.168,148750.0,8268.338,9.905429,,,,
1780357417.249,148775.0,8305.289,9.921408,,,,
1780357417.250,148800.0,8340.279,9.936533,,,,
1780357417.250,148825.0,8372.806,9.950681,,,,
1780357417.332,148850.0,8403.35,9.9641,,,,
1780357417.333,148875.0,8430.845,9.976067,,,,
1780357417.333,148900.0,8454.715,9.986468,,,,
1780357417.334,148925.0,8472.793,9.994205,,,,
1780357417.415,148950.0,8486.852,10.000248,,,,
1780357417.416,148975.0,8495.503,10.003994,,,,
1780357417.417,149000.0,8501.633,10.006412,,,,
1780357417.498,149025.0,8504.846,10.007501,,,,
1780357417.499,149050.0,8505.321,10.00738,,,,
1780357417.500,149075.0,8500.419,10.004954,,,,
1780357417.583,149100.0,8491.9,10.001067,,,,
1780357417.583,149125.0,8483.315,9.997181,,,,
1780357417.584,149150.0,8473.003,9.992561,,,,
1780357417.585,149175.0,8449.59,9.982772,,,,
1780357417.665,149200.0,8419.812,9.970625,,,,
1780357417.666,149225.0,8388.814,9.957974,,,,
1780357417.667,149250.0,8356.72,9.944955,,,,
1780357417.748,149275.0,8324.326,9.93193,,,,
1780357417.749,149300.0,8290.898,9.91853,,,,
1780357417.750,149325.0,8253.336,9.903507,,,,
1780357417.833,149350.0,8215.49,9.888483,,,,
1780357417.834,149375.0,8177.268,9.873209,,,,
1780357417.835,149400.0,8138.772,9.857935,,,,
1780357417.836,149425.0,8099.567,9.842409,,,,
1780357417.915,149450.0,8060.471,9.827003,,,,
1780357417.916,149475.0,8021.397,9.811599,,,,
1780357417.917,149500.0,7982.521,9.796315,,,,
1780357417.998,149525.0,7944.313,9.781268,,,,
1780357417.999,149550.0,7906.79,9.766459,,,,
1780357418.000,149575.0,7869.535,9.751883,,,,
1780357418.082,149600.0,7833.417,9.737787,,,,
1780357418.083,149625.0,7799.137,9.724543,,,,
1780357418.083,149650.0,7767.13,9.712273,,,,
1780357418.084,149675.0,7736.94,9.700737,,,,
1780357418.165,149700.0,7708.542,9.690056,,,,
1780357418.166,149725.0,7681.628,9.680116,,,,
1780357418.167,149750.0,7656.629,9.670785,,,,
1780357418.250,149775.0,7633.975,9.662448,,,,
1780357418.251,149800.0,7613.193,9.654852,,,,
1780357418.251,149825.0,7596.211,9.648629,,,,
1780357418.350,149850.0,7581.078,9.643026,,,,
1780357418.351,149875.0,7571.243,9.639297,,,,
1780357418.352,149900.0,7565.196,9.637056,,,,
1780357418.353,149925.0,7561.987,9.635937,,,,
1780357418.998,150544.0,7584.446,9.643711,,,,
1780357418.999,150569.0,7607.781,9.651975,,,,
1780357419.066,150594.0,7629.351,9.659601,,,,
1780357419.067,150619.0,7651.605,9.66759,,,,
1780357419.068,150644.0,7674.908,9.675945,,,,
1780357419.148,150669.0,7699.322,9.684914,,,,
1780357419.149,150694.0,7724.891,9.694249,,,,
1780357419.150,150719.0,7751.808,9.704196,,,,
1780357419.151,150744.0,7780.342,9.714755,,,,
1780357419.232,150769.0,7812.241,9.726908,,,,
1780357419.233,150794.0,7846.106,9.739912,,,,
1780357419.234,150819.0,7882.839,9.754007,,,,
1780357419.315,150844.0,7920.6,9.768589,,,,
1780357419.316,150869.0,7959.219,9.783655,,,,
1780357419.317,150894.0,7998.393,9.798959,,,,
1780357419.399,150919.0,8038.633,9.814751,,,,
1780357419.400,150944.0,8079.64,9.830659,,,,
1780357419.401,150969.0,8120.505,9.846567,,,,
1780357419.402,150994.0,8161.493,9.862475,,,,
1780357419.482,151019.0,8202.44,9.878384,,,,
1780357419.483,151044.0,8243.411,9.894413,,,,
1780357419.484,151069.0,8284.258,9.910321,,,,
1780357419.565,151094.0,8325.059,9.92635,,,,
1780357419.566,151119.0,8365.815,9.942133,,,,
1780357419.567,151144.0,8406.668,9.957915,,,,
1780357419.649,151169.0,8447.322,9.973944,,,,
1780357419.650,151194.0,8488.067,9.989847,,,,
1780357419.651,151219.0,8528.76,10.00575,,,,
1780357419.652,151244.0,8569.623,10.021527,,,,
1780357419.738,151269.0,8610.26,10.03743,,,,
1780357419.739,151294.0,8650.84,10.053212,,,,
1780357419.740,151319.0,8691.118,10.068995,,,,
1780357419.832,151344.0,8731.167,10.084656,,,,
1780357419.833,151369.0,8770.448,10.099829,,,,
1780357419.834,151394.0,8808.557,10.114763,,,,
1780357419.835,151419.0,8845.685,10.129214,,,,
1780357419.933,151444.0,8881.425,10.143058,,,,
1780357419.934,151469.0,8915.239,10.155926,,,,
1780357419.937,151494.0,8946.729,10.167817,,,,
1780357419.938,151519.0,8976.369,10.179102,,,,
1780357420.015,151544.0,9004.07,10.189404,,,,
1780357420.016,151569.0,9030.282,10.199094,,,,
1780357420.017,151594.0,9054.692,10.208047,,,,
1780357420.098,151619.0,9077.569,10.216384,,,,
1780357420.100,151644.0,9099.187,10.224105,,,,
1780357420.101,151669.0,9119.001,10.231333,,,,
1780357420.102,151694.0,9137.815,10.238064,,,,
1780357420.183,151719.0,9155.166,10.244427,,,,
1780357420.185,151744.0,9169.881,10.249673,,,,
1780357420.185,151769.0,9184.562,10.254918,,,,
1780357420.270,151794.0,9176.303,10.252018,,,,
1780357420.274,151819.0,9168.765,10.249496,,,,
1780357420.277,151844.0,9163.906,10.247859,,,,
1780357420.279,151869.0,9160.261,10.246726,,,,
1780357420.368,151894.0,9157.242,10.245719,,,,
1780357420.370,151919.0,9154.696,10.244838,,,,
1780357420.372,151944.0,9152.548,10.244083,,,,
1780357420.452,151969.0,9150.544,10.243329,,,,
1780357420.453,151994.0,9148.624,10.242701,,,,
1780357420.454,152019.0,9146.864,10.241946,,,,
1780357420.455,152044.0,9145.082,10.241317,,,,
1780357420.531,152069.0,9143.353,10.240687,,,,
1780357420.532,152094.0,9141.578,10.240185,,,,
1780357420.533,152119.0,9139.862,10.239682,,,,
1780357420.614,152144.0,9138.363,10.239179,,,,
1780357420.615,152169.0,9136.899,10.23855,,,,
1780357420.616,152194.0,9135.332,10.238049,,,,
1780357420.699,152219.0,9133.874,10.237545,,,,
1780357420.700,152244.0,9132.256,10.237042,,,,
1780357420.701,152269.0,9130.843,10.236414,,,,
1780357420.702,152294.0,9129.315,10.235786,,,,
1780357420.783,152319.0,9127.829,10.235157,,,,
1780357420.784,152344.0,9126.411,10.234529,,,,
1780357420.785,152369.0,9125.039,10.234027,,,,
1780357420.866,152394.0,9123.45,10.233524,,,,
1780357420.867,152419.0,9122.066,10.232896,,,,
1780357420.868,152444.0,9120.709,10.232393,,,,
1780357420.949,152469.0,9119.459,10.231891,,,,
1780357420.950,152494.0,9118.106,10.23164,,,,
1780357420.951,152519.0,9116.82,10.231136,,,,
1780357420.951,152544.0,9115.419,10.230634,,,,
1780357421.033,152569.0,9114.309,10.23013,,,,
1780357421.034,152594.0,9112.965,10.229628,,,,
1780357421.035,152619.0,9111.64,10.229251,,,,
1780357421.117,152644.0,9110.334,10.228747,,,,
1780357421.118,152669.0,9109.055,10.228245,,,,
1780357421.119,152694.0,9107.763,10.227741,,,,
1780357421.198,152719.0,9106.384,10.227365,,,,
1780357421.199,152744.0,9105.004,10.226862,,,,
1780357421.200,152769.0,9103.744,10.226358,,,,
1780357421.282,152794.0,9102.41,10.225982,,,,
1780357421.283,152819.0,9101.132,10.225479,,,,
1780357421.284,152844.0,9099.88,10.225101,,,,
1780357421.285,152869.0,9098.496,10.224725,,,,
1780357421.367,152894.0,9097.111,10.224347,,,,
1780357421.368,152919.0,9095.835,10.22397,,,,
1780357421.369,152944.0,9094.647,10.223593,,,,
1780357421.465,152969.0,9093.46,10.223216,,,,
1780357421.466,152994.0,9092.222,10.222713,,,,
1780357421.467,153019.0,9090.992,10.222211,,,,
1780357421.468,153044.0,9089.572,10.221833,,,,
1780357421.550,153069.0,9088.393,10.221332,,,,
1780357421.551,153094.0,9087.271,10.220954,,,,
1780357421.552,153119.0,9086.135,10.220451,,,,
1780357421.552,153144.0,9084.957,10.220075,,,,
1780357421.632,153169.0,9083.791,10.219697,,,,
1780357421.633,153194.0,9082.626,10.219194,,,,
1780357421.634,153219.0,9081.519,10.218944,,,,
1780357421.656,153244.0,9080.435,9.818534,,,,
1780357421.678,153269.0,9079.076,9.818693,,,,
1780357421.703,153294.0,9077.945,9.818763,,,,
1780357421.740,153319.0,9076.921,9.818916,,,,
1780357421.753,153344.0,9075.883,9.818823,,,,
1780357421.787,153369.0,9074.827,9.818736,,,,
1780357421.812,153394.0,9073.646,9.818951,,,,
1780357421.839,153419.0,9072.572,9.819123,,,,
1780357421.864,153444.0,9071.599,9.819131,,,,
1780357421.889,153469.0,9070.476,9.819197,,,,
1780357421.903,153494.0,9069.341,9.819267,,,,
1780357421.937,153519.0,9068.248,9.819447,,,,
1780357421.963,153544.0,9067.156,9.819627,,,,
1780357421.989,153569.0,9066.021,9.819822,,,,
1780357422.003,153594.0,9065.043,9.819958,,,,
1780357422.042,153619.0,9063.902,9.820031,,,,
1780357422.134,153644.0,9062.794,9.820216,,,,
1780357422.135,153669.0,9061.78,9.820239,,,,
1780357422.137,153694.0,9060.685,9.820421,,,,
1780357422.138,153719.0,9059.639,9.820456,,,,
1780357422.218,153744.0,9058.487,9.820533,,,,
1780357422.219,153769.0,9057.38,9.820593,,,,
1780357422.220,153794.0,9056.197,9.820682,,,,
1780357422.302,153819.0,9054.892,9.820695,,,,
1780357422.303,153844.0,9053.809,9.820745,,,,
1780357422.304,153869.0,9052.565,9.820734,,,,
1780357422.305,153894.0,9051.247,9.820877,,,,
1780357422.404,153919.0,9050.073,9.820838,,,,
1780357422.406,153944.0,9048.93,9.820786,,,,
1780357422.408,153969.0,9047.695,9.820771,,,,
1780357422.410,153994.0,9046.572,9.820838,,,,
1780357422.514,154019.0,9045.273,9.820848,,,,
1780357422.515,154044.0,9044.07,9.820821,,,,
1780357422.516,154069.0,9042.885,9.820912,,,,
1780357422.517,154094.0,9041.45,9.820976,,,,
1780357422.597,154119.0,9040.119,9.820874,,,,
1780357422.598,154144.0,9038.786,9.820897,,,,
1780357422.599,154169.0,9037.454,9.820796,,,,
1780357422.680,154194.0,9036.016,9.820988,,,,
1780357422.681,154219.0,9034.485,9.820964,,,,
1780357422.682,154244.0,9032.969,9.82106,,,,
1780357422.683,154269.0,9031.464,9.821154,,,,
1780357422.764,154294.0,9030.159,9.82104,,,,
1780357422.765,154319.0,9028.611,9.82115,,,,
1780357422.766,154344.0,9026.905,9.821195,,,,
1780357422.847,154369.0,9025.166,9.821253,,,,
1780357422.848,154394.0,9023.479,9.821291,,,,
1780357422.849,154419.0,9021.711,9.821237,,,,
1780357422.931,154444.0,9019.835,9.821349,,,,
1780357422.932,154469.0,9017.928,9.821474,,,,
1780357422.933,154494.0,9015.91,9.821518,,,,
1780357422.933,154519.0,9013.756,9.821614,,,,
1780357423.014,154544.0,9011.383,9.821548,,,,
1780357423.015,154569.0,9008.54,9.82154,,,,
1780357423.016,154594.0,9005.021,9.821673,,,,
1780357423.098,154619.0,8998.622,9.821944,,,,
1780357423.099,154644.0,8981.597,9.822429,,,,
1780357423.100,154669.0,8964.405,9.822979,,,,
1780357423.101,154694.0,8946.927,9.823521,,,,
1780357423.181,154719.0,8929.612,9.824121,,,,
1780357423.182,154744.0,8912.422,9.824549,,,,
1780357423.182,154769.0,8895.02,9.825184,,,,
1780357423.263,154794.0,8877.761,9.825638,,,,
1780357423.264,154819.0,8860.561,9.826194,,,,
1780357423.265,154844.0,8843.211,9.826807,,,,
1780357423.332,154869.0,8826.041,9.827477,,,,
1780357423.333,154894.0,8809.027,9.827834,,,,
1780357423.334,154919.0,8791.854,9.828506,,,,
1780357423.414,154944.0,8774.744,9.829024,,,,
1780357423.415,154969.0,8757.54,9.829707,,,,
1780357423.416,154994.0,8740.374,9.830126,,,,
1780357423.497,155019.0,8723.26,9.830772,,,,
1780357423.498,155044.0,8706.325,9.831348,,,,
1780357423.499,155069.0,8689.263,9.831977,,,,
1780357423.581,155094.0,8672.19,9.832606,,,,
1780357423.582,155119.0,8655.306,9.83329,,,,
1780357423.582,155144.0,8638.584,9.833781,,,,
1780357423.583,155169.0,8621.593,9.834382,,,,
1780357423.664,155194.0,8604.713,9.835063,,,,
1780357423.665,155219.0,8588.043,9.83566,,,,
1780357423.666,155244.0,8571.2,9.836326,,,,
1780357423.747,155269.0,8554.423,9.836966,,,,
1780357423.748,155294.0,8537.597,9.837625,,,,
1780357423.748,155319.0,8520.812,9.838267,,,,
1780357423.830,155344.0,8504.205,9.838717,,,,
1780357423.831,155369.0,8487.622,9.839406,,,,
1780357423.832,155394.0,8471.077,9.839953,,,,
1780357423.833,155419.0,8454.507,9.840514,,,,
1780357423.914,155444.0,8438.011,9.840919,,,,
1780357423.915,155469.0,8421.61,9.841536,,,,
1780357423.916,155494.0,8405.204,9.842155,,,,
1780357423.997,155519.0,8388.956,9.842587,,,,
1780357423.998,155544.0,8372.532,9.843215,,,,
1780357423.998,155569.0,8356.291,9.843645,,,,
1780357424.080,155594.0,8340.229,9.844131,,,,
1780357424.081,155619.0,8324.145,9.844749,,,,
1780357424.082,155644.0,8308.065,9.845365,,,,
1780357424.083,155669.0,8292.092,9.846064,,,,
1780357424.164,155694.0,8276.289,9.846572,,,,
1780357424.173,155719.0,8260.48,9.84708,,,,
1780357424.174,155744.0,8244.725,9.847693,,,,
1780357424.247,155769.0,8228.736,9.848153,,,,
1780357424.248,155794.0,8212.854,9.848697,,,,
1780357424.248,155819.0,8197.66,9.849216,,,,
1780357424.330,155844.0,8184.227,9.849787,,,,
1780357424.332,155869.0,8175.535,9.850106,,,,
1780357424.333,155894.0,8178.661,9.849988,,,,
1780357424.334,155919.0,8183.029,9.849751,,,,
1780357424.432,155944.0,8187.902,9.849813,,,,
1780357424.433,155969.0,8192.879,9.849708,,,,
1780357424.434,155994.0,8196.66,9.850074,,,,
1780357424.435,156019.0,8197.634,9.850308,,,,
1780357424.515,156044.0,8187.459,9.85051,,,,
1780357424.516,156069.0,8169.953,9.85031,,,,
1780357424.517,156094.0,8155.959,9.850184,,,,
1780357424.598,156119.0,8144.73,9.850189,,,,
1780357424.599,156144.0,8152.897,9.850319,,,,
1780357424.600,156169.0,8180.956,9.849137,,,,
1780357424.601,156194.0,8199.9,9.848396,,,,
1780357424.680,156219.0,8181.788,9.84795,,,,
1780357424.681,156244.0,8159.25,9.84768,,,,
1780357424.682,156269.0,8135.617,9.847359,,,,
1780357424.765,156294.0,8111.977,9.8474,,,,
1780357424.767,156319.0,8138.101,9.846851,,,,
1780357424.768,156344.0,8192.055,9.849491,,,,
1780357424.847,156369.0,8231.509,9.847631,,,,
1780357424.848,156394.0,8223.821,9.847709,,,,
1780357424.849,156419.0,8206.648,9.847622,,,,
1780357424.930,156444.0,8198.767,9.847529,,,,
1780357424.931,156469.0,8211.461,9.847122,,,,
1780357424.931,156494.0,8233.379,9.846089,,,,
1780357424.932,156519.0,8254.859,9.845103,,,,
1780357425.013,156544.0,8266.388,9.844531,,,,
1780357425.014,156569.0,8258.934,9.844393,,,,
1780357425.015,156594.0,8250.855,9.844379,,,,
1780357425.097,156619.0,8261.972,9.844219,,,,
1780357425.098,156644.0,8311.086,9.87171,,,,
1780357425.099,156669.0,8382.871,9.969607,,,,
1780357425.179,156694.0,8425.279,9.974186,,,,
1780357425.180,156719.0,8429.992,9.973937,,,,
1780357425.181,156744.0,8398.968,9.97305,,,,
1780357425.182,156769.0,8381.318,9.972908,,,,
1780357425.264,156794.0,8373.839,9.972904,,,,
1780357425.265,156819.0,8398.14,9.971937,,,,
1780357425.265,156844.0,8438.296,9.977014,,,,
1780357425.346,156869.0,8460.253,9.975965,,,,
1780357425.347,156894.0,8470.173,9.975529,,,,
1780357425.347,156919.0,8477.688,9.975044,,,,
1780357425.430,156944.0,8479.429,9.9751,,,,
1780357425.431,156969.0,8478.572,9.975561,,,,
1780357425.432,156994.0,8502.593,9.975085,,,,
1780357425.433,157019.0,8532.84,9.974047,,,,
1780357425.515,157044.0,8556.013,9.973393,,,,
1780357425.517,157069.0,8563.497,9.973293,,,,
1780357425.518,157094.0,8536.732,9.972754,,,,
1780357425.596,157119.0,8523.47,9.972816,,,,
1780357425.597,157144.0,8538.083,9.972296,,,,
1780357425.598,157169.0,8556.076,9.971452,,,,
1780357425.680,157194.0,8568.327,9.970738,,,,
1780357425.681,157219.0,8559.93,9.970712,,,,
1780357425.682,157244.0,8544.809,9.970271,,,,
1780357425.682,157269.0,8534.461,9.97029,,,,
1780357425.763,157294.0,8575.494,9.969195,,,,
1780357425.764,157319.0,8649.261,10.006595,,,,
1780357425.765,157344.0,8711.669,10.035038,,,,
1780357425.832,157369.0,8759.592,10.034007,,,,
1780357425.833,157394.0,8744.171,10.033904,,,,
1780357425.833,157419.0,8686.935,10.034427,,,,
1780357425.914,157444.0,8653.594,10.035082,,,,
1780357425.915,157469.0,8677.17,10.035354,,,,
1780357425.916,157494.0,8716.327,10.035045,,,,
1780357425.996,157519.0,8752.801,10.034904,,,,
1780357425.997,157544.0,8784.659,10.034473,,,,
1780357425.998,157569.0,8744.544,10.034897,,,,
1780357426.079,157594.0,8676.235,10.032273,,,,
1780357426.080,157619.0,8648.111,10.034264,,,,
1780357426.081,157644.0,8708.0,10.101798,,,,
1780357426.082,157669.0,8777.859,10.098652,,,,
1780357426.163,157694.0,8825.53,10.100219,,,,
1780357426.164,157719.0,8829.073,10.100072,,,,
1780357426.165,157744.0,8773.644,10.100244,,,,
1780357426.247,157769.0,8740.215,10.101274,,,,
1780357426.249,157794.0,8725.695,10.101915,,,,
1780357426.250,157819.0,8737.972,10.101884,,,,
1780357426.251,157844.0,8754.28,10.101753,,,,
1780357426.329,157869.0,8742.348,10.10174,,,,
1780357426.330,157894.0,8685.838,10.074213,,,,
1780357426.331,157919.0,8603.209,9.976412,,,,
1780357426.413,157944.0,8560.035,9.97226,,,,
1780357426.414,157969.0,8590.989,9.971249,,,,
1780357426.415,157994.0,8677.959,9.988754,,,,
1780357426.496,158019.0,8742.16,10.006781,,,,
1780357426.498,158044.0,8774.432,10.006129,,,,
1780357426.499,158069.0,8722.465,10.006804,,,,
1780357426.581,158094.0,8660.164,10.001785,,,,
1780357426.582,158119.0,8628.468,10.002985,,,,
1780357426.583,158144.0,8623.049,10.003381,,,,
1780357426.584,158169.0,8634.339,10.003178,,,,
1780357426.663,158194.0,8648.077,10.002742,,,,
1780357426.664,158219.0,8645.93,10.002231,,,,
1780357426.664,158244.0,8613.06,10.002873,,,,
1780357426.746,158269.0,8575.573,10.004431,,,,
1780357426.747,158294.0,8579.477,10.004406,,,,
1780357426.747,158319.0,8625.45,10.051298,,,,
1780357426.830,158344.0,8703.434,10.09078,,,,
1780357426.831,158369.0,8750.324,10.089269,,,,
1780357426.833,158394.0,8720.318,10.089953,,,,
1780357426.833,158419.0,8675.046,10.090906,,,,
1780357426.913,158444.0,8645.985,10.091966,,,,
1780357426.914,158469.0,8652.075,10.092283,,,,
1780357426.915,158494.0,8684.502,10.091774,,,,
1780357426.997,158519.0,8712.687,10.09096,,,,
1780357426.999,158544.0,8684.489,10.092165,,,,
1780357427.000,158569.0,8613.534,10.054995,,,,
1780357427.001,158594.0,8558.041,10.027005,,,,
1780357427.079,158619.0,8532.665,10.028167,,,,
1780357427.080,158644.0,8589.089,10.085304,,,,
1780357427.081,158669.0,8667.17,10.103741,,,,
1780357427.162,158694.0,8726.738,10.108362,,,,
1780357427.163,158719.0,8737.73,10.108148,,,,
1780357427.164,158744.0,8696.832,10.108783,,,,
1780357427.245,158769.0,8667.206,10.10925,,,,
1780357427.247,158794.0,8650.192,10.109905,,,,
1780357427.247,158819.0,8670.823,10.110015,,,,
1780357427.332,158844.0,8707.492,10.109187,,,,
1780357427.334,158869.0,8710.402,10.108541,,,,
1780357427.335,158894.0,8657.506,10.041079,,,,
1780357427.336,158919.0,8597.591,10.044452,,,,
1780357427.418,158944.0,8565.041,10.043226,,,,
1780357427.418,158969.0,8590.292,10.05396,,,,
1780357427.419,158994.0,8664.275,10.054609,,,,
1780357427.496,159019.0,8713.75,10.052956,,,,
1780357427.497,159044.0,8744.367,10.052004,,,,
1780357427.498,159069.0,8710.789,10.051826,,,,
1780357427.582,159094.0,8686.332,10.05224,,,,
1780357427.582,159119.0,8681.155,10.052558,,,,
1780357427.583,159144.0,8699.151,10.052391,,,,
1780357427.584,159169.0,8742.072,10.050791,,,,
1780357427.663,159194.0,8767.197,10.049501,,,,
1780357427.664,159219.0,8719.258,10.050933,,,,
1780357427.665,159244.0,8657.725,10.034422,,,,
1780357427.746,159269.0,8606.153,10.017159,,,,
1780357427.747,159294.0,8609.098,10.017392,,,,
1780357427.748,159319.0,8683.216,10.031594,,,,
1780357427.829,159344.0,8747.659,10.033822,,,,
1780357427.830,159369.0,8795.0,10.032031,,,,
1780357427.831,159394.0,8792.52,10.032018,,,,
1780357427.832,159419.0,8745.742,10.032409,,,,
1780357427.912,159444.0,8720.665,10.03313,,,,
1780357427.913,159469.0,8723.608,10.033203,,,,
1780357427.914,159494.0,8758.729,10.031927,,,,
1780357427.996,159519.0,8799.225,10.029944,,,,
1780357427.997,159544.0,8786.715,10.030346,,,,
1780357427.998,159569.0,8729.175,9.983685,,,,
1780357428.079,159594.0,8670.66,9.945154,,,,
1780357428.080,159619.0,8663.249,9.945915,,,,
1780357428.080,159644.0,8734.354,10.048152,,,,
1780357428.081,159669.0,8825.629,10.2928,,,,
1780357428.163,159694.0,8878.605,10.299988,,,,
1780357428.164,159719.0,8881.445,10.299861,,,,
1780357428.165,159744.0,8837.338,10.300607,,,,
1780357428.246,159769.0,8801.937,10.301094,,,,
1780357428.247,159794.0,8793.159,10.301101,,,,
1780357428.247,159819.0,8821.59,10.300753,,,,
1780357428.331,159844.0,8847.453,10.299747,,,,
1780357428.332,159869.0,8848.852,10.299195,,,,
1780357428.333,159894.0,8791.419,10.242088,,,,
1780357428.333,159919.0,8732.86,10.224307,,,,
1780357428.413,159944.0,8690.771,10.220043,,,,
1780357428.414,159969.0,8729.504,10.2387,,,,
1780357428.415,159994.0,8830.344,12.559301,,,,
1780357428.495,160019.0,8894.645,12.571868,,,,
1780357428.496,160044.0,8917.886,12.571377,,,,
1780357428.497,160069.0,8885.882,12.570912,,,,
1780357428.579,160094.0,8844.951,12.571598,,,,
1780357428.580,160119.0,8822.665,12.572088,,,,
1780357428.581,160144.0,8833.765,12.571684,,,,
1780357428.581,160169.0,8862.118,12.570694,,,,
1780357428.662,160194.0,8871.94,12.569695,,,,
1780357428.664,160219.0,8827.186,12.559319,,,,
1780357428.664,160244.0,8779.346,12.559484,,,,
1780357428.746,160269.0,8737.918,12.561151,,,,
1780357428.747,160294.0,8746.931,12.560519,,,,
1780357428.748,160319.0,8847.33,12.772774,,,,
1780357428.829,160344.0,8930.677,12.952075,,,,
1780357428.830,160369.0,8981.481,12.962119,,,,
1780357428.831,160394.0,8947.444,12.961684,,,,
1780357428.831,160419.0,8899.729,12.963224,,,,
1780357428.912,160444.0,8861.337,12.964101,,,,
1780357428.913,160469.0,8871.378,12.963944,,,,
1780357428.914,160494.0,8897.094,12.963005,,,,
1780357428.996,160519.0,8921.623,12.961667,,,,
1780357428.997,160544.0,8903.78,12.961664,,,,
1780357428.998,160569.0,8844.211,12.947772,,,,
1780357429.078,160594.0,8791.286,12.945621,,,,
1780357429.079,160619.0,8770.838,12.946974,,,,
1780357429.080,160644.0,8837.646,13.317164,,,,
1780357429.081,160669.0,8934.339,13.501411,,,,
1780357429.162,160694.0,8994.92,13.551299,,,,
1780357429.163,160719.0,9000.361,13.55101,,,,
1780357429.164,160744.0,8955.165,13.551993,,,,
1780357429.246,160769.0,8906.0,13.553365,,,,
1780357429.247,160794.0,8886.786,13.553745,,,,
1780357429.247,160819.0,8905.565,13.553166,,,,
1780357429.329,160844.0,8929.029,13.551983,,,,
1780357429.330,160869.0,8913.421,13.552095,,,,
1780357429.330,160894.0,8843.438,13.449659,,,,
1780357429.331,160919.0,8763.345,13.204974,,,,
1780357429.412,160944.0,8724.813,13.197751,,,,
1780357429.413,160969.0,8769.853,13.204168,,,,
1780357429.414,160994.0,8848.218,13.314268,,,,
1780357429.496,161019.0,8915.977,13.352426,,,,
1780357429.497,161044.0,8951.654,13.350964,,,,
1780357429.497,161069.0,8907.223,13.350504,,,,
1780357429.583,161094.0,8872.662,13.351151,,,,
1780357429.584,161119.0,8849.066,13.351555,,,,
1780357429.585,161144.0,8861.689,13.351509,,,,
1780357429.586,161169.0,8893.369,13.35044,,,,
1780357429.662,161194.0,8908.773,13.349233,,,,
1780357429.663,161219.0,8848.615,13.330704,,,,
1780357429.664,161244.0,8759.191,11.010088,,,,
1780357429.745,161269.0,8704.469,10.997654,,,,
1780357429.746,161294.0,8727.719,10.997093,,,,
1780357429.747,161319.0,8807.739,11.033841,,,,
1780357429.829,161344.0,8877.122,11.074038,,,,
1780357429.830,161369.0,8929.234,11.092941,,,,
1780357429.831,161394.0,8907.127,11.09302,,,,
1780357429.832,161419.0,8870.221,11.093842,,,,
1780357429.912,161444.0,8839.29,11.094419,,,,
1780357429.913,161469.0,8840.54,11.094543,,,,
1780357429.914,161494.0,8864.397,11.09394,,,,
1780357429.995,161519.0,8883.679,11.093041,,,,
1780357429.996,161544.0,8855.159,11.093958,,,,
1780357429.997,161569.0,8772.066,10.881897,,,,
1780357430.078,161594.0,8693.427,10.702446,,,,
1780357430.079,161619.0,8666.938,10.692012,,,,
1780357430.080,161644.0,8766.89,11.297217,,,,
1780357430.214,161669.0,8841.617,11.363834,2.82109,81.508575,160680.25,620.639709
1780357430.215,161791.0,8849.251,11.363882,,,,
1780357430.312,161816.0,8863.248,11.363324,,,,
1780357430.313,161841.0,8862.169,11.363248,,,,
1780357430.313,161866.0,8852.486,11.363562,,,,
1780357430.314,161891.0,8836.627,11.363878,,,,
1780357430.413,161916.0,8840.326,11.363886,,,,
1780357430.414,161941.0,8860.146,11.363976,,,,
1780357430.415,161966.0,8892.623,11.361338,,,,
1780357430.416,161991.0,8878.797,10.989522,,,,
1780357430.514,162016.0,8863.025,10.851744,,,,
1780357430.515,162041.0,8846.791,10.799975,,,,
1780357430.516,162066.0,8808.979,10.79931,,,,
1780357430.517,162091.0,8814.43,10.799349,,,,
1780357430.612,162116.0,8819.796,10.799427,,,,
1780357430.613,162141.0,8829.381,10.799227,,,,
1780357430.614,162166.0,8838.233,10.798752,,,,
1780357430.615,162191.0,8840.76,10.798634,,,,
1780357430.712,162216.0,8831.102,10.798958,,,,
1780357430.713,162241.0,8831.373,10.799096,,,,
1780357430.714,162266.0,8833.882,10.799451,,,,
1780357430.714,162291.0,8866.193,10.797895,,,,
1780357430.812,162316.0,8885.004,11.177313,,,,
1780357430.813,162341.0,8887.351,11.12013,,,,
1780357430.815,162366.0,8876.078,11.080782,,,,
1780357430.815,162391.0,8838.145,11.08215,,,,
1780357430.913,162416.0,8847.443,11.082688,,,,
1780357430.914,162441.0,8852.147,11.082662,,,,
1780357430.915,162466.0,8860.533,11.082793,,,,
1780357430.915,162491.0,8872.163,11.082448,,,,
1780357431.029,162516.0,8867.622,11.082981,,,,
1780357431.031,162541.0,8852.52,11.083822,,,,
1780357431.032,162566.0,8851.995,11.084274,,,,
1780357431.033,162591.0,8857.9,11.084639,,,,
1780357431.034,162616.0,8878.561,11.084677,,,,
1780357431.128,162641.0,8895.747,11.114814,,,,
1780357431.129,162666.0,8896.595,11.100627,,,,
1780357431.130,162691.0,8897.315,11.099778,,,,
1780357431.131,162716.0,8864.421,11.080969,,,,
1780357431.230,162741.0,8852.177,11.081429,,,,
1780357431.231,162766.0,8852.556,11.081887,,,,
1780357431.232,162791.0,8857.937,11.082578,,,,
1780357431.233,162816.0,8874.498,11.082637,,,,
1780357431.328,162841.0,8873.576,11.08325,,,,
1780357431.329,162866.0,8867.158,11.084406,,,,
1780357431.330,162891.0,8854.451,11.085827,,,,
1780357431.331,162916.0,8858.114,11.086955,,,,
1780357431.427,162941.0,8870.703,11.088021,,,,
1780357431.428,162966.0,8902.667,11.125292,,,,
1780357431.429,162991.0,8884.512,10.561771,,,,
1780357431.430,163016.0,8878.118,10.583225,,,,
1780357431.529,163041.0,8917.53,10.582566,,,,
1780357431.530,163066.0,8874.574,10.583481,,,,
1780357431.531,163091.0,8833.07,10.58517,,,,
1780357431.531,163116.0,8799.809,10.586622,,,,
1780357431.629,163141.0,8785.883,10.587841,,,,
1780357431.630,163166.0,8775.512,10.588883,,,,
1780357431.630,163191.0,8743.973,10.589885,,,,
1780357431.631,163216.0,8670.51,10.593892,,,,
1780357431.728,163241.0,8594.049,10.596572,,,,
1780357431.729,163266.0,8526.86,10.551958,,,,
1780357431.730,163291.0,8537.041,10.584965,,,,
1780357431.730,163316.0,8646.096,11.211336,,,,
1780357431.828,163341.0,8716.263,11.256549,,,,
1780357431.831,163366.0,8757.908,11.256456,,,,
1780357431.831,163391.0,8734.77,11.257723,,,,
1780357431.833,163416.0,8690.398,11.259884,,,,
1780357431.928,163441.0,8648.378,11.262015,,,,
1780357431.929,163466.0,8626.707,11.263685,,,,
1780357431.930,163491.0,8621.835,11.264996,,,,
1780357431.930,163516.0,8620.235,11.265995,,,,
1780357432.028,163541.0,8572.364,11.268638,,,,
1780357432.030,163566.0,8489.095,10.88405,,,,
1780357432.031,163591.0,8416.718,10.832587,,,,
1780357432.032,163616.0,8391.467,10.835058,,,,
1780357432.145,163641.0,8467.688,11.087255,,,,
1780357432.147,163666.0,8545.17,11.129295,,,,
1780357432.148,163691.0,8600.49,11.131006,,,,
1780357432.149,163716.0,8616.479,11.131666,,,,
1780357432.150,163741.0,8572.707,11.133433,,,,
1780357432.263,163766.0,8532.301,11.135185,,,,
1780357432.264,163791.0,8509.455,11.136583,,,,
1780357432.266,163816.0,8495.952,11.137629,,,,
1780357432.267,163841.0,8485.904,11.138534,,,,
1780357432.362,163866.0,8453.72,11.139498,,,,
1780357432.363,163891.0,8382.419,11.11146,,,,
1780357432.364,163916.0,8311.828,11.090664,,,,
1780357432.365,163941.0,8256.83,11.052949,,,,
1780357432.462,163966.0,8294.878,11.112527,,,,
1780357432.463,163991.0,8386.958,11.608041,,,,
1780357432.463,164016.0,8454.966,11.684928,,,,
1780357432.465,164041.0,8493.953,11.684047,,,,
1780357432.563,164066.0,8447.714,11.684747,,,,
1780357432.565,164091.0,8414.957,11.686041,,,,
1780357432.566,164116.0,8388.983,11.686913,,,,
1780357432.567,164141.0,8379.504,11.687216,,,,
1780357432.662,164166.0,8373.939,11.687081,,,,
1780357432.663,164191.0,8357.089,11.686718,,,,
1780357432.664,164216.0,8288.566,11.650265,,,,
1780357432.665,164241.0,8213.234,11.609784,,,,
1780357432.762,164266.0,8152.319,11.522697,,,,
1780357432.763,164291.0,8151.974,11.522451,,,,
1780357432.764,164316.0,8253.806,12.018773,,,,
1780357432.764,164341.0,8346.251,12.255351,,,,
1780357432.863,164366.0,8403.772,12.253279,,,,
1780357432.864,164391.0,8416.692,12.252703,,,,
1780357432.865,164416.0,8422.075,12.252405,,,,
1780357432.867,164441.0,8427.7,12.251766,,,,
1780357432.962,164466.0,8440.491,12.251101,,,,
1780357432.963,164491.0,8451.908,12.250376,,,,
1780357432.964,164516.0,8452.493,12.248801,,,,
1780357432.965,164541.0,8391.841,12.217281,,,,
1780357433.061,164566.0,8298.406,11.591729,,,,
1780357433.062,164591.0,8226.817,11.546592,,,,
1780357433.063,164616.0,8210.974,11.546775,,,,
1780357433.064,164641.0,8306.444,12.562795,,,,
1780357433.161,164666.0,8395.954,12.879818,,,,
1780357433.163,164691.0,8467.07,12.89938,,,,
1780357433.164,164716.0,8502.08,12.897562,,,,
1780357433.165,164741.0,8503.598,12.896475,,,,
1780357433.278,164766.0,8501.338,12.895164,,,,
1780357433.279,164791.0,8505.326,12.893836,,,,
1780357433.280,164816.0,8509.935,12.892509,,,,
1780357433.281,164841.0,8513.839,12.890969,,,,
1780357433.281,164866.0,8487.401,12.889501,,,,
1780357433.378,164891.0,8405.324,12.637045,,,,
1780357433.379,164916.0,8336.474,12.595003,,,,
1780357433.380,164941.0,8290.215,12.593527,,,,
1780357433.380,164966.0,8328.88,12.637233,,,,
1780357433.478,164991.0,8424.326,13.055944,,,,
1780357433.479,165016.0,8496.151,13.065826,,,,
1780357433.480,165041.0,8538.003,13.063811,,,,
1780357433.481,165066.0,8543.349,13.062433,,,,
1780357433.580,165091.0,8540.255,13.060983,,,,
1780357433.581,165116.0,8541.103,13.059555,,,,
1780357433.582,165141.0,8542.335,13.057972,,,,
1780357433.583,165166.0,8542.578,13.056413,,,,
1780357433.678,165191.0,8528.098,13.054532,,,,
1780357433.679,165216.0,8461.604,12.994594,,,,
1780357433.679,165241.0,8375.978,12.498472,,,,
1780357433.680,165266.0,8311.526,12.421279,,,,
1780357433.778,165291.0,8323.785,12.436889,,,,
1780357433.780,165316.0,8431.898,13.618488,,,,
1780357433.781,165341.0,8507.907,13.717121,,,,
1780357433.782,165366.0,8563.094,13.714068,,,,
1780357433.878,165391.0,8575.165,13.712746,,,,
1780357433.879,165416.0,8574.026,13.711731,,,,
1780357433.880,165441.0,8572.928,13.710825,,,,
1780357433.881,165466.0,8582.572,13.710072,,,,
1780357433.977,165491.0,8591.253,13.709333,,,,
1780357433.978,165516.0,8588.137,13.708235,,,,
1780357433.979,165541.0,8541.253,13.708921,,,,
1780357433.980,165566.0,8456.317,13.211974,,,,
1780357434.078,165591.0,8373.039,12.974454,,,,
1780357434.080,165616.0,8360.562,12.975191,,,,
1780357434.081,165641.0,8439.342,13.49267,,,,
1780357434.082,165666.0,8524.222,13.7729,,,,
1780357434.177,165691.0,8583.119,13.777633,,,,
1780357434.178,165716.0,8603.382,13.777053,,,,
1780357434.179,165741.0,8602.206,13.776783,,,,
1780357434.180,165766.0,8601.094,13.776612,,,,
1780357434.278,165791.0,8606.239,13.776778,,,,
1780357434.279,165816.0,8615.617,13.776741,,,,
1780357434.280,165841.0,8622.433,13.776618,,,,
1780357434.281,165866.0,8596.534,13.776438,,,,
1780357434.377,165891.0,8505.781,12.759043,,,,
1780357434.378,165916.0,8423.753,12.44065,,,,
1780357434.379,165941.0,8378.55,12.419941,,,,
1780357434.380,165966.0,8413.808,12.417229,,,,
1780357434.477,165991.0,8503.65,12.924202,,,,
1780357434.479,166016.0,8569.892,12.936272,,,,
1780357434.479,166041.0,8603.502,12.93533,,,,
1780357434.480,166066.0,8590.874,12.935203,,,,
1780357434.577,166091.0,8590.2,12.935225,,,,
1780357434.578,166116.0,8591.332,12.935388,,,,
1780357434.699,166141.0,8596.357,12.935359,3.494867,172.592255,166122.172,768.870728
1780357434.700,166262.0,8597.055,12.935572,,,,
1780357434.700,166287.0,8625.078,12.934643,,,,
1780357434.795,166312.0,8649.405,13.860304,,,,
1780357434.796,166337.0,8650.492,13.718875,,,,
1780357434.796,166362.0,8646.374,13.721962,,,,
1780357434.797,166387.0,8618.306,13.722576,,,,
1780357434.913,166412.0,8616.191,13.722558,,,,
1780357434.915,166437.0,8616.553,13.722536,,,,
1780357434.916,166462.0,8619.989,13.72264,,,,
1780357434.917,166487.0,8620.961,13.722742,,,,
1780357435.011,166512.0,8619.685,13.722761,,,,
1780357435.012,166537.0,8618.57,13.722716,,,,
1780357435.013,166562.0,8617.937,13.722723,,,,
1780357435.014,166587.0,8618.727,13.722897,,,,
1780357435.110,166612.0,8640.131,13.722973,,,,
1780357435.111,166637.0,8669.322,14.2546,,,,
1780357435.112,166662.0,8661.529,13.39692,,,,
1780357435.113,166687.0,8652.776,13.301332,,,,
1780357435.210,166712.0,8640.79,13.302247,,,,
1780357435.211,166737.0,8624.743,13.30258,,,,
1780357435.212,166762.0,8628.601,13.302646,,,,
1780357435.213,166787.0,8635.605,13.302807,,,,
1780357435.310,166812.0,8634.562,13.302851,,,,
1780357435.311,166837.0,8632.854,13.30279,,,,
1780357435.312,166862.0,8632.203,13.302802,,,,
1780357435.313,166887.0,8632.06,13.302857,,,,
1780357435.411,166912.0,8632.038,13.302866,,,,
1780357435.412,166937.0,8639.734,13.303136,,,,
1780357435.414,166962.0,8659.678,13.305096,,,,
1780357435.415,166987.0,8664.46,13.602101,,,,
1780357435.510,167012.0,8651.538,13.385834,,,,
1780357435.511,167037.0,8640.637,13.379457,,,,
1780357435.512,167062.0,8634.029,13.379452,,,,
1780357435.513,167087.0,8629.447,13.379553,,,,
1780357435.611,167112.0,8624.862,13.379661,,,,
1780357435.612,167137.0,8619.817,13.379821,,,,
1780357435.613,167162.0,8611.504,13.380045,,,,
1780357435.613,167187.0,8600.378,13.380412,,,,
1780357435.710,167212.0,8589.614,13.380889,,,,
1780357435.711,167237.0,8583.573,13.381571,,,,
1780357435.712,167262.0,8581.753,13.382532,,,,
1780357435.713,167287.0,8603.449,13.382625,,,,
1780357435.810,167312.0,8628.034,14.070298,,,,
1780357435.811,167337.0,8611.959,13.635794,,,,
1780357435.812,167362.0,8598.935,13.624156,,,,
1780357435.812,167387.0,8576.516,13.625986,,,,
1780357435.910,167412.0,8581.655,13.627114,,,,
1780357435.912,167437.0,8572.423,13.627955,,,,
1780357435.912,167462.0,8567.601,13.629248,,,,
1780357435.913,167487.0,8562.1,13.63105,,,,
1780357436.010,167512.0,8556.815,13.632768,,,,
1780357436.011,167537.0,8510.824,13.635389,,,,
1780357436.012,167562.0,8413.613,12.667287,,,,
1780357436.013,167587.0,8325.672,12.390737,,,,
1780357436.111,167612.0,8283.264,12.378973,,,,
1780357436.112,167637.0,8358.178,12.580968,,,,
1780357436.112,167662.0,8442.617,12.787793,,,,
1780357436.113,167687.0,8508.603,12.818908,,,,
1780357436.210,167712.0,8540.552,12.820436,,,,
1780357436.211,167737.0,8529.138,12.822753,,,,
1780357436.212,167762.0,8525.333,12.825348,,,,
1780357436.213,167787.0,8526.713,12.828088,,,,
1780357436.311,167812.0,8527.025,12.830887,,,,
1780357436.312,167837.0,8525.527,12.833794,,,,
1780357436.314,167862.0,8496.007,12.836671,,,,
1780357436.315,167887.0,8402.376,12.292706,,,,
1780357436.410,167912.0,8312.05,11.971134,,,,
1780357436.411,167937.0,8250.273,11.970339,,,,
1780357436.412,167962.0,8269.855,11.980704,,,,
1780357436.412,167987.0,8357.139,12.340085,,,,
1780357436.511,168012.0,8418.985,12.358814,,,,
1780357436.512,168037.0,8460.554,12.359801,,,,
1780357436.513,168062.0,8453.388,12.363117,,,,
1780357436.514,168087.0,8448.941,12.366588,,,,
1780357436.611,168112.0,8443.863,12.370057,,,,
1780357436.612,168137.0,8445.056,12.373749,,,,
1780357436.613,168162.0,8447.277,12.377402,,,,
1780357436.614,168187.0,8438.361,12.380674,,,,
1780357436.729,168212.0,8379.943,12.382573,,,,
1780357436.731,168237.0,8286.334,11.571068,,,,
1780357436.733,168262.0,8214.15,11.509887,,,,
1780357436.734,168287.0,8206.025,11.512836,,,,
1780357436.735,168312.0,8271.621,11.758469,,,,
1780357436.844,168337.0,8358.388,11.909737,,,,
1780357436.845,168362.0,8411.046,11.910508,,,,
1780357436.846,168387.0,8423.097,11.9135,,,,
1780357436.846,168412.0,8419.194,11.916625,,,,
1780357436.847,168437.0,8416.301,11.919589,,,,
1780357436.944,168462.0,8422.814,11.922379,,,,
1780357436.945,168487.0,8429.12,11.924894,,,,
1780357436.946,168512.0,8428.364,11.92678,,,,
1780357436.947,168537.0,8385.458,11.928778,,,,
1780357437.044,168562.0,8290.308,11.246482,,,,
1780357437.045,168587.0,8212.693,11.176021,,,,
1780357437.045,168612.0,8175.576,11.17787,,,,
1780357437.046,168637.0,8242.203,11.397593,,,,
1780357437.143,168662.0,8325.078,11.661197,,,,
1780357437.144,168687.0,8393.401,11.673702,,,,
1780357437.145,168712.0,8424.771,11.673602,,,,
1780357437.146,168737.0,8421.224,11.674147,,,,
1780357437.260,168762.0,8420.656,11.674371,,,,
1780357437.262,168787.0,8425.848,11.674397,,,,
1780357437.263,168812.0,8435.001,11.67384,,,,
1780357437.264,168837.0,8441.426,11.673018,,,,
1780357437.360,168862.0,8425.276,11.671245,,,,
1780357437.361,168887.0,8340.226,11.469822,,,,
1780357437.362,168912.0,8254.487,11.263633,,,,
1780357437.363,168937.0,8202.317,11.233416,,,,
1780357437.460,168962.0,8229.593,11.245725,,,,
1780357437.461,168987.0,8331.682,11.977299,,,,
1780357437.462,169012.0,8405.811,12.013378,,,,
1780357437.463,169037.0,8452.324,12.010221,,,,
1780357437.560,169062.0,8449.457,12.007824,,,,
1780357437.561,169087.0,8450.068,12.005631,,,,
1780357437.561,169112.0,8451.508,12.002995,,,,
1780357437.562,169137.0,8467.132,12.000504,,,,
1780357437.660,169162.0,8484.762,11.997718,,,,
1780357437.661,169187.0,8491.395,11.994116,,,,
1780357437.662,169212.0,8437.122,11.984608,,,,
1780357437.663,169237.0,8353.922,11.624831,,,,
1780357437.760,169262.0,8291.118,11.606237,,,,
1780357437.760,169287.0,8286.419,11.604528,,,,
1780357437.761,169312.0,8379.787,12.667922,,,,
1780357437.762,169337.0,8463.74,12.931422,,,,
1780357437.860,169362.0,8523.724,12.93513,,,,
1780357437.861,169387.0,8540.044,12.931533,,,,
1780357437.862,169412.0,8539.991,12.92812,,,,
1780357437.863,169437.0,8540.097,12.924654,,,,
1780357437.960,169462.0,8548.499,12.921214,,,,
1780357437.961,169487.0,8557.799,12.917791,,,,
1780357437.962,169512.0,8562.01,12.914169,,,,
1780357437.963,169537.0,8525.689,12.912193,,,,
1780357438.059,169562.0,8446.214,12.666504,,,,
1780357438.060,169587.0,8364.53,12.51506,,,,
1780357438.061,169612.0,8334.926,12.514517,,,,
1780357438.061,169637.0,8390.406,12.528907,,,,
1780357438.159,169662.0,8478.557,12.708857,,,,
1780357438.160,169687.0,8549.382,12.707885,,,,
1780357438.161,169712.0,8585.926,12.704163,,,,
1780357438.162,169737.0,8575.266,12.700708,,,,
1780357438.261,169762.0,8567.511,12.697695,,,,
1780357438.263,169787.0,8567.148,12.695282,,,,
1780357438.264,169812.0,8569.005,12.692846,,,,
1780357438.265,169837.0,8568.053,12.690301,,,,
1780357438.360,169862.0,8544.476,12.687688,,,,
1780357438.360,169887.0,8452.679,12.466514,,,,
1780357438.361,169912.0,8368.283,12.201689,,,,
1780357438.362,169937.0,8313.54,12.188707,,,,
1780357438.460,169962.0,8339.91,12.192387,,,,
1780357438.461,169987.0,8427.698,12.419107,,,,
1780357438.461,170012.0,8496.182,12.472963,,,,
1780357438.462,170037.0,8539.145,12.469964,,,,
1780357438.560,170062.0,8535.537,12.468213,,,,
1780357438.561,170087.0,8528.479,12.466857,,,,
1780357438.562,170112.0,8522.818,12.466049,,,,
1780357438.563,170137.0,8526.102,12.465364,,,,
1780357438.660,170162.0,8532.132,12.464691,,,,
1780357438.660,170187.0,8523.774,12.463703,,,,
1780357438.661,170212.0,8461.756,12.449752,,,,
1780357438.662,170237.0,8369.403,11.715914,,,,
1780357438.759,170262.0,8300.627,11.67748,,,,
1780357438.760,170287.0,8284.797,11.678306,,,,
1780357438.761,170312.0,8375.122,11.905822,,,,
1780357438.762,170337.0,8454.465,12.015907,,,,
1780357438.860,170362.0,8499.314,12.014707,,,,
1780357438.861,170387.0,8516.062,12.013925,,,,
1780357438.861,170412.0,8508.736,12.013624,,,,
1780357438.862,170437.0,8491.63,12.013426,,,,
1780357438.961,170462.0,8485.679,12.013331,,,,
1780357438.963,170487.0,8488.126,12.013342,,,,
1780357438.964,170512.0,8486.407,12.013042,,,,
1780357438.965,170537.0,8444.374,12.013604,,,,
1780357439.060,170562.0,8351.556,10.946821,,,,
1780357439.061,170587.0,8267.27,10.679908,,,,
1780357439.062,170612.0,8224.352,10.673163,,,,
1780357439.063,170637.0,8270.87,10.687546,,,,
1780357439.160,170662.0,8359.572,11.456713,,,,
1780357439.166,170687.0,8417.016,11.464134,,,,
1780357439.168,170712.0,8441.922,11.463861,,,,
1780357439.169,170737.0,8423.153,11.463255,,,,
1780357439.169,170762.0,8415.129,11.463498,,,,
1780357439.259,170787.0,8424.88,11.46382,,,,
1780357439.260,170812.0,8448.061,11.463945,,,,
1780357439.261,170837.0,8486.665,11.462907,,,,
1780357439.360,170862.0,8506.049,11.462019,,,,
1780357439.361,170887.0,8455.161,11.444578,,,,
1780357439.362,170912.0,8376.951,11.261564,,,,
1780357439.363,170937.0,8326.545,11.260005,,,,
1780357439.459,170962.0,8342.278,11.259763,,,,
1780357439.460,170987.0,8421.313,11.276844,,,,
1780357439.461,171012.0,8497.295,11.333342,,,,
1780357439.461,171037.0,8552.404,11.332903,,,,
1780357439.611,171062.0,8574.844,11.333892,2.574467,109.17672,169618.984,566.382751
1780357439.612,171183.0,8623.842,11.33432,,,,
1780357439.710,171208.0,8650.596,11.33643,,,,
1780357439.711,171233.0,8666.864,11.339411,,,,
1780357439.711,171258.0,8677.195,11.342434,,,,
1780357439.712,171283.0,8693.391,11.345242,,,,
1780357439.809,171308.0,8720.692,11.602319,,,,
1780357439.810,171333.0,8720.838,11.757248,,,,
1780357439.811,171358.0,8715.049,11.706175,,,,
1780357439.811,171383.0,8707.095,11.710835,,,,
1780357439.909,171408.0,8697.84,11.715216,,,,
1780357439.910,171433.0,8704.392,11.719351,,,,
1780357439.911,171458.0,8728.646,11.723468,,,,
1780357439.912,171483.0,8766.235,11.726352,,,,
1780357440.009,171508.0,8808.844,11.728949,,,,
1780357440.010,171533.0,8851.833,11.732729,,,,
1780357440.011,171558.0,8875.064,11.73967,,,,
1780357440.012,171583.0,8899.715,11.746462,,,,
1780357440.110,171608.0,8932.45,11.753012,,,,
1780357440.111,171633.0,8989.481,12.296762,,,,
1780357440.112,171658.0,8996.112,31.392635,,,,
1780357440.113,171683.0,9010.802,34.706314,,,,
1780357440.209,171708.0,9038.584,34.730244,,,,
1780357440.210,171733.0,9037.103,34.739407,,,,
1780357440.211,171758.0,9055.653,34.74855,,,,
1780357440.211,171783.0,9098.49,34.756836,,,,
1780357440.309,171808.0,9153.63,34.769501,,,,
1780357440.310,171833.0,9228.841,34.862385,,,,
1780357440.311,171858.0,9309.771,35.145256,,,,
1780357440.311,171883.0,9374.191,35.176155,,,,
1780357440.409,171908.0,9441.983,35.182053,,,,
1780357440.410,171933.0,9508.352,35.224384,,,,
1780357440.410,171958.0,9584.922,43.381191,,,,
1780357440.510,171983.0,9611.825,64.15432,,,,
1780357440.518,172044.0,9611.826,66.93367,,,,
1780357440.519,172069.0,9624.339,66.992912,,,,
1780357440.520,172094.0,9667.015,67.119125,,,,
1780357440.625,172119.0,9770.098,68.040504,,,,
1780357440.626,172144.0,9865.062,83.765106,,,,
1780357443.681,175263.0,9912.096,127.808617,,,,
1780357443.775,175288.0,9842.134,128.053162,,,,
1780357443.776,175313.0,9760.408,109.111122,,,,
1780357443.777,175338.0,9715.366,109.117264,,,,
1780357443.778,175363.0,9671.116,109.124153,,,,
1780357443.874,175388.0,9618.02,109.098312,,,,
1780357443.876,175413.0,9543.755,108.68589,,,,
1780357443.876,175438.0,9462.621,103.362312,,,,
1780357443.877,175463.0,9381.431,77.303062,,,,
1780357443.976,175488.0,9300.265,75.460068,,,,
1780357443.977,175513.0,9226.174,75.154335,,,,
1780357443.978,175538.0,9149.568,74.672691,,,,
1780357443.979,175563.0,9068.281,57.306007,,,,
1780357444.075,175588.0,8987.037,28.905247,,,,
1780357444.076,175613.0,8905.775,19.336903,,,,
1780357444.077,175638.0,8866.726,19.343185,,,,
1780357444.077,175663.0,8844.748,19.346272,,,,
1780357444.175,175688.0,8822.219,19.349579,,,,
1780357444.176,175713.0,8785.549,19.355839,,,,
1780357444.177,175738.0,8728.112,19.316988,,,,
1780357444.178,175763.0,8670.253,19.29459,,,,
1780357444.276,175788.0,8611.522,19.215073,,,,
1780357444.277,175813.0,8568.043,19.21874,,,,
1780357444.279,175838.0,8527.091,19.225243,,,,
1780357444.279,175863.0,8475.572,19.22471,,,,
1780357444.375,175888.0,8395.852,18.576347,,,,
1780357444.376,175913.0,8314.548,12.41626,,,,
1780357444.377,175938.0,8233.289,10.770874,,,,
1780357444.377,175963.0,8191.023,10.778425,,,,
1780357444.476,175988.0,8183.668,10.779776,,,,
1780357444.477,176013.0,8173.992,10.781393,,,,
1780357444.478,176038.0,8162.603,10.783042,,,,
1780357444.478,176063.0,8151.19,10.784958,,,,
1780357444.575,176088.0,8139.806,10.78686,,,,
1780357444.576,176113.0,8128.359,10.788657,,,,
1780357444.576,176138.0,8117.047,10.790533,,,,
1780357444.577,176163.0,8105.862,10.792359,,,,
1780357444.675,176188.0,8094.632,10.794201,,,,
1780357444.677,176213.0,8083.352,10.795934,,,,
1780357444.678,176238.0,8072.026,10.797685,,,,
1780357444.679,176263.0,8060.751,10.799285,,,,
1780357444.775,176288.0,8049.494,10.801138,,,,
1780357444.777,176313.0,8038.262,10.802983,,,,
1780357444.778,176338.0,8027.0,10.804837,,,,
1780357444.779,176363.0,8015.621,10.806609,,,,
1780357444.893,176388.0,8004.335,10.808344,,,,
1780357444.895,176413.0,7993.083,10.810066,,,,
1780357444.896,176438.0,7981.771,10.811812,,,,
1780357444.897,176463.0,7970.48,10.813548,,,,
1780357444.898,176488.0,7959.158,10.815298,,,,
1780357445.010,176513.0,7947.82,10.817184,,,,
1780357445.012,176538.0,7936.423,10.818964,,,,
1780357445.012,176563.0,7936.807,10.818943,,,,
1780357445.014,176588.0,7936.715,10.818978,,,,
1780357445.110,176613.0,7936.619,10.819016,,,,
1780357445.112,176638.0,7936.605,10.819019,,,,
1780357445.114,176663.0,7936.534,10.819048,,,,
1780357445.115,176688.0,7936.36,10.819117,,,,
1780357445.229,176713.0,7936.168,10.819064,,,,
1780357445.230,176738.0,7936.071,10.818845,,,,
1780357445.230,176763.0,7935.965,10.818887,,,,
1780357445.231,176788.0,7935.908,10.81891,,,,
1780357445.232,176813.0,7935.86,10.81893,,,,
1780357445.344,176838.0,7935.779,10.818831,,,,
1780357445.345,176863.0,7935.71,10.818861,,,,
1780357445.346,176888.0,7935.649,10.818885,,,,
1780357445.347,176913.0,7935.663,10.818877,,,,
1780357445.347,176938.0,7935.515,10.818936,,,,
1780357445.458,176963.0,7935.577,10.818783,,,,
1780357445.459,176988.0,7935.562,10.818662,,,,
1780357445.459,177013.0,7935.678,10.818614,,,,
1780357445.460,177038.0,7935.63,10.818635,,,,
1780357445.559,177063.0,7935.534,10.818673,,,,
1780357445.561,177088.0,7935.484,10.818563,,,,
1780357445.562,177113.0,7935.533,10.818543,,,,
1780357445.563,177138.0,7935.491,10.81856,,,,
1780357445.658,177163.0,7935.557,10.818533,,,,
1780357445.659,177188.0,7935.491,10.81856,,,,
1780357445.660,177213.0,7935.563,10.818532,,,,
1780357445.661,177238.0,7935.491,10.81856,,,,
1780357445.759,177263.0,7935.514,10.818679,,,,
1780357445.759,177288.0,7935.539,10.818669,,,,
1780357445.760,177313.0,7935.505,10.818682,,,,
1780357445.761,177338.0,7935.457,10.818573,,,,
1780357445.860,177363.0,7935.371,10.818734,,,,
1780357445.861,177388.0,7935.327,10.818622,,,,
1780357445.863,177413.0,7935.352,10.818612,,,,
1780357445.864,177438.0,7935.271,10.818646,,,,
1780357445.960,177463.0,7935.192,10.818677,,,,
1780357445.961,177488.0,7935.178,10.818681,,,,
1780357445.974,177513.0,7935.197,10.818673,,,,
1780357445.975,177538.0,7935.135,10.818569,,,,
1780357445.976,177563.0,7935.077,10.818593,,,,
1780357446.076,177588.0,7935.082,10.818591,,,,
1780357446.078,177613.0,7935.063,10.818599,,,,
1780357446.079,177638.0,7935.04,10.818607,,,,
1780357446.080,177663.0,7935.043,10.818735,,,,
1780357446.175,177688.0,7935.092,10.818716,,,,
1780357446.176,177713.0,7935.082,10.818722,,,,
1780357446.177,177738.0,7935.053,10.818731,,,,
1780357446.178,177763.0,7935.082,10.818719,,,,
1780357446.275,177788.0,7935.174,10.818683,,,,
1780357446.276,177813.0,7935.188,10.81855,,,,
1780357446.276,177838.0,7935.091,10.818587,,,,
1780357446.277,177863.0,7935.063,10.818597,,,,
1780357446.375,177888.0,7934.996,10.818754,,,,
1780357446.376,177913.0,7935.039,10.818737,,,,
1780357446.377,177938.0,7935.096,10.818715,,,,
1780357446.377,177963.0,7935.116,10.818706,,,,
1780357446.474,177988.0,7935.134,10.818956,,,,
1780357446.475,178013.0,7935.096,10.818843,,,,
1780357446.476,178038.0,7935.11,10.818836,,,,
1780357446.477,178063.0,7935.158,10.81869,,,,
1780357446.574,178088.0,7935.226,10.818662,,,,
1780357446.575,178113.0,7935.215,10.818667,,,,
1780357446.576,178138.0,7935.172,10.818683,,,,
1780357446.577,178163.0,7935.211,10.818669,,,,
1780357446.675,178188.0,7935.336,10.818748,,,,
1780357446.676,178213.0,7935.312,10.818759,,,,
1780357446.677,178238.0,7935.321,10.818754,,,,
1780357446.678,178263.0,7935.277,10.8189,,,,
1780357446.775,178288.0,7935.402,10.818851,,,,
1780357446.776,178313.0,7935.49,10.818816,,,,
1780357446.777,178338.0,7935.532,10.818929,,,,
1780357446.778,178363.0,7935.533,10.818928,,,,
1780357446.875,178388.0,7935.558,10.818918,,,,
1780357446.876,178413.0,7935.5,10.818941,,,,
1780357446.877,178438.0,7935.482,10.81882,,,,
1780357446.878,178463.0,7935.318,10.819013,,,,
1780357446.974,178488.0,7935.341,10.819002,,,,
1780357446.975,178513.0,7935.246,10.819041,,,,
1780357446.976,178538.0,7935.192,10.819062,,,,
1780357446.977,178563.0,7935.168,10.819071,,,,
1780357447.074,178588.0,7935.178,10.819068,,,,
1780357447.075,178613.0,7935.235,10.819045,,,,
1780357447.076,178638.0,7935.241,10.819042,,,,
1780357447.252,178663.0,7935.208,10.819056,0.991367,522.615662,177691.172,218.10083
1780357447.254,178785.0,7935.188,10.819064,,,,
1780357447.255,178810.0,7935.197,10.819189,,,,
1780357447.256,178835.0,7935.26,10.819293,,,,
1780357447.358,178860.0,7935.279,10.819285,,,,
1780357447.359,178885.0,7935.284,10.819283,,,,
1780357447.360,178910.0,7935.254,10.819295,,,,
1780357447.361,178935.0,7935.307,10.819275,,,,
1780357447.458,178960.0,7935.331,10.819264,,,,
1780357447.459,178985.0,7935.327,10.819266,,,,
1780357447.460,179010.0,7935.408,10.819106,,,,
1780357447.460,179035.0,7935.332,10.819137,,,,
1780357447.558,179060.0,7935.293,10.819152,,,,
1780357447.559,179085.0,7935.303,10.819148,,,,
1780357447.559,179110.0,7935.26,10.819165,,,,
1780357447.560,179135.0,7935.154,10.819207,,,,
1780357447.657,179160.0,7935.182,10.819196,,,,
1780357447.658,179185.0,7935.279,10.819285,,,,
1780357447.659,179210.0,7935.303,10.819276,,,,
1780357447.660,179235.0,7935.259,10.819295,,,,
1780357447.757,179260.0,7935.173,10.819201,,,,
1780357447.759,179285.0,7935.149,10.819339,,,,
1780357447.761,179310.0,7935.155,10.819336,,,,
1780357447.762,179335.0,7935.025,10.819259,,,,
1780357447.864,179360.0,7935.063,10.819242,,,,
1780357447.866,179385.0,7935.063,10.819243,,,,
1780357447.868,179410.0,7935.015,10.819391,,,,
1780357447.870,179435.0,7934.938,10.819422,,,,
1780357447.871,179460.0,7934.962,10.81954,,,,
1780357447.975,179485.0,7935.068,10.819498,,,,
1780357447.976,179510.0,7934.929,10.819553,,,,
1780357447.977,179535.0,7934.866,10.81945,,,,
1780357447.978,179560.0,7934.88,10.819572,,,,
