timestamp_computer,timestamp,sensor1,sensor2,mag,width,crack_x,crack_size,serial out,response
1783537431.706,3743802.0,9390.886,44.660927,,,,,,
1783537431.707,3743807.0,9391.088,44.660343,,,,,,
1783537431.708,3743812.0,9391.256,44.659859,,,,,,
1783537431.709,3743817.0,9390.92,44.660828,,,,,,
1783537431.710,3743822.0,9391.223,44.659954,,,,,,
1783537431.712,3743827.0,9392.232,44.657036,,,,,,
1783537431.713,3743832.0,9392.131,44.65733,,,,,,
1783537431.714,3743837.0,9391.661,44.658688,,,,,,
1783537431.715,3743842.0,9392.099,44.660038,,,,,,
1783537431.716,3743847.0,9391.324,44.664898,,,,,,
1783537431.728,3743852.0,9390.617,44.666939,,,,,,
1783537431.729,3743857.0,9390.886,44.666164,,,,,,
1783537431.730,3743862.0,9390.919,44.666073,,,,,,
1783537431.731,3743867.0,9390.415,44.664902,,,,,,
1783537431.732,3743872.0,9390.92,44.660828,,,,,,
1783537431.733,3743877.0,9391.896,44.658009,,,,,,
1783537431.734,3743882.0,9391.626,44.658787,,,,,,
1783537431.735,3743887.0,9391.795,44.658298,,,,,,
1783537431.736,3743892.0,9392.03,44.657619,,,,,,
1783537431.737,3743897.0,9391.93,44.657909,,,,,,
1783537431.737,3743902.0,9390.248,44.662769,,,,,,
1783537431.738,3743907.0,9390.35,44.662476,,,,,,
1783537431.739,3743912.0,9390.584,44.6618,,,,,,
1783537431.740,3743917.0,9390.518,44.661991,,,,,,
1783537431.741,3743922.0,9390.888,44.660919,,,,,,
1783537431.742,3743927.0,9392.535,44.656162,,,,,,
1783537431.743,3743932.0,9392.939,44.654991,,,,,,
1783537431.744,3743937.0,9392.704,44.655674,,,,,,
1783537431.745,3743942.0,9392.805,44.65538,,,,,,
1783537431.746,3743947.0,9392.3,44.656841,,,,,,
1783537431.747,3743952.0,9390.954,44.660728,,,,,,
1783537431.748,3743957.0,9390.752,44.661312,,,,,,
1783537431.749,3743962.0,9391.155,44.660149,,,,,,
1783537431.750,3743967.0,9391.189,44.660049,,,,,,
1783537431.751,3743972.0,9391.055,44.660439,,,,,,
1783537431.752,3743977.0,9392.131,44.65733,,,,,,
1783537431.753,3743982.0,9391.458,44.659271,,,,,,
1783537431.754,3743987.0,9390.718,44.661411,,,,,,
1783537431.755,3743992.0,9390.853,44.661022,,,,,,
1783537431.756,3743997.0,9391.021,44.660534,,,,,,
1783537431.757,3744002.0,9389.811,44.664032,,,,,,
1783537431.758,3744007.0,9390.146,44.663063,,,,,,
1783537431.759,3744012.0,9390.55,44.661896,,,,,,
1783537431.760,3744017.0,9390.079,44.663258,,,,,,
1783537431.761,3744022.0,9390.347,44.662483,,,,,,
1783537431.762,3744027.0,9392.064,44.65752,,,,,,
1783537431.764,3744032.0,9391.896,44.660625,,,,,,
1783537431.766,3744037.0,9391.391,44.662086,,,,,,
1783537431.768,3744042.0,9391.997,44.660332,,,,,,
1783537431.769,3744047.0,9391.93,44.66053,,,,,,
1783537431.770,3744052.0,9390.65,44.664223,,,,,,
1783537431.771,3744057.0,9390.954,44.660728,,,,,,
1783537431.771,3744062.0,9391.525,44.659077,,,,,,
1783537431.772,3744067.0,9390.953,44.660732,,,,,,
1783537431.774,3744072.0,9390.617,44.661701,,,,,,
1783537431.774,3744077.0,9391.155,44.660149,,,,,,
1783537431.775,3744082.0,9390.92,44.660828,,,,,,
1783537431.776,3744087.0,9390.717,44.661415,,,,,,
1783537431.777,3744092.0,9391.021,44.660538,,,,,,
1783537431.778,3744097.0,9391.054,44.660442,,,,,,
1783537431.778,3744102.0,9390.414,44.662289,,,,,,
1783537431.779,3744107.0,9390.987,44.660633,,,,,,
1783537431.780,3744112.0,9391.66,44.658688,,,,,,
1783537431.781,3744117.0,9391.424,44.65937,,,,,,
1783537431.782,3744122.0,9391.324,44.65966,,,,,,
1783537431.783,3744127.0,9392.502,44.656258,,,,,,
1783537431.783,3744132.0,9391.761,44.658398,,,,,,
1783537431.784,3744137.0,9391.088,44.660343,,,,,,
1783537431.785,3744142.0,9391.256,44.659859,,,,,,
1783537431.786,3744147.0,9391.659,44.658691,,,,,,
1783537431.787,3744152.0,9390.046,44.663353,,,,,,
1783537431.787,3744157.0,9390.518,44.661991,,,,,,
1783537431.788,3744162.0,9390.92,44.660828,,,,,,
1783537431.789,3744167.0,9390.92,44.663445,,,,,,
1783537431.791,3744172.0,9390.584,44.664417,,,,,,
1783537431.791,3744177.0,9392.029,44.66024,,,,,,
1783537431.792,3744182.0,9391.828,44.660824,,,,,,
1783537431.794,3744187.0,9391.189,44.662666,,,,,,
1783537431.795,3744192.0,9391.289,44.65976,,,,,,
1783537431.796,3744197.0,9391.256,44.659859,,,,,,
1783537431.797,3744202.0,9390.381,44.662384,,,,,,
1783537431.798,3744207.0,9390.549,44.6619,,,,,,
1783537431.799,3744212.0,9391.357,44.659565,,,,,,
1783537431.800,3744217.0,9391.155,44.660149,,,,,,
1783537431.801,3744222.0,9391.492,44.659176,,,,,,
1783537431.802,3744227.0,9392.435,44.656452,,,,,,
1783537431.803,3744232.0,9392.604,44.655964,,,,,,
1783537431.804,3744237.0,9392.232,44.657036,,,,,,
1783537431.805,3744242.0,9392.4,44.656551,,,,,,
1783537431.806,3744247.0,9392.434,44.656452,,,,,,
1783537431.807,3744252.0,9391.391,44.65947,,,,,,
1783537431.808,3744257.0,9390.953,44.660732,,,,,,
1783537431.809,3744262.0,9391.155,44.660149,,,,,,
1783537431.810,3744267.0,9390.718,44.661411,,,,,,
1783537431.811,3744272.0,9391.021,44.660534,,,,,,
1783537431.812,3744277.0,9392.029,44.657623,,,,,,
1783537431.812,3744282.0,9391.795,44.658298,,,,,,
1783537431.813,3744287.0,9390.854,44.661018,,,,,,
1783537431.814,3744292.0,9391.189,44.660049,,,,,,
1783537431.815,3744297.0,9390.92,44.660828,,,,,,
1783537431.816,3744302.0,9390.449,44.662189,,,,,,
1783537431.816,3744307.0,9390.819,44.661118,,,,,,
1783537431.817,3744312.0,9392.098,44.657425,,,,,,
1783537431.818,3744317.0,9392.468,44.656357,,,,,,
1783537431.819,3744322.0,9392.232,44.657036,,,,,,
1783537431.820,3744327.0,9392.704,44.655674,,,,,,
1783537431.821,3744332.0,9392.502,44.656258,,,,,,
1783537431.822,3744337.0,9391.795,44.658298,,,,,,
1783537431.822,3744342.0,9391.828,44.658203,,,,,,
1783537431.824,3744347.0,9392.435,44.656452,,,,,,
1783537431.824,3744352.0,9390.92,44.660828,,,,,,
1783537431.825,3744357.0,9390.886,44.663544,,,,,,
1783537431.826,3744362.0,9391.459,44.661888,,,,,,
1783537431.827,3744367.0,9391.088,44.66296,,,,,,
1783537431.828,3744372.0,9390.886,44.663548,,,,,,
1783537431.828,3744377.0,9392.905,44.657707,,,,,,
1783537431.829,3744382.0,9392.805,44.65538,,,,,,
1783537431.830,3744387.0,9392.268,44.656933,,,,,,
1783537431.831,3744392.0,9391.862,44.658104,,,,,,
1783537431.832,3744397.0,9391.189,44.660049,,,,,,
1783537431.832,3744402.0,9389.775,44.664135,,,,,,
1783537431.833,3744407.0,9390.28,44.662678,,,,,,
1783537431.834,3744412.0,9390.314,44.662579,,,,,,
1783537431.835,3744417.0,9390.785,44.661217,,,,,,
1783537431.836,3744422.0,9391.424,44.65937,,,,,,
1783537431.838,3744427.0,9392.568,44.656063,,,,,,
1783537431.838,3744432.0,9392.536,44.656158,,,,,,
1783537431.839,3744437.0,9392.3,44.656841,,,,,,
1783537431.840,3744442.0,9392.367,44.656647,,,,,,
1783537431.841,3744447.0,9391.896,44.658005,,,,,,
1783537431.842,3744452.0,9390.415,44.662285,,,,,,
1783537431.843,3744457.0,9390.616,44.661705,,,,,,
1783537431.843,3744462.0,9390.986,44.660637,,,,,,
1783537431.844,3744467.0,9390.718,44.661411,,,,,,
1783537431.845,3744472.0,9391.055,44.660439,,,,,,
1783537431.846,3744477.0,9392.568,44.656063,,,,,,
1783537431.847,3744482.0,9392.467,44.656357,,,,,,
1783537431.848,3744487.0,9391.862,44.658104,,,,,,
1783537431.848,3744492.0,9391.761,44.658398,,,,,,
1783537433.593,3744497.0,9391.223,44.659954,,,,,,
1783537433.593,3744502.0,9390.111,44.663166,,,,,,
1783537433.594,3744507.0,9390.18,44.662968,,,,,,
1783537433.595,3744512.0,9390.448,44.662189,,,,,,
1783537433.596,3744517.0,9390.986,44.660637,,,,,,
1783537433.596,3744522.0,9391.021,44.660534,,,,,,
1783537433.597,3744527.0,9392.131,44.65733,,,,,,
1783537433.598,3744532.0,9392.03,44.657619,,,,,,
1783537433.598,3744537.0,9392.266,44.65694,,,,,,
1783537433.599,3744542.0,9391.997,44.657715,,,,,,
1783537433.599,3744547.0,9392.4,44.656551,,,,,,
1783537433.600,3744552.0,9390.92,44.660828,,,,,,
1783537433.601,3744557.0,9390.685,44.661507,,,,,,
1783537433.601,3744562.0,9391.324,44.65966,,,,,,
1783537433.602,3744567.0,9391.256,44.659859,,,,,,
1783537433.603,3744572.0,9390.854,44.661018,,,,,,
1783537433.603,3744577.0,9392.131,44.65733,,,,,,
1783537433.604,3744582.0,9392.166,44.657227,,,,,,
1783537433.605,3744587.0,9391.155,44.660149,,,,,,
1783537433.605,3744592.0,9391.357,44.659565,,,,,,
1783537433.607,3744597.0,9391.525,44.659077,,,,,,
1783537433.608,3744602.0,9390.448,44.664806,,,,,,
1783537433.609,3744607.0,9390.516,44.664612,,,,,,
1783537433.610,3744612.0,9391.357,44.662182,,,,,,
1783537433.610,3744617.0,9391.189,44.66267,,,,,,
1783537433.611,3744622.0,9391.392,44.662083,,,,,,
1783537433.612,3744627.0,9392.232,44.657036,,,,,,
1783537433.612,3744632.0,9392.131,44.65733,,,,,,
1783537433.613,3744637.0,9391.189,44.660049,,,,,,
1783537433.614,3744642.0,9391.29,44.65976,,,,,,
1783537433.614,3744647.0,9391.425,44.65937,,,,,,
1783537433.615,3744652.0,9390.448,44.662189,,,,,,
1783537433.615,3744657.0,9390.517,44.661995,,,,,,
1783537433.616,3744662.0,9391.021,44.660534,,,,,,
1783537433.616,3744667.0,9390.449,44.664806,,,,,,
1783537433.617,3744672.0,9389.877,44.666458,,,,,,
1783537433.618,3744677.0,9391.425,44.661987,,,,,,
1783537433.618,3744682.0,9391.627,44.661404,,,,,,
1783537433.619,3744687.0,9391.155,44.662766,,,,,,
1783537433.619,3744692.0,9391.862,44.658104,,,,,,
1783537433.620,3744697.0,9391.997,44.657715,,,,,,
1783537433.621,3744702.0,9390.281,44.662674,,,,,,
1783537433.621,3744707.0,9390.111,44.663166,,,,,,
1783537433.623,3744712.0,9391.323,44.659664,,,,,,
1783537433.623,3744717.0,9390.719,44.661407,,,,,,
1783537433.624,3744722.0,9391.357,44.659565,,,,,,
1783537433.625,3744727.0,9392.805,44.657997,,,,,,
1783537433.625,3744732.0,9392.536,44.658775,,,,,,
1783537433.626,3744737.0,9390.954,44.663345,,,,,,
1783537433.626,3744742.0,9391.459,44.661892,,,,,,
1783537433.627,3744747.0,9390.987,44.66325,,,,,,
1783537433.628,3744752.0,9389.775,44.664135,,,,,,
1783537433.628,3744757.0,9390.214,44.662868,,,,,,
1783537433.629,3744762.0,9391.56,44.658981,,,,,,
1783537433.629,3744767.0,9391.592,44.658886,,,,,,
1783537433.630,3744772.0,9391.323,44.659664,,,,,,
1783537433.631,3744777.0,9392.299,44.656845,,,,,,
1783537433.631,3744782.0,9392.098,44.657425,,,,,,
1783537433.632,3744787.0,9391.627,44.658783,,,,,,
1783537433.632,3744792.0,9391.256,44.659859,,,,,,
1783537433.633,3744797.0,9391.593,44.658882,,,,,,
1783537433.633,3744802.0,9390.92,44.663445,,,,,,
1783537433.634,3744807.0,9391.021,44.663155,,,,,,
1783537433.635,3744812.0,9391.121,44.662865,,,,,,
1783537433.635,3744817.0,9391.593,44.66412,,,,,,
1783537433.636,3744822.0,9391.525,44.664314,,,,,,
1783537433.636,3744827.0,9391.997,44.660332,,,,,,
1783537433.637,3744832.0,9391.963,44.660435,,,,,,
1783537433.638,3744837.0,9391.592,44.661503,,,,,,
1783537433.638,3744842.0,9391.224,44.65995,,,,,,
1783537433.639,3744847.0,9391.425,44.65937,,,,,,
1783537433.640,3744852.0,9390.65,44.661606,,,,,,
1783537433.641,3744857.0,9390.616,44.661705,,,,,,
1783537433.641,3744862.0,9391.661,44.658688,,,,,,
1783537433.642,3744867.0,9391.896,44.658005,,,,,,
1783537433.642,3744872.0,9391.762,44.658394,,,,,,
1783537433.643,3744877.0,9392.771,44.655479,,,,,,
1783537433.644,3744882.0,9393.006,44.6548,,,,,,
1783537433.644,3744887.0,9392.3,44.656841,,,,,,
1783537433.645,3744892.0,9391.795,44.658298,,,,,,
1783537433.645,3744897.0,9391.828,44.66082,,,,,,
1783537433.646,3744902.0,9390.818,44.663738,,,,,,
1783537433.646,3744907.0,9390.818,44.663738,,,,,,
1783537433.647,3744912.0,9390.819,44.663738,,,,,,
1783537433.648,3744917.0,9391.088,44.66296,,,,,,
1783537433.648,3744922.0,9390.685,44.661507,,,,,,
1783537433.649,3744927.0,9391.627,44.658783,,,,,,
1783537433.649,3744932.0,9391.223,44.659954,,,,,,
1783537433.650,3744937.0,9390.685,44.661507,,,,,,
1783537433.651,3744942.0,9391.021,44.660534,,,,,,
1783537433.651,3744947.0,9391.525,44.659077,,,,,,
1783537433.652,3744952.0,9389.877,44.663841,,,,,,
1783537433.653,3744957.0,9390.416,44.662285,,,,,,
1783537433.653,3744962.0,9391.492,44.659176,,,,,,
1783537433.654,3744967.0,9391.358,44.659561,,,,,,
1783537433.655,3744972.0,9391.426,44.659367,,,,,,
1783537433.656,3744977.0,9393.074,44.654602,,,,,,
1783537433.657,3744982.0,9392.602,44.655968,,,,,,
1783537433.658,3744987.0,9391.323,44.662281,,,,,,
1783537433.659,3744992.0,9391.66,44.661304,,,,,,
1783537433.660,3744997.0,9391.693,44.661209,,,,,,
1783537433.661,3745002.0,9391.055,44.663059,,,,,,
1783537433.662,3745007.0,9391.055,44.663055,,,,,,
1783537433.663,3745012.0,9392.266,44.65694,,,,,,
1783537433.664,3745017.0,9391.795,44.658298,,,,,,
1783537433.665,3745022.0,9391.155,44.660149,,,,,,
1783537433.666,3745027.0,9392.198,44.657135,,,,,,
1783537433.667,3745032.0,9392.334,44.656742,,,,,,
1783537433.668,3745037.0,9391.291,44.662373,,,,,,
1783537433.669,3745042.0,9391.155,44.662766,,,,,,
1783537433.671,3745047.0,9391.66,44.661304,,,,,,
1783537433.672,3745052.0,9390.247,44.665394,,,,,,
1783537433.673,3745057.0,9390.549,44.664516,,,,,,
1783537433.674,3745062.0,9391.492,44.659176,,,,,,
1783537433.675,3745067.0,9391.693,44.658592,,,,,,
1783537433.676,3745072.0,9391.693,44.658592,,,,,,
1783537433.677,3745077.0,9392.974,44.654892,,,,,,
1783537433.678,3745082.0,9392.165,44.65723,,,,,,
1783537433.679,3745087.0,9391.29,44.65976,,,,,,
1783537433.680,3745092.0,9391.896,44.658005,,,,,,
1783537433.681,3745097.0,9392.064,44.65752,,,,,,
1783537433.682,3745102.0,9390.987,44.660633,,,,,,
1783537433.682,3745107.0,9391.762,44.658394,,,,,,
1783537433.683,3745112.0,9392.435,44.656452,,,,,,
1783537433.684,3745117.0,9391.693,44.658592,,,,,,
1783537433.685,3745122.0,9391.627,44.658783,,,,,,
1783537433.686,3745127.0,9392.602,44.655968,,,,,,
1783537433.687,3745132.0,9392.198,44.657135,,,,,,
1783537433.687,3745137.0,9391.391,44.662086,,,,,,
1783537433.688,3745142.0,9391.492,44.661793,,,,,,
1783537433.689,3745147.0,9391.459,44.664509,,,,,,
1783537433.690,3745152.0,9390.146,44.668301,,,,,,
1783537433.691,3745157.0,9390.112,44.6684,,,,,,
1783537433.692,3745162.0,9390.718,44.664032,,,,,,
1783537433.693,3745167.0,9390.785,44.663834,,,,,,
1783537433.694,3745172.0,9390.448,44.662189,,,,,,
1783537433.695,3745177.0,9391.963,44.657814,,,,,,
1783537433.696,3745182.0,9392.064,44.65752,,,,,,
1783537433.696,3745187.0,9391.424,44.65937,,,,,,
1783537433.697,3745192.0,9391.223,44.662571,,,,,,
1783537433.698,3745197.0,9391.492,44.661793,,,,,,
1783537433.699,3745202.0,9390.112,44.665779,,,,,,
1783537433.700,3745207.0,9389.844,44.666557,,,,,,
1783537433.701,3745212.0,9390.987,44.66325,,,,,,
1783537433.702,3745217.0,9390.987,44.660633,,,,,,
1783537433.703,3745222.0,9390.482,44.66209,,,,,,
1783537433.704,3745227.0,9391.761,44.658398,,,,,,
1783537433.705,3745232.0,9392.029,44.657623,,,,,,
1783537433.706,3745237.0,9390.886,44.660927,,,,,,
1783537433.707,3745242.0,9391.021,44.660534,,,,,,
1783537433.708,3745247.0,9391.393,44.659462,,,,,,
1783537433.708,3745252.0,9390.314,44.665195,,,,,,
1783537433.709,3745257.0,9390.517,44.664612,,,,,,
1783537433.710,3745262.0,9391.392,44.662083,,,,,,
1783537433.711,3745267.0,9391.728,44.661114,,,,,,
1783537433.712,3745272.0,9391.492,44.661793,,,,,,
1783537433.712,3745277.0,9392.771,44.658096,,,,,,
1783537433.713,3745282.0,9392.771,44.658096,,,,,,
1783537433.714,3745287.0,9391.963,44.660431,,,,,,
1783537433.715,3745292.0,9391.29,44.66238,,,,,,
1783537433.716,3745297.0,9391.66,44.661304,,,,,,
1783537433.717,3745302.0,9390.146,44.663063,,,,,,
1783537433.718,3745307.0,9389.943,44.663651,,,,,,
1783537433.718,3745312.0,9390.617,44.661701,,,,,,
1783537433.719,3745317.0,9391.021,44.660534,,,,,,
1783537433.720,3745322.0,9390.517,44.661995,,,,,,
1783537433.721,3745327.0,9391.795,44.658298,,,,,,
1783537433.722,3745332.0,9391.424,44.65937,,,,,,
1783537433.723,3745337.0,9390.953,44.660732,,,,,,
1783537433.724,3745342.0,9391.021,44.660534,,,,,,
1783537433.725,3745347.0,9391.458,44.659271,,,,,,
1783537433.725,3745352.0,9390.078,44.663261,,,,,,
1783537433.726,3745357.0,9390.516,44.661995,,,,,,
1783537433.727,3745362.0,9391.088,44.660343,,,,,,
1783537433.728,3745367.0,9390.584,44.6618,,,,,,
1783537433.729,3745372.0,9390.752,44.661312,,,,,,
1783537433.729,3745377.0,9391.963,44.657814,,,,,,
1783537433.730,3745382.0,9391.862,44.658104,,,,,,
1783537433.731,3745387.0,9390.92,44.660828,,,,,,
1783537433.732,3745392.0,9391.324,44.65966,,,,,,
1783537433.733,3745397.0,9391.425,44.65937,,,,,,
1783537433.734,3745402.0,9390.046,44.663353,,,,,,
1783537433.735,3745407.0,9390.416,44.662285,,,,,,
1783537433.736,3745412.0,9391.593,44.658882,,,,,,
1783537433.736,3745417.0,9391.357,44.659565,,,,,,
1783537433.737,3745422.0,9391.189,44.660049,,,,,,
1783537433.738,3745427.0,9392.838,44.655285,,,,,,
1783537433.739,3745432.0,9392.131,44.65733,,,,,,
1783537433.740,3745437.0,9391.693,44.658592,,,,,,
1783537433.741,3745442.0,9391.997,44.657715,,,,,,
1783537433.742,3745447.0,9392.131,44.65733,,,,,,
1783537433.743,3745452.0,9390.886,44.660927,,,,,,
1783537433.743,3745457.0,9391.223,44.659954,,,,,,
1783537433.744,3745462.0,9391.189,44.660049,,,,,,
1783537433.745,3745467.0,9390.651,44.661602,,,,,,
1783537433.746,3745472.0,9390.819,44.661118,,,,,,
1783537433.747,3745477.0,9392.098,44.657425,,,,,,
1783537433.748,3745482.0,9392.4,44.659168,,,,,,
1783537433.748,3745487.0,9392.199,44.659748,,,,,,
1783537433.749,3745492.0,9392.199,44.659748,,,,,,
1783537433.750,3745497.0,9391.997,44.660336,,,,,,
1783537433.751,3745502.0,9390.55,44.664513,,,,,,
1783537433.751,3745507.0,9390.011,44.663456,,,,,,
1783537433.752,3745512.0,9390.314,44.662579,,,,,,
1783537433.753,3745517.0,9390.28,44.662678,,,,,,
1783537433.753,3745522.0,9390.045,44.663357,,,,,,
1783537433.754,3745527.0,9391.593,44.658882,,,,,,
1783537433.755,3745532.0,9391.593,44.658882,,,,,,
1783537433.755,3745537.0,9391.223,44.659954,,,,,,
1783537433.756,3745542.0,9391.223,44.659954,,,,,,
1783537433.757,3745547.0,9391.155,44.660149,,,,,,
1783537433.757,3745552.0,9389.439,44.665104,,,,,,
1783537433.758,3745557.0,9390.011,44.663456,,,,,,
1783537433.759,3745562.0,9390.18,44.662968,,,,,,
1783537433.759,3745567.0,9390.416,44.662285,,,,,,
1783537433.760,3745572.0,9390.381,44.662384,,,,,,
1783537433.761,3745577.0,9392.166,44.657227,,,,,,
1783537433.761,3745582.0,9392.03,44.657619,,,,,,
1783537433.762,3745587.0,9392.097,44.657429,,,,,,
1783537433.763,3745592.0,9392.3,44.656841,,,,,,
1783537433.763,3745597.0,9392.805,44.65538,,,,,,
1783537433.764,3745602.0,9390.719,44.661407,,,,,,
1783537433.765,3745607.0,9390.921,44.660824,,,,,,
1783537433.765,3745612.0,9391.056,44.660435,,,,,,
1783537433.766,3745617.0,9390.955,44.660725,,,,,,
1783537433.766,3745622.0,9390.853,44.661022,,,,,,
1783537433.767,3745627.0,9392.4,44.656551,,,,,,
1783537433.768,3745632.0,9392.098,44.657425,,,,,,
1783537433.768,3745637.0,9391.56,44.658981,,,,,,
1783537433.769,3745642.0,9391.896,44.658009,,,,,,
1783537433.770,3745647.0,9392.03,44.657619,,,,,,
1783537433.771,3745652.0,9390.45,44.662186,,,,,,
1783537433.771,3745657.0,9390.652,44.661602,,,,,,
1783537433.772,3745662.0,9391.425,44.65937,,,,,,
1783537433.772,3745667.0,9391.561,44.658978,,,,,,
1783537433.773,3745672.0,9390.888,44.660919,,,,,,
1783537433.774,3745677.0,9392.771,44.655479,,,,,,
1783537433.774,3745682.0,9392.737,44.655575,,,,,,
1783537433.775,3745687.0,9391.594,44.658882,,,,,,
1783537433.776,3745692.0,9391.425,44.65937,,,,,,
1783537433.776,3745697.0,9392.031,44.657616,,,,,,
1783537433.777,3745702.0,9390.517,44.661995,,,,,,
1783537433.778,3745707.0,9390.518,44.661991,,,,,,
1783537433.778,3745712.0,9391.459,44.659271,,,,,,
1783537433.779,3745717.0,9391.189,44.660049,,,,,,
1783537433.780,3745722.0,9391.291,44.659756,,,,,,
1783537433.780,3745727.0,9392.804,44.655384,,,,,,
1783537433.781,3745732.0,9392.334,44.656742,,,,,,
1783537433.782,3745737.0,9391.728,44.658493,,,,,,
1783537433.782,3745742.0,9391.66,44.658688,,,,,,
1783537433.783,3745747.0,9390.987,44.660633,,,,,,
1783537433.783,3745752.0,9390.18,44.662968,,,,,,
1783537433.784,3745757.0,9391.055,44.660439,,,,,,
1783537433.785,3745762.0,9391.93,44.657909,,,,,,
1783537433.785,3745767.0,9391.861,44.658108,,,,,,
1783537433.786,3745772.0,9392.029,44.657623,,,,,,
1783537433.787,3745777.0,9392.736,44.655579,,,,,,
1783537433.787,3745782.0,9392.03,44.657619,,,,,,
1783537433.788,3745787.0,9391.525,44.659077,,,,,,
1783537433.788,3745792.0,9391.693,44.661209,,,,,,
1783537433.790,3745797.0,9391.592,44.661503,,,,,,
1783537433.790,3745802.0,9390.281,44.665291,,,,,,
1783537433.791,3745807.0,9390.55,44.664516,,,,,,
1783537433.792,3745812.0,9391.055,44.663055,,,,,,
1783537433.792,3745817.0,9391.593,44.658882,,,,,,
1783537433.793,3745822.0,9392.029,44.657623,,,,,,
1783537433.793,3745827.0,9393.511,44.653343,,,,,,
1783537433.794,3745832.0,9393.814,44.652466,,,,,,
1783537433.795,3745837.0,9393.142,44.654408,,,,,,
1783537433.796,3745842.0,9392.604,44.655964,,,,,,
1783537433.797,3745847.0,9392.232,44.657036,,,,,,
1783537433.797,3745852.0,9390.92,44.660828,,,,,,
1783537433.798,3745857.0,9390.549,44.6619,,,,,,
1783537433.799,3745862.0,9391.391,44.65947,,,,,,
1783537433.799,3745867.0,9391.224,44.65995,,,,,,
1783537433.800,3745872.0,9390.651,44.664219,,,,,,
1783537433.801,3745877.0,9391.93,44.660526,,,,,,
1783537433.801,3745882.0,9392.166,44.659843,,,,,,
1783537433.802,3745887.0,9391.021,44.663158,,,,,,
1783537433.802,3745892.0,9391.425,44.661987,,,,,,
1783537433.803,3745897.0,9391.794,44.658302,,,,,,
1783537433.804,3745902.0,9390.617,44.661701,,,,,,
1783537433.804,3745907.0,9390.482,44.66209,,,,,,
1783537433.805,3745912.0,9391.963,44.657814,,,,,,
1783537433.805,3745917.0,9391.93,44.657909,,,,,,
1783537433.806,3745922.0,9391.761,44.658398,,,,,,
1783537433.807,3745927.0,9393.41,44.653633,,,,,,
1783537433.808,3745932.0,9393.007,44.654797,,,,,,
1783537433.808,3745937.0,9391.627,44.658783,,,,,,
1783537433.809,3745942.0,9391.155,44.660149,,,,,,
1783537433.809,3745947.0,9391.66,44.658688,,,,,,
1783537433.811,3745952.0,9389.641,44.664524,,,,,,
1783537433.812,3745957.0,9389.979,44.663548,,,,,,
1783537433.813,3745962.0,9390.449,44.662189,,,,,,
1783537433.814,3745967.0,9390.482,44.66209,,,,,,
1783537433.815,3745972.0,9390.752,44.661312,,,,,,
1783537433.816,3745977.0,9392.366,44.656651,,,,,,
1783537433.817,3745982.0,9392.636,44.655869,,,,,,
1783537433.818,3745987.0,9392.3,44.656841,,,,,,
1783537433.819,3745992.0,9392.536,44.656158,,,,,,
1783537433.820,3745997.0,9392.199,44.657131,,,,,,
1783537433.821,3746002.0,9390.55,44.661896,,,,,,
1783537433.822,3746007.0,9390.617,44.661701,,,,,,
1783537433.823,3746012.0,9391.324,44.65966,,,,,,
1783537433.824,3746017.0,9391.492,44.659176,,,,,,
1783537433.825,3746022.0,9391.83,44.658199,,,,,,
1783537433.825,3746027.0,9393.713,44.652756,,,,,,
1783537433.827,3746032.0,9392.704,44.655674,,,,,,
1783537433.828,3746037.0,9391.829,44.658199,,,,,,
1783537433.829,3746042.0,9392.133,44.657322,,,,,,
1783537433.830,3746047.0,9392.267,44.656937,,,,,,
1783537433.831,3746052.0,9390.482,44.664707,,,,,,
1783537433.832,3746057.0,9391.357,44.662182,,,,,,
1783537433.832,3746062.0,9392.266,44.659557,,,,,,
1783537433.833,3746067.0,9391.627,44.661404,,,,,,
1783537433.834,3746072.0,9391.323,44.662281,,,,,,
1783537433.835,3746077.0,9392.805,44.65538,,,,,,
1783537433.836,3746082.0,9391.861,44.658108,,,,,,
1783537433.836,3746087.0,9391.155,44.662766,,,,,,
1783537433.837,3746092.0,9391.088,44.66296,,,,,,
1783537433.838,3746097.0,9391.156,44.662762,,,,,,
1783537433.839,3746102.0,9389.709,44.666946,,,,,,
1783537433.840,3746107.0,9390.516,44.664612,,,,,,
1783537433.841,3746112.0,9390.886,44.660927,,,,,,
1783537433.842,3746117.0,9390.986,44.660637,,,,,,
1783537433.843,3746122.0,9391.122,44.660244,,,,,,
1783537433.844,3746127.0,9392.635,44.655872,,,,,,
1783537433.844,3746132.0,9392.771,44.655479,,,,,,
1783537433.845,3746137.0,9392.299,44.656845,,,,,,
1783537433.846,3746142.0,9392.636,44.655869,,,,,,
1783537433.847,3746147.0,9392.502,44.656258,,,,,,
1783537433.848,3746152.0,9391.222,44.659954,,,,,,
1783537433.848,3746157.0,9391.054,44.660442,,,,,,
1783537433.849,3746162.0,9391.728,44.658493,,,,,,
1783537433.850,3746167.0,9391.761,44.658398,,,,,,
1783537433.851,3746172.0,9391.323,44.659664,,,,,,
1783537433.852,3746177.0,9392.164,44.657234,,,,,,
1783537433.852,3746182.0,9391.828,44.658203,,,,,,
1783537433.853,3746187.0,9391.088,44.660343,,,,,,
1783537433.854,3746192.0,9390.752,44.661312,,,,,,
1783537433.855,3746197.0,9390.718,44.661411,,,,,,
1783537433.856,3746202.0,9390.01,44.663456,,,,,,
1783537433.857,3746207.0,9389.842,44.663944,,,,,,
1783537433.857,3746212.0,9390.717,44.661415,,,,,,
1783537433.859,3746217.0,9390.784,44.661221,,,,,,
1783537433.860,3746222.0,9390.818,44.661121,,,,,,
1783537433.861,3746227.0,9391.492,44.659176,,,,,,
1783537433.862,3746232.0,9391.66,44.658688,,,,,,
1783537433.863,3746237.0,9390.685,44.661507,,,,,,
1783537433.863,3746242.0,9390.549,44.6619,,,,,,
1783537433.864,3746247.0,9390.953,44.660732,,,,,,
1783537433.865,3746252.0,9389.339,44.665398,,,,,,
1783537433.866,3746257.0,9389.643,44.66452,,,,,,
1783537433.866,3746262.0,9391.021,44.660534,,,,,,
1783537433.867,3746267.0,9391.459,44.656651,,,,,,
1783537433.868,3746272.0,9391.056,44.657814,,,,,,
1783537433.868,3746277.0,9393.074,44.651981,,,,,,
1783537433.869,3746282.0,9392.938,44.652374,,,,,,
1783537433.870,3746287.0,9392.029,44.655003,,,,,,
1783537433.871,3746292.0,9392.165,44.65723,,,,,,
1783537433.871,3746297.0,9392.568,44.656063,,,,,,
1783537433.872,3746302.0,9390.787,44.661213,,,,,,
1783537433.873,3746307.0,9391.291,44.659756,,,,,,
1783537433.874,3746312.0,9392.064,44.65752,,,,,,
1783537433.875,3746317.0,9391.795,44.658298,,,,,,
1783537433.875,3746322.0,9391.627,44.658783,,,,,,
1783537433.876,3746327.0,9393.174,44.654316,,,,,,
1783537433.877,3746332.0,9392.771,44.655479,,,,,,
1783537433.877,3746337.0,9391.29,44.65976,,,,,,
1783537433.878,3746342.0,9391.155,44.660149,,,,,,
1783537433.878,3746347.0,9391.424,44.65937,,,,,,
1783537433.879,3746352.0,9390.583,44.6618,,,,,,
1783537433.880,3746357.0,9390.583,44.6618,,,,,,
1783537433.880,3746362.0,9391.93,44.657909,,,,,,
1783537433.881,3746367.0,9392.266,44.65694,,,,,,
1783537433.882,3746372.0,9391.963,44.657814,,,,,,
1783537433.882,3746377.0,9393.209,44.654213,,,,,,
1783537433.883,3746382.0,9393.411,44.653629,,,,,,
1783537433.883,3746387.0,9392.131,44.65733,,,,,,
1783537433.884,3746392.0,9392.199,44.657131,,,,,,
1783537433.884,3746397.0,9392.401,44.656548,,,,,,
1783537433.885,3746402.0,9391.089,44.662956,,,,,,
1783537433.886,3746407.0,9390.686,44.664124,,,,,,
1783537433.886,3746412.0,9391.357,44.662182,,,,,,
1783537433.887,3746417.0,9391.088,44.662964,,,,,,
1783537433.887,3746422.0,9390.818,44.663738,,,,,,
1783537433.888,3746427.0,9391.659,44.658691,,,,,,
1783537433.888,3746432.0,9391.593,44.658882,,,,,,
1783537433.889,3746437.0,9390.786,44.661213,,,,,,
1783537433.890,3746442.0,9390.719,44.661407,,,,,,
1783537433.891,3746447.0,9390.718,44.661411,,,,,,
1783537433.891,3746452.0,9389.978,44.663551,,,,,,
1783537433.892,3746457.0,9390.011,44.663456,,,,,,
1783537433.892,3746462.0,9391.189,44.660049,,,,,,
1783537433.893,3746467.0,9391.088,44.660343,,,,,,
1783537433.893,3746472.0,9390.718,44.661411,,,,,,
1783537433.894,3746477.0,9391.492,44.659176,,,,,,
1783537433.895,3746482.0,9391.93,44.657909,,,,,,
1783537433.895,3746487.0,9391.357,44.659565,,,,,,
1783537433.896,3746492.0,9391.054,44.660442,,,,,,
1783537433.897,3746497.0,9391.525,44.659077,,,,,,
1783537433.897,3746502.0,9390.516,44.661995,,,,,,
1783537433.898,3746507.0,9390.448,44.662189,,,,,,
1783537433.898,3746512.0,9391.224,44.65995,,,,,,
1783537433.899,3746517.0,9392.166,44.657227,,,,,,
1783537433.900,3746522.0,9392.334,44.656742,,,,,,
1783537433.900,3746527.0,9393.713,44.652756,,,,,,
1783537433.901,3746532.0,9393.107,44.654507,,,,,,
1783537433.902,3746537.0,9392.03,44.657619,,,,,,
1783537433.902,3746542.0,9391.458,44.659271,,,,,,
1783537433.903,3746547.0,9391.29,44.65976,,,,,,
1783537434.864,3746552.0,9389.775,44.666752,,,,,,
1783537434.865,3746557.0,9390.045,44.665974,,,,,,
1783537434.866,3746562.0,9391.021,44.663151,,,,,,
1783537434.867,3746567.0,9390.785,44.663837,,,,,,
1783537434.867,3746572.0,9390.583,44.664417,,,,,,
1783537434.868,3746577.0,9391.627,44.658783,,,,,,
1783537434.869,3746582.0,9391.66,44.658688,,,,,,
1783537434.869,3746587.0,9390.785,44.661217,,,,,,
1783537434.870,3746592.0,9390.92,44.660828,,,,,,
1783537434.871,3746597.0,9391.56,44.658981,,,,,,
1783537434.872,3746602.0,9390.517,44.661995,,,,,,
1783537434.872,3746607.0,9390.516,44.661995,,,,,,
1783537434.873,3746612.0,9391.459,44.659271,,,,,,
1783537434.873,3746617.0,9391.021,44.660534,,,,,,
1783537434.874,3746622.0,9390.349,44.662479,,,,,,
1783537434.875,3746627.0,9391.56,44.658981,,,,,,
1783537434.877,3746632.0,9390.987,44.660633,,,,,,
1783537434.879,3746637.0,9389.844,44.663937,,,,,,
1783537434.880,3746642.0,9390.18,44.662968,,,,,,
1783537434.881,3746647.0,9390.617,44.661701,,,,,,
1783537434.882,3746652.0,9389.507,44.664909,,,,,,
1783537434.883,3746657.0,9389.843,44.66394,,,,,,
1783537434.884,3746662.0,9391.021,44.660538,,,,,,
1783537434.885,3746667.0,9390.953,44.660732,,,,,,
1783537434.886,3746672.0,9390.954,44.660728,,,,,,
1783537434.887,3746677.0,9392.131,44.65733,,,,,,
1783537434.888,3746682.0,9391.861,44.658108,,,,,,
1783537434.889,3746687.0,9390.853,44.661022,,,,,,
1783537434.890,3746692.0,9391.29,44.65976,,,,,,
1783537434.891,3746697.0,9391.055,44.660439,,,,,,
1783537434.892,3746702.0,9389.642,44.66452,,,,,,
1783537434.893,3746707.0,9390.045,44.663357,,,,,,
1783537434.894,3746712.0,9391.357,44.659565,,,,,,
1783537434.895,3746717.0,9390.854,44.661018,,,,,,
1783537434.896,3746722.0,9390.482,44.66209,,,,,,
1783537434.897,3746727.0,9392.299,44.656845,,,,,,
1783537434.898,3746732.0,9392.704,44.655674,,,,,,
1783537434.899,3746737.0,9391.425,44.65937,,,,,,
1783537434.899,3746742.0,9391.963,44.657814,,,,,,
1783537434.900,3746747.0,9392.67,44.655769,,,,,,
1783537434.901,3746752.0,9391.291,44.659756,,,,,,
1783537434.902,3746757.0,9390.584,44.6618,,,,,,
1783537434.903,3746762.0,9391.795,44.658298,,,,,,
1783537434.903,3746767.0,9391.189,44.660049,,,,,,
1783537434.904,3746772.0,9390.752,44.663929,,,,,,
1783537434.905,3746777.0,9392.031,44.660233,,,,,,
1783537434.906,3746782.0,9392.502,44.658875,,,,,,
1783537434.907,3746787.0,9390.786,44.663834,,,,,,
1783537434.908,3746792.0,9390.617,44.664318,,,,,,
1783537434.909,3746797.0,9390.719,44.661407,,,,,,
1783537434.910,3746802.0,9389.34,44.665394,,,,,,
1783537434.911,3746807.0,9389.373,44.665298,,,,,,
1783537434.912,3746812.0,9390.819,44.661118,,,,,,
1783537434.912,3746817.0,9391.392,44.659466,,,,,,
1783537434.913,3746822.0,9390.818,44.661121,,,,,,
1783537434.914,3746827.0,9391.693,44.658592,,,,,,
1783537434.915,3746832.0,9391.56,44.658981,,,,,,
1783537434.916,3746837.0,9389.945,44.663643,,,,,,
1783537434.916,3746842.0,9389.743,44.664227,,,,,,
1783537434.917,3746847.0,9390.416,44.664902,,,,,,
1783537434.918,3746852.0,9389.406,44.66782,,,,,,
1783537434.919,3746857.0,9389.237,44.668308,,,,,,
1783537434.920,3746862.0,9390.381,44.665005,,,,,,
1783537434.921,3746867.0,9390.482,44.667328,,,,,,
1783537434.921,3746872.0,9390.146,44.66568,,,,,,
1783537434.922,3746877.0,9391.627,44.6614,,,,,,
1783537434.923,3746882.0,9391.963,44.660435,,,,,,
1783537434.924,3746887.0,9391.458,44.661888,,,,,,
1783537434.925,3746892.0,9391.896,44.658009,,,,,,
1783537434.926,3746897.0,9392.435,44.656452,,,,,,
1783537434.927,3746902.0,9390.853,44.661022,,,,,,
1783537434.928,3746907.0,9390.887,44.660923,,,,,,
1783537434.930,3746912.0,9391.492,44.659176,,,,,,
1783537434.931,3746917.0,9390.92,44.660828,,,,,,
1783537434.931,3746922.0,9390.416,44.662285,,,,,,
1783537434.932,3746927.0,9391.728,44.658493,,,,,,
1783537434.933,3746932.0,9391.828,44.658203,,,,,,
1783537434.934,3746937.0,9390.92,44.660828,,,,,,
1783537434.935,3746942.0,9391.121,44.660248,,,,,,
1783537434.935,3746947.0,9391.392,44.659466,,,,,,
1783537434.936,3746952.0,9390.482,44.66209,,,,,,
1783537434.937,3746957.0,9389.979,44.663548,,,,,,
1783537434.938,3746962.0,9391.122,44.660244,,,,,,
1783537434.939,3746967.0,9390.886,44.663544,,,,,,
1783537434.940,3746972.0,9390.549,44.664516,,,,,,
1783537434.941,3746977.0,9391.323,44.662281,,,,,,
1783537434.941,3746982.0,9391.66,44.661308,,,,,,
1783537434.942,3746987.0,9390.482,44.664707,,,,,,
1783537434.943,3746992.0,9391.055,44.660439,,,,,,
1783537434.944,3746997.0,9391.189,44.660049,,,,,,
1783537434.945,3747002.0,9390.314,44.662579,,,,,,
1783537434.945,3747007.0,9390.111,44.663166,,,,,,
1783537434.946,3747012.0,9390.919,44.660831,,,,,,
1783537434.947,3747017.0,9390.92,44.660828,,,,,,
1783537434.948,3747022.0,9391.054,44.660442,,,,,,
1783537434.949,3747027.0,9391.996,44.657719,,,,,,
1783537434.949,3747032.0,9392.4,44.656551,,,,,,
1783537434.950,3747037.0,9391.594,44.658882,,,,,,
1783537434.951,3747042.0,9391.324,44.65966,,,,,,
1783537434.952,3747047.0,9391.392,44.659466,,,,,,
1783537434.953,3747052.0,9390.854,44.661018,,,,,,
1783537434.953,3747057.0,9390.617,44.661701,,,,,,
1783537434.954,3747062.0,9391.627,44.658783,,,,,,
1783537434.955,3747067.0,9391.693,44.658592,,,,,,
1783537434.956,3747072.0,9391.323,44.659664,,,,,,
1783537434.957,3747077.0,9391.829,44.658199,,,,,,
1783537434.957,3747082.0,9391.693,44.658592,,,,,,
1783537434.958,3747087.0,9391.223,44.659954,,,,,,
1783537434.959,3747092.0,9391.525,44.659077,,,,,,
1783537434.960,3747097.0,9391.728,44.658493,,,,,,
1783537434.960,3747102.0,9390.381,44.662384,,,,,,
1783537434.961,3747107.0,9390.886,44.660927,,,,,,
1783537434.962,3747112.0,9391.189,44.660049,,,,,,
1783537434.962,3747117.0,9391.088,44.660343,,,,,,
1783537434.963,3747122.0,9391.189,44.660049,,,,,,
1783537434.963,3747127.0,9392.838,44.655285,,,,,,
1783537434.964,3747132.0,9392.334,44.656742,,,,,,
1783537434.965,3747137.0,9391.828,44.658203,,,,,,
1783537434.965,3747142.0,9391.66,44.658688,,,,,,
1783537434.966,3747147.0,9391.627,44.658783,,,,,,
1783537434.967,3747152.0,9390.516,44.661995,,,,,,
1783537434.967,3747157.0,9390.549,44.6619,,,,,,
1783537434.968,3747162.0,9391.357,44.659565,,,,,,
1783537434.968,3747167.0,9390.718,44.661411,,,,,,
1783537434.969,3747172.0,9390.213,44.662872,,,,,,
1783537434.970,3747177.0,9390.886,44.660927,,,,,,
1783537434.970,3747182.0,9390.854,44.661018,,,,,,
1783537434.971,3747187.0,9389.877,44.663841,,,,,,
1783537434.972,3747192.0,9390.517,44.661995,,,,,,
1783537434.972,3747197.0,9391.189,44.660049,,,,,,
1783537434.973,3747202.0,9389.811,44.664032,,,,,,
1783537434.974,3747207.0,9389.743,44.666843,,,,,,
1783537434.974,3747212.0,9391.021,44.663151,,,,,,
1783537434.975,3747217.0,9390.349,44.665096,,,,,,
1783537434.976,3747222.0,9390.315,44.665195,,,,,,
1783537434.976,3747227.0,9391.492,44.661793,,,,,,
1783537434.977,3747232.0,9391.391,44.65947,,,,,,
1783537434.977,3747237.0,9389.742,44.66423,,,,,,
1783537434.978,3747242.0,9390.449,44.662189,,,,,,
1783537434.979,3747247.0,9390.517,44.661995,,,,,,
1783537434.979,3747252.0,9389.81,44.664036,,,,,,
1783537434.980,3747257.0,9390.18,44.662968,,,,,,
1783537434.980,3747262.0,9391.424,44.65937,,,,,,
1783537434.981,3747267.0,9391.223,44.659954,,,,,,
1783537434.982,3747272.0,9391.122,44.660244,,,,,,
1783537434.982,3747277.0,9392.132,44.657326,,,,,,
1783537434.983,3747282.0,9392.534,44.656162,,,,,,
1783537434.983,3747287.0,9391.829,44.658199,,,,,,
1783537434.984,3747292.0,9391.93,44.657909,,,,,,
1783537434.985,3747297.0,9392.03,44.657619,,,,,,
1783537434.985,3747302.0,9391.122,44.660244,,,,,,
1783537434.987,3747307.0,9390.92,44.660828,,,,,,
1783537434.988,3747312.0,9391.963,44.657814,,,,,,
1783537434.989,3747317.0,9391.459,44.659271,,,,,,
1783537434.990,3747322.0,9390.954,44.660728,,,,,,
1783537434.991,3747327.0,9391.93,44.660526,,,,,,
1783537434.992,3747332.0,9391.761,44.661015,,,,,,
1783537434.993,3747337.0,9390.584,44.664417,,,,,,
1783537434.994,3747342.0,9391.021,44.663155,,,,,,
1783537434.995,3747347.0,9391.861,44.660725,,,,,,
1783537434.996,3747352.0,9390.685,44.661507,,,,,,
1783537434.997,3747357.0,9390.686,44.661507,,,,,,
1783537434.998,3747362.0,9391.425,44.65937,,,,,,
1783537434.999,3747367.0,9391.256,44.659859,,,,,,
1783537435.000,3747372.0,9390.685,44.661507,,,,,,
1783537435.001,3747377.0,9391.391,44.65947,,,,,,
1783537435.003,3747382.0,9391.223,44.659954,,,,,,
1783537435.004,3747387.0,9390.482,44.66209,,,,,,
1783537435.004,3747392.0,9390.786,44.661213,,,,,,
1783537435.006,3747397.0,9391.357,44.659565,,,,,,
1783537435.007,3747402.0,9390.651,44.661602,,,,,,
1783537435.007,3747407.0,9390.752,44.661312,,,,,,
1783537435.008,3747412.0,9391.862,44.658104,,,,,,
1783537435.009,3747417.0,9391.762,44.661011,,,,,,
1783537435.010,3747422.0,9391.021,44.663151,,,,,,
1783537435.011,3747427.0,9391.997,44.660332,,,,,,
1783537435.011,3747432.0,9392.232,44.659657,,,,,,
1783537435.012,3747437.0,9391.391,44.662086,,,,,,
1783537435.013,3747442.0,9391.323,44.659664,,,,,,
1783537435.014,3747447.0,9391.795,44.658298,,,,,,
1783537435.015,3747452.0,9390.786,44.661213,,,,,,
1783537435.015,3747457.0,9390.079,44.663258,,,,,,
1783537435.016,3747462.0,9390.584,44.6618,,,,,,
1783537435.017,3747467.0,9390.482,44.66209,,,,,,
1783537435.018,3747472.0,9390.349,44.662479,,,,,,
1783537435.019,3747477.0,9391.357,44.659565,,,,,,
1783537435.020,3747482.0,9391.29,44.65976,,,,,,
1783537435.021,3747487.0,9390.314,44.662579,,,,,,
1783537435.021,3747492.0,9389.608,44.664619,,,,,,
1783537435.022,3747497.0,9389.911,44.663742,,,,,,
1783537435.023,3747502.0,9389.205,44.665783,,,,,,
1783537435.024,3747507.0,9389.943,44.663651,,,,,,
1783537435.025,3747512.0,9391.425,44.65937,,,,,,
1783537435.026,3747517.0,9392.334,44.656742,,,,,,
1783537435.027,3747522.0,9391.963,44.657814,,,,,,
1783537435.027,3747527.0,9392.904,44.655094,,,,,,
1783537435.028,3747532.0,9392.906,44.655087,,,,,,
1783537435.029,3747537.0,9391.693,44.658592,,,,,,
1783537435.030,3747542.0,9391.392,44.659466,,,,,,
1783537435.031,3747547.0,9391.257,44.659855,,,,,,
1783537435.031,3747552.0,9389.675,44.667042,,,,,,
1783537435.032,3747557.0,9389.238,44.668304,,,,,,
1783537435.033,3747562.0,9390.18,44.665585,,,,,,
1783537435.034,3747567.0,9390.314,44.665199,,,,,,
1783537435.035,3747572.0,9390.448,44.664806,,,,,,
1783537435.036,3747577.0,9392.097,44.657429,,,,,,
1783537435.036,3747582.0,9392.132,44.657326,,,,,,
1783537435.037,3747587.0,9390.752,44.661312,,,,,,
1783537435.038,3747592.0,9390.752,44.661312,,,,,,
1783537435.039,3747597.0,9390.18,44.662968,,,,,,
1783537435.040,3747602.0,9388.431,44.668022,,,,,,
1783537435.041,3747607.0,9388.297,44.668407,,,,,,
1783537435.041,3747612.0,9389.709,44.664326,,,,,,
1783537435.042,3747617.0,9389.306,44.665493,,,,,,
1783537435.043,3747622.0,9389.709,44.664326,,,,,,
1783537435.043,3747627.0,9391.088,44.660343,,,,,,
1783537435.044,3747632.0,9391.761,44.658398,,,,,,
1783537435.045,3747637.0,9390.685,44.661507,,,,,,
1783537435.046,3747642.0,9390.887,44.660923,,,,,,
1783537435.046,3747647.0,9391.156,44.660145,,,,,,
1783537435.047,3747652.0,9390.314,44.662579,,,,,,
1783537435.047,3747657.0,9389.943,44.663651,,,,,,
1783537435.048,3747662.0,9391.189,44.660049,,,,,,
1783537435.049,3747667.0,9391.729,44.658493,,,,,,
1783537435.050,3747672.0,9391.257,44.659855,,,,,,
1783537435.050,3747677.0,9392.334,44.656742,,,,,,
1783537435.051,3747682.0,9392.198,44.657135,,,,,,
1783537435.052,3747687.0,9391.256,44.659859,,,,,,
1783537435.052,3747692.0,9391.29,44.65976,,,,,,
1783537435.053,3747697.0,9391.929,44.657913,,,,,,
1783537436.777,3747702.0,9390.886,44.660927,,,,,,
1783537436.778,3747707.0,9391.021,44.660534,,,,,,
1783537436.779,3747712.0,9391.964,44.65781,,,,,,
1783537436.780,3747717.0,9391.224,44.65995,,,,,,
1783537436.780,3747722.0,9390.685,44.661507,,,,,,
1783537436.781,3747727.0,9391.66,44.658688,,,,,,
1783537436.782,3747732.0,9391.693,44.658592,,,,,,
1783537436.782,3747737.0,9390.584,44.664417,,,,,,
1783537436.783,3747742.0,9391.021,44.663151,,,,,,
1783537436.784,3747747.0,9391.728,44.66111,,,,,,
1783537436.785,3747752.0,9390.785,44.663837,,,,,,
1783537436.785,3747757.0,9390.247,44.66539,,,,,,
1783537436.786,3747762.0,9391.055,44.660439,,,,,,
1783537436.787,3747767.0,9391.021,44.660534,,,,,,
1783537436.787,3747772.0,9390.415,44.662285,,,,,,
1783537436.788,3747777.0,9391.66,44.661304,,,,,,
1783537436.789,3747782.0,9392.164,44.659851,,,,,,
1783537436.789,3747787.0,9391.525,44.661694,,,,,,
1783537436.790,3747792.0,9391.491,44.661797,,,,,,
1783537436.791,3747797.0,9391.761,44.661015,,,,,,
1783537436.792,3747802.0,9390.584,44.6618,,,,,,
1783537436.792,3747807.0,9390.718,44.664028,,,,,,
1783537436.793,3747812.0,9391.729,44.66111,,,,,,
1783537436.794,3747817.0,9392.131,44.659946,,,,,,
1783537436.794,3747822.0,9392.131,44.65995,,,,,,
1783537436.796,3747827.0,9393.343,44.656445,,,,,,
1783537436.797,3747832.0,9393.31,44.653923,,,,,,
1783537436.798,3747837.0,9392.031,44.657616,,,,,,
1783537436.799,3747842.0,9391.693,44.658592,,,,,,
1783537436.800,3747847.0,9391.896,44.658005,,,,,,
1783537436.801,3747852.0,9391.122,44.660244,,,,,,
1783537436.802,3747857.0,9390.818,44.661121,,,,,,
1783537436.802,3747862.0,9392.031,44.657616,,,,,,
1783537436.803,3747867.0,9391.963,44.657814,,,,,,
1783537436.803,3747872.0,9391.525,44.659077,,,,,,
1783537436.804,3747877.0,9392.299,44.656845,,,,,,
1783537436.805,3747882.0,9392.974,44.654892,,,,,,
1783537436.806,3747887.0,9391.761,44.658398,,,,,,
1783537436.806,3747892.0,9391.997,44.657715,,,,,,
1783537436.807,3747897.0,9392.502,44.656258,,,,,,
1783537436.808,3747902.0,9391.593,44.658882,,,,,,
1783537436.808,3747907.0,9391.189,44.660049,,,,,,
1783537436.809,3747912.0,9392.366,44.659267,,,,,,
1783537436.809,3747917.0,9392.064,44.660137,,,,,,
1783537436.810,3747922.0,9391.356,44.662182,,,,,,
1783537436.811,3747927.0,9392.063,44.660145,,,,,,
1783537436.811,3747932.0,9392.131,44.65733,,,,,,
1783537436.812,3747937.0,9391.188,44.657433,,,,,,
1783537436.812,3747942.0,9391.223,44.657333,,,,,,
1783537436.813,3747947.0,9391.795,44.655678,,,,,,
1783537436.814,3747952.0,9390.853,44.658401,,,,,,
1783537436.814,3747957.0,9390.886,44.660927,,,,,,
1783537436.815,3747962.0,9391.93,44.657909,,,,,,
1783537436.817,3747967.0,9392.099,44.657421,,,,,,
1783537436.818,3747972.0,9391.627,44.658783,,,,,,
1783537436.819,3747977.0,9392.4,44.656551,,,,,,
1783537436.820,3747982.0,9392.467,44.656357,,,,,,
1783537436.820,3747987.0,9390.954,44.660728,,,,,,
1783537436.821,3747992.0,9390.987,44.660633,,,,,,
1783537436.823,3747997.0,9391.257,44.659855,,,,,,
1783537436.823,3748002.0,9390.987,44.660633,,,,,,
1783537436.824,3748007.0,9390.719,44.661407,,,,,,
1783537436.825,3748012.0,9392.535,44.656162,,,,,,
1783537436.826,3748017.0,9392.502,44.656258,,,,,,
1783537436.826,3748022.0,9392.232,44.657036,,,,,,
1783537436.827,3748027.0,9392.334,44.656742,,,,,,
1783537436.828,3748032.0,9391.997,44.657715,,,,,,
1783537436.829,3748037.0,9390.382,44.662384,,,,,,
1783537436.830,3748042.0,9390.986,44.660637,,,,,,
1783537436.830,3748047.0,9391.492,44.659176,,,,,,
1783537436.832,3748052.0,9391.291,44.659756,,,,,,
1783537436.833,3748057.0,9391.729,44.658493,,,,,,
1783537436.834,3748062.0,9392.939,44.654991,,,,,,
1783537436.835,3748067.0,9392.536,44.656158,,,,,,
1783537436.836,3748072.0,9392.334,44.656742,,,,,,
1783537436.837,3748077.0,9393.175,44.654312,,,,,,
1783537436.837,3748082.0,9393.073,44.654606,,,,,,
1783537436.838,3748087.0,9391.594,44.658882,,,,,,
1783537436.839,3748092.0,9391.694,44.658588,,,,,,
1783537436.840,3748097.0,9391.593,44.658882,,,,,,
1783537436.841,3748102.0,9390.617,44.661701,,,,,,
1783537436.842,3748107.0,9391.089,44.660339,,,,,,
1783537436.842,3748112.0,9392.602,44.655968,,,,,,
1783537436.843,3748117.0,9392.771,44.655479,,,,,,
1783537436.844,3748122.0,9393.141,44.654411,,,,,,
1783537436.845,3748127.0,9394.017,44.651878,,,,,,
1783537436.845,3748132.0,9393.511,44.653343,,,,,,
1783537436.846,3748137.0,9391.931,44.657906,,,,,,
1783537436.847,3748142.0,9391.594,44.658882,,,,,,
1783537436.848,3748147.0,9391.426,44.659367,,,,,,
1783537436.849,3748152.0,9390.416,44.662285,,,,,,
1783537436.850,3748157.0,9390.818,44.661121,,,,,,
1783537436.851,3748162.0,9392.67,44.655769,,,,,,
1783537436.852,3748167.0,9392.4,44.656551,,,,,,
1783537436.853,3748172.0,9391.829,44.658199,,,,,,
1783537436.854,3748177.0,9392.536,44.656158,,,,,,
1783537436.856,3748182.0,9392.3,44.656841,,,,,,
1783537436.857,3748187.0,9390.854,44.661018,,,,,,
1783537436.857,3748192.0,9391.088,44.660343,,,,,,
1783537436.858,3748197.0,9391.693,44.658592,,,,,,
1783537436.859,3748202.0,9391.055,44.660439,,,,,,
1783537436.860,3748207.0,9390.986,44.660637,,,,,,
1783537436.861,3748212.0,9392.131,44.65733,,,,,,
1783537436.861,3748217.0,9391.896,44.658009,,,,,,
1783537436.863,3748222.0,9391.525,44.659077,,,,,,
1783537436.865,3748227.0,9392.064,44.65752,,,,,,
1783537436.866,3748232.0,9392.198,44.657135,,,,,,
1783537436.867,3748237.0,9391.56,44.658981,,,,,,
1783537436.868,3748242.0,9391.795,44.658298,,,,,,
1783537436.869,3748247.0,9391.963,44.657814,,,,,,
1783537436.870,3748252.0,9390.987,44.660633,,,,,,
1783537436.871,3748257.0,9391.122,44.660244,,,,,,
1783537436.871,3748262.0,9391.963,44.657814,,,,,,
1783537436.872,3748267.0,9391.66,44.658688,,,,,,
1783537436.873,3748272.0,9391.729,44.658493,,,,,,
1783537436.874,3748277.0,9392.974,44.654892,,,,,,
1783537436.875,3748282.0,9393.31,44.653923,,,,,,
1783537436.876,3748287.0,9392.03,44.657619,,,,,,
1783537436.876,3748292.0,9392.4,44.656551,,,,,,
1783537436.877,3748297.0,9392.469,44.656353,,,,,,
1783537436.878,3748302.0,9391.391,44.65947,,,,,,
1783537436.879,3748307.0,9390.213,44.662872,,,,,,
1783537436.880,3748312.0,9391.525,44.659077,,,,,,
1783537436.881,3748317.0,9391.324,44.65966,,,,,,
1783537436.881,3748322.0,9391.021,44.660534,,,,,,
1783537436.882,3748327.0,9392.099,44.657421,,,,,,
1783537436.883,3748332.0,9392.334,44.656742,,,,,,
1783537436.883,3748337.0,9390.987,44.660633,,,,,,
1783537436.884,3748342.0,9391.256,44.659859,,,,,,
1783537436.885,3748347.0,9391.492,44.659176,,,,,,
1783537436.885,3748352.0,9390.146,44.663063,,,,,,
1783537436.886,3748357.0,9390.65,44.661606,,,,,,
1783537436.887,3748362.0,9392.2,44.657127,,,,,,
1783537436.887,3748367.0,9391.829,44.658199,,,,,,
1783537436.888,3748372.0,9391.729,44.658493,,,,,,
1783537436.889,3748377.0,9392.4,44.653931,,,,,,
1783537436.890,3748382.0,9390.182,44.652481,,,,,,
1783537436.891,3748387.0,9386.35,44.658318,,,,,,
1783537436.891,3748392.0,9384.334,44.658901,,,,,,
1783537436.892,3748397.0,9381.814,44.658325,,,,,,
1783537436.893,3748402.0,9377.953,44.661625,,,,,,
1783537436.893,3748407.0,9376.947,44.661915,,,,,,
1783537436.894,3748412.0,9377.45,44.657841,,,,,,
1783537436.895,3748417.0,9376.979,44.656582,,,,,,
1783537436.895,3748422.0,9377.146,44.656097,,,,,,
1783537436.896,3748427.0,9377.751,44.65435,,,,,,
1783537436.896,3748432.0,9377.717,44.654449,,,,,,
1783537436.897,3748437.0,9376.174,44.656292,,,,,,
1783537436.898,3748442.0,9375.202,44.653858,,,,,,
1783537436.898,3748447.0,9373.894,44.652401,,,,,,
1783537436.899,3748452.0,9373.425,44.651138,,,,,,
1783537436.899,3748457.0,9373.459,44.651039,,,,,,
1783537436.900,3748462.0,9375.269,44.64843,,,,,,
1783537436.900,3748467.0,9376.31,44.650661,,,,,,
1783537436.901,3748472.0,9378.456,44.652313,,,,,,
1783537436.902,3748477.0,9381.443,44.654156,,,,,,
1783537436.902,3748482.0,9383.794,44.655224,,,,,,
1783537436.903,3748487.0,9385.44,44.655701,,,,,,
1783537436.903,3748492.0,9388.532,44.654629,,,,,,
1783537436.904,3748497.0,9391.561,44.651119,,,,,,
1783537436.905,3748502.0,9393.311,44.651299,,,,,,
1783537436.906,3748507.0,9394.993,44.651676,,,,,,
1783537436.906,3748512.0,9397.553,44.6469,,,,,,
1783537436.907,3748517.0,9397.688,44.646511,,,,,,
1783537436.908,3748522.0,9397.385,44.650009,,,,,,
1783537436.908,3748527.0,9397.924,44.648445,,,,,,
1783537436.909,3748532.0,9398.596,44.646503,,,,,,
1783537436.909,3748537.0,9397.519,44.652237,,,,,,
1783537436.910,3748542.0,9398.395,44.652325,,,,,,
1783537436.911,3748547.0,9399.439,44.649307,,,,,,
1783537436.911,3748552.0,9399.607,44.648819,,,,,,
1783537436.912,3748557.0,9399.507,44.649113,,,,,,
1783537436.912,3748562.0,9399.877,44.648041,,,,,,
1783537436.913,3748567.0,9399.979,44.650372,,,,,,
1783537436.914,3748572.0,9399.642,44.653969,,,,,,
1783537436.914,3748577.0,9400.553,44.651333,,,,,,
1783537436.915,3748582.0,9401.462,44.648708,,,,,,
1783537436.915,3748587.0,9401.731,44.64793,,,,,,
1783537436.916,3748592.0,9402.507,44.645691,,,,,,
1783537436.917,3748597.0,9403.317,44.643345,,,,,,
1783537436.917,3748602.0,9402.845,44.647335,,,,,,
1783537436.918,3748607.0,9402.811,44.650051,,,,,,
1783537436.918,3748612.0,9404.362,44.648193,,,,,,
1783537436.919,3748617.0,9404.733,44.644501,,,,,,
1783537436.920,3748622.0,9404.329,44.643047,,,,,,
1783537436.920,3748627.0,9404.498,44.642559,,,,,,
1783537436.921,3748632.0,9404.161,44.643528,,,,,,
1783537436.921,3748637.0,9402.946,44.647041,,,,,,
1783537436.922,3748642.0,9402.474,44.651024,,,,,,
1783537436.923,3748647.0,9402.338,44.651421,,,,,,
1783537436.923,3748652.0,9402.035,44.649673,,,,,,
1783537436.924,3748657.0,9401.597,44.648319,,,,,,
1783537436.925,3748662.0,9400.99,44.647449,,,,,,
1783537436.925,3748667.0,9400.013,44.647648,,,,,,
1783537436.926,3748672.0,9399.271,44.647179,,,,,,
1783537436.926,3748677.0,9398.529,44.646702,,,,,,
1783537436.927,3748682.0,9397.687,44.649136,,,,,,
1783537436.928,3748687.0,9397.014,44.651073,,,,,,
1783537436.928,3748692.0,9396.475,44.650013,,,,,,
1783537436.929,3748697.0,9396.002,44.651382,,,,,,
1783537436.930,3748702.0,9395.026,44.654205,,,,,,
1783537436.930,3748707.0,9394.757,44.652359,,,,,,
1783537436.931,3748712.0,9394.521,44.650421,,,,,,
1783537436.932,3748717.0,9393.78,44.64994,,,,,,
1783537436.932,3748722.0,9393.073,44.649364,,,,,,
1783537436.933,3748727.0,9393.107,44.646645,,,,,,
1783537436.933,3748732.0,9392.434,44.645973,,,,,,
1783537436.934,3748737.0,9391.525,44.645977,,,,,,
1783537436.935,3748742.0,9391.458,44.646172,,,,,,
1783537436.935,3748747.0,9390.986,44.647537,,,,,,
1783537436.936,3748752.0,9390.18,44.649868,,,,,,
1783537436.936,3748757.0,9389.642,44.651421,,,,,,
1783537436.937,3748762.0,9390.448,44.646473,,,,,,
1783537436.938,3748767.0,9389.339,44.649681,,,,,,
1783537436.939,3748772.0,9388.869,44.648418,,,,,,
1783537436.939,3748777.0,9389.271,44.644634,,,,,,
1783537436.940,3748782.0,9388.902,44.643085,,,,,,
1783537436.941,3748787.0,9387.153,44.648136,,,,,,
1783537436.941,3748792.0,9387.389,44.644836,,,,,,
1783537436.942,3748797.0,9386.852,44.646389,,,,,,
1783537436.943,3748802.0,9385.003,44.649109,,,,,,
1783537436.943,3748807.0,9384.264,44.651245,,,,,,
1783537436.944,3748812.0,9384.869,44.649494,,,,,,
1783537436.944,3748817.0,9384.565,44.650372,,,,,,
1783537436.945,3748822.0,9384.331,44.651051,,,,,,
1783537436.946,3748827.0,9384.331,44.651051,,,,,,
1783537436.946,3748832.0,9384.297,44.648533,,,,,,
1783537436.947,3748837.0,9383.288,44.651447,,,,,,
1783537436.947,3748842.0,9382.584,44.65086,,,,,,
1783537436.948,3748847.0,9382.448,44.648632,,,,,,
1783537436.949,3748852.0,9382.784,44.647667,,,,,,
1783537436.949,3748857.0,9382.818,44.650185,,,,,,
1783537436.950,3748862.0,9383.356,44.646008,,,,,,
1783537436.950,3748867.0,9383.256,44.648918,,,,,,
1783537436.951,3748872.0,9382.751,44.653,,,,,,
1783537436.951,3748877.0,9382.886,44.652611,,,,,,
1783537436.952,3748882.0,9382.952,44.65242,,,,,,
1783537436.953,3748887.0,9381.375,44.659592,,,,,,
1783537436.953,3748892.0,9381.342,44.659687,,,,,,
1783537436.954,3748897.0,9381.174,44.657558,,,,,,
1783537436.954,3748902.0,9380.436,44.662308,,,,,,
1783537436.955,3748907.0,9379.864,44.66396,,,,,,
1783537436.956,3748912.0,9380.872,44.658428,,,,,,
1783537436.956,3748917.0,9380.973,44.655518,,,,,,
1783537436.957,3748922.0,9381.207,44.657459,,,,,,
1783537436.958,3748927.0,9381.711,44.656006,,,,,,
1783537436.959,3748932.0,9382.113,44.654842,,,,,,
1783537436.959,3748937.0,9381.308,44.659786,,,,,,
1783537436.960,3748942.0,9381.174,44.662796,,,,,,
1783537436.960,3748947.0,9381.778,44.663666,,,,,,
1783537436.961,3748952.0,9382.182,44.662498,,,,,,
1783537436.962,3748957.0,9382.416,44.661823,,,,,,
1783537436.962,3748962.0,9383.826,44.657753,,,,,,
1783537436.963,3748967.0,9384.263,44.659107,,,,,,
1783537436.963,3748972.0,9383.288,44.661919,,,,,,
1783537436.964,3748977.0,9382.752,44.663467,,,,,,
1783537436.965,3748982.0,9382.314,44.667358,,,,,,
1783537436.965,3748987.0,9381.139,44.675991,,,,,,
1783537436.966,3748992.0,9381.039,44.678902,,,,,,
1783537436.966,3748997.0,9381.644,44.677155,,,,,,
1783537436.967,3749002.0,9381.073,44.681423,,,,,,
1783537436.968,3749007.0,9380.401,44.683361,,,,,,
1783537436.968,3749012.0,9379.764,44.682587,,,,,,
1783537436.969,3749017.0,9378.422,44.683842,,,,,,
1783537436.969,3749022.0,9377.112,44.687626,,,,,,
1783537436.970,3749027.0,9375.872,44.691212,,,,,,
1783537436.970,3749032.0,9375.135,44.695961,,,,,,
1783537436.971,3749037.0,9373.593,44.703037,,,,,,
1783537436.972,3749042.0,9372.688,44.708275,,,,,,
1783537436.973,3749047.0,9371.649,44.71389,,,,,,
1783537436.974,3749052.0,9370.878,44.716118,,,,,,
1783537436.974,3749057.0,9369.771,44.716698,,,,,,
1783537436.975,3749062.0,9369.57,44.717278,,,,,,
1783537436.976,3749067.0,9368.198,44.721241,,,,,,
1783537436.976,3749072.0,9366.225,44.724327,,,,,,
1783537436.977,3749077.0,9364.619,44.728966,,,,,,
1783537436.977,3749082.0,9362.779,44.73428,,,,,,
1783537436.978,3749087.0,9359.904,44.739971,,,,,,
1783537436.979,3749092.0,9357.966,44.74295,,,,,,
1783537436.979,3749097.0,9357.131,44.747986,,,,,,
1783537436.980,3749102.0,9355.16,44.753677,,,,,,
1783537436.980,3749107.0,9353.258,44.759174,,,,,,
1783537436.981,3749112.0,9352.99,44.762569,,,,,,
1783537436.982,3749117.0,9351.557,44.769329,,,,,,
1783537436.982,3749122.0,9349.122,44.776367,,,,,,
1783537436.983,3749127.0,9347.722,44.783031,,,,,,
1783537436.983,3749132.0,9346.056,44.790466,,,,,,
1783537436.984,3749137.0,9342.825,44.799801,,,,,,
1783537436.984,3749142.0,9340.693,44.805962,,,,,,
1783537436.985,3749147.0,9339.029,44.810768,,,,,,
1783537436.986,3749152.0,9336.668,44.82021,,,,,,
1783537436.986,3749157.0,9334.539,44.828979,,,,,,
1783537436.987,3749162.0,9333.609,44.834286,,,,,,
1783537436.987,3749167.0,9331.782,44.842186,,,,,,
1783537436.988,3749172.0,9329.225,44.852196,,,,,,
1783537436.989,3749177.0,9327.135,44.860859,,,,,,
1783537436.990,3749182.0,9325.475,44.868279,,,,,,
1783537436.990,3749187.0,9322.028,44.880859,,,,,,
1783537436.991,3749192.0,9319.708,44.890182,,,,,,
1783537436.992,3749197.0,9318.117,44.900024,,,,,,
1783537436.992,3749202.0,9315.932,44.908962,,,,,,
1783537436.993,3749207.0,9313.184,44.922146,,,,,,
1783537436.993,3749212.0,9311.993,44.928204,,,,,,
1783537436.994,3749217.0,9309.811,44.939754,,,,,,
1783537436.995,3749222.0,9307.363,44.94944,,,,,,
1783537436.995,3749227.0,9306.107,44.955692,,,,,,
1783537436.996,3749232.0,9303.83,44.962273,,,,,,
1783537436.996,3749237.0,9300.397,44.974812,,,,,,
1783537436.997,3749242.0,9297.891,44.984676,,,,,,
1783537436.998,3749247.0,9296.144,44.992344,,,,,,
1783537436.998,3749252.0,9292.813,45.004589,,,,,,
1783537436.999,3749257.0,9290.442,45.014065,,,,,,
1783537436.999,3749262.0,9289.947,45.020737,,,,,,
1783537437.000,3749267.0,9287.678,45.029915,,,,,,
1783537437.001,3749272.0,9284.749,45.041,,,,,,
1783537437.001,3749277.0,9283.17,45.050804,,,,,,
1783537437.002,3749282.0,9281.791,45.060036,,,,,,
1783537437.002,3749287.0,9278.439,45.072338,,,,,,
1783537437.003,3749292.0,9276.863,45.079514,,,,,,
1783537437.003,3749297.0,9276.107,45.084324,,,,,,
1783537437.004,3749302.0,9274.498,45.091599,,,,,,
1783537437.005,3749307.0,9273.285,45.097733,,,,,,
1783537437.006,3749312.0,9273.187,45.100639,,,,,,
1783537437.006,3749317.0,9271.909,45.106956,,,,,,
1783537437.007,3749322.0,9269.712,45.118553,,,,,,
1783537437.008,3749327.0,9268.499,45.124683,,,,,,
1783537437.008,3749332.0,9266.991,45.13166,,,,,,
1783537437.009,3749337.0,9264.732,45.140812,,,,,,
1783537437.009,3749342.0,9263.618,45.146652,,,,,,
1783537437.010,3749347.0,9262.146,45.150906,,,,,,
1783537437.011,3749352.0,9260.74,45.154968,,,,,,
1783537437.011,3749357.0,9259.659,45.160717,,,,,,
1783537437.012,3749362.0,9260.149,45.159302,,,,,,
1783537437.012,3749367.0,9259.17,45.162132,,,,,,
1783537437.013,3749372.0,9258.777,45.163265,,,,,,
1783537437.014,3749377.0,9258.515,45.166649,,,,,,
1783537437.014,3749382.0,9257.567,45.169384,,,,,,
1783537437.015,3749387.0,9255.704,45.177395,,,,,,
1783537437.016,3749392.0,9255.737,45.179924,,,,,,
1783537437.016,3749397.0,9255.345,45.183681,,,,,,
1783537437.017,3749402.0,9254.757,45.185379,,,,,,
1783537437.018,3749407.0,9254.168,45.184456,,,,,,
1783537437.019,3749412.0,9254.625,45.180511,,,,,,
1783537437.019,3749417.0,9253.449,45.18391,,,,,,
1783537437.020,3749422.0,9252.862,45.18298,,,,,,
1783537437.020,3749427.0,9252.764,45.180641,,,,,,
1783537437.022,3749432.0,9252.601,45.181114,,,,,,
1783537437.023,3749437.0,9251.099,45.185452,,,,,,
1783537437.023,3749442.0,9251.196,45.182545,,,,,,
1783537437.024,3749447.0,9251.687,45.178509,,,,,,
1783537437.025,3749452.0,9251.229,45.179832,,,,,,
1783537437.025,3749457.0,9251.652,45.175983,,,,,,
1783537437.026,3749462.0,9253.58,45.167793,,,,,,
1783537437.027,3749467.0,9253.71,45.164787,,,,,,
1783537437.027,3749472.0,9254.069,45.163754,,,,,,
1783537437.028,3749477.0,9255.214,45.157822,,,,,,
1783537437.028,3749482.0,9255.803,45.15612,,,,,,
1783537437.029,3749487.0,9255.312,45.154915,,,,,,
1783537437.030,3749492.0,9256.586,45.151234,,,,,,
1783537437.030,3749497.0,9257.436,45.146152,,,,,,
1783537437.031,3749502.0,9257.468,45.143436,,,,,,
1783537437.032,3749507.0,9258.417,45.135452,,,,,,
1783537437.032,3749512.0,9260.642,45.129025,,,,,,
1783537437.033,3749517.0,9261.949,45.119995,,,,,,
1783537437.034,3749522.0,9263.488,45.115551,,,,,,
1783537437.034,3749527.0,9266.074,45.108074,,,,,,
1783537437.035,3749532.0,9267.777,45.103153,,,,,,
1783537437.035,3749537.0,9268.563,45.095638,,,,,,
1783537437.037,3749542.0,9270.662,45.086952,0.513123,140.722519,3749529.0,112.887123,,
1783537437.038,3749664.0,9285.021,45.027111,,,,,,
1783537437.039,3749669.0,9298.465,44.969917,,,,,,
1783537437.041,3749674.0,9313.198,44.908997,,,,,,
1783537437.042,3749679.0,9328.303,44.852245,,,,,,
1783537437.043,3749684.0,9342.557,44.795334,,,,,,
1783537437.044,3749689.0,9344.057,44.788383,,,,,,
1783537437.211,3749694.0,9347.221,44.776619,,,,,,
1783537437.212,3749699.0,9348.755,44.769566,,,,,,
1783537437.213,3749704.0,9349.822,44.763866,,,,,,
1783537437.214,3749709.0,9351.189,44.759914,,,,,,
1783537437.214,3749714.0,9352.724,44.752861,,,,,,
1783537437.215,3749719.0,9353.691,44.747448,,,,,,
1783537437.216,3749724.0,9355.16,44.743202,,,,,,
1783537437.217,3749729.0,9356.963,44.735374,,,,,,
1783537437.218,3749734.0,9358.065,44.726948,,,,,,
1783537437.220,3749739.0,9359.201,44.721046,,,,,,
1783537437.221,3749744.0,9358.935,44.716579,,,,,,
1783537437.223,3749749.0,9359.235,44.713097,,,,,,
1783537437.224,3749754.0,9358.834,44.709015,,,,,,
1783537437.225,3749759.0,9358.968,44.708626,,,,,,
1783537437.226,3749764.0,9359.47,44.704559,,,,,,
1783537437.227,3749769.0,9360.538,44.701473,,,,,,
1783537437.228,3749774.0,9361.676,44.695564,,,,,,
1783537437.229,3749779.0,9363.013,44.6917,,,,,,
1783537437.229,3749784.0,9363.682,44.684532,,,,,,
1783537437.230,3749789.0,9363.882,44.683952,,,,,,
1783537437.231,3749794.0,9364.417,44.682407,,,,,,
1783537437.232,3749799.0,9364.484,44.682209,,,,,,
1783537437.233,3749804.0,9364.416,44.679787,,,,,,
1783537437.233,3749809.0,9364.852,44.681149,,,,,,
1783537437.234,3749814.0,9366.257,44.67709,,,,,,
1783537437.235,3749819.0,9366.659,44.673306,,,,,,
1783537437.236,3749824.0,9366.859,44.670109,,,,,,
1783537437.236,3749829.0,9367.932,44.667011,,,,,,
1783537437.237,3749834.0,9368.869,44.661682,,,,,,
1783537437.238,3749839.0,9368.434,44.660324,,,,,,
1783537437.240,3749844.0,9368.869,44.659065,,,,,,
1783537437.240,3749849.0,9369.271,44.657906,,,,,,
1783537437.241,3749854.0,9368.734,44.659454,,,,,,
1783537437.242,3749859.0,9368.6,44.66246,,,,,,
1783537437.243,3749864.0,9368.834,44.661785,,,,,,
1783537437.243,3749869.0,9368.701,44.65955,,,,,,
1783537437.244,3749874.0,9368.332,44.660618,,,,,,
1783537437.245,3749879.0,9369.002,44.658684,,,,,,
1783537437.246,3749884.0,9368.734,44.656837,,,,,,
1783537437.246,3749889.0,9368.299,44.655476,,,,,,
1783537437.247,3749894.0,9368.433,44.657711,,,,,,
1783537437.610,3749899.0,9369.438,44.652187,,,,,,
1783537437.611,3749904.0,9368.936,44.653637,,,,,,
1783537437.613,3749909.0,9369.572,44.649181,,,,,,
1783537437.614,3749914.0,9370.878,44.648026,,,,,,
1783537437.615,3749919.0,9371.08,44.647438,,,,,,
1783537437.616,3749924.0,9370.543,44.651611,,,,,,
1783537437.617,3749929.0,9370.979,44.647732,,,,,,
1783537437.618,3749934.0,9370.375,44.649475,,,,,,
1783537437.619,3749939.0,9369.504,44.649376,,,,,,
1783537437.620,3749944.0,9369.404,44.647045,,,,,,
1783537437.621,3749949.0,9369.505,44.646755,,,,,,
1783537437.622,3749954.0,9368.635,44.649269,,,,,,
1783537437.623,3749959.0,9368.834,44.648693,,,,,,
1783537437.623,3749964.0,9369.706,44.648792,,,,,,
1783537437.624,3749969.0,9369.438,44.652187,,,,,,
1783537437.625,3749974.0,9369.505,44.651993,,,,,,
1783537437.626,3749979.0,9371.146,44.647247,,,,,,
1783537437.627,3749984.0,9372.084,44.644539,,,,,,
1783537437.628,3749989.0,9371.481,44.646278,,,,,,
1783537437.629,3749994.0,9372.521,44.643276,,,,,,
1783537437.630,3749999.0,9372.754,44.642605,,,,,,
1783537437.631,3750004.0,9371.917,44.64502,,,,,,
1783537437.632,3750009.0,9371.75,44.648125,,,,,,
1783537437.633,3750014.0,9372.218,44.646774,,,,,,
1783537437.634,3750019.0,9372.084,44.64716,,,,,,
1783537437.635,3750024.0,9372.452,44.646095,,,,,,
1783537437.635,3750029.0,9373.325,44.646191,,,,,,
1783537437.636,3750034.0,9372.787,44.647743,,,,,,
1783537437.637,3750039.0,9372.084,44.649776,,,,,,
1783537437.638,3750044.0,9371.749,44.650745,,,,,,
1783537437.640,3750049.0,9371.815,44.650551,,,,,,
1783537437.641,3750054.0,9370.543,44.651611,,,,,,
1783537437.642,3750059.0,9370.576,44.648895,,,,,,
1783537437.643,3750064.0,9371.213,44.64444,,,,,,
1783537437.645,3750069.0,9370.811,44.642982,,,,,,
1783537437.646,3750074.0,9369.974,44.642784,,,,,,
1783537437.646,3750079.0,9370.542,44.64114,,,,,,
1783537437.647,3750084.0,9370.408,44.641525,,,,,,
1783537437.648,3750089.0,9369.404,44.644428,,,,,,
1783537437.649,3750094.0,9368.868,44.645977,,,,,,
1783537437.650,3750099.0,9367.864,44.648876,,,,,,
1783537437.651,3750104.0,9365.891,44.654579,,,,,,
1783537437.652,3750109.0,9365.053,44.654385,,,,,,
1783537437.653,3750114.0,9364.852,44.652348,,,,,,
1783537437.654,3750119.0,9364.316,44.651279,,,,,,
1783537437.655,3750124.0,9364.752,44.650021,,,,,,
1783537437.656,3750129.0,9365.955,44.643929,,,,,,
1783537437.657,3750134.0,9365.822,44.646923,,,,,,
1783537437.658,3750139.0,9365.354,44.648281,,,,,,
1783537437.659,3750144.0,9365.421,44.648087,,,,,,
1783537437.660,3750149.0,9365.019,44.646633,,,,,,
1783537437.661,3750154.0,9364.249,44.651474,,,,,,
1783537437.662,3750159.0,9364.216,44.651566,,,,,,
1783537437.663,3750164.0,9365.221,44.648663,,,,,,
1783537437.664,3750169.0,9365.32,44.648376,,,,,,
1783537437.664,3750174.0,9366.19,44.648479,,,,,,
1783537437.665,3750179.0,9367.228,44.642868,,,,,,
1783537437.666,3750184.0,9367.729,44.641411,,,,,,
1783537437.667,3750189.0,9366.96,44.646252,,,,,,
1783537437.668,3750194.0,9367.161,44.648293,,,,,,
1783537437.670,3750199.0,9366.323,44.648094,,,,,,
1783537437.671,3750204.0,9365.654,44.652645,,,,,,
1783537437.672,3750209.0,9365.654,44.652645,,,,,,
1783537437.673,3750214.0,9366.257,44.650906,,,,,,
1783537437.674,3750219.0,9366.425,44.650421,,,,,,
1783537437.675,3750224.0,9366.927,44.651585,,,,,,
1783537437.676,3750229.0,9368.164,44.64801,,,,,,
1783537437.677,3750234.0,9368.332,44.647526,,,,,,
1783537437.678,3750239.0,9368.165,44.648006,,,,,,
1783537437.679,3750244.0,9368.6,44.646751,,,,,,
1783537437.680,3750249.0,9368.5,44.644424,,,,,,
1783537437.681,3750254.0,9367.596,44.644421,,,,,,
1783537437.682,3750259.0,9367.395,44.645,,,,,,
1783537437.684,3750264.0,9367.428,44.644901,,,,,,
1783537437.685,3750269.0,9366.994,44.646152,,,,,,
1783537437.686,3750274.0,9367.361,44.647713,,,,,,
1783537437.687,3750279.0,9367.696,44.649364,,,,,,
1783537437.688,3750284.0,9367.462,44.647423,,,,,,
1783537437.689,3750289.0,9366.959,44.646259,,,,,,
1783537437.690,3750294.0,9366.893,44.64645,,,,,,
1783537437.691,3750299.0,9366.391,44.6479,,,,,,
1783537437.692,3750304.0,9365.253,44.648567,,,,,,
1783537437.692,3750309.0,9365.019,44.64925,,,,,,
1783537437.693,3750314.0,9366.156,44.648579,,,,,,
1783537437.694,3750319.0,9366.257,44.648285,,,,,,
1783537437.695,3750324.0,9366.19,44.648476,,,,,,
1783537437.696,3750329.0,9367.663,44.646843,,,,,,
1783537437.696,3750334.0,9368.869,44.645973,,,,,,
1783537437.697,3750339.0,9369.003,44.648205,,,,,,
1783537437.698,3750344.0,9369.907,44.648212,,,,,,
1783537437.842,3750349.0,9370.51,44.649086,,,,,,
1783537437.843,3750354.0,9370.677,44.648605,,,,,,
1783537437.844,3750359.0,9370.744,44.651031,,,,,,
1783537437.845,3750364.0,9371.381,44.649193,,,,,,
1783537437.845,3750369.0,9371.381,44.649193,,,,,,
1783537437.847,3750374.0,9371.716,44.648224,,,,,,
1783537437.848,3750379.0,9372.688,44.648033,,,,,,
1783537437.848,3750384.0,9372.42,44.646187,,,,,,
1783537437.849,3750389.0,9371.247,44.646957,,,,,,
1783537437.850,3750394.0,9371.247,44.646957,,,,,,
1783537437.851,3750399.0,9370.912,44.645309,,,,,,
1783537437.852,3750404.0,9368.635,44.65189,,,,,,
1783537437.853,3750409.0,9368.434,44.655087,,,,,,
1783537437.854,3750414.0,9368.266,44.658192,,,,,,
1783537437.855,3750419.0,9367.563,44.657604,,,,,,
1783537437.856,3750424.0,9367.965,44.653824,,,,,,
1783537437.857,3750429.0,9369.069,44.648014,,,,,,
1783537437.858,3750434.0,9368.433,44.644619,,,,,,
1783537437.859,3750439.0,9367.896,44.640934,,,,,,
1783537437.860,3750444.0,9367.128,44.643154,,,,,,
1783537437.861,3750449.0,9365.654,44.650024,,,,,,
1783537437.862,3750454.0,9363.58,44.656021,,,,,,
1783537437.863,3750459.0,9363.112,44.657372,,,,,,
1783537437.864,3750464.0,9362.979,44.657761,,,,,,
1783537437.865,3750469.0,9362.443,44.656693,,,,,,
1783537437.866,3750474.0,9362.577,44.656303,,,,,,
1783537437.867,3750479.0,9364.116,44.649239,,,,,,
1783537437.868,3750484.0,9363.279,44.651657,,,,,,
1783537437.869,3750489.0,9362.945,44.652622,,,,,,
1783537437.870,3750494.0,9363.447,44.651173,,,,,,
1783537437.870,3750499.0,9363.213,44.649235,,,,,,
1783537437.871,3750504.0,9361.842,44.653194,,,,,,
1783537437.873,3750509.0,9362.377,44.651649,,,,,,
1783537437.874,3750514.0,9362.577,44.65107,,,,,,
1783537437.874,3750519.0,9361.741,44.653484,,,,,,
1783537438.110,3750524.0,9361.574,44.653969,,,,,,
1783537438.111,3750529.0,9362.209,44.652134,,,,,,
1783537438.113,3750534.0,9362.209,44.652134,,,,,,
1783537438.114,3750539.0,9361.976,44.652809,,,,,,
1783537438.115,3750544.0,9362.377,44.651649,,,,,,
1783537438.116,3750549.0,9362.846,44.650295,,,,,,
1783537438.117,3750554.0,9362.544,44.651165,,,,,,
1783537438.119,3750559.0,9362.678,44.65078,,,,,,
1783537438.120,3750564.0,9362.478,44.65136,,,,,,
1783537438.123,3750569.0,9362.311,44.65184,,,,,,
1783537438.124,3750574.0,9362.01,44.655327,,,,,,
1783537438.125,3750579.0,9362.745,44.655815,,,,,,
1783537438.127,3750584.0,9362.311,44.65707,,,,,,
1783537438.128,3750589.0,9362.043,44.660461,,,,,,
1783537438.129,3750594.0,9362.377,44.662117,,,,,,
1783537438.131,3750599.0,9361.976,44.660656,,,,,,
1783537438.132,3750604.0,9360.404,44.665195,,,,,,
1783537438.133,3750609.0,9360.204,44.665779,,,,,,
1783537438.134,3750614.0,9359.971,44.666451,,,,,,
1783537438.135,3750619.0,9359.636,44.667416,,,,,,
1783537438.137,3750624.0,9359.034,44.669155,,,,,,
1783537438.138,3750629.0,9359.67,44.664703,,,,,,
1783537438.139,3750634.0,9359.135,44.668869,,,,,,
1783537438.141,3750639.0,9358.6,44.667797,,,,,,
1783537438.142,3750644.0,9357.396,44.671268,,,,,,
1783537438.143,3750649.0,9356.963,44.67514,,,,,,
1783537438.143,3750654.0,9355.826,44.681046,,,,,,
1783537438.145,3750659.0,9355.66,44.681526,,,,,,
1783537438.146,3750664.0,9355.861,44.683559,,,,,,
1783537438.147,3750669.0,9355.594,44.684334,,,,,,
1783537438.148,3750674.0,9355.928,44.685986,,,,,,
1783537438.149,3750679.0,9356.429,44.68716,,,,,,
1783537438.150,3750684.0,9356.229,44.690353,,,,,,
1783537438.151,3750689.0,9355.594,44.694809,,,,,,
1783537438.152,3750694.0,9356.095,44.698593,,,,,,
1783537438.154,3750699.0,9355.894,44.701797,,,,,,
1783537438.155,3750704.0,9353.925,44.710106,,,,,,
1783537438.157,3750709.0,9353.426,44.714165,,,,,,
1783537438.157,3750714.0,9353.492,44.716595,,,,,,
1783537438.158,3750719.0,9352.624,44.719101,,,,,,
1783537438.159,3750724.0,9351.523,44.722282,,,,,,
1783537438.160,3750729.0,9352.123,44.720551,,,,,,
1783537438.161,3750734.0,9351.155,44.723347,,,,,,
1783537438.162,3750739.0,9349.521,44.728069,,,,,,
1783537438.163,3750744.0,9347.721,44.730652,,,,,,
1783537438.164,3750749.0,9345.955,44.735752,,,,,,
1783537438.164,3750754.0,9343.291,44.74345,,,,,,
1783537438.165,3750759.0,9342.225,44.746532,,,,,,
1783537438.166,3750764.0,9340.959,44.750187,,,,,,
1783537438.167,3750769.0,9340.193,44.752399,,,,,,
1783537438.168,3750774.0,9339.029,44.753143,,,,,,
1783537438.169,3750779.0,9339.162,44.752762,,,,,,
1783537438.169,3750784.0,9337.4,44.755234,,,,,,
1783537438.170,3750789.0,9335.637,44.76033,,,,,,
1783537438.172,3750794.0,9334.341,44.764076,,,,,,
1783537438.173,3750799.0,9332.878,44.768303,,,,,,
1783537438.174,3750804.0,9330.951,44.773869,,,,,,
1783537438.174,3750809.0,9329.922,44.776844,,,,,,
1783537438.175,3750814.0,9329.058,44.779343,,,,,,
1783537438.176,3750819.0,9327.465,44.78656,,,,,,
1783537438.323,3750824.0,9326.768,44.791195,,,,,,
1783537438.324,3750829.0,9326.271,44.792633,,,,,,
1783537438.325,3750834.0,9325.076,44.798702,,,,,,
1783537438.326,3750839.0,9323.75,44.805153,,,,,,
1783537438.326,3750844.0,9322.822,44.807835,,,,,,
1783537438.327,3750849.0,9321.529,44.811569,,,,,,
1783537438.328,3750854.0,9319.904,44.816265,,,,,,
1783537438.329,3750859.0,9319.109,44.818562,,,,,,
1783537438.331,3750864.0,9318.877,44.816616,,,,,,
1783537438.332,3750869.0,9317.784,44.819775,,,,,,
1783537438.333,3750874.0,9317.255,44.823921,,,,,,
1783537438.334,3750879.0,9317.586,44.825584,,,,,,
1783537438.335,3750884.0,9316.626,44.830975,,,,,,
1783537438.336,3750889.0,9315.433,44.83704,,,,,,
1783537438.337,3750894.0,9315.136,44.840519,,,,,,
1783537438.338,3750899.0,9314.242,44.843102,,,,,,
1783537438.339,3750904.0,9312.025,44.852123,,,,,,
1783537438.339,3750909.0,9311.297,44.85685,,,,,,
1783537438.340,3750914.0,9310.834,44.860809,,,,,,
1783537438.341,3750919.0,9309.775,44.866482,,,,,,
1783537438.342,3750924.0,9308.686,44.872253,,,,,,
1783537438.343,3750929.0,9308.949,44.86887,,,,,,
1783537438.344,3750934.0,9308.057,44.871449,,,,,,
1783537438.345,3750939.0,9306.537,44.87846,,,,,,
1783537438.346,3750944.0,9305.844,44.880466,,,,,,
1783537438.347,3750949.0,9304.951,44.883045,,,,,,
1783537438.348,3750954.0,9302.904,44.891582,,,,,,
1783537438.349,3750959.0,9302.012,44.894157,,,,,,
1783537438.350,3750964.0,9301.584,44.892773,,,,,,
1783537438.350,3750969.0,9300.461,44.896019,,,,,,
1783537438.351,3750974.0,9299.537,44.896069,,,,,,
1783537438.352,3750979.0,9299.735,44.892879,,,,,,
1783537438.353,3750984.0,9298.811,44.89555,,,,,,
1783537438.354,3750989.0,9297.393,44.899647,,,,,,
1783537438.355,3750994.0,9296.503,44.902218,,,,,,
1783537438.356,3750999.0,9296.338,44.905312,,,,,,
1783537438.591,3751004.0,9294.427,44.916073,,,,,,
1783537438.592,3751009.0,9294.196,44.919353,,,,,,
1783537438.593,3751014.0,9294.097,44.919643,,,,,,
1783537438.594,3751019.0,9293.734,44.920696,,,,,,
1783537438.594,3751024.0,9293.24,44.92474,,,,,,
1783537438.595,3751029.0,9295.151,44.91922,,,,,,
1783537438.596,3751034.0,9295.383,44.918545,,,,,,
1783537438.596,3751039.0,9295.877,44.919743,,,,,,
1783537438.597,3751044.0,9297.525,44.917595,,,,,,
1783537438.598,3751049.0,9298.251,44.915501,,,,,,
1783537438.599,3751054.0,9297.261,44.918362,,,,,,
1783537438.599,3751059.0,9297.921,44.916454,,,,,,
1783537438.600,3751064.0,9299.043,44.913212,,,,,,
1783537438.601,3751069.0,9298.713,44.914165,,,,,,
1783537438.601,3751074.0,9299.01,44.91069,,,,,,
1783537438.602,3751079.0,9300.526,44.903687,,,,,,
1783537438.603,3751084.0,9300.263,44.904449,,,,,,
1783537438.603,3751089.0,9299.438,44.904209,,,,,,
1783537438.604,3751094.0,9299.57,44.901211,,,,,,
1783537438.604,3751099.0,9299.505,44.904022,,,,,,
1783537438.605,3751104.0,9298.613,44.906593,,,,,,
1783537438.606,3751109.0,9299.01,44.902828,,,,,,
1783537438.606,3751114.0,9299.933,44.900169,,,,,,
1783537438.607,3751119.0,9299.933,44.900166,,,,,,
1783537438.607,3751124.0,9299.669,44.895687,,,,,,
1783537438.608,3751129.0,9300.527,44.890591,,,,,,
1783537438.609,3751134.0,9300.626,44.887684,,,,,,
1783537438.609,3751139.0,9300.659,44.884972,,,,,,
1783537438.610,3751144.0,9301.055,44.881207,,,,,,
1783537438.611,3751149.0,9301.847,44.878918,,,,,,
1783537438.611,3751154.0,9301.253,44.880634,,,,,,
1783537438.724,3751159.0,9301.484,44.877346,0.253508,144.96933,3751155.0,55.771732,,
1783537438.725,3751281.0,9307.245,44.85284,,,,,,
1783537438.726,3751286.0,9312.873,44.828724,,,,,,
1783537438.726,3751291.0,9319.064,44.802979,,,,,,
1783537438.727,3751296.0,9326.518,44.77359,,,,,,
1783537438.728,3751301.0,9332.911,44.749878,,,,,,
1783537438.728,3751306.0,9333.377,44.745914,,,,,,
1783537438.729,3751311.0,9334.24,44.740803,,,,,,
1783537438.730,3751316.0,9334.739,44.736744,,,,,,
1783537438.730,3751321.0,9334.207,44.735664,,,,,,
1783537438.731,3751326.0,9334.706,44.728985,,,,,,
1783537438.732,3751331.0,9335.504,44.724068,,,,,,
1783537438.732,3751336.0,9336.303,44.719143,,,,,,
1783537438.733,3751341.0,9336.867,44.714897,,,,,,
1783537438.733,3751346.0,9338.497,44.704948,,,,,,
1783537438.734,3751351.0,9339.329,44.702545,,,,,,
1783537438.735,3751356.0,9339.894,44.700916,,,,,,
1783537438.735,3751361.0,9340.76,44.698414,,,,,,
1783537438.736,3751366.0,9342.091,44.694569,,,,,,
1783537438.738,3751371.0,9341.991,44.697475,,,,,,
1783537438.739,3751376.0,9343.256,44.6912,,,,,,
1783537438.739,3751381.0,9344.389,44.687927,,,,,,
1783537438.740,3751386.0,9345.287,44.685329,,,,,,
1783537438.976,3751391.0,9346.154,44.682827,,,,,,
1783537438.977,3751396.0,9347.587,44.678688,,,,,,
1783537438.978,3751401.0,9347.521,44.681496,,,,,,
1783537438.979,3751406.0,9347.92,44.680344,,,,,,
1783537438.981,3751411.0,9348.654,44.678223,,,,,,
1783537438.983,3751416.0,9348.82,44.675121,,,,,,
1783537438.985,3751421.0,9348.721,44.675407,,,,,,
1783537438.986,3751426.0,9349.287,44.673771,,,,,,
1783537438.987,3751431.0,9349.921,44.669327,,,,,,
1783537438.988,3751436.0,9349.92,44.669331,,,,,,
1783537438.989,3751441.0,9349.987,44.669136,,,,,,
1783537438.990,3751446.0,9350.421,44.665264,,,,,,
1783537438.991,3751451.0,9350.154,44.663418,,,,,,
1783537438.992,3751456.0,9349.554,44.665154,,,,,,
1783537438.992,3751461.0,9349.054,44.663982,,,,,,
1783537438.993,3751466.0,9348.954,44.664268,,,,,,
1783537438.994,3751471.0,9347.987,44.667065,,,,,,
1783537438.995,3751476.0,9348.287,44.666199,,,,,,
1783537438.996,3751481.0,9348.454,44.663101,,,,,,
1783537438.996,3751486.0,9348.821,44.662041,,,,,,
1783537438.997,3751491.0,9349.021,44.661465,,,,,,
1783537438.998,3751496.0,9349.787,44.656628,,,,,,
1783537438.999,3751501.0,9349.388,44.655167,,,,,,
1783537438.999,3751506.0,9349.32,44.655365,,,,,,
1783537439.000,3751511.0,9349.021,44.656223,,,,,,
1783537439.001,3751516.0,9349.087,44.653416,,,,,,
1783537439.002,3751521.0,9348.787,44.656902,,,,,,
1783537439.002,3751526.0,9349.287,44.655457,,,,,,
1783537439.003,3751531.0,9349.888,44.653721,,,,,,
1783537439.004,3751536.0,9349.921,44.653625,,,,,,
1783537439.005,3751541.0,9350.154,44.655567,,,,,,
1783537439.006,3751546.0,9351.021,44.650444,,,,,,
1783537439.006,3751551.0,9350.788,44.651119,,,,,,
1783537439.008,3751556.0,9350.255,44.655277,,,,,,
1783537439.009,3751561.0,9350.889,44.653446,,,,,,
1783537439.009,3751566.0,9350.654,44.651508,,,,,,
1783537439.010,3751571.0,9349.554,44.654686,,,,,,
1783537439.011,3751576.0,9350.021,44.655952,,,,,,
1783537439.012,3751581.0,9350.321,44.65247,,,,,,
1783537439.013,3751586.0,9350.121,44.650425,,,,,,
1783537439.013,3751591.0,9350.422,44.649563,,,,,,
1783537439.014,3751596.0,9351.721,44.645805,,,,,,
1783537439.015,3751601.0,9351.355,44.646858,,,,,,
1783537439.016,3751606.0,9351.422,44.646664,,,,,,
1783537439.017,3751611.0,9351.488,44.646473,,,,,,
1783537439.017,3751616.0,9351.088,44.650253,,,,,,
1783537439.018,3751621.0,9350.154,44.65295,,,,,,
1783537439.019,3751626.0,9350.088,44.653145,,,,,,
1783537439.020,3751631.0,9350.421,44.654797,,,,,,
1783537439.021,3751636.0,9350.854,44.656162,,,,,,
1783537439.022,3751641.0,9351.456,44.654423,,,,,,
1783537439.023,3751646.0,9352.122,44.655117,,,,,,
1783537439.024,3751651.0,9352.022,44.65279,,,,,,
1783537439.025,3751656.0,9351.922,44.650459,,,,,,
1783537439.026,3751661.0,9351.389,44.649387,,,,,,
1783537439.026,3751666.0,9350.654,44.648891,,,,,,
1783537439.027,3751671.0,9350.088,44.650524,,,,,,
1783537439.181,3751676.0,9349.788,44.65139,,,,,,
1783537439.182,3751681.0,9349.588,44.651966,,,,,,
1783537439.183,3751686.0,9349.119,44.650711,,,,,,
1783537439.184,3751691.0,9348.986,44.648476,,,,,,
1783537439.185,3751696.0,9349.221,44.645184,,,,,,
1783537439.186,3751701.0,9349.354,44.644798,,,,,,
1783537439.186,3751706.0,9348.854,44.646244,,,,,,
1783537439.187,3751711.0,9349.253,44.647701,,,,,,
1783537439.188,3751716.0,9349.52,44.649548,,,,,,
1783537439.189,3751721.0,9349.188,44.650513,,,,,,
1783537439.190,3751726.0,9350.487,44.646751,,,,,,
1783537439.191,3751731.0,9351.188,44.644726,,,,,,
1783537439.192,3751736.0,9351.788,44.645607,,,,,,
1783537439.193,3751741.0,9352.423,44.643772,,,,,,
1783537439.194,3751746.0,9352.955,44.642235,,,,,,
1783537439.195,3751751.0,9352.322,44.646683,,,,,,
1783537439.196,3751756.0,9352.089,44.649979,,,,,,
1783537439.197,3751761.0,9351.889,44.650555,,,,,,
1783537439.198,3751766.0,9351.856,44.65065,,,,,,
1783537439.199,3751771.0,9351.189,44.652576,,,,,,
1783537439.200,3751776.0,9351.256,44.649773,,,,,,
1783537439.201,3751781.0,9351.722,44.645802,,,,,,
1783537439.202,3751786.0,9350.221,44.647522,,,,,,
1783537439.203,3751791.0,9349.487,44.647026,,,,,,
1783537439.205,3751796.0,9350.154,44.642487,,,,,,
1783537439.206,3751801.0,9349.454,44.644508,,,,,,
1783537439.207,3751806.0,9348.387,44.647591,,,,,,
1783537439.208,3751811.0,9348.954,44.645954,,,,,,
1783537439.209,3751816.0,9348.486,44.647305,,,,,,
1783537439.210,3751821.0,9347.287,44.653385,,,,,,
1783537439.211,3751826.0,9347.188,44.653675,,,,,,
1783537439.212,3751831.0,9346.953,44.654346,,,,,,
1783537439.212,3751836.0,9346.887,44.654541,,,,,,
1783537439.213,3751841.0,9346.954,44.656963,,,,,,
1783537439.214,3751846.0,9347.787,44.654556,,,,,,
1783537439.215,3751851.0,9348.42,44.652725,,,,,,
1783537439.216,3751856.0,9348.754,44.65176,,,,,,
1783537439.217,3751861.0,9349.32,44.650127,,,,,,
1783537439.458,3751866.0,9348.953,44.651184,,,,,,
1783537439.459,3751871.0,9347.921,44.654171,,,,,,
1783537439.460,3751876.0,9347.82,44.654461,,,,,,
1783537439.461,3751881.0,9347.854,44.654366,,,,,,
1783537439.463,3751886.0,9347.086,44.653965,,,,,,
1783537439.464,3751891.0,9347.887,44.651649,,,,,,
1783537439.465,3751896.0,9349.02,44.648376,,,,,,
1783537439.466,3751901.0,9348.052,44.64856,,,,,,
1783537439.467,3751906.0,9348.087,44.64846,,,,,,
1783537439.467,3751911.0,9348.753,44.649147,,,,,,
1783537439.468,3751916.0,9348.187,44.650784,,,,,,
1783537439.469,3751921.0,9347.354,44.653194,,,,,,
1783537439.470,3751926.0,9348.187,44.650784,,,,,,
1783537439.471,3751931.0,9348.687,44.649338,,,,,,
1783537439.472,3751936.0,9348.22,44.650688,,,,,,
1783537439.473,3751941.0,9348.553,44.649727,,,,,,
1783537439.474,3751946.0,9349.553,44.646835,,,,,,
1783537439.475,3751951.0,9349.588,44.649353,,,,,,
1783537439.476,3751956.0,9349.287,44.650223,,,,,,
1783537439.476,3751961.0,9350.221,44.647522,,,,,,
1783537439.477,3751966.0,9350.854,44.645695,,,,,,
1783537439.478,3751971.0,9349.921,44.648388,,,,,,
1783537439.479,3751976.0,9349.82,44.648682,,,,,,
1783537439.480,3751981.0,9349.92,44.648392,,,,,,
1783537439.480,3751986.0,9349.287,44.650223,,,,,,
1783537439.481,3751991.0,9348.986,44.651089,,,,,,
1783537439.482,3751996.0,9350.354,44.647141,,,,,,
1783537439.483,3752001.0,9350.654,44.646271,,,,,,
1783537439.483,3752006.0,9350.687,44.646175,,,,,,
1783537439.484,3752011.0,9351.154,44.644825,,,,,,
1783537439.485,3752016.0,9351.055,44.645115,,,,,,
1783537439.486,3752021.0,9349.621,44.649258,,,,,,
1783537439.486,3752026.0,9349.555,44.649452,,,,,,
1783537439.488,3752031.0,9349.887,44.648487,,,,,,
1783537439.489,3752036.0,9348.986,44.651089,,,,,,
1783537439.489,3752041.0,9348.853,44.648861,,,,,,
1783537439.490,3752046.0,9349.653,44.646545,,,,,,
1783537439.491,3752051.0,9348.987,44.648472,,,,,,
1783537439.492,3752056.0,9348.753,44.649147,,,,,,
1783537439.492,3752061.0,9349.22,44.647797,,,,,,
1783537439.494,3752066.0,9349.553,44.649452,,,,,,
1783537439.495,3752071.0,9349.387,44.649933,,,,,,
1783537439.496,3752076.0,9350.454,44.646847,,,,,,
1783537439.496,3752081.0,9351.355,44.646858,,,,,,
1783537439.497,3752086.0,9351.855,44.648037,,,,,,
1783537439.497,3752091.0,9352.49,44.648815,,,,,,
1783537439.498,3752096.0,9353.324,44.646408,,,,,,
1783537439.499,3752101.0,9352.689,44.648243,,,,,,
1783537439.499,3752106.0,9351.055,44.650352,,,,,,
1783537439.500,3752111.0,9350.389,44.649658,,,,,,
1783537439.500,3752116.0,9349.221,44.650414,,,,,,
1783537439.501,3752121.0,9347.32,44.655907,,,,,,
1783537439.502,3752126.0,9346.754,44.654926,,,,,,
1783537439.502,3752131.0,9346.953,44.654346,,,,,,
1783537439.503,3752136.0,9346.42,44.655891,,,,,,
1783537439.503,3752141.0,9346.154,44.654045,,,,,,
1783537439.504,3752146.0,9346.453,44.647945,,,,,,
1783537439.505,3752151.0,9346.153,44.648811,,,,,,
1783537439.651,3752156.0,9345.087,44.649277,,,,,,
1783537439.652,3752161.0,9344.954,44.647049,,,,,,
1783537439.654,3752166.0,9344.354,44.648785,,,,,,
1783537439.656,3752171.0,9343.488,44.6539,,,,,,
1783537439.657,3752176.0,9343.122,44.652336,,,,,,
1783537439.658,3752181.0,9343.888,44.647511,,,,,,
1783537439.659,3752186.0,9343.455,44.648762,,,,,,
1783537439.660,3752191.0,9343.288,44.649246,,,,,,
1783537439.661,3752196.0,9344.255,44.646454,,,,,,
1783537439.663,3752201.0,9344.287,44.648975,,,,,,
1783537439.664,3752206.0,9343.455,44.653996,,,,,,
1783537439.666,3752211.0,9343.755,44.65313,,,,,,
1783537439.667,3752216.0,9344.088,44.649548,,,,,,
1783537439.668,3752221.0,9342.922,44.652916,,,,,,
1783537439.670,3752226.0,9343.422,44.65147,,,,,,
1783537439.671,3752231.0,9343.821,44.647705,,,,,,
1783537439.672,3752236.0,9343.922,44.650028,,,,,,
1783537439.673,3752241.0,9343.855,44.652836,,,,,,
1783537439.674,3752246.0,9344.821,44.650047,,,,,,
1783537439.675,3752251.0,9344.488,44.653622,,,,,,
1783537439.676,3752256.0,9343.889,44.660591,,,,,,
1783537439.676,3752261.0,9343.922,44.660496,,,,,,
1783537439.677,3752266.0,9343.655,44.661266,,,,,,
1783537439.678,3752271.0,9342.689,44.664059,,,,,,
1783537439.679,3752276.0,9342.49,44.664635,,,,,,
1783537439.680,3752281.0,9343.422,44.659321,,,,,,
1783537439.681,3752286.0,9343.123,44.660187,,,,,,
1783537439.682,3752291.0,9343.789,44.658264,,,,,,
1783537439.683,3752296.0,9345.021,44.657318,,,,,,
1783537439.684,3752301.0,9344.955,44.657513,,,,,,
1783537439.684,3752306.0,9343.923,44.663109,,,,,,
1783537439.685,3752311.0,9344.155,44.662434,,,,,,
1783537439.686,3752316.0,9343.49,44.666973,,,,,,
1783537439.688,3752321.0,9342.158,44.668205,,,,,,
1783537439.689,3752326.0,9341.592,44.667229,,,,,,
1783537439.690,3752331.0,9340.859,44.669346,,,,,,
1783537439.691,3752336.0,9340.028,44.671749,,,,,,
1783537439.959,3752341.0,9339.461,44.673386,,,,,,
1783537439.961,3752346.0,9339.828,44.674938,,,,,,
1783537439.962,3752351.0,9339.994,44.677074,,,,,,
1783537439.963,3752356.0,9340.26,44.676308,,,,,,
1783537439.964,3752361.0,9339.993,44.674461,,,,,,
1783537439.965,3752366.0,9339.229,44.674057,,,,,,
1783537439.966,3752371.0,9337.632,44.678673,,,,,,
1783537439.967,3752376.0,9336.866,44.680885,,,,,,
1783537439.968,3752381.0,9336.268,44.679996,,,,,,
1783537439.969,3752386.0,9335.902,44.681053,,,,,,
1783537439.970,3752391.0,9335.736,44.681534,,,,,,
1783537439.971,3752396.0,9336.767,44.678555,,,,,,
1783537439.972,3752401.0,9335.936,44.678341,,,,,,
1783537439.973,3752406.0,9335.006,44.681026,,,,,,
1783537439.975,3752411.0,9334.307,44.685665,,,,,,
1783537439.977,3752416.0,9334.573,44.687511,,,,,,
1783537439.978,3752421.0,9333.51,44.690582,,,,,,
1783537439.980,3752426.0,9333.476,44.693295,,,,,,
1783537439.981,3752431.0,9334.839,44.691971,,,,,,
1783537439.982,3752436.0,9335.271,44.693336,,,,,,
1783537439.983,3752441.0,9334.938,44.694298,,,,,,
1783537439.984,3752446.0,9335.77,44.691895,,,,,,
1783537439.985,3752451.0,9336.302,44.692978,,,,,,
1783537439.986,3752456.0,9334.939,44.696915,,,,,,
1783537439.986,3752461.0,9334.54,44.69545,,,,,,
1783537439.987,3752466.0,9334.439,44.695744,,,,,,
1783537439.989,3752471.0,9332.679,44.700832,,,,,,
1783537439.990,3752476.0,9331.781,44.700809,,,,,,
1783537439.991,3752481.0,9332.779,44.697926,,,,,,
1783537439.992,3752486.0,9332.646,44.698311,,,,,,
1783537439.993,3752491.0,9331.683,44.701092,,,,,,
1783537439.994,3752496.0,9332.279,44.699368,,,,,,
1783537439.994,3752501.0,9332.346,44.699177,,,,,,
1783537439.995,3752506.0,9330.885,44.7034,,,,,,
1783537439.996,3752511.0,9329.987,44.708603,,,,,,
1783537439.997,3752516.0,9330.088,44.708313,,,,,,
1783537439.998,3752521.0,9328.494,44.712917,,,,,,
1783537439.999,3752526.0,9327.997,44.714359,,,,,,
1783537439.999,3752531.0,9328.329,44.716015,,,,,,
1783537440.000,3752536.0,9328.428,44.713112,,,,,,
1783537440.001,3752541.0,9328.328,44.713398,,,,,,
1783537440.002,3752546.0,9329.955,44.708702,,,,,,
1783537440.002,3752551.0,9330.486,44.709782,,,,,,
1783537440.005,3752556.0,9329.523,44.712566,,,,,,
1783537440.006,3752561.0,9329.59,44.712372,,,,,,
1783537440.007,3752566.0,9329.291,44.715855,,,,,,
1783537440.009,3752571.0,9327.996,44.719597,,,,,,
1783537440.010,3752576.0,9327.332,44.721516,,,,,,
1783537440.011,3752581.0,9328.494,44.715538,,,,,,
1783537440.012,3752586.0,9328.262,44.718826,,,,,,
1783537440.013,3752591.0,9328.594,44.717869,,,,,,
1783537440.014,3752596.0,9329.922,44.716648,,,,,,
1783537440.016,3752601.0,9329.988,44.719074,,,,,,
1783537440.017,3752606.0,9329.059,44.72438,,,,,,
1783537440.018,3752611.0,9329.357,44.723515,,,,,,
1783537440.019,3752616.0,9328.992,44.724567,,,,,,
1783537440.020,3752621.0,9328.129,44.727062,,,,,,
1783537440.021,3752626.0,9328.561,44.723198,,,,,,
1783537440.022,3752631.0,9329.456,44.720612,,,,,,
1783537440.024,3752636.0,9329.424,44.720703,,,,,,
1783537440.025,3752641.0,9329.821,44.719555,,,,,,
1783537440.026,3752646.0,9330.784,44.716774,,,,,,
1783537440.027,3752651.0,9330.752,44.716866,,,,,,
1783537440.028,3752656.0,9330.452,44.717731,,,,,,
1783537440.029,3752661.0,9330.719,44.716961,,,,,,
1783537440.030,3752666.0,9330.918,44.716385,,,,,,
1783537440.031,3752671.0,9330.154,44.721214,,,,,,
1783537440.032,3752676.0,9330.686,44.719677,,,,,,
1783537440.182,3752681.0,9331.683,44.71941,,,,,,
1783537440.183,3752686.0,9332.081,44.720875,,,,,,
1783537440.184,3752691.0,9332.546,44.722149,,,,,,
1783537440.185,3752696.0,9334.041,44.715214,,,,,,
1783537440.186,3752701.0,9334.107,44.717632,,,,,,
1783537440.187,3752706.0,9333.842,44.721024,,,,,,
1783537440.188,3752711.0,9334.007,44.720547,,,,,,
1783537440.189,3752716.0,9334.073,44.720352,,,,,,
1783537440.189,3752721.0,9333.11,44.72575,,,,,,
1783537440.191,3752726.0,9332.811,44.72662,,,,,,
1783537440.192,3752731.0,9332.646,44.72448,,,,,,
1783537440.193,3752736.0,9332.712,44.724289,,,,,,
1783537440.194,3752741.0,9332.811,44.724003,,,,,,
1783537440.195,3752746.0,9333.342,44.719845,,,,,,
1783537440.196,3752751.0,9333.643,44.718979,,,,,,
1783537440.197,3752756.0,9334.041,44.715214,,,,,,
1783537440.198,3752761.0,9333.975,44.715405,,,,,,
1783537440.459,3752766.0,9334.24,44.712021,0.065463,139.159943,3752762.25,14.401865,,
1783537440.461,3752888.0,9332.248,44.71516,,,,,,
1783537440.462,3752893.0,9331.385,44.712421,,,,,,
1783537440.462,3752898.0,9330.454,44.709881,,,,,,
1783537440.463,3752903.0,9329.192,44.708294,,,,,,
1783537440.464,3752908.0,9328.029,44.706421,,,,,,
1783537440.465,3752913.0,9329.689,44.699005,,,,,,
1783537440.466,3752918.0,9330.188,44.69495,,,,,,
1783537440.467,3752923.0,9329.789,44.698719,,,,,,
1783537440.468,3752928.0,9330.818,44.693127,,,,,,
1783537440.469,3752933.0,9331.084,44.69236,,,,,,
1783537440.470,3752938.0,9330.255,44.694756,,,,,,
1783537440.472,3752943.0,9330.42,44.694279,,,,,,
1783537440.473,3752948.0,9331.283,44.689171,,,,,,
1783537440.474,3752953.0,9331.117,44.689651,,,,,,
1783537440.475,3752958.0,9331.183,44.689461,,,,,,
1783537440.476,3752963.0,9332.379,44.686005,,,,,,
1783537440.476,3752968.0,9332.943,44.684372,,,,,,
1783537440.477,3752973.0,9333.842,44.681778,,,,,,
1783537440.478,3752978.0,9335.038,44.678322,,,,,,
1783537440.478,3752983.0,9336.002,44.675533,,,,,,
1783537440.479,3752988.0,9336.5,44.674095,,,,,,
1783537440.480,3752993.0,9336.7,44.673519,,,,,,
1783537440.481,3752998.0,9337.033,44.675167,,,,,,
1783537440.481,3753003.0,9337.1,44.674976,,,,,,
1783537440.482,3753008.0,9338.163,44.674519,,,,,,
1783537440.483,3753013.0,9339.861,44.67223,,,,,,
1783537440.483,3753018.0,9340.826,44.669441,,,,,,
1783537440.485,3753023.0,9341.393,44.665188,,,,,,
1783537440.486,3753028.0,9342.891,44.660858,,,,,,
1783537440.487,3753033.0,9343.088,44.660286,,,,,,
1783537440.487,3753038.0,9342.322,44.659882,,,,,,
1783537440.488,3753043.0,9343.09,44.660286,,,,,,
1783537440.489,3753048.0,9344.256,44.659531,,,,,,
1783537440.489,3753053.0,9343.822,44.660786,,,,,,
1783537440.490,3753058.0,9344.123,44.659916,,,,,,
1783537440.491,3753063.0,9345.521,44.658489,,,,,,
1783537440.491,3753068.0,9345.188,44.656837,,,,,,
1783537440.492,3753073.0,9344.488,44.656239,,,,,,
1783537440.493,3753078.0,9345.188,44.654221,,,,,,
1783537440.493,3753083.0,9345.087,44.651894,,,,,,
1783537440.494,3753088.0,9343.788,44.653034,,,,,,
1783537440.494,3753093.0,9343.622,44.656128,,,,,,
1783537440.495,3753098.0,9344.154,44.654587,,,,,,
1783537440.496,3753103.0,9343.155,44.657475,,,,,,
1783537440.496,3753108.0,9342.89,44.658241,,,,,,
1783537440.497,3753113.0,9343.155,44.654858,,,,,,
1783537440.497,3753118.0,9343.022,44.650013,,,,,,
1783537440.498,3753123.0,9341.856,44.650761,,,,,,
1783537440.499,3753128.0,9341.856,44.648148,,,,,,
1783537440.500,3753133.0,9341.424,44.646782,,,,,,
1783537440.501,3753138.0,9340.293,44.650047,,,,,,
1783537440.503,3753143.0,9339.76,44.651588,,,,,,
1783537440.504,3753148.0,9339.127,44.650806,,,,,,
1783537440.663,3753153.0,9338.029,44.651363,,,,,,
1783537440.665,3753158.0,9337.63,44.649902,,,,,,
1783537440.666,3753163.0,9337.663,44.64719,,,,,,
1783537440.668,3753168.0,9337.098,44.64621,,,,,,
1783537440.669,3753173.0,9337.064,44.646305,,,,,,
1783537440.670,3753178.0,9337.464,44.647766,,,,,,
1783537440.671,3753183.0,9336.933,44.651913,,,,,,
1783537440.673,3753188.0,9336.233,44.653934,,,,,,
1783537440.674,3753193.0,9336.367,44.653549,,,,,,
1783537440.675,3753198.0,9337.032,44.651627,,,,,,
1783537440.676,3753203.0,9336.899,44.652012,,,,,,
1783537440.677,3753208.0,9337.465,44.650375,,,,,,
1783537440.678,3753213.0,9338.496,44.650009,,,,,,
1783537440.679,3753218.0,9339.095,44.648285,,,,,,
1783537440.679,3753223.0,9338.429,44.652821,,,,,,
1783537440.680,3753228.0,9338.795,44.651764,,,,,,
1783537440.681,3753233.0,9339.095,44.650898,,,,,,
1783537440.682,3753238.0,9338.994,44.651188,,,,,,
1783537440.682,3753243.0,9339.127,44.653419,,,,,,
1783537440.683,3753248.0,9339.86,44.651299,,,,,,
1783537440.684,3753253.0,9339.526,44.649651,,,,,,
1783537440.685,3753258.0,9339.427,44.647324,,,,,,
1783537440.685,3753263.0,9339.692,44.646557,,,,,,
1783537440.686,3753268.0,9338.994,44.648571,,,,,,
1783537440.687,3753273.0,9338.229,44.65078,,,,,,
1783537440.688,3753278.0,9338.694,44.652054,,,,,,
1783537440.689,3753283.0,9338.496,44.655239,,,,,,
1783537440.690,3753288.0,9337.364,44.658512,,,,,,
1783537440.690,3753293.0,9337.697,44.654938,,,,,,
1783537440.691,3753298.0,9337.864,44.65184,,,,,,
1783537440.692,3753303.0,9337.564,44.650089,,,,,,
1783537440.693,3753308.0,9337.431,44.647865,,,,,,
1783537440.693,3753313.0,9338.763,44.641399,,,,,,
1783537440.694,3753318.0,9337.897,44.643898,,,,,,
1783537440.695,3753323.0,9337.033,44.646397,,,,,,
1783537440.696,3753328.0,9336.733,44.644646,,,,,,
1783537440.696,3753333.0,9336.367,44.645702,,,,,,
1783537440.697,3753338.0,9334.106,44.652237,,,,,,
1783537440.698,3753343.0,9333.74,44.653297,,,,,,
1783537440.975,3753348.0,9333.841,44.650394,,,,,,
1783537440.976,3753353.0,9333.176,44.652313,,,,,,
1783537440.977,3753358.0,9332.512,44.654236,,,,,,
1783537440.978,3753363.0,9333.84,44.647778,,,,,,
1783537440.979,3753368.0,9334.206,44.646717,,,,,,
1783537440.979,3753373.0,9333.642,44.648357,,,,,,
1783537440.980,3753378.0,9333.608,44.648449,,,,,,
1783537440.981,3753383.0,9333.642,44.648357,,,,,,
1783537440.982,3753388.0,9332.544,44.651524,,,,,,
1783537440.983,3753393.0,9331.913,44.65073,,,,,,
1783537440.983,3753398.0,9332.478,44.649105,,,,,,
1783537440.984,3753403.0,9332.146,44.650063,,,,,,
1783537440.985,3753408.0,9332.444,44.649197,,,,,,
1783537440.986,3753413.0,9333.208,44.649601,,,,,,
1783537440.987,3753418.0,9332.844,44.650654,,,,,,
1783537440.988,3753423.0,9332.512,44.651623,,,,,,
1783537440.989,3753428.0,9333.044,44.652695,,,,,,
1783537440.991,3753433.0,9332.678,44.651138,,,,,,
1783537440.992,3753438.0,9331.415,44.652168,,,,,,
1783537440.993,3753443.0,9331.449,44.652077,,,,,,
1783537440.994,3753448.0,9332.013,44.650448,,,,,,
1783537440.996,3753453.0,9331.415,44.649559,,,,,,
1783537440.997,3753458.0,9331.78,44.648506,,,,,,
1783537440.998,3753463.0,9332.91,44.645241,,,,,,
1783537440.998,3753468.0,9333.276,44.64418,,,,,,
1783537440.999,3753473.0,9332.677,44.645916,,,,,,
1783537441.000,3753478.0,9333.475,44.646217,,,,,,
1783537441.001,3753483.0,9333.243,44.649498,,,,,,
1783537441.003,3753488.0,9332.513,44.651611,,,,,,
1783537441.004,3753493.0,9332.844,44.653275,,,,,,
1783537441.005,3753498.0,9333.176,44.654922,,,,,,
1783537441.006,3753503.0,9332.278,44.654903,,,,,,
1783537441.007,3753508.0,9332.312,44.654812,,,,,,
1783537441.008,3753513.0,9333.143,44.655022,,,,,,
1783537441.009,3753518.0,9332.811,44.653366,,,,,,
1783537441.010,3753523.0,9332.313,44.652195,,,,,,
1783537441.011,3753528.0,9332.943,44.650375,,,,,,
1783537441.012,3753533.0,9332.711,44.64843,,,,,,
1783537441.012,3753538.0,9331.681,44.651402,,,,,,
1783537441.013,3753543.0,9332.312,44.652191,,,,,,
1783537441.014,3753548.0,9332.977,44.652889,,,,,,
1783537441.015,3753553.0,9332.844,44.655884,,,,,,
1783537441.017,3753558.0,9333.009,44.655407,,,,,,
1783537441.018,3753563.0,9334.306,44.649052,,,,,,
1783537441.019,3753568.0,9334.306,44.646439,,,,,,
1783537441.020,3753573.0,9334.173,44.646816,,,,,,
1783537441.021,3753578.0,9334.471,44.645954,,,,,,
1783537441.022,3753583.0,9334.538,44.64576,,,,,,
1783537441.023,3753588.0,9333.509,44.648739,,,,,,
1783537441.024,3753593.0,9333.376,44.649124,,,,,,
1783537441.025,3753598.0,9334.04,44.644588,,,,,,
1783537441.026,3753603.0,9333.774,44.645351,,,,,,
1783537441.028,3753608.0,9333.774,44.645351,,,,,,
1783537441.028,3753613.0,9335.304,44.643547,,,,,,
1783537441.029,3753618.0,9335.005,44.644417,,,,,,
1783537441.030,3753623.0,9333.908,44.647583,,,,,,
1783537441.031,3753628.0,9334.141,44.644302,,,,,,
1783537441.032,3753633.0,9334.207,44.644104,,,,,,
1783537441.033,3753638.0,9332.047,44.647736,,,,,,
1783537441.034,3753643.0,9332.445,44.646584,,,,,,
1783537441.035,3753648.0,9332.911,44.645237,,,,,,
1783537441.036,3753653.0,9332.513,44.646389,,,,,,
1783537441.037,3753658.0,9332.513,44.648998,,,,,,
1783537441.038,3753663.0,9334.007,44.647293,,,,,,
1783537441.040,3753668.0,9333.674,44.650875,,,,,,
1783537441.041,3753673.0,9332.877,44.655788,,,,,,
1783537441.042,3753678.0,9332.645,44.65646,,,,,,
1783537441.043,3753683.0,9331.614,44.656826,,,,,,
1783537441.044,3753688.0,9330.585,44.657188,,,,,,
1783537441.187,3753693.0,9330.751,44.654091,,,,,,
1783537441.188,3753698.0,9331.481,44.651978,,,,,,
1783537441.189,3753703.0,9331.415,44.654781,,,,,,
1783537441.190,3753708.0,9332.478,44.651711,,,,,,
1783537441.191,3753713.0,9333.774,44.647972,,,,,,
1783537441.192,3753718.0,9333.309,44.651932,,,,,,
1783537441.193,3753723.0,9332.943,44.650372,,,,,,
1783537441.193,3753728.0,9332.91,44.64785,,,,,,
1783537441.194,3753733.0,9332.512,44.64901,,,,,,
1783537441.195,3753738.0,9331.248,44.65527,,,,,,
1783537441.196,3753743.0,9331.78,44.651115,,,,,,
1783537441.196,3753748.0,9331.946,44.650635,,,,,,
1783537441.197,3753753.0,9332.478,44.651718,,,,,,
1783537441.198,3753758.0,9332.844,44.650658,,,,,,
1783537441.199,3753763.0,9333.575,44.64854,,,,,,
1783537441.199,3753768.0,9333.309,44.649319,,,,,,
1783537441.200,3753773.0,9332.844,44.650658,,,,,,
1783537441.201,3753778.0,9332.511,44.64901,,,,,,
1783537441.202,3753783.0,9332.577,44.648815,,,,,,
1783537441.202,3753788.0,9331.647,44.648888,,,,,,
1783537441.203,3753793.0,9331.382,44.652264,,,,,,
1783537441.204,3753798.0,9332.312,44.652191,,,,,,
1783537441.205,3753803.0,9332.478,44.651711,,,,,,
1783537441.206,3753808.0,9332.278,44.652294,,,,,,
1783537441.207,3753813.0,9333.475,44.651451,,,,,,
1783537441.208,3753818.0,9333.509,44.648735,,,,,,
1783537441.209,3753823.0,9332.943,44.650368,,,,,,
1783537441.209,3753828.0,9332.611,44.651333,,,,,,
1783537441.210,3753833.0,9332.61,44.651333,,,,,,
1783537441.211,3753838.0,9331.382,44.654884,,,,,,
1783537441.212,3753843.0,9331.747,44.656441,,,,,,
1783537441.213,3753848.0,9332.346,44.654713,,,,,,
1783537441.214,3753853.0,9332.91,44.653084,,,,,,
1783537441.214,3753858.0,9332.877,44.653179,,,,,,
1783537441.477,3753863.0,9334.106,44.649628,,,,,,
1783537441.478,3753868.0,9333.774,44.650581,,,,,,
1783537441.479,3753873.0,9332.81,44.650753,,,,,,
1783537441.480,3753878.0,9331.946,44.653255,,,,,,
1783537441.480,3753883.0,9331.813,44.65625,,,,,,
1783537441.481,3753888.0,9330.418,44.660278,,,,,,
1783537441.482,3753893.0,9331.184,44.655453,,,,,,
1783537441.483,3753898.0,9332.346,44.654713,,,,,,
1783537441.484,3753903.0,9332.014,44.655674,,,,,,
1783537441.484,3753908.0,9332.146,44.652676,,,,,,
1783537441.485,3753913.0,9333.541,44.648647,,,,,,
1783537441.486,3753918.0,9332.877,44.650562,,,,,,
1783537441.487,3753923.0,9331.946,44.653248,,,,,,
1783537441.488,3753928.0,9333.043,44.652699,,,,,,
1783537441.488,3753933.0,9333.01,44.655407,,,,,,
1783537441.489,3753938.0,9332.013,44.655678,,,,,,
1783537441.490,3753943.0,9332.079,44.655483,,,,,,
1783537441.491,3753948.0,9332.411,44.654526,,,,,,
1783537441.492,3753953.0,9331.946,44.653252,,,,,,
1783537441.493,3753958.0,9332.046,44.652958,,,,,,
1783537441.493,3753963.0,9332.91,44.650471,,,,,,
1783537441.494,3753968.0,9333.243,44.652115,,,,,,
1783537441.495,3753973.0,9332.811,44.65337,,,,,,
1783537441.496,3753978.0,9333.708,44.650772,,,,,,
1783537441.496,3753983.0,9333.807,44.647881,,,,,,
1783537441.497,3753988.0,9332.91,44.650471,,,,,,
1783537441.498,3753993.0,9332.81,44.650757,,,,,,
1783537441.499,3753998.0,9333.243,44.649498,,,,,,
1783537441.500,3754003.0,9331.98,44.653149,,,,,,
1783537441.500,3754008.0,9331.648,44.654114,,,,,,
1783537441.501,3754013.0,9332.611,44.651333,,,,,,
1783537441.502,3754018.0,9332.313,44.652191,,,,,,
1783537441.503,3754023.0,9331.946,44.650635,,,,,,
1783537441.504,3754028.0,9332.978,44.647655,,,,,,
1783537441.505,3754033.0,9333.209,44.646992,,,,,,
1783537441.506,3754038.0,9332.18,44.649963,,,,,,
1783537441.507,3754043.0,9332.445,44.646584,,,,,,
1783537441.508,3754048.0,9333.076,44.64476,,,,,,
1783537441.508,3754053.0,9332.411,44.646683,,,,,,
1783537441.509,3754058.0,9332.278,44.649673,,,,,,
1783537441.510,3754063.0,9333.674,44.648254,,,,,,
1783537441.511,3754068.0,9333.509,44.648731,,,,,,
1783537441.511,3754073.0,9332.91,44.650471,,,,,,
1783537441.512,3754078.0,9333.376,44.649124,,,,,,
1783537441.513,3754083.0,9333.541,44.648643,,,,,,
1783537441.514,3754088.0,9332.312,44.649578,,,,,,
1783537441.514,3754093.0,9332.013,44.650444,,,,,,
1783537441.515,3754098.0,9332.512,44.64901,,,,,,
1783537441.516,3754103.0,9332.18,44.652576,,,,,,
1783537441.517,3754108.0,9332.181,44.649956,,,,,,
1783537441.517,3754113.0,9332.978,44.647655,,,,,,
1783537441.518,3754118.0,9333.476,44.646221,,,,,,
1783537441.519,3754123.0,9333.043,44.650082,,,,,,
1783537441.520,3754128.0,9332.943,44.647755,,,,,,
1783537441.521,3754133.0,9332.876,44.650562,,,,,,
1783537441.522,3754138.0,9331.913,44.653351,,,,,,
1783537441.522,3754143.0,9332.213,44.652481,,,,,,
1783537441.523,3754148.0,9332.71,44.648434,,,,,,
1783537441.524,3754153.0,9332.877,44.650562,,,,,,
1783537441.525,3754158.0,9332.412,44.649288,,,,,,
1783537441.525,3754163.0,9333.409,44.646408,,,,,,
1783537441.526,3754168.0,9333.01,44.647568,,,,,,
1783537441.527,3754173.0,9332.378,44.652004,,,,,,
1783537441.656,3754178.0,9332.411,44.651905,,,,,,
1783537441.657,3754183.0,9332.777,44.650845,,,,,,
1783537441.657,3754188.0,9332.013,44.655678,,,,,,
1783537441.658,3754193.0,9331.88,44.658669,,,,,,
1783537441.659,3754198.0,9332.278,44.65752,,,,,,
1783537441.660,3754203.0,9332.146,44.657902,,,,,,
1783537441.661,3754208.0,9332.345,44.657326,,,,,,
1783537441.661,3754213.0,9333.342,44.654446,,,,,,
1783537441.662,3754218.0,9333.542,44.653866,,,,,,
1783537441.663,3754223.0,9333.077,44.652596,,,,,,
1783537441.664,3754228.0,9332.512,44.651623,,,,,,
1783537441.664,3754233.0,9332.611,44.653946,,,,,,
1783537441.665,3754238.0,9331.415,44.657398,,,,,,
1783537441.666,3754243.0,9331.349,44.654976,,,,,,
1783537441.667,3754248.0,9332.246,44.655003,,,,,,
1783537441.667,3754253.0,9332.845,44.65588,,,,,,
1783537441.668,3754258.0,9332.645,44.653847,,,,,,
1783537441.669,3754263.0,9333.873,44.647686,,,,,,
1783537441.670,3754268.0,9333.708,44.650776,,,,,,
1783537441.671,3754273.0,9332.977,44.650272,,,,,,
1783537441.672,3754278.0,9332.444,44.65181,,,,,,
1783537441.673,3754283.0,9333.01,44.650181,,,,,,
1783537441.674,3754288.0,9331.681,44.654018,,,,,,
1783537441.675,3754293.0,9332.379,44.649391,,,,,,
1783537441.676,3754298.0,9332.646,44.648617,,,,,,
1783537441.677,3754303.0,9332.878,44.645332,,,,,,
1783537441.678,3754308.0,9332.445,44.646584,,,,,,
1783537441.679,3754313.0,9333.774,44.642742,,,,,,
1783537441.680,3754318.0,9333.343,44.64399,,,,,,
1783537441.681,3754323.0,9333.01,44.644951,,,,,,
1783537441.682,3754328.0,9333.874,44.642456,,,,,,
1783537441.958,3754333.0,9333.675,44.643032,,,,,,
1783537441.960,3754338.0,9331.947,44.650631,,,,,,
1783537441.961,3754343.0,9331.947,44.650631,,,,,,
1783537441.963,3754348.0,9332.445,44.649193,,,,,,
1783537441.964,3754353.0,9331.88,44.653446,,,,,,
1783537441.965,3754358.0,9331.813,44.653633,,,,,,
1783537441.966,3754363.0,9333.209,44.646984,,,,,,
1783537441.967,3754368.0,9332.811,44.650757,,,,,,
1783537441.968,3754373.0,9332.411,44.654522,,,,,,
1783537441.969,3754378.0,9332.645,44.653851,,,,,,
1783537441.970,3754383.0,9333.076,44.655212,,,,,,
1783537441.972,3754388.0,9332.048,44.658184,,,,,,
1783537441.974,3754393.0,9332.379,44.654617,,,,,,
1783537441.975,3754398.0,9332.777,44.650852,,,,,,
1783537441.976,3754403.0,9332.942,44.647758,,,,,,
1783537441.977,3754408.0,9332.61,44.646107,,,,,,
1783537441.977,3754413.0,9333.607,44.643227,,,,,,
1783537441.978,3754418.0,9333.177,44.64447,,,,,,
1783537441.979,3754423.0,9333.143,44.647179,,,,,,
1783537441.980,3754428.0,9332.743,44.650944,,,,,,
1783537441.981,3754433.0,9332.743,44.650944,,,,,,
1783537441.982,3754438.0,9331.946,44.653255,,,,,,
1783537441.982,3754443.0,9332.777,44.653465,,,,,,
1783537441.983,3754448.0,9333.043,44.650082,,,,,,
1783537441.984,3754453.0,9333.143,44.647179,,,,,,
1783537441.985,3754458.0,9333.375,44.646515,,,,,,
1783537441.986,3754463.0,9334.539,44.643147,,,,,,
1783537441.986,3754468.0,9334.34,44.641109,,,,,,
1783537441.988,3754473.0,9334.106,44.644394,,,,,,
1783537441.988,3754478.0,9333.741,44.64806,,,,,,
1783537441.989,3754483.0,9333.808,44.647869,,,,,,
1783537441.990,3754488.0,9332.512,44.651623,,,,,,
1783537441.991,3754493.0,9332.246,44.65239,,,,,,
1783537441.992,3754498.0,9332.18,44.649963,,,,,,
1783537441.993,3754503.0,9332.61,44.646107,,,,,,
1783537441.994,3754508.0,9332.18,44.64735,,,,,,
1783537441.994,3754513.0,9333.442,44.643703,,,,,,
1783537441.995,3754518.0,9333.708,44.642933,,,,,,
1783537441.996,3754523.0,9333.276,44.64679,,,,,,
1783537441.997,3754528.0,9333.176,44.647083,,,,,,
1783537441.998,3754533.0,9333.408,44.649021,,,,,,
1783537441.999,3754538.0,9331.781,44.653732,,,,,,
1783537441.999,3754543.0,9331.516,44.657108,,,,,,
1783537442.000,3754548.0,9332.047,44.652966,,,,,,
1783537442.001,3754553.0,9331.516,44.657108,,,,,,
1783537442.002,3754558.0,9331.183,44.658073,,,,,,
1783537442.003,3754563.0,9333.11,44.6525,,,,,,
1783537442.003,3754568.0,9333.077,44.649986,,,,,,
1783537442.004,3754573.0,9332.911,44.650467,,,,,,
1783537442.006,3754578.0,9333.575,44.648544,,,,,,
1783537442.007,3754583.0,9333.708,44.648155,,,,,,
1783537442.007,3754588.0,9332.112,44.652767,,,,,,
1783537442.008,3754593.0,9332.545,44.651524,,,,,,
1783537442.009,3754598.0,9332.743,44.653564,,,,,,
1783537442.010,3754603.0,9332.013,44.655674,,,,,,
1783537442.011,3754608.0,9332.911,44.650459,,,,,,
1783537442.011,3754613.0,9333.808,44.647877,,,,,,
1783537442.012,3754618.0,9333.608,44.648453,,,,,,
1783537442.013,3754623.0,9332.744,44.648331,,,,,,
1783537442.014,3754628.0,9333.143,44.644569,,,,,,
1783537442.014,3754633.0,9332.411,44.646683,,,,,,
1783537442.015,3754638.0,9331.614,44.651592,,,,,,
1783537442.016,3754643.0,9331.183,44.65284,,,,,,
1783537442.017,3754648.0,9332.113,44.65015,,,,,,
1783537442.018,3754653.0,9332.678,44.648529,,,,,,
1783537442.019,3754658.0,9332.611,44.648716,,,,,,
1783537442.020,3754663.0,9333.674,44.643032,,,,,,
1783537442.156,3754668.0,9333.907,44.642357,,,,,,
1783537442.157,3754673.0,9332.943,44.647755,,,,,,
1783537442.158,3754678.0,9332.645,44.65123,,,,,,
1783537442.160,3754683.0,9332.777,44.653465,,,,,,
1783537442.161,3754688.0,9331.316,44.657688,,,,,,
1783537442.162,3754693.0,9331.183,44.658073,,,,,,
1783537442.163,3754698.0,9331.813,44.65625,,,,,,
1783537442.163,3754703.0,9331.98,44.655766,,,,,,
1783537442.164,3754708.0,9332.213,44.655098,,,,,,
1783537442.165,3754713.0,9333.708,44.650776,,,,,,
1783537442.166,3754718.0,9333.608,44.651066,,,,,,
1783537442.167,3754723.0,9333.342,44.651836,,,,,,
1783537442.168,3754728.0,9333.143,44.652409,,,,,,
1783537442.168,3754733.0,9332.61,44.65395,,,,,,
1783537442.169,3754738.0,9331.415,44.657402,,,,,,
1783537442.170,3754743.0,9331.349,44.657597,,,,,,
1783537442.171,3754748.0,9331.98,44.655769,,,,,,
1783537442.172,3754753.0,9332.246,44.652386,,,,,,
1783537442.172,3754758.0,9332.313,44.649574,,,,,,
1783537442.173,3754763.0,9333.442,44.648933,,,,,,
1783537442.174,3754768.0,9333.408,44.651638,,,,,,
1783537442.174,3754773.0,9331.848,44.653534,,,,,,
1783537442.175,3754778.0,9331.682,44.656631,,,,,,
1783537442.176,3754783.0,9331.781,44.658955,,,,,,
1783537442.177,3754788.0,9330.65,44.659607,,,,,,
1783537442.177,3754793.0,9331.582,44.654308,,,,,,
1783537442.178,3754798.0,9333.01,44.652794,,,,,,
1783537442.179,3754803.0,9333.143,44.649796,,,,,,
1783537442.179,3754808.0,9333.11,44.64727,,,,,,
1783537442.180,3754813.0,9334.473,44.643341,,,,,,
1783537442.181,3754818.0,9334.007,44.644684,,,,,,
1783537442.181,3754823.0,9333.441,44.643703,,,,,,
1783537442.182,3754828.0,9333.01,44.64756,,,,,,
1783537442.442,3754833.0,9333.774,44.647964,,,,,,
1783537442.443,3754838.0,9332.479,44.651711,,,,,,
1783537442.444,3754843.0,9332.845,44.653271,,,,,,
1783537442.446,3754848.0,9333.408,44.654251,,,,,,
1783537442.447,3754853.0,9333.94,44.650101,,,,,,
1783537442.448,3754858.0,9333.475,44.648838,,,,,,
1783537442.449,3754863.0,9334.239,44.646629,,,,,,
1783537442.450,3754868.0,9333.441,44.646317,,,,,,
1783537442.452,3754873.0,9332.711,44.645817,,,,,,
1783537442.453,3754878.0,9331.78,44.648506,,,,,,
1783537442.454,3754883.0,9331.714,44.648697,,,,,,
1783537442.456,3754888.0,9330.851,44.651192,,,,,,
1783537442.457,3754893.0,9331.548,44.651787,,,,,,
1783537442.458,3754898.0,9332.478,44.649097,,,,,,
1783537442.459,3754903.0,9332.677,44.651134,,,,,,
1783537442.460,3754908.0,9332.844,44.650661,,,,,,
1783537442.462,3754913.0,9334.206,44.646721,,,,,,
1783537442.463,3754918.0,9333.741,44.648067,,,,,,
1783537442.464,3754923.0,9332.944,44.650368,,,,,,
1783537442.465,3754928.0,9333.043,44.650078,,,,,,
1783537442.466,3754933.0,9333.109,44.649895,,,,,,
1783537442.467,3754938.0,9331.349,44.657593,,,,,,
1783537442.468,3754943.0,9331.449,44.65469,,,,,,
1783537442.469,3754948.0,9331.581,44.654305,,,,,,
1783537442.471,3754953.0,9331.482,44.651981,,,,,,
1783537442.472,3754958.0,9331.184,44.655457,,,,,,
1783537442.473,3754963.0,9332.544,44.648907,,,,,,
1783537442.474,3754968.0,9332.113,44.65015,,,,,,
1783537442.475,3754973.0,9332.179,44.652584,,,,,,
1783537442.476,3754978.0,9332.578,44.651424,,,,,,
1783537442.477,3754983.0,9332.611,44.648712,,,,,,
1783537442.478,3754988.0,9331.548,44.654408,,,,,,
1783537442.479,3754993.0,9332.013,44.653061,,,,,,
1783537442.480,3754998.0,9332.014,44.65044,,,,,,
1783537442.482,3755003.0,9331.781,44.653732,,,,,,
1783537442.482,3755008.0,9331.315,44.655075,,,,,,
1783537442.483,3755013.0,9332.445,44.651806,,,,,,
1783537442.484,3755018.0,9332.445,44.651814,,,,,,
1783537442.485,3755023.0,9332.08,44.655476,,,,,,
1783537442.486,3755028.0,9332.413,44.651905,,,,,,
1783537442.488,3755033.0,9332.744,44.650944,,,,,,
1783537442.489,3755038.0,9331.35,44.652367,,,,,,
1783537442.490,3755043.0,9331.449,44.652073,,,,,,
1783537442.491,3755048.0,9332.478,44.646488,,,,,,
1783537442.492,3755053.0,9332.278,44.647064,,,,,,
1783537442.493,3755058.0,9332.013,44.650444,,,,,,
1783537442.494,3755063.0,9333.873,44.645065,,,,,,
1783537442.496,3755068.0,9333.541,44.646027,,,,,,
1783537442.497,3755073.0,9332.444,44.649204,,,,,,
1783537442.498,3755078.0,9332.743,44.650948,,,,,,
1783537442.499,3755083.0,9332.677,44.648525,,,,,,
1783537442.500,3755088.0,9331.448,44.654686,,,,,,
1783537442.501,3755093.0,9331.913,44.653351,,,,,,
1783537442.502,3755098.0,9332.512,44.654232,,,,,,
1783537442.503,3755103.0,9332.379,44.652004,,,,,,
1783537442.504,3755108.0,9332.512,44.654232,,,,,,
1783537442.505,3755113.0,9333.509,44.648739,,,,,,
1783537442.506,3755118.0,9332.744,44.650944,,,,,,
1783537442.507,3755123.0,9332.213,44.649872,,,,,,
1783537442.507,3755128.0,9332.313,44.649578,,,,,,
1783537442.508,3755133.0,9332.313,44.649574,,,,,,
1783537442.509,3755138.0,9331.082,44.65313,,,,,,
1783537442.510,3755143.0,9331.515,44.654495,,,,,,
1783537442.510,3755148.0,9332.278,44.652294,,,,,,
1783537442.511,3755153.0,9332.113,44.652767,,,,,,
1783537442.513,3755158.0,9332.346,44.649487,,,,,,
1783537442.662,3755163.0,9333.642,44.645741,,,,,,
1783537442.663,3755168.0,9333.608,44.645832,,,,,,
1783537442.664,3755173.0,9333.044,44.650074,,,,,,
1783537442.665,3755178.0,9333.176,44.649693,,,,,,
1783537442.666,3755183.0,9333.241,44.652126,,,,,,
1783537442.668,3755188.0,9331.713,44.656544,,,,,,
1783537442.669,3755193.0,9331.681,44.656631,,,,,,
1783537442.670,3755198.0,9332.046,44.655579,,,,,,
1783537442.671,3755203.0,9331.913,44.65596,,,,,,
1783537442.673,3755208.0,9331.813,44.65625,,,,,,
1783537442.674,3755213.0,9333.575,44.651161,,,,,,
1783537442.676,3755218.0,9333.11,44.649887,,,,,,
1783537442.676,3755223.0,9333.044,44.650082,,,,,,
1783537442.677,3755228.0,9333.376,44.64912,,,,,,
1783537442.678,3755233.0,9333.676,44.648251,,,,,,
1783537442.679,3755238.0,9332.313,44.652195,,,,,,
1783537442.680,3755243.0,9332.91,44.650467,,,,,,
1783537442.680,3755248.0,9333.31,44.649315,,,,,,
1783537442.681,3755253.0,9333.441,44.651543,,,,,,
1783537442.682,3755258.0,9333.209,44.649597,,,,,,
1783537442.683,3755263.0,9333.974,44.647396,,,,,,
1783537442.683,3755268.0,9333.542,44.651257,,,,,,
1783537442.684,3755273.0,9332.512,44.651619,,,,,,
1783537442.686,3755278.0,9332.18,44.64996,,,,,,
1783537442.687,3755283.0,9332.345,44.64949,,,,,,
1783537442.688,3755288.0,9331.314,44.652462,,,,,,
1783537442.689,3755293.0,9331.614,44.648983,,,,,,
1783537442.691,3755298.0,9332.512,44.646393,,,,,,
1783537442.692,3755303.0,9331.946,44.648026,,,,,,
1783537442.693,3755308.0,9331.848,44.648312,,,,,,
1783537442.695,3755313.0,9333.176,44.647083,,,,,,
1783537442.696,3755318.0,9333.343,44.646599,,,,,,
1783537442.697,3755323.0,9332.313,44.652187,,,,,,
1783537442.698,3755328.0,9332.778,44.650852,,,,,,
1783537442.699,3755333.0,9332.944,44.650368,,,,,,
1783537442.700,3755338.0,9331.615,44.654213,,,,,,
1783537442.701,3755343.0,9331.747,44.653828,,,,,,
1783537442.702,3755348.0,9332.71,44.648426,,,,,,
1783537442.923,3755353.0,9332.611,44.651333,,,,,,
1783537442.924,3755358.0,9331.714,44.656536,,,,,,
1783537442.925,3755363.0,9332.146,44.652672,,,,,,
1783537442.926,3755368.0,9332.046,44.652966,,,,,,
1783537442.927,3755373.0,9331.481,44.657211,,,,,,
1783537442.928,3755378.0,9331.581,44.656918,,,,,,
1783537442.929,3755383.0,9332.246,44.655003,,,,,,
1783537442.929,3755388.0,9331.714,44.65654,,,,,,
1783537442.930,3755393.0,9331.582,44.656921,,,,,,
1783537442.931,3755398.0,9332.047,44.655579,,,,,,
1783537442.932,3755403.0,9331.715,44.653919,,,,,,
1783537442.933,3755408.0,9331.149,44.652935,,,,,,
1783537442.934,3755413.0,9332.146,44.652679,,,,,,
1783537442.935,3755418.0,9331.98,44.653152,,,,,,
1783537442.936,3755423.0,9331.083,44.65313,,,,,,
1783537442.937,3755428.0,9331.282,44.655174,,,,,,
1783537442.939,3755433.0,9331.946,44.655865,,,,,,
1783537442.940,3755438.0,9331.049,44.658463,,,,,,
1783537442.940,3755443.0,9330.884,44.658939,,,,,,
1783537442.941,3755448.0,9331.78,44.656349,,,,,,
1783537442.942,3755453.0,9331.714,44.653927,,,,,,
1783537442.943,3755458.0,9331.282,44.65517,,,,,,
1783537442.944,3755463.0,9332.943,44.647755,,,,,,
1783537442.945,3755468.0,9333.442,44.646313,,,,,,
1783537442.945,3755473.0,9332.877,44.650566,,,,,,
1783537442.946,3755478.0,9332.777,44.650848,,,,,,
1783537442.947,3755483.0,9333.276,44.64679,,,,,,
1783537442.948,3755488.0,9331.714,44.653927,,,,,,
1783537442.949,3755493.0,9331.582,44.656918,,,,,,
1783537442.951,3755498.0,9332.512,44.654236,,,,,,
1783537442.952,3755503.0,9332.777,44.653465,,,,,,
1783537442.954,3755508.0,9332.845,44.653271,,,,,,
1783537442.955,3755513.0,9333.243,44.652119,,,,,,
1783537442.956,3755518.0,9332.744,44.653557,,,,,,
1783537442.957,3755523.0,9331.349,44.654976,,,,,,
1783537442.958,3755528.0,9330.851,44.656422,,,,,,
1783537442.958,3755533.0,9330.087,44.66124,,,,,,
1783537442.959,3755538.0,9329.722,44.659679,,,,,,
1783537442.960,3755543.0,9330.021,44.658813,,,,,,
1783537442.961,3755548.0,9331.382,44.654884,,,,,,
1783537442.962,3755553.0,9331.282,44.65517,,,,,,
1783537442.962,3755558.0,9331.713,44.651318,,,,,,
1783537442.963,3755563.0,9332.777,44.648235,,,,,,
1783537442.964,3755568.0,9332.91,44.645241,,,,,,
1783537442.965,3755573.0,9332.212,44.647259,,,,,,
1783537442.966,3755578.0,9333.01,44.64756,,,,,,
1783537442.967,3755583.0,9333.176,44.647083,,,,,,
1783537442.968,3755588.0,9331.78,44.653728,,,,,,
1783537442.969,3755593.0,9331.681,44.654022,,,,,,
1783537442.971,3755598.0,9332.313,44.652191,,,,,,
1783537442.972,3755603.0,9332.114,44.650158,,,,,,
1783537442.973,3755608.0,9332.246,44.649773,,,,,,
1783537442.973,3755613.0,9333.642,44.645737,,,,,,
1783537442.974,3755618.0,9333.409,44.646408,,,,,,
1783537443.123,3755623.0,9332.213,44.649864,,,,,,
1783537443.124,3755628.0,9331.383,44.654884,,,,,,
1783537443.126,3755633.0,9331.615,44.656822,,,,,,
1783537443.127,3755638.0,9330.353,44.657852,,,,,,
1783537443.128,3755643.0,9330.719,44.656803,,,,,,
1783537443.129,3755648.0,9331.881,44.653442,,,,,,
1783537443.130,3755653.0,9332.479,44.649097,,,,,,
1783537443.131,3755658.0,9332.08,44.647636,,,,,,
1783537443.132,3755663.0,9333.31,44.644085,,,,,,
1783537443.133,3755668.0,9333.343,44.646599,,,,,,
1783537443.133,3755673.0,9332.744,44.648327,,,,,,
1783537443.134,3755678.0,9332.678,44.648521,,,,,,
1783537443.135,3755683.0,9332.445,44.6492,,,,,,
1783537443.136,3755688.0,9330.453,44.654953,,,,,,
1783537443.136,3755693.0,9330.32,44.655331,,,,,,
1783537443.137,3755698.0,9330.652,44.654373,,,,,,
1783537443.138,3755703.0,9331.15,44.655548,,,,,,
1783537443.139,3755708.0,9331.449,44.65469,,,,,,
1783537443.140,3755713.0,9333.642,44.648354,,,,,,
1783537443.141,3755718.0,9333.807,44.645267,,,,,,
1783537443.141,3755723.0,9333.076,44.647373,,,,,,
1783537443.142,3755728.0,9332.578,44.648808,,,,,,
1783537443.143,3755733.0,9331.848,44.653534,,,,,,
1783537443.144,3755738.0,9330.153,44.661049,,,,,,
1783537443.145,3755743.0,9329.788,44.662106,,,,,,
1783537443.146,3755748.0,9330.252,44.660763,,,,,,
1783537443.147,3755753.0,9330.119,44.661148,,,,,,
1783537443.148,3755758.0,9330.751,44.659317,,,,,,
1783537443.149,3755763.0,9332.578,44.654041,,,,,,
1783537443.150,3755768.0,9332.279,44.654907,,,,,,
1783537443.151,3755773.0,9332.08,44.655479,,,,,,
1783537443.152,3755778.0,9332.579,44.651424,,,,,,
1783537443.153,3755783.0,9332.412,44.649292,,,,,,
1783537443.155,3755788.0,9331.249,44.65004,,,,,,
1783537443.156,3755793.0,9332.113,44.647541,,,,,,
1783537443.157,3755798.0,9332.778,44.645622,,,,,,
1783537443.159,3755803.0,9332.61,44.646107,,,,,,
1783537443.426,3755808.0,9332.379,44.646774,,,,,,
1783537443.428,3755813.0,9333.043,44.644855,,,,,,
1783537443.429,3755818.0,9332.313,44.646965,,,,,,
1783537443.429,3755823.0,9331.614,44.648983,,,,,,
1783537443.430,3755828.0,9331.614,44.648983,,,,,,
1783537443.431,3755833.0,9331.415,44.652168,,,,,,
1783537443.432,3755838.0,9330.353,44.657852,,,,,,
1783537443.433,3755843.0,9330.817,44.65913,,,,,,
1783537443.434,3755848.0,9331.315,44.657692,,,,,,
1783537443.434,3755853.0,9331.049,44.661072,,,,,,
1783537443.435,3755858.0,9331.481,44.659821,,,,,,
1783537443.436,3755863.0,9332.844,44.655888,,,,,,
1783537443.437,3755868.0,9332.711,44.656269,,,,,,
1783537443.438,3755873.0,9332.379,44.659843,,,,,,
1783537443.440,3755878.0,9332.512,44.656845,,,,,,
1783537443.441,3755883.0,9332.777,44.653465,,,,,,
1783537443.442,3755888.0,9331.382,44.657497,,,,,,
1783537443.442,3755893.0,9331.548,44.654404,,,,,,
1783537443.443,3755898.0,9332.18,44.64996,,,,,,
1783537443.444,3755903.0,9332.545,44.648911,,,,,,
1783537443.445,3755908.0,9332.512,44.649006,,,,,,
1783537443.446,3755913.0,9333.741,44.645447,,,,,,
1783537443.447,3755918.0,9333.31,44.646694,,,,,,
1783537443.447,3755923.0,9332.346,44.649479,,,,,,
1783537443.448,3755928.0,9332.213,44.649872,,,,,,
1783537443.449,3755933.0,9331.848,44.650925,,,,,,
1783537443.450,3755938.0,9330.485,44.652245,,,,,,
1783537443.451,3755943.0,9330.519,44.652149,,,,,,
1783537443.452,3755948.0,9331.216,44.650135,,,,,,
1783537443.452,3755953.0,9330.751,44.651478,,,,,,
1783537443.454,3755958.0,9331.35,44.64975,,,,,,
1783537443.455,3755963.0,9333.043,44.647465,,,,,,
1783537443.456,3755968.0,9332.943,44.650368,,,,,,
1783537443.456,3755973.0,9332.411,44.651905,,,,,,
1783537443.457,3755978.0,9333.01,44.650181,,,,,,
1783537443.458,3755983.0,9333.243,44.649506,,,,,,
1783537443.459,3755988.0,9332.146,44.650063,,,,,,
1783537443.460,3755993.0,9332.411,44.646683,,,,,,
1783537443.460,3755998.0,9333.243,44.646885,,,,,,
1783537443.461,3756003.0,9332.811,44.648136,,,,,,
1783537443.462,3756008.0,9331.848,44.650921,,,,,,
1783537443.463,3756013.0,9332.079,44.650257,,,,,,
1783537443.464,3756018.0,9331.848,44.650925,,,,,,
1783537443.464,3756023.0,9330.884,44.651096,,,,,,
1783537443.465,3756028.0,9331.05,44.650616,,,,,,
1783537443.466,3756033.0,9331.515,44.649273,,,,,,
1783537443.467,3756038.0,9330.618,44.651863,,,,,,
1783537443.468,3756043.0,9331.017,44.650711,,,,,,
1783537443.468,3756048.0,9331.747,44.648602,,,,,,
1783537443.469,3756053.0,9331.515,44.649273,,,,,,
1783537443.471,3756058.0,9331.051,44.650612,,,,,,
1783537443.472,3756063.0,9332.278,44.647064,,,,,,
1783537443.473,3756068.0,9331.914,44.648117,,,,,,
1783537443.474,3756073.0,9331.415,44.649559,,,,,,
1783537443.474,3756078.0,9331.714,44.648697,,,,,,
1783537443.475,3756083.0,9331.979,44.64793,,,,,,
1783537443.476,3756088.0,9330.917,44.650997,,,,,,
1783537443.477,3756093.0,9330.685,44.654282,,,,,,
1783537443.478,3756098.0,9330.949,44.653515,,,,,,
1783537443.478,3756103.0,9330.783,44.653996,,,,,,
1783537443.479,3756108.0,9330.717,44.656807,,,,,,
1783537443.480,3756113.0,9332.18,44.652576,,,,,,
1783537443.481,3756118.0,9332.877,44.647945,,,,,,
1783537443.482,3756123.0,9332.446,44.649197,,,,,,
1783537443.483,3756128.0,9332.777,44.648235,,,,,,
1783537443.618,3756133.0,9332.744,44.648327,,,,,,
1783537443.619,3756138.0,9331.481,44.651978,,,,,,
1783537443.619,3756143.0,9331.216,44.652744,,,,,,
1783537443.621,3756148.0,9332.245,44.649776,,,,,,
1783537443.622,3756153.0,9332.346,44.649483,,,,,,
1783537443.622,3756158.0,9332.313,44.646965,,,,,,
1783537443.623,3756163.0,9333.675,44.643032,,,,,,
1783537443.624,3756168.0,9333.476,44.646214,,,,,,
1783537443.624,3756173.0,9332.279,44.649673,,,,,,
1783537443.625,3756178.0,9331.881,44.650822,,,,,,
1783537443.626,3756183.0,9332.246,44.65239,,,,,,
1783537443.626,3756188.0,9330.552,44.65728,,,,,,
1783537443.627,3756193.0,9331.282,44.652554,,,,,,
1783537443.627,3756198.0,9332.013,44.653065,,,,,,
1783537443.628,3756203.0,9331.648,44.65411,,,,,,
1783537443.629,3756208.0,9331.051,44.653221,,,,,,
1783537443.630,3756213.0,9332.479,44.649105,,,,,,
1783537443.631,3756218.0,9331.913,44.650734,,,,,,
1783537443.632,3756223.0,9331.581,44.651688,,,,,,
1783537443.632,3756228.0,9331.98,44.650536,,,,,,
1783537443.633,3756233.0,9331.615,44.651592,,,,,,
1783537443.633,3756238.0,9330.387,44.655148,,,,,,
1783537443.634,3756243.0,9330.054,44.658718,,,,,,
1783537443.635,3756248.0,9330.319,44.655334,,,,,,
1783537443.635,3756253.0,9330.585,44.654568,,,,,,
1783537443.636,3756258.0,9331.349,44.65237,,,,,,
1783537443.637,3756263.0,9332.677,44.648529,,,,,,
1783537443.637,3756268.0,9333.076,44.647369,,,,,,
1783537443.638,3756273.0,9332.678,44.648521,,,,,,
1783537443.639,3756278.0,9331.947,44.650631,,,,,,
1783537443.641,3756283.0,9331.415,44.654789,,,,,,
1783537443.642,3756288.0,9330.252,44.658146,,,,,,
1783537443.890,3756293.0,9330.021,44.6562,,,,,,
1783537443.891,3756298.0,9330.817,44.656517,,,,,,
1783537443.892,3756303.0,9331.349,44.65498,,,,,,
1783537443.893,3756308.0,9331.216,44.655357,,,,,,
1783537443.894,3756313.0,9332.213,44.652485,,,,,,
1783537443.894,3756318.0,9332.579,44.651421,,,,,,
1783537443.895,3756323.0,9331.848,44.653542,,,,,,
1783537443.896,3756328.0,9331.481,44.654594,,,,,,
1783537443.897,3756333.0,9332.213,44.652477,,,,,,
1783537443.898,3756338.0,9330.783,44.656616,,,,,,
1783537443.899,3756343.0,9330.386,44.660374,,,,,,
1783537443.900,3756348.0,9331.349,44.654984,,,,,,
1783537443.900,3756353.0,9331.515,44.654499,,,,,,
1783537443.901,3756358.0,9331.782,44.651115,,,,,,
1783537443.902,3756363.0,9333.509,44.646122,,,,,,
1783537443.904,3756368.0,9333.841,44.645161,,,,,,
1783537443.905,3756373.0,9332.346,44.649479,,,,,,
1783537443.906,3756378.0,9332.545,44.648903,,,,,,
1783537443.907,3756383.0,9331.88,44.653446,,,,,,
1783537443.908,3756388.0,9330.817,44.656513,,,,,,
1783537443.908,3756393.0,9330.851,44.656414,,,,,,
1783537443.909,3756398.0,9331.847,44.653542,,,,,,
1783537443.910,3756403.0,9331.813,44.653633,,,,,,
1783537443.911,3756408.0,9332.345,44.64949,,,,,,
1783537443.912,3756413.0,9333.043,44.647469,,,,,,
1783537443.913,3756418.0,9333.274,44.646797,,,,,,
1783537443.914,3756423.0,9332.213,44.652477,,,,,,
1783537443.915,3756428.0,9331.781,44.653725,,,,,,
1783537443.915,3756433.0,9331.515,44.654503,,,,,,
1783537443.916,3756438.0,9330.387,44.660374,,,,,,
1783537443.917,3756443.0,9330.087,44.661236,,,,,,
1783537443.918,3756448.0,9331.183,44.658073,,,,,,
1783537443.919,3756453.0,9331.715,44.656536,,,,,,
1783537443.920,3756458.0,9331.681,44.656635,,,,,,
1783537443.921,3756463.0,9332.578,44.651428,,,,,,
1783537443.922,3756468.0,9332.677,44.651138,,,,,,
1783537443.922,3756473.0,9332.112,44.650154,,,,,,
1783537443.923,3756478.0,9332.445,44.649193,,,,,,
1783537443.924,3756483.0,9332.345,44.64949,,,,,,
1783537443.925,3756488.0,9331.314,44.652462,,,,,,
1783537443.926,3756493.0,9331.315,44.649849,,,,,,
1783537443.926,3756498.0,9331.813,44.648407,,,,,,
1783537443.927,3756503.0,9331.116,44.650425,,,,,,
1783537443.928,3756508.0,9331.349,44.649754,,,,,,
1783537443.929,3756513.0,9332.677,44.648525,,,,,,
1783537443.930,3756518.0,9332.146,44.650055,,,,,,
1783537443.930,3756523.0,9331.449,44.652069,,,,,,
1783537443.931,3756528.0,9331.481,44.651985,,,,,,
1783537443.932,3756533.0,9331.017,44.653324,,,,,,
1783537443.933,3756538.0,9329.986,44.653687,,,,,,
1783537443.933,3756543.0,9330.519,44.654758,,,,,,
1783537443.934,3756548.0,9331.481,44.651978,,,,,,
1783537443.935,3756553.0,9331.647,44.65411,,,,,,
1783537443.935,3756558.0,9331.216,44.655365,,,,,,
1783537443.936,3756563.0,9332.046,44.652962,,,,,,
1783537443.937,3756568.0,9331.715,44.65131,,,,,,
1783537443.938,3756573.0,9330.618,44.654476,,,,,,
1783537443.938,3756578.0,9330.718,44.651573,,,,,,
1783537443.939,3756583.0,9331.715,44.648693,,,,,,
1783537444.061,3756588.0,9330.817,44.651287,,,,,,
1783537444.062,3756593.0,9330.917,44.653606,,,,,,
1783537444.062,3756598.0,9332.113,44.65015,,,,,,
1783537444.063,3756603.0,9331.914,44.653339,,,,,,
1783537444.064,3756608.0,9331.282,44.655174,,,,,,
1783537444.064,3756613.0,9332.578,44.654037,,,,,,
1783537444.065,3756618.0,9332.346,44.6521,,,,,,
1783537444.066,3756623.0,9331.681,44.654018,,,,,,
1783537444.067,3756628.0,9331.681,44.651409,,,,,,
1783537444.067,3756633.0,9331.914,44.65073,,,,,,
1783537444.068,3756638.0,9330.387,44.652531,,,,,,
1783537444.069,3756643.0,9330.95,44.653511,,,,,,
1783537444.069,3756648.0,9331.349,44.652363,,,,,,
1783537444.070,3756653.0,9331.481,44.654591,,,,,,
1783537444.070,3756658.0,9331.78,44.653736,,,,,,
1783537444.071,3756663.0,9333.075,44.652603,,,,,,
1783537444.072,3756668.0,9332.512,44.651623,,,,,,
1783537444.073,3756673.0,9331.813,44.656246,,,,,,
1783537444.073,3756678.0,9331.515,44.657116,,,,,,
1783537444.074,3756683.0,9331.515,44.657112,,,,,,
1783537444.075,3756688.0,9330.452,44.660187,,,,,,
1783537444.075,3756693.0,9330.916,44.658844,,,,,,
1783537444.076,3756698.0,9331.447,44.654694,,,,,,
1783537444.076,3756703.0,9331.183,44.65546,,,,,,
1783537444.077,3756708.0,9331.415,44.654785,,,,,,
1783537444.078,3756713.0,9332.712,44.648422,,,,,,
1783537444.078,3756718.0,9332.479,44.651718,,,,,,
1783537444.079,3756723.0,9331.715,44.653919,,,,,,
1783537444.325,3756728.0,9332.213,44.652477,,,,,,
1783537444.327,3756733.0,9331.946,44.653255,,,,,,
1783537444.328,3756738.0,9330.485,44.657471,,,,,,
1783537444.329,3756743.0,9330.851,44.653809,,,,,,
1783537444.330,3756748.0,9331.913,44.650734,,,,,,
1783537444.332,3756753.0,9331.747,44.648602,,,,,,
1783537444.333,3756758.0,9331.715,44.648693,,,,,,
1783537444.334,3756763.0,9333.11,44.64727,,,,,,
1783537444.335,3756768.0,9332.677,44.648525,,,,,,
1783537444.337,3756773.0,9332.046,44.652958,,,,,,
1783537444.338,3756778.0,9332.411,44.651913,,,,,,
1783537444.339,3756783.0,9332.978,44.650272,,,,,,
1783537444.341,3756788.0,9331.647,44.654118,,,,,,
1783537444.342,3756793.0,9331.78,44.653732,,,,,,
1783537444.343,3756798.0,9332.744,44.648327,,,,,,
1783537444.344,3756803.0,9332.678,44.651142,,,,,,
1783537444.344,3756808.0,9332.014,44.653057,,,,,,
1783537444.345,3756813.0,9333.209,44.646984,,,,,,
1783537444.346,3756818.0,9333.376,44.649124,,,,,,
1783537444.347,3756823.0,9332.179,44.65258,,,,,,
1783537444.347,3756828.0,9332.213,44.649864,,,,,,
1783537444.348,3756833.0,9332.411,44.6493,,,,,,
1783537444.349,3756838.0,9331.713,44.651314,,,,,,
1783537444.350,3756843.0,9331.581,44.649078,,,,,,
1783537444.351,3756848.0,9332.843,44.645435,,,,,,
1783537444.352,3756853.0,9332.645,44.646008,,,,,,
1783537444.352,3756858.0,9332.246,44.64716,,,,,,
1783537444.353,3756863.0,9333.11,44.644661,,,,,,
1783537444.354,3756868.0,9332.911,44.645237,,,,,,
1783537444.355,3756873.0,9331.713,44.65131,,,,,,
1783537444.356,3756878.0,9331.681,44.651402,,,,,,
1783537444.356,3756883.0,9331.548,44.651787,,,,,,
1783537444.357,3756888.0,9330.119,44.655922,,,,,,
1783537444.358,3756893.0,9330.585,44.654572,,,,,,
1783537444.359,3756898.0,9331.582,44.649078,,,,,,
1783537444.360,3756903.0,9331.715,44.651302,,,,,,
1783537444.363,3756908.0,9331.682,44.651398,,,,,,
1783537444.364,3756913.0,9332.777,44.648232,,,,,,
1783537444.365,3756918.0,9332.545,44.651524,,,,,,
1783537444.366,3756923.0,9331.614,44.654209,,,,,,
1783537444.368,3756928.0,9331.681,44.651402,,,,,,
1783537444.369,3756933.0,9331.781,44.653732,,,,,,
1783537444.370,3756938.0,9331.183,44.655457,,,,,,
1783537444.371,3756943.0,9330.95,44.653511,,,,,,
1783537444.372,3756948.0,9331.88,44.650833,,,,,,
1783537444.372,3756953.0,9331.78,44.653732,,,,,,
1783537444.373,3756958.0,9331.481,44.651978,,,,,,
1783537444.374,3756963.0,9331.88,44.650826,,,,,,
1783537444.375,3756968.0,9332.181,44.649963,,,,,,
1783537444.375,3756973.0,9330.718,44.654186,,,,,,
1783537444.376,3756978.0,9330.918,44.653606,,,,,,
1783537444.377,3756983.0,9331.98,44.650536,,,,,,
1783537444.378,3756988.0,9331.083,44.65313,,,,,,
1783537444.378,3756993.0,9331.117,44.653038,,,,,,
1783537444.379,3756998.0,9332.446,44.649193,,,,,,
1783537444.380,3757003.0,9331.814,44.648407,,,,,,
1783537444.381,3757008.0,9331.249,44.65004,,,,,,
1783537444.381,3757013.0,9332.278,44.647064,,,,,,
1783537444.382,3757018.0,9332.278,44.647064,,,,,,
1783537444.383,3757023.0,9331.216,44.652744,,,,,,
1783537444.384,3757028.0,9331.548,44.6544,,,,,,
1783537444.541,3757033.0,9331.88,44.653439,,,,,,
1783537444.543,3757038.0,9331.249,44.65527,,,,,,
1783537444.545,3757043.0,9331.548,44.654408,,,,,,
1783537444.546,3757048.0,9332.877,44.647949,,,,,,
1783537444.547,3757053.0,9332.978,44.647655,,,,,,
1783537444.547,3757058.0,9332.512,44.649002,,,,,,
1783537444.548,3757063.0,9332.845,44.648037,,,,,,
1783537444.549,3757068.0,9332.146,44.650066,,,,,,
1783537444.550,3757073.0,9331.348,44.657593,,,,,,
1783537444.551,3757078.0,9332.245,44.657612,,,,,,
1783537444.552,3757083.0,9332.578,44.656651,,,,,,
1783537444.553,3757088.0,9332.544,44.656757,,,,,,
1783537444.555,3757093.0,9333.808,44.658333,,,,,,
1783537444.557,3757098.0,9335.437,44.653625,,,,,,
1783537444.560,3757103.0,9335.338,44.651299,,,,,,
1783537444.562,3757108.0,9336.501,44.653168,,,,,,
1783537444.563,3757113.0,9338.43,44.652821,,,,,,
1783537444.564,3757118.0,9338.929,44.651379,,,,,,
1783537444.565,3757123.0,9338.696,44.65205,,,,,,
1783537444.565,3757128.0,9339.627,44.651974,,,,,,
1783537444.566,3757133.0,9341.024,44.650555,,,,,,
1783537444.567,3757138.0,9340.791,44.653843,,,,,,
1783537444.568,3757143.0,9341.489,44.654446,,,,,,
1783537444.569,3757148.0,9342.355,44.651939,,,,,,
1783537444.570,3757153.0,9342.622,44.653782,,,,,,
1783537444.571,3757158.0,9342.622,44.653782,,,,,,
1783537444.573,3757163.0,9344.321,44.648876,,,,,,
1783537444.574,3757168.0,9344.354,44.648785,,,,,,
1783537444.575,3757173.0,9344.088,44.649548,,,,,,
1783537444.577,3757178.0,9345.021,44.646851,,,,,,
1783537444.579,3757183.0,9344.921,44.647141,,,,,,
1783537444.580,3757188.0,9343.389,44.651569,,,,,,
1783537444.581,3757193.0,9343.155,44.652245,,,,,,
1783537444.581,3757198.0,9344.188,44.651878,,,,,,
1783537444.582,3757203.0,9343.288,44.651859,,,,,,
1783537444.584,3757208.0,9342.989,44.652721,,,,,,
1783537444.585,3757213.0,9344.056,44.649639,,,,,,
1783537444.587,3757218.0,9344.288,44.646355,,,,,,
1783537444.588,3757223.0,9343.455,44.646145,,,,,,
1783537444.590,3757228.0,9344.121,44.646839,,,,,,
1783537444.591,3757233.0,9344.454,44.645874,,,,,,
1783537444.592,3757238.0,9343.556,44.645855,,,,,,
1783537444.824,3757243.0,9343.988,44.644604,,,,,,
1783537444.825,3757248.0,9345.221,44.643661,,,,,,
1783537444.826,3757253.0,9345.487,44.645504,,,,,,
1783537444.826,3757258.0,9345.688,44.644928,,,,,,
1783537444.827,3757263.0,9346.687,44.644657,,,,,,
1783537444.828,3757268.0,9346.32,44.648331,,,,,,
1783537444.828,3757273.0,9345.188,44.651604,,,,,,
1783537444.829,3757278.0,9344.987,44.649567,,,,,,
1783537444.830,3757283.0,9345.254,44.651413,,,,,,
1783537444.830,3757288.0,9344.288,44.654202,,,,,,
1783537444.831,3757293.0,9344.854,44.655182,,,,,,
1783537444.832,3757298.0,9345.888,44.652195,,,,,,
1783537444.832,3757303.0,9346.22,44.653854,,,,,,
1783537444.833,3757308.0,9345.787,44.655106,,,,,,
1783537444.833,3757313.0,9347.62,44.649807,,,,,,
1783537444.834,3757318.0,9348.053,44.648556,,,,,,
1783537444.835,3757323.0,9347.555,44.652611,,,,,,
1783537444.835,3757328.0,9347.254,44.650867,,,,,,
1783537444.836,3757333.0,9347.754,44.649422,,,,,,
1783537444.837,3757338.0,9346.887,44.654541,,,,,,
1783537444.837,3757343.0,9346.986,44.651638,,,,,,
1783537444.838,3757348.0,9347.653,44.647095,,,,,,
1783537444.840,3757353.0,9347.554,44.649998,,,,,,
1783537444.840,3757358.0,9347.552,44.647388,,,,,,
1783537444.841,3757363.0,9347.853,44.643902,,,,,,
1783537444.842,3757368.0,9346.153,44.648811,,,,,,
1783537444.843,3757373.0,9344.423,44.651196,,,,,,
1783537444.843,3757378.0,9344.322,44.646255,,,,,,
1783537444.844,3757383.0,9343.622,44.648281,,,,,,
1783537444.845,3757388.0,9342.489,44.651554,,,,,,
1783537444.845,3757393.0,9343.556,44.648476,,,,,,
1783537444.846,3757398.0,9345.621,44.647736,,,,,,
1783537444.847,3757403.0,9346.754,44.649693,,,,,,
1783537444.847,3757408.0,9348.087,44.651073,,,,,,
1783537444.848,3757413.0,9350.021,44.648102,,,,,,
1783537444.849,3757418.0,9351.622,44.648712,,,,,,
1783537444.849,3757423.0,9351.555,44.651524,,,,,,
1783537444.850,3757428.0,9351.655,44.653847,,,,,,
1783537444.850,3757433.0,9352.29,44.652016,,,,,,
1783537444.851,3757438.0,9352.356,44.654438,,,,,,
1783537444.852,3757443.0,9352.724,44.655998,,,,,,
1783537444.853,3757448.0,9353.458,44.653877,,,,,,
1783537444.853,3757453.0,9353.591,44.650871,,,,,,
1783537444.854,3757458.0,9353.758,44.650391,,,,,,
1783537444.855,3757463.0,9354.459,44.648365,,,,,,
1783537444.856,3757468.0,9353.689,44.645351,,,,,,
1783537444.857,3757473.0,9352.99,44.644756,,,,,,
1783537444.858,3757478.0,9352.689,44.648243,,,,,,
1783537444.859,3757483.0,9352.256,44.649494,,,,,,
1783537444.861,3757488.0,9350.154,44.655563,,,,,,
1783537444.862,3757493.0,9349.955,44.656143,,,,,,
1783537444.863,3757498.0,9349.788,44.659248,,,,,,
1783537444.864,3757503.0,9349.388,44.657784,,,,,,
1783537444.865,3757508.0,9348.521,44.66029,,,,,,
1783537444.866,3757513.0,9349.354,44.657883,,,,,,
1783537445.003,3757518.0,9349.254,44.660786,,,,,,
1783537445.004,3757523.0,9348.121,44.664059,,,,,,
1783537445.005,3757528.0,9348.088,44.666775,,,,,,
1783537445.006,3757533.0,9348.12,44.6693,,,,,,
1783537445.006,3757538.0,9347.621,44.670742,,,,,,
1783537445.007,3757543.0,9347.088,44.672283,,,,,,
1783537445.008,3757548.0,9348.354,44.668621,,,,,,
1783537445.009,3757553.0,9348.62,44.670467,,,,,,
1783537445.009,3757558.0,9348.221,44.671623,,,,,,
1783537445.010,3757563.0,9348.188,44.671719,,,,,,
1783537445.011,3757568.0,9347.588,44.676067,,,,,,
1783537445.012,3757573.0,9346.354,44.679634,,,,,,
1783537445.012,3757578.0,9346.088,44.680405,,,,,,
1783537445.013,3757583.0,9346.388,44.679535,,,,,,
1783537445.014,3757588.0,9345.255,44.682808,,,,,,
1783537445.014,3757593.0,9345.555,44.681942,,,,,,
1783537445.015,3757598.0,9345.721,44.681465,,,,,,
1783537445.016,3757603.0,9345.088,44.683292,,,,,,
1783537445.016,3757608.0,9344.122,44.683468,,,,,,
1783537445.017,3757613.0,9344.755,44.684254,,,,,,
1783537445.018,3757618.0,9344.088,44.683563,,,,,,
1783537445.018,3757623.0,9342.791,44.68993,,,,,,
1783537445.019,3757628.0,9342.823,44.689835,,,,,,
1783537445.020,3757633.0,9342.623,44.690414,,,,,,
1783537445.022,3757638.0,9341.092,44.694839,,,,,,
1783537445.023,3757643.0,9341.658,44.695816,,,,,,
1783537445.024,3757648.0,9342.49,44.693417,,,,,,
1783537445.025,3757653.0,9341.459,44.696396,,,,,,
1783537445.026,3757658.0,9341.625,44.698532,,,,,,
1783537445.027,3757663.0,9342.39,44.696323,,,,,,
1783537445.028,3757668.0,9341.092,44.700073,,,,,,
1783537445.029,3757673.0,9339.595,44.704399,,,,,,
1783537445.273,3757678.0,9339.928,44.703438,,,,,,
1783537445.274,3757683.0,9339.162,44.70565,,,,,,
1783537445.275,3757688.0,9338.23,44.70834,,,,,,
1783537445.277,3757693.0,9337.932,44.709206,,,,,,
1783537445.278,3757698.0,9338.796,44.706707,,,,,,
1783537445.279,3757703.0,9337.731,44.709782,,,,,,
1783537445.280,3757708.0,9337.599,44.710167,,,,,,
1783537445.281,3757713.0,9338.431,44.710377,,,,,,
1783537445.282,3757718.0,9338.896,44.711647,,,,,,
1783537445.283,3757723.0,9338.563,44.712612,,,,,,
1783537445.284,3757728.0,9339.029,44.713879,,,,,,
1783537445.285,3757733.0,9339.494,44.71777,,,,,,
1783537445.285,3757738.0,9339.928,44.716518,,,,,,
1783537445.287,3757743.0,9340.726,44.716824,,,,,,
1783537445.288,3757748.0,9342.458,44.717052,,,,,,
1783537445.289,3757753.0,9343.19,44.717556,,,,,,
1783537445.290,3757758.0,9343.756,44.715923,,,,,,
1783537445.290,3757763.0,9344.622,44.718655,,,,,,
1783537445.291,3757768.0,9344.622,44.721275,,,,,,
1783537445.292,3757773.0,9343.589,44.724258,,,,,,
1783537445.293,3757778.0,9343.889,44.723392,,,,,,
1783537445.294,3757783.0,9344.422,44.721851,,,,,,
1783537445.294,3757788.0,9343.356,44.719692,,,,,,
1783537445.295,3757793.0,9343.256,44.717369,,,,,,
1783537445.296,3757798.0,9344.288,44.717003,,,,,,
1783537445.297,3757803.0,9344.222,44.717194,,,,,,
1783537445.298,3757808.0,9343.322,44.717175,,,,,,
1783537445.299,3757813.0,9344.422,44.713997,,,,,,
1783537445.300,3757818.0,9344.155,44.714767,,,,,,
1783537445.301,3757823.0,9342.424,44.717152,,,,,,
1783537445.302,3757828.0,9341.858,44.716167,,,,,,
1783537445.302,3757833.0,9341.825,44.71888,,,,,,
1783537445.303,3757838.0,9340.593,44.725063,,,,,,
1783537445.304,3757843.0,9340.026,44.724079,,,,,,
1783537445.305,3757848.0,9341.125,44.718292,,,,,,
1783537445.306,3757853.0,9341.226,44.720619,,,,,,
1783537445.307,3757858.0,9341.393,44.720131,,,,,,
1783537445.308,3757863.0,9341.558,44.719654,,,,,,
1783537445.308,3757868.0,9342.391,44.719868,,,,,,
1783537445.309,3757873.0,9341.591,44.724796,,,,,,
1783537445.310,3757878.0,9342.124,44.725872,,,,,,
1783537445.311,3757883.0,9341.758,44.726929,,,,,,
1783537445.312,3757888.0,9341.791,44.726833,,,,,,
1783537445.313,3757893.0,9342.757,44.726665,,,,,,
1783537445.313,3757898.0,9344.123,44.722717,,,,,,
1783537445.314,3757903.0,9344.123,44.720097,,,,,,
1783537445.315,3757908.0,9344.655,44.718559,,,,,,
1783537445.316,3757913.0,9345.788,44.717907,,,,,,
1783537445.317,3757918.0,9344.889,44.717884,,,,,,
1783537445.317,3757923.0,9343.889,44.720772,,,,,,
1783537445.318,3757928.0,9344.322,44.719521,,,,,,
1783537445.319,3757933.0,9345.088,44.717308,,,,,,
1783537445.320,3757938.0,9343.822,44.718349,,,,,,
1783537445.321,3757943.0,9344.256,44.717094,,,,,,
1783537445.322,3757948.0,9345.922,44.71228,,,,,,
1783537445.448,3757953.0,9346.021,44.711994,0.065321,129.29985,3757935.5,14.37072,,
1783537445.449,3758075.0,9345.288,44.711494,,,,,,
1783537445.450,3758080.0,9346.588,44.705124,,,,,,
1783537445.451,3758085.0,9346.555,44.702602,,,,,,
1783537445.451,3758090.0,9344.989,44.701893,,,,,,
1783537445.452,3758095.0,9345.021,44.699177,,,,,,
1783537445.656,3758100.0,9345.654,44.69735,,,,,,
1783537445.657,3758105.0,9344.556,44.700531,,,,,,
1783537445.658,3758110.0,9344.855,44.699661,,,,,,
1783537445.659,3758115.0,9346.32,44.698044,,,,,,
1783537445.660,3758120.0,9346.455,44.697655,,,,,,
1783537445.661,3758125.0,9346.321,44.698044,,,,,,
1783537445.661,3758130.0,9347.454,44.694771,,,,,,
1783537445.662,3758135.0,9347.82,44.69109,,,,,,
1783537445.664,3758140.0,9347.688,44.691475,,,,,,
1783537445.665,3758145.0,9348.021,44.690514,,,,,,
1783537445.666,3758150.0,9348.32,44.687031,,,,,,
1783537445.667,3758155.0,9347.854,44.685768,,,,,,
1783537445.668,3758160.0,9348.222,44.687317,,,,,,
1783537445.669,3758165.0,9348.455,44.684025,,,,,,
1783537445.669,3758170.0,9348.555,44.681122,,,,,,
1783537445.670,3758175.0,9348.987,44.682491,,,,,,
1783537445.671,3758180.0,9351.089,44.676414,,,,,,
1783537445.671,3758185.0,9351.556,44.672451,,,,,,
1783537445.672,3758190.0,9351.023,44.676609,,,,,,
1783537445.673,3758195.0,9352.156,44.675949,,,,,,
1783537445.674,3758200.0,9353.559,44.674515,,,,,,
1783537445.674,3758205.0,9352.258,44.680889,,,,,,
1783537445.675,3758210.0,9352.725,44.682156,,,,,,
1783537445.676,3758215.0,9354.861,44.675983,,,,,,
1783537445.676,3758220.0,9354.994,44.678215,,,,,,
1783537445.677,3758225.0,9355.228,44.674923,,,,,,
1783537445.678,3758230.0,9357.23,44.669136,,,,,,
1783537445.678,3758235.0,9358.232,44.666241,,,,,,
1783537445.679,3758240.0,9357.898,44.667206,,,,,,
1783537445.680,3758245.0,9358.366,44.663239,,,,,,
1783537445.680,3758250.0,9357.999,44.664299,,,,,,
1783537445.681,3758255.0,9357.664,44.665268,,,,,,
1783537445.682,3758260.0,9357.998,44.664303,,,,,,
1783537445.682,3758265.0,9358.9,44.661694,,,,,,
1783537445.683,3758270.0,9359.771,44.661797,,,,,,
1783537445.684,3758275.0,9360.471,44.659775,,,,,,
1783537445.684,3758280.0,9361.273,44.657455,,,,,,
1783537445.685,3758285.0,9360.338,44.660156,,,,,,
1783537445.685,3758290.0,9359.369,44.662956,,,,,,
1783537445.686,3758295.0,9359.269,44.660629,,,,,,
1783537445.687,3758300.0,9359.536,44.659859,,,,,,
1783537445.688,3758305.0,9358.935,44.661594,,,,,,
1783537445.688,3758310.0,9360.104,44.658218,,,,,,
1783537445.689,3758315.0,9361.842,44.653194,,,,,,
1783537445.690,3758320.0,9361.808,44.653294,,,,,,
1783537445.690,3758325.0,9362.411,44.65155,,,,,,
1783537445.691,3758330.0,9363.647,44.650593,,,,,,
1783537445.691,3758335.0,9363.279,44.65427,,,,,,
1783537445.825,3758340.0,9362.478,44.65659,,,,,,
1783537445.826,3758345.0,9362.878,44.658047,,,,,,
1783537445.827,3758350.0,9362.645,44.658726,,,,,,
1783537445.828,3758355.0,9361.607,44.659107,,,,,,
1783537445.828,3758360.0,9362.813,44.653008,,,,,,
1783537445.829,3758365.0,9363.882,44.649918,,,,,,
1783537445.830,3758370.0,9363.381,44.648746,,,,,,
1783537445.831,3758375.0,9363.18,44.64933,,,,,,
1783537445.831,3758380.0,9364.317,44.646042,,,,,,
1783537445.832,3758385.0,9362.812,44.650394,,,,,,
1783537445.833,3758390.0,9362.01,44.65271,,,,,,
1783537445.833,3758395.0,9362.611,44.65097,,,,,,
1783537445.834,3758400.0,9362.344,44.649124,,,,,,
1783537445.834,3758405.0,9360.873,44.653374,,,,,,
1783537445.835,3758410.0,9361.174,44.652504,,,,,,
1783537445.836,3758415.0,9362.076,44.649906,,,,,,
1783537445.836,3758420.0,9361.24,44.652317,,,,,,
1783537445.837,3758425.0,9361.475,44.654255,,,,,,
1783537445.838,3758430.0,9363.113,44.649521,,,,,,
1783537445.839,3758435.0,9363.046,44.649715,,,,,,
1783537445.840,3758440.0,9362.311,44.65184,,,,,,
1783537445.841,3758445.0,9363.414,44.651268,,,,,,
1783537445.841,3758450.0,9364.15,44.651756,,,,,,
1783537445.842,3758455.0,9363.28,44.656887,,,,,,
1783537445.843,3758460.0,9364.384,44.656319,,,,,,
1783537445.843,3758465.0,9365.02,44.657097,,,,,,
1783537445.844,3758470.0,9365.053,44.654385,,,,,,
1783537445.845,3758475.0,9365.42,44.650707,,,,,,
1783537445.845,3758480.0,9366.424,44.647804,,,,,,
1783537445.846,3758485.0,9365.755,44.647121,,,,,,
1783537445.846,3758490.0,9364.752,44.647404,,,,,,
1783537446.073,3758495.0,9364.385,44.648464,,,,,,
1783537446.074,3758500.0,9364.016,44.649532,,,,,,
1783537446.075,3758505.0,9362.811,44.650394,,,,,,
1783537446.076,3758510.0,9362.109,44.652424,,,,,,
1783537446.077,3758515.0,9363.045,44.649719,,,,,,
1783537446.078,3758520.0,9362.711,44.653301,,,,,,
1783537446.079,3758525.0,9362.311,44.654457,,,,,,
1783537446.079,3758530.0,9363.481,44.651073,,,,,,
1783537446.080,3758535.0,9364.552,44.650597,,,,,,
1783537446.081,3758540.0,9363.948,44.654957,,,,,,
1783537446.082,3758545.0,9364.217,44.654179,,,,,,
1783537446.083,3758550.0,9364.685,44.652828,,,,,,
1783537446.084,3758555.0,9363.982,44.657478,,,,,,
1783537446.085,3758560.0,9363.548,44.658733,,,,,,
1783537446.085,3758565.0,9365.354,44.653511,,,,,,
1783537446.086,3758570.0,9366.325,44.650707,,,,,,
1783537446.087,3758575.0,9367.363,44.652943,,,,,,
1783537446.088,3758580.0,9368.802,44.648785,,,,,,
1783537446.089,3758585.0,9369.872,44.645691,,,,,,
1783537446.090,3758590.0,9368.835,44.65131,,,,,,
1783537446.091,3758595.0,9368.935,44.653641,,,,,,
1783537446.091,3758600.0,9368.936,44.65102,,,,,,
1783537446.092,3758605.0,9368.266,44.652954,,,,,,
1783537446.093,3758610.0,9369.137,44.650436,,,,,,
1783537446.094,3758615.0,9370.208,44.647343,,,,,,
1783537446.095,3758620.0,9370.141,44.647537,,,,,,
1783537446.095,3758625.0,9370.275,44.649765,,,,,,
1783537446.096,3758630.0,9371.112,44.647346,,,,,,
1783537446.097,3758635.0,9370.342,44.649574,,,,,,
1783537446.098,3758640.0,9369.739,44.648697,,,,,,
1783537446.099,3758645.0,9370.174,44.647442,,,,,,
1783537446.100,3758650.0,9369.705,44.646175,,,,,,
1783537446.100,3758655.0,9369.068,44.650635,,,,,,
1783537446.101,3758660.0,9369.94,44.650734,,,,,,
1783537446.102,3758665.0,9371.783,44.650646,,,,,,
1783537446.103,3758670.0,9372.924,44.649967,,,,,,
1783537446.104,3758675.0,9373.795,44.65007,,,,,,
1783537446.105,3758680.0,9375.939,44.643875,,,,,,
1783537446.105,3758685.0,9376.576,44.642033,,,,,,
1783537446.106,3758690.0,9375.403,44.645424,,,,,,
1783537446.107,3758695.0,9375.068,44.643768,,,,,,
1783537446.108,3758700.0,9375.303,44.645714,,,,,,
1783537446.109,3758705.0,9374.296,44.651237,,,,,,
1783537446.110,3758710.0,9374.531,44.653179,,,,,,
1783537446.110,3758715.0,9375.537,44.647652,,,,,,
1783537446.111,3758720.0,9376.006,44.648918,,,,,,
1783537446.112,3758725.0,9376.342,44.645329,,,,,,
1783537446.113,3758730.0,9377.281,44.642612,,,,,,
1783537446.114,3758735.0,9376.711,44.64426,,,,,,
1783537446.114,3758740.0,9375.939,44.649113,,,,,,
1783537446.115,3758745.0,9375.303,44.648331,,,,,,
1783537446.116,3758750.0,9374.698,44.650078,,,,,,
1783537446.117,3758755.0,9372.99,44.652393,,,,,,
1783537446.117,3758760.0,9372.286,44.65181,,,,,,
1783537446.118,3758765.0,9371.716,44.648224,,,,,,
1783537446.264,3758770.0,9370.644,44.648701,,,,,,
1783537446.265,3758775.0,9369.605,44.646461,,,,,,
1783537446.266,3758780.0,9369.537,44.644043,,,,,,
1783537446.267,3758785.0,9368.834,44.643459,,,,,,
1783537446.268,3758790.0,9368.667,44.646557,,,,,,
1783537446.269,3758795.0,9368.4,44.647327,,,,,,
1783537446.269,3758800.0,9368.768,44.648884,,,,,,
1783537446.270,3758805.0,9368.734,44.6516,,,,,,
1783537446.271,3758810.0,9368.768,44.651505,,,,,,
1783537446.272,3758815.0,9368.834,44.648693,,,,,,
1783537446.273,3758820.0,9369.069,44.650635,,,,,,
1783537446.274,3758825.0,9368.802,44.651405,,,,,,
1783537446.274,3758830.0,9368.7,44.649078,,,,,,
1783537446.275,3758835.0,9368.165,44.650623,,,,,,
1783537446.276,3758840.0,9367.094,44.653721,,,,,,
1783537446.277,3758845.0,9367.061,44.651199,,,,,,
1783537446.278,3758850.0,9367.127,44.651009,,,,,,
1783537446.279,3758855.0,9366.392,44.650517,,,,,,
1783537446.280,3758860.0,9367.194,44.648197,,,,,,
1783537446.281,3758865.0,9368.131,44.648106,,,,,,
1783537446.282,3758870.0,9368.165,44.648006,,,,,,
1783537446.282,3758875.0,9368.098,44.648205,,,,,,
1783537446.283,3758880.0,9369.873,44.648312,,,,,,
1783537446.284,3758885.0,9369.672,44.648891,,,,,,
1783537446.285,3758890.0,9369.505,44.646755,,,,,,
1783537446.285,3758895.0,9369.84,44.645786,,,,,,
1783537446.287,3758900.0,9370.175,44.647438,,,,,,
1783537446.288,3758905.0,9368.366,44.652664,,,,,,
1783537446.289,3758910.0,9369.003,44.653442,,,,,,
1783537446.290,3758915.0,9370.377,44.649471,,,,,,
1783537446.291,3758920.0,9370.745,44.651028,,,,,,
1783537446.292,3758925.0,9370.912,44.650547,,,,,,
1783537446.293,3758930.0,9372.855,44.647549,,,,,,
1783537446.294,3758935.0,9373.224,44.649101,,,,,,
1783537446.295,3758940.0,9372.889,44.655308,,,,,,
1783537446.507,3758945.0,9373.324,44.654045,,,,,,
1783537446.508,3758950.0,9373.76,44.655411,,,,,,
1783537446.510,3758955.0,9373.224,44.65696,,,,,,
1783537446.511,3758960.0,9372.787,44.658218,,,,,,
1783537446.512,3758965.0,9373.022,44.654919,,,,,,
1783537446.513,3758970.0,9372.62,44.656082,,,,,,
1783537446.514,3758975.0,9372.62,44.656082,,,,,,
1783537446.515,3758980.0,9373.291,44.654144,,,,,,
1783537446.516,3758985.0,9373.357,44.651333,,,,,,
1783537446.517,3758990.0,9372.286,44.657047,,,,,,
1783537446.518,3758995.0,9372.186,44.659958,,,,,,
1783537446.519,3759000.0,9371.917,44.658112,,,,,,
1783537446.520,3759005.0,9371.314,44.657238,,,,,,
1783537446.521,3759010.0,9372.219,44.657242,,,,,,
1783537446.522,3759015.0,9373.525,44.653465,,,,,,
1783537446.524,3759020.0,9374.264,44.651337,,,,,,
1783537446.525,3759025.0,9375.135,44.651436,,,,,,
1783537446.526,3759030.0,9376.207,44.653576,,,,,,
1783537446.527,3759035.0,9375.805,44.65736,,,,,,
1783537446.528,3759040.0,9374.9,44.659973,,,,,,
1783537446.528,3759045.0,9375.47,44.660942,,,,,,
1783537446.529,3759050.0,9375.738,44.662785,,,,,,
1783537446.530,3759055.0,9374.397,44.664043,,,,,,
1783537446.531,3759060.0,9374.532,44.661034,,,,,,
1783537446.532,3759065.0,9376.074,44.659195,,,,,,
1783537446.532,3759070.0,9375.471,44.658325,,,,,,
1783537446.534,3759075.0,9374.866,44.657448,,,,,,
1783537446.535,3759080.0,9376.006,44.656776,,,,,,
1783537446.536,3759085.0,9375.974,44.656872,,,,,,
1783537446.537,3759090.0,9374.297,44.659096,,,,,,
1783537446.538,3759095.0,9374.431,44.658707,,,,,,
1783537446.538,3759100.0,9374.364,44.658901,,,,,,
1783537446.539,3759105.0,9372.554,44.661514,,,,,,
1783537446.540,3759110.0,9371.549,44.664417,,,,,,
1783537446.541,3759115.0,9371.816,44.661026,,,,,,
1783537446.541,3759120.0,9370.51,44.662178,,,,,,
1783537446.542,3759125.0,9368.701,44.664787,,,,,,
1783537446.543,3759130.0,9369.975,44.658489,,,,,,
1783537446.544,3759135.0,9370.577,44.656746,,,,,,
1783537446.544,3759140.0,9369.74,44.661785,,,,,,
1783537446.545,3759145.0,9369.873,44.664024,,,,,,
1783537446.546,3759150.0,9370.777,44.664028,,,,,,
1783537446.547,3759155.0,9369.036,44.67168,,,,,,
1783537446.548,3759160.0,9367.896,44.674973,,,,,,
1783537446.548,3759165.0,9368.366,44.673615,,,,,,
1783537446.549,3759170.0,9368.031,44.674583,,,,,,
1783537446.550,3759175.0,9366.826,44.678066,,,,,,
1783537446.551,3759180.0,9366.994,44.674957,,,,,,
1783537446.551,3759185.0,9366.158,44.677376,,,,,,
1783537446.552,3759190.0,9363.982,44.686279,,,,,,
1783537446.553,3759195.0,9362.678,44.687431,,,,,,
1783537446.554,3759200.0,9361.709,44.690231,,,,,,
1783537446.688,3759205.0,9359.502,44.699226,,,,,,
1783537446.689,3759210.0,9359.235,44.700001,,,,,,
1783537446.690,3759215.0,9359.302,44.699806,,,,,,
1783537446.690,3759220.0,9358.6,44.704453,,,,,,
1783537446.692,3759225.0,9358.634,44.704353,,,,,,
1783537446.693,3759230.0,9360.003,44.703018,,,,,,
1783537446.694,3759235.0,9359.401,44.707375,,,,,,
1783537446.694,3759240.0,9358.166,44.710945,,,,,,
1783537446.695,3759245.0,9358.1,44.716373,,,,,,
1783537446.696,3759250.0,9357.799,44.722481,,,,,,
1783537446.696,3759255.0,9355.928,44.733124,,,,,,
1783537446.697,3759260.0,9355.093,44.738155,,,,,,
1783537446.698,3759265.0,9355.827,44.738651,,,,,,
1783537446.698,3759270.0,9355.427,44.742432,,,,,,
1783537446.699,3759275.0,9353.992,44.746574,,,,,,
1783537446.700,3759280.0,9354.125,44.746185,,,,,,
1783537446.700,3759285.0,9353.19,44.751511,,,,,,
1783537446.701,3759290.0,9351.022,44.760395,,,,,,
1783537446.702,3759295.0,9349.321,44.765312,,,,,,
1783537446.703,3759300.0,9348.287,44.77092,,,,,,
1783537446.704,3759305.0,9345.955,44.777657,,,,,,
1783537446.705,3759310.0,9345.021,44.780354,,,,,,
1783537446.706,3759315.0,9344.422,44.784706,,,,,,
1783537446.706,3759320.0,9343.356,44.787785,,,,,,
1783537446.707,3759325.0,9342.623,44.792526,,,,,,
1783537446.707,3759330.0,9343.123,44.793697,,,,,,
1783537446.708,3759335.0,9341.892,44.802498,,,,,,
1783537446.709,3759340.0,9340.693,44.808578,,,,,,
1783537446.709,3759345.0,9340.193,44.815258,,,,,,
1783537446.710,3759350.0,9339.528,44.819801,,,,,,
1783537446.710,3759355.0,9337.565,44.828094,,,,,,
1783537446.973,3759360.0,9337.399,44.8312,,,,,,
1783537446.974,3759365.0,9337.365,44.83392,,,,,,
1783537446.975,3759370.0,9335.903,44.840767,,,,,,
1783537446.976,3759375.0,9334.64,44.847034,,,,,,
1783537446.977,3759380.0,9334.706,44.849468,,,,,,
1783537446.978,3759385.0,9333.477,44.85302,,,,,,
1783537446.979,3759390.0,9332.479,44.858521,,,,,,
1783537446.980,3759395.0,9332.811,44.860191,,,,,,
1783537446.981,3759400.0,9332.679,44.86319,,,,,,
1783537446.981,3759405.0,9331.416,44.869457,,,,,,
1783537446.982,3759410.0,9331.084,44.87566,,,,,,
1783537446.983,3759415.0,9331.118,44.875565,,,,,,
1783537446.984,3759420.0,9330.221,44.878151,,,,,,
1783537446.985,3759425.0,9330.42,44.880203,,,,,,
1783537446.986,3759430.0,9331.283,44.880325,,,,,,
1783537446.986,3759435.0,9330.453,44.882721,,,,,,
1783537446.988,3759440.0,9328.993,44.889561,,,,,,
1783537446.988,3759445.0,9328.428,44.893818,,,,,,
1783537446.989,3759450.0,9327.001,44.897938,,,,,,
1783537446.990,3759455.0,9324.446,44.905319,,,,,,
1783537446.991,3759460.0,9323.385,44.905766,,,,,,
1783537446.992,3759465.0,9322.756,44.904961,,,,,,
1783537446.993,3759470.0,9321.362,44.906364,,,,,,
1783537446.993,3759475.0,9319.938,44.910492,,,,,,
1783537446.994,3759480.0,9320.136,44.907299,,,,,,
1783537446.995,3759485.0,9320.136,44.907295,,,,,,
1783537446.996,3759490.0,9319.407,44.909397,,,,,,
1783537446.997,3759495.0,9319.805,44.910873,,,,,,
1783537446.998,3759500.0,9320.201,44.907108,,,,,,
1783537446.998,3759505.0,9319.01,44.910545,,,,,,
1783537446.999,3759510.0,9319.109,44.910259,,,,,,
1783537447.000,3759515.0,9319.275,44.912403,,,,,,
1783537447.001,3759520.0,9317.885,44.913803,,,,,,
1783537447.002,3759525.0,9317.255,44.915619,,,,,,
1783537447.002,3759530.0,9318.182,44.912941,,,,,,
1783537447.003,3759535.0,9316.923,44.916576,,,,,,
1783537447.004,3759540.0,9315.104,44.919212,,,,,,
1783537447.005,3759545.0,9315.302,44.91864,,,,,,
1783537447.006,3759550.0,9315.501,44.918064,,,,,,
1783537447.006,3759555.0,9313.745,44.920521,,,,,,
1783537447.007,3759560.0,9313.547,44.918468,,,,,,
1783537447.008,3759565.0,9315.633,44.909824,,,,,,
1783537447.009,3759570.0,9316.029,44.90868,,,,,,
1783537447.009,3759575.0,9315.864,44.909157,,,,,,
1783537447.010,3759580.0,9317.752,44.906319,,,,,,
1783537447.011,3759585.0,9319.242,44.904633,,,,,,
1783537447.012,3759590.0,9319.109,44.907639,,,,,,
1783537447.012,3759595.0,9319.971,44.905151,,,,,,
1783537447.013,3759600.0,9321.264,44.901413,,,,,,
1783537447.014,3759605.0,9321.727,44.900078,,,,,,
1783537447.015,3759610.0,9323.153,44.895954,,,,,,
1783537447.015,3759615.0,9324.977,44.890686,,,,,,
1783537447.016,3759620.0,9326.072,44.88752,,,,,,
1783537447.017,3759625.0,9327.166,44.884357,,,,,,
1783537447.018,3759630.0,9328.893,44.879368,,,,,,
1783537447.018,3759635.0,9329.457,44.877739,,,,,,
1783537447.020,3759640.0,9329.656,44.877163,,,,,,
1783537447.020,3759645.0,9330.917,44.87352,,,,,,
1783537447.159,3759650.0,9332.347,44.869389,0.25214,134.396393,3759625.25,55.47073,,
1783537447.160,3759772.0,9339.014,44.847507,,,,,,
1783537447.161,3759777.0,9346.383,44.823589,,,,,,
1783537447.162,3759782.0,9354.252,44.798233,,,,,,
1783537447.163,3759787.0,9361.593,44.774399,,,,,,
1783537447.163,3759792.0,9367.597,44.754429,,,,,,
1783537447.164,3759797.0,9368.198,44.750069,,,,,,
1783537447.165,3759802.0,9367.931,44.745602,,,,,,
1783537447.166,3759807.0,9366.659,44.746651,,,,,,
1783537447.167,3759812.0,9365.924,44.746155,,,,,,
1783537447.390,3759817.0,9366.391,44.739559,,,,,,
1783537447.391,3759822.0,9365.688,44.738972,,,,,,
1783537447.392,3759827.0,9366.425,44.736851,,,,,,
1783537447.393,3759832.0,9368.635,44.72784,,,,,,
1783537447.394,3759837.0,9369.841,44.721737,,,,,,
1783537447.396,3759842.0,9370.813,44.718929,,,,,,
1783537447.397,3759847.0,9373.593,44.710896,,,,,,
1783537447.398,3759852.0,9375.403,44.705666,,,,,,
1783537447.399,3759857.0,9376.007,44.706535,,,,,,
1783537447.400,3759862.0,9376.945,44.703827,,,,,,
1783537447.401,3759867.0,9377.247,44.702953,,,,,,
1783537447.402,3759872.0,9376.71,44.701885,,,,,,
1783537447.403,3759877.0,9376.342,44.700333,,,,,,
1783537447.404,3759882.0,9376.711,44.691406,,,,,,
1783537447.405,3759887.0,9377.113,44.687622,,,,,,
1783537447.406,3759892.0,9377.75,44.683167,,,,,,
1783537447.407,3759897.0,9378.724,44.680351,,,,,,
1783537447.407,3759902.0,9378.086,44.682198,,,,,,
1783537447.408,3759907.0,9377.549,44.683746,,,,,,
1783537447.409,3759912.0,9377.214,44.682095,,,,,,
1783537447.410,3759917.0,9376.678,44.683643,,,,,,
1783537447.411,3759922.0,9376.04,44.682865,,,,,,
1783537447.411,3759927.0,9376.912,44.677727,,,,,,
1783537447.412,3759932.0,9378.255,44.676472,,,,,,
1783537447.413,3759937.0,9378.858,44.674721,,,,,,
1783537447.414,3759942.0,9379.831,44.671909,,,,,,
1783537447.415,3759947.0,9381.375,44.670071,,,,,,
1783537447.416,3759952.0,9382.214,44.667648,,,,,,
1783537447.417,3759957.0,9381.342,44.670166,,,,,,
1783537447.418,3759962.0,9381.846,44.671333,,,,,,
1783537447.419,3759967.0,9383.154,44.664928,,,,,,
1783537447.420,3759972.0,9382.281,44.667454,,,,,,
1783537447.421,3759977.0,9382.786,44.668613,,,,,,
1783537447.422,3759982.0,9384.868,44.659977,,,,,,
1783537447.422,3759987.0,9385.036,44.659492,,,,,,
1783537447.423,3759992.0,9385.171,44.661724,,,,,,
1783537447.424,3759997.0,9387.019,44.65638,,,,,,
1783537447.425,3760002.0,9387.354,44.655415,,,,,,
1783537447.425,3760007.0,9387.052,44.658905,,,,,,
1783537447.426,3760012.0,9387.523,44.654926,,,,,,
1783537447.427,3760017.0,9387.926,44.653763,,,,,,
1783537447.428,3760022.0,9386.817,44.656967,,,,,,
1783537447.428,3760027.0,9386.279,44.658516,,,,,,
1783537447.429,3760032.0,9386.413,44.658134,,,,,,
1783537447.430,3760037.0,9386.38,44.660847,,,,,,
1783537447.431,3760042.0,9386.279,44.661137,,,,,,
1783537447.431,3760047.0,9388.027,44.656086,,,,,,
1783537447.433,3760052.0,9388.97,44.653362,,,,,,
1783537447.433,3760057.0,9389.474,44.651909,,,,,,
1783537447.434,3760062.0,9390.517,44.648895,,,,,,
1783537447.435,3760067.0,9391.189,44.64695,,,,,,
1783537447.436,3760072.0,9390.281,44.652195,,,,,,
1783537447.436,3760077.0,9391.391,44.651611,,,,,,
1783537447.437,3760082.0,9392.637,44.650631,,,,,,
1783537447.583,3760087.0,9392.974,44.652271,,,,,,
1783537447.584,3760092.0,9394.22,44.651295,,,,,,
1783537447.585,3760097.0,9396.307,44.645264,,,,,,
1783537447.586,3760102.0,9396.744,44.646614,,,,,,
1783537447.586,3760107.0,9396.272,44.6506,,,,,,
1783537447.587,3760112.0,9397.35,44.650105,,,,,,
1783537447.588,3760117.0,9397.653,44.651848,,,,,,
1783537447.589,3760122.0,9396.912,44.656609,,,,,,
1783537447.590,3760127.0,9397.688,44.654369,,,,,,
1783537447.591,3760132.0,9399.237,44.649891,,,,,,
1783537447.592,3760137.0,9399.068,44.650379,,,,,,
1783537447.593,3760142.0,9398.935,44.648148,,,,,,
1783537447.594,3760147.0,9400.045,44.642323,,,,,,
1783537447.595,3760152.0,9399.54,44.64378,,,,,,
1783537447.596,3760157.0,9397.687,44.646511,,,,,,
1783537447.597,3760162.0,9397.216,44.645252,,,,,,
1783537447.598,3760167.0,9396.373,44.64769,,,,,,
1783537447.598,3760172.0,9394.387,44.653427,,,,,,
1783537447.599,3760177.0,9393.443,44.653538,,,,,,
1783537447.600,3760182.0,9394.017,44.651878,,,,,,
1783537447.601,3760187.0,9393.982,44.651978,,,,,,
1783537447.601,3760192.0,9394.151,44.651489,,,,,,
1783537447.603,3760197.0,9396.205,44.648174,,,,,,
1783537447.603,3760202.0,9396.744,44.649235,,,,,,
1783537447.604,3760207.0,9396.846,44.648941,,,,,,
1783537447.605,3760212.0,9397.249,44.647778,,,,,,
1783537447.606,3760217.0,9397.047,44.650986,,,,,,
1783537447.606,3760222.0,9395.161,44.653809,,,,,,
1783537447.607,3760227.0,9394.623,44.652744,,,,,,
1783537447.608,3760232.0,9394.959,44.651779,,,,,,
1783537447.608,3760237.0,9394.084,44.654301,,,,,,
1783537447.609,3760242.0,9393.479,44.653435,,,,,,
1783537447.610,3760247.0,9393.344,44.651203,,,,,,
1783537447.610,3760252.0,9392.637,44.648006,,,,,,
1783537447.611,3760257.0,9390.786,44.650734,,,,,,
1783537447.839,3760262.0,9389.943,44.650551,,,,,,
1783537447.841,3760267.0,9389.305,44.64716,,,,,,
1783537447.842,3760272.0,9388.396,44.647167,,,,,,
1783537447.842,3760277.0,9388.195,44.650364,,,,,,
1783537447.843,3760282.0,9388.396,44.647163,,,,,,
1783537447.844,3760287.0,9388.263,44.647545,,,,,,
1783537447.845,3760292.0,9388.599,44.651817,,,,,,
1783537447.846,3760297.0,9389.877,44.650745,,,,,,
1783537447.847,3760302.0,9390.314,44.649479,,,,,,
1783537447.848,3760307.0,9389.709,44.653847,,,,,,
1783537447.848,3760312.0,9390.685,44.651028,,,,,,
1783537447.849,3760317.0,9391.189,44.64957,,,,,,
1783537447.850,3760322.0,9390.214,44.65239,,,,,,
1783537447.851,3760327.0,9390.08,44.652775,,,,,,
1783537447.852,3760332.0,9391.592,44.651028,,,,,,
1783537447.853,3760337.0,9391.357,44.651707,,,,,,
1783537447.854,3760342.0,9391.357,44.649086,,,,,,
1783537447.855,3760347.0,9393.006,44.644321,,,,,,
1783537447.856,3760352.0,9393.242,44.643639,,,,,,
1783537447.857,3760357.0,9392.468,44.643257,,,,,,
1783537447.857,3760362.0,9392.737,44.642475,,,,,,
1783537447.858,3760367.0,9392.67,44.64267,,,,,,
1783537447.859,3760372.0,9391.424,44.648891,,,,,,
1783537447.860,3760377.0,9392.366,44.648792,,,,,,
1783537447.861,3760382.0,9393.814,44.644608,,,,,,
1783537447.862,3760387.0,9394.218,44.646057,,,,,,
1783537447.863,3760392.0,9395.295,44.648186,,,,,,
1783537447.864,3760397.0,9397.99,44.640396,,,,,,
1783537447.865,3760402.0,9398.394,44.639233,,,,,,
1783537447.865,3760407.0,9398.092,44.645344,,,,,,
1783537447.866,3760412.0,9399.137,44.644939,,,,,,
1783537447.867,3760417.0,9399.237,44.64465,,,,,,
1783537447.868,3760422.0,9397.688,44.651749,,,,,,
1783537447.869,3760427.0,9398.26,44.652714,,,,,,
1783537447.870,3760432.0,9399.136,44.650185,,,,,,
1783537447.871,3760437.0,9398.866,44.650963,,,,,,
1783537447.871,3760442.0,9399.405,44.649406,,,,,,
1783537447.872,3760447.0,9401.125,44.64706,,,,,,
1783537447.873,3760452.0,9400.99,44.647449,,,,,,
1783537447.874,3760457.0,9401.26,44.646671,,,,,,
1783537447.875,3760462.0,9402.237,44.646465,,,,,,
1783537447.876,3760467.0,9402.643,44.647915,,,,,,
1783537447.877,3760472.0,9402.17,44.649284,,,,,,
1783537447.877,3760477.0,9403.385,44.648392,,,,,,
1783537447.878,3760482.0,9404.127,44.648872,,,,,,
1783537447.879,3760487.0,9403.722,44.647423,,,,,,
1783537447.880,3760492.0,9403.317,44.645969,,,,,,
1783537447.881,3760497.0,9403.756,44.642078,,,,,,
1783537447.882,3760502.0,9401.8,44.645111,,,,,,
1783537447.882,3760507.0,9399.811,44.648235,,,,,,
1783537447.883,3760512.0,9399.17,44.647469,,,,,,
1783537447.884,3760517.0,9398.833,44.645824,,,,,,
1783537447.885,3760522.0,9396.912,44.648754,,,,,,
1783537447.886,3760527.0,9396.777,44.646519,,,,,,
1783537447.886,3760532.0,9397.519,44.641762,,,,,,
1783537448.017,3760537.0,9397.216,44.645252,,,,,,
1783537448.018,3760542.0,9397.25,44.645153,,,,,,
1783537448.019,3760547.0,9398.9,44.643005,,,,,,
1783537448.020,3760552.0,9399.237,44.644653,,,,,,
1783537448.021,3760557.0,9398.732,44.648724,,,,,,
1783537448.022,3760562.0,9398.631,44.649021,,,,,,
1783537448.023,3760567.0,9399.136,44.650185,,,,,,
1783537448.025,3760572.0,9397.889,44.653786,,,,,,
1783537448.025,3760577.0,9397.99,44.650875,,,,,,
1783537448.026,3760582.0,9397.822,44.648746,,,,,,
1783537448.027,3760587.0,9397.553,44.646904,,,,,,
1783537448.028,3760592.0,9396.643,44.649529,,,,,,
1783537448.029,3760597.0,9396.677,44.646809,,,,,,
1783537448.029,3760602.0,9395.901,44.649052,,,,,,
1783537448.030,3760607.0,9395.296,44.650803,,,,,,
1783537448.031,3760612.0,9395.229,44.650993,,,,,,
1783537448.032,3760617.0,9394.656,44.650032,,,,,,
1783537448.032,3760622.0,9393.779,44.652565,,,,,,
1783537448.033,3760627.0,9393.208,44.654217,,,,,,
1783537448.035,3760632.0,9393.747,44.65266,,,,,,
1783537448.036,3760637.0,9393.747,44.65266,,,,,,
1783537448.037,3760642.0,9393.881,44.652271,,,,,,
1783537448.038,3760647.0,9395.396,44.647892,,,,,,
1783537448.038,3760652.0,9396.205,44.648174,,,,,,
1783537448.039,3760657.0,9396.239,44.648075,,,,,,
1783537448.040,3760662.0,9397.216,44.647873,,,,,,
1783537448.041,3760667.0,9398.024,44.648159,,,,,,
1783537448.042,3760672.0,9396.71,44.654568,,,,,,
1783537448.042,3760677.0,9396.542,44.652439,,,,,,
1783537448.043,3760682.0,9397.553,44.652142,,,,,,
1783537448.044,3760687.0,9397.081,44.653503,,,,,,
1783537448.256,3760692.0,9396.711,44.654564,,,,,,
1783537448.257,3760697.0,9397.755,44.651554,,,,,,
1783537448.258,3760702.0,9398.092,44.653198,,,,,,
1783537448.260,3760707.0,9397.451,44.657677,,,,,,
1783537448.261,3760712.0,9397.585,44.659908,,,,,,
1783537448.262,3760717.0,9397.721,44.662144,,,,,,
1783537448.263,3760722.0,9397.248,44.666126,,,,,,
1783537448.264,3760727.0,9398.395,44.665436,,,,,,
1783537448.265,3760732.0,9399.777,44.661442,,,,,,
1783537448.266,3760737.0,9399.811,44.663967,,,,,,
1783537448.267,3760742.0,9400.417,44.662212,,,,,,
1783537448.268,3760747.0,9402.44,44.658989,,,,,,
1783537448.269,3760752.0,9402.205,44.659668,,,,,,
1783537448.270,3760757.0,9401.631,44.663948,,,,,,
1783537448.272,3760762.0,9402.271,44.659473,,,,,,
1783537448.273,3760767.0,9402.406,44.661705,,,,,,
1783537448.273,3760772.0,9400.686,44.666683,,,,,,
1783537448.274,3760777.0,9400.315,44.670364,,,,,,
1783537448.275,3760782.0,9400.755,44.671722,,,,,,
1783537448.276,3760787.0,9400.114,44.678814,,,,,,
1783537448.277,3760792.0,9399.844,44.682213,,,,,,
1783537448.277,3760797.0,9401.227,44.68084,,,,,,
1783537448.278,3760802.0,9402.103,44.683548,,,,,,
1783537448.279,3760807.0,9401.328,44.688408,,,,,,
1783537448.280,3760812.0,9401.698,44.68996,,,,,,
1783537448.281,3760817.0,9401.698,44.692585,,,,,,
1783537448.281,3760822.0,9400.182,44.702206,,,,,,
1783537448.282,3760827.0,9399.236,44.704937,,,,,,
1783537448.283,3760832.0,9398.799,44.706203,,,,,,
1783537448.284,3760837.0,9398.125,44.710773,,,,,,
1783537448.284,3760842.0,9397.316,44.713108,,,,,,
1783537448.286,3760847.0,9396.71,44.712238,,,,,,
1783537448.286,3760852.0,9394.69,44.715458,,,,,,
1783537448.288,3760857.0,9392.536,44.719059,,,,,,
1783537448.289,3760862.0,9390.147,44.720715,,,,,,
1783537448.290,3760867.0,9387.625,44.725384,,,,,,
1783537448.290,3760872.0,9384.398,44.734707,,,,,,
1783537448.291,3760877.0,9382.818,44.741894,,,,,,
1783537448.292,3760882.0,9381.576,44.748104,,,,,,
1783537448.293,3760887.0,9380.335,44.754314,,,,,,
1783537448.293,3760892.0,9378.958,44.763535,,,,,,
1783537448.294,3760897.0,9379.093,44.768387,,,,,,
1783537448.295,3760902.0,9377.65,44.775177,,,,,,
1783537448.296,3760907.0,9374.868,44.785839,,,,,,
1783537448.297,3760912.0,9372.756,44.797188,,,,,,
1783537448.297,3760917.0,9370.646,44.803284,,,,,,
1783537448.298,3760922.0,9366.928,44.81403,,,,,,
1783537448.299,3760927.0,9364.283,44.821671,,,,,,
1783537448.300,3760932.0,9362.611,44.829124,,,,,,
1783537448.300,3760937.0,9359.838,44.837139,,,,,,
1783537448.301,3760942.0,9356.497,44.846794,,,,,,
1783537448.302,3760947.0,9354.161,44.850918,,,,,,
1783537448.433,3760952.0,9350.924,44.862896,,,,,,
1783537448.433,3760957.0,9347.322,44.873302,,,,,,
1783537448.434,3760962.0,9344.722,44.883434,,,,,,
1783537448.435,3760967.0,9341.959,44.896667,,,,,,
1783537448.436,3760972.0,9338.564,44.911724,,,,,,
1783537448.436,3760977.0,9336.701,44.919735,,,,,,
1783537448.437,3760982.0,9335.172,44.929401,,,,,,
1783537448.438,3760987.0,9332.979,44.938362,,,,,,
1783537448.439,3760992.0,9330.919,44.946934,,,,,,
1783537448.440,3760997.0,9330.056,44.954678,,,,,,
1783537448.441,3761002.0,9327.268,44.967979,,,,,,
1783537448.441,3761007.0,9324.018,44.979996,,,,,,
1783537448.442,3761012.0,9321.763,44.991756,,,,,,
1783537448.443,3761017.0,9320.005,45.002087,,,,,,
1783537448.443,3761022.0,9316.725,45.014187,,,,,,
1783537448.444,3761027.0,9314.904,45.024693,,,,,,
1783537448.444,3761032.0,9313.68,45.033482,,,,,,
1783537448.445,3761037.0,9311.629,45.04203,,,,,,
1783537448.446,3761042.0,9309.678,45.050297,,,,,,
1783537448.447,3761047.0,9308.983,45.057552,,,,,,
1783537448.447,3761052.0,9307.364,45.064854,,,,,,
1783537448.448,3761057.0,9305.118,45.073971,,,,,,
1783537448.449,3761062.0,9302.544,45.084034,,,,,,
1783537448.449,3761067.0,9300.333,45.09304,,,,,,
1783537448.450,3761072.0,9297.692,45.103298,,,,,,
1783537448.451,3761077.0,9296.339,45.109837,,,,,,
1783537448.451,3761082.0,9296.637,45.111599,,,,,,
1783537448.452,3761087.0,9296.505,45.117233,,,,,,
1783537448.453,3761092.0,9296.043,45.123821,,,,,,
1783537448.453,3761097.0,9296.274,45.125778,,,,,,
1783537448.656,3761102.0,9295.384,45.130974,,,,,,
1783537448.657,3761107.0,9293.604,45.141369,,,,,,
1783537448.657,3761112.0,9292.944,45.145901,,,,,,
1783537448.658,3761117.0,9293.472,45.149628,,,,,,
1783537448.659,3761122.0,9292.418,45.157925,,,,,,
1783537448.659,3761127.0,9293.144,45.161076,,,,,,
1783537448.660,3761132.0,9294.165,45.160748,,,,,,
1783537448.660,3761137.0,9294.691,45.16449,,,,,,
1783537448.661,3761142.0,9294.461,45.167782,,,,,,
1783537448.662,3761147.0,9295.878,45.163689,,,,,,
1783537448.662,3761152.0,9295.12,45.165874,,,,,,
1783537448.663,3761157.0,9294.263,45.170979,,,,,,
1783537448.664,3761162.0,9294.229,45.171078,,,,,,
1783537448.664,3761167.0,9294.032,45.169022,,,,,,
1783537448.665,3761172.0,9292.582,45.175835,,,,,,
1783537448.666,3761177.0,9292.582,45.175835,,,,,,
1783537448.666,3761182.0,9292.253,45.17416,,,,,,
1783537448.667,3761187.0,9291.1,45.174862,,,,,,
1783537448.667,3761192.0,9290.54,45.176479,,,,,,
1783537448.668,3761197.0,9291.001,45.17252,,,,,,
1783537448.669,3761202.0,9290.343,45.174423,,,,,,
1783537448.669,3761207.0,9290.112,45.172462,,,,,,
1783537448.670,3761212.0,9290.212,45.172176,,,,,,
1783537448.672,3761217.0,9289.882,45.170502,,,,,,
1783537448.673,3761222.0,9288.632,45.174114,,,,,,
1783537448.674,3761227.0,9289.125,45.170063,,,,,,
1783537448.675,3761232.0,9290.442,45.166256,,,,,,
1783537448.676,3761237.0,9292.255,45.158394,,,,,,
1783537448.677,3761242.0,9293.704,45.154209,,,,,,
1783537448.678,3761247.0,9296.769,45.142727,,,,,,
1783537448.679,3761252.0,9298.417,45.137966,,,,,,
1783537448.680,3761257.0,9298.714,45.137108,,,,,,
1783537448.681,3761262.0,9299.868,45.13377,,,,,,
1783537448.682,3761267.0,9300.759,45.128574,,,,,,
1783537448.683,3761272.0,9300.759,45.12595,,,,,,
1783537448.685,3761277.0,9302.146,45.119312,,,,,,
1783537448.685,3761282.0,9303.532,45.112682,,,,,,
1783537448.686,3761287.0,9303.202,45.108383,,,,,,
1783537448.687,3761292.0,9303.862,45.103848,,,,,,
1783537448.688,3761297.0,9305.613,45.09354,,,,,,
1783537448.689,3761302.0,9305.349,45.08905,,,,,,
1783537448.827,3761307.0,9305.943,45.07946,0.505021,135.639435,3761285.5,111.104683,,
1783537448.829,3761429.0,9319.374,45.027523,,,,,,
1783537448.829,3761434.0,9332.979,44.97509,,,,,,
1783537448.830,3761439.0,9345.328,44.928913,,,,,,
1783537448.831,3761444.0,9359.574,44.877251,,,,,,
1783537448.832,3761449.0,9374.701,44.828293,,,,,,
1783537448.832,3761454.0,9376.713,44.822479,,,,,,
1783537448.833,3761459.0,9378.96,44.815987,,,,,,
1783537448.834,3761464.0,9383.091,44.80405,,,,,,
1783537448.834,3761469.0,9385.575,44.796871,,,,,,
1783537448.835,3761474.0,9386.886,44.790462,,,,,,
1783537448.836,3761479.0,9389.945,44.78162,,,,,,
1783537449.073,3761484.0,9392.468,44.77433,,,,,,
1783537449.074,3761489.0,9392.771,44.773453,,,,,,
1783537449.074,3761494.0,9394.353,44.768887,,,,,,
1783537449.075,3761499.0,9396.711,44.76207,,,,,,
1783537449.076,3761504.0,9398.261,44.757591,,,,,,
1783537449.077,3761509.0,9399.879,44.752918,,,,,,
1783537449.078,3761514.0,9403.116,44.743561,,,,,,
1783537449.079,3761519.0,9404.802,44.738693,,,,,,
1783537449.080,3761524.0,9405.172,44.735001,,,,,,
1783537449.081,3761529.0,9405.745,44.728096,,,,,,
1783537449.082,3761534.0,9406.186,44.721577,,,,,,
1783537449.082,3761539.0,9404.328,44.721699,,,,,,
1783537449.083,3761544.0,9404.193,44.714222,,,,,,
1783537449.084,3761549.0,9405.273,44.708473,,,,,,
1783537449.085,3761554.0,9405.375,44.708183,,,,,,
1783537449.086,3761559.0,9405.24,44.705948,,,,,,
1783537449.087,3761564.0,9407.502,44.696785,,,,,,
1783537449.088,3761569.0,9408.346,44.694355,,,,,,
1783537449.089,3761574.0,9408.008,44.692707,,,,,,
1783537449.090,3761579.0,9408.852,44.687645,,,,,,
1783537449.091,3761584.0,9409.561,44.685596,,,,,,
1783537449.092,3761589.0,9408.885,44.68755,,,,,,
1783537449.093,3761594.0,9409.494,44.685787,,,,,,
1783537449.094,3761599.0,9410.338,44.68335,,,,,,
1783537449.095,3761604.0,9411.048,44.681297,,,,,,
1783537449.096,3761609.0,9411.959,44.678665,,,,,,
1783537449.096,3761614.0,9413.412,44.671844,,,,,,
1783537449.097,3761619.0,9413.108,44.670101,,,,,,
1783537449.098,3761624.0,9412.602,44.671566,,,,,,
1783537449.099,3761629.0,9412.433,44.66943,,,,,,
1783537449.099,3761634.0,9411.756,44.668762,,,,,,
1783537449.100,3761639.0,9409.831,44.674324,,,,,,
1783537449.101,3761644.0,9410.169,44.673351,,,,,,
1783537449.102,3761649.0,9410.338,44.670238,,,,,,
1783537449.104,3761654.0,9409.662,44.672192,,,,,,
1783537449.105,3761659.0,9409.291,44.670643,,,,,,
1783537449.106,3761664.0,9410.878,44.666058,,,,,,
1783537449.107,3761669.0,9411.115,44.665371,,,,,,
1783537449.108,3761674.0,9410.541,44.66703,,,,,,
1783537449.108,3761679.0,9411.25,44.662357,,,,,,
1783537449.109,3761684.0,9412.096,44.659916,,,,,,
1783537449.110,3761689.0,9411.419,44.661869,,,,,,
1783537449.111,3761694.0,9411.521,44.658955,,,,,,
1783537449.112,3761699.0,9412.939,44.652237,,,,,,
1783537449.113,3761704.0,9413.21,44.654076,,,,,,
1783537449.113,3761709.0,9413.514,44.655819,,,,,,
1783537449.114,3761714.0,9414.765,44.652203,,,,,,
1783537449.115,3761719.0,9414.967,44.654243,,,,,,
1783537449.116,3761724.0,9415.238,44.656078,,,,,,
1783537449.117,3761729.0,9416.016,44.653835,,,,,,
1783537449.118,3761734.0,9416.32,44.652954,,,,,,
1783537449.118,3761739.0,9415.408,44.65559,,,,,,
1783537449.120,3761744.0,9416.659,44.651974,,,,,,
1783537449.120,3761749.0,9417.912,44.650974,,,,,,
1783537449.121,3761754.0,9418.486,44.651936,,,,,,
1783537449.122,3761759.0,9419.942,44.650352,,,,,,
1783537449.123,3761764.0,9422.684,44.647675,,,,,,
1783537449.124,3761769.0,9423.53,44.650471,,,,,,
1783537449.243,3761774.0,9423.361,44.653576,,,,,,
1783537449.244,3761779.0,9423.733,44.655125,,,,,,
1783537449.244,3761784.0,9424.31,44.656086,,,,,,
1783537449.245,3761789.0,9423.53,44.658337,,,,,,
1783537449.246,3761794.0,9423.666,44.657944,,,,,,
1783537449.246,3761799.0,9425.666,44.654793,,,,,,
1783537449.247,3761804.0,9426.581,44.65477,,,,,,
1783537449.248,3761809.0,9427.294,44.655334,,,,,,
1783537449.248,3761814.0,9429.701,44.651005,,,,,,
1783537449.249,3761819.0,9430.346,44.651768,,,,,,
1783537449.249,3761824.0,9430.412,44.651573,,,,,,
1783537449.250,3761829.0,9431.431,44.648632,,,,,,
1783537449.251,3761834.0,9431.973,44.647064,,,,,,
1783537449.252,3761839.0,9430.819,44.653023,,,,,,
1783537449.254,3761844.0,9431.023,44.652431,,,,,,
1783537449.254,3761849.0,9431.261,44.651749,,,,,,
1783537449.255,3761854.0,9430.922,44.655346,,,,,,
1783537449.256,3761859.0,9430.956,44.657875,,,,,,
1783537449.256,3761864.0,9432.143,44.651825,,,,,,
1783537449.257,3761869.0,9432.178,44.649094,,,,,,
1783537449.258,3761874.0,9431.261,44.651745,,,,,,
1783537449.258,3761879.0,9430.311,44.649242,,,,,,
1783537449.259,3761884.0,9429.26,44.64703,,,,,,
1783537449.259,3761889.0,9427.157,44.650482,,,,,,
1783537449.260,3761894.0,9426.547,44.652245,,,,,,
1783537449.261,3761899.0,9426.513,44.649719,,,,,,
1783537449.261,3761904.0,9426.817,44.648838,,,,,,
1783537449.262,3761909.0,9426.852,44.648739,,,,,,
1783537449.522,3761914.0,9427.971,44.645508,,,,,,
1783537449.523,3761919.0,9428.004,44.645412,,,,,,
1783537449.523,3761924.0,9427.495,44.646881,,,,,,
1783537449.524,3761929.0,9426.987,44.64835,,,,,,
1783537449.525,3761934.0,9427.089,44.648056,,,,,,
1783537449.525,3761939.0,9426.105,44.650898,,,,,,
1783537449.526,3761944.0,9426.275,44.65303,,,,,,
1783537449.527,3761949.0,9427.361,44.652515,,,,,,
1783537449.528,3761954.0,9428.242,44.649971,,,,,,
1783537449.528,3761959.0,9428.514,44.649185,,,,,,
1783537449.529,3761964.0,9429.971,44.647602,,,,,,
1783537449.530,3761969.0,9429.733,44.645664,,,,,,
1783537449.530,3761974.0,9428.412,44.646854,,,,,,
1783537449.531,3761979.0,9427.768,44.64872,,,,,,
1783537449.532,3761984.0,9426.717,44.651756,,,,,,
1783537449.533,3761989.0,9424.514,44.655495,,,,,,
1783537449.533,3761994.0,9423.936,44.657166,,,,,,
1783537449.534,3761999.0,9424.954,44.651608,,,,,,
1783537449.534,3762004.0,9424.818,44.649376,,,,,,
1783537449.535,3762009.0,9424.175,44.648617,,,,,,
1783537449.536,3762014.0,9425.259,44.64286,,,,,,
1783537449.536,3762019.0,9425.021,44.640923,,,,,,
1783537449.537,3762024.0,9422.888,44.647087,,,,,,
1783537449.538,3762029.0,9422.65,44.647774,,,,,,
1783537449.539,3762034.0,9423.192,44.648823,,,,,,
1783537449.539,3762039.0,9422.143,44.651855,,,,,,
1783537449.540,3762044.0,9421.701,44.653133,,,,,,
1783537449.540,3762049.0,9422.854,44.649811,,,,,,
1783537449.541,3762054.0,9422.717,44.652821,,,,,,
1783537449.542,3762059.0,9422.514,44.650784,,,,,,
1783537449.542,3762064.0,9423.429,44.64814,,,,,,
1783537449.543,3762069.0,9423.633,44.64756,,,,,,
1783537449.544,3762074.0,9422.244,44.651573,,,,,,
1783537449.544,3762079.0,9420.789,44.650528,,,,,,
1783537449.545,3762084.0,9420.146,44.649765,,,,,,
1783537449.545,3762089.0,9418.08,44.653111,,,,,,
1783537449.546,3762094.0,9417.132,44.653233,,,,,,
1783537449.547,3762099.0,9417.403,44.647202,,,,,,
1783537449.547,3762104.0,9416.93,44.645947,,,,,,
1783537449.548,3762109.0,9415.711,44.649467,,,,,,
1783537449.548,3762114.0,9416.32,44.645088,,,,,,
1783537449.549,3762119.0,9415.002,44.646275,,,,,,
1783537449.550,3762124.0,9412.467,44.653603,,,,,,
1783537449.550,3762129.0,9411.42,44.654007,,,,,,
1783537449.551,3762134.0,9409.867,44.653248,,,,,,
1783537449.552,3762139.0,9406.523,44.66029,,,,,,
1783537449.553,3762144.0,9404.971,44.659538,,,,,,
1783537449.554,3762149.0,9404.127,44.656734,,,,,,
1783537449.556,3762154.0,9402.541,44.658699,,,,,,
1783537449.557,3762159.0,9401.597,44.658806,,,,,,
1783537449.558,3762164.0,9402.237,44.651711,,,,,,
1783537449.559,3762169.0,9402.002,44.652393,,,,,,
1783537449.559,3762174.0,9401.327,44.654343,,,,,,
1783537449.560,3762179.0,9400.99,44.652691,,,,,,
1783537449.560,3762184.0,9400.788,44.650654,,,,,,
1783537449.561,3762189.0,9398.968,44.658539,,,,,,
1783537449.562,3762194.0,9398.092,44.661064,,,,,,
1783537449.562,3762199.0,9398.698,44.656693,,,,,,
1783537449.563,3762204.0,9398.967,44.655918,,,,,,
1783537449.564,3762209.0,9398.429,44.660095,,,,,,
1783537449.687,3762214.0,9399.574,44.656784,,,,,,
1783537449.688,3762219.0,9400.08,44.652699,,,,,,
1783537449.689,3762224.0,9398.967,44.658543,,,,,,
1783537449.689,3762229.0,9398.631,44.659512,,,,,,
1783537449.690,3762234.0,9398.967,44.655922,,,,,,
1783537449.691,3762239.0,9397.484,44.660202,,,,,,
1783537449.692,3762244.0,9397.114,44.661274,,,,,,
1783537449.692,3762249.0,9397.889,44.65641,,,,,,
1783537449.693,3762254.0,9398.158,44.655628,,,,,,
1783537449.693,3762259.0,9398.058,44.658546,,,,,,
1783537449.694,3762264.0,9400.146,44.649887,,,,,,
1783537449.695,3762269.0,9400.518,44.651436,,,,,,
1783537449.695,3762274.0,9399.912,44.655811,,,,,,
1783537449.696,3762279.0,9399.709,44.659016,,,,,,
1783537449.697,3762284.0,9399.675,44.659111,,,,,,
1783537449.697,3762289.0,9398.193,44.666019,,,,,,
1783537449.698,3762294.0,9398.193,44.663399,,,,,,
1783537449.699,3762299.0,9398.866,44.661453,,,,,,
1783537449.699,3762304.0,9398.495,44.659904,,,,,,
1783537449.700,3762309.0,9398.125,44.658352,,,,,,
1783537449.701,3762314.0,9399.236,44.652515,,,,,,
1783537449.701,3762319.0,9399.405,44.654655,,,,,,
1783537449.702,3762324.0,9399.002,44.653194,,,,,,
1783537449.703,3762329.0,9399.439,44.651932,,,,,,
1783537449.703,3762334.0,9400.046,44.650173,,,,,,
1783537449.704,3762339.0,9398.799,44.653782,,,,,,
1783537449.705,3762344.0,9398.327,44.652519,,,,,,
1783537449.705,3762349.0,9398.664,44.651546,,,,,,
1783537449.906,3762354.0,9398.092,44.653198,,,,,,
1783537449.907,3762359.0,9397.854,44.656509,,,,,,
1783537449.908,3762364.0,9399.439,44.651932,,,,,,
1783537449.909,3762369.0,9399.474,44.654453,,,,,,
1783537449.909,3762374.0,9398.968,44.655914,,,,,,
1783537449.910,3762379.0,9399.541,44.654263,,,,,,
1783537449.911,3762384.0,9399.575,44.651535,,,,,,
1783537449.912,3762389.0,9397.923,44.656311,,,,,,
1783537449.912,3762394.0,9398.058,44.653297,,,,,,
1783537449.913,3762399.0,9398.697,44.651451,,,,,,
1783537449.914,3762404.0,9397.99,44.653492,,,,,,
1783537449.915,3762409.0,9398.092,44.655823,,,,,,
1783537449.916,3762414.0,9399.506,44.651737,,,,,,
1783537449.917,3762419.0,9399.911,44.650566,,,,,,
1783537449.917,3762424.0,9399.405,44.652027,,,,,,
1783537449.918,3762429.0,9399.979,44.652996,,,,,,
1783537449.919,3762434.0,9400.113,44.649982,,,,,,
1783537449.920,3762439.0,9398.663,44.656796,,,,,,
1783537449.921,3762444.0,9398.664,44.656792,,,,,,
1783537449.921,3762449.0,9399.305,44.654945,,,,,,
1783537449.922,3762454.0,9399.338,44.652222,,,,,,
1783537449.923,3762459.0,9399.372,44.652126,,,,,,
1783537449.924,3762464.0,9400.686,44.645706,,,,,,
1783537449.924,3762469.0,9400.248,44.646969,,,,,,
1783537449.925,3762474.0,9399.541,44.649014,,,,,,
1783537449.926,3762479.0,9399.439,44.651932,,,,,,
1783537449.927,3762484.0,9399.404,44.652031,,,,,,
1783537449.927,3762489.0,9397.586,44.657288,,,,,,
1783537449.928,3762494.0,9397.687,44.65699,,,,,,
1783537449.929,3762499.0,9398.529,44.65456,,,,,,
1783537449.930,3762504.0,9398.665,44.651543,,,,,,
1783537449.930,3762509.0,9398.598,44.651737,,,,,,
1783537449.931,3762514.0,9400.451,44.646381,,,,,,
1783537449.932,3762519.0,9400.553,44.646088,,,,,,
1783537449.933,3762524.0,9399.439,44.649307,,,,,,
1783537449.934,3762529.0,9399.271,44.649792,,,,,,
1783537449.935,3762534.0,9399.237,44.649891,,,,,,
1783537449.936,3762539.0,9397.956,44.653591,,,,,,
1783537449.937,3762544.0,9397.854,44.653885,,,,,,
1783537449.938,3762549.0,9399.103,44.652905,,,,,,
1783537449.939,3762554.0,9399.406,44.652027,,,,,,
1783537449.939,3762559.0,9399.473,44.654457,,,,,,
1783537449.940,3762564.0,9400.686,44.650951,,,,,,
1783537449.941,3762569.0,9400.584,44.651249,,,,,,
1783537449.942,3762574.0,9400.214,44.649689,,,,,,
1783537449.942,3762579.0,9399.877,44.650665,,,,,,
1783537449.943,3762584.0,9400.248,44.646969,,,,,,
1783537449.944,3762589.0,9398.732,44.651348,,,,,,
1783537450.077,3762594.0,9398.294,44.652615,,,,,,
1783537450.078,3762599.0,9398.058,44.653297,,,,,,
1783537450.080,3762604.0,9397.956,44.653591,,,,,,
1783537450.080,3762609.0,9397.755,44.654175,,,,,,
1783537450.081,3762614.0,9399.204,44.649986,,,,,,
1783537450.082,3762619.0,9399.439,44.649307,,,,,,
1783537450.083,3762624.0,9398.967,44.650673,,,,,,
1783537450.084,3762629.0,9399.136,44.650185,,,,,,
1783537450.085,3762634.0,9398.968,44.653294,,,,,,
1783537450.085,3762639.0,9398.023,44.656021,,,,,,
1783537450.086,3762644.0,9398.058,44.658543,,,,,,
1783537450.087,3762649.0,9398.799,44.656403,,,,,,
1783537450.088,3762654.0,9398.866,44.656212,,,,,,
1783537450.090,3762659.0,9398.967,44.653294,,,,,,
1783537450.091,3762664.0,9399.675,44.651249,,,,,,
1783537450.092,3762669.0,9399.775,44.648335,,,,,,
1783537450.094,3762674.0,9399.304,44.649696,,,,,,
1783537450.095,3762679.0,9399.17,44.650085,,,,,,
1783537450.095,3762684.0,9398.799,44.653782,,,,,,
1783537450.096,3762689.0,9397.35,44.65797,,,,,,
1783537450.097,3762694.0,9397.249,44.65826,,,,,,
1783537450.098,3762699.0,9397.351,44.657963,,,,,,
1783537450.099,3762704.0,9397.485,44.657578,,,,,,
1783537450.100,3762709.0,9397.62,44.654564,,,,,,
1783537450.100,3762714.0,9399.473,44.649212,,,,,,
1783537450.101,3762719.0,9399.473,44.649212,,,,,,
1783537450.102,3762724.0,9398.765,44.651257,,,,,,
1783537450.103,3762729.0,9398.361,44.65242,,,,,,
1783537450.104,3762734.0,9398.732,44.653973,,,,,,
1783537450.105,3762739.0,9397.249,44.65826,,,,,,
1783537450.105,3762744.0,9397.62,44.657188,,,,,,
1783537450.106,3762749.0,9398.26,44.657959,,,,,,
1783537450.339,3762754.0,9398.428,44.657478,,,,,,
1783537450.340,3762759.0,9397.485,44.657578,,,,,,
1783537450.341,3762764.0,9398.765,44.653877,,,,,,
1783537450.342,3762769.0,9398.395,44.654949,,,,,,
1783537450.343,3762774.0,9398.26,44.652714,,,,,,
1783537450.344,3762779.0,9398.327,44.652519,,,,,,
1783537450.344,3762784.0,9399.305,44.649696,,,,,,
1783537450.345,3762789.0,9397.957,44.656216,,,,,,
1783537450.346,3762794.0,9398.159,44.655628,,,,,,
1783537450.348,3762799.0,9398.529,44.657181,,,,,,
1783537450.349,3762804.0,9398.395,44.65757,,,,,,
1783537450.350,3762809.0,9397.99,44.658741,,,,,,
1783537450.351,3762814.0,9399.372,44.652122,,,,,,
1783537450.352,3762819.0,9398.866,44.653587,,,,,,
1783537450.353,3762824.0,9398.428,44.652229,,,,,,
1783537450.354,3762829.0,9398.631,44.651642,,,,,,
1783537450.356,3762834.0,9398.597,44.651741,,,,,,
1783537450.357,3762839.0,9397.148,44.65855,,,,,,
1783537450.358,3762844.0,9397.586,44.657288,,,,,,
1783537450.359,3762849.0,9398.563,44.654461,,,,,,
1783537450.360,3762854.0,9398.092,44.655819,,,,,,
1783537450.361,3762859.0,9397.924,44.656311,,,,,,
1783537450.362,3762864.0,9399.574,44.648918,,,,,,
1783537450.363,3762869.0,9398.867,44.650959,,,,,,
1783537450.365,3762874.0,9397.619,44.657192,,,,,,
1783537450.366,3762879.0,9398.26,44.655338,,,,,,
1783537450.367,3762884.0,9398.26,44.655338,,,,,,
1783537450.368,3762889.0,9396.744,44.659714,,,,,,
1783537450.369,3762894.0,9397.147,44.658554,,,,,,
1783537450.370,3762899.0,9397.586,44.654663,,,,,,
1783537450.370,3762904.0,9397.35,44.655346,,,,,,
1783537450.372,3762909.0,9397.249,44.655636,,,,,,
1783537450.372,3762914.0,9398.428,44.652229,,,,,,
1783537450.373,3762919.0,9398.463,44.652126,,,,,,
1783537450.374,3762924.0,9398.631,44.654266,,,,,,
1783537450.375,3762929.0,9398.934,44.653393,,,,,,
1783537450.376,3762934.0,9399.338,44.654846,,,,,,
1783537450.377,3762939.0,9398.597,44.656986,,,,,,
1783537450.378,3762944.0,9399.204,44.655235,,,,,,
1783537450.379,3762949.0,9399.439,44.651928,,,,,,
1783537450.380,3762954.0,9399.844,44.650761,,,,,,
1783537450.380,3762959.0,9399.775,44.650959,,,,,,
1783537450.381,3762964.0,9401.158,44.646965,,,,,,
1783537450.382,3762969.0,9400.854,44.647842,,,,,,
1783537450.383,3762974.0,9399.979,44.650368,,,,,,
1783537450.384,3762979.0,9399.305,44.654945,,,,,,
1783537450.385,3762984.0,9399.136,44.652809,,,,,,
1783537450.386,3762989.0,9397.215,44.65836,,,,,,
1783537450.387,3762994.0,9396.912,44.659229,,,,,,
1783537450.388,3762999.0,9397.519,44.657482,,,,,,
1783537450.389,3763004.0,9397.553,44.654758,,,,,,
1783537450.390,3763009.0,9397.451,44.655052,,,,,,
1783537450.390,3763014.0,9398.428,44.652229,,,,,,
1783537450.391,3763019.0,9398.933,44.650772,,,,,,
1783537450.392,3763024.0,9398.664,44.651546,,,,,,
1783537450.393,3763029.0,9398.563,44.65184,,,,,,
1783537450.394,3763034.0,9399.034,44.650478,,,,,,
1783537450.394,3763039.0,9397.755,44.654175,,,,,,
1783537450.534,3763044.0,9397.519,44.657482,,,,,,
1783537450.535,3763049.0,9397.889,44.65641,,,,,,
1783537450.536,3763054.0,9398.058,44.655922,,,,,,
1783537450.537,3763059.0,9397.788,44.6567,,,,,,
1783537450.537,3763064.0,9399.54,44.651638,,,,,,
1783537450.539,3763069.0,9399.338,44.649601,,,,,,
1783537450.541,3763074.0,9398.563,44.65184,,,,,,
1783537450.542,3763079.0,9398.934,44.650768,,,,,,
1783537450.543,3763084.0,9398.967,44.653297,,,,,,
1783537450.543,3763089.0,9397.417,44.657776,,,,,,
1783537450.544,3763094.0,9397.755,44.656799,,,,,,
1783537450.545,3763099.0,9398.327,44.65514,,,,,,
1783537450.545,3763104.0,9397.822,44.656605,,,,,,
1783537450.546,3763109.0,9397.721,44.656898,,,,,,
1783537450.547,3763114.0,9399.439,44.651932,,,,,,
1783537450.547,3763119.0,9399.474,44.651833,,,,,,
1783537450.548,3763124.0,9399.372,44.652122,,,,,,
1783537450.549,3763129.0,9399.541,44.651638,,,,,,
1783537450.549,3763134.0,9399.844,44.648136,,,,,,
1783537450.550,3763139.0,9398.361,44.655045,,,,,,
1783537450.550,3763144.0,9398.125,44.655727,,,,,,
1783537450.551,3763149.0,9398.057,44.655926,,,,,,
1783537450.553,3763154.0,9397.956,44.658836,,,,,,
1783537450.554,3763159.0,9397.687,44.659618,,,,,,
1783537450.555,3763164.0,9399.405,44.652031,,,,,,
1783537450.556,3763169.0,9399.574,44.651539,,,,,,
1783537450.557,3763174.0,9399.439,44.651932,,,,,,
1783537450.558,3763179.0,9399.608,44.648819,,,,,,
1783537450.558,3763184.0,9399.474,44.651833,,,,,,
1783537450.559,3763189.0,9398.092,44.655823,,,,,,
1783537450.559,3763194.0,9398.058,44.655922,,,,,,
1783537450.560,3763199.0,9399.237,44.652512,,,,,,
1783537450.561,3763204.0,9398.967,44.653297,,,,,,
1783537450.755,3763209.0,9399.338,44.652225,,,,,,
1783537450.756,3763214.0,9400.114,44.649982,,,,,,
1783537450.757,3763219.0,9399.878,44.650665,,,,,,
1783537450.758,3763224.0,9398.799,44.653778,,,,,,
1783537450.759,3763229.0,9399.136,44.652809,,,,,,
1783537450.760,3763234.0,9398.596,44.651745,,,,,,
1783537450.762,3763239.0,9397.047,44.656219,,,,,,
1783537450.764,3763244.0,9397.08,44.656124,,,,,,
1783537450.765,3763249.0,9397.789,44.654076,,,,,,
1783537450.767,3763254.0,9397.553,44.654758,,,,,,
1783537450.768,3763259.0,9397.957,44.656216,,,,,,
1783537450.770,3763264.0,9399.507,44.654358,,,,,,
1783537450.771,3763269.0,9399.473,44.654457,,,,,,
1783537450.772,3763274.0,9398.462,44.66,,,,,,
1783537450.773,3763279.0,9398.597,44.659611,,,,,,
1783537450.774,3763284.0,9398.36,44.66029,,,,,,
1783537450.775,3763289.0,9397.216,44.660976,,,,,,
1783537450.776,3763294.0,9397.855,44.659134,,,,,,
1783537450.777,3763299.0,9398.495,44.654655,,,,,,
1783537450.778,3763304.0,9398.529,44.65456,,,,,,
1783537450.778,3763309.0,9398.799,44.651157,,,,,,
1783537450.779,3763314.0,9399.743,44.64843,,,,,,
1783537450.780,3763319.0,9398.967,44.650673,,,,,,
1783537450.781,3763324.0,9398.462,44.654755,,,,,,
1783537450.782,3763329.0,9398.865,44.653591,,,,,,
1783537450.783,3763334.0,9399.035,44.653099,,,,,,
1783537450.783,3763339.0,9398.26,44.657959,,,,,,
1783537450.784,3763344.0,9398.192,44.660774,,,,,,
1783537450.786,3763349.0,9398.967,44.655918,,,,,,
1783537450.787,3763354.0,9398.125,44.658348,,,,,,
1783537450.788,3763359.0,9397.586,44.662533,,,,,,
1783537450.789,3763364.0,9398.597,44.65699,,,,,,
1783537450.790,3763369.0,9398.833,44.653683,,,,,,
1783537450.791,3763374.0,9397.856,44.659126,,,,,,
1783537450.792,3763379.0,9397.957,44.65884,,,,,,
1783537450.793,3763384.0,9398.159,44.655628,,,,,,
1783537450.794,3763389.0,9397.047,44.661465,,,,,,
1783537450.795,3763394.0,9396.979,44.661667,,,,,,
1783537450.796,3763399.0,9397.923,44.656311,,,,,,
1783537450.797,3763404.0,9397.923,44.658932,,,,,,
1783537450.798,3763409.0,9398.26,44.657963,,,,,,
1783537450.799,3763414.0,9399.541,44.654259,,,,,,
1783537450.800,3763419.0,9399.979,44.652992,,,,,,
1783537450.800,3763424.0,9399.034,44.655727,,,,,,
1783537450.802,3763429.0,9399.405,44.654652,,,,,,
1783537450.803,3763434.0,9399.136,44.655434,,,,,,
1783537450.804,3763439.0,9397.721,44.656898,,,,,,
1783537450.804,3763444.0,9397.721,44.659519,,,,,,
1783537450.807,3763449.0,9398.092,44.661064,,,,,,
1783537450.808,3763454.0,9397.956,44.658836,,,,,,
1783537450.964,3763459.0,9397.99,44.658737,,,,,,
1783537450.965,3763464.0,9399.54,44.656883,,,,,,
1783537450.966,3763469.0,9399.338,44.65485,,,,,,
1783537450.967,3763474.0,9399.271,44.65242,,,,,,
1783537450.968,3763479.0,9399.372,44.654747,,,,,,
1783537450.969,3763484.0,9399.607,44.654068,,,,,,
1783537450.970,3763489.0,9398.125,44.655727,,,,,,
1783537450.971,3763494.0,9398.193,44.655529,,,,,,
1783537450.972,3763499.0,9398.563,44.654461,,,,,,
1783537450.973,3763504.0,9397.99,44.656116,,,,,,
1783537450.975,3763509.0,9397.957,44.656216,,,,,,
1783537450.976,3763514.0,9398.866,44.653587,,,,,,
1783537450.977,3763519.0,9398.361,44.655041,,,,,,
1783537450.978,3763524.0,9397.956,44.656216,,,,,,
1783537450.979,3763529.0,9398.731,44.651352,,,,,,
1783537450.980,3763534.0,9398.294,44.652615,,,,,,
1783537450.980,3763539.0,9397.451,44.657677,,,,,,
1783537450.981,3763544.0,9398.664,44.654171,,,,,,
1783537450.982,3763549.0,9398.935,44.653389,,,,,,
1783537450.983,3763554.0,9398.529,44.654556,,,,,,
1783537450.984,3763559.0,9398.732,44.653973,,,,,,
1783537450.985,3763564.0,9400.046,44.650177,,,,,,
1783537450.986,3763569.0,9399.405,44.652031,,,,,,
1783537450.987,3763574.0,9399.103,44.652905,,,,,,
1783537450.988,3763579.0,9399.338,44.654846,,,,,,
1783537450.989,3763584.0,9399.236,44.657761,,,,,,
1783537450.989,3763589.0,9397.654,44.662334,,,,,,
1783537450.990,3763594.0,9397.89,44.661655,,,,,,
1783537450.991,3763599.0,9398.193,44.660778,,,,,,
1783537450.992,3763604.0,9397.957,44.658836,,,,,,
1783537450.993,3763609.0,9398.26,44.655338,,,,,,
1783537450.994,3763614.0,9399.068,44.650379,,,,,,
1783537450.995,3763619.0,9398.26,44.655338,,,,,,
1783537450.996,3763624.0,9397.788,44.656704,,,,,,
1783537450.997,3763629.0,9398.058,44.655922,,,,,,
1783537450.997,3763634.0,9397.687,44.65699,,,,,,
1783537450.998,3763639.0,9397.484,44.657581,,,,,,
1783537450.999,3763644.0,9397.821,44.65398,,,,,,
1783537451.272,3763649.0,9398.731,44.651352,,,,,,
1783537451.273,3763654.0,9398.36,44.652424,,,,,,
1783537451.274,3763659.0,9398.36,44.652424,,,,,,
1783537451.275,3763664.0,9399.068,44.650379,,,,,,
1783537451.276,3763669.0,9398.933,44.650772,,,,,,
1783537451.276,3763674.0,9398.36,44.652424,,,,,,
1783537451.277,3763679.0,9398.63,44.651646,,,,,,
1783537451.278,3763684.0,9399.0,44.653202,,,,,,
1783537451.279,3763689.0,9398.057,44.655926,,,,,,
1783537451.280,3763694.0,9398.394,44.654953,,,,,,
1783537451.281,3763699.0,9398.495,44.654655,,,,,,
1783537451.281,3763704.0,9397.99,44.656116,,,,,,
1783537451.282,3763709.0,9397.755,44.654175,,,,,,
1783537451.283,3763714.0,9399.104,44.652901,,,,,,
1783537451.284,3763719.0,9398.935,44.653389,,,,,,
1783537451.284,3763724.0,9397.89,44.65641,,,,,,
1783537451.285,3763729.0,9398.159,44.655624,,,,,,
1783537451.287,3763734.0,9398.429,44.65485,,,,,,
1783537451.288,3763739.0,9396.879,44.656704,,,,,,
1783537451.288,3763744.0,9396.711,44.657188,,,,,,
1783537451.289,3763749.0,9398.091,44.655827,,,,,,
1783537451.290,3763754.0,9397.619,44.657192,,,,,,
1783537451.291,3763759.0,9397.519,44.657482,,,,,,
1783537451.291,3763764.0,9398.934,44.653389,,,,,,
1783537451.292,3763769.0,9398.9,44.656113,,,,,,
1783537451.293,3763774.0,9397.99,44.656116,,,,,,
1783537451.294,3763779.0,9399.002,44.653194,,,,,,
1783537451.294,3763784.0,9398.563,44.654457,,,,,,
1783537451.296,3763789.0,9397.148,44.65855,,,,,,
1783537451.297,3763794.0,9397.351,44.657967,,,,,,
1783537451.298,3763799.0,9398.024,44.658642,,,,,,
1783537451.299,3763804.0,9397.687,44.659615,,,,,,
1783537451.300,3763809.0,9397.99,44.658737,,,,,,
1783537451.301,3763814.0,9399.068,44.655624,,,,,,
1783537451.302,3763819.0,9398.865,44.653591,,,,,,
1783537451.303,3763824.0,9398.663,44.65155,,,,,,
1783537451.304,3763829.0,9398.866,44.650963,,,,,,
1783537451.305,3763834.0,9398.799,44.651157,,,,,,
1783537451.306,3763839.0,9397.787,44.654079,,,,,,
1783537451.306,3763844.0,9397.653,44.654469,,,,,,
1783537451.307,3763849.0,9397.99,44.653492,,,,,,
1783537451.308,3763854.0,9397.619,44.654568,,,,,,
1783537451.309,3763859.0,9397.822,44.65398,,,,,,
1783537451.309,3763864.0,9399.339,44.649597,,,,,,
1783537451.311,3763869.0,9399.17,44.650085,,,,,,
1783537451.312,3763874.0,9398.564,44.651833,,,,,,
1783537451.313,3763879.0,9398.529,44.65456,,,,,,
1783537451.314,3763884.0,9397.788,44.659325,,,,,,
1783537451.315,3763889.0,9396.475,44.665741,,,,,,
1783537451.315,3763894.0,9396.912,44.667095,,,,,,
1783537451.316,3763899.0,9397.99,44.663982,,,,,,
1783537451.317,3763904.0,9397.99,44.661362,,,,,,
1783537451.318,3763909.0,9398.597,44.656986,,,,,,
1783537451.319,3763914.0,9399.405,44.654655,,,,,,
1783537451.320,3763919.0,9399.068,44.653004,,,,,,
1783537451.321,3763924.0,9397.721,44.656898,,,,,,
1783537451.322,3763929.0,9397.451,44.657673,,,,,,
1783537451.323,3763934.0,9397.587,44.659908,,,,,,
1783537451.324,3763939.0,9396.139,44.664089,,,,,,
1783537451.324,3763944.0,9396.373,44.66341,,,,,,
1783537451.325,3763949.0,9397.148,44.661171,,,,,,
1783537451.326,3763954.0,9397.485,44.660198,,,,,,
1783537451.327,3763959.0,9397.283,44.658161,,,,,,
1783537451.328,3763964.0,9399.034,44.650478,,,,,,
1783537451.329,3763969.0,9398.833,44.651058,,,,,,
1783537451.330,3763974.0,9398.327,44.652519,,,,,,
1783537451.455,3763979.0,9398.193,44.652908,,,,,,
1783537451.455,3763984.0,9398.462,44.65213,,,,,,
1783537451.456,3763989.0,9396.811,44.656902,,,,,,
1783537451.457,3763994.0,9397.081,44.65612,,,,,,
1783537451.457,3763999.0,9397.755,44.654175,,,,,,
1783537451.458,3764004.0,9397.688,44.654369,,,,,,
1783537451.459,3764009.0,9397.418,44.655148,,,,,,
1783537451.459,3764014.0,9399.001,44.650574,,,,,,
1783537451.460,3764019.0,9399.304,44.649696,,,,,,
1783537451.461,3764024.0,9398.833,44.653683,,,,,,
1783537451.461,3764029.0,9398.698,44.654072,,,,,,
1783537451.462,3764034.0,9399.17,44.655331,,,,,,
1783537451.463,3764039.0,9397.788,44.659325,,,,,,
1783537451.463,3764044.0,9397.519,44.660107,,,,,,
1783537451.464,3764049.0,9397.924,44.656307,,,,,,
1783537451.464,3764054.0,9398.396,44.654945,,,,,,
1783537451.465,3764059.0,9398.428,44.652229,,,,,,
1783537451.466,3764064.0,9399.642,44.651348,,,,,,
1783537451.466,3764069.0,9399.911,44.650566,,,,,,
1783537451.467,3764074.0,9399.136,44.652809,,,,,,
1783537451.468,3764079.0,9398.766,44.656498,,,,,,
1783537451.468,3764084.0,9398.463,44.657375,,,,,,
1783537451.469,3764089.0,9397.081,44.658745,,,,,,
1783537451.470,3764094.0,9396.576,44.660202,,,,,,
1783537451.471,3764099.0,9397.418,44.657772,,,,,,
1783537451.472,3764104.0,9397.485,44.654953,,,,,,
1783537451.472,3764109.0,9397.249,44.655636,,,,,,
1783537451.473,3764114.0,9399.035,44.650475,,,,,,
1783537451.473,3764119.0,9399.103,44.65028,,,,,,
1783537451.705,3764124.0,9398.126,44.653103,,,,,,
1783537451.706,3764129.0,9398.361,44.65242,,,,,,
1783537451.707,3764134.0,9398.698,44.651447,,,,,,
1783537451.708,3764139.0,9397.35,44.655346,,,,,,
1783537451.709,3764144.0,9397.688,44.654369,,,,,,
1783537451.710,3764149.0,9398.9,44.650864,,,,,,
1783537451.711,3764154.0,9398.967,44.650673,,,,,,
1783537451.712,3764159.0,9398.865,44.650967,,,,,,
1783537451.713,3764164.0,9399.911,44.647942,,,,,,
1783537451.714,3764169.0,9399.911,44.647942,,,,,,
1783537451.715,3764174.0,9399.001,44.650574,,,,,,
1783537451.716,3764179.0,9398.866,44.650963,,,,,,
1783537451.717,3764184.0,9398.731,44.651352,,,,,,
1783537451.718,3764189.0,9397.35,44.65797,,,,,,
1783537451.719,3764194.0,9397.047,44.661465,,,,,,
1783537451.720,3764199.0,9397.586,44.662533,,,,,,
1783537451.721,3764204.0,9397.62,44.662434,,,,,,
1783537451.722,3764209.0,9397.822,44.66185,,,,,,
1783537451.723,3764214.0,9399.068,44.655624,,,,,,
1783537451.724,3764219.0,9399.641,44.651348,,,,,,
1783537451.725,3764224.0,9398.866,44.650963,,,,,,
1783537451.726,3764229.0,9398.799,44.651157,,,,,,
1783537451.727,3764234.0,9398.968,44.650669,,,,,,
1783537451.728,3764239.0,9397.688,44.654369,,,,,,
1783537451.728,3764244.0,9397.115,44.658646,,,,,,
1783537451.729,3764249.0,9398.158,44.655632,,,,,,
1783537451.730,3764254.0,9398.125,44.655727,,,,,,
1783537451.731,3764259.0,9397.216,44.658352,,,,,,
1783537451.732,3764264.0,9397.889,44.65641,,,,,,
1783537451.732,3764269.0,9398.125,44.653103,,,,,,
1783537451.733,3764274.0,9397.989,44.653496,,,,,,
1783537451.734,3764279.0,9398.191,44.652912,,,,,,
1783537451.735,3764284.0,9398.563,44.65184,,,,,,
1783537451.736,3764289.0,9398.091,44.653202,,,,,,
1783537451.737,3764294.0,9397.922,44.656315,,,,,,
1783537451.738,3764299.0,9397.686,44.656998,,,,,,
1783537451.739,3764304.0,9397.585,44.657288,,,,,,
1783537451.740,3764309.0,9397.485,44.657574,,,,,,
1783537451.741,3764314.0,9398.664,44.654171,,,,,,
1783537451.742,3764319.0,9399.17,44.650085,,,,,,
1783537451.742,3764324.0,9398.732,44.651348,,,,,,
1783537451.743,3764329.0,9398.631,44.651642,,,,,,
1783537451.744,3764334.0,9399.17,44.650085,,,,,,
1783537451.745,3764339.0,9398.192,44.652908,,,,,,
1783537451.745,3764344.0,9397.889,44.653786,,,,,,
1783537451.746,3764349.0,9398.563,44.65184,,,,,,
1783537451.747,3764354.0,9398.832,44.651062,,,,,,
1783537451.748,3764359.0,9398.394,44.654953,,,,,,
1783537451.749,3764364.0,9399.877,44.650665,,,,,,
1783537451.750,3764369.0,9400.046,44.650177,,,,,,
1783537451.750,3764374.0,9399.709,44.65115,,,,,,
1783537451.752,3764379.0,9399.642,44.653973,,,,,,
1783537451.753,3764384.0,9399.912,44.653187,,,,,,
1783537451.754,3764389.0,9398.294,44.660484,,,,,,
1783537451.755,3764394.0,9398.058,44.661167,,,,,,
1783537451.755,3764399.0,9398.63,44.659515,,,,,,
1783537451.908,3764404.0,9398.192,44.658154,,,,,,
1783537451.909,3764409.0,9398.024,44.656021,,,,,,
1783537451.910,3764414.0,9399.439,44.649307,,,,,,
1783537451.910,3764419.0,9399.237,44.649891,,,,,,
1783537451.911,3764424.0,9398.328,44.652515,,,,,,
1783537451.913,3764429.0,9399.103,44.65028,,,,,,
1783537451.914,3764434.0,9399.137,44.650181,,,,,,
1783537451.915,3764439.0,9397.754,44.654175,,,,,,
1783537451.916,3764444.0,9398.092,44.653198,,,,,,
1783537451.917,3764449.0,9398.665,44.651543,,,,,,
1783537451.918,3764454.0,9398.361,44.65242,,,,,,
1783537451.919,3764459.0,9398.092,44.653198,,,,,,
1783537451.920,3764464.0,9399.338,44.649601,,,,,,
1783537451.921,3764469.0,9398.698,44.651447,,,,,,
1783537451.922,3764474.0,9398.597,44.654366,,,,,,
1783537451.923,3764479.0,9398.327,44.655144,,,,,,
1783537451.924,3764484.0,9398.428,44.654854,,,,,,
1783537451.925,3764489.0,9396.878,44.659328,,,,,,
1783537451.926,3764494.0,9397.585,44.657288,,,,,,
1783537451.927,3764499.0,9398.26,44.652714,,,,,,
1783537451.928,3764504.0,9398.495,44.652035,,,,,,
1783537451.928,3764509.0,9398.529,44.651936,,,,,,
1783537451.929,3764514.0,9400.146,44.647263,,,,,,
1783537451.930,3764519.0,9399.81,44.648235,,,,,,
1783537451.931,3764524.0,9398.934,44.650768,,,,,,
1783537451.933,3764529.0,9399.136,44.650185,,,,,,
1783537451.934,3764534.0,9399.236,44.652519,,,,,,
1783537451.935,3764539.0,9398.192,44.655533,,,,,,
1783537451.936,3764544.0,9398.326,44.655148,,,,,,
1783537451.937,3764549.0,9398.495,44.65728,,,,,,
1783537451.938,3764554.0,9397.855,44.659134,,,,,,
1783537451.939,3764559.0,9397.99,44.656116,,,,,,
1783537451.940,3764564.0,9398.967,44.653294,,,,,,
1783537451.942,3764569.0,9398.799,44.653782,,,,,,
1783537451.943,3764574.0,9398.125,44.653103,,,,,,
1783537451.944,3764579.0,9398.326,44.652523,,,,,,
1783537451.944,3764584.0,9398.226,44.652813,,,,,,
1783537451.945,3764589.0,9396.979,44.659042,,,,,,
1783537452.205,3764594.0,9397.216,44.660976,,,,,,
1783537452.206,3764599.0,9398.192,44.658154,,,,,,
1783537452.207,3764604.0,9398.26,44.657959,,,,,,
1783537452.207,3764609.0,9398.192,44.658154,,,,,,
1783537452.208,3764614.0,9399.17,44.65271,,,,,,
1783537452.209,3764619.0,9398.833,44.651058,,,,,,
1783537452.210,3764624.0,9398.126,44.653103,,,,,,
1783537452.211,3764629.0,9398.395,44.654949,,,,,,
1783537452.211,3764634.0,9398.463,44.654751,,,,,,
1783537452.212,3764639.0,9397.283,44.658161,,,,,,
1783537452.213,3764644.0,9397.654,44.657085,,,,,,
1783537452.214,3764649.0,9398.125,44.655727,,,,,,
1783537452.215,3764654.0,9398.26,44.652714,,,,,,
1783537452.215,3764659.0,9398.361,44.655045,,,,,,
1783537452.216,3764664.0,9399.539,44.654263,,,,,,
1783537452.217,3764669.0,9399.338,44.657471,,,,,,
1783537452.218,3764674.0,9398.631,44.659512,,,,,,
1783537452.219,3764679.0,9397.788,44.661949,,,,,,
1783537452.220,3764684.0,9398.024,44.658642,,,,,,
1783537452.221,3764689.0,9397.316,44.658066,,,,,,
1783537452.222,3764694.0,9397.687,44.654369,,,,,,
1783537452.223,3764699.0,9398.934,44.650768,,,,,,
1783537452.223,3764704.0,9398.967,44.650673,,,,,,
1783537452.224,3764709.0,9398.563,44.651836,,,,,,
1783537452.225,3764714.0,9399.607,44.648819,,,,,,
1783537452.226,3764719.0,9399.104,44.650276,,,,,,
1783537452.227,3764724.0,9398.294,44.652615,,,,,,
1783537452.227,3764729.0,9398.665,44.654167,,,,,,
1783537452.228,3764734.0,9398.967,44.653297,,,,,,
1783537452.229,3764739.0,9397.451,44.660297,,,,,,
1783537452.230,3764744.0,9398.124,44.658352,,,,,,
1783537452.230,3764749.0,9398.698,44.659313,,,,,,
1783537452.231,3764754.0,9399.035,44.65572,,,,,,
1783537452.232,3764759.0,9398.9,44.656113,,,,,,
1783537452.233,3764764.0,9400.687,44.648323,,,,,,
1783537452.233,3764769.0,9400.08,44.650078,,,,,,
1783537452.234,3764774.0,9399.271,44.649792,,,,,,
1783537452.235,3764779.0,9399.035,44.650475,,,,,,
1783537452.236,3764784.0,9398.935,44.653389,,,,,,
1783537452.236,3764789.0,9397.519,44.660103,,,,,,
1783537452.237,3764794.0,9397.552,44.660007,,,,,,
1783537452.238,3764799.0,9398.529,44.657181,,,,,,
1783537452.239,3764804.0,9398.697,44.656696,,,,,,
1783537452.239,3764809.0,9398.429,44.65485,,,,,,
1783537452.240,3764814.0,9399.609,44.648815,,,,,,
1783537452.241,3764819.0,9399.575,44.648914,,,,,,
1783537452.242,3764824.0,9398.799,44.653782,,,,,,
1783537452.243,3764829.0,9398.766,44.656498,,,,,,
1783537452.243,3764834.0,9399.305,44.654942,,,,,,
1783537452.244,3764839.0,9398.125,44.658348,,,,,,
1783537452.245,3764844.0,9398.294,44.65786,,,,,,
1783537452.246,3764849.0,9399.034,44.653103,,,,,,
1783537452.246,3764854.0,9399.136,44.650185,,,,,,
1783537452.247,3764859.0,9398.697,44.654076,,,,,,
1783537452.248,3764864.0,9399.338,44.652225,,,,,,
1783537452.248,3764869.0,9399.573,44.651543,,,,,,
1783537452.249,3764874.0,9398.596,44.654366,,,,,,
1783537452.250,3764879.0,9398.765,44.653881,,,,,,
1783537452.250,3764884.0,9399.271,44.649796,,,,,,
1783537452.252,3764889.0,9398.327,44.655144,,,,,,
1783537452.253,3764894.0,9398.26,44.655338,,,,,,
1783537452.254,3764899.0,9399.271,44.65242,,,,,,
1783537452.413,3764904.0,9399.002,44.653191,,,,,,
1783537452.415,3764909.0,9398.866,44.656212,,,,,,
1783537452.415,3764914.0,9399.877,44.650665,,,,,,
1783537452.416,3764919.0,9399.338,44.654846,,,,,,
1783537452.417,3764924.0,9398.396,44.657566,,,,,,
1783537452.418,3764929.0,9398.227,44.658058,,,,,,
1783537452.419,3764934.0,9397.586,44.659908,,,,,,
1783537452.419,3764939.0,9396.677,44.662537,,,,,,
1783537452.420,3764944.0,9397.451,44.660297,,,,,,
1783537452.421,3764949.0,9398.529,44.657181,,,,,,
1783537452.422,3764954.0,9398.428,44.657478,,,,,,
1783537452.423,3764959.0,9399.002,44.653191,,,,,,
1783537452.424,3764964.0,9400.214,44.652317,,,,,,
1783537452.425,3764969.0,9399.507,44.651737,,,,,,
1783537452.425,3764974.0,9398.597,44.654366,,,,,,
1783537452.426,3764979.0,9398.731,44.656597,,,,,,
1783537452.427,3764984.0,9398.395,44.657574,,,,,,
1783537452.428,3764989.0,9397.08,44.658749,,,,,,
1783537452.429,3764994.0,9397.417,44.657772,,,,,,
1783537452.429,3764999.0,9397.889,44.65641,,,,,,
1783537452.430,3765004.0,9398.092,44.653198,,,,,,
1783537452.431,3765009.0,9398.227,44.652809,,,,,,
1783537452.432,3765014.0,9399.642,44.648724,,,,,,
1783537452.433,3765019.0,9399.642,44.648724,,,,,,
1783537452.434,3765024.0,9398.766,44.653877,,,,,,
1783537452.435,3765029.0,9398.428,44.654854,,,,,,
1783537452.435,3765034.0,9398.799,44.653782,,,,,,
1783537452.436,3765039.0,9397.08,44.658745,,,,,,
1783537452.437,3765044.0,9396.811,44.659527,,,,,,
1783537452.438,3765049.0,9397.35,44.65797,,,,,,
1783537452.439,3765054.0,9397.418,44.657772,,,,,,
1783537452.440,3765059.0,9397.451,44.657677,,,,,,
1783537452.440,3765064.0,9399.136,44.652805,,,,,,
1783537452.442,3765069.0,9399.068,44.655628,,,,,,
1783537452.442,3765074.0,9398.934,44.653393,,,,,,
1783537452.443,3765079.0,9398.934,44.653393,,,,,,
1783537452.444,3765084.0,9398.934,44.653389,,,,,,
1783537452.445,3765089.0,9397.485,44.657578,,,,,,
1783537452.688,3765094.0,9397.956,44.653591,,,,,,
1783537452.689,3765099.0,9398.529,44.651936,,,,,,
1783537452.690,3765104.0,9398.833,44.651058,,,,,,
1783537452.691,3765109.0,9398.597,44.651741,,,,,,
1783537452.692,3765114.0,9399.878,44.648041,,,,,,
1783537452.692,3765119.0,9400.349,44.646679,,,,,,
1783537452.693,3765124.0,9400.013,44.647648,,,,,,
1783537452.694,3765129.0,9399.877,44.648041,,,,,,
1783537452.695,3765134.0,9399.641,44.651348,,,,,,
1783537452.696,3765139.0,9398.227,44.655434,,,,,,
1783537452.697,3765144.0,9397.687,44.656994,,,,,,
1783537452.697,3765149.0,9397.956,44.656212,,,,,,
1783537452.699,3765154.0,9398.192,44.655533,,,,,,
1783537452.700,3765159.0,9398.26,44.652714,,,,,,
1783537452.701,3765164.0,9399.945,44.647842,,,,,,
1783537452.702,3765169.0,9399.775,44.648335,,,,,,
1783537452.703,3765174.0,9399.405,44.649406,,,,,,
1783537452.705,3765179.0,9399.17,44.65271,,,,,,
1783537452.705,3765184.0,9399.406,44.652027,,,,,,
1783537452.706,3765189.0,9397.957,44.656216,,,,,,
1783537452.707,3765194.0,9398.024,44.656017,,,,,,
1783537452.708,3765199.0,9398.495,44.654659,,,,,,
1783537452.709,3765204.0,9398.529,44.651936,,,,,,
1783537452.710,3765209.0,9398.361,44.655045,,,,,,
1783537452.710,3765214.0,9399.439,44.654552,,,,,,
1783537452.711,3765219.0,9399.338,44.654846,,,,,,
1783537452.712,3765224.0,9398.361,44.657665,,,,,,
1783537452.713,3765229.0,9398.327,44.657764,,,,,,
1783537452.715,3765234.0,9398.158,44.658257,,,,,,
1783537452.715,3765239.0,9397.147,44.658554,,,,,,
1783537452.716,3765244.0,9397.754,44.656799,,,,,,
1783537452.717,3765249.0,9398.9,44.656109,,,,,,
1783537452.718,3765254.0,9398.529,44.659801,,,,,,
1783537452.719,3765259.0,9399.204,44.655231,,,,,,
1783537452.720,3765264.0,9400.384,44.651821,,,,,,
1783537452.721,3765269.0,9399.643,44.653965,,,,,,
1783537452.722,3765274.0,9398.529,44.65456,,,,,,
1783537452.723,3765279.0,9399.103,44.652905,,,,,,
1783537452.723,3765284.0,9398.766,44.653877,,,,,,
1783537452.724,3765289.0,9397.99,44.658737,,,,,,
1783537452.725,3765294.0,9398.462,44.66,,,,,,
1783537452.726,3765299.0,9398.765,44.659122,,,,,,
1783537452.727,3765304.0,9398.023,44.658642,,,,,,
1783537452.727,3765309.0,9397.787,44.659325,,,,,,
1783537452.728,3765314.0,9398.495,44.654659,,,,,,
1783537452.729,3765319.0,9398.495,44.652035,,,,,,
1783537452.730,3765324.0,9398.395,44.654949,,,,,,
1783537452.731,3765329.0,9398.563,44.654461,,,,,,
1783537452.732,3765334.0,9398.159,44.655628,,,,,,
1783537452.733,3765339.0,9396.879,44.661949,,,,,,
1783537452.734,3765344.0,9396.508,44.663025,,,,,,
1783537452.735,3765349.0,9396.946,44.659134,,,,,,
1783537452.736,3765354.0,9397.653,44.659714,,,,,,
1783537452.737,3765359.0,9398.227,44.660675,,,,,,
1783537452.737,3765364.0,9399.877,44.65591,,,,,,
1783537452.738,3765369.0,9400.012,44.658138,,,,,,
1783537452.739,3765374.0,9399.541,44.659504,,,,,,
1783537452.740,3765379.0,9398.866,44.661453,,,,,,
1783537452.741,3765384.0,9398.799,44.661648,,,,,,
1783537452.891,3765389.0,9397.249,44.663502,,,,,,
1783537452.892,3765394.0,9397.047,44.664089,,,,,,
1783537452.893,3765399.0,9397.923,44.664177,,,,,,
1783537452.894,3765404.0,9397.721,44.664764,,,,,,
1783537452.895,3765409.0,9397.519,44.665344,,,,,,
1783537452.896,3765414.0,9398.832,44.661552,,,,,,
1783537452.897,3765419.0,9398.631,44.662132,,,,,,
1783537452.898,3765424.0,9397.822,44.66185,,,,,,
1783537452.898,3765429.0,9398.697,44.6567,,,,,,
1783537452.899,3765434.0,9399.035,44.653095,,,,,,
1783537452.900,3765439.0,9398.059,44.658546,,,,,,
1783537452.902,3765444.0,9398.463,44.654751,,,,,,
1783537452.903,3765449.0,9398.9,44.656109,,,,,,
1783537452.904,3765454.0,9398.631,44.659512,,,,,,
1783537452.905,3765459.0,9397.787,44.661945,,,,,,
1783537452.906,3765464.0,9399.17,44.657955,,,,,,
1783537452.907,3765469.0,9399.339,44.657467,,,,,,
1783537452.908,3765474.0,9398.799,44.656406,,,,,,
1783537452.908,3765479.0,9398.529,44.654556,,,,,,
1783537452.909,3765484.0,9399.405,44.652031,,,,,,
1783537452.910,3765489.0,9397.485,44.657578,,,,,,
1783537452.911,3765494.0,9397.35,44.65797,,,,,,
1783537452.912,3765499.0,9398.328,44.65514,,,,,,
1783537452.913,3765504.0,9398.125,44.655724,,,,,,
1783537452.913,3765509.0,9397.957,44.656216,,,,,,
1783537452.914,3765514.0,9399.775,44.650959,,,,,,
1783537452.915,3765519.0,9399.607,44.651443,,,,,,
1783537452.916,3765524.0,9398.563,44.654461,,,,,,
1783537452.917,3765529.0,9399.17,44.655331,,,,,,
1783537452.918,3765534.0,9399.372,44.654751,,,,,,
1783537452.919,3765539.0,9397.35,44.65797,,,,,,
1783537452.920,3765544.0,9397.417,44.657772,,,,,,
1783537452.921,3765549.0,9398.294,44.655239,,,,,,
1783537452.922,3765554.0,9397.721,44.654274,,,,,,
1783537452.923,3765559.0,9397.485,44.657578,,,,,,
1783537452.924,3765564.0,9399.271,44.65242,,,,,,
1783537452.924,3765569.0,9399.271,44.65242,,,,,,
1783537453.158,3765574.0,9398.631,44.654263,,,,,,
1783537453.160,3765579.0,9398.967,44.653297,,,,,,
1783537453.161,3765584.0,9399.17,44.650085,,,,,,
1783537453.162,3765589.0,9397.418,44.657772,,,,,,
1783537453.163,3765594.0,9397.822,44.656605,,,,,,
1783537453.164,3765599.0,9398.327,44.655144,,,,,,
1783537453.165,3765604.0,9398.058,44.655918,,,,,,
1783537453.166,3765609.0,9397.553,44.657383,,,,,,
1783537453.166,3765614.0,9398.9,44.650864,,,,,,
1783537453.167,3765619.0,9398.697,44.651451,,,,,,
1783537453.168,3765624.0,9398.293,44.655243,,,,,,
1783537453.169,3765629.0,9398.563,44.654461,,,,,,
1783537453.170,3765634.0,9398.63,44.656891,,,,,,
1783537453.170,3765639.0,9397.384,44.663116,,,,,,
1783537453.171,3765644.0,9397.282,44.663406,,,,,,
1783537453.172,3765649.0,9397.687,44.659615,,,,,,
1783537453.173,3765654.0,9397.384,44.660492,,,,,,
1783537453.174,3765659.0,9397.384,44.657871,,,,,,
1783537453.174,3765664.0,9398.529,44.651936,,,,,,
1783537453.175,3765669.0,9398.597,44.654366,,,,,,
1783537453.176,3765674.0,9397.855,44.656509,,,,,,
1783537453.177,3765679.0,9397.619,44.659813,,,,,,
1783537453.178,3765684.0,9397.653,44.659714,,,,,,
1783537453.178,3765689.0,9397.146,44.661182,,,,,,
1783537453.179,3765694.0,9397.013,44.658939,,,,,,
1783537453.180,3765699.0,9397.721,44.656898,,,,,,
1783537453.182,3765704.0,9398.125,44.655727,,,,,,
1783537453.182,3765709.0,9398.361,44.655045,,,,,,
1783537453.183,3765714.0,9399.103,44.655525,,,,,,
1783537453.184,3765719.0,9399.203,44.655235,,,,,,
1783537453.186,3765724.0,9398.395,44.660191,,,,,,
1783537453.187,3765729.0,9398.395,44.65757,,,,,,
1783537453.189,3765734.0,9398.9,44.656113,,,,,,
1783537453.190,3765739.0,9397.519,44.660103,,,,,,
1783537453.190,3765744.0,9397.451,44.660301,,,,,,
1783537453.192,3765749.0,9398.598,44.654362,,,,,,
1783537453.192,3765754.0,9398.496,44.657276,,,,,,
1783537453.193,3765759.0,9398.058,44.661163,,,,,,
1783537453.194,3765764.0,9399.709,44.653774,,,,,,
1783537453.195,3765769.0,9399.708,44.653774,,,,,,
1783537453.196,3765774.0,9398.899,44.656113,,,,,,
1783537453.197,3765779.0,9399.203,44.652615,,,,,,
1783537453.198,3765784.0,9399.473,44.649212,,,,,,
1783537453.198,3765789.0,9397.721,44.654274,,,,,,
1783537453.199,3765794.0,9397.99,44.653492,,,,,,
1783537453.200,3765799.0,9398.463,44.652126,,,,,,
1783537453.201,3765804.0,9398.125,44.653103,,,,,,
1783537453.202,3765809.0,9397.721,44.654274,,,,,,
1783537453.203,3765814.0,9399.439,44.651932,,,,,,
1783537453.204,3765819.0,9399.103,44.652905,,,,,,
1783537453.205,3765824.0,9398.462,44.657375,,,,,,
1783537453.206,3765829.0,9398.664,44.656792,,,,,,
1783537453.207,3765834.0,9398.529,44.657185,,,,,,
1783537453.207,3765839.0,9396.609,44.662727,,,,,,
1783537453.208,3765844.0,9396.811,44.662151,,,,,,
1783537453.209,3765849.0,9397.722,44.656895,,,,,,
1783537453.210,3765854.0,9397.822,44.659225,,,,,,
