timestamp_computer,timestamp,sensor1,sensor2,mag,width,crack_x,crack_size,serial out,response
1783536507.578,2820038.0,9408.125,44.663528,,,,,,
1783536507.580,2820048.0,9408.379,44.662792,,,,,,
1783536507.581,2820058.0,9408.783,44.661625,,,,,,
1783536507.582,2820068.0,9408.835,44.661476,,,,,,
1783536507.582,2820078.0,9408.817,44.661526,,,,,,
1783536507.583,2820088.0,9408.599,44.662159,,,,,,
1783536507.584,2820098.0,9408.802,44.661572,,,,,,
1783536507.585,2820108.0,9408.937,44.662491,,,,,,
1783536507.586,2820118.0,9409.14,44.663216,,,,,,
1783536507.587,2820128.0,9409.174,44.663116,,,,,,
1783536507.588,2820138.0,9409.377,44.662529,,,,,,
1783536507.589,2820148.0,9409.427,44.663692,,,,,,
1783536507.591,2820158.0,9409.376,44.665154,,,,,,
1783536507.591,2820168.0,9409.393,44.666416,,,,,,
1783536507.592,2820178.0,9409.275,44.666756,,,,,,
1783536507.593,2820188.0,9409.764,44.665344,,,,,,
1783536507.595,2820198.0,9409.409,44.667683,,,,,,
1783536507.596,2820208.0,9409.273,44.666763,,,,,,
1783536507.597,2820218.0,9409.122,44.66589,,,,,,
1783536507.598,2820228.0,9409.072,44.666035,,,,,,
1783536507.725,2820238.0,9408.937,44.666428,,,,,,
1783536507.726,2820248.0,9408.801,44.665508,,,,,,
1783536507.727,2820258.0,9408.834,44.664101,,,,,,
1783536507.728,2820268.0,9408.834,44.662788,,,,,,
1783536507.729,2820278.0,9409.07,44.662106,,,,,,
1783536507.730,2820288.0,9409.088,44.662056,,,,,,
1783536507.731,2820298.0,9409.324,44.660061,,,,,,
1783536507.732,2820308.0,9408.971,44.661083,,,,,,
1783536507.732,2820318.0,9409.393,44.659863,,,,,,
1783536507.733,2820328.0,9409.612,44.659229,,,,,,
1783536507.734,2820338.0,9409.611,44.659233,,,,,,
1783536507.735,2820348.0,9409.578,44.659328,,,,,,
1783536507.736,2820358.0,9409.409,44.659817,,,,,,
1783536507.736,2820368.0,9409.477,44.659622,,,,,,
1783536507.961,2820378.0,9409.646,44.65913,,,,,,
1783536507.962,2820388.0,9409.563,44.659374,,,,,,
1783536507.962,2820398.0,9409.748,44.660145,,,,,,
1783536507.963,2820408.0,9410.322,44.658485,,,,,,
1783536507.964,2820418.0,9409.949,44.659565,,,,,,
1783536507.965,2820428.0,9409.865,44.661118,,,,,,
1783536507.966,2820438.0,9409.967,44.660824,,,,,,
1783536507.967,2820448.0,9409.849,44.661167,,,,,,
1783536507.967,2820458.0,9409.747,44.661461,,,,,,
1783536507.968,2820468.0,9409.443,44.662338,,,,,,
1783536507.969,2820478.0,9409.274,44.662827,,,,,,
1783536507.970,2820488.0,9409.342,44.662636,,,,,,
1783536507.971,2820498.0,9408.971,44.662395,,,,,,
1783536507.972,2820508.0,9408.582,44.663517,,,,,,
1783536507.973,2820518.0,9408.362,44.664154,,,,,,
1783536507.974,2820528.0,9408.346,44.662888,,,,,,
1783536507.975,2820538.0,9408.075,44.66367,,,,,,
1783536507.976,2820548.0,9408.109,44.66357,,,,,,
1783536507.977,2820558.0,9408.498,44.662449,,,,,,
1783536507.978,2820568.0,9408.768,44.661671,,,,,,
1783536507.979,2820578.0,9408.784,44.660309,,,,,,
1783536507.980,2820588.0,9408.633,44.66206,,,,,,
1783536507.980,2820598.0,9408.699,44.661869,,,,,,
1783536507.981,2820608.0,9408.817,44.661526,,,,,,
1783536507.982,2820618.0,9409.053,44.660847,,,,,,
1783536508.106,2820628.0,9408.969,44.661087,,,,,,
1783536508.107,2820638.0,9409.054,44.660843,,,,,,
1783536508.108,2820648.0,9409.189,44.660454,,,,,,
1783536508.109,2820658.0,9409.156,44.660549,,,,,,
1783536508.109,2820668.0,9409.105,44.660698,,,,,,
1783536508.110,2820678.0,9409.189,44.661762,,,,,,
1783536508.111,2820688.0,9409.476,44.659622,,,,,,
1783536508.112,2820698.0,9409.729,44.65889,,,,,,
1783536508.113,2820708.0,9409.594,44.659283,,,,,,
1783536508.113,2820718.0,9409.526,44.659477,,,,,,
1783536508.114,2820728.0,9409.425,44.659771,,,,,,
1783536508.115,2820738.0,9409.646,44.659134,,,,,,
1783536508.116,2820748.0,9409.611,44.659233,,,,,,
1783536508.292,2820758.0,9409.561,44.659378,,,,,,
1783536508.293,2820768.0,9409.561,44.659378,,,,,,
1783536508.294,2820778.0,9409.408,44.659821,,,,,,
1783536508.295,2820788.0,9409.291,44.660156,,,,,,
1783536508.295,2820798.0,9409.02,44.660942,,,,,,
1783536508.296,2820808.0,9409.003,44.660988,,,,,,
1783536508.297,2820818.0,9409.239,44.660305,,,,,,
1783536508.298,2820828.0,9409.459,44.659672,,,,,,
1783536508.299,2820838.0,9409.341,44.660015,,,,,,
1783536508.300,2820848.0,9409.256,44.660259,,,,,,
1783536508.301,2820858.0,9409.155,44.660549,,,,,,
1783536508.302,2820868.0,9409.173,44.6605,,,,,,
1783536508.303,2820878.0,9409.123,44.660645,,,,,,
1783536508.303,2820888.0,9409.139,44.660599,,,,,,
1783536508.304,2820898.0,9409.088,44.660744,,,,,,
1783536508.305,2820908.0,9409.123,44.661953,,,,,,
1783536508.307,2820918.0,9408.802,44.66288,,,,,,
1783536508.308,2820928.0,9408.498,44.663757,,,,,,
1783536508.309,2820938.0,9408.463,44.66386,,,,,,
1783536508.309,2820948.0,9408.38,44.664097,,,,,,
1783536508.432,2820958.0,9408.328,44.664249,,,,,,
1783536508.433,2820968.0,9408.092,44.664936,,,,,,
1783536508.434,2820978.0,9408.143,44.664787,,,,,,
1783536508.435,2820988.0,9408.228,44.665852,,,,,,
1783536508.436,2820998.0,9408.6,44.664776,,,,,,
1783536508.437,2821008.0,9408.583,44.663513,,,,,,
1783536508.437,2821018.0,9408.549,44.663609,,,,,,
1783536508.438,2821028.0,9408.818,44.66283,,,,,,
1783536508.439,2821038.0,9408.986,44.662346,,,,,,
1783536508.440,2821048.0,9409.139,44.661911,,,,,,
1783536508.441,2821058.0,9409.308,44.661423,,,,,,
1783536508.442,2821068.0,9409.51,44.660839,,,,,,
1783536508.443,2821078.0,9409.358,44.661274,,,,,,
1783536508.642,2821088.0,9409.393,44.659863,,,,,,
1783536508.643,2821098.0,9409.189,44.66045,,,,,,
1783536508.644,2821108.0,9409.273,44.66021,,,,,,
1783536508.645,2821118.0,9409.561,44.659378,,,,,,
1783536508.646,2821128.0,9409.527,44.659473,,,,,,
1783536508.647,2821138.0,9409.357,44.659966,,,,,,
1783536508.647,2821148.0,9409.308,44.66011,,,,,,
1783536508.648,2821158.0,9408.431,44.661331,,,,,,
1783536508.649,2821168.0,9407.436,44.661587,,,,,,
1783536508.650,2821178.0,9406.592,44.661404,,,,,,
1783536508.651,2821188.0,9405.209,44.661465,,,,,,
1783536508.651,2821198.0,9403.825,44.662849,,,,,,
1783536508.652,2821208.0,9402.124,44.662521,,,,,,
1783536508.653,2821218.0,9400.252,44.662689,,,,,,
1783536508.654,2821228.0,9398.518,44.662457,,,,,,
1783536508.654,2821238.0,9396.412,44.663303,,,,,,
1783536508.655,2821248.0,9394.641,44.663177,,,,,,
1783536508.657,2821258.0,9393.563,44.662361,,,,,,
1783536508.658,2821268.0,9392.739,44.662121,,,,,,
1783536508.658,2821278.0,9392.065,44.661449,,,,,,
1783536508.659,2821288.0,9391.477,44.661842,,,,,,
1783536508.660,2821298.0,9390.938,44.660782,,,,,,
1783536508.778,2821308.0,9390.92,44.660831,,,,,,
1783536508.779,2821318.0,9390.803,44.661171,,,,,,
1783536508.780,2821328.0,9390.903,44.662193,,,,,,
1783536508.780,2821338.0,9391.56,44.661606,,,,,,
1783536508.781,2821348.0,9391.861,44.660732,,,,,,
1783536508.782,2821358.0,9392.131,44.661263,,,,,,
1783536508.783,2821368.0,9392.534,44.661407,,,,,,
1783536508.784,2821378.0,9392.871,44.661739,,,,,,
1783536508.784,2821388.0,9393.124,44.661007,,,,,,
1783536508.785,2821398.0,9393.512,44.661201,,,,,,
1783536508.786,2821408.0,9393.966,44.661201,,,,,,
1783536508.787,2821418.0,9394.319,44.661484,,,,,,
1783536508.995,2821428.0,9394.403,44.66124,,,,,,
1783536508.996,2821438.0,9394.556,44.660805,,,,,,
1783536508.998,2821448.0,9394.875,44.66119,,,,,,
1783536508.999,2821458.0,9394.891,44.661144,,,,,,
1783536509.001,2821468.0,9395.127,44.660461,,,,,,
1783536509.002,2821478.0,9395.026,44.660751,,,,,,
1783536509.003,2821488.0,9395.061,44.661964,,,,,,
1783536509.004,2821498.0,9395.076,44.66061,,,,,,
1783536509.005,2821508.0,9394.725,44.661625,,,,,,
1783536509.007,2821518.0,9394.657,44.661819,,,,,,
1783536509.008,2821528.0,9394.673,44.660461,,,,,,
1783536509.009,2821538.0,9394.589,44.659397,,,,,,
1783536509.010,2821548.0,9394.117,44.659451,,,,,,
1783536509.010,2821558.0,9394.084,44.658234,,,,,,
1783536509.011,2821568.0,9393.511,44.658585,,,,,,
1783536509.012,2821578.0,9393.292,44.657906,,,,,,
1783536509.013,2821588.0,9393.309,44.656551,,,,,,
1783536509.014,2821598.0,9393.107,44.657131,,,,,,
1783536509.014,2821608.0,9392.989,44.656166,,,,,,
1783536509.016,2821618.0,9392.72,44.655632,,,,,,
1783536509.018,2821628.0,9392.4,44.656555,,,,,,
1783536509.019,2821638.0,9392.131,44.657333,,,,,,
1783536509.020,2821648.0,9391.963,44.657818,,,,,,
1783536509.021,2821658.0,9391.813,44.658253,,,,,,
1783536509.148,2821668.0,9391.778,44.658352,,,,,,
1783536509.150,2821678.0,9391.56,44.658985,,,,,,
1783536509.152,2821688.0,9391.307,44.659714,,,,,,
1783536509.153,2821698.0,9390.971,44.660686,,,,,,
1783536509.154,2821708.0,9390.752,44.661316,,,,,,
1783536509.155,2821718.0,9390.887,44.660927,,,,,,
1783536509.157,2821728.0,9390.869,44.66098,,,,,,
1783536509.158,2821738.0,9390.432,44.660931,,,,,,
1783536509.160,2821748.0,9390.18,44.660351,,,,,,
1783536509.161,2821758.0,9390.13,44.659184,,,,,,
1783536509.162,2821768.0,9389.811,44.658798,,,,,,
1783536509.163,2821778.0,9389.558,44.659531,,,,,,
1783536509.163,2821788.0,9389.221,44.659195,,,,,,
1783536509.164,2821798.0,9389.053,44.658367,,,,,,
1783536509.359,2821808.0,9388.6,44.658363,,,,,,
1783536509.360,2821818.0,9388.549,44.657196,,,,,,
1783536509.361,2821828.0,9388.179,44.656956,,,,,,
1783536509.362,2821838.0,9387.96,44.657589,,,,,,
1783536509.363,2821848.0,9387.943,44.656326,,,,,,
1783536509.363,2821858.0,9387.54,44.65749,,,,,,
1783536509.364,2821868.0,9387.591,44.657345,,,,,,
1783536509.365,2821878.0,9387.405,44.656567,,,,,,
1783536509.366,2821888.0,9387.087,44.656178,,,,,,
1783536509.367,2821898.0,9386.751,44.65715,,,,,,
1783536509.367,2821908.0,9386.818,44.656956,,,,,,
1783536509.368,2821918.0,9386.178,44.657497,,,,,,
1783536509.369,2821928.0,9385.775,44.658661,,,,,,
1783536509.370,2821938.0,9385.725,44.657497,,,,,,
1783536509.371,2821948.0,9385.221,44.660263,,,,,,
1783536509.372,2821958.0,9384.701,44.660458,,,,,,
1783536509.373,2821968.0,9384.264,44.660412,,,,,,
1783536509.375,2821978.0,9383.961,44.659973,,,,,,
1783536509.375,2821988.0,9383.726,44.660656,,,,,,
1783536509.376,2821998.0,9383.088,44.661186,,,,,,
1783536509.377,2822008.0,9382.669,44.661087,,,,,,
1783536509.490,2822018.0,9382.433,44.66177,,,,,,
1783536509.491,2822028.0,9382.029,44.66032,,,,,,
1783536509.492,2822038.0,9381.678,44.661335,,,,,,
1783536509.493,2822048.0,9381.425,44.659443,,,,,,
1783536509.493,2822058.0,9381.258,44.659927,,,,,,
1783536509.494,2822068.0,9380.939,44.660847,,,,,,
1783536509.495,2822078.0,9380.536,44.662014,,,,,,
1783536509.495,2822088.0,9380.217,44.662933,,,,,,
1783536509.496,2822098.0,9380.485,44.660851,,,,,,
1783536509.496,2822108.0,9380.486,44.660847,,,,,,
1783536509.497,2822118.0,9380.015,44.662212,,,,,,
1783536509.498,2822128.0,9380.1,44.661964,,,,,,
1783536509.659,2822138.0,9380.016,44.6609,,,,,,
1783536509.660,2822148.0,9379.948,44.661095,,,,,,
1783536509.661,2822158.0,9379.848,44.660076,,,,,,
1783536509.662,2822168.0,9379.831,44.658817,,,,,,
1783536509.663,2822178.0,9379.947,44.657169,,,,,,
1783536509.664,2822188.0,9379.864,44.656101,,,,,,
1783536509.665,2822198.0,9379.747,44.656437,,,,,,
1783536509.665,2822208.0,9379.646,44.656727,,,,,,
1783536509.666,2822218.0,9379.729,44.65649,,,,,,
1783536509.667,2822228.0,9379.747,44.656437,,,,,,
1783536509.668,2822238.0,9379.58,44.65823,,,,,,
1783536509.668,2822248.0,9379.463,44.658569,,,,,,
1783536509.669,2822258.0,9379.277,44.659103,,,,,,
1783536509.670,2822268.0,9379.042,44.659782,,,,,,
1783536509.671,2822278.0,9378.689,44.660801,,,,,,
1783536509.672,2822288.0,9378.588,44.662407,,,,,,
1783536509.673,2822298.0,9378.488,44.664005,,,,,,
1783536509.674,2822308.0,9377.952,44.665554,,,,,,
1783536509.800,2822318.0,9377.952,44.664246,,,,,,
1783536509.801,2822328.0,9377.701,44.666279,,,,,,
1783536509.801,2822338.0,9377.264,44.667542,,,,,,
1783536509.802,2822348.0,9377.314,44.668705,,,,,,
1783536509.803,2822358.0,9377.549,44.669334,,,,,,
1783536509.804,2822368.0,9377.718,44.670155,,,,,,
1783536509.805,2822378.0,9377.584,44.671856,,,,,,
1783536509.805,2822388.0,9377.668,44.671612,,,,,,
1783536509.807,2822398.0,9377.584,44.671856,,,,,,
1783536509.808,2822408.0,9377.834,44.671131,,,,,,
1783536509.809,2822418.0,9377.818,44.673794,,,,,,
1783536509.810,2822428.0,9377.734,44.675346,,,,,,
1783536509.811,2822438.0,9377.902,44.674862,,,,,,
1783536509.811,2822448.0,9377.885,44.674915,,,,,,
1783536510.025,2822458.0,9377.685,44.676804,,,,,,
1783536510.026,2822468.0,9377.499,44.677338,,,,,,
1783536510.027,2822478.0,9377.852,44.677628,,,,,,
1783536510.028,2822488.0,9377.817,44.679039,,,,,,
1783536510.030,2822498.0,9377.768,44.680492,,,,,,
1783536510.032,2822508.0,9377.65,44.680828,,,,,,
1783536510.033,2822518.0,9377.717,44.680637,,,,,,
1783536510.034,2822528.0,9377.466,44.681362,,,,,,
1783536510.035,2822538.0,9377.381,44.682919,,,,,,
1783536510.036,2822548.0,9376.963,44.685432,,,,,,
1783536510.037,2822558.0,9376.795,44.687229,,,,,,
1783536510.038,2822568.0,9376.275,44.690041,,,,,,
1783536510.040,2822578.0,9375.654,44.691833,,,,,,
1783536510.040,2822588.0,9375.252,44.692997,,,,,,
1783536510.041,2822598.0,9374.397,44.695465,,,,,,
1783536510.042,2822608.0,9374.097,44.697647,,,,,,
1783536510.044,2822618.0,9373.24,44.701435,,,,,,
1783536510.045,2822628.0,9373.09,44.70187,,,,,,
1783536510.046,2822638.0,9372.588,44.70332,,,,,,
1783536510.047,2822648.0,9371.967,44.706425,,,,,,
1783536510.048,2822658.0,9371.28,44.708405,,,,,,
1783536510.049,2822668.0,9370.963,44.710632,,,,,,
1783536510.050,2822678.0,9370.492,44.711994,,,,,,
1783536510.051,2822688.0,9369.639,44.714458,,,,,,
1783536510.183,2822698.0,9369.538,44.714748,,,,,,
1783536510.184,2822708.0,9368.869,44.717995,,,,,,
1783536510.186,2822718.0,9368.232,44.719833,,,,,,
1783536510.187,2822728.0,9367.346,44.722401,,,,,,
1783536510.188,2822738.0,9366.659,44.724384,,,,,,
1783536510.190,2822748.0,9365.89,44.726604,,,,,,
1783536510.191,2822758.0,9364.587,44.730366,,,,,,
1783536510.192,2822768.0,9363.531,44.732105,,,,,,
1783536510.193,2822778.0,9362.395,44.736702,,,,,,
1783536510.194,2822788.0,9361.408,44.740864,,,,,,
1783536510.195,2822798.0,9360.306,44.745361,,,,,,
1783536510.196,2822808.0,9359.053,44.748981,,,,,,
1783536510.197,2822818.0,9358.033,44.751923,,,,,,
1783536510.198,2822828.0,9356.914,44.755157,,,,,,
1783536510.411,2822838.0,9355.512,44.759212,,,,,,
1783536510.412,2822848.0,9354.56,44.760654,,,,,,
1783536510.414,2822858.0,9353.727,44.763062,,,,,,
1783536510.415,2822868.0,9352.591,44.767658,,,,,,
1783536510.416,2822878.0,9351.607,44.770496,,,,,,
1783536510.417,2822888.0,9350.474,44.773769,,,,,,
1783536510.418,2822898.0,9349.389,44.775593,,,,,,
1783536510.419,2822908.0,9348.224,44.778957,,,,,,
1783536510.420,2822918.0,9347.039,44.781071,,,,,,
1783536510.421,2822928.0,9345.939,44.785561,,,,,,
1783536510.422,2822938.0,9344.79,44.790192,,,,,,
1783536510.423,2822948.0,9343.507,44.795212,,,,,,
1783536510.424,2822958.0,9342.376,44.798481,,,,,,
1783536510.425,2822968.0,9341.261,44.801701,,,,,,
1783536510.426,2822978.0,9339.662,44.80632,,,,,,
1783536510.427,2822988.0,9338.564,44.810802,,,,,,
1783536510.428,2822998.0,9337.134,44.817558,,,,,,
1783536510.429,2823008.0,9335.971,44.822227,,,,,,
1783536510.430,2823018.0,9334.509,44.829071,,,,,,
1783536510.431,2823028.0,9333.062,44.834568,,,,,,
1783536510.432,2823038.0,9331.65,44.839951,,,,,,
1783536510.432,2823048.0,9330.321,44.845104,,,,,,
1783536510.433,2823058.0,9329.011,44.850201,,,,,,
1783536510.434,2823068.0,9327.317,44.856403,,,,,,
1783536510.548,2823078.0,9326.205,44.862236,,,,,,
1783536510.549,2823088.0,9324.415,44.868717,,,,,,
1783536510.550,2823098.0,9322.924,44.873028,,,,,,
1783536510.551,2823108.0,9321.697,44.877884,,,,,,
1783536510.552,2823118.0,9320.519,44.882603,,,,,,
1783536510.552,2823128.0,9319.045,44.888172,,,,,,
1783536510.553,2823138.0,9317.785,44.894428,,,,,,
1783536510.554,2823148.0,9316.41,44.899712,,,,,,
1783536510.555,2823158.0,9314.807,44.906963,,,,,,
1783536510.556,2823168.0,9313.516,44.913319,,,,,,
1783536510.557,2823178.0,9311.994,44.919022,,,,,,
1783536510.558,2823188.0,9310.804,44.925083,,,,,,
1783536510.725,2823198.0,9309.3,44.933361,,,,,,
1783536510.726,2823208.0,9307.549,44.941044,,,,,,
1783536510.727,2823218.0,9305.796,44.94873,,,,,,
1783536510.728,2823228.0,9304.31,44.956959,,,,,,
1783536510.729,2823238.0,9302.724,44.962849,,,,,,
1783536510.730,2823248.0,9300.908,44.972027,,,,,,
1783536510.731,2823258.0,9299.656,44.978264,,,,,,
1783536510.732,2823268.0,9297.939,44.984535,,,,,,
1783536510.733,2823278.0,9296.241,44.992062,,,,,,
1783536510.734,2823288.0,9294.593,44.998138,,,,,,
1783536510.734,2823298.0,9293.028,45.003967,,,,,,
1783536510.735,2823308.0,9291.3,45.010273,,,,,,
1783536510.736,2823318.0,9289.769,45.01601,,,,,,
1783536510.737,2823328.0,9288.023,45.022366,,,,,,
1783536510.739,2823338.0,9286.378,45.028431,,,,,,
1783536510.740,2823348.0,9284.897,45.034023,,,,,,
1783536510.741,2823358.0,9283.057,45.041962,,,,,,
1783536510.742,2823368.0,9281.626,45.050034,,,,,,
1783536510.742,2823378.0,9280.345,45.055042,,,,,,
1783536510.852,2823388.0,9279.178,45.059723,,,,,,
1783536510.853,2823398.0,9277.947,45.065899,,,,,,
1783536510.854,2823408.0,9276.716,45.073395,,,,,,
1783536510.854,2823418.0,9275.697,45.078957,,,,,,
1783536510.855,2823428.0,9274.549,45.0849,,,,,,
1783536510.856,2823438.0,9273.843,45.09087,,,,,,
1783536510.856,2823448.0,9272.713,45.096764,,,,,,
1783536510.857,2823458.0,9271.744,45.100872,,,,,,
1783536510.858,2823468.0,9270.908,45.105911,,,,,,
1783536510.858,2823478.0,9270.073,45.110954,,,,,,
1783536510.859,2823488.0,9269.041,45.116558,,,,,,
1783536510.860,2823498.0,9268.073,45.121975,,,,,,
1783536511.093,2823508.0,9267.402,45.125229,,,,,,
1783536511.095,2823518.0,9266.387,45.130787,,,,,,
1783536511.096,2823528.0,9265.765,45.133896,,,,,,
1783536511.097,2823538.0,9264.471,45.138943,,,,,,
1783536511.098,2823548.0,9263.685,45.142529,,,,,,
1783536511.099,2823558.0,9262.785,45.146439,,,,,,
1783536511.100,2823568.0,9262.098,45.148426,,,,,,
1783536511.101,2823578.0,9261.361,45.153179,,,,,,
1783536511.102,2823588.0,9260.706,45.156384,,,,,,
1783536511.103,2823598.0,9260.085,45.158176,,,,,,
1783536511.105,2823608.0,9259.252,45.160583,,,,,,
1783536511.107,2823618.0,9258.581,45.163837,,,,,,
1783536511.108,2823628.0,9257.927,45.165726,,,,,,
1783536511.109,2823638.0,9257.485,45.167004,,,,,,
1783536511.110,2823648.0,9257.061,45.16954,,,,,,
1783536511.111,2823658.0,9256.554,45.172318,,,,,,
1783536511.112,2823668.0,9255.965,45.175331,,,,,,
1783536511.113,2823678.0,9255.361,45.177074,,,,,,
1783536511.114,2823688.0,9254.708,45.180275,,,,,,
1783536511.115,2823698.0,9254.283,45.182816,,,,,,
1783536511.116,2823708.0,9254.169,45.18446,,,,,,
1783536511.117,2823718.0,9253.874,45.18531,,,,,,
1783536511.118,2823728.0,9253.401,45.186676,,,,,,
1783536511.118,2823738.0,9253.155,45.188702,,,,,,
1783536511.120,2823748.0,9252.78,45.189785,,,,,,
1783536511.122,2823758.0,9252.747,45.18988,,,,,,
1783536511.245,2823768.0,9252.209,45.191433,,,,,,
1783536511.246,2823778.0,9251.8,45.192616,,,,,,
1783536511.247,2823788.0,9251.539,45.193371,,,,,,
1783536511.248,2823798.0,9250.999,45.193619,,,,,,
1783536511.249,2823808.0,9250.576,45.194839,,,,,,
1783536511.250,2823818.0,9250.232,45.194523,,,,,,
1783536511.251,2823828.0,9250.054,45.195038,,,,,,
1783536511.251,2823838.0,9249.71,45.19603,,,,,,
1783536511.252,2823848.0,9249.025,45.196697,,,,,,
1783536511.253,2823858.0,9248.601,45.196613,,,,,,
1783536511.254,2823868.0,9248.617,45.195251,,,,,,
1783536511.255,2823878.0,9248.487,45.194313,,,,,,
1783536511.255,2823888.0,9248.535,45.192863,,,,,,
1783536511.575,2823898.0,9248.683,45.192436,,,,,,
1783536511.576,2823908.0,9248.438,45.19183,,,,,,
1783536511.577,2823918.0,9248.537,45.191547,,,,,,
1783536511.578,2823928.0,9248.357,45.190758,,,,,,
1783536511.579,2823938.0,9248.39,45.18935,,,,,,
1783536511.579,2823948.0,9248.667,45.187237,,,,,,
1783536511.580,2823958.0,9248.683,45.185879,,,,,,
1783536511.581,2823968.0,9248.699,45.184521,,,,,,
1783536511.582,2823978.0,9248.896,45.181324,,,,,,
1783536511.584,2823988.0,9249.01,45.179687,0.546273,165.291351,2823984.25,120.180161,,
1783536511.584,2824110.0,9250.022,45.172832,,,,,,
1783536511.585,2824120.0,9251.951,45.163322,,,,,,
1783536511.586,2824130.0,9253.193,45.157108,,,,,,
1783536511.587,2824140.0,9254.712,45.151405,,,,,,
1783536511.589,2824150.0,9256.724,45.141659,,,,,,
1783536511.590,2824160.0,9258.275,45.134548,,,,,,
1783536511.591,2824170.0,9260.761,45.124748,,,,,,
1783536511.592,2824180.0,9262.659,45.116638,,,,,,
1783536511.592,2824190.0,9264.833,45.107727,,,,,,
1783536511.593,2824200.0,9267.238,45.096844,,,,,,
1783536511.594,2824210.0,9268.777,45.091084,,,,,,
1783536511.595,2824220.0,9270.172,45.085743,,,,,,
1783536511.596,2824230.0,9271.615,45.078949,,,,,,
1783536511.809,2824240.0,9273.517,45.070835,,,,,,
1783536511.811,2824250.0,9275.093,45.06366,,,,,,
1783536511.812,2824260.0,9276.847,45.055973,,,,,,
1783536511.813,2824270.0,9278.506,45.048553,,,,,,
1783536511.814,2824280.0,9280.264,45.039547,,,,,,
1783536511.815,2824290.0,9281.905,45.032181,,,,,,
1783536511.816,2824300.0,9283.747,45.024239,,,,,,
1783536511.817,2824310.0,9285.029,45.01791,,,,,,
1783536511.818,2824320.0,9286.592,45.010773,,,,,,
1783536511.819,2824330.0,9288.485,45.002682,,,,,,
1783536511.820,2824340.0,9290.098,44.995403,,,,,,
1783536511.821,2824350.0,9291.778,44.987926,,,,,,
1783536511.821,2824360.0,9293.721,44.978382,,,,,,
1783536511.823,2824370.0,9295.518,44.97057,,,,,,
1783536511.825,2824380.0,9297.248,44.962952,,,,,,
1783536511.826,2824390.0,9299.128,44.954895,,,,,,
1783536511.827,2824400.0,9300.912,44.947113,,,,,,
1783536511.828,2824410.0,9302.955,44.938591,,,,,,
1783536511.829,2824420.0,9304.557,44.931339,,,,,,
1783536511.830,2824430.0,9306.143,44.924137,,,,,,
1783536511.831,2824440.0,9308.026,44.916073,,,,,,
1783536511.832,2824450.0,9310.127,44.908691,,,,,,
1783536511.833,2824460.0,9312.31,44.901077,,,,,,
1783536511.834,2824470.0,9314.146,44.894459,,,,,,
1783536511.970,2824480.0,9316.349,44.886787,,,,,,
1783536511.971,2824490.0,9318.534,44.879162,,,,,,
1783536511.973,2824500.0,9320.623,44.873123,,,,,,
1783536511.974,2824510.0,9322.743,44.865692,,,,,,
1783536511.975,2824520.0,9324.832,44.858341,,,,,,
1783536511.976,2824530.0,9326.955,44.850899,,,,,,
1783536511.976,2824540.0,9328.896,44.843983,,,,,,
1783536511.977,2824550.0,9330.788,44.837208,,,,,,
1783536511.978,2824560.0,9332.349,44.831387,,,,,,
1783536511.979,2824570.0,9334.359,44.824265,,,,,,
1783536511.980,2824580.0,9335.971,44.818298,,,,,,
1783536511.980,2824590.0,9337.784,44.811749,,,,,,
1783536511.981,2824600.0,9339.198,44.805046,,,,,,
1783536511.982,2824610.0,9340.545,44.799843,,,,,,
1783536511.983,2824620.0,9342.292,44.793488,,,,,,
1783536512.191,2824630.0,9343.641,44.786964,,,,,,
1783536512.192,2824640.0,9345.04,44.781609,,,,,,
1783536512.193,2824650.0,9346.057,44.777359,,,,,,
1783536512.194,2824660.0,9347.322,44.772392,,,,,,
1783536512.195,2824670.0,9348.271,44.767029,,,,,,
1783536512.196,2824680.0,9349.372,44.762543,,,,,,
1783536512.197,2824690.0,9350.273,44.758629,,,,,,
1783536512.198,2824700.0,9351.407,44.75404,,,,,,
1783536512.198,2824710.0,9352.506,44.748245,,,,,,
1783536512.200,2824720.0,9353.242,44.7435,,,,,,
1783536512.201,2824730.0,9354.126,44.739639,,,,,,
1783536512.202,2824740.0,9354.811,44.735039,,,,,,
1783536512.203,2824750.0,9355.512,44.730396,,,,,,
1783536512.204,2824760.0,9356.011,44.726334,,,,,,
1783536512.205,2824770.0,9356.345,44.722752,,,,,,
1783536512.207,2824780.0,9356.529,44.720909,,,,,,
1783536512.208,2824790.0,9356.713,44.717758,,,,,,
1783536512.209,2824800.0,9356.862,44.71471,,,,,,
1783536512.210,2824810.0,9356.946,44.713158,,,,,,
1783536512.211,2824820.0,9357.014,44.711655,,,,,,
1783536512.212,2824830.0,9356.93,44.710587,,,,,,
1783536512.213,2824840.0,9357.08,44.708843,,,,,,
1783536512.214,2824850.0,9357.197,44.707195,,,,,,
1783536512.349,2824860.0,9357.297,44.705597,,,,,,
1783536512.351,2824870.0,9357.665,44.704533,,,,,,
1783536512.352,2824880.0,9357.715,44.701771,,,,,,
1783536512.354,2824890.0,9357.982,44.701,,,,,,
1783536512.355,2824900.0,9358.216,44.699013,,,,,,
1783536512.356,2824910.0,9358.382,44.697224,,,,,,
1783536512.357,2824920.0,9358.867,44.694511,,,,,,
1783536512.358,2824930.0,9359.234,44.692142,,,,,,
1783536512.359,2824940.0,9359.603,44.68977,,,,,,
1783536512.360,2824950.0,9360.138,44.686913,,,,,,
1783536512.361,2824960.0,9360.521,44.685802,,,,,,
1783536512.362,2824970.0,9360.806,44.683674,,,,,,
1783536512.363,2824980.0,9361.173,44.682613,,,,,,
1783536512.364,2824990.0,9361.507,44.68034,,,,,,
1783536512.365,2825000.0,9361.977,44.678982,,,,,,
1783536512.591,2825010.0,9362.511,44.677437,,,,,,
1783536512.592,2825020.0,9362.629,44.677097,,,,,,
1783536512.593,2825030.0,9363.029,44.675941,,,,,,
1783536512.594,2825040.0,9363.33,44.673763,,,,,,
1783536512.595,2825050.0,9363.648,44.672844,,,,,,
1783536512.596,2825060.0,9363.748,44.672554,,,,,,
1783536512.596,2825070.0,9363.799,44.672409,,,,,,
1783536512.597,2825080.0,9364.2,44.669941,,,,,,
1783536512.598,2825090.0,9364.283,44.669701,,,,,,
1783536512.599,2825100.0,9364.232,44.669846,,,,,,
1783536512.599,2825110.0,9364.301,44.669651,,,,,,
1783536512.600,2825120.0,9364.534,44.668976,,,,,,
1783536512.601,2825130.0,9364.585,44.667515,,,,,,
1783536512.602,2825140.0,9364.518,44.669022,,,,,,
1783536512.603,2825150.0,9364.267,44.669746,,,,,,
1783536512.603,2825160.0,9364.45,44.667904,,,,,,
1783536512.604,2825170.0,9364.718,44.667133,,,,,,
1783536512.605,2825180.0,9364.617,44.667423,,,,,,
1783536512.606,2825190.0,9364.803,44.665577,,,,,,
1783536512.607,2825200.0,9364.852,44.665436,,,,,,
1783536512.608,2825210.0,9364.768,44.664371,,,,,,
1783536512.609,2825220.0,9364.751,44.663113,,,,,,
1783536512.610,2825230.0,9364.734,44.663158,,,,,,
1783536512.610,2825240.0,9364.834,44.661564,,,,,,
1783536512.611,2825250.0,9365.104,44.659473,,,,,,
1783536512.736,2825260.0,9365.221,44.660446,,,,,,
1783536512.737,2825270.0,9365.204,44.65918,,,,,,
1783536512.738,2825280.0,9365.236,44.659088,,,,,,
1783536512.740,2825290.0,9365.236,44.659088,,,,,,
1783536512.741,2825300.0,9365.27,44.657684,,,,,,
1783536512.742,2825310.0,9365.338,44.657486,,,,,,
1783536512.743,2825320.0,9365.271,44.658989,,,,,,
1783536512.744,2825330.0,9365.22,44.659138,,,,,,
1783536512.745,2825340.0,9365.22,44.66045,,,,,,
1783536512.747,2825350.0,9365.236,44.6604,,,,,,
1783536512.748,2825360.0,9365.254,44.659039,,,,,,
1783536512.749,2825370.0,9365.556,44.659477,,,,,,
1783536512.750,2825380.0,9365.856,44.658607,,,,,,
1783536512.974,2825390.0,9366.073,44.657982,,,,,,
1783536512.975,2825400.0,9366.04,44.659386,,,,,,
1783536512.976,2825410.0,9366.141,44.660404,,,,,,
1783536512.977,2825420.0,9366.559,44.659195,,,,,,
1783536512.978,2825430.0,9366.977,44.659298,,,,,,
1783536512.979,2825440.0,9367.245,44.65852,,,,,,
1783536512.980,2825450.0,9367.346,44.659538,,,,,,
1783536512.981,2825460.0,9367.361,44.660805,,,,,,
1783536512.982,2825470.0,9367.529,44.66032,,,,,,
1783536512.982,2825480.0,9367.63,44.661339,,,,,,
1783536512.984,2825490.0,9367.713,44.662407,,,,,,
1783536512.984,2825500.0,9368.533,44.660038,,,,,,
1783536512.985,2825510.0,9368.601,44.659843,,,,,,
1783536512.986,2825520.0,9368.65,44.659698,,,,,,
1783536512.987,2825530.0,9368.752,44.658096,,,,,,
1783536512.989,2825540.0,9368.768,44.658051,,,,,,
1783536512.990,2825550.0,9368.919,44.657612,,,,,,
1783536512.991,2825560.0,9368.919,44.657612,,,,,,
1783536512.991,2825570.0,9368.869,44.656448,,,,,,
1783536512.992,2825580.0,9368.952,44.656208,,,,,,
1783536512.993,2825590.0,9368.818,44.656597,,,,,,
1783536512.994,2825600.0,9368.266,44.658192,,,,,,
1783536512.994,2825610.0,9368.4,44.657803,,,,,,
1783536512.995,2825620.0,9368.248,44.658245,,,,,,
1783536512.996,2825630.0,9367.797,44.659546,,,,,,
1783536513.111,2825640.0,9367.68,44.658573,,,,,,
1783536513.112,2825650.0,9367.278,44.658424,,,,,,
1783536513.112,2825660.0,9366.978,44.657986,,,,,,
1783536513.113,2825670.0,9366.743,44.658665,,,,,,
1783536513.114,2825680.0,9366.208,44.658901,,,,,,
1783536513.114,2825690.0,9365.689,44.659092,,,,,,
1783536513.115,2825700.0,9365.521,44.658264,,,,,,
1783536513.116,2825710.0,9365.087,44.658211,,,,,,
1783536513.116,2825720.0,9364.686,44.658062,,,,,,
1783536513.117,2825730.0,9364.368,44.658981,,,,,,
1783536513.118,2825740.0,9363.833,44.659218,,,,,,
1783536513.118,2825750.0,9363.532,44.660088,,,,,,
1783536513.324,2825760.0,9363.264,44.660862,,,,,,
1783536513.325,2825770.0,9362.88,44.660664,,,,,,
1783536513.326,2825780.0,9362.694,44.661198,,,,,,
1783536513.327,2825790.0,9362.428,44.661968,,,,,,
1783536513.327,2825800.0,9361.993,44.663227,,,,,,
1783536513.328,2825810.0,9361.575,44.664433,,,,,,
1783536513.329,2825820.0,9361.224,44.664135,,,,,,
1783536513.330,2825830.0,9361.189,44.662926,,,,,,
1783536513.331,2825840.0,9361.105,44.663174,,,,,,
1783536513.332,2825850.0,9361.089,44.663223,,,,,,
1783536513.333,2825860.0,9361.073,44.661957,,,,,,
1783536513.334,2825870.0,9360.99,44.662197,,,,,,
1783536513.334,2825880.0,9360.957,44.660984,,,,,,
1783536513.335,2825890.0,9361.023,44.660793,,,,,,
1783536513.336,2825900.0,9360.973,44.65963,,,,,,
1783536513.337,2825910.0,9361.106,44.657932,,,,,,
1783536513.338,2825920.0,9361.173,44.657742,,,,,,
1783536513.339,2825930.0,9361.323,44.658615,,,,,,
1783536513.340,2825940.0,9361.407,44.658371,,,,,,
1783536513.341,2825950.0,9361.441,44.656967,,,,,,
1783536513.342,2825960.0,9361.19,44.659,,,,,,
1783536513.342,2825970.0,9361.056,44.660698,,,,,,
1783536513.343,2825980.0,9360.974,44.660934,,,,,,
1783536513.460,2825990.0,9361.174,44.659046,,,,,,
1783536513.461,2826000.0,9361.207,44.660263,,,,,,
1783536513.462,2826010.0,9361.324,44.659924,,,,,,
1783536513.463,2826020.0,9361.558,44.659248,,,,,,
1783536513.464,2826030.0,9361.29,44.65871,,,,,,
1783536513.465,2826040.0,9361.29,44.65871,,,,,,
1783536513.466,2826050.0,9361.34,44.659878,,,,,,
1783536513.466,2826060.0,9361.725,44.658764,,,,,,
1783536513.467,2826070.0,9361.624,44.657745,,,,,,
1783536513.468,2826080.0,9361.942,44.656826,,,,,,
1783536513.469,2826090.0,9361.942,44.658138,,,,,,
1783536513.469,2826100.0,9362.126,44.656296,,,,,,
1783536513.641,2826110.0,9362.444,44.655376,,,,,,
1783536513.642,2826120.0,9362.479,44.655277,,,,,,
1783536513.643,2826130.0,9362.578,44.6563,,,,,,
1783536513.644,2826140.0,9362.846,44.656834,,,,,,
1783536513.644,2826150.0,9362.762,44.657074,,,,,,
1783536513.645,2826160.0,9362.812,44.656933,,,,,,
1783536513.646,2826170.0,9363.313,44.656788,,,,,,
1783536513.647,2826180.0,9363.279,44.658195,,,,,,
1783536513.647,2826190.0,9363.296,44.656841,,,,,,
1783536513.648,2826200.0,9363.112,44.65868,,,,,,
1783536513.649,2826210.0,9362.945,44.660473,,,,,,
1783536513.649,2826220.0,9362.962,44.661736,,,,,,
1783536513.650,2826230.0,9362.929,44.660522,,,,,,
1783536513.651,2826240.0,9362.694,44.659889,,,,,,
1783536513.651,2826250.0,9362.762,44.659691,,,,,,
1783536513.652,2826260.0,9362.595,44.660175,,,,,,
1783536513.652,2826270.0,9362.326,44.66095,,,,,,
1783536513.654,2826280.0,9362.227,44.659931,,,,,,
1783536513.655,2826290.0,9361.824,44.662403,,,,,,
1783536513.782,2826300.0,9362.042,44.660465,,,,,,
1783536513.783,2826310.0,9362.143,44.660172,,,,,,
1783536513.783,2826320.0,9362.327,44.659641,,,,,,
1783536513.784,2826330.0,9362.494,44.659157,,,,,,
1783536513.785,2826340.0,9362.461,44.660561,,,,,,
1783536513.786,2826350.0,9362.411,44.660706,,,,,,
1783536513.787,2826360.0,9362.979,44.659061,,,,,,
1783536513.787,2826370.0,9363.131,44.658627,,,,,,
1783536513.788,2826380.0,9363.431,44.659073,,,,,,
1783536513.789,2826390.0,9364.232,44.656754,,,,,,
1783536513.791,2826400.0,9364.584,44.657047,,,,,,
1783536513.792,2826410.0,9364.768,44.656517,,,,,,
1783536513.793,2826420.0,9365.187,44.656616,,,,,,
1783536513.794,2826430.0,9365.771,44.656235,,,,,,
1783536514.024,2826440.0,9366.608,44.655125,,,,,,
1783536514.025,2826450.0,9367.045,44.655174,,,,,,
1783536514.026,2826460.0,9367.444,44.655327,,,,,,
1783536514.027,2826470.0,9367.947,44.655182,,,,,,
1783536514.027,2826480.0,9368.365,44.655285,,,,,,
1783536514.028,2826490.0,9368.733,44.654221,,,,,,
1783536514.029,2826500.0,9369.136,44.654366,,,,,,
1783536514.030,2826510.0,9369.354,44.655045,,,,,,
1783536514.031,2826520.0,9369.42,44.654858,,,,,,
1783536514.031,2826530.0,9369.287,44.656551,,,,,,
1783536514.032,2826540.0,9369.104,44.657082,,,,,,
1783536514.033,2826550.0,9369.187,44.656841,,,,,,
1783536514.034,2826560.0,9368.819,44.657902,,,,,,
1783536514.034,2826570.0,9368.769,44.656738,,,,,,
1783536514.035,2826580.0,9368.701,44.655621,,,,,,
1783536514.036,2826590.0,9368.501,44.6562,,,,,,
1783536514.037,2826600.0,9367.897,44.657944,,,,,,
1783536514.038,2826610.0,9367.496,44.659103,,,,,,
1783536514.039,2826620.0,9367.145,44.65881,,,,,,
1783536514.039,2826630.0,9367.295,44.65707,,,,,,
1783536514.040,2826640.0,9366.877,44.658276,,,,,,
1783536514.041,2826650.0,9366.658,44.658909,,,,,,
1783536514.042,2826660.0,9366.492,44.658081,,,,,,
1783536514.043,2826670.0,9365.89,44.659821,,,,,,
1783536514.044,2826680.0,9365.455,44.661076,,,,,,
1783536514.157,2826690.0,9365.036,44.662289,,,,,,
1783536514.158,2826700.0,9364.819,44.661606,,,,,,
1783536514.159,2826710.0,9364.435,44.661404,,,,,,
1783536514.159,2826720.0,9364.15,44.662228,,,,,,
1783536514.160,2826730.0,9363.414,44.664352,,,,,,
1783536514.161,2826740.0,9363.164,44.663769,,,,,,
1783536514.161,2826750.0,9362.762,44.66362,,,,,,
1783536514.162,2826760.0,9362.177,44.664001,,,,,,
1783536514.163,2826770.0,9361.926,44.66473,,,,,,
1783536514.163,2826780.0,9361.274,44.665302,,,,,,
1783536514.164,2826790.0,9360.74,44.665539,,,,,,
1783536514.165,2826800.0,9360.556,44.664761,,,,,,
1783536514.357,2826810.0,9360.438,44.663792,,,,,,
1783536514.358,2826820.0,9360.12,44.663403,,,,,,
1783536514.359,2826830.0,9359.686,44.663349,,,,,,
1783536514.360,2826840.0,9359.269,44.663242,,,,,,
1783536514.360,2826850.0,9359.219,44.662079,,,,,,
1783536514.361,2826860.0,9358.984,44.662758,,,,,,
1783536514.362,2826870.0,9358.885,44.661736,,,,,,
1783536514.363,2826880.0,9359.018,44.660046,,,,,,
1783536514.364,2826890.0,9359.067,44.659901,,,,,,
1783536514.364,2826900.0,9358.717,44.660912,,,,,,
1783536514.365,2826910.0,9358.566,44.661346,,,,,,
1783536514.366,2826920.0,9358.35,44.663284,,,,,,
1783536514.367,2826930.0,9358.533,44.662754,,,,,,
1783536514.368,2826940.0,9358.434,44.663044,,,,,,
1783536514.368,2826950.0,9358.065,44.664108,,,,,,
1783536514.369,2826960.0,9358.065,44.662796,,,,,,
1783536514.371,2826970.0,9357.782,44.663612,,,,,,
1783536514.372,2826980.0,9357.48,44.665794,,,,,,
1783536514.373,2826990.0,9357.063,44.667004,,,,,,
1783536514.374,2827000.0,9357.18,44.666668,,,,,,
1783536514.374,2827010.0,9357.364,44.666134,,,,,,
1783536514.493,2827020.0,9357.181,44.665352,,,,,,
1783536514.494,2827030.0,9357.264,44.665112,,,,,,
1783536514.495,2827040.0,9357.331,44.664917,,,,,,
1783536514.496,2827050.0,9357.632,44.664047,,,,,,
1783536514.496,2827060.0,9357.565,44.665546,,,,,,
1783536514.497,2827070.0,9357.599,44.665451,,,,,,
1783536514.498,2827080.0,9357.564,44.66555,,,,,,
1783536514.499,2827090.0,9357.832,44.66478,,,,,,
1783536514.500,2827100.0,9357.883,44.665939,,,,,,
1783536514.500,2827110.0,9357.581,44.666813,,,,,,
1783536514.502,2827120.0,9357.648,44.666618,,,,,,
1783536514.502,2827130.0,9357.397,44.667343,,,,,,
1783536514.503,2827140.0,9357.498,44.668362,,,,,,
1783536514.724,2827150.0,9357.296,44.668945,,,,,,
1783536514.725,2827160.0,9357.347,44.668797,,,,,,
1783536514.726,2827170.0,9357.431,44.668556,,,,,,
1783536514.727,2827180.0,9357.498,44.66967,,,,,,
1783536514.728,2827190.0,9357.33,44.670155,,,,,,
1783536514.729,2827200.0,9357.196,44.67054,,,,,,
1783536514.729,2827210.0,9357.279,44.6703,,,,,,
1783536514.730,2827220.0,9357.18,44.670589,,,,,,
1783536514.731,2827230.0,9357.18,44.670589,,,,,,
1783536514.732,2827240.0,9356.763,44.671795,,,,,,
1783536514.733,2827250.0,9356.495,44.672565,,,,,,
1783536514.734,2827260.0,9356.327,44.674358,,,,,,
1783536514.734,2827270.0,9355.979,44.675373,,,,,,
1783536514.735,2827280.0,9355.794,44.674591,,,,,,
1783536514.736,2827290.0,9355.894,44.674305,,,,,,
1783536514.738,2827300.0,9355.644,44.673717,,,,,,
1783536514.739,2827310.0,9355.109,44.675262,,,,,,
1783536514.741,2827320.0,9354.775,44.676228,,,,,,
1783536514.742,2827330.0,9354.375,44.677383,,,,,,
1783536514.742,2827340.0,9354.143,44.676746,,,,,,
1783536514.743,2827350.0,9353.725,44.679264,,,,,,
1783536514.744,2827360.0,9353.308,44.679161,,,,,,
1783536514.745,2827370.0,9353.141,44.680946,,,,,,
1783536514.746,2827380.0,9352.541,44.682682,,,,,,
1783536514.873,2827390.0,9351.822,44.686069,,,,,,
1783536514.874,2827400.0,9351.572,44.688099,,,,,,
1783536514.875,2827410.0,9351.455,44.689747,,,,,,
1783536514.876,2827420.0,9351.072,44.692162,,,,,,
1783536514.876,2827430.0,9351.256,44.69294,,,,,,
1783536514.877,2827440.0,9351.271,44.694206,,,,,,
1783536514.878,2827450.0,9351.389,44.693867,,,,,,
1783536514.879,2827460.0,9351.373,44.696529,,,,,,
1783536514.880,2827470.0,9351.489,44.697502,,,,,,
1783536514.880,2827480.0,9351.973,44.698727,,,,,,
1783536514.881,2827490.0,9352.29,44.699116,,,,,,
1783536514.882,2827500.0,9352.256,44.700523,,,,,,
1783536514.883,2827510.0,9352.573,44.702225,,,,,,
1783536514.884,2827520.0,9352.905,44.703884,,,,,,
1783536515.124,2827530.0,9352.639,44.707275,,,,,,
1783536515.125,2827540.0,9352.606,44.709988,,,,,,
1783536515.126,2827550.0,9352.457,44.713039,,,,,,
1783536515.126,2827560.0,9352.456,44.713039,,,,,,
1783536515.127,2827570.0,9352.322,44.714733,,,,,,
1783536515.128,2827580.0,9351.806,44.717533,,,,,,
1783536515.129,2827590.0,9351.306,44.720291,,,,,,
1783536515.129,2827600.0,9350.922,44.722713,,,,,,
1783536515.130,2827610.0,9350.205,44.724785,,,,,,
1783536515.131,2827620.0,9349.472,44.72559,,,,,,
1783536515.132,2827630.0,9348.422,44.727314,,,,,,
1783536515.133,2827640.0,9347.455,44.728798,,,,,,
1783536515.135,2827650.0,9346.489,44.731586,,,,,,
1783536515.136,2827660.0,9345.424,44.735973,,,,,,
1783536515.137,2827670.0,9344.572,44.738441,,,,,,
1783536515.138,2827680.0,9343.74,44.739532,,,,,,
1783536515.139,2827690.0,9342.925,44.740578,,,,,,
1783536515.140,2827700.0,9341.842,44.742401,,,,,,
1783536515.141,2827710.0,9340.843,44.745289,,,,,,
1783536515.142,2827720.0,9340.028,44.747639,,,,,,
1783536515.143,2827730.0,9339.229,44.751259,,,,,,
1783536515.144,2827740.0,9338.332,44.753849,,,,,,
1783536515.145,2827750.0,9337.434,44.755138,,,,,,
1783536515.146,2827760.0,9336.603,44.756229,,,,,,
1783536515.146,2827770.0,9335.354,44.758526,,,,,,
1783536515.147,2827780.0,9334.391,44.761311,,,,,,
1783536515.270,2827790.0,9333.111,44.765007,,,,,,
1783536515.271,2827800.0,9331.782,44.768848,,,,,,
1783536515.272,2827810.0,9330.902,44.768772,,,,,,
1783536515.273,2827820.0,9330.104,44.77108,,,,,,
1783536515.274,2827830.0,9329.258,44.772217,,,,,,
1783536515.275,2827840.0,9328.627,44.77404,,,,,,
1783536515.276,2827850.0,9327.78,44.776485,,,,,,
1783536515.276,2827860.0,9326.769,44.779408,,,,,,
1783536515.277,2827870.0,9326.021,44.781567,,,,,,
1783536515.278,2827880.0,9325.375,44.783436,,,,,,
1783536515.279,2827890.0,9324.778,44.78516,,,,,,
1783536515.279,2827900.0,9324.396,44.786263,,,,,,
1783536515.280,2827910.0,9323.453,44.790298,,,,,,
1783536515.475,2827920.0,9322.606,44.794052,,,,,,
1783536515.476,2827930.0,9321.928,44.796013,,,,,,
1783536515.478,2827940.0,9320.932,44.798893,,,,,,
1783536515.479,2827950.0,9320.235,44.800903,,,,,,
1783536515.480,2827960.0,9319.772,44.803551,,,,,,
1783536515.482,2827970.0,9319.176,44.805275,,,,,,
1783536515.483,2827980.0,9318.348,44.807667,,,,,,
1783536515.484,2827990.0,9317.784,44.809296,,,,,,
1783536515.485,2828000.0,9317.055,44.812717,,,,,,
1783536515.486,2828010.0,9316.592,44.815361,,,,,,
1783536515.486,2828020.0,9316.13,44.8167,,,,,,
1783536515.487,2828030.0,9315.55,44.819679,,,,,,
1783536515.488,2828040.0,9315.054,44.82373,,,,,,
1783536515.489,2828050.0,9314.392,44.826958,,,,,,
1783536515.490,2828060.0,9313.614,44.830517,,,,,,
1783536515.491,2828070.0,9312.935,44.835094,,,,,,
1783536515.491,2828080.0,9311.959,44.84053,,,,,,
1783536515.492,2828090.0,9311.43,44.843372,,,,,,
1783536515.493,2828100.0,9311.1,44.845634,,,,,,
1783536515.494,2828110.0,9310.372,44.849045,,,,,,
1783536515.495,2828120.0,9309.512,44.85284,,,,,,
1783536515.495,2828130.0,9308.719,44.856441,,,,,,
1783536515.623,2828140.0,9308.207,44.857918,,,,,,
1783536515.624,2828150.0,9307.644,44.860859,,,,,,
1783536515.625,2828160.0,9307.198,44.862148,,,,,,
1783536515.626,2828170.0,9306.619,44.863819,,,,,,
1783536515.627,2828180.0,9306.851,44.86446,,,,,,
1783536515.627,2828190.0,9306.272,44.867439,,,,,,
1783536515.628,2828200.0,9305.545,44.869541,,,,,,
1783536515.629,2828210.0,9305.198,44.871849,,,,,,
1783536515.630,2828220.0,9304.736,44.874493,,,,,,
1783536515.631,2828230.0,9304.291,44.875782,,,,,,
1783536515.632,2828240.0,9303.334,44.87986,,,,,,
1783536515.633,2828250.0,9302.788,44.882744,,,,,,
1783536515.633,2828260.0,9302.277,44.885529,,,,,,
1783536515.634,2828270.0,9301.533,44.888988,,,,,,
1783536515.840,2828280.0,9300.479,44.890728,,,,,,
1783536515.841,2828290.0,9299.653,44.894421,,,,,,
1783536515.842,2828300.0,9298.928,44.897823,,,,,,
1783536515.843,2828310.0,9298.234,44.899826,,,,,,
1783536515.843,2828320.0,9297.327,44.902451,,,,,,
1783536515.844,2828330.0,9296.717,44.905525,,,,,,
1783536515.846,2828340.0,9296.256,44.906857,,,,,,
1783536515.847,2828350.0,9295.481,44.909096,,,,,,
1783536515.847,2828360.0,9294.675,44.910114,,,,,,
1783536515.848,2828370.0,9294.263,44.911304,,,,,,
1783536515.849,2828380.0,9293.471,44.913593,,,,,,
1783536515.850,2828390.0,9292.943,44.915115,,,,,,
1783536515.851,2828400.0,9292.4,44.916687,,,,,,
1783536515.851,2828410.0,9291.873,44.918209,,,,,,
1783536515.852,2828420.0,9291.445,44.919445,,,,,,
1783536515.853,2828430.0,9291.05,44.919281,,,,,,
1783536515.854,2828440.0,9290.754,44.918827,,,,,,
1783536515.855,2828450.0,9290.457,44.919685,,,,,,
1783536515.856,2828460.0,9289.931,44.922512,,,,,,
1783536515.856,2828470.0,9289.602,44.923466,,,,,,
1783536515.857,2828480.0,9289.617,44.924728,,,,,,
1783536515.858,2828490.0,9289.618,44.924725,,,,,,
1783536515.984,2828500.0,9289.815,44.924156,,,,,,
1783536515.985,2828510.0,9289.815,44.925468,,,,,,
1783536515.986,2828520.0,9290.244,44.925537,,,,,,
1783536515.988,2828530.0,9290.441,44.927582,,,,,,
1783536515.989,2828540.0,9290.951,44.92873,,,,,,
1783536515.991,2828550.0,9291.231,44.929234,,,,,,
1783536515.992,2828560.0,9291.775,44.92897,,,,,,
1783536515.993,2828570.0,9292.384,44.92852,,,,,,
1783536515.994,2828580.0,9292.647,44.929066,,,,,,
1783536515.995,2828590.0,9293.125,44.928997,,,,,,
1783536515.996,2828600.0,9293.322,44.929737,,,,,,
1783536515.997,2828610.0,9293.537,44.929119,,,,,,
1783536515.997,2828620.0,9293.472,44.929306,,,,,,
1783536515.998,2828630.0,9293.735,44.927231,,,,,,
1783536516.223,2828640.0,9293.85,44.926903,,,,,,
1783536516.224,2828650.0,9293.982,44.926517,,,,,,
1783536516.225,2828660.0,9294.131,44.924782,,,,,,
1783536516.226,2828670.0,9293.801,44.924427,,,,,,
1783536516.227,2828680.0,9293.966,44.922642,,,,,,
1783536516.227,2828690.0,9293.85,44.921669,,,,,,
1783536516.228,2828700.0,9293.768,44.920593,,,,,,
1783536516.229,2828710.0,9293.866,44.918995,,,,,,
1783536516.230,2828720.0,9294.162,44.916832,,,,,,
1783536516.231,2828730.0,9294.163,44.916828,,,,,,
1783536516.231,2828740.0,9294.064,44.915806,,,,,,
1783536516.232,2828750.0,9294.162,44.914215,,,,,,
1783536516.233,2828760.0,9294.18,44.912857,,,,,,
1783536516.346,2828770.0,9294.443,44.910782,0.272067,174.852371,2828762.5,59.854702,,
1783536516.347,2828892.0,9294.477,44.90807,,,,,,
1783536516.348,2828902.0,9294.971,44.904026,,,,,,
1783536516.349,2828912.0,9295.169,44.902138,,,,,,
1783536516.350,2828922.0,9295.828,44.897617,,,,,,
1783536516.350,2828932.0,9296.124,44.894146,,,,,,
1783536516.351,2828942.0,9296.289,44.891048,,,,,,
1783536516.352,2828952.0,9297.031,44.886288,,,,,,
1783536516.352,2828962.0,9297.328,44.881496,,,,,,
1783536516.353,2828972.0,9298.218,44.877617,,,,,,
1783536516.354,2828982.0,9298.449,44.875641,,,,,,
1783536516.355,2828992.0,9299.06,44.872566,,,,,,
1783536516.523,2829002.0,9299.455,44.871426,,,,,,
1783536516.524,2829012.0,9299.884,44.867565,,,,,,
1783536516.525,2829022.0,9300.561,44.865608,,,,,,
1783536516.526,2829032.0,9300.908,44.863297,,,,,,
1783536516.527,2829042.0,9301.368,44.860661,,,,,,
1783536516.527,2829052.0,9301.979,44.857586,,,,,,
1783536516.528,2829062.0,9302.459,44.856197,,,,,,
1783536516.529,2829072.0,9303.17,44.852837,,,,,,
1783536516.530,2829082.0,9303.928,44.849335,,,,,,
1783536516.531,2829092.0,9304.556,44.847519,,,,,,
1783536516.532,2829102.0,9305.447,44.843636,,,,,,
1783536516.533,2829112.0,9306.505,44.839272,,,,,,
1783536516.534,2829122.0,9306.984,44.836578,,,,,,
1783536516.535,2829132.0,9307.744,44.833073,,,,,,
1783536516.536,2829142.0,9308.604,44.829277,,,,,,
1783536516.538,2829152.0,9309.628,44.825008,,,,,,
1783536516.539,2829162.0,9310.604,44.820881,,,,,,
1783536516.540,2829172.0,9311.497,44.81699,,,,,,
1783536516.677,2829182.0,9312.556,44.813931,,,,,,
1783536516.678,2829192.0,9313.199,44.810764,,,,,,
1783536516.679,2829202.0,9313.929,44.807343,,,,,,
1783536516.679,2829212.0,9314.26,44.806389,,,,,,
1783536516.680,2829222.0,9315.104,44.802639,,,,,,
1783536516.681,2829232.0,9316.195,44.799484,,,,,,
1783536516.682,2829242.0,9317.205,44.79657,,,,,,
1783536516.683,2829252.0,9317.701,44.795135,,,,,,
1783536516.685,2829262.0,9318.514,44.792786,,,,,,
1783536516.686,2829272.0,9319.226,44.789421,,,,,,
1783536516.687,2829282.0,9320.104,44.785576,,,,,,
1783536516.688,2829292.0,9321.131,44.7813,,,,,,
1783536516.689,2829302.0,9321.977,44.777546,,,,,,
1783536516.690,2829312.0,9323.153,44.772839,,,,,,
1783536516.691,2829322.0,9324.231,44.768414,,,,,,
1783536516.907,2829332.0,9324.911,44.765141,,,,,,
1783536516.909,2829342.0,9325.658,44.760365,,,,,,
1783536516.910,2829352.0,9326.554,44.755161,,,,,,
1783536516.912,2829362.0,9327.116,44.752224,,,,,,
1783536516.913,2829372.0,9327.564,44.749622,,,,,,
1783536516.914,2829382.0,9328.411,44.74456,,,,,,
1783536516.915,2829392.0,9328.893,44.741859,,,,,,
1783536516.916,2829402.0,9329.475,44.738876,,,,,,
1783536516.917,2829412.0,9329.854,44.736469,,,,,,
1783536516.918,2829422.0,9330.104,44.73444,,,,,,
1783536516.919,2829432.0,9330.785,44.729858,,,,,,
1783536516.921,2829442.0,9331.135,44.727535,,,,,,
1783536516.922,2829452.0,9331.399,44.725464,,,,,,
1783536516.924,2829462.0,9331.932,44.722626,,,,,,
1783536516.925,2829472.0,9332.712,44.719059,,,,,,
1783536516.926,2829482.0,9332.828,44.717415,,,,,,
1783536516.927,2829492.0,9333.709,44.713558,,,,,,
1783536516.928,2829502.0,9334.44,44.711445,,,,,,
1783536516.929,2829512.0,9335.271,44.707737,,,,,,
1783536516.929,2829522.0,9336.07,44.704121,,,,,,
1783536516.930,2829532.0,9336.318,44.703403,,,,,,
1783536516.931,2829542.0,9337.15,44.702305,,,,,,
1783536516.932,2829552.0,9337.998,44.699856,,,,,,
1783536516.933,2829562.0,9338.73,44.696434,,,,,,
1783536516.933,2829572.0,9339.462,44.694321,,,,,,
1783536517.051,2829582.0,9340.061,44.693897,,,,,,
1783536517.052,2829592.0,9340.609,44.69231,,,,,,
1783536517.053,2829602.0,9341.143,44.689461,,,,,,
1783536517.055,2829612.0,9341.842,44.688751,,,,,,
1783536517.056,2829622.0,9342.408,44.688419,,,,,,
1783536517.057,2829632.0,9343.157,44.687565,,,,,,
1783536517.057,2829642.0,9343.506,44.686554,,,,,,
1783536517.058,2829652.0,9343.99,44.686466,,,,,,
1783536517.059,2829662.0,9344.372,44.685364,,,,,,
1783536517.060,2829672.0,9344.538,44.684883,,,,,,
1783536517.060,2829682.0,9344.971,44.683636,,,,,,
1783536517.061,2829692.0,9344.987,44.683586,,,,,,
1783536517.274,2829702.0,9345.139,44.683151,,,,,,
1783536517.275,2829712.0,9345.188,44.681698,,,,,,
1783536517.276,2829722.0,9344.955,44.681065,,,,,,
1783536517.277,2829732.0,9344.854,44.680046,,,,,,
1783536517.277,2829742.0,9344.872,44.678684,,,,,,
1783536517.278,2829752.0,9344.771,44.676361,,,,,,
1783536517.279,2829762.0,9344.521,44.677082,,,,,,
1783536517.280,2829772.0,9344.487,44.677181,,,,,,
1783536517.281,2829782.0,9344.404,44.674805,,,,,,
1783536517.281,2829792.0,9344.305,44.673779,,,,,,
1783536517.282,2829802.0,9344.09,44.673096,,,,,,
1783536517.283,2829812.0,9343.606,44.674488,,,,,,
1783536517.284,2829822.0,9343.356,44.673904,,,,,,
1783536517.285,2829832.0,9343.123,44.673267,,,,,,
1783536517.286,2829842.0,9343.272,44.671528,,,,,,
1783536517.288,2829852.0,9342.906,44.672588,,,,,,
1783536517.289,2829862.0,9343.206,44.670406,,,,,,
1783536517.290,2829872.0,9343.174,44.670502,,,,,,
1783536517.290,2829882.0,9342.939,44.671177,,,,,,
1783536517.291,2829892.0,9342.724,44.671803,,,,,,
1783536517.292,2829902.0,9342.84,44.671471,,,,,,
1783536517.293,2829912.0,9343.057,44.669537,,,,,,
1783536517.293,2829922.0,9343.123,44.669338,,,,,,
1783536517.294,2829932.0,9343.423,44.668476,,,,,,
1783536517.403,2829942.0,9343.19,44.669147,,,,,,
1783536517.404,2829952.0,9343.424,44.668476,,,,,,
1783536517.405,2829962.0,9343.34,44.668716,,,,,,
1783536517.406,2829972.0,9343.224,44.667744,,,,,,
1783536517.407,2829982.0,9343.322,44.667458,,,,,,
1783536517.407,2829992.0,9343.489,44.666977,,,,,,
1783536517.408,2830002.0,9343.307,44.667503,,,,,,
1783536517.409,2830012.0,9343.423,44.667168,,,,,,
1783536517.410,2830022.0,9343.722,44.666306,,,,,,
1783536517.410,2830032.0,9343.756,44.666206,,,,,,
1783536517.411,2830042.0,9343.822,44.666016,,,,,,
1783536517.590,2830052.0,9343.872,44.665871,,,,,,
1783536517.591,2830062.0,9344.088,44.665245,,,,,,
1783536517.592,2830072.0,9344.239,44.66481,,,,,,
1783536517.593,2830082.0,9344.489,44.664085,,,,,,
1783536517.594,2830092.0,9344.672,44.663559,,,,,,
1783536517.595,2830102.0,9344.972,44.662693,,,,,,
1783536517.596,2830112.0,9344.922,44.662838,,,,,,
1783536517.596,2830122.0,9344.888,44.662937,,,,,,
1783536517.597,2830132.0,9345.287,44.661781,,,,,,
1783536517.598,2830142.0,9345.287,44.661781,,,,,,
1783536517.599,2830152.0,9345.654,44.660721,,,,,,
1783536517.600,2830162.0,9345.672,44.660671,,,,,,
1783536517.600,2830172.0,9345.955,44.659851,,,,,,
1783536517.601,2830182.0,9346.072,44.659512,,,,,,
1783536517.602,2830192.0,9346.154,44.659275,,,,,,
1783536517.604,2830202.0,9345.955,44.659851,,,,,,
1783536517.605,2830212.0,9346.055,44.659565,,,,,,
1783536517.606,2830222.0,9346.287,44.658894,,,,,,
1783536517.606,2830232.0,9346.287,44.658894,,,,,,
1783536517.607,2830242.0,9346.238,44.659035,,,,,,
1783536517.722,2830252.0,9345.939,44.659897,,,,,,
1783536517.723,2830262.0,9345.955,44.659851,,,,,,
1783536517.724,2830272.0,9345.889,44.660042,,,,,,
1783536517.726,2830282.0,9345.805,44.660286,,,,,,
1783536517.727,2830292.0,9345.822,44.660236,,,,,,
1783536517.728,2830302.0,9345.871,44.660095,,,,,,
1783536517.729,2830312.0,9345.923,44.661251,,,,,,
1783536517.730,2830322.0,9346.205,44.660435,,,,,,
1783536517.731,2830332.0,9346.021,44.660965,,,,,,
1783536517.732,2830342.0,9346.154,44.660583,,,,,,
1783536517.733,2830352.0,9346.355,44.660004,,,,,,
1783536517.734,2830362.0,9346.422,44.659809,,,,,,
1783536517.735,2830372.0,9346.12,44.660683,,,,,,
1783536517.939,2830382.0,9346.238,44.660343,,,,,,
1783536517.941,2830392.0,9345.971,44.661114,,,,,,
1783536517.941,2830402.0,9346.088,44.65947,,,,,,
1783536517.942,2830412.0,9345.838,44.657574,,,,,,
1783536517.943,2830422.0,9345.371,44.65892,,,,,,
1783536517.944,2830432.0,9345.189,44.658138,,,,,,
1783536517.945,2830442.0,9344.873,44.659054,,,,,,
1783536517.946,2830452.0,9344.588,44.658569,,,,,,
1783536517.946,2830462.0,9344.173,44.659771,,,,,,
1783536517.947,2830472.0,9344.072,44.658752,,,,,,
1783536517.948,2830482.0,9344.037,44.658852,,,,,,
1783536517.949,2830492.0,9344.037,44.657547,,,,,,
1783536517.950,2830502.0,9344.07,44.658756,,,,,,
1783536517.950,2830512.0,9344.072,44.658752,,,,,,
1783536517.951,2830522.0,9344.454,44.657646,,,,,,
1783536517.952,2830532.0,9344.555,44.658665,,,,,,
1783536517.953,2830542.0,9344.771,44.658043,,,,,,
1783536517.955,2830552.0,9345.055,44.658527,,,,,,
1783536517.956,2830562.0,9345.455,44.657375,,,,,,
1783536517.956,2830572.0,9345.971,44.657192,,,,,,
1783536517.957,2830582.0,9345.938,44.657288,,,,,,
1783536517.958,2830592.0,9346.205,44.657822,,,,,,
1783536518.080,2830602.0,9346.354,44.658699,,,,,,
1783536518.081,2830612.0,9346.621,44.659233,,,,,,
1783536518.082,2830622.0,9346.638,44.659184,,,,,,
1783536518.084,2830632.0,9346.688,44.659042,,,,,,
1783536518.085,2830642.0,9347.037,44.658035,,,,,,
1783536518.086,2830652.0,9346.987,44.658173,,,,,,
1783536518.087,2830662.0,9346.889,44.658463,,,,,,
1783536518.088,2830672.0,9346.82,44.658661,,,,,,
1783536518.089,2830682.0,9346.938,44.658321,,,,,,
1783536518.090,2830692.0,9347.188,44.657597,,,,,,
1783536518.091,2830702.0,9347.221,44.656193,,,,,,
1783536518.092,2830712.0,9346.921,44.657063,,,,,,
1783536518.093,2830722.0,9346.404,44.658554,,,,,,
1783536518.094,2830732.0,9346.404,44.658554,,,,,,
1783536518.306,2830742.0,9346.071,44.659515,,,,,,
1783536518.307,2830752.0,9345.838,44.660191,,,,,,
1783536518.308,2830762.0,9345.771,44.659073,,,,,,
1783536518.309,2830772.0,9345.354,44.65897,,,,,,
1783536518.310,2830782.0,9345.07,44.658482,,,,,,
1783536518.310,2830792.0,9344.605,44.65852,,,,,,
1783536518.311,2830802.0,9344.289,44.658123,,,,,,
1783536518.312,2830812.0,9344.188,44.657108,,,,,,
1783536518.313,2830822.0,9344.221,44.655708,,,,,,
1783536518.314,2830832.0,9343.955,44.655167,,,,,,
1783536518.315,2830842.0,9343.938,44.653912,,,,,,
1783536518.315,2830852.0,9343.788,44.653038,,,,,,
1783536518.316,2830862.0,9343.288,44.654484,,,,,,
1783536518.317,2830872.0,9343.339,44.654335,,,,,,
1783536518.318,2830882.0,9342.905,44.65559,,,,,,
1783536518.319,2830892.0,9342.772,44.655972,,,,,,
1783536518.320,2830902.0,9342.673,44.656261,,,,,,
1783536518.320,2830912.0,9342.64,44.656357,,,,,,
1783536518.321,2830922.0,9342.59,44.656502,,,,,,
1783536518.322,2830932.0,9342.59,44.656502,,,,,,
1783536518.323,2830942.0,9342.589,44.656502,,,,,,
1783536518.324,2830952.0,9342.389,44.65839,,,,,,
1783536518.325,2830962.0,9342.805,44.657188,,,,,,
1783536518.445,2830972.0,9342.805,44.657188,,,,,,
1783536518.446,2830982.0,9343.171,44.657436,,,,,,
1783536518.447,2830992.0,9342.739,44.659988,,,,,,
1783536518.448,2831002.0,9342.706,44.660084,,,,,,
1783536518.449,2831012.0,9342.74,44.661297,,,,,,
1783536518.450,2831022.0,9342.773,44.661201,,,,,,
1783536518.450,2831032.0,9342.49,44.662022,,,,,,
1783536518.451,2831042.0,9342.357,44.662403,,,,,,
1783536518.452,2831052.0,9342.724,44.660034,,,,,,
1783536518.453,2831062.0,9342.59,44.660423,,,,,,
1783536518.455,2831072.0,9342.624,44.660324,,,,,,
1783536518.456,2831082.0,9342.574,44.660465,,,,,,
1783536518.456,2831092.0,9343.09,44.657669,,,,,,
1783536518.623,2831102.0,9343.122,44.658882,,,,,,
1783536518.624,2831112.0,9343.122,44.658882,,,,,,
1783536518.625,2831122.0,9343.04,44.659119,,,,,,
1783536518.626,2831132.0,9343.472,44.657875,,,,,,
1783536518.627,2831142.0,9343.388,44.658115,,,,,,
1783536518.627,2831152.0,9343.406,44.659374,,,,,,
1783536518.628,2831162.0,9343.605,44.658794,,,,,,
1783536518.629,2831172.0,9343.705,44.659813,,,,,,
1783536518.630,2831182.0,9344.072,44.657448,,,,,,
1783536518.631,2831192.0,9344.223,44.658318,,,,,,
1783536518.631,2831202.0,9344.405,44.656483,,,,,,
1783536518.632,2831212.0,9344.538,44.656101,,,,,,
1783536518.633,2831222.0,9344.805,44.655331,,,,,,
1783536518.634,2831232.0,9344.538,44.657406,,,,,,
1783536518.634,2831242.0,9344.903,44.656349,,,,,,
1783536518.636,2831252.0,9344.804,44.656639,,,,,,
1783536518.637,2831262.0,9344.755,44.65678,,,,,,
1783536518.638,2831272.0,9344.587,44.65596,,,,,,
1783536518.750,2831282.0,9344.205,44.657066,,,,,,
1783536518.751,2831292.0,9343.955,44.656475,,,,,,
1783536518.751,2831302.0,9343.821,44.656864,,,,,,
1783536518.752,2831312.0,9343.738,44.657104,,,,,,
1783536518.753,2831322.0,9343.555,44.657635,,,,,,
1783536518.754,2831332.0,9343.588,44.657539,,,,,,
1783536518.755,2831342.0,9343.321,44.658306,,,,,,
1783536518.756,2831352.0,9343.339,44.658257,,,,,,
1783536518.757,2831362.0,9343.306,44.658352,,,,,,
1783536518.757,2831372.0,9343.506,44.659084,,,,,,
1783536518.758,2831382.0,9343.572,44.660202,,,,,,
1783536518.759,2831392.0,9343.838,44.659428,,,,,,
1783536518.956,2831402.0,9343.788,44.660885,,,,,,
1783536518.957,2831412.0,9344.055,44.658806,,,,,,
1783536518.958,2831422.0,9343.955,44.659092,,,,,,
1783536518.958,2831432.0,9344.305,44.658081,,,,,,
1783536518.959,2831442.0,9344.306,44.659389,,,,,,
1783536518.960,2831452.0,9344.156,44.659821,,,,,,
1783536518.961,2831462.0,9344.222,44.65963,,,,,,
1783536518.961,2831472.0,9343.906,44.660542,,,,,,
1783536518.962,2831482.0,9343.938,44.66045,,,,,,
1783536518.963,2831492.0,9343.772,44.662235,,,,,,
1783536518.964,2831502.0,9343.705,44.661121,,,,,,
1783536518.965,2831512.0,9343.521,44.661655,,,,,,
1783536518.965,2831522.0,9343.723,44.661072,,,,,,
1783536518.966,2831532.0,9343.623,44.661362,,,,,,
1783536518.967,2831542.0,9343.572,44.660198,,,,,,
1783536518.968,2831552.0,9344.09,44.657394,,,,,,
1783536518.969,2831562.0,9344.09,44.658703,,,,,,
1783536518.970,2831572.0,9344.223,44.658318,,,,,,
1783536518.971,2831582.0,9344.571,44.657314,,,,,,
1783536518.972,2831592.0,9344.987,44.656109,,,,,,
1783536518.973,2831602.0,9345.471,44.656021,,,,,,
1783536518.974,2831612.0,9345.889,44.656124,,,,,,
1783536519.101,2831622.0,9346.055,44.656952,,,,,,
1783536519.103,2831632.0,9346.271,44.656322,,,,,,
1783536519.104,2831642.0,9346.82,44.656044,,,,,,
1783536519.105,2831652.0,9347.021,44.656769,,,,,,
1783536519.107,2831662.0,9347.221,44.656193,,,,,,
1783536519.108,2831672.0,9347.57,44.655186,,,,,,
1783536519.109,2831682.0,9347.454,44.655521,,,,,,
1783536519.110,2831692.0,9347.154,44.656387,,,,,,
1783536519.111,2831702.0,9346.804,44.657398,,,,,,
1783536519.111,2831712.0,9346.369,44.657345,,,,,,
1783536519.112,2831722.0,9346.139,44.658012,,,,,,
1783536519.113,2831732.0,9345.705,44.659267,,,,,,
1783536519.114,2831742.0,9345.155,44.659546,,,,,,
1783536519.114,2831752.0,9344.521,44.660065,,,,,,
1783536519.323,2831762.0,9343.724,44.661068,,,,,,
1783536519.324,2831772.0,9343.307,44.660965,,,,,,
1783536519.325,2831782.0,9342.674,44.661488,,,,,,
1783536519.326,2831792.0,9342.523,44.660618,,,,,,
1783536519.326,2831802.0,9342.174,44.660316,,,,,,
1783536519.328,2831812.0,9341.842,44.661278,,,,,,
1783536519.329,2831822.0,9341.325,44.661461,,,,,,
1783536519.330,2831832.0,9340.876,44.660145,,,,,,
1783536519.331,2831842.0,9340.393,44.661541,,,,,,
1783536519.331,2831852.0,9339.977,44.662743,,,,,,
1783536519.332,2831862.0,9339.96,44.662792,,,,,,
1783536519.333,2831872.0,9339.626,44.663757,,,,,,
1783536519.334,2831882.0,9339.228,44.663597,,,,,,
1783536519.335,2831892.0,9338.631,44.665325,,,,,,
1783536519.335,2831902.0,9338.53,44.664307,,,,,,
1783536519.336,2831912.0,9338.114,44.6642,,,,,,
1783536519.337,2831922.0,9337.864,44.664921,,,,,,
1783536519.338,2831932.0,9337.897,44.664825,,,,,,
1783536519.339,2831942.0,9337.698,44.665401,,,,,,
1783536519.340,2831952.0,9337.632,44.664284,,,,,,
1783536519.340,2831962.0,9337.548,44.664524,,,,,,
1783536519.341,2831972.0,9337.382,44.665001,,,,,,
1783536519.466,2831982.0,9337.266,44.665337,,,,,,
1783536519.467,2831992.0,9337.349,44.663795,,,,,,
1783536519.468,2832002.0,9337.249,44.665386,,,,,,
1783536519.468,2832012.0,9337.298,44.666557,,,,,,
1783536519.469,2832022.0,9337.349,44.665104,,,,,,
1783536519.470,2832032.0,9337.115,44.665775,,,,,,
1783536519.471,2832042.0,9337.065,44.664608,,,,,,
1783536519.472,2832052.0,9337.148,44.664371,,,,,,
1783536519.474,2832062.0,9336.816,44.665333,,,,,,
1783536519.475,2832072.0,9336.849,44.663929,,,,,,
1783536519.476,2832082.0,9337.331,44.662537,,,,,,
1783536519.477,2832092.0,9337.549,44.661907,,,,,,
1783536519.478,2832102.0,9337.432,44.662247,,,,,,
1783536519.478,2832112.0,9337.531,44.661957,,,,,,
1783536519.673,2832122.0,9337.564,44.66317,,,,,,
1783536519.674,2832132.0,9337.715,44.662731,,,,,,
1783536519.674,2832142.0,9337.83,44.662399,,,,,,
1783536519.675,2832152.0,9337.697,44.664093,,,,,,
1783536519.676,2832162.0,9338.063,44.663033,,,,,,
1783536519.677,2832172.0,9337.931,44.66473,,,,,,
1783536519.678,2832182.0,9338.063,44.665653,,,,,,
1783536519.679,2832192.0,9337.965,44.667252,,,,,,
1783536519.679,2832202.0,9337.998,44.667152,,,,,,
1783536519.680,2832212.0,9338.031,44.667057,,,,,,
1783536519.681,2832222.0,9338.33,44.666191,,,,,,
1783536519.682,2832232.0,9338.414,44.667259,,,,,,
1783536519.683,2832242.0,9338.68,44.667801,,,,,,
1783536519.683,2832252.0,9338.779,44.667515,,,,,,
1783536519.684,2832262.0,9338.63,44.669254,,,,,,
1783536519.685,2832272.0,9338.696,44.670372,,,,,,
1783536519.686,2832282.0,9338.279,44.671574,,,,,,
1783536519.687,2832292.0,9338.164,44.673214,,,,,,
1783536519.687,2832302.0,9337.881,44.675343,,,,,,
1783536519.688,2832312.0,9337.466,44.676544,,,,,,
1783536519.689,2832322.0,9336.916,44.678127,,,,,,
1783536519.806,2832332.0,9336.65,44.678894,,,,,,
1783536519.806,2832342.0,9336.219,44.680141,,,,,,
1783536519.807,2832352.0,9335.67,44.680416,,,,,,
1783536519.808,2832362.0,9335.221,44.680405,,,,,,
1783536519.809,2832372.0,9334.905,44.680012,,,,,,
1783536519.810,2832382.0,9334.756,44.680443,,,,,,
1783536519.811,2832392.0,9334.373,44.680244,,,,,,
1783536519.811,2832402.0,9334.322,44.679085,,,,,,
1783536519.812,2832412.0,9334.123,44.679661,,,,,,
1783536519.813,2832422.0,9333.925,44.680233,,,,,,
1783536519.814,2832432.0,9333.525,44.681385,,,,,,
1783536519.814,2832442.0,9333.459,44.68158,,,,,,
1783536519.815,2832452.0,9333.311,44.683315,,,,,,
1783536520.006,2832462.0,9333.209,44.683609,,,,,,
1783536520.007,2832472.0,9332.944,44.684376,,,,,,
1783536520.008,2832482.0,9332.347,44.684792,,,,,,
1783536520.009,2832492.0,9332.081,44.685558,,,,,,
1783536520.009,2832502.0,9331.449,44.687386,,,,,,
1783536520.010,2832512.0,9331.232,44.688011,,,,,,
1783536520.011,2832522.0,9330.9,44.688972,,,,,,
1783536520.012,2832532.0,9330.536,44.690025,,,,,,
1783536520.013,2832542.0,9330.236,44.690891,,,,,,
1783536520.014,2832552.0,9329.904,44.691849,,,,,,
1783536520.014,2832562.0,9329.706,44.692421,,,,,,
1783536520.015,2832572.0,9329.407,44.693287,,,,,,
1783536520.016,2832582.0,9329.557,44.694164,,,,,,
1783536520.017,2832592.0,9329.025,44.695698,,,,,,
1783536520.018,2832602.0,9328.925,44.695988,,,,,,
1783536520.018,2832612.0,9328.992,44.695793,,,,,,
1783536520.019,2832622.0,9328.876,44.696129,,,,,,
1783536520.020,2832632.0,9328.877,44.697433,,,,,,
1783536520.021,2832642.0,9328.744,44.697819,,,,,,
1783536520.022,2832652.0,9328.76,44.699081,,,,,,
1783536520.135,2832662.0,9328.992,44.699715,,,,,,
1783536520.136,2832672.0,9329.208,44.700405,,,,,,
1783536520.138,2832682.0,9329.142,44.7019,,,,,,
1783536520.139,2832692.0,9329.391,44.702484,,,,,,
1783536520.140,2832702.0,9329.739,44.702789,,,,,,
1783536520.140,2832712.0,9329.623,44.70443,,,,,,
1783536520.141,2832722.0,9329.623,44.705734,,,,,,
1783536520.142,2832732.0,9329.673,44.705593,,,,,,
1783536520.143,2832742.0,9329.59,44.707138,,,,,,
1783536520.143,2832752.0,9329.541,44.707279,,,,,,
1783536520.144,2832762.0,9329.125,44.708485,,,,,,
1783536520.145,2832772.0,9328.677,44.709778,,,,,,
1783536520.145,2832782.0,9328.229,44.711075,,,,,,
1783536520.357,2832792.0,9327.947,44.711887,,,,,,
1783536520.358,2832802.0,9327.433,44.712067,,,,,,
1783536520.359,2832812.0,9327.25,44.712593,,,,,,
1783536520.360,2832822.0,9327.002,44.71331,,,,,,
1783536520.361,2832832.0,9326.603,44.714462,,,,,,
1783536520.362,2832842.0,9326.271,44.71542,,,,,,
1783536520.363,2832852.0,9326.006,44.714878,,,,,,
1783536520.364,2832862.0,9325.656,44.715889,,,,,,
1783536520.364,2832872.0,9325.441,44.716511,,,,,,
1783536520.365,2832882.0,9325.26,44.715729,,,,,,
1783536520.366,2832892.0,9325.109,44.714855,,,,,,
1783536520.367,2832902.0,9325.076,44.716255,,,,,,
1783536520.367,2832912.0,9324.514,44.716579,,,,,,
1783536520.368,2832922.0,9324.049,44.717922,,,,,,
1783536520.369,2832932.0,9323.732,44.718834,,,,,,
1783536520.370,2832942.0,9323.187,44.720413,,,,,,
1783536520.371,2832952.0,9322.738,44.723015,,,,,,
1783536520.372,2832962.0,9322.705,44.723114,,,,,,
1783536520.373,2832972.0,9322.439,44.722572,,,,,,
1783536520.373,2832982.0,9322.54,44.723591,,,,,,
1783536520.374,2832992.0,9322.44,44.725182,,,,,,
1783536520.375,2833002.0,9322.075,44.726238,,,,,,
1783536520.376,2833012.0,9321.91,44.728024,,,,,,
1783536520.492,2833022.0,9322.143,44.727352,,,,,,
1783536520.493,2833032.0,9322.225,44.727112,,,,,,
1783536520.494,2833042.0,9322.424,44.72654,,,,,,
1783536520.494,2833052.0,9322.705,44.725727,,,,,,
1783536520.495,2833062.0,9322.539,44.726204,,,,,,
1783536520.496,2833072.0,9322.424,44.727848,,,,,,
1783536520.497,2833082.0,9322.374,44.726681,,,,,,
1783536520.498,2833092.0,9322.142,44.727352,,,,,,
1783536520.498,2833102.0,9322.308,44.726875,,,,,,
1783536520.499,2833112.0,9322.689,44.725769,,,,,,
1783536520.500,2833122.0,9322.456,44.726444,,,,,,
1783536520.501,2833132.0,9322.424,44.72654,,,,,,
1783536520.689,2833142.0,9322.439,44.726494,,,,,,
1783536520.690,2833152.0,9322.605,44.726013,,,,,,
1783536520.691,2833162.0,9322.854,44.725292,,,,,,
1783536520.692,2833172.0,9323.17,44.72438,,,,,,
1783536520.692,2833182.0,9323.202,44.726902,,,,,,
1783536520.693,2833192.0,9323.484,44.727394,,,,,,
1783536520.694,2833202.0,9323.436,44.728848,,,,,,
1783536520.695,2833212.0,9323.468,44.728756,,,,,,
1783536520.696,2833222.0,9323.732,44.729298,,,,,,
1783536520.696,2833232.0,9323.767,44.729198,,,,,,
1783536520.697,2833242.0,9323.965,44.728626,,,,,,
1783536520.698,2833252.0,9323.815,44.729057,,,,,,
1783536520.699,2833262.0,9323.683,44.729446,,,,,,
1783536520.700,2833272.0,9323.451,44.73011,,,,,,
1783536520.701,2833282.0,9323.335,44.729137,,,,,,
1783536520.701,2833292.0,9323.253,44.729378,,,,,,
1783536520.703,2833302.0,9323.468,44.727444,,,,,,
1783536520.704,2833312.0,9323.286,44.729279,,,,,,
1783536520.705,2833322.0,9323.302,44.729237,,,,,,
1783536520.706,2833332.0,9323.119,44.731071,,,,,,
1783536520.706,2833342.0,9323.07,44.732517,,,,,,
1783536520.816,2833352.0,9322.854,44.734451,,,,,,
1783536520.817,2833362.0,9322.688,44.73624,,,,,,
1783536520.818,2833372.0,9322.87,44.737026,,,,,,
1783536520.819,2833382.0,9322.788,44.737267,,,,,,
1783536520.820,2833392.0,9322.838,44.737122,,,,,,
1783536520.821,2833402.0,9322.538,44.737988,,,,,,
1783536520.822,2833412.0,9322.572,44.736576,,,,,,
1783536520.822,2833422.0,9322.639,44.736385,,,,,,
1783536520.824,2833432.0,9322.904,44.735619,,,,,,
1783536520.826,2833442.0,9323.086,44.735092,,,,,,
1783536520.826,2833452.0,9323.484,44.73394,,,,,,
1783536520.827,2833462.0,9323.948,44.732601,,,,,,
1783536520.989,2833472.0,9324.164,44.731976,,,,,,
1783536520.990,2833482.0,9324.347,44.732758,,,,,,
1783536520.991,2833492.0,9324.678,44.7318,0.076741,178.969376,2833487.0,16.882935,,
1783536520.992,2833614.0,9324.978,44.733551,,,,,,
1783536520.993,2833624.0,9325.475,44.733425,,,,,,
1783536521.113,2833634.0,9326.039,44.731792,,,,,,
1783536521.114,2833644.0,9326.287,44.731075,,,,,,
1783536521.115,2833654.0,9326.752,44.729733,,,,,,
1783536521.116,2833664.0,9326.768,44.729687,,,,,,
1783536521.117,2833674.0,9326.984,44.730373,,,,,,
1783536521.118,2833684.0,9327.516,44.72884,,,,,,
1783536521.119,2833694.0,9327.58,44.728653,,,,,,
1783536521.120,2833704.0,9327.945,44.727596,,,,,,
1783536521.121,2833714.0,9327.979,44.727497,,,,,,
1783536521.123,2833724.0,9328.112,44.728424,,,,,,
1783536521.123,2833734.0,9328.112,44.729733,,,,,,
1783536521.124,2833744.0,9327.864,44.730446,,,,,,
1783536521.125,2833754.0,9327.715,44.730877,,,,,,
1783536521.126,2833764.0,9327.665,44.731018,,,,,,
1783536521.323,2833774.0,9327.118,44.731297,,,,,,
1783536521.324,2833784.0,9326.818,44.730854,,,,,,
1783536521.324,2833794.0,9326.338,44.730934,,,,,,
1783536521.325,2833804.0,9325.955,44.730732,,,,,,
1783536521.326,2833814.0,9325.623,44.729073,,,,,,
1783536521.327,2833824.0,9324.943,44.728416,,,,,,
1783536521.328,2833834.0,9324.364,44.727478,,,,,,
1783536521.329,2833844.0,9323.866,44.726295,,,,,,
1783536521.330,2833854.0,9323.468,44.726139,,,,,,
1783536521.331,2833864.0,9322.737,44.72694,,,,,,
1783536521.332,2833874.0,9322.589,44.724754,,,,,,
1783536521.333,2833884.0,9322.074,44.72493,,,,,,
1783536521.334,2833894.0,9321.595,44.726318,,,,,,
1783536521.335,2833904.0,9321.396,44.72559,,,,,,
1783536521.336,2833914.0,9321.048,44.726593,,,,,,
1783536521.337,2833924.0,9320.981,44.725475,,,,,,
1783536521.338,2833934.0,9320.749,44.726147,,,,,,
1783536521.338,2833944.0,9320.6,44.726578,,,,,,
1783536521.339,2833954.0,9320.235,44.726326,,,,,,
1783536521.340,2833964.0,9320.169,44.725212,,,,,,
1783536521.341,2833974.0,9320.317,44.724781,,,,,,
1783536521.451,2833984.0,9320.417,44.724495,,,,,,
1783536521.452,2833994.0,9320.22,44.723755,,,,,,
1783536521.453,2834004.0,9319.971,44.724476,,,,,,
1783536521.454,2834014.0,9320.12,44.72274,,,,,,
1783536521.455,2834024.0,9320.203,44.7225,,,,,,
1783536521.456,2834034.0,9320.436,44.719212,,,,,,
1783536521.457,2834044.0,9320.767,44.718254,,,,,,
1783536521.458,2834054.0,9321.146,44.717155,,,,,,
1783536521.459,2834064.0,9321.479,44.716198,,,,,,
1783536521.459,2834074.0,9321.562,44.715958,,,,,,
1783536521.460,2834084.0,9321.694,44.714264,,,,,,
1783536521.461,2834094.0,9322.407,44.712204,,,,,,
1783536521.622,2834104.0,9322.557,44.711773,,,,,,
1783536521.623,2834114.0,9322.705,44.711346,,,,,,
1783536521.624,2834124.0,9322.804,44.71106,,,,,,
1783536521.625,2834134.0,9323.053,44.710339,,,,,,
1783536521.625,2834144.0,9323.284,44.708363,,,,,,
1783536521.626,2834154.0,9323.484,44.706474,,,,,,
1783536521.627,2834164.0,9323.617,44.704784,,,,,,
1783536521.628,2834174.0,9323.799,44.704258,,,,,,
1783536521.629,2834184.0,9324.081,44.703442,,,,,,
1783536521.630,2834194.0,9324.363,44.701317,,,,,,
1783536521.630,2834204.0,9324.86,44.698574,,,,,,
1783536521.631,2834214.0,9325.076,44.69664,,,,,,
1783536521.632,2834224.0,9325.092,44.695286,,,,,,
1783536521.633,2834234.0,9325.308,44.695972,,,,,,
1783536521.634,2834244.0,9325.408,44.695683,,,,,,
1783536521.635,2834254.0,9325.44,44.695591,,,,,,
1783536521.636,2834264.0,9325.872,44.694344,,,,,,
1783536521.637,2834274.0,9326.088,44.693718,,,,,,
1783536521.760,2834284.0,9326.288,44.693138,,,,,,
1783536521.762,2834294.0,9326.404,44.694111,,,,,,
1783536521.764,2834304.0,9326.388,44.69416,,,,,,
1783536521.766,2834314.0,9326.604,44.694843,,,,,,
1783536521.767,2834324.0,9327.117,44.693359,,,,,,
1783536521.768,2834334.0,9327.482,44.690998,,,,,,
1783536521.769,2834344.0,9327.682,44.69173,,,,,,
1783536521.770,2834354.0,9327.896,44.692413,,,,,,
1783536521.771,2834364.0,9328.029,44.692036,,,,,,
1783536521.772,2834374.0,9328.097,44.690533,,,,,,
1783536521.773,2834384.0,9328.512,44.689327,,,,,,
1783536521.774,2834394.0,9328.927,44.686825,,,,,,
1783536521.776,2834404.0,9329.308,44.685722,,,,,,
1783536521.777,2834414.0,9329.605,44.683552,,,,,,
1783536521.972,2834424.0,9329.838,44.68288,,,,,,
1783536521.973,2834434.0,9330.022,44.683659,,,,,,
1783536521.974,2834444.0,9330.52,44.680912,,,,,,
1783536521.974,2834454.0,9331.084,44.677971,,,,,,
1783536521.975,2834464.0,9331.549,44.676628,,,,,,
1783536521.976,2834474.0,9332.164,44.676163,,,,,,
1783536521.977,2834484.0,9332.379,44.675537,,,,,,
1783536521.978,2834494.0,9332.61,44.67487,,,,,,
1783536521.978,2834504.0,9333.177,44.673233,,,,,,
1783536521.979,2834514.0,9333.525,44.673534,,,,,,
1783536521.980,2834524.0,9333.842,44.673931,,,,,,
1783536521.981,2834534.0,9334.357,44.67244,,,,,,
1783536521.982,2834544.0,9334.654,44.672886,,,,,,
1783536521.983,2834554.0,9335.121,44.671535,,,,,,
1783536521.984,2834564.0,9335.453,44.67189,,,,,,
1783536521.984,2834574.0,9335.553,44.6716,,,,,,
1783536521.985,2834584.0,9335.752,44.672333,,,,,,
1783536521.987,2834594.0,9335.902,44.67321,,,,,,
1783536521.987,2834604.0,9335.819,44.674759,,,,,,
1783536521.988,2834614.0,9335.969,44.673019,,,,,,
1783536521.989,2834624.0,9336.104,44.671322,,,,,,
1783536522.087,2834634.0,9335.969,44.671707,,,,,,
1783536522.088,2834644.0,9335.918,44.670544,,,,,,
1783536522.088,2834654.0,9335.936,44.670498,,,,,,
1783536522.089,2834664.0,9335.47,44.670532,,,,,,
1783536522.090,2834674.0,9335.57,44.668934,,,,,,
1783536522.091,2834684.0,9335.653,44.667385,,,,,,
1783536522.092,2834694.0,9335.653,44.666077,,,,,,
1783536522.092,2834704.0,9335.735,44.664528,,,,,,
1783536522.093,2834714.0,9335.554,44.665051,,,,,,
1783536522.094,2834724.0,9335.587,44.664955,,,,,,
1783536522.274,2834734.0,9335.486,44.663937,,,,,,
1783536522.276,2834744.0,9335.453,44.662727,,,,,,
1783536522.277,2834754.0,9335.188,44.662189,,,,,,
1783536522.279,2834764.0,9335.153,44.66098,,,,,,
1783536522.281,2834774.0,9334.771,44.660782,,,,,,
1783536522.282,2834784.0,9334.339,44.662025,,,,,,
1783536522.283,2834794.0,9334.007,44.661678,,,,,,
1783536522.285,2834804.0,9333.044,44.663151,,,,,,
1783536522.286,2834814.0,9332.694,44.662853,,,,,,
1783536522.287,2834824.0,9332.196,44.662983,,,,,,
1783536522.288,2834834.0,9331.614,44.663357,,,,,,
1783536522.289,2834844.0,9331.033,44.665035,,,,,,
1783536522.290,2834854.0,9330.17,44.666222,,,,,,
1783536522.291,2834864.0,9329.59,44.666595,,,,,,
1783536522.291,2834874.0,9329.34,44.666008,,,,,,
1783536522.292,2834884.0,9329.107,44.665367,,,,,,
1783536522.293,2834894.0,9328.775,44.665024,,,,,,
1783536522.294,2834904.0,9329.258,44.663628,,,,,,
1783536522.294,2834914.0,9328.958,44.664494,,,,,,
1783536522.295,2834924.0,9328.726,44.66386,,,,,,
1783536522.297,2834934.0,9328.958,44.663189,,,,,,
1783536522.415,2834944.0,9328.958,44.663189,,,,,,
1783536522.416,2834954.0,9329.207,44.662472,,,,,,
1783536522.417,2834964.0,9329.438,44.663105,,,,,,
1783536522.418,2834974.0,9329.655,44.663784,,,,,,
1783536522.418,2834984.0,9329.804,44.663364,,,,,,
1783536522.420,2834994.0,9330.236,44.663414,,,,,,
1783536522.421,2835004.0,9330.153,44.663658,,,,,,
1783536522.422,2835014.0,9330.534,44.662556,,,,,,
1783536522.423,2835024.0,9330.9,44.662807,,,,,,
1783536522.423,2835034.0,9331.033,44.662422,,,,,,
1783536522.424,2835044.0,9331.448,44.661224,,,,,,
1783536522.425,2835054.0,9331.731,44.661713,,,,,,
1783536522.426,2835064.0,9332.162,44.660465,,,,,,
1783536522.639,2835074.0,9332.196,44.660366,,,,,,
1783536522.640,2835084.0,9332.411,44.659748,,,,,,
1783536522.641,2835094.0,9332.429,44.659695,,,,,,
1783536522.642,2835104.0,9332.661,44.659023,,,,,,
1783536522.643,2835114.0,9332.76,44.658741,,,,,,
1783536522.643,2835124.0,9332.877,44.658401,,,,,,
1783536522.644,2835134.0,9333.126,44.657681,,,,,,
1783536522.645,2835144.0,9333.143,44.657635,,,,,,
1783536522.646,2835154.0,9333.159,44.657585,,,,,,
1783536522.647,2835164.0,9333.176,44.657536,,,,,,
1783536522.648,2835174.0,9333.226,44.657394,,,,,,
1783536522.648,2835184.0,9333.275,44.657249,,,,,,
1783536522.649,2835194.0,9333.095,44.65646,,,,,,
1783536522.650,2835204.0,9332.994,44.655445,,,,,,
1783536522.651,2835214.0,9333.076,44.655209,,,,,,
1783536522.651,2835224.0,9332.927,44.654331,,,,,,
1783536522.653,2835234.0,9332.379,44.65461,,,,,,
1783536522.654,2835244.0,9331.931,44.654602,,,,,,
1783536522.655,2835254.0,9331.681,44.654015,,,,,,
1783536522.655,2835264.0,9331.149,44.655548,,,,,,
1783536522.656,2835274.0,9330.751,44.655396,,,,,,
1783536522.657,2835284.0,9330.27,44.655479,,,,,,
1783536522.658,2835294.0,9329.938,44.656437,,,,,,
1783536522.783,2835304.0,9329.672,44.655903,,,,,,
1783536522.784,2835314.0,9329.074,44.656322,,,,,,
1783536522.786,2835324.0,9328.575,44.657764,,,,,,
1783536522.787,2835334.0,9328.243,44.658726,,,,,,
1783536522.788,2835344.0,9327.979,44.659489,,,,,,
1783536522.788,2835354.0,9327.829,44.658615,,,,,,
1783536522.789,2835364.0,9327.547,44.656811,,,,,,
1783536522.790,2835374.0,9327.465,44.657047,,,,,,
1783536522.791,2835384.0,9327.149,44.657963,,,,,,
1783536522.791,2835394.0,9327.149,44.657963,,,,,,
1783536522.792,2835404.0,9326.833,44.660183,,,,,,
1783536522.793,2835414.0,9326.452,44.659981,,,,,,
1783536522.794,2835424.0,9326.038,44.661175,,,,,,
1783536522.988,2835434.0,9325.872,44.660343,,,,,,
1783536522.989,2835444.0,9325.938,44.658848,,,,,,
1783536522.990,2835454.0,9325.423,44.66164,,,,,,
1783536522.991,2835464.0,9325.423,44.662952,,,,,,
1783536522.992,2835474.0,9325.224,44.66222,,,,,,
1783536522.992,2835484.0,9325.225,44.662216,,,,,,
1783536522.993,2835494.0,9325.258,44.662121,,,,,,
1783536522.994,2835504.0,9324.976,44.662937,,,,,,
1783536522.995,2835514.0,9325.025,44.662792,,,,,,
1783536522.996,2835524.0,9325.274,44.660767,,,,,,
1783536522.996,2835534.0,9325.457,44.660236,,,,,,
1783536522.997,2835544.0,9325.174,44.661057,,,,,,
1783536522.998,2835554.0,9325.572,44.6586,,,,,,
1783536522.999,2835564.0,9325.54,44.657383,,,,,,
1783536522.999,2835574.0,9325.324,44.659317,,,,,,
1783536523.000,2835584.0,9325.29,44.659416,,,,,,
1783536523.001,2835594.0,9325.191,44.659702,,,,,,
1783536523.002,2835604.0,9325.439,44.658985,,,,,,
1783536523.003,2835614.0,9325.656,44.659664,,,,,,
1783536523.005,2835624.0,9325.822,44.660492,,,,,,
1783536523.006,2835634.0,9325.771,44.661945,,,,,,
1783536523.006,2835644.0,9325.789,44.6632,,,,,,
1783536523.139,2835654.0,9325.755,44.664604,,,,,,
1783536523.141,2835664.0,9325.722,44.666008,,,,,,
1783536523.142,2835674.0,9325.755,44.664604,,,,,,
1783536523.143,2835684.0,9325.788,44.664509,,,,,,
1783536523.144,2835694.0,9325.788,44.6632,,,,,,
1783536523.145,2835704.0,9325.755,44.661991,,,,,,
1783536523.146,2835714.0,9325.672,44.662231,,,,,,
1783536523.147,2835724.0,9325.474,44.662807,,,,,,
1783536523.149,2835734.0,9325.407,44.662998,,,,,,
1783536523.150,2835744.0,9325.59,44.662472,,,,,,
1783536523.151,2835754.0,9325.606,44.662422,,,,,,
1783536523.152,2835764.0,9325.44,44.662903,,,,,,
1783536523.153,2835774.0,9325.489,44.664066,,,,,,
1783536523.154,2835784.0,9325.456,44.664162,,,,,,
1783536523.373,2835794.0,9325.391,44.665657,,,,,,
1783536523.374,2835804.0,9325.357,44.665752,,,,,,
1783536523.375,2835814.0,9325.225,44.664825,,,,,,
1783536523.376,2835824.0,9325.075,44.663956,,,,,,
1783536523.377,2835834.0,9325.107,44.662552,,,,,,
1783536523.377,2835844.0,9324.909,44.663124,,,,,,
1783536523.378,2835854.0,9324.494,44.663021,,,,,,
1783536523.379,2835864.0,9324.544,44.661572,,,,,,
1783536523.380,2835874.0,9324.793,44.660851,,,,,,
1783536523.380,2835884.0,9324.926,44.660469,,,,,,
1783536523.381,2835894.0,9324.909,44.65921,,,,,,
1783536523.382,2835904.0,9324.859,44.66066,,,,,,
1783536523.383,2835914.0,9324.976,44.661633,,,,,,
1783536523.384,2835924.0,9325.108,44.661247,,,,,,
1783536523.385,2835934.0,9325.325,44.661926,,,,,,
1783536523.386,2835944.0,9325.44,44.661594,,,,,,
1783536523.387,2835954.0,9325.789,44.661896,,,,,,
1783536523.388,2835964.0,9325.888,44.662914,,,,,,
1783536523.389,2835974.0,9325.673,44.662231,,,,,,
1783536523.390,2835984.0,9325.64,44.662327,,,,,,
1783536523.391,2835994.0,9325.557,44.663872,,,,,,
1783536523.391,2836004.0,9325.839,44.663055,,,,,,
1783536523.392,2836014.0,9325.872,44.661655,,,,,,
1783536523.393,2836024.0,9325.739,44.663345,,,,,,
1783536523.500,2836034.0,9325.522,44.662663,,,,,,
1783536523.501,2836044.0,9325.572,44.662521,,,,,,
1783536523.502,2836054.0,9325.356,44.661831,,,,,,
1783536523.503,2836064.0,9325.391,44.660431,,,,,,
1783536523.503,2836074.0,9325.524,44.661346,,,,,,
1783536523.504,2836084.0,9325.557,44.661259,,,,,,
1783536523.505,2836094.0,9325.522,44.661358,,,,,,
1783536523.506,2836104.0,9325.439,44.661598,,,,,,
1783536523.506,2836114.0,9325.489,44.662762,,,,,,
1783536523.507,2836124.0,9325.738,44.662041,,,,,,
1783536523.508,2836134.0,9325.606,44.663727,,,,,,
1783536523.508,2836144.0,9325.657,44.663582,,,,,,
1783536523.705,2836154.0,9325.905,44.662865,,,,,,
1783536523.707,2836164.0,9325.822,44.66441,,,,,,
1783536523.708,2836174.0,9325.556,44.663872,,,,,,
1783536523.708,2836184.0,9325.423,44.664257,,,,,,
1783536523.709,2836194.0,9325.208,44.664879,,,,,,
1783536523.710,2836204.0,9324.86,44.665882,,,,,,
1783536523.711,2836214.0,9324.877,44.665836,,,,,,
1783536523.712,2836224.0,9324.611,44.665298,,,,,,
1783536523.712,2836234.0,9324.894,44.664482,,,,,,
1783536523.713,2836244.0,9324.844,44.663315,,,,,,
1783536523.714,2836254.0,9324.595,44.665344,,,,,,
1783536523.715,2836264.0,9324.396,44.66592,,,,,,
1783536523.716,2836274.0,9324.513,44.665585,,,,,,
1783536523.717,2836284.0,9324.546,44.665485,,,,,,
1783536523.717,2836294.0,9324.627,44.665253,,,,,,
1783536523.719,2836304.0,9324.927,44.664387,,,,,,
1783536523.720,2836314.0,9324.661,44.663845,,,,,,
1783536523.722,2836324.0,9324.678,44.665108,,,,,,
1783536523.723,2836334.0,9324.429,44.665825,,,,,,
1783536523.724,2836344.0,9324.247,44.667656,,,,,,
1783536523.725,2836354.0,9324.479,44.666988,,,,,,
1783536523.726,2836364.0,9324.794,44.666077,,,,,,
1783536523.862,2836374.0,9324.728,44.667572,,,,,,
1783536523.863,2836384.0,9324.927,44.665691,,,,,,
1783536523.864,2836394.0,9325.025,44.665405,,,,,,
1783536523.865,2836404.0,9325.107,44.665169,,,,,,
1783536523.866,2836414.0,9325.307,44.664593,,,,,,
1783536523.867,2836424.0,9325.439,44.662903,,,,,,
1783536523.867,2836434.0,9325.606,44.66111,,,,,,
1783536523.868,2836444.0,9325.789,44.659279,,,,,,
1783536523.869,2836454.0,9325.688,44.659569,,,,,,
1783536523.870,2836464.0,9325.739,44.658119,,,,,,
1783536523.871,2836474.0,9326.054,44.657207,,,,,,
1783536523.871,2836484.0,9325.822,44.659187,,,,,,
1783536523.872,2836494.0,9325.872,44.659042,,,,,,
1783536523.873,2836504.0,9325.871,44.659046,,,,,,
1783536524.071,2836514.0,9325.838,44.659142,,,,,,
1783536524.072,2836524.0,9325.971,44.658752,,,,,,
1783536524.073,2836534.0,9326.037,44.658562,,,,,,
1783536524.074,2836544.0,9326.054,44.659817,,,,,,
1783536524.075,2836554.0,9326.153,44.658226,,,,,,
1783536524.076,2836564.0,9326.103,44.659676,,,,,,
1783536524.076,2836574.0,9325.756,44.660683,,,,,,
1783536524.077,2836584.0,9325.557,44.661259,,,,,,
1783536524.078,2836594.0,9325.622,44.659763,,,,,,
1783536524.079,2836604.0,9325.556,44.658649,,,,,,
1783536524.080,2836614.0,9325.605,44.658504,,,,,,
1783536524.081,2836624.0,9325.556,44.659954,,,,,,
1783536524.082,2836634.0,9325.208,44.660957,,,,,,
1783536524.083,2836644.0,9324.992,44.661579,,,,,,
1783536524.083,2836654.0,9324.893,44.663177,,,,,,
1783536524.084,2836664.0,9324.81,44.663418,,,,,,
1783536524.085,2836674.0,9324.843,44.663322,,,,,,
1783536524.087,2836684.0,9324.825,44.663372,,,,,,
1783536524.087,2836694.0,9324.892,44.663181,,,,,,
1783536524.088,2836704.0,9324.792,44.664776,,,,,,
1783536524.089,2836714.0,9324.743,44.664913,,,,,,
1783536524.090,2836724.0,9324.775,44.663513,,,,,,
1783536524.213,2836734.0,9325.142,44.662453,,,,,,
1783536524.214,2836744.0,9325.143,44.661144,,,,,,
1783536524.215,2836754.0,9325.126,44.661194,,,,,,
1783536524.216,2836764.0,9324.927,44.660465,,,,,,
1783536524.216,2836774.0,9325.024,44.660183,,,,,,
1783536524.217,2836784.0,9325.158,44.658489,,,,,,
1783536524.218,2836794.0,9324.96,44.66037,,,,,,
1783536524.219,2836804.0,9325.259,44.658195,,,,,,
1783536524.220,2836814.0,9325.176,44.658436,,,,,,
1783536524.221,2836824.0,9325.025,44.658871,,,,,,
1783536524.221,2836834.0,9325.058,44.660088,,,,,,
1783536524.223,2836844.0,9325.257,44.66082,,,,,,
1783536524.224,2836854.0,9325.324,44.659317,,,,,,
1783536524.421,2836864.0,9325.59,44.659859,,,,,,
1783536524.422,2836874.0,9325.623,44.658455,,,,,,
1783536524.423,2836884.0,9325.973,44.658752,,,,,,
1783536524.424,2836894.0,9326.221,44.656727,,,,,,
1783536524.425,2836904.0,9325.822,44.659187,,,,,,
1783536524.426,2836914.0,9325.673,44.660923,,,,,,
1783536524.427,2836924.0,9325.755,44.661995,,,,,,
1783536524.427,2836934.0,9325.523,44.662663,,,,,,
1783536524.428,2836944.0,9325.356,44.663143,,,,,,
1783536524.429,2836954.0,9325.373,44.663097,,,,,,
1783536524.430,2836964.0,9325.392,44.663044,,,,,,
1783536524.431,2836974.0,9325.391,44.664352,,,,,,
1783536524.431,2836984.0,9325.323,44.664547,,,,,,
1783536524.432,2836994.0,9325.009,44.666759,,,,,,
1783536524.433,2837004.0,9325.224,44.666138,,,,,,
1783536524.434,2837014.0,9325.771,44.66325,,,,,,
1783536524.435,2837024.0,9325.623,44.662373,,,,,,
1783536524.436,2837034.0,9325.641,44.662319,,,,,,
1783536524.437,2837044.0,9325.724,44.662083,,,,,,
1783536524.438,2837054.0,9325.606,44.662422,,,,,,
1783536524.439,2837064.0,9325.622,44.661064,,,,,,
1783536524.440,2837074.0,9325.606,44.66111,,,,,,
1783536524.559,2837084.0,9325.507,44.660095,,,,,,
1783536524.560,2837094.0,9325.838,44.659142,,,,,,
1783536524.561,2837104.0,9325.838,44.659142,,,,,,
1783536524.562,2837114.0,9325.572,44.659908,,,,,,
1783536524.562,2837124.0,9325.821,44.660492,,,,,,
1783536524.563,2837134.0,9325.523,44.661354,,,,,,
1783536524.564,2837144.0,9325.44,44.661594,,,,,,
1783536524.565,2837154.0,9325.54,44.662613,,,,,,
1783536524.566,2837164.0,9325.556,44.662571,,,,,,
1783536524.566,2837174.0,9325.457,44.662853,,,,,,
1783536524.567,2837184.0,9325.572,44.663826,,,,,,
1783536524.568,2837194.0,9325.274,44.663383,,,,,,
1783536524.569,2837204.0,9325.19,44.662312,,,,,,
1783536524.738,2837214.0,9325.009,44.662838,,,,,,
1783536524.739,2837224.0,9324.943,44.66172,,,,,,
1783536524.739,2837234.0,9325.176,44.659744,,,,,,
1783536524.740,2837244.0,9325.126,44.659889,,,,,,
1783536524.741,2837254.0,9325.093,44.659985,,,,,,
1783536524.742,2837264.0,9324.959,44.660374,,,,,,
1783536524.743,2837274.0,9325.042,44.658825,,,,,,
1783536524.744,2837284.0,9324.61,44.658768,,,,,,
1783536524.744,2837294.0,9324.942,44.659111,,,,,,
1783536524.745,2837304.0,9324.876,44.66061,,,,,,
1783536524.746,2837314.0,9325.091,44.661301,,,,,,
1783536524.747,2837324.0,9325.06,44.661388,,,,,,
1783536524.748,2837334.0,9325.392,44.661736,,,,,,
1783536524.749,2837344.0,9325.507,44.661404,,,,,,
1783536524.749,2837354.0,9325.723,44.659473,,,,,,
1783536524.750,2837364.0,9325.839,44.660442,,,,,,
1783536524.752,2837374.0,9326.037,44.661179,,,,,,
1783536524.753,2837384.0,9326.12,44.662243,,,,,,
1783536524.877,2837394.0,9325.938,44.662769,,,,,,
1783536524.878,2837404.0,9325.888,44.662914,,,,,,
1783536524.878,2837414.0,9325.639,44.663635,,,,,,
1783536524.879,2837424.0,9325.688,44.664795,,,,,,
1783536524.880,2837434.0,9325.29,44.664642,,,,,,
1783536524.881,2837444.0,9325.257,44.664738,,,,,,
1783536524.882,2837454.0,9324.942,44.665642,,,,,,
1783536524.882,2837464.0,9324.86,44.664574,,,,,,
1783536524.883,2837474.0,9324.595,44.664032,,,,,,
1783536524.884,2837484.0,9324.577,44.662781,,,,,,
1783536524.886,2837494.0,9324.411,44.661957,,,,,,
1783536524.887,2837504.0,9324.461,44.661812,,,,,,
1783536524.888,2837514.0,9324.645,44.661282,,,,,,
1783536524.889,2837524.0,9324.81,44.659496,,,,,,
1783536525.089,2837534.0,9324.942,44.659111,,,,,,
1783536525.090,2837544.0,9325.009,44.65892,,,,,,
1783536525.092,2837554.0,9325.092,44.659988,,,,,,
1783536525.093,2837564.0,9324.927,44.660465,,,,,,
1783536525.094,2837574.0,9324.942,44.660419,,,,,,
1783536525.095,2837584.0,9325.125,44.659893,,,,,,
1783536525.096,2837594.0,9325.142,44.659843,,,,,,
1783536525.096,2837604.0,9325.208,44.659653,,,,,,
1783536525.097,2837614.0,9325.225,44.658295,,,,,,
1783536525.098,2837624.0,9324.993,44.658966,,,,,,
1783536525.099,2837634.0,9325.159,44.659794,,,,,,
1783536525.100,2837644.0,9325.043,44.658821,,,,,,
1783536525.100,2837654.0,9325.125,44.658588,,,,,,
1783536525.101,2837664.0,9325.374,44.659172,,,,,,
1783536525.103,2837674.0,9325.622,44.658455,,,,,,
1783536525.104,2837684.0,9325.59,44.659859,,,,,,
1783536525.106,2837694.0,9325.523,44.661354,,,,,,
1783536525.107,2837704.0,9325.789,44.660587,,,,,,
1783536525.109,2837714.0,9325.623,44.662376,,,,,,
1783536525.110,2837724.0,9325.821,44.663105,,,,,,
1783536525.111,2837734.0,9325.673,44.663536,,,,,,
1783536525.112,2837744.0,9325.789,44.664505,,,,,,
1783536525.239,2837754.0,9325.606,44.665031,,,,,,
1783536525.240,2837764.0,9325.44,44.665512,,,,,,
1783536525.241,2837774.0,9325.208,44.667492,,,,,,
1783536525.242,2837784.0,9324.942,44.668259,,,,,,
1783536525.243,2837794.0,9325.043,44.667969,,,,,,
1783536525.244,2837804.0,9324.528,44.669456,,,,,,
1783536525.245,2837814.0,9324.728,44.667572,,,,,,
1783536525.246,2837824.0,9324.396,44.66853,,,,,,
1783536525.247,2837834.0,9324.595,44.667953,,,,,,
1783536525.248,2837844.0,9324.86,44.668495,,,,,,
1783536525.249,2837854.0,9325.158,44.667637,,,,,,
1783536525.250,2837864.0,9325.523,44.66658,,,,,,
1783536525.251,2837874.0,9325.888,44.666836,,,,,,
1783536525.252,2837884.0,9326.802,44.665501,,,,,,
1783536525.438,2837894.0,9327.332,44.665276,,,,,,
1783536525.439,2837904.0,9327.847,44.665092,,,,,,
1783536525.440,2837914.0,9328.427,44.666039,,,,,,
1783536525.441,2837924.0,9329.124,44.665329,,,,,,
1783536525.442,2837934.0,9329.606,44.665237,,,,,,
1783536525.443,2837944.0,9330.153,44.663658,,,,,,
1783536525.443,2837954.0,9330.702,44.66338,,,,,,
1783536525.444,2837964.0,9331.184,44.664604,,,,,,
1783536525.445,2837974.0,9331.682,44.664467,,,,,,
1783536525.446,2837984.0,9332.014,44.664814,,,,,,
1783536525.447,2837994.0,9332.661,44.664249,,,,,,
1783536525.448,2838004.0,9333.608,44.662827,,,,,,
1783536525.448,2838014.0,9333.958,44.66312,,,,,,
1783536525.449,2838024.0,9334.872,44.661789,,,,,,
1783536525.450,2838034.0,9335.471,44.661369,,,,,,
1783536525.451,2838044.0,9335.903,44.661423,,,,,,
1783536525.452,2838054.0,9336.268,44.662991,,,,,,
1783536525.453,2838064.0,9336.999,44.662186,,,,,,
1783536525.453,2838074.0,9337.497,44.660748,,,,,,
1783536525.455,2838084.0,9337.831,44.661087,,,,,,
1783536525.456,2838094.0,9337.931,44.660801,,,,,,
1783536525.564,2838104.0,9337.864,44.6623,,,,,,
1783536525.565,2838114.0,9338.313,44.661007,,,,,,
1783536525.566,2838124.0,9338.279,44.662411,,,,,,
1783536525.566,2838134.0,9338.363,44.66217,,,,,,
1783536525.567,2838144.0,9338.412,44.663338,,,,,,
1783536525.568,2838154.0,9338.745,44.661068,,,,,,
1783536525.568,2838164.0,9338.745,44.65976,,,,,,
1783536525.569,2838174.0,9338.762,44.65971,,,,,,
1783536525.570,2838184.0,9338.43,44.659363,,,,,,
1783536525.570,2838194.0,9338.313,44.659698,,,,,,
1783536525.571,2838204.0,9338.43,44.658054,,,,,,
1783536525.772,2838214.0,9338.047,44.659161,,,,,,
1783536525.773,2838224.0,9338.196,44.657417,,,,,,
1783536525.775,2838234.0,9338.147,44.658871,,,,,,
1783536525.776,2838244.0,9338.131,44.657604,,,,,,
1783536525.777,2838254.0,9337.781,44.659927,,,,,,
1783536525.778,2838264.0,9337.697,44.660172,,,,,,
1783536525.779,2838274.0,9337.632,44.661663,,,,,,
1783536525.780,2838284.0,9337.981,44.660656,,,,,,
1783536525.781,2838294.0,9338.181,44.66008,,,,,,
1783536525.782,2838304.0,9338.313,44.661007,,,,,,
1783536525.783,2838314.0,9338.646,44.66135,,,,,,
1783536525.784,2838324.0,9338.396,44.663387,,,,,,
1783536525.785,2838334.0,9338.646,44.66135,,,,,,
1783536525.787,2838344.0,9338.579,44.661545,,,,,,
1783536525.788,2838354.0,9338.912,44.66058,,,,,,
1783536525.789,2838364.0,9338.946,44.660484,,,,,,
1783536525.790,2838374.0,9338.912,44.660583,,,,,,
1783536525.791,2838384.0,9339.045,44.660202,,,,,,
1783536525.792,2838394.0,9339.161,44.661175,,,,,,
1783536525.793,2838404.0,9339.095,44.661366,,,,,,
1783536525.795,2838414.0,9339.095,44.660053,,,,,,
1783536525.796,2838424.0,9339.161,44.658558,,,,,,
1783536525.797,2838434.0,9339.028,44.658936,,,,,,
1783536525.932,2838444.0,9339.261,44.659576,,,,,,
1783536525.933,2838454.0,9339.277,44.659531,,,,,,
1783536525.934,2838464.0,9339.277,44.659531,,,,,,
1783536525.935,2838474.0,9339.677,44.658371,,,,,,
1783536525.937,2838484.0,9339.927,44.658962,,,,,,
1783536525.937,2838494.0,9339.827,44.659248,,,,,,
1783536525.938,2838504.0,9339.794,44.658031,,,,,,
1783536525.939,2838514.0,9339.677,44.659683,,,,,,
1783536525.940,2838524.0,9339.544,44.660069,,,,,,
1783536525.941,2838534.0,9339.512,44.661469,,,,,,
1783536525.941,2838544.0,9339.478,44.661568,,,,,,
1783536525.942,2838554.0,9339.411,44.661758,,,,,,
1783536525.943,2838564.0,9339.643,44.661091,,,,,,
1783536525.944,2838574.0,9339.544,44.660069,,,,,,
1783536526.138,2838584.0,9339.193,44.661079,,,,,,
1783536526.140,2838594.0,9338.896,44.661942,,,,,,
1783536526.141,2838604.0,9339.013,44.662914,,,,,,
1783536526.142,2838614.0,9339.179,44.66243,,,,,,
1783536526.143,2838624.0,9338.995,44.66296,,,,,,
1783536526.144,2838634.0,9338.646,44.662663,,,,,,
1783536526.145,2838644.0,9338.263,44.662457,,,,,,
1783536526.146,2838654.0,9337.764,44.662594,,,,,,
1783536526.146,2838664.0,9337.116,44.664467,,,,,,
1783536526.147,2838674.0,9336.533,44.666149,,,,,,
1783536526.148,2838684.0,9336.4,44.666534,,,,,,
1783536526.149,2838694.0,9336.649,44.664505,,,,,,
1783536526.149,2838704.0,9336.384,44.663963,,,,,,
1783536526.151,2838714.0,9336.267,44.664303,,,,,,
1783536526.153,2838724.0,9336.501,44.664932,,,,,,
1783536526.154,2838734.0,9337.017,44.664753,,,,,,
1783536526.155,2838744.0,9337.849,44.663654,,,,,,
1783536526.156,2838754.0,9338.729,44.663727,,,,,,
1783536526.156,2838764.0,9339.877,44.663025,,,,,,
1783536526.157,2838774.0,9340.959,44.662518,,,,,,
1783536526.158,2838784.0,9341.926,44.661034,,,,,,
1783536526.159,2838794.0,9342.625,44.661629,,,,,,
1783536526.273,2838804.0,9343.74,44.662334,,,,,,
1783536526.273,2838814.0,9344.272,44.662102,,,,,,
1783536526.274,2838824.0,9344.988,44.662647,,,,,,
1783536526.275,2838834.0,9345.572,44.663574,,,,,,
1783536526.276,2838844.0,9345.854,44.66407,,,,,,
1783536526.277,2838854.0,9346.222,44.664314,,,,,,
1783536526.277,2838864.0,9345.938,44.666443,,,,,,
1783536526.279,2838874.0,9346.072,44.666054,,,,,,
1783536526.280,2838884.0,9346.088,44.66732,,,,,,
1783536526.281,2838894.0,9346.154,44.667126,,,,,,
1783536526.282,2838904.0,9346.088,44.66732,,,,,,
1783536526.283,2838914.0,9346.138,44.668484,,,,,,
1783536526.488,2838924.0,9346.005,44.667557,,,,,,
1783536526.489,2838934.0,9346.188,44.667027,,,,,,
1783536526.490,2838944.0,9346.039,44.66877,,,,,,
1783536526.491,2838954.0,9345.787,44.668186,,,,,,
1783536526.492,2838964.0,9345.672,44.668522,,,,,,
1783536526.492,2838974.0,9345.389,44.670647,,,,,,
1783536526.493,2838984.0,9344.955,44.670593,,,,,,
1783536526.494,2838994.0,9344.622,44.672863,,,,,,
1783536526.495,2839004.0,9344.173,44.67416,,,,,,
1783536526.496,2839014.0,9344.24,44.673965,,,,,,
1783536526.496,2839024.0,9344.256,44.675228,,,,,,
1783536526.497,2839034.0,9343.939,44.676147,,,,,,
1783536526.498,2839044.0,9343.939,44.676144,,,,,,
1783536526.499,2839054.0,9343.955,44.676102,,,,,,
1783536526.500,2839064.0,9343.973,44.67474,,,,,,
1783536526.500,2839074.0,9343.855,44.673771,,,,,,
1783536526.501,2839084.0,9343.905,44.673626,,,,,,
1783536526.503,2839094.0,9343.989,44.673382,,,,,,
1783536526.504,2839104.0,9344.021,44.671982,,,,,,
1783536526.504,2839114.0,9343.557,44.673325,,,,,,
1783536526.505,2839124.0,9343.289,44.672791,,,,,,
1783536526.506,2839134.0,9342.79,44.674232,,,,,,
1783536526.507,2839144.0,9342.54,44.674953,,,,,,
1783536526.624,2839154.0,9342.324,44.676884,,,,,,
1783536526.625,2839164.0,9342.174,44.677319,,,,,,
1783536526.626,2839174.0,9342.207,44.678532,,,,,,
1783536526.627,2839184.0,9341.924,44.68066,,,,,,
1783536526.628,2839194.0,9341.775,44.681087,,,,,,
1783536526.630,2839204.0,9341.491,44.683216,,,,,,
1783536526.631,2839214.0,9341.458,44.683319,,,,,,
1783536526.632,2839224.0,9341.541,44.684383,,,,,,
1783536526.632,2839234.0,9341.892,44.683369,,,,,,
1783536526.633,2839244.0,9341.643,44.68409,,,,,,
1783536526.634,2839254.0,9341.658,44.684044,,,,,,
1783536526.635,2839264.0,9341.525,44.685738,,,,,,
1783536526.636,2839274.0,9341.177,44.686745,,,,,,
1783536526.837,2839284.0,9341.06,44.68708,,,,,,
1783536526.838,2839294.0,9341.01,44.687225,,,,,,
1783536526.839,2839304.0,9340.942,44.68742,,,,,,
1783536526.840,2839314.0,9340.743,44.687996,,,,,,
1783536526.841,2839324.0,9340.377,44.689053,,,,,,
1783536526.841,2839334.0,9339.728,44.690929,,,,,,
1783536526.842,2839344.0,9339.577,44.691364,,,,,,
1783536526.843,2839354.0,9338.979,44.693096,,,,,,
1783536526.844,2839364.0,9338.764,44.69241,,,,,,
1783536526.845,2839374.0,9338.531,44.693085,,,,,,
1783536526.845,2839384.0,9338.099,44.694332,,,,,,
1783536526.846,2839394.0,9337.699,44.695484,,,,,,
1783536526.847,2839404.0,9337.365,44.696449,,,,,,
1783536526.848,2839414.0,9337.183,44.69698,,,,,,
1783536526.848,2839424.0,9336.982,44.697556,,,,,,
1783536526.849,2839434.0,9336.85,44.697937,,,,,,
1783536526.850,2839444.0,9336.635,44.698559,,,,,,
1783536526.851,2839454.0,9336.385,44.69928,,,,,,
1783536526.852,2839464.0,9336.052,44.701553,,,,,,
1783536526.853,2839474.0,9335.637,44.702751,,,,,,
1783536526.853,2839484.0,9335.504,44.703136,,,,,,
1783536526.958,2839494.0,9335.172,44.704094,,,,,,
1783536526.959,2839504.0,9334.956,44.70472,,,,,,
1783536526.959,2839514.0,9334.656,44.705585,,,,,,
1783536526.960,2839524.0,9334.258,44.706738,,,,,,
1783536526.961,2839534.0,9333.957,44.707603,,,,,,
1783536526.961,2839544.0,9333.56,44.708752,,,,,,
1783536526.962,2839554.0,9333.426,44.709141,,,,,,
1783536526.963,2839564.0,9333.16,44.709908,,,,,,
1783536526.963,2839574.0,9333.111,44.710049,,,,,,
1783536526.964,2839584.0,9333.061,44.710194,,,,,,
1783536526.964,2839594.0,9333.11,44.711361,,,,,,
1783536526.966,2839604.0,9333.061,44.712814,,,,,,
1783536527.155,2839614.0,9332.761,44.714993,,,,,,
1783536527.156,2839624.0,9332.346,44.716187,,,,,,
1783536527.157,2839634.0,9332.38,44.716087,,,,,,
1783536527.158,2839644.0,9332.329,44.716236,,,,,,
1783536527.159,2839654.0,9332.164,44.716717,,,,,,
1783536527.160,2839664.0,9332.048,44.717052,,,,,,
1783536527.161,2839674.0,9331.932,44.717388,,,,,,
1783536527.162,2839684.0,9331.698,44.719368,,,,,,
1783536527.163,2839694.0,9331.566,44.718441,,,,,,
1783536527.164,2839704.0,9331.301,44.719208,,,,,,
1783536527.165,2839714.0,9331.517,44.717278,,,,,,
1783536527.166,2839724.0,9331.799,44.717766,,,,,,
1783536527.167,2839734.0,9331.815,44.719028,,,,,,
1783536527.169,2839744.0,9331.998,44.719807,,,,,,
1783536527.170,2839754.0,9332.113,44.720787,,,,,,
1783536527.172,2839764.0,9332.713,44.720364,,,,,,
1783536527.173,2839774.0,9333.01,44.720814,,,,,,
1783536527.174,2839784.0,9333.492,44.719418,,,,,,
1783536527.175,2839794.0,9333.675,44.721508,,,,,,
1783536527.176,2839804.0,9334.124,44.721519,,,,,,
1783536527.177,2839814.0,9334.356,44.723465,,,,,,
1783536527.301,2839824.0,9334.806,44.723476,,,,,,
1783536527.302,2839834.0,9335.287,44.723392,,,,,,
1783536527.304,2839844.0,9335.188,44.724983,,,,,,
1783536527.305,2839854.0,9335.92,44.724178,,,,,,
1783536527.306,2839864.0,9336.169,44.724762,,,,,,
1783536527.307,2839874.0,9336.236,44.727184,,,,,,
1783536527.308,2839884.0,9336.519,44.728977,,,,,,
1783536527.310,2839894.0,9336.768,44.728256,,,,,,
1783536527.311,2839904.0,9337.067,44.727394,,,,,,
1783536527.312,2839914.0,9337.217,44.728271,,,,,,
1783536527.313,2839924.0,9337.201,44.728317,,,,,,
1783536527.314,2839934.0,9336.951,44.729038,,,,,,
1783536527.315,2839944.0,9337.499,44.727455,,,,,,
1783536527.316,2839954.0,9337.365,44.727844,,,,,,
1783536527.520,2839964.0,9337.132,44.728519,,,,,,
1783536527.521,2839974.0,9337.331,44.726635,,,,,,
1783536527.522,2839984.0,9337.299,44.725418,,,,,,
1783536527.523,2839994.0,9337.399,44.725128,,,,,,
1783536527.523,2840004.0,9336.916,44.726524,,,,,,
1783536527.524,2840014.0,9336.883,44.72662,,,,,,
1783536527.525,2840024.0,9336.883,44.72662,,,,,,
1783536527.526,2840034.0,9336.733,44.727051,,,,,,
1783536527.527,2840044.0,9336.318,44.728252,,,,,,
1783536527.527,2840054.0,9335.953,44.729305,,,,,,
1783536527.528,2840064.0,9335.587,44.730366,,,,,,
1783536527.529,2840074.0,9334.988,44.730785,,,,,,
1783536527.530,2840084.0,9334.405,44.732471,,,,,,
1783536527.531,2840094.0,9334.057,44.733479,,,,,,
1783536527.531,2840104.0,9334.19,44.733097,,,,,,
1783536527.532,2840114.0,9333.742,44.733078,,,,,,
1783536527.533,2840124.0,9333.377,44.734135,,,,,,
1783536527.534,2840134.0,9333.293,44.733067,,,,,,
1783536527.535,2840144.0,9333.16,44.733452,,,,,,
1783536527.536,2840154.0,9333.061,44.733738,,,,,,
1783536527.537,2840164.0,9333.027,44.733841,,,,,,
1783536527.538,2840174.0,9333.276,44.735737,,,,,,
1783536527.639,2840184.0,9333.726,44.735744,,,,,,
1783536527.641,2840194.0,9333.908,44.735214,,,,,,
1783536527.643,2840204.0,9333.975,44.735027,,,,,,
1783536527.644,2840214.0,9334.738,44.732822,,,,,,
1783536527.645,2840224.0,9335.305,44.731186,,,,,,
1783536527.646,2840234.0,9335.67,44.732742,,,,,,
1783536527.647,2840244.0,9336.086,44.731541,,,,,,
1783536527.647,2840254.0,9336.385,44.730675,,,,,,
1783536527.648,2840264.0,9336.65,44.729908,,,,,,
1783536527.649,2840274.0,9337.398,44.727749,,,,,,
1783536527.821,2840284.0,9337.299,44.728035,0.075356,177.47876,2840256.75,16.578367,,
1783536527.822,2840406.0,9337.748,44.728046,,,,,,
1783536527.823,2840416.0,9337.864,44.727711,,,,,,
1783536527.824,2840426.0,9337.283,44.729393,,,,,,
1783536527.825,2840436.0,9337.6,44.728477,,,,,,
1783536527.825,2840446.0,9337.167,44.728416,,,,,,
1783536527.826,2840456.0,9337.1,44.729923,,,,,,
1783536527.923,2840466.0,9337.332,44.729252,,,,,,
1783536527.924,2840476.0,9337.066,44.730019,,,,,,
1783536527.925,2840486.0,9336.601,44.730053,,,,,,
1783536527.925,2840496.0,9336.801,44.728165,,,,,,
1783536527.926,2840506.0,9336.519,44.727673,,,,,,
1783536527.927,2840516.0,9336.584,44.72879,,,,,,
1783536527.928,2840526.0,9336.783,44.729527,,,,,,
1783536527.929,2840536.0,9336.7,44.729763,,,,,,
1783536527.930,2840546.0,9336.951,44.730347,,,,,,
1783536527.930,2840556.0,9337.433,44.728958,,,,,,
1783536527.931,2840566.0,9337.665,44.729595,,,,,,
1783536528.105,2840576.0,9337.881,44.730278,,,,,,
1783536528.107,2840586.0,9338.414,44.730045,,,,,,
1783536528.108,2840596.0,9338.564,44.72961,,,,,,
1783536528.109,2840606.0,9338.979,44.729725,,,,,,
1783536528.111,2840616.0,9339.646,44.727798,,,,,,
1783536528.112,2840626.0,9340.061,44.726601,,,,,,
1783536528.113,2840636.0,9340.344,44.727093,,,,,,
1783536528.113,2840646.0,9340.877,44.725552,,,,,,
1783536528.114,2840656.0,9341.159,44.724735,,,,,,
1783536528.115,2840666.0,9341.276,44.724396,,,,,,
1783536528.116,2840676.0,9341.691,44.723198,,,,,,
1783536528.117,2840686.0,9341.842,44.722763,,,,,,
1783536528.119,2840696.0,9341.691,44.724506,,,,,,
1783536528.120,2840706.0,9341.741,44.724361,,,,,,
1783536528.120,2840716.0,9341.592,44.723484,,,,,,
1783536528.121,2840726.0,9341.459,44.722561,,,,,,
1783536528.122,2840736.0,9341.375,44.722801,,,,,,
1783536528.123,2840746.0,9341.108,44.723572,,,,,,
1783536528.124,2840756.0,9341.025,44.7225,,,,,,
1783536528.231,2840766.0,9340.811,44.723122,,,,,,
1783536528.232,2840776.0,9340.61,44.722397,,,,,,
1783536528.233,2840786.0,9340.477,44.721474,,,,,,
1783536528.234,2840796.0,9340.427,44.72031,,,,,,
1783536528.234,2840806.0,9340.228,44.719574,,,,,,
1783536528.235,2840816.0,9340.027,44.72015,,,,,,
1783536528.236,2840826.0,9339.693,44.719807,,,,,,
1783536528.237,2840836.0,9339.328,44.71825,,,,,,
1783536528.238,2840846.0,9338.963,44.716686,,,,,,
1783536528.239,2840856.0,9338.264,44.718704,,,,,,
1783536528.240,2840866.0,9337.932,44.717052,,,,,,
1783536528.241,2840876.0,9337.682,44.716461,,,,,,
1783536528.420,2840886.0,9337.448,44.715832,,,,,,
1783536528.421,2840896.0,9337.349,44.714813,,,,,,
1783536528.422,2840906.0,9337.115,44.715488,,,,,,
1783536528.423,2840916.0,9336.701,44.715378,,,,,,
1783536528.423,2840926.0,9336.717,44.715332,,,,,,
1783536528.424,2840936.0,9337.0,44.714512,,,,,,
1783536528.425,2840946.0,9337.166,44.714039,,,,,,
1783536528.426,2840956.0,9337.564,44.711578,,,,,,
1783536528.427,2840966.0,9338.031,44.710228,,,,,,
1783536528.428,2840976.0,9338.147,44.709892,,,,,,
1783536528.429,2840986.0,9338.23,44.709652,,,,,,
1783536528.429,2840996.0,9338.414,44.709122,,,,,,
1783536528.431,2841006.0,9338.696,44.706997,,,,,,
1783536528.432,2841016.0,9339.295,44.705269,,,,,,
1783536528.433,2841026.0,9339.596,44.704399,,,,,,
1783536528.433,2841036.0,9339.495,44.703381,,,,,,
1783536528.434,2841046.0,9339.611,44.703045,,,,,,
1783536528.435,2841056.0,9339.627,44.703003,,,,,,
1783536528.436,2841066.0,9339.511,44.703339,,,,,,
1783536528.535,2841076.0,9339.627,44.703003,,,,,,
1783536528.536,2841086.0,9339.794,44.702518,,,,,,
1783536528.537,2841096.0,9339.844,44.701065,,,,,,
1783536528.538,2841106.0,9340.077,44.700394,,,,,,
1783536528.539,2841116.0,9340.01,44.700588,,,,,,
1783536528.539,2841126.0,9340.077,44.700394,,,,,,
1783536528.540,2841136.0,9340.743,44.698467,,,,,,
1783536528.541,2841146.0,9340.943,44.697887,,,,,,
1783536528.542,2841156.0,9341.475,44.696354,,,,,,
1783536528.543,2841166.0,9341.991,44.694862,,,,,,
1783536528.544,2841176.0,9342.391,44.693707,,,,,,
1783536528.704,2841186.0,9342.99,44.691975,,,,,,
1783536528.705,2841196.0,9343.407,44.690769,,,,,,
1783536528.706,2841206.0,9343.924,44.689278,,,,,,
1783536528.707,2841216.0,9344.59,44.68866,,,,,,
1783536528.708,2841226.0,9345.322,44.686543,,,,,,
1783536528.709,2841236.0,9345.805,44.687767,,,,,,
1783536528.709,2841246.0,9346.388,44.687386,,,,,,
1783536528.710,2841256.0,9346.788,44.687542,,,,,,
1783536528.712,2841266.0,9347.404,44.687069,,,,,,
1783536528.713,2841276.0,9348.004,44.685333,,,,,,
1783536528.714,2841286.0,9348.205,44.684753,,,,,,
1783536528.715,2841296.0,9348.904,44.685345,,,,,,
1783536528.715,2841306.0,9349.455,44.683754,,,,,,
1783536528.717,2841316.0,9349.737,44.682938,,,,,,
1783536528.718,2841326.0,9350.071,44.681973,,,,,,
1783536528.719,2841336.0,9350.188,44.680325,,,,,,
1783536528.720,2841346.0,9350.872,44.677048,,,,,,
1783536528.721,2841356.0,9351.121,44.675018,,,,,,
1783536528.832,2841366.0,9351.205,44.674774,,,,,,
1783536528.834,2841376.0,9351.238,44.674679,,,,,,
1783536528.835,2841386.0,9351.789,44.673088,,,,,,
1783536528.836,2841396.0,9351.84,44.672943,,,,,,
1783536528.838,2841406.0,9351.856,44.674206,,,,,,
1783536528.838,2841416.0,9351.84,44.674255,,,,,,
1783536528.839,2841426.0,9352.023,44.675026,,,,,,
1783536528.840,2841436.0,9352.19,44.675854,,,,,,
1783536528.841,2841446.0,9351.974,44.676476,,,,,,
1783536528.842,2841456.0,9352.123,44.676044,,,,,,
1783536528.843,2841466.0,9352.34,44.67411,,,,,,
1783536528.843,2841476.0,9352.522,44.67358,,,,,,
1783536529.021,2841486.0,9352.455,44.675083,,,,,,
1783536529.022,2841496.0,9352.49,44.673672,,,,,,
1783536529.022,2841506.0,9352.689,44.6731,,,,,,
1783536529.023,2841516.0,9352.789,44.67281,,,,,,
1783536529.024,2841526.0,9352.989,44.672241,,,,,,
1783536529.025,2841536.0,9353.141,44.670494,,,,,,
1783536529.026,2841546.0,9353.258,44.670155,,,,,,
1783536529.026,2841556.0,9353.357,44.671173,,,,,,
1783536529.027,2841566.0,9353.357,44.671169,,,,,,
1783536529.028,2841576.0,9353.74,44.670063,,,,,,
1783536529.029,2841586.0,9353.924,44.668224,,,,,,
1783536529.030,2841596.0,9354.208,44.667408,,,,,,
1783536529.030,2841606.0,9354.025,44.666626,,,,,,
1783536529.031,2841616.0,9354.459,44.664066,,,,,,
1783536529.032,2841626.0,9354.192,44.664837,,,,,,
1783536529.033,2841636.0,9354.477,44.664013,,,,,,
1783536529.034,2841646.0,9354.743,44.664551,,,,,,
1783536529.036,2841656.0,9355.145,44.662086,,,,,,
1783536529.037,2841666.0,9355.276,44.661705,,,,,,
1783536529.038,2841676.0,9355.026,44.663738,,,,,,
1783536529.150,2841686.0,9355.026,44.663734,,,,,,
1783536529.151,2841696.0,9354.894,44.665424,,,,,,
1783536529.152,2841706.0,9355.411,44.665234,,,,,,
1783536529.153,2841716.0,9355.21,44.665821,,,,,,
1783536529.153,2841726.0,9355.311,44.665531,,,,,,
1783536529.154,2841736.0,9355.026,44.666351,,,,,,
1783536529.155,2841746.0,9354.977,44.666496,,,,,,
1783536529.156,2841756.0,9354.977,44.666496,,,,,,
1783536529.157,2841766.0,9355.01,44.666393,,,,,,
1783536529.158,2841776.0,9355.076,44.664898,,,,,,
1783536529.158,2841786.0,9354.993,44.665138,,,,,,
1783536529.159,2841796.0,9354.943,44.663975,,,,,,
1783536529.338,2841806.0,9354.543,44.663822,,,,,,
1783536529.339,2841816.0,9354.709,44.663342,,,,,,
1783536529.341,2841826.0,9354.609,44.662327,,,,,,
1783536529.342,2841836.0,9354.576,44.662422,,,,,,
1783536529.343,2841846.0,9354.509,44.661308,,,,,,
1783536529.344,2841856.0,9354.142,44.66106,,,,,,
1783536529.345,2841866.0,9353.892,44.661781,,,,,,
1783536529.346,2841876.0,9353.775,44.662117,,,,,,
1783536529.348,2841886.0,9353.675,44.662411,,,,,,
1783536529.349,2841896.0,9353.491,44.661633,,,,,,
1783536529.350,2841906.0,9353.625,44.661243,,,,,,
1783536529.351,2841916.0,9353.458,44.661728,,,,,,
1783536529.353,2841926.0,9353.575,44.661388,,,,,,
1783536529.354,2841936.0,9353.607,44.661297,,,,,,
1783536529.355,2841946.0,9353.541,44.661488,,,,,,
1783536529.357,2841956.0,9353.758,44.66217,,,,,,
1783536529.358,2841966.0,9353.857,44.663189,,,,,,
1783536529.359,2841976.0,9354.074,44.662563,,,,,,
1783536529.360,2841986.0,9354.292,44.661934,,,,,,
1783536529.361,2841996.0,9354.592,44.662376,,,,,,
1783536529.470,2842006.0,9354.643,44.66354,,,,,,
1783536529.472,2842016.0,9354.776,44.664455,,,,,,
1783536529.473,2842026.0,9354.976,44.663879,,,,,,
1783536529.474,2842036.0,9355.226,44.663158,,,,,,
1783536529.475,2842046.0,9355.678,44.66185,,,,,,
1783536529.476,2842056.0,9356.111,44.661907,,,,,,
1783536529.477,2842066.0,9356.797,44.659927,,,,,,
1783536529.478,2842076.0,9357.131,44.660271,,,,,,
1783536529.479,2842086.0,9357.248,44.659927,,,,,,
1783536529.480,2842096.0,9357.397,44.660805,,,,,,
1783536529.481,2842106.0,9357.481,44.660561,,,,,,
1783536529.482,2842116.0,9357.664,44.65873,,,,,,
1783536529.670,2842126.0,9357.631,44.66013,,,,,,
1783536529.670,2842136.0,9357.33,44.660999,,,,,,
1783536529.671,2842146.0,9357.113,44.661625,,,,,,
1783536529.672,2842156.0,9356.779,44.66259,,,,,,
1783536529.673,2842166.0,9356.278,44.664036,,,,,,
1783536529.674,2842176.0,9356.127,44.663166,,,,,,
1783536529.674,2842186.0,9356.178,44.663021,,,,,,
1783536529.675,2842196.0,9356.312,44.662636,,,,,,
1783536529.676,2842206.0,9356.361,44.662495,,,,,,
1783536529.677,2842216.0,9356.262,44.662777,,,,,,
1783536529.678,2842226.0,9356.263,44.661469,,,,,,
1783536529.679,2842236.0,9356.162,44.661758,,,,,,
1783536529.679,2842246.0,9356.096,44.661953,,,,,,
1783536529.680,2842256.0,9356.045,44.660789,,,,,,
1783536529.681,2842266.0,9355.928,44.661129,,,,,,
1783536529.682,2842276.0,9355.811,44.662777,,,,,,
1783536529.682,2842286.0,9355.777,44.664181,,,,,,
1783536529.683,2842296.0,9355.645,44.663258,,,,,,
1783536529.684,2842306.0,9356.028,44.662151,,,,,,
1783536529.685,2842316.0,9356.061,44.662056,,,,,,
1783536529.794,2842326.0,9356.078,44.663311,,,,,,
1783536529.795,2842336.0,9356.379,44.663746,,,,,,
1783536529.796,2842346.0,9356.68,44.664188,,,,,,
1783536529.797,2842356.0,9357.045,44.66444,,,,,,
1783536529.798,2842366.0,9357.614,44.662796,,,,,,
1783536529.799,2842376.0,9357.898,44.661972,,,,,,
1783536529.799,2842386.0,9358.333,44.662025,,,,,,
1783536529.800,2842396.0,9358.568,44.662655,,,,,,
1783536529.802,2842406.0,9358.835,44.663189,,,,,,
1783536529.803,2842416.0,9359.102,44.663727,,,,,,
1783536529.804,2842426.0,9359.604,44.663586,,,,,,
1783536529.804,2842436.0,9360.037,44.663639,,,,,,
1783536529.970,2842446.0,9360.354,44.664032,,,,,,
1783536529.971,2842456.0,9360.422,44.665146,,,,,,
1783536529.972,2842466.0,9360.472,44.665001,,,,,,
1783536529.972,2842476.0,9360.771,44.665443,,,,,,
1783536529.973,2842486.0,9360.639,44.665829,,,,,,
1783536529.974,2842496.0,9361.006,44.666077,,,,,,
1783536529.975,2842506.0,9360.956,44.664909,,,,,,
1783536529.976,2842516.0,9361.324,44.663849,,,,,,
1783536529.977,2842526.0,9361.189,44.664234,,,,,,
1783536529.977,2842536.0,9361.256,44.664043,,,,,,
1783536529.978,2842546.0,9361.123,44.66312,,,,,,
1783536529.979,2842556.0,9360.923,44.662392,,,,,,
1783536529.980,2842566.0,9360.889,44.663799,,,,,,
1783536529.981,2842576.0,9361.072,44.663265,,,,,,
1783536529.981,2842586.0,9361.072,44.663265,,,,,,
1783536529.982,2842596.0,9361.057,44.663311,,,,,,
1783536529.983,2842606.0,9360.94,44.664955,,,,,,
1783536529.984,2842616.0,9360.639,44.667141,,,,,,
1783536530.081,2842626.0,9360.956,44.664909,,,,,,
1783536530.082,2842636.0,9361.224,44.664135,,,,,,
1783536530.084,2842646.0,9361.391,44.664967,,,,,,
1783536530.085,2842656.0,9362.276,44.663715,,,,,,
1783536530.086,2842666.0,9362.712,44.663765,,,,,,
1783536530.087,2842676.0,9362.878,44.663284,,,,,,
1783536530.088,2842686.0,9363.38,44.661835,,,,,,
1783536530.089,2842696.0,9363.814,44.66058,,,,,,
1783536530.089,2842706.0,9364.467,44.660004,,,,,,
1783536530.090,2842716.0,9365.304,44.657585,,,,,,
1783536530.091,2842726.0,9366.072,44.657986,,,,,,
1783536530.254,2842736.0,9366.559,44.657887,,,,,,
1783536530.255,2842746.0,9367.144,44.657505,,,,,,
1783536530.256,2842756.0,9367.529,44.6577,,,,,,
1783536530.257,2842766.0,9367.947,44.65649,,,,,,
1783536530.258,2842776.0,9368.365,44.656593,,,,,,
1783536530.260,2842786.0,9368.784,44.656693,,,,,,
1783536530.261,2842796.0,9368.835,44.657856,,,,,,
1783536530.261,2842806.0,9369.104,44.657082,,,,,,
1783536530.262,2842816.0,9369.389,44.657566,,,,,,
1783536530.263,2842826.0,9369.203,44.6581,,,,,,
1783536530.265,2842836.0,9369.487,44.65728,,,,,,
1783536530.266,2842846.0,9369.622,44.656891,,,,,,
1783536530.268,2842856.0,9369.32,44.657761,,,,,,
1783536530.269,2842866.0,9369.137,44.658291,,,,,,
1783536530.271,2842876.0,9369.069,44.658485,,,,,,
1783536530.272,2842886.0,9369.104,44.659698,,,,,,
1783536530.273,2842896.0,9369.388,44.658875,,,,,,
1783536530.274,2842906.0,9369.152,44.659557,,,,,,
1783536530.382,2842916.0,9368.969,44.660088,,,,,,
1783536530.383,2842926.0,9368.936,44.660183,,,,,,
1783536530.384,2842936.0,9368.733,44.660767,,,,,,
1783536530.385,2842946.0,9368.616,44.661106,,,,,,
1783536530.386,2842956.0,9368.482,44.661491,,,,,,
1783536530.387,2842966.0,9368.349,44.660568,,,,,,
1783536530.387,2842976.0,9368.115,44.659935,,,,,,
1783536530.388,2842986.0,9367.813,44.658188,,,,,,
1783536530.389,2842996.0,9367.096,44.658951,,,,,,
1783536530.390,2843006.0,9366.342,44.658516,,,,,,
1783536530.390,2843016.0,9365.472,44.658409,,,,,,
1783536530.391,2843026.0,9364.803,44.657726,,,,,,
1783536530.553,2843036.0,9364.133,44.658356,,,,,,
1783536530.554,2843046.0,9363.247,44.659603,,,,,,
1783536530.555,2843056.0,9362.779,44.659641,,,,,,
1783536530.556,2843066.0,9362.092,44.66032,,,,,,
1783536530.557,2843076.0,9361.625,44.660362,,,,,,
1783536530.558,2843086.0,9361.021,44.660801,,,,,,
1783536530.558,2843096.0,9360.889,44.65987,,,,,,
1783536530.559,2843106.0,9360.99,44.660889,,,,,,
1783536530.560,2843116.0,9361.023,44.662098,,,,,,
1783536530.561,2843126.0,9360.839,44.66394,,,,,,
1783536530.561,2843136.0,9360.955,44.663605,,,,,,
1783536530.562,2843146.0,9361.173,44.662975,,,,,,
1783536530.563,2843156.0,9361.056,44.663315,,,,,,
1783536530.564,2843166.0,9361.356,44.663754,,,,,,
1783536530.565,2843176.0,9361.624,44.662979,,,,,,
1783536530.565,2843186.0,9361.692,44.662781,,,,,,
1783536530.567,2843196.0,9361.592,44.663078,,,,,,
1783536530.569,2843206.0,9361.274,44.662685,,,,,,
1783536530.672,2843216.0,9361.106,44.661861,,,,,,
1783536530.674,2843226.0,9360.889,44.65987,,,,,,
1783536530.674,2843236.0,9360.421,44.658611,,,,,,
1783536530.675,2843246.0,9360.172,44.65802,,,,,,
1783536530.676,2843256.0,9360.104,44.656902,,,,,,
1783536530.677,2843266.0,9359.87,44.656273,,,,,,
1783536530.678,2843276.0,9359.402,44.657623,,,,,,
1783536530.678,2843286.0,9359.067,44.659904,,,,,,
1783536530.679,2843296.0,9358.967,44.660194,,,,,,
1783536530.680,2843306.0,9359.018,44.660049,,,,,,
1783536530.681,2843316.0,9359.401,44.658939,,,,,,
1783536530.853,2843326.0,9359.786,44.659134,,,,,,
1783536530.854,2843336.0,9360.021,44.661072,,,,,,
1783536530.854,2843346.0,9360.236,44.661755,,,,,,
1783536530.855,2843356.0,9360.506,44.662285,,,,,,
1783536530.856,2843366.0,9360.89,44.662483,,,,,,
1783536530.857,2843376.0,9361.357,44.662441,,,,,,
1783536530.858,2843386.0,9361.959,44.660702,,,,,,
1783536530.859,2843396.0,9362.294,44.661045,,,,,,
1783536530.860,2843406.0,9362.729,44.661102,,,,,,
1783536530.860,2843416.0,9362.795,44.662216,,,,,,
1783536530.861,2843426.0,9363.163,44.66246,,,,,,
1783536530.862,2843436.0,9363.548,44.66135,,,,,,
1783536530.863,2843446.0,9364.016,44.66,,,,,,
1783536530.863,2843456.0,9364.3,44.660484,,,,,,
1783536530.864,2843466.0,9364.184,44.66082,,,,,,
1783536530.865,2843476.0,9364.317,44.661743,,,,,,
1783536530.866,2843486.0,9364.483,44.661263,,,,,,
1783536530.868,2843496.0,9364.701,44.661945,,,,,,
1783536530.868,2843506.0,9364.984,44.661129,,,,,,
1783536530.967,2843516.0,9365.019,44.66103,,,,,,
1783536530.968,2843526.0,9365.119,44.66074,,,,,,
1783536530.969,2843536.0,9365.187,44.661854,,,,,,
1783536530.970,2843546.0,9365.187,44.663162,,,,,,
1783536530.971,2843556.0,9365.32,44.662773,,,,,,
1783536530.971,2843566.0,9365.421,44.662483,,,,,,
1783536530.972,2843576.0,9365.42,44.661179,,,,,,
1783536530.973,2843586.0,9365.471,44.66103,,,,,,
1783536530.974,2843596.0,9365.404,44.661224,,,,,,
1783536530.974,2843606.0,9365.504,44.660934,,,,,,
1783536531.136,2843616.0,9365.404,44.662533,,,,,,
1783536531.137,2843626.0,9365.505,44.663548,,,,,,
1783536531.138,2843636.0,9365.488,44.663597,,,,,,
1783536531.139,2843646.0,9365.371,44.662628,,,,,,
1783536531.140,2843656.0,9365.17,44.6619,,,,,,
1783536531.141,2843666.0,9365.505,44.660934,,,,,,
1783536531.141,2843676.0,9365.621,44.661903,,,,,,
1783536531.142,2843686.0,9365.487,44.663601,,,,,,
1783536531.143,2843696.0,9365.855,44.662537,,,,,,
1783536531.144,2843706.0,9365.854,44.663849,,,,,,
1783536531.144,2843716.0,9366.24,44.662731,,,,,,
1783536531.145,2843726.0,9366.174,44.662926,,,,,,
1783536531.146,2843736.0,9366.441,44.662151,,,,,,
1783536531.147,2843746.0,9366.627,44.66293,,,,,,
1783536531.148,2843756.0,9366.978,44.663223,,,,,,
1783536531.149,2843766.0,9367.178,44.663952,,,,,,
1783536531.149,2843776.0,9367.596,44.664055,,,,,,
1783536531.150,2843786.0,9368.114,44.662556,,,,,,
1783536531.246,2843796.0,9368.131,44.663815,,,,,,
1783536531.247,2843806.0,9368.517,44.664013,,,,,,
1783536531.247,2843816.0,9368.818,44.663143,,,,,,
1783536531.248,2843826.0,9369.188,44.662075,,,,,,
1783536531.249,2843836.0,9369.404,44.661449,,,,,,
1783536531.250,2843846.0,9369.856,44.661449,,,,,,
1783536531.251,2843856.0,9369.906,44.662617,,,,,,
1783536531.251,2843866.0,9370.174,44.663155,,,,,,
1783536531.252,2843876.0,9370.107,44.663342,,,,,,
1783536531.253,2843886.0,9370.141,44.664558,,,,,,
1783536531.419,2843896.0,9370.191,44.664413,,,,,,
1783536531.420,2843906.0,9370.023,44.664898,,,,,,
1783536531.421,2843916.0,9369.99,44.666302,,,,,,
1783536531.422,2843926.0,9370.141,44.667179,,,,,,
1783536531.423,2843936.0,9370.057,44.668732,,,,,,
1783536531.423,2843946.0,9369.855,44.669312,,,,,,
1783536531.424,2843956.0,9369.739,44.669647,,,,,,
1783536531.425,2843966.0,9369.555,44.670181,,,,,,
1783536531.426,2843976.0,9369.254,44.671051,,,,,,
1783536531.427,2843986.0,9369.002,44.67178,,,,,,
1783536531.428,2843996.0,9368.718,44.671288,,,,,,
1783536531.428,2844006.0,9368.45,44.672058,,,,,,
1783536531.429,2844016.0,9368.166,44.672882,,,,,,
1783536531.430,2844026.0,9367.563,44.674629,,,,,,
1783536531.431,2844036.0,9366.843,44.675396,,,,,,
1783536531.432,2844046.0,9366.441,44.675243,,,,,,
1783536531.432,2844056.0,9366.022,44.675144,,,,,,
1783536531.433,2844066.0,9365.437,44.674221,,,,,,
1783536531.537,2844076.0,9364.869,44.674553,,,,,,
1783536531.538,2844086.0,9364.149,44.674011,,,,,,
1783536531.539,2844096.0,9363.715,44.673958,,,,,,
1783536531.540,2844106.0,9363.197,44.674145,,,,,,
1783536531.541,2844116.0,9362.779,44.672733,,,,,,
1783536531.541,2844126.0,9362.311,44.672779,,,,,,
1783536531.542,2844136.0,9362.21,44.673069,,,,,,
1783536531.543,2844146.0,9361.692,44.674564,,,,,,
1783536531.544,2844156.0,9361.323,44.675632,,,,,,
1783536531.544,2844166.0,9360.938,44.678051,,,,,,
1783536531.545,2844176.0,9360.955,44.678005,,,,,,
1783536531.719,2844186.0,9360.838,44.679657,,,,,,
1783536531.720,2844196.0,9360.605,44.681637,,,,,,
1783536531.721,2844206.0,9360.154,44.682938,,,,,,
1783536531.722,2844216.0,9359.937,44.684875,,,,,,
1783536531.723,2844226.0,9359.637,44.685745,,,,,,
1783536531.724,2844236.0,9359.185,44.68705,,,,,,
1783536531.724,2844246.0,9358.851,44.688015,,,,,,
1783536531.726,2844256.0,9358.316,44.68956,,,,,,
1783536531.727,2844266.0,9357.882,44.690815,,,,,,
1783536531.728,2844276.0,9357.181,44.692841,,,,,,
1783536531.729,2844286.0,9356.696,44.694241,,,,,,
1783536531.729,2844296.0,9355.945,44.696411,,,,,,
1783536531.730,2844306.0,9355.261,44.698387,,,,,,
1783536531.731,2844316.0,9354.359,44.700993,,,,,,
1783536531.732,2844326.0,9353.876,44.702389,,,,,,
1783536531.734,2844336.0,9353.308,44.704033,,,,,,
1783536531.735,2844346.0,9352.89,44.705238,,,,,,
1783536531.735,2844356.0,9352.506,44.707657,,,,,,
1783536531.736,2844366.0,9352.106,44.710121,,,,,,
1783536531.844,2844376.0,9351.822,44.712254,,,,,,
1783536531.846,2844386.0,9351.556,44.714333,,,,,,
1783536531.847,2844396.0,9351.537,44.715698,,,,,,
1783536531.848,2844406.0,9351.372,44.718792,,,,,,
1783536531.850,2844416.0,9351.021,44.722424,,,,,,
1783536531.851,2844426.0,9350.655,44.726101,,,,,,
1783536531.853,2844436.0,9350.305,44.729729,,,,,,
1783536531.854,2844446.0,9350.005,44.733215,,,,,,
1783536531.856,2844456.0,9349.671,44.736797,,,,,,
1783536531.857,2844466.0,9349.304,44.73917,,,,,,
1783536531.858,2844476.0,9348.755,44.743374,,,,,,
1783536531.859,2844486.0,9348.154,44.747726,,,,,,
1783536531.860,2844496.0,9347.471,44.751011,,,,,,
1783536532.037,2844506.0,9346.938,44.753864,,,,,,
1783536532.038,2844516.0,9346.854,44.754105,,,,,,
1783536532.039,2844526.0,9346.038,44.757771,,,,,,
1783536532.040,2844536.0,9345.639,44.760235,,,,,,
1783536532.041,2844546.0,9345.039,44.763275,,,,,,
1783536532.042,2844556.0,9344.557,44.764668,,,,,,
1783536532.043,2844566.0,9343.822,44.768101,,,,,,
1783536532.044,2844576.0,9343.274,44.769684,,,,,,
1783536532.045,2844586.0,9342.623,44.772877,,,,,,
1783536532.045,2844596.0,9342.024,44.777222,,,,,,
1783536532.047,2844606.0,9341.709,44.779442,,,,,,
1783536532.047,2844616.0,9340.943,44.784275,,,,,,
1783536532.048,2844626.0,9340.377,44.787224,,,,,,
1783536532.049,2844636.0,9339.563,44.790886,,,,,,
1783536532.050,2844646.0,9338.797,44.794407,,,,,,
1783536532.052,2844656.0,9337.85,44.798454,,,,,,
1783536532.053,2844666.0,9337.217,44.80159,,,,,,
1783536532.053,2844676.0,9336.401,44.80526,,,,,,
1783536532.054,2844686.0,9335.638,44.807465,,,,,,
1783536532.154,2844696.0,9334.807,44.81118,,,,,,
1783536532.154,2844706.0,9333.925,44.813728,,,,,,
1783536532.155,2844716.0,9333.228,44.817051,,,,,,
1783536532.156,2844726.0,9332.514,44.820423,,,,,,
1783536532.157,2844736.0,9332.031,44.823124,,,,,,
1783536532.158,2844746.0,9331.549,44.825829,,,,,,
1783536532.159,2844756.0,9331.467,44.827377,,,,,,
1783536532.159,2844766.0,9331.333,44.829075,,,,,,
1783536532.160,2844776.0,9331.135,44.832272,,,,,,
1783536532.161,2844786.0,9330.853,44.8344,,,,,,
1783536532.162,2844796.0,9330.72,44.83609,,,,,,
1783536532.337,2844806.0,9330.271,44.840008,,,,,,
1783536532.338,2844816.0,9329.806,44.842663,,,,,,
1783536532.339,2844826.0,9329.806,44.843971,,,,,,
1783536532.340,2844836.0,9329.407,44.847748,,,,,,
1783536532.341,2844846.0,9329.092,44.85128,,,,,,
1783536532.342,2844856.0,9328.811,44.854713,,,,,,
1783536532.343,2844866.0,9328.195,44.859108,,,,,,
1783536532.344,2844876.0,9327.78,44.86293,,,,,,
1783536532.344,2844886.0,9327.382,44.866703,,,,,,
1783536532.345,2844896.0,9327.249,44.869701,,,,,,
1783536532.346,2844906.0,9327.233,44.871056,,,,,,
1783536532.347,2844916.0,9327.033,44.872948,,,,,,
1783536532.348,2844926.0,9326.619,44.875454,,,,,,
1783536532.349,2844936.0,9326.42,44.876026,,,,,,
1783536532.350,2844946.0,9326.156,44.876793,,,,,,
1783536532.351,2844956.0,9325.791,44.879162,,,,,,
1783536532.352,2844966.0,9325.525,44.881237,,,,,,
1783536532.352,2844976.0,9325.425,44.881523,,,,,,
1783536532.353,2844986.0,9325.441,44.884102,,,,,,
1783536532.455,2844996.0,9325.126,44.88501,,,,,,
1783536532.456,2845006.0,9325.026,44.887917,,,,,,
1783536532.456,2845016.0,9324.729,44.891403,,,,,,
1783536532.457,2845026.0,9324.579,44.894455,,,,,,
1783536532.458,2845036.0,9324.264,44.896679,,,,,,
1783536532.459,2845046.0,9324.015,44.898705,,,,,,
1783536532.460,2845056.0,9323.484,44.90155,,,,,,
1783536532.461,2845066.0,9323.269,44.902176,,,,,,
1783536532.461,2845076.0,9322.605,44.904087,,,,,,
1783536532.462,2845086.0,9321.976,44.904598,,,,,,
1783536532.463,2845096.0,9320.932,44.907616,,,,,,
1783536532.636,2845106.0,9319.855,44.909416,,,,,,
1783536532.637,2845116.0,9318.846,44.911026,,,,,,
1783536532.638,2845126.0,9317.853,44.912582,,,,,,
1783536532.639,2845136.0,9316.825,44.91555,,,,,,
1783536532.640,2845146.0,9315.98,44.916683,,,,,,
1783536532.641,2845156.0,9315.087,44.916645,,,,,,
1783536532.642,2845166.0,9313.961,44.918591,,,,,,
1783536532.643,2845176.0,9313.068,44.919857,,,,,,
1783536532.644,2845186.0,9312.455,44.920322,,,,,,
1783536532.645,2845196.0,9311.926,44.920536,,,,,,
1783536532.646,2845206.0,9311.495,44.921783,,,,,,
1783536532.647,2845216.0,9311.578,44.921539,,,,,,
1783536532.648,2845226.0,9311.297,44.922348,,,,,,
1783536532.650,2845236.0,9311.43,44.921963,,,,,,
1783536532.651,2845246.0,9311.1,44.922916,,,,,,
1783536532.652,2845256.0,9311.149,44.922775,,,,,,
1783536532.652,2845266.0,9311.066,44.924324,,,,,,
1783536532.653,2845276.0,9311.232,44.923851,,,,,,
1783536532.654,2845286.0,9310.95,44.924664,,,,,,
1783536532.762,2845296.0,9310.95,44.924667,,,,,,
1783536532.764,2845306.0,9310.669,44.924164,,,,,,
1783536532.766,2845316.0,9310.371,44.925026,,,,,,
1783536532.768,2845326.0,9310.256,44.924049,,,,,,
1783536532.770,2845336.0,9309.809,44.92403,,,,,,
1783536532.771,2845346.0,9309.661,44.924458,,,,,,
1783536532.771,2845356.0,9309.247,44.925652,,,,,,
1783536532.772,2845366.0,9309.495,44.923626,,,,,,
1783536532.773,2845376.0,9309.065,44.924866,,,,,,
1783536532.774,2845386.0,9309.065,44.924866,,,,,,
1783536532.775,2845396.0,9308.934,44.925247,,,,,,
1783536532.776,2845406.0,9308.967,44.925152,,,,,,
1783536532.970,2845416.0,9308.9,44.92403,,,,,,
1783536532.972,2845426.0,9309.296,44.92289,,,,,,
1783536532.973,2845436.0,9309.627,44.921932,,,,,,
1783536532.974,2845446.0,9309.876,44.921211,,,,,,
1783536532.975,2845456.0,9310.537,44.9193,,,,,,
1783536532.976,2845466.0,9310.62,44.920372,,,,,,
1783536532.979,2845476.0,9311.348,44.91827,0.270801,165.980835,2845454.25,59.576256,,
1783536532.980,2845598.0,9312.572,44.914734,,,,,,
1783536532.982,2845608.0,9313.896,44.910908,,,,,,
1783536532.983,2845618.0,9315.867,44.905209,,,,,,
1783536533.101,2845628.0,9317.44,44.900665,,,,,,
1783536533.102,2845638.0,9319.064,44.895973,,,,,,
1783536533.103,2845648.0,9320.488,44.891861,,,,,,
1783536533.104,2845658.0,9321.498,44.888943,,,,,,
1783536533.105,2845668.0,9322.907,44.884869,,,,,,
1783536533.106,2845678.0,9324.514,44.878914,,,,,,
1783536533.107,2845688.0,9325.939,44.874794,,,,,,
1783536533.107,2845698.0,9326.502,44.873169,,,,,,
1783536533.108,2845708.0,9327.084,44.871487,,,,,,
1783536533.109,2845718.0,9327.466,44.870384,,,,,,
1783536533.110,2845728.0,9327.714,44.868355,,,,,,
1783536533.111,2845738.0,9328.396,44.866386,,,,,,
1783536533.112,2845748.0,9329.025,44.863255,,,,,,
1783536533.286,2845758.0,9329.839,44.860905,,,,,,
1783536533.287,2845768.0,9330.886,44.85788,,,,,,
1783536533.289,2845778.0,9331.417,44.856342,,,,,,
1783536533.290,2845788.0,9332.563,44.853031,,,,,,
1783536533.291,2845798.0,9333.526,44.85025,,,,,,
1783536533.292,2845808.0,9334.341,44.8479,,,,,,
1783536533.293,2845818.0,9335.222,44.845352,,,,,,
1783536533.294,2845828.0,9336.335,44.843445,,,,,,
1783536533.295,2845838.0,9337.467,44.840176,,,,,,
1783536533.296,2845848.0,9338.498,44.838509,,,,,,
1783536533.297,2845858.0,9339.828,44.834663,,,,,,
1783536533.298,2845868.0,9340.545,44.832592,,,,,,
1783536533.299,2845878.0,9341.676,44.829323,,,,,,
1783536533.301,2845888.0,9342.676,44.826435,,,,,,
1783536533.302,2845898.0,9343.708,44.823452,,,,,,
1783536533.303,2845908.0,9344.739,44.820473,,,,,,
1783536533.303,2845918.0,9345.738,44.816273,,,,,,
1783536533.305,2845928.0,9346.688,44.81353,,,,,,
1783536533.307,2845938.0,9347.171,44.812134,,,,,,
1783536533.412,2845948.0,9348.021,44.809677,,,,,,
1783536533.413,2845958.0,9348.42,44.808525,,,,,,
1783536533.414,2845968.0,9349.255,44.80611,,,,,,
1783536533.417,2845978.0,9349.721,44.803459,,,,,,
1783536533.418,2845988.0,9350.422,44.80143,,,,,,
1783536533.419,2845998.0,9351.106,44.799454,,,,,,
1783536533.420,2846008.0,9351.974,44.796947,,,,,,
1783536533.421,2846018.0,9353.041,44.795174,,,,,,
1783536533.421,2846028.0,9353.942,44.792568,,,,,,
1783536533.422,2846038.0,9354.994,44.789528,,,,,,
1783536533.423,2846048.0,9355.695,44.787502,,,,,,
1783536533.424,2846058.0,9356.646,44.784752,,,,,,
1783536533.586,2846068.0,9357.416,44.782532,,,,,,
1783536533.587,2846078.0,9358.35,44.781143,,,,,,
1783536533.588,2846088.0,9358.984,44.778,,,,,,
1783536533.589,2846098.0,9359.385,44.77684,,,,,,
1783536533.590,2846108.0,9359.936,44.773937,,,,,,
1783536533.591,2846118.0,9360.221,44.771805,,,,,,
1783536533.592,2846128.0,9360.17,44.770638,,,,,,
1783536533.592,2846138.0,9360.021,44.768452,,,,,,
1783536533.593,2846148.0,9360.338,44.766224,,,,,,
1783536533.594,2846158.0,9360.622,44.762783,,,,,,
1783536533.595,2846168.0,9360.672,44.760017,,,,,,
1783536533.596,2846178.0,9360.689,44.757351,,,,,,
1783536533.596,2846188.0,9360.622,44.754925,,,,,,
1783536533.597,2846198.0,9360.588,44.752403,,,,,,
1783536533.598,2846208.0,9360.521,44.749977,,,,,,
1783536533.599,2846218.0,9360.505,44.747406,,,,,,
1783536533.600,2846228.0,9360.857,44.743771,,,,,,
1783536533.601,2846238.0,9361.156,44.741592,,,,,,
1783536533.706,2846248.0,9361.458,44.739414,,,,,,
1783536533.707,2846258.0,9361.708,44.737381,,,,,,
1783536533.708,2846268.0,9362.109,44.734909,,,,,,
1783536533.708,2846278.0,9362.646,44.732044,,,,,,
1783536533.709,2846288.0,9363.381,44.729919,,,,,,
1783536533.710,2846298.0,9364.251,44.727406,,,,,,
1783536533.711,2846308.0,9365.069,44.726353,,,,,,
1783536533.712,2846318.0,9365.756,44.725677,,,,,,
1783536533.712,2846328.0,9366.442,44.723694,,,,,,
1783536533.713,2846338.0,9367.127,44.721718,,,,,,
1783536533.714,2846348.0,9367.529,44.719242,,,,,,
1783536533.885,2846358.0,9367.697,44.717453,,,,,,
1783536533.886,2846368.0,9368.099,44.716293,,,,,,
1783536533.887,2846378.0,9368.333,44.714306,,,,,,
1783536533.888,2846388.0,9368.467,44.713921,,,,,,
1783536533.889,2846398.0,9368.717,44.710575,,,,,,
1783536533.889,2846408.0,9368.566,44.708389,,,,,,
1783536533.890,2846418.0,9368.685,44.705429,,,,,,
1783536533.892,2846428.0,9368.685,44.704117,,,,,,
1783536533.893,2846438.0,9368.836,44.702366,,,,,,
1783536533.894,2846448.0,9368.836,44.701057,,,,,,
1783536533.895,2846458.0,9369.321,44.699657,,,,,,
1783536533.896,2846468.0,9369.455,44.69796,,,,,,
1783536533.896,2846478.0,9369.271,44.698494,,,,,,
1783536533.897,2846488.0,9369.455,44.696651,,,,,,
1783536533.898,2846498.0,9369.589,44.694958,,,,,,
1783536533.900,2846508.0,9369.789,44.694378,,,,,,
1783536533.901,2846518.0,9369.924,44.692677,,,,,,
1783536533.902,2846528.0,9370.393,44.691322,,,,,,
1783536533.902,2846538.0,9370.761,44.690258,,,,,,
1783536534.006,2846548.0,9371.33,44.688614,,,,,,
1783536534.007,2846558.0,9371.615,44.68779,,,,,,
1783536534.008,2846568.0,9372.202,44.686092,,,,,,
1783536534.009,2846578.0,9373.022,44.683723,,,,,,
1783536534.011,2846588.0,9373.393,44.682655,,,,,,
1783536534.012,2846598.0,9373.777,44.682854,,,,,,
1783536534.013,2846608.0,9374.313,44.681305,,,,,,
1783536534.014,2846618.0,9375.034,44.681839,,,,,,
1783536534.014,2846628.0,9375.705,44.679901,,,,,,
1783536534.015,2846638.0,9376.04,44.680241,,,,,,
1783536534.016,2846648.0,9376.309,44.67947,,,,,,
1783536534.186,2846658.0,9376.896,44.677773,,,,,,
1783536534.187,2846668.0,9377.181,44.678257,,,,,,
1783536534.188,2846678.0,9377.617,44.678307,,,,,,
1783536534.189,2846688.0,9378.002,44.677193,,,,,,
1783536534.190,2846698.0,9378.404,44.676029,,,,,,
1783536534.191,2846708.0,9378.825,44.674816,,,,,,
1783536534.191,2846718.0,9378.925,44.674526,,,,,,
1783536534.192,2846728.0,9379.01,44.674282,,,,,,
1783536534.193,2846738.0,9379.109,44.67268,,,,,,
1783536534.194,2846748.0,9379.159,44.672543,,,,,,
1783536534.195,2846758.0,9378.908,44.673267,,,,,,
1783536534.196,2846768.0,9379.109,44.671371,,,,,,
1783536534.196,2846778.0,9379.311,44.670792,,,,,,
1783536534.197,2846788.0,9379.579,44.671326,,,,,,
1783536534.198,2846798.0,9379.747,44.670837,,,,,,
1783536534.199,2846808.0,9379.713,44.672249,,,,,,
1783536534.200,2846818.0,9379.966,44.67152,,,,,,
1783536534.201,2846828.0,9379.932,44.671616,,,,,,
1783536534.202,2846838.0,9380.065,44.67123,,,,,,
1783536534.316,2846848.0,9380.368,44.670357,,,,,,
1783536534.317,2846858.0,9380.603,44.67099,,,,,,
1783536534.319,2846868.0,9380.619,44.67094,,,,,,
1783536534.320,2846878.0,9380.821,44.670357,,,,,,
1783536534.321,2846888.0,9381.141,44.668125,,,,,,
1783536534.321,2846898.0,9381.291,44.669003,,,,,,
1783536534.322,2846908.0,9381.861,44.667355,,,,,,
1783536534.323,2846918.0,9382.13,44.665264,,,,,,
1783536534.324,2846928.0,9382.736,44.664825,,,,,,
1783536534.325,2846938.0,9383.357,44.664341,,,,,,
1783536534.326,2846948.0,9383.827,44.664291,,,,,,
1783536534.327,2846958.0,9384.229,44.663128,,,,,,
1783536534.519,2846968.0,9384.7,44.663074,,,,,,
1783536534.520,2846978.0,9384.919,44.663757,,,,,,
1783536534.521,2846988.0,9385.12,44.664482,,,,,,
1783536534.522,2846998.0,9385.574,44.66317,,,,,,
1783536534.523,2847008.0,9385.978,44.662006,,,,,,
1783536534.524,2847018.0,9386.213,44.663948,,,,,,
1783536534.524,2847028.0,9386.465,44.664528,,,,,,
1783536534.525,2847038.0,9386.667,44.663948,,,,,,
1783536534.526,2847048.0,9387.054,44.664139,,,,,,
1783536534.527,2847058.0,9387.322,44.664669,,,,,,
1783536534.528,2847068.0,9387.826,44.664528,,,,,,
1783536534.528,2847078.0,9388.33,44.663071,,,,,,
1783536534.529,2847088.0,9388.751,44.663162,,,,,,
1783536534.530,2847098.0,9388.986,44.663795,,,,,,
1783536534.531,2847108.0,9389.17,44.664577,,,,,,
1783536534.532,2847118.0,9389.475,44.663696,,,,,,
1783536534.533,2847128.0,9389.811,44.662724,,,,,,
1783536534.534,2847138.0,9390.181,44.662968,,,,,,
1783536534.535,2847148.0,9390.651,44.662918,,,,,,
1783536534.536,2847158.0,9391.206,44.662624,,,,,,
1783536534.537,2847168.0,9391.593,44.661507,,,,,,
1783536534.645,2847178.0,9391.861,44.662041,,,,,,
1783536534.646,2847188.0,9391.896,44.661945,,,,,,
1783536534.647,2847198.0,9392.131,44.661263,,,,,,
1783536534.648,2847208.0,9392.115,44.661308,,,,,,
1783536534.648,2847218.0,9392.519,44.660141,,,,,,
1783536534.649,2847228.0,9392.316,44.660725,,,,,,
1783536534.650,2847238.0,9392.064,44.661453,,,,,,
1783536534.651,2847248.0,9391.576,44.661556,,,,,,
1783536534.652,2847258.0,9391.156,44.661461,,,,,,
1783536534.653,2847268.0,9390.584,44.663116,,,,,,
1783536534.654,2847278.0,9389.995,44.662193,,,,,,
1783536534.654,2847288.0,9389.76,44.661564,,,,,,
1783536534.819,2847298.0,9389.137,44.662056,,,,,,
1783536534.820,2847308.0,9388.852,44.66288,,,,,,
1783536534.820,2847318.0,9388.229,44.663372,,,,,,
1783536534.821,2847328.0,9387.742,44.663467,,,,,,
1783536534.822,2847338.0,9387.255,44.663559,,,,,,
1783536534.823,2847348.0,9386.8,44.663563,,,,,,
1783536534.824,2847358.0,9386.632,44.662739,,,,,,
1783536534.825,2847368.0,9386.346,44.662254,,,,,,
1783536534.826,2847378.0,9386.229,44.662594,,,,,,
1783536534.827,2847388.0,9386.262,44.662498,,,,,,
1783536534.828,2847398.0,9386.396,44.662106,,,,,,
1783536534.829,2847408.0,9386.549,44.660355,,,,,,
1783536534.830,2847418.0,9386.615,44.660164,,,,,,
1783536534.830,2847428.0,9386.952,44.660503,,,,,,
1783536534.831,2847438.0,9387.305,44.660793,,,,,,
1783536534.832,2847448.0,9387.573,44.660015,,,,,,
1783536534.833,2847458.0,9387.741,44.660839,,,,,,
1783536534.834,2847468.0,9387.96,44.660206,,,,,,
1783536534.959,2847478.0,9388.044,44.659966,,,,,,
1783536534.960,2847488.0,9387.825,44.660599,,,,,,
1783536534.961,2847498.0,9387.522,44.661476,,,,,,
1783536534.961,2847508.0,9386.917,44.663227,,,,,,
1783536534.962,2847518.0,9386.278,44.663761,,,,,,
1783536534.963,2847528.0,9385.792,44.662544,,,,,,
1783536534.964,2847538.0,9385.523,44.660702,,,,,,
1783536534.965,2847548.0,9385.154,44.660458,,,,,,
1783536534.965,2847558.0,9384.482,44.659775,,,,,,
1783536534.966,2847568.0,9383.709,44.659389,,,,,,
1783536534.967,2847578.0,9383.256,44.659389,,,,,,
1783536534.968,2847588.0,9382.752,44.659538,,,,,,
1783536534.969,2847598.0,9382.686,44.658421,,,,,,
1783536534.970,2847608.0,9382.551,44.657505,,,,,,
1783536535.170,2847618.0,9382.55,44.657505,,,,,,
1783536535.171,2847628.0,9382.482,44.6577,,,,,,
1783536535.173,2847638.0,9382.467,44.657745,,,,,,
1783536535.174,2847648.0,9382.299,44.65823,,,,,,
1783536535.175,2847658.0,9382.382,44.657993,,,,,,
1783536535.176,2847668.0,9382.785,44.658134,,,,,,
1783536535.177,2847678.0,9383.003,44.657505,,,,,,
1783536535.178,2847688.0,9383.322,44.656582,,,,,,
1783536535.180,2847698.0,9383.391,44.656384,,,,,,
1783536535.181,2847708.0,9383.323,44.657887,,,,,,
1783536535.183,2847718.0,9383.508,44.657356,,,,,,
1783536535.185,2847728.0,9383.373,44.659054,,,,,,
1783536535.186,2847738.0,9383.271,44.66066,,,,,,
1783536535.187,2847748.0,9383.306,44.660561,,,,,,
1783536535.188,2847758.0,9383.642,44.659588,,,,,,
1783536535.189,2847768.0,9383.96,44.658669,,,,,,
1783536535.190,2847778.0,9383.91,44.660122,,,,,,
1783536535.191,2847788.0,9383.894,44.660168,,,,,,
1783536535.192,2847798.0,9384.045,44.659733,,,,,,
1783536535.193,2847808.0,9384.247,44.659149,,,,,,
1783536535.194,2847818.0,9384.163,44.659389,,,,,,
1783536535.195,2847828.0,9384.6,44.658131,,,,,,
1783536535.311,2847838.0,9384.565,44.656918,,,,,,
1783536535.312,2847848.0,9384.936,44.655849,,,,,,
1783536535.313,2847858.0,9384.751,44.657692,,,,,,
1783536535.313,2847868.0,9384.381,44.660072,,,,,,
1783536535.314,2847878.0,9384.416,44.658661,,,,,,
1783536535.315,2847888.0,9384.415,44.658661,,,,,,
1783536535.316,2847898.0,9384.482,44.659779,,,,,,
1783536535.317,2847908.0,9384.802,44.658855,,,,,,
1783536535.318,2847918.0,9385.356,44.658558,,,,,,
1783536535.319,2847928.0,9385.557,44.657986,,,,,,
1783536535.320,2847938.0,9386.196,44.657444,,,,,,
1783536535.321,2847948.0,9386.449,44.659336,,,,,,
1783536535.322,2847958.0,9386.986,44.659092,,,,,,
1783536535.536,2847968.0,9387.827,44.657974,,,,,,
1783536535.536,2847978.0,9388.584,44.658401,,,,,,
1783536535.537,2847988.0,9389.272,44.659031,,,,,,
1783536535.538,2847998.0,9389.794,44.658836,,,,,,
1783536535.539,2848008.0,9390.163,44.659081,,,,,,
1783536535.540,2848018.0,9390.533,44.659325,,,,,,
1783536535.541,2848028.0,9391.072,44.659081,,,,,,
1783536535.541,2848038.0,9391.105,44.66161,,,,,,
1783536535.542,2848048.0,9391.392,44.66209,,,,,,
1783536535.543,2848058.0,9391.912,44.661892,,,,,,
1783536535.544,2848068.0,9391.997,44.661648,,,,,,
1783536535.545,2848078.0,9392.216,44.661018,,,,,,
1783536535.545,2848088.0,9392.484,44.660244,,,,,,
1783536535.546,2848098.0,9392.637,44.659801,,,,,,
1783536535.547,2848108.0,9392.788,44.659363,,,,,,
1783536535.548,2848118.0,9392.956,44.658878,,,,,,
1783536535.548,2848128.0,9393.006,44.660042,,,,,,
1783536535.550,2848138.0,9393.562,44.658436,,,,,,
1783536535.551,2848148.0,9394.101,44.655571,,,,,,
1783536535.551,2848158.0,9394.201,44.655281,,,,,,
1783536535.552,2848168.0,9394.639,44.655327,,,,,,
1783536535.553,2848178.0,9394.994,44.655605,,,,,,
1783536535.554,2848188.0,9395.245,44.657505,,,,,,
1783536535.670,2848198.0,9395.431,44.658279,,,,,,
1783536535.671,2848208.0,9395.953,44.659386,,,,,,
1783536535.672,2848218.0,9396.341,44.659576,,,,,,
1783536535.673,2848228.0,9396.693,44.659866,,,,,,
1783536535.673,2848238.0,9396.761,44.660984,,,,,,
1783536535.674,2848248.0,9396.609,44.66404,,,,,,
1783536535.675,2848258.0,9396.878,44.663265,,,,,,
1783536535.676,2848268.0,9396.508,44.663025,,,,,,
1783536535.677,2848278.0,9395.818,44.665016,,,,,,
1783536535.677,2848288.0,9395.447,44.663467,,,,,,
1783536535.678,2848298.0,9395.245,44.662739,,,,,,
1783536535.679,2848308.0,9394.538,44.662159,,,,,,
1783536535.680,2848318.0,9393.713,44.663235,,,,,,
1783536535.869,2848328.0,9392.939,44.662853,,,,,,
1783536535.871,2848338.0,9392.3,44.66077,,,,,,
1783536535.871,2848348.0,9391.627,44.660095,,,,,,
1783536535.872,2848358.0,9390.634,44.660347,,,,,,
1783536535.873,2848368.0,9390.247,44.660156,,,,,,
1783536535.874,2848378.0,9390.213,44.658947,,,,,,
1783536535.875,2848388.0,9389.81,44.658802,,,,,,
1783536535.875,2848398.0,9389.439,44.658558,,,,,,
1783536535.876,2848408.0,9389.138,44.659431,,,,,,
1783536535.877,2848418.0,9388.969,44.659916,,,,,,
1783536535.878,2848428.0,9388.768,44.660496,,,,,,
1783536535.878,2848438.0,9388.701,44.66069,,,,,,
1783536535.879,2848448.0,9388.684,44.660736,,,,,,
1783536535.880,2848458.0,9388.986,44.661171,,,,,,
1783536535.881,2848468.0,9388.885,44.661469,,,,,,
1783536535.881,2848478.0,9388.7,44.66069,,,,,,
1783536535.883,2848488.0,9388.633,44.660889,,,,,,
1783536535.885,2848498.0,9388.667,44.662102,,,,,,
1783536535.886,2848508.0,9388.616,44.660938,,,,,,
1783536535.888,2848518.0,9388.381,44.661617,,,,,,
1783536536.000,2848528.0,9388.448,44.66011,,,,,,
1783536536.001,2848538.0,9388.213,44.660793,,,,,,
1783536536.002,2848548.0,9388.178,44.65958,,,,,,
1783536536.003,2848558.0,9387.725,44.659576,,,,,,
1783536536.003,2848568.0,9387.725,44.65958,,,,,,
1783536536.004,2848578.0,9387.422,44.660458,,,,,,
1783536536.005,2848588.0,9387.489,44.660263,,,,,,
1783536536.006,2848598.0,9387.338,44.659386,,,,,,
1783536536.007,2848608.0,9387.354,44.65934,,,,,,
1783536536.007,2848618.0,9387.473,44.658997,,,,,,
1783536536.008,2848628.0,9387.522,44.660164,,,,,,
1783536536.009,2848638.0,9387.674,44.659725,,,,,,
1783536536.010,2848648.0,9387.623,44.65987,,,,,,
1783536536.202,2848658.0,9387.858,44.6605,,,,,,
1783536536.203,2848668.0,9387.893,44.6604,,,,,,
1783536536.204,2848678.0,9388.213,44.660789,,,,,,
1783536536.205,2848688.0,9387.943,44.66288,,,,,,
1783536536.206,2848698.0,9388.094,44.663754,,,,,,
1783536536.206,2848708.0,9388.396,44.664192,,,,,,
1783536536.207,2848718.0,9388.666,44.663406,,,,,,
1783536536.208,2848728.0,9388.683,44.662048,,,,,,
1783536536.209,2848738.0,9388.834,44.662922,,,,,,
1783536536.210,2848748.0,9389.119,44.66341,,,,,,
1783536536.210,2848758.0,9389.237,44.663074,,,,,,
1783536536.211,2848768.0,9389.39,44.663944,,,,,,
1783536536.212,2848778.0,9389.474,44.662392,,,,,,
1783536536.213,2848788.0,9389.961,44.660976,,,,,,
1783536536.213,2848798.0,9390.196,44.660297,,,,,,
1783536536.215,2848808.0,9390.162,44.6604,,,,,,
1783536536.217,2848818.0,9390.383,44.659763,,,,,,
1783536536.218,2848828.0,9390.45,44.662189,,,,,,
1783536536.219,2848838.0,9390.482,44.662094,,,,,,
1783536536.219,2848848.0,9390.499,44.663357,,,,,,
1783536536.220,2848858.0,9390.668,44.664177,,,,,,
1783536536.320,2848868.0,9390.752,44.663933,,,,,,
1783536536.321,2848878.0,9391.256,44.6651,,,,,,
1783536536.322,2848888.0,9391.392,44.666019,,,,,,
1783536536.322,2848898.0,9391.56,44.666843,,,,,,
1783536536.323,2848908.0,9392.166,44.666397,,,,,,
1783536536.324,2848918.0,9392.367,44.668442,,,,,,
1783536536.324,2848928.0,9392.905,44.668194,,,,,,
1783536536.325,2848938.0,9393.579,44.668869,,,,,,
1783536536.326,2848948.0,9394.018,44.668911,,,,,,
1783536536.326,2848958.0,9394.219,44.66964,,,,,,
1783536536.519,2848968.0,9394.74,44.670753,,,,,,
1783536536.520,2848978.0,9394.942,44.671478,,,,,,
1783536536.521,2848988.0,9395.295,44.671768,,,,,,
1783536536.522,2848998.0,9395.514,44.672443,,,,,,
1783536536.522,2849008.0,9395.497,44.673805,,,,,,
1783536536.523,2849018.0,9395.665,44.673321,,,,,,
1783536536.524,2849028.0,9395.615,44.673462,,,,,,
1783536536.525,2849038.0,9395.346,44.674244,,,,,,
1783536536.526,2849048.0,9395.362,44.675507,,,,,,
1783536536.526,2849058.0,9395.263,44.677101,,,,,,
1783536536.527,2849068.0,9394.959,44.677982,,,,,,
1783536536.528,2849078.0,9394.791,44.679779,,,,,,
1783536536.529,2849088.0,9394.606,44.681622,,,,,,
1783536536.530,2849098.0,9394.674,44.682735,,,,,,
1783536536.531,2849108.0,9394.656,44.684097,,,,,,
1783536536.531,2849118.0,9394.707,44.685261,,,,,,
1783536536.532,2849128.0,9394.942,44.687206,,,,,,
1783536536.534,2849138.0,9394.942,44.689827,,,,,,
1783536536.534,2849148.0,9395.111,44.690651,,,,,,
1783536536.535,2849158.0,9395.095,44.692009,,,,,,
1783536536.536,2849168.0,9395.246,44.695503,,,,,,
1783536536.643,2849178.0,9395.263,44.696762,,,,,,
1783536536.643,2849188.0,9395.16,44.69968,,,,,,
1783536536.644,2849198.0,9394.959,44.701572,,,,,,
1783536536.645,2849208.0,9394.655,44.70507,,,,,,
1783536536.646,2849218.0,9394.219,44.70895,,,,,,
1783536536.646,2849228.0,9393.664,44.710552,,,,,,
1783536536.647,2849238.0,9393.294,44.711624,,,,,,
1783536536.648,2849248.0,9392.316,44.714451,,,,,,
1783536536.650,2849258.0,9391.561,44.716637,,,,,,
1783536536.651,2849268.0,9390.416,44.718632,,,,,,
1783536536.651,2849278.0,9389.088,44.722473,,,,,,
1783536536.652,2849288.0,9388.146,44.723881,,,,,,
1783536536.834,2849298.0,9386.734,44.727959,,,,,,
1783536536.835,2849308.0,9385.274,44.729553,,,,,,
1783536536.836,2849318.0,9383.795,44.732517,,,,,,
1783536536.837,2849328.0,9382.536,44.736156,,,,,,
1783536536.838,2849338.0,9380.99,44.741936,,,,,,
1783536536.839,2849348.0,9379.815,44.745327,,,,,,
1783536536.840,2849358.0,9378.323,44.749641,,,,,,
1783536536.840,2849368.0,9376.913,44.755028,,,,,,
1783536536.841,2849378.0,9375.874,44.759338,,,,,,
1783536536.842,2849388.0,9374.314,44.765156,,,,,,
1783536536.843,2849398.0,9372.975,44.77034,,,,,,
1783536536.844,2849408.0,9371.818,44.776299,,,,,,
1783536536.844,2849418.0,9370.596,44.782455,,,,,,
1783536536.845,2849428.0,9368.903,44.78997,,,,,,
1783536536.846,2849438.0,9367.447,44.79549,,,,,,
1783536536.847,2849448.0,9365.774,44.801632,,,,,,
1783536536.848,2849458.0,9364.354,44.808361,,,,,,
1783536536.850,2849468.0,9362.865,44.813972,,,,,,
1783536536.851,2849478.0,9360.726,44.820156,,,,,,
1783536536.852,2849488.0,9358.955,44.82658,,,,,,
1783536536.953,2849498.0,9356.999,44.833538,,,,,,
1783536536.954,2849508.0,9355.146,44.840206,,,,,,
1783536536.955,2849518.0,9352.893,44.846718,,,,,,
1783536536.955,2849528.0,9351.226,44.851536,,,,,,
1783536536.956,2849538.0,9349.092,44.8577,,,,,,
1783536536.957,2849548.0,9347.057,44.866199,,,,,,
1783536536.957,2849558.0,9344.826,44.873959,,,,,,
1783536536.958,2849568.0,9342.976,44.880615,,,,,,
1783536536.959,2849578.0,9341.178,44.888432,,,,,,
1783536536.960,2849588.0,9339.148,44.895607,,,,,,
1783536536.960,2849598.0,9337.236,44.903755,,,,,,
1783536537.169,2849608.0,9335.042,44.911407,,,,,,
1783536537.171,2849618.0,9333.38,44.917522,,,,,,
1783536537.172,2849628.0,9331.485,44.925621,,,,,,
1783536537.172,2849638.0,9329.775,44.934502,,,,,,
1783536537.173,2849648.0,9328.049,44.940804,,,,,,
1783536537.174,2849658.0,9326.837,44.946926,,,,,,
1783536537.175,2849668.0,9324.747,44.955589,,,,,,
1783536537.176,2849678.0,9323.139,44.96286,,,,,,
1783536537.176,2849688.0,9321.695,44.970966,,,,,,
1783536537.177,2849698.0,9320.221,44.977848,,,,,,
1783536537.178,2849708.0,9318.814,44.985847,,,,,,
1783536537.179,2849718.0,9317.273,44.995552,,,,,,
1783536537.180,2849728.0,9315.567,45.003105,,,,,,
1783536537.180,2849738.0,9314.426,45.009029,,,,,,
1783536537.182,2849748.0,9312.952,45.017223,,,,,,
1783536537.184,2849758.0,9311.135,45.025101,,,,,,
1783536537.185,2849768.0,9309.744,45.031742,,,,,,
1783536537.187,2849778.0,9308.24,45.038704,,,,,,
1783536537.188,2849788.0,9306.688,45.045811,,,,,,
1783536537.189,2849798.0,9305.465,45.051968,,,,,,
1783536537.190,2849808.0,9304.244,45.058117,,,,,,
1783536537.191,2849818.0,9302.825,45.063538,,,,,,
1783536537.192,2849828.0,9301.158,45.070972,,,,,,
1783536537.308,2849838.0,9299.655,45.077942,,,,,,
1783536537.309,2849848.0,9298.418,45.082829,,,,,,
1783536537.310,2849858.0,9297.165,45.089073,,,,,,
1783536537.311,2849868.0,9296.093,45.094795,,,,,,
1783536537.312,2849878.0,9295.12,45.101543,,,,,,
1783536537.313,2849888.0,9294.033,45.105995,,,,,,
1783536537.313,2849898.0,9293.358,45.110569,,,,,,
1783536537.314,2849908.0,9292.402,45.115963,,,,,,
1783536537.315,2849918.0,9291.776,45.120396,,,,,,
1783536537.316,2849928.0,9291.694,45.123257,,,,,,
1783536537.317,2849938.0,9291.102,45.126282,,,,,,
1783536537.319,2849948.0,9290.524,45.130573,,,,,,
1783536537.321,2849958.0,9290.097,45.133121,,,,,,
1783536537.501,2849968.0,9289.833,45.136509,,,,,,
1783536537.502,2849978.0,9289.471,45.138866,,,,,,
1783536537.503,2849988.0,9289.339,45.141872,,,,,,
1783536537.504,2849998.0,9288.581,45.145374,,,,,,
1783536537.504,2850008.0,9288.352,45.14735,,,,,,
1783536537.505,2850018.0,9287.94,45.151165,,,,,,
1783536537.506,2850028.0,9287.364,45.15546,,,,,,
1783536537.507,2850038.0,9287.15,45.158707,,,,,,
1783536537.508,2850048.0,9287.117,45.162743,,,,,,
1783536537.508,2850058.0,9286.888,45.166031,,,,,,
1783536537.509,2850068.0,9286.69,45.169224,,,,,,
1783536537.510,2850078.0,9286.723,45.171757,,,,,,
1783536537.511,2850088.0,9286.656,45.17326,,,,,,
1783536537.512,2850098.0,9286.952,45.17503,,,,,,
1783536537.512,2850108.0,9286.903,45.177799,,,,,,
1783536537.514,2850118.0,9287.135,45.177132,,,,,,
1783536537.516,2850128.0,9287.431,45.177589,,,,,,
1783536537.517,2850138.0,9287.596,45.178425,,,,,,
1783536537.518,2850148.0,9287.332,45.1805,,,,,,
1783536537.617,2850158.0,9287.81,45.181747,,,,,,
1783536537.618,2850168.0,9287.645,45.182228,,,,,,
1783536537.619,2850178.0,9287.595,45.182365,,,,,,
1783536537.620,2850188.0,9287.381,45.184296,,,,,,
1783536537.620,2850198.0,9287.133,45.186333,,,,,,
1783536537.621,2850208.0,9287.15,45.186283,,,,,,
1783536537.622,2850218.0,9286.937,45.188206,,,,,,
1783536537.622,2850228.0,9286.378,45.189819,,,,,,
1783536537.623,2850238.0,9286.016,45.190865,,,,,,
1783536537.624,2850248.0,9286.13,45.189224,,,,,,
1783536537.625,2850258.0,9285.506,45.189716,,,,,,
1783536537.819,2850268.0,9285.078,45.18964,,,,,,
1783536537.820,2850278.0,9284.585,45.189751,,,,,,
1783536537.821,2850288.0,9284.256,45.189388,,,,,,
1783536537.822,2850298.0,9283.778,45.188141,,,,,,
1783536537.823,2850308.0,9283.254,45.188343,,,,,,
1783536537.824,2850318.0,9282.563,45.18903,,,,,,
1783536537.824,2850328.0,9282.563,45.186405,,,,,,
1783536537.825,2850338.0,9282.332,45.184448,,,,,,
1783536537.826,2850348.0,9282.085,45.182533,,,,,,
1783536537.827,2850358.0,9282.185,45.180931,,,,,,
1783536537.828,2850368.0,9282.431,45.178909,,,,,,
1783536537.828,2850378.0,9282.743,45.178005,,,,,,
1783536537.945,2850388.0,9283.351,45.174938,0.54107,155.7397,2850378.75,119.035294,,
1783536537.946,2850510.0,9284.686,45.169769,,,,,,
1783536537.948,2850520.0,9286.363,45.162292,,,,,,
1783536537.950,2850530.0,9287.894,45.155247,,,,,,
1783536537.952,2850540.0,9289.145,45.150318,,,,,,
1783536537.953,2850550.0,9290.907,45.142601,,,,,,
1783536537.954,2850560.0,9292.274,45.136028,,,,,,
1783536537.955,2850570.0,9293.937,45.127289,,,,,,
1783536537.956,2850580.0,9295.319,45.120659,,,,,,
1783536537.958,2850590.0,9296.324,45.112503,,,,,,
1783536538.152,2850600.0,9297.873,45.104092,,,,,,
1783536538.153,2850610.0,9298.417,45.099892,,,,,,
1783536538.153,2850620.0,9299.324,45.094643,,,,,,
1783536538.154,2850630.0,9300.231,45.088085,,,,,,
1783536538.155,2850640.0,9301.024,45.083172,,,,,,
1783536538.156,2850650.0,9301.834,45.078205,,,,,,
1783536538.156,2850660.0,9303.006,45.073509,,,,,,
1783536538.157,2850670.0,9304.078,45.067783,,,,,,
1783536538.158,2850680.0,9305.284,45.061676,,,,,,
1783536538.159,2850690.0,9306.951,45.055542,,,,,,
1783536538.159,2850700.0,9308.406,45.05003,,,,,,
1783536538.160,2850710.0,9309.943,45.041649,,,,,,
1783536538.161,2850720.0,9311.481,45.035892,,,,,,
1783536538.163,2850730.0,9313.187,45.029652,,,,,,
1783536538.164,2850740.0,9315.021,45.023041,,,,,,
1783536538.165,2850750.0,9316.826,45.016514,,,,,,
1783536538.166,2850760.0,9318.334,45.009533,,,,,,
1783536538.167,2850770.0,9320.189,45.002861,,,,,,
1783536538.168,2850780.0,9322.178,44.995804,,,,,,
1783536538.169,2850790.0,9323.784,44.989849,,,,,,
1783536538.169,2850800.0,9325.459,44.9837,,,,,,
1783536538.287,2850810.0,9326.936,44.978119,,,,,,
1783536538.288,2850820.0,9328.462,44.971088,,,,,,
1783536538.289,2850830.0,9329.939,44.965508,,,,,,
1783536538.289,2850840.0,9331.451,44.958519,,,,,,
1783536538.290,2850850.0,9333.047,44.952599,,,,,,
1783536538.291,2850860.0,9334.624,44.946728,,,,,,
1783536538.292,2850870.0,9336.037,44.940025,,,,,,
1783536538.293,2850880.0,9337.451,44.933311,,,,,,
1783536538.293,2850890.0,9339.097,44.927246,,,,,,
1783536538.294,2850900.0,9340.662,44.92141,,,,,,
1783536538.295,2850910.0,9342.36,44.916504,,,,,,
1783536538.296,2850920.0,9344.225,44.911118,,,,,,
1783536538.297,2850930.0,9346.124,44.905624,,,,,,
1783536538.519,2850940.0,9347.856,44.899311,,,,,,
1783536538.521,2850950.0,9349.708,44.892647,,,,,,
1783536538.522,2850960.0,9351.56,44.885986,,,,,,
1783536538.523,2850970.0,9353.611,44.880054,,,,,,
1783536538.524,2850980.0,9355.313,44.875137,,,,,,
1783536538.525,2850990.0,9357.198,44.868378,,,,,,
1783536538.526,2851000.0,9359.17,44.862682,,,,,,
1783536538.528,2851010.0,9361.042,44.855961,,,,,,
1783536538.529,2851020.0,9362.682,44.849911,,,,,,
1783536538.529,2851030.0,9364.605,44.844353,,,,,,
1783536538.530,2851040.0,9366.461,44.838989,,,,,,
1783536538.531,2851050.0,9368.438,44.834591,,,,,,
1783536538.532,2851060.0,9370.496,44.828644,,,,,,
1783536538.534,2851070.0,9372.271,44.824825,,,,,,
1783536538.535,2851080.0,9374.166,44.820663,,,,,,
1783536538.536,2851090.0,9375.757,44.816067,,,,,,
1783536538.536,2851100.0,9377.334,44.810196,,,,,,
1783536538.537,2851110.0,9379.012,44.80666,,,,,,
1783536538.538,2851120.0,9380.504,44.802349,,,,,,
1783536538.539,2851130.0,9381.813,44.797253,,,,,,
1783536538.540,2851140.0,9383.29,44.794296,,,,,,
1783536538.540,2851150.0,9384.601,44.7892,,,,,,
1783536538.541,2851160.0,9385.995,44.785168,,,,,,
1783536538.542,2851170.0,9387.256,44.781525,,,,,,
1783536538.544,2851180.0,9388.67,44.776127,,,,,,
1783536538.653,2851190.0,9390.148,44.773167,,,,,,
1783536538.654,2851200.0,9391.545,44.770447,,,,,,
1783536538.655,2851210.0,9392.739,44.765682,,,,,,
1783536538.656,2851220.0,9393.933,44.762234,,,,,,
1783536538.657,2851230.0,9395.111,44.760139,,,,,,
1783536538.658,2851240.0,9396.137,44.757175,,,,,,
1783536538.658,2851250.0,9397.064,44.754498,,,,,,
1783536538.659,2851260.0,9397.975,44.751865,,,,,,
1783536538.660,2851270.0,9398.834,44.74807,,,,,,
1783536538.661,2851280.0,9399.558,44.745979,,,,,,
1783536538.662,2851290.0,9399.996,44.742088,,,,,,
1783536538.662,2851300.0,9400.637,44.737614,,,,,,
1783536538.851,2851310.0,9401.007,44.735229,,,,,,
1783536538.852,2851320.0,9401.225,44.731983,,,,,,
1783536538.853,2851330.0,9401.175,44.729504,,,,,,
1783536538.854,2851340.0,9401.242,44.725372,,,,,,
1783536538.854,2851350.0,9401.327,44.722504,,,,,,
1783536538.855,2851360.0,9401.058,44.720661,,,,,,
1783536538.856,2851370.0,9401.26,44.717453,,,,,,
1783536538.857,2851380.0,9401.311,44.71468,,,,,,
1783536538.858,2851390.0,9401.277,44.713463,,,,,,
1783536538.859,2851400.0,9401.209,44.711037,,,,,,
1783536538.859,2851410.0,9401.563,44.708702,,,,,,
1783536538.860,2851420.0,9401.951,44.707581,,,,,,
1783536538.861,2851430.0,9402.424,44.704906,,,,,,
1783536538.862,2851440.0,9402.76,44.702625,,,,,,
1783536538.863,2851450.0,9402.997,44.700626,,,,,,
1783536538.864,2851460.0,9403.182,44.700092,,,,,,
1783536538.865,2851470.0,9403.451,44.699314,,,,,,
1783536538.866,2851480.0,9403.807,44.696976,,,,,,
1783536538.867,2851490.0,9404.211,44.695805,,,,,,
1783536538.868,2851500.0,9404.582,44.694736,,,,,,
1783536538.984,2851510.0,9404.902,44.692501,,,,,,
1783536538.985,2851520.0,9405.274,44.690117,,,,,,
1783536538.986,2851530.0,9405.577,44.687931,,,,,,
1783536538.987,2851540.0,9405.662,44.687683,,,,,,
1783536538.988,2851550.0,9405.966,44.685493,,,,,,
1783536538.988,2851560.0,9406.404,44.68161,,,,,,
1783536538.989,2851570.0,9406.337,44.67918,,,,,,
1783536538.990,2851580.0,9406.185,44.67831,,,,,,
1783536538.991,2851590.0,9406.201,44.675644,,,,,,
1783536538.992,2851600.0,9406.185,44.674381,,,,,,
1783536538.993,2851610.0,9405.83,44.674095,,,,,,
1783536538.994,2851620.0,9405.678,44.671909,,,,,,
1783536538.994,2851630.0,9405.611,44.670792,,,,,,
1783536539.203,2851640.0,9405.679,44.669285,,,,,,
1783536539.205,2851650.0,9405.526,44.669724,,,,,,
1783536539.206,2851660.0,9405.425,44.670017,,,,,,
1783536539.207,2851670.0,9405.746,44.669086,,,,,,
1783536539.208,2851680.0,9405.896,44.668659,,,,,,
1783536539.209,2851690.0,9406.167,44.667877,,,,,,
1783536539.210,2851700.0,9406.219,44.669033,,,,,,
1783536539.211,2851710.0,9406.64,44.66782,,,,,,
1783536539.212,2851720.0,9406.69,44.670292,,,,,,
1783536539.214,2851730.0,9406.74,44.670147,,,,,,
1783536539.215,2851740.0,9406.758,44.670097,,,,,,
1783536539.216,2851750.0,9407.248,44.668682,,,,,,
1783536539.217,2851760.0,9407.518,44.669216,,,,,,
1783536539.218,2851770.0,9407.568,44.669067,,,,,,
1783536539.219,2851780.0,9407.974,44.667896,,,,,,
1783536539.220,2851790.0,9408.16,44.667358,,,,,,
1783536539.221,2851800.0,9408.396,44.665367,,,,,,
1783536539.222,2851810.0,9408.869,44.66531,,,,,,
1783536539.223,2851820.0,9409.376,44.662533,,,,,,
1783536539.224,2851830.0,9409.831,44.662529,,,,,,
1783536539.225,2851840.0,9410.001,44.663345,,,,,,
1783536539.226,2851850.0,9410.305,44.66378,,,,,,
1783536539.226,2851860.0,9410.627,44.661537,,,,,,
1783536539.339,2851870.0,9411.1,44.661484,,,,,,
1783536539.340,2851880.0,9411.403,44.661915,,,,,,
1783536539.341,2851890.0,9411.926,44.661716,,,,,,
1783536539.342,2851900.0,9412.332,44.66317,,,,,,
1783536539.343,2851910.0,9412.89,44.662868,,,,,,
1783536539.344,2851920.0,9413.261,44.664421,,,,,,
1783536539.344,2851930.0,9413.988,44.663628,,,,,,
1783536539.345,2851940.0,9415.053,44.661865,,,,,,
1783536539.346,2851950.0,9415.459,44.661999,,,,,,
1783536539.347,2851960.0,9416.202,44.662472,,,,,,
1783536539.348,2851970.0,9416.693,44.662361,,,,,,
1783536539.350,2851980.0,9417.318,44.661869,,,,,,
1783536539.518,2851990.0,9417.674,44.663456,,,,,,
1783536539.519,2852000.0,9418.147,44.66209,,,,,,
1783536539.520,2852010.0,9418.571,44.662178,,,,,,
1783536539.521,2852020.0,9419.128,44.660568,,,,,,
1783536539.522,2852030.0,9419.382,44.661148,,,,,,
1783536539.522,2852040.0,9419.653,44.661674,,,,,,
1783536539.523,2852050.0,9419.958,44.662102,,,,,,
1783536539.524,2852060.0,9420.279,44.662487,,,,,,
1783536539.525,2852070.0,9420.701,44.662579,,,,,,
1783536539.525,2852080.0,9421.227,44.662373,,,,,,
1783536539.526,2852090.0,9421.65,44.661148,,,,,,
1783536539.527,2852100.0,9422.498,44.661324,,,,,,
1783536539.528,2852110.0,9422.786,44.660492,,,,,,
1783536539.529,2852120.0,9423.159,44.660725,,,,,,
1783536539.529,2852130.0,9423.43,44.659943,,,,,,
1783536539.531,2852140.0,9423.818,44.658821,,,,,,
1783536539.532,2852150.0,9424.142,44.657887,,,,,,
1783536539.533,2852160.0,9424.209,44.659004,,,,,,
1783536539.534,2852170.0,9424.666,44.658997,,,,,,
1783536539.645,2852180.0,9424.785,44.659966,,,,,,
1783536539.646,2852190.0,9425.191,44.658791,,,,,,
1783536539.647,2852200.0,9424.971,44.658115,,,,,,
1783536539.649,2852210.0,9424.955,44.658161,,,,,,
1783536539.650,2852220.0,9424.666,44.658997,,,,,,
1783536539.651,2852230.0,9424.803,44.6586,,,,,,
1783536539.652,2852240.0,9424.854,44.659767,,,,,,
1783536539.653,2852250.0,9424.971,44.659428,,,,,,
1783536539.654,2852260.0,9425.09,44.657772,,,,,,
1783536539.655,2852270.0,9424.818,44.657246,,,,,,
1783536539.656,2852280.0,9424.514,44.656811,,,,,,
1783536539.657,2852290.0,9423.988,44.658329,,,,,,
1783536539.852,2852300.0,9423.971,44.658382,,,,,,
1783536539.853,2852310.0,9423.599,44.659458,,,,,,
1783536539.853,2852320.0,9423.48,44.659798,,,,,,
1783536539.854,2852330.0,9423.295,44.659027,,,,,,
1783536539.855,2852340.0,9422.872,44.657623,,,,,,
1783536539.856,2852350.0,9422.431,44.658897,,,,,,
1783536539.857,2852360.0,9422.142,44.659733,,,,,,
1783536539.857,2852370.0,9421.939,44.660313,,,,,,
1783536539.858,2852380.0,9421.87,44.660515,,,,,,
1783536539.859,2852390.0,9421.735,44.660904,,,,,,
1783536539.860,2852400.0,9421.363,44.660671,,,,,,
1783536539.861,2852410.0,9421.448,44.659111,,,,,,
1783536539.862,2852420.0,9421.566,44.657463,,,,,,
1783536539.862,2852430.0,9421.413,44.657906,,,,,,
1783536539.863,2852440.0,9421.55,44.658817,,,,,,
1783536539.864,2852450.0,9421.72,44.658329,,,,,,
1783536539.865,2852460.0,9421.939,44.657688,,,,,,
1783536539.866,2852470.0,9421.753,44.65823,,,,,,
1783536539.867,2852480.0,9422.024,44.657444,,,,,,
1783536539.868,2852490.0,9422.312,44.656612,,,,,,
1783536539.868,2852500.0,9422.431,44.657581,,,,,,
1783536539.977,2852510.0,9422.616,44.65836,,,,,,
1783536539.978,2852520.0,9422.6,44.659718,,,,,,
1783536539.979,2852530.0,9422.836,44.660347,,,,,,
1783536539.980,2852540.0,9423.005,44.659859,,,,,,
1783536539.982,2852550.0,9423.108,44.659561,,,,,,
1783536539.983,2852560.0,9422.87,44.660248,,,,,,
1783536539.984,2852570.0,9422.955,44.660004,,,,,,
1783536539.985,2852580.0,9422.718,44.659382,,,,,,
1783536539.986,2852590.0,9422.227,44.660801,,,,,,
1783536539.987,2852600.0,9422.006,44.661438,,,,,,
1783536539.988,2852610.0,9421.685,44.661053,,,,,,
1783536539.989,2852620.0,9421.295,44.66087,,,,,,
1783536540.202,2852630.0,9420.736,44.661175,,,,,,
1783536540.204,2852640.0,9420.128,44.66293,,,,,,
1783536540.206,2852650.0,9419.45,44.663574,,,,,,
1783536540.207,2852660.0,9419.096,44.663284,,,,,,
1783536540.208,2852670.0,9418.757,44.662956,,,,,,
1783536540.209,2852680.0,9418.385,44.664032,,,,,,
1783536540.210,2852690.0,9418.063,44.663647,,,,,,
1783536540.211,2852700.0,9417.674,44.66346,,,,,,
1783536540.212,2852710.0,9417.606,44.663654,,,,,,
1783536540.213,2852720.0,9417.42,44.664196,,,,,,
1783536540.214,2852730.0,9417.285,44.664585,,,,,,
1783536540.216,2852740.0,9417.083,44.663857,,,,,,
1783536540.217,2852750.0,9416.998,44.664101,,,,,,
1783536540.218,2852760.0,9416.997,44.664104,,,,,,
1783536540.219,2852770.0,9417.031,44.664005,,,,,,
1783536540.220,2852780.0,9416.777,44.664742,,,,,,
1783536540.221,2852790.0,9416.947,44.664249,,,,,,
1783536540.222,2852800.0,9416.93,44.664299,,,,,,
1783536540.223,2852810.0,9416.71,44.663624,,,,,,
1783536540.223,2852820.0,9416.575,44.664013,,,,,,
1783536540.224,2852830.0,9416.271,44.663582,,,,,,
1783536540.225,2852840.0,9416.102,44.662758,,,,,,
1783536540.226,2852850.0,9416.051,44.661594,,,,,,
1783536540.227,2852860.0,9415.51,44.663158,,,,,,
1783536540.338,2852870.0,9414.799,44.663902,,,,,,
1783536540.339,2852880.0,9414.562,44.663277,,,,,,
1783536540.340,2852890.0,9414.292,44.662746,,,,,,
1783536540.340,2852900.0,9413.835,44.662762,,,,,,
1783536540.341,2852910.0,9413.108,44.663551,,,,,,
1783536540.343,2852920.0,9413.007,44.662533,,,,,,
1783536540.344,2852930.0,9412.433,44.66288,,,,,,
1783536540.345,2852940.0,9412.162,44.662346,,,,,,
1783536540.345,2852950.0,9411.774,44.662159,,,,,,
1783536540.346,2852960.0,9411.233,44.661102,,,,,,
1783536540.348,2852970.0,9410.861,44.660866,,,,,,
1783536540.349,2852980.0,9410.271,44.65995,,,,,,
1783536540.536,2852990.0,9409.123,44.660648,,,,,,
1783536540.537,2853000.0,9408.211,44.660656,,,,,,
1783536540.539,2853010.0,9407.25,44.660812,,,,,,
1783536540.540,2853020.0,9405.798,44.661076,,,,,,
1783536540.541,2853030.0,9404.786,44.662693,,,,,,
1783536540.542,2853040.0,9403.369,44.664165,,,,,,
1783536540.543,2853050.0,9401.969,44.665592,,,,,,
1783536540.544,2853060.0,9401.261,44.66502,,,,,,
1783536540.545,2853070.0,9400.384,44.664928,,,,,,
1783536540.546,2853080.0,9399.625,44.665813,,,,,,
1783536540.547,2853090.0,9398.9,44.666595,,,,,,
1783536540.547,2853100.0,9398.311,44.665676,,,,,,
1783536540.549,2853110.0,9398.092,44.666306,,,,,,
1783536540.550,2853120.0,9397.855,44.666988,,,,,,
1783536540.551,2853130.0,9397.872,44.66563,,,,,,
1783536540.552,2853140.0,9397.67,44.666214,,,,,,
1783536540.552,2853150.0,9397.435,44.666893,,,,,,
1783536540.553,2853160.0,9397.351,44.667137,,,,,,
1783536540.554,2853170.0,9397.182,44.667625,,,,,,
1783536540.555,2853180.0,9397.099,44.667866,,,,,,
1783536540.555,2853190.0,9397.3,44.667282,,,,,,
1783536540.670,2853200.0,9397.604,44.667717,,,,,,
1783536540.671,2853210.0,9397.485,44.66806,,,,,,
1783536540.673,2853220.0,9397.485,44.66806,,,,,,
1783536540.674,2853230.0,9397.553,44.667866,,,,,,
1783536540.675,2853240.0,9397.636,44.667625,,,,,,
1783536540.676,2853250.0,9397.653,44.667576,,,,,,
1783536540.677,2853260.0,9397.585,44.66777,,,,,,
1783536540.678,2853270.0,9397.619,44.667675,,,,,,
1783536540.679,2853280.0,9397.484,44.668064,,,,,,
1783536540.680,2853290.0,9397.653,44.667576,,,,,,
1783536540.681,2853300.0,9397.62,44.666359,,,,,,
1783536540.682,2853310.0,9397.67,44.666214,,,,,,
1783536540.684,2853320.0,9398.041,44.665142,,,,,,
1783536540.867,2853330.0,9397.873,44.665627,,,,,,
1783536540.868,2853340.0,9397.924,44.664169,,,,,,
1783536540.869,2853350.0,9397.822,44.663155,,,,,,
1783536540.869,2853360.0,9397.536,44.663979,,,,,,
1783536540.870,2853370.0,9397.267,44.664761,,,,,,
1783536540.871,2853380.0,9396.979,44.664276,,,,,,
1783536540.872,2853390.0,9396.828,44.664719,,,,,,
1783536540.873,2853400.0,9396.559,44.666805,,,,,,
1783536540.874,2853410.0,9396.693,44.665108,,,,,,
1783536540.875,2853420.0,9396.137,44.666714,,,,,,
1783536540.875,2853430.0,9395.985,44.667152,,,,,,
1783536540.876,2853440.0,9395.834,44.668903,,,,,,
1783536540.877,2853450.0,9396.138,44.669331,,,,,,
1783536540.878,2853460.0,9396.475,44.668358,,,,,,
1783536540.878,2853470.0,9396.475,44.667049,,,,,,
1783536540.879,2853480.0,9396.644,44.66787,,,,,,
1783536540.880,2853490.0,9396.51,44.668259,,,,,,
1783536540.881,2853500.0,9396.374,44.667339,,,,,,
1783536540.882,2853510.0,9396.154,44.669281,,,,,,
1783536540.883,2853520.0,9396.424,44.667194,,,,,,
1783536540.992,2853530.0,9396.491,44.665691,,,,,,
1783536540.993,2853540.0,9396.509,44.665638,,,,,,
1783536540.994,2853550.0,9396.323,44.666172,,,,,,
1783536540.995,2853560.0,9396.458,44.665787,,,,,,
1783536540.996,2853570.0,9396.795,44.664814,,,,,,
1783536540.997,2853580.0,9396.76,44.663605,,,,,,
1783536540.997,2853590.0,9396.88,44.663258,,,,,,
1783536540.998,2853600.0,9397.064,44.662727,,,,,,
1783536540.999,2853610.0,9397.35,44.6619,,,,,,
1783536541.000,2853620.0,9397.334,44.661945,,,,,,
1783536541.001,2853630.0,9397.435,44.66296,,,,,,
1783536541.001,2853640.0,9397.568,44.661266,,,,,,
1783536541.218,2853650.0,9397.67,44.660973,,,,,,
1783536541.219,2853660.0,9397.418,44.660393,,,,,,
1783536541.220,2853670.0,9397.4,44.661751,,,,,,
1783536541.222,2853680.0,9397.317,44.663303,,,,,,
1783536541.223,2853690.0,9397.029,44.664135,,,,,,
1783536541.224,2853700.0,9397.114,44.663891,,,,,,
1783536541.225,2853710.0,9396.896,44.663216,,,,,,
1783536541.226,2853720.0,9396.929,44.664429,,,,,,
1783536541.227,2853730.0,9396.979,44.662975,,,,,,
1783536541.228,2853740.0,9396.946,44.664371,,,,,,
1783536541.229,2853750.0,9397.08,44.662678,,,,,,
1783536541.231,2853760.0,9397.014,44.664177,,,,,,
1783536541.233,2853770.0,9396.947,44.663059,,,,,,
1783536541.234,2853780.0,9397.148,44.661171,,,,,,
1783536541.235,2853790.0,9397.755,44.65942,,,,,,
1783536541.236,2853800.0,9397.586,44.659908,,,,,,
1783536541.238,2853810.0,9397.553,44.661312,,,,,,
1783536541.239,2853820.0,9397.821,44.660538,,,,,,
1783536541.240,2853830.0,9397.687,44.662235,,,,,,
1783536541.241,2853840.0,9397.737,44.660782,,,,,,
1783536541.242,2853850.0,9397.4,44.663063,,,,,,
1783536541.243,2853860.0,9397.603,44.662483,,,,,,
1783536541.244,2853870.0,9397.687,44.663548,,,,,,
1783536541.245,2853880.0,9397.502,44.665386,,,,,,
1783536541.362,2853890.0,9397.132,44.666462,,,,,,
1783536541.363,2853900.0,9397.148,44.666412,,,,,,
1783536541.363,2853910.0,9397.064,44.665344,,,,,,
1783536541.364,2853920.0,9396.794,44.664814,,,,,,
1783536541.365,2853930.0,9396.71,44.665058,,,,,,
1783536541.366,2853940.0,9396.912,44.665779,,,,,,
1783536541.367,2853950.0,9396.979,44.665588,,,,,,
1783536541.368,2853960.0,9396.896,44.66452,,,,,,
1783536541.369,2853970.0,9396.812,44.664764,,,,,,
1783536541.369,2853980.0,9396.878,44.664577,,,,,,
1783536541.370,2853990.0,9396.878,44.664577,,,,,,
1783536541.371,2854000.0,9396.979,44.665588,,,,,,
1783536541.372,2854010.0,9397.029,44.665443,,,,,,
1783536541.566,2854020.0,9396.996,44.666851,,,,,,
1783536541.567,2854030.0,9397.063,44.665344,,,,,,
1783536541.568,2854040.0,9396.811,44.666077,,,,,,
1783536541.569,2854050.0,9396.946,44.664371,,,,,,
1783536541.571,2854060.0,9396.879,44.665874,,,,,,
1783536541.572,2854070.0,9396.492,44.666996,,,,,,
1783536541.572,2854080.0,9396.677,44.666462,,,,,,
1783536541.573,2854090.0,9396.609,44.666656,,,,,,
1783536541.574,2854100.0,9396.373,44.667343,,,,,,
1783536541.575,2854110.0,9396.542,44.668163,,,,,,
1783536541.576,2854120.0,9396.357,44.668697,,,,,,
1783536541.577,2854130.0,9396.34,44.670059,,,,,,
1783536541.577,2854140.0,9396.222,44.66909,,,,,,
1783536541.578,2854150.0,9396.356,44.668697,,,,,,
1783536541.579,2854160.0,9396.272,44.668941,,,,,,
1783536541.580,2854170.0,9396.39,44.667294,,,,,,
1783536541.581,2854180.0,9396.491,44.665688,,,,,,
1783536541.581,2854190.0,9396.643,44.665249,,,,,,
1783536541.582,2854200.0,9396.76,44.663601,,,,,,
1783536541.583,2854210.0,9396.776,44.662247,,,,,,
1783536541.584,2854220.0,9396.979,44.661663,,,,,,
1783536541.700,2854230.0,9396.795,44.662193,,,,,,
1783536541.701,2854240.0,9396.895,44.661903,,,,,,
1783536541.702,2854250.0,9396.709,44.663754,,,,,,
1783536541.703,2854260.0,9396.912,44.661858,,,,,,
1783536541.703,2854270.0,9397.147,44.662487,,,,,,
1783536541.704,2854280.0,9397.131,44.663841,,,,,,
1783536541.705,2854290.0,9397.232,44.663548,,,,,,
1783536541.706,2854300.0,9397.385,44.663109,,,,,,
1783536541.706,2854310.0,9397.266,44.663452,,,,,,
1783536541.707,2854320.0,9397.35,44.6619,,,,,,
1783536541.708,2854330.0,9397.502,44.661461,,,,,,
1783536541.709,2854340.0,9397.637,44.662376,,,,,,
1783536541.903,2854350.0,9397.637,44.661068,,,,,,
1783536541.904,2854360.0,9397.317,44.663303,,,,,,
1783536541.905,2854370.0,9397.3,44.663353,,,,,,
1783536541.906,2854380.0,9397.064,44.66404,,,,,,
1783536541.907,2854390.0,9396.896,44.663216,,,,,,
1783536541.908,2854400.0,9396.845,44.664669,,,,,,
1783536541.908,2854410.0,9396.727,44.665012,,,,,,
1783536541.909,2854420.0,9396.659,44.666515,,,,,,
1783536541.910,2854430.0,9396.709,44.665058,,,,,,
1783536541.911,2854440.0,9396.659,44.663895,,,,,,
1783536541.911,2854450.0,9396.963,44.663013,,,,,,
1783536541.912,2854460.0,9397.299,44.662045,,,,,,
1783536541.913,2854470.0,9397.468,44.660248,,,,,,
1783536541.914,2854480.0,9397.4,44.659134,,,,,,
1783536541.915,2854490.0,9397.535,44.660053,,,,,,
1783536541.916,2854500.0,9397.721,44.658211,,,,,,
1783536541.917,2854510.0,9397.822,44.659225,,,,,,
1783536541.918,2854520.0,9397.736,44.659477,,,,,,
1783536541.919,2854530.0,9398.108,44.65971,,,,,,
1783536541.919,2854540.0,9398.091,44.661068,,,,,,
1783536541.920,2854550.0,9397.688,44.663548,,,,,,
1783536541.922,2854560.0,9397.604,44.663788,,,,,,
