timestamp_computer,timestamp,sensor1,sensor2,mag,width,crack_x,crack_size,serial out,response
1783616649.907,692161.0,9459.885,44.768211,,,,,delay 5,OK delay 5
1783616649.908,692166.0,9458.997,44.770741,,,,,,
1783616649.909,692171.0,9458.622,44.771809,,,,,,
1783616649.910,692176.0,9459.611,44.771614,,,,,,
1783616649.910,692181.0,9460.089,44.770252,,,,,,
1783616649.911,692186.0,9459.167,44.775509,,,,,,
1783616649.912,692191.0,9459.646,44.774147,,,,,,
1783616649.912,692196.0,9459.952,44.775894,,,,,,
1783616649.913,692201.0,9458.382,44.780373,,,,,,
1783616649.914,692206.0,9458.246,44.780758,,,,,,
1783616649.915,692211.0,9458.52,44.777355,,,,,,
1783616649.915,692216.0,9457.597,44.782612,,,,,,
1783616649.916,692221.0,9457.119,44.783974,,,,,,
1783616649.917,692226.0,9458.279,44.778042,,,,,,
1783616649.917,692231.0,9458.041,44.778721,,,,,,
1783616649.919,692236.0,9457.427,44.783096,,,,,,
1783616649.920,692241.0,9458.553,44.77726,,,,,,
1783616649.922,692246.0,9458.144,44.778427,,,,,,
1783616649.923,692251.0,9457.632,44.782509,,,,,,
1783616649.924,692256.0,9457.666,44.782413,,,,,,
1783616649.925,692261.0,9458.52,44.777355,,,,,,
1783616649.925,692266.0,9457.529,44.780178,,,,,,
1783616649.926,692271.0,9458.109,44.775902,,,,,,
1783616649.927,692276.0,9458.588,44.774532,,,,,,
1783616649.927,692281.0,9458.689,44.776871,,,,,,
1783616649.928,692286.0,9458.382,44.777748,,,,,,
1783616649.929,692291.0,9459.509,44.777161,,,,,,
1783616649.929,692296.0,9459.919,44.778618,,,,,,
1783616649.930,692301.0,9458.724,44.7794,,,,,,
1783616649.931,692306.0,9458.52,44.777355,,,,,,
1783616649.931,692311.0,9458.519,44.777359,,,,,,
1783616649.932,692316.0,9457.291,44.778233,,,,,,
1783616649.933,692321.0,9456.949,44.776581,,,,,,
1783616649.933,692326.0,9458.758,44.774048,,,,,,
1783616649.934,692331.0,9458.621,44.774437,,,,,,
1783616649.934,692336.0,9458.689,44.774242,,,,,,
1783616649.935,692341.0,9459.611,44.771618,,,,,,
1783616649.935,692346.0,9459.406,44.772202,,,,,,
1783616649.937,692351.0,9458.382,44.77512,,,,,,
1783616649.937,692356.0,9459.68,44.774048,,,,,,
1783616649.938,692361.0,9459.031,44.778522,,,,,,
1783616649.939,692366.0,9458.553,44.782509,,,,,,
1783616649.939,692371.0,9458.929,44.781441,,,,,,
1783616649.940,692376.0,9459.543,44.77969,,,,,,
1783616649.941,692381.0,9458.997,44.778618,,,,,,
1783616649.941,692386.0,9459.713,44.773952,,,,,,
1783616649.942,692391.0,9460.567,44.771519,,,,,,
1783616649.942,692396.0,9460.636,44.771324,,,,,,
1783616649.943,692401.0,9459.885,44.773464,,,,,,
1783616649.944,692406.0,9459.51,44.774532,,,,,,
1783616649.945,692411.0,9459.44,44.774731,,,,,,
1783616649.945,692416.0,9458.349,44.775219,,,,,,
1783616649.946,692421.0,9457.972,44.776291,,,,,,
1783616649.946,692426.0,9458.725,44.771519,,,,,,
1783616649.947,692431.0,9459.201,44.772785,,,,,,
1783616649.947,692436.0,9459.064,44.775803,,,,,,
1783616649.948,692441.0,9459.885,44.773464,,,,,,
1783616650.095,692446.0,9460.396,44.772003,,,,,,
1783616650.096,692451.0,9459.816,44.776283,,,,,,
1783616650.097,692456.0,9459.953,44.775894,,,,,,
1783616650.098,692461.0,9459.85,44.776188,,,,,,
1783616650.099,692466.0,9458.792,44.779202,,,,,,
1783616650.100,692471.0,9458.689,44.779495,,,,,,
1783616650.101,692476.0,9459.611,44.776867,,,,,,
1783616650.101,692481.0,9459.099,44.778328,,,,,,
1783616650.102,692486.0,9459.201,44.778038,,,,,,
1783616650.103,692491.0,9460.055,44.775604,,,,,,
1783616650.105,692496.0,9459.748,44.776478,,,,,,
1783616650.106,692501.0,9458.245,44.778137,,,,,,
1783616650.107,692506.0,9458.349,44.777843,,,,,,
1783616650.108,692511.0,9458.45,44.774925,,,,,,
1783616650.108,692516.0,9457.972,44.778915,,,,,,
1783616650.109,692521.0,9457.529,44.780178,,,,,,
1783616650.110,692526.0,9458.621,44.77969,,,,,,
1783616650.110,692531.0,9458.724,44.776775,,,,,,
1783616650.111,692536.0,9458.758,44.776676,,,,,,
1783616650.112,692541.0,9459.577,44.774342,,,,,,
1783616650.113,692546.0,9460.055,44.77298,,,,,,
1783616650.113,692551.0,9459.372,44.772297,,,,,,
1783616650.114,692556.0,9459.167,44.775509,,,,,,
1783616650.115,692561.0,9459.542,44.774441,,,,,,
1783616650.116,692566.0,9458.825,44.776485,,,,,,
1783616650.116,692571.0,9459.031,44.775898,,,,,,
1783616650.117,692576.0,9460.021,44.773075,,,,,,
1783616650.118,692581.0,9460.226,44.772491,,,,,,
1783616650.119,692586.0,9459.816,44.776283,,,,,,
1783616650.120,692591.0,9460.567,44.771519,,,,,,
1783616650.121,692596.0,9460.498,44.774342,,,,,,
1783616650.122,692601.0,9459.372,44.780178,,,,,,
1783616650.122,692606.0,9459.269,44.777843,,,,,,
1783616650.123,692611.0,9459.645,44.776772,,,,,,
1783616650.124,692616.0,9458.484,44.780079,,,,,,
1783616650.375,692621.0,9458.895,44.776287,,,,,,
1783616650.376,692626.0,9459.372,44.774925,,,,,,
1783616650.377,692631.0,9459.338,44.775024,,,,,,
1783616650.378,692636.0,9458.963,44.776093,,,,,,
1783616650.379,692641.0,9459.952,44.77327,,,,,,
1783616650.380,692646.0,9459.542,44.777065,,,,,,
1783616650.381,692651.0,9459.305,44.77774,,,,,,
1783616650.383,692656.0,9459.475,44.779881,,,,,,
1783616650.385,692661.0,9459.509,44.777161,,,,,,
1783616650.386,692666.0,9458.313,44.783195,,,,,,
1783616650.386,692671.0,9458.213,44.783482,,,,,,
1783616650.387,692676.0,9459.236,44.777935,,,,,,
1783616650.389,692681.0,9459.271,44.775215,,,,,,
1783616650.390,692686.0,9459.202,44.778034,,,,,,
1783616650.391,692691.0,9460.771,44.770935,,,,,,
1783616650.392,692696.0,9460.703,44.768501,,,,,,
1783616650.393,692701.0,9459.44,44.774731,,,,,,
1783616650.394,692706.0,9459.168,44.77813,,,,,,
1783616650.394,692711.0,9459.1,44.775703,,,,,,
1783616650.395,692716.0,9458.178,44.778328,,,,,,
1783616650.396,692721.0,9458.416,44.777649,,,,,,
1783616650.397,692726.0,9460.021,44.773075,,,,,,
1783616650.397,692731.0,9460.328,44.769573,,,,,,
1783616650.398,692736.0,9459.919,44.773365,,,,,,
1783616650.399,692741.0,9460.567,44.771519,,,,,,
1783616650.400,692746.0,9460.602,44.774044,,,,,,
1783616650.401,692751.0,9458.896,44.776283,,,,,,
1783616650.401,692756.0,9458.826,44.779106,,,,,,
1783616650.402,692761.0,9459.168,44.775505,,,,,,
1783616650.403,692766.0,9458.383,44.780369,,,,,,
1783616650.404,692771.0,9458.416,44.777649,,,,,,
1783616650.405,692776.0,9459.918,44.775993,,,,,,
1783616650.405,692781.0,9459.815,44.773663,,,,,,
1783616650.406,692786.0,9459.544,44.777061,,,,,,
1783616650.407,692791.0,9460.875,44.770641,,,,,,
1783616650.408,692796.0,9460.705,44.771126,,,,,,
1783616650.408,692801.0,9459.202,44.772785,,,,,,
1783616650.409,692806.0,9459.134,44.775604,,,,,,
1783616650.410,692811.0,9459.68,44.77142,,,,,,
1783616650.411,692816.0,9457.871,44.779205,,,,,,
1783616650.411,692821.0,9457.632,44.782509,,,,,,
1783616650.412,692826.0,9458.622,44.78231,,,,,,
1783616650.413,692831.0,9459.167,44.778133,,,,,,
1783616650.414,692836.0,9459.167,44.780762,,,,,,
1783616650.414,692841.0,9460.362,44.774727,,,,,,
1783616650.415,692846.0,9460.977,44.772976,,,,,,
1783616650.416,692851.0,9460.361,44.772106,,,,,,
1783616650.416,692856.0,9459.781,44.776382,,,,,,
1783616650.417,692861.0,9460.123,44.772785,,,,,,
1783616650.418,692866.0,9459.372,44.77755,,,,,,
1783616650.419,692871.0,9459.236,44.775311,,,,,,
1783616650.420,692876.0,9460.123,44.772785,,,,,,
1783616650.420,692881.0,9460.328,44.769577,,,,,,
1783616650.421,692886.0,9459.576,44.774342,,,,,,
1783616650.422,692891.0,9460.294,44.769669,,,,,,
1783616650.423,692896.0,9459.578,44.774338,,,,,,
1783616650.424,692901.0,9458.279,44.778042,,,,,,
1783616650.424,692906.0,9457.939,44.781635,,,,,,
1783616650.425,692911.0,9458.279,44.778042,,,,,,
1783616650.426,692916.0,9457.631,44.782513,,,,,,
1783616650.565,692921.0,9458.178,44.780952,,,,,,
1783616650.566,692926.0,9459.44,44.77998,,,,,,
1783616650.567,692931.0,9459.781,44.776382,,,,,,
1783616650.568,692936.0,9459.576,44.779594,,,,,,
1783616650.569,692941.0,9460.328,44.774826,,,,,,
1783616650.569,692946.0,9460.977,44.770351,,,,,,
1783616650.570,692951.0,9459.509,44.774536,,,,,,
1783616650.571,692956.0,9459.611,44.776867,,,,,,
1783616650.572,692961.0,9459.714,44.776577,,,,,,
1783616650.572,692966.0,9458.928,44.778816,,,,,,
1783616650.573,692971.0,9458.075,44.781246,,,,,,
1783616650.574,692976.0,9459.338,44.775024,,,,,,
1783616650.575,692981.0,9458.996,44.773373,,,,,,
1783616650.575,692986.0,9459.064,44.77055,,,,,,
1783616650.576,692991.0,9459.85,44.770935,,,,,,
1783616650.577,692996.0,9460.327,44.769573,,,,,,
1783616650.578,693001.0,9459.542,44.771812,,,,,,
1783616650.579,693006.0,9459.917,44.773373,,,,,,
1783616650.579,693011.0,9459.68,44.774048,,,,,,
1783616650.580,693016.0,9459.167,44.775509,,,,,,
1783616650.581,693021.0,9459.303,44.775124,,,,,,
1783616650.581,693026.0,9459.885,44.773464,,,,,,
1783616650.582,693031.0,9459.475,44.772007,,,,,,
1783616650.583,693036.0,9459.475,44.772007,,,,,,
1783616650.584,693041.0,9460.055,44.767727,,,,,,
1783616650.585,693046.0,9459.713,44.771324,,,,,,
1783616650.585,693051.0,9459.099,44.773075,,,,,,
1783616650.586,693056.0,9459.44,44.774731,,,,,,
1783616650.588,693061.0,9459.919,44.773365,,,,,,
1783616650.589,693066.0,9458.826,44.776482,,,,,,
1783616650.590,693071.0,9458.826,44.776482,,,,,,
1783616650.591,693076.0,9459.475,44.777256,,,,,,
1783616650.592,693081.0,9458.928,44.778816,,,,,,
1783616650.823,693086.0,9458.622,44.779686,,,,,,
1783616650.824,693091.0,9459.885,44.776089,,,,,,
1783616650.825,693096.0,9459.952,44.77327,,,,,,
1783616650.826,693101.0,9459.51,44.774532,,,,,,
1783616650.827,693106.0,9460.26,44.772396,,,,,,
1783616650.828,693111.0,9460.431,44.771908,,,,,,
1783616650.828,693116.0,9459.338,44.775024,,,,,,
1783616650.829,693121.0,9459.611,44.774242,,,,,,
1783616650.830,693126.0,9460.191,44.772591,,,,,,
1783616650.830,693131.0,9459.781,44.773758,,,,,,
1783616650.831,693136.0,9459.781,44.776382,,,,,,
1783616650.832,693141.0,9460.396,44.777252,,,,,,
1783616650.833,693146.0,9459.85,44.781441,,,,,,
1783616650.833,693151.0,9459.201,44.780666,,,,,,
1783616650.834,693156.0,9458.997,44.781246,,,,,,
1783616650.835,693161.0,9459.03,44.778522,,,,,,
1783616650.836,693166.0,9458.689,44.779495,,,,,,
1783616650.838,693171.0,9458.45,44.780178,,,,,,
1783616650.839,693176.0,9459.27,44.777843,,,,,,
1783616650.839,693181.0,9459.372,44.774925,,,,,,
1783616650.840,693186.0,9459.372,44.774925,,,,,,
1783616650.841,693191.0,9460.26,44.769772,,,,,,
1783616650.841,693196.0,9460.362,44.76685,,,,,,
1783616650.842,693201.0,9459.338,44.772396,,,,,,
1783616650.843,693206.0,9459.714,44.771324,,,,,,
1783616650.843,693211.0,9459.986,44.770546,,,,,,
1783616650.844,693216.0,9458.997,44.773369,,,,,,
1783616650.845,693221.0,9459.542,44.771816,,,,,,
1783616650.845,693226.0,9460.601,44.766171,,,,,,
1783616650.846,693231.0,9460.533,44.768986,,,,,,
1783616650.846,693236.0,9459.782,44.771126,,,,,,
1783616650.847,693241.0,9460.26,44.769768,,,,,,
1783616650.848,693246.0,9460.294,44.769672,,,,,,
1783616650.848,693251.0,9459.646,44.771523,,,,,,
1783616650.849,693256.0,9459.372,44.772297,,,,,,
1783616650.849,693261.0,9459.372,44.772297,,,,,,
1783616650.850,693266.0,9458.791,44.776581,,,,,,
1783616650.851,693271.0,9458.041,44.778721,,,,,,
1783616650.851,693276.0,9458.759,44.776672,,,,,,
1783616650.852,693281.0,9459.271,44.775215,,,,,,
1783616650.853,693286.0,9459.44,44.774731,,,,,,
1783616650.854,693291.0,9460.361,44.769478,,,,,,
1783616650.854,693296.0,9461.216,44.767044,,,,,,
1783616650.855,693301.0,9460.294,44.772297,,,,,,
1783616650.855,693306.0,9459.815,44.771034,,,,,,
1783616650.856,693311.0,9460.295,44.772293,,,,,,
1783616650.856,693316.0,9459.168,44.775505,,,,,,
1783616650.857,693321.0,9458.553,44.779884,,,,,,
1783616650.858,693326.0,9459.134,44.775604,,,,,,
1783616650.858,693331.0,9459.373,44.777546,,,,,,
1783616650.859,693336.0,9458.826,44.776482,,,,,,
1783616650.859,693341.0,9459.816,44.773659,,,,,,
1783616650.860,693346.0,9459.85,44.773563,,,,,,
1783616650.860,693351.0,9458.928,44.776192,,,,,,
1783616650.982,693356.0,9459.03,44.775898,,,,,,
1783616650.982,693361.0,9459.407,44.777451,,,,,,
1783616650.983,693366.0,9458.724,44.7794,,,,,,
1783616650.984,693371.0,9458.929,44.776188,,,,,,
1783616650.984,693376.0,9460.19,44.772591,,,,,,
1783616650.985,693381.0,9460.396,44.772003,,,,,,
1783616650.986,693386.0,9459.407,44.772198,,,,,,
1783616650.986,693391.0,9459.986,44.773174,,,,,,
1783616650.987,693396.0,9459.987,44.77317,,,,,,
1783616650.987,693401.0,9459.031,44.775898,,,,,,
1783616650.988,693406.0,9458.007,44.778816,,,,,,
1783616650.989,693411.0,9458.894,44.778915,,,,,,
1783616650.989,693416.0,9458.383,44.777744,,,,,,
1783616650.990,693421.0,9457.836,44.779305,,,,,,
1783616650.991,693426.0,9458.861,44.779007,,,,,,
1783616650.991,693431.0,9459.271,44.77784,,,,,,
1783616650.992,693436.0,9458.929,44.776188,,,,,,
1783616650.992,693441.0,9459.885,44.776089,,,,,,
1783616650.993,693446.0,9459.885,44.778717,,,,,,
1783616650.994,693451.0,9458.86,44.779007,,,,,,
1783616650.994,693456.0,9459.339,44.777645,,,,,,
1783616650.995,693461.0,9460.123,44.77541,,,,,,
1783616650.995,693466.0,9458.622,44.779686,,,,,,
1783616650.996,693471.0,9459.167,44.778133,,,,,,
1783616650.996,693476.0,9459.919,44.778614,,,,,,
1783616650.997,693481.0,9459.781,44.776382,,,,,,
1783616650.998,693486.0,9459.475,44.779884,,,,,,
1783616650.999,693491.0,9460.942,44.7757,,,,,,
1783616651.240,693496.0,9461.146,44.775116,,,,,,
1783616651.241,693501.0,9460.498,44.776966,,,,,,
1783616651.242,693506.0,9460.361,44.777359,,,,,,
1783616651.243,693511.0,9460.465,44.777061,,,,,,
1783616651.243,693516.0,9459.202,44.778034,,,,,,
1783616651.244,693521.0,9459.27,44.775219,,,,,,
1783616651.245,693526.0,9459.987,44.770546,,,,,,
1783616651.245,693531.0,9459.611,44.774242,,,,,,
1783616651.246,693536.0,9459.372,44.772297,,,,,,
1783616651.247,693541.0,9459.815,44.773663,,,,,,
1783616651.248,693546.0,9459.44,44.774731,,,,,,
1783616651.248,693551.0,9458.245,44.778137,,,,,,
1783616651.249,693556.0,9458.654,44.774345,,,,,,
1783616651.250,693561.0,9458.689,44.776871,,,,,,
1783616651.251,693566.0,9458.246,44.778133,,,,,,
1783616651.252,693571.0,9458.313,44.777943,,,,,,
1783616651.253,693576.0,9459.475,44.774632,,,,,,
1783616651.254,693581.0,9459.475,44.777256,,,,,,
1783616651.255,693586.0,9459.133,44.775608,,,,,,
1783616651.256,693591.0,9459.439,44.772106,,,,,,
1783616651.257,693596.0,9459.338,44.7724,,,,,,
1783616651.258,693601.0,9458.245,44.778137,,,,,,
1783616651.258,693606.0,9458.246,44.775505,,,,,,
1783616651.259,693611.0,9458.928,44.776192,,,,,,
1783616651.260,693616.0,9458.792,44.776577,,,,,,
1783616651.261,693621.0,9459.134,44.775604,,,,,,
1783616651.261,693626.0,9460.635,44.7687,,,,,,
1783616651.262,693631.0,9460.158,44.770058,,,,,,
1783616651.263,693636.0,9459.338,44.769772,,,,,,
1783616651.263,693641.0,9459.748,44.7686,,,,,,
1783616651.264,693646.0,9459.406,44.769573,,,,,,
1783616651.265,693651.0,9457.732,44.77697,,,,,,
1783616651.265,693656.0,9458.314,44.777939,,,,,,
1783616651.266,693661.0,9458.689,44.776871,,,,,,
1783616651.267,693666.0,9457.904,44.781734,,,,,,
1783616651.268,693671.0,9458.075,44.781246,,,,,,
1783616651.268,693676.0,9459.235,44.777939,,,,,,
1783616651.270,693681.0,9459.134,44.778229,,,,,,
1783616651.270,693686.0,9458.689,44.779495,,,,,,
1783616651.271,693691.0,9459.815,44.773663,,,,,,
1783616651.272,693696.0,9459.85,44.773563,,,,,,
1783616651.273,693701.0,9458.689,44.774246,,,,,,
1783616651.273,693706.0,9458.314,44.775311,,,,,,
1783616651.274,693711.0,9458.484,44.777454,,,,,,
1783616651.275,693716.0,9457.973,44.78154,,,,,,
1783616651.276,693721.0,9457.427,44.783096,,,,,,
1783616651.276,693726.0,9458.519,44.782612,,,,,,
1783616651.277,693731.0,9458.075,44.783875,,,,,,
1783616651.278,693736.0,9457.666,44.782413,,,,,,
1783616651.278,693741.0,9457.904,44.77911,,,,,,
1783616651.279,693746.0,9458.587,44.777164,,,,,,
1783616651.280,693751.0,9457.223,44.778427,,,,,,
1783616651.280,693756.0,9458.108,44.775898,,,,,,
1783616651.281,693761.0,9459.065,44.77317,,,,,,
1783616651.281,693766.0,9458.416,44.775021,,,,,,
1783616651.282,693771.0,9458.52,44.774731,,,,,,
1783616651.408,693776.0,9460.055,44.77298,,,,,,
1783616651.409,693781.0,9459.576,44.774342,,,,,,
1783616651.409,693786.0,9458.928,44.776192,,,,,,
1783616651.410,693791.0,9460.123,44.77541,,,,,,
1783616651.411,693796.0,9459.373,44.780174,,,,,,
1783616651.412,693801.0,9458.213,44.780853,,,,,,
1783616651.413,693806.0,9458.484,44.780079,,,,,,
1783616651.413,693811.0,9459.134,44.780857,,,,,,
1783616651.414,693816.0,9457.631,44.785137,,,,,,
1783616651.415,693821.0,9457.666,44.782413,,,,,,
1783616651.415,693826.0,9458.587,44.779789,,,,,,
1783616651.416,693831.0,9458.689,44.779495,,,,,,
1783616651.417,693836.0,9457.904,44.77911,,,,,,
1783616651.418,693841.0,9458.792,44.773949,,,,,,
1783616651.418,693846.0,9459.1,44.775703,,,,,,
1783616651.419,693851.0,9457.939,44.781635,,,,,,
1783616651.420,693856.0,9457.461,44.782997,,,,,,
1783616651.421,693861.0,9457.734,44.782219,,,,,,
1783616651.422,693866.0,9456.813,44.787472,,,,,,
1783616651.422,693871.0,9456.54,44.78825,,,,,,
1783616651.423,693876.0,9457.974,44.781536,,,,,,
1783616651.424,693881.0,9458.246,44.780758,,,,,,
1783616651.425,693886.0,9458.246,44.780758,,,,,,
1783616651.425,693891.0,9459.201,44.778038,,,,,,
1783616651.426,693896.0,9459.303,44.777748,,,,,,
1783616651.427,693901.0,9458.45,44.782803,,,,,,
1783616651.428,693906.0,9458.279,44.783291,,,,,,
1783616651.428,693911.0,9458.553,44.782513,,,,,,
1783616651.429,693916.0,9458.313,44.780567,,,,,,
1783616651.430,693921.0,9458.279,44.778042,,,,,,
1783616651.640,693926.0,9459.064,44.775803,,,,,,
1783616651.641,693931.0,9459.338,44.775024,,,,,,
1783616651.641,693936.0,9459.099,44.775703,,,,,,
1783616651.642,693941.0,9459.508,44.777164,,,,,,
1783616651.643,693946.0,9459.884,44.776093,,,,,,
1783616651.644,693951.0,9458.928,44.778816,,,,,,
1783616651.644,693956.0,9458.826,44.776482,,,,,,
1783616651.645,693961.0,9458.996,44.778622,,,,,,
1783616651.646,693966.0,9459.03,44.775898,,,,,,
1783616651.646,693971.0,9458.758,44.779301,,,,,,
1783616651.647,693976.0,9459.645,44.776772,,,,,,
1783616651.648,693981.0,9459.782,44.776379,,,,,,
1783616651.648,693986.0,9459.781,44.776382,,,,,,
1783616651.649,693991.0,9459.611,44.779495,,,,,,
1783616651.650,693996.0,9459.782,44.776379,,,,,,
1783616651.650,694001.0,9458.724,44.776775,,,,,,
1783616651.651,694006.0,9458.451,44.780174,,,,,,
1783616651.651,694011.0,9458.963,44.776093,,,,,,
1783616651.652,694016.0,9458.689,44.776871,,,,,,
1783616651.653,694021.0,9458.518,44.777363,,,,,,
1783616651.653,694026.0,9459.646,44.774147,,,,,,
1783616651.654,694031.0,9459.713,44.773952,,,,,,
1783616651.654,694036.0,9458.655,44.77697,,,,,,
1783616651.655,694041.0,9459.406,44.772198,,,,,,
1783616651.656,694046.0,9459.885,44.773464,,,,,,
1783616651.656,694051.0,9458.826,44.779106,,,,,,
1783616651.657,694056.0,9459.236,44.775311,,,,,,
1783616651.657,694061.0,9460.089,44.772881,,,,,,
1783616651.658,694066.0,9459.064,44.778427,,,,,,
1783616651.659,694071.0,9458.212,44.780857,,,,,,
1783616651.659,694076.0,9459.543,44.774437,,,,,,
1783616651.660,694081.0,9459.646,44.776772,,,,,,
1783616651.660,694086.0,9459.885,44.776089,,,,,,
1783616651.661,694091.0,9460.362,44.774727,,,,,,
1783616651.661,694096.0,9460.158,44.772682,,,,,,
1783616651.662,694101.0,9458.997,44.778618,,,,,,
1783616651.663,694106.0,9458.894,44.778915,,,,,,
1783616651.663,694111.0,9458.689,44.78212,,,,,,
1783616651.664,694116.0,9458.212,44.780857,,,,,,
1783616651.664,694121.0,9458.928,44.781445,,,,,,
1783616651.665,694126.0,9459.918,44.775993,,,,,,
1783616651.666,694131.0,9459.68,44.776672,,,,,,
1783616651.666,694136.0,9459.44,44.774731,,,,,,
1783616651.667,694141.0,9460.054,44.775608,,,,,,
1783616651.667,694146.0,9459.646,44.774147,,,,,,
1783616651.668,694151.0,9458.962,44.776093,,,,,,
1783616651.668,694156.0,9459.031,44.775898,,,,,,
1783616651.669,694161.0,9458.859,44.776386,,,,,,
1783616651.789,694166.0,9458.178,44.7757,,,,,,
1783616651.790,694171.0,9458.144,44.778427,,,,,,
1783616651.791,694176.0,9458.928,44.776192,,,,,,
1783616651.791,694181.0,9458.588,44.774532,,,,,,
1783616651.792,694186.0,9458.041,44.778721,,,,,,
1783616651.793,694191.0,9458.964,44.778713,,,,,,
1783616651.793,694196.0,9459.167,44.775509,,,,,,
1783616651.794,694201.0,9458.041,44.781345,,,,,,
1783616651.795,694206.0,9458.144,44.781052,,,,,,
1783616651.795,694211.0,9458.929,44.778812,,,,,,
1783616651.796,694216.0,9458.484,44.780079,,,,,,
1783616651.796,694221.0,9459.099,44.778328,,,,,,
1783616651.797,694226.0,9460.328,44.774826,,,,,,
1783616651.798,694231.0,9460.533,44.776867,,,,,,
1783616651.798,694236.0,9460.156,44.775314,,,,,,
1783616651.799,694241.0,9460.602,44.77142,,,,,,
1783616651.799,694246.0,9460.498,44.771717,,,,,,
1783616651.800,694251.0,9458.724,44.776775,,,,,,
1783616651.801,694256.0,9456.814,44.776962,,,,,,
1783616651.801,694261.0,9455.008,44.779491,,,,,,
1783616651.802,694266.0,9452.108,44.782509,,,,,,
1783616651.803,694271.0,9448.701,44.784348,,,,,,
1783616651.804,694276.0,9448.053,44.7757,,,,,,
1783616651.805,694281.0,9448.257,44.775116,,,,,,
1783616651.806,694286.0,9448.837,44.773468,,,,,,
1783616651.806,694291.0,9450.029,44.770069,,,,,,
1783616651.807,694296.0,9451.459,44.768612,,,,,,
1783616652.023,694301.0,9451.731,44.773087,,,,,,
1783616652.023,694306.0,9452.584,44.770657,,,,,,
1783616652.024,694311.0,9452.686,44.770367,,,,,,
1783616652.025,694316.0,9452.992,44.774742,,,,,,
1783616652.025,694321.0,9453.777,44.775127,,,,,,
1783616652.026,694326.0,9455.072,44.774059,,,,,,
1783616652.027,694331.0,9455.722,44.774834,,,,,,
1783616652.027,694336.0,9456.881,44.774155,,,,,,
1783616652.028,694341.0,9458.007,44.770943,,,,,,
1783616652.029,694346.0,9458.519,44.774731,,,,,,
1783616652.029,694351.0,9458.451,44.774921,,,,,,
1783616652.030,694356.0,9458.212,44.775604,,,,,,
1783616652.030,694361.0,9458.349,44.775219,,,,,,
1783616652.031,694366.0,9457.869,44.776585,,,,,,
1783616652.032,694371.0,9457.393,44.77269,,,,,,
1783616652.032,694376.0,9457.461,44.769871,,,,,,
1783616652.033,694381.0,9457.188,44.768032,,,,,,
1783616652.033,694386.0,9455.927,44.766376,,,,,,
1783616652.034,694391.0,9454.664,44.764725,,,,,,
1783616652.034,694396.0,9453.914,44.76424,,,,,,
1783616652.035,694401.0,9452.243,44.766376,,,,,,
1783616652.037,694406.0,9450.709,44.768127,,,,,,
1783616652.038,694411.0,9450.232,44.769485,,,,,,
1783616652.039,694416.0,9449.959,44.770264,,,,,,
1783616652.039,694421.0,9449.21,44.7724,,,,,,
1783616652.040,694426.0,9449.006,44.772984,,,,,,
1783616652.041,694431.0,9449.211,44.772396,,,,,,
1783616652.041,694436.0,9448.224,44.772587,,,,,,
1783616652.042,694441.0,9447.303,44.772587,,,,,,
1783616652.043,694446.0,9447.201,44.770256,,,,,,
1783616652.043,694451.0,9445.873,44.768795,,,,,,
1783616652.044,694456.0,9444.31,44.77063,,,,,,
1783616652.044,694461.0,9444.206,44.770927,,,,,,
1783616652.045,694466.0,9443.084,44.774124,,,,,,
1783616652.045,694471.0,9441.689,44.775475,,,,,,
1783616652.046,694476.0,9441.825,44.777714,,,,,,
1783616652.047,694481.0,9441.894,44.774895,,,,,,
1783616652.047,694486.0,9440.533,44.776146,,,,,,
1783616652.049,694491.0,9441.213,44.774208,,,,,,
1783616652.050,694496.0,9441.417,44.773628,,,,,,
1783616652.050,694501.0,9439.786,44.778278,,,,,,
1783616652.051,694506.0,9438.834,44.783615,,,,,,
1783616652.051,694511.0,9439.344,44.784786,,,,,,
1783616652.052,694516.0,9437.95,44.786133,,,,,,
1783616652.053,694521.0,9437.201,44.790894,,,,,,
1783616652.054,694526.0,9438.731,44.786533,,,,,,
1783616652.054,694531.0,9438.357,44.787598,,,,,,
1783616652.055,694536.0,9438.154,44.788177,,,,,,
1783616652.055,694541.0,9439.14,44.790615,,,,,,
1783616652.056,694546.0,9439.684,44.791687,,,,,,
1783616652.187,694551.0,9437.984,44.799156,,,,,,
1783616652.188,694556.0,9438.256,44.801003,,,,,,
1783616652.189,694561.0,9437.883,44.804691,,,,,,
1783616652.189,694566.0,9436.252,44.809341,,,,,,
1783616652.190,694571.0,9435.436,44.811668,,,,,,
1783616652.191,694576.0,9435.368,44.811859,,,,,,
1783616652.191,694581.0,9434.111,44.815441,,,,,,
1783616652.192,694586.0,9431.906,44.824352,,,,,,
1783616652.193,694591.0,9430.686,44.827831,,,,,,
1783616652.193,694596.0,9427.734,44.836246,,,,,,
1783616652.195,694601.0,9424.447,44.84824,,,,,,
1783616652.196,694606.0,9422.517,44.858994,,,,,,
1783616652.197,694611.0,9420.417,44.864979,,,,,,
1783616652.198,694616.0,9416.56,44.878601,,,,,,
1783616652.198,694621.0,9413.889,44.88884,,,,,,
1783616652.199,694626.0,9412.029,44.894138,,,,,,
1783616652.200,694631.0,9407.74,44.906364,,,,,,
1783616652.201,694636.0,9404.128,44.921913,,,,,,
1783616652.202,694641.0,9401.869,44.930977,,,,,,
1783616652.203,694646.0,9397.826,44.945126,,,,,,
1783616652.204,694651.0,9393.111,44.966438,,,,,,
1783616652.205,694656.0,9390.217,44.977314,,,,,,
1783616652.206,694661.0,9386.384,44.988243,,,,,,
1783616652.207,694666.0,9381.578,45.007195,,,,,,
1783616652.208,694671.0,9378.893,45.020103,,,,,,
1783616652.208,694676.0,9375.74,45.031719,,,,,,
1783616652.209,694681.0,9371.316,45.052204,,,,,,
1783616652.210,694686.0,9367.666,45.067856,,,,,,
1783616652.211,694691.0,9364.787,45.078693,,,,,,
1783616652.211,694696.0,9360.508,45.096142,,,,,,
1783616652.212,694701.0,9356.465,45.112923,,,,,,
1783616652.456,694706.0,9353.161,45.124973,,,,,,
1783616652.457,694711.0,9349.49,45.140686,,,,,,
1783616652.458,694716.0,9346.155,45.158073,,,,,,
1783616652.458,694721.0,9343.258,45.171589,,,,,,
1783616652.459,694726.0,9341.326,45.184978,,,,,,
1783616652.460,694731.0,9339.694,45.197514,,,,,,
1783616652.461,694736.0,9338.331,45.209286,,,,,,
1783616652.461,694741.0,9336.569,45.222187,,,,,,
1783616652.462,694746.0,9334.21,45.234173,,,,,,
1783616652.463,694751.0,9331.354,45.242313,,,,,,
1783616652.463,694756.0,9328.231,45.251213,,,,,,
1783616652.464,694761.0,9325.51,45.258972,,,,,,
1783616652.465,694766.0,9322.524,45.267483,,,,,,
1783616652.466,694771.0,9320.934,45.274647,,,,,,
1783616652.466,694776.0,9319.772,45.280582,,,,,,
1783616652.467,694781.0,9318.911,45.28566,,,,,,
1783616652.468,694786.0,9317.454,45.292442,,,,,,
1783616652.468,694791.0,9316.991,45.293762,,,,,,
1783616652.469,694796.0,9316.526,45.29509,,,,,,
1783616652.470,694801.0,9315.368,45.295765,,,,,,
1783616652.471,694806.0,9314.54,45.295498,,,,,,
1783616652.472,694811.0,9315.136,45.291176,,,,,,
1783616652.472,694816.0,9315.798,45.284031,,,,,,
1783616652.473,694821.0,9316.46,45.276886,,,,,,
1783616652.474,694826.0,9318.581,45.268211,,,,,,
1783616652.474,694831.0,9320.502,45.260109,,,,,,
1783616652.475,694836.0,9321.694,45.251453,,,,,,
1783616652.476,694841.0,9324.282,45.244076,,,,,,
1783616652.477,694846.0,9326.87,45.234074,,,,,,
1783616652.478,694851.0,9328.995,45.222755,,,,,,
1783616652.478,694856.0,9332.417,45.207748,,,,,,
1783616652.479,694861.0,9337.037,45.191952,,,,,,
1783616652.480,694866.0,9339.599,45.176762,,,,,,
1783616652.480,694871.0,9343.493,45.160408,,,,,,
1783616652.481,694876.0,9348.658,45.143055,,,,,,
1783616652.482,694881.0,9352.428,45.127056,,,,,,
1783616652.482,694886.0,9355.564,45.112862,,,,,,
1783616652.483,694891.0,9360.876,45.092468,,,,,,
1783616652.483,694896.0,9364.854,45.073254,,,,,,
1783616652.484,694901.0,9367.666,45.057358,,,,,,
1783616652.485,694906.0,9372.592,45.038059,,,,,,
1783616652.486,694911.0,9377.756,45.018089,,,,,,
1783616652.486,694916.0,9381.381,45.002506,,,,,,
1783616652.487,694921.0,9386.284,44.988529,,,,,,
1783616652.488,694926.0,9392.034,44.969509,,,,,,
1783616652.488,694931.0,9396.074,44.952744,,,,,,
1783616652.623,694936.0,9399.646,44.937313,0.397954,126.66964,694915.5,87.549957,,
1783616652.624,695058.0,9409.278,44.899357,,,,,,
1783616652.625,695063.0,9416.615,44.865318,,,,,,
1783616652.626,695068.0,9422.197,44.836288,,,,,,
1783616652.627,695073.0,9428.357,44.808235,,,,,,
1783616652.628,695078.0,9434.078,44.781429,,,,,,
1783616652.628,695083.0,9432.958,44.782001,,,,,,
1783616652.629,695088.0,9433.195,44.778702,,,,,,
1783616652.630,695093.0,9434.791,44.776775,,,,,,
1783616652.630,695098.0,9434.451,44.777744,,,,,,
1783616652.631,695103.0,9434.214,44.778423,,,,,,
1783616652.632,695108.0,9436.083,44.775715,,,,,,
1783616652.633,695113.0,9437.203,44.772526,,,,,,
1783616652.633,695118.0,9436.863,44.773495,,,,,,
1783616652.634,695123.0,9438.426,44.77166,,,,,,
1783616652.890,695128.0,9439.615,44.770889,,,,,,
1783616652.891,695133.0,9438.493,44.774094,,,,,,
1783616652.891,695138.0,9438.357,44.7771,,,,,,
1783616652.892,695143.0,9438.528,44.773991,,,,,,
1783616652.893,695148.0,9436.932,44.775921,,,,,,
1783616652.894,695153.0,9436.659,44.776695,,,,,,
1783616652.895,695158.0,9436.998,44.770485,,,,,,
1783616652.895,695163.0,9435.538,44.769398,,,,,,
1783616652.896,695168.0,9434.181,44.773262,,,,,,
1783616652.897,695173.0,9434.315,44.77026,,,,,,
1783616652.898,695178.0,9433.025,44.768688,,,,,,
1783616652.898,695183.0,9430.616,44.778179,,,,,,
1783616652.899,695188.0,9430.346,44.77895,,,,,,
1783616652.900,695193.0,9431.023,44.771778,,,,,,
1783616652.901,695198.0,9430.041,44.774578,,,,,,
1783616652.902,695203.0,9430.177,44.774193,,,,,,
1783616652.902,695208.0,9431.533,44.767693,,,,,,
1783616652.903,695213.0,9431.396,44.768082,,,,,,
1783616652.904,695218.0,9430.209,44.774094,,,,,,
1783616652.905,695223.0,9430.446,44.773415,,,,,,
1783616652.906,695228.0,9430.175,44.774189,,,,,,
1783616652.906,695233.0,9429.123,44.779812,,,,,,
1783616652.907,695238.0,9429.869,44.777683,,,,,,
1783616652.908,695243.0,9430.989,44.77449,,,,,,
1783616652.909,695248.0,9431.6,44.772751,,,,,,
1783616652.909,695253.0,9432.007,44.774216,,,,,,
1783616652.910,695258.0,9433.636,44.766949,,,,,,
1783616652.911,695263.0,9433.399,44.76762,,,,,,
1783616652.912,695268.0,9433.229,44.770729,,,,,,
1783616652.912,695273.0,9433.433,44.772774,,,,,,
1783616652.913,695278.0,9434.214,44.77055,,,,,,
1783616652.914,695283.0,9434.417,44.772594,,,,,,
1783616652.915,695288.0,9435.028,44.770851,,,,,,
1783616652.915,695293.0,9435.572,44.769302,,,,,,
1783616652.916,695298.0,9436.081,44.770473,,,,,,
1783616652.917,695303.0,9436.761,44.77116,,,,,,
1783616652.918,695308.0,9437.644,44.768646,,,,,,
1783616652.918,695313.0,9438.323,44.771954,,,,,,
1783616652.919,695318.0,9438.697,44.77351,,,,,,
1783616652.920,695323.0,9439.206,44.772057,,,,,,
1783616652.921,695328.0,9439.377,44.771572,,,,,,
1783616652.921,695333.0,9438.459,44.774189,,,,,,
1783616652.922,695338.0,9437.814,44.773403,,,,,,
1783616652.923,695343.0,9438.188,44.772335,,,,,,
1783616652.923,695348.0,9438.154,44.769814,,,,,,
1783616652.924,695353.0,9436.218,44.772709,,,,,,
1783616652.925,695358.0,9436.558,44.771736,,,,,,
1783616652.926,695363.0,9436.014,44.770668,,,,,,
1783616652.926,695368.0,9433.604,44.772289,,,,,,
1783616652.927,695373.0,9431.736,44.774986,,,,,,
1783616652.927,695378.0,9431.939,44.771782,,,,,,
1783616652.928,695383.0,9429.564,44.773312,,,,,,
1783616652.928,695388.0,9428.378,44.776695,,,,,,
1783616652.929,695393.0,9429.192,44.774372,,,,,,
1783616652.930,695398.0,9429.157,44.771847,,,,,,
1783616652.930,695403.0,9427.836,44.775616,,,,,,
1783616652.931,695408.0,9429.022,44.774857,,,,,,
1783616652.932,695413.0,9429.43,44.773689,,,,,,
1783616652.933,695418.0,9427.869,44.778137,,,,,,
1783616652.933,695423.0,9427.937,44.780571,,,,,,
1783616653.062,695428.0,9428.853,44.780582,,,,,,
1783616653.063,695433.0,9427.801,44.783581,,,,,,
1783616653.063,695438.0,9427.394,44.787365,,,,,,
1783616653.064,695443.0,9429.158,44.784962,,,,,,
1783616653.065,695448.0,9429.056,44.785252,,,,,,
1783616653.065,695453.0,9428.106,44.785336,,,,,,
1783616653.066,695458.0,9428.987,44.785446,,,,,,
1783616653.066,695463.0,9429.463,44.784092,,,,,,
1783616653.067,695468.0,9427.326,44.790184,,,,,,
1783616653.068,695473.0,9426.615,44.794834,,,,,,
1783616653.068,695478.0,9426.953,44.796497,,,,,,
1783616653.069,695483.0,9425.09,44.801807,,,,,,
1783616653.070,695488.0,9424.141,44.807137,,,,,,
1783616653.070,695493.0,9425.259,44.806576,,,,,,
1783616653.071,695498.0,9424.785,44.810547,,,,,,
1783616653.072,695503.0,9423.666,44.81636,,,,,,
1783616653.073,695508.0,9424.886,44.815506,,,,,,
1783616653.073,695513.0,9423.464,44.822182,,,,,,
1783616653.074,695518.0,9421.872,44.829346,,,,,,
1783616653.074,695523.0,9421.195,44.831272,,,,,,
1783616653.075,695528.0,9420.18,44.834167,,,,,,
1783616653.076,695533.0,9416.458,44.847404,,,,,,
1783616653.076,695538.0,9415.409,44.850391,,,,,,
1783616653.077,695543.0,9413.82,44.852299,,,,,,
1783616653.077,695548.0,9411.217,44.859718,,,,,,
1783616653.078,695553.0,9409.021,44.868603,,,,,,
1783616653.079,695558.0,9408.042,44.868771,,,,,,
1783616653.079,695563.0,9404.972,44.874897,,,,,,
1783616653.080,695568.0,9401.498,44.887424,,,,,,
1783616653.081,695573.0,9398.971,44.897255,,,,,,
1783616653.322,695578.0,9396.206,44.902512,,,,,,
1783616653.323,695583.0,9392.671,44.915215,,,,,,
1783616653.324,695588.0,9391.56,44.921005,,,,,,
1783616653.325,695593.0,9389.944,44.92561,,,,,,
1783616653.326,695598.0,9387.826,44.934269,,,,,,
1783616653.327,695603.0,9386.314,44.941204,,,,,,
1783616653.327,695608.0,9385.709,44.942928,,,,,,
1783616653.328,695613.0,9383.356,44.952255,,,,,,
1783616653.329,695618.0,9381.811,44.961914,,,,,,
1783616653.329,695623.0,9380.604,44.967979,,,,,,
1783616653.330,695628.0,9378.724,44.978584,,,,,,
1783616653.331,695633.0,9377.046,44.991241,,,,,,
1783616653.332,695638.0,9376.174,44.996353,,,,,,
1783616653.332,695643.0,9375.067,45.002132,,,,,,
1783616653.333,695648.0,9373.895,45.008099,,,,,,
1783616653.334,695653.0,9372.922,45.013496,,,,,,
1783616653.334,695658.0,9371.448,45.015072,,,,,,
1783616653.336,695663.0,9370.175,45.021324,,,,,,
1783616653.337,695668.0,9368.4,45.023762,,,,,,
1783616653.338,695673.0,9366.994,45.025146,,,,,,
1783616653.339,695678.0,9366.19,45.027435,,,,,,
1783616653.339,695683.0,9366.057,45.030441,,,,,,
1783616653.340,695688.0,9365.654,45.03159,,,,,,
1783616653.341,695693.0,9367.128,45.030014,,,,,,
1783616653.342,695698.0,9368.1,45.032486,,,,,,
1783616653.342,695703.0,9368.131,45.032398,,,,,,
1783616653.343,695708.0,9369.138,45.032158,,,,,,
1783616653.344,695713.0,9370.31,45.031441,,,,,,
1783616653.345,695718.0,9369.705,45.033165,,,,,,
1783616653.345,695723.0,9370.073,45.029491,,,,,,
1783616653.346,695728.0,9371.279,45.026051,,,,,,
1783616653.347,695733.0,9370.31,45.023567,,,,,,
1783616653.347,695738.0,9369.639,45.017601,,,,,,
1783616653.348,695743.0,9370.142,45.01355,,,,,,
1783616653.349,695748.0,9370.074,45.008492,,,,,,
1783616653.350,695753.0,9369.404,45.005154,,,,,,
1783616653.350,695758.0,9371.08,44.997749,,,,,,
1783616653.351,695763.0,9372.353,44.994122,,,,,,
1783616653.352,695768.0,9371.884,44.990211,,,,,,
1783616653.353,695773.0,9372.555,44.985672,,,,,,
1783616653.354,695778.0,9374.666,44.977032,,,,,,
1783616653.355,695783.0,9375.471,44.972115,,,,,,
1783616653.355,695788.0,9376.008,44.96534,,,,,,
1783616653.356,695793.0,9379.833,44.954433,,,,,,
1783616653.357,695798.0,9381.947,44.945782,,,,,,
1783616653.358,695803.0,9382.719,44.94096,,,,,,
1783616653.359,695808.0,9385.408,44.933292,,,,,,
1783616653.360,695813.0,9388.163,44.925438,,,,,,
1783616653.361,695818.0,9388.836,44.918274,,,,,,
1783616653.362,695823.0,9391.427,44.910889,,,,,,
1783616653.363,695828.0,9395.602,44.896362,,,,,,
1783616653.363,695833.0,9396.713,44.887951,,,,,,
1783616653.364,695838.0,9398.732,44.882191,,,,,,
1783616653.365,695843.0,9402.036,44.872776,,,,,,
1783616653.498,695848.0,9402.912,44.865028,0.205389,120.808044,695801.187,45.185596,,
1783616653.499,695970.0,9405.717,44.851784,,,,,,
1783616653.500,695975.0,9410.954,44.831612,,,,,,
1783616653.501,695980.0,9414.873,44.812576,,,,,,
1783616653.501,695985.0,9416.834,44.799114,,,,,,
1783616653.502,695990.0,9420.619,44.785698,,,,,,
1783616653.503,695995.0,9420.855,44.782402,,,,,,
1783616653.739,696000.0,9419.67,44.783157,,,,,,
1783616653.740,696005.0,9419.637,44.783257,,,,,,
1783616653.740,696010.0,9421.396,44.780861,,,,,,
1783616653.741,696015.0,9421.736,44.779892,,,,,,
1783616653.742,696020.0,9422.549,44.780197,,,,,,
1783616653.743,696025.0,9424.751,44.776543,,,,,,
1783616653.744,696030.0,9424.954,44.773338,,,,,,
1783616653.745,696035.0,9423.498,44.777493,,,,,,
1783616653.745,696040.0,9425.057,44.775673,,,,,,
1783616653.746,696045.0,9425.837,44.773449,,,,,,
1783616653.747,696050.0,9424.379,44.777599,,,,,,
1783616653.748,696055.0,9425.227,44.777813,,,,,,
1783616653.748,696060.0,9427.225,44.772118,,,,,,
1783616653.749,696065.0,9426.174,44.769863,,,,,,
1783616653.750,696070.0,9426.208,44.772388,,,,,,
1783616653.750,696075.0,9428.14,44.769501,,,,,,
1783616653.751,696080.0,9428.072,44.772316,,,,,,
1783616653.753,696085.0,9427.597,44.776295,,,,,,
1783616653.754,696090.0,9428.513,44.77631,,,,,,
1783616653.755,696095.0,9428.14,44.77475,,,,,,
1783616653.755,696100.0,9426.377,44.779774,,,,,,
1783616653.756,696105.0,9426.038,44.780739,,,,,,
1783616653.757,696110.0,9425.835,44.778694,,,,,,
1783616653.757,696115.0,9424.174,44.780815,,,,,,
1783616653.758,696120.0,9423.565,44.782547,,,,,,
1783616653.759,696125.0,9423.971,44.776146,,,,,,
1783616653.760,696130.0,9423.057,44.773502,,,,,,
1783616653.760,696135.0,9421.736,44.774647,,,,,,
1783616653.761,696140.0,9421.33,44.77581,,,,,,
1783616653.762,696145.0,9420.179,44.776466,,,,,,
1783616653.763,696150.0,9418.283,44.781872,,,,,,
1783616653.764,696155.0,9418.723,44.780617,,,,,,
1783616653.765,696160.0,9418.486,44.778671,,,,,,
1783616653.765,696165.0,9418.655,44.778191,,,,,,
1783616653.766,696170.0,9419.333,44.776257,,,,,,
1783616653.767,696175.0,9420.416,44.770546,,,,,,
1783616653.768,696180.0,9419.738,44.772476,,,,,,
1783616653.768,696185.0,9420.617,44.772594,,,,,,
1783616653.770,696190.0,9420.619,44.772591,,,,,,
1783616653.770,696195.0,9421.261,44.773384,,,,,,
1783616653.771,696200.0,9421.938,44.776691,,,,,,
1783616653.772,696205.0,9423.226,44.775646,,,,,,
1783616653.772,696210.0,9423.971,44.776142,,,,,,
1783616653.773,696215.0,9425.971,44.773067,,,,,,
1783616653.774,696220.0,9426.986,44.770172,,,,,,
1783616653.775,696225.0,9428.072,44.767075,,,,,,
1783616653.775,696230.0,9428.648,44.768051,,,,,,
1783616653.776,696235.0,9428.615,44.770771,,,,,,
1783616653.777,696240.0,9427.971,44.772606,,,,,,
1783616653.777,696245.0,9428.208,44.774555,,,,,,
1783616653.778,696250.0,9428.445,44.776501,,,,,,
1783616653.779,696255.0,9428.58,44.773495,,,,,,
1783616653.780,696260.0,9429.904,44.769718,,,,,,
1783616653.780,696265.0,9430.818,44.769737,,,,,,
1783616653.781,696270.0,9431.057,44.766434,,,,,,
1783616653.938,696275.0,9431.396,44.765465,,,,,,
1783616653.938,696280.0,9431.667,44.767319,,,,,,
1783616653.939,696285.0,9429.938,44.769623,,,,,,
1783616653.940,696290.0,9428.242,44.771832,,,,,,
1783616653.941,696295.0,9427.53,44.771244,,,,,,
1783616653.942,696300.0,9425.022,44.773148,,,,,,
1783616653.942,696305.0,9422.922,44.773888,,,,,,
1783616653.943,696310.0,9422.277,44.773109,,,,,,
1783616653.944,696315.0,9421.499,44.772701,,,,,,
1783616653.945,696320.0,9419.096,44.776932,,,,,,
1783616653.945,696325.0,9419.67,44.775295,,,,,,
1783616653.946,696330.0,9420.01,44.771702,,,,,,
1783616653.947,696335.0,9418.115,44.774483,,,,,,
1783616653.948,696340.0,9417.846,44.775253,,,,,,
1783616653.948,696345.0,9418.589,44.773132,,,,,,
1783616653.949,696350.0,9416.762,44.775723,,,,,,
1783616653.950,696355.0,9415.95,44.778034,,,,,,
1783616653.950,696360.0,9417.708,44.775642,,,,,,
1783616653.952,696365.0,9417.2,44.774471,,,,,,
1783616653.953,696370.0,9416.861,44.778057,,,,,,
1783616653.954,696375.0,9418.723,44.775372,,,,,,
1783616653.955,696380.0,9418.689,44.778091,,,,,,
1783616653.956,696385.0,9417.708,44.783508,,,,,,
1783616653.957,696390.0,9419.096,44.784794,,,,,,
1783616653.958,696395.0,9420.28,44.784042,,,,,,
1783616653.958,696400.0,9419.028,44.792854,,,,,,
1783616653.959,696405.0,9419.502,44.796749,,,,,,
1783616653.960,696410.0,9421.533,44.793575,,,,,,
1783616653.960,696415.0,9420.856,44.795513,,,,,,
1783616653.961,696420.0,9420.381,44.799492,,,,,,
1783616653.962,696425.0,9422.006,44.794861,,,,,,
1783616653.963,696430.0,9421.06,44.794933,,,,,,
1783616653.964,696435.0,9419.469,44.799469,,,,,,
1783616653.964,696440.0,9419.197,44.800243,,,,,,
1783616653.965,696445.0,9418.115,44.800701,,,,,,
1783616653.966,696450.0,9414.969,44.807053,,,,,,
1783616653.967,696455.0,9415.003,44.809574,,,,,,
1783616653.968,696460.0,9414.09,44.806934,,,,,,
1783616654.207,696465.0,9412.974,44.812733,,,,,,
1783616654.207,696470.0,9412.196,44.817574,,,,,,
1783616654.208,696475.0,9413.684,44.813335,,,,,,
1783616654.209,696480.0,9412.839,44.813122,,,,,,
1783616654.210,696485.0,9412.096,44.820484,,,,,,
1783616654.211,696490.0,9411.353,44.822605,,,,,,
1783616654.212,696495.0,9410.777,44.824238,,,,,,
1783616654.212,696500.0,9408.549,44.830597,,,,,,
1783616654.213,696505.0,9407.534,44.833488,,,,,,
1783616654.214,696510.0,9406.758,44.833084,,,,,,
1783616654.215,696515.0,9405.713,44.833439,,,,,,
1783616654.215,696520.0,9404.801,44.833416,,,,,,
1783616654.216,696525.0,9404.228,44.832424,,,,,,
1783616654.217,696530.0,9403.586,44.834255,,,,,,
1783616654.218,696535.0,9403.216,44.835308,,,,,,
1783616654.219,696540.0,9402.574,44.834518,,,,,,
1783616654.219,696545.0,9402.17,44.835667,,,,,,
1783616654.221,696550.0,9402.776,44.839188,,,,,,
1783616654.222,696555.0,9402.945,44.838707,,,,,,
1783616654.223,696560.0,9403.283,44.837738,,,,,,
1783616654.223,696565.0,9404.328,44.840004,,,,,,
1783616654.224,696570.0,9405.375,44.839645,,,,,,
1783616654.225,696575.0,9405.375,44.839638,,,,,,
1783616654.226,696580.0,9406.353,44.842098,,,,,,
1783616654.226,696585.0,9406.893,44.84581,,,,,,
1783616654.227,696590.0,9407.264,44.844749,,,,,,
1783616654.228,696595.0,9408.177,44.844772,,,,,,
1783616654.229,696600.0,9408.751,44.848385,,,,,,
1783616654.229,696605.0,9408.886,44.848,,,,,,
1783616654.230,696610.0,9410.439,44.846195,,,,,,
1783616654.231,696615.0,9412.197,44.846432,,,,,,
1783616654.232,696620.0,9411.994,44.849628,,,,,,
1783616654.233,696625.0,9413.244,44.846069,,,,,,
1783616654.233,696630.0,9414.766,44.846977,,,,,,
1783616654.234,696635.0,9414.428,44.845322,,,,,,
1783616654.235,696640.0,9414.157,44.846092,,,,,,
1783616654.236,696645.0,9415.441,44.84243,,,,,,
1783616654.237,696650.0,9415.002,44.843681,,,,,,
1783616654.238,696655.0,9414.291,44.840462,,,,,,
1783616654.238,696660.0,9415.138,44.840672,,,,,,
1783616654.239,696665.0,9414.834,44.841537,,,,,,
1783616654.240,696670.0,9413.008,44.844124,,,,,,
1783616654.240,696675.0,9413.278,44.840725,,,,,,
1783616654.241,696680.0,9413.313,44.840626,,,,,,
1783616654.242,696685.0,9410.608,44.84309,,,,,,
1783616654.243,696690.0,9409.056,44.842266,,,,,,
1783616654.244,696695.0,9409.123,44.839451,,,,,,
1783616654.244,696700.0,9406.726,44.841045,,,,,,
1783616654.245,696705.0,9404.869,44.841087,,,,,,
1783616654.246,696710.0,9405.713,44.836063,,,,,,
1783616654.246,696715.0,9405.779,44.833252,,,,,,
1783616654.247,696720.0,9404.633,44.831268,,,,,,
1783616654.248,696725.0,9406.455,44.826077,,,,,,
1783616654.249,696730.0,9406.658,44.822876,,,,,,
1783616654.249,696735.0,9405.949,44.824898,,,,,,
1783616654.250,696740.0,9407.131,44.821526,,,,,,
1783616654.399,696745.0,9408.548,44.81749,,,,,,
1783616654.400,696750.0,9407.535,44.820374,,,,,,
1783616654.401,696755.0,9409.021,44.818764,,,,,,
1783616654.403,696760.0,9411.521,44.811638,0.070127,125.803093,696718.562,15.428022,,
1783616654.404,696882.0,9411.42,44.804058,,,,,,
1783616654.405,696887.0,9411.521,44.798527,,,,,,
1783616654.406,696892.0,9413.008,44.789047,,,,,,
1783616654.406,696897.0,9413.413,44.780029,,,,,,
1783616654.672,696902.0,9412.162,44.77573,,,,,,
1783616654.673,696907.0,9412.467,44.77486,,,,,,
1783616654.674,696912.0,9413.987,44.773151,,,,,,
1783616654.675,696917.0,9413.21,44.772747,,,,,,
1783616654.676,696922.0,9412.939,44.776138,,,,,,
1783616654.677,696927.0,9413.987,44.775768,,,,,,
1783616654.677,696932.0,9414.056,44.775574,,,,,,
1783616654.678,696937.0,9412.906,44.776226,,,,,,
1783616654.679,696942.0,9414.494,44.776943,,,,,,
1783616654.680,696947.0,9414.799,44.773453,,,,,,
1783616654.680,696952.0,9413.616,44.774208,,,,,,
1783616654.681,696957.0,9413.684,44.776634,,,,,,
1783616654.682,696962.0,9414.089,44.775482,,,,,,
1783616654.682,696967.0,9412.129,44.775826,,,,,,
1783616654.683,696972.0,9411.521,44.780182,,,,,,
1783616654.684,696977.0,9411.622,44.779892,,,,,,
1783616654.685,696982.0,9410.912,44.779293,,,,,,
1783616654.686,696987.0,9410.372,44.783459,,,,,,
1783616654.687,696992.0,9412.602,44.77972,,,,,,
1783616654.688,696997.0,9413.042,44.775845,,,,,,
1783616654.689,697002.0,9412.907,44.776222,,,,,,
1783616654.691,697007.0,9413.955,44.77586,,,,,,
1783616654.691,697012.0,9414.969,44.770355,,,,,,
1783616654.692,697017.0,9413.515,44.777115,,,,,,
1783616654.693,697022.0,9414.529,44.776844,,,,,,
1783616654.694,697027.0,9415.982,44.772701,,,,,,
1783616654.694,697032.0,9415.239,44.772198,,,,,,
1783616654.695,697037.0,9414.631,44.77393,,,,,,
1783616654.696,697042.0,9416.253,44.766693,,,,,,
1783616654.696,697047.0,9415.746,44.770756,,,,,,
1783616654.697,697052.0,9415.069,44.775307,,,,,,
1783616654.698,697057.0,9416.287,44.774456,,,,,,
1783616654.699,697062.0,9416.795,44.778248,,,,,,
1783616654.699,697067.0,9415.44,44.782108,,,,,,
1783616654.700,697072.0,9415.068,44.780548,,,,,,
1783616654.701,697077.0,9415.306,44.779873,,,,,,
1783616654.702,697082.0,9414.325,44.782665,,,,,,
1783616654.703,697087.0,9414.529,44.779465,,,,,,
1783616654.704,697092.0,9415.205,44.774918,,,,,,
1783616654.705,697097.0,9415.138,44.775108,,,,,,
1783616654.706,697102.0,9414.19,44.777809,,,,,,
1783616654.707,697107.0,9414.394,44.777229,,,,,,
1783616654.708,697112.0,9413.143,44.778175,,,,,,
1783616654.708,697117.0,9411.79,44.782028,,,,,,
1783616654.709,697122.0,9411.317,44.783379,,,,,,
1783616654.710,697127.0,9412.433,44.780201,,,,,,
1783616654.711,697132.0,9412.298,44.780582,,,,,,
1783616654.712,697137.0,9412.568,44.782433,,,,,,
1783616654.713,697142.0,9413.987,44.78101,,,,,,
1783616654.714,697147.0,9414.427,44.779758,,,,,,
1783616654.715,697152.0,9413.211,44.783222,,,,,,
1783616654.716,697157.0,9413.041,44.783707,,,,,,
1783616654.716,697162.0,9413.412,44.78265,,,,,,
1783616654.717,697167.0,9412.195,44.786118,,,,,,
1783616654.718,697172.0,9412.196,44.783493,,,,,,
1783616654.720,697177.0,9413.143,44.778172,,,,,,
1783616654.721,697182.0,9413.716,44.776543,,,,,,
1783616654.721,697187.0,9413.581,44.774311,,,,,,
1783616654.723,697192.0,9413.987,44.773151,,,,,,
1783616654.724,697197.0,9413.817,44.773636,,,,,,
1783616654.725,697202.0,9413.176,44.77808,,,,,,
1783616654.726,697207.0,9412.805,44.776524,,,,,,
1783616654.726,697212.0,9412.669,44.779526,,,,,,
1783616654.727,697217.0,9412.398,44.780296,,,,,,
1783616654.876,697222.0,9412.5,44.782627,,,,,,
1783616654.878,697227.0,9412.939,44.778755,,,,,,
1783616654.879,697232.0,9412.805,44.781761,,,,,,
1783616654.880,697237.0,9412.398,44.780296,,,,,,
1783616654.881,697242.0,9413.041,44.778465,,,,,,
1783616654.882,697247.0,9413.21,44.775368,,,,,,
1783616654.883,697252.0,9412.365,44.780392,,,,,,
1783616654.884,697257.0,9412.331,44.777874,,,,,,
1783616654.885,697262.0,9412.669,44.779526,,,,,,
1783616654.886,697267.0,9412.061,44.781261,,,,,,
1783616654.887,697272.0,9411.452,44.785614,,,,,,
1783616654.888,697277.0,9412.264,44.783302,,,,,,
1783616654.889,697282.0,9412.635,44.784866,,,,,,
1783616654.890,697287.0,9412.703,44.784672,,,,,,
1783616654.891,697292.0,9413.682,44.779259,,,,,,
1783616654.892,697297.0,9414.19,44.775185,,,,,,
1783616654.892,697302.0,9413.582,44.7743,,,,,,
1783616654.894,697307.0,9413.447,44.772068,,,,,,
1783616654.895,697312.0,9413.514,44.769257,,,,,,
1783616654.896,697317.0,9412.229,44.775543,,,,,,
1783616654.897,697322.0,9412.128,44.775829,,,,,,
1783616654.897,697327.0,9412.974,44.776039,,,,,,
1783616654.898,697332.0,9413.007,44.778564,,,,,,
1783616654.899,697337.0,9412.805,44.77914,,,,,,
1783616654.900,697342.0,9413.852,44.773529,,,,,,
1783616654.900,697347.0,9413.75,44.776443,,,,,,
1783616654.901,697352.0,9412.906,44.776234,,,,,,
1783616654.902,697357.0,9412.703,44.776814,,,,,,
1783616654.903,697362.0,9413.143,44.775558,,,,,,
1783616654.904,697367.0,9412.061,44.781261,,,,,,
1783616654.905,697372.0,9412.026,44.77874,,,,,,
1783616654.905,697377.0,9412.974,44.776031,,,,,,
1783616654.906,697382.0,9412.771,44.773994,,,,,,
1783616654.907,697387.0,9412.061,44.778645,,,,,,
1783616654.908,697392.0,9412.974,44.773418,,,,,,
1783616654.908,697397.0,9412.636,44.777004,,,,,,
1783616654.909,697402.0,9411.385,44.783188,,,,,,
1783616655.155,697407.0,9411.453,44.782993,,,,,,
1783616655.156,697412.0,9411.25,44.783573,,,,,,
1783616655.157,697417.0,9410.271,44.786362,,,,,,
1783616655.158,697422.0,9410.777,44.782295,,,,,,
1783616655.159,697427.0,9412.196,44.778255,,,,,,
1783616655.160,697432.0,9412.229,44.780781,,,,,,
1783616655.161,697437.0,9412.771,44.779236,,,,,,
1783616655.161,697442.0,9413.852,44.778774,,,,,,
1783616655.162,697447.0,9413.818,44.78149,,,,,,
1783616655.163,697452.0,9412.973,44.783901,,,,,,
1783616655.164,697457.0,9412.905,44.784096,,,,,,
1783616655.165,697462.0,9413.277,44.783031,,,,,,
1783616655.165,697467.0,9412.398,44.785538,,,,,,
1783616655.166,697472.0,9412.264,44.785923,,,,,,
1783616655.167,697477.0,9412.331,44.785732,,,,,,
1783616655.167,697482.0,9412.635,44.784866,,,,,,
1783616655.168,697487.0,9412.771,44.784477,,,,,,
1783616655.169,697492.0,9414.088,44.778103,,,,,,
1783616655.170,697497.0,9413.784,44.778969,,,,,,
1783616655.171,697502.0,9412.975,44.781277,,,,,,
1783616655.172,697507.0,9412.603,44.779716,,,,,,
1783616655.173,697512.0,9411.758,44.779499,,,,,,
1783616655.174,697517.0,9410.506,44.78307,,,,,,
1783616655.174,697522.0,9410.878,44.782017,,,,,,
1783616655.175,697527.0,9411.723,44.779606,,,,,,
1783616655.176,697532.0,9411.925,44.781647,,,,,,
1783616655.177,697537.0,9412.501,44.782627,,,,,,
1783616655.177,697542.0,9413.717,44.78178,,,,,,
1783616655.178,697547.0,9413.549,44.782261,,,,,,
1783616655.179,697552.0,9412.975,44.781277,,,,,,
1783616655.180,697557.0,9413.108,44.778271,,,,,,
1783616655.181,697562.0,9412.737,44.776707,,,,,,
1783616655.181,697567.0,9411.081,44.778812,,,,,,
1783616655.182,697572.0,9410.912,44.779297,,,,,,
1783616655.183,697577.0,9411.453,44.777756,,,,,,
1783616655.184,697582.0,9411.452,44.777752,,,,,,
1783616655.184,697587.0,9411.724,44.776981,,,,,,
1783616655.185,697592.0,9412.905,44.773613,,,,,,
1783616655.186,697597.0,9413.075,44.770508,,,,,,
1783616655.186,697602.0,9412.838,44.771183,,,,,,
1783616655.187,697607.0,9412.771,44.771374,,,,,,
1783616655.188,697612.0,9412.703,44.774193,,,,,,
1783616655.189,697617.0,9411.386,44.780567,,,,,,
1783616655.189,697622.0,9411.453,44.780376,,,,,,
1783616655.190,697627.0,9411.621,44.779888,,,,,,
1783616655.190,697632.0,9411.486,44.780273,,,,,,
1783616655.191,697637.0,9411.283,44.778236,,,,,,
1783616655.192,697642.0,9412.804,44.771278,,,,,,
1783616655.192,697647.0,9412.838,44.771183,,,,,,
1783616655.193,697652.0,9412.567,44.774578,,,,,,
1783616655.193,697657.0,9412.5,44.77739,,,,,,
1783616655.194,697662.0,9412.771,44.779236,,,,,,
1783616655.195,697667.0,9411.824,44.784554,,,,,,
1783616655.195,697672.0,9411.892,44.784363,,,,,,
1783616655.196,697677.0,9412.433,44.780197,,,,,,
1783616655.197,697682.0,9412.974,44.778656,,,,,,
1783616655.197,697687.0,9412.331,44.777874,,,,,,
1783616655.346,697692.0,9413.346,44.772354,,,,,,
1783616655.347,697697.0,9413.581,44.774311,,,,,,
1783616655.348,697702.0,9412.872,44.778946,,,,,,
1783616655.348,697707.0,9412.905,44.776237,,,,,,
1783616655.349,697712.0,9413.413,44.777405,,,,,,
1783616655.350,697717.0,9412.365,44.780392,,,,,,
1783616655.351,697722.0,9412.128,44.778442,,,,,,
1783616655.351,697727.0,9413.007,44.775948,,,,,,
1783616655.352,697732.0,9413.075,44.77837,,,,,,
1783616655.353,697737.0,9413.107,44.778275,,,,,,
1783616655.354,697742.0,9413.818,44.77887,,,,,,
1783616655.355,697747.0,9413.987,44.78101,,,,,,
1783616655.356,697752.0,9413.21,44.780605,,,,,,
1783616655.357,697757.0,9412.736,44.781956,,,,,,
1783616655.358,697762.0,9413.177,44.77808,,,,,,
1783616655.358,697767.0,9412.466,44.780106,,,,,,
1783616655.360,697772.0,9412.264,44.780682,,,,,,
1783616655.361,697777.0,9412.635,44.779625,,,,,,
1783616655.362,697782.0,9412.736,44.776711,,,,,,
1783616655.363,697787.0,9412.128,44.778442,,,,,,
1783616655.364,697792.0,9413.075,44.775753,,,,,,
1783616655.364,697797.0,9413.007,44.775948,,,,,,
1783616655.365,697802.0,9412.703,44.77943,,,,,,
1783616655.366,697807.0,9412.602,44.77972,,,,,,
1783616655.367,697812.0,9413.074,44.780991,,,,,,
1783616655.368,697817.0,9411.993,44.781452,,,,,,
1783616655.369,697822.0,9412.264,44.778057,,,,,,
1783616655.370,697827.0,9412.534,44.77467,,,,,,
1783616655.371,697832.0,9412.602,44.777103,,,,,,
1783616655.371,697837.0,9412.602,44.774483,,,,,,
1783616655.372,697842.0,9413.886,44.773441,,,,,,
1783616655.373,697847.0,9413.177,44.77808,,,,,,
1783616655.373,697852.0,9412.534,44.779911,,,,,,
1783616655.374,697857.0,9412.771,44.776611,,,,,,
1783616655.375,697862.0,9412.332,44.780487,,,,,,
1783616655.376,697867.0,9410.945,44.781822,,,,,,
1783616655.639,697872.0,9411.553,44.777466,,,,,,
1783616655.640,697877.0,9412.567,44.777199,,,,,,
1783616655.640,697882.0,9412.229,44.780781,,,,,,
1783616655.641,697887.0,9411.959,44.778934,,,,,,
1783616655.642,697892.0,9412.804,44.776516,,,,,,
1783616655.643,697897.0,9412.095,44.781162,,,,,,
1783616655.644,697902.0,9411.791,44.779411,,,,,,
1783616655.644,697907.0,9411.857,44.779224,,,,,,
1783616655.645,697912.0,9412.229,44.778164,,,,,,
1783616655.646,697917.0,9411.047,44.781525,,,,,,
1783616655.647,697922.0,9411.216,44.781052,,,,,,
1783616655.647,697927.0,9411.452,44.782993,,,,,,
1783616655.648,697932.0,9411.622,44.779892,,,,,,
1783616655.649,697937.0,9411.959,44.778927,,,,,,
1783616655.650,697942.0,9413.209,44.777988,,,,,,
1783616655.650,697947.0,9413.514,44.774502,,,,,,
1783616655.651,697952.0,9412.805,44.776524,,,,,,
1783616655.652,697957.0,9412.331,44.777874,,,,,,
1783616655.653,697962.0,9412.297,44.780586,,,,,,
1783616655.654,697967.0,9411.385,44.780571,,,,,,
1783616655.655,697972.0,9411.351,44.783283,,,,,,
1783616655.655,697977.0,9411.926,44.77903,,,,,,
1783616655.656,697982.0,9412.635,44.777,,,,,,
1783616655.657,697987.0,9412.365,44.77515,,,,,,
1783616655.658,697992.0,9413.581,44.771687,,,,,,
1783616655.659,697997.0,9413.784,44.771111,,,,,,
1783616655.659,698002.0,9413.683,44.774021,,,,,,
1783616655.660,698007.0,9412.736,44.779335,,,,,,
1783616655.661,698012.0,9412.702,44.782051,,,,,,
1783616655.661,698017.0,9411.756,44.784748,,,,,,
1783616655.662,698022.0,9411.654,44.782413,,,,,,
1783616655.663,698027.0,9412.061,44.781261,,,,,,
1783616655.664,698032.0,9412.533,44.779915,,,,,,
1783616655.664,698037.0,9412.365,44.780392,,,,,,
1783616655.665,698042.0,9413.143,44.778175,,,,,,
1783616655.666,698047.0,9413.075,44.778366,,,,,,
1783616655.666,698052.0,9411.994,44.778824,,,,,,
1783616655.667,698057.0,9412.061,44.778645,,,,,,
1783616655.667,698062.0,9412.365,44.777775,,,,,,
1783616655.668,698067.0,9410.979,44.781727,,,,,,
1783616655.669,698072.0,9411.25,44.780949,,,,,,
1783616655.669,698077.0,9412.602,44.777096,,,,,,
1783616655.670,698082.0,9412.905,44.773613,,,,,,
1783616655.671,698087.0,9412.602,44.774483,,,,,,
1783616655.671,698092.0,9413.92,44.773342,,,,,,
1783616655.672,698097.0,9413.412,44.777409,,,,,,
1783616655.673,698102.0,9412.365,44.783012,,,,,,
1783616655.673,698107.0,9412.365,44.785633,,,,,,
1783616655.674,698112.0,9412.533,44.785156,,,,,,
1783616655.675,698117.0,9411.317,44.785999,,,,,,
1783616655.675,698122.0,9411.893,44.784359,,,,,,
1783616655.676,698127.0,9412.567,44.782436,,,,,,
1783616655.676,698132.0,9412.298,44.783203,,,,,,
1783616655.677,698137.0,9412.027,44.783978,,,,,,
1783616655.677,698142.0,9413.514,44.779739,,,,,,
1783616655.678,698147.0,9413.346,44.780216,,,,,,
1783616655.679,698152.0,9412.771,44.779236,,,,,,
1783616655.679,698157.0,9412.872,44.778946,,,,,,
1783616655.680,698162.0,9412.939,44.778755,,,,,,
1783616655.680,698167.0,9411.994,44.784069,,,,,,
1783616655.681,698172.0,9411.689,44.784939,,,,,,
1783616655.821,698177.0,9412.534,44.785152,,,,,,
1783616655.821,698182.0,9411.823,44.787178,,,,,,
1783616655.822,698187.0,9412.162,44.786213,,,,,,
1783616655.823,698192.0,9413.008,44.781181,,,,,,
1783616655.823,698197.0,9412.771,44.779232,,,,,,
1783616655.824,698202.0,9411.352,44.783283,,,,,,
1783616655.825,698207.0,9412.23,44.780777,,,,,,
1783616655.825,698212.0,9411.791,44.782028,,,,,,
1783616655.826,698217.0,9410.709,44.787735,,,,,,
1783616655.826,698222.0,9410.846,44.789967,,,,,,
1783616655.827,698227.0,9411.216,44.78891,,,,,,
1783616655.828,698232.0,9410.878,44.789875,,,,,,
1783616655.829,698237.0,9411.216,44.786289,,,,,,
1783616655.840,698242.0,9412.399,44.780293,,,,,,
1783616655.841,698247.0,9412.838,44.776421,,,,,,
1783616655.842,698252.0,9412.736,44.774094,,,,,,
1783616655.843,698257.0,9412.702,44.771568,,,,,,
1783616655.844,698262.0,9412.669,44.771664,,,,,,
1783616655.845,698267.0,9411.554,44.774845,,,,,,
1783616655.846,698272.0,9411.351,44.775421,,,,,,
1783616655.847,698277.0,9411.452,44.775131,,,,,,
1783616655.847,698282.0,9411.419,44.777851,,,,,,
1783616655.848,698287.0,9411.114,44.781342,,,,,,
1783616655.849,698292.0,9411.893,44.781738,,,,,,
1783616655.850,698297.0,9411.858,44.781837,,,,,,
1783616655.850,698302.0,9411.115,44.783951,,,,,,
1783616655.852,698307.0,9411.655,44.782417,,,,,,
1783616655.853,698312.0,9411.622,44.779892,,,,,,
1783616655.853,698317.0,9410.17,44.78141,,,,,,
1783616655.854,698322.0,9410.744,44.779774,,,,,,
1783616655.855,698327.0,9412.4,44.777676,,,,,,
1783616655.856,698332.0,9412.063,44.776016,,,,,,
1783616655.856,698337.0,9412.162,44.77573,,,,,,
1783616655.857,698342.0,9413.954,44.770622,,,,,,
1783616655.858,698347.0,9413.21,44.775368,,,,,,
1783616656.122,698352.0,9412.365,44.777775,,,,,,
1783616656.123,698357.0,9412.467,44.780102,,,,,,
1783616656.124,698362.0,9412.771,44.781857,,,,,,
1783616656.125,698367.0,9411.724,44.787464,,,,,,
1783616656.126,698372.0,9412.128,44.786308,,,,,,
1783616656.127,698377.0,9412.568,44.785053,,,,,,
1783616656.127,698382.0,9411.791,44.78727,,,,,,
1783616656.128,698387.0,9411.047,44.78677,,,,,,
1783616656.129,698392.0,9412.061,44.781258,,,,,,
1783616656.130,698397.0,9411.757,44.779503,,,,,,
1783616656.130,698402.0,9411.283,44.778236,,,,,,
1783616656.131,698407.0,9411.824,44.774071,,,,,,
1783616656.132,698412.0,9412.365,44.775154,,,,,,
1783616656.132,698417.0,9411.182,44.77853,,,,,,
1783616656.133,698422.0,9411.148,44.778618,,,,,,
1783616656.134,698427.0,9411.588,44.779991,,,,,,
1783616656.135,698432.0,9411.182,44.781151,,,,,,
1783616656.136,698437.0,9411.014,44.779003,,,,,,
1783616656.136,698442.0,9411.791,44.776787,,,,,,
1783616656.137,698447.0,9411.893,44.776497,,,,,,
1783616656.138,698452.0,9411.452,44.777756,,,,,,
1783616656.139,698457.0,9411.757,44.77951,,,,,,
1783616656.139,698462.0,9412.061,44.778645,,,,,,
1783616656.140,698467.0,9411.621,44.779888,,,,,,
1783616656.141,698472.0,9411.756,44.782127,,,,,,
1783616656.142,698477.0,9412.432,44.780201,,,,,,
1783616656.143,698482.0,9412.466,44.777489,,,,,,
1783616656.144,698487.0,9412.331,44.780491,,,,,,
1783616656.145,698492.0,9413.244,44.780506,,,,,,
1783616656.145,698497.0,9413.007,44.781185,,,,,,
1783616656.146,698502.0,9412.534,44.779911,,,,,,
1783616656.147,698507.0,9412.533,44.779911,,,,,,
1783616656.148,698512.0,9412.603,44.779716,,,,,,
1783616656.148,698517.0,9411.283,44.780861,,,,,,
1783616656.149,698522.0,9411.959,44.778934,,,,,,
1783616656.150,698527.0,9412.636,44.777004,,,,,,
1783616656.151,698532.0,9412.602,44.777096,,,,,,
1783616656.152,698537.0,9412.568,44.777195,,,,,,
1783616656.153,698542.0,9413.784,44.776348,,,,,,
1783616656.153,698547.0,9413.378,44.774887,,,,,,
1783616656.154,698552.0,9412.533,44.77729,,,,,,
1783616656.155,698557.0,9412.669,44.776901,,,,,,
1783616656.156,698562.0,9412.838,44.776428,,,,,,
1783616656.157,698567.0,9411.925,44.77903,,,,,,
1783616656.157,698572.0,9411.857,44.779224,,,,,,
1783616656.158,698577.0,9412.77,44.776615,,,,,,
1783616656.159,698582.0,9412.669,44.779526,,,,,,
1783616656.160,698587.0,9412.365,44.780392,,,,,,
1783616656.160,698592.0,9412.804,44.776524,,,,,,
1783616656.161,698597.0,9413.041,44.778465,,,,,,
1783616656.162,698602.0,9412.128,44.783688,,,,,,
1783616656.162,698607.0,9412.229,44.783401,,,,,,
1783616656.163,698612.0,9412.568,44.779812,,,,,,
1783616656.164,698617.0,9412.129,44.783688,,,,,,
1783616656.165,698622.0,9412.128,44.781067,,,,,,
1783616656.165,698627.0,9412.872,44.778946,,,,,,
1783616656.166,698632.0,9412.736,44.776718,,,,,,
1783616656.167,698637.0,9412.703,44.77943,,,,,,
1783616656.167,698642.0,9413.311,44.775082,,,,,,
1783616656.168,698647.0,9413.041,44.775841,,,,,,
1783616656.169,698652.0,9412.602,44.777103,,,,,,
1783616656.170,698657.0,9412.939,44.776138,,,,,,
1783616656.170,698662.0,9412.771,44.776619,,,,,,
1783616656.314,698667.0,9411.824,44.779316,,,,,,
1783616656.315,698672.0,9411.723,44.779598,,,,,,
1783616656.315,698677.0,9412.061,44.77602,,,,,,
1783616656.316,698682.0,9411.823,44.77932,,,,,,
1783616656.317,698687.0,9412.229,44.775543,,,,,,
1783616656.317,698692.0,9413.412,44.774792,,,,,,
1783616656.318,698697.0,9413.547,44.774406,,,,,,
1783616656.319,698702.0,9412.601,44.777096,,,,,,
1783616656.319,698707.0,9412.128,44.775826,,,,,,
1783616656.320,698712.0,9412.095,44.775921,,,,,,
1783616656.321,698717.0,9411.317,44.775517,,,,,,
1783616656.321,698722.0,9410.912,44.776672,,,,,,
1783616656.322,698727.0,9411.857,44.776604,,,,,,
1783616656.323,698732.0,9412.533,44.777298,,,,,,
1783616656.323,698737.0,9412.026,44.781357,,,,,,
1783616656.324,698742.0,9412.467,44.782722,,,,,,
1783616656.324,698747.0,9413.04,44.78109,,,,,,
1783616656.325,698752.0,9412.534,44.779907,,,,,,
1783616656.326,698757.0,9412.061,44.781261,,,,,,
1783616656.326,698762.0,9412.906,44.776234,,,,,,
1783616656.327,698767.0,9412.128,44.77845,,,,,,
1783616656.327,698772.0,9411.825,44.779316,,,,,,
1783616656.328,698777.0,9412.129,44.778442,,,,,,
1783616656.328,698782.0,9412.061,44.77602,,,,,,
1783616656.329,698787.0,9411.148,44.778618,,,,,,
1783616656.329,698792.0,9411.993,44.77359,,,,,,
1783616656.330,698797.0,9412.026,44.773495,,,,,,
1783616656.331,698802.0,9411.724,44.774361,,,,,,
1783616656.332,698807.0,9412.095,44.7733,,,,,,
1783616656.332,698812.0,9412.365,44.77253,,,,,,
1783616656.333,698817.0,9411.925,44.773785,,,,,,
1783616656.333,698822.0,9411.959,44.773689,,,,,,
1783616656.334,698827.0,9412.467,44.774864,,,,,,
1783616656.605,698832.0,9412.771,44.776619,,,,,,
1783616656.606,698837.0,9413.006,44.778564,,,,,,
1783616656.607,698842.0,9413.547,44.779644,,,,,,
1783616656.608,698847.0,9413.783,44.778969,,,,,,
1783616656.609,698852.0,9413.073,44.780994,,,,,,
1783616656.609,698857.0,9412.364,44.783016,,,,,,
1783616656.610,698862.0,9412.264,44.783302,,,,,,
1783616656.611,698867.0,9411.553,44.785328,,,,,,
1783616656.612,698872.0,9411.351,44.788525,,,,,,
1783616656.612,698877.0,9412.533,44.785156,,,,,,
1783616656.613,698882.0,9412.67,44.784763,,,,,,
1783616656.614,698887.0,9412.365,44.785633,,,,,,
1783616656.615,698892.0,9413.108,44.783516,,,,,,
1783616656.615,698897.0,9413.38,44.782742,,,,,,
1783616656.616,698902.0,9412.162,44.783592,,,,,,
1783616656.617,698907.0,9412.398,44.780293,,,,,,
1783616656.618,698912.0,9412.838,44.779045,,,,,,
1783616656.619,698917.0,9411.724,44.782223,,,,,,
1783616656.620,698922.0,9411.588,44.779991,,,,,,
1783616656.620,698927.0,9412.433,44.777576,,,,,,
1783616656.621,698932.0,9412.096,44.778538,,,,,,
1783616656.622,698937.0,9411.689,44.777077,,,,,,
1783616656.623,698942.0,9413.041,44.770603,,,,,,
1783616656.624,698947.0,9413.345,44.772362,,,,,,
1783616656.624,698952.0,9412.299,44.775345,,,,,,
1783616656.625,698957.0,9412.534,44.77467,,,,,,
1783616656.626,698962.0,9412.804,44.773899,,,,,,
1783616656.626,698967.0,9411.554,44.777466,,,,,,
1783616656.627,698972.0,9411.182,44.775906,,,,,,
1783616656.628,698977.0,9412.128,44.773205,,,,,,
1783616656.629,698982.0,9412.162,44.773109,,,,,,
1783616656.630,698987.0,9412.331,44.772629,,,,,,
1783616656.630,698992.0,9413.345,44.772362,,,,,,
1783616656.631,698997.0,9412.838,44.773808,,,,,,
1783616656.632,699002.0,9412.398,44.775055,,,,,,
1783616656.632,699007.0,9412.467,44.77486,,,,,,
1783616656.634,699012.0,9412.027,44.77874,,,,,,
1783616656.634,699017.0,9410.946,44.779198,,,,,,
1783616656.635,699022.0,9411.824,44.776691,,,,,,
1783616656.636,699027.0,9412.501,44.774765,,,,,,
1783616656.637,699032.0,9412.703,44.774189,,,,,,
1783616656.638,699037.0,9412.264,44.77282,,,,,,
1783616656.639,699042.0,9412.805,44.771278,,,,,,
1783616656.639,699047.0,9412.128,44.775829,,,,,,
1783616656.640,699052.0,9411.385,44.780571,,,,,,
1783616656.641,699057.0,9411.283,44.780861,,,,,,
1783616656.642,699062.0,9412.027,44.778732,,,,,,
1783616656.642,699067.0,9411.521,44.780174,,,,,,
1783616656.643,699072.0,9412.026,44.776115,,,,,,
1783616656.644,699077.0,9412.467,44.77224,,,,,,
1783616656.645,699082.0,9412.5,44.772144,,,,,,
1783616656.646,699087.0,9412.026,44.773495,,,,,,
1783616656.646,699092.0,9412.331,44.772629,,,,,,
1783616656.647,699097.0,9412.095,44.7733,,,,,,
1783616656.648,699102.0,9410.946,44.776573,,,,,,
1783616656.649,699107.0,9410.404,44.778122,,,,,,
1783616656.650,699112.0,9410.404,44.778122,,,,,,
1783616656.651,699117.0,9409.831,44.779755,,,,,,
1783616656.651,699122.0,9409.459,44.78344,,,,,,
1783616656.652,699127.0,9410.304,44.781033,,,,,,
1783616656.653,699132.0,9410.169,44.78141,,,,,,
1783616656.654,699137.0,9410.439,44.78064,,,,,,
1783616656.654,699142.0,9411.893,44.776497,,,,,,
1783616656.655,699147.0,9412.467,44.77224,,,,,,
1783616656.786,699152.0,9411.857,44.773979,,,,,,
1783616656.787,699157.0,9412.467,44.774864,,,,,,
1783616656.788,699162.0,9412.297,44.775349,,,,,,
1783616656.789,699167.0,9410.878,44.779392,,,,,,
1783616656.790,699172.0,9410.438,44.780643,,,,,,
1783616656.791,699177.0,9411.25,44.778332,,,,,,
1783616656.791,699182.0,9411.182,44.775906,,,,,,
1783616656.792,699187.0,9411.217,44.778427,,,,,,
1783616656.793,699192.0,9412.5,44.774769,,,,,,
1783616656.794,699197.0,9412.432,44.77496,,,,,,
1783616656.794,699202.0,9411.352,44.778042,,,,,,
1783616656.795,699207.0,9411.317,44.780762,,,,,,
1783616656.796,699212.0,9411.452,44.777756,,,,,,
1783616656.797,699217.0,9410.473,44.783169,,,,,,
1783616656.797,699222.0,9410.439,44.783264,,,,,,
1783616656.798,699227.0,9411.385,44.783188,,,,,,
1783616656.799,699232.0,9411.183,44.783764,,,,,,
1783616656.800,699237.0,9411.048,44.784149,,,,,,
1783616656.800,699242.0,9411.893,44.779114,,,,,,
1783616656.801,699247.0,9411.554,44.780083,,,,,,
1783616656.802,699252.0,9410.879,44.782013,,,,,,
1783616656.803,699257.0,9410.675,44.779972,,,,,,
1783616656.804,699262.0,9410.506,44.780453,,,,,,
1783616656.804,699267.0,9409.662,44.782856,,,,,,
1783616656.805,699272.0,9410.473,44.780544,,,,,,
1783616656.806,699277.0,9411.283,44.77824,,,,,,
1783616656.806,699282.0,9411.08,44.77882,,,,,,
1783616656.807,699287.0,9411.08,44.781441,,,,,,
1783616656.808,699292.0,9412.128,44.77845,,,,,,
1783616656.808,699297.0,9411.689,44.782318,,,,,,
1783616656.809,699302.0,9411.351,44.780666,,,,,,
1783616657.038,699307.0,9411.893,44.781738,,,,,,
1783616657.039,699312.0,9412.061,44.778645,,,,,,
1783616657.040,699317.0,9411.014,44.784245,,,,,,
1783616657.041,699322.0,9411.216,44.781052,,,,,,
1783616657.041,699327.0,9411.283,44.780853,,,,,,
1783616657.042,699332.0,9411.081,44.781437,,,,,,
1783616657.043,699337.0,9411.182,44.781151,,,,,,
1783616657.044,699342.0,9412.162,44.77573,,,,,,
1783616657.045,699347.0,9411.757,44.776886,,,,,,
1783616657.046,699352.0,9411.283,44.780861,,,,,,
1783616657.047,699357.0,9411.588,44.77737,,,,,,
1783616657.047,699362.0,9411.857,44.7766,,,,,,
1783616657.048,699367.0,9410.405,44.783363,,,,,,
1783616657.049,699372.0,9410.979,44.784344,,,,,,
1783616657.049,699377.0,9412.264,44.778065,,,,,,
1783616657.050,699382.0,9412.027,44.778732,,,,,,
1783616657.051,699387.0,9411.724,44.782223,,,,,,
1783616657.052,699392.0,9412.904,44.776237,,,,,,
1783616657.052,699397.0,9412.433,44.777584,,,,,,
1783616657.053,699402.0,9411.182,44.783768,,,,,,
1783616657.054,699407.0,9410.912,44.784534,,,,,,
1783616657.055,699412.0,9410.946,44.784435,,,,,,
1783616657.055,699417.0,9409.696,44.788002,,,,,,
1783616657.056,699422.0,9409.224,44.789349,,,,,,
1783616657.057,699427.0,9409.831,44.787617,,,,,,
1783616657.057,699432.0,9410.372,44.786076,,,,,,
1783616657.058,699437.0,9410.575,44.782871,,,,,,
1783616657.060,699442.0,9411.892,44.779118,,,,,,
1783616657.060,699447.0,9412.567,44.774574,,,,,,
1783616657.061,699452.0,9411.857,44.773979,,,,,,
1783616657.062,699457.0,9411.857,44.773979,,,,,,
1783616657.063,699462.0,9412.028,44.776115,,,,,,
1783616657.063,699467.0,9411.148,44.778622,,,,,,
1783616657.064,699472.0,9411.655,44.777176,,,,,,
1783616657.065,699477.0,9412.33,44.777874,,,,,,
1783616657.065,699482.0,9411.824,44.779316,,,,,,
1783616657.066,699487.0,9411.014,44.779003,,,,,,
1783616657.067,699492.0,9411.993,44.776211,,,,,,
1783616657.068,699497.0,9411.791,44.776787,,,,,,
1783616657.069,699502.0,9411.521,44.777561,,,,,,
1783616657.070,699507.0,9411.621,44.779896,,,,,,
1783616657.070,699512.0,9411.824,44.779316,,,,,,
1783616657.071,699517.0,9410.643,44.782677,,,,,,
1783616657.072,699522.0,9409.933,44.784702,,,,,,
1783616657.072,699527.0,9410.607,44.782787,,,,,,
1783616657.073,699532.0,9410.811,44.779587,,,,,,
1783616657.074,699537.0,9410.608,44.780159,,,,,,
1783616657.075,699542.0,9412.027,44.77874,,,,,,
1783616657.076,699547.0,9412.398,44.777679,,,,,,
1783616657.077,699552.0,9411.419,44.780472,,,,,,
1783616657.077,699557.0,9411.182,44.783768,,,,,,
1783616657.078,699562.0,9411.756,44.784748,,,,,,
1783616657.079,699567.0,9410.506,44.785694,,,,,,
1783616657.080,699572.0,9410.371,44.788696,,,,,,
1783616657.217,699577.0,9410.811,44.784824,,,,,,
1783616657.219,699582.0,9410.642,44.782681,,,,,,
1783616657.220,699587.0,9410.033,44.781799,,,,,,
1783616657.221,699592.0,9411.047,44.778908,,,,,,
1783616657.221,699597.0,9411.148,44.778622,,,,,,
1783616657.222,699602.0,9410.912,44.779297,,,,,,
1783616657.223,699607.0,9411.216,44.778427,,,,,,
1783616657.224,699612.0,9411.588,44.777367,,,,,,
1783616657.224,699617.0,9410.473,44.783169,,,,,,
1783616657.225,699622.0,9410.573,44.782883,,,,,,
1783616657.226,699627.0,9411.114,44.781342,,,,,,
1783616657.226,699632.0,9411.553,44.780083,,,,,,
1783616657.227,699637.0,9411.486,44.780273,,,,,,
1783616657.228,699642.0,9412.771,44.773994,,,,,,
1783616657.229,699647.0,9412.669,44.774288,,,,,,
1783616657.229,699652.0,9411.926,44.776409,,,,,,
1783616657.230,699657.0,9411.453,44.780376,,,,,,
1783616657.231,699662.0,9411.622,44.779892,,,,,,
1783616657.231,699667.0,9410.304,44.783646,,,,,,
1783616657.232,699672.0,9410.473,44.780544,,,,,,
1783616657.233,699677.0,9411.217,44.778423,,,,,,
1783616657.234,699682.0,9411.182,44.775906,,,,,,
1783616657.235,699687.0,9411.047,44.776287,,,,,,
1783616657.237,699692.0,9412.331,44.772629,,,,,,
1783616657.237,699697.0,9411.959,44.773689,,,,,,
1783616657.239,699702.0,9411.352,44.775421,,,,,,
1783616657.239,699707.0,9411.757,44.77689,,,,,,
1783616657.240,699712.0,9412.061,44.778645,,,,,,
1783616657.241,699717.0,9411.081,44.781437,,,,,,
1783616657.242,699722.0,9411.216,44.781044,,,,,,
1783616657.242,699727.0,9411.992,44.778831,,,,,,
1783616657.243,699732.0,9411.521,44.780182,,,,,,
1783616657.471,699737.0,9411.25,44.780956,,,,,,
1783616657.472,699742.0,9412.061,44.781261,,,,,,
1783616657.473,699747.0,9412.533,44.782536,,,,,,
1783616657.473,699752.0,9411.79,44.787273,,,,,,
1783616657.474,699757.0,9412.128,44.786308,,,,,,
1783616657.475,699762.0,9412.398,44.785538,,,,,,
1783616657.476,699767.0,9411.318,44.788616,,,,,,
1783616657.476,699772.0,9411.014,44.789486,,,,,,
1783616657.477,699777.0,9411.622,44.78513,,,,,,
1783616657.478,699782.0,9411.857,44.781837,,,,,,
1783616657.479,699787.0,9411.014,44.78162,,,,,,
1783616657.480,699792.0,9411.654,44.777176,,,,,,
1783616657.480,699797.0,9411.25,44.778336,,,,,,
1783616657.481,699802.0,9410.643,44.782684,,,,,,
1783616657.482,699807.0,9410.607,44.782787,,,,,,
1783616657.482,699812.0,9411.115,44.783955,,,,,,
1783616657.483,699817.0,9410.743,44.787636,,,,,,
1783616657.484,699822.0,9411.014,44.786865,,,,,,
1783616657.485,699827.0,9411.756,44.784748,,,,,,
1783616657.487,699832.0,9411.621,44.785133,,,,,,
1783616657.488,699837.0,9411.554,44.785328,,,,,,
1783616657.489,699842.0,9412.399,44.782917,,,,,,
1783616657.489,699847.0,9412.803,44.781765,,,,,,
1783616657.490,699852.0,9412.433,44.782822,,,,,,
1783616657.491,699857.0,9411.791,44.784649,,,,,,
1783616657.491,699862.0,9412.196,44.783493,,,,,,
1783616657.492,699867.0,9411.115,44.786575,,,,,,
1783616657.493,699872.0,9410.878,44.784634,,,,,,
1783616657.494,699877.0,9411.114,44.781334,,,,,,
1783616657.495,699882.0,9411.385,44.780563,,,,,,
1783616657.495,699887.0,9411.521,44.777557,,,,,,
1783616657.496,699892.0,9412.635,44.771763,,,,,,
1783616657.497,699897.0,9412.331,44.775253,,,,,,
1783616657.497,699902.0,9411.654,44.7798,,,,,,
1783616657.498,699907.0,9411.419,44.780472,,,,,,
1783616657.499,699912.0,9411.724,44.779598,,,,,,
1783616657.500,699917.0,9410.575,44.782871,,,,,,
1783616657.501,699922.0,9411.183,44.778522,,,,,,
1783616657.502,699927.0,9411.555,44.777466,,,,,,
1783616657.503,699932.0,9411.756,44.77689,,,,,,
1783616657.504,699937.0,9411.08,44.778816,,,,,,
1783616657.505,699942.0,9412.466,44.774864,,,,,,
1783616657.505,699947.0,9412.5,44.774765,,,,,,
1783616657.506,699952.0,9412.331,44.775253,,,,,,
1783616657.507,699957.0,9412.974,44.776039,,,,,,
1783616657.507,699962.0,9412.939,44.778755,,,,,,
1783616657.508,699967.0,9411.453,44.785614,,,,,,
1783616657.509,699972.0,9411.115,44.786575,,,,,,
1783616657.510,699977.0,9411.014,44.784241,,,,,,
1783616657.511,699982.0,9410.338,44.783546,,,,,,
1783616657.511,699987.0,9410.776,44.782303,,,,,,
1783616657.512,699992.0,9412.196,44.778255,,,,,,
1783616657.513,699997.0,9412.264,44.778065,,,,,,
1783616657.514,700002.0,9412.027,44.778732,,,,,,
1783616657.515,700007.0,9412.635,44.777,,,,,,
1783616657.657,700012.0,9412.603,44.7771,,,,,,
1783616657.659,700017.0,9411.014,44.779007,,,,,,
1783616657.660,700022.0,9411.318,44.778133,,,,,,
1783616657.660,700027.0,9412.399,44.775055,,,,,,
1783616657.661,700032.0,9412.299,44.775341,,,,,,
1783616657.662,700037.0,9411.893,44.776501,,,,,,
1783616657.663,700042.0,9412.804,44.773903,,,,,,
1783616657.664,700047.0,9412.433,44.77496,,,,,,
1783616657.664,700052.0,9411.419,44.777847,,,,,,
1783616657.665,700057.0,9411.25,44.778332,,,,,,
1783616657.666,700062.0,9411.554,44.77747,,,,,,
1783616657.667,700067.0,9411.148,44.778622,,,,,,
1783616657.667,700072.0,9411.148,44.778618,,,,,,
1783616657.668,700077.0,9411.588,44.779991,,,,,,
1783616657.669,700082.0,9411.791,44.779411,,,,,,
1783616657.670,700087.0,9411.723,44.776981,,,,,,
1783616657.671,700092.0,9413.007,44.773323,,,,,,
1783616657.672,700097.0,9412.804,44.776524,,,,,,
1783616657.672,700102.0,9412.5,44.77739,,,,,,
1783616657.673,700107.0,9412.804,44.776524,,,,,,
1783616657.674,700112.0,9412.736,44.779335,,,,,,
1783616657.675,700117.0,9411.622,44.782509,,,,,,
1783616657.676,700122.0,9411.926,44.779022,,,,,,
1783616657.676,700127.0,9412.196,44.775631,,,,,,
1783616657.677,700132.0,9411.723,44.776981,,,,,,
1783616657.678,700137.0,9411.486,44.775036,,,,,,
1783616657.679,700142.0,9412.229,44.772919,,,,,,
1783616657.679,700147.0,9411.79,44.77417,,,,,,
1783616657.680,700152.0,9411.959,44.776314,,,,,,
1783616657.681,700157.0,9412.061,44.776024,,,,,,
1783616657.682,700162.0,9412.229,44.775539,,,,,,
1783616657.682,700167.0,9411.419,44.780472,,,,,,
1783616657.683,700172.0,9411.452,44.782993,,,,,,
1783616657.905,700177.0,9411.959,44.781551,,,,,,
1783616657.906,700182.0,9411.554,44.782707,,,,,,
1783616657.906,700187.0,9411.791,44.784649,,,,,,
1783616657.907,700192.0,9412.602,44.77972,,,,,,
1783616657.908,700197.0,9413.142,44.775555,,,,,,
1783616657.909,700202.0,9412.331,44.777874,,,,,,
1783616657.910,700207.0,9412.399,44.777679,,,,,,
1783616657.910,700212.0,9411.756,44.776886,,,,,,
1783616657.911,700217.0,9410.946,44.779194,,,,,,
1783616657.912,700222.0,9410.878,44.779392,,,,,,
1783616657.912,700227.0,9411.452,44.775131,,,,,,
1783616657.913,700232.0,9411.588,44.77737,,,,,,
1783616657.914,700237.0,9411.352,44.780666,,,,,,
1783616657.915,700242.0,9412.061,44.778645,,,,,,
1783616657.915,700247.0,9411.521,44.780174,,,,,,
1783616657.916,700252.0,9410.744,44.782391,,,,,,
1783616657.917,700257.0,9411.081,44.778812,,,,,,
1783616657.918,700262.0,9411.486,44.775036,,,,,,
1783616657.919,700267.0,9410.405,44.780743,,,,,,
1783616657.920,700272.0,9410.777,44.782303,,,,,,
1783616657.920,700277.0,9411.959,44.778934,,,,,,
1783616657.921,700282.0,9411.453,44.780369,,,,,,
1783616657.922,700287.0,9410.912,44.78191,,,,,,
1783616657.923,700292.0,9412.096,44.775921,,,,,,
1783616657.923,700297.0,9411.791,44.776791,,,,,,
1783616657.924,700302.0,9410.271,44.781124,,,,,,
1783616657.925,700307.0,9410.169,44.78141,,,,,,
1783616657.926,700312.0,9410.439,44.78064,,,,,,
1783616657.926,700317.0,9409.797,44.782471,,,,,,
1783616657.927,700322.0,9410.067,44.779079,,,,,,
1783616657.928,700327.0,9410.879,44.776768,,,,,,
1783616657.928,700332.0,9411.486,44.775036,,,,,,
1783616657.929,700337.0,9411.723,44.774361,,,,,,
1783616657.930,700342.0,9412.533,44.772053,,,,,,
1783616657.930,700347.0,9412.533,44.772053,,,,,,
1783616657.931,700352.0,9412.195,44.775639,,,,,,
1783616657.932,700357.0,9411.486,44.77766,,,,,,
1783616657.933,700362.0,9411.791,44.776787,,,,,,
1783616657.933,700367.0,9410.607,44.782787,,,,,,
1783616657.934,700372.0,9410.607,44.782787,,,,,,
1783616657.935,700377.0,9411.148,44.778618,,,,,,
1783616657.936,700382.0,9411.352,44.778042,,,,,,
1783616657.937,700387.0,9410.776,44.779678,,,,,,
1783616657.938,700392.0,9411.521,44.774937,,,,,,
1783616657.939,700397.0,9410.945,44.779202,,,,,,
1783616657.939,700402.0,9410.541,44.780354,,,,,,
1783616657.940,700407.0,9410.811,44.779583,,,,,,
1783616657.941,700412.0,9411.183,44.778522,,,,,,
1783616657.942,700417.0,9410.845,44.779484,,,,,,
1783616657.942,700422.0,9411.486,44.77766,,,,,,
1783616657.943,700427.0,9411.486,44.77766,,,,,,
1783616657.944,700432.0,9411.014,44.779003,,,,,,
1783616657.945,700437.0,9410.811,44.782207,,,,,,
1783616658.083,700442.0,9410.709,44.785114,,,,,,
1783616658.084,700447.0,9410.573,44.782883,,,,,,
1783616658.085,700452.0,9409.831,44.784992,,,,,,
1783616658.086,700457.0,9410.102,44.786846,,,,,,
1783616658.087,700462.0,9410.405,44.783363,,,,,,
1783616658.087,700467.0,9410.202,44.781319,,,,,,
1783616658.088,700472.0,9410.506,44.783077,,,,,,
1783616658.089,700477.0,9411.824,44.779316,,,,,,
1783616658.090,700482.0,9411.724,44.776981,,,,,,
1783616658.091,700487.0,9411.723,44.779606,,,,,,
1783616658.091,700492.0,9412.534,44.777294,,,,,,
1783616658.092,700497.0,9412.838,44.776428,,,,,,
1783616658.093,700502.0,9412.196,44.778255,,,,,,
1783616658.093,700507.0,9412.298,44.780582,,,,,,
1783616658.094,700512.0,9412.736,44.779335,,,,,,
1783616658.095,700517.0,9411.857,44.784462,,,,,,
1783616658.096,700522.0,9411.588,44.782608,,,,,,
1783616658.096,700527.0,9412.128,44.781063,,,,,,
1783616658.097,700532.0,9412.432,44.777576,,,,,,
1783616658.098,700537.0,9411.993,44.778835,,,,,,
1783616658.099,700542.0,9412.973,44.776043,,,,,,
1783616658.099,700547.0,9412.804,44.776524,,,,,,
1783616658.100,700552.0,9412.736,44.776711,,,,,,
1783616658.101,700557.0,9412.365,44.777767,,,,,,
1783616658.102,700562.0,9412.229,44.778164,,,,,,
1783616658.103,700567.0,9411.588,44.779991,,,,,,
1783616658.104,700572.0,9412.568,44.777195,,,,,,
1783616658.105,700577.0,9412.467,44.777477,,,,,,
1783616658.106,700582.0,9413.244,44.777885,,,,,,
1783616658.106,700587.0,9413.819,44.773628,,,,,,
1783616658.107,700592.0,9414.799,44.77084,,,,,,
1783616658.108,700597.0,9415.036,44.772778,,,,,,
1783616658.354,700602.0,9414.867,44.775879,,,,,,
1783616658.355,700607.0,9415.373,44.777061,,,,,,
1783616658.356,700612.0,9416.592,44.776207,,,,,,
1783616658.357,700617.0,9416.456,44.776592,,,,,,
1783616658.357,700622.0,9416.795,44.778248,,,,,,
1783616658.358,700627.0,9419.096,44.774307,,,,,,
1783616658.359,700632.0,9419.671,44.772671,,,,,,
1783616658.360,700637.0,9419.807,44.777527,,,,,,
1783616658.360,700642.0,9421.532,44.77523,,,,,,
1783616658.361,700647.0,9421.533,44.775227,,,,,,
1783616658.362,700652.0,9421.159,44.778915,,,,,,
1783616658.362,700657.0,9421.465,44.778042,,,,,,
1783616658.363,700662.0,9422.006,44.77388,,,,,,
1783616658.364,700667.0,9422.007,44.776501,,,,,,
1783616658.365,700672.0,9422.514,44.777676,,,,,,
1783616658.365,700677.0,9423.497,44.774872,,,,,,
1783616658.366,700682.0,9424.141,44.775658,,,,,,
1783616658.367,700687.0,9424.039,44.778572,,,,,,
1783616658.368,700692.0,9424.751,44.776543,,,,,,
1783616658.369,700697.0,9424.581,44.774403,,,,,,
1783616658.370,700702.0,9422.955,44.776417,,,,,,
1783616658.371,700707.0,9421.906,44.774166,,,,,,
1783616658.371,700712.0,9420.721,44.774921,,,,,,
1783616658.372,700717.0,9418.553,44.778481,,,,,,
1783616658.373,700722.0,9418.959,44.777325,,,,,,
1783616658.374,700727.0,9421.026,44.774052,,,,,,
1783616658.374,700732.0,9421.602,44.775032,,,,,,
1783616658.375,700737.0,9422.686,44.774563,,,,,,
1783616658.376,700742.0,9425.089,44.770332,,,,,,
1783616658.376,700747.0,9424.649,44.774212,,,,,,
1783616658.377,700752.0,9422.819,44.779427,,,,,,
1783616658.378,700757.0,9423.701,44.779537,,,,,,
1783616658.379,700762.0,9424.514,44.777222,,,,,,
1783616658.379,700767.0,9422.481,44.783012,,,,,,
1783616658.380,700772.0,9423.192,44.780987,,,,,,
1783616658.381,700777.0,9424.039,44.778572,,,,,,
1783616658.382,700782.0,9422.278,44.783592,,,,,,
1783616658.383,700787.0,9421.16,44.786781,,,,,,
1783616658.384,700792.0,9422.107,44.784081,,,,,,
1783616658.385,700797.0,9420.247,44.789383,,,,,,
1783616658.386,700802.0,9418.858,44.795959,,,,,,
1783616658.387,700807.0,9419.469,44.796844,,,,,,
1783616658.387,700812.0,9419.197,44.800236,,,,,,
1783616658.388,700817.0,9417.572,44.807491,,,,,,
1783616658.389,700822.0,9418.521,44.807411,,,,,,
1783616658.390,700827.0,9419.027,44.805965,,,,,,
1783616658.390,700832.0,9417.641,44.809921,,,,,,
1783616658.391,700837.0,9416.861,44.812141,,,,,,
1783616658.392,700842.0,9417.539,44.810211,,,,,,
1783616658.392,700847.0,9416.286,44.813782,,,,,,
1783616658.393,700852.0,9414.63,44.821129,,,,,,
1783616658.394,700857.0,9414.663,44.818417,,,,,,
1783616658.395,700862.0,9413.515,44.82169,,,,,,
1783616658.396,700867.0,9411.724,44.829422,,,,,,
1783616658.396,700872.0,9411.08,44.83387,,,,,,
1783616658.397,700877.0,9411.486,44.83009,,,,,,
1783616658.398,700882.0,9410.541,44.838032,,,,,,
1783616658.399,700887.0,9410.608,44.840466,,,,,,
1783616658.399,700892.0,9411.283,44.838543,,,,,,
1783616658.543,700897.0,9412.061,44.838951,,,,,,
1783616658.544,700902.0,9412.399,44.843231,,,,,,
1783616658.544,700907.0,9413.548,44.842579,,,,,,
1783616658.545,700912.0,9414.224,44.843277,,,,,,
1783616658.546,700917.0,9414.563,44.847557,,,,,,
1783616658.547,700922.0,9414.934,44.8465,,,,,,
1783616658.547,700927.0,9415.51,44.844856,,,,,,
1783616658.548,700932.0,9415.948,44.84623,,,,,,
1783616658.549,700937.0,9416.455,44.844788,,,,,,
1783616658.550,700942.0,9416.692,44.841484,,,,,,
1783616658.551,700947.0,9416.795,44.843819,,,,,,
1783616658.551,700952.0,9416.151,44.848278,,,,,,
1783616658.552,700957.0,9415.576,44.847294,,,,,,
1783616658.553,700962.0,9415.035,44.848835,,,,,,
1783616658.554,700967.0,9414.393,44.848045,,,,,,
1783616658.555,700972.0,9413.75,44.847252,,,,,,
1783616658.555,700977.0,9413.919,44.844147,,,,,,
1783616658.557,700982.0,9414.054,44.843758,,,,,,
1783616658.558,700987.0,9414.156,44.843472,,,,,,
1783616658.559,700992.0,9415.137,44.843296,,,,,,
1783616658.560,700997.0,9415.272,44.842907,,,,,,
1783616658.560,701002.0,9414.563,44.842312,,,,,,
1783616658.561,701007.0,9413.818,44.844433,,,,,,
1783616658.562,701012.0,9414.291,44.843086,,,,,,
1783616658.562,701017.0,9413.717,44.844719,,,,,,
1783616658.563,701022.0,9413.21,44.843544,,,,,,
1783616658.564,701027.0,9413.751,44.847248,,,,,,
1783616658.565,701032.0,9413.987,44.846577,,,,,,
1783616658.565,701037.0,9413.311,44.845886,,,,,,
1783616658.566,701042.0,9414.461,44.845226,,,,,,
1783616658.567,701047.0,9415.576,44.844673,,,,,,
1783616658.567,701052.0,9415.239,44.843002,,,,,,
1783616658.568,701057.0,9417.167,44.837513,,,,,,
1783616658.821,701062.0,9419.198,44.834343,,,,,,
1783616658.822,701067.0,9418.961,44.832394,,,,,,
1783616658.823,701072.0,9419.841,44.829887,,,,,,
1783616658.824,701077.0,9421.77,44.824387,,,,,,
1783616658.825,701082.0,9420.854,44.824375,,,,,,
1783616658.825,701087.0,9419.129,44.826672,,,,,,
1783616658.826,701092.0,9419.332,44.823467,,,,,,
1783616658.827,701097.0,9417.539,44.823334,,,,,,
1783616658.827,701102.0,9415.982,44.825146,,,,,,
1783616658.828,701107.0,9416.389,44.826611,,,,,,
1783616658.829,701112.0,9417.065,44.82206,,,,,,
1783616658.830,701117.0,9416.186,44.821941,,,,,,
1783616658.830,701122.0,9417.303,44.821377,,,,,,
1783616658.832,701127.0,9418.927,44.816753,0.07111,137.910736,701119.875,15.64425,,
1783616658.833,701249.0,9420.451,44.807156,,,,,,
1783616658.834,701254.0,9422.889,44.800209,,,,,,
1783616658.836,701259.0,9426.516,44.792496,,,,,,
1783616658.836,701264.0,9428.65,44.783783,,,,,,
1783616658.838,701269.0,9429.429,44.778942,,,,,,
1783616658.839,701274.0,9430.447,44.776035,,,,,,
1783616658.839,701279.0,9430.854,44.774879,,,,,,
1783616658.840,701284.0,9430.514,44.773224,,,,,,
1783616658.841,701289.0,9431.974,44.771687,,,,,,
1783616658.842,701294.0,9434.588,44.769482,,,,,,
1783616658.842,701299.0,9435.233,44.770267,,,,,,
1783616658.843,701304.0,9436.15,44.770279,,,,,,
1783616658.844,701309.0,9437.746,44.770973,,,,,,
1783616658.844,701314.0,9437.814,44.773407,,,,,,
1783616658.845,701319.0,9436.727,44.773884,,,,,,
1783616658.846,701324.0,9436.591,44.77689,,,,,,
1783616658.847,701329.0,9436.319,44.777664,,,,,,
1783616658.847,701334.0,9434.96,44.778919,,,,,,
1783616658.848,701339.0,9435.096,44.775906,,,,,,
1783616658.996,701344.0,9435.674,44.771637,,,,,,
1783616658.997,701349.0,9435.164,44.770466,,,,,,
1783616658.998,701354.0,9434.893,44.771236,,,,,,
1783616658.998,701359.0,9436.082,44.765224,,,,,,
1783616658.999,701364.0,9435.538,44.766773,,,,,,
1783616659.000,701369.0,9434.791,44.771526,,,,,,
1783616659.001,701374.0,9435.334,44.769981,,,,,,
1783616659.002,701379.0,9435.81,44.768623,,,,,,
1783616659.002,701384.0,9434.35,44.778034,,,,,,
1783616659.003,701389.0,9435.097,44.77853,,,,,,
1783616659.004,701394.0,9435.979,44.776012,,,,,,
1783616659.005,701399.0,9435.844,44.776398,,,,,,
1783616659.006,701404.0,9436.082,44.778343,,,,,,
1783616659.006,701409.0,9437.882,44.773216,,,,,,
1783616659.007,701414.0,9437.984,44.772919,,,,,,
1783616659.008,701419.0,9439.105,44.774971,,,,,,
1783616659.009,701424.0,9441.146,44.774403,,,,,,
1783616659.009,701429.0,9442.472,44.773247,,,,,,
1783616659.010,701434.0,9443.118,44.776646,,,,,,
1783616659.011,701439.0,9444.58,44.775105,,,,,,
1783616659.012,701444.0,9444.955,44.776661,,,,,,
1783616659.013,701449.0,9445.533,44.777634,,,,,,
1783616659.013,701454.0,9445.84,44.776764,,,,,,
1783616659.014,701459.0,9445.873,44.77404,,,,,,
1783616659.015,701464.0,9444.547,44.7752,,,,,,
1783616659.016,701469.0,9442.338,44.776249,,,,,,
1783616659.016,701474.0,9439.244,44.777203,,,,,,
1783616659.017,701479.0,9436.897,44.781265,,,,,,
1783616659.018,701484.0,9434.893,44.784355,,,,,,
1783616659.019,701489.0,9434.689,44.784931,,,,,,
1783616659.020,701494.0,9435.845,44.781643,,,,,,
1783616659.021,701499.0,9437.236,44.780296,,,,,,
1783616659.021,701504.0,9438.018,44.775448,,,,,,
1783616659.022,701509.0,9438.662,44.770988,,,,,,
1783616659.023,701514.0,9437.745,44.770977,,,,,,
1783616659.238,701519.0,9436.217,44.772713,,,,,,
1783616659.239,701524.0,9435.131,44.773182,,,,,,
1783616659.240,701529.0,9434.043,44.776283,,,,,,
1783616659.241,701534.0,9432.957,44.779381,,,,,,
1783616659.241,701539.0,9433.195,44.778702,,,,,,
1783616659.242,701544.0,9434.52,44.77755,,,,,,
1783616659.243,701549.0,9435.572,44.777176,,,,,,
1783616659.243,701554.0,9437.033,44.775631,,,,,,
1783616659.244,701559.0,9439.208,44.772057,,,,,,
1783616659.244,701564.0,9440.158,44.771965,,,,,,
1783616659.245,701569.0,9439.445,44.773998,,,,,,
1783616659.246,701574.0,9439.241,44.777206,,,,,,
1783616659.247,701579.0,9439.717,44.775848,,,,,,
1783616659.247,701584.0,9438.154,44.780304,,,,,,
1783616659.248,701589.0,9437.779,44.781372,,,,,,
1783616659.249,701594.0,9438.834,44.778366,,,,,,
1783616659.249,701599.0,9438.969,44.775356,,,,,,
1783616659.250,701604.0,9438.459,44.77681,,,,,,
1783616659.251,701609.0,9440.022,44.774979,,,,,,
1783616659.252,701614.0,9440.396,44.773911,,,,,,
1783616659.253,701619.0,9440.533,44.776146,,,,,,
1783616659.253,701624.0,9441.281,44.779259,,,,,,
1783616659.254,701629.0,9442.335,44.781506,,,,,,
1783616659.255,701634.0,9441.485,44.783928,,,,,,
1783616659.255,701639.0,9441.995,44.78772,,,,,,
1783616659.256,701644.0,9442.403,44.786556,,,,,,
1783616659.257,701649.0,9441.588,44.783634,,,,,,
1783616659.257,701654.0,9439.854,44.785957,,,,,,
1783616659.258,701659.0,9440.023,44.782845,,,,,,
1783616659.258,701664.0,9438.223,44.782734,,,,,,
1783616659.259,701669.0,9436.149,44.786018,,,,,,
1783616659.259,701674.0,9436.489,44.787674,,,,,,
1783616659.260,701679.0,9436.421,44.787868,,,,,,
1783616659.261,701684.0,9434.791,44.795139,,,,,,
1783616659.261,701689.0,9434.894,44.800095,,,,,,
1783616659.262,701694.0,9434.724,44.800579,,,,,,
1783616659.262,701699.0,9432.042,44.805599,,,,,,
1783616659.263,701704.0,9430.209,44.810825,,,,,,
1783616659.264,701709.0,9429.599,44.812565,,,,,,
1783616659.264,701714.0,9426.649,44.815727,,,,,,
1783616659.265,701719.0,9424.311,44.825016,,,,,,
1783616659.265,701724.0,9423.701,44.82938,,,,,,
1783616659.266,701729.0,9422.38,44.833145,,,,,,
1783616659.266,701734.0,9419.604,44.843681,,,,,,
1783616659.267,701739.0,9419.841,44.848255,,,,,,
1783616659.268,701744.0,9419.638,44.851456,,,,,,
1783616659.268,701749.0,9418.283,44.860565,,,,,,
1783616659.269,701754.0,9417.471,44.86813,,,,,,
1783616659.270,701759.0,9417.167,44.87162,,,,,,
1783616659.389,701764.0,9415.003,44.880413,,,,,,
1783616659.390,701769.0,9413.041,44.891254,,,,,,
1783616659.390,701774.0,9411.453,44.898407,,,,,,
1783616659.391,701779.0,9409.122,44.907677,,,,,,
1783616659.392,701784.0,9406.793,44.919563,,,,,,
1783616659.392,701789.0,9404.971,44.930008,,,,,,
1783616659.393,701794.0,9403.283,44.937443,,,,,,
1783616659.393,701799.0,9401.697,44.947216,,,,,,
1783616659.394,701804.0,9400.651,44.958076,,,,,,
1783616659.395,701809.0,9399.911,44.965439,,,,,,
1783616659.395,701814.0,9399.943,44.973221,,,,,,
1783616659.396,701819.0,9398.799,44.98436,,,,,,
1783616659.396,701824.0,9397.821,44.992397,,,,,,
1783616659.397,701829.0,9397.35,44.996365,,,,,,
1783616659.397,701834.0,9395.936,45.003025,,,,,,
1783616659.398,701839.0,9393.848,45.006351,,,,,,
1783616659.399,701844.0,9392.535,45.007469,,,,,,
1783616659.399,701849.0,9390.214,45.011459,,,,,,
1783616659.400,701854.0,9387.456,45.016693,,,,,,
1783616659.401,701859.0,9386.078,45.020622,,,,,,
1783616659.403,701864.0,9385.237,45.025646,,,,,,
1783616659.403,701869.0,9384.498,45.027752,,,,,,
1783616659.404,701874.0,9384.868,45.02932,,,,,,
1783616659.405,701879.0,9385.54,45.030033,,,,,,
1783616659.405,701884.0,9385.339,45.027981,,,,,,
1783616659.406,701889.0,9384.264,45.031044,,,,,,
1783616659.407,701894.0,9383.961,45.031906,,,,,,
1783616659.407,701899.0,9383.088,45.031773,,,,,,
1783616659.638,701904.0,9381.745,45.032974,,,,,,
1783616659.638,701909.0,9381.408,45.031311,,,,,,
1783616659.639,701914.0,9381.342,45.026253,,,,,,
1783616659.640,701919.0,9380.133,45.029697,,,,,,
1783616659.641,701924.0,9379.965,45.030174,,,,,,
1783616659.641,701929.0,9381.678,45.027916,,,,,,
1783616659.642,701934.0,9382.316,45.028721,,,,,,
1783616659.643,701939.0,9384.231,45.025887,,,,,,
1783616659.644,701944.0,9387.93,45.015347,,,,,,
1783616659.644,701949.0,9390.484,45.00806,,,,,,
1783616659.645,701954.0,9391.695,45.001984,,,,,,
1783616659.646,701959.0,9395.061,44.992393,,,,,,
1783616659.646,701964.0,9397.115,44.98391,,,,,,
1783616659.647,701969.0,9397.485,44.980232,,,,,,
1783616659.648,701974.0,9399.17,44.97543,,,,,,
1783616659.649,701979.0,9401.698,44.965591,,,,,,
1783616659.649,701984.0,9402.643,44.960278,,,,,,
1783616659.650,701989.0,9405.343,44.955208,,,,,,
1783616659.651,701994.0,9409.091,44.947144,,,,,,
1783616659.652,701999.0,9411.962,44.936333,,,,,,
1783616659.653,702004.0,9414.768,44.930965,,,,,,
1783616659.654,702009.0,9418.689,44.922409,,,,,,
1783616659.655,702014.0,9421.025,44.915745,,,,,,
1783616659.655,702019.0,9423.261,44.909378,,,,,,
1783616659.656,702024.0,9426.141,44.903793,,,,,,
1783616659.657,702029.0,9427.699,44.896725,,,,,,
1783616659.657,702034.0,9427.361,44.892437,,,,,,
1783616659.658,702039.0,9427.971,44.885448,,,,,,
1783616659.788,702044.0,9428.446,44.876213,0.209447,127.198486,702019.062,46.078266,,
1783616659.789,702166.0,9431.538,44.854275,,,,,,
1783616659.790,702171.0,9435.583,44.832241,,,,,,
1783616659.791,702176.0,9441.973,44.808777,,,,,,
1783616659.791,702181.0,9446.834,44.789673,,,,,,
1783616659.792,702186.0,9451.255,44.777069,,,,,,
1783616659.793,702191.0,9453.096,44.779694,,,,,,
1783616659.794,702196.0,9454.868,44.782516,,,,,,
1783616659.795,702201.0,9455.005,44.787376,,,,,,
1783616659.796,702206.0,9456.813,44.787468,,,,,,
1783616659.796,702211.0,9458.485,44.785332,,,,,,
1783616659.797,702216.0,9458.895,44.784164,,,,,,
1783616659.798,702221.0,9458.963,44.781345,,,,,,
1783616659.799,702226.0,9458.963,44.776096,,,,,,
1783616659.799,702231.0,9457.188,44.775902,,,,,,
1783616659.800,702236.0,9455.653,44.777653,,,,,,
1783616659.801,702241.0,9455.619,44.775127,,,,,,
1783616659.802,702246.0,9455.381,44.775806,,,,,,
1783616659.803,702251.0,9455.209,44.778919,,,,,,
1783616659.804,702256.0,9457.018,44.779007,,,,,,
1783616659.805,702261.0,9458.689,44.776871,,,,,,
1783616659.805,702266.0,9458.689,44.776871,,,,,,
1783616659.806,702271.0,9458.758,44.776676,,,,,,
1783616659.807,702276.0,9459.475,44.772007,,,,,,
1783616659.808,702281.0,9457.564,44.769581,,,,,,
1783616659.808,702286.0,9455.346,44.770657,,,,,,
1783616659.809,702291.0,9453.778,44.772499,,,,,,
1783616659.810,702296.0,9451.869,44.772694,,,,,,
1783616659.811,702301.0,9449.244,44.777554,,,,,,
1783616660.070,702306.0,9448.529,44.779591,,,,,,
1783616660.071,702311.0,9449.006,44.778233,,,,,,
1783616660.072,702316.0,9449.074,44.778038,,,,,,
1783616660.074,702321.0,9450.301,44.777164,,,,,,
1783616660.075,702326.0,9451.868,44.775322,,,,,,
1783616660.076,702331.0,9452.346,44.776585,,,,,,
1783616660.077,702336.0,9451.902,44.777847,,,,,,
1783616660.078,702341.0,9452.38,44.773861,,,,,,
1783616660.079,702346.0,9452.311,44.774059,,,,,,
1783616660.079,702351.0,9451.868,44.775322,,,,,,
1783616660.080,702356.0,9452.481,44.773571,,,,,,
1783616660.081,702361.0,9454.119,44.771526,,,,,,
1783616660.082,702366.0,9455.209,44.776295,,,,,,
1783616660.083,702371.0,9456.541,44.775124,,,,,,
1783616660.083,702376.0,9457.938,44.773762,,,,,,
1783616660.084,702381.0,9459.305,44.772491,,,,,,
1783616660.085,702386.0,9459.338,44.7724,,,,,,
1783616660.086,702391.0,9459.747,44.771229,,,,,,
1783616660.087,702396.0,9460.498,44.771717,,,,,,
1783616660.087,702401.0,9461.386,44.774433,,,,,,
1783616660.088,702406.0,9462.138,44.774918,,,,,,
1783616660.089,702411.0,9463.334,44.774132,,,,,,
1783616660.090,702416.0,9463.572,44.770828,,,,,,
1783616660.090,702421.0,9461.662,44.773647,,,,,,
1783616660.091,702426.0,9460.433,44.769276,,,,,,
1783616660.092,702431.0,9458.69,44.771618,,,,,,
1783616660.093,702436.0,9456.506,44.772598,,,,,,
1783616660.094,702441.0,9455.277,44.7761,,,,,,
1783616660.094,702446.0,9456.607,44.772308,,,,,,
1783616660.095,702451.0,9456.573,44.775032,,,,,,
1783616660.096,702456.0,9456.983,44.773861,,,,,,
1783616660.097,702461.0,9458.041,44.776093,,,,,,
1783616660.097,702466.0,9458.381,44.775124,,,,,,
1783616660.098,702471.0,9457.393,44.775318,,,,,,
1783616660.099,702476.0,9457.528,44.772308,,,,,,
1783616660.100,702481.0,9456.643,44.772209,,,,,,
1783616660.100,702486.0,9454.323,44.770947,,,,,,
1783616660.101,702491.0,9453.096,44.77182,,,,,,
1783616660.102,702496.0,9452.652,44.773087,,,,,,
1783616660.103,702501.0,9451.732,44.775707,,,,,,
1783616660.104,702506.0,9451.834,44.778042,,,,,,
1783616660.104,702511.0,9454.084,44.776878,,,,,,
1783616660.105,702516.0,9455.107,44.776585,,,,,,
1783616660.106,702521.0,9455.447,44.775616,,,,,,
1783616660.107,702526.0,9456.71,44.774635,,,,,,
1783616660.108,702531.0,9457.052,44.773663,,,,,,
1783616660.108,702536.0,9455.687,44.777557,,,,,,
1783616660.109,702541.0,9455.994,44.779305,,,,,,
1783616660.110,702546.0,9456.848,44.78212,,,,,,
1783616660.111,702551.0,9456.608,44.788052,,,,,,
1783616660.111,702556.0,9457.428,44.788345,,,,,,
1783616660.112,702561.0,9458.759,44.789803,,,,,,
1783616660.113,702566.0,9458.758,44.792431,,,,,,
1783616660.114,702571.0,9459.031,44.794277,,,,,,
1783616660.114,702576.0,9460.226,44.793499,,,,,,
1783616660.115,702581.0,9459.611,44.800499,,,,,,
1783616660.116,702586.0,9459.577,44.803223,,,,,,
1783616660.117,702591.0,9460.362,44.806236,,,,,,
1783616660.118,702596.0,9459.885,44.810223,,,,,,
1783616660.118,702601.0,9458.109,44.817909,,,,,,
1783616660.119,702606.0,9457.7,44.821697,,,,,,
1783616660.120,702611.0,9455.961,44.826656,,,,,,
1783616660.243,702616.0,9452.756,44.833168,,,,,,
1783616660.244,702621.0,9449.791,44.841621,,,,,,
1783616660.245,702626.0,9447.34,44.845985,,,,,,
1783616660.245,702631.0,9443.323,44.857433,,,,,,
1783616660.246,702636.0,9440.636,44.870354,,,,,,
1783616660.247,702641.0,9438.359,44.882099,,,,,,
1783616660.248,702646.0,9435.472,44.898209,,,,,,
1783616660.249,702651.0,9431.703,44.916828,,,,,,
1783616660.250,702656.0,9429.229,44.92651,,,,,,
1783616660.251,702661.0,9425.06,44.938396,,,,,,
1783616660.252,702666.0,9420.184,44.954922,,,,,,
1783616660.253,702671.0,9415.379,44.965992,,,,,,
1783616660.254,702676.0,9410.447,44.977425,,,,,,
1783616660.255,702681.0,9403.864,44.998821,,,,,,
1783616660.256,702686.0,9398.436,45.019543,,,,,,
1783616660.256,702691.0,9394.053,45.034668,,,,,,
1783616660.257,702696.0,9389.544,45.055405,,,,,,
1783616660.258,702701.0,9385.272,45.075466,,,,,,
1783616660.259,702706.0,9382.653,45.090813,,,,,,
1783616660.259,702711.0,9379.464,45.105164,,,,,,
1783616660.260,702716.0,9375.739,45.123661,,,,,,
1783616660.261,702721.0,9372.355,45.141197,,,,,,
1783616660.261,702726.0,9369.44,45.157394,,,,,,
1783616660.262,702731.0,9365.892,45.172768,,,,,,
1783616660.263,702736.0,9362.246,45.188416,,,,,,
1783616660.264,702741.0,9359.304,45.202065,,,,,,
1783616660.264,702746.0,9356.898,45.214184,,,,,,
1783616660.265,702751.0,9354.261,45.229588,,,,,,
1783616660.266,702756.0,9352.491,45.242519,,,,,,
1783616660.488,702761.0,9352.457,45.253139,,,,,,
1783616660.489,702766.0,9351.957,45.262455,,,,,,
1783616660.490,702771.0,9351.557,45.26886,,,,,,
1783616660.491,702776.0,9352.758,45.270702,,,,,,
1783616660.492,702781.0,9353.593,45.276215,,,,,,
1783616660.493,702786.0,9352.391,45.282272,,,,,,
1783616660.494,702791.0,9352.358,45.284988,,,,,,
1783616660.495,702796.0,9351.591,45.289806,,,,,,
1783616660.496,702801.0,9349.224,45.293926,,,,,,
1783616660.497,702806.0,9347.19,45.291824,,,,,,
1783616660.498,702811.0,9347.155,45.286667,,,,,,
1783616660.499,702816.0,9345.988,45.284733,,,,,,
1783616660.500,702821.0,9346.422,45.280869,,,,,,
1783616660.501,702826.0,9349.124,45.275795,,,,,,
1783616660.502,702831.0,9351.96,45.27034,,,,,,
1783616660.503,702836.0,9354.263,45.266411,,,,,,
1783616660.504,702841.0,9357.867,45.256134,,,,,,
1783616660.504,702846.0,9360.607,45.245686,,,,,,
1783616660.505,702851.0,9361.644,45.234844,,,,,,
1783616660.506,702856.0,9362.813,45.223621,,,,,,
1783616660.507,702861.0,9364.418,45.208519,,,,,,
1783616660.507,702866.0,9365.02,45.198917,,,,,,
1783616660.508,702871.0,9366.092,45.185341,,,,,,
1783616660.509,702876.0,9368.67,45.170105,,,,,,
1783616660.509,702881.0,9370.712,45.159031,,,,,,
1783616660.510,702886.0,9372.623,45.148323,,,,,,
1783616660.511,702891.0,9376.042,45.13332,,,,,,
1783616660.512,702896.0,9379.834,45.117249,,,,,,
1783616660.512,702901.0,9382.016,45.105774,,,,,,
1783616660.513,702906.0,9386.418,45.087967,,,,,,
1783616660.514,702911.0,9391.665,45.067753,,,,,,
1783616660.515,702916.0,9395.537,45.051456,,,,,,
1783616660.515,702921.0,9400.053,45.035957,,,,,,
1783616660.516,702926.0,9406.055,45.01622,,,,,,
1783616660.517,702931.0,9410.917,44.999729,,,,,,
1783616660.518,702936.0,9415.244,44.987392,,,,,,
1783616660.518,702941.0,9420.656,44.971966,,,,,,
1783616660.519,702946.0,9425.364,44.958546,,,,,,
1783616660.652,702951.0,9429.297,44.949966,0.393372,125.919647,702928.375,86.541786,,
1783616660.653,703073.0,9438.175,44.911526,,,,,,
1783616660.654,703078.0,9446.616,44.874321,,,,,,
1783616660.655,703083.0,9453.869,44.840511,,,,,,
1783616660.655,703088.0,9459.796,44.81311,,,,,,
1783616660.656,703093.0,9466.409,44.78112,,,,,,
1783616660.657,703098.0,9467.058,44.779274,,,,,,
1783616660.657,703103.0,9466.99,44.782093,,,,,,
1783616660.658,703108.0,9468.393,44.78072,,,,,,
1783616660.658,703113.0,9469.966,44.778854,,,,,,
1783616660.659,703118.0,9470.924,44.778751,,,,,,
1783616660.660,703123.0,9472.875,44.778439,,,,,,
1783616660.660,703128.0,9475.032,44.774914,,,,,,
1783616660.661,703133.0,9476.128,44.77705,,,,,,
1783616660.661,703138.0,9478.322,44.773426,,,,,,
1783616660.662,703143.0,9480.824,44.771545,,,,,,
1783616660.663,703148.0,9481.922,44.771046,,,,,,
1783616660.663,703153.0,9483.362,44.77219,,,,,,
1783616660.904,703158.0,9484.631,44.768578,,,,,,
1783616660.905,703163.0,9485.146,44.769733,,,,,,
1783616660.906,703168.0,9484.631,44.771202,,,,,,
1783616660.907,703173.0,9484.974,44.772846,,,,,,
1783616660.907,703178.0,9484.562,44.7714,,,,,,
1783616660.908,703183.0,9483.43,44.774628,,,,,,
1783616660.909,703188.0,9482.264,44.775322,,,,,,
1783616660.910,703193.0,9481.578,44.772018,,,,,,
1783616660.911,703198.0,9480.068,44.771072,,,,,,
1783616660.912,703203.0,9479.623,44.772339,,,,,,
1783616660.912,703208.0,9479.932,44.771461,,,,,,
1783616660.913,703213.0,9480.206,44.773308,,,,,,
1783616660.914,703218.0,9480.343,44.778172,,,,,,
1783616660.915,703223.0,9481.235,44.778255,,,,,,
1783616660.916,703228.0,9481.338,44.777966,,,,,,
1783616660.918,703233.0,9480.96,44.779037,,,,,,
1783616660.919,703238.0,9480.412,44.775345,,,,,,
1783616660.921,703243.0,9480.24,44.77058,,,,,,
1783616660.922,703248.0,9479.041,44.77137,,,,,,
1783616660.923,703253.0,9477.842,44.772163,,,,,,
1783616660.924,703258.0,9476.402,44.771011,,,,,,
1783616660.925,703263.0,9475.408,44.771221,,,,,,
1783616660.925,703268.0,9473.833,44.773083,,,,,,
1783616660.926,703273.0,9473.147,44.772415,,,,,,
1783616660.927,703278.0,9472.874,44.770569,,,,,,
1783616660.928,703283.0,9472.155,44.772617,,,,,,
1783616660.928,703288.0,9471.539,44.774376,,,,,,
1783616660.929,703293.0,9471.128,44.772923,,,,,,
1783616660.930,703298.0,9470.239,44.775455,,,,,,
1783616660.931,703303.0,9468.87,44.779358,,,,,,
1783616660.931,703308.0,9468.495,44.777798,,,,,,
1783616660.932,703313.0,9468.016,44.776546,,,,,,
1783616660.933,703318.0,9466.443,44.781025,,,,,,
1783616660.933,703323.0,9465.451,44.778603,,,,,,
1783616660.935,703328.0,9464.974,44.774708,,,,,,
1783616660.936,703333.0,9463.369,44.776657,,,,,,
1783616660.937,703338.0,9462.548,44.776375,,,,,,
1783616660.937,703343.0,9462.309,44.774433,,,,,,
1783616660.938,703348.0,9461.522,44.776672,,,,,,
1783616660.939,703353.0,9459.44,44.779984,,,,,,
1783616660.939,703358.0,9459.236,44.777935,,,,,,
1783616660.940,703363.0,9457.905,44.779106,,,,,,
1783616660.941,703368.0,9456.539,44.780376,,,,,,
1783616660.941,703373.0,9455.619,44.777748,,,,,,
1783616660.942,703378.0,9456.232,44.775997,,,,,,
1783616660.943,703383.0,9455.209,44.778915,,,,,,
1783616660.943,703388.0,9455.175,44.779018,,,,,,
1783616660.944,703393.0,9455.482,44.775517,,,,,,
1783616660.945,703398.0,9455.687,44.777554,,,,,,
1783616660.945,703403.0,9455.107,44.779205,,,,,,
1783616660.946,703408.0,9455.755,44.777363,,,,,,
1783616660.946,703413.0,9455.482,44.778141,,,,,,
1783616660.947,703418.0,9455.004,44.782124,,,,,,
1783616660.948,703423.0,9454.971,44.779594,,,,,,
1783616660.948,703428.0,9455.517,44.775414,,,,,,
1783616660.949,703433.0,9454.971,44.776974,,,,,,
1783616660.949,703438.0,9454.731,44.775032,,,,,,
1783616660.951,703443.0,9454.834,44.774738,,,,,,
1783616661.075,703448.0,9454.356,44.778725,,,,,,
1783616661.076,703453.0,9453.64,44.783394,,,,,,
1783616661.077,703458.0,9454.015,44.782326,,,,,,
1783616661.077,703463.0,9454.014,44.784946,,,,,,
1783616661.078,703468.0,9453.572,44.783581,,,,,,
1783616661.079,703473.0,9453.605,44.780861,,,,,,
1783616661.079,703478.0,9453.572,44.778336,,,,,,
1783616661.080,703483.0,9453.129,44.779598,,,,,,
1783616661.081,703488.0,9453.231,44.776684,,,,,,
1783616661.081,703493.0,9454.117,44.774158,,,,,,
1783616661.082,703498.0,9454.083,44.774254,,,,,,
1783616661.082,703503.0,9454.084,44.774254,,,,,,
1783616661.083,703508.0,9454.391,44.77338,,,,,,
1783616661.083,703513.0,9454.356,44.7761,,,,,,
1783616661.084,703518.0,9453.469,44.778633,,,,,,
1783616661.085,703523.0,9453.162,44.782131,,,,,,
1783616661.086,703528.0,9453.641,44.783386,,,,,,
1783616661.086,703533.0,9453.641,44.78339,,,,,,
1783616661.087,703538.0,9453.709,44.780571,,,,,,
1783616661.088,703543.0,9454.834,44.777359,,,,,,
1783616661.088,703548.0,9455.312,44.776001,,,,,,
1783616661.089,703553.0,9454.596,44.778042,,,,,,
1783616661.089,703558.0,9454.084,44.776878,,,,,,
1783616661.090,703563.0,9454.255,44.77639,,,,,,
1783616661.090,703568.0,9452.754,44.783295,,,,,,
1783616661.091,703573.0,9452.516,44.783974,,,,,,
1783616661.092,703578.0,9452.924,44.780186,,,,,,
1783616661.093,703583.0,9453.505,44.781155,,,,,,
1783616661.337,703588.0,9453.128,44.782227,,,,,,
1783616661.338,703593.0,9454.526,44.775616,,,,,,
1783616661.338,703598.0,9455.004,44.774254,,,,,,
1783616661.339,703603.0,9454.561,44.778145,,,,,,
1783616661.340,703608.0,9454.151,44.776684,,,,,,
1783616661.341,703613.0,9453.88,44.777458,,,,,,
1783616661.342,703618.0,9452.481,44.781445,,,,,,
1783616661.342,703623.0,9452.141,44.782417,,,,,,
1783616661.343,703628.0,9452.721,44.778141,,,,,,
1783616661.344,703633.0,9452.856,44.780376,,,,,,
1783616661.344,703638.0,9453.471,44.778625,,,,,,
1783616661.345,703643.0,9454.459,44.77581,,,,,,
1783616661.346,703648.0,9454.424,44.773285,,,,,,
1783616661.347,703653.0,9453.572,44.778336,,,,,,
1783616661.347,703658.0,9453.641,44.775517,,,,,,
1783616661.348,703663.0,9453.061,44.777172,,,,,,
1783616661.349,703668.0,9452.174,44.782322,,,,,,
1783616661.350,703673.0,9452.037,44.785336,,,,,,
1783616661.351,703678.0,9453.266,44.779209,,,,,,
1783616661.352,703683.0,9453.163,44.779503,,,,,,
1783616661.353,703688.0,9452.891,44.782906,,,,,,
1783616661.354,703693.0,9453.471,44.78125,,,,,,
1783616661.354,703698.0,9453.368,44.778919,,,,,,
1783616661.355,703703.0,9451.97,44.78553,,,,,,
1783616661.356,703708.0,9452.106,44.787762,,,,,,
1783616661.357,703713.0,9452.346,44.784458,,,,,,
1783616661.357,703718.0,9451.187,44.785137,,,,,,
1783616661.358,703723.0,9451.391,44.784554,,,,,,
1783616661.359,703728.0,9452.276,44.779408,,,,,,
1783616661.359,703733.0,9452.208,44.776978,,,,,,
1783616661.360,703738.0,9452.515,44.776104,,,,,,
1783616661.361,703743.0,9453.947,44.774643,,,,,,
1783616661.362,703748.0,9454.084,44.774254,,,,,,
1783616661.362,703753.0,9453.912,44.777367,,,,,,
1783616661.363,703758.0,9454.287,44.776299,,,,,,
1783616661.364,703763.0,9454.049,44.779602,,,,,,
1783616661.364,703768.0,9453.538,44.778435,,,,,,
1783616661.365,703773.0,9453.471,44.778625,,,,,,
1783616661.366,703778.0,9453.163,44.776878,,,,,,
1783616661.367,703783.0,9452.618,44.781055,,,,,,
1783616661.368,703788.0,9452.412,44.781643,,,,,,
1783616661.368,703793.0,9453.096,44.779694,,,,,,
1783616661.369,703798.0,9453.13,44.782223,,,,,,
1783616661.370,703803.0,9452.992,44.785236,,,,,,
1783616661.370,703808.0,9452.959,44.785332,,,,,,
1783616661.371,703813.0,9452.788,44.783195,,,,,,
1783616661.372,703818.0,9451.528,44.78941,,,,,,
1783616661.373,703823.0,9451.903,44.785717,,,,,,
1783616661.373,703828.0,9452.277,44.784653,,,,,,
1783616661.374,703833.0,9452.312,44.784554,,,,,,
1783616661.375,703838.0,9452.721,44.78339,,,,,,
1783616661.376,703843.0,9453.913,44.777363,,,,,,
1783616661.376,703848.0,9453.674,44.78067,,,,,,
1783616661.377,703853.0,9453.436,44.781349,,,,,,
1783616661.378,703858.0,9453.879,44.777462,,,,,,
1783616661.378,703863.0,9454.288,44.776295,,,,,,
1783616661.379,703868.0,9453.231,44.779308,,,,,,
1783616661.532,703873.0,9453.197,44.776779,,,,,,
1783616661.533,703878.0,9453.505,44.775906,,,,,,
1783616661.534,703883.0,9452.856,44.777752,,,,,,
1783616661.535,703888.0,9452.721,44.778141,,,,,,
1783616661.536,703893.0,9453.641,44.775517,,,,,,
1783616661.536,703898.0,9452.891,44.777657,,,,,,
1783616661.537,703903.0,9452.788,44.775322,,,,,,
1783616661.538,703908.0,9453.3,44.773865,,,,,,
1783616661.539,703913.0,9453.265,44.776588,,,,,,
1783616661.540,703918.0,9452.447,44.778919,,,,,,
1783616661.540,703923.0,9452.856,44.777752,,,,,,
1783616661.541,703928.0,9453.47,44.776005,,,,,,
1783616661.542,703933.0,9453.026,44.777267,,,,,,
1783616661.543,703938.0,9452.959,44.774834,,,,,,
1783616661.543,703943.0,9454.049,44.771729,,,,,,
1783616661.544,703948.0,9454.22,44.773865,,,,,,
1783616661.545,703953.0,9453.231,44.776684,,,,,,
1783616661.546,703958.0,9453.436,44.778725,,,,,,
1783616661.547,703963.0,9453.061,44.779797,,,,,,
1783616661.548,703968.0,9451.766,44.783485,,,,,,
1783616661.548,703973.0,9451.663,44.783779,,,,,,
1783616661.549,703978.0,9452.618,44.781055,,,,,,
1783616661.550,703983.0,9452.651,44.778336,,,,,,
1783616661.551,703988.0,9452.891,44.780281,,,,,,
1783616661.551,703993.0,9453.981,44.779793,,,,,,
1783616661.552,703998.0,9454.288,44.776295,,,,,,
1783616661.553,704003.0,9453.504,44.77853,,,,,,
1783616661.553,704008.0,9453.709,44.780571,,,,,,
1783616661.554,704013.0,9453.47,44.778629,,,,,,
1783616661.555,704018.0,9452.516,44.781349,,,,,,
1783616661.556,704023.0,9452.447,44.781544,,,,,,
1783616661.556,704028.0,9452.855,44.783005,,,,,,
1783616661.557,704033.0,9452.787,44.780575,,,,,,
1783616661.558,704038.0,9453.163,44.782127,,,,,,
1783616661.558,704043.0,9454.357,44.776096,,,,,,
1783616661.559,704048.0,9454.425,44.775906,,,,,,
1783616661.786,704053.0,9454.118,44.776779,,,,,,
1783616661.787,704058.0,9454.084,44.776878,,,,,,
1783616661.788,704063.0,9454.322,44.773575,,,,,,
1783616661.789,704068.0,9453.266,44.776585,,,,,,
1783616661.790,704073.0,9452.924,44.777561,,,,,,
1783616661.790,704078.0,9453.128,44.776978,,,,,,
1783616661.791,704083.0,9453.027,44.777264,,,,,,
1783616661.792,704088.0,9452.787,44.77795,,,,,,
1783616661.793,704093.0,9454.016,44.777073,,,,,,
1783616661.793,704098.0,9454.016,44.777073,,,,,,
1783616661.794,704103.0,9454.015,44.774452,,,,,,
1783616661.795,704108.0,9454.289,44.773666,,,,,,
1783616661.795,704113.0,9454.05,44.774349,,,,,,
1783616661.796,704118.0,9452.721,44.778141,,,,,,
1783616661.797,704123.0,9452.787,44.77795,,,,,,
1783616661.798,704128.0,9453.162,44.776882,,,,,,
1783616661.799,704133.0,9453.231,44.776684,,,,,,
1783616661.801,704138.0,9453.096,44.779694,,,,,,
1783616661.802,704143.0,9454.221,44.773865,,,,,,
1783616661.803,704148.0,9453.981,44.774544,,,,,,
1783616661.803,704153.0,9453.3,44.779114,,,,,,
1783616661.804,704158.0,9453.13,44.779598,,,,,,
1783616661.805,704163.0,9453.538,44.778435,,,,,,
1783616661.805,704168.0,9452.412,44.781643,,,,,,
1783616661.806,704173.0,9452.754,44.783295,,,,,,
1783616661.807,704178.0,9453.266,44.779209,,,,,,
1783616661.808,704183.0,9453.436,44.781349,,,,,,
1783616661.808,704188.0,9453.333,44.779018,,,,,,
1783616661.809,704193.0,9454.459,44.77581,,,,,,
1783616661.810,704198.0,9454.936,44.771824,,,,,,
1783616661.810,704203.0,9454.63,44.775322,,,,,,
1783616661.811,704208.0,9454.596,44.772793,,,,,,
1783616661.812,704213.0,9454.697,44.772503,,,,,,
1783616661.812,704218.0,9453.538,44.77581,,,,,,
1783616661.813,704223.0,9453.026,44.777267,,,,,,
1783616661.814,704228.0,9453.265,44.773964,,,,,,
1783616661.815,704233.0,9453.095,44.777073,,,,,,
1783616661.816,704238.0,9452.754,44.78067,,,,,,
1783616661.817,704243.0,9453.947,44.777267,,,,,,
1783616661.818,704248.0,9453.811,44.777657,,,,,,
1783616661.818,704253.0,9453.436,44.781349,,,,,,
1783616661.819,704258.0,9452.822,44.7831,,,,,,
1783616661.820,704263.0,9453.471,44.778625,,,,,,
1783616661.820,704268.0,9451.902,44.785721,,,,,,
1783616661.821,704273.0,9451.971,44.785526,,,,,,
1783616661.822,704278.0,9452.276,44.782032,,,,,,
1783616661.822,704283.0,9452.448,44.778915,,,,,,
1783616661.823,704288.0,9451.731,44.78096,,,,,,
1783616661.824,704293.0,9453.231,44.774059,,,,,,
1783616661.824,704298.0,9453.163,44.776878,,,,,,
1783616661.825,704303.0,9453.027,44.779888,,,,,,
1783616661.826,704308.0,9453.537,44.778435,,,,,,
1783616661.826,704313.0,9453.572,44.78096,,,,,,
1783616661.827,704318.0,9452.242,44.784752,,,,,,
1783616661.969,704323.0,9452.686,44.780865,,,,,,
1783616661.970,704328.0,9453.026,44.779892,,,,,,
1783616661.970,704333.0,9452.788,44.780571,,,,,,
1783616661.971,704338.0,9453.163,44.776878,,,,,,
1783616661.972,704343.0,9454.288,44.77367,,,,,,
1783616661.972,704348.0,9454.151,44.774059,,,,,,
1783616661.973,704353.0,9453.538,44.773186,,,,,,
1783616661.974,704358.0,9454.084,44.774254,,,,,,
1783616661.975,704363.0,9453.98,44.774548,,,,,,
1783616661.975,704368.0,9452.107,44.782513,,,,,,
1783616661.976,704373.0,9451.937,44.783001,,,,,,
1783616661.977,704378.0,9452.893,44.782898,,,,,,
1783616661.978,704383.0,9452.38,44.781734,,,,,,
1783616661.978,704388.0,9452.244,44.784748,,,,,,
1783616661.979,704393.0,9454.425,44.775906,,,,,,
1783616661.980,704398.0,9454.117,44.776783,,,,,,
1783616661.981,704403.0,9452.993,44.777363,,,,,,
1783616661.981,704408.0,9452.959,44.777458,,,,,,
1783616661.982,704413.0,9452.651,44.778336,,,,,,
1783616661.983,704418.0,9451.526,44.784168,,,,,,
1783616661.985,704423.0,9451.901,44.7831,,,,,,
1783616661.985,704428.0,9452.55,44.78125,,,,,,
1783616661.986,704433.0,9452.515,44.783978,,,,,,
1783616661.987,704438.0,9452.891,44.780281,,,,,,
1783616661.988,704443.0,9454.016,44.774448,,,,,,
1783616661.989,704448.0,9453.504,44.775906,,,,,,
1783616661.990,704453.0,9452.891,44.777657,,,,,,
1783616661.990,704458.0,9453.129,44.776974,,,,,,
1783616661.991,704463.0,9453.231,44.776684,,,,,,
1783616661.992,704468.0,9452.345,44.781834,,,,,,
1783616661.992,704473.0,9452.891,44.780281,,,,,,
1783616661.993,704478.0,9453.981,44.779793,,,,,,
1783616661.994,704483.0,9454.049,44.776978,,,,,,
1783616662.253,704488.0,9453.402,44.781445,,,,,,
1783616662.254,704493.0,9454.221,44.779114,,,,,,
1783616662.255,704498.0,9454.119,44.7794,,,,,,
1783616662.256,704503.0,9453.436,44.781349,,,,,,
1783616662.257,704508.0,9453.471,44.78125,,,,,,
1783616662.257,704513.0,9454.391,44.776005,,,,,,
1783616662.258,704518.0,9453.026,44.779892,,,,,,
1783616662.259,704523.0,9452.822,44.780476,,,,,,
1783616662.260,704528.0,9453.266,44.779209,,,,,,
1783616662.261,704533.0,9453.13,44.782223,,,,,,
1783616662.261,704538.0,9452.652,44.786209,,,,,,
1783616662.262,704543.0,9454.255,44.779015,,,,,,
1783616662.263,704548.0,9453.846,44.782803,,,,,,
1783616662.264,704553.0,9453.401,44.781448,,,,,,
1783616662.264,704558.0,9453.776,44.777756,,,,,,
1783616662.265,704563.0,9454.186,44.776588,,,,,,
1783616662.266,704568.0,9452.959,44.780083,,,,,,
1783616662.267,704573.0,9453.504,44.77853,,,,,,
1783616662.268,704578.0,9453.641,44.780766,,,,,,
1783616662.270,704583.0,9452.891,44.782906,,,,,,
1783616662.271,704588.0,9452.584,44.781155,,,,,,
1783616662.271,704593.0,9453.846,44.777557,,,,,,
1783616662.272,704598.0,9453.572,44.775711,,,,,,
1783616662.273,704603.0,9453.3,44.773865,,,,,,
1783616662.274,704608.0,9453.572,44.775711,,,,,,
1783616662.275,704613.0,9453.675,44.775421,,,,,,
1783616662.276,704618.0,9452.346,44.779209,,,,,,
1783616662.277,704623.0,9452.618,44.781055,,,,,,
1783616662.278,704628.0,9453.3,44.779114,,,,,,
1783616662.279,704633.0,9453.572,44.778336,,,,,,
1783616662.279,704638.0,9453.606,44.77824,,,,,,
1783616662.280,704643.0,9454.118,44.776779,,,,,,
1783616662.281,704648.0,9453.981,44.777168,,,,,,
1783616662.282,704653.0,9453.162,44.779507,,,,,,
1783616662.283,704658.0,9452.617,44.781059,,,,,,
1783616662.284,704663.0,9452.686,44.780865,,,,,,
1783616662.285,704668.0,9451.697,44.786304,,,,,,
1783616662.286,704673.0,9451.766,44.783485,,,,,,
1783616662.287,704678.0,9452.277,44.782028,,,,,,
1783616662.287,704683.0,9453.027,44.777264,,,,,,
1783616662.288,704688.0,9452.414,44.781639,,,,,,
1783616662.289,704693.0,9453.538,44.77581,,,,,,
1783616662.290,704698.0,9454.221,44.776489,,,,,,
1783616662.291,704703.0,9453.436,44.778725,,,,,,
1783616662.291,704708.0,9453.028,44.779888,,,,,,
1783616662.292,704713.0,9453.334,44.77639,,,,,,
1783616662.293,704718.0,9452.517,44.778721,,,,,,
1783616662.293,704723.0,9451.834,44.778042,,,,,,
1783616662.295,704728.0,9452.516,44.7761,,,,,,
1783616662.296,704733.0,9452.243,44.779499,,,,,,
1783616662.297,704738.0,9452.277,44.779404,,,,,,
1783616662.298,704743.0,9453.606,44.77824,,,,,,
1783616662.299,704748.0,9453.913,44.777363,,,,,,
1783616662.300,704753.0,9453.471,44.778625,,,,,,
1783616662.301,704758.0,9453.743,44.775223,,,,,,
1783616662.302,704763.0,9453.539,44.778431,,,,,,
1783616662.302,704768.0,9452.346,44.781834,,,,,,
1783616662.303,704773.0,9452.379,44.781738,,,,,,
1783616662.304,704778.0,9453.095,44.779697,,,,,,
1783616662.305,704783.0,9453.367,44.781544,,,,,,
1783616662.305,704788.0,9453.436,44.778725,,,,,,
1783616662.306,704793.0,9454.697,44.772503,,,,,,
1783616662.307,704798.0,9453.947,44.774643,,,,,,
1783616662.459,704803.0,9452.856,44.777752,,,,,,
1783616662.460,704808.0,9452.755,44.775417,,,,,,
1783616662.460,704813.0,9453.163,44.774254,,,,,,
1783616662.461,704818.0,9452.242,44.779503,,,,,,
1783616662.462,704823.0,9452.959,44.777458,,,,,,
1783616662.462,704828.0,9454.016,44.777073,,,,,,
1783616662.463,704833.0,9453.743,44.780472,,,,,,
1783616662.464,704838.0,9453.401,44.781448,,,,,,
1783616662.464,704843.0,9453.878,44.78009,,,,,,
1783616662.465,704848.0,9453.47,44.781254,,,,,,
1783616662.466,704853.0,9452.788,44.783195,,,,,,
1783616662.467,704858.0,9452.891,44.780281,,,,,,
1783616662.467,704863.0,9452.822,44.780476,,,,,,
1783616662.468,704868.0,9451.936,44.783001,,,,,,
1783616662.469,704873.0,9452.447,44.781544,,,,,,
1783616662.470,704878.0,9453.026,44.777267,,,,,,
1783616662.470,704883.0,9452.959,44.780083,,,,,,
1783616662.471,704888.0,9452.891,44.780281,,,,,,
1783616662.471,704893.0,9453.913,44.777363,,,,,,
1783616662.472,704898.0,9453.675,44.778046,,,,,,
1783616662.473,704903.0,9453.129,44.782223,,,,,,
1783616662.473,704908.0,9453.197,44.779404,,,,,,
1783616662.474,704913.0,9453.572,44.78096,,,,,,
1783616662.474,704918.0,9452.106,44.782516,,,,,,
1783616662.475,704923.0,9451.766,44.78611,,,,,,
1783616662.476,704928.0,9452.276,44.782032,,,,,,
1783616662.476,704933.0,9452.243,44.782124,,,,,,
1783616662.477,704938.0,9452.447,44.781544,,,,,,
1783616662.477,704943.0,9453.641,44.780766,,,,,,
1783616662.478,704948.0,9453.743,44.777847,,,,,,
1783616662.478,704953.0,9453.162,44.782131,,,,,,
1783616662.479,704958.0,9453.095,44.782322,,,,,,
1783616662.480,704963.0,9452.822,44.7831,,,,,,
1783616662.480,704968.0,9451.867,44.783195,,,,,,
1783616662.481,704973.0,9452.004,44.785431,,,,,,
1783616662.753,704978.0,9453.061,44.779797,,,,,,
1783616662.754,704983.0,9453.026,44.779892,,,,,,
1783616662.755,704988.0,9452.856,44.777752,,,,,,
1783616662.755,704993.0,9454.152,44.774059,,,,,,
1783616662.756,704998.0,9454.084,44.771629,,,,,,
1783616662.757,705003.0,9452.755,44.775417,,,,,,
1783616662.758,705008.0,9452.651,44.778336,,,,,,
1783616662.758,705013.0,9452.788,44.777946,,,,,,
1783616662.759,705018.0,9451.322,44.782127,,,,,,
1783616662.760,705023.0,9451.221,44.785038,,,,,,
1783616662.761,705028.0,9452.413,44.784264,,,,,,
1783616662.761,705033.0,9452.346,44.781834,,,,,,
1783616662.762,705038.0,9452.414,44.784264,,,,,,
1783616662.763,705043.0,9454.05,44.779598,,,,,,
1783616662.763,705048.0,9454.186,44.776588,,,,,,
1783616662.764,705053.0,9452.856,44.777752,,,,,,
1783616662.765,705058.0,9453.096,44.779694,,,,,,
1783616662.766,705063.0,9453.061,44.777172,,,,,,
1783616662.767,705068.0,9451.868,44.780571,,,,,,
1783616662.767,705073.0,9451.971,44.782902,,,,,,
1783616662.768,705078.0,9452.345,44.784458,,,,,,
1783616662.769,705083.0,9451.901,44.7831,,,,,,
1783616662.770,705088.0,9451.663,44.783779,,,,,,
1783616662.771,705093.0,9452.721,44.78339,,,,,,
1783616662.771,705098.0,9452.414,44.781639,,,,,,
1783616662.772,705103.0,9452.346,44.779209,,,,,,
1783616662.773,705108.0,9452.754,44.78067,,,,,,
1783616662.774,705113.0,9453.129,44.782223,,,,,,
1783616662.776,705118.0,9452.174,44.782322,,,,,,
1783616662.777,705123.0,9452.105,44.785141,,,,,,
1783616662.777,705128.0,9452.311,44.784557,,,,,,
1783616662.778,705133.0,9452.515,44.781353,,,,,,
1783616662.779,705138.0,9452.14,44.779797,,,,,,
1783616662.779,705143.0,9452.787,44.77795,,,,,,
1783616662.780,705148.0,9453.231,44.774059,,,,,,
1783616662.781,705153.0,9453.162,44.776882,,,,,,
1783616662.782,705158.0,9453.163,44.776878,,,,,,
1783616662.782,705163.0,9453.231,44.776684,,,,,,
1783616662.783,705168.0,9451.834,44.780666,,,,,,
1783616662.784,705173.0,9451.697,44.78368,,,,,,
1783616662.785,705178.0,9452.209,44.779598,,,,,,
1783616662.786,705183.0,9452.481,44.77882,,,,,,
1783616662.786,705188.0,9452.618,44.781055,,,,,,
1783616662.787,705193.0,9454.459,44.77581,,,,,,
1783616662.788,705198.0,9454.731,44.775032,,,,,,
1783616662.789,705203.0,9454.288,44.776295,,,,,,
1783616662.790,705208.0,9454.084,44.776878,,,,,,
1783616662.791,705213.0,9454.255,44.773766,,,,,,
1783616662.792,705218.0,9453.266,44.776585,,,,,,
1783616662.792,705223.0,9453.129,44.776974,,,,,,
1783616662.793,705228.0,9453.606,44.775616,,,,,,
1783616662.794,705233.0,9453.061,44.779797,,,,,,
1783616662.795,705238.0,9452.721,44.780766,,,,,,
1783616662.796,705243.0,9453.401,44.781448,,,,,,
1783616662.796,705248.0,9453.504,44.77853,,,,,,
1783616662.797,705253.0,9453.095,44.782322,,,,,,
1783616662.798,705258.0,9453.606,44.77824,,,,,,
1783616662.798,705263.0,9454.015,44.777077,,,,,,
1783616662.799,705268.0,9453.197,44.779404,,,,,,
1783616662.800,705273.0,9452.992,44.779991,,,,,,
1783616662.801,705278.0,9453.538,44.77581,,,,,,
1783616662.802,705283.0,9453.981,44.777168,,,,,,
1783616662.803,705288.0,9454.084,44.776878,,,,,,
1783616662.803,705293.0,9455.175,44.771145,,,,,,
1783616662.939,705298.0,9455.277,44.773476,,,,,,
1783616662.940,705303.0,9454.664,44.777847,,,,,,
1783616662.940,705308.0,9453.947,44.777267,,,,,,
1783616662.941,705313.0,9453.436,44.778725,,,,,,
1783616662.942,705318.0,9452.412,44.781643,,,,,,
1783616662.942,705323.0,9452.413,44.779015,,,,,,
1783616662.943,705328.0,9452.925,44.777557,,,,,,
1783616662.943,705333.0,9453.129,44.776974,,,,,,
1783616662.944,705338.0,9453.572,44.775711,,,,,,
1783616662.945,705343.0,9454.664,44.772598,,,,,,
1783616662.945,705348.0,9454.867,44.772018,,,,,,
1783616662.946,705353.0,9454.151,44.771435,,,,,,
1783616662.947,705358.0,9454.526,44.770367,,,,,,
1783616662.947,705363.0,9454.186,44.771339,,,,,,
1783616662.948,705368.0,9452.993,44.774738,,,,,,
1783616662.948,705373.0,9452.243,44.776875,,,,,,
1783616662.949,705378.0,9453.096,44.774445,,,,,,
1783616662.950,705383.0,9452.651,44.778336,,,,,,
1783616662.951,705388.0,9452.55,44.78125,,,,,,
1783616662.952,705393.0,9454.05,44.776974,,,,,,
1783616662.952,705398.0,9454.425,44.77853,,,,,,
1783616662.953,705403.0,9453.674,44.78067,,,,,,
1783616662.954,705408.0,9453.642,44.780762,,,,,,
1783616662.954,705413.0,9453.846,44.777557,,,,,,
1783616662.955,705418.0,9452.686,44.783489,,,,,,
1783616662.955,705423.0,9452.686,44.780865,,,,,,
1783616662.956,705428.0,9453.367,44.781544,,,,,,
1783616662.957,705433.0,9453.436,44.781349,,,,,,
1783616662.957,705438.0,9453.197,44.782028,,,,,,
1783616662.958,705443.0,9453.674,44.78067,,,,,,
1783616662.958,705448.0,9453.742,44.780476,,,,,,
1783616663.220,705453.0,9453.129,44.779598,,,,,,
1783616663.221,705458.0,9452.959,44.777458,,,,,,
1783616663.222,705463.0,9453.334,44.779015,,,,,,
1783616663.222,705468.0,9451.731,44.78096,,,,,,
1783616663.223,705473.0,9451.766,44.780861,,,,,,
1783616663.224,705478.0,9452.755,44.778042,,,,,,
1783616663.225,705483.0,9452.788,44.780571,,,,,,
1783616663.225,705488.0,9452.652,44.778336,,,,,,
1783616663.226,705493.0,9454.39,44.77338,,,,,,
1783616663.227,705498.0,9454.186,44.773964,,,,,,
1783616663.228,705503.0,9453.4,44.776203,,,,,,
1783616663.228,705508.0,9453.3,44.773865,,,,,,
1783616663.229,705513.0,9452.789,44.775318,,,,,,
1783616663.230,705518.0,9451.8,44.780766,,,,,,
1783616663.231,705523.0,9451.971,44.780277,,,,,,
1783616663.232,705528.0,9452.447,44.778919,,,,,,
1783616663.233,705533.0,9452.617,44.781059,,,,,,
1783616663.234,705538.0,9452.958,44.780087,,,,,,
1783616663.235,705543.0,9454.253,44.773769,,,,,,
1783616663.236,705548.0,9454.221,44.773865,,,,,,
1783616663.237,705553.0,9453.846,44.777557,,,,,,
1783616663.238,705558.0,9454.016,44.777073,,,,,,
1783616663.238,705563.0,9454.255,44.77639,,,,,,
1783616663.239,705568.0,9453.096,44.779694,,,,,,
1783616663.240,705573.0,9452.891,44.782906,,,,,,
1783616663.240,705578.0,9452.618,44.781055,,,,,,
1783616663.241,705583.0,9451.834,44.780666,,,,,,
1783616663.242,705588.0,9451.834,44.783291,,,,,,
1783616663.243,705593.0,9452.754,44.78067,,,,,,
1783616663.243,705598.0,9452.959,44.777458,,,,,,
1783616663.244,705603.0,9452.584,44.77853,,,,,,
1783616663.245,705608.0,9452.993,44.779987,,,,,,
1783616663.245,705613.0,9452.754,44.778046,,,,,,
1783616663.246,705618.0,9452.038,44.782711,,,,,,
1783616663.247,705623.0,9452.549,44.781254,,,,,,
1783616663.248,705628.0,9453.368,44.781544,,,,,,
1783616663.249,705633.0,9453.537,44.778435,,,,,,
1783616663.250,705638.0,9453.708,44.77795,,,,,,
1783616663.251,705643.0,9454.254,44.773769,,,,,,
1783616663.252,705648.0,9453.538,44.77581,,,,,,
1783616663.252,705653.0,9453.334,44.77639,,,,,,
1783616663.253,705658.0,9453.572,44.775711,,,,,,
1783616663.254,705663.0,9453.504,44.77853,,,,,,
1783616663.255,705668.0,9452.686,44.783489,,,,,,
1783616663.256,705673.0,9452.924,44.78281,,,,,,
1783616663.256,705678.0,9453.333,44.781643,,,,,,
1783616663.257,705683.0,9453.095,44.782322,,,,,,
1783616663.258,705688.0,9453.13,44.779598,,,,,,
1783616663.258,705693.0,9454.083,44.776878,,,,,,
1783616663.259,705698.0,9454.22,44.776489,,,,,,
1783616663.260,705703.0,9453.742,44.777851,,,,,,
1783616663.261,705708.0,9453.981,44.779793,,,,,,
1783616663.261,705713.0,9454.015,44.779701,,,,,,
1783616663.262,705718.0,9453.4,44.778828,,,,,,
1783616663.263,705723.0,9453.401,44.778824,,,,,,
1783616663.263,705728.0,9453.537,44.77581,,,,,,
1783616663.264,705733.0,9453.436,44.7761,,,,,,
1783616663.265,705738.0,9453.537,44.77581,,,,,,
1783616663.266,705743.0,9454.322,44.773575,,,,,,
1783616663.266,705748.0,9453.947,44.774643,,,,,,
1783616663.267,705753.0,9453.709,44.777946,,,,,,
1783616663.268,705758.0,9453.742,44.775227,,,,,,
1783616663.393,705763.0,9453.776,44.775131,,,,,,
1783616663.393,705768.0,9452.65,44.778339,,,,,,
1783616663.394,705773.0,9452.686,44.780865,,,,,,
1783616663.395,705778.0,9453.129,44.776974,,,,,,
1783616663.395,705783.0,9452.515,44.781353,,,,,,
1783616663.396,705788.0,9452.072,44.782612,,,,,,
1783616663.396,705793.0,9452.993,44.782612,,,,,,
1783616663.397,705798.0,9453.401,44.778824,,,,,,
1783616663.398,705803.0,9453.027,44.782513,,,,,,
1783616663.398,705808.0,9453.368,44.781544,,,,,,
1783616663.399,705813.0,9453.776,44.78038,,,,,,
1783616663.399,705818.0,9452.856,44.780376,,,,,,
1783616663.400,705823.0,9452.686,44.780865,,,,,,
1783616663.401,705828.0,9453.367,44.776295,,,,,,
1783616663.401,705833.0,9453.505,44.773281,,,,,,
1783616663.402,705838.0,9453.674,44.772797,,,,,,
1783616663.404,705843.0,9455.072,44.76881,,,,,,
1783616663.405,705848.0,9454.97,44.771729,,,,,,
1783616663.406,705853.0,9454.221,44.773865,,,,,,
1783616663.406,705858.0,9454.118,44.776779,,,,,,
1783616663.407,705863.0,9454.288,44.776295,,,,,,
1783616663.407,705868.0,9452.992,44.779991,,,,,,
1783616663.408,705873.0,9452.754,44.78067,,,,,,
1783616663.409,705878.0,9453.334,44.781639,,,,,,
1783616663.409,705883.0,9453.436,44.781349,,,,,,
1783616663.410,705888.0,9452.787,44.783199,,,,,,
1783616663.410,705893.0,9454.05,44.782219,,,,,,
1783616663.411,705898.0,9454.663,44.780472,,,,,,
1783616663.411,705903.0,9454.425,44.781155,,,,,,
1783616663.669,705908.0,9454.527,44.778236,,,,,,
1783616663.671,705913.0,9454.936,44.777069,,,,,,
1783616663.671,705918.0,9453.265,44.779213,,,,,,
1783616663.672,705923.0,9453.164,44.779499,,,,,,
1783616663.673,705928.0,9453.436,44.7761,,,,,,
1783616663.674,705933.0,9453.3,44.776489,,,,,,
1783616663.674,705938.0,9453.129,44.779598,,,,,,
1783616663.675,705943.0,9454.391,44.776005,,,,,,
1783616663.676,705948.0,9454.356,44.773476,,,,,,
1783616663.676,705953.0,9453.811,44.775032,,,,,,
1783616663.677,705958.0,9454.151,44.774059,,,,,,
1783616663.678,705963.0,9454.287,44.773674,,,,,,
1783616663.679,705968.0,9452.924,44.777561,,,,,,
1783616663.679,705973.0,9452.822,44.780476,,,,,,
1783616663.680,705978.0,9453.504,44.77853,,,,,,
1783616663.681,705983.0,9453.3,44.779114,,,,,,
1783616663.681,705988.0,9453.471,44.776001,,,,,,
1783616663.682,705993.0,9455.277,44.770851,,,,,,
1783616663.684,705998.0,9455.345,44.77066,,,,,,
1783616663.685,706003.0,9454.596,44.772793,,,,,,
1783616663.686,706008.0,9454.356,44.7761,,,,,,
1783616663.687,706013.0,9453.913,44.779987,,,,,,
1783616663.688,706018.0,9452.584,44.783779,,,,,,
1783616663.688,706023.0,9452.856,44.780376,,,,,,
1783616663.689,706028.0,9453.641,44.778141,,,,,,
1783616663.690,706033.0,9453.947,44.774643,,,,,,
1783616663.690,706038.0,9454.118,44.774155,,,,,,
1783616663.691,706043.0,9455.175,44.773769,,,,,,
1783616663.692,706048.0,9454.732,44.777653,,,,,,
1783616663.692,706053.0,9453.505,44.783779,,,,,,
1783616663.693,706058.0,9453.505,44.783775,,,,,,
1783616663.694,706063.0,9453.334,44.781635,,,,,,
1783616663.694,706068.0,9452.413,44.784264,,,,,,
1783616663.695,706073.0,9452.754,44.78067,,,,,,
1783616663.696,706078.0,9453.504,44.77853,,,,,,
1783616663.697,706083.0,9453.095,44.779697,,,,,,
1783616663.697,706088.0,9453.299,44.781738,,,,,,
1783616663.698,706093.0,9453.775,44.777756,,,,,,
1783616663.699,706098.0,9453.674,44.78067,,,,,,
1783616663.700,706103.0,9453.64,44.778145,,,,,,
1783616663.701,706108.0,9453.912,44.777367,,,,,,
1783616663.702,706113.0,9453.846,44.774933,,,,,,
1783616663.702,706118.0,9453.128,44.776978,,,,,,
1783616663.703,706123.0,9452.787,44.77795,,,,,,
1783616663.704,706128.0,9453.061,44.777172,,,,,,
1783616663.704,706133.0,9453.197,44.776779,,,,,,
1783616663.705,706138.0,9453.367,44.776295,,,,,,
1783616663.706,706143.0,9455.038,44.774158,,,,,,
1783616663.706,706148.0,9455.413,44.770466,,,,,,
1783616663.707,706153.0,9455.072,44.771435,,,,,,
1783616663.708,706158.0,9455.005,44.771629,,,,,,
1783616663.708,706163.0,9454.527,44.772987,,,,,,
1783616663.709,706168.0,9452.992,44.777367,,,,,,
1783616663.710,706173.0,9453.095,44.777073,,,,,,
1783616663.711,706178.0,9453.744,44.777847,,,,,,
1783616663.711,706183.0,9453.742,44.777851,,,,,,
1783616663.712,706188.0,9454.05,44.779598,,,,,,
1783616663.713,706193.0,9455.312,44.773376,,,,,,
1783616663.713,706198.0,9454.867,44.777267,,,,,,
1783616663.714,706203.0,9453.675,44.778046,,,,,,
1783616663.868,706208.0,9453.3,44.779114,,,,,,
1783616663.869,706213.0,9453.471,44.778625,,,,,,
1783616663.869,706218.0,9451.869,44.785816,,,,,,
1783616663.870,706223.0,9451.902,44.783096,,,,,,
1783616663.871,706228.0,9452.856,44.780376,,,,,,
1783616663.871,706233.0,9453.675,44.778046,,,,,,
1783616663.872,706238.0,9453.538,44.778435,,,,,,
1783616663.873,706243.0,9454.8,44.772213,,,,,,
1783616663.873,706248.0,9455.038,44.774158,,,,,,
1783616663.874,706253.0,9454.596,44.775417,,,,,,
1783616663.875,706258.0,9454.186,44.779213,,,,,,
1783616663.875,706263.0,9454.049,44.776978,,,,,,
1783616663.876,706268.0,9452.924,44.78281,,,,,,
1783616663.877,706273.0,9453.025,44.78252,,,,,,
1783616663.877,706278.0,9453.538,44.781059,,,,,,
1783616663.878,706283.0,9453.674,44.78067,,,,,,
1783616663.878,706288.0,9453.981,44.779793,,,,,,
1783616663.879,706293.0,9455.038,44.776783,,,,,,
1783616663.880,706298.0,9455.141,44.776489,,,,,,
1783616663.880,706303.0,9454.596,44.778042,,,,,,
1783616663.881,706308.0,9454.766,44.777557,,,,,,
1783616663.881,706313.0,9454.663,44.777851,,,,,,
1783616663.882,706318.0,9453.471,44.778625,,,,,,
1783616663.882,706323.0,9453.026,44.777267,,,,,,
1783616663.883,706328.0,9453.231,44.776684,,,,,,
1783616663.883,706333.0,9452.412,44.776394,,,,,,
1783616663.884,706338.0,9452.447,44.778919,,,,,,
1783616663.885,706343.0,9453.538,44.77581,,,,,,
1783616663.885,706348.0,9453.572,44.778336,,,,,,
1783616663.886,706353.0,9453.231,44.779308,,,,,,
1783616663.886,706358.0,9453.709,44.780571,,,,,,
1783616663.887,706363.0,9453.845,44.780186,,,,,,
1783616663.888,706368.0,9452.549,44.783878,,,,,,
1783616663.888,706373.0,9452.822,44.7831,,,,,,
1783616663.889,706378.0,9453.471,44.783871,,,,,,
1783616664.120,706383.0,9453.504,44.783779,,,,,,
1783616664.121,706388.0,9453.096,44.782318,,,,,,
1783616664.122,706393.0,9454.322,44.781445,,,,,,
1783616664.123,706398.0,9454.322,44.778824,,,,,,
1783616664.124,706403.0,9453.811,44.777657,,,,,,
1783616664.125,706408.0,9454.084,44.774254,,,,,,
1783616664.126,706413.0,9454.151,44.774059,,,,,,
1783616664.127,706418.0,9453.504,44.775906,,,,,,
1783616664.128,706423.0,9453.641,44.775517,,,,,,
1783616664.128,706428.0,9454.151,44.774059,,,,,,
1783616664.129,706433.0,9453.776,44.775131,,,,,,
1783616664.130,706438.0,9453.231,44.776684,,,,,,
1783616664.131,706443.0,9454.084,44.771629,,,,,,
1783616664.131,706448.0,9453.538,44.77581,,,,,,
1783616664.132,706453.0,9452.891,44.777657,,,,,,
1783616664.133,706458.0,9453.163,44.776878,,,,,,
1783616664.133,706463.0,9453.845,44.774937,,,,,,
1783616664.134,706468.0,9452.822,44.777851,,,,,,
1783616664.135,706473.0,9452.924,44.777561,,,,,,
1783616664.137,706478.0,9453.743,44.775223,,,,,,
1783616664.138,706483.0,9453.811,44.775032,,,,,,
1783616664.139,706488.0,9453.402,44.776196,,,,,,
1783616664.140,706493.0,9454.664,44.772598,,,,,,
1783616664.141,706498.0,9454.869,44.76939,,,,,,
1783616664.141,706503.0,9454.152,44.771435,,,,,,
1783616664.142,706508.0,9453.743,44.775223,,,,,,
1783616664.143,706513.0,9454.152,44.774059,,,,,,
1783616664.144,706518.0,9452.788,44.780571,,,,,,
1783616664.145,706523.0,9452.754,44.78067,,,,,,
1783616664.146,706528.0,9452.72,44.780766,,,,,,
1783616664.147,706533.0,9452.959,44.777458,,,,,,
1783616664.148,706538.0,9452.993,44.779987,,,,,,
1783616664.149,706543.0,9454.766,44.774933,,,,,,
1783616664.150,706548.0,9454.561,44.778145,,,,,,
1783616664.151,706553.0,9454.731,44.777657,,,,,,
1783616664.151,706558.0,9454.493,44.778332,,,,,,
1783616664.152,706563.0,9454.221,44.779114,,,,,,
1783616664.153,706568.0,9452.958,44.780087,,,,,,
1783616664.154,706573.0,9453.231,44.776684,,,,,,
1783616664.155,706578.0,9453.64,44.778145,,,,,,
1783616664.156,706583.0,9453.879,44.780087,,,,,,
1783616664.157,706588.0,9453.912,44.779991,,,,,,
1783616664.158,706593.0,9454.356,44.778725,,,,,,
1783616664.159,706598.0,9453.334,44.781635,,,,,,
1783616664.159,706603.0,9452.653,44.780956,,,,,,
1783616664.160,706608.0,9452.687,44.778236,,,,,,
1783616664.161,706613.0,9452.891,44.777657,,,,,,
1783616664.162,706618.0,9452.106,44.782516,,,,,,
1783616664.163,706623.0,9453.505,44.77853,,,,,,
1783616664.163,706628.0,9454.356,44.778725,,,,,,
1783616664.164,706633.0,9454.05,44.779598,,,,,,
1783616664.165,706638.0,9453.879,44.777462,,,,,,
1783616664.165,706643.0,9454.356,44.7761,,,,,,
1783616664.167,706648.0,9454.016,44.779697,,,,,,
1783616664.167,706653.0,9453.504,44.77853,,,,,,
1783616664.168,706658.0,9453.401,44.778824,,,,,,
1783616664.326,706663.0,9453.709,44.777946,,,,,,
1783616664.327,706668.0,9452.992,44.777367,,,,,,
1783616664.328,706673.0,9452.755,44.778042,,,,,,
1783616664.329,706678.0,9453.096,44.777069,,,,,,
1783616664.330,706683.0,9453.436,44.7761,,,,,,
1783616664.330,706688.0,9453.572,44.778336,,,,,,
1783616664.331,706693.0,9454.971,44.774349,,,,,,
1783616664.332,706698.0,9455.005,44.774254,,,,,,
1783616664.332,706703.0,9454.255,44.77639,,,,,,
1783616664.333,706708.0,9454.493,44.775711,,,,,,
1783616664.334,706713.0,9453.98,44.774548,,,,,,
1783616664.335,706718.0,9452.992,44.777367,,,,,,
1783616664.335,706723.0,9452.958,44.774837,,,,,,
1783616664.336,706728.0,9453.947,44.774643,,,,,,
1783616664.337,706733.0,9453.334,44.77639,,,,,,
1783616664.337,706738.0,9453.64,44.77552,,,,,,
1783616664.338,706743.0,9454.902,44.771919,,,,,,
1783616664.339,706748.0,9454.971,44.771725,,,,,,
1783616664.340,706753.0,9454.288,44.77367,,,,,,
1783616664.340,706758.0,9454.459,44.77581,,,,,,
1783616664.341,706763.0,9453.88,44.777458,,,,,,
1783616664.342,706768.0,9452.004,44.782806,,,,,,
1783616664.342,706773.0,9452.243,44.784748,,,,,,
1783616664.343,706778.0,9452.891,44.782906,,,,,,
1783616664.344,706783.0,9452.822,44.780476,,,,,,
1783616664.344,706788.0,9453.197,44.779404,,,,,,
1783616664.345,706793.0,9454.664,44.775223,,,,,,
1783616664.345,706798.0,9454.221,44.776489,,,,,,
1783616664.346,706803.0,9453.096,44.777069,,,,,,
1783616664.347,706808.0,9453.129,44.779598,,,,,,
1783616664.347,706813.0,9452.753,44.78067,,,,,,
1783616664.348,706818.0,9451.731,44.783585,,,,,,
1783616664.348,706823.0,9452.208,44.782227,,,,,,
1783616664.349,706828.0,9452.617,44.781059,,,,,,
1783616664.350,706833.0,9452.959,44.780083,,,,,,
1783616664.350,706838.0,9453.436,44.778725,,,,,,
1783616664.351,706843.0,9454.663,44.777851,,,,,,
1783616664.552,706848.0,9454.392,44.776001,,,,,,
1783616664.553,706853.0,9454.221,44.779114,,,,,,
1783616664.553,706858.0,9453.914,44.777363,,,,,,
1783616664.554,706863.0,9453.914,44.777363,,,,,,
1783616664.555,706868.0,9452.753,44.778046,,,,,,
1783616664.555,706873.0,9452.346,44.781834,,,,,,
1783616664.556,706878.0,9453.026,44.777267,,,,,,
1783616664.556,706883.0,9453.504,44.775906,,,,,,
1783616664.557,706888.0,9453.367,44.776295,,,,,,
1783616664.558,706893.0,9454.493,44.773087,,,,,,
1783616664.558,706898.0,9454.629,44.772701,,,,,,
1783616664.559,706903.0,9453.743,44.775223,,,,,,
1783616664.560,706908.0,9453.846,44.774933,,,,,,
1783616664.561,706913.0,9454.118,44.774155,,,,,,
1783616664.561,706918.0,9452.584,44.781155,,,,,,
1783616664.562,706923.0,9452.994,44.777359,,,,,,
1783616664.562,706928.0,9454.527,44.772987,,,,,,
1783616664.563,706933.0,9453.744,44.775223,,,,,,
1783616664.564,706938.0,9453.914,44.777363,,,,,,
1783616664.564,706943.0,9455.039,44.77153,,,,,,
1783616664.565,706948.0,9455.005,44.774254,,,,,,
1783616664.565,706953.0,9453.981,44.777168,,,,,,
1783616664.566,706958.0,9454.254,44.776394,,,,,,
1783616664.567,706963.0,9453.776,44.775131,,,,,,
1783616664.567,706968.0,9453.026,44.779892,,,,,,
1783616664.568,706973.0,9453.129,44.776974,,,,,,
1783616664.568,706978.0,9453.913,44.774738,,,,,,
1783616664.569,706983.0,9453.982,44.777168,,,,,,
1783616664.569,706988.0,9454.017,44.777069,,,,,,
1783616664.570,706993.0,9455.55,44.772697,,,,,,
1783616664.570,706998.0,9455.447,44.772991,,,,,,
1783616664.571,707003.0,9454.936,44.777073,,,,,,
1783616664.571,707008.0,9455.721,44.772213,,,,,,
1783616664.572,707013.0,9456.164,44.773571,,,,,,
1783616664.573,707018.0,9454.766,44.774933,,,,,,
1783616664.573,707023.0,9454.596,44.775417,,,,,,
1783616664.574,707028.0,9454.732,44.775028,,,,,,
1783616664.574,707033.0,9453.606,44.77824,,,,,,
1783616664.575,707038.0,9453.162,44.779507,,,,,,
1783616664.576,707043.0,9454.118,44.776779,,,,,,
1783616664.576,707048.0,9454.391,44.778629,,,,,,
1783616664.577,707053.0,9453.641,44.778141,,,,,,
1783616664.577,707058.0,9453.845,44.780186,,,,,,
1783616664.578,707063.0,9453.846,44.777557,,,,,,
1783616664.578,707068.0,9452.209,44.784847,,,,,,
1783616664.696,707073.0,9451.971,44.782902,,,,,,
1783616664.697,707078.0,9453.027,44.782513,,,,,,
1783616664.698,707083.0,9453.299,44.779114,,,,,,
1783616664.699,707088.0,9453.642,44.778137,,,,,,
1783616664.699,707093.0,9455.141,44.773865,,,,,,
1783616664.701,707098.0,9455.209,44.776295,,,,,,
1783616664.702,707103.0,9454.186,44.776588,,,,,,
1783616664.702,707108.0,9453.743,44.777847,,,,,,
1783616664.703,707113.0,9453.504,44.781155,,,,,,
1783616664.705,707118.0,9452.412,44.781643,,,,,,
1783616664.705,707123.0,9452.276,44.782032,,,,,,
1783616664.706,707128.0,9453.3,44.781738,,,,,,
1783616664.706,707133.0,9453.572,44.78096,,,,,,
1783616664.707,707138.0,9453.47,44.778629,,,,,,
1783616664.707,707143.0,9454.526,44.77824,,,,,,
1783616664.708,707148.0,9454.322,44.776199,,,,,,
1783616664.709,707153.0,9453.606,44.77824,,,,,,
1783616664.709,707158.0,9453.775,44.777756,,,,,,
1783616664.710,707163.0,9453.743,44.780472,,,,,,
1783616664.710,707168.0,9452.516,44.781349,,,,,,
1783616664.711,707173.0,9452.788,44.783195,,,,,,
1783616664.712,707178.0,9453.471,44.778625,,,,,,
1783616664.712,707183.0,9453.197,44.779404,,,,,,
1783616664.713,707188.0,9453.505,44.775906,,,,,,
1783616664.713,707193.0,9454.867,44.774643,,,,,,
1783616664.714,707198.0,9454.698,44.772503,,,,,,
1783616664.714,707203.0,9453.845,44.774937,,,,,,
1783616664.715,707208.0,9453.947,44.774643,,,,,,
1783616664.987,707213.0,9454.084,44.776878,,,,,,
1783616664.988,707218.0,9452.856,44.777752,,,,,,
1783616664.988,707223.0,9453.641,44.775517,,,,,,
1783616664.989,707228.0,9454.118,44.774155,,,,,,
1783616664.990,707233.0,9453.879,44.777462,,,,,,
1783616664.991,707238.0,9453.572,44.775711,,,,,,
1783616664.991,707243.0,9454.901,44.771923,,,,,,
1783616664.992,707248.0,9454.152,44.774059,,,,,,
1783616664.993,707253.0,9453.537,44.778435,,,,,,
1783616664.994,707258.0,9454.084,44.774254,,,,,,
1783616664.994,707263.0,9454.254,44.773769,,,,,,
1783616664.995,707268.0,9452.755,44.778042,,,,,,
1783616664.996,707273.0,9453.13,44.779598,,,,,,
1783616664.996,707278.0,9453.777,44.775127,,,,,,
1783616664.997,707283.0,9453.096,44.779694,,,,,,
1783616664.998,707288.0,9452.755,44.783291,,,,,,
1783616664.998,707293.0,9453.709,44.780571,,,,,,
1783616665.000,707298.0,9453.674,44.778046,,,,,,
1783616665.001,707303.0,9453.231,44.779308,,,,,,
1783616665.002,707308.0,9453.641,44.775517,,,,,,
1783616665.003,707313.0,9453.537,44.77581,,,,,,
1783616665.003,707318.0,9452.856,44.777752,,,,,,
1783616665.004,707323.0,9452.924,44.780186,,,,,,
1783616665.005,707328.0,9453.744,44.777847,,,,,,
1783616665.005,707333.0,9453.642,44.780762,,,,,,
1783616665.006,707338.0,9453.981,44.777168,,,,,,
1783616665.007,707343.0,9455.517,44.775417,,,,,,
1783616665.007,707348.0,9455.209,44.77367,,,,,,
1783616665.008,707353.0,9454.391,44.776005,,,,,,
1783616665.009,707358.0,9454.731,44.772408,,,,,,
1783616665.009,707363.0,9454.902,44.774544,,,,,,
1783616665.010,707368.0,9453.367,44.776295,,,,,,
1783616665.011,707373.0,9453.265,44.779213,,,,,,
1783616665.012,707378.0,9453.436,44.778725,,,,,,
1783616665.012,707383.0,9453.3,44.781738,,,,,,
1783616665.013,707388.0,9453.231,44.779308,,,,,,
1783616665.014,707393.0,9454.493,44.775711,,,,,,
1783616665.014,707398.0,9454.494,44.773083,,,,,,
1783616665.015,707403.0,9454.05,44.776974,,,,,,
1783616665.016,707408.0,9453.846,44.774933,,,,,,
1783616665.017,707413.0,9453.981,44.777168,,,,,,
1783616665.017,707418.0,9453.095,44.779697,,,,,,
1783616665.018,707423.0,9453.061,44.779797,,,,,,
1783616665.019,707428.0,9453.776,44.775131,,,,,,
1783616665.019,707433.0,9453.879,44.774837,,,,,,
1783616665.020,707438.0,9453.368,44.77367,,,,,,
1783616665.021,707443.0,9453.846,44.774933,,,,,,
1783616665.021,707448.0,9454.322,44.773575,,,,,,
1783616665.022,707453.0,9453.846,44.774933,,,,,,
1783616665.023,707458.0,9453.776,44.775131,,,,,,
1783616665.023,707463.0,9454.151,44.776684,,,,,,
1783616665.024,707468.0,9453.061,44.777172,,,,,,
1783616665.025,707473.0,9452.584,44.781155,,,,,,
1783616665.025,707478.0,9453.471,44.778625,,,,,,
1783616665.026,707483.0,9453.436,44.778725,,,,,,
1783616665.027,707488.0,9452.856,44.780376,,,,,,
1783616665.027,707493.0,9454.323,44.776196,,,,,,
1783616665.028,707498.0,9454.663,44.775227,,,,,,
1783616665.029,707503.0,9453.846,44.780182,,,,,,
1783616665.030,707508.0,9453.947,44.779892,,,,,,
1783616665.030,707513.0,9454.596,44.778042,,,,,,
1783616665.032,707518.0,9453.062,44.782417,,,,,,
1783616665.033,707523.0,9452.379,44.784363,,,,,,
1783616665.163,707528.0,9453.232,44.779305,,,,,,
1783616665.164,707533.0,9453.198,44.782028,,,,,,
1783616665.165,707538.0,9453.062,44.779793,,,,,,
1783616665.165,707543.0,9454.732,44.775028,,,,,,
1783616665.166,707548.0,9455.686,44.769688,,,,,,
1783616665.166,707553.0,9454.63,44.772697,,,,,,
1783616665.167,707558.0,9454.663,44.769978,,,,,,
1783616665.168,707563.0,9454.664,44.772598,,,,,,
1783616665.169,707568.0,9452.958,44.780087,,,,,,
1783616665.170,707573.0,9452.549,44.781254,,,,,,
1783616665.170,707578.0,9453.3,44.781738,,,,,,
1783616665.171,707583.0,9452.72,44.786011,,,,,,
1783616665.171,707588.0,9452.276,44.784657,,,,,,
1783616665.172,707593.0,9453.982,44.779793,,,,,,
1783616665.173,707598.0,9454.152,44.779308,,,,,,
1783616665.173,707603.0,9452.959,44.780083,,,,,,
1783616665.174,707608.0,9453.232,44.77668,,,,,,
1783616665.175,707613.0,9453.813,44.777653,,,,,,
1783616665.175,707618.0,9452.005,44.780178,,,,,,
1783616665.176,707623.0,9452.039,44.782707,,,,,,
1783616665.176,707628.0,9453.13,44.782223,,,,,,
1783616665.177,707633.0,9453.709,44.780571,,,,,,
1783616665.178,707638.0,9453.709,44.777946,,,,,,
1783616665.178,707643.0,9455.072,44.774059,,,,,,
1783616665.179,707648.0,9454.971,44.774349,,,,,,
1783616665.179,707653.0,9454.221,44.776489,,,,,,
1783616665.180,707658.0,9454.391,44.776005,,,,,,
1783616665.181,707663.0,9454.186,44.779213,,,,,,
1783616665.181,707668.0,9452.856,44.783001,,,,,,
1783616665.182,707673.0,9452.856,44.783001,,,,,,
1783616665.419,707678.0,9453.675,44.778046,,,,,,
1783616665.420,707683.0,9453.027,44.782513,,,,,,
1783616665.421,707688.0,9453.061,44.782421,,,,,,
1783616665.422,707693.0,9454.527,44.780861,,,,,,
1783616665.422,707698.0,9454.459,44.778435,,,,,,
1783616665.423,707703.0,9453.709,44.780567,,,,,,
1783616665.424,707708.0,9454.084,44.779503,,,,,,
1783616665.425,707713.0,9454.016,44.777073,,,,,,
1783616665.425,707718.0,9452.891,44.777657,,,,,,
1783616665.426,707723.0,9452.822,44.777851,,,,,,
1783616665.427,707728.0,9453.401,44.778824,,,,,,
1783616665.427,707733.0,9453.231,44.776684,,,,,,
1783616665.428,707738.0,9453.162,44.776882,,,,,,
1783616665.429,707743.0,9454.186,44.773964,,,,,,
1783616665.430,707748.0,9454.186,44.773964,,,,,,
1783616665.430,707753.0,9453.811,44.772408,,,,,,
1783616665.431,707758.0,9453.981,44.771919,,,,,,
1783616665.432,707763.0,9454.186,44.773964,,,,,,
1783616665.433,707768.0,9453.266,44.776585,,,,,,
1783616665.434,707773.0,9453.674,44.778046,,,,,,
1783616665.435,707778.0,9453.981,44.779793,,,,,,
1783616665.436,707783.0,9454.015,44.779701,,,,,,
1783616665.437,707788.0,9454.254,44.779018,,,,,,
1783616665.438,707793.0,9455.208,44.776299,,,,,,
1783616665.438,707798.0,9454.458,44.77581,,,,,,
1783616665.439,707803.0,9453.811,44.775032,,,,,,
1783616665.440,707808.0,9453.436,44.778725,,,,,,
1783616665.441,707813.0,9453.026,44.777267,,,,,,
1783616665.441,707818.0,9451.901,44.7831,,,,,,
1783616665.442,707823.0,9452.549,44.783878,,,,,,
1783616665.443,707828.0,9452.959,44.782707,,,,,,
1783616665.444,707833.0,9452.787,44.780575,,,,,,
1783616665.444,707838.0,9452.617,44.783684,,,,,,
1783616665.445,707843.0,9453.64,44.780769,,,,,,
1783616665.446,707848.0,9452.856,44.780376,,,,,,
1783616665.446,707853.0,9452.822,44.780476,,,,,,
1783616665.447,707858.0,9452.959,44.782707,,,,,,
1783616665.448,707863.0,9452.891,44.780281,,,,,,
1783616665.448,707868.0,9451.8,44.780766,,,,,,
1783616665.450,707873.0,9452.516,44.781349,,,,,,
1783616665.451,707878.0,9452.788,44.780571,,,,,,
1783616665.451,707883.0,9452.822,44.780476,,,,,,
1783616665.452,707888.0,9452.55,44.78125,,,,,,
1783616665.453,707893.0,9453.674,44.778046,,,,,,
1783616665.453,707898.0,9453.709,44.777946,,,,,,
1783616665.454,707903.0,9453.061,44.779797,,,,,,
1783616665.455,707908.0,9452.959,44.780083,,,,,,
1783616665.456,707913.0,9453.505,44.77853,,,,,,
1783616665.457,707918.0,9452.106,44.782516,,,,,,
1783616665.457,707923.0,9451.937,44.783001,,,,,,
1783616665.458,707928.0,9452.822,44.780476,,,,,,
1783616665.459,707933.0,9453.026,44.779892,,,,,,
1783616665.459,707938.0,9453.096,44.782318,,,,,,
1783616665.460,707943.0,9454.526,44.77824,,,,,,
1783616665.460,707948.0,9454.255,44.77639,,,,,,
1783616665.461,707953.0,9453.333,44.781643,,,,,,
1783616665.607,707958.0,9452.925,44.780182,,,,,,
1783616665.607,707963.0,9453.026,44.777267,,,,,,
1783616665.608,707968.0,9452.141,44.779793,,,,,,
1783616665.609,707973.0,9452.38,44.781734,,,,,,
1783616665.609,707978.0,9453.129,44.776974,,,,,,
1783616665.610,707983.0,9453.811,44.775032,,,,,,
1783616665.611,707988.0,9453.845,44.777561,,,,,,
1783616665.611,707993.0,9454.492,44.775715,,,,,,
1783616665.612,707998.0,9454.39,44.77338,,,,,,
1783616665.612,708003.0,9453.845,44.774937,,,,,,
1783616665.613,708008.0,9453.913,44.774738,,,,,,
1783616665.614,708013.0,9454.118,44.774155,,,,,,
1783616665.614,708018.0,9453.027,44.777264,,,,,,
1783616665.615,708023.0,9453.436,44.7761,,,,,,
1783616665.615,708028.0,9454.255,44.77639,,,,,,
1783616665.616,708033.0,9454.017,44.779694,,,,,,
1783616665.617,708038.0,9453.505,44.77853,,,,,,
1783616665.617,708043.0,9454.697,44.777752,,,,,,
1783616665.618,708048.0,9454.391,44.78125,,,,,,
1783616665.619,708053.0,9453.709,44.780571,,,,,,
1783616665.619,708058.0,9453.947,44.777267,,,,,,
1783616665.620,708063.0,9454.288,44.776295,,,,,,
1783616665.620,708068.0,9453.572,44.778336,,,,,,
1783616665.621,708073.0,9453.471,44.778625,,,,,,
1783616665.622,708078.0,9454.289,44.778915,,,,,,
1783616665.622,708083.0,9453.846,44.780182,,,,,,
1783616665.623,708088.0,9453.471,44.783871,,,,,,
1783616665.623,708093.0,9455.072,44.776684,,,,,,
1783616665.624,708098.0,9454.768,44.774929,,,,,,
1783616665.624,708103.0,9453.982,44.777168,,,,,,
1783616665.625,708108.0,9454.186,44.776588,,,,,,
1783616665.626,708113.0,9454.084,44.774254,,,,,,
1783616665.626,708118.0,9452.311,44.779308,,,,,,
1783616665.852,708123.0,9452.345,44.779209,,,,,,
1783616665.853,708128.0,9452.549,44.776005,,,,,,
1783616665.854,708133.0,9452.651,44.775711,,,,,,
1783616665.855,708138.0,9452.651,44.778336,,,,,,
1783616665.856,708143.0,9453.879,44.774837,,,,,,
1783616665.857,708148.0,9454.151,44.774059,,,,,,
1783616665.858,708153.0,9453.879,44.774837,,,,,,
1783616665.858,708158.0,9453.777,44.777752,,,,,,
1783616665.859,708163.0,9453.947,44.777267,,,,,,
1783616665.860,708168.0,9452.413,44.781639,,,,,,
1783616665.861,708173.0,9452.276,44.782032,,,,,,
1783616665.861,708178.0,9452.447,44.784168,,,,,,
1783616665.862,708183.0,9452.243,44.784748,,,,,,
1783616665.863,708188.0,9451.971,44.782902,,,,,,
1783616665.864,708193.0,9453.709,44.777946,,,,,,
1783616665.865,708198.0,9453.776,44.78038,,,,,,
1783616665.865,708203.0,9453.572,44.778336,,,,,,
1783616665.866,708208.0,9453.539,44.775806,,,,,,
1783616665.868,708213.0,9453.641,44.778141,,,,,,
1783616665.868,708218.0,9452.346,44.781834,,,,,,
1783616665.869,708223.0,9452.38,44.77911,,,,,,
1783616665.870,708228.0,9453.027,44.777264,,,,,,
1783616665.871,708233.0,9452.142,44.779789,,,,,,
1783616665.871,708238.0,9452.721,44.778141,,,,,,
1783616665.872,708243.0,9453.471,44.776001,,,,,,
1783616665.873,708248.0,9453.437,44.7761,,,,,,
1783616665.873,708253.0,9452.517,44.778721,,,,,,
1783616665.874,708258.0,9453.607,44.778236,,,,,,
1783616665.875,708263.0,9452.925,44.777557,,,,,,
1783616665.876,708268.0,9451.936,44.783001,,,,,,
1783616665.876,708273.0,9451.971,44.782902,,,,,,
1783616665.877,708278.0,9452.925,44.782806,,,,,,
1783616665.878,708283.0,9452.346,44.781834,,,,,,
1783616665.878,708288.0,9453.096,44.779694,,,,,,
1783616665.879,708293.0,9454.049,44.774353,,,,,,
1783616665.880,708298.0,9453.947,44.774643,,,,,,
1783616665.881,708303.0,9452.959,44.774834,,,,,,
1783616665.881,708308.0,9453.026,44.774643,,,,,,
1783616665.882,708313.0,9452.515,44.776104,,,,,,
1783616665.883,708318.0,9451.833,44.778046,,,,,,
1783616665.884,708323.0,9451.663,44.77853,,,,,,
1783616665.885,708328.0,9452.72,44.775517,,,,,,
1783616665.886,708333.0,9453.095,44.774448,,,,,,
1783616665.886,708338.0,9453.401,44.773575,,,,,,
1783616665.887,708343.0,9454.288,44.77367,,,,,,
1783616665.888,708348.0,9454.766,44.772308,,,,,,
1783616665.888,708353.0,9453.743,44.775223,,,,,,
1783616665.889,708358.0,9453.504,44.77853,,,,,,
1783616665.890,708363.0,9453.47,44.778629,,,,,,
1783616665.890,708368.0,9452.141,44.782417,,,,,,
1783616665.892,708373.0,9452.276,44.782032,,,,,,
1783616665.892,708378.0,9453.3,44.779114,,,,,,
1783616665.894,708383.0,9453.334,44.779015,,,,,,
1783616666.061,708388.0,9452.925,44.780182,,,,,,
1783616666.062,708393.0,9453.777,44.777752,,,,,,
1783616666.063,708398.0,9453.538,44.778435,,,,,,
1783616666.064,708403.0,9452.651,44.783585,,,,,,
1783616666.064,708408.0,9453.061,44.779797,,,,,,
1783616666.065,708413.0,9453.299,44.781738,,,,,,
1783616666.066,708418.0,9452.516,44.783974,,,,,,
1783616666.067,708423.0,9452.141,44.785042,,,,,,
1783616666.068,708428.0,9452.652,44.78096,,,,,,
1783616666.069,708433.0,9452.276,44.784657,,,,,,
1783616666.070,708438.0,9452.141,44.782417,,,,,,
1783616666.070,708443.0,9453.401,44.776199,,,,,,
1783616666.071,708448.0,9453.811,44.777657,,,,,,
1783616666.072,708453.0,9453.197,44.779404,,,,,,
1783616666.073,708458.0,9453.436,44.7761,,,,,,
1783616666.073,708463.0,9453.504,44.775906,,,,,,
1783616666.074,708468.0,9452.141,44.782417,,,,,,
1783616666.075,708473.0,9451.868,44.780571,,,,,,
1783616666.075,708478.0,9452.447,44.781544,,,,,,
1783616666.076,708483.0,9452.277,44.784653,,,,,,
1783616666.077,708488.0,9452.311,44.784557,,,,,,
1783616666.078,708493.0,9453.947,44.779892,,,,,,
1783616666.078,708498.0,9454.254,44.779018,,,,,,
1783616666.079,708503.0,9453.675,44.78067,,,,,,
1783616666.080,708508.0,9453.776,44.777756,,,,,,
1783616666.080,708513.0,9454.356,44.778725,,,,,,
1783616666.081,708518.0,9452.721,44.780766,,,,,,
1783616666.083,708523.0,9452.55,44.783875,,,,,,
1783616666.084,708528.0,9453.402,44.781445,,,,,,
1783616666.085,708533.0,9453.505,44.781155,,,,,,
1783616666.086,708538.0,9453.197,44.782028,,,,,,
1783616666.087,708543.0,9454.526,44.77824,,,,,,
1783616666.087,708548.0,9454.561,44.778145,,,,,,
1783616666.088,708553.0,9454.016,44.777073,,,,,,
1783616666.089,708558.0,9453.913,44.779987,,,,,,
1783616666.090,708563.0,9454.118,44.776779,,,,,,
1783616666.090,708568.0,9453.096,44.779694,,,,,,
1783616666.091,708573.0,9453.266,44.779209,,,,,,
1783616666.092,708578.0,9453.879,44.777462,,,,,,
1783616666.093,708583.0,9453.879,44.777462,,,,,,
1783616666.355,708588.0,9453.606,44.77824,,,,,,
1783616666.356,708593.0,9454.424,44.775909,,,,,,
1783616666.357,708598.0,9453.947,44.777267,,,,,,
1783616666.358,708603.0,9452.788,44.780571,,,,,,
1783616666.359,708608.0,9452.242,44.779503,,,,,,
1783616666.360,708613.0,9452.209,44.782223,,,,,,
1783616666.361,708618.0,9451.629,44.786499,,,,,,
1783616666.361,708623.0,9451.971,44.782902,,,,,,
1783616666.362,708628.0,9453.266,44.779209,,,,,,
1783616666.363,708633.0,9454.254,44.779018,,,,,,
1783616666.364,708638.0,9454.016,44.779697,,,,,,
1783616666.364,708643.0,9454.117,44.776783,,,,,,
1783616666.366,708648.0,9453.981,44.779793,,,,,,
1783616666.368,708653.0,9452.924,44.785431,,,,,,
1783616666.369,708658.0,9452.72,44.78339,,,,,,
1783616666.370,708663.0,9452.992,44.782616,,,,,,
1783616666.371,708668.0,9452.243,44.784748,,,,,,
1783616666.372,708673.0,9452.209,44.782223,,,,,,
1783616666.372,708678.0,9453.164,44.776875,,,,,,
1783616666.373,708683.0,9452.755,44.778042,,,,,,
1783616666.374,708688.0,9452.413,44.77639,,,,,,
1783616666.375,708693.0,9453.811,44.775032,,,,,,
1783616666.375,708698.0,9454.118,44.776779,,,,,,
1783616666.376,708703.0,9453.606,44.77824,,,,,,
1783616666.377,708708.0,9454.084,44.779503,,,,,,
1783616666.378,708713.0,9453.947,44.779892,,,,,,
1783616666.378,708718.0,9452.89,44.780281,,,,,,
1783616666.379,708723.0,9453.095,44.779697,,,,,,
1783616666.380,708728.0,9453.197,44.779404,,,,,,
1783616666.381,708733.0,9452.958,44.780087,,,,,,
1783616666.382,708738.0,9453.163,44.782127,,,,,,
1783616666.384,708743.0,9454.083,44.782127,,,,,,
1783616666.385,708748.0,9453.845,44.780186,,,,,,
1783616666.386,708753.0,9453.674,44.783291,,,,,,
1783616666.387,708758.0,9453.538,44.781059,,,,,,
1783616666.387,708763.0,9453.709,44.777946,,,,,,
1783616666.388,708768.0,9452.617,44.778435,,,,,,
1783616666.389,708773.0,9453.061,44.777172,,,,,,
1783616666.390,708778.0,9453.401,44.773575,,,,,,
1783616666.390,708783.0,9453.709,44.775322,,,,,,
1783616666.391,708788.0,9453.641,44.775517,,,,,,
1783616666.392,708793.0,9455.038,44.774158,,,,,,
1783616666.392,708798.0,9454.97,44.776978,,,,,,
1783616666.393,708803.0,9454.221,44.779114,,,,,,
1783616666.394,708808.0,9454.391,44.778629,,,,,,
1783616666.395,708813.0,9454.868,44.777267,,,,,,
1783616666.396,708818.0,9453.539,44.778431,,,,,,
1783616666.396,708823.0,9453.026,44.777267,,,,,,
1783616666.397,708828.0,9453.538,44.778435,,,,,,
1783616666.398,708833.0,9452.788,44.777946,,,,,,
1783616666.399,708838.0,9452.311,44.781933,,,,,,
1783616666.400,708843.0,9453.675,44.778046,,,,,,
1783616666.401,708848.0,9453.3,44.779114,,,,,,
1783616666.402,708853.0,9453.027,44.779888,,,,,,
1783616666.402,708858.0,9453.368,44.778919,,,,,,
1783616666.403,708863.0,9452.959,44.780083,,,,,,
1783616666.404,708868.0,9451.834,44.783291,,,,,,
1783616666.405,708873.0,9452.346,44.781834,,,,,,
1783616666.405,708878.0,9452.856,44.780376,,,,,,
1783616666.406,708883.0,9453.334,44.779015,,,,,,
1783616666.407,708888.0,9453.846,44.774933,,,,,,
1783616666.407,708893.0,9455.106,44.771339,,,,,,
1783616666.408,708898.0,9455.038,44.771534,,,,,,
