timestamp_computer,timestamp,sensor1,sensor2,mag,width,crack_x,crack_size,serial out,response
1780436913.432,5077860.0,4293.347,2.523615,,,,,status,l_h=11.800000 c_f=220.000000 q=25.000000
1780436913.434,5077885.0,4293.263,2.523615,,,,,,
1780436913.435,5077910.0,4293.243,2.523615,,,,,,
1780436913.493,5077935.0,4293.324,2.523615,,,,,,
1780436913.493,5077960.0,4293.327,2.523615,,,,,,
1780436913.494,5077985.0,4293.285,2.523615,,,,,,
1780436913.579,5078010.0,4293.237,2.523615,,,,,,
1780436913.581,5078035.0,4293.355,2.52349,,,,,,
1780436913.582,5078060.0,4293.538,2.52349,,,,,,
1780436913.667,5078085.0,4293.628,2.52349,,,,,,
1780436913.668,5078110.0,4293.516,2.52349,,,,,,
1780436913.670,5078135.0,4293.546,2.52349,,,,,,
1780436913.681,5078160.0,4293.552,2.52349,,,,,,
1780436913.742,5078185.0,4293.507,2.52349,,,,,,
1780436913.743,5078210.0,4293.538,2.52349,,,,,,
1780436913.744,5078235.0,4293.519,2.52349,,,,,,
1780436913.791,5078260.0,4293.561,2.52349,,,,,,
1780436913.860,5078285.0,4293.617,2.523365,,,,,,
1780436913.862,5078310.0,4293.58,2.523365,,,,,,
1780436913.863,5078335.0,4293.499,2.523365,,,,,,
1780436913.934,5078360.0,4293.465,2.523365,,,,,,
1780436913.935,5078385.0,4293.442,2.523365,,,,,,
1780436913.936,5078410.0,4293.412,2.523365,,,,,,
1780436913.992,5078435.0,4293.386,2.523365,,,,,,
1780436913.994,5078460.0,4293.257,2.523365,,,,,,
1780436913.995,5078485.0,4293.364,2.523365,,,,,,
1780436914.065,5078510.0,4293.327,2.523365,,,,,,
1780436914.066,5078535.0,4293.265,2.523365,,,,,,
1780436914.124,5078560.0,4293.313,2.523365,,,,,,
1780436914.125,5078585.0,4293.263,2.523365,,,,,,
1780436914.126,5078610.0,4293.257,2.523365,,,,,,
1780436914.177,5078635.0,4293.33,2.523365,,,,,,
1780436914.179,5078660.0,4293.296,2.523365,,,,,,
1780436914.249,5078685.0,4293.192,2.523365,,,,,,
1780436914.250,5078710.0,4293.187,2.523365,,,,,,
1780436914.251,5078735.0,4293.178,2.523365,,,,,,
1780436914.306,5078760.0,4293.145,2.52349,,,,,,
1780436914.307,5078785.0,4293.119,2.52349,,,,,,
1780436914.371,5078810.0,4293.125,2.52349,,,,,,
1780436914.372,5078835.0,4293.161,2.52349,,,,,,
1780436914.373,5078860.0,4293.1,2.52349,,,,,,
1780436914.438,5078885.0,4293.105,2.52349,,,,,,
1780436914.439,5078910.0,4293.161,2.52349,,,,,,
1780436914.506,5078935.0,4293.145,2.523615,,,,,,
1780436914.507,5078960.0,4293.229,2.52374,,,,,,
1780436914.507,5078985.0,4293.204,2.52374,,,,,,
1780436914.573,5079010.0,4293.184,2.52374,,,,,,
1780436914.574,5079035.0,4293.127,2.52374,,,,,,
1780436914.576,5079060.0,4293.167,2.52374,,,,,,
1780436914.635,5079085.0,4293.184,2.523865,,,,,,
1780436914.636,5079110.0,4293.209,2.523865,,,,,,
1780436914.710,5079135.0,4293.22,2.523865,,,,,,
1780436914.713,5079160.0,4293.229,2.523865,,,,,,
1780436914.715,5079185.0,4293.223,2.523865,,,,,,
1780436914.787,5079210.0,4293.147,2.523865,,,,,,
1780436914.788,5079235.0,4293.125,2.523865,,,,,,
1780436914.789,5079260.0,4293.105,2.523865,,,,,,
1780436914.856,5079285.0,4293.068,2.523865,,,,,,
1780436914.858,5079310.0,4293.049,2.523865,,,,,,
1780436914.859,5079335.0,4292.973,2.523865,,,,,,
1780436914.926,5079360.0,4292.911,2.523865,,,,,,
1780436914.927,5079385.0,4292.959,2.52374,,,,,,
1780436914.929,5079410.0,4292.973,2.52374,,,,,,
1780436914.985,5079435.0,4292.891,2.52374,,,,,,
1780436914.986,5079460.0,4292.911,2.52374,,,,,,
1780436915.051,5079485.0,4293.046,2.52374,,,,,,
1780436915.052,5079510.0,4293.083,2.523865,,,,,,
1780436915.053,5079535.0,4293.006,2.523865,,,,,,
1780436915.071,5079560.0,4292.995,2.52374,,,,,,
1780436915.104,5079585.0,4292.976,2.523615,,,,,,
1780436915.126,5079610.0,4293.041,2.523615,,,,,,
1780436915.149,5079635.0,4293.083,2.523615,,,,,,
1780436915.174,5079660.0,4293.102,2.523615,,,,,,
1780436915.197,5079685.0,4293.153,2.523615,,,,,,
1780436915.230,5079710.0,4293.195,2.52349,,,,,,
1780436915.255,5079735.0,4293.156,2.52349,,,,,,
1780436915.278,5079760.0,4293.198,2.52349,,,,,,
1780436915.303,5079785.0,4293.263,2.52349,,,,,,
1780436915.325,5079810.0,4293.133,2.52349,,,,,,
1780436915.348,5079835.0,4293.243,2.52349,,,,,,
1780436915.372,5079860.0,4293.217,2.52349,,,,,,
1780436915.406,5079885.0,4293.274,2.52349,,,,,,
1780436915.429,5079910.0,4293.265,2.523615,,,,,,
1780436915.453,5079935.0,4293.291,2.523615,,,,,status,l_h=11.800000 c_f=220.000000 q=25.000000
1780436915.516,5079960.0,4293.338,2.523615,,,,,,
1780436915.517,5079985.0,4293.369,2.52374,,,,,,
1780436915.558,5080010.0,4293.319,2.52374,,,,,,
1780436915.559,5080035.0,4293.375,2.52374,,,,,,
1780436915.606,5080060.0,4293.406,2.523865,,,,,,
1780436915.607,5080085.0,4293.372,2.523865,,,,,,
1780436915.659,5080110.0,4293.33,2.523865,,,,,,
1780436915.661,5080135.0,4293.271,2.52374,,,,,,
1780436915.723,5080160.0,4293.158,2.52374,,,,,,
1780436915.724,5080185.0,4293.274,2.52374,,,,,,
1780436915.725,5080210.0,4293.246,2.52374,,,,,,
1780436915.787,5080235.0,4293.226,2.52374,,,,,,
1780436915.788,5080260.0,4293.257,2.52374,,,,,,
1780436915.852,5080285.0,4293.254,2.52374,,,,,,
1780436915.853,5080310.0,4293.217,2.52374,,,,,,
1780436915.855,5080335.0,4293.24,2.52374,,,,,,
1780436915.910,5080360.0,4293.147,2.52374,,,,,,
1780436915.911,5080385.0,4293.24,2.52374,,,,,,
1780436915.979,5080410.0,4293.145,2.52374,,,,,,
1780436915.981,5080435.0,4293.142,2.52374,,,,,,
1780436915.986,5080460.0,4293.13,2.52374,,,,,,
1780436916.039,5080485.0,4293.181,2.52374,,,,,,
1780436916.039,5080510.0,4293.15,2.52374,,,,,,
1780436916.105,5080535.0,4293.198,2.523615,,,,,,
1780436916.107,5080560.0,4293.153,2.523615,,,,,,
1780436916.108,5080585.0,4293.209,2.523615,,,,,,
1780436916.168,5080610.0,4293.268,2.52349,,,,,,
1780436916.169,5080635.0,4293.231,2.52349,,,,,,
1780436916.170,5080660.0,4293.288,2.52349,,,,,,
1780436916.229,5080685.0,4293.274,2.523365,,,,,,
1780436916.229,5080710.0,4293.293,2.523365,,,,,,
1780436916.295,5080735.0,4293.378,2.523365,,,,,,
1780436916.296,5080760.0,4293.403,2.523365,,,,,,
1780436916.297,5080785.0,4293.386,2.523365,,,,,,
1780436916.349,5080810.0,4293.299,2.523365,,,,,,
1780436916.349,5080835.0,4293.192,2.523365,,,,,,
1780436916.425,5080860.0,4293.133,2.523365,,,,,,
1780436916.426,5080885.0,4293.142,2.523365,,,,,,
1780436916.427,5080910.0,4293.187,2.523365,,,,,,
1780436916.485,5080935.0,4293.167,2.523365,,,,,,
1780436916.487,5080960.0,4293.13,2.523365,,,,,,
1780436916.549,5080985.0,4293.223,2.523365,,,,,,
1780436916.550,5081010.0,4293.13,2.523365,,,,,,
1780436916.550,5081035.0,4293.161,2.523365,,,,,,
1780436916.612,5081060.0,4293.209,2.52349,,,,,,
1780436916.613,5081085.0,4293.234,2.52349,,,,,,
1780436916.675,5081110.0,4293.251,2.52349,,,,,,
1780436916.677,5081135.0,4293.285,2.52349,,,,,,
1780436916.678,5081160.0,4293.274,2.52349,,,,,,
1780436916.741,5081185.0,4293.299,2.52349,,,,,,
1780436916.742,5081210.0,4293.257,2.523615,,,,,,
1780436916.823,5081235.0,4293.223,2.523615,,,,,,
1780436916.824,5081260.0,4293.198,2.523615,,,,,,
1780436916.825,5081285.0,4293.22,2.523615,,,,,,
1780436916.826,5081310.0,4293.234,2.523615,,,,,,
1780436916.884,5081335.0,4293.237,2.523615,,,,,,
1780436916.885,5081360.0,4293.178,2.52374,,,,,,
1780436916.948,5081385.0,4293.142,2.52374,,,,,,
1780436916.948,5081410.0,4293.226,2.52374,,,,,,
1780436916.949,5081435.0,4293.372,2.52374,,,,,,
1780436917.042,5081460.0,4293.474,2.52374,,,,,,
1780436917.043,5081485.0,4293.465,2.52374,,,,,,
1780436917.045,5081510.0,4293.353,2.52374,,,,,,
1780436917.046,5081535.0,4293.192,2.52374,,,,,,
1780436917.124,5081560.0,4293.224,2.52374,,,,,,
1780436917.125,5081585.0,4293.229,2.52374,,,,,,
1780436917.127,5081610.0,4293.195,2.52374,,,,,,
1780436917.202,5081635.0,4293.254,2.523865,,,,,,
1780436917.204,5081660.0,4293.136,2.523865,,,,,,
1780436917.206,5081685.0,4293.088,2.52374,,,,,,
1780436917.279,5081710.0,4293.041,2.523865,,,,,,
1780436917.281,5081735.0,4292.973,2.523865,,,,,,
1780436917.282,5081760.0,4292.908,2.523865,,,,,,
1780436917.374,5081785.0,4293.006,2.523865,,,,,,
1780436917.376,5081810.0,4293.032,2.523865,,,,,,
1780436917.377,5081835.0,4292.993,2.52374,,,,,,
1780436917.379,5081860.0,4293.1,2.52374,,,,,,
1780436917.476,5081885.0,4293.074,2.52374,,,,,,
1780436917.478,5081910.0,4293.026,2.52374,,,,,,
1780436917.480,5081935.0,4292.987,2.52374,,,,,,
1780436917.481,5081960.0,4292.838,2.52374,,,,,,
1780436917.555,5081985.0,4292.827,2.523615,,,,,,
1780436917.557,5082010.0,4292.762,2.523615,,,,,,
1780436917.559,5082035.0,4292.785,2.523615,,,,,,
1780436917.626,5082060.0,4292.703,2.523615,,,,,,
1780436917.627,5082085.0,4292.711,2.523615,,,,,,
1780436917.629,5082110.0,4292.79,2.523615,,,,,,
1780436917.689,5082135.0,4292.934,2.523615,,,,,,
1780436917.691,5082160.0,4293.111,2.523615,,,,,,
1780436917.752,5082185.0,4293.063,2.523615,,,,,,
1780436917.753,5082210.0,4293.083,2.523615,,,,,,
1780436917.754,5082235.0,4293.111,2.523615,,,,,,
1780436917.809,5082260.0,4293.063,2.52349,,,,,,
1780436917.811,5082285.0,4293.088,2.52349,,,,,,
1780436917.876,5082310.0,4293.13,2.52349,,,,,,
1780436917.877,5082335.0,4293.156,2.523365,,,,,,
1780436917.878,5082360.0,4293.175,2.523365,,,,,,
1780436917.926,5082385.0,4293.172,2.523365,,,,,,
1780436917.927,5082410.0,4293.063,2.523365,,,,,,
1780436917.999,5082435.0,4293.043,2.523365,,,,,,
1780436918.000,5082460.0,4293.1,2.523365,,,,,,
1780436918.000,5082485.0,4292.979,2.523365,,,,,,
1780436918.063,5082510.0,4293.021,2.523365,,,,,,
1780436918.064,5082535.0,4292.886,2.523365,,,,,,
1780436918.131,5082560.0,4292.97,2.52349,,,,,,
1780436918.132,5082585.0,4293.038,2.52349,,,,,,
1780436918.133,5082610.0,4293.006,2.52349,,,,,,
1780436918.202,5082635.0,4293.004,2.52349,,,,,,
1780436918.205,5082660.0,4292.967,2.52349,,,,,,
1780436918.206,5082685.0,4292.964,2.52349,,,,,,
1780436918.272,5082710.0,4292.993,2.52349,,,,,,
1780436918.273,5082735.0,4292.934,2.52349,,,,,,
1780436918.274,5082760.0,4292.919,2.52349,,,,,,
1780436918.330,5082785.0,4292.883,2.52349,,,,,,
1780436918.331,5082810.0,4292.947,2.52349,,,,,,
1780436918.392,5082835.0,4292.931,2.52349,,,,,,
1780436918.394,5082860.0,4292.838,2.52349,,,,,,
1780436918.395,5082885.0,4292.875,2.52349,,,,,,
1780436918.457,5082910.0,4293.074,2.52349,,,,,,
1780436918.459,5082935.0,4293.015,2.52349,,,,,,
1780436918.530,5082960.0,4293.125,2.52349,,,,,,
1780436918.531,5082985.0,4293.108,2.52349,,,,,,
1780436918.532,5083010.0,4293.074,2.52349,,,,,,
1780436918.591,5083035.0,4293.133,2.52349,,,,,,
1780436918.592,5083060.0,4293.08,2.52349,,,,,,
1780436918.647,5083085.0,4292.925,2.52349,,,,,,
1780436918.648,5083110.0,4292.947,2.52349,,,,,,
1780436918.649,5083135.0,4293.057,2.52349,,,,,,
1780436918.697,5083160.0,4293.133,2.52349,,,,,,
1780436918.698,5083185.0,4293.195,2.523365,,,,,,
1780436918.761,5083210.0,4293.167,2.523365,,,,,,
1780436918.762,5083235.0,4293.192,2.523365,,,,,,
1780436918.829,5083260.0,4293.271,2.523365,,,,,,
1780436918.830,5083285.0,4293.122,2.52349,,,,,,
1780436918.831,5083310.0,4293.122,2.52349,,,,,,
1780436918.888,5083335.0,4293.15,2.52349,,,,,,
1780436918.890,5083360.0,4293.139,2.52349,,,,,,
1780436918.970,5083385.0,4293.102,2.52349,,,,,,
1780436918.972,5083410.0,4293.063,2.52349,,,,,,
1780436918.973,5083435.0,4293.012,2.52349,,,,,,
1780436918.974,5083460.0,4293.094,2.52349,,,,,,
1780436919.045,5083485.0,4293.127,2.52349,,,,,,
1780436919.047,5083510.0,4293.102,2.52349,,,,,,
1780436919.048,5083535.0,4293.054,2.52349,,,,,,
1780436919.141,5083560.0,4293.119,2.52349,,,,,,
1780436919.143,5083585.0,4293.091,2.52349,,,,,,
1780436919.144,5083610.0,4293.127,2.52349,,,,,,
1780436919.145,5083635.0,4293.116,2.52349,,,,,,
1780436919.208,5083660.0,4293.158,2.52349,,,,,,
1780436919.209,5083685.0,4293.229,2.52349,,,,,,
1780436919.267,5083710.0,4293.338,2.52349,,,,,,
1780436919.269,5083735.0,4293.364,2.52349,,,,,,
1780436919.271,5083760.0,4293.293,2.523615,,,,,,
1780436919.341,5083785.0,4293.254,2.523615,,,,,,
1780436919.341,5083810.0,4293.175,2.523615,,,,,,
1780436919.397,5083835.0,4293.145,2.523615,,,,,,
1780436919.398,5083860.0,4293.142,2.523615,,,,,,
1780436919.398,5083885.0,4293.136,2.523615,,,,,,
1780436919.443,5083910.0,4293.243,2.52349,,,,,,
1780436919.509,5083935.0,4293.257,2.52349,,,,,,
1780436919.509,5083960.0,4293.22,2.52349,,,,,,
1780436919.510,5083985.0,4293.279,2.52349,,,,,,
1780436919.575,5084010.0,4293.395,2.52349,,,,,,
1780436919.576,5084035.0,4293.33,2.52349,,,,,,
1780436919.576,5084060.0,4293.381,2.52349,,,,,,
1780436919.654,5084085.0,4293.316,2.52349,,,,,,
1780436919.654,5084110.0,4293.33,2.52349,,,,,,
1780436919.655,5084135.0,4293.319,2.52349,,,,,,
1780436919.697,5084160.0,4293.395,2.52349,,,,,,
1780436919.698,5084185.0,4293.403,2.52349,,,,,,
1780436919.759,5084210.0,4293.406,2.52349,,,,,,
1780436919.760,5084235.0,4293.395,2.52349,,,,,,
1780436919.823,5084260.0,4293.592,2.52349,,,,,,
1780436919.824,5084285.0,4293.583,2.52349,,,,,,
1780436919.825,5084310.0,4293.555,2.52349,,,,,,
1780436919.884,5084335.0,4293.51,2.52349,,,,,,
1780436919.885,5084360.0,4293.462,2.52349,,,,,,
1780436919.951,5084385.0,4293.482,2.523365,,,,,,
1780436919.952,5084410.0,4293.549,2.523365,,,,,,
1780436919.953,5084435.0,4293.555,2.523365,,,,,,
1780436920.014,5084460.0,4293.634,2.523365,,,,,,
1780436920.016,5084485.0,4293.592,2.523365,,,,,,
1780436920.078,5084510.0,4293.648,2.523365,,,,,,
1780436920.080,5084535.0,4293.625,2.523365,,,,,,
1780436920.081,5084560.0,4293.58,2.523365,,,,,,
1780436920.140,5084585.0,4293.594,2.523365,,,,,,
1780436920.141,5084610.0,4293.546,2.523365,,,,,,
1780436920.191,5084635.0,4293.519,2.523365,,,,,,
1780436920.191,5084660.0,4293.552,2.523365,,,,,,
1780436920.270,5084685.0,4293.566,2.523365,,,,,,
1780436920.271,5084710.0,4293.597,2.523365,,,,,,
1780436920.272,5084735.0,4293.631,2.523365,,,,,,
1780436920.273,5084760.0,4293.625,2.523365,,,,,,
1780436920.332,5084785.0,4293.521,2.523365,,,,,,
1780436920.333,5084810.0,4293.457,2.523365,,,,,,
1780436920.399,5084835.0,4293.4,2.523365,,,,,,
1780436920.401,5084860.0,4293.383,2.523365,,,,,,
1780436920.402,5084885.0,4293.26,2.523365,,,,,,
1780436920.460,5084910.0,4293.127,2.523365,,,,,,
1780436920.461,5084935.0,4293.023,2.523365,,,,,,
1780436920.521,5084960.0,4293.054,2.523365,,,,,,
1780436920.523,5084985.0,4293.127,2.523365,,,,,,
1780436920.524,5085010.0,4293.065,2.523365,,,,,,
1780436920.587,5085035.0,4292.979,2.523365,,,,,,
1780436920.588,5085060.0,4293.032,2.523365,,,,,,
1780436920.645,5085085.0,4292.995,2.523365,,,,,,
1780436920.646,5085110.0,4293.046,2.523365,,,,,,
1780436920.647,5085135.0,4292.998,2.523365,,,,,,
1780436920.714,5085160.0,4293.015,2.523365,,,,,,
1780436920.715,5085185.0,4293.105,2.523365,,,,,,
1780436920.778,5085210.0,4293.119,2.523365,,,,,,
1780436920.779,5085235.0,4293.265,2.523365,,,,,,
1780436920.780,5085260.0,4293.217,2.52349,,,,,,
1780436920.840,5085285.0,4293.288,2.52349,,,,,,
1780436920.841,5085310.0,4293.187,2.52349,,,,,,
1780436920.904,5085335.0,4293.147,2.523615,,,,,,
1780436920.905,5085360.0,4293.139,2.523615,,,,,,
1780436920.906,5085385.0,4293.164,2.523615,,,,,,
1780436920.967,5085410.0,4293.308,2.523615,,,,,,
1780436920.969,5085435.0,4293.274,2.523615,,,,,,
1780436920.970,5085460.0,4293.279,2.523615,,,,,,
1780436921.032,5085485.0,4293.234,2.523615,,,,,,
1780436921.033,5085510.0,4293.158,2.523615,,,,,,
1780436921.094,5085535.0,4293.201,2.523615,,,,,,
1780436921.095,5085560.0,4293.274,2.523615,,,,,,
1780436921.095,5085585.0,4293.26,2.523615,,,,,,
1780436921.151,5085610.0,4293.251,2.523615,,,,,,
1780436921.152,5085635.0,4293.296,2.523615,,,,,,
1780436921.207,5085660.0,4293.386,2.523615,,,,,,
1780436921.208,5085685.0,4293.308,2.523615,,,,,,
1780436921.271,5085710.0,4293.355,2.523615,,,,,,
1780436921.271,5085735.0,4293.192,2.523615,,,,,,
1780436921.272,5085760.0,4293.217,2.523615,,,,,,
1780436921.335,5085785.0,4293.204,2.523615,,,,,,
1780436921.335,5085810.0,4293.125,2.523615,,,,,,
1780436921.397,5085835.0,4293.052,2.523615,,,,,,
1780436921.398,5085860.0,4292.947,2.523615,,,,,,
1780436921.399,5085885.0,4292.917,2.52349,,,,,,
1780436921.461,5085910.0,4292.852,2.52349,,,,,,
1780436921.461,5085935.0,4292.866,2.52349,,,,,,
1780436921.524,5085960.0,4292.88,2.523365,,,,,,
1780436921.524,5085985.0,4292.875,2.523365,,,,,,
1780436921.525,5086010.0,4292.81,2.523365,,,,,,
1780436921.588,5086035.0,4292.661,2.523365,,,,,,
1780436921.590,5086060.0,4292.691,2.523365,,,,,,
1780436921.651,5086085.0,4292.582,2.523365,,,,,,
1780436921.653,5086110.0,4292.745,2.523365,,,,,,
1780436921.654,5086135.0,4292.782,2.523365,,,,,,
1780436921.743,5086160.0,4292.821,2.523365,,,,,,
1780436921.744,5086185.0,4292.942,2.523365,,,,,,
1780436921.746,5086210.0,4293.085,2.523365,,,,,,
1780436921.747,5086235.0,4293.122,2.523365,,,,,,
1780436921.813,5086260.0,4293.021,2.523365,,,,,,
1780436921.814,5086285.0,4292.979,2.523365,,,,,,
1780436921.865,5086310.0,4292.993,2.523365,,,,,,
1780436921.866,5086335.0,4292.939,2.523365,,,,,,
1780436921.910,5086360.0,4293.066,2.523365,,,,,,
1780436921.911,5086385.0,4293.054,2.523365,,,,,,
1780436921.975,5086410.0,4293.077,2.523365,,,,,,
1780436921.976,5086435.0,4293.065,2.523365,,,,,,
1780436921.977,5086460.0,4293.083,2.523365,,,,,,
1780436922.024,5086485.0,4293.018,2.523365,,,,,,
1780436922.025,5086510.0,4293.009,2.523365,,,,,,
1780436922.081,5086535.0,4292.993,2.523365,,,,,,
1780436922.083,5086560.0,4292.97,2.523365,,,,,,
1780436922.145,5086585.0,4292.947,2.523365,,,,,,
1780436922.147,5086610.0,4292.9,2.523365,,,,,,
1780436922.148,5086635.0,4292.939,2.523365,,,,,,
1780436922.216,5086660.0,4292.857,2.523365,,,,,,
1780436922.217,5086685.0,4292.821,2.523365,,,,,,
1780436922.277,5086710.0,4292.922,2.523365,,,,,,
1780436922.278,5086735.0,4292.827,2.523365,,,,,,
1780436922.279,5086760.0,4292.922,2.523365,,,,,,
1780436922.353,5086785.0,4292.88,2.523365,,,,,,
1780436922.355,5086810.0,4292.857,2.523365,,,,,,
1780436922.356,5086835.0,4292.725,2.523365,,,,,,
1780436922.409,5086860.0,4292.661,2.52349,,,,,,
1780436922.410,5086885.0,4292.723,2.52349,,,,,,
1780436922.477,5086910.0,4292.638,2.52349,,,,,,
1780436922.479,5086935.0,4292.627,2.52349,,,,,,
1780436922.480,5086960.0,4292.703,2.52349,,,,,,
1780436922.542,5086985.0,4292.739,2.523615,,,,,,
1780436922.543,5087010.0,4292.714,2.523615,,,,,,
1780436922.544,5087035.0,4292.691,2.523615,,,,,,
1780436922.593,5087060.0,4292.678,2.523615,,,,,,
1780436922.594,5087085.0,4292.666,2.523615,,,,,,
1780436922.657,5087110.0,4292.849,2.523615,,,,,,
1780436922.659,5087135.0,4292.928,2.523615,,,,,,
1780436922.728,5087160.0,4292.919,2.523615,,,,,,
1780436922.729,5087185.0,4292.97,2.523615,,,,,,
1780436922.730,5087210.0,4293.043,2.523615,,,,,,
1780436922.809,5087235.0,4292.976,2.523615,,,,,,
1780436922.811,5087260.0,4292.883,2.523615,,,,,,
1780436922.812,5087285.0,4292.97,2.523615,,,,,,
1780436922.892,5087310.0,4292.954,2.52374,,,,,,
1780436922.894,5087335.0,4292.917,2.52374,,,,,,
1780436922.895,5087360.0,4292.857,2.52374,,,,,,
1780436922.896,5087385.0,4292.743,2.52374,,,,,,
1780436922.971,5087410.0,4292.709,2.52374,,,,,,
1780436922.973,5087435.0,4292.666,2.52374,,,,,,
1780436922.974,5087460.0,4292.706,2.52374,,,,,,
1780436923.038,5087485.0,4292.762,2.523615,,,,,,
1780436923.039,5087510.0,4292.771,2.52374,,,,,,
1780436923.092,5087535.0,4292.776,2.52374,,,,,,
1780436923.092,5087560.0,4292.759,2.52374,,,,,,
1780436923.152,5087585.0,4292.756,2.52374,,,,,,
1780436923.152,5087610.0,4292.694,2.523615,,,,,,
1780436923.153,5087635.0,4292.706,2.523615,,,,,,
1780436923.215,5087660.0,4292.734,2.523615,,,,,,
1780436923.215,5087685.0,4292.776,2.523615,,,,,,
1780436923.279,5087710.0,4292.784,2.523615,,,,,,
1780436923.282,5087735.0,4292.723,2.52374,,,,,,
1780436923.283,5087760.0,4292.672,2.52374,,,,,,
1780436923.326,5087785.0,4292.854,2.52374,,,,,,
1780436923.327,5087810.0,4292.776,2.52374,,,,,,
1780436923.352,5087835.0,4292.75,2.52374,,,,,,
1780436923.374,5087860.0,4292.86,2.52374,,,,,,
1780436923.397,5087885.0,4292.886,2.52374,,,,,,
1780436923.430,5087910.0,4292.863,2.52374,,,,,,
1780436923.452,5087935.0,4292.931,2.523615,,,,,,
1780436923.475,5087960.0,4292.846,2.52374,,,,,,
1780436923.499,5087985.0,4292.979,2.52374,,,,,,
1780436923.521,5088010.0,4292.959,2.52374,,,,,,
1780436923.554,5088035.0,4293.018,2.52374,,,,,,
1780436923.576,5088060.0,4293.139,2.52374,,,,,,
1780436923.598,5088085.0,4293.167,2.52374,,,,,,
1780436923.620,5088110.0,4293.024,2.52374,,,,,,
1780436923.653,5088135.0,4293.013,2.523615,,,,,,
1780436923.677,5088160.0,4293.068,2.523615,,,,,,
1780436923.699,5088185.0,4293.038,2.523615,,,,,,
1780436923.722,5088210.0,4292.967,2.523615,,,,,,
1780436923.798,5088235.0,4293.006,2.523615,,,,,status,l_h=11.800000 c_f=220.000000 q=25.000000
1780436923.800,5088260.0,4292.995,2.523615,,,,,,
1780436923.801,5088285.0,4292.993,2.523615,,,,,,
1780436923.840,5088310.0,4292.83,2.523615,,,,,,
1780436923.902,5088335.0,4292.965,2.523615,,,,,,
1780436923.902,5088360.0,4292.844,2.52349,,,,,,
1780436923.903,5088385.0,4292.795,2.52349,,,,,,
1780436923.962,5088410.0,4292.768,2.52349,,,,,,
1780436923.963,5088435.0,4292.81,2.52349,,,,,,
1780436924.025,5088460.0,4292.723,2.52349,,,,,,
1780436924.026,5088485.0,4292.683,2.52349,,,,,,
1780436924.027,5088510.0,4292.714,2.52349,,,,,,
1780436924.090,5088535.0,4292.753,2.52349,,,,,,
1780436924.091,5088560.0,4292.723,2.52349,,,,,,
1780436924.154,5088585.0,4292.793,2.523365,,,,,,
1780436924.155,5088610.0,4292.748,2.523365,,,,,,
1780436924.157,5088635.0,4292.79,2.523365,,,,,,
1780436924.220,5088660.0,4292.711,2.523365,,,,,,
1780436924.221,5088685.0,4292.63,2.523365,,,,,,
1780436924.222,5088710.0,4292.447,2.523365,,,,,,
1780436924.271,5088735.0,4292.467,2.52349,,,,,,
1780436924.272,5088760.0,4292.551,2.523615,,,,,,
1780436924.341,5088785.0,4292.453,2.523615,,,,,,
1780436924.342,5088810.0,4292.602,2.523615,,,,,,
1780436924.411,5088835.0,4292.486,2.523615,,,,,,
1780436924.412,5088860.0,4292.441,2.523615,,,,,,
1780436924.413,5088885.0,4292.456,2.523615,,,,,,
1780436924.471,5088910.0,4292.402,2.523615,,,,,,
1780436924.472,5088935.0,4292.554,2.523615,,,,,,
1780436924.472,5088960.0,4292.478,2.52374,,,,,,
1780436924.533,5088985.0,4292.503,2.52374,,,,,,
1780436924.534,5089010.0,4292.436,2.52374,,,,,,
1780436924.598,5089035.0,4292.458,2.52374,,,,,,
1780436924.599,5089060.0,4292.48,2.52374,,,,,,
1780436924.600,5089085.0,4292.475,2.52374,,,,,,
1780436924.661,5089110.0,4292.52,2.52374,,,,,,
1780436924.662,5089135.0,4292.427,2.52374,,,,,,
1780436924.723,5089160.0,4292.363,2.52374,,,,,,
1780436924.724,5089185.0,4292.402,2.52374,,,,,,
1780436924.724,5089210.0,4292.424,2.52374,,,,,,
1780436924.789,5089235.0,4292.388,2.523865,,,,,,
1780436924.789,5089260.0,4292.509,2.523865,,,,,,
1780436924.854,5089285.0,4292.61,2.523865,,,,,,
1780436924.854,5089310.0,4292.667,2.523865,,,,,,
1780436924.855,5089335.0,4292.762,2.523865,,,,,,
1780436924.908,5089360.0,4292.83,2.52374,,,,,,
1780436924.909,5089385.0,4292.731,2.523615,,,,,,
1780436924.981,5089410.0,4292.782,2.523615,,,,,,
1780436924.981,5089435.0,4292.759,2.523615,,,,,,
1780436924.982,5089460.0,4292.872,2.523615,,,,,,
1780436925.045,5089485.0,4292.95,2.523615,,,,,,
1780436925.045,5089510.0,4292.95,2.523615,,,,,,
1780436925.045,5089535.0,4292.973,2.523615,,,,,,
1780436925.109,5089560.0,4292.936,2.523615,,,,,,
1780436925.110,5089585.0,4292.925,2.52349,,,,,,
1780436925.171,5089610.0,4292.905,2.523615,,,,,,
1780436925.172,5089635.0,4292.939,2.523615,,,,,,
1780436925.173,5089660.0,4292.928,2.523615,,,,,,
1780436925.236,5089685.0,4292.818,2.523615,,,,,,
1780436925.236,5089710.0,4292.86,2.523615,,,,,,
1780436925.293,5089735.0,4292.813,2.523615,,,,,,
1780436925.294,5089760.0,4292.928,2.523615,,,,,,
1780436925.295,5089785.0,4293.052,2.523615,,,,,,
1780436925.356,5089810.0,4292.937,2.523615,,,,,,
1780436925.356,5089835.0,4292.965,2.523615,,,,,,
1780436925.424,5089860.0,4292.897,2.523615,,,,,,
1780436925.425,5089885.0,4292.854,2.523615,,,,,,
1780436925.425,5089910.0,4292.827,2.523615,,,,,,
1780436925.473,5089935.0,4292.799,2.523615,,,,,,
1780436925.475,5089960.0,4292.818,2.523615,,,,,,
1780436925.535,5089985.0,4292.75,2.523615,,,,,,
1780436925.536,5090010.0,4292.827,2.523615,,,,,,
1780436925.599,5090035.0,4292.846,2.523615,,,,,,
1780436925.600,5090060.0,4292.846,2.523615,,,,,,
1780436925.600,5090085.0,4292.86,2.523615,,,,,,
1780436925.662,5090110.0,4292.756,2.523615,,,,,,
1780436925.662,5090135.0,4292.79,2.523615,,,,,,
1780436925.726,5090160.0,4292.849,2.523615,,,,,,
1780436925.726,5090185.0,4292.869,2.523615,,,,,,
1780436925.726,5090210.0,4292.798,2.523615,,,,,,
1780436925.793,5090235.0,4292.815,2.52349,,,,,,
1780436925.795,5090260.0,4292.902,2.52349,,,,,,
1780436925.796,5090285.0,4292.934,2.52349,,,,,,
1780436925.861,5090310.0,4293.049,2.52349,,,,,,
1780436925.862,5090335.0,4293.046,2.52349,,,,,,
1780436925.923,5090360.0,4293.133,2.52349,,,,,,
1780436925.924,5090385.0,4293.091,2.52349,,,,,,
1780436925.925,5090410.0,4293.006,2.52349,,,,,,
1780436925.974,5090435.0,4293.147,2.52349,,,,,,
1780436925.975,5090460.0,4293.116,2.52349,,,,,,
1780436926.036,5090485.0,4293.209,2.523365,,,,,,
1780436926.037,5090510.0,4293.206,2.523365,,,,,,
1780436926.107,5090535.0,4293.195,2.523365,,,,,,
1780436926.107,5090560.0,4293.041,2.523365,,,,,,
1780436926.108,5090585.0,4293.029,2.523365,,,,,,
1780436926.159,5090610.0,4293.083,2.523365,,,,,,
1780436926.160,5090635.0,4293.054,2.523365,,,,,,
1780436926.224,5090660.0,4293.071,2.523365,,,,,,
1780436926.225,5090685.0,4292.945,2.523365,,,,,,
1780436926.225,5090710.0,4292.976,2.52349,,,,,,
1780436926.284,5090735.0,4293.009,2.52349,,,,,,
1780436926.286,5090760.0,4293.015,2.52349,,,,,,
1780436926.348,5090785.0,4292.97,2.52349,,,,,,
1780436926.349,5090810.0,4292.979,2.52349,,,,,,
1780436926.350,5090835.0,4293.049,2.52349,,,,,,
1780436926.409,5090860.0,4293.127,2.52349,,,,,,
1780436926.411,5090885.0,4293.113,2.52349,,,,,,
1780436926.489,5090910.0,4292.97,2.52349,,,,,,
1780436926.490,5090935.0,4292.964,2.52349,,,,,,
1780436926.491,5090960.0,4292.976,2.52349,,,,,,
1780436926.539,5090985.0,4292.961,2.52349,,,,,,
1780436926.540,5091010.0,4292.973,2.52349,,,,,,
1780436926.606,5091035.0,4293.029,2.52349,,,,,,
1780436926.607,5091060.0,4293.049,2.52349,,,,,,
1780436926.608,5091085.0,4293.063,2.52349,,,,,,
1780436926.668,5091110.0,4293.097,2.52349,,,,,,
1780436926.670,5091135.0,4293.012,2.52349,,,,,,
1780436926.671,5091160.0,4292.987,2.52349,,,,,,
1780436926.732,5091185.0,4293.139,2.52349,,,,,,
1780436926.732,5091210.0,4293.111,2.52349,,,,,,
1780436926.794,5091235.0,4293.083,2.52349,,,,,,
1780436926.796,5091260.0,4293.071,2.52349,,,,,,
1780436926.796,5091285.0,4293.077,2.52349,,,,,,
1780436926.858,5091310.0,4293.108,2.52349,,,,,,
1780436926.860,5091335.0,4292.998,2.523365,,,,,,
1780436926.926,5091360.0,4293.032,2.523365,,,,,,
1780436926.928,5091385.0,4293.057,2.523365,,,,,,
1780436926.929,5091410.0,4293.068,2.523365,,,,,,
1780436926.993,5091435.0,4293.026,2.523365,,,,,,
1780436926.994,5091460.0,4292.998,2.523365,,,,,,
1780436926.995,5091485.0,4293.015,2.523365,,,,,,
1780436927.054,5091510.0,4292.998,2.523365,,,,,,
1780436927.054,5091535.0,4292.984,2.523365,,,,,,
1780436927.105,5091560.0,4292.998,2.523365,,,,,,
1780436927.106,5091585.0,4293.015,2.523365,,,,,,
1780436927.170,5091610.0,4292.911,2.523365,,,,,,
1780436927.171,5091635.0,4292.914,2.523365,,,,,,
1780436927.171,5091660.0,4292.883,2.523365,,,,,,
1780436927.237,5091685.0,4292.872,2.523365,,,,,,
1780436927.237,5091710.0,4292.987,2.523365,,,,,,
1780436927.286,5091735.0,4293.026,2.523365,,,,,,
1780436927.287,5091760.0,4293.071,2.523365,,,,,,
1780436927.349,5091785.0,4293.065,2.523365,,,,,,
1780436927.349,5091810.0,4292.953,2.523365,,,,,,
1780436927.350,5091835.0,4292.976,2.523365,,,,,,
1780436927.414,5091860.0,4292.987,2.523365,,,,,,
1780436927.415,5091885.0,4292.976,2.523365,,,,,,
1780436927.476,5091910.0,4292.967,2.523365,,,,,,
1780436927.477,5091935.0,4293.026,2.523365,,,,,,
1780436927.477,5091960.0,4293.156,2.523365,,,,,,
1780436927.539,5091985.0,4293.133,2.523365,,,,,,
1780436927.540,5092010.0,4293.15,2.523365,,,,,,
1780436927.603,5092035.0,4293.004,2.523365,,,,,,
1780436927.603,5092060.0,4293.1,2.523365,,,,,,
1780436927.604,5092085.0,4293.08,2.523365,,,,,,
1780436927.666,5092110.0,4292.965,2.523365,,,,,,
1780436927.667,5092135.0,4292.964,2.523365,,,,,,
1780436927.723,5092160.0,4292.996,2.523365,,,,,,
1780436927.723,5092185.0,4292.903,2.523365,,,,,,
1780436927.723,5092210.0,4292.917,2.523365,,,,,,
1780436927.794,5092235.0,4292.95,2.523365,,,,,,
1780436927.795,5092260.0,4292.981,2.523365,,,,,,
1780436927.796,5092285.0,4293.006,2.52349,,,,,,
1780436927.854,5092310.0,4292.914,2.52349,,,,,,
1780436927.855,5092335.0,4292.773,2.52349,,,,,,
1780436927.923,5092360.0,4292.753,2.52349,,,,,,
1780436927.924,5092385.0,4292.554,2.52349,,,,,,
1780436927.924,5092410.0,4292.717,2.52349,,,,,,
1780436927.970,5092435.0,4292.717,2.52349,,,,,,
1780436927.971,5092460.0,4292.717,2.52349,,,,,,
1780436928.041,5092485.0,4292.717,2.52349,,,,,,
1780436928.042,5092510.0,4292.782,2.52349,,,,,,
1780436928.102,5092535.0,4292.872,2.52349,,,,,,
1780436928.103,5092560.0,4292.877,2.52349,,,,,,
1780436928.103,5092585.0,4292.765,2.52349,,,,,,
1780436928.170,5092610.0,4292.821,2.52349,,,,,,
1780436928.170,5092635.0,4292.714,2.52349,,,,,,
1780436928.171,5092660.0,4292.784,2.52349,,,,,,
1780436928.220,5092685.0,4292.708,2.52349,,,,,,
1780436928.220,5092710.0,4292.661,2.52349,,,,,,
1780436928.288,5092735.0,4292.655,2.52349,,,,,,
1780436928.288,5092760.0,4276.382,2.517103,,,,,,
1780436928.354,5092785.0,4280.709,2.518732,,,,,,
1780436928.355,5092810.0,4285.375,2.520614,,,,,,
1780436928.355,5092835.0,4289.811,2.522369,,,,,,
1780436928.423,5092860.0,4294.201,2.524124,,,,,,
1780436928.424,5092885.0,4298.68,2.52588,,,,,,
1780436928.425,5092910.0,4303.4,2.527636,,,,,,
1780436928.486,5092935.0,4308.334,2.529517,,,,,,
1780436928.486,5092960.0,4318.632,2.533552,,,,,,
1780436928.536,5092985.0,4333.931,2.539505,,,,,,
1780436928.537,5093010.0,4356.313,2.547912,,,,,,
1780436928.600,5093035.0,4382.717,2.558016,,,,,,
1780436928.601,5093060.0,4413.047,2.569565,,,,,,
1780436928.601,5093085.0,4449.899,2.583364,,,,,,
1780436928.673,5093110.0,4487.109,2.597431,,,,,,
1780436928.675,5093135.0,4525.822,2.612031,,,,,,
1780436928.676,5093160.0,4565.252,2.626899,,,,,,
1780436928.755,5093185.0,4605.082,2.6419,,,,,,
1780436928.756,5093210.0,4645.825,2.657169,,,,,,
1780436928.757,5093235.0,4686.476,2.672437,,,,,,
1780436928.820,5093260.0,4726.992,2.687707,,,,,,
1780436928.821,5093285.0,4767.792,2.702976,,,,,,
1780436928.822,5093310.0,4808.467,2.718244,,,,,,
1780436928.870,5093335.0,4849.266,2.733513,,,,,,
1780436928.870,5093360.0,4890.126,2.748782,,,,,,
1780436928.922,5093385.0,4947.166,2.770438,,,,,,
1780436928.923,5093410.0,4983.597,2.784077,,,,,,
1780436928.983,5093435.0,5019.868,2.797599,,,,,,
1780436928.984,5093460.0,5056.25,2.811246,,,,,,
1780436929.047,5093485.0,5092.135,2.824492,,,,,,
1780436929.048,5093510.0,5127.026,2.837604,,,,,,
1780436929.049,5093535.0,5159.212,2.849656,,,,,,
1780436929.102,5093560.0,5190.764,2.861442,,,,,,
1780436929.103,5093585.0,5214.74,2.87041,,,,,,
1780436929.159,5093610.0,5231.112,2.876401,,,,,,
1780436929.160,5093635.0,5237.985,2.879016,,,,,,
1780436929.225,5093660.0,5237.734,2.878754,,,,,,
1780436929.226,5093685.0,5233.206,2.876916,,,,,,
1780436929.227,5093710.0,5221.206,2.872566,,,,,,
1780436929.285,5093735.0,5208.223,2.867688,,,,,,
1780436929.286,5093760.0,5193.411,2.862277,,,,,,
1780436929.349,5093785.0,5176.112,2.855817,,,,,,
1780436929.350,5093810.0,5157.98,2.849224,,,,,,
1780436929.350,5093835.0,5137.923,2.841714,,,,,,
1780436929.413,5093860.0,5109.531,2.831117,,,,,,
1780436929.414,5093885.0,5071.012,2.816599,,,,,,
1780436929.475,5093910.0,5032.345,2.80208,,,,,,
1780436929.475,5093935.0,4991.74,2.786812,,,,,,
1780436929.476,5093960.0,4949.793,2.771168,,,,,,
1780436929.539,5093985.0,4907.468,2.755276,,,,,,
1780436929.540,5094010.0,4865.114,2.739384,,,,,,
1780436929.597,5094035.0,4822.325,2.723368,,,,,,
1780436929.598,5094060.0,4778.529,2.706845,,,,,,
1780436929.599,5094085.0,4734.499,2.690321,,,,,,
1780436929.659,5094110.0,4691.033,2.674075,,,,,,
1780436929.659,5094135.0,4648.007,2.65784,,,,,,
1780436929.737,5094160.0,4607.174,2.642538,,,,,,
1780436929.737,5094185.0,4566.707,2.627378,,,,,,
1780436929.738,5094210.0,4528.358,2.612759,,,,,,
1780436929.786,5094235.0,4492.53,2.599323,,,,,,
1780436929.786,5094260.0,4459.28,2.586808,,,,,,
1780436929.849,5094285.0,4428.769,2.57535,,,,,,
1780436929.850,5094310.0,4398.823,2.564023,,,,,,
1780436929.850,5094335.0,4369.955,2.552956,,,,,,
1780436929.915,5094360.0,4341.628,2.542151,,,,,,
1780436929.916,5094385.0,4313.579,2.53147,,,,,,
1780436929.980,5094410.0,4287.276,2.521446,,,,,,
1780436929.981,5094435.0,4261.349,2.511545,,,,,,
1780436929.982,5094460.0,4236.775,2.502294,,,,,,
1780436930.039,5094485.0,4220.711,2.496253,,,,,,
1780436930.039,5094510.0,4215.041,2.494134,,,,,,
1780436930.107,5094535.0,4209.84,2.492139,,,,,,
1780436930.107,5094560.0,4207.004,2.491143,,,,,,
1780436930.108,5094585.0,4205.885,2.490645,,,,,,
1780436930.170,5094610.0,4205.387,2.490396,,,,,,
1780436930.170,5094635.0,4204.943,2.490148,,,,,,
1780436930.171,5094660.0,4205.174,2.490148,,,,,,
1780436930.234,5094685.0,4206.158,2.490521,,,,,,
1780436930.244,5094710.0,4207.101,2.490894,,,,,,
1780436930.244,5094735.0,4208.246,2.491266,,,,,,
1780436930.302,5094760.0,4210.12,2.491887,,,,,,
1780436930.303,5094785.0,4220.087,2.495642,,,,,,
1780436930.368,5094810.0,4231.971,2.500153,,,,,,
1780436930.369,5094835.0,4245.627,2.505422,,,,,,
1780436930.369,5094860.0,4266.485,2.513253,,,,,,
1780436930.435,5094885.0,4292.447,2.523024,,,,,,
1780436930.436,5094910.0,4320.905,2.533828,,,,,,
1780436930.488,5094935.0,4356.62,2.547389,,,,,,
1780436930.489,5094960.0,4393.298,2.561346,,,,,,
1780436930.536,5094985.0,4433.701,2.576629,,,,,,
1780436930.537,5095010.0,4476.456,2.592722,,,,,,
1780436930.603,5095035.0,4521.208,2.609607,,,,,,
1780436930.603,5095060.0,4568.312,2.627173,,,,,,
1780436930.604,5095085.0,4616.344,2.645278,,,,,,
1780436930.666,5095110.0,4665.947,2.663799,,,,,,
1780436930.667,5095135.0,4716.321,2.682724,,,,,,
1780436930.729,5095160.0,4767.272,2.701797,,,,,,
1780436930.730,5095185.0,4818.704,2.721028,,,,,,
1780436930.730,5095210.0,4869.974,2.74027,,,,,,
1780436930.801,5095235.0,4921.795,2.759784,,,,,,
1780436930.802,5095260.0,4973.572,2.779298,,,,,,
1780436930.802,5095285.0,5025.076,2.798687,,,,,,
1780436930.856,5095310.0,5076.777,2.818076,,,,,,
1780436930.857,5095335.0,5128.856,2.837466,,,,,,
1780436930.920,5095360.0,5180.664,2.85698,,,,,,
1780436930.920,5095385.0,5232.209,2.876369,,,,,,
1780436930.921,5095410.0,5275.93,2.892625,,,,,,
1780436930.973,5095435.0,5317.87,2.908248,,,,,,
1780436930.974,5095460.0,5357.758,2.923237,,,,,,
1780436931.046,5095485.0,5388.761,2.934861,,,,,,
1780436931.047,5095510.0,5413.759,2.944141,,,,,,
1780436931.048,5095535.0,5434.745,2.951834,,,,,,
1780436931.102,5095560.0,5446.297,2.956099,,,,,,
1780436931.103,5095585.0,5455.021,2.959295,,,,,,
1780436931.171,5095610.0,5457.252,2.960095,,,,,,
1780436931.172,5095635.0,5454.94,2.959295,,,,,,
1780436931.173,5095660.0,5447.167,2.956366,,,,,,
1780436931.234,5095685.0,5434.006,2.951577,,,,,,
1780436931.235,5095710.0,5415.35,2.944676,,,,,,
1780436931.325,5095735.0,5392.787,2.936452,,,,,,
1780436931.327,5095760.0,5368.439,2.927433,,,,,,
1780436931.328,5095785.0,5333.061,2.914405,,,,,,
1780436931.330,5095810.0,5296.393,2.900842,,,,,,
1780436931.402,5095835.0,5257.442,2.886252,,,,,,
1780436931.403,5095860.0,5213.947,2.870123,,,,,,
1780436931.403,5095885.0,5168.416,2.853236,,,,,,
1780436931.452,5095910.0,5118.319,2.83447,,,,,,
1780436931.452,5095935.0,5067.477,2.815454,,,,,,
1780436931.502,5095960.0,5015.754,2.796064,,,,,,
1780436931.502,5095985.0,4963.621,2.77655,,,,,,
1780436931.552,5096010.0,4910.935,2.756788,,,,,,
1780436931.553,5096035.0,4857.842,2.736902,,,,,,
1780436931.617,5096060.0,4804.231,2.716767,,,,,,
1780436931.618,5096085.0,4750.691,2.696509,,,,,,
1780436931.618,5096110.0,4698.064,2.676682,,,,,,
1780436931.682,5096135.0,4646.168,2.657137,,,,,,
1780436931.683,5096160.0,4595.576,2.638144,,,,,,
1780436931.737,5096185.0,4546.719,2.619701,,,,,,
1780436931.737,5096210.0,4499.594,2.60193,,,,,,
1780436931.806,5096235.0,4455.334,2.585229,,,,,,
1780436931.807,5096260.0,4413.32,2.569194,,,,,,
1780436931.807,5096285.0,4374.767,2.554619,,,,,,
1780436931.876,5096310.0,4339.157,2.541099,,,,,,
1780436931.877,5096335.0,4307.921,2.529153,,,,,,
1780436931.878,5096360.0,4278.895,2.517991,,,,,,
1780436931.935,5096385.0,4250.796,2.507218,,,,,,
1780436931.935,5096410.0,4232.702,2.500184,,,,,,
1780436931.991,5096435.0,4215.034,2.493277,,,,,,
1780436931.992,5096460.0,4199.392,2.487262,,,,,,
1780436932.052,5096485.0,4187.728,2.482639,,,,,,
1780436932.053,5096510.0,4178.382,2.478896,,,,,,
1780436932.053,5096535.0,4174.198,2.477281,,,,,,
1780436932.121,5096560.0,4171.014,2.476039,,,,,,
1780436932.122,5096585.0,4169.347,2.475418,,,,,,
1780436932.123,5096610.0,4168.683,2.475169,,,,,,
1780436932.188,5096635.0,4168.873,2.475293,,,,,,
1780436932.189,5096660.0,4170.009,2.475666,,,,,,
1780436932.272,5096685.0,4171.957,2.476411,,,,,,
1780436932.273,5096710.0,4174.215,2.477279,,,,,,
1780436932.274,5096735.0,4177.988,2.478644,,,,,,
1780436932.276,5096760.0,4184.381,2.481132,,,,,,
1780436932.357,5096785.0,4191.925,2.483993,,,,,,
1780436932.358,5096810.0,4202.403,2.487983,,,,,,
1780436932.359,5096835.0,4219.337,2.49438,,,,,,
1780436932.442,5096860.0,4237.57,2.501287,,,,,,
1780436932.443,5096885.0,4261.632,2.510504,,,,,,
1780436932.444,5096910.0,4285.905,2.519851,,,,,,
1780436932.445,5096935.0,4311.889,2.529716,,,,,,
1780436932.505,5096960.0,4348.382,2.543499,,,,,,
1780436932.506,5096985.0,4384.632,2.557282,,,,,,
1780436932.571,5097010.0,4422.343,2.571593,,,,,,
1780436932.572,5097035.0,4463.717,2.587228,,,,,,
1780436932.573,5097060.0,4510.051,2.604732,,,,,,
1780436932.637,5097085.0,4556.696,2.622369,,,,,,
1780436932.639,5097110.0,4604.591,2.640286,,,,,,
1780436932.718,5097135.0,4654.306,2.658885,,,,,,
1780436932.719,5097160.0,4703.506,2.677238,,,,,,
1780436932.719,5097185.0,4753.637,2.696006,,,,,,
1780436932.720,5097210.0,4803.989,2.714797,,,,,,
1780436932.769,5097235.0,4853.888,2.733474,,,,,,
1780436932.770,5097260.0,4903.402,2.751893,,,,,,
1780436933.388,5097862.0,4925.634,2.760394,,,,,calibrate,
1780436933.454,5097887.0,4947.624,2.768642,,,,,,
1780436933.455,5097912.0,4969.508,2.77689,,,,,,
1780436933.456,5097937.0,4990.529,2.785018,,,,,,
1780436933.521,5097962.0,5009.375,2.792148,,,,,,
1780436933.521,5097987.0,5027.21,2.798897,,,,,,
1780436933.522,5098012.0,5042.572,2.804771,,,,,,
1780436933.585,5098037.0,5051.434,2.80811,,,,,,
1780436933.585,5098062.0,5059.025,2.811067,,,,,,
1780436933.634,5098087.0,5060.627,2.811713,,,,,,
1780436933.635,5098112.0,5062.058,2.812101,,,,,,
1780436933.698,5098137.0,5061.889,2.811972,,,,,,
1780436933.699,5098162.0,5051.099,2.808053,,,,,,
1780436933.700,5098187.0,5040.764,2.804134,,,,,,
1780436933.775,5098212.0,5028.794,2.799687,,,,,,
1780436933.777,5098237.0,5013.055,2.793916,,,,,,
1780436933.779,5098262.0,4992.437,2.786147,,,,,,
1780436933.854,5098287.0,4971.397,2.778374,,,,,,
1780436933.854,5098312.0,4948.873,2.770069,,,,,,
1780436933.855,5098337.0,4924.228,2.761086,,,,,,
1780436933.904,5098362.0,4899.616,2.751973,,,,,,
1780436933.905,5098387.0,4873.836,2.742451,,,,,,
1780436933.969,5098412.0,4846.977,2.73253,,,,,,
1780436933.970,5098437.0,4820.18,2.722472,,,,,,
1780436933.971,5098462.0,4793.308,2.71268,,,,,,
1780436934.038,5098487.0,4793.063,2.71255,,,,,,
1780436934.039,5098512.0,4793.006,2.71255,,,,,,
1780436934.105,5098537.0,4792.95,2.71255,,,,,,
1780436934.106,5098562.0,4792.978,2.71255,,,,,,
1780436934.107,5098587.0,4792.813,2.712421,,,,,,
1780436934.172,5098612.0,4792.75,2.71255,,,,,,
1780436934.174,5098637.0,4792.658,2.712421,,,,,,
1780436934.175,5098662.0,4792.491,2.712421,,,,,,
1780436934.235,5098687.0,4792.357,2.712291,,,,,,
1780436934.237,5098712.0,4792.448,2.712162,,,,,,
1780436934.322,5098737.0,4792.445,2.712162,,,,,,
1780436934.327,5098762.0,4792.498,2.712162,,,,,,
1780436934.328,5098787.0,4792.487,2.712033,,,,,,
1780436934.329,5098812.0,4792.284,2.711903,,,,,,
1780436934.401,5098837.0,4792.186,2.711774,,,,,,
1780436934.402,5098862.0,4792.249,2.711644,,,,,,
1780436934.402,5098887.0,4792.031,2.711774,,,,,,
1780436934.471,5098912.0,4791.982,2.711774,,,,,,
1780436934.472,5098937.0,4791.919,2.711903,,,,,,
1780436934.473,5098962.0,4791.85,2.711774,,,,,,
1780436934.558,5098987.0,4791.79,2.711774,,,,,,
1780436934.559,5099012.0,4791.664,2.711645,,,,,,
1780436934.561,5099037.0,4791.674,2.711645,,,,,,
1780436934.659,5099062.0,4791.601,2.711774,,,,,,
1780436934.661,5099087.0,4791.601,2.711645,,,,,,
1780436934.662,5099112.0,4791.643,2.711645,,,,,,
1780436934.663,5099137.0,4791.439,2.711645,,,,,,
1780436934.721,5099162.0,4791.349,2.711645,,,,,,
1780436934.723,5099187.0,4791.338,2.711515,,,,,,
1780436934.724,5099212.0,4791.303,2.711515,,,,,,
1780436934.786,5099237.0,4791.205,2.711385,,,,,,
1780436934.787,5099262.0,4791.146,2.711385,,,,,,
1780436934.857,5099287.0,4791.016,2.711385,,,,,,
1780436934.858,5099312.0,4790.946,2.711515,,,,,,
1780436934.859,5099337.0,4790.799,2.711515,,,,,,
1780436934.938,5099362.0,4790.547,2.711515,,,,,,
1780436934.939,5099387.0,4790.417,2.711515,,,,,,
1780436934.939,5099412.0,4790.427,2.711515,,,,,,
1780436935.007,5099437.0,4790.368,2.711515,,,,,,
1780436935.008,5099462.0,4790.276,2.711515,,,,,,
1780436935.009,5099487.0,4790.154,2.711515,,,,,,
1780436935.109,5099512.0,4790.192,2.711385,,,,,,
1780436935.110,5099537.0,4790.123,2.711256,,,,,,
1780436935.111,5099562.0,4789.994,2.711127,,,,,,
1780436935.111,5099587.0,4789.927,2.711127,,,,,,
1780436935.191,5099612.0,4789.902,2.711127,,,,,,
1780436935.192,5099637.0,4789.818,2.711127,,,,,,
1780436935.194,5099662.0,4789.692,2.711127,,,,,,
1780436935.269,5099687.0,4789.482,2.710997,,,,,,
1780436935.270,5099712.0,4789.443,2.710997,,,,,,
1780436935.270,5099737.0,4789.479,2.710997,,,,,,
1780436935.271,5099762.0,4789.553,2.710997,,,,,,
1780436935.339,5099787.0,4789.496,2.710997,,,,,,
1780436935.340,5099812.0,4789.381,2.710997,,,,,,
1780436935.403,5099837.0,4789.334,2.710997,,,,,,
1780436935.405,5099862.0,4789.339,2.710997,,,,,,
1780436935.406,5099887.0,4789.363,2.710997,,,,,,
1780436935.429,5099912.0,4789.423,2.544956,,,,,,
1780436935.456,5099937.0,4789.363,2.544849,,,,,,
1780436935.479,5099962.0,4789.3,2.544873,,,,,,
1780436935.502,5099987.0,4789.444,2.544818,,,,,,
1780436935.526,5100012.0,4789.388,2.54484,,,,,,
1780436935.549,5100037.0,4789.433,2.544822,,,,,,
1780436935.571,5100062.0,4789.346,2.544855,,,,,,
1780436935.607,5100087.0,4789.409,2.544832,,,,,,
1780436935.631,5100112.0,4789.422,2.544827,,,,,,
1780436935.656,5100137.0,4789.314,2.544867,,,,,,
1780436935.681,5100162.0,4789.314,2.544867,,,,,,
1780436935.701,5100187.0,4789.401,2.544834,,,,,,
1780436935.725,5100212.0,4789.493,2.5448,,,,,,
1780436935.750,5100237.0,4789.398,2.544836,,,,,,
1780436935.773,5100262.0,4789.349,2.544854,,,,,,
1780436935.810,5100287.0,4789.366,2.544848,,,,,rotate on,OK rotated on
1780436935.923,5100312.0,4789.485,2.544803,,,,,,
1780436935.925,5100337.0,4789.475,2.544807,,,,,,
1780436935.926,5100362.0,4789.352,2.544853,,,,,,
1780436935.927,5100387.0,4789.233,2.544898,,,,,,
1780436935.928,5100412.0,4789.258,2.544888,,,,,,
1780436936.003,5100437.0,4789.111,2.544944,,,,,,
1780436936.004,5100462.0,4789.041,2.544971,,,,,,
1780436936.006,5100487.0,4789.037,2.544972,,,,,,
1780436936.088,5100512.0,4788.824,2.545052,,,,,,
1780436936.089,5100537.0,4788.79,2.545065,,,,,,
1780436936.091,5100562.0,4788.831,2.545049,,,,,,
1780436936.155,5100587.0,4788.733,2.545086,,,,,,
1780436936.156,5100612.0,4788.586,2.545142,,,,,,
1780436936.156,5100637.0,4788.642,2.544991,,,,,,
1780436936.257,5100662.0,4788.523,2.545036,,,,,,
1780436936.259,5100687.0,4788.408,2.54508,,,,,,
1780436936.259,5100712.0,4788.359,2.545098,,,,,,
1780436936.260,5100737.0,4788.282,2.545127,,,,,,
1780436936.340,5100762.0,4788.443,2.545066,,,,,,
1780436936.342,5100787.0,4788.457,2.545061,,,,,,
1780436936.343,5100812.0,4788.338,2.545106,,,,,,
1780436936.419,5100837.0,4788.299,2.545121,,,,,,
1780436936.419,5100862.0,4788.369,2.545094,,,,,,
1780436936.421,5100887.0,4788.292,2.545123,,,,,,
1780436936.422,5100912.0,4788.223,2.54515,,,,,,
1780436936.493,5100937.0,4788.118,2.54506,,,,,,
1780436936.495,5100962.0,4788.026,2.545094,,,,,,
1780436936.571,5100987.0,4787.999,2.545105,,,,,,
1780436936.572,5101012.0,4788.142,2.545051,,,,,,
1780436936.573,5101037.0,4788.062,2.545081,,,,,,
1780436936.574,5101062.0,4788.11,2.545063,,,,,,
1780436936.635,5101087.0,4788.086,2.545072,,,,,,
1780436936.636,5101112.0,4788.083,2.545073,,,,,,
1780436936.722,5101137.0,4788.086,2.545072,,,,,,
1780436936.723,5101162.0,4788.191,2.545032,,,,,,
1780436936.723,5101187.0,4788.006,2.545102,,,,,,
1780436936.724,5101212.0,4787.999,2.544975,,,,,,
1780436936.787,5101237.0,4788.111,2.544933,,,,,,
1780436936.787,5101262.0,4788.034,2.545092,,,,,,
1780436936.855,5101287.0,4787.918,2.545135,,,,,,
1780436936.856,5101312.0,4788.076,2.545076,,,,,,
1780436936.857,5101337.0,4788.114,2.544932,,,,,,
1780436936.920,5101362.0,4788.083,2.544944,,,,,,
1780436936.921,5101387.0,4788.023,2.544966,,,,,,
1780436936.921,5101412.0,4788.03,2.544964,,,,,,
1780436936.969,5101437.0,4787.964,2.544989,,,,,,
1780436937.038,5101462.0,4787.975,2.544985,,,,,,
1780436937.040,5101487.0,4787.852,2.544901,,,,,,
1780436937.041,5101512.0,4787.785,2.544797,,,,,,
1780436937.052,5101537.0,4786.842,2.544765,,,,,,
1780436937.137,5101562.0,4785.881,2.544869,,,,,,
1780436937.139,5101587.0,4784.988,2.544818,,,,,,
1780436937.140,5101612.0,4784.085,2.544771,,,,,,
1780436937.238,5101637.0,4783.061,2.544769,,,,,,
1780436937.239,5101662.0,4782.139,2.54473,,,,,,
1780436937.240,5101687.0,4781.341,2.544643,,,,,,
1780436937.240,5101712.0,4780.516,2.544566,,,,,,
1780436937.283,5101737.0,4779.596,2.544525,,,,,,
1780436937.284,5101762.0,4778.661,2.54449,,,,,,
1780436937.334,5101787.0,4777.558,2.544518,,,,,,
1780436937.335,5101812.0,4776.729,2.544443,,,,,,
1780436937.404,5101837.0,4775.766,2.544677,,,,,,
1780436937.404,5101862.0,4774.794,2.544656,,,,,,
1780436937.405,5101887.0,4773.816,2.544637,,,,,,
1780436937.469,5101912.0,4772.871,2.544605,,,,,,
1780436937.470,5101937.0,4771.958,2.544691,,,,,,
1780436937.471,5101962.0,4770.961,2.544809,,,,,,
1780436937.557,5101987.0,4770.053,2.544892,,,,,,
1780436937.559,5102012.0,4769.103,2.544863,,,,,,
1780436937.560,5102037.0,4768.096,2.544984,,,,,,
1780436937.657,5102062.0,4767.295,2.544898,,,,,,
1780436937.659,5102087.0,4766.324,2.544876,,,,,,
1780436937.660,5102112.0,4765.454,2.544947,,,,,,
1780436937.661,5102137.0,4764.733,2.54496,,,,,,
1780436937.737,5102162.0,4764.848,2.544917,,,,,,
1780436937.738,5102187.0,4764.91,2.545022,,,,,,
1780436937.739,5102212.0,4764.858,2.545042,,,,,,
1780436937.800,5102237.0,4764.81,2.54506,,,,,,
1780436937.801,5102262.0,4764.844,2.545047,,,,,,
1780436937.802,5102287.0,4764.799,2.545064,,,,,,
1780436937.867,5102312.0,4764.737,2.545088,,,,,,
1780436937.867,5102337.0,4764.699,2.545102,,,,,,
1780436937.918,5102362.0,4764.695,2.545104,,,,,,
1780436937.919,5102387.0,4764.748,2.545084,,,,,,
1780436937.970,5102412.0,4764.886,2.545032,,,,,,
1780436937.970,5102437.0,4764.762,2.545208,,,,,,
1780436937.971,5102462.0,4764.907,2.545024,,,,,,
1780436938.035,5102487.0,4764.983,2.544995,,,,,,
1780436938.036,5102512.0,4765.045,2.544972,,,,,,
1780436938.084,5102537.0,4765.257,2.545021,,,,,,
1780436938.085,5102562.0,4765.257,2.544892,,,,,,
1780436938.154,5102587.0,4765.343,2.544859,,,,,,
1780436938.155,5102612.0,4765.253,2.544764,,,,,,
1780436938.155,5102637.0,4765.032,2.544847,,,,,,
1780436938.219,5102662.0,4764.973,2.54474,,,,,,
1780436938.220,5102687.0,4764.9,2.544767,,,,,,
1780436938.220,5102712.0,4764.866,2.544781,,,,,,
1780436938.285,5102737.0,4764.834,2.544793,,,,,,
1780436938.286,5102762.0,4764.783,2.544812,,,,,,
1780436938.337,5102787.0,4764.692,2.544846,,,,,,
1780436938.338,5102812.0,4764.72,2.544706,,,,,,
1780436938.422,5102837.0,4764.751,2.544695,,,,,,
1780436938.423,5102862.0,4764.783,2.544554,,,,,,
1780436938.424,5102887.0,4764.647,2.544476,,,,,,
1780436938.425,5102912.0,4764.6,2.544494,,,,,,
1780436938.506,5102937.0,4764.405,2.544438,,,,,,
1780436938.507,5102962.0,4764.135,2.544411,,,,,,
1780436938.509,5102987.0,4764.232,2.544374,,,,,,
1780436938.581,5103012.0,4768.725,2.544365,,,,,,
1780436938.582,5103037.0,4779.274,2.544295,,,,,,
1780436938.583,5103062.0,4789.859,2.544083,,,,,,
1780436938.651,5103087.0,4805.864,2.543936,,,,,,
1780436938.652,5103112.0,4827.461,2.543813,,,,,,
1780436938.653,5103137.0,4849.084,2.543545,,,,,,
1780436938.717,5103162.0,4870.731,2.543273,,,,,,
1780436938.718,5103187.0,4892.311,2.543156,,,,,,
1780436938.775,5103212.0,4914.074,2.54297,,,,,,
1780436938.776,5103237.0,4935.883,2.542766,,,,,,
1780436938.776,5103262.0,4957.812,2.542518,,,,,,
1780436938.854,5103287.0,4979.8,2.542247,,,,,,
1780436938.855,5103312.0,5001.6,2.542046,,,,,,
1780436938.855,5103337.0,5023.426,2.541836,,,,,,
1780436938.918,5103362.0,5045.278,2.541615,,,,,,
1780436938.919,5103387.0,5067.141,2.541525,,,,,,
1780436938.989,5103412.0,5089.008,2.5413,,,,,,
1780436938.991,5103437.0,5111.011,2.541157,,,,,,
1780436938.992,5103462.0,5133.024,2.54101,,,,,,
1780436939.069,5103487.0,5155.161,2.540946,,,,,,
1780436939.071,5103512.0,5176.887,2.540903,,,,,,
1780436939.072,5103537.0,5198.4,2.54081,,,,,,
1780436939.073,5103562.0,5219.606,2.540695,,,,,,
1780436939.133,5103587.0,5234.83,2.540575,,,,,,
1780436939.135,5103612.0,5249.574,2.540507,,,,,,
1780436939.204,5103637.0,5259.517,2.540431,,,,,,
1780436939.206,5103662.0,5262.525,2.540483,,,,,,
1780436939.207,5103687.0,5265.101,2.540302,,,,,,
1780436939.290,5103712.0,5248.226,2.540519,,,,,,
1780436939.291,5103737.0,5225.369,2.540601,,,,,,
1780436939.293,5103762.0,5198.932,2.540884,,,,,,
1780436939.354,5103787.0,5170.133,2.541028,,,,,,
1780436939.356,5103812.0,5140.41,2.54114,,,,,,
1780436939.357,5103837.0,5110.381,2.541367,,,,,,
1780436939.438,5103862.0,5079.749,2.541566,,,,,,
1780436939.439,5103887.0,5048.775,2.541767,,,,,,
1780436939.440,5103912.0,5005.681,2.541767,,,,,,
1780436939.523,5103937.0,4962.374,2.541723,,,,,,
1780436939.524,5103962.0,4918.692,2.541697,,,,,,
1780436939.526,5103987.0,4874.219,2.541721,,,,,,
1780436939.526,5104012.0,4829.279,2.541663,,,,,,
1780436939.621,5104037.0,4783.428,2.541713,,,,,,
1780436939.623,5104062.0,4737.19,2.54165,,,,,,
1780436939.624,5104087.0,4691.01,2.541566,,,,,,
1780436939.625,5104112.0,4644.005,2.541546,,,,,,
1780436939.685,5104137.0,4597.392,2.541512,,,,,,
1780436939.686,5104162.0,4550.359,2.54139,,,,,,
1780436939.734,5104187.0,4503.896,2.541321,,,,,,
1780436939.735,5104212.0,4463.591,2.541191,,,,,,
1780436939.820,5104237.0,4423.319,2.541049,,,,,,
1780436939.821,5104262.0,4383.485,2.540997,,,,,,
1780436939.821,5104287.0,4344.527,2.540756,,,,,,
1780436939.822,5104312.0,4306.123,2.540701,,,,,,
1780436939.905,5104337.0,4281.468,2.540419,,,,,,
1780436939.906,5104362.0,4257.274,2.540345,,,,,,
1780436939.906,5104387.0,4236.59,2.540231,,,,,,
1780436939.973,5104412.0,4218.25,2.540004,,,,,,
1780436939.974,5104437.0,4201.043,2.539856,,,,,,
1780436939.975,5104462.0,4184.13,2.539596,,,,,,
1780436940.053,5104487.0,4168.021,2.539411,,,,,,
1780436940.055,5104512.0,4152.695,2.539181,,,,,,
1780436940.056,5104537.0,4149.797,2.539284,,,,,,
1780436940.139,5104562.0,4147.589,2.53925,,,,,,
1780436940.140,5104587.0,4146.333,2.539228,,,,,,
1780436940.141,5104612.0,4146.584,2.539258,,,,,,
1780436940.222,5104637.0,4147.126,2.5393,,,,,,
1780436940.224,5104662.0,4148.927,2.53924,,,,,,
1780436940.225,5104687.0,4151.125,2.539276,,,,,,
1780436940.226,5104712.0,4153.412,2.539404,,,,,,
1780436940.305,5104737.0,4159.46,2.539604,,,,,,
1780436940.306,5104762.0,4165.748,2.539589,,,,,,
1780436940.307,5104787.0,4173.749,2.539674,,,,,,
1780436940.367,5104812.0,4185.867,2.539838,,,,,,
1780436940.369,5104837.0,4199.313,2.540006,,,,,,
1780436940.435,5104862.0,4217.467,2.540175,,,,,,
1780436940.436,5104887.0,4239.701,2.540217,,,,,,
1780436940.437,5104912.0,4264.519,2.540439,,,,,,
1780436940.503,5104937.0,4296.828,2.54069,,,,,,
1780436940.505,5104962.0,4332.501,2.540853,,,,,,
1780436940.507,5104987.0,4373.381,2.540908,,,,,,
1780436940.588,5105012.0,4415.347,2.540951,,,,,,
1780436940.589,5105037.0,4460.172,2.541104,,,,,,
1780436940.589,5105062.0,4507.391,2.541166,,,,,,
1780436940.669,5105087.0,4555.5,2.541295,,,,,,
1780436940.670,5105112.0,4605.596,2.541223,,,,,,
1780436940.672,5105137.0,4655.729,2.541282,,,,,,
1780436940.673,5105162.0,4706.676,2.541193,,,,,,
1780436940.753,5105187.0,4757.638,2.541233,,,,,,
1780436940.754,5105212.0,4808.134,2.541201,,,,,,
1780436940.755,5105237.0,4859.139,2.541147,,,,,,
1780436940.855,5105262.0,4910.462,2.540973,,,,,,
1780436940.856,5105287.0,4961.383,2.54095,,,,,,
1780436940.857,5105312.0,5012.169,2.540855,,,,,,
1780436940.858,5105337.0,5062.864,2.540805,,,,,,
1780436940.937,5105362.0,5110.511,2.540525,,,,,,
1780436940.938,5105387.0,5158.066,2.540539,,,,,,
1780436940.939,5105412.0,5204.685,2.540408,,,,,,
1780436941.002,5105437.0,5246.702,2.540244,,,,,,
1780436941.003,5105462.0,5286.938,2.540112,,,,,,
1780436941.004,5105487.0,5320.784,2.539937,,,,,,
1780436941.068,5105512.0,5350.236,2.539751,,,,,,
1780436941.069,5105537.0,5374.102,2.5397,,,,,,
1780436941.132,5105562.0,5389.225,2.539553,,,,,,
1780436941.137,5105587.0,5398.225,2.539601,,,,,,
1780436941.138,5105612.0,5400.113,2.539552,,,,,,
1780436941.203,5105637.0,5397.636,2.539559,,,,,,
1780436941.205,5105662.0,5389.253,2.539673,,,,,,
1780436941.206,5105687.0,5374.36,2.539733,,,,,,
1780436941.285,5105712.0,5352.149,2.539811,,,,,,
1780436941.287,5105737.0,5327.482,2.540014,,,,,,
1780436941.288,5105762.0,5298.064,2.540065,,,,,,
1780436941.405,5105787.0,5265.489,2.540264,,,,,,
1780436941.406,5105812.0,5229.104,2.540362,,,,,,
1780436941.406,5105837.0,5190.541,2.540522,,,,,,
1780436941.407,5105862.0,5148.786,2.540587,,,,,,
1780436941.407,5105887.0,5105.795,2.540866,,,,,,
1780436941.486,5105912.0,5061.284,2.54109,,,,,,
1780436941.486,5105937.0,5010.154,2.541068,,,,,,
1780436941.487,5105962.0,4958.059,2.541026,,,,,,
1780436941.566,5105987.0,4906.057,2.541085,,,,,,
1780436941.568,5106012.0,4853.03,2.541025,,,,,,
1780436941.569,5106037.0,4799.803,2.541039,,,,,,
1780436941.672,5106062.0,4746.311,2.541043,,,,,,
1780436941.674,5106087.0,4692.667,2.540992,,,,,,
1780436941.676,5106112.0,4640.183,2.540934,,,,,,
1780436941.676,5106137.0,4587.92,2.540926,,,,,,
1780436941.677,5106162.0,4538.272,2.540752,,,,,,
1780436941.752,5106187.0,4489.904,2.540754,,,,,,
1780436941.752,5106212.0,4444.307,2.540523,,,,,,
1780436941.753,5106237.0,4400.466,2.540306,,,,,,
1780436941.820,5106262.0,4359.968,2.540145,,,,,,
1780436941.821,5106287.0,4322.497,2.539774,,,,,,
1780436941.822,5106312.0,4289.042,2.539585,,,,,,
1780436941.903,5106337.0,4261.799,2.539394,,,,,,
1780436941.904,5106362.0,4234.902,2.539201,,,,,,
1780436941.905,5106387.0,4212.257,2.538955,,,,,,
1780436941.965,5106412.0,4191.484,2.538766,,,,,,
1780436941.966,5106437.0,4174.203,2.538662,,,,,,
1780436942.032,5106462.0,4158.867,2.538585,,,,,,
1780436942.033,5106487.0,4145.586,2.53849,,,,,,
1780436942.033,5106512.0,4133.898,2.538169,,,,,,
1780436942.084,5106537.0,4124.201,2.537973,,,,,,
1780436942.084,5106562.0,4121.594,2.538091,,,,,,
1780436942.134,5106587.0,4120.163,2.538013,,,,,,
1780436942.134,5106612.0,4119.494,2.538018,,,,,,
1780436942.188,5106637.0,4120.43,2.537912,,,,,,
1780436942.189,5106662.0,4121.664,2.537818,,,,,,
1780436942.254,5106687.0,4123.767,2.537889,,,,,,
1780436942.255,5106712.0,4126.957,2.538045,,,,,,
1780436942.256,5106737.0,4130.709,2.538111,,,,,,
1780436942.336,5106762.0,4134.761,2.538064,,,,,,
1780436942.338,5106787.0,4145.42,2.538142,,,,,,
1780436942.339,5106812.0,4156.34,2.538124,,,,,,
1780436942.415,5106837.0,4169.91,2.538362,,,,,,
1780436942.415,5106862.0,4190.923,2.538583,,,,,,
1780436942.416,5106887.0,4212.237,2.538695,,,,,,
1780436942.490,5106912.0,4238.9,2.53897,,,,,,
1780436942.501,5106937.0,4272.772,2.539263,,,,,,
1780436942.503,5106962.0,4308.284,2.539461,,,,,,
1780436942.504,5106987.0,4350.764,2.539537,,,,,,
1780436942.589,5107012.0,4394.345,2.539719,,,,,,
1780436942.590,5107037.0,4440.659,2.539814,,,,,,
1780436942.592,5107062.0,4488.568,2.539974,,,,,,
1780436942.667,5107087.0,4538.238,2.540006,,,,,,
1780436942.669,5107112.0,4589.344,2.540034,,,,,,
1780436942.670,5107137.0,4640.736,2.540235,,,,,,
1780436942.671,5107162.0,4692.796,2.540343,,,,,,
1780436942.760,5107187.0,4744.622,2.540292,,,,,,
1780436942.761,5107212.0,4797.854,2.540251,,,,,,
1780436942.763,5107237.0,4850.434,2.540221,,,,,,
1780436942.838,5107262.0,4902.42,2.540427,,,,,,
1780436942.840,5107287.0,4954.064,2.540639,,,,,,
1780436942.841,5107312.0,5005.472,2.540556,,,,,,
1780436942.945,5107337.0,5056.374,2.540417,,,,,,
1780436942.946,5107362.0,5107.355,2.540372,,,,,,
1780436942.948,5107387.0,5158.187,2.540518,,,,,,
1780436942.949,5107412.0,5202.79,2.540521,,,,,,
1780436942.950,5107437.0,5246.414,2.540496,,,,,,
1780436943.036,5107462.0,5284.665,2.54042,,,,,,
1780436943.037,5107487.0,5312.846,2.5404,,,,,,
1780436943.038,5107512.0,5337.087,2.540533,,,,,,
1780436943.102,5107537.0,5353.114,2.540644,,,,,,
1780436943.103,5107562.0,5358.474,2.540462,,,,,,
1780436943.104,5107587.0,5358.634,2.540402,,,,,,
1780436943.190,5107612.0,5348.079,2.540439,,,,,,
1780436943.192,5107637.0,5331.199,2.540517,,,,,,
1780436943.193,5107662.0,5312.029,2.540652,,,,,,
1780436943.273,5107687.0,5290.572,2.540723,,,,,,
1780436943.274,5107712.0,5264.327,2.540776,,,,,,
1780436943.275,5107737.0,5236.544,2.541001,,,,,,
1780436943.276,5107762.0,5207.954,2.541125,,,,,,
1780436943.351,5107787.0,5177.98,2.541239,,,,,,
1780436943.352,5107812.0,5147.858,2.541538,,,,,,
1780436943.352,5107837.0,5116.065,2.541797,,,,,,
1780436943.415,5107862.0,5082.79,2.541968,,,,,,
1780436943.416,5107887.0,5047.713,2.542043,,,,,,
1780436943.483,5107912.0,5011.506,2.542034,,,,,,
1780436943.484,5107937.0,4975.345,2.542143,,,,,,
1780436943.485,5107962.0,4937.965,2.542331,,,,,,
1780436943.550,5107987.0,4898.825,2.542547,,,,,,
1780436943.550,5108012.0,4870.667,2.542711,,,,,,
1780436943.551,5108037.0,4851.578,2.542844,,,,,,
1780436943.615,5108062.0,4822.178,2.542972,,,,,,
1780436943.616,5108087.0,4781.186,2.542823,,,,,,
1780436943.666,5108112.0,4750.292,2.542974,,,,,,
1780436943.667,5108137.0,4729.347,2.54288,,,,,,
1780436943.716,5108162.0,4731.35,2.542789,,,,,,
1780436943.717,5108187.0,4745.01,2.542707,,,,,,
1780436943.785,5108212.0,4755.354,2.542641,,,,,,
1780436943.785,5108237.0,4744.505,2.542475,,,,,,
1780436943.786,5108262.0,4736.366,2.54234,,,,,,
1780436943.851,5108287.0,4726.986,2.542033,,,,,,
1780436943.852,5108312.0,4731.883,2.541871,,,,,,
1780436943.853,5108337.0,4762.598,2.541613,,,,,,
1780436943.919,5108362.0,4794.917,2.541297,,,,,,
1780436943.921,5108387.0,4813.78,2.540967,,,,,,
1780436943.922,5108412.0,4793.504,2.540556,,,,,,
1780436943.988,5108437.0,4786.805,2.540275,,,,,,
1780436943.989,5108462.0,4782.646,2.540054,,,,,,
1780436944.052,5108487.0,4798.271,2.540002,,,,,,
1780436944.054,5108512.0,4830.978,2.53974,,,,,,
1780436944.055,5108537.0,4862.138,2.539496,,,,,,
1780436944.115,5108562.0,4870.059,2.539459,,,,,,
1780436944.116,5108587.0,4872.987,2.539246,,,,,,
1780436944.205,5108612.0,4875.146,2.539067,,,,,,
1780436944.206,5108637.0,4876.733,2.538856,,,,,,
1780436944.207,5108662.0,4875.754,2.538701,,,,,,
1780436944.208,5108687.0,4890.51,2.538482,,,,,,
1780436944.295,5108712.0,4917.374,2.53837,,,,,,
1780436944.296,5108737.0,4916.644,2.53801,,,,,,
1780436944.297,5108762.0,4910.845,2.537765,,,,,,
1780436944.297,5108787.0,4887.592,2.537531,,,,,,
1780436944.357,5108812.0,4864.236,2.537477,,,,,,
1780436944.358,5108837.0,4865.819,2.537281,,,,,,
1780436944.416,5108862.0,4895.306,2.537164,,,,,,
1780436944.416,5108887.0,4916.367,2.536993,,,,,,
1780436944.486,5108912.0,4923.066,2.537021,,,,,,
1780436944.487,5108937.0,4905.877,2.53684,,,,,,
1780436944.488,5108962.0,4868.506,2.53693,,,,,,
1780436944.553,5108987.0,4840.058,2.536946,,,,,,
1780436944.555,5109012.0,4833.727,2.536962,,,,,,
1780436944.556,5109037.0,4871.076,2.537052,,,,,,
1780436944.638,5109062.0,4886.551,2.536998,,,,,,
1780436944.639,5109087.0,4880.978,2.536821,,,,,,
1780436944.640,5109112.0,4858.043,2.536705,,,,,,
1780436944.738,5109137.0,4831.257,2.536916,,,,,,
1780436944.739,5109162.0,4821.953,2.536962,,,,,,
1780436944.740,5109187.0,4843.473,2.536868,,,,,,
1780436944.741,5109212.0,4867.821,2.536811,,,,,,
1780436944.815,5109237.0,4872.434,2.536859,,,,,,
1780436944.815,5109262.0,4859.829,2.536747,,,,,,
1780436944.816,5109287.0,4844.198,2.536825,,,,,,
1780436944.883,5109312.0,4841.329,2.536853,,,,,,
1780436944.884,5109337.0,4852.352,2.536808,,,,,,
1780436944.885,5109362.0,4887.377,2.53681,,,,,,
1780436944.897,5109387.0,4910.345,2.536845,,,,,,
1780436944.930,5109412.0,4892.773,2.536558,,,,,,
1780436944.952,5109437.0,4884.424,2.536489,,,,,,
1780436944.975,5109462.0,4859.073,2.536501,,,,,,
1780436944.997,5109487.0,4851.497,2.536689,,,,,,
1780436945.032,5109512.0,4863.54,2.536675,,,,,,
1780436945.055,5109537.0,4889.65,2.53655,,,,,,
1780436945.080,5109562.0,4900.919,2.536633,,,,,,
1780436945.104,5109587.0,4904.05,2.536596,,,,,,
1780436945.127,5109612.0,4893.714,2.536528,,,,,,
1780436945.151,5109637.0,4888.174,2.536659,,,,,,
1780436945.177,5109662.0,4895.311,2.536623,,,,,,
1780436945.200,5109687.0,4918.289,2.53645,,,,,,
1780436945.225,5109712.0,4951.447,2.53652,,,,,,
1780436945.249,5109737.0,4958.811,2.536412,,,,,,
1780436945.273,5109762.0,4946.269,2.536296,,,,,,
1780436945.371,5109787.0,4925.515,2.536333,,,,,crack_output on,OK crack_output on
1780436945.372,5109812.0,4908.479,2.536422,,,,,,
1780436945.374,5109837.0,4908.313,2.536484,,,,,,
1780436945.375,5109862.0,4932.641,2.53634,,,,,,
1780436945.469,5109887.0,4953.384,2.536383,,,,,,
1780436945.469,5109912.0,4952.848,2.536458,,,,,,
1780436945.470,5109937.0,4932.205,2.536499,,,,,,
1780436945.470,5109962.0,4907.634,2.536842,,,,,,
1780436945.533,5109987.0,4900.004,2.537041,,,,,,
1780436945.534,5110012.0,4911.911,2.537097,,,,,,
1780436945.601,5110037.0,4956.521,2.537392,,,,,,
1780436945.602,5110062.0,4972.65,2.53753,,,,,,
1780436945.603,5110087.0,4959.298,2.537633,,,,,,
1780436945.670,5110112.0,4932.732,2.537663,,,,,,
1780436945.671,5110137.0,4902.738,2.53808,,,,,,
1780436945.673,5110162.0,4893.754,2.538402,,,,,,
1780436945.731,5110187.0,4918.681,2.538472,,,,,,
1780436945.732,5110212.0,4945.099,2.538551,,,,,,
1780436945.803,5110237.0,4948.574,2.538894,,,,,,
1780436945.804,5110262.0,4936.269,2.539163,,,,,,
1780436945.805,5110287.0,4908.144,2.539588,,,,,,
1780436945.865,5110312.0,4888.433,2.539966,,,,,,
1780436945.866,5110337.0,4886.898,2.540279,,,,,,
1780436945.921,5110362.0,4915.086,2.54053,,,,,,
1780436945.923,5110387.0,4938.48,2.540589,,,,,,
1780436945.924,5110412.0,4927.712,2.540859,,,,,,
1780436946.022,5110437.0,4909.862,2.541054,,,,,,
1780436946.023,5110462.0,4883.797,2.541502,,,,,,
1780436946.024,5110487.0,4869.347,2.541803,,,,,,
1780436946.025,5110512.0,4880.217,2.541945,,,,,,
1780436946.104,5110537.0,4907.628,2.541916,,,,,,
1780436946.105,5110562.0,4918.651,2.542112,,,,,,
1780436946.106,5110587.0,4914.49,2.542272,,,,,,
1780436946.205,5110612.0,4887.202,2.542539,,,,,,
1780436946.207,5110637.0,4857.012,2.542728,,,,,,
1780436946.208,5110662.0,4845.615,2.543046,,,,,,
1780436946.209,5110687.0,4845.689,2.543149,,,,,,
1780436946.294,5110712.0,4871.295,2.543344,,,,,,
1780436946.295,5110737.0,4881.106,2.543481,,,,,,
1780436946.296,5110762.0,4874.875,2.543412,,,,,,
1780436946.298,5110787.0,4847.929,2.54335,,,,,,
1780436946.386,5110812.0,4826.312,2.543584,,,,,,
1780436946.387,5110837.0,4825.225,2.543727,,,,,,
1780436946.388,5110862.0,4853.67,2.543601,,,,,,
1780436946.448,5110887.0,4874.028,2.543435,,,,,,
1780436946.448,5110912.0,4876.227,2.543372,,,,,,
1780436946.449,5110937.0,4858.044,2.543392,,,,,,
1780436946.500,5110962.0,4834.369,2.543311,,,,,,
1780436946.501,5110987.0,4816.533,2.543418,,,,,,
1780436946.552,5111012.0,4821.881,2.54338,,,,,,
1780436946.554,5111037.0,4850.452,2.543263,,,,,,
1780436946.614,5111062.0,4864.957,2.543032,,,,,,
1780436946.615,5111087.0,4854.687,2.542615,,,,,,
1780436946.667,5111112.0,4839.295,2.542497,,,,,,
1780436946.667,5111137.0,4815.731,2.542465,,,,,,
1780436946.724,5111162.0,4811.451,2.54235,,,,,,
1780436946.725,5111187.0,4834.333,2.542023,,,,,,
1780436946.725,5111212.0,4859.107,2.541679,,,,,,
1780436946.787,5111237.0,4855.618,2.541348,,,,,,
1780436946.788,5111262.0,4851.871,2.541225,,,,,,
1780436946.850,5111287.0,4833.621,2.54099,,,,,,
1780436946.851,5111312.0,4831.851,2.54087,,,,,,
1780436946.851,5111337.0,4841.35,2.540717,,,,,,
1780436946.914,5111362.0,4855.875,2.540596,,,,,,
1780436946.915,5111387.0,4875.382,2.54045,,,,,,
1780436946.985,5111412.0,4880.893,2.540275,,,,,,
1780436946.986,5111437.0,4868.465,2.539963,,,,,,
1780436946.987,5111462.0,4842.015,2.539782,,,,,,
1780436947.071,5111487.0,4829.29,2.539676,,,,,,
1780436947.073,5111512.0,4842.188,2.539336,,,,,,
1780436947.074,5111537.0,4871.602,2.538862,,,,,,
1780436947.075,5111562.0,4875.123,2.53868,,,,,,
1780436947.151,5111587.0,4876.232,2.538518,,,,,,
1780436947.152,5111612.0,4860.818,2.538285,,,,,,
1780436947.153,5111637.0,4842.079,2.538307,,,,,,
1780436947.216,5111662.0,4842.526,2.538139,,,,,,
1780436947.217,5111687.0,4855.546,2.538068,,,,,,
1780436947.303,5111712.0,4882.822,2.538151,,,,,,
1780436947.304,5111737.0,4893.652,2.53804,,,,,,
1780436947.305,5111762.0,4880.799,2.537934,,,,,,
1780436947.306,5111787.0,4855.06,2.537791,,,,,,
1780436947.380,5111812.0,4833.878,2.537993,,,,,,
1780436947.381,5111837.0,4835.917,2.538024,,,,,,
1780436947.381,5111862.0,4871.931,2.537851,,,,,,
1780436947.431,5111887.0,4888.606,2.537772,,,,,,
1780436947.432,5111912.0,4889.718,2.537863,,,,,,
1780436947.484,5111937.0,4869.68,2.537821,,,,,,
1780436947.485,5111962.0,4844.783,2.53784,,,,,,
1780436947.551,5111987.0,4839.443,2.537748,,,,,,
1780436947.552,5112012.0,4845.341,2.537629,,,,,,
1780436947.553,5112037.0,4861.33,2.537677,,,,,,
1780436947.603,5112062.0,4873.705,2.537621,,,,,,
1780436947.604,5112087.0,4862.99,2.537506,,,,,,
1780436947.664,5112112.0,4842.247,2.537472,,,,,,
1780436947.664,5112137.0,4813.381,2.537726,,,,,,
1780436947.736,5112162.0,4805.666,2.537834,,,,,,
1780436947.737,5112187.0,4837.081,2.537655,,,,,,
1780436947.738,5112212.0,4861.274,2.53755,,,,,,
1780436947.800,5112237.0,4866.547,2.537601,,,,,,
1780436947.801,5112262.0,4860.561,2.53756,,,,,,
1780436947.802,5112287.0,4841.573,2.537727,,,,,,
1780436947.886,5112312.0,4828.804,2.537832,,,,,,
1780436947.887,5112337.0,4837.355,2.537777,,,,,,
1780436947.889,5112362.0,4848.833,2.53776,,,,,,
1780436947.948,5112387.0,4874.269,2.537798,,,,,,
1780436947.948,5112412.0,4869.827,2.537707,,,,,,
1780436947.949,5112437.0,4853.857,2.537594,,,,,,
1780436947.999,5112462.0,4824.637,2.537541,,,,,,
1780436948.000,5112487.0,4810.25,2.537663,,,,,,
1780436948.089,5112512.0,4824.834,2.537607,,,,,,
1780436948.090,5112537.0,4853.589,2.537352,,,,,,
1780436948.091,5112562.0,4862.104,2.537328,,,,,,
1780436948.165,5112587.0,4863.658,2.537252,,,,,,
1780436948.166,5112612.0,4844.206,2.537246,,,,,,
1780436948.168,5112637.0,4826.419,2.537315,,,,,,
1780436948.233,5112662.0,4828.081,2.537345,,,,,,
1780436948.234,5112687.0,4838.284,2.537415,,,,,,
1780436948.236,5112712.0,4864.585,2.537585,,,,,,
1780436948.314,5112737.0,4871.147,2.537528,,,,,,
1780436948.314,5112762.0,4862.021,2.537286,,,,,,
1780436948.315,5112787.0,4834.894,2.537407,,,,,,
1780436948.366,5112812.0,4813.411,2.537575,,,,,,
1780436948.367,5112837.0,4816.578,2.537585,,,,,,
1780436948.431,5112862.0,4846.955,2.537427,,,,,,
1780436948.433,5112887.0,4868.009,2.537376,,,,,,
1780436948.434,5112912.0,4869.295,2.537402,,,,,,
1780436948.517,5112937.0,4856.76,2.537392,,,,,,
1780436948.519,5112962.0,4833.691,2.537354,,,,,,
1780436948.520,5112987.0,4826.049,2.537483,,,,,,
1780436948.522,5113012.0,4832.336,2.537488,,,,,,
1780436948.585,5113037.0,4856.25,2.537712,,,,,,
1780436948.586,5113062.0,4872.438,2.537743,,,,,,
1780436948.650,5113087.0,4863.736,2.537874,,,,,,
1780436948.651,5113112.0,4840.641,2.537976,,,,,,
1780436948.652,5113137.0,4812.35,2.538141,,,,,,
1780436948.717,5113162.0,4804.209,2.538417,,,,,,
1780436948.719,5113187.0,4831.417,2.538544,,,,,,
1780436948.785,5113212.0,4854.414,2.538599,,,,,,
1780436948.787,5113237.0,4858.38,2.538883,,,,,,
1780436948.788,5113262.0,4853.345,2.539376,,,,,,
1780436948.850,5113287.0,4833.941,2.539704,,,,,,
1780436948.851,5113312.0,4819.894,2.540309,,,,,,
1780436948.851,5113337.0,4822.246,2.540865,,,,,,
1780436948.918,5113362.0,4835.195,2.541421,,,,,,
1780436948.919,5113387.0,4853.25,2.542175,,,,,,
1780436948.920,5113412.0,4850.773,2.542729,,,,,,
1780436948.981,5113437.0,4833.697,2.543402,,,,,,
1780436948.981,5113462.0,4800.765,2.544194,,,,,,
1780436949.039,5113487.0,4783.473,2.544863,,,,,,
1780436949.041,5113512.0,4795.496,2.545389,,,,,,
1780436949.117,5113537.0,4824.795,2.545612,,,,,,
1780436949.119,5113562.0,4832.451,2.546299,,,,,,
1780436949.121,5113587.0,4831.318,2.547239,,,,,,
1780436949.122,5113612.0,4814.746,2.548084,,,,,,
1780436949.184,5113637.0,4798.071,2.548868,,,,,,
1780436949.186,5113662.0,4800.616,2.54962,,,,,,
1780436949.251,5113687.0,4807.873,2.550281,,,,,,
1780436949.252,5113712.0,4830.902,2.550931,,,,,,
1780436949.254,5113737.0,4842.133,2.551664,,,,,,
1780436949.313,5113762.0,4830.046,2.552284,,,,,,
1780436949.314,5113787.0,4804.64,2.552926,,,,,,
1780436949.364,5113812.0,4781.632,2.55354,,,,,,
1780436949.365,5113837.0,4786.194,2.55409,,,,,,
1780436949.416,5113862.0,4817.376,2.554133,,,,,,
1780436949.417,5113887.0,4836.667,2.554374,,,,,,
1780436949.481,5113912.0,4836.4,2.554857,,,,,,
1780436949.482,5113937.0,4830.207,2.555012,,,,,,
1780436949.483,5113962.0,4819.201,2.554991,,,,,,
1780436949.544,5113987.0,4826.866,2.554871,,,,,,
1780436949.546,5114012.0,4839.227,2.554689,,,,,,
1780436949.547,5114037.0,4865.92,2.554449,,,,,,
1780436949.618,5114062.0,4888.812,2.554065,,,,,,
1780436949.620,5114087.0,4874.278,2.553653,,,,,,
1780436949.621,5114112.0,4852.582,2.553463,,,,,,
1780436949.681,5114137.0,4820.878,2.553362,,,,,,
1780436949.683,5114162.0,4811.888,2.553417,,,,,,
1780436949.746,5114187.0,4840.323,2.552835,,,,,,
1780436949.747,5114212.0,4865.455,2.552116,,,,,,
1780436949.748,5114237.0,4867.799,2.551486,,,,,,
1780436949.800,5114262.0,4859.906,2.550995,,,,,,
1780436949.800,5114287.0,4841.424,2.550431,,,,,,
1780436949.860,5114312.0,4838.546,2.549941,,,,,,
1780436949.862,5114337.0,4853.611,2.549281,,,,,,
1780436949.914,5114362.0,4875.421,2.548529,,,,,,
1780436949.914,5114387.0,4908.525,2.547814,,,,,,
1780436949.970,5114412.0,4902.79,2.546953,,,,,,
1780436949.971,5114437.0,4886.626,2.546276,,,,,,
1780436949.972,5114462.0,4854.985,2.545812,,,,,,
1780436950.033,5114487.0,4837.792,2.545661,,,,,,
1780436950.034,5114512.0,4850.877,2.54485,,,,,,
1780436950.098,5114537.0,4882.117,2.54406,,,,,,
1780436950.099,5114562.0,4886.245,2.543398,,,,,,
1780436950.100,5114587.0,4880.603,2.542958,,,,,,
1780436950.164,5114612.0,4853.964,2.54263,,,,,,
1780436950.165,5114637.0,4834.814,2.542264,,,,,,
1780436950.357,5114662.0,4834.715,2.541904,0.005623,80.06974,5114625.0,1.236983,,
1780436950.359,5114783.0,4814.313,2.541475,,,,,,
1780436950.360,5114808.0,4836.071,2.541337,,,,,,
1780436950.361,5114833.0,4868.649,2.540995,,,,,,
1780436950.464,5114858.0,4902.994,2.54037,,,,,,
1780436950.465,5114883.0,4905.649,2.539767,,,,,,
1780436950.465,5114908.0,4872.998,2.539633,,,,,,
1780436950.466,5114933.0,4844.964,2.539534,,,,,,
1780436950.466,5114958.0,4851.236,2.539213,,,,,,
1780436950.553,5114983.0,4871.592,2.538922,,,,,,
1780436950.555,5115008.0,4900.95,2.538579,,,,,,
1780436950.556,5115033.0,4914.621,2.538314,,,,,,
1780436950.636,5115058.0,4907.942,2.538176,,,,,,
1780436950.638,5115083.0,4866.681,2.537923,,,,,,
1780436950.639,5115108.0,4840.542,2.537781,,,,,,
1780436950.731,5115133.0,4850.022,2.537864,,,,,,
1780436950.731,5115158.0,4875.422,2.537933,,,,,,
1780436950.732,5115183.0,4910.122,2.537646,,,,,,
1780436950.732,5115208.0,4924.25,2.537343,,,,,,
1780436950.799,5115233.0,4893.646,2.537499,,,,,,
1780436950.800,5115258.0,4864.375,2.537547,,,,,,
1780436950.801,5115283.0,4859.881,2.537454,,,,,,
1780436950.866,5115308.0,4877.794,2.537306,,,,,,
1780436950.866,5115333.0,4916.506,2.537234,,,,,,
1780436950.867,5115358.0,4946.605,2.536958,,,,,,
1780436950.933,5115383.0,4951.983,2.536918,,,,,,
1780436950.934,5115408.0,4946.871,2.536831,,,,,,
1780436951.033,5115433.0,4938.133,2.536685,,,,,,
1780436951.035,5115458.0,4907.448,2.536565,,,,,,
1780436951.036,5115483.0,4885.666,2.536832,,,,,,
1780436951.037,5115508.0,4893.954,2.536913,,,,,,
1780436951.117,5115533.0,4927.688,2.536774,,,,,,
1780436951.117,5115558.0,4941.095,2.536598,,,,,,
1780436951.118,5115583.0,4936.911,2.536768,,,,,,
1780436951.118,5115608.0,4915.363,2.536747,,,,,,
1780436951.201,5115633.0,4892.694,2.536878,,,,,,
1780436951.202,5115658.0,4887.754,2.53701,,,,,,
1780436951.204,5115683.0,4894.344,2.536915,,,,,,
1780436951.316,5115708.0,4935.252,2.537034,,,,,,
1780436951.317,5115733.0,4956.044,2.537077,,,,,,
1780436951.317,5115758.0,4946.343,2.537077,,,,,,
1780436951.318,5115783.0,4923.89,2.536905,,,,,,
1780436951.319,5115808.0,4896.488,2.536991,,,,,,
1780436951.398,5115833.0,4891.681,2.537073,,,,,,
1780436951.399,5115858.0,4922.676,2.536904,,,,,,
1780436951.399,5115883.0,4945.178,2.536742,,,,,,
1780436951.483,5115908.0,4944.548,2.536725,,,,,,
1780436951.485,5115933.0,4925.521,2.536784,,,,,,
1780436951.486,5115958.0,4894.697,2.536942,,,,,,
1780436951.566,5115983.0,4879.267,2.537155,,,,,,
1780436951.567,5116008.0,4892.798,2.537032,,,,,,
1780436951.568,5116033.0,4939.423,2.536929,,,,,,
1780436951.568,5116058.0,4969.308,2.536951,,,,,,
1780436951.634,5116083.0,4968.006,2.537063,,,,,,
1780436951.635,5116108.0,4950.24,2.536974,,,,,,
1780436951.719,5116133.0,4917.927,2.537108,,,,,,
1780436951.720,5116158.0,4904.459,2.537254,,,,,,
1780436951.721,5116183.0,4926.535,2.537131,,,,,,
1780436951.722,5116208.0,4955.394,2.536836,,,,,,
1780436951.801,5116233.0,4957.661,2.536872,,,,,,
1780436951.802,5116258.0,4947.401,2.536777,,,,,,
1780436951.803,5116283.0,4919.685,2.536741,,,,,,
1780436951.881,5116308.0,4899.594,2.536965,,,,,,
1780436951.883,5116333.0,4891.658,2.537179,,,,,,
1780436951.884,5116358.0,4889.848,2.537204,,,,,,
1780436951.967,5116383.0,4913.175,2.537219,,,,,,
1780436951.967,5116408.0,4916.994,2.537301,,,,,,
1780436951.968,5116433.0,4906.814,2.537323,,,,,,
1780436951.970,5116458.0,4878.822,2.537386,,,,,,
1780436952.065,5116483.0,4860.057,2.537582,,,,,,
1780436952.067,5116508.0,4865.697,2.53772,,,,,,
1780436952.068,5116533.0,4899.871,2.537646,,,,,,
1780436952.070,5116558.0,4912.846,2.537776,,,,,,
1780436952.181,5116583.0,4910.51,2.538016,,,,,,
1780436952.181,5116608.0,4889.677,2.538356,,,,,,
1780436952.182,5116633.0,4856.184,2.53893,,,,,,
1780436952.182,5116658.0,4841.06,2.539536,,,,,,
1780436952.267,5116683.0,4841.37,2.539952,,,,,,
1780436952.269,5116708.0,4869.319,2.540285,,,,,,
1780436952.269,5116733.0,4886.387,2.540768,,,,,,
1780436952.270,5116758.0,4879.695,2.541389,,,,,,
1780436952.349,5116783.0,4853.878,2.54208,,,,,,
1780436952.350,5116808.0,4825.13,2.542908,,,,,,
1780436952.351,5116833.0,4819.998,2.543642,,,,,,
1780436952.434,5116858.0,4851.157,2.544077,,,,,,
1780436952.435,5116883.0,4874.716,2.544909,,,,,,
1780436952.436,5116908.0,4876.295,2.546218,,,,,,
1780436952.517,5116933.0,4863.516,2.547452,,,,,,
1780436952.519,5116958.0,4842.691,2.548698,,,,,,
1780436952.520,5116983.0,4834.349,2.550145,,,,,,
1780436952.521,5117008.0,4839.801,2.551373,,,,,,
1780436952.615,5117033.0,4855.518,2.552695,,,,,,
1780436952.616,5117058.0,4872.331,2.554057,,,,,,
1780436952.617,5117083.0,4859.381,2.555555,,,,,,
1780436952.617,5117108.0,4838.4,2.557049,,,,,,
1780436952.698,5117133.0,4806.43,2.558646,,,,,,
1780436952.698,5117158.0,4791.503,2.56001,,,,,,
1780436952.699,5117183.0,4810.0,2.560856,,,,,,
1780436952.765,5117208.0,4835.453,2.561615,,,,,,
1780436952.765,5117233.0,4833.671,2.562925,,,,,,
1780436952.852,5117258.0,4825.125,2.564094,,,,,,
1780436952.853,5117283.0,4796.317,2.565351,,,,,,
1780436952.855,5117308.0,4774.506,2.566482,,,,,,
1780436952.855,5117333.0,4767.548,2.567388,,,,,,
1780436952.932,5117358.0,4771.011,2.568176,,,,,,
1780436952.933,5117383.0,4789.078,2.568686,,,,,,
1780436952.934,5117408.0,4788.184,2.56915,,,,,,
1780436953.017,5117433.0,4776.147,2.569732,,,,,,
1780436953.018,5117458.0,4745.698,2.57043,,,,,,
1780436953.019,5117483.0,4725.342,2.57108,,,,,,
1780436953.020,5117508.0,4735.147,2.571122,,,,,,
1780436953.119,5117533.0,4769.347,2.570552,,,,,,
1780436953.120,5117558.0,4783.136,2.570102,,,,,,
1780436953.121,5117583.0,4784.639,2.569408,,,,,,
1780436953.122,5117608.0,4769.827,2.568579,,,,,,
1780436953.215,5117633.0,4752.475,2.567835,,,,,,
1780436953.217,5117658.0,4756.5,2.566844,,,,,,
1780436953.218,5117683.0,4765.207,2.565794,,,,,,
1780436953.219,5117708.0,4797.856,2.56446,,,,,,
1780436953.300,5117733.0,4814.003,2.562972,,,,,,
1780436953.302,5117758.0,4808.083,2.561408,,,,,,
1780436953.303,5117783.0,4785.982,2.560307,,,,,,
1780436953.419,5117808.0,4759.202,2.559608,,,,,,
1780436953.420,5117833.0,4757.295,2.558589,,,,,,
1780436953.421,5117858.0,4793.224,2.556985,,,,,,
1780436953.423,5117883.0,4817.946,2.555465,,,,,,
1780436953.424,5117908.0,4822.331,2.554065,,,,,,
1780436953.534,5117933.0,4815.014,2.552599,,,,,,
1780436953.535,5117958.0,4799.3,2.551399,,,,,,
1780436953.536,5117983.0,4802.584,2.550292,,,,,,
1780436953.537,5118008.0,4814.596,2.549053,,,,,,
1780436953.635,5118033.0,4840.531,2.547796,,,,,,
1780436953.637,5118058.0,4858.167,2.546652,,,,,,
1780436953.638,5118083.0,4850.191,2.545147,,,,,,
1780436953.639,5118108.0,4834.806,2.544013,,,,,,
1780436953.734,5118133.0,4805.247,2.54323,,,,,,
1780436953.735,5118158.0,4791.79,2.542449,,,,,,
1780436953.736,5118183.0,4812.584,2.541463,,,,,,
1780436953.737,5118208.0,4839.64,2.540773,,,,,,
1780436953.834,5118233.0,4842.717,2.540246,,,,,,
1780436953.835,5118258.0,4837.764,2.539696,,,,,,
1780436953.837,5118283.0,4814.707,2.539346,,,,,,
1780436953.838,5118308.0,4804.716,2.539188,,,,,,
1780436953.934,5118333.0,4803.533,2.538981,,,,,,
1780436953.935,5118358.0,4807.37,2.53896,,,,,,
1780436953.936,5118383.0,4825.427,2.538902,,,,,,
1780436953.937,5118408.0,4819.928,2.538587,,,,,,
1780436954.048,5118433.0,4805.396,2.538238,,,,,,
1780436954.049,5118458.0,4772.476,2.5381,,,,,,
1780436954.050,5118483.0,4734.284,2.538018,,,,,,
1780436954.051,5118508.0,4716.038,2.537992,,,,,,
1780436954.051,5118533.0,4726.814,2.537906,,,,,,
1780436954.151,5118558.0,4733.132,2.537946,,,,,,
1780436954.152,5118583.0,4732.224,2.537906,,,,,,
1780436954.153,5118608.0,4706.94,2.537793,,,,,,
1780436954.154,5118633.0,4684.245,2.537895,,,,,,
1780436954.266,5118658.0,4677.955,2.538041,,,,,,
1780436954.267,5118683.0,4683.891,2.538018,,,,,,
1780436954.268,5118708.0,4710.72,2.538195,,,,,,
1780436954.270,5118733.0,4719.641,2.538014,,,,,,
1780436954.272,5118758.0,4703.583,2.53791,,,,,,
1780436954.369,5118783.0,4682.957,2.537818,,,,,,
1780436954.370,5118808.0,4660.376,2.537926,,,,,,
1780436954.371,5118833.0,4664.581,2.537944,,,,,,
1780436954.372,5118858.0,4698.049,2.537846,,,,,,
1780436954.465,5118883.0,4731.572,2.537704,,,,,,
1780436954.466,5118908.0,4746.959,2.537803,,,,,,
1780436954.467,5118933.0,4742.933,2.537899,,,,,,
1780436954.468,5118958.0,4733.709,2.538008,,,,,,
1780436954.584,5118983.0,4726.163,2.537883,,,,,,
1780436954.585,5119008.0,4719.333,2.537757,,,,,,
1780436954.586,5119033.0,4727.494,2.537828,,,,,,
1780436954.588,5119058.0,4731.333,2.53776,,,,,,
1780436954.665,5119083.0,4727.25,2.537796,,,,,,
1780436954.666,5119108.0,4723.916,2.537796,,,,,,
1780436954.667,5119133.0,4721.401,2.537976,,,,,,
1780436954.668,5119158.0,4736.698,2.537981,,,,,,
1780436954.765,5119183.0,4770.871,2.537758,,,,,,
1780436954.766,5119208.0,4799.528,2.537641,,,,,,
1780436954.766,5119233.0,4800.946,2.537736,,,,,,
1780436954.768,5119258.0,4795.038,2.537554,,,,,,
1780436954.864,5119283.0,4777.396,2.537532,,,,,,
1780436954.865,5119308.0,4769.178,2.537508,,,,,,
1780436954.867,5119333.0,4774.965,2.53755,,,,,,
1780436954.868,5119358.0,4787.0,2.537811,,,,,,
1780436954.950,5119383.0,4813.574,2.537941,,,,,,
1780436954.952,5119408.0,4810.7,2.537888,,,,,,
1780436954.953,5119433.0,4795.778,2.537793,,,,,,
1780436955.051,5119458.0,4762.192,2.537816,,,,,,
1780436955.053,5119483.0,4745.466,2.537905,,,,,,
1780436955.054,5119508.0,4747.154,2.537938,,,,,,
1780436955.055,5119533.0,4768.622,2.53792,,,,,,
1780436955.151,5119558.0,4775.742,2.537696,,,,,,
1780436955.152,5119583.0,4771.308,2.537831,,,,,,
1780436955.153,5119608.0,4761.791,2.537985,,,,,,
1780436955.154,5119633.0,4767.853,2.5384,,,,,,
1780436955.266,5119658.0,4792.573,2.538812,,,,,,
1780436955.268,5119683.0,4823.951,2.539413,,,,,,
1780436955.269,5119708.0,4857.708,2.53994,,,,,,
1780436955.270,5119733.0,4880.457,2.540723,,,,,,
1780436955.271,5119758.0,4868.256,2.541023,,,,,,
1780436955.365,5119783.0,4839.855,2.541474,,,,,,
1780436955.367,5119808.0,4809.534,2.542306,,,,,,
1780436955.368,5119833.0,4807.263,2.54303,,,,,,
1780436955.369,5119858.0,4846.721,2.54357,,,,,,
1780436955.466,5119883.0,4878.187,2.544568,,,,,,
1780436955.467,5119908.0,4891.613,2.546311,,,,,,
1780436955.468,5119933.0,4888.908,2.548108,,,,,,
1780436955.469,5119958.0,4881.789,2.550137,,,,,,
1780436955.600,5119983.0,4893.726,2.552019,,,,,,
1780436955.601,5120008.0,4926.971,2.553694,,,,,,
1780436955.603,5120033.0,4977.473,2.555793,,,,,,
1780436955.604,5120058.0,5025.579,2.55802,,,,,,
1780436955.605,5120083.0,5041.195,2.561051,,,,,,
1780436955.702,5120108.0,5045.189,2.563894,,,,,,
1780436955.704,5120133.0,5036.28,2.566852,,,,,,
1780436955.705,5120158.0,5044.573,2.568764,,,,,,
1780436955.706,5120183.0,5080.53,2.570421,,,,,,
1780436955.814,5120208.0,5129.468,2.571984,,,,,,
1780436955.816,5120233.0,5173.174,2.574889,,,,,,
1780436955.817,5120258.0,5211.165,2.577485,,,,,,
1780436955.818,5120283.0,5231.013,2.580446,,,,,,
1780436955.819,5120308.0,5261.397,2.582556,,,,,,
1780436955.932,5120333.0,5307.19,2.583903,,,,,,
1780436955.933,5120358.0,5361.011,2.585136,,,,,,
1780436955.935,5120383.0,5438.466,2.586764,,,,,,
1780436955.936,5120408.0,5496.498,2.589521,,,,,,
1780436956.016,5120433.0,5545.339,2.591953,,,,,,
1780436956.018,5120458.0,5576.851,2.594367,,,,,,
1780436956.019,5120483.0,5607.993,2.596104,,,,,,
1780436956.020,5120508.0,5651.39,2.597062,,,,,,
1780436956.133,5120533.0,5714.342,2.597045,,,,,,
1780436956.135,5120558.0,5780.098,2.597126,,,,,,
1780436956.137,5120583.0,5840.538,2.597454,,,,,,
1780436956.138,5120608.0,5882.904,2.597928,,,,,,
1780436956.218,5120633.0,5911.601,2.59855,,,,,,
1780436956.219,5120658.0,5946.524,2.598142,,,,,,
1780436956.220,5120683.0,5987.98,2.59736,,,,,,
1780436956.222,5120708.0,6056.584,2.595754,,,,,,
1780436956.349,5120733.0,6115.647,2.594743,,,,,,
1780436956.351,5120758.0,6167.46,2.594297,,,,,,
1780436956.352,5120783.0,6200.75,2.594585,,,,,,
1780436956.353,5120808.0,6228.947,2.595031,,,,,,
1780436956.355,5120833.0,6260.1,2.594815,,,,,,
1780436956.446,5120858.0,6303.44,2.593193,,,,,,
1780436956.446,5120883.0,6338.969,2.59161,,,,,,
1780436956.447,5120908.0,6377.295,2.589946,,,,,,
1780436956.448,5120933.0,6401.572,2.589382,,,,,,
1780436956.535,5120958.0,6413.857,2.589514,,,,,,
1780436956.537,5120983.0,6427.702,2.589206,,,,,,
1780436956.538,5121008.0,6444.925,2.588636,,,,,,
1780436956.650,5121033.0,6475.051,2.58675,,,,,,
1780436956.652,5121058.0,6501.698,2.585466,,,,,,
1780436956.653,5121083.0,6523.975,2.585109,,,,,,
1780436956.654,5121108.0,6538.436,2.585427,,,,,,
1780436956.655,5121133.0,6549.008,2.586068,,,,,,
1780436956.736,5121158.0,6559.466,2.586327,,,,,,
1780436956.737,5121183.0,6571.641,2.586228,,,,,,
1780436956.739,5121208.0,6583.495,2.585677,,,,,,
1780436956.834,5121233.0,6596.054,2.585001,,,,,,
1780436956.836,5121258.0,6604.069,2.584737,,,,,,
1780436956.837,5121283.0,6604.746,2.5855,,,,,,
1780436956.838,5121308.0,6604.933,2.586304,,,,,,
1780436956.934,5121333.0,6607.413,2.586827,,,,,,
1780436956.935,5121358.0,6614.508,2.586626,,,,,,
1780436956.936,5121383.0,6622.731,2.586433,,,,,,
1780436956.937,5121408.0,6627.991,2.587066,,,,,,
1780436957.048,5121433.0,6628.915,2.588318,,,,,,
1780436957.049,5121458.0,6626.643,2.589904,,,,,,
1780436957.050,5121483.0,6625.428,2.591237,,,,,,
1780436957.051,5121508.0,6625.569,2.592205,,,,,,
1780436957.052,5121533.0,6626.533,2.592862,,,,,,
1780436957.135,5121558.0,6629.192,2.593172,,,,,,
1780436957.136,5121583.0,6629.313,2.593856,,,,,,
1780436957.137,5121608.0,6627.19,2.594948,,,,,,
1780436957.249,5121633.0,6623.822,2.596072,,,,,,
1780436957.251,5121658.0,6621.98,2.596914,,,,,,
1780436957.252,5121683.0,6622.652,2.597099,,,,,,
1780436957.253,5121708.0,6624.966,2.596956,,,,,,
1780436957.254,5121733.0,6623.224,2.597905,,,,,,
1780436957.365,5121758.0,6615.553,2.600507,,,,,,
1780436957.367,5121783.0,6605.931,2.603553,,,,,,
1780436957.368,5121808.0,6595.317,2.606826,,,,,,
1780436957.369,5121833.0,6584.343,2.61009,,,,,,
1780436957.370,5121858.0,6573.586,2.613417,,,,,,
1780436957.466,5121883.0,6564.887,2.616407,,,,,,
1780436957.467,5121908.0,6557.194,2.619163,,,,,,
1780436957.468,5121933.0,6548.223,2.62211,,,,,,
1780436957.469,5121958.0,6537.645,2.625224,,,,,,
1780436957.567,5121983.0,6526.269,2.628639,,,,,,
1780436957.569,5122008.0,6516.306,2.631521,,,,,,
1780436957.570,5122033.0,6508.982,2.633845,,,,,,
1780436957.571,5122058.0,6503.564,2.635597,,,,,,
1780436957.682,5122083.0,6497.606,2.637553,,,,,,
1780436957.684,5122108.0,6489.821,2.639907,,,,,,
1780436957.685,5122133.0,6480.491,2.642696,,,,,,
1780436957.686,5122158.0,6471.249,2.645452,,,,,,
1780436957.766,5122183.0,6461.782,2.648147,,,,,,
1780436957.768,5122208.0,6453.946,2.650665,,,,,,
1780436957.769,5122233.0,6446.572,2.653009,,,,,,
1780436957.770,5122258.0,6438.58,2.65544,,,,,,
1780436957.863,5122283.0,6428.621,2.658321,,,,,,
1780436957.864,5122308.0,6417.954,2.661323,,,,,,
1780436957.865,5122333.0,6408.944,2.663845,,,,,,
1780436957.866,5122358.0,6404.025,2.665263,,,,,,
1780436957.947,5122383.0,6404.025,2.665409,,,,,,
1780436957.948,5122408.0,6404.031,2.665552,,,,,,
1780436957.950,5122433.0,6403.837,2.665626,,,,,,
1780436958.064,5122458.0,6403.906,2.6656,,,,,,
1780436958.065,5122483.0,6403.899,2.665748,,,,,,
1780436958.066,5122508.0,6403.774,2.665795,,,,,,
1780436958.067,5122533.0,6403.75,2.665804,,,,,,
1780436958.069,5122558.0,6403.775,2.665941,,,,,,
1780436958.166,5122583.0,6403.762,2.665946,,,,,,
1780436958.167,5122608.0,6403.762,2.665946,,,,,,
1780436958.169,5122633.0,6403.768,2.665943,,,,,,
1780436958.170,5122658.0,6403.768,2.665797,,,,,,
1780436958.267,5122683.0,6403.812,2.665781,,,,,,
1780436958.268,5122708.0,6403.875,2.665757,,,,,,
1780436958.270,5122733.0,6403.855,2.665764,,,,,,
1780436958.271,5122758.0,6403.85,2.665766,,,,,,
1780436958.380,5122783.0,6403.824,2.665922,,,,,,
1780436958.381,5122808.0,6403.762,2.665946,,,,,,
1780436958.382,5122833.0,6402.869,2.666137,,,,,,
1780436958.384,5122858.0,6401.743,2.666561,,,,,,
1780436958.485,5122883.0,6400.534,2.666871,,,,,,
1780436958.486,5122908.0,6399.333,2.667324,,,,,,
1780436958.487,5122933.0,6397.987,2.667686,,,,,,
1780436958.488,5122958.0,6396.693,2.668028,,,,,,
1780436958.584,5122983.0,6395.516,2.668473,,,,,,
1780436958.585,5123008.0,6394.325,2.668775,,,,,,
1780436958.587,5123033.0,6393.229,2.668898,,,,,,
1780436958.588,5123058.0,6392.083,2.669184,,,,,,
1780436958.681,5123083.0,6390.887,2.669635,,,,,,
1780436958.682,5123108.0,6389.635,2.669962,,,,,,
1780436958.684,5123133.0,6388.508,2.670388,,,,,,
1780436958.685,5123158.0,6387.132,2.670906,,,,,,
1780436958.769,5123183.0,6385.931,2.671068,,,,,,
1780436958.770,5123208.0,6384.84,2.671479,,,,,,
1780436958.770,5123233.0,6383.726,2.6719,,,,,,
1780436958.771,5123258.0,6382.585,2.672184,,,,,,
1780436958.864,5123283.0,6381.438,2.672617,,,,,,
1780436958.865,5123308.0,6380.217,2.672931,,,,,,
1780436958.867,5123333.0,6379.083,2.673359,,,,,,
1780436958.868,5123358.0,6377.938,2.673791,,,,,,
1780436958.982,5123383.0,6376.755,2.674092,,,,,,
1780436958.983,5123408.0,6375.496,2.674421,,,,,,
1780436958.984,5123433.0,6374.262,2.674886,,,,,,
1780436958.985,5123458.0,6373.854,2.67504,,,,,,
1780436959.066,5123483.0,6373.922,2.675014,,,,,,
1780436959.067,5123508.0,6374.071,2.674958,,,,,,
1780436959.068,5123533.0,6374.214,2.674904,,,,,,
1780436959.069,5123558.0,6374.337,2.675004,,,,,,
1780436959.150,5123583.0,6374.486,2.675093,,,,,,
1780436959.151,5123608.0,6374.486,2.675093,,,,,,
1780436959.153,5123633.0,6374.456,2.674959,,,,,,
1780436959.248,5123658.0,6374.165,2.675068,,,,,,
1780436959.249,5123683.0,6374.264,2.675031,,,,,,
1780436959.250,5123708.0,6374.171,2.675066,,,,,,
1780436959.251,5123733.0,6374.27,2.674883,,,,,,
1780436959.333,5123758.0,6374.338,2.674712,,,,,,
1780436959.335,5123783.0,6374.592,2.67447,,,,,,
1780436959.336,5123808.0,6374.71,2.674571,,,,,,
1780436959.445,5123833.0,6374.734,2.674562,,,,,,
1780436959.446,5123858.0,6374.809,2.674534,,,,,,
1780436959.447,5123883.0,6374.642,2.674743,,,,,,
1780436959.448,5123908.0,6374.499,2.674797,,,,,,
1780436959.449,5123933.0,6374.586,2.67491,,,,,,
1780436959.530,5123958.0,6374.741,2.674706,,,,,,
1780436959.531,5123983.0,6374.859,2.674661,,,,,,
1780436959.532,5124008.0,6374.978,2.674762,,,,,,
1780436959.618,5124033.0,6375.002,2.674753,,,,,,
1780436959.620,5124058.0,6375.001,2.674753,,,,,,
1780436959.621,5124083.0,6374.994,2.674756,,,,,,
1780436959.622,5124108.0,6374.882,2.674798,,,,,,
1780436959.716,5124133.0,6374.827,2.674965,,,,,,
1780436959.717,5124158.0,6374.703,2.675011,,,,,,
1780436959.717,5124183.0,6374.474,2.674952,,,,,,
1780436959.718,5124208.0,6374.574,2.674914,,,,,,
1780436959.818,5124233.0,6374.58,2.674912,,,,,,
1780436959.820,5124258.0,6374.623,2.675041,,,,,,
1780436959.821,5124283.0,6374.858,2.674953,,,,,,
1780436959.822,5124308.0,6374.858,2.675098,,,,,,
1780436959.917,5124333.0,6374.716,2.675006,,,,,,
1780436959.918,5124358.0,6374.498,2.675234,,,,,,
1780436959.919,5124383.0,6374.431,2.675406,,,,,,
1780436959.919,5124408.0,6374.406,2.675561,,,,,,
1780436960.019,5124433.0,6374.48,2.675533,,,,,,
1780436960.020,5124458.0,6374.475,2.675535,,,,,,
1780436960.021,5124483.0,6374.368,2.675575,,,,,,
1780436960.022,5124508.0,6374.555,2.675359,,,,,,
1780436960.131,5124533.0,6374.679,2.675312,,,,,,
1780436960.133,5124558.0,6374.63,2.675185,,,,,,
1780436960.134,5124583.0,6374.338,2.675441,,,,,,
1780436960.135,5124608.0,6374.141,2.675515,,,,,,
1780436960.229,5124633.0,6374.072,2.675395,,,,,,
1780436960.300,5124658.0,6374.034,2.675264,0.131983,291.557281,5124103.0,29.036276,,
1780436960.301,5124779.0,6374.059,2.675254,,,,,,
1780436960.399,5124804.0,6374.133,2.675227,,,,,,
1780436960.401,5124829.0,6374.176,2.675065,,,,,,
1780436960.401,5124854.0,6374.108,2.67509,,,,,,
1780436960.402,5124879.0,6374.232,2.674897,,,,,,
1780436960.481,5124904.0,6374.387,2.674839,,,,,,
1780436960.482,5124929.0,6374.356,2.674705,,,,,,
1780436960.483,5124954.0,6374.313,2.674721,,,,,,
1780436960.580,5124979.0,6374.381,2.67455,,,,,,
1780436960.581,5125004.0,6374.325,2.674716,,,,,,
1780436960.581,5125029.0,6374.355,2.674705,,,,,,
1780436960.582,5125054.0,6374.448,2.674816,,,,,,
1780436960.665,5125079.0,6374.537,2.674782,,,,,,
1780436960.666,5125104.0,6374.413,2.674829,,,,,,
1780436960.666,5125129.0,6374.313,2.674867,,,,,,
1780436960.667,5125154.0,6374.331,2.674714,,,,,,
1780436960.749,5125179.0,6374.281,2.674587,,,,,,
1780436960.750,5125204.0,6374.437,2.674529,,,,,,
1780436960.751,5125229.0,6374.437,2.674675,,,,,,
1780436960.846,5125254.0,6374.431,2.674531,,,,,,
1780436960.847,5125279.0,6374.467,2.674663,,,,,,
1780436960.847,5125304.0,6374.597,2.674614,,,,,,
1780436960.848,5125329.0,6374.702,2.674429,,,,,,
1780436960.929,5125354.0,6374.565,2.674625,,,,,,
1780436960.930,5125379.0,6374.722,2.674713,,,,,,
1780436960.931,5125404.0,6374.853,2.674663,,,,,,
1780436961.015,5125429.0,6374.821,2.674675,,,,,,
1780436961.017,5125454.0,6374.976,2.674762,,,,,,
1780436961.018,5125479.0,6375.101,2.67457,,,,,,
1780436961.019,5125504.0,6375.156,2.674695,,,,,,
1780436961.111,5125529.0,6375.076,2.67487,,,,,,
1780436961.112,5125554.0,6374.982,2.675052,,,,,,
1780436961.112,5125579.0,6374.983,2.674906,,,,,,
1780436961.113,5125604.0,6375.033,2.674887,,,,,,
1780436961.200,5125629.0,6375.219,2.674817,,,,,,
1780436961.203,5125654.0,6375.212,2.674819,,,,,,
1780436961.206,5125679.0,6375.274,2.674796,,,,,,
1780436961.318,5125704.0,6375.385,2.674754,,,,,,
1780436961.319,5125729.0,6375.534,2.674697,,,,,,
1780436961.321,5125754.0,6375.527,2.6747,,,,,,
1780436961.322,5125779.0,6375.447,2.674876,,,,,,
1780436961.323,5125804.0,6375.447,2.675022,,,,,,
1780436961.429,5125829.0,6375.311,2.675073,,,,,,
1780436961.430,5125854.0,6375.366,2.675052,,,,,,
1780436961.430,5125879.0,6375.397,2.675187,,,,,,
1780436961.431,5125904.0,6375.372,2.67505,,,,,,
1780436961.516,5125929.0,6375.367,2.675053,,,,,,
1780436961.517,5125954.0,6375.447,2.675168,,,,,,
1780436961.518,5125979.0,6375.695,2.674929,,,,,,
1780436961.519,5126004.0,6375.46,2.675017,,,,,,
1780436961.631,5126029.0,6375.261,2.675092,,,,,,
1780436961.634,5126054.0,6375.236,2.675102,,,,,,
1780436961.635,5126079.0,6375.099,2.675153,,,,,,
1780436961.637,5126104.0,6375.149,2.67528,,,,,,
1780436961.638,5126129.0,6375.063,2.675313,,,,,,
1780436961.765,5126154.0,6375.188,2.67512,,,,,,
1780436961.766,5126179.0,6375.212,2.674965,,,,,,
1780436961.767,5126204.0,6375.218,2.674963,,,,,,
1780436961.768,5126229.0,6375.081,2.67516,,,,,,
1780436961.769,5126254.0,6374.92,2.675221,,,,,,
1780436961.844,5126279.0,6374.814,2.675115,,,,,,
1780436961.845,5126304.0,6374.815,2.674969,,,,,,
1780436961.846,5126329.0,6374.957,2.674916,,,,,,
1780436961.911,5126354.0,6375.112,2.674711,,,,,,
1780436961.913,5126379.0,6375.199,2.674678,,,,,,
1780436961.915,5126404.0,6375.236,2.674519,,,,,,
1780436962.030,5126429.0,6375.33,2.674483,,,,,,
1780436962.031,5126454.0,6375.322,2.674486,,,,,,
1780436962.032,5126479.0,6375.143,2.674408,,,,,,
1780436962.032,5126504.0,6375.125,2.674269,,,,,,
1780436962.114,5126529.0,6375.112,2.67442,,,,,,
1780436962.115,5126554.0,6375.255,2.674366,,,,,,
1780436962.116,5126579.0,6375.286,2.674355,,,,,,
1780436962.116,5126604.0,6375.224,2.674524,,,,,,
1780436962.194,5126629.0,6375.416,2.674451,,,,,,
1780436962.194,5126654.0,6375.46,2.674434,,,,,,
1780436962.195,5126679.0,6375.528,2.674408,,,,,,
1780436962.261,5126704.0,6375.497,2.67442,,,,,,
1780436962.262,5126729.0,6375.286,2.6745,,,,,,
1780436962.262,5126754.0,6375.329,2.674484,,,,,,
1780436962.346,5126779.0,6375.212,2.674674,,,,,,
1780436962.347,5126804.0,6375.273,2.674796,,,,,,
1780436962.348,5126829.0,6375.342,2.674771,,,,,,
1780436962.446,5126854.0,6375.46,2.674726,,,,,,
1780436962.446,5126879.0,6375.522,2.674702,,,,,,
1780436962.448,5126904.0,6375.683,2.674787,,,,,,
1780436962.449,5126929.0,6375.683,2.674933,,,,,,
1780436962.526,5126954.0,6375.397,2.675041,,,,,,
1780436962.527,5126979.0,6375.149,2.67528,,,,,,
1780436962.528,5127004.0,6375.063,2.675167,,,,,,
1780436962.629,5127029.0,6375.125,2.675289,,,,,,
1780436962.630,5127054.0,6375.125,2.67529,,,,,,
1780436962.632,5127079.0,6375.174,2.675271,,,,,,
1780436962.633,5127104.0,6375.284,2.675375,,,,,,
1780436962.727,5127129.0,6375.335,2.675502,,,,,,
1780436962.729,5127154.0,6375.33,2.675503,,,,,,
1780436962.729,5127179.0,6375.182,2.675414,,,,,,
1780436962.731,5127204.0,6375.045,2.67532,,,,,,
1780436962.845,5127229.0,6374.858,2.675244,,,,,,
1780436962.847,5127254.0,6374.777,2.675275,,,,,,
1780436962.849,5127279.0,6374.857,2.675099,,,,,,
1780436962.850,5127304.0,6374.932,2.675071,,,,,,
1780436962.851,5127329.0,6375.007,2.675042,,,,,,
1780436962.946,5127354.0,6375.218,2.674963,,,,,,
1780436962.948,5127379.0,6375.243,2.674953,,,,,,
1780436962.949,5127404.0,6375.317,2.67478,,,,,,
1780436962.949,5127429.0,6375.188,2.674829,,,,,,
1780436963.063,5127454.0,6375.145,2.674991,,,,,,
1780436963.064,5127479.0,6374.982,2.675052,,,,,,
1780436963.066,5127504.0,6375.063,2.674876,,,,,,
1780436963.067,5127529.0,6375.112,2.674857,,,,,,
1780436963.068,5127554.0,6375.168,2.674836,,,,,,
1780436963.196,5127579.0,6375.366,2.674761,,,,,,
1780436963.198,5127604.0,6375.565,2.674686,,,,,,
1780436963.200,5127629.0,6375.597,2.674675,,,,,,
1780436963.202,5127654.0,6375.503,2.67471,,,,,,
1780436963.204,5127679.0,6375.292,2.674789,,,,,,
1780436963.296,5127704.0,6375.161,2.674838,,,,,,
1780436963.298,5127729.0,6375.155,2.674841,,,,,,
1780436963.299,5127754.0,6375.229,2.674667,,,,,,
1780436963.300,5127779.0,6375.279,2.674502,,,,,,
1780436963.413,5127804.0,6375.386,2.674608,,,,,,
1780436963.415,5127829.0,6375.467,2.674723,,,,,,
1780436963.415,5127854.0,6375.604,2.674672,,,,,,
1780436963.416,5127879.0,6375.628,2.674662,,,,,,
1780436963.416,5127904.0,6375.585,2.674825,,,,,,
1780436963.496,5127929.0,6375.46,2.674872,,,,,,
1780436963.498,5127954.0,6375.417,2.674888,,,,,,
1780436963.499,5127979.0,6375.367,2.674761,,,,,,
1780436963.612,5128004.0,6375.485,2.674716,,,,,,
1780436963.614,5128029.0,6375.535,2.674843,,,,,,
1780436963.615,5128054.0,6375.621,2.674665,,,,,,
1780436963.616,5128079.0,6375.559,2.674689,,,,,,
1780436963.617,5128104.0,6375.627,2.674663,,,,,,
1780436963.694,5128129.0,6375.527,2.674846,,,,,,
1780436963.695,5128154.0,6375.342,2.674771,,,,,,
1780436963.696,5128179.0,6375.199,2.674824,,,,,,
1780436963.762,5128204.0,6375.224,2.674669,,,,,,
1780436963.763,5128229.0,6375.192,2.674681,,,,,,
1780436963.765,5128254.0,6375.33,2.674775,,,,,,
1780436963.879,5128279.0,6375.337,2.674772,,,,,,
1780436963.881,5128304.0,6375.429,2.674592,,,,,,
1780436963.882,5128329.0,6375.56,2.674396,,,,,,
1780436963.883,5128354.0,6375.529,2.674408,,,,,,
1780436963.996,5128379.0,6375.404,2.674601,,,,,,
1780436963.998,5128404.0,6375.236,2.674664,,,,,,
1780436963.998,5128429.0,6375.132,2.674558,,,,,,
1780436963.999,5128454.0,6375.286,2.674354,,,,,,
1780436964.000,5128479.0,6375.36,2.674326,,,,,,
1780436964.096,5128504.0,6375.373,2.674321,,,,,,
1780436964.098,5128529.0,6375.354,2.674182,,,,,,
1780436964.099,5128554.0,6375.373,2.674175,,,,,,
1780436964.100,5128579.0,6375.46,2.674143,,,,,,
1780436964.196,5128604.0,6375.441,2.674295,,,,,,
1780436964.197,5128629.0,6375.243,2.67437,,,,,,
1780436964.198,5128654.0,6375.118,2.674417,,,,,,
1780436964.199,5128679.0,6375.218,2.67438,,,,,,
1780436964.316,5128704.0,6375.342,2.674187,,,,,,
1780436964.318,5128729.0,6375.349,2.674039,,,,,,
1780436964.319,5128754.0,6375.311,2.674053,,,,,,
1780436964.320,5128779.0,6375.348,2.674039,,,,,,
1780436964.321,5128804.0,6375.416,2.673868,,,,,,
1780436964.411,5128829.0,6375.286,2.674062,,,,,,
1780436964.413,5128854.0,6375.107,2.67413,,,,,,
1780436964.414,5128879.0,6374.934,2.674196,,,,,,
1780436964.416,5128904.0,6375.05,2.674151,,,,,,
1780436964.529,5128929.0,6375.224,2.674086,,,,,,
1780436964.531,5128954.0,6375.174,2.674251,,,,,,
1780436964.533,5128979.0,6375.187,2.674246,,,,,,
1780436964.534,5129004.0,6375.206,2.674093,,,,,,
1780436964.645,5129029.0,6375.305,2.674201,,,,,,
1780436964.647,5129054.0,6375.248,2.674368,,,,,,
1780436964.649,5129079.0,6375.025,2.674452,,,,,,
1780436964.651,5129104.0,6374.932,2.674488,,,,,,
1780436964.652,5129129.0,6374.87,2.674511,,,,,,
1780436964.763,5129154.0,6375.088,2.674575,,,,,,
1780436964.765,5129179.0,6375.156,2.674549,,,,,,
1780436964.766,5129204.0,6375.119,2.674562,,,,,,
1780436964.767,5129229.0,6375.063,2.674438,,,,,,
1780436964.768,5129254.0,6375.063,2.674292,,,,,,
1780436964.878,5129279.0,6375.169,2.674106,,,,,,
1780436964.880,5129304.0,6374.971,2.674327,,,,,,
1780436964.881,5129329.0,6374.771,2.674548,,,,,,
1780436964.882,5129354.0,6374.703,2.674574,,,,,,
1780436964.996,5129379.0,6374.771,2.674548,,,,,,
1780436964.998,5129404.0,6374.877,2.674654,,,,,,
1780436964.999,5129429.0,6374.901,2.674645,,,,,,
1780436965.001,5129454.0,6374.902,2.674645,,,,,,
1780436965.002,5129479.0,6375.088,2.674429,,,,,,
1780436965.114,5129504.0,6375.143,2.674263,,,,,,
1780436965.115,5129529.0,6374.963,2.67433,,,,,,
1780436965.117,5129554.0,6374.784,2.674543,,,,,,
1780436965.119,5129579.0,6374.691,2.674578,,,,,,
1780436965.120,5129604.0,6374.71,2.674571,,,,,,
1780436965.196,5129629.0,6374.729,2.67471,,,,,,
1780436965.197,5129654.0,6374.797,2.674539,,,,,,
1780436965.198,5129679.0,6374.878,2.674508,,,,,,
1780436965.312,5129704.0,6374.858,2.674661,,,,,,
1780436965.314,5129729.0,6374.853,2.674809,,,,,,
1780436965.315,5129754.0,6374.877,2.674654,,,,,,
1780436965.316,5129779.0,6374.647,2.674741,,,,,,
1780436965.318,5129804.0,6374.572,2.674769,,,,,,
1780436965.398,5129829.0,6374.579,2.674766,,,,,,
1780436965.399,5129854.0,6374.771,2.674839,,,,,,
1780436965.400,5129879.0,6374.821,2.674967,,,,,,
1780436965.496,5129904.0,6374.896,2.675084,,,,,,
1780436965.497,5129929.0,6374.895,2.675085,,,,,,
1780436965.499,5129954.0,6374.87,2.674948,,,,,,
1780436965.500,5129979.0,6374.809,2.674972,,,,,,
1780436965.611,5130004.0,6374.666,2.675025,,,,,,
1780436965.613,5130029.0,6374.548,2.674924,,,,,,
1780436965.614,5130054.0,6374.467,2.6751,,,,,,
1780436965.616,5130079.0,6374.616,2.675044,,,,,,
1780436965.617,5130104.0,6374.659,2.675028,,,,,,
1780436965.747,5130129.0,6374.666,2.675171,,,,,,
1780436965.749,5130154.0,6374.642,2.67518,,,,,,
1780436965.751,5130179.0,6374.654,2.67503,,,,,,
1780436965.752,5130204.0,6374.734,2.674854,,,,,,
1780436965.753,5130229.0,6374.686,2.674872,,,,,,
1780436965.852,5130254.0,6374.623,2.674896,,,,,,
1780436965.854,5130279.0,6374.487,2.674947,,,,,,
1780436965.855,5130304.0,6374.499,2.674797,,,,,,
1780436965.856,5130329.0,6374.599,2.674759,,,,,,
1780436965.965,5130354.0,6374.753,2.674701,,,,,,
1780436965.967,5130379.0,6374.908,2.674788,,,,,,
1780436965.967,5130404.0,6375.063,2.67473,,,,,,
1780436965.968,5130429.0,6375.063,2.674584,,,,,,
1780436965.969,5130454.0,6374.977,2.674617,,,,,,
1780436966.109,5130479.0,6374.728,2.674711,,,,,,
1780436966.110,5130504.0,6374.667,2.674733,,,,,,
1780436966.111,5130529.0,6374.71,2.674717,,,,,,
1780436966.111,5130554.0,6374.891,2.674649,,,,,,
1780436966.111,5130579.0,6375.001,2.674753,,,,,,
1780436966.112,5130604.0,6375.137,2.674848,,,,,,
1780436966.182,5130629.0,6375.23,2.674813,,,,,,
1780436966.183,5130654.0,6375.268,2.674798,,,,,,
1780436966.278,5130679.0,6375.181,2.674685,,,,,,
1780436966.280,5130704.0,6375.076,2.674579,,,,,,
1780436966.281,5130729.0,6374.9,2.674645,,,,,,
1780436966.282,5130754.0,6374.89,2.674504,,,,,,
1780436966.395,5130779.0,6374.971,2.674327,,,,,,
1780436966.397,5130804.0,6375.112,2.674419,,,,,,
1780436966.398,5130829.0,6375.07,2.674581,,,,,,
1780436966.399,5130854.0,6374.989,2.674612,,,,,,
1780436966.400,5130879.0,6375.009,2.674459,,,,,,
1780436966.511,5130904.0,6375.076,2.674579,,,,,,
1780436966.513,5130929.0,6375.033,2.674741,,,,,,
1780436966.515,5130954.0,6374.971,2.674619,,,,,,
1780436966.516,5130979.0,6374.815,2.674532,,,,,,
1780436966.517,5131004.0,6374.765,2.674551,,,,,,
1780436966.612,5131029.0,6374.733,2.674563,,,,,,
1780436966.614,5131054.0,6374.739,2.674706,,,,,,
1780436966.615,5131079.0,6374.796,2.674685,,,,,,
1780436966.616,5131104.0,6374.84,2.674669,,,,,,
1780436966.728,5131129.0,6374.821,2.674675,,,,,,
1780436966.730,5131154.0,6374.642,2.674743,,,,,,
1780436966.731,5131179.0,6374.566,2.674625,,,,,,
1780436966.732,5131204.0,6374.399,2.674543,,,,,,
1780436966.845,5131229.0,6374.518,2.674352,,,,,,
1780436966.847,5131254.0,6374.611,2.674317,,,,,,
1780436966.848,5131279.0,6374.729,2.674273,,,,,,
1780436966.849,5131304.0,6374.934,2.674341,,,,,,
1780436966.850,5131329.0,6374.884,2.67436,,,,,,
1780436966.965,5131354.0,6374.922,2.674346,,,,,,
1780436966.966,5131379.0,6374.835,2.674524,,,,,,
1780436966.967,5131404.0,6374.772,2.674694,,,,,,
1780436966.968,5131429.0,6374.673,2.674731,,,,,,
1780436966.969,5131454.0,6374.79,2.674687,,,,,,
1780436967.062,5131479.0,6374.944,2.674483,,,,,,
1780436967.063,5131504.0,6375.038,2.674593,,,,,,
1780436967.064,5131529.0,6375.105,2.674568,,,,,,
1780436967.065,5131554.0,6375.137,2.674556,,,,,,
