timestamp_computer,timestamp,sensor1,sensor2,mag,width,crack_x,crack_size,serial out,response
1780437552.780,5717217.0,4305.849,2.521244,,,,,status,l_h=11.800000 c_f=220.000000 q=25.000000
1780437552.782,5717242.0,4305.832,2.521244,,,,,,
1780437552.783,5717267.0,4305.967,2.521244,,,,,,
1780437552.863,5717292.0,4305.936,2.521244,,,,,,
1780437552.864,5717317.0,4306.03,2.521119,,,,,,
1780437552.866,5717342.0,4305.959,2.521119,,,,,,
1780437552.867,5717367.0,4306.063,2.521119,,,,,,
1780437552.947,5717392.0,4306.007,2.520994,,,,,,
1780437552.948,5717417.0,4306.041,2.520994,,,,,,
1780437552.948,5717442.0,4305.979,2.520994,,,,,,
1780437553.012,5717467.0,4305.976,2.520994,,,,,,
1780437553.014,5717492.0,4305.916,2.521119,,,,,,
1780437553.025,5717517.0,4305.917,2.521244,,,,,,
1780437553.113,5717542.0,4305.882,2.521244,,,,,,
1780437553.114,5717567.0,4305.826,2.521244,,,,,,
1780437553.115,5717592.0,4305.862,2.521119,,,,,,
1780437553.116,5717617.0,4305.899,2.521244,,,,,,
1780437553.197,5717642.0,4305.924,2.521244,,,,,,
1780437553.197,5717667.0,4305.976,2.521244,,,,,,
1780437553.198,5717692.0,4306.139,2.521369,,,,,,
1780437553.280,5717717.0,4306.043,2.521369,,,,,,
1780437553.283,5717742.0,4306.106,2.521244,,,,,,
1780437553.284,5717767.0,4306.043,2.521119,,,,,,
1780437553.382,5717792.0,4306.083,2.520994,,,,,,
1780437553.383,5717817.0,4306.06,2.520869,,,,,,
1780437553.384,5717842.0,4306.041,2.520869,,,,,,
1780437553.385,5717867.0,4305.964,2.520869,,,,,,
1780437553.497,5717892.0,4305.981,2.520994,,,,,,
1780437553.498,5717917.0,4305.938,2.521119,,,,,,
1780437553.499,5717942.0,4305.868,2.521119,,,,,,
1780437553.500,5717967.0,4305.902,2.521244,,,,,,
1780437553.501,5717992.0,4305.862,2.521244,,,,,,
1780437553.596,5718017.0,4305.913,2.521244,,,,,,
1780437553.598,5718042.0,4305.955,2.521244,,,,,,
1780437553.599,5718067.0,4305.898,2.521244,,,,,,
1780437553.600,5718092.0,4305.958,2.521369,,,,,,
1780437553.698,5718117.0,4306.052,2.521244,,,,,,
1780437553.699,5718142.0,4305.978,2.521244,,,,,,
1780437553.700,5718167.0,4306.094,2.521369,,,,,,
1780437553.701,5718192.0,4306.077,2.521369,,,,,,
1780437553.802,5718217.0,4306.116,2.521369,,,,,,
1780437553.804,5718242.0,4306.065,2.521244,,,,,,
1780437553.806,5718267.0,4306.153,2.521119,,,,,,
1780437553.807,5718292.0,4306.063,2.521244,,,,,,
1780437553.897,5718317.0,4305.961,2.521119,,,,,,
1780437553.899,5718342.0,4306.052,2.521119,,,,,,
1780437553.899,5718367.0,4306.119,2.521119,,,,,,
1780437553.900,5718392.0,4306.258,2.521244,,,,,,
1780437553.985,5718417.0,4306.312,2.521369,,,,,,
1780437553.990,5718442.0,4306.256,2.521369,,,,,,
1780437553.995,5718467.0,4306.208,2.521493,,,,,,
1780437553.999,5718492.0,4306.199,2.521618,,,,,,
1780437554.077,5718517.0,4306.049,2.521493,,,,,,
1780437554.079,5718542.0,4306.162,2.521369,,,,,,
1780437554.079,5718567.0,4306.193,2.521369,,,,,,
1780437554.145,5718592.0,4306.171,2.521244,,,,,,
1780437554.146,5718617.0,4306.095,2.521244,,,,,,
1780437554.146,5718642.0,4306.125,2.521369,,,,,,
1780437554.215,5718667.0,4305.99,2.521369,,,,,,
1780437554.216,5718692.0,4306.044,2.521493,,,,,,
1780437554.218,5718717.0,4306.046,2.521369,,,,,,
1780437554.248,5718742.0,4305.959,2.521369,,,,,,
1780437554.272,5718767.0,4305.99,2.521244,,,,,,
1780437554.295,5718792.0,4305.987,2.521244,,,,,,
1780437554.319,5718817.0,4305.908,2.521244,,,,,,
1780437554.343,5718842.0,4305.919,2.521369,,,,,,
1780437554.376,5718867.0,4305.942,2.521493,,,,,,
1780437554.399,5718892.0,4305.809,2.521493,,,,,,
1780437554.422,5718917.0,4305.871,2.521369,,,,,,
1780437554.444,5718942.0,4305.902,2.521369,,,,,,
1780437554.467,5718967.0,4305.925,2.521493,,,,,,
1780437554.500,5718992.0,4305.789,2.521618,,,,,,
1780437554.523,5719017.0,4305.737,2.521493,,,,,,
1780437554.545,5719042.0,4305.607,2.521493,,,,,,
1780437554.567,5719067.0,4305.707,2.521493,,,,,,
1780437554.600,5719092.0,4305.707,2.521493,,,,,,
1780437554.627,5719117.0,4305.78,2.521493,,,,,status,l_h=11.800000 c_f=220.000000 q=25.000000
1780437554.712,5719142.0,4305.874,2.521493,,,,,,
1780437554.712,5719167.0,4305.882,2.521493,,,,,,
1780437554.713,5719192.0,4305.724,2.521493,,,,,,
1780437554.775,5719217.0,4305.78,2.521493,,,,,,
1780437554.776,5719242.0,4305.794,2.521493,,,,,,
1780437554.776,5719267.0,4305.695,2.521369,,,,,,
1780437554.838,5719292.0,4305.822,2.521369,,,,,,
1780437554.839,5719317.0,4305.851,2.521244,,,,,,
1780437554.902,5719342.0,4305.698,2.521244,,,,,,
1780437554.904,5719367.0,4305.726,2.521244,,,,,,
1780437554.905,5719392.0,4305.791,2.521369,,,,,,
1780437554.961,5719417.0,4305.723,2.521244,,,,,,
1780437554.963,5719442.0,4305.87,2.521244,,,,,,
1780437555.028,5719467.0,4305.789,2.521119,,,,,,
1780437555.029,5719492.0,4305.854,2.520994,,,,,,
1780437555.030,5719517.0,4306.023,2.520994,,,,,,
1780437555.091,5719542.0,4306.043,2.520994,,,,,,
1780437555.093,5719567.0,4305.916,2.520994,,,,,,
1780437555.094,5719592.0,4305.952,2.520869,,,,,,
1780437555.144,5719617.0,4306.006,2.520745,,,,,,
1780437555.144,5719642.0,4305.918,2.520869,,,,,,
1780437555.219,5719667.0,4305.98,2.520745,,,,,,
1780437555.221,5719692.0,4306.003,2.520869,,,,,,
1780437555.222,5719717.0,4305.972,2.520745,,,,,,
1780437555.294,5719742.0,4305.916,2.52062,,,,,,
1780437555.295,5719767.0,4305.825,2.52062,,,,,,
1780437555.295,5719792.0,4305.757,2.520745,,,,,,
1780437555.361,5719817.0,4305.901,2.520745,,,,,,
1780437555.362,5719842.0,4305.873,2.520745,,,,,,
1780437555.429,5719867.0,4305.998,2.520745,,,,,,
1780437555.430,5719892.0,4306.065,2.520869,,,,,,
1780437555.431,5719917.0,4306.103,2.520994,,,,,,
1780437555.496,5719942.0,4306.021,2.520994,,,,,,
1780437555.497,5719967.0,4306.176,2.520994,,,,,,
1780437555.499,5719992.0,4306.159,2.520994,,,,,,
1780437555.561,5720017.0,4306.065,2.520994,,,,,,
1780437555.561,5720042.0,4306.054,2.520994,,,,,,
1780437555.629,5720067.0,4306.023,2.521119,,,,,,
1780437555.631,5720092.0,4306.069,2.521119,,,,,,
1780437555.632,5720117.0,4306.038,2.521244,,,,,,
1780437555.679,5720142.0,4305.854,2.521244,,,,,,
1780437555.681,5720167.0,4305.774,2.521244,,,,,,
1780437555.743,5720192.0,4305.921,2.521369,,,,,,
1780437555.744,5720217.0,4305.896,2.521493,,,,,,
1780437555.744,5720242.0,4305.919,2.521493,,,,,,
1780437555.797,5720267.0,4305.995,2.521369,,,,,,
1780437555.797,5720292.0,4306.125,2.521369,,,,,,
1780437555.862,5720317.0,4306.007,2.521369,,,,,,
1780437555.863,5720342.0,4306.146,2.521493,,,,,,
1780437555.962,5720367.0,4306.098,2.521618,,,,,,
1780437555.963,5720392.0,4306.083,2.521618,,,,,,
1780437555.964,5720417.0,4306.157,2.521493,,,,,,
1780437555.965,5720442.0,4306.128,2.521493,,,,,,
1780437555.966,5720467.0,4306.097,2.521493,,,,,,
1780437556.064,5720492.0,4306.032,2.521618,,,,,,
1780437556.065,5720517.0,4305.931,2.521493,,,,,,
1780437556.067,5720542.0,4305.876,2.521369,,,,,,
1780437556.068,5720567.0,4305.904,2.521369,,,,,,
1780437556.166,5720592.0,4305.868,2.521369,,,,,,
1780437556.169,5720617.0,4305.87,2.521369,,,,,,
1780437556.171,5720642.0,4305.862,2.521369,,,,,,
1780437556.172,5720667.0,4306.038,2.521493,,,,,,
1780437556.277,5720692.0,4305.916,2.521369,,,,,,
1780437556.277,5720717.0,4306.033,2.521493,,,,,,
1780437556.278,5720742.0,4306.009,2.521369,,,,,,
1780437556.278,5720767.0,4306.061,2.521493,,,,,,
1780437556.345,5720792.0,4306.1,2.521493,,,,,,
1780437556.346,5720817.0,4306.159,2.521493,,,,,,
1780437556.346,5720842.0,4306.083,2.521369,,,,,,
1780437556.411,5720867.0,4306.105,2.521369,,,,,,
1780437556.412,5720892.0,4306.04,2.521493,,,,,,
1780437556.481,5720917.0,4305.944,2.521493,,,,,,
1780437556.483,5720942.0,4306.035,2.521369,,,,,,
1780437556.484,5720967.0,4305.955,2.521244,,,,,,
1780437556.580,5720992.0,4305.995,2.521119,,,,,,
1780437556.582,5721017.0,4306.125,2.521119,,,,,,
1780437556.583,5721042.0,4306.108,2.521244,,,,,,
1780437556.584,5721067.0,4306.018,2.521244,,,,,,
1780437556.665,5721092.0,4306.173,2.521244,,,,,,
1780437556.666,5721117.0,4306.177,2.521119,,,,,,
1780437556.668,5721142.0,4306.315,2.521119,,,,,,
1780437556.669,5721167.0,4306.323,2.521119,,,,,,
1780437556.746,5721192.0,4306.408,2.521119,,,,,,
1780437556.747,5721217.0,4306.307,2.521119,,,,,,
1780437556.748,5721242.0,4306.457,2.521119,,,,,,
1780437556.793,5721267.0,4306.448,2.521119,,,,,,
1780437556.794,5721292.0,4306.261,2.521119,,,,,,
1780437556.847,5721317.0,4306.369,2.521119,,,,,,
1780437556.848,5721342.0,4306.354,2.520994,,,,,,
1780437556.921,5721367.0,4306.352,2.520994,,,,,,
1780437556.923,5721392.0,4306.415,2.520869,,,,,,
1780437556.924,5721417.0,4306.462,2.520869,,,,,,
1780437557.013,5721442.0,4306.315,2.520745,,,,,,
1780437557.015,5721467.0,4306.335,2.520745,,,,,,
1780437557.016,5721492.0,4306.284,2.520745,,,,,,
1780437557.018,5721517.0,4306.31,2.520745,,,,,,
1780437557.113,5721542.0,4306.33,2.520869,,,,,,
1780437557.115,5721567.0,4306.4,2.520869,,,,,,
1780437557.116,5721592.0,4306.442,2.520869,,,,,,
1780437557.117,5721617.0,4306.519,2.520869,,,,,,
1780437557.194,5721642.0,4306.366,2.520869,,,,,,
1780437557.195,5721667.0,4306.386,2.520745,,,,,,
1780437557.196,5721692.0,4306.491,2.520745,,,,,,
1780437557.286,5721717.0,4306.425,2.520745,,,,,,
1780437557.295,5721742.0,4306.423,2.520745,,,,,,
1780437557.296,5721767.0,4306.448,2.520745,,,,,,
1780437557.297,5721792.0,4306.4,2.520745,,,,,,
1780437557.380,5721817.0,4306.304,2.520869,,,,,,
1780437557.381,5721842.0,4306.321,2.520869,,,,,,
1780437557.382,5721867.0,4306.148,2.520869,,,,,,
1780437557.444,5721892.0,4306.091,2.520745,,,,,,
1780437557.444,5721917.0,4306.182,2.52062,,,,,,
1780437557.445,5721942.0,4306.222,2.520745,,,,,,
1780437557.493,5721967.0,4306.077,2.520745,,,,,,
1780437557.494,5721992.0,4306.162,2.520745,,,,,,
1780437557.543,5722017.0,4306.023,2.520745,,,,,,
1780437557.543,5722042.0,4306.018,2.520745,,,,,,
1780437557.604,5722067.0,4306.088,2.520745,,,,,,
1780437557.605,5722092.0,4306.173,2.520745,,,,,,
1780437557.660,5722117.0,4306.173,2.520745,,,,,,
1780437557.660,5722142.0,4306.261,2.52062,,,,,,
1780437557.731,5722167.0,4306.256,2.520495,,,,,,
1780437557.732,5722192.0,4306.143,2.520495,,,,,,
1780437557.734,5722217.0,4306.052,2.520495,,,,,,
1780437557.814,5722242.0,4305.984,2.520495,,,,,,
1780437557.815,5722267.0,4306.08,2.52062,,,,,,
1780437557.816,5722292.0,4306.128,2.520745,,,,,,
1780437557.817,5722317.0,4306.086,2.520745,,,,,,
1780437557.861,5722342.0,4306.058,2.520869,,,,,,
1780437557.928,5722367.0,4306.035,2.520869,,,,,,
1780437557.929,5722392.0,4305.942,2.520994,,,,,,
1780437557.930,5722417.0,4306.035,2.521119,,,,,,
1780437557.977,5722442.0,4306.114,2.520994,,,,,,
1780437557.978,5722467.0,4306.205,2.520994,,,,,,
1780437558.043,5722492.0,4306.242,2.521119,,,,,,
1780437558.044,5722517.0,4306.377,2.521244,,,,,,
1780437558.044,5722542.0,4306.332,2.521244,,,,,,
1780437558.111,5722567.0,4306.242,2.521119,,,,,,
1780437558.112,5722592.0,4306.264,2.521119,,,,,,
1780437558.175,5722617.0,4306.213,2.521119,,,,,,
1780437558.176,5722642.0,4306.295,2.521244,,,,,,
1780437558.177,5722667.0,4306.27,2.521244,,,,,,
1780437558.238,5722692.0,4306.148,2.521369,,,,,,
1780437558.238,5722717.0,4306.086,2.521369,,,,,,
1780437558.301,5722742.0,4306.055,2.521493,,,,,,
1780437558.303,5722767.0,4306.033,2.521493,,,,,,
1780437558.304,5722792.0,4305.959,2.521493,,,,,,
1780437558.364,5722817.0,4305.999,2.521493,,,,,,
1780437558.365,5722842.0,4306.137,2.521618,,,,,,
1780437558.365,5722867.0,4306.157,2.521618,,,,,,
1780437558.429,5722892.0,4306.228,2.521618,,,,,,
1780437558.429,5722917.0,4306.135,2.521493,,,,,,
1780437558.491,5722942.0,4306.146,2.521618,,,,,,
1780437558.493,5722967.0,4306.094,2.521493,,,,,,
1780437558.494,5722992.0,4306.173,2.521493,,,,,,
1780437558.596,5723017.0,4306.19,2.521369,,,,,,
1780437558.598,5723042.0,4306.199,2.521244,,,,,,
1780437558.600,5723067.0,4306.128,2.521369,,,,,,
1780437558.604,5723092.0,4306.137,2.521369,,,,,,
1780437558.698,5723117.0,4306.105,2.521369,,,,,,
1780437558.699,5723142.0,4306.061,2.521369,,,,,,
1780437558.700,5723167.0,4306.015,2.521369,,,,,,
1780437558.701,5723192.0,4306.055,2.521369,,,,,,
1780437558.799,5723217.0,4306.064,2.521369,,,,,,
1780437558.801,5723242.0,4306.078,2.521493,,,,,,
1780437558.802,5723267.0,4306.151,2.521493,,,,,,
1780437558.803,5723292.0,4306.131,2.521493,,,,,,
1780437558.878,5723317.0,4306.171,2.521493,,,,,,
1780437558.880,5723342.0,4306.216,2.521493,,,,,,
1780437558.881,5723367.0,4306.312,2.521369,,,,,,
1780437558.946,5723392.0,4306.25,2.521369,,,,,,
1780437558.947,5723417.0,4306.385,2.521493,,,,,,
1780437558.948,5723442.0,4306.315,2.521493,,,,,,
1780437558.999,5723467.0,4306.303,2.521493,,,,,,
1780437559.000,5723492.0,4306.205,2.521493,,,,,,
1780437559.082,5723517.0,4306.173,2.521493,,,,,,
1780437559.083,5723542.0,4306.1,2.521493,,,,,,
1780437559.084,5723567.0,4306.165,2.521369,,,,,,
1780437559.167,5723592.0,4306.15,2.521369,,,,,,
1780437559.169,5723617.0,4306.111,2.521369,,,,,,
1780437559.170,5723642.0,4306.074,2.521369,,,,,,
1780437559.172,5723667.0,4305.978,2.521369,,,,,,
1780437559.244,5723692.0,4306.029,2.521244,,,,,,
1780437559.245,5723717.0,4305.916,2.521244,,,,,,
1780437559.245,5723742.0,4305.999,2.521119,,,,,,
1780437559.314,5723767.0,4305.97,2.521119,,,,,,
1780437559.315,5723792.0,4306.128,2.521119,,,,,,
1780437559.317,5723817.0,4306.111,2.521119,,,,,,
1780437559.416,5723842.0,4306.259,2.521119,,,,,,
1780437559.418,5723867.0,4306.163,2.520994,,,,,,
1780437559.419,5723892.0,4306.19,2.520869,,,,,,
1780437559.420,5723917.0,4306.157,2.520869,,,,,,
1780437559.498,5723942.0,4306.284,2.520745,,,,,,
1780437559.500,5723967.0,4306.199,2.520869,,,,,,
1780437559.501,5723992.0,4306.188,2.520869,,,,,,
1780437559.579,5724017.0,4306.202,2.520869,,,,,,
1780437559.579,5724042.0,4306.148,2.520869,,,,,,
1780437559.580,5724067.0,4306.19,2.520869,,,,,,
1780437559.628,5724092.0,4306.114,2.520745,,,,,,
1780437559.629,5724117.0,4306.244,2.520745,,,,,,
1780437559.715,5724142.0,4306.205,2.520745,,,,,,
1780437559.717,5724167.0,4306.411,2.520745,,,,,,
1780437559.718,5724192.0,4306.341,2.520869,,,,,,
1780437559.719,5724217.0,4306.497,2.520994,,,,,,
1780437559.777,5724242.0,4306.426,2.520994,,,,,,
1780437559.778,5724267.0,4306.567,2.520994,,,,,,
1780437559.828,5724292.0,4306.584,2.520994,,,,,,
1780437559.828,5724317.0,4306.68,2.520994,,,,,,
1780437559.881,5724342.0,4306.695,2.520994,,,,,,
1780437559.883,5724367.0,4306.714,2.520994,,,,,,
1780437559.983,5724392.0,4306.703,2.520869,,,,,,
1780437559.984,5724417.0,4306.624,2.520869,,,,,,
1780437559.986,5724442.0,4306.615,2.520869,,,,,,
1780437559.987,5724467.0,4306.555,2.520869,,,,,,
1780437560.062,5724492.0,4306.669,2.520869,,,,,,
1780437560.063,5724517.0,4306.604,2.520994,,,,,,
1780437560.063,5724542.0,4306.547,2.521119,,,,,,
1780437560.150,5724567.0,4306.428,2.521119,,,,,,
1780437560.152,5724592.0,4306.349,2.520994,,,,,,
1780437560.154,5724617.0,4306.25,2.520994,,,,,,
1780437560.155,5724642.0,4306.38,2.520994,,,,,,
1780437560.250,5724667.0,4306.324,2.520869,,,,,,
1780437560.251,5724692.0,4306.449,2.520994,,,,,,
1780437560.252,5724717.0,4306.471,2.520994,,,,,,
1780437560.254,5724742.0,4306.505,2.520994,,,,,,
1780437560.332,5724767.0,4306.505,2.520869,,,,,,
1780437560.334,5724792.0,4306.367,2.520869,,,,,,
1780437560.335,5724817.0,4306.293,2.520869,,,,,,
1780437560.430,5724842.0,4306.179,2.520745,,,,,,
1780437560.431,5724867.0,4306.332,2.520745,,,,,,
1780437560.432,5724892.0,4306.303,2.520869,,,,,,
1780437560.432,5724917.0,4306.193,2.520869,,,,,,
1780437560.512,5724942.0,4306.109,2.520869,,,,,,
1780437560.513,5724967.0,4306.035,2.520994,,,,,,
1780437560.514,5724992.0,4305.976,2.520994,,,,,,
1780437560.583,5725017.0,4306.027,2.520994,,,,,,
1780437560.584,5725042.0,4305.911,2.521119,,,,,,
1780437560.586,5725067.0,4305.894,2.521119,,,,,,
1780437560.662,5725092.0,4305.82,2.521244,,,,,,
1780437560.663,5725117.0,4305.851,2.521369,,,,,,
1780437560.663,5725142.0,4305.84,2.521244,,,,,,
1780437560.728,5725167.0,4305.996,2.521119,,,,,,
1780437560.729,5725192.0,4306.001,2.521244,,,,,,
1780437560.730,5725217.0,4306.173,2.521369,,,,,,
1780437560.778,5725242.0,4306.278,2.521369,,,,,,
1780437560.779,5725267.0,4306.264,2.521369,,,,,,
1780437560.828,5725292.0,4306.21,2.521493,,,,,,
1780437560.829,5725317.0,4306.134,2.521493,,,,,,
1780437560.897,5725342.0,4306.026,2.521618,,,,,,
1780437560.898,5725367.0,4305.967,2.521743,,,,,,
1780437560.900,5725392.0,4305.961,2.521743,,,,,,
1780437560.978,5725417.0,4305.93,2.521868,,,,,,
1780437560.979,5725442.0,4306.024,2.521743,,,,,,
1780437560.980,5725467.0,4306.027,2.521868,,,,,,
1780437561.059,5725492.0,4305.996,2.521868,,,,,,
1780437561.060,5725517.0,4305.97,2.521743,,,,,,
1780437561.062,5725542.0,4306.148,2.521743,,,,,,
1780437561.145,5725567.0,4306.094,2.521743,,,,,,
1780437561.145,5725592.0,4306.309,2.521618,,,,,,
1780437561.146,5725617.0,4306.366,2.521743,,,,,,
1780437561.146,5725642.0,4306.457,2.521743,,,,,,
1780437561.195,5725667.0,4306.456,2.521618,,,,,,
1780437561.196,5725692.0,4306.558,2.521618,,,,,,
1780437561.265,5725717.0,4306.479,2.521493,,,,,,
1780437561.267,5725742.0,4306.431,2.521493,,,,,,
1780437561.268,5725767.0,4306.459,2.521618,,,,,,
1780437561.346,5725792.0,4306.405,2.521618,,,,,,
1780437561.347,5725817.0,4306.334,2.521493,,,,,,
1780437561.349,5725842.0,4306.264,2.521369,,,,,,
1780437561.429,5725867.0,4306.207,2.521369,,,,,,
1780437561.430,5725892.0,4306.125,2.521369,,,,,,
1780437561.431,5725917.0,4306.272,2.521369,,,,,,
1780437561.510,5725942.0,4306.286,2.521244,,,,,,
1780437561.511,5725967.0,4306.297,2.521119,,,,,,
1780437561.511,5725992.0,4306.354,2.520994,,,,,,
1780437561.569,5726017.0,4306.493,2.521119,,,,,,
1780437561.570,5726042.0,4306.462,2.520994,,,,,,
1780437561.571,5726067.0,4306.507,2.520994,,,,,,
1780437561.647,5726092.0,4306.383,2.520869,,,,,,
1780437561.648,5726117.0,4306.334,2.520869,,,,,,
1780437561.648,5726142.0,4306.315,2.520869,,,,,,
1780437561.694,5726167.0,4306.242,2.520869,,,,,,
1780437561.694,5726192.0,4306.16,2.520994,,,,,,
1780437561.758,5726217.0,4306.043,2.521119,,,,,,
1780437561.759,5726242.0,4306.074,2.520994,,,,,,
1780437561.820,5726267.0,4306.069,2.520994,,,,,,
1780437561.821,5726292.0,4306.139,2.520994,,,,,,
1780437561.821,5726317.0,4306.069,2.520994,,,,,,
1780437561.893,5726342.0,4306.069,2.520994,,,,,,
1780437561.893,5726367.0,4306.083,2.520869,,,,,,
1780437561.894,5726392.0,4306.088,2.520869,,,,,,
1780437561.947,5726417.0,4306.021,2.520869,,,,,,
1780437561.948,5726442.0,4306.018,2.520994,,,,,,
1780437562.030,5726467.0,4305.879,2.521119,,,,,,
1780437562.031,5726492.0,4305.945,2.521244,,,,,,
1780437562.032,5726517.0,4305.911,2.521244,,,,,,
1780437562.092,5726542.0,4305.872,2.521119,,,,,,
1780437562.093,5726567.0,4305.775,2.521119,,,,,,
1780437562.093,5726592.0,4305.882,2.521119,,,,,,
1780437562.179,5726617.0,4305.854,2.521244,,,,,,
1780437562.181,5726642.0,4305.727,2.521119,,,,,,
1780437562.182,5726667.0,4305.803,2.521244,,,,,,
1780437562.247,5726692.0,4305.758,2.521369,,,,,,
1780437562.247,5726717.0,4305.786,2.521369,,,,,,
1780437562.248,5726742.0,4305.826,2.521369,,,,,,
1780437562.328,5726767.0,4305.766,2.521493,,,,,,
1780437562.329,5726792.0,4305.775,2.521493,,,,,,
1780437562.330,5726817.0,4305.791,2.521369,,,,,,
1780437562.397,5726842.0,4305.817,2.521244,,,,,,
1780437562.399,5726867.0,4305.769,2.521244,,,,,,
1780437562.400,5726892.0,4305.667,2.521244,,,,,,
1780437562.481,5726917.0,4305.757,2.521244,,,,,,
1780437562.482,5726942.0,4305.701,2.521244,,,,,,
1780437562.483,5726967.0,4305.789,2.521244,,,,,,
1780437562.566,5726992.0,4305.735,2.521369,,,,,,
1780437562.567,5727017.0,4305.769,2.521244,,,,,,
1780437562.568,5727042.0,4305.89,2.521244,,,,,,
1780437562.569,5727067.0,4306.035,2.521244,,,,,,
1780437562.628,5727092.0,4306.202,2.521119,,,,,,
1780437562.628,5727117.0,4306.236,2.520994,,,,,,
1780437562.694,5727142.0,4306.27,2.520994,,,,,,
1780437562.695,5727167.0,4306.244,2.520994,,,,,,
1780437562.695,5727192.0,4306.198,2.521119,,,,,,
1780437562.760,5727217.0,4306.035,2.521119,,,,,,
1780437562.760,5727242.0,4306.057,2.520994,,,,,,
1780437562.830,5727267.0,4306.068,2.520994,,,,,,
1780437562.831,5727292.0,4306.063,2.520869,,,,,,
1780437562.831,5727317.0,4306.023,2.520745,,,,,,
1780437562.897,5727342.0,4306.139,2.520745,,,,,,
1780437562.898,5727367.0,4306.134,2.520745,,,,,,
1780437562.899,5727392.0,4306.213,2.52062,,,,,,
1780437562.961,5727417.0,4306.25,2.520745,,,,,,
1780437562.962,5727442.0,4306.383,2.520745,,,,,,
1780437563.011,5727467.0,4306.307,2.520745,,,,,,
1780437563.013,5727492.0,4306.301,2.520745,,,,,,
1780437563.100,5727517.0,4306.31,2.520745,,,,,,
1780437563.101,5727542.0,4306.241,2.520745,,,,,,
1780437563.102,5727567.0,4306.174,2.520745,,,,,,
1780437563.103,5727592.0,4306.128,2.520745,,,,,,
1780437563.165,5727617.0,4306.151,2.52062,,,,,,
1780437563.165,5727642.0,4306.148,2.52062,,,,,,
1780437563.166,5727667.0,4306.061,2.520745,,,,,,
1780437563.228,5727692.0,4306.009,2.52062,,,,,,
1780437563.228,5727717.0,4306.052,2.520745,,,,,,
1780437563.295,5727742.0,4306.013,2.520869,,,,,,
1780437563.297,5727767.0,4305.95,2.520869,,,,,,
1780437563.298,5727792.0,4306.0,2.520869,,,,,,
1780437563.325,5727817.0,4306.165,2.520745,,,,,,
1780437563.348,5727842.0,4306.27,2.520869,,,,,,
1780437563.370,5727867.0,4306.306,2.520994,,,,,,
1780437563.393,5727892.0,4306.275,2.520994,,,,,,
1780437563.416,5727917.0,4306.343,2.520994,,,,,,
1780437563.450,5727942.0,4306.242,2.520994,,,,,,
1780437563.472,5727967.0,4306.179,2.521119,,,,,,
1780437563.494,5727992.0,4306.208,2.521244,,,,,,
1780437563.516,5728017.0,4306.185,2.521244,,,,,,
1780437563.548,5728042.0,4306.197,2.521119,,,,,,
1780437563.571,5728067.0,4306.1,2.521119,,,,,,
1780437563.593,5728092.0,4306.16,2.521119,,,,,,
1780437563.627,5728117.0,4306.202,2.521119,,,,,,
1780437563.651,5728142.0,4306.154,2.521244,,,,,,
1780437563.675,5728167.0,4306.185,2.521244,,,,,,
1780437563.702,5728192.0,4306.304,2.521369,,,,,status,l_h=11.800000 c_f=220.000000 q=25.000000
1780437563.811,5728217.0,4306.375,2.521369,,,,,,
1780437563.812,5728242.0,4306.414,2.521493,,,,,,
1780437563.812,5728267.0,4306.386,2.521493,,,,,,
1780437563.812,5728292.0,4306.431,2.521369,,,,,,
1780437563.877,5728317.0,4306.346,2.521369,,,,,,
1780437563.878,5728342.0,4306.287,2.521244,,,,,,
1780437563.878,5728367.0,4306.31,2.521119,,,,,,
1780437563.945,5728392.0,4306.372,2.521119,,,,,,
1780437563.946,5728417.0,4306.354,2.521119,,,,,,
1780437563.946,5728442.0,4306.295,2.521244,,,,,,
1780437564.009,5728467.0,4306.374,2.521119,,,,,,
1780437564.010,5728492.0,4306.386,2.520994,,,,,,
1780437564.078,5728517.0,4306.379,2.520994,,,,,,
1780437564.079,5728542.0,4306.422,2.521119,,,,,,
1780437564.080,5728567.0,4306.538,2.521119,,,,,,
1780437564.165,5728592.0,4306.525,2.520994,,,,,,
1780437564.166,5728617.0,4306.454,2.520869,,,,,,
1780437564.168,5728642.0,4306.481,2.520869,,,,,,
1780437564.169,5728667.0,4306.499,2.520869,,,,,,
1780437564.244,5728692.0,4306.42,2.520869,,,,,,
1780437564.245,5728717.0,4306.474,2.520869,,,,,,
1780437564.247,5728742.0,4306.406,2.520869,,,,,,
1780437564.347,5728767.0,4306.521,2.520745,,,,,,
1780437564.348,5728792.0,4306.524,2.520745,,,,,,
1780437564.349,5728817.0,4306.555,2.520745,,,,,,
1780437564.351,5728842.0,4306.555,2.520745,,,,,,
1780437564.429,5728867.0,4306.609,2.52062,,,,,,
1780437564.429,5728892.0,4306.651,2.520745,,,,,,
1780437564.430,5728917.0,4306.688,2.520745,,,,,,
1780437564.475,5728942.0,4306.745,2.520869,,,,,,
1780437564.476,5728967.0,4306.785,2.520994,,,,,,
1780437564.526,5728992.0,4306.745,2.520994,,,,,,
1780437564.527,5729017.0,4306.748,2.520994,,,,,,
1780437564.594,5729042.0,4306.759,2.521119,,,,,,
1780437564.595,5729067.0,4306.632,2.520994,,,,,,
1780437564.596,5729092.0,4306.669,2.520994,,,,,,
1780437564.661,5729117.0,4306.661,2.520994,,,,,,
1780437564.661,5729142.0,4306.734,2.520994,,,,,,
1780437564.725,5729167.0,4306.661,2.520994,,,,,,
1780437564.725,5729192.0,4306.743,2.520994,,,,,,
1780437564.726,5729217.0,4306.841,2.520994,,,,,,
1780437564.798,5729242.0,4306.949,2.520994,,,,,,
1780437564.799,5729267.0,4306.921,2.520994,,,,,,
1780437564.800,5729292.0,4306.949,2.520994,,,,,,
1780437564.864,5729317.0,4307.054,2.521119,,,,,,
1780437564.865,5729342.0,4307.048,2.521244,,,,,,
1780437564.866,5729367.0,4307.085,2.521244,,,,,,
1780437564.942,5729392.0,4307.062,2.521244,,,,,,
1780437564.943,5729417.0,4306.991,2.521369,,,,,,
1780437564.943,5729442.0,4306.903,2.521244,,,,,,
1780437565.011,5729467.0,4306.935,2.521369,,,,,,
1780437565.011,5729492.0,4306.841,2.521493,,,,,,
1780437565.076,5729517.0,4306.759,2.521369,,,,,,
1780437565.076,5729542.0,4306.733,2.521369,,,,,,
1780437565.077,5729567.0,4306.813,2.521244,,,,,,
1780437565.129,5729592.0,4306.852,2.521119,,,,,,
1780437565.130,5729617.0,4306.943,2.521119,,,,,,
1780437565.192,5729642.0,4306.878,2.521244,,,,,,
1780437565.193,5729667.0,4306.915,2.521119,,,,,,
1780437565.193,5729692.0,4306.982,2.521119,,,,,,
1780437565.261,5729717.0,4306.982,2.521119,,,,,,
1780437565.261,5729742.0,4306.895,2.521119,,,,,,
1780437565.311,5729767.0,4306.923,2.521244,,,,,,
1780437565.312,5729792.0,4306.906,2.521119,,,,,,
1780437565.360,5729817.0,4306.791,2.521119,,,,,,
1780437565.361,5729842.0,4306.779,2.521244,,,,,,
1780437565.415,5729867.0,4306.688,2.521369,,,,,,
1780437565.417,5729892.0,4306.691,2.521493,,,,,,
1780437565.418,5729917.0,4306.654,2.521493,,,,,,
1780437565.497,5729942.0,4306.719,2.521369,,,,,,
1780437565.499,5729967.0,4306.796,2.521244,,,,,,
1780437565.500,5729992.0,4306.729,2.521244,,,,,,
1780437565.558,5730017.0,4306.743,2.521244,,,,,,
1780437565.559,5730042.0,4306.74,2.521119,,,,,,
1780437565.628,5730067.0,4306.753,2.521244,,,,,,
1780437565.630,5730092.0,4306.748,2.521119,,,,,,
1780437565.631,5730117.0,4306.765,2.521119,,,,,,
1780437565.692,5730142.0,4306.83,2.521244,,,,,,
1780437565.693,5730167.0,4306.805,2.521244,,,,,,
1780437565.693,5730192.0,4306.649,2.521244,,,,,,
1780437565.742,5730217.0,4306.629,2.521244,,,,,,
1780437565.743,5730242.0,4306.604,2.521244,,,,,,
1780437565.792,5730267.0,4306.618,2.521119,,,,,,
1780437565.793,5730292.0,4306.604,2.521119,,,,,,
1780437565.860,5730317.0,4306.703,2.521244,,,,,,
1780437565.862,5730342.0,4306.678,2.521244,,,,,,
1780437565.926,5730367.0,4306.604,2.521244,,,,,,
1780437565.926,5730392.0,4306.547,2.521119,,,,,,
1780437565.926,5730417.0,4306.544,2.521244,,,,,,
1780437565.976,5730442.0,4306.578,2.521244,,,,,,
1780437565.977,5730467.0,4306.53,2.521119,,,,,,
1780437566.048,5730492.0,4306.514,2.521119,,,,,,
1780437566.049,5730517.0,4306.462,2.520994,,,,,,
1780437566.050,5730542.0,4306.434,2.521119,,,,,,
1780437566.126,5730567.0,4306.357,2.521244,,,,,,
1780437566.127,5730592.0,4306.278,2.521244,,,,,,
1780437566.127,5730617.0,4306.372,2.521244,,,,,,
1780437566.176,5730642.0,4306.323,2.521244,,,,,,
1780437566.177,5730667.0,4306.408,2.521244,,,,,,
1780437566.229,5730692.0,4306.471,2.521119,,,,,,
1780437566.229,5730717.0,4306.496,2.521119,,,,,,
1780437566.283,5730742.0,4306.428,2.521119,,,,,,
1780437566.283,5730767.0,4306.42,2.520994,,,,,,
1780437566.363,5730792.0,4306.417,2.520994,,,,,,
1780437566.363,5730817.0,4306.589,2.521119,,,,,,
1780437566.364,5730842.0,4306.527,2.521119,,,,,,
1780437566.364,5730867.0,4306.504,2.521119,,,,,,
1780437566.424,5730892.0,4306.451,2.521119,,,,,,
1780437566.425,5730917.0,4306.445,2.521244,,,,,,
1780437566.488,5730942.0,4306.349,2.521119,,,,,,
1780437566.489,5730967.0,4306.312,2.521119,,,,,,
1780437566.489,5730992.0,4306.414,2.521119,,,,,,
1780437566.551,5731017.0,4306.399,2.521244,,,,,,
1780437566.551,5731042.0,4306.473,2.521244,,,,,,
1780437566.614,5731067.0,4306.518,2.521244,,,,,,
1780437566.615,5731092.0,4306.609,2.521244,,,,,,
1780437566.615,5731117.0,4306.578,2.521119,,,,,,
1780437566.679,5731142.0,4306.708,2.521244,,,,,,
1780437566.680,5731167.0,4306.725,2.521119,,,,,,
1780437566.746,5731192.0,4306.799,2.521119,,,,,,
1780437566.747,5731217.0,4306.791,2.521244,,,,,,
1780437566.748,5731242.0,4306.864,2.521244,,,,,,
1780437566.810,5731267.0,4306.825,2.521244,,,,,,
1780437566.812,5731292.0,4306.816,2.521369,,,,,,
1780437566.876,5731317.0,4306.76,2.521493,,,,,,
1780437566.877,5731342.0,4306.726,2.521618,,,,,,
1780437566.878,5731367.0,4306.822,2.521493,,,,,,
1780437566.932,5731392.0,4306.773,2.521493,,,,,,
1780437566.933,5731417.0,4306.734,2.521618,,,,,,
1780437566.995,5731442.0,4306.643,2.521618,,,,,,
1780437566.996,5731467.0,4306.703,2.521618,,,,,,
1780437566.997,5731492.0,4306.635,2.521618,,,,,,
1780437567.060,5731517.0,4306.779,2.521743,,,,,,
1780437567.060,5731542.0,4306.731,2.521618,,,,,,
1780437567.129,5731567.0,4306.815,2.521743,,,,,,
1780437567.130,5731592.0,4306.796,2.521743,,,,,,
1780437567.131,5731617.0,4306.811,2.521743,,,,,,
1780437567.195,5731642.0,4306.762,2.521618,,,,,,
1780437567.196,5731667.0,4306.714,2.521493,,,,,,
1780437567.197,5731692.0,4306.714,2.521618,,,,,,
1780437567.248,5731717.0,4306.66,2.521743,,,,,,
1780437567.249,5731742.0,4306.753,2.521743,,,,,,
1780437567.313,5731767.0,4306.683,2.521618,,,,,,
1780437567.313,5731792.0,4306.635,2.521618,,,,,,
1780437567.377,5731817.0,4306.635,2.521493,,,,,,
1780437567.379,5731842.0,4306.629,2.521369,,,,,,
1780437567.381,5731867.0,4306.514,2.521369,,,,,,
1780437567.428,5731892.0,4306.496,2.521369,,,,,,
1780437567.428,5731917.0,4306.496,2.521244,,,,,,
1780437567.497,5731942.0,4306.493,2.521244,,,,,,
1780437567.498,5731967.0,4306.456,2.521119,,,,,,
1780437567.500,5731992.0,4306.487,2.521119,,,,,,
1780437567.555,5732017.0,4306.43,2.521244,,,,,,
1780437567.556,5732042.0,4306.515,2.521119,,,,,,
1780437567.614,5732067.0,4306.543,2.520994,,,,,,
1780437567.616,5732092.0,4306.535,2.521119,,,,,,
1780437567.617,5732117.0,4306.595,2.521119,,,,,,
1780437567.677,5732142.0,4306.546,2.521119,,,,,,
1780437567.678,5732167.0,4306.473,2.521119,,,,,,
1780437567.740,5732192.0,4306.49,2.520994,,,,,,
1780437567.741,5732217.0,4306.473,2.520994,,,,,,
1780437567.742,5732242.0,4306.457,2.520994,,,,,,
1780437567.803,5732267.0,4306.431,2.520994,,,,,,
1780437567.804,5732292.0,4306.467,2.521119,,,,,,
1780437567.864,5732317.0,4306.298,2.520994,,,,,,
1780437567.865,5732342.0,4306.332,2.520869,,,,,,
1780437567.867,5732367.0,4306.261,2.520994,,,,,,
1780437567.925,5732392.0,4306.205,2.521119,,,,,,
1780437567.926,5732417.0,4306.146,2.521119,,,,,,
1780437567.989,5732442.0,4306.177,2.521244,,,,,,
1780437567.990,5732467.0,4306.186,2.521244,,,,,,
1780437567.991,5732492.0,4306.202,2.521369,,,,,,
1780437568.053,5732517.0,4306.27,2.521369,,,,,,
1780437568.054,5732542.0,4306.203,2.521369,,,,,,
1780437568.112,5732567.0,4306.304,2.521244,,,,,,
1780437568.113,5732592.0,4306.355,2.521244,,,,,,
1780437568.177,5732617.0,4306.25,2.521369,,,,,,
1780437568.178,5732642.0,4306.233,2.521244,,,,,,
1780437568.180,5732667.0,4306.259,2.521244,,,,,,
1780437568.191,5732692.0,4306.233,2.521244,,,,,,
1780437568.244,5732717.0,4306.216,2.521119,,,,,,
1780437568.244,5732742.0,4306.103,2.521244,,,,,,
1780437568.310,5732767.0,4306.071,2.521244,,,,,,
1780437568.311,5732792.0,4306.08,2.521244,,,,,,
1780437568.378,5732817.0,4306.066,2.521244,,,,,,
1780437568.380,5732842.0,4305.902,2.521244,,,,,,
1780437568.382,5732867.0,4305.882,2.521244,,,,,,
1780437568.432,5732892.0,4305.927,2.521369,,,,,,
1780437568.433,5732917.0,4305.888,2.521244,,,,,,
1780437568.497,5732942.0,4306.114,2.521369,,,,,,
1780437568.499,5732967.0,4306.088,2.521369,,,,,,
1780437568.500,5732992.0,4306.055,2.521369,,,,,,
1780437568.564,5733017.0,4306.074,2.521244,,,,,,
1780437568.565,5733042.0,4306.213,2.521244,,,,,,
1780437568.566,5733067.0,4306.083,2.521119,,,,,,
1780437568.615,5733092.0,4306.097,2.521119,,,,,,
1780437568.615,5733117.0,4306.014,2.521119,,,,,,
1780437568.677,5733142.0,4306.045,2.521119,,,,,,
1780437568.677,5733167.0,4306.032,2.521119,,,,,,
1780437568.739,5733192.0,4306.103,2.521119,,,,,,
1780437568.740,5733217.0,4305.877,2.521119,,,,,,
1780437568.740,5733242.0,4305.99,2.521119,,,,,,
1780437568.803,5733267.0,4306.015,2.521119,,,,,,
1780437568.805,5733292.0,4305.899,2.521119,,,,,,
1780437568.866,5733317.0,4305.885,2.521119,,,,,,
1780437568.868,5733342.0,4305.888,2.521119,,,,,,
1780437568.869,5733367.0,4306.03,2.520994,,,,,,
1780437568.928,5733392.0,4307.947,2.521619,,,,,,
1780437568.928,5733417.0,4310.479,2.52262,,,,,,
1780437568.993,5733442.0,4317.308,2.525383,,,,,,
1780437568.994,5733467.0,4321.339,2.526886,,,,,,
1780437568.995,5733492.0,4323.621,2.527887,,,,,,
1780437569.058,5733517.0,4325.871,2.528763,,,,,,
1780437569.059,5733542.0,4328.094,2.529638,,,,,,
1780437569.144,5733567.0,4331.791,2.531016,,,,,,
1780437569.145,5733592.0,4346.976,2.536837,,,,,,
1780437569.146,5733617.0,4367.176,2.544595,,,,,,
1780437569.147,5733642.0,4392.507,2.554431,,,,,,
1780437569.209,5733667.0,4422.186,2.565841,,,,,,
1780437569.210,5733692.0,4456.694,2.578969,,,,,,
1780437569.280,5733717.0,4495.51,2.593693,,,,,,
1780437569.281,5733742.0,4536.339,2.609096,,,,,,
1780437569.283,5733767.0,4577.668,2.624892,,,,,,
1780437569.362,5733792.0,4620.197,2.641091,,,,,,
1780437569.364,5733817.0,4663.49,2.657559,,,,,,
1780437569.365,5733842.0,4707.202,2.674162,,,,,,
1780437569.366,5733867.0,4751.528,2.690908,,,,,,
1780437569.425,5733892.0,4795.854,2.707781,,,,,,
1780437569.425,5733917.0,4840.335,2.724652,,,,,,
1780437569.494,5733942.0,4884.856,2.741524,,,,,,
1780437569.495,5733967.0,4929.285,2.758261,,,,,,
1780437569.496,5733992.0,4973.651,2.775133,,,,,,
1780437569.578,5734017.0,5016.322,2.791255,,,,,,
1780437569.579,5734042.0,5058.498,2.807126,,,,,,
1780437569.580,5734067.0,5096.116,2.821234,,,,,,
1780437569.646,5734092.0,5135.953,2.836333,,,,,,
1780437569.647,5734117.0,5175.99,2.851397,,,,,,
1780437569.649,5734142.0,5215.123,2.866058,,,,,,
1780437569.711,5734167.0,5251.89,2.880042,,,,,,
1780437569.713,5734192.0,5285.549,2.892863,,,,,,
1780437569.797,5734217.0,5305.093,2.900435,,,,,,
1780437569.798,5734242.0,5317.353,2.904885,,,,,,
1780437569.799,5734267.0,5321.612,2.906327,,,,,,
1780437569.800,5734292.0,5317.686,2.904884,,,,,,
1780437569.895,5734317.0,5305.472,2.900419,,,,,,
1780437569.897,5734342.0,5284.593,2.892673,,,,,,
1780437569.898,5734367.0,5260.125,2.88348,,,,,,
1780437569.899,5734392.0,5229.277,2.871844,,,,,,
1780437569.947,5734417.0,5196.156,2.859295,,,,,,
1780437569.948,5734442.0,5158.631,2.845212,,,,,,
1780437569.992,5734467.0,5120.875,2.830994,,,,,,
1780437569.993,5734492.0,5078.797,2.815123,,,,,,
1780437570.060,5734517.0,5036.631,2.799127,,,,,,
1780437570.062,5734542.0,4987.043,2.780269,,,,,,
1780437570.131,5734567.0,4938.376,2.761905,,,,,,
1780437570.132,5734592.0,4888.962,2.743429,,,,,,
1780437570.133,5734617.0,4839.182,2.724571,,,,,,
1780437570.196,5734642.0,4788.753,2.705589,,,,,,
1780437570.197,5734667.0,4737.342,2.686238,,,,,,
1780437570.199,5734692.0,4686.147,2.666886,,,,,,
1780437570.245,5734717.0,4635.229,2.647557,,,,,,
1780437570.245,5734742.0,4585.086,2.628644,,,,,,
1780437570.312,5734767.0,4535.759,2.61001,,,,,,
1780437570.313,5734792.0,4490.936,2.593042,,,,,,
1780437570.379,5734817.0,4447.758,2.576607,,,,,,
1780437570.379,5734842.0,4407.27,2.561105,,,,,,
1780437570.380,5734867.0,4369.087,2.546662,,,,,,
1780437570.465,5734892.0,4333.647,2.533274,,,,,,
1780437570.467,5734917.0,4301.981,2.521197,,,,,,
1780437570.468,5734942.0,4273.949,2.510425,,,,,,
1780437570.470,5734967.0,4250.198,2.501336,,,,,,
1780437570.543,5734992.0,4228.095,2.492892,,,,,,
1780437570.544,5735017.0,4211.764,2.486623,,,,,,
1780437570.546,5735042.0,4196.531,2.480862,,,,,,
1780437570.633,5735067.0,4184.821,2.476368,,,,,,
1780437570.634,5735092.0,4173.383,2.471997,,,,,,
1780437570.635,5735117.0,4165.751,2.469133,,,,,,
1780437570.710,5735142.0,4158.577,2.466395,,,,,,
1780437570.712,5735167.0,4159.014,2.466766,,,,,,
1780437570.713,5735192.0,4158.955,2.466766,,,,,,
1780437570.776,5735217.0,4159.976,2.467138,,,,,,
1780437570.777,5735242.0,4161.498,2.467756,,,,,,
1780437570.778,5735267.0,4163.768,2.468498,,,,,,
1780437570.829,5735292.0,4167.145,2.469858,,,,,,
1780437570.830,5735317.0,4170.605,2.471218,,,,,,
1780437570.884,5735342.0,4174.641,2.472825,,,,,,
1780437570.886,5735367.0,4179.723,2.474678,,,,,,
1780437570.956,5735392.0,4186.209,2.477152,,,,,,
1780437570.958,5735417.0,4192.642,2.479636,,,,,,
1780437570.959,5735442.0,4204.211,2.484131,,,,,,
1780437571.019,5735467.0,4216.102,2.488751,,,,,,
1780437571.020,5735492.0,4233.341,2.495403,,,,,,
1780437571.022,5735517.0,4256.885,2.504362,,,,,,
1780437571.082,5735542.0,4281.363,2.513709,,,,,,
1780437571.083,5735567.0,4317.074,2.527361,,,,,,
1780437571.146,5735592.0,4354.798,2.541672,,,,,,
1780437571.147,5735617.0,4393.703,2.556512,,,,,,
1780437571.148,5735642.0,4435.972,2.572414,,,,,,
1780437571.211,5735667.0,4479.924,2.588981,,,,,,
1780437571.212,5735692.0,4526.217,2.606485,,,,,,
1780437571.281,5735717.0,4573.729,2.624401,,,,,,
1780437571.283,5735742.0,4622.467,2.642732,,,,,,
1780437571.284,5735767.0,4672.059,2.661466,,,,,,
1780437571.346,5735792.0,4721.9,2.680223,,,,,,
1780437571.346,5735817.0,4772.374,2.699261,,,,,,
1780437571.347,5735842.0,4822.674,2.718176,,,,,,
1780437571.414,5735867.0,4872.902,2.73709,,,,,,
1780437571.416,5735892.0,4923.043,2.756005,,,,,,
1780437571.417,5735917.0,4973.551,2.775077,,,,,,
1780437571.482,5735942.0,5024.149,2.794014,,,,,,
1780437571.484,5735967.0,5074.639,2.813087,,,,,,
1780437571.545,5735992.0,5124.636,2.831899,,,,,,
1780437571.546,5736017.0,5173.509,2.850215,,,,,,
1780437571.548,5736042.0,5220.291,2.867793,,,,,,
1780437571.597,5736067.0,5261.876,2.883362,,,,,,
1780437571.598,5736092.0,5302.228,2.898533,,,,,,
1780437571.663,5736117.0,5336.236,2.911268,,,,,,
1780437571.665,5736142.0,5362.541,2.921155,,,,,,
1780437571.666,5736167.0,5386.447,2.930117,,,,,,
1780437571.744,5736192.0,5396.757,2.933969,,,,,,
1780437571.745,5736217.0,5403.21,2.936493,,,,,,
1780437571.746,5736242.0,5406.138,2.937555,,,,,,
1780437571.830,5736267.0,5402.598,2.93636,,,,,,
1780437571.831,5736292.0,5394.676,2.933444,,,,,,
1780437571.832,5736317.0,5380.339,2.928148,,,,,,
1780437571.902,5736342.0,5361.0,2.92088,,,,,,
1780437571.904,5736367.0,5337.627,2.912296,,,,,,
1780437571.905,5736392.0,5308.821,2.901502,,,,,,
1780437571.965,5736417.0,5273.555,2.888265,,,,,,
1780437571.966,5736442.0,5236.327,2.874242,,,,,,
1780437571.967,5736467.0,5194.163,2.85845,,,,,,
1780437572.029,5736492.0,5151.876,2.842531,,,,,,
1780437572.030,5736517.0,5105.963,2.825359,,,,,,
1780437572.093,5736542.0,5059.521,2.807781,,,,,,
1780437572.094,5736567.0,5009.231,2.788844,,,,,,
1780437572.094,5736592.0,4958.274,2.769648,,,,,,
1780437572.146,5736617.0,4906.912,2.750339,,,,,,
1780437572.147,5736642.0,4854.823,2.730782,,,,,,
1780437572.209,5736667.0,4802.033,2.710843,,,,,,
1780437572.209,5736692.0,4748.887,2.690781,,,,,,
1780437572.276,5736717.0,4696.18,2.670742,,,,,,
1780437572.287,5736742.0,4644.408,2.651109,,,,,,
1780437572.289,5736767.0,4593.32,2.631769,,,,,,
1780437572.290,5736792.0,4544.121,2.613091,,,,,,
1780437572.348,5736817.0,4497.073,2.595094,,,,,,
1780437572.349,5736842.0,4451.806,2.577766,,,,,,
1780437572.412,5736867.0,4408.885,2.561494,,,,,,
1780437572.413,5736892.0,4369.128,2.546417,,,,,,
1780437572.464,5736917.0,4332.126,2.532395,,,,,,
1780437572.465,5736942.0,4299.013,2.519695,,,,,,
1780437572.467,5736967.0,4269.538,2.508553,,,,,,
1780437572.527,5736992.0,4242.623,2.498066,,,,,,
1780437572.529,5737017.0,4219.936,2.489508,,,,,,
1780437572.588,5737042.0,4203.225,2.483001,,,,,,
1780437572.589,5737067.0,4187.279,2.476874,,,,,,
1780437572.646,5737092.0,4176.317,2.472517,,,,,,
1780437572.647,5737117.0,4165.735,2.468532,,,,,,
1780437572.648,5737142.0,4158.834,2.465924,,,,,,
1780437572.709,5737167.0,4152.263,2.463316,,,,,,
1780437572.709,5737192.0,4150.118,2.462573,,,,,,
1780437572.776,5737217.0,4149.046,2.462201,,,,,,
1780437572.777,5737242.0,4149.081,2.462201,,,,,,
1780437572.778,5737267.0,4150.314,2.462696,,,,,,
1780437572.845,5737292.0,4152.218,2.463439,,,,,,
1780437572.846,5737317.0,4154.605,2.464429,,,,,,
1780437572.847,5737342.0,4157.357,2.465665,,,,,,
1780437572.900,5737367.0,4160.474,2.466902,,,,,,
1780437572.901,5737392.0,4165.433,2.468758,,,,,,
1780437572.959,5737417.0,4176.218,2.472992,,,,,,
1780437572.960,5737442.0,4189.132,2.47798,,,,,,
1780437573.017,5737467.0,4206.893,2.484869,,,,,,
1780437573.019,5737492.0,4226.584,2.492402,,,,,,
1780437573.020,5737517.0,4247.827,2.500574,,,,,,
1780437573.080,5737542.0,4282.301,2.513806,,,,,,
1780437573.080,5737567.0,4319.338,2.527951,,,,,,
1780437573.144,5737592.0,4357.053,2.542236,,,,,,
1780437573.146,5737617.0,4399.366,2.558498,,,,,,
1780437573.147,5737642.0,4442.814,2.574903,,,,,,
1780437573.214,5737667.0,4489.305,2.592498,,,,,,
1780437573.215,5737692.0,4537.594,2.610897,,,,,,
1780437573.216,5737717.0,4587.25,2.629833,,,,,,
1780437573.270,5737742.0,4638.105,2.649062,,,,,,
1780437573.270,5737767.0,4689.685,2.668437,,,,,,
1780437573.324,5737792.0,4741.678,2.688216,,,,,,
1780437573.326,5737817.0,4794.202,2.708032,,,,,,
1780437573.965,5738428.0,4814.613,2.715725,,,,,calibrate,
1780437573.966,5738453.0,4834.363,2.723423,,,,,,
1780437574.024,5738478.0,4853.579,2.730872,,,,,,
1780437574.025,5738503.0,4872.833,2.738322,,,,,,
1780437574.088,5738528.0,4891.896,2.745648,,,,,,
1780437574.089,5738553.0,4911.033,2.752974,,,,,,
1780437574.092,5738578.0,4929.992,2.7603,,,,,,
1780437574.170,5738603.0,4947.734,2.767125,,,,,,
1780437574.172,5738628.0,4959.313,2.771449,,,,,,
1780437574.173,5738653.0,4968.894,2.775142,,,,,,
1780437574.236,5738678.0,4973.663,2.776933,,,,,,
1780437574.237,5738703.0,4976.514,2.778087,,,,,,
1780437574.239,5738728.0,4977.728,2.778472,,,,,,
1780437574.295,5738753.0,4965.625,2.773926,,,,,,
1780437574.297,5738778.0,4951.233,2.768462,,,,,,
1780437574.344,5738803.0,4936.184,2.762734,,,,,,
1780437574.346,5738828.0,4916.463,2.755153,,,,,,
1780437574.397,5738853.0,4895.771,2.747306,,,,,,
1780437574.398,5738878.0,4871.763,2.73852,,,,,,
1780437574.458,5738903.0,4846.126,2.72893,,,,,,
1780437574.459,5738928.0,4818.77,2.718803,,,,,,
1780437574.459,5738953.0,4790.111,2.708009,,,,,,
1780437574.520,5738978.0,4760.486,2.697073,,,,,,
1780437574.522,5739003.0,4729.979,2.685604,,,,,,
1780437574.588,5739028.0,4698.18,2.673729,,,,,,
1780437574.589,5739053.0,4698.025,2.673729,,,,,,
1780437574.591,5739078.0,4698.093,2.673729,,,,,,
1780437574.651,5739103.0,4697.979,2.673601,,,,,,
1780437574.653,5739128.0,4697.915,2.673601,,,,,,
1780437574.654,5739153.0,4697.639,2.673472,,,,,,
1780437574.713,5739178.0,4697.534,2.673472,,,,,,
1780437574.715,5739203.0,4697.426,2.673344,,,,,,
1780437574.781,5739228.0,4697.422,2.673344,,,,,,
1780437574.782,5739253.0,4697.463,2.673344,,,,,,
1780437574.782,5739278.0,4697.55,2.673344,,,,,,
1780437574.846,5739303.0,4697.513,2.673344,,,,,,
1780437574.847,5739328.0,4697.543,2.673344,,,,,,
1780437574.914,5739353.0,4697.598,2.673344,,,,,,
1780437574.915,5739378.0,4697.678,2.673215,,,,,,
1780437574.917,5739403.0,4697.648,2.673344,,,,,,
1780437574.990,5739428.0,4697.554,2.673344,,,,,,
1780437574.990,5739453.0,4697.362,2.673344,,,,,,
1780437574.991,5739478.0,4697.2,2.673472,,,,,,
1780437575.044,5739503.0,4697.204,2.673472,,,,,,
1780437575.044,5739528.0,4697.039,2.673472,,,,,,
1780437575.090,5739553.0,4697.097,2.673344,,,,,,
1780437575.091,5739578.0,4696.999,2.673344,,,,,,
1780437575.144,5739603.0,4696.804,2.673215,,,,,,
1780437575.145,5739628.0,4696.813,2.673215,,,,,,
1780437575.211,5739653.0,4696.881,2.673215,,,,,,
1780437575.212,5739678.0,4696.938,2.673344,,,,,,
1780437575.214,5739703.0,4696.84,2.673215,,,,,,
1780437575.280,5739728.0,4696.888,2.673215,,,,,,
1780437575.281,5739753.0,4696.773,2.673087,,,,,,
1780437575.282,5739778.0,4696.915,2.673087,,,,,,
1780437575.342,5739803.0,4696.985,2.673087,,,,,,
1780437575.344,5739828.0,4696.931,2.673215,,,,,,
1780437575.394,5739853.0,4696.931,2.673344,,,,,,
1780437575.394,5739878.0,4696.82,2.673472,,,,,,
1780437575.460,5739903.0,4696.641,2.673601,,,,,,
1780437575.461,5739928.0,4696.688,2.673601,,,,,,
1780437575.462,5739953.0,4696.645,2.673472,,,,,,
1780437575.520,5739978.0,4696.439,2.673472,,,,,,
1780437575.522,5740003.0,4696.453,2.673472,,,,,,
1780437575.583,5740028.0,4696.429,2.673344,,,,,,
1780437575.585,5740053.0,4696.331,2.673344,,,,,,
1780437575.586,5740078.0,4696.513,2.673344,,,,,,
1780437575.653,5740103.0,4696.553,2.673215,,,,,,
1780437575.654,5740128.0,4696.436,2.673087,,,,,,
1780437575.655,5740153.0,4696.534,2.672958,,,,,,
1780437575.717,5740178.0,4696.594,2.672958,,,,,,
1780437575.718,5740203.0,4696.53,2.673087,,,,,,
1780437575.779,5740228.0,4696.558,2.673215,,,,,,
1780437575.780,5740253.0,4696.608,2.673344,,,,,,
1780437575.780,5740278.0,4696.487,2.673344,,,,,,
1780437575.842,5740303.0,4696.595,2.673215,,,,,,
1780437575.843,5740328.0,4696.467,2.673344,,,,,,
1780437575.907,5740353.0,4696.342,2.673472,,,,,,
1780437575.908,5740378.0,4696.342,2.673472,,,,,,
1780437575.908,5740403.0,4696.305,2.673472,,,,,,
1780437575.956,5740428.0,4696.248,2.673344,,,,,,
1780437575.957,5740453.0,4696.211,2.673344,,,,,,
1780437575.979,5740478.0,4696.133,2.525564,,,,,,
1780437576.005,5740503.0,4696.042,2.525471,,,,,,
1780437576.028,5740528.0,4696.126,2.52531,,,,,,
1780437576.057,5740553.0,4696.056,2.525337,,,,,,
1780437576.087,5740578.0,4696.056,2.525337,,,,,,
1780437576.110,5740603.0,4696.214,2.525405,,,,,,
1780437576.133,5740628.0,4696.119,2.525441,,,,,,
1780437576.155,5740653.0,4696.052,2.525467,,,,,,
1780437576.177,5740678.0,4696.163,2.525424,,,,,,
1780437576.209,5740703.0,4695.975,2.525496,,,,,,
1780437576.231,5740728.0,4695.955,2.525632,,,,,,
1780437576.254,5740753.0,4696.129,2.525566,,,,,,
1780437576.287,5740778.0,4696.035,2.525602,,,,,,
1780437576.310,5740803.0,4695.897,2.525655,,,,,,
1780437576.330,5740828.0,4695.904,2.525652,,,,,,
1780437576.351,5740853.0,4695.981,2.525494,,,,,,
1780437576.409,5740878.0,4695.972,2.525497,,,,,rotate on,OK rotated on
1780437576.410,5740903.0,4695.917,2.525518,,,,,,
1780437576.461,5740928.0,4695.672,2.525612,,,,,,
1780437576.461,5740953.0,4695.759,2.52545,,,,,,
1780437576.521,5740978.0,4695.703,2.525343,,,,,,
1780437576.521,5741003.0,4695.699,2.525345,,,,,,
1780437576.584,5741028.0,4695.74,2.525329,,,,,,
1780437576.586,5741053.0,4695.732,2.525332,,,,,,
1780437576.588,5741078.0,4695.706,2.525213,,,,,,
1780437576.647,5741103.0,4695.854,2.525028,,,,,,
1780437576.648,5741128.0,4695.874,2.525021,,,,,,
1780437576.729,5741153.0,4695.8,2.525049,,,,,,
1780437576.730,5741178.0,4695.891,2.525014,,,,,,
1780437576.732,5741203.0,4695.864,2.525025,,,,,,
1780437576.733,5741228.0,4695.74,2.524943,,,,,,
1780437576.793,5741253.0,4695.911,2.524878,,,,,,
1780437576.793,5741278.0,4695.935,2.524869,,,,,,
1780437576.842,5741303.0,4695.901,2.524882,,,,,,
1780437576.843,5741328.0,4695.979,2.524852,,,,,,
1780437576.904,5741353.0,4695.918,2.524875,,,,,,
1780437576.905,5741378.0,4695.868,2.524894,,,,,,
1780437576.906,5741403.0,4695.874,2.524892,,,,,,
1780437576.963,5741428.0,4695.995,2.524846,,,,,,
1780437576.965,5741453.0,4696.086,2.524683,,,,,,
1780437577.029,5741478.0,4696.049,2.524697,,,,,,
1780437577.030,5741503.0,4696.022,2.524707,,,,,,
1780437577.032,5741528.0,4696.144,2.524789,,,,,,
1780437577.086,5741553.0,4696.214,2.524762,,,,,,
1780437577.088,5741578.0,4696.258,2.524745,,,,,,
1780437577.147,5741603.0,4696.396,2.524693,,,,,,
1780437577.148,5741628.0,4696.396,2.524693,,,,,,
1780437577.209,5741653.0,4696.393,2.524694,,,,,,
1780437577.210,5741678.0,4696.289,2.524863,,,,,,
1780437577.211,5741703.0,4696.335,2.524845,,,,,,
1780437577.274,5741728.0,4696.238,2.524882,,,,,,
1780437577.275,5741753.0,4696.231,2.524884,,,,,,
1780437577.276,5741778.0,4696.124,2.524925,,,,,,
1780437577.335,5741803.0,4696.066,2.524947,,,,,,
1780437577.336,5741828.0,4696.025,2.524963,,,,,,
1780437577.397,5741853.0,4696.124,2.524925,,,,,,
1780437577.399,5741878.0,4696.06,2.525078,,,,,,
1780437577.456,5741903.0,4695.993,2.525232,,,,,,
1780437577.457,5741928.0,4696.043,2.525213,,,,,,
1780437577.457,5741953.0,4696.056,2.525208,,,,,,
1780437577.526,5741978.0,4696.063,2.525077,,,,,,
1780437577.528,5742003.0,4696.033,2.525089,,,,,,
1780437577.529,5742028.0,4696.08,2.525071,,,,,,
1780437577.583,5742053.0,4696.002,2.525229,,,,,,
1780437577.583,5742078.0,4695.992,2.525361,,,,,,
1780437577.660,5742103.0,4695.992,2.525361,,,,,,
1780437577.661,5742128.0,4695.911,2.525264,,,,,,
1780437577.662,5742153.0,4695.884,2.525145,,,,,,
1780437577.709,5742178.0,4695.867,2.525152,,,,,,
1780437577.710,5742203.0,4695.766,2.52519,,,,,,
1780437577.780,5742228.0,4695.675,2.525225,,,,,,
1780437577.781,5742253.0,4695.615,2.525248,,,,,,
1780437577.782,5742278.0,4695.571,2.525265,,,,,,
1780437577.844,5742303.0,4695.594,2.525127,,,,,,
1780437577.845,5742328.0,4695.702,2.525086,,,,,,
1780437577.907,5742353.0,4695.706,2.525213,,,,,,
1780437577.908,5742378.0,4695.689,2.52522,,,,,,
1780437577.908,5742403.0,4695.786,2.525183,,,,,,
1780437577.969,5742428.0,4695.79,2.525181,,,,,,
1780437577.971,5742453.0,4695.823,2.525169,,,,,,
1780437578.040,5742478.0,4695.864,2.525153,,,,,,
1780437578.042,5742503.0,4695.924,2.52513,,,,,,
1780437578.043,5742528.0,4696.022,2.524964,,,,,,
1780437578.096,5742553.0,4696.042,2.524957,,,,,,
1780437578.098,5742578.0,4695.871,2.525151,,,,,,
1780437578.158,5742603.0,4695.753,2.525195,,,,,,
1780437578.160,5742628.0,4695.733,2.525203,,,,,,
1780437578.161,5742653.0,4695.716,2.525209,,,,,,
1780437578.212,5742678.0,4695.692,2.52509,,,,,,
1780437578.213,5742703.0,4695.619,2.52499,,,,,,
1780437578.272,5742728.0,4695.571,2.525008,,,,,,
1780437578.273,5742753.0,4695.639,2.524982,,,,,,
1780437578.342,5742778.0,4695.692,2.524961,,,,,,
1780437578.344,5742803.0,4695.787,2.525054,,,,,,
1780437578.345,5742828.0,4695.982,2.52498,,,,,,
1780437578.399,5742853.0,4695.941,2.524995,,,,,,
1780437578.400,5742878.0,4695.898,2.525011,,,,,,
1780437578.478,5742903.0,4695.958,2.525117,,,,,,
1780437578.480,5742928.0,4695.854,2.525157,,,,,,
1780437578.481,5742953.0,4695.729,2.525204,,,,,,
1780437578.483,5742978.0,4695.723,2.525078,,,,,,
1780437578.544,5743003.0,4695.642,2.525109,,,,,,
1780437578.546,5743028.0,4695.504,2.525162,,,,,,
1780437578.603,5743053.0,4695.45,2.525182,,,,,,
1780437578.603,5743078.0,4695.471,2.525175,,,,,,
1780437578.604,5743103.0,4695.403,2.5252,,,,,,
1780437578.661,5743128.0,4695.165,2.525163,,,,,,
1780437578.662,5743153.0,4694.996,2.525227,,,,,,
1780437578.725,5743178.0,4694.828,2.525291,,,,,,
1780437578.726,5743203.0,4694.834,2.52516,,,,,,
1780437578.727,5743228.0,4694.784,2.525179,,,,,,
1780437578.780,5743253.0,4694.926,2.525126,,,,,,
1780437578.781,5743278.0,4694.814,2.525296,,,,,,
1780437578.844,5743303.0,4694.879,2.525272,,,,,,
1780437578.846,5743328.0,4694.708,2.525337,,,,,,
1780437578.905,5743353.0,4694.721,2.525461,,,,,,
1780437578.906,5743378.0,4694.775,2.52544,,,,,,
1780437578.908,5743403.0,4694.721,2.525461,,,,,,
1780437578.960,5743428.0,4694.59,2.525382,,,,,,
1780437578.961,5743453.0,4694.476,2.525426,,,,,,
1780437579.033,5743478.0,4694.354,2.525344,,,,,,
1780437579.034,5743503.0,4694.375,2.525336,,,,,,
1780437579.036,5743528.0,4694.1,2.525184,,,,,,
1780437579.084,5743553.0,4694.298,2.525237,,,,,,
1780437579.090,5743578.0,4694.611,2.525246,,,,,,
1780437579.164,5743603.0,4695.459,2.525308,,,,,,
1780437579.165,5743628.0,4709.456,2.5253,,,,,,
1780437579.167,5743653.0,4724.58,2.525126,,,,,,
1780437579.227,5743678.0,4740.906,2.525021,,,,,,
1780437579.228,5743703.0,4763.413,2.524815,,,,,,
1780437579.229,5743728.0,4787.528,2.52453,,,,,,
1780437579.273,5743753.0,4812.886,2.524306,,,,,,
1780437579.336,5743778.0,4839.163,2.524134,,,,,,
1780437579.338,5743803.0,4866.495,2.523962,,,,,,
1780437579.339,5743828.0,4894.319,2.523603,,,,,,
1780437579.392,5743853.0,4922.8,2.523262,,,,,,
1780437579.393,5743878.0,4951.059,2.523141,,,,,,
1780437579.456,5743903.0,4979.569,2.52266,,,,,,
1780437579.457,5743928.0,5008.034,2.52246,,,,,,
1780437579.458,5743953.0,5036.673,2.522194,,,,,,
1780437579.521,5743978.0,5065.069,2.521757,,,,,,
1780437579.523,5744003.0,5093.396,2.521475,,,,,,
1780437579.583,5744028.0,5121.818,2.521291,,,,,,
1780437579.584,5744053.0,5150.487,2.521013,,,,,,
1780437579.584,5744078.0,5178.741,2.520759,,,,,,
1780437579.648,5744103.0,5206.097,2.520573,,,,,,
1780437579.649,5744128.0,5231.935,2.5203,,,,,,
1780437579.711,5744153.0,5256.803,2.520123,,,,,,
1780437579.712,5744178.0,5279.129,2.519857,,,,,,
1780437579.713,5744203.0,5299.362,2.519724,,,,,,
1780437579.773,5744228.0,5316.096,2.519475,,,,,,
1780437579.774,5744253.0,5317.817,2.519345,,,,,,
1780437579.832,5744278.0,5310.757,2.519418,,,,,,
1780437579.833,5744303.0,5300.324,2.51947,,,,,,
1780437579.834,5744328.0,5280.482,2.51969,,,,,,
1780437579.895,5744353.0,5258.208,2.520045,,,,,,
1780437579.896,5744378.0,5233.471,2.52016,,,,,,
1780437579.962,5744403.0,5204.783,2.520227,,,,,,
1780437579.963,5744428.0,5173.511,2.520365,,,,,,
1780437579.964,5744453.0,5138.73,2.520698,,,,,,
1780437580.023,5744478.0,5102.156,2.520939,,,,,,
1780437580.024,5744503.0,5056.32,2.521065,,,,,,
1780437580.092,5744528.0,5011.354,2.521244,,,,,,
1780437580.093,5744553.0,4965.082,2.521412,,,,,,
1780437580.094,5744578.0,4918.114,2.521597,,,,,,
1780437580.148,5744603.0,4871.318,2.521852,,,,,,
1780437580.148,5744628.0,4824.218,2.522223,,,,,,
1780437580.209,5744653.0,4777.288,2.522394,,,,,,
1780437580.210,5744678.0,4730.26,2.522726,,,,,,
1780437580.212,5744703.0,4683.171,2.523093,,,,,,
1780437580.275,5744728.0,4636.979,2.523396,,,,,,
1780437580.276,5744753.0,4591.728,2.52363,,,,,,
1780437580.277,5744778.0,4547.369,2.523925,,,,,,
1780437580.332,5744803.0,4505.271,2.524036,,,,,,
1780437580.333,5744828.0,4464.641,2.524129,,,,,,
1780437580.402,5744853.0,4426.936,2.524301,,,,,,
1780437580.403,5744878.0,4391.319,2.524336,,,,,,
1780437580.404,5744903.0,4363.246,2.524377,,,,,,
1780437580.463,5744928.0,4337.266,2.5244,,,,,,
1780437580.464,5744953.0,4314.443,2.524384,,,,,,
1780437580.518,5744978.0,4292.516,2.524284,,,,,,
1780437580.519,5745003.0,4271.784,2.524371,,,,,,
1780437580.588,5745028.0,4254.241,2.524396,,,,,,
1780437580.589,5745053.0,4238.178,2.524367,,,,,,
1780437580.589,5745078.0,4225.389,2.524358,,,,,,
1780437580.645,5745103.0,4213.763,2.524412,,,,,,
1780437580.646,5745128.0,4211.83,2.524404,,,,,,
1780437580.716,5745153.0,4209.137,2.524438,,,,,,
1780437580.717,5745178.0,4208.191,2.524426,,,,,,
1780437580.718,5745203.0,4208.364,2.52436,,,,,,
1780437580.779,5745228.0,4208.987,2.524371,,,,,,
1780437580.780,5745253.0,4209.994,2.524235,,,,,,
1780437580.781,5745278.0,4210.764,2.52419,,,,,,
1780437580.843,5745303.0,4211.302,2.523985,,,,,,
1780437580.844,5745328.0,4212.181,2.523774,,,,,,
1780437580.910,5745353.0,4213.256,2.523612,,,,,,
1780437580.912,5745378.0,4214.543,2.523618,,,,,,
1780437580.913,5745403.0,4216.226,2.523472,,,,,,
1780437580.957,5745428.0,4224.704,2.523609,,,,,,
1780437580.958,5745453.0,4236.697,2.523666,,,,,,
1780437581.025,5745478.0,4249.916,2.523635,,,,,,
1780437581.026,5745503.0,4270.306,2.523678,,,,,,
1780437581.028,5745528.0,4290.954,2.523622,,,,,,
1780437581.083,5745553.0,4315.062,2.523536,,,,,,
1780437581.085,5745578.0,4352.576,2.523437,,,,,,
1780437581.153,5745603.0,4390.408,2.52335,,,,,,
1780437581.154,5745628.0,4429.379,2.523225,,,,,,
1780437581.156,5745653.0,4471.554,2.523076,,,,,,
1780437581.215,5745678.0,4514.709,2.522952,,,,,,
1780437581.216,5745703.0,4560.204,2.522615,,,,,,
1780437581.275,5745728.0,4607.006,2.522451,,,,,,
1780437581.277,5745753.0,4654.414,2.5222,,,,,,
1780437581.278,5745778.0,4702.645,2.52204,,,,,,
1780437581.333,5745803.0,4751.395,2.521838,,,,,,
1780437581.335,5745828.0,4800.303,2.521587,,,,,,
1780437581.396,5745853.0,4849.165,2.521375,,,,,,
1780437581.397,5745878.0,4898.297,2.521061,,,,,,
1780437581.465,5745903.0,4947.746,2.52076,,,,,,
1780437581.465,5745928.0,4997.38,2.520514,,,,,,
1780437581.466,5745953.0,5047.042,2.520257,,,,,,
1780437581.530,5745978.0,5096.632,2.520027,,,,,,
1780437581.531,5746003.0,5146.555,2.51967,,,,,,
1780437581.532,5746028.0,5196.436,2.519329,,,,,,
1780437581.595,5746053.0,5239.349,2.518895,,,,,,
1780437581.596,5746078.0,5278.633,2.518574,,,,,,
1780437581.659,5746103.0,5315.934,2.518359,,,,,,
1780437581.660,5746128.0,5344.862,2.518123,,,,,,
1780437581.661,5746153.0,5371.873,2.517946,,,,,,
1780437581.708,5746178.0,5393.796,2.517748,,,,,,
1780437581.709,5746203.0,5400.447,2.517605,,,,,,
1780437581.769,5746228.0,5404.407,2.517556,,,,,,
1780437581.770,5746253.0,5404.671,2.517455,,,,,,
1780437581.843,5746278.0,5398.563,2.51753,,,,,,
1780437581.844,5746303.0,5388.633,2.517608,,,,,,
1780437581.845,5746328.0,5371.779,2.517824,,,,,,
1780437581.906,5746353.0,5350.475,2.517896,,,,,,
1780437581.907,5746378.0,5327.058,2.518116,,,,,,
1780437581.907,5746403.0,5300.384,2.518399,,,,,,
1780437581.962,5746428.0,5263.096,2.518618,,,,,,
1780437581.964,5746453.0,5224.434,2.518973,,,,,,
1780437582.025,5746478.0,5185.42,2.519191,,,,,,
1780437582.026,5746503.0,5141.147,2.519525,,,,,,
1780437582.027,5746528.0,5096.504,2.519865,,,,,,
1780437582.089,5746553.0,5047.19,2.520237,,,,,,
1780437582.090,5746578.0,4997.519,2.520498,,,,,,
1780437582.144,5746603.0,4947.318,2.520837,,,,,,
1780437582.145,5746628.0,4896.444,2.521184,,,,,,
1780437582.215,5746653.0,4845.158,2.521565,,,,,,
1780437582.216,5746678.0,4794.497,2.521955,,,,,,
1780437582.217,5746703.0,4743.795,2.522248,,,,,,
1780437582.275,5746728.0,4693.697,2.522457,,,,,,
1780437582.275,5746753.0,4644.808,2.52261,,,,,,
1780437582.276,5746778.0,4597.583,2.522677,,,,,,
1780437582.343,5746803.0,4551.732,2.522892,,,,,,
1780437582.344,5746828.0,4507.75,2.523063,,,,,,
1780437582.406,5746853.0,4466.071,2.523281,,,,,,
1780437582.407,5746878.0,4427.049,2.523425,,,,,,
1780437582.408,5746903.0,4391.122,2.52357,,,,,,
1780437582.445,5746928.0,4358.101,2.523537,,,,,,
1780437582.456,5746953.0,4329.271,2.523607,,,,,,
1780437582.478,5746978.0,4303.672,2.523614,,,,,,
1780437582.512,5747003.0,4279.005,2.523655,,,,,,
1780437582.534,5747028.0,4256.718,2.523563,,,,,,
1780437582.556,5747053.0,4243.989,2.523534,,,,,,
1780437582.578,5747078.0,4232.062,2.523452,,,,,,
1780437582.621,5747103.0,4220.273,2.523442,,,,,,
1780437582.634,5747128.0,4213.52,2.523524,,,,,,
1780437582.659,5747153.0,4206.974,2.523528,,,,,,
1780437582.683,5747178.0,4205.492,2.523472,,,,,,
1780437582.706,5747203.0,4204.867,2.523462,,,,,,
1780437582.731,5747228.0,4205.369,2.523395,,,,,,
1780437582.756,5747253.0,4206.888,2.523312,,,,,,
1780437582.780,5747278.0,4208.168,2.52332,,,,,,
1780437582.804,5747303.0,4209.257,2.523277,,,,,,
1780437582.839,5747328.0,4211.145,2.523178,,,,,,
1780437582.854,5747353.0,4213.183,2.523145,,,,,crack_output on,OK crack_output on
1780437582.945,5747378.0,4215.48,2.523137,,,,,,
1780437582.947,5747403.0,4218.963,2.523299,,,,,,
1780437582.948,5747428.0,4225.247,2.523392,,,,,,
1780437583.027,5747453.0,4234.056,2.523401,,,,,,
1780437583.028,5747478.0,4248.724,2.523329,,,,,,
1780437583.029,5747503.0,4267.747,2.52338,,,,,,
1780437583.029,5747528.0,4287.939,2.523246,,,,,,
1780437583.081,5747553.0,4312.196,2.523232,,,,,,
1780437583.083,5747578.0,4340.106,2.523123,,,,,,
1780437583.159,5747603.0,4369.418,2.52313,,,,,,
1780437583.160,5747628.0,4404.304,2.52311,,,,,,
1780437583.161,5747653.0,4442.014,2.523068,,,,,,
1780437583.211,5747678.0,4481.602,2.522974,,,,,,
1780437583.212,5747703.0,4523.172,2.522921,,,,,,
1780437583.275,5747728.0,4566.824,2.522752,,,,,,
1780437583.276,5747753.0,4613.561,2.522489,,,,,,
1780437583.277,5747778.0,4660.991,2.52223,,,,,,
1780437583.341,5747803.0,4708.264,2.521907,,,,,,
1780437583.342,5747828.0,4756.853,2.521631,,,,,,
1780437583.405,5747853.0,4805.12,2.521366,,,,,,
1780437583.406,5747878.0,4852.936,2.521283,,,,,,
1780437583.406,5747903.0,4901.402,2.520941,,,,,,
1780437583.461,5747928.0,4949.477,2.52076,,,,,,
1780437583.463,5747953.0,4997.252,2.520557,,,,,,
1780437583.523,5747978.0,5045.326,2.520376,,,,,,
1780437583.523,5748003.0,5092.884,2.520132,,,,,,
1780437583.582,5748028.0,5139.368,2.5198,,,,,,
1780437583.584,5748053.0,5183.397,2.519404,,,,,,
1780437583.585,5748078.0,5223.14,2.519225,,,,,,
1780437583.649,5748103.0,5254.603,2.518986,,,,,,
1780437583.650,5748128.0,5277.572,2.518722,,,,,,
1780437583.650,5748153.0,5292.819,2.518764,,,,,,
1780437583.707,5748178.0,5302.541,2.518709,,,,,,
1780437583.708,5748203.0,5306.07,2.518799,,,,,,
1780437583.774,5748228.0,5307.32,2.518714,,,,,,
1780437583.775,5748253.0,5302.564,2.518691,,,,,,
1780437583.776,5748278.0,5293.852,2.518859,,,,,,
1780437583.841,5748303.0,5278.098,2.519101,,,,,,
1780437583.841,5748328.0,5260.366,2.519171,,,,,,
1780437583.905,5748353.0,5240.31,2.519325,,,,,,
1780437583.906,5748378.0,5216.992,2.519518,,,,,,
1780437583.907,5748403.0,5192.818,2.519767,,,,,,
1780437583.966,5748428.0,5168.466,2.520215,,,,,,
1780437583.968,5748453.0,5142.461,2.520619,,,,,,
1780437584.028,5748478.0,5115.352,2.520922,,,,,,
1780437584.029,5748503.0,5086.255,2.521074,,,,,,
1780437584.030,5748528.0,5054.834,2.521477,,,,,,
1780437584.095,5748553.0,5021.533,2.521694,,,,,,
1780437584.095,5748578.0,4986.666,2.522006,,,,,,
1780437584.159,5748603.0,4950.5,2.522169,,,,,,
1780437584.160,5748628.0,4916.84,2.52253,,,,,,
1780437584.161,5748653.0,4895.79,2.522729,,,,,,
1780437584.223,5748678.0,4873.402,2.523046,,,,,,
1780437584.224,5748703.0,4836.51,2.523147,,,,,,
1780437584.288,5748728.0,4800.975,2.523292,,,,,,
1780437584.289,5748753.0,4771.523,2.523607,,,,,,
1780437584.290,5748778.0,4752.072,2.523759,,,,,,
1780437584.375,5748803.0,4736.95,2.523943,,,,,,
1780437584.377,5748828.0,4730.806,2.523941,,,,,,
1780437584.378,5748853.0,4720.168,2.52411,,,,,,
1780437584.380,5748878.0,4707.686,2.524217,,,,,,
1780437584.456,5748903.0,4692.829,2.524088,,,,,,
1780437584.457,5748928.0,4682.34,2.523861,,,,,,
1780437584.459,5748953.0,4691.795,2.523774,,,,,,
1780437584.539,5748978.0,4718.805,2.523521,,,,,,
1780437584.549,5749003.0,4745.009,2.523305,,,,,,
1780437584.550,5749028.0,4743.325,2.523173,,,,,,
1780437584.551,5749053.0,4730.912,2.523047,,,,,,
1780437584.625,5749078.0,4720.117,2.522937,,,,,,
1780437584.626,5749103.0,4718.661,2.522847,,,,,,
1780437584.628,5749128.0,4740.061,2.522678,,,,,,
1780437584.709,5749153.0,4770.664,2.522317,,,,,,
1780437584.710,5749178.0,4795.032,2.522021,,,,,,
1780437584.710,5749203.0,4798.039,2.521896,,,,,,
1780437584.793,5749228.0,4795.087,2.521881,,,,,,
1780437584.794,5749253.0,4791.56,2.5217,,,,,,
1780437584.795,5749278.0,4793.07,2.521777,,,,,,
1780437584.875,5749303.0,4800.5,2.521563,,,,,,
1780437584.876,5749328.0,4831.763,2.521464,,,,,,
1780437584.877,5749353.0,4861.925,2.521232,,,,,,
1780437584.877,5749378.0,4851.216,2.520927,,,,,,
1780437584.958,5749403.0,4847.641,2.520766,,,,,,
1780437584.959,5749428.0,4842.811,2.520693,,,,,,
1780437584.960,5749453.0,4853.678,2.520603,,,,,,
1780437585.044,5749478.0,4882.83,2.520276,,,,,,
1780437585.045,5749503.0,4910.773,2.519963,,,,,,
1780437585.047,5749528.0,4917.418,2.519985,,,,,,
1780437585.124,5749553.0,4921.664,2.520021,,,,,,
1780437585.126,5749578.0,4902.517,2.520087,,,,,,
1780437585.127,5749603.0,4880.966,2.520337,,,,,,
1780437585.128,5749628.0,4878.894,2.520319,,,,,,
1780437585.210,5749653.0,4907.345,2.520155,,,,,,
1780437585.211,5749678.0,4940.911,2.519846,,,,,,
1780437585.212,5749703.0,4943.598,2.519711,,,,,,
1780437585.273,5749728.0,4936.259,2.519696,,,,,,
1780437585.274,5749753.0,4908.739,2.51977,,,,,,
1780437585.338,5749778.0,4890.562,2.519925,,,,,,
1780437585.339,5749803.0,4898.009,2.519762,,,,,,
1780437585.340,5749828.0,4925.4,2.519532,,,,,,
1780437585.410,5749853.0,4944.954,2.519402,,,,,,
1780437585.412,5749878.0,4950.927,2.519546,,,,,,
1780437585.413,5749903.0,4933.396,2.519533,,,,,,
1780437585.493,5749928.0,4920.365,2.519681,,,,,,
1780437585.494,5749953.0,4919.412,2.519778,,,,,,
1780437585.494,5749978.0,4926.923,2.519855,,,,,,
1780437585.578,5750003.0,4973.849,2.51981,,,,,,
1780437585.579,5750028.0,4993.452,2.519678,,,,,,
1780437585.580,5750053.0,4988.977,2.519614,,,,,,
1780437585.581,5750078.0,4968.0,2.519707,,,,,,
1780437585.676,5750103.0,4943.353,2.519863,,,,,,
1780437585.677,5750128.0,4944.584,2.51993,,,,,,
1780437585.678,5750153.0,4971.382,2.519705,,,,,,
1780437585.679,5750178.0,4995.042,2.519551,,,,,,
1780437585.756,5750203.0,5001.503,2.519643,,,,,,
1780437585.757,5750228.0,4986.326,2.51951,,,,,,
1780437585.759,5750253.0,4954.65,2.519667,,,,,,
1780437585.837,5750278.0,4938.591,2.519925,,,,,,
1780437585.839,5750303.0,4944.349,2.519879,,,,,,
1780437585.840,5750328.0,4979.621,2.519818,,,,,,
1780437585.908,5750353.0,5008.45,2.519634,,,,,,
1780437585.910,5750378.0,4996.127,2.519681,,,,,,
1780437585.911,5750403.0,4980.947,2.519785,,,,,,
1780437585.990,5750428.0,4950.064,2.520272,,,,,,
1780437585.991,5750453.0,4944.802,2.520411,,,,,,
1780437585.993,5750478.0,4961.852,2.520408,,,,,,
1780437586.093,5750503.0,4988.185,2.520197,,,,,,
1780437586.094,5750528.0,4995.671,2.520279,,,,,,
1780437586.095,5750553.0,4991.584,2.520424,,,,,,
1780437586.096,5750578.0,4963.3,2.520668,,,,,,
1780437586.182,5750603.0,4942.527,2.521044,,,,,,
1780437586.183,5750628.0,4932.169,2.521253,,,,,,
1780437586.184,5750653.0,4938.344,2.521402,,,,,,
1780437586.186,5750678.0,4961.264,2.521536,,,,,,
1780437586.254,5750703.0,4963.088,2.521733,,,,,,
1780437586.255,5750728.0,4948.754,2.521961,,,,,,
1780437586.256,5750753.0,4915.329,2.522426,,,,,,
1780437586.343,5750778.0,4898.514,2.522736,,,,,,
1780437586.343,5750803.0,4905.444,2.522904,,,,,,
1780437586.344,5750828.0,4931.715,2.522611,,,,,,
1780437586.424,5750853.0,4947.444,2.522796,,,,,,
1780437586.425,5750878.0,4943.96,2.523107,,,,,,
1780437586.426,5750903.0,4920.592,2.523497,,,,,,
1780437586.427,5750928.0,4888.688,2.524078,,,,,,
1780437586.493,5750953.0,4874.655,2.52448,,,,,,
1780437586.494,5750978.0,4875.751,2.524864,,,,,,
1780437586.554,5751003.0,4912.33,2.525058,,,,,,
1780437586.555,5751028.0,4930.968,2.525211,,,,,,
1780437586.556,5751053.0,4924.192,2.525378,,,,,,
1780437586.622,5751078.0,4898.026,2.525733,,,,,,
1780437586.623,5751103.0,4872.02,2.526166,,,,,,
1780437586.708,5751128.0,4864.384,2.526546,,,,,,
1780437586.710,5751153.0,4892.623,2.52631,,,,,,
1780437586.711,5751178.0,4911.483,2.526409,,,,,,
1780437586.712,5751203.0,4912.335,2.526592,,,,,,
1780437586.805,5751228.0,4898.746,2.526629,,,,,,
1780437586.807,5751253.0,4875.525,2.527034,,,,,,
1780437586.808,5751278.0,4866.525,2.527177,,,,,,
1780437586.809,5751303.0,4879.391,2.527047,,,,,,
1780437586.891,5751328.0,4904.954,2.526834,,,,,,
1780437586.892,5751353.0,4929.413,2.526923,,,,,,
1780437586.893,5751378.0,4937.093,2.52668,,,,,,
1780437586.975,5751403.0,4918.444,2.526709,,,,,,
1780437586.977,5751428.0,4889.454,2.526852,,,,,,
1780437586.978,5751453.0,4875.23,2.527098,,,,,,
1780437586.979,5751478.0,4893.676,2.526962,,,,,,
1780437587.073,5751503.0,4921.344,2.526808,,,,,,
1780437587.074,5751528.0,4929.433,2.526526,,,,,,
1780437587.075,5751553.0,4925.274,2.526324,,,,,,
1780437587.076,5751578.0,4900.364,2.526367,,,,,,
1780437587.137,5751603.0,4882.542,2.526435,,,,,,
1780437587.137,5751628.0,4888.101,2.526182,,,,,,
1780437587.187,5751653.0,4899.857,2.525822,,,,,,
1780437587.187,5751678.0,4929.139,2.52542,,,,,,
1780437587.249,5751703.0,4946.243,2.525222,,,,,,
1780437587.249,5751728.0,4930.172,2.524999,,,,,,
1780437587.303,5751753.0,4906.793,2.524828,,,,,,
1780437587.304,5751778.0,4881.005,2.525031,,,,,,
1780437587.304,5751803.0,4886.831,2.52467,,,,,,
1780437587.376,5751828.0,4915.624,2.524124,,,,,,
1780437587.377,5751853.0,4931.518,2.52386,,,,,,
1780437587.378,5751878.0,4931.493,2.523488,,,,,,
1780437587.443,5751903.0,4913.152,2.523416,,,,,,
1780437587.444,5751928.0,4890.117,2.523522,,,,,,
1780437587.503,5751953.0,4882.0,2.523437,,,,,,
1780437587.504,5751978.0,4889.596,2.523058,,,,,,
1780437587.504,5752003.0,4905.817,2.522871,,,,,,
1780437587.571,5752028.0,4919.467,2.522664,,,,,,
1780437587.572,5752053.0,4902.812,2.52245,,,,,,
1780437587.635,5752078.0,4879.614,2.522422,,,,,,
1780437587.636,5752103.0,4852.762,2.522521,,,,,,
1780437587.636,5752128.0,4850.005,2.522246,,,,,,
1780437587.700,5752153.0,4872.53,2.52189,,,,,,
1780437587.702,5752178.0,4894.713,2.521729,,,,,,
1780437587.703,5752203.0,4897.146,2.521562,,,,,,
1780437587.772,5752228.0,4882.415,2.521283,,,,,,
1780437587.772,5752253.0,4850.893,2.521312,,,,,,
1780437587.836,5752278.0,4834.622,2.521556,,,,,,
1780437587.836,5752303.0,4839.865,2.521424,,,,,,
1780437587.837,5752328.0,4850.638,2.521146,,,,,,
1780437587.886,5752353.0,4880.808,2.521081,,,,,,
1780437587.887,5752378.0,4888.048,2.521006,,,,,,
1780437587.953,5752403.0,4875.9,2.521041,,,,,,
1780437587.954,5752428.0,4850.183,2.521185,,,,,,
1780437587.955,5752453.0,4836.366,2.521436,,,,,,
1780437588.022,5752478.0,4844.784,2.521382,,,,,,
1780437588.023,5752503.0,4870.483,2.52121,,,,,,
1780437588.070,5752528.0,4872.063,2.521114,,,,,,
1780437588.070,5752553.0,4864.398,2.521091,,,,,,
1780437588.128,5752578.0,4843.605,2.521265,,,,,,
1780437588.129,5752603.0,4824.975,2.521543,,,,,,
1780437588.129,5752628.0,4829.647,2.52162,,,,,,
1780437588.207,5752653.0,4846.522,2.521497,,,,,,
1780437588.209,5752678.0,4879.484,2.521474,,,,,,
1780437588.210,5752703.0,4885.627,2.521411,,,,,,
1780437588.287,5752728.0,4873.604,2.521286,,,,,,
1780437588.288,5752753.0,4850.35,2.521591,,,,,,
1780437588.289,5752778.0,4837.221,2.521856,,,,,,
1780437588.373,5752803.0,4844.431,2.521764,,,,,,
1780437588.374,5752828.0,4875.659,2.521614,,,,,,
1780437588.375,5752853.0,4893.731,2.521661,,,,,,
1780437588.375,5752878.0,4897.431,2.52165,,,,,,
1780437588.446,5752903.0,4877.862,2.521533,,,,,,
1780437588.448,5752928.0,4848.784,2.521895,,,,,,
1780437588.526,5752953.0,4843.186,2.522041,,,,,,
1780437588.527,5752978.0,4843.556,2.522032,,,,,,
1780437588.528,5753003.0,4853.909,2.52198,,,,,,
1780437588.529,5753028.0,4867.568,2.521887,,,,,,
1780437588.586,5753053.0,4872.153,2.521934,,,,,,
1780437588.587,5753078.0,4864.125,2.521883,,,,,,
1780437588.637,5753103.0,4846.267,2.52204,,,,,,
1780437588.637,5753128.0,4847.352,2.522026,,,,,,
1780437588.705,5753153.0,4884.708,2.521638,,,,,,
1780437588.706,5753178.0,4908.342,2.521452,,,,,,
1780437588.707,5753203.0,4911.283,2.521349,,,,,,
1780437588.771,5753228.0,4903.535,2.521223,,,,,,
1780437588.772,5753253.0,4875.912,2.521214,,,,,,
1780437588.856,5753278.0,4861.792,2.521457,,,,,,
1780437588.856,5753303.0,4867.022,2.521581,,,,,,
1780437588.857,5753328.0,4888.808,2.521449,,,,,,
1780437588.858,5753353.0,4908.422,2.521399,,,,,,
1780437588.903,5753378.0,4899.434,2.521046,,,,,,
1780437588.903,5753403.0,4883.971,2.521029,,,,,,
1780437588.954,5753428.0,4854.172,2.521182,,,,,,
1780437588.955,5753453.0,4842.833,2.521122,,,,,,
1780437589.019,5753478.0,4859.687,2.520918,,,,,,
1780437589.020,5753503.0,4887.139,2.520639,,,,,,
1780437589.091,5753528.0,4888.154,2.520758,,,,,,
1780437589.092,5753553.0,4884.307,2.520572,,,,,,
1780437589.093,5753578.0,4859.722,2.520641,,,,,,
1780437589.173,5753603.0,4844.369,2.520631,,,,,,
1780437589.174,5753628.0,4847.264,2.520578,,,,,,
1780437589.176,5753653.0,4858.752,2.520378,,,,,,
1780437589.177,5753678.0,4867.271,2.520374,,,,,,
1780437589.257,5753703.0,4866.565,2.520385,,,,,,
1780437589.259,5753728.0,4857.311,2.520346,,,,,,
1780437589.260,5753753.0,4827.703,2.520594,,,,,,
1780437589.342,5753778.0,4803.468,2.521106,,,,,,
1780437589.343,5753803.0,4808.465,2.521196,,,,,,
1780437589.345,5753828.0,4837.747,2.521017,,,,,,
1780437589.421,5753853.0,4853.645,2.521029,,,,,,
1780437589.422,5753878.0,4858.774,2.521371,,,,,,
1780437589.423,5753903.0,4845.966,2.521486,,,,,,
1780437589.487,5753928.0,4822.621,2.521647,,,,,,
1780437589.488,5753953.0,4813.085,2.522003,,,,,,
1780437589.488,5753978.0,4819.79,2.522333,,,,,,
1780437589.555,5754003.0,4845.01,2.522952,,,,,,
1780437589.557,5754028.0,4855.741,2.523475,,,,,,
1780437589.558,5754053.0,4845.589,2.52407,,,,,,
1780437589.620,5754078.0,4820.253,2.52471,,,,,,
1780437589.621,5754103.0,4792.625,2.525526,,,,,,
1780437589.673,5754128.0,4787.411,2.526182,,,,,,
1780437589.674,5754153.0,4823.625,2.526214,,,,,,
1780437589.737,5754178.0,4849.428,2.526487,,,,,,
1780437589.737,5754203.0,4852.338,2.527283,,,,,,
1780437589.738,5754228.0,4843.865,2.528213,,,,,,
1780437589.803,5754253.0,4821.736,2.529145,,,,,,
1780437589.804,5754278.0,4806.091,2.530156,,,,,,
1780437589.805,5754303.0,4809.015,2.530747,,,,,,
1780437589.870,5754328.0,4819.258,2.531389,,,,,,
1780437589.871,5754353.0,4834.984,2.532196,,,,,,
1780437589.937,5754378.0,4826.536,2.5329,,,,,,
1780437589.938,5754403.0,4810.161,2.533638,,,,,,
1780437589.938,5754428.0,4780.906,2.53461,,,,,,
1780437590.003,5754453.0,4767.625,2.535556,,,,,,
1780437590.003,5754478.0,4784.021,2.535817,,,,,,
1780437590.004,5754503.0,4810.069,2.535867,,,,,,
1780437590.073,5754528.0,4810.053,2.536512,,,,,,
1780437590.074,5754553.0,4808.646,2.537048,,,,,,
1780437590.076,5754578.0,4792.792,2.537691,,,,,,
1780437590.159,5754603.0,4779.746,2.538221,,,,,,
1780437590.160,5754628.0,4785.084,2.538292,,,,,,
1780437590.162,5754653.0,4797.469,2.538152,,,,,,
1780437590.237,5754678.0,4824.509,2.537957,,,,,,
1780437590.238,5754703.0,4831.713,2.538005,,,,,,
1780437590.240,5754728.0,4819.389,2.538003,,,,,,
1780437590.323,5754753.0,4791.853,2.538246,,,,,,
1780437590.324,5754778.0,4770.111,2.538596,,,,,,
1780437590.325,5754803.0,4775.021,2.538455,,,,,,
1780437590.326,5754828.0,4805.812,2.537842,,,,,,
1780437590.412,5754853.0,4821.647,2.537213,,,,,,
1780437590.413,5754878.0,4825.537,2.536749,,,,,,
1780437590.413,5754903.0,4817.878,2.536216,,,,,,
1780437590.489,5754928.0,4802.236,2.535819,,,,,,
1780437590.491,5754953.0,4798.087,2.53531,,,,,,
1780437590.492,5754978.0,4806.1,2.534482,,,,,,
1780437590.571,5755003.0,4832.576,2.533723,,,,,,
1780437590.572,5755028.0,4849.622,2.532859,,,,,,
1780437590.572,5755053.0,4839.437,2.531951,,,,,,
1780437590.658,5755078.0,4819.341,2.531346,,,,,,
1780437590.659,5755103.0,4791.452,2.531057,,,,,,
1780437590.661,5755128.0,4785.381,2.530702,,,,,,
1780437590.662,5755153.0,4817.76,2.529636,,,,,,
1780437590.758,5755178.0,4842.673,2.528876,,,,,,
1780437590.759,5755203.0,4844.442,2.528075,,,,,,
1780437590.761,5755228.0,4837.033,2.527307,,,,,,
1780437590.762,5755253.0,4817.513,2.526824,,,,,,
1780437590.820,5755278.0,4816.93,2.526386,,,,,,
1780437590.821,5755303.0,4826.495,2.525908,,,,,,
1780437590.886,5755328.0,4848.279,2.525279,,,,,,
1780437590.888,5755353.0,4875.293,2.524617,,,,,,
1780437590.888,5755378.0,4868.955,2.524013,,,,,,
1780437590.955,5755403.0,4855.518,2.52349,,,,,,
1780437590.956,5755428.0,4828.04,2.523395,,,,,,
1780437590.956,5755453.0,4815.613,2.523221,,,,,,
1780437591.041,5755478.0,4834.911,2.522613,,,,,,
1780437591.042,5755503.0,4865.126,2.522098,,,,,,
1780437591.043,5755528.0,4870.326,2.521899,,,,,,
1780437591.106,5755553.0,4869.79,2.52172,,,,,,
1780437591.107,5755578.0,4856.907,2.52162,,,,,,
1780437591.108,5755603.0,4855.032,2.521546,,,,,,
1780437591.171,5755628.0,4875.139,2.52132,,,,,,
1780437591.173,5755653.0,4898.804,2.521031,,,,,,
1780437591.252,5755678.0,4937.654,2.520926,,,,,,
1780437591.252,5755703.0,4935.354,2.520665,,,,,,
1780437591.355,5755728.0,4928.141,2.52061,0.007973,61.040264,5754587.5,1.754121,,
1780437591.364,5755850.0,4921.611,2.520723,,,,,,
1780437591.486,5755875.0,4902.946,2.521081,,,,,,
1780437591.487,5755900.0,4863.959,2.521034,,,,,,
1780437591.488,5755925.0,4869.604,2.52105,,,,,,
1780437591.489,5755950.0,4882.104,2.521175,,,,,,
1780437591.490,5755975.0,4903.492,2.520945,,,,,,
1780437591.573,5756000.0,4900.448,2.520922,,,,,,
1780437591.575,5756025.0,4887.231,2.521094,,,,,,
1780437591.576,5756050.0,4851.169,2.521118,,,,,,
1780437591.577,5756075.0,4828.989,2.52107,,,,,,
1780437591.658,5756100.0,4840.724,2.521143,,,,,,
1780437591.659,5756125.0,4865.775,2.521041,,,,,,
1780437591.661,5756150.0,4898.654,2.52082,,,,,,
1780437591.755,5756175.0,4908.437,2.520665,,,,,,
1780437591.756,5756200.0,4876.11,2.521085,,,,,,
1780437591.758,5756225.0,4842.525,2.52123,,,,,,
1780437591.759,5756250.0,4837.778,2.521129,,,,,,
1780437591.839,5756275.0,4844.002,2.521067,,,,,,
1780437591.840,5756300.0,4863.947,2.520959,,,,,,
1780437591.841,5756325.0,4862.812,2.520999,,,,,,
1780437591.939,5756350.0,4842.472,2.521182,,,,,,
1780437591.941,5756375.0,4814.301,2.52138,,,,,,
1780437591.942,5756400.0,4779.125,2.52146,,,,,,
1780437591.943,5756425.0,4783.714,2.521482,,,,,,
1780437592.026,5756450.0,4798.805,2.521508,,,,,,
1780437592.026,5756475.0,4813.549,2.521201,,,,,,
1780437592.027,5756500.0,4831.642,2.520927,,,,,,
1780437592.027,5756525.0,4851.176,2.520933,,,,,,
1780437592.105,5756550.0,4849.388,2.520847,,,,,,
1780437592.106,5756575.0,4834.759,2.520772,,,,,,
1780437592.108,5756600.0,4817.171,2.520961,,,,,,
1780437592.189,5756625.0,4818.48,2.520988,,,,,,
1780437592.191,5756650.0,4824.157,2.520915,,,,,,
1780437592.191,5756675.0,4850.657,2.52099,,,,,,
1780437592.270,5756700.0,4859.97,2.521006,,,,,,
1780437592.271,5756725.0,4851.244,2.521039,,,,,,
1780437592.272,5756750.0,4825.205,2.521266,,,,,,
1780437592.272,5756775.0,4801.248,2.521551,,,,,,
1780437592.358,5756800.0,4801.015,2.521641,,,,,,
1780437592.360,5756825.0,4834.736,2.521361,,,,,,
1780437592.361,5756850.0,4857.482,2.521356,,,,,,
1780437592.436,5756875.0,4860.045,2.521778,,,,,,
1780437592.437,5756900.0,4850.225,2.522192,,,,,,
1780437592.437,5756925.0,4834.247,2.522573,,,,,,
1780437592.519,5756950.0,4841.156,2.52284,,,,,,
1780437592.520,5756975.0,4853.653,2.522962,,,,,,
1780437592.520,5757000.0,4871.881,2.523208,,,,,,
1780437592.603,5757025.0,4895.729,2.52348,,,,,,
1780437592.603,5757050.0,4883.064,2.524033,,,,,,
1780437592.604,5757075.0,4868.158,2.524571,,,,,,
1780437592.604,5757100.0,4837.372,2.525547,,,,,,
1780437592.670,5757125.0,4823.722,2.526226,,,,,,
1780437592.671,5757150.0,4847.115,2.526768,,,,,,
1780437592.737,5757175.0,4869.677,2.527434,,,,,,
1780437592.737,5757200.0,4869.836,2.528645,,,,,,
1780437592.738,5757225.0,4861.666,2.529971,,,,,,
1780437592.802,5757250.0,4840.244,2.531279,,,,,,
1780437592.802,5757275.0,4843.042,2.532192,,,,,,
1780437592.803,5757300.0,4866.958,2.532657,,,,,,
1780437592.872,5757325.0,4896.386,2.533312,,,,,,
1780437592.873,5757350.0,4928.088,2.534048,,,,,,
1780437592.874,5757375.0,4915.019,2.53552,,,,,,
1780437592.955,5757400.0,4900.34,2.536887,,,,,,
1780437592.955,5757425.0,4868.948,2.538558,,,,,,
1780437592.956,5757450.0,4847.903,2.540074,,,,,,
1780437593.040,5757475.0,4854.901,2.541131,,,,,,
1780437593.041,5757500.0,4881.906,2.541694,,,,,,
1780437593.042,5757525.0,4888.568,2.542743,,,,,,
1780437593.120,5757550.0,4884.439,2.544062,,,,,,
1780437593.121,5757575.0,4858.094,2.545517,,,,,,
1780437593.123,5757600.0,4843.908,2.546825,,,,,,
1780437593.124,5757625.0,4850.621,2.547479,,,,,,
1780437593.226,5757650.0,4867.085,2.548123,,,,,,
1780437593.227,5757675.0,4906.821,2.548598,,,,,,
1780437593.228,5757700.0,4907.725,2.549528,,,,,,
1780437593.229,5757725.0,4901.776,2.550138,,,,,,
1780437593.318,5757750.0,4876.018,2.551176,,,,,,
1780437593.320,5757775.0,4851.89,2.552076,,,,,,
1780437593.321,5757800.0,4851.939,2.552457,,,,,,
1780437593.387,5757825.0,4883.919,2.552056,,,,,,
1780437593.388,5757850.0,4904.963,2.551678,,,,,,
1780437593.389,5757875.0,4906.232,2.551449,,,,,,
1780437593.470,5757900.0,4879.136,2.551554,,,,,,
1780437593.472,5757925.0,4841.42,2.551965,,,,,,
1780437593.473,5757950.0,4817.389,2.552098,,,,,,
1780437593.473,5757975.0,4809.763,2.551828,,,,,,
1780437593.554,5758000.0,4841.535,2.55082,,,,,,
1780437593.555,5758025.0,4855.179,2.549848,,,,,,
1780437593.555,5758050.0,4845.791,2.548644,,,,,,
1780437593.623,5758075.0,4827.058,2.547816,,,,,,
1780437593.625,5758100.0,4800.81,2.547342,,,,,,
1780437593.626,5758125.0,4794.866,2.546678,,,,,,
1780437593.725,5758150.0,4822.438,2.545266,,,,,,
1780437593.727,5758175.0,4850.595,2.543674,,,,,,
1780437593.728,5758200.0,4851.642,2.542128,,,,,,
1780437593.729,5758225.0,4836.244,2.540778,,,,,,
1780437593.839,5758250.0,4802.681,2.540099,,,,,,
1780437593.840,5758275.0,4775.155,2.539259,,,,,,
1780437593.841,5758300.0,4765.521,2.538296,,,,,,
1780437593.842,5758325.0,4781.319,2.536794,,,,,,
1780437593.935,5758350.0,4797.642,2.535325,,,,,,
1780437593.936,5758375.0,4796.939,2.533703,,,,,,
1780437593.936,5758400.0,4785.579,2.532292,,,,,,
1780437593.936,5758425.0,4758.44,2.531317,,,,,,
1780437594.002,5758450.0,4744.737,2.530436,,,,,,
1780437594.002,5758475.0,4758.248,2.529409,,,,,,
1780437594.003,5758500.0,4791.151,2.528117,,,,,,
1780437594.090,5758525.0,4800.859,2.527215,,,,,,
1780437594.091,5758550.0,4799.45,2.526478,,,,,,
1780437594.208,5758575.0,4785.196,2.525753,0.017728,117.518112,5758497.5,3.900236,,
1780437594.210,5758696.0,4772.963,2.52522,,,,,,
1780437594.318,5758721.0,4747.092,2.524599,,,,,,
1780437594.318,5758746.0,4733.354,2.524088,,,,,,
1780437594.318,5758771.0,4748.51,2.52373,,,,,,
1780437594.319,5758796.0,4773.007,2.523278,,,,,,
1780437594.319,5758821.0,4793.955,2.522575,,,,,,
1780437594.406,5758846.0,4792.388,2.522249,,,,,,
1780437594.407,5758871.0,4757.897,2.522328,,,,,,
1780437594.408,5758896.0,4722.505,2.522247,,,,,,
1780437594.502,5758921.0,4721.542,2.522108,,,,,,
1780437594.503,5758946.0,4734.916,2.522141,,,,,,
1780437594.504,5758971.0,4758.485,2.521827,,,,,,
1780437594.504,5758996.0,4771.505,2.521669,,,,,,
1780437594.586,5759021.0,4764.89,2.521585,,,,,,
1780437594.587,5759046.0,4735.048,2.521401,,,,,,
1780437594.587,5759071.0,4717.96,2.52139,,,,,,
1780437594.674,5759096.0,4725.188,2.521412,,,,,,
1780437594.676,5759121.0,4731.023,2.521464,,,,,,
1780437594.677,5759146.0,4749.577,2.521349,,,,,,
1780437594.678,5759171.0,4749.915,2.521351,,,,,,
1780437594.771,5759196.0,4725.923,2.521418,,,,,,
1780437594.772,5759221.0,4690.644,2.521711,,,,,,
1780437594.773,5759246.0,4684.54,2.521618,,,,,,
1780437594.774,5759271.0,4683.753,2.521411,,,,,,
1780437594.887,5759296.0,4686.095,2.521405,,,,,,
1780437594.888,5759321.0,4702.833,2.521407,,,,,,
1780437594.890,5759346.0,4729.88,2.521448,,,,,,
1780437594.891,5759371.0,4745.609,2.521458,,,,,,
1780437594.972,5759396.0,4736.453,2.521404,,,,,,
1780437594.973,5759421.0,4716.676,2.521321,,,,,,
1780437594.973,5759446.0,4706.894,2.521508,,,,,,
1780437594.974,5759471.0,4718.375,2.521387,,,,,,
1780437595.055,5759496.0,4754.334,2.521017,,,,,,
1780437595.056,5759521.0,4797.814,2.520831,,,,,,
1780437595.057,5759546.0,4809.628,2.520806,,,,,,
1780437595.120,5759571.0,4790.824,2.520698,,,,,,
1780437595.121,5759596.0,4770.984,2.520991,,,,,,
1780437595.122,5759621.0,4760.689,2.52114,,,,,,
1780437595.189,5759646.0,4765.347,2.521185,,,,,,
1780437595.190,5759671.0,4790.374,2.521384,,,,,,
1780437595.272,5759696.0,4800.895,2.521573,,,,,,
1780437595.273,5759721.0,4783.892,2.521429,,,,,,
1780437595.274,5759746.0,4781.366,2.521376,,,,,,
1780437595.275,5759771.0,4769.078,2.521526,,,,,,
1780437595.352,5759796.0,4775.313,2.521519,,,,,,
1780437595.353,5759821.0,4800.735,2.52131,,,,,,
1780437595.353,5759846.0,4827.272,2.521152,,,,,,
1780437595.438,5759871.0,4827.214,2.521301,,,,,,
1780437595.439,5759896.0,4821.354,2.521269,,,,,,
1780437595.440,5759921.0,4820.176,2.521338,,,,,,
1780437595.539,5759946.0,4809.155,2.521349,,,,,,
1780437595.541,5759971.0,4812.061,2.521423,,,,,,
1780437595.542,5759996.0,4817.328,2.521499,,,,,,
1780437595.543,5760021.0,4834.964,2.521667,,,,,,
1780437595.544,5760046.0,4822.946,2.521605,,,,,,
1780437595.638,5760071.0,4806.156,2.521722,,,,,,
1780437595.640,5760096.0,4774.063,2.522059,,,,,,
1780437595.641,5760121.0,4760.662,2.522369,,,,,,
1780437595.738,5760146.0,4758.82,2.522398,,,,,,
1780437595.739,5760171.0,4779.308,2.52235,,,,,,
1780437595.740,5760196.0,4784.369,2.522565,,,,,,
1780437595.741,5760221.0,4782.408,2.52293,,,,,,
1780437595.836,5760246.0,4770.476,2.523388,,,,,,
1780437595.837,5760271.0,4762.0,2.524152,,,,,,
1780437595.838,5760296.0,4774.386,2.525069,,,,,,
1780437595.839,5760321.0,4791.73,2.525909,,,,,,
1780437595.952,5760346.0,4827.429,2.527481,,,,,,
1780437595.952,5760371.0,4836.305,2.528966,,,,,,
1780437595.953,5760396.0,4832.389,2.53046,,,,,,
1780437595.953,5760421.0,4812.579,2.532005,,,,,,
1780437595.954,5760446.0,4798.736,2.533548,,,,,,
1780437596.053,5760471.0,4811.25,2.534539,,,,,,
1780437596.054,5760496.0,4852.276,2.535474,,,,,,
1780437596.055,5760521.0,4884.423,2.537193,,,,,,
1780437596.055,5760546.0,4908.998,2.539413,,,,,,
1780437596.137,5760571.0,4916.143,2.541941,,,,,,
1780437596.139,5760596.0,4922.672,2.544376,,,,,,
1780437596.140,5760621.0,4949.251,2.546471,,,,,,
1780437596.240,5760646.0,4986.456,2.548407,,,,,,
1780437596.241,5760671.0,5046.456,2.550777,,,,,,
1780437596.243,5760696.0,5093.246,2.553318,,,,,,
1780437596.244,5760721.0,5125.293,2.556379,,,,,,
1780437596.245,5760746.0,5141.04,2.559253,,,,,,
1780437596.343,5760771.0,5151.534,2.562079,,,,,,
1780437596.345,5760796.0,5175.972,2.563999,,,,,,
1780437596.346,5760821.0,5236.835,2.565427,,,,,,
1780437596.347,5760846.0,5296.844,2.566601,,,,,,
1780437596.441,5760871.0,5357.1,2.568797,,,,,,
1780437596.442,5760896.0,5407.967,2.570775,,,,,,
1780437596.444,5760921.0,5442.719,2.5726,,,,,,
1780437596.445,5760946.0,5485.827,2.573814,,,,,,
1780437596.539,5760971.0,5540.948,2.573924,,,,,,
1780437596.541,5760996.0,5608.35,2.574089,,,,,,
1780437596.542,5761021.0,5681.054,2.574135,,,,,,
1780437596.639,5761046.0,5743.906,2.575188,,,,,,
1780437596.641,5761071.0,5791.981,2.576285,,,,,,
1780437596.643,5761096.0,5826.534,2.577636,,,,,,
1780437596.644,5761121.0,5861.688,2.578117,,,,,,
1780437596.645,5761146.0,5913.362,2.57787,,,,,,
1780437596.740,5761171.0,5960.983,2.577451,,,,,,
1780437596.741,5761196.0,6014.592,2.576646,,,,,,
1780437596.742,5761221.0,6052.051,2.576626,,,,,,
1780437596.856,5761246.0,6072.241,2.577055,,,,,,
1780437596.857,5761271.0,6094.592,2.57701,,,,,,
1780437596.857,5761296.0,6122.682,2.576356,,,,,,
1780437596.858,5761321.0,6155.42,2.575037,,,,,,
1780437596.858,5761346.0,6199.884,2.573241,,,,,,
1780437596.942,5761371.0,6238.208,2.57214,,,,,,
1780437596.944,5761396.0,6265.939,2.571733,,,,,,
1780437596.945,5761421.0,6284.623,2.57186,,,,,,
1780437596.946,5761446.0,6301.77,2.571744,,,,,,
1780437597.040,5761471.0,6319.944,2.57125,,,,,,
1780437597.042,5761496.0,6340.314,2.569912,,,,,,
1780437597.043,5761521.0,6354.287,2.569003,,,,,,
1780437597.044,5761546.0,6368.308,2.568218,,,,,,
1780437597.136,5761571.0,6372.227,2.568012,,,,,,
1780437597.137,5761596.0,6370.079,2.568255,,,,,,
1780437597.138,5761621.0,6372.561,2.568031,,,,,,
1780437597.241,5761646.0,6377.841,2.567605,,,,,,
1780437597.242,5761671.0,6389.624,2.566423,,,,,,
1780437597.243,5761696.0,6399.104,2.565543,,,,,,
1780437597.245,5761721.0,6401.475,2.565502,,,,,,
1780437597.245,5761746.0,6401.236,2.565882,,,,,,
1780437597.340,5761771.0,6401.178,2.566193,,,,,,
1780437597.342,5761796.0,6408.931,2.565543,,,,,,
1780437597.343,5761821.0,6416.683,2.564752,,,,,,
1780437597.344,5761846.0,6430.617,2.563457,,,,,,
1780437597.440,5761871.0,6437.209,2.562943,,,,,,
1780437597.442,5761896.0,6434.373,2.563308,,,,,,
1780437597.443,5761921.0,6427.286,2.563997,,,,,,
1780437597.444,5761946.0,6426.03,2.564331,,,,,,
1780437597.538,5761971.0,6428.674,2.564047,,,,,,
1780437597.539,5761996.0,6433.666,2.563446,,,,,,
1780437597.539,5762021.0,6442.217,2.562499,,,,,,
1780437597.622,5762046.0,6442.118,2.562537,,,,,,
1780437597.624,5762071.0,6440.73,2.562922,,,,,,
1780437597.625,5762096.0,6438.554,2.563463,,,,,,
1780437597.626,5762121.0,6439.957,2.563507,,,,,,
1780437597.720,5762146.0,6448.494,2.562852,,,,,,
1780437597.722,5762171.0,6457.051,2.562188,,,,,,
1780437597.724,5762196.0,6463.844,2.56176,,,,,,
1780437597.725,5762221.0,6462.71,2.562192,,,,,,
1780437597.824,5762246.0,6457.103,2.563033,,,,,,
1780437597.825,5762271.0,6454.194,2.563564,,,,,,
1780437597.827,5762296.0,6455.918,2.563342,,,,,,
1780437597.828,5762321.0,6460.826,2.562774,,,,,,
1780437597.918,5762346.0,6469.294,2.561716,,,,,,
1780437597.919,5762371.0,6471.669,2.561677,,,,,,
1780437597.920,5762396.0,6472.892,2.561935,,,,,,
1780437597.920,5762421.0,6471.381,2.562656,,,,,,
1780437598.020,5762446.0,6468.521,2.563602,,,,,,
1780437598.021,5762471.0,6467.67,2.564361,,,,,,
1780437598.022,5762496.0,6474.608,2.56431,,,,,,
1780437598.023,5762521.0,6483.739,2.563853,,,,,,
1780437598.106,5762546.0,6492.364,2.563445,,,,,,
1780437598.107,5762571.0,6494.495,2.563645,,,,,,
1780437598.109,5762596.0,6492.119,2.564406,,,,,,
1780437598.205,5762621.0,6488.746,2.565113,,,,,,
1780437598.206,5762646.0,6485.253,2.56572,,,,,,
1780437598.208,5762671.0,6488.959,2.565607,,,,,,
1780437598.209,5762696.0,6491.095,2.56566,,,,,,
1780437598.290,5762721.0,6491.69,2.565868,,,,,,
1780437598.292,5762746.0,6489.871,2.566272,,,,,,
1780437598.294,5762771.0,6486.255,2.567071,,,,,,
1780437598.295,5762796.0,6483.046,2.567715,,,,,,
1780437598.387,5762821.0,6482.693,2.56814,,,,,,
1780437598.388,5762846.0,6489.064,2.567874,,,,,,
1780437598.389,5762871.0,6494.811,2.56756,,,,,,
1780437598.473,5762896.0,6495.712,2.56765,,,,,,
1780437598.474,5762921.0,6492.26,2.568532,,,,,,
1780437598.475,5762946.0,6486.947,2.569542,,,,,,
1780437598.476,5762971.0,6482.538,2.570354,,,,,,
1780437598.569,5762996.0,6483.228,2.57038,,,,,,
1780437598.571,5763021.0,6482.984,2.570328,,,,,,
1780437598.572,5763046.0,6482.984,2.570328,,,,,,
1780437598.572,5763071.0,6482.953,2.57034,,,,,,
1780437598.654,5763096.0,6482.83,2.570242,,,,,,
1780437598.655,5763121.0,6482.953,2.57005,,,,,,
1780437598.655,5763146.0,6482.953,2.57005,,,,,,
1780437598.737,5763171.0,6482.844,2.570092,,,,,,
1780437598.739,5763196.0,6482.734,2.570134,,,,,,
1780437598.740,5763221.0,6482.722,2.570138,,,,,,
1780437598.837,5763246.0,6482.729,2.570136,,,,,,
1780437598.838,5763271.0,6482.786,2.570114,,,,,,
1780437598.839,5763296.0,6482.684,2.570153,,,,,,
1780437598.840,5763321.0,6482.754,2.570126,,,,,,
1780437598.925,5763346.0,6482.716,2.570141,,,,,,
1780437598.927,5763371.0,6482.825,2.570244,,,,,,
1780437598.928,5763396.0,6482.786,2.570259,,,,,,
1780437598.929,5763421.0,6482.748,2.570273,,,,,,
1780437599.024,5763446.0,6482.69,2.570295,,,,,,
1780437599.026,5763471.0,6481.261,2.570551,,,,,,
1780437599.027,5763496.0,6480.035,2.570729,,,,,,
1780437599.028,5763521.0,6478.957,2.570995,,,,,,
1780437599.106,5763546.0,6477.879,2.571117,,,,,,
1780437599.107,5763571.0,6476.775,2.571249,,,,,,
1780437599.108,5763596.0,6475.67,2.571525,,,,,,
1780437599.203,5763621.0,6474.623,2.571635,,,,,,
1780437599.205,5763646.0,6473.39,2.571815,,,,,,
1780437599.206,5763671.0,6472.139,2.572003,,,,,,
1780437599.207,5763696.0,6470.958,2.572309,,,,,,
1780437599.288,5763721.0,6469.738,2.572629,,,,,,
1780437599.289,5763746.0,6468.57,2.573075,,,,,,
1780437599.290,5763771.0,6467.363,2.573246,,,,,,
1780437599.370,5763796.0,6466.373,2.573334,,,,,,
1780437599.371,5763821.0,6465.301,2.573597,,,,,,
1780437599.371,5763846.0,6464.197,2.573729,,,,,,
1780437599.372,5763871.0,6463.117,2.573851,,,,,,
1780437599.456,5763896.0,6461.853,2.574044,,,,,,
1780437599.458,5763921.0,6460.672,2.57435,,,,,,
1780437599.459,5763946.0,6459.599,2.574469,,,,,,
1780437599.556,5763971.0,6458.513,2.574594,,,,,,
1780437599.559,5763996.0,6457.326,2.574902,,,,,,
1780437599.560,5764021.0,6456.259,2.575164,,,,,,
1780437599.561,5764046.0,6455.033,2.575342,,,,,,
1780437599.671,5764071.0,6453.91,2.575481,,,,,,
1780437599.672,5764096.0,6454.121,2.575546,,,,,,
1780437599.672,5764121.0,6454.165,2.575528,,,,,,
1780437599.673,5764146.0,6454.279,2.575485,,,,,,
1780437599.674,5764171.0,6454.419,2.575432,,,,,,
1780437599.754,5764196.0,6454.375,2.575593,,,,,,
1780437599.755,5764221.0,6454.355,2.575456,,,,,,
1780437599.757,5764246.0,6454.279,2.575629,,,,,,
1780437599.852,5764271.0,6454.203,2.575659,,,,,,
1780437599.852,5764296.0,6454.343,2.575605,,,,,,
1780437599.852,5764321.0,6454.381,2.575446,,,,,,
1780437599.853,5764346.0,6454.342,2.575461,,,,,,
1780437599.941,5764371.0,6454.508,2.575253,,,,,,
1780437599.942,5764396.0,6454.636,2.575349,,,,,,
1780437599.943,5764421.0,6454.343,2.57546,,,,,,
1780437599.944,5764446.0,6454.343,2.575316,,,,,,
1780437600.021,5764471.0,6454.375,2.575303,,,,,,
1780437600.022,5764496.0,6454.299,2.575332,,,,,,
1780437600.023,5764521.0,6454.279,2.57534,,,,,,
1780437600.125,5764546.0,6454.368,2.575161,,,,,,
1780437600.126,5764571.0,6454.299,2.575187,,,,,,
1780437600.128,5764596.0,6454.216,2.575219,,,,,,
1780437600.129,5764621.0,6454.229,2.575214,,,,,,
1780437600.220,5764646.0,6454.196,2.575227,,,,,,
1780437600.222,5764671.0,6454.375,2.575304,,,,,,
1780437600.223,5764696.0,6454.381,2.575301,,,,,,
1780437600.224,5764721.0,6454.343,2.575171,,,,,,
1780437600.317,5764746.0,6454.388,2.575154,,,,,,
1780437600.317,5764771.0,6454.197,2.575371,,,,,,
1780437600.318,5764796.0,6454.248,2.575352,,,,,,
1780437600.318,5764821.0,6454.381,2.575301,,,,,,
1780437600.401,5764846.0,6454.438,2.57528,,,,,,
1780437600.402,5764871.0,6454.445,2.575277,,,,,,
1780437600.553,5764896.0,6454.578,2.575226,0.052222,286.303558,5764848.5,11.488741,,
1780437600.554,5765017.0,6454.444,2.575277,,,,,,
1780437600.554,5765042.0,6454.361,2.575309,,,,,,
1780437600.635,5765067.0,6454.5,2.575256,,,,,,
1780437600.635,5765092.0,6454.476,2.57541,,,,,,
1780437600.636,5765117.0,6454.33,2.575321,,,,,,
1780437600.701,5765142.0,6454.394,2.575297,,,,,,
1780437600.702,5765167.0,6454.534,2.575243,,,,,,
1780437600.702,5765192.0,6454.502,2.575255,,,,,,
1780437600.768,5765217.0,6454.406,2.575437,,,,,,
1780437600.769,5765242.0,6454.451,2.575419,,,,,,
1780437600.769,5765267.0,6454.514,2.57554,,,,,,
1780437600.834,5765292.0,6454.413,2.575578,,,,,,
1780437600.834,5765317.0,6454.343,2.57575,,,,,,
1780437600.916,5765342.0,6454.382,2.57559,,,,,,
1780437600.917,5765367.0,6454.387,2.575444,,,,,,
1780437600.917,5765392.0,6454.171,2.575381,,,,,,
1780437600.918,5765417.0,6454.12,2.575401,,,,,,
1780437601.003,5765442.0,6454.19,2.575519,,,,,,
1780437601.004,5765467.0,6454.031,2.575579,,,,,,
1780437601.004,5765492.0,6454.177,2.575379,,,,,,
1780437601.101,5765517.0,6454.228,2.57536,,,,,,
1780437601.101,5765542.0,6454.24,2.57521,,,,,,
1780437601.102,5765567.0,6454.158,2.575386,,,,,,
1780437601.102,5765592.0,6454.222,2.575217,,,,,,
1780437601.168,5765617.0,6454.216,2.575219,,,,,,
1780437601.168,5765642.0,6454.197,2.575372,,,,,,
1780437601.169,5765667.0,6454.159,2.575531,,,,,,
1780437601.234,5765692.0,6454.222,2.575651,,,,,,
1780437601.235,5765717.0,6454.28,2.57563,,,,,,
1780437601.300,5765742.0,6454.311,2.575763,,,,,,
1780437601.301,5765767.0,6454.47,2.575846,,,,,,
1780437601.301,5765792.0,6454.444,2.576001,,,,,,
1780437601.370,5765817.0,6454.286,2.576061,,,,,,
1780437601.371,5765842.0,6454.311,2.576052,,,,,,
1780437601.371,5765867.0,6454.299,2.576056,,,,,,
1780437601.435,5765892.0,6454.311,2.575907,,,,,,
1780437601.436,5765917.0,6454.388,2.576022,,,,,,
1780437601.517,5765942.0,6454.54,2.575964,,,,,,
1780437601.518,5765967.0,6454.47,2.575991,,,,,,
1780437601.518,5765992.0,6454.381,2.57617,,,,,,
1780437601.519,5766017.0,6454.413,2.576303,,,,,,
1780437601.586,5766042.0,6454.496,2.576416,,,,,,
1780437601.587,5766067.0,6454.54,2.576399,,,,,,
1780437601.652,5766092.0,6454.616,2.57637,,,,,,
1780437601.653,5766117.0,6454.47,2.576426,,,,,,
1780437601.654,5766142.0,6454.406,2.576595,,,,,,
1780437601.721,5766167.0,6454.355,2.576759,,,,,,
1780437601.722,5766192.0,6454.298,2.576636,,,,,,
1780437601.723,5766217.0,6454.235,2.57666,,,,,,
1780437601.802,5766242.0,6454.342,2.576619,,,,,,
1780437601.803,5766267.0,6454.387,2.576602,,,,,,
1780437601.803,5766292.0,6454.469,2.576426,,,,,,
1780437601.869,5766317.0,6454.462,2.576283,,,,,,
1780437601.870,5766342.0,6454.297,2.576347,,,,,,
1780437601.870,5766367.0,6454.298,2.576201,,,,,,
1780437601.953,5766392.0,6454.286,2.576061,,,,,,
1780437601.955,5766417.0,6454.0,2.576026,,,,,,
1780437601.956,5766442.0,6454.024,2.576016,,,,,,
1780437602.039,5766467.0,6454.076,2.575997,,,,,,
1780437602.041,5766492.0,6454.114,2.576127,,,,,,
1780437602.042,5766517.0,6453.917,2.576202,,,,,,
1780437602.043,5766542.0,6453.917,2.576057,,,,,,
1780437602.137,5766567.0,6453.931,2.575907,,,,,,
1780437602.139,5766592.0,6453.879,2.575927,,,,,,
1780437602.140,5766617.0,6453.899,2.575774,,,,,,
1780437602.141,5766642.0,6454.045,2.575718,,,,,,
1780437602.253,5766667.0,6454.115,2.575547,,,,,,
1780437602.255,5766692.0,6454.025,2.575582,,,,,,
1780437602.256,5766717.0,6454.025,2.575582,,,,,,
1780437602.257,5766742.0,6454.165,2.575528,,,,,,
1780437602.370,5766767.0,6454.101,2.575408,,,,,,
1780437602.371,5766792.0,6454.044,2.57543,,,,,,
1780437602.373,5766817.0,6454.058,2.575569,,,,,,
1780437602.375,5766842.0,6454.096,2.575555,,,,,,
1780437602.377,5766867.0,6453.879,2.575638,,,,,,
1780437602.469,5766892.0,6453.929,2.575619,,,,,,
1780437602.470,5766917.0,6453.987,2.575742,,,,,,
1780437602.470,5766942.0,6453.884,2.57578,,,,,,
1780437602.471,5766967.0,6453.871,2.575785,,,,,,
1780437602.567,5766992.0,6453.91,2.575915,,,,,,
1780437602.567,5767017.0,6453.993,2.576028,,,,,,
1780437602.568,5767042.0,6454.132,2.575975,,,,,,
1780437602.569,5767067.0,6454.17,2.575961,,,,,,
1780437602.683,5767092.0,6454.266,2.575924,,,,,,
1780437602.684,5767117.0,6454.311,2.575907,,,,,,
1780437602.685,5767142.0,6454.406,2.575871,,,,,,
1780437602.685,5767167.0,6454.388,2.575878,,,,,,
1780437602.767,5767192.0,6454.406,2.575871,,,,,,
1780437602.768,5767217.0,6454.431,2.576006,,,,,,
1780437602.768,5767242.0,6454.407,2.576015,,,,,,
1780437602.769,5767267.0,6454.426,2.575863,,,,,,
1780437602.865,5767292.0,6454.229,2.575938,,,,,,
1780437602.866,5767317.0,6454.159,2.57582,,,,,,
1780437602.867,5767342.0,6454.185,2.57581,,,,,,
1780437602.868,5767367.0,6454.146,2.575825,,,,,,
1780437602.950,5767392.0,6454.107,2.57584,,,,,,
1780437602.950,5767417.0,6454.127,2.575687,,,,,,
1780437602.951,5767442.0,6454.171,2.575526,,,,,,
1780437603.044,5767467.0,6454.127,2.575542,,,,,,
1780437603.046,5767492.0,6454.132,2.575685,,,,,,
1780437603.047,5767517.0,6454.075,2.575562,,,,,,
1780437603.048,5767542.0,6454.145,2.575391,,,,,,
1780437603.151,5767567.0,6454.119,2.575401,,,,,,
1780437603.153,5767592.0,6454.17,2.575237,,,,,,
1780437603.154,5767617.0,6454.337,2.575028,,,,,,
1780437603.155,5767642.0,6454.139,2.575104,,,,,,
1780437603.234,5767667.0,6454.152,2.575099,,,,,,
1780437603.236,5767692.0,6454.35,2.575023,,,,,,
1780437603.237,5767717.0,6454.228,2.57507,,,,,,
1780437603.316,5767742.0,6454.038,2.575143,,,,,,
1780437603.317,5767767.0,6454.095,2.575121,,,,,,
1780437603.317,5767792.0,6454.178,2.575089,,,,,,
1780437603.318,5767817.0,6453.968,2.575169,,,,,,
1780437603.383,5767842.0,6454.089,2.575123,,,,,,
1780437603.384,5767867.0,6454.178,2.575234,,,,,,
1780437603.450,5767892.0,6454.248,2.575207,,,,,,
1780437603.450,5767917.0,6454.35,2.575168,,,,,,
1780437603.451,5767942.0,6454.483,2.575263,,,,,,
1780437603.517,5767967.0,6454.591,2.575221,,,,,,
1780437603.518,5767992.0,6454.47,2.575267,,,,,,
1780437603.518,5768017.0,6454.54,2.575386,,,,,,
1780437603.584,5768042.0,6454.628,2.575352,,,,,,
1780437603.585,5768067.0,6454.729,2.575313,,,,,,
1780437603.649,5768092.0,6454.698,2.57547,,,,,,
1780437603.649,5768117.0,6454.864,2.575262,,,,,,
1780437603.650,5768142.0,6454.998,2.575356,,,,,,
1780437603.716,5768167.0,6454.935,2.575524,,,,,,
1780437603.716,5768192.0,6455.081,2.575469,,,,,,
1780437603.717,5768217.0,6455.188,2.575572,,,,,,
1780437603.784,5768242.0,6454.966,2.575802,,,,,,
1780437603.785,5768267.0,6455.029,2.575633,,,,,,
1780437603.865,5768292.0,6455.087,2.575611,,,,,,
1780437603.866,5768317.0,6454.928,2.575672,,,,,,
1780437603.867,5768342.0,6454.884,2.575543,,,,,,
1780437603.867,5768367.0,6454.966,2.575367,,,,,,
1780437603.934,5768392.0,6454.979,2.575507,,,,,,
1780437603.934,5768417.0,6454.909,2.575534,,,,,,
1780437603.999,5768442.0,6455.1,2.575461,,,,,,
1780437603.999,5768467.0,6455.119,2.575309,,,,,,
1780437604.000,5768492.0,6455.239,2.575263,,,,,,
1780437604.065,5768517.0,6455.042,2.575483,,,,,,
1780437604.065,5768542.0,6455.08,2.575613,,,,,,
1780437604.066,5768567.0,6455.125,2.575452,,,,,,
1780437604.134,5768592.0,6454.966,2.575512,,,,,,
1780437604.135,5768617.0,6455.08,2.575469,,,,,,
1780437604.236,5768642.0,6455.143,2.575445,,,,,,
1780437604.238,5768667.0,6455.125,2.575452,,,,,,
1780437604.239,5768692.0,6454.978,2.575508,,,,,,
1780437604.240,5768717.0,6455.111,2.575457,,,,,,
1780437604.241,5768742.0,6455.047,2.575481,,,,,,
1780437604.334,5768767.0,6454.87,2.575549,,,,,,
1780437604.336,5768792.0,6454.75,2.57545,,,,,,
1780437604.338,5768817.0,6454.654,2.575631,,,,,,
1780437604.340,5768842.0,6454.717,2.575463,,,,,,
1780437604.435,5768867.0,6454.788,2.575436,,,,,,
1780437604.436,5768892.0,6454.717,2.575463,,,,,,
1780437604.438,5768917.0,6454.774,2.575441,,,,,,
1780437604.518,5768942.0,6454.75,2.57545,,,,,,
1780437604.519,5768967.0,6454.75,2.57545,,,,,,
1780437604.520,5768992.0,6454.725,2.575604,,,,,,
1780437604.521,5769017.0,6454.819,2.575423,,,,,,
1780437604.634,5769042.0,6454.782,2.575438,,,,,,
1780437604.636,5769067.0,6454.794,2.575433,,,,,,
1780437604.637,5769092.0,6454.794,2.575433,,,,,,
1780437604.638,5769117.0,6454.54,2.575385,,,,,,
1780437604.734,5769142.0,6454.552,2.575381,,,,,,
1780437604.736,5769167.0,6454.641,2.575347,,,,,,
1780437604.737,5769192.0,6454.666,2.575337,,,,,,
1780437604.738,5769217.0,6454.621,2.575499,,,,,,
1780437604.739,5769242.0,6454.647,2.575489,,,,,,
1780437604.840,5769267.0,6454.629,2.575496,,,,,,
1780437604.841,5769292.0,6454.545,2.575673,,,,,,
1780437604.844,5769317.0,6454.577,2.575806,,,,,,
1780437604.848,5769342.0,6454.526,2.57568,,,,,,
1780437604.957,5769367.0,6454.641,2.575781,,,,,,
1780437604.958,5769392.0,6454.705,2.575757,,,,,,
1780437604.958,5769417.0,6454.699,2.575904,,,,,,
1780437604.959,5769442.0,6454.737,2.575745,,,,,,
1780437605.052,5769467.0,6454.547,2.575817,,,,,,
1780437605.054,5769492.0,6454.565,2.57581,,,,,,
1780437605.055,5769517.0,6454.667,2.575916,,,,,,
1780437605.056,5769542.0,6454.585,2.575948,,,,,,
1780437605.183,5769567.0,6454.553,2.57596,,,,,,
1780437605.184,5769592.0,6454.649,2.575923,,,,,,
1780437605.184,5769617.0,6454.718,2.575752,,,,,,
1780437605.185,5769642.0,6454.457,2.575996,,,,,,
1780437605.186,5769667.0,6454.571,2.575953,,,,,,
1780437605.267,5769692.0,6454.596,2.575943,,,,,,
1780437605.269,5769717.0,6454.558,2.575958,,,,,,
1780437605.270,5769742.0,6454.622,2.575933,,,,,,
1780437605.271,5769767.0,6454.596,2.575943,,,,,,
1780437605.384,5769792.0,6454.578,2.57595,,,,,,
1780437605.385,5769817.0,6454.526,2.575969,,,,,,
1780437605.387,5769842.0,6454.571,2.575952,,,,,,
1780437605.388,5769867.0,6454.514,2.576119,,,,,,
1780437605.501,5769892.0,6454.591,2.575945,,,,,,
1780437605.503,5769917.0,6454.533,2.575822,,,,,,
1780437605.504,5769942.0,6454.559,2.575668,,,,,,
1780437605.505,5769967.0,6454.623,2.575788,,,,,,
1780437605.506,5769992.0,6454.458,2.575706,,,,,,
1780437605.600,5770017.0,6454.431,2.575716,,,,,,
1780437605.602,5770042.0,6454.488,2.57555,,,,,,
1780437605.603,5770067.0,6454.564,2.575521,,,,,,
1780437605.604,5770092.0,6454.494,2.575547,,,,,,
1780437605.719,5770117.0,6454.457,2.575562,,,,,,
1780437605.720,5770142.0,6454.419,2.575432,,,,,,
1780437605.722,5770167.0,6454.248,2.575497,,,,,,
1780437605.723,5770192.0,6454.254,2.575495,,,,,,
1780437605.725,5770217.0,6454.197,2.575516,,,,,,
1780437605.837,5770242.0,6454.19,2.575519,,,,,,
1780437605.839,5770267.0,6454.209,2.575512,,,,,,
1780437605.840,5770292.0,6454.196,2.575516,,,,,,
1780437605.841,5770317.0,6454.082,2.575705,,,,,,
1780437605.842,5770342.0,6453.948,2.5759,,,,,,
1780437605.934,5770367.0,6453.916,2.576057,,,,,,
1780437605.936,5770392.0,6453.917,2.576057,,,,,,
1780437605.937,5770417.0,6453.942,2.575903,,,,,,
1780437606.034,5770442.0,6453.911,2.575915,,,,,,
1780437606.035,5770467.0,6453.898,2.57592,,,,,,
1780437606.037,5770492.0,6453.98,2.575889,,,,,,
1780437606.038,5770517.0,6453.891,2.575922,,,,,,
1780437606.151,5770542.0,6453.866,2.576077,,,,,,
1780437606.152,5770567.0,6453.859,2.576079,,,,,,
1780437606.153,5770592.0,6453.656,2.576157,,,,,,
1780437606.154,5770617.0,6453.649,2.576304,,,,,,
1780437606.155,5770642.0,6453.688,2.57629,,,,,,
1780437606.250,5770667.0,6453.802,2.576246,,,,,,
1780437606.252,5770692.0,6453.599,2.576469,,,,,,
1780437606.253,5770717.0,6453.681,2.576582,,,,,,
1780437606.254,5770742.0,6453.873,2.576364,,,,,,
1780437606.368,5770767.0,6453.854,2.576516,,,,,,
1780437606.369,5770792.0,6453.922,2.57649,,,,,,
1780437606.370,5770817.0,6454.069,2.576434,,,,,,
1780437606.371,5770842.0,6454.184,2.57639,,,,,,
1780437606.373,5770867.0,6454.083,2.576573,,,,,,
1780437606.484,5770892.0,6454.159,2.5764,,,,,,
1780437606.485,5770917.0,6454.273,2.576356,,,,,,
1780437606.486,5770942.0,6454.248,2.576221,,,,,,
1780437606.487,5770967.0,6454.286,2.576206,,,,,,
1780437606.585,5770992.0,6454.489,2.575984,,,,,,
1780437606.586,5771017.0,6454.617,2.57579,,,,,,
1780437606.587,5771042.0,6454.592,2.575945,,,,,,
1780437606.588,5771067.0,6454.585,2.576092,,,,,,
1780437606.590,5771092.0,6454.712,2.576043,,,,,,
1780437606.702,5771117.0,6454.699,2.575904,,,,,,
1780437606.703,5771142.0,6454.662,2.575918,,,,,,
1780437606.704,5771167.0,6454.744,2.575887,,,,,,
1780437606.705,5771192.0,6454.801,2.576009,,,,,,
