timestamp_computer,timestamp,sensor1,sensor2,mag,width,crack_x,crack_size,serial out,response
1780434903.164,3067550.0,3178.239,2.583457,,,,,,
1780434903.166,3067575.0,3178.212,2.583457,,,,,,
1780434903.167,3067600.0,3178.256,2.583457,,,,,,
1780434903.169,3067625.0,3178.272,2.583457,,,,,,
1780434903.263,3067650.0,3178.298,2.583457,,,,,,
1780434903.264,3067675.0,3178.292,2.583457,,,,,,
1780434903.265,3067700.0,3178.321,2.583457,,,,,,
1780434903.347,3067725.0,3178.31,2.583457,,,,,,
1780434903.349,3067750.0,3178.334,2.583457,,,,,,
1780434903.350,3067775.0,3178.338,2.583457,,,,,,
1780434903.351,3067800.0,3178.298,2.58352,,,,,,
1780434903.431,3067825.0,3178.31,2.583457,,,,,,
1780434903.433,3067850.0,3178.316,2.583457,,,,,,
1780434903.446,3067875.0,3178.347,2.58352,,,,,,
1780434903.448,3067900.0,3178.347,2.58352,,,,,,
1780434903.548,3067925.0,3178.373,2.583583,,,,,,
1780434903.550,3067950.0,3178.352,2.583584,,,,,,
1780434903.551,3067975.0,3178.388,2.583584,,,,,,
1780434903.552,3068000.0,3178.367,2.583584,,,,,,
1780434903.648,3068025.0,3178.392,2.583584,,,,,,
1780434903.649,3068050.0,3178.381,2.583647,,,,,,
1780434903.650,3068075.0,3178.433,2.583647,,,,,,
1780434903.652,3068100.0,3178.417,2.583647,,,,,,
1780434903.748,3068125.0,3178.443,2.583647,,,,,,
1780434903.749,3068150.0,3178.442,2.583584,,,,,,
1780434903.750,3068175.0,3178.458,2.583584,,,,,,
1780434903.751,3068200.0,3178.461,2.583647,,,,,,
1780434903.846,3068225.0,3178.443,2.583647,,,,,,
1780434903.847,3068250.0,3178.417,2.583647,,,,,,
1780434903.847,3068275.0,3178.401,2.583584,,,,,,
1780434903.848,3068300.0,3178.433,2.583584,,,,,,
1780434903.930,3068325.0,3178.409,2.583584,,,,,,
1780434903.932,3068350.0,3178.436,2.583647,,,,,,
1780434903.933,3068375.0,3178.429,2.583647,,,,,,
1780434904.031,3068400.0,3178.448,2.583647,,,,,,
1780434904.032,3068425.0,3178.424,2.583584,,,,,,
1780434904.033,3068450.0,3178.448,2.583584,,,,,,
1780434904.034,3068475.0,3178.426,2.58352,,,,,,
1780434904.115,3068500.0,3178.443,2.58352,,,,,,
1780434904.116,3068525.0,3178.429,2.58352,,,,,,
1780434904.117,3068550.0,3178.44,2.58352,,,,,,
1780434904.118,3068575.0,3178.435,2.583457,,,,,,
1780434904.179,3068600.0,3178.458,2.583457,,,,,,
1780434904.179,3068625.0,3178.43,2.583457,,,,,,
1780434904.246,3068650.0,3178.424,2.583457,,,,,,
1780434904.248,3068675.0,3178.413,2.583457,,,,,,
1780434904.249,3068700.0,3178.399,2.58352,,,,,,
1780434904.311,3068725.0,3178.391,2.58352,,,,,,
1780434904.312,3068750.0,3178.411,2.583457,,,,,,
1780434904.362,3068775.0,3178.441,2.583457,,,,,,
1780434904.363,3068800.0,3178.426,2.583457,,,,,,
1780434904.418,3068825.0,3178.461,2.583457,,,,,,
1780434904.420,3068850.0,3178.434,2.58352,,,,,,
1780434904.421,3068875.0,3178.459,2.58352,,,,,,
1780434904.479,3068900.0,3178.438,2.58352,,,,,,
1780434904.479,3068925.0,3178.455,2.58352,,,,,,
1780434904.563,3068950.0,3178.424,2.58352,,,,,,
1780434904.564,3068975.0,3178.448,2.583584,,,,,,
1780434904.565,3069000.0,3178.428,2.583647,,,,,,
1780434904.628,3069025.0,3178.438,2.583647,,,,,,
1780434904.629,3069050.0,3178.417,2.583584,,,,,,
1780434904.629,3069075.0,3178.426,2.583647,,,,,,
1780434904.697,3069100.0,3178.405,2.583647,,,,,,
1780434904.699,3069125.0,3178.377,2.583584,,,,,,
1780434904.700,3069150.0,3178.347,2.583584,,,,,,
1780434904.728,3069175.0,3178.321,2.58352,,,,,,
1780434904.751,3069200.0,3178.33,2.58352,,,,,,
1780434904.773,3069225.0,3178.306,2.58352,,,,,,
1780434904.795,3069250.0,3178.333,2.58352,,,,,,
1780434904.828,3069275.0,3178.304,2.583584,,,,,,
1780434904.853,3069300.0,3178.332,2.58352,,,,,,
1780434904.877,3069325.0,3178.288,2.58352,,,,,,
1780434904.900,3069350.0,3178.31,2.583584,,,,,,
1780434904.925,3069375.0,3178.281,2.583584,,,,,,
1780434904.949,3069400.0,3178.287,2.583583,,,,,,
1780434904.974,3069425.0,3178.274,2.583584,,,,,,
1780434904.999,3069450.0,3178.301,2.58352,,,,,,
1780434905.023,3069475.0,3178.293,2.58352,,,,,,
1780434905.046,3069500.0,3178.311,2.58352,,,,,,
1780434905.079,3069525.0,3178.315,2.58352,,,,,,
1780434905.105,3069550.0,3178.299,2.58352,,,,,status,l_h=11.800000 c_f=220.000000 q=25.000000
1780434905.199,3069575.0,3178.284,2.58352,,,,,,
1780434905.201,3069600.0,3178.266,2.583457,,,,,,
1780434905.202,3069625.0,3178.259,2.583457,,,,,,
1780434905.203,3069650.0,3178.239,2.583457,,,,,,
1780434905.279,3069675.0,3178.243,2.583457,,,,,,
1780434905.280,3069700.0,3178.217,2.58352,,,,,,
1780434905.281,3069725.0,3178.245,2.583584,,,,,,
1780434905.364,3069750.0,3178.229,2.583583,,,,,,
1780434905.366,3069775.0,3178.254,2.583647,,,,,,
1780434905.367,3069800.0,3178.256,2.583647,,,,,,
1780434905.447,3069825.0,3178.274,2.583647,,,,,,
1780434905.448,3069850.0,3178.256,2.583647,,,,,,
1780434905.450,3069875.0,3178.296,2.583647,,,,,,
1780434905.451,3069900.0,3178.26,2.583647,,,,,,
1780434905.529,3069925.0,3178.259,2.58371,,,,,,
1780434905.530,3069950.0,3178.231,2.583647,,,,,,
1780434905.532,3069975.0,3178.261,2.583647,,,,,,
1780434905.614,3070000.0,3178.239,2.583647,,,,,,
1780434905.615,3070025.0,3178.219,2.583647,,,,,,
1780434905.615,3070050.0,3178.212,2.583647,,,,,,
1780434905.679,3070075.0,3178.192,2.583647,,,,,,
1780434905.681,3070100.0,3178.176,2.583584,,,,,,
1780434905.682,3070125.0,3178.161,2.583584,,,,,,
1780434905.744,3070150.0,3178.161,2.583584,,,,,,
1780434905.745,3070175.0,3178.144,2.583584,,,,,,
1780434905.745,3070200.0,3178.183,2.583584,,,,,,
1780434905.803,3070225.0,3178.171,2.583583,,,,,,
1780434905.804,3070250.0,3178.2,2.58352,,,,,,
1780434905.866,3070275.0,3178.204,2.58352,,,,,,
1780434905.867,3070300.0,3178.251,2.583583,,,,,,
1780434905.929,3070325.0,3178.223,2.58352,,,,,,
1780434905.931,3070350.0,3178.253,2.58352,,,,,,
1780434905.932,3070375.0,3178.244,2.58352,,,,,,
1780434905.995,3070400.0,3178.272,2.583584,,,,,,
1780434905.996,3070425.0,3178.274,2.583584,,,,,,
1780434905.996,3070450.0,3178.284,2.583584,,,,,,
1780434906.061,3070475.0,3178.267,2.583584,,,,,,
1780434906.062,3070500.0,3178.261,2.583584,,,,,,
1780434906.113,3070525.0,3178.257,2.583584,,,,,,
1780434906.113,3070550.0,3178.248,2.583584,,,,,,
1780434906.179,3070575.0,3178.264,2.583584,,,,,,
1780434906.179,3070600.0,3178.245,2.583584,,,,,,
1780434906.180,3070625.0,3178.255,2.583584,,,,,,
1780434906.245,3070650.0,3178.246,2.583584,,,,,,
1780434906.246,3070675.0,3178.28,2.583584,,,,,,
1780434906.246,3070700.0,3178.256,2.583584,,,,,,
1780434906.330,3070725.0,3178.275,2.583584,,,,,,
1780434906.331,3070750.0,3178.275,2.583584,,,,,,
1780434906.332,3070775.0,3178.284,2.583584,,,,,,
1780434906.394,3070800.0,3178.284,2.583584,,,,,,
1780434906.396,3070825.0,3178.319,2.583584,,,,,,
1780434906.397,3070850.0,3178.292,2.583584,,,,,,
1780434906.461,3070875.0,3178.309,2.583584,,,,,,
1780434906.463,3070900.0,3178.327,2.583583,,,,,,
1780434906.528,3070925.0,3178.34,2.583647,,,,,,
1780434906.531,3070950.0,3178.31,2.583583,,,,,,
1780434906.533,3070975.0,3178.311,2.58352,,,,,,
1780434906.630,3071000.0,3178.308,2.583583,,,,,,
1780434906.631,3071025.0,3178.31,2.58352,,,,,,
1780434906.631,3071050.0,3178.307,2.58352,,,,,,
1780434906.632,3071075.0,3178.293,2.58352,,,,,,
1780434906.711,3071100.0,3178.29,2.58352,,,,,,
1780434906.712,3071125.0,3178.291,2.583584,,,,,,
1780434906.713,3071150.0,3178.293,2.583584,,,,,,
1780434906.796,3071175.0,3178.28,2.583584,,,,,,
1780434906.797,3071200.0,3178.334,2.583584,,,,,,
1780434906.798,3071225.0,3178.311,2.583584,,,,,,
1780434906.799,3071250.0,3178.328,2.583584,,,,,,
1780434906.896,3071275.0,3178.313,2.583584,,,,,,
1780434906.897,3071300.0,3178.338,2.583584,,,,,,
1780434906.898,3071325.0,3178.329,2.583584,,,,,,
1780434906.898,3071350.0,3178.373,2.583647,,,,,,
1780434906.962,3071375.0,3178.357,2.583647,,,,,,
1780434906.963,3071400.0,3178.372,2.583647,,,,,,
1780434907.029,3071425.0,3178.381,2.583647,,,,,,
1780434907.030,3071450.0,3178.364,2.583647,,,,,,
1780434907.032,3071475.0,3178.345,2.583583,,,,,,
1780434907.111,3071500.0,3178.332,2.583583,,,,,,
1780434907.112,3071525.0,3178.309,2.583584,,,,,,
1780434907.112,3071550.0,3178.294,2.58352,,,,,,
1780434907.179,3071575.0,3178.302,2.583584,,,,,,
1780434907.179,3071600.0,3178.286,2.583584,,,,,,
1780434907.180,3071625.0,3178.267,2.583647,,,,,,
1780434907.245,3071650.0,3178.252,2.583583,,,,,,
1780434907.246,3071675.0,3178.284,2.583584,,,,,,
1780434907.247,3071700.0,3178.274,2.583647,,,,,,
1780434907.312,3071725.0,3178.312,2.583647,,,,,,
1780434907.313,3071750.0,3178.281,2.583647,,,,,,
1780434907.381,3071775.0,3178.322,2.583584,,,,,,
1780434907.383,3071800.0,3178.307,2.583584,,,,,,
1780434907.384,3071825.0,3178.333,2.583584,,,,,,
1780434907.497,3071850.0,3178.344,2.58352,,,,,,
1780434907.498,3071875.0,3178.383,2.58352,,,,,,
1780434907.499,3071900.0,3178.357,2.58352,,,,,,
1780434907.500,3071925.0,3178.335,2.58352,,,,,,
1780434907.502,3071950.0,3178.33,2.583584,,,,,,
1780434907.596,3071975.0,3178.323,2.583584,,,,,,
1780434907.597,3072000.0,3178.314,2.583583,,,,,,
1780434907.598,3072025.0,3178.312,2.583583,,,,,,
1780434907.598,3072050.0,3178.308,2.583583,,,,,,
1780434907.681,3072075.0,3178.287,2.583583,,,,,,
1780434907.683,3072100.0,3178.303,2.583583,,,,,,
1780434907.684,3072125.0,3178.31,2.583584,,,,,,
1780434907.781,3072150.0,3178.296,2.583584,,,,,,
1780434907.782,3072175.0,3178.296,2.58352,,,,,,
1780434907.783,3072200.0,3178.355,2.58352,,,,,,
1780434907.784,3072225.0,3178.323,2.58352,,,,,,
1780434907.864,3072250.0,3178.364,2.583457,,,,,,
1780434907.865,3072275.0,3178.349,2.583457,,,,,,
1780434907.866,3072300.0,3178.371,2.583457,,,,,,
1780434907.929,3072325.0,3178.368,2.583457,,,,,,
1780434907.929,3072350.0,3178.395,2.583457,,,,,,
1780434907.930,3072375.0,3178.374,2.583394,,,,,,
1780434907.991,3072400.0,3178.397,2.583394,,,,,,
1780434907.992,3072425.0,3178.416,2.583331,,,,,,
1780434907.993,3072450.0,3178.407,2.583331,,,,,,
1780434908.054,3072475.0,3178.402,2.583331,,,,,,
1780434908.054,3072500.0,3178.392,2.583331,,,,,,
1780434908.119,3072525.0,3178.379,2.583331,,,,,,
1780434908.120,3072550.0,3178.367,2.583331,,,,,,
1780434908.121,3072575.0,3178.386,2.583331,,,,,,
1780434908.181,3072600.0,3178.365,2.583267,,,,,,
1780434908.181,3072625.0,3178.35,2.583267,,,,,,
1780434908.245,3072650.0,3178.352,2.583331,,,,,,
1780434908.246,3072675.0,3178.373,2.583394,,,,,,
1780434908.247,3072700.0,3178.361,2.583394,,,,,,
1780434908.310,3072725.0,3178.41,2.583394,,,,,,
1780434908.310,3072750.0,3178.38,2.583457,,,,,,
1780434908.373,3072775.0,3178.4,2.583457,,,,,,
1780434908.374,3072800.0,3178.386,2.583457,,,,,,
1780434908.374,3072825.0,3178.407,2.583394,,,,,,
1780434908.436,3072850.0,3178.38,2.583394,,,,,,
1780434908.437,3072875.0,3178.417,2.583331,,,,,,
1780434908.493,3072900.0,3178.406,2.583331,,,,,,
1780434908.494,3072925.0,3178.373,2.583331,,,,,,
1780434908.495,3072950.0,3178.371,2.583268,,,,,,
1780434908.563,3072975.0,3178.348,2.583268,,,,,,
1780434908.564,3073000.0,3178.349,2.583268,,,,,,
1780434908.631,3073025.0,3178.338,2.583268,,,,,,
1780434908.633,3073050.0,3178.329,2.583267,,,,,,
1780434908.634,3073075.0,3178.302,2.583267,,,,,,
1780434908.759,3073100.0,3178.285,2.583267,,,,,,
1780434908.761,3073125.0,3178.244,2.583267,,,,,,
1780434908.763,3073150.0,3178.255,2.583267,,,,,,
1780434908.765,3073175.0,3178.235,2.583267,,,,,,
1780434908.767,3073200.0,3178.264,2.583204,,,,,,
1780434908.769,3073225.0,3178.235,2.583204,,,,,,
1780434908.864,3073250.0,3178.256,2.583204,,,,,,
1780434908.865,3073275.0,3178.238,2.583204,,,,,,
1780434908.867,3073300.0,3178.259,2.583204,,,,,,
1780434908.945,3073325.0,3178.247,2.583204,,,,,,
1780434908.946,3073350.0,3178.255,2.583204,,,,,,
1780434908.947,3073375.0,3178.212,2.583204,,,,,,
1780434908.948,3073400.0,3178.221,2.583204,,,,,,
1780434909.028,3073425.0,3178.2,2.583204,,,,,,
1780434909.029,3073450.0,3178.185,2.583204,,,,,,
1780434909.030,3073475.0,3178.18,2.583204,,,,,,
1780434909.096,3073500.0,3178.154,2.583204,,,,,,
1780434909.098,3073525.0,3178.144,2.583204,,,,,,
1780434909.099,3073550.0,3178.122,2.583204,,,,,,
1780434909.198,3073575.0,3178.131,2.583267,,,,,,
1780434909.199,3073600.0,3178.12,2.583267,,,,,,
1780434909.201,3073625.0,3178.093,2.583267,,,,,,
1780434909.202,3073650.0,3178.091,2.583267,,,,,,
1780434909.267,3073675.0,3178.1,2.583267,,,,,,
1780434909.268,3073700.0,3178.081,2.583267,,,,,,
1780434909.269,3073725.0,3178.104,2.583267,,,,,,
1780434909.327,3073750.0,3178.094,2.583268,,,,,,
1780434909.328,3073775.0,3178.127,2.583268,,,,,,
1780434909.377,3073800.0,3178.125,2.583268,,,,,,
1780434909.378,3073825.0,3178.124,2.583268,,,,,,
1780434909.453,3073850.0,3178.08,2.583268,,,,,,
1780434909.453,3073875.0,3178.113,2.583267,,,,,,
1780434909.454,3073900.0,3178.092,2.583204,,,,,,
1780434909.528,3073925.0,3178.068,2.583141,,,,,,
1780434909.529,3073950.0,3178.063,2.583141,,,,,,
1780434909.531,3073975.0,3178.038,2.583141,,,,,,
1780434909.595,3074000.0,3178.044,2.583078,,,,,,
1780434909.597,3074025.0,3178.049,2.583078,,,,,,
1780434909.598,3074050.0,3178.022,2.583078,,,,,,
1780434909.661,3074075.0,3178.012,2.583078,,,,,,
1780434909.663,3074100.0,3178.017,2.583078,,,,,,
1780434909.710,3074125.0,3177.999,2.583078,,,,,,
1780434909.711,3074150.0,3178.004,2.583141,,,,,,
1780434909.761,3074175.0,3178.012,2.583141,,,,,,
1780434909.763,3074200.0,3178.04,2.583141,,,,,,
1780434909.828,3074225.0,3178.04,2.583204,,,,,,
1780434909.830,3074250.0,3178.084,2.583205,,,,,,
1780434909.831,3074275.0,3178.076,2.583204,,,,,,
1780434909.878,3074300.0,3178.106,2.583205,,,,,,
1780434909.879,3074325.0,3178.106,2.583205,,,,,,
1780434909.946,3074350.0,3178.137,2.583268,,,,,,
1780434909.948,3074375.0,3178.143,2.583268,,,,,,
1780434909.949,3074400.0,3178.194,2.583268,,,,,,
1780434910.013,3074425.0,3178.195,2.583268,,,,,,
1780434910.023,3074450.0,3178.185,2.583268,,,,,,
1780434910.024,3074475.0,3178.205,2.583268,,,,,,
1780434910.079,3074500.0,3178.199,2.583268,,,,,,
1780434910.081,3074525.0,3178.193,2.583268,,,,,,
1780434910.145,3074550.0,3178.183,2.583268,,,,,,
1780434910.146,3074575.0,3178.208,2.583268,,,,,,
1780434910.148,3074600.0,3178.201,2.583268,,,,,,
1780434910.196,3074625.0,3178.223,2.583268,,,,,,
1780434910.197,3074650.0,3178.232,2.583267,,,,,,
1780434910.262,3074675.0,3178.24,2.583267,,,,,,
1780434910.263,3074700.0,3178.224,2.583267,,,,,,
1780434910.312,3074725.0,3178.26,2.583267,,,,,,
1780434910.313,3074750.0,3178.254,2.583267,,,,,,
1780434910.380,3074775.0,3178.286,2.583267,,,,,,
1780434910.382,3074800.0,3178.293,2.583267,,,,,,
1780434910.383,3074825.0,3178.297,2.583204,,,,,,
1780434910.464,3074850.0,3178.259,2.583204,,,,,,
1780434910.467,3074875.0,3178.299,2.583204,,,,,,
1780434910.471,3074900.0,3178.283,2.583267,,,,,,
1780434910.472,3074925.0,3178.262,2.583267,,,,,,
1780434910.527,3074950.0,3178.243,2.583267,,,,,,
1780434910.529,3074975.0,3178.235,2.583267,,,,,,
1780434910.596,3075000.0,3178.231,2.583267,,,,,,
1780434910.596,3075025.0,3178.231,2.583267,,,,,,
1780434910.597,3075050.0,3178.192,2.583267,,,,,,
1780434910.647,3075075.0,3178.168,2.583268,,,,,,
1780434910.649,3075100.0,3178.195,2.583268,,,,,,
1780434910.713,3075125.0,3178.199,2.583268,,,,,,
1780434910.715,3075150.0,3178.199,2.583268,,,,,,
1780434910.777,3075175.0,3178.173,2.583268,,,,,,
1780434910.779,3075200.0,3178.154,2.583267,,,,,,
1780434910.780,3075225.0,3178.157,2.583267,,,,,,
1780434910.880,3075250.0,3178.194,2.583267,,,,,,
1780434910.882,3075275.0,3178.176,2.583267,,,,,,
1780434910.883,3075300.0,3178.233,2.583267,,,,,,
1780434910.884,3075325.0,3178.204,2.583267,,,,,,
1780434910.962,3075350.0,3178.235,2.583267,,,,,,
1780434910.964,3075375.0,3178.24,2.583267,,,,,,
1780434910.965,3075400.0,3178.268,2.583204,,,,,,
1780434911.027,3075425.0,3178.274,2.583204,,,,,,
1780434911.028,3075450.0,3178.256,2.583204,,,,,,
1780434911.029,3075475.0,3178.249,2.583141,,,,,,
1780434911.093,3075500.0,3178.224,2.583141,,,,,,
1780434911.094,3075525.0,3178.201,2.583141,,,,,,
1780434911.095,3075550.0,3178.198,2.583141,,,,,,
1780434911.161,3075575.0,3178.211,2.583141,,,,,,
1780434911.162,3075600.0,3178.192,2.583078,,,,,,
1780434911.231,3075625.0,3178.19,2.583141,,,,,,
1780434911.233,3075650.0,3178.173,2.583141,,,,,,
1780434911.234,3075675.0,3178.178,2.583141,,,,,,
1780434911.311,3075700.0,3178.163,2.583204,,,,,,
1780434911.312,3075725.0,3178.146,2.583205,,,,,,
1780434911.314,3075750.0,3178.129,2.583204,,,,,,
1780434911.399,3075775.0,3178.163,2.583205,,,,,,
1780434911.400,3075800.0,3178.167,2.583205,,,,,,
1780434911.402,3075825.0,3178.177,2.583205,,,,,,
1780434911.403,3075850.0,3178.162,2.583268,,,,,,
1780434911.478,3075875.0,3178.202,2.583268,,,,,,
1780434911.478,3075900.0,3178.184,2.583268,,,,,,
1780434911.479,3075925.0,3178.207,2.583268,,,,,,
1780434911.553,3075950.0,3178.211,2.583268,,,,,,
1780434911.555,3075975.0,3178.208,2.583268,,,,,,
1780434911.556,3076000.0,3178.211,2.583267,,,,,,
1780434911.648,3076025.0,3178.208,2.583331,,,,,,
1780434911.651,3076050.0,3178.186,2.583331,,,,,,
1780434911.653,3076075.0,3178.179,2.583331,,,,,,
1780434911.654,3076100.0,3178.208,2.583331,,,,,,
1780434911.744,3076125.0,3178.211,2.583331,,,,,,
1780434911.745,3076150.0,3178.221,2.583267,,,,,,
1780434911.746,3076175.0,3178.249,2.583267,,,,,,
1780434911.746,3076200.0,3178.259,2.583268,,,,,,
1780434911.809,3076225.0,3178.249,2.583331,,,,,,
1780434911.810,3076250.0,3178.255,2.583331,,,,,,
1780434911.868,3076275.0,3178.249,2.583331,,,,,,
1780434911.869,3076300.0,3178.303,2.583331,,,,,,
1780434911.871,3076325.0,3178.319,2.583331,,,,,,
1780434911.962,3076350.0,3178.357,2.583331,,,,,,
1780434911.965,3076375.0,3178.335,2.583331,,,,,,
1780434911.966,3076400.0,3178.372,2.583394,,,,,,
1780434912.062,3076425.0,3178.395,2.583394,,,,,,
1780434912.064,3076450.0,3178.435,2.583394,,,,,,
1780434912.065,3076475.0,3178.418,2.583457,,,,,,
1780434912.066,3076500.0,3178.41,2.583457,,,,,,
1780434912.163,3076525.0,3178.409,2.583457,,,,,,
1780434912.165,3076550.0,3178.395,2.583457,,,,,,
1780434912.166,3076575.0,3178.423,2.583457,,,,,,
1780434912.167,3076600.0,3178.412,2.583457,,,,,,
1780434912.263,3076625.0,3178.406,2.58352,,,,,,
1780434912.265,3076650.0,3178.407,2.58352,,,,,,
1780434912.266,3076675.0,3178.392,2.58352,,,,,,
1780434912.267,3076700.0,3178.385,2.58352,,,,,,
1780434912.268,3076725.0,3178.381,2.58352,,,,,,
1780434912.346,3076750.0,3178.37,2.58352,,,,,,
1780434912.347,3076775.0,3178.385,2.58352,,,,,,
1780434912.348,3076800.0,3178.386,2.58352,,,,,,
1780434912.412,3076825.0,3178.398,2.58352,,,,,,
1780434912.414,3076850.0,3178.379,2.58352,,,,,,
1780434912.495,3076875.0,3178.408,2.583457,,,,,,
1780434912.497,3076900.0,3178.385,2.58352,,,,,,
1780434912.498,3076925.0,3178.409,2.58352,,,,,,
1780434912.499,3076950.0,3178.41,2.583457,,,,,,
1780434912.597,3076975.0,3178.439,2.583457,,,,,,
1780434912.599,3077000.0,3178.428,2.58352,,,,,,
1780434912.600,3077025.0,3178.419,2.58352,,,,,,
1780434912.601,3077050.0,3178.397,2.58352,,,,,,
1780434912.696,3077075.0,3178.391,2.58352,,,,,,
1780434912.698,3077100.0,3178.408,2.583457,,,,,,
1780434912.699,3077125.0,3178.376,2.583457,,,,,,
1780434912.700,3077150.0,3178.368,2.58352,,,,,,
1780434912.777,3077175.0,3178.357,2.58352,,,,,,
1780434912.778,3077200.0,3178.356,2.58352,,,,,,
1780434912.779,3077225.0,3178.316,2.583584,,,,,,
1780434912.862,3077250.0,3178.294,2.583647,,,,,,
1780434912.863,3077275.0,3178.272,2.583584,,,,,,
1780434912.863,3077300.0,3178.273,2.583584,,,,,,
1780434912.946,3077325.0,3178.263,2.583647,,,,,,
1780434912.948,3077350.0,3178.256,2.583647,,,,,,
1780434912.949,3077375.0,3178.241,2.58371,,,,,,
1780434912.950,3077400.0,3178.256,2.58371,,,,,,
1780434913.011,3077425.0,3178.241,2.58371,,,,,,
1780434913.013,3077450.0,3178.27,2.58371,,,,,,
1780434913.113,3077475.0,3178.262,2.583647,,,,,,
1780434913.115,3077500.0,3178.293,2.583647,,,,,,
1780434913.116,3077525.0,3178.275,2.583647,,,,,,
1780434913.117,3077550.0,3178.272,2.583647,,,,,,
1780434913.176,3077575.0,3178.274,2.583647,,,,,,
1780434913.177,3077600.0,3178.256,2.583647,,,,,,
1780434913.178,3077625.0,3178.231,2.58371,,,,,,
1780434913.245,3077650.0,3178.213,2.58371,,,,,,
1780434913.247,3077675.0,3178.202,2.58371,,,,,,
1780434913.247,3077700.0,3178.193,2.583773,,,,,,
1780434913.339,3077725.0,3178.194,2.58371,,,,,,
1780434913.341,3077750.0,3178.182,2.58371,,,,,,
1780434913.343,3077775.0,3178.172,2.58371,,,,,,
1780434913.345,3077800.0,3178.169,2.58371,,,,,,
1780434913.429,3077825.0,3178.158,2.58371,,,,,,
1780434913.430,3077850.0,3178.146,2.58371,,,,,,
1780434913.432,3077875.0,3178.143,2.583647,,,,,,
1780434913.525,3077900.0,3178.115,2.583647,,,,,,
1780434913.526,3077925.0,3178.144,2.583647,,,,,,
1780434913.526,3077950.0,3178.135,2.58371,,,,,,
1780434913.526,3077975.0,3178.163,2.58371,,,,,,
1780434913.577,3078000.0,3178.158,2.583773,,,,,,
1780434913.578,3078025.0,3178.167,2.583773,,,,,,
1780434913.644,3078050.0,3178.137,2.583836,,,,,,
1780434913.644,3078075.0,3178.129,2.583836,,,,,,
1780434913.645,3078100.0,3178.125,2.583836,,,,,,
1780434913.714,3078125.0,3178.118,2.583836,,,,,,
1780434913.715,3078150.0,3178.111,2.583836,,,,,,
1780434913.781,3078175.0,3178.092,2.583836,,,,,,
1780434913.782,3078200.0,3178.098,2.583836,,,,,,
1780434913.783,3078225.0,3178.093,2.583836,,,,,,
1780434913.848,3078250.0,3178.088,2.583836,,,,,,
1780434913.849,3078275.0,3178.079,2.583836,,,,,,
1780434913.850,3078300.0,3178.064,2.583899,,,,,,
1780434913.927,3078325.0,3178.051,2.583899,,,,,,
1780434913.927,3078350.0,3178.046,2.583899,,,,,,
1780434913.928,3078375.0,3178.032,2.583899,,,,,,
1780434913.991,3078400.0,3178.025,2.583836,,,,,,
1780434913.991,3078425.0,3178.032,2.583836,,,,,,
1780434914.054,3078450.0,3178.049,2.583836,,,,,,
1780434914.055,3078475.0,3178.071,2.583773,,,,,,
1780434914.055,3078500.0,3178.12,2.58371,,,,,,
1780434914.116,3078525.0,3178.109,2.58371,,,,,,
1780434914.116,3078550.0,3178.149,2.58371,,,,,,
1780434914.177,3078575.0,3178.148,2.583647,,,,,,
1780434914.178,3078600.0,3178.173,2.58371,,,,,,
1780434914.178,3078625.0,3178.168,2.583647,,,,,,
1780434914.244,3078650.0,3178.159,2.583647,,,,,,
1780434914.244,3078675.0,3178.154,2.583647,,,,,,
1780434914.245,3078700.0,3178.149,2.58371,,,,,,
1780434914.310,3078725.0,3178.142,2.58371,,,,,,
1780434914.311,3078750.0,3178.127,2.58371,,,,,,
1780434914.369,3078775.0,3178.129,2.58371,,,,,,
1780434914.369,3078800.0,3178.122,2.58371,,,,,,
1780434914.370,3078825.0,3178.091,2.58371,,,,,,
1780434914.445,3078850.0,3178.082,2.58371,,,,,,
1780434914.446,3078875.0,3178.101,2.58371,,,,,,
1780434914.446,3078900.0,3178.109,2.583647,,,,,,
1780434914.496,3078925.0,3178.11,2.583647,,,,,,
1780434914.497,3078950.0,3178.087,2.583584,,,,,,
1780434914.558,3078975.0,3178.078,2.583584,,,,,,
1780434914.560,3079000.0,3178.07,2.583583,,,,,,
1780434914.647,3079025.0,3178.118,2.583583,,,,,,
1780434914.648,3079050.0,3178.118,2.583584,,,,,,
1780434914.648,3079075.0,3178.139,2.583584,,,,,,
1780434914.649,3079100.0,3178.144,2.583584,,,,,,
1780434914.715,3079125.0,3178.176,2.583647,,,,,,
1780434914.715,3079150.0,3178.166,2.583647,,,,,,
1780434914.778,3079175.0,3178.164,2.583647,,,,,,
1780434914.779,3079200.0,3178.169,2.583583,,,,,,
1780434914.780,3079225.0,3178.154,2.583583,,,,,,
1780434914.864,3079250.0,3178.155,2.58352,,,,,,
1780434914.866,3079275.0,3178.15,2.58352,,,,,,
1780434914.867,3079300.0,3178.156,2.583457,,,,,,
1780434914.868,3079325.0,3178.149,2.583457,,,,,,
1780434914.947,3079350.0,3178.154,2.58352,,,,,,
1780434914.948,3079375.0,3178.142,2.58352,,,,,,
1780434914.950,3079400.0,3178.141,2.583457,,,,,,
1780434915.029,3079425.0,3178.142,2.583457,,,,,,
1780434915.030,3079450.0,3178.122,2.583457,,,,,,
1780434915.031,3079475.0,3178.113,2.583457,,,,,,
1780434915.095,3079500.0,3178.112,2.583394,,,,,,
1780434915.096,3079525.0,3178.105,2.583394,,,,,,
1780434915.097,3079550.0,3178.102,2.583331,,,,,,
1780434915.165,3079575.0,3178.094,2.583331,,,,,,
1780434915.166,3079600.0,3178.121,2.583331,,,,,,
1780434915.175,3079625.0,3178.122,2.583331,,,,,,
1780434915.200,3079650.0,3178.156,2.583394,,,,,,
1780434915.224,3079675.0,3178.133,2.583394,,,,,,
1780434915.248,3079700.0,3178.139,2.583394,,,,,,
1780434915.272,3079725.0,3178.126,2.583457,,,,,,
1780434915.296,3079750.0,3178.116,2.583457,,,,,,
1780434915.320,3079775.0,3178.119,2.583457,,,,,,
1780434915.344,3079800.0,3178.111,2.583457,,,,,,
1780434915.380,3079825.0,3178.096,2.58352,,,,,,
1780434915.404,3079850.0,3178.097,2.583457,,,,,,
1780434915.427,3079875.0,3178.09,2.583457,,,,,,
1780434915.452,3079900.0,3178.089,2.583457,,,,,,
1780434915.477,3079925.0,3178.063,2.583457,,,,,,
1780434915.502,3079950.0,3178.046,2.583394,,,,,,
1780434915.525,3079975.0,3178.04,2.583394,,,,,,
1780434915.549,3080000.0,3178.043,2.583394,,,,,,
1780434915.576,3080025.0,3178.04,2.583457,,,,,status,l_h=11.800000 c_f=220.000000 q=25.000000
1780434915.664,3080050.0,3178.039,2.58352,,,,,,
1780434915.665,3080075.0,3178.044,2.58352,,,,,,
1780434915.666,3080100.0,3178.06,2.58352,,,,,,
1780434915.746,3080125.0,3178.062,2.583457,,,,,,
1780434915.747,3080150.0,3178.037,2.583457,,,,,,
1780434915.749,3080175.0,3178.05,2.58352,,,,,,
1780434915.750,3080200.0,3178.066,2.58352,,,,,,
1780434915.849,3080225.0,3178.097,2.58352,,,,,,
1780434915.851,3080250.0,3178.103,2.58352,,,,,,
1780434915.852,3080275.0,3178.092,2.58352,,,,,,
1780434915.853,3080300.0,3178.071,2.58352,,,,,,
1780434915.933,3080325.0,3178.09,2.58352,,,,,,
1780434915.934,3080350.0,3178.102,2.58352,,,,,,
1780434915.935,3080375.0,3178.093,2.583457,,,,,,
1780434916.012,3080400.0,3178.106,2.583457,,,,,,
1780434916.014,3080425.0,3178.111,2.583457,,,,,,
1780434916.015,3080450.0,3178.097,2.583457,,,,,,
1780434916.096,3080475.0,3178.101,2.583457,,,,,,
1780434916.097,3080500.0,3178.113,2.583457,,,,,,
1780434916.098,3080525.0,3178.121,2.583457,,,,,,
1780434916.100,3080550.0,3178.116,2.583457,,,,,,
1780434916.180,3080575.0,3178.112,2.583457,,,,,,
1780434916.181,3080600.0,3178.079,2.583394,,,,,,
1780434916.181,3080625.0,3178.072,2.583394,,,,,,
1780434916.265,3080650.0,3178.075,2.583394,,,,,,
1780434916.267,3080675.0,3178.077,2.583394,,,,,,
1780434916.268,3080700.0,3178.063,2.583394,,,,,,
1780434916.269,3080725.0,3178.058,2.583394,,,,,,
1780434916.350,3080750.0,3178.064,2.583394,,,,,,
1780434916.351,3080775.0,3178.069,2.583394,,,,,,
1780434916.353,3080800.0,3178.086,2.583394,,,,,,
1780434916.433,3080825.0,3178.088,2.583394,,,,,,
1780434916.434,3080850.0,3178.094,2.583394,,,,,,
1780434916.436,3080875.0,3178.097,2.583394,,,,,,
1780434916.513,3080900.0,3178.099,2.583331,,,,,,
1780434916.515,3080925.0,3178.096,2.583331,,,,,,
1780434916.516,3080950.0,3178.08,2.583331,,,,,,
1780434916.613,3080975.0,3178.103,2.583267,,,,,,
1780434916.614,3081000.0,3178.102,2.583267,,,,,,
1780434916.615,3081025.0,3178.082,2.583267,,,,,,
1780434916.616,3081050.0,3178.087,2.583267,,,,,,
1780434916.715,3081075.0,3178.083,2.583204,,,,,,
1780434916.717,3081100.0,3178.067,2.583204,,,,,,
1780434916.718,3081125.0,3178.052,2.583204,,,,,,
1780434916.719,3081150.0,3178.053,2.583204,,,,,,
1780434916.720,3081175.0,3178.059,2.583204,,,,,,
1780434916.812,3081200.0,3178.066,2.583204,,,,,,
1780434916.814,3081225.0,3178.078,2.583204,,,,,,
1780434916.815,3081250.0,3178.062,2.583204,,,,,,
1780434916.912,3081275.0,3178.071,2.583141,,,,,,
1780434916.913,3081300.0,3178.072,2.583141,,,,,,
1780434916.914,3081325.0,3178.077,2.583141,,,,,,
1780434916.914,3081350.0,3178.059,2.583141,,,,,,
1780434916.977,3081375.0,3178.067,2.583141,,,,,,
1780434916.978,3081400.0,3178.077,2.583141,,,,,,
1780434916.978,3081425.0,3178.058,2.583078,,,,,,
1780434917.029,3081450.0,3178.047,2.583078,,,,,,
1780434917.030,3081475.0,3178.043,2.583078,,,,,,
1780434917.094,3081500.0,3178.029,2.583078,,,,,,
1780434917.095,3081525.0,3178.027,2.583078,,,,,,
1780434917.095,3081550.0,3178.03,2.583078,,,,,,
1780434917.179,3081575.0,3178.011,2.583078,,,,,,
1780434917.180,3081600.0,3177.997,2.583078,,,,,,
1780434917.180,3081625.0,3178.0,2.583078,,,,,,
1780434917.247,3081650.0,3178.001,2.583078,,,,,,
1780434917.249,3081675.0,3177.989,2.583078,,,,,,
1780434917.250,3081700.0,3178.0,2.583078,,,,,,
1780434917.321,3081725.0,3178.004,2.583078,,,,,,
1780434917.322,3081750.0,3177.96,2.583078,,,,,,
1780434917.324,3081775.0,3177.958,2.583078,,,,,,
1780434917.392,3081800.0,3177.958,2.583078,,,,,,
1780434917.393,3081825.0,3177.969,2.583078,,,,,,
1780434917.393,3081850.0,3178.013,2.583078,,,,,,
1780434917.442,3081875.0,3178.024,2.583078,,,,,,
1780434917.443,3081900.0,3178.005,2.583078,,,,,,
1780434917.507,3081925.0,3178.005,2.583078,,,,,,
1780434917.508,3081950.0,3178.016,2.583078,,,,,,
1780434917.574,3081975.0,3178.021,2.583078,,,,,,
1780434917.575,3082000.0,3178.01,2.583078,,,,,,
1780434917.576,3082025.0,3178.006,2.583141,,,,,,
1780434917.627,3082050.0,3177.992,2.583141,,,,,,
1780434917.627,3082075.0,3177.988,2.583141,,,,,,
1780434917.695,3082100.0,3177.984,2.583141,,,,,,
1780434917.696,3082125.0,3177.98,2.583205,,,,,,
1780434917.698,3082150.0,3177.979,2.583204,,,,,,
1780434917.762,3082175.0,3178.002,2.583205,,,,,,
1780434917.763,3082200.0,3178.009,2.583205,,,,,,
1780434917.826,3082225.0,3177.976,2.583268,,,,,,
1780434917.826,3082250.0,3177.985,2.583268,,,,,,
1780434917.827,3082275.0,3178.0,2.583268,,,,,,
1780434917.880,3082300.0,3177.993,2.583268,,,,,,
1780434917.881,3082325.0,3177.992,2.583268,,,,,,
1780434917.944,3082350.0,3178.0,2.583268,,,,,,
1780434917.945,3082375.0,3178.013,2.583268,,,,,,
1780434917.945,3082400.0,3178.017,2.583268,,,,,,
1780434918.005,3082425.0,3178.022,2.583268,,,,,,
1780434918.005,3082450.0,3178.028,2.583268,,,,,,
1780434918.070,3082475.0,3178.022,2.583268,,,,,,
1780434918.071,3082500.0,3178.041,2.583268,,,,,,
1780434918.072,3082525.0,3178.026,2.583267,,,,,,
1780434918.128,3082550.0,3178.017,2.583204,,,,,,
1780434918.129,3082575.0,3178.028,2.583204,,,,,,
1780434918.198,3082600.0,3178.036,2.583204,,,,,,
1780434918.208,3082625.0,3178.014,2.583204,,,,,,
1780434918.209,3082650.0,3178.016,2.583204,,,,,,
1780434918.278,3082675.0,3178.021,2.583204,,,,,,
1780434918.278,3082700.0,3178.02,2.583204,,,,,,
1780434918.279,3082725.0,3178.031,2.583204,,,,,,
1780434918.345,3082750.0,3178.035,2.583204,,,,,,
1780434918.345,3082775.0,3178.033,2.583204,,,,,,
1780434918.346,3082800.0,3178.035,2.583204,,,,,,
1780434918.410,3082825.0,3178.033,2.583204,,,,,,
1780434918.411,3082850.0,3178.006,2.583204,,,,,,
1780434918.458,3082875.0,3178.006,2.583204,,,,,,
1780434918.459,3082900.0,3178.017,2.583204,,,,,,
1780434918.508,3082925.0,3178.017,2.583267,,,,,,
1780434918.508,3082950.0,3178.002,2.583267,,,,,,
1780434918.563,3082975.0,3178.003,2.583267,,,,,,
1780434918.564,3083000.0,3178.019,2.583267,,,,,,
1780434918.627,3083025.0,3178.009,2.583267,,,,,,
1780434918.628,3083050.0,3178.026,2.583267,,,,,,
1780434918.628,3083075.0,3178.022,2.583267,,,,,,
1780434918.690,3083100.0,3178.019,2.583268,,,,,,
1780434918.690,3083125.0,3178.019,2.583331,,,,,,
1780434918.752,3083150.0,3178.04,2.583331,,,,,,
1780434918.752,3083175.0,3178.053,2.583331,,,,,,
1780434918.753,3083200.0,3178.06,2.583331,,,,,,
1780434918.824,3083225.0,3178.07,2.583331,,,,,,
1780434918.825,3083250.0,3178.078,2.583331,,,,,,
1780434918.826,3083275.0,3178.077,2.583267,,,,,,
1780434918.893,3083300.0,3178.094,2.583268,,,,,,
1780434918.893,3083325.0,3178.098,2.583268,,,,,,
1780434918.894,3083350.0,3178.062,2.583268,,,,,,
1780434918.950,3083375.0,3178.07,2.583205,,,,,,
1780434918.951,3083400.0,3178.068,2.583205,,,,,,
1780434919.016,3083425.0,3178.041,2.583204,,,,,,
1780434919.018,3083450.0,3178.047,2.583204,,,,,,
1780434919.019,3083475.0,3178.058,2.583204,,,,,,
1780434919.079,3083500.0,3178.051,2.583204,,,,,,
1780434919.080,3083525.0,3178.058,2.583204,,,,,,
1780434919.143,3083550.0,3178.054,2.583204,,,,,,
1780434919.143,3083575.0,3178.061,2.583204,,,,,,
1780434919.144,3083600.0,3178.07,2.583267,,,,,,
1780434919.221,3083625.0,3178.074,2.583268,,,,,,
1780434919.222,3083650.0,3178.084,2.583268,,,,,,
1780434919.223,3083675.0,3178.08,2.583268,,,,,,
1780434919.284,3083700.0,3178.081,2.583268,,,,,,
1780434919.284,3083725.0,3178.073,2.583268,,,,,,
1780434919.347,3083750.0,3178.057,2.583268,,,,,,
1780434919.348,3083775.0,3178.066,2.583268,,,,,,
1780434919.348,3083800.0,3178.061,2.583268,,,,,,
1780434919.410,3083825.0,3178.048,2.583268,,,,,,
1780434919.411,3083850.0,3178.05,2.583268,,,,,,
1780434919.474,3083875.0,3178.063,2.583268,,,,,,
1780434919.475,3083900.0,3178.057,2.583267,,,,,,
1780434919.475,3083925.0,3178.047,2.583267,,,,,,
1780434919.538,3083950.0,3178.056,2.583267,,,,,,
1780434919.539,3083975.0,3178.013,2.583267,,,,,,
1780434919.600,3084000.0,3178.022,2.583267,,,,,,
1780434919.601,3084025.0,3177.997,2.583267,,,,,,
1780434919.601,3084050.0,3177.999,2.583267,,,,,,
1780434919.664,3084075.0,3178.011,2.583267,,,,,,
1780434919.665,3084100.0,3178.041,2.583267,,,,,,
1780434919.731,3084125.0,3178.034,2.583331,,,,,,
1780434919.731,3084150.0,3178.025,2.583331,,,,,,
1780434919.732,3084175.0,3178.031,2.583267,,,,,,
1780434919.794,3084200.0,3178.049,2.583267,,,,,,
1780434919.795,3084225.0,3178.05,2.583267,,,,,,
1780434919.795,3084250.0,3178.076,2.583267,,,,,,
1780434919.858,3084275.0,3178.08,2.583267,,,,,,
1780434919.858,3084300.0,3178.075,2.583268,,,,,,
1780434919.908,3084325.0,3178.08,2.583331,,,,,,
1780434919.908,3084350.0,3178.081,2.583331,,,,,,
1780434919.983,3084375.0,3178.08,2.583268,,,,,,
1780434919.984,3084400.0,3178.078,2.583268,,,,,,
1780434919.984,3084425.0,3178.07,2.583267,,,,,,
1780434920.043,3084450.0,3178.064,2.583267,,,,,,
1780434920.044,3084475.0,3178.056,2.583331,,,,,,
1780434920.045,3084500.0,3178.07,2.583331,,,,,,
1780434920.111,3084525.0,3178.088,2.583331,,,,,,
1780434920.112,3084550.0,3178.085,2.583331,,,,,,
1780434920.174,3084575.0,3178.098,2.583331,,,,,,
1780434920.175,3084600.0,3178.1,2.583331,,,,,,
1780434920.175,3084625.0,3178.087,2.583331,,,,,,
1780434920.237,3084650.0,3178.061,2.583331,,,,,,
1780434920.238,3084675.0,3178.072,2.583331,,,,,,
1780434920.300,3084700.0,3178.043,2.583331,,,,,,
1780434920.300,3084725.0,3178.051,2.583268,,,,,,
1780434920.301,3084750.0,3178.05,2.583268,,,,,,
1780434920.363,3084775.0,3178.047,2.583267,,,,,,
1780434920.364,3084800.0,3178.06,2.583267,,,,,,
1780434920.430,3084825.0,3178.063,2.583267,,,,,,
1780434920.431,3084850.0,3178.06,2.583204,,,,,,
1780434920.431,3084875.0,3178.07,2.583204,,,,,,
1780434920.496,3084900.0,3178.075,2.583204,,,,,,
1780434920.497,3084925.0,3178.069,2.583204,,,,,,
1780434920.499,3084950.0,3178.059,2.583204,,,,,,
1780434920.558,3084975.0,3178.08,2.583204,,,,,,
1780434920.559,3085000.0,3178.089,2.583204,,,,,,
1780434920.624,3085025.0,3178.077,2.583204,,,,,,
1780434920.625,3085050.0,3178.084,2.583204,,,,,,
1780434920.625,3085075.0,3178.083,2.583204,,,,,,
1780434920.677,3085100.0,3178.084,2.583204,,,,,,
1780434920.678,3085125.0,3178.084,2.583204,,,,,,
1780434920.737,3085150.0,3178.097,2.583204,,,,,,
1780434920.738,3085175.0,3178.103,2.583267,,,,,,
1780434920.800,3085200.0,3178.118,2.583267,,,,,,
1780434920.801,3085225.0,3178.144,2.583267,,,,,,
1780434920.801,3085250.0,3178.15,2.583267,,,,,,
1780434920.865,3085275.0,3178.136,2.583267,,,,,,
1780434920.865,3085300.0,3178.149,2.583267,,,,,,
1780434920.931,3085325.0,3178.105,2.583267,,,,,,
1780434920.931,3085350.0,3178.101,2.583268,,,,,,
1780434920.932,3085375.0,3178.109,2.583205,,,,,,
1780434920.997,3085400.0,3178.121,2.583205,,,,,,
1780434920.998,3085425.0,3178.113,2.583205,,,,,,
1780434920.999,3085450.0,3178.11,2.583205,,,,,,
1780434921.059,3085475.0,3178.113,2.583204,,,,,,
1780434921.060,3085500.0,3178.107,2.583204,,,,,,
1780434921.122,3085525.0,3178.115,2.583204,,,,,,
1780434921.122,3085550.0,3178.104,2.583204,,,,,,
1780434921.123,3085575.0,3178.104,2.583141,,,,,,
1780434921.175,3085600.0,3178.093,2.583204,,,,,,
1780434921.176,3085625.0,3178.097,2.583204,,,,,,
1780434921.241,3085650.0,3178.091,2.583204,,,,,,
1780434921.242,3085675.0,3178.091,2.583204,,,,,,
1780434921.245,3085701.0,3178.088,2.583204,,,,,,
1780434921.270,3085726.0,3178.083,2.583141,,,,,,
1780434921.304,3085751.0,3178.105,2.583141,,,,,,
1780434921.326,3085776.0,3178.087,2.583142,,,,,,
1780434921.357,3085801.0,3178.118,2.583142,,,,,,
1780434921.377,3085826.0,3178.098,2.583142,,,,,,
1780434921.399,3085851.0,3178.111,2.583142,,,,,,
1780434921.421,3085876.0,3178.115,2.583142,,,,,,
1780434921.454,3085901.0,3178.134,2.583141,,,,,,
1780434921.476,3085926.0,3178.105,2.583204,,,,,,
1780434921.496,3085951.0,3178.132,2.583204,,,,,,
1780434921.529,3085976.0,3178.125,2.583204,,,,,,
1780434921.552,3086001.0,3178.112,2.583204,,,,,,
1780434921.574,3086026.0,3178.109,2.583204,,,,,,
1780434921.596,3086051.0,3178.093,2.583204,,,,,,
1780434921.630,3086076.0,3178.086,2.583204,,,,,,
1780434921.645,3086101.0,3178.074,2.583205,,,,,status,l_h=11.800000 c_f=220.000000 q=25.000000
1780434921.709,3086126.0,3178.078,2.583205,,,,,,
1780434921.710,3086151.0,3178.052,2.583205,,,,,,
1780434921.774,3086176.0,3178.042,2.583205,,,,,,
1780434921.775,3086201.0,3178.044,2.583205,,,,,,
1780434921.776,3086226.0,3178.031,2.583204,,,,,,
1780434921.825,3086251.0,3178.031,2.583204,,,,,,
1780434921.826,3086276.0,3178.03,2.583204,,,,,,
1780434921.892,3086301.0,3178.018,2.583204,,,,,,
1780434921.892,3086326.0,3178.014,2.583267,,,,,,
1780434921.970,3086351.0,3178.005,2.583267,,,,,,
1780434921.971,3086376.0,3178.006,2.583331,,,,,,
1780434921.971,3086401.0,3177.999,2.583331,,,,,,
1780434921.972,3086426.0,3178.034,2.583268,,,,,,
1780434922.041,3086451.0,3178.025,2.583267,,,,,,
1780434922.042,3086476.0,3178.031,2.583267,,,,,,
1780434922.109,3086501.0,3178.021,2.583268,,,,,,
1780434922.109,3086526.0,3178.059,2.583268,,,,,,
1780434922.110,3086551.0,3178.036,2.583268,,,,,,
1780434922.158,3086576.0,3178.073,2.583268,,,,,,
1780434922.159,3086601.0,3178.087,2.583268,,,,,,
1780434922.231,3086626.0,3178.083,2.583268,,,,,,
1780434922.232,3086651.0,3178.068,2.583268,,,,,,
1780434922.232,3086676.0,3178.078,2.583267,,,,,,
1780434922.291,3086701.0,3178.073,2.583267,,,,,,
1780434922.291,3086726.0,3178.06,2.583267,,,,,,
1780434922.358,3086751.0,3178.062,2.583267,,,,,,
1780434922.359,3086776.0,3178.059,2.583267,,,,,,
1780434922.360,3086801.0,3178.056,2.583331,,,,,,
1780434922.426,3086826.0,3178.042,2.583331,,,,,,
1780434922.426,3086851.0,3178.044,2.583267,,,,,,
1780434922.427,3086876.0,3178.035,2.583331,,,,,,
1780434922.475,3086901.0,3178.054,2.583331,,,,,,
1780434922.476,3086926.0,3178.049,2.583331,,,,,,
1780434922.542,3086951.0,3178.054,2.583331,,,,,,
1780434922.543,3086976.0,3178.055,2.583331,,,,,,
1780434922.611,3087001.0,3178.03,2.583331,,,,,,
1780434922.612,3087026.0,3178.024,2.583331,,,,,,
1780434922.612,3087051.0,3177.981,2.583331,,,,,,
1780434922.675,3087076.0,3177.99,2.583331,,,,,,
1780434922.676,3087101.0,3177.981,2.583331,,,,,,
1780434922.676,3087126.0,3177.984,2.583331,,,,,,
1780434922.724,3087151.0,3178.0,2.583331,,,,,,
1780434922.725,3087176.0,3178.02,2.583267,,,,,,
1780434922.792,3087201.0,3178.02,2.583267,,,,,,
1780434922.793,3087226.0,3178.021,2.583267,,,,,,
1780434922.860,3087251.0,3178.019,2.583267,,,,,,
1780434922.861,3087276.0,3178.019,2.583267,,,,,,
1780434922.861,3087301.0,3178.023,2.583267,,,,,,
1780434922.909,3087326.0,3178.034,2.583267,,,,,,
1780434922.909,3087351.0,3178.038,2.583267,,,,,,
1780434922.974,3087376.0,3178.008,2.583267,,,,,,
1780434922.975,3087401.0,3178.022,2.583267,,,,,,
1780434922.975,3087426.0,3178.03,2.583267,,,,,,
1780434923.042,3087451.0,3178.032,2.583267,,,,,,
1780434923.043,3087476.0,3178.024,2.583267,,,,,,
1780434923.044,3087501.0,3178.019,2.583331,,,,,,
1780434923.108,3087526.0,3178.01,2.583331,,,,,,
1780434923.109,3087551.0,3178.019,2.58352,,,,,,
1780434923.177,3087576.0,3178.029,2.583457,,,,,,
1780434923.179,3087601.0,3178.028,2.583457,,,,,,
1780434923.180,3087626.0,3178.022,2.583457,,,,,,
1780434923.243,3087651.0,3178.031,2.583457,,,,,,
1780434923.243,3087676.0,3177.983,2.583457,,,,,,
1780434923.244,3087701.0,3177.974,2.583457,,,,,,
1780434923.310,3087726.0,3177.938,2.583457,,,,,,
1780434923.312,3087751.0,3177.925,2.58352,,,,,,
1780434923.376,3087776.0,3177.899,2.58352,,,,,,
1780434923.378,3087801.0,3177.913,2.58352,,,,,,
1780434923.379,3087826.0,3177.92,2.58352,,,,,,
1780434923.459,3087851.0,3177.908,2.58352,,,,,,
1780434923.459,3087876.0,3177.904,2.58352,,,,,,
1780434923.460,3087901.0,3177.893,2.58352,,,,,,
1780434923.511,3087926.0,3177.886,2.58352,,,,,,
1780434923.512,3087951.0,3177.895,2.58352,,,,,,
1780434923.577,3087976.0,3177.911,2.58352,,,,,,
1780434923.578,3088001.0,3177.885,2.58352,,,,,,
1780434923.579,3088026.0,3177.89,2.58352,,,,,,
1780434923.643,3088051.0,3177.896,2.583457,,,,,,
1780434923.652,3088076.0,3177.915,2.583457,,,,,,
1780434923.654,3088101.0,3177.917,2.583457,,,,,,
1780434923.725,3088126.0,3177.917,2.583394,,,,,,
1780434923.727,3088151.0,3177.883,2.583394,,,,,,
1780434923.728,3088176.0,3177.898,2.583394,,,,,,
1780434923.795,3088201.0,3177.876,2.583394,,,,,,
1780434923.797,3088226.0,3177.879,2.583394,,,,,,
1780434923.798,3088251.0,3177.87,2.583394,,,,,,
1780434923.875,3088276.0,3177.873,2.583394,,,,,,
1780434923.876,3088301.0,3177.866,2.583394,,,,,,
1780434923.877,3088326.0,3177.863,2.583394,,,,,,
1780434923.942,3088351.0,3177.85,2.583457,,,,,,
1780434923.944,3088376.0,3177.853,2.583457,,,,,,
1780434923.945,3088401.0,3177.817,2.583457,,,,,,
1780434924.010,3088426.0,3177.825,2.583457,,,,,,
1780434924.012,3088451.0,3177.783,2.583457,,,,,,
1780434924.062,3088476.0,3177.788,2.583457,,,,,,
1780434924.062,3088501.0,3177.793,2.583457,,,,,,
1780434924.142,3088526.0,3177.794,2.583457,,,,,,
1780434924.144,3088551.0,3177.806,2.58352,,,,,,
1780434924.145,3088576.0,3177.806,2.58352,,,,,,
1780434924.146,3088601.0,3177.806,2.58352,,,,,,
1780434924.206,3088626.0,3177.807,2.58352,,,,,,
1780434924.207,3088651.0,3177.8,2.58352,,,,,,
1780434924.275,3088676.0,3177.813,2.58352,,,,,,
1780434924.276,3088701.0,3177.803,2.58352,,,,,,
1780434924.277,3088726.0,3177.804,2.58352,,,,,,
1780434924.351,3088751.0,3177.807,2.583457,,,,,,
1780434924.351,3088776.0,3177.816,2.583457,,,,,,
1780434924.352,3088801.0,3177.818,2.583268,,,,,,
1780434924.414,3088826.0,3177.823,2.583268,,,,,,
1780434924.415,3088851.0,3177.827,2.583267,,,,,,
1780434924.473,3088876.0,3177.83,2.583204,,,,,,
1780434924.474,3088901.0,3177.837,2.583204,,,,,,
1780434924.475,3088926.0,3177.839,2.583204,,,,,,
1780434924.542,3088951.0,3177.858,2.583204,,,,,,
1780434924.543,3088976.0,3177.876,2.583204,,,,,,
1780434924.606,3089001.0,3177.877,2.583141,,,,,,
1780434924.606,3089026.0,3177.875,2.583141,,,,,,
1780434924.606,3089051.0,3177.888,2.583141,,,,,,
1780434924.669,3089076.0,3177.833,2.583141,,,,,,
1780434924.671,3089101.0,3177.822,2.583204,,,,,,
1780434924.672,3089126.0,3177.788,2.583204,,,,,,
1780434924.723,3089151.0,3177.787,2.583204,,,,,,
1780434924.723,3089176.0,3177.79,2.583204,,,,,,
1780434924.790,3089201.0,3177.787,2.583204,,,,,,
1780434924.791,3089226.0,3177.779,2.583204,,,,,,
1780434924.848,3089251.0,3177.786,2.583204,,,,,,
1780434924.849,3089276.0,3177.79,2.583268,,,,,,
1780434924.849,3089301.0,3177.771,2.583268,,,,,,
1780434924.916,3089326.0,3177.755,2.583268,,,,,,
1780434924.916,3089351.0,3177.749,2.583331,,,,,,
1780434924.979,3089376.0,3177.744,2.583331,,,,,,
1780434924.980,3089401.0,3177.759,2.583394,,,,,,
1780434924.980,3089426.0,3177.73,2.583394,,,,,,
1780434925.040,3089451.0,3177.75,2.583394,,,,,,
1780434925.041,3089476.0,3177.754,2.583394,,,,,,
1780434925.106,3089501.0,3177.76,2.583394,,,,,,
1780434925.106,3089526.0,3177.752,2.583394,,,,,,
1780434925.107,3089551.0,3177.768,2.583394,,,,,,
1780434925.169,3089576.0,3177.773,2.583394,,,,,,
1780434925.170,3089601.0,3177.79,2.583331,,,,,,
1780434925.170,3089626.0,3177.802,2.583331,,,,,,
1780434925.231,3089651.0,3177.779,2.583331,,,,,,
1780434925.232,3089676.0,3178.016,2.583457,,,,,,
1780434925.294,3089701.0,3182.311,2.58492,,,,,,
1780434925.294,3089726.0,3186.451,2.586383,,,,,,
1780434925.295,3089751.0,3190.668,2.587846,,,,,,
1780434925.359,3089776.0,3195.111,2.589308,,,,,,
1780434925.359,3089801.0,3199.488,2.590772,,,,,,
1780434925.425,3089826.0,3205.697,2.592813,,,,,,
1780434925.425,3089851.0,3212.238,2.594982,,,,,,
1780434925.426,3089876.0,3220.367,2.597604,,,,,,
1780434925.492,3089901.0,3228.847,2.600291,,,,,,
1780434925.493,3089926.0,3242.124,2.604412,,,,,,
1780434925.493,3089951.0,3259.042,2.609521,,,,,,
1780434925.541,3089976.0,3276.741,2.614829,,,,,,
1780434925.609,3090001.0,3298.865,2.621338,,,,,,
1780434925.610,3090026.0,3321.296,2.627913,,,,,,
1780434925.610,3090051.0,3343.604,2.634422,,,,,,
1780434925.669,3090076.0,3365.882,2.640997,,,,,,
1780434925.670,3090101.0,3388.105,2.647506,,,,,,
1780434925.671,3090126.0,3410.384,2.654081,,,,,,
1780434925.723,3090151.0,3432.602,2.660589,,,,,,
1780434925.724,3090176.0,3454.86,2.667165,,,,,,
1780434925.784,3090201.0,3477.073,2.673673,,,,,,
1780434925.785,3090226.0,3499.302,2.680182,,,,,,
1780434925.847,3090251.0,3521.606,2.68669,,,,,,
1780434925.848,3090276.0,3543.896,2.693198,,,,,,
1780434925.848,3090301.0,3566.193,2.699774,,,,,,
1780434925.910,3090326.0,3588.509,2.706282,,,,,,
1780434925.911,3090351.0,3610.779,2.712728,,,,,,
1780434925.974,3090376.0,3633.223,2.719236,,,,,,
1780434925.974,3090401.0,3655.686,2.725744,,,,,,
1780434925.975,3090426.0,3678.104,2.73232,,,,,,
1780434926.037,3090451.0,3700.536,2.738895,,,,,,
1780434926.037,3090476.0,3722.95,2.745471,,,,,,
1780434926.100,3090501.0,3745.182,2.751979,,,,,,
1780434926.100,3090526.0,3767.188,2.758424,,,,,,
1780434926.101,3090551.0,3789.091,2.764866,,,,,,
1780434926.164,3090576.0,3809.747,2.770972,,,,,,
1780434926.164,3090601.0,3825.565,2.775688,,,,,,
1780434926.224,3090626.0,3841.093,2.780402,,,,,,
1780434926.225,3090651.0,3856.173,2.78492,,,,,,
1780434926.225,3090676.0,3870.601,2.789369,,,,,,
1780434926.291,3090701.0,3884.621,2.793687,,,,,,
1780434926.291,3090726.0,3898.334,2.79794,,,,,,
1780434926.356,3090751.0,3911.587,2.802061,,,,,,
1780434926.357,3090776.0,3924.136,2.80605,,,,,,
1780434926.358,3090801.0,3935.924,2.809844,,,,,,
1780434926.409,3090826.0,3944.595,2.81266,,,,,,
1780434926.409,3090851.0,3948.481,2.813995,,,,,,
1780434926.475,3090876.0,3952.294,2.81533,,,,,,
1780434926.476,3090901.0,3955.982,2.816538,,,,,,
1780434926.477,3090926.0,3959.166,2.817554,,,,,,
1780434926.544,3090951.0,3958.169,2.817235,,,,,,
1780434926.545,3090976.0,3957.22,2.816851,,,,,,
1780434926.545,3091001.0,3956.076,2.816467,,,,,,
1780434926.611,3091026.0,3954.458,2.815956,,,,,,
1780434926.612,3091051.0,3952.757,2.815381,,,,,,
1780434926.667,3091076.0,3948.776,2.814164,,,,,,
1780434926.669,3091101.0,3944.314,2.812756,,,,,,
1780434926.670,3091126.0,3938.288,2.810831,,,,,,
1780434926.729,3091151.0,3931.88,2.808905,,,,,,
1780434926.729,3091176.0,3920.681,2.805481,,,,,,
1780434926.791,3091201.0,3905.828,2.801131,,,,,,
1780434926.792,3091226.0,3890.226,2.796584,,,,,,
1780434926.855,3091251.0,3870.178,2.790773,,,,,,
1780434926.855,3091276.0,3849.831,2.784958,,,,,,
1780434926.856,3091301.0,3829.572,2.77921,,,,,,
1780434926.917,3091326.0,3809.331,2.773395,,,,,,
1780434926.918,3091351.0,3789.151,2.767647,,,,,,
1780434926.919,3091376.0,3768.956,2.761769,,,,,,
1780434926.981,3091401.0,3748.89,2.756021,,,,,,
1780434926.981,3091426.0,3728.802,2.750206,,,,,,
1780434927.047,3091451.0,3709.03,2.744585,,,,,,
1780434927.048,3091476.0,3689.378,2.738965,,,,,,
1780434927.049,3091501.0,3669.824,2.733408,,,,,,
1780434927.111,3091526.0,3650.318,2.727851,,,,,,
1780434927.112,3091551.0,3630.899,2.722227,,,,,,
1780434927.174,3091576.0,3611.413,2.71667,,,,,,
1780434927.176,3091601.0,3592.33,2.711177,,,,,,
1780434927.177,3091626.0,3573.021,2.705748,,,,,,
1780434927.259,3091651.0,3554.14,2.700382,,,,,,
1780434927.260,3091676.0,3535.996,2.695206,,,,,,
1780434927.261,3091701.0,3518.48,2.690221,,,,,,
1780434927.311,3091726.0,3501.328,2.685364,,,,,,
1780434927.312,3091751.0,3485.095,2.680704,,,,,,
1780434927.367,3091776.0,3470.41,2.676494,,,,,,
1780434927.368,3091801.0,3457.332,2.672804,,,,,,
1780434927.369,3091826.0,3448.573,2.67036,,,,,,
1780434927.429,3091851.0,3445.314,2.669439,,,,,,
1780434927.430,3091876.0,3444.943,2.669307,,,,,,
1780434927.489,3091901.0,3446.308,2.669638,,,,,,
1780434927.490,3091926.0,3449.578,2.670497,,,,,,
1780434927.557,3091951.0,3453.778,2.671553,,,,,,
1780434927.558,3091976.0,3458.225,2.672676,,,,,,
1780434927.558,3092001.0,3463.166,2.673996,,,,,,
1780434927.625,3092026.0,3473.3,2.676582,,,,,,
1780434927.626,3092051.0,3488.934,2.680577,,,,,,
1780434927.627,3092076.0,3507.489,2.685482,,,,,,
1780434927.683,3092101.0,3530.713,2.691868,,,,,,
1780434927.683,3092126.0,3554.101,2.698255,,,,,,
1780434927.740,3092151.0,3577.609,2.704769,,,,,,
1780434927.741,3092176.0,3601.315,2.711347,,,,,,
1780434927.809,3092201.0,3625.244,2.717925,,,,,,
1780434927.810,3092226.0,3649.197,2.724567,,,,,,
1780434927.810,3092251.0,3673.325,2.731208,,,,,,
1780434927.875,3092276.0,3697.718,2.737978,,,,,,
1780434927.876,3092301.0,3722.241,2.744747,,,,,,
1780434927.876,3092326.0,3747.271,2.751643,,,,,,
1780434927.937,3092351.0,3772.457,2.758671,,,,,,
1780434927.937,3092376.0,3797.672,2.765696,,,,,,
1780434927.987,3092401.0,3822.935,2.772723,,,,,,
1780434927.987,3092426.0,3848.186,2.779815,,,,,,
1780434928.051,3092451.0,3873.334,2.786776,,,,,,
1780434928.053,3092476.0,3898.187,2.793668,,,,,,
1780434928.054,3092501.0,3922.598,2.800557,,,,,,
1780434928.115,3092526.0,3946.829,2.807314,,,,,,
1780434928.117,3092551.0,3970.956,2.814072,,,,,,
1780434928.177,3092576.0,3994.835,2.820761,,,,,,
1780434928.178,3092601.0,4018.316,2.827316,,,,,,
1780434928.178,3092626.0,4041.494,2.833867,,,,,,
1780434928.240,3092651.0,4064.221,2.840287,,,,,,
1780434928.241,3092676.0,4086.466,2.846572,,,,,,
1780434928.304,3092701.0,4108.088,2.852596,,,,,,
1780434928.306,3092726.0,4129.202,2.858552,,,,,,
1780434928.307,3092751.0,4149.781,2.864377,,,,,,
1780434928.373,3092776.0,4169.897,2.870135,,,,,,
1780434928.374,3092801.0,4189.593,2.875826,,,,,,
1780434928.374,3092826.0,4208.722,2.881315,,,,,,
1780434928.430,3092851.0,4226.889,2.886608,,,,,,
1780434928.430,3092876.0,4244.591,2.891769,,,,,,
1780434928.489,3092901.0,4261.017,2.8966,,,,,,
1780434928.489,3092926.0,4276.157,2.901041,,,,,,
1780434928.557,3092951.0,4290.113,2.905157,,,,,,
1780434928.557,3092976.0,4303.038,2.909012,,,,,,
1780434928.558,3093001.0,4315.235,2.912672,,,,,,
1780434928.619,3093026.0,4325.888,2.915814,,,,,,
1780434928.620,3093051.0,4334.908,2.918504,,,,,,
1780434928.620,3093076.0,4340.221,2.920149,,,,,,
1780434928.683,3093101.0,4344.649,2.921533,,,,,,
1780434928.684,3093126.0,4346.176,2.922061,,,,,,
1780434928.739,3093151.0,4346.596,2.922326,,,,,,
1780434928.739,3093176.0,4345.852,2.922193,,,,,,
1780434928.812,3093201.0,4344.612,2.921994,,,,,,
1780434928.813,3093226.0,4343.192,2.921795,,,,,,
1780434928.813,3093251.0,4341.619,2.921397,,,,,,
1780434928.877,3093276.0,4335.543,2.919931,,,,,,
1780434928.879,3093301.0,4324.799,2.917253,,,,,,
1780434928.879,3093326.0,4314.443,2.914707,,,,,,
1780434928.940,3093351.0,4304.379,2.912162,,,,,,
1780434928.941,3093376.0,4294.503,2.90975,,,,,,
1780434929.003,3093401.0,4284.565,2.907205,,,,,,
1780434929.004,3093426.0,4274.717,2.904792,,,,,,
1780434929.005,3093451.0,4265.053,2.90238,,,,,,
1780434929.066,3093476.0,4255.778,2.9001,,,,,,
1780434929.066,3093501.0,4246.753,2.897886,,,,,,
1780434929.129,3093526.0,4238.675,2.895873,,,,,,
1780434929.130,3093551.0,4230.556,2.893925,,,,,,
1780434929.131,3093576.0,4222.722,2.892044,,,,,,
1780434929.192,3093601.0,4215.588,2.89023,,,,,,
1780434929.193,3093626.0,4209.087,2.888683,,,,,,
1780434929.193,3093651.0,4202.979,2.887202,,,,,,
1780434929.258,3093676.0,4197.22,2.88572,,,,,,
1780434929.258,3093701.0,4191.981,2.884441,,,,,,
1780434929.322,3093726.0,4187.453,2.883363,,,,,,
1780434929.323,3093751.0,4183.715,2.88242,,,,,,
1780434929.324,3093776.0,4180.596,2.881612,,,,,,
1780434929.385,3093801.0,4177.918,2.880938,,,,,,
1780434929.385,3093826.0,4175.836,2.880399,,,,,,
1780434929.448,3093851.0,4174.289,2.879994,,,,,,
1780434929.449,3093876.0,4173.25,2.879726,,,,,,
1780434929.449,3093901.0,4172.807,2.879591,,,,,,
1780434929.511,3093926.0,4172.842,2.879524,,,,,,
1780434929.512,3093951.0,4173.265,2.879658,,,,,,
1780434929.576,3093976.0,4174.302,2.87986,,,,,,
1780434929.578,3094001.0,4176.032,2.880264,,,,,,
1780434929.579,3094026.0,4178.225,2.880734,,,,,,
1780434929.639,3094051.0,4180.639,2.881273,,,,,,
1780434929.640,3094076.0,4183.905,2.882079,,,,,,
1780434929.702,3094101.0,4190.519,2.883628,,,,,,
1780434929.703,3094126.0,4197.571,2.885311,,,,,,
1780434929.704,3094151.0,4205.573,2.887262,,,,,,
1780434929.768,3094176.0,4214.954,2.889549,,,,,,
1780434929.769,3094201.0,4225.081,2.89197,,,,,,
1780434929.769,3094226.0,4235.875,2.894525,,,,,,
1780434929.834,3094251.0,4246.646,2.897213,,,,,,
1780434929.834,3094276.0,4257.632,2.899899,,,,,,
1780434929.896,3094301.0,4268.84,2.902586,,,,,,
1780434929.896,3094326.0,4280.625,2.905474,,,,,,
1780434929.897,3094351.0,4292.708,2.908427,,,,,,
1780434929.960,3094376.0,4304.549,2.911378,,,,,,
1780434929.961,3094401.0,4315.078,2.91399,,,,,,
1780434930.023,3094426.0,4325.351,2.916536,,,,,,
1780434930.024,3094451.0,4334.295,2.918742,,,,,,
1780434930.024,3094476.0,4343.334,2.920949,,,,,,
1780434930.087,3094501.0,4352.356,2.923289,,,,,,
1780434930.088,3094526.0,4361.153,2.925495,,,,,,
1780434930.150,3094551.0,4369.564,2.927633,,,,,,
1780434930.151,3094576.0,4377.423,2.929638,,,,,,
1780434930.151,3094601.0,4384.878,2.931507,,,,,,
1780434930.205,3094626.0,4391.791,2.933177,,,,,,
1780434930.206,3094651.0,4398.596,2.93498,,,,,,
1780434930.277,3094676.0,4405.199,2.936583,,,,,,
1780434930.277,3094701.0,4411.518,2.938186,,,,,,
1780434930.277,3094726.0,4417.535,2.939656,,,,,,
1780434930.340,3094751.0,4423.121,2.941059,,,,,,
1780434930.341,3094776.0,4427.722,2.942196,,,,,,
1780434930.407,3094801.0,4432.343,2.943334,,,,,,
1780434930.408,3094826.0,4436.609,2.944338,,,,,,
1780434930.408,3094851.0,4440.138,2.945208,,,,,,
1780434930.455,3094876.0,4443.013,2.945946,,,,,,
1780434930.456,3094901.0,4445.462,2.946482,,,,,,
1780434930.527,3094926.0,4447.492,2.947018,,,,,,
1780434930.528,3094951.0,4449.137,2.947421,,,,,,
1780434930.529,3094976.0,4450.358,2.94769,,,,,,
1780434930.591,3095001.0,4451.239,2.947891,,,,,,
1780434930.592,3095026.0,4451.669,2.948025,,,,,,
1780434931.218,3095649.0,4451.567,2.947958,,,,,calibrate,
1780434931.218,3095674.0,4451.139,2.947824,,,,,,
1780434931.273,3095699.0,4450.54,2.947689,,,,,,
1780434931.273,3095724.0,4449.699,2.947488,,,,,,
1780434931.342,3095749.0,4448.647,2.947219,,,,,,
1780434931.343,3095774.0,4447.589,2.947084,,,,,,
1780434931.343,3095799.0,4446.425,2.946815,,,,,,
1780434931.406,3095824.0,4445.01,2.946546,,,,,,
1780434931.406,3095849.0,4443.284,2.946142,,,,,,
1780434931.474,3095874.0,4441.556,2.945738,,,,,,
1780434931.475,3095899.0,4439.905,2.945334,,,,,,
1780434931.476,3095924.0,4438.023,2.944797,,,,,,
1780434931.534,3095949.0,4433.387,2.943717,,,,,,
1780434931.534,3095974.0,4428.853,2.942569,,,,,,
1780434931.597,3095999.0,4424.066,2.941355,,,,,,
1780434931.597,3096024.0,4418.551,2.939937,,,,,,
1780434931.598,3096049.0,4412.837,2.938518,,,,,,
1780434931.660,3096074.0,4407.098,2.937167,,,,,,
1780434931.661,3096099.0,4401.369,2.935748,,,,,,
1780434931.724,3096124.0,4395.654,2.934397,,,,,,
1780434931.726,3096149.0,4389.944,2.933046,,,,,,
1780434931.727,3096174.0,4384.239,2.931627,,,,,,
1780434931.788,3096199.0,4378.483,2.930141,,,,,,
1780434931.789,3096224.0,4373.243,2.928858,,,,,,
1780434931.857,3096249.0,4369.131,2.927779,,,,,,
1780434931.857,3096274.0,4365.167,2.926768,,,,,,
1780434931.858,3096299.0,4362.494,2.926095,,,,,,
1780434931.922,3096324.0,4359.929,2.925421,,,,,,
1780434931.923,3096349.0,4357.511,2.924815,,,,,,
1780434931.923,3096374.0,4355.354,2.924209,,,,,,
1780434931.976,3096399.0,4353.498,2.923738,,,,,,
1780434931.977,3096424.0,4352.005,2.923334,,,,,,
1780434932.040,3096449.0,4350.725,2.923065,,,,,,
1780434932.041,3096474.0,4349.761,2.922796,,,,,,
1780434932.043,3096499.0,4349.011,2.922594,,,,,,
1780434932.102,3096524.0,4348.413,2.92246,,,,,,
1780434932.103,3096549.0,4347.842,2.922326,,,,,,
1780434932.166,3096574.0,4347.215,2.922191,,,,,,
1780434932.167,3096599.0,4346.723,2.92199,,,,,,
1780434932.168,3096624.0,4346.262,2.921922,,,,,,
1780434932.229,3096649.0,4345.772,2.921721,,,,,,
1780434932.230,3096674.0,4345.313,2.921586,,,,,,
1780434932.293,3096699.0,4344.884,2.921519,,,,,,
1780434932.294,3096724.0,4344.439,2.921385,,,,,,
1780434932.296,3096749.0,4344.001,2.921251,,,,,,
1780434932.350,3096774.0,4343.648,2.921116,,,,,,
1780434932.350,3096799.0,4343.286,2.920982,,,,,,
1780434932.420,3096824.0,4342.929,2.920915,,,,,,
1780434932.421,3096849.0,4342.548,2.920847,,,,,,
1780434932.422,3096874.0,4342.186,2.92078,,,,,,
1780434932.489,3096899.0,4342.044,2.92078,,,,,,
1780434932.490,3096924.0,4341.89,2.920713,,,,,,
1780434932.557,3096949.0,4341.712,2.920713,,,,,,
1780434932.557,3096974.0,4341.567,2.920713,,,,,,
1780434932.558,3096999.0,4341.402,2.920646,,,,,,
1780434932.605,3097024.0,4341.259,2.920512,,,,,,
1780434932.605,3097049.0,4341.181,2.920512,,,,,,
1780434932.635,3097074.0,4341.073,2.921307,,,,,,
1780434932.647,3097099.0,4340.955,2.921336,,,,,,
1780434932.670,3097124.0,4340.829,2.921367,,,,,,
1780434932.703,3097149.0,4340.738,2.921389,,,,,,
1780434932.725,3097174.0,4340.669,2.921474,,,,,,
1780434932.756,3097199.0,4340.589,2.921426,,,,,,
1780434932.768,3097224.0,4340.497,2.921449,,,,,,
1780434932.801,3097249.0,4340.502,2.921448,,,,,,
1780434932.824,3097274.0,4340.397,2.921474,,,,,,
1780434932.846,3097299.0,4340.319,2.921493,,,,,,
1780434932.869,3097324.0,4340.31,2.921428,,,,,,
1780434932.902,3097349.0,4340.227,2.921449,,,,,,
1780434932.925,3097374.0,4340.191,2.921391,,,,,,
1780434932.948,3097399.0,4340.067,2.921354,,,,,,
1780434932.970,3097424.0,4339.938,2.921386,,,,,,
1780434932.993,3097449.0,4339.819,2.921483,,,,,,
1780434933.020,3097474.0,4339.732,2.921437,,,,,rotate on,OK rotated on
1780434933.077,3097499.0,4339.662,2.921521,,,,,,
1780434933.079,3097524.0,4339.576,2.921543,,,,,,
1780434933.146,3097549.0,4339.589,2.921607,,,,,,
1780434933.147,3097574.0,4339.583,2.921675,,,,,,
1780434933.148,3097599.0,4339.634,2.921595,,,,,,
1780434933.208,3097624.0,4339.602,2.921603,,,,,,
1780434933.209,3097649.0,4339.584,2.921608,,,,,,
1780434933.264,3097674.0,4339.544,2.921618,,,,,,
1780434933.265,3097699.0,4339.53,2.921621,,,,,,
1780434933.319,3097724.0,4339.449,2.921708,,,,,,
1780434933.320,3097749.0,4339.363,2.92173,,,,,,
1780434933.321,3097774.0,4339.305,2.921677,,,,,,
1780434933.379,3097799.0,4339.172,2.921643,,,,,,
1780434933.380,3097824.0,4339.113,2.92159,,,,,,
1780434933.458,3097849.0,4339.013,2.921682,,,,,,
1780434933.460,3097874.0,4338.915,2.921639,,,,,,
1780434933.461,3097899.0,4338.837,2.921658,,,,,,
1780434933.510,3097924.0,4338.789,2.92167,,,,,,
1780434933.511,3097949.0,4338.729,2.921618,,,,,,
1780434933.591,3097974.0,4338.641,2.92164,,,,,,
1780434933.593,3097999.0,4338.583,2.921654,,,,,,
1780434933.594,3098024.0,4338.527,2.921668,,,,,,
1780434933.595,3098049.0,4338.454,2.921686,,,,,,
1780434933.643,3098074.0,4338.405,2.921631,,,,,,
1780434933.644,3098099.0,4338.342,2.921646,,,,,,
1780434933.699,3098124.0,4338.297,2.92159,,,,,,
1780434933.701,3098149.0,4338.269,2.921597,,,,,,
1780434933.797,3098174.0,4338.205,2.92168,,,,,,
1780434933.798,3098199.0,4338.179,2.92162,,,,,,
1780434933.799,3098224.0,4338.166,2.921556,,,,,,
1780434933.800,3098249.0,4338.083,2.921643,,,,,,
1780434933.893,3098274.0,4338.004,2.92173,,,,,,
1780434933.894,3098299.0,4337.916,2.921752,,,,,,
1780434933.895,3098324.0,4337.921,2.921684,,,,,,
1780434933.897,3098349.0,4337.852,2.921633,,,,,,
1780434933.977,3098374.0,4337.795,2.92158,,,,,,
1780434933.978,3098399.0,4337.729,2.92153,,,,,,
1780434933.979,3098424.0,4337.638,2.921552,,,,,,
1780434934.043,3098449.0,4337.498,2.921587,,,,,,
1780434934.044,3098474.0,4337.398,2.921544,,,,,,
1780434934.045,3098499.0,4337.307,2.921567,,,,,,
1780434934.142,3098524.0,4337.276,2.921641,,,,,,
1780434934.143,3098549.0,4337.202,2.921727,,,,,,
1780434934.145,3098574.0,4337.064,2.921761,,,,,,
1780434934.146,3098599.0,4337.041,2.9217,,,,,,
1780434934.211,3098624.0,4336.92,2.92173,,,,,,
1780434934.212,3098649.0,4336.828,2.921819,,,,,,
1780434934.277,3098674.0,4336.793,2.921828,,,,,,
1780434934.278,3098699.0,4336.805,2.921758,,,,,,
1780434934.279,3098724.0,4336.756,2.92177,,,,,,
1780434934.326,3098749.0,4336.757,2.921702,,,,,,
1780434934.326,3098774.0,4336.753,2.921704,,,,,,
1780434934.390,3098799.0,4336.705,2.921715,,,,,,
1780434934.392,3098824.0,4336.6,2.921674,,,,,,
1780434934.393,3098849.0,4336.482,2.921704,,,,,,
1780434934.453,3098874.0,4336.398,2.921724,,,,,,
1780434934.454,3098899.0,4336.332,2.921741,,,,,,
1780434934.513,3098924.0,4336.292,2.921684,,,,,,
1780434934.515,3098949.0,4336.302,2.921614,,,,,,
1780434934.592,3098974.0,4336.269,2.921555,,,,,,
1780434934.594,3098999.0,4336.208,2.921503,,,,,,
1780434934.595,3099024.0,4336.112,2.921526,,,,,,
1780434934.597,3099049.0,4336.111,2.921527,,,,,,
1780434934.660,3099074.0,4336.055,2.921608,,,,,,
1780434934.660,3099099.0,4336.007,2.92162,,,,,,
1780434934.726,3099124.0,4335.971,2.921628,,,,,,
1780434934.727,3099149.0,4335.891,2.921648,,,,,,
1780434934.727,3099174.0,4335.771,2.921678,,,,,,
1780434934.775,3099199.0,4335.711,2.92176,,,,,,
1780434934.776,3099224.0,4335.617,2.921716,,,,,,
1780434934.821,3099249.0,4335.495,2.921746,,,,,,
1780434934.821,3099274.0,4335.365,2.921778,,,,,,
1780434934.887,3099299.0,4335.266,2.921803,,,,,,
1780434934.887,3099324.0,4335.098,2.921844,,,,,,
1780434934.957,3099349.0,4334.973,2.921808,,,,,,
1780434934.957,3099374.0,4334.855,2.921837,,,,,,
1780434934.958,3099399.0,4334.693,2.92181,,,,,,
1780434935.009,3099424.0,4334.581,2.921771,,,,,,
1780434935.011,3099449.0,4334.499,2.921791,,,,,,
1780434935.074,3099474.0,4334.375,2.921822,,,,,,
1780434935.075,3099499.0,4334.289,2.921776,,,,,,
1780434935.075,3099524.0,4334.158,2.921741,,,,,,
1780434935.139,3099549.0,4334.008,2.921711,,,,,,
1780434935.139,3099574.0,4333.854,2.921749,,,,,,
1780434935.190,3099599.0,4333.796,2.921763,,,,,,
1780434935.190,3099624.0,4333.665,2.921796,,,,,,
1780434935.263,3099649.0,4333.524,2.92183,,,,,,
1780434935.265,3099674.0,4333.437,2.921785,,,,,,
1780434935.266,3099699.0,4333.414,2.921791,,,,,,
1780434935.267,3099724.0,4333.367,2.921802,,,,,,
1780434935.332,3099749.0,4333.391,2.921796,,,,,,
1780434935.334,3099774.0,4333.282,2.921756,,,,,,
1780434935.396,3099799.0,4333.721,2.921715,,,,,,
1780434935.397,3099824.0,4334.349,2.921694,,,,,,
1780434935.398,3099849.0,4335.076,2.921716,,,,,,
1780434935.458,3099874.0,4336.216,2.921702,,,,,,
1780434935.459,3099899.0,4337.505,2.921653,,,,,,
1780434935.523,3099924.0,4338.878,2.921582,,,,,,
1780434935.524,3099949.0,4340.549,2.921572,,,,,,
1780434935.525,3099974.0,4342.332,2.921602,,,,,,
1780434935.585,3099999.0,4344.155,2.921622,,,,,,
1780434935.586,3100024.0,4346.154,2.921666,,,,,,
1780434935.650,3100049.0,4347.975,2.92162,,,,,,
1780434935.652,3100074.0,4349.841,2.921629,,,,,,
1780434935.653,3100099.0,4351.968,2.921574,,,,,,
1780434935.711,3100124.0,4356.77,2.921601,,,,,,
1780434935.712,3100149.0,4361.584,2.921558,,,,,,
1780434935.777,3100174.0,4366.405,2.92158,,,,,,
1780434935.777,3100199.0,4371.129,2.921626,,,,,,
1780434935.778,3100224.0,4375.925,2.921587,,,,,,
1780434935.835,3100249.0,4380.802,2.921596,,,,,,
1780434935.836,3100274.0,4385.654,2.92161,,,,,,
1780434935.892,3100299.0,4390.536,2.921618,,,,,,
1780434935.893,3100324.0,4395.387,2.921565,,,,,,
1780434935.894,3100349.0,4400.272,2.921504,,,,,,
1780434935.957,3100374.0,4405.242,2.92149,,,,,,
1780434935.957,3100399.0,4410.252,2.921466,,,,,,
1780434936.023,3100424.0,4415.103,2.921481,,,,,,
1780434936.023,3100449.0,4419.907,2.92144,,,,,,
1780434936.024,3100474.0,4422.64,2.921438,,,,,,
1780434936.080,3100499.0,4424.799,2.921442,,,,,,
1780434936.081,3100524.0,4426.775,2.921425,,,,,,
1780434936.143,3100549.0,4428.671,2.921427,,,,,,
1780434936.143,3100574.0,4430.356,2.921413,,,,,,
1780434936.144,3100599.0,4431.659,2.921427,,,,,,
1780434936.207,3100624.0,4432.675,2.921378,,,,,,
1780434936.208,3100649.0,4433.408,2.921398,,,,,,
1780434936.275,3100674.0,4433.744,2.921382,,,,,,
1780434936.276,3100699.0,4433.655,2.921404,,,,,,
1780434936.277,3100724.0,4433.193,2.921451,,,,,,
1780434936.336,3100749.0,4432.653,2.92145,,,,,,
1780434936.338,3100774.0,4431.96,2.921421,,,,,,
1780434936.398,3100799.0,4430.725,2.921391,,,,,,
1780434936.400,3100824.0,4428.967,2.921423,,,,,,
1780434936.401,3100849.0,4426.439,2.921446,,,,,,
1780434936.456,3100874.0,4423.005,2.921492,,,,,,
1780434936.458,3100899.0,4419.155,2.921508,,,,,,
1780434936.525,3100924.0,4414.68,2.921479,,,,,,
1780434936.526,3100949.0,4409.61,2.921464,,,,,,
1780434936.527,3100974.0,4403.978,2.921456,,,,,,
1780434936.587,3100999.0,4398.088,2.921511,,,,,,
1780434936.588,3101024.0,4392.089,2.921461,,,,,,
1780434936.651,3101049.0,4385.33,2.921398,,,,,,
1780434936.652,3101074.0,4377.979,2.92135,,,,,,
1780434936.652,3101099.0,4369.905,2.92128,,,,,,
1780434936.714,3101124.0,4361.275,2.921215,,,,,,
1780434936.716,3101149.0,4352.738,2.921126,,,,,,
1780434936.717,3101174.0,4344.173,2.921109,,,,,,
1780434936.777,3101199.0,4335.327,2.921095,,,,,,
1780434936.778,3101224.0,4326.18,2.921022,,,,,,
1780434936.843,3101249.0,4316.833,2.920998,,,,,,
1780434936.844,3101274.0,4307.361,2.920938,,,,,,
1780434936.845,3101299.0,4298.103,2.920892,,,,,,
1780434936.900,3101324.0,4289.072,2.92079,,,,,,
1780434936.901,3101349.0,4279.945,2.920778,,,,,,
1780434936.956,3101374.0,4268.453,2.920739,,,,,,
1780434936.957,3101399.0,4257.334,2.920741,,,,,,
1780434937.019,3101424.0,4246.041,2.920719,,,,,,
1780434937.021,3101449.0,4235.016,2.920697,,,,,,
1780434937.022,3101474.0,4224.22,2.920753,,,,,,
1780434937.081,3101499.0,4213.642,2.920753,,,,,,
1780434937.082,3101524.0,4203.884,2.920749,,,,,,
1780434937.145,3101549.0,4194.464,2.920729,,,,,,
1780434937.146,3101574.0,4185.409,2.920751,,,,,,
1780434937.147,3101599.0,4176.9,2.920772,,,,,,
1780434937.222,3101624.0,4168.942,2.920789,,,,,,
1780434937.223,3101649.0,4161.561,2.920864,,,,,,
1780434937.225,3101674.0,4154.747,2.920799,,,,,,
1780434937.308,3101699.0,4148.306,2.920774,,,,,,
1780434937.309,3101724.0,4144.617,2.920745,,,,,,
1780434937.310,3101749.0,4141.626,2.920746,,,,,,
1780434937.355,3101774.0,4139.42,2.920753,,,,,,
1780434937.356,3101799.0,4137.372,2.920789,,,,,,
1780434937.405,3101824.0,4135.774,2.920781,,,,,,
1780434937.406,3101849.0,4134.819,2.920748,,,,,,
1780434937.461,3101874.0,4134.217,2.920762,,,,,,
1780434937.463,3101899.0,4134.19,2.920702,,,,,,
1780434937.527,3101924.0,4134.695,2.920644,,,,,,
1780434937.528,3101949.0,4135.554,2.920633,,,,,,
1780434937.529,3101974.0,4136.92,2.920564,,,,,,
1780434937.592,3101999.0,4138.586,2.920555,,,,,,
1780434937.593,3102024.0,4140.521,2.920546,,,,,,
1780434937.594,3102049.0,4143.471,2.920555,,,,,,
1780434937.644,3102074.0,4149.55,2.920465,,,,,,
1780434937.645,3102099.0,4156.478,2.920433,,,,,,
1780434937.712,3102124.0,4164.373,2.920363,,,,,,
1780434937.714,3102149.0,4172.758,2.920304,,,,,,
1780434937.775,3102174.0,4181.753,2.920362,,,,,,
1780434937.775,3102199.0,4191.331,2.920341,,,,,,
1780434937.776,3102224.0,4201.417,2.920327,,,,,,
1780434937.840,3102249.0,4211.715,2.920261,,,,,,
1780434937.841,3102274.0,4222.265,2.920332,,,,,,
1780434937.843,3102299.0,4233.077,2.920405,,,,,,
1780434937.911,3102324.0,4244.346,2.92043,,,,,,
1780434937.913,3102349.0,4256.282,2.920489,,,,,,
1780434937.967,3102374.0,4268.361,2.920579,,,,,,
1780434937.967,3102399.0,4280.25,2.92065,,,,,,
1780434937.968,3102424.0,4292.11,2.920662,,,,,,
1780434938.031,3102449.0,4303.872,2.920699,,,,,,
1780434938.032,3102474.0,4315.852,2.920815,,,,,,
1780434938.093,3102499.0,4326.588,2.920833,,,,,,
1780434938.094,3102524.0,4337.062,2.920849,,,,,,
1780434938.095,3102549.0,4347.469,2.920948,,,,,,
1780434938.157,3102574.0,4356.472,2.921057,,,,,,
1780434938.158,3102599.0,4365.34,2.921133,,,,,,
1780434938.210,3102624.0,4373.865,2.921161,,,,,,
1780434938.211,3102649.0,4381.294,2.921194,,,,,,
1780434938.269,3102674.0,4388.452,2.921225,,,,,,
1780434938.270,3102699.0,4394.562,2.921181,,,,,,
1780434938.271,3102724.0,4400.109,2.92121,,,,,,
1780434938.332,3102749.0,4405.339,2.921183,,,,,,
1780434938.334,3102774.0,4409.319,2.9212,,,,,,
1780434938.395,3102799.0,4412.23,2.92128,,,,,,
1780434938.397,3102824.0,4414.294,2.921304,,,,,,
1780434938.398,3102849.0,4415.353,2.921308,,,,,,
1780434938.459,3102874.0,4415.206,2.921345,,,,,,
1780434938.460,3102899.0,4413.959,2.921319,,,,,,
1780434938.522,3102924.0,4411.859,2.921372,,,,,,
1780434938.523,3102949.0,4409.029,2.921405,,,,,,
1780434938.523,3102974.0,4405.184,2.921422,,,,,,
1780434938.586,3102999.0,4401.14,2.921422,,,,,,
1780434938.587,3103024.0,4396.121,2.921462,,,,,,
1780434938.650,3103049.0,4390.841,2.921432,,,,,,
1780434938.651,3103074.0,4384.844,2.921448,,,,,,
1780434938.651,3103099.0,4378.131,2.921441,,,,,,
1780434938.717,3103124.0,4371.145,2.921435,,,,,,
1780434938.718,3103149.0,4363.983,2.921472,,,,,,
1780434938.719,3103174.0,4356.907,2.921553,,,,,,
1780434938.777,3103199.0,4349.932,2.921543,,,,,,
1780434938.779,3103224.0,4342.608,2.921552,,,,,,
1780434938.841,3103249.0,4334.929,2.921516,,,,,,
1780434938.842,3103274.0,4327.263,2.921477,,,,,,
1780434938.843,3103299.0,4319.231,2.921393,,,,,,
1780434938.905,3103324.0,4308.647,2.9214,,,,,,
1780434938.907,3103349.0,4298.163,2.92138,,,,,,
1780434938.960,3103374.0,4287.904,2.92137,,,,,,
1780434938.961,3103399.0,4277.864,2.921373,,,,,,
1780434939.038,3103424.0,4267.82,2.921309,,,,,,
1780434939.039,3103449.0,4257.88,2.921353,,,,,,
1780434939.040,3103474.0,4248.16,2.921409,,,,,,
1780434939.107,3103499.0,4238.927,2.921412,,,,,,
1780434939.108,3103524.0,4230.24,2.921411,,,,,,
1780434939.109,3103549.0,4222.045,2.921354,,,,,,
1780434939.169,3103574.0,4214.411,2.921427,,,,,,
1780434939.169,3103599.0,4207.292,2.921439,,,,,,
1780434939.170,3103624.0,4200.625,2.921472,,,,,,
1780434939.222,3103649.0,4194.487,2.921441,,,,,,
1780434939.223,3103674.0,4188.677,2.92153,,,,,,
1780434939.290,3103699.0,4183.283,2.921516,,,,,,
1780434939.291,3103724.0,4178.409,2.92144,,,,,,
1780434939.292,3103749.0,4175.057,2.921461,,,,,,
1780434939.354,3103774.0,4172.359,2.921454,,,,,,
1780434939.355,3103799.0,4170.147,2.921395,,,,,,
1780434939.422,3103824.0,4169.058,2.921327,,,,,,
1780434939.423,3103849.0,4167.917,2.921273,,,,,,
1780434939.424,3103874.0,4167.447,2.921254,,,,,,
1780434939.487,3103899.0,4167.768,2.921242,,,,,,
1780434939.487,3103924.0,4168.608,2.921236,,,,,,
1780434939.558,3103949.0,4170.118,2.921266,,,,,,
1780434939.559,3103974.0,4172.242,2.921211,,,,,,
1780434939.561,3103999.0,4174.746,2.921265,,,,,,
1780434939.657,3104024.0,4177.616,2.921227,,,,,,
1780434939.658,3104049.0,4181.178,2.921152,,,,,,
1780434939.660,3104074.0,4185.305,2.921139,,,,,,
1780434939.661,3104099.0,4190.003,2.921118,,,,,,
1780434939.722,3104124.0,4195.646,2.921064,,,,,,
1780434939.723,3104149.0,4201.828,2.92101,,,,,,
1780434939.723,3104174.0,4208.582,2.920949,,,,,,
1780434939.790,3104199.0,4216.997,2.920881,,,,,,
1780434939.791,3104224.0,4226.396,2.920837,,,,,,
1780434939.791,3104249.0,4235.958,2.920821,,,,,,
1780434939.858,3104274.0,4245.905,2.920709,,,,,,
1780434939.860,3104299.0,4256.019,2.920689,,,,,,
1780434939.937,3104324.0,4266.609,2.920684,,,,,,
1780434939.938,3104349.0,4277.771,2.920671,,,,,,
1780434939.938,3104374.0,4289.192,2.920727,,,,,,
1780434940.025,3104399.0,4300.482,2.92075,,,,,,
1780434940.026,3104424.0,4311.299,2.920687,,,,,,
1780434940.027,3104449.0,4322.045,2.920711,,,,,,
1780434940.028,3104474.0,4332.989,2.920683,,,,,,
1780434940.109,3104499.0,4343.944,2.920719,,,,,,
1780434940.110,3104524.0,4353.721,2.920775,,,,,,
1780434940.111,3104549.0,4361.66,2.920882,,,,,,
1780434940.207,3104574.0,4368.735,2.920933,,,,,,
1780434940.208,3104599.0,4375.514,2.920993,,,,,,
1780434940.209,3104624.0,4381.786,2.921043,,,,,,
1780434940.209,3104649.0,4387.558,2.921084,,,,,,
1780434940.292,3104674.0,4393.436,2.921166,,,,,,
1780434940.294,3104699.0,4399.312,2.921115,,,,,,
1780434940.295,3104724.0,4404.996,2.921045,,,,,,
1780434940.296,3104749.0,4410.543,2.921077,,,,,,
1780434940.373,3104774.0,4416.072,2.921115,,,,,,
1780434940.374,3104799.0,4421.896,2.921149,,,,,,
1780434940.375,3104824.0,4427.037,2.921152,,,,,,
1780434940.398,3104849.0,4432.464,2.921221,,,,,,
1780434940.420,3104874.0,4437.418,2.921206,,,,,,
1780434940.443,3104899.0,4441.136,2.921294,,,,,,
1780434940.477,3104924.0,4443.397,2.921205,,,,,,
1780434940.502,3104949.0,4443.869,2.921223,,,,,,
1780434940.526,3104974.0,4441.454,2.921151,,,,,,
1780434940.550,3104999.0,4434.714,2.920887,,,,,,
1780434940.573,3105024.0,4427.347,2.920711,,,,,,
1780434940.596,3105049.0,4422.139,2.920596,,,,,,
1780434940.620,3105074.0,4420.437,2.920547,,,,,,
1780434940.644,3105099.0,4429.106,2.920573,,,,,,
1780434940.679,3105124.0,4435.142,2.920503,,,,,,
1780434940.703,3105149.0,4426.781,2.920237,,,,,,
1780434940.727,3105174.0,4413.744,2.919879,,,,,,
1780434940.751,3105199.0,4400.209,2.919452,,,,,,
1780434940.777,3105224.0,4386.355,2.919101,,,,,crack_output on,OK crack_output on
1780434940.886,3105249.0,4383.712,2.919016,,,,,,
1780434940.887,3105274.0,4388.087,2.918949,,,,,,
1780434940.888,3105299.0,4391.345,2.918887,,,,,,
1780434940.888,3105324.0,4386.963,2.918696,,,,,,
1780434940.955,3105349.0,4374.919,2.918286,,,,,,
1780434940.956,3105374.0,4360.592,2.917914,,,,,,
1780434940.957,3105399.0,4353.084,2.917764,,,,,,
1780434941.021,3105424.0,4357.036,2.917667,,,,,,
1780434941.022,3105449.0,4360.442,2.917639,,,,,,
1780434941.023,3105474.0,4354.5,2.917561,,,,,,
1780434941.089,3105499.0,4338.94,2.917215,,,,,,
1780434941.090,3105524.0,4321.21,2.916757,,,,,,
1780434941.175,3105549.0,4305.768,2.916383,,,,,,
1780434941.177,3105574.0,4307.752,2.916299,,,,,,
1780434941.178,3105599.0,4314.398,2.916225,,,,,,
1780434941.179,3105624.0,4320.837,2.916065,,,,,,
1780434941.255,3105649.0,4316.953,2.915878,,,,,,
1780434941.256,3105674.0,4297.396,2.915289,,,,,,
1780434941.257,3105699.0,4277.532,2.914644,,,,,,
1780434941.320,3105724.0,4259.718,2.914207,,,,,,
1780434941.322,3105749.0,4252.002,2.914033,,,,,,
1780434941.323,3105774.0,4248.861,2.913867,,,,,,
1780434941.386,3105799.0,4245.087,2.913728,,,,,,
1780434941.386,3105824.0,4228.667,2.913047,,,,,,
1780434941.443,3105849.0,4213.469,2.912452,,,,,,
1780434941.445,3105874.0,4199.674,2.9119,,,,,,
1780434941.446,3105899.0,4194.954,2.911732,,,,,,
1780434941.525,3105924.0,4201.364,2.911634,,,,,,
1780434941.526,3105949.0,4207.04,2.911582,,,,,,
1780434941.527,3105974.0,4210.359,2.911569,,,,,,
1780434941.602,3105999.0,4203.654,2.911293,,,,,,
1780434941.603,3106024.0,4184.278,2.910435,,,,,,
1780434941.604,3106049.0,4168.053,2.909887,,,,,,
1780434941.665,3106074.0,4156.752,2.909489,,,,,,
1780434941.665,3106099.0,4152.518,2.909259,,,,,,
1780434941.666,3106124.0,4148.676,2.909066,,,,,,
1780434941.727,3106149.0,4133.975,2.908593,,,,,,
1780434941.727,3106174.0,4118.637,2.908029,,,,,,
1780434941.785,3106199.0,4103.935,2.90745,,,,,,
1780434941.786,3106224.0,4097.105,2.90722,,,,,,
1780434941.857,3106249.0,4107.147,2.907408,,,,,,
1780434941.857,3106274.0,4118.101,2.907574,,,,,,
1780434941.858,3106299.0,4123.959,2.907663,,,,,,
1780434941.921,3106324.0,4121.289,2.90759,,,,,,
1780434941.923,3106349.0,4092.107,2.90668,,,,,,
1780434941.924,3106374.0,4069.778,2.906162,,,,,,
1780434941.986,3106399.0,4066.156,2.906072,,,,,,
1780434941.987,3106424.0,4078.582,2.906311,,,,,,
1780434942.035,3106449.0,4095.002,2.9067,,,,,,
1780434942.036,3106474.0,4104.483,2.906993,,,,,,
1780434942.095,3106499.0,4090.966,2.906514,,,,,,
1780434942.096,3106524.0,4071.84,2.906189,,,,,,
1780434942.096,3106549.0,4058.058,2.906057,,,,,,
1780434942.159,3106574.0,4062.359,2.906132,,,,,,
1780434942.160,3106599.0,4083.389,2.906499,,,,,,
1780434942.222,3106624.0,4103.397,2.90689,,,,,,
1780434942.222,3106649.0,4103.362,2.906899,,,,,,
1780434942.223,3106674.0,4078.318,2.906296,,,,,,
1780434942.287,3106699.0,4055.138,2.905794,,,,,,
1780434942.288,3106724.0,4045.65,2.905562,,,,,,
1780434942.350,3106749.0,4054.563,2.905869,,,,,,
1780434942.351,3106774.0,4070.167,2.906312,,,,,,
1780434942.352,3106799.0,4081.502,2.906623,,,,,,
1780434942.414,3106824.0,4061.954,2.906269,,,,,,
1780434942.414,3106849.0,4036.26,2.905949,,,,,,
1780434942.481,3106874.0,4011.007,2.905653,,,,,,
1780434942.482,3106899.0,4009.913,2.90579,,,,,,
1780434942.484,3106924.0,4031.658,2.906381,,,,,,
1780434942.554,3106949.0,4053.328,2.906987,,,,,,
1780434942.556,3106974.0,4069.706,2.907509,,,,,,
1780434942.557,3106999.0,4063.956,2.90741,,,,,,
1780434942.621,3107024.0,4045.947,2.906943,,,,,,
1780434942.622,3107049.0,4034.557,2.906666,,,,,,
1780434942.623,3107074.0,4043.53,2.907188,,,,,,
1780434942.686,3107099.0,4061.332,2.907747,,,,,,
1780434942.687,3107124.0,4077.98,2.908267,,,,,,
1780434942.739,3107149.0,4072.356,2.90814,,,,,,
1780434942.744,3107174.0,4052.692,2.907813,,,,,,
1780434942.746,3107199.0,4032.673,2.907452,,,,,,
1780434942.803,3107224.0,4021.272,2.907333,,,,,,
1780434942.804,3107249.0,4037.634,2.90753,,,,,,
1780434942.852,3107274.0,4066.634,2.908252,,,,,,
1780434942.853,3107299.0,4088.133,2.908785,,,,,,
1780434942.923,3107324.0,4090.374,2.908954,,,,,,
1780434942.924,3107349.0,4076.064,2.908551,,,,,,
1780434942.924,3107374.0,4063.594,2.908339,,,,,,
1780434942.986,3107399.0,4068.583,2.908612,,,,,,
1780434942.987,3107424.0,4083.41,2.909168,,,,,,
1780434943.056,3107449.0,4101.403,2.90974,,,,,,
1780434943.057,3107474.0,4108.356,2.910006,,,,,,
1780434943.058,3107499.0,4091.528,2.909728,,,,,,
1780434943.116,3107524.0,4073.211,2.909291,,,,,,
1780434943.116,3107549.0,4059.472,2.908979,,,,,,
1780434943.117,3107574.0,4072.487,2.909134,,,,,,
1780434943.179,3107599.0,4107.598,2.910023,,,,,,
1780434943.180,3107624.0,4131.245,2.910625,,,,,,
1780434943.242,3107649.0,4137.976,2.910874,,,,,,
1780434943.244,3107674.0,4117.5,2.910173,,,,,,
1780434943.245,3107699.0,4099.188,2.909733,,,,,,
1780434943.304,3107724.0,4090.291,2.909491,,,,,,
1780434943.305,3107749.0,4102.596,2.910002,,,,,,
1780434943.370,3107774.0,4119.564,2.910386,,,,,,
1780434943.370,3107799.0,4130.474,2.910552,,,,,,
1780434943.370,3107824.0,4114.354,2.910177,,,,,,
1780434943.432,3107849.0,4090.068,2.909768,,,,,,
1780434943.433,3107874.0,4067.815,2.909282,,,,,,
1780434943.494,3107899.0,4075.123,2.909414,,,,,,
1780434943.495,3107924.0,4106.177,2.910036,,,,,,
1780434943.495,3107949.0,4132.932,2.910542,,,,,,
1780434943.552,3107974.0,4144.854,2.910842,,,,,,
1780434943.552,3107999.0,4127.942,2.910058,,,,,,
1780434943.622,3108024.0,4110.807,2.909669,,,,,,
1780434943.622,3108049.0,4096.19,2.909259,,,,,,
1780434943.622,3108074.0,4102.33,2.909575,,,,,,
1780434943.677,3108099.0,4116.938,2.909921,,,,,,
1780434943.678,3108124.0,4132.51,2.9103,,,,,,
1780434943.740,3108149.0,4123.174,2.910022,,,,,,
1780434943.740,3108174.0,4102.885,2.909588,,,,,,
1780434943.804,3108199.0,4081.895,2.909008,,,,,,
1780434943.804,3108224.0,4073.639,2.90884,,,,,,
1780434943.805,3108249.0,4095.044,2.90906,,,,,,
1780434943.868,3108274.0,4124.322,2.909659,,,,,,
1780434943.869,3108299.0,4144.563,2.909971,,,,,,
1780434943.870,3108324.0,4144.2,2.909863,,,,,,
1780434943.932,3108349.0,4125.0,2.909262,,,,,,
1780434943.933,3108374.0,4107.259,2.908754,,,,,,
1780434943.996,3108399.0,4108.377,2.90874,,,,,,
1780434943.998,3108424.0,4121.915,2.909028,,,,,,
1780434943.999,3108449.0,4138.891,2.909397,,,,,,
1780434944.058,3108474.0,4144.255,2.909396,,,,,,
1780434944.059,3108499.0,4119.822,2.90897,,,,,,
1780434944.122,3108524.0,4094.406,2.90852,,,,,,
1780434944.123,3108549.0,4077.409,2.908243,,,,,,
1780434944.123,3108574.0,4093.746,2.908301,,,,,,
1780434944.187,3108599.0,4118.917,2.908792,,,,,,
1780434944.188,3108624.0,4140.496,2.909049,,,,,,
1780434944.259,3108649.0,4149.68,2.909111,,,,,,
1780434944.260,3108674.0,4127.187,2.908082,,,,,,
1780434944.261,3108699.0,4109.273,2.90749,,,,,,
1780434944.319,3108724.0,4099.814,2.907125,,,,,,
1780434944.321,3108749.0,4112.114,2.90738,,,,,,
1780434944.322,3108774.0,4130.678,2.907756,,,,,,
1780434944.389,3108799.0,4145.627,2.908038,,,,,,
1780434944.390,3108824.0,4121.399,2.907443,,,,,,
1780434944.455,3108849.0,4091.415,2.90689,,,,,,
1780434944.456,3108874.0,4069.36,2.906348,,,,,,
1780434944.456,3108899.0,4078.807,2.906296,,,,,,
1780434944.519,3108924.0,4112.664,2.906958,,,,,,
1780434944.520,3108949.0,4138.204,2.907317,,,,,,
1780434944.521,3108974.0,4150.693,2.90754,,,,,,
1780434944.584,3108999.0,4136.053,2.906832,,,,,,
1780434944.585,3109024.0,4119.721,2.906421,,,,,,
1780434944.647,3109049.0,4105.68,2.906047,,,,,,
1780434944.648,3109074.0,4109.78,2.90614,,,,,,
1780434944.649,3109099.0,4115.035,2.906279,,,,,,
1780434944.710,3109124.0,4125.447,2.906594,,,,,,
1780434944.711,3109149.0,4117.481,2.906425,,,,,,
1780434944.768,3109174.0,4091.748,2.906034,,,,,,
1780434944.769,3109199.0,4065.747,2.905471,,,,,,
1780434944.769,3109224.0,4062.238,2.905401,,,,,,
1780434944.837,3109249.0,4095.042,2.906058,,,,,,
1780434944.838,3109274.0,4122.325,2.90639,,,,,,
1780434944.905,3109299.0,4140.228,2.906729,,,,,,
1780434944.906,3109324.0,4136.391,2.906363,,,,,,
1780434944.906,3109349.0,4124.313,2.905977,,,,,,
1780434944.974,3109374.0,4109.713,2.905488,,,,,,
1780434944.976,3109399.0,4108.405,2.905418,,,,,,
1780434944.977,3109424.0,4111.869,2.905539,,,,,,
1780434945.036,3109449.0,4118.344,2.905829,,,,,,
1780434945.037,3109474.0,4114.296,2.905643,,,,,,
1780434945.092,3109499.0,4090.287,2.905281,,,,,,
1780434945.093,3109524.0,4064.274,2.904712,,,,,,
1780434945.095,3109549.0,4047.161,2.904409,,,,,,
1780434945.168,3109574.0,4062.928,2.904605,,,,,,
1780434945.169,3109599.0,4095.028,2.905027,,,,,,
1780434945.169,3109624.0,4118.324,2.905453,,,,,,
1780434945.219,3109649.0,4121.791,2.905519,,,,,,
1780434945.220,3109674.0,4109.583,2.905163,,,,,,
1780434945.271,3109699.0,4093.267,2.904696,,,,,,
1780434945.272,3109724.0,4084.152,2.904443,,,,,,
1780434945.332,3109749.0,4091.565,2.904704,,,,,,
1780434945.333,3109774.0,4099.778,2.904962,,,,,,
1780434945.396,3109799.0,4102.778,2.90501,,,,,,
1780434945.397,3109824.0,4085.041,2.904837,,,,,,
1780434945.397,3109849.0,4059.837,2.904225,,,,,,
1780434945.460,3109874.0,4037.805,2.903821,,,,,,
1780434945.470,3109899.0,4039.644,2.903838,,,,,,
1780434945.471,3109924.0,4076.633,2.904759,,,,,,
1780434945.519,3109949.0,4102.95,2.905249,,,,,,
1780434945.519,3109974.0,4115.643,2.905551,,,,,,
1780434945.587,3109999.0,4097.689,2.904698,,,,,,
1780434945.587,3110024.0,4079.522,2.904224,,,,,,
1780434945.657,3110049.0,4062.792,2.903733,,,,,,
1780434945.658,3110074.0,4066.637,2.903951,,,,,,
1780434945.660,3110099.0,4074.096,2.904261,,,,,,
1780434945.719,3110124.0,4080.57,2.904558,,,,,,
1780434945.719,3110149.0,4065.136,2.904373,,,,,,
1780434945.719,3110174.0,4038.734,2.904059,,,,,,
1780434945.771,3110199.0,4014.532,2.903759,,,,,,
1780434945.772,3110224.0,4007.674,2.903655,,,,,,
1780434945.831,3110249.0,4035.325,2.90433,,,,,,
1780434945.832,3110274.0,4062.963,2.904546,,,,,,
1780434945.895,3110299.0,4079.614,2.904884,,,,,,
1780434945.896,3110324.0,4079.519,2.904777,,,,,,
1780434945.896,3110349.0,4072.984,2.904565,,,,,,
1780434945.959,3110374.0,4062.429,2.904156,,,,,,
1780434945.960,3110399.0,4056.683,2.903934,,,,,,
1780434946.017,3110424.0,4060.354,2.90407,,,,,,
1780434946.018,3110449.0,4065.535,2.90435,,,,,,
1780434946.018,3110474.0,4056.299,2.904062,,,,,,
1780434946.087,3110499.0,4028.727,2.903721,,,,,,
1780434946.087,3110524.0,4000.973,2.903247,,,,,,
1780434946.150,3110549.0,3986.822,2.903022,,,,,,
1780434946.151,3110574.0,4003.25,2.903422,,,,,,
1780434946.151,3110599.0,4029.567,2.903691,,,,,,
1780434946.215,3110624.0,4054.953,2.904099,,,,,,
1780434946.215,3110649.0,4066.632,2.904325,,,,,,
1780434946.278,3110674.0,4057.656,2.903829,,,,,,
1780434946.279,3110699.0,4052.156,2.903621,,,,,,
1780434946.279,3110724.0,4048.817,2.903467,,,,,,
1780434946.334,3110749.0,4052.571,2.903653,,,,,,
1780434946.335,3110774.0,4064.249,2.904113,,,,,,
1780434946.393,3110799.0,4070.478,2.904286,,,,,,
1780434946.393,3110824.0,4055.261,2.904151,,,,,,
1780434946.394,3110849.0,4024.739,2.903792,,,,,,
1780434946.457,3110874.0,4003.718,2.903452,,,,,,
1780434946.459,3110899.0,4008.834,2.903653,,,,,,
1780434946.538,3110924.0,4034.161,2.904033,,,,,,
1780434946.540,3110949.0,4059.562,2.904502,,,,,,
1780434946.541,3110974.0,4072.298,2.904797,,,,,,
1780434946.542,3110999.0,4059.814,2.904182,,,,,,
1780434946.600,3111024.0,4052.743,2.903966,,,,,,
1780434946.601,3111049.0,4045.796,2.903785,,,,,,
1780434946.652,3111074.0,4045.421,2.903877,,,,,,
1780434946.653,3111099.0,4052.388,2.904369,,,,,,
1780434946.710,3111124.0,4057.488,2.90474,,,,,,
1780434946.711,3111149.0,4043.73,2.904746,,,,,,
1780434946.774,3111174.0,4015.812,2.904665,,,,,,
1780434946.774,3111199.0,3990.087,2.904417,,,,,,
1780434946.774,3111224.0,3983.183,2.904523,,,,,,
1780434946.835,3111249.0,4015.067,2.90553,,,,,,
1780434946.835,3111274.0,4042.865,2.906153,,,,,,
1780434946.901,3111299.0,4063.656,2.906792,,,,,,
1780434946.902,3111324.0,4064.079,2.907015,,,,,,
1780434946.902,3111349.0,4057.268,2.907063,,,,,,
1780434946.970,3111374.0,4047.029,2.906856,,,,,,
1780434946.971,3111399.0,4041.513,2.906853,,,,,,
1780434946.972,3111424.0,4039.684,2.907175,,,,,,
1780434947.034,3111449.0,4038.347,2.90744,,,,,,
1780434947.036,3111474.0,4029.378,2.907496,,,,,,
1780434947.104,3111499.0,4002.434,2.907355,,,,,,
1780434947.105,3111524.0,3970.389,2.907321,,,,,,
1780434947.106,3111549.0,3958.347,2.907552,,,,,,
1780434947.155,3111574.0,3976.58,2.908261,,,,,,
1780434947.156,3111599.0,4003.886,2.908932,,,,,,
1780434947.223,3111624.0,4026.067,2.909771,,,,,,
1780434947.224,3111649.0,4032.55,2.910341,,,,,,
1780434947.225,3111674.0,4027.763,2.910676,,,,,,
1780434947.284,3111699.0,4021.754,2.91086,,,,,,
1780434947.285,3111724.0,4019.882,2.911258,,,,,,
1780434947.336,3111749.0,4024.54,2.911937,,,,,,
1780434947.337,3111774.0,4032.889,2.912751,,,,,,
1780434947.397,3111799.0,4035.37,2.913321,,,,,,
1780434947.398,3111824.0,4018.116,2.913453,,,,,,
1780434947.398,3111849.0,3988.073,2.913585,,,,,,
1780434947.470,3111874.0,3961.406,2.913688,,,,,,
1780434947.470,3111899.0,3963.778,2.914181,,,,,,
1780434947.471,3111924.0,3999.009,2.915063,,,,,,
1780434947.518,3111949.0,4023.451,2.915766,,,,,,
1780434947.518,3111974.0,4035.448,2.916501,,,,,,
1780434947.586,3111999.0,4026.675,2.916519,,,,,,
1780434947.587,3112024.0,4014.124,2.916534,,,,,,
1780434947.649,3112049.0,4003.007,2.916658,,,,,,
1780434947.650,3112074.0,3995.775,2.916806,,,,,,
1780434947.651,3112099.0,3997.174,2.917305,,,,,,
1780434947.713,3112124.0,3995.911,2.917618,,,,,,
1780434947.714,3112149.0,3981.777,2.917419,,,,,,
1780434947.767,3112174.0,3952.228,2.917238,,,,,,
1780434947.767,3112199.0,3924.203,2.91703,,,,,,
1780434947.768,3112224.0,3920.244,2.917338,,,,,,
1780434947.840,3112249.0,3953.195,2.91823,,,,,,
1780434947.841,3112274.0,3979.213,2.918756,,,,,,
1780434947.841,3112299.0,3998.132,2.919328,,,,,,
1780434947.904,3112324.0,3995.686,2.919408,,,,,,
1780434947.905,3112349.0,3989.372,2.919337,,,,,,
1780434947.969,3112374.0,3983.263,2.91928,,,,,,
1780434947.970,3112399.0,3983.067,2.919263,,,,,,
1780434947.970,3112424.0,3986.284,2.919449,,,,,,
1780434948.017,3112449.0,3991.611,2.919699,,,,,,
1780434948.018,3112474.0,3987.693,2.919548,,,,,,
1780434948.097,3112499.0,3961.396,2.91909,,,,,,
1780434948.098,3112524.0,3932.144,2.918568,,,,,,
1780434948.099,3112549.0,3914.777,2.918189,,,,,,
1780434948.158,3112574.0,3936.595,2.918363,,,,,,
1780434948.158,3112599.0,3965.653,2.918488,,,,,,
1780434948.223,3112624.0,3990.251,2.918968,,,,,,
1780434948.223,3112649.0,4000.861,2.919163,,,,,,
1780434948.224,3112674.0,3995.895,2.918586,,,,,,
1780434948.287,3112699.0,3995.786,2.918353,,,,,,
1780434948.288,3112724.0,3997.589,2.918102,,,,,,
1780434948.351,3112749.0,4005.298,2.918089,,,,,,
1780434948.351,3112774.0,4017.571,2.918198,,,,,,
1780434948.352,3112799.0,4019.565,2.917838,,,,,,
1780434948.419,3112824.0,4000.132,2.91723,,,,,,
1780434948.420,3112849.0,3973.267,2.916579,,,,,,
1780434948.420,3112874.0,3953.855,2.915901,,,,,,
1780434948.482,3112899.0,3957.495,2.915668,,,,,,
1780434948.483,3112924.0,3986.974,2.915558,,,,,,
1780434948.534,3112949.0,4015.801,2.915577,,,,,,
1780434948.535,3112974.0,4030.242,2.915446,,,,,,
1780434948.611,3112999.0,4019.517,2.914339,,,,,,
1780434948.611,3113024.0,4015.557,2.913804,,,,,,
1780434948.612,3113049.0,4013.418,2.91328,,,,,,
1780434948.674,3113074.0,4016.769,2.912977,,,,,,
1780434948.675,3113099.0,4024.566,2.912748,,,,,,
1780434948.676,3113124.0,4031.17,2.912489,,,,,,
1780434948.737,3113149.0,4019.076,2.91181,,,,,,
1780434948.738,3113174.0,3991.35,2.91133,,,,,,
1780434948.801,3113199.0,3966.933,2.910622,,,,,,
1780434948.801,3113224.0,3961.067,2.91014,,,,,,
1780434948.801,3113249.0,3988.984,2.91023,,,,,,
1780434948.866,3113274.0,4018.488,2.910228,,,,,,
1780434948.867,3113299.0,4039.646,2.910171,,,,,,
1780434948.867,3113324.0,4043.632,2.909772,,,,,,
1780434948.928,3113349.0,4043.053,2.90933,,,,,,
1780434948.928,3113374.0,4039.852,2.908763,,,,,,
1780434948.991,3113399.0,4039.892,2.908429,,,,,,
1780434948.992,3113424.0,4044.679,2.908285,,,,,,
1780434948.993,3113449.0,4055.19,2.908369,,,,,,
1780434949.057,3113474.0,4050.39,2.907963,,,,,,
1780434949.058,3113499.0,4023.786,2.907434,,,,,,
1780434949.117,3113524.0,3996.57,2.906814,,,,,,
1780434949.118,3113549.0,3980.914,2.906284,,,,,,
1780434949.118,3113574.0,4001.892,2.906317,,,,,,
1780434949.178,3113599.0,4030.983,2.906417,,,,,,
1780434949.179,3113624.0,4056.504,2.906509,,,,,,
1780434949.242,3113649.0,4062.611,2.906319,,,,,,
1780434949.243,3113674.0,4057.229,2.905824,,,,,,
1780434949.245,3113699.0,4049.373,2.905231,,,,,,
1780434949.305,3113724.0,4045.087,2.904857,,,,,,
1780434949.305,3113749.0,4046.278,2.904822,,,,,,
1780434949.374,3113774.0,4049.544,2.904858,,,,,,
1780434949.375,3113799.0,4047.279,2.904701,,,,,,
1780434949.376,3113824.0,4021.609,2.904176,,,,,,
1780434949.434,3113849.0,3992.142,2.903764,,,,,,
1780434949.434,3113874.0,3971.195,2.90322,,,,,,
1780434949.501,3113899.0,3975.901,2.903258,,,,,,
1780434949.502,3113924.0,4009.314,2.903844,,,,,,
1780434949.503,3113949.0,4035.511,2.904112,,,,,,
1780434949.573,3113974.0,4047.513,2.904376,,,,,,
1780434949.575,3113999.0,4037.694,2.903816,,,,,,
1780434949.576,3114024.0,4027.458,2.903332,,,,,,
1780434949.657,3114049.0,4017.418,2.902936,,,,,,
1780434949.658,3114074.0,4016.343,2.902811,,,,,,
1780434949.659,3114099.0,4018.041,2.902845,,,,,,
1780434949.739,3114124.0,4016.23,2.902773,,,,,,
1780434949.739,3114149.0,4003.412,2.902322,,,,,,
1780434949.740,3114174.0,3973.612,2.901927,,,,,,
1780434949.802,3114199.0,3945.219,2.901477,,,,,,
1780434949.802,3114224.0,3940.535,2.901499,,,,,,
1780434949.803,3114249.0,3972.731,2.90235,,,,,,
1780434949.868,3114274.0,3996.294,2.902564,,,,,,
1780434949.868,3114299.0,4014.424,2.902829,,,,,,
1780434949.869,3114324.0,4016.682,2.902798,,,,,,
1780434949.922,3114349.0,4016.713,2.902791,,,,,,
1780434949.923,3114374.0,4008.943,2.902495,,,,,,
1780434949.987,3114399.0,4007.518,2.902455,,,,,,
1780434949.987,3114424.0,4008.981,2.90255,,,,,,
1780434950.050,3114449.0,4016.864,2.902828,,,,,,
1780434950.051,3114474.0,4013.921,2.9027,,,,,,
1780434950.051,3114499.0,3990.307,2.902324,,,,,,
1780434950.115,3114524.0,3960.784,2.901814,,,,,,
1780434950.116,3114549.0,3947.566,2.901672,,,,,,
1780434950.117,3114574.0,3967.535,2.902026,,,,,,
1780434950.176,3114599.0,3994.782,2.902383,,,,,,
1780434950.177,3114624.0,4021.97,2.902967,,,,,,
1780434950.240,3114649.0,4033.951,2.903353,,,,,,
1780434950.240,3114674.0,4025.93,2.902883,,,,,,
1780434950.307,3114699.0,4017.41,2.9025,,,,,,
1780434950.307,3114724.0,4012.062,2.902251,,,,,,
1780434950.308,3114749.0,4013.093,2.902257,,,,,,
1780434950.367,3114774.0,4016.306,2.902438,,,,,,
1780434950.367,3114799.0,4014.606,2.902401,,,,,,
1780434950.368,3114824.0,3991.275,2.901972,,,,,,
1780434950.434,3114849.0,3963.164,2.901565,,,,,,
1780434950.435,3114874.0,3940.945,2.901242,,,,,,
1780434950.497,3114899.0,3943.784,2.901339,,,,,,
1780434950.497,3114924.0,3965.047,2.901852,,,,,,
1780434950.498,3114949.0,3991.067,2.902447,,,,,,
1780434950.561,3114974.0,4008.888,2.902936,,,,,,
1780434950.561,3114999.0,4005.371,2.902705,,,,,,
1780434950.617,3115024.0,4003.35,2.902555,,,,,,
1780434950.618,3115049.0,4001.903,2.902459,,,,,,
1780434950.618,3115074.0,4006.914,2.902588,,,,,,
1780434950.689,3115099.0,4011.675,2.902779,,,,,,
1780434950.690,3115124.0,4014.997,2.902935,,,,,,
1780434950.752,3115149.0,4003.921,2.902629,,,,,,
1780434950.752,3115174.0,3977.041,2.902299,,,,,,
1780434950.752,3115199.0,3950.129,2.901884,,,,,,
1780434950.816,3115224.0,3943.333,2.901772,,,,,,
1780434950.818,3115249.0,3964.785,2.902526,,,,,,
1780434950.819,3115274.0,3987.759,2.903093,,,,,,
1780434950.907,3115299.0,4009.6,2.903661,,,,,,
1780434950.915,3115324.0,4013.875,2.903846,,,,,,
1780434950.916,3115349.0,4017.47,2.904003,,,,,,
1780434950.917,3115374.0,4016.706,2.903997,,,,,,
1780434950.988,3115399.0,4019.227,2.904088,,,,,,
1780434950.989,3115424.0,4023.112,2.904233,,,,,,
1780434951.051,3115449.0,4027.801,2.904438,,,,,,
1780434951.051,3115474.0,4019.556,2.904172,,,,,,
1780434951.052,3115499.0,3993.024,2.903719,,,,,,
1780434951.105,3115524.0,3965.72,2.903259,,,,,,
1780434951.106,3115549.0,3947.155,2.902905,,,,,,
1780434951.149,3115574.0,3957.286,2.903143,,,,,,
1780434951.150,3115599.0,3977.177,2.903341,,,,,,
1780434951.202,3115624.0,4005.372,2.90384,,,,,,
1780434951.202,3115649.0,4017.291,2.904077,,,,,,
1780434951.253,3115674.0,4006.556,2.903507,,,,,,
1780434951.254,3115699.0,3997.948,2.903214,,,,,,
1780434951.317,3115724.0,3995.205,2.903108,,,,,,
1780434951.318,3115749.0,3997.212,2.903264,,,,,,
1780434951.318,3115774.0,4006.439,2.903725,,,,,,
1780434951.387,3115799.0,4005.459,2.90377,,,,,,
1780434951.388,3115824.0,3984.918,2.903557,,,,,,
1780434951.448,3115849.0,3954.774,2.903141,,,,,,
1780434951.449,3115874.0,3930.896,2.902837,,,,,,
1780434951.449,3115899.0,3934.783,2.90315,,,,,,
1780434951.513,3115924.0,3968.813,2.903982,,,,,,
1780434951.513,3115949.0,3993.724,2.90456,,,,,,
1780434951.566,3115974.0,4007.353,2.905025,,,,,,
1780434951.566,3115999.0,4001.324,2.904835,,,,,,
1780434951.567,3116024.0,3997.799,2.904797,,,,,,
1780434951.639,3116049.0,3993.765,2.904756,,,,,,
1780434951.640,3116074.0,3993.328,2.904994,,,,,,
1780434951.700,3116099.0,3993.895,2.905308,,,,,,
1780434951.700,3116124.0,3991.149,2.905661,,,,,,
1780434951.701,3116149.0,3977.102,2.905778,,,,,,
1780434951.753,3116174.0,3954.297,2.905711,,,,,,
1780434951.753,3116199.0,3930.512,2.905856,,,,,,
1780434951.815,3116224.0,3921.245,2.906271,,,,,,
1780434951.816,3116249.0,3946.189,2.907285,,,,,,
1780434951.817,3116274.0,3974.859,2.908033,,,,,,
1780434951.879,3116299.0,3992.721,2.908987,,,,,,
1780434951.880,3116324.0,3989.844,2.909502,,,,,,
1780434951.943,3116349.0,3982.416,2.909842,,,,,,
1780434951.944,3116374.0,3976.041,2.910181,,,,,,
1780434951.944,3116399.0,3974.636,2.910855,,,,,,
1780434952.006,3116424.0,3974.11,2.911704,,,,,,
1780434952.007,3116449.0,3976.153,2.91263,,,,,,
1780434952.070,3116474.0,3970.252,2.913368,,,,,,
1780434952.070,3116499.0,3951.106,2.913853,,,,,,
1780434952.071,3116524.0,3924.64,2.914279,,,,,,
1780434952.134,3116549.0,3906.958,2.914901,,,,,,
1780434952.135,3116574.0,3922.87,2.915871,,,,,,
1780434952.197,3116599.0,3943.579,2.916681,,,,,,
1780434952.198,3116624.0,3965.62,2.917767,,,,,,
1780434952.199,3116649.0,3970.142,2.918888,,,,,,
1780434952.261,3116674.0,3960.071,2.919499,,,,,,
1780434952.261,3116699.0,3954.155,2.920246,,,,,,
1780434952.316,3116724.0,3949.962,2.921087,,,,,,
1780434952.316,3116749.0,3948.494,2.9221,,,,,,
1780434952.317,3116774.0,3947.722,2.923201,,,,,,
1780434952.392,3116799.0,3942.316,2.924081,,,,,,
1780434952.392,3116824.0,3920.906,2.924536,,,,,,
1780434952.392,3116849.0,3891.203,2.925066,,,,,,
1780434952.454,3116874.0,3863.054,2.925659,,,,,,
1780434952.455,3116899.0,3857.951,2.926584,,,,,,
1780434952.518,3116924.0,3888.464,2.928106,,,,,,
1780434952.518,3116949.0,3912.02,2.929222,,,,,,
1780434952.519,3116974.0,3924.081,2.930419,,,,,,
1780434952.581,3116999.0,3914.154,2.930928,,,,,,
1780434952.582,3117024.0,3903.484,2.931536,,,,,,
1780434952.649,3117049.0,3893.979,2.932125,,,,,,
1780434952.650,3117074.0,3887.891,2.932847,,,,,,
1780434952.650,3117099.0,3890.063,2.933868,,,,,,
1780434952.712,3117124.0,3891.273,2.934744,,,,,,
1780434952.713,3117149.0,3876.061,2.934988,,,,,,
1780434952.777,3117174.0,3845.107,2.935263,,,,,,
1780434952.777,3117199.0,3817.234,2.935482,,,,,,
1780434952.778,3117224.0,3811.084,2.936065,,,,,,
1780434952.833,3117249.0,3836.978,2.937295,,,,,,
1780434952.833,3117274.0,3861.042,2.938216,,,,,,
1780434952.904,3117299.0,3884.01,2.939184,,,,,,
1780434952.904,3117324.0,3885.608,2.939832,,,,,,
1780434952.904,3117349.0,3888.368,2.940524,,,,,,
1780434952.967,3117374.0,3886.418,2.940876,,,,,,
1780434952.967,3117399.0,3890.858,2.94128,,,,,,
1780434952.968,3117424.0,3899.399,2.941721,,,,,,
1780434953.017,3117449.0,3908.775,2.942101,,,,,,
1780434953.017,3117474.0,3906.823,2.941987,,,,,,
1780434953.092,3117499.0,3885.865,2.941609,,,,,,
1780434953.093,3117524.0,3854.109,2.941172,,,,,,
1780434953.093,3117549.0,3840.289,2.940718,,,,,,
1780434953.150,3117574.0,3862.736,2.940662,,,,,,
1780434953.150,3117599.0,3894.631,2.940673,,,,,,
1780434953.220,3117624.0,3921.791,2.94076,,,,,,
1780434953.220,3117649.0,3929.9,2.940604,,,,,,
1780434953.221,3117674.0,3923.914,2.939815,,,,,,
1780434953.267,3117699.0,3923.006,2.939257,,,,,,
1780434953.267,3117724.0,3924.117,2.93859,,,,,,
1780434953.330,3117749.0,3930.2,2.938067,,,,,,
1780434953.330,3117774.0,3945.04,2.937749,,,,,,
1780434953.393,3117799.0,3952.39,2.937124,,,,,,
1780434953.394,3117824.0,3939.608,2.936371,,,,,,
1780434953.394,3117849.0,3920.88,2.93573,,,,,,
1780434953.456,3117874.0,3903.059,2.934839,,,,,,
1780434953.457,3117899.0,3900.49,2.933889,,,,,,
1780434953.520,3117924.0,3913.44,2.933419,,,,,,
1780434953.520,3117949.0,3919.781,2.932698,,,,,,
1780434953.521,3117974.0,3924.706,2.93187,,,,,,
1780434953.583,3117999.0,3924.234,2.930756,,,,,,
1780434953.584,3118024.0,3923.139,2.9296,,,,,,
1780434953.647,3118049.0,3922.326,2.928507,,,,,,
1780434953.648,3118074.0,3929.669,2.9278,,,,,,
1780434953.648,3118099.0,3938.284,2.92704,,,,,,
1780434953.710,3118124.0,3944.42,2.926241,,,,,,
1780434953.711,3118149.0,3934.634,2.924965,,,,,,
1780434953.774,3118174.0,3910.751,2.923857,,,,,,
1780434953.901,3118199.0,3884.827,2.922553,0.013745,62.898235,3117679.5,3.023945,,
1780434953.902,3118321.0,3873.482,2.921375,,,,,,
1780434953.902,3118346.0,3877.185,2.920523,,,,,,
1780434953.968,3118371.0,3876.952,2.919354,,,,,,
1780434953.968,3118396.0,3878.887,2.918359,,,,,,
1780434953.969,3118421.0,3880.151,2.917334,,,,,,
1780434954.034,3118446.0,3879.46,2.91627,,,,,,
1780434954.034,3118471.0,3876.079,2.915154,,,,,,
1780434954.101,3118496.0,3873.382,2.91407,,,,,,
1780434954.102,3118521.0,3871.556,2.913102,,,,,,
1780434954.102,3118546.0,3875.244,2.912384,,,,,,
1780434954.166,3118571.0,3872.282,2.911527,,,,,,
1780434954.167,3118596.0,3865.024,2.910877,,,,,,
1780434954.167,3118621.0,3859.158,2.910285,,,,,,
1780434954.234,3118646.0,3851.461,2.909683,,,,,,
1780434954.234,3118671.0,3842.648,2.908253,,,,,,
1780434954.302,3118696.0,3835.252,2.906965,,,,,,
1780434954.302,3118721.0,3833.424,2.90587,,,,,,
1780434954.303,3118746.0,3826.423,2.904682,,,,,,
1780434954.366,3118771.0,3816.258,2.903485,,,,,,
1780434954.367,3118796.0,3803.373,2.90223,,,,,,
1780434954.367,3118821.0,3793.067,2.901134,,,,,,
1780434954.433,3118846.0,3786.933,2.900322,,,,,,
1780434954.433,3118871.0,3786.097,2.899758,,,,,,
1780434954.502,3118896.0,3778.249,2.898977,,,,,,
1780434954.504,3118921.0,3749.966,2.898081,,,,,,
1780434954.505,3118946.0,3717.019,2.897301,,,,,,
1780434954.588,3118971.0,3688.259,2.896386,,,,,,
1780434954.590,3118996.0,3674.464,2.895487,,,,,,
1780434954.591,3119021.0,3675.173,2.895056,,,,,,
1780434954.592,3119046.0,3670.745,2.894472,,,,,,
1780434954.668,3119071.0,3665.306,2.893879,,,,,,
1780434954.669,3119096.0,3656.657,2.893162,,,,,,
1780434954.669,3119121.0,3641.745,2.892339,,,,,,
1780434954.736,3119146.0,3627.231,2.891618,,,,,,
1780434954.737,3119171.0,3614.167,2.890873,,,,,,
1780434954.800,3119196.0,3602.765,2.890244,,,,,,
1780434954.801,3119221.0,3594.433,2.889714,,,,,,
1780434954.801,3119246.0,3585.975,2.889148,,,,,,
1780434954.867,3119271.0,3575.645,2.888651,,,,,,
1780434954.867,3119296.0,3567.84,2.888187,,,,,,
1780434954.868,3119321.0,3561.074,2.88779,,,,,,
1780434954.933,3119346.0,3558.994,2.887599,,,,,,
1780434954.934,3119371.0,3557.208,2.887462,,,,,,
1780434955.002,3119396.0,3555.697,2.887259,,,,,,
1780434955.014,3119421.0,3547.341,2.886735,,,,,,
1780434955.016,3119446.0,3538.075,2.886238,,,,,,
1780434955.017,3119471.0,3529.251,2.885698,,,,,,
1780434955.104,3119496.0,3524.426,2.885408,,,,,,
1780434955.106,3119521.0,3520.539,2.885082,,,,,,
1780434955.107,3119546.0,3519.165,2.884973,,,,,,
1780434955.187,3119571.0,3512.451,2.884566,,,,,,
1780434955.188,3119596.0,3510.966,2.884483,,,,,,
1780434955.189,3119621.0,3510.043,2.884455,,,,,,
1780434955.190,3119646.0,3507.954,2.884265,,,,,,
1780434955.270,3119671.0,3504.967,2.88404,,,,,,
1780434955.272,3119696.0,3501.789,2.883861,,,,,,
1780434955.272,3119721.0,3499.186,2.88367,,,,,,
1780434955.355,3119746.0,3497.456,2.883648,,,,,,
1780434955.356,3119771.0,3492.633,2.883187,,,,,,
1780434955.357,3119796.0,3481.906,2.882389,,,,,,
1780434955.435,3119821.0,3466.261,2.881371,,,,,,
1780434955.436,3119846.0,3441.416,2.880167,,,,,,
1780434955.436,3119871.0,3414.127,2.878961,,,,,,
1780434955.502,3119896.0,3390.942,2.877812,,,,,,
1780434955.503,3119921.0,3388.249,2.877595,,,,,,
1780434955.504,3119946.0,3382.461,2.877123,,,,,,
1780434955.567,3119971.0,3376.646,2.876659,,,,,,
1780434955.567,3119996.0,3370.798,2.876202,,,,,,
1780434955.568,3120021.0,3365.012,2.875793,,,,,,
1780434955.635,3120046.0,3359.189,2.875393,,,,,,
1780434955.637,3120071.0,3353.394,2.874924,,,,,,
1780434955.721,3120096.0,3347.616,2.87445,,,,,,
1780434955.722,3120121.0,3341.802,2.874048,,,,,,
1780434955.723,3120146.0,3336.02,2.873638,,,,,,
1780434955.724,3120171.0,3330.238,2.873166,,,,,,
1780434955.817,3120196.0,3324.427,2.872699,,,,,,
1780434955.818,3120221.0,3318.628,2.87223,,,,,,
1780434955.818,3120246.0,3312.848,2.871756,,,,,,
1780434955.819,3120271.0,3307.073,2.871282,,,,,,
1780434955.883,3120296.0,3301.304,2.870741,,,,,,
1780434955.884,3120321.0,3295.465,2.870219,,,,,,
1780434955.948,3120346.0,3289.645,2.869691,,,,,,
1780434955.949,3120371.0,3283.837,2.869224,,,,,,
1780434955.950,3120396.0,3278.027,2.868757,,,,,,
1780434956.015,3120421.0,3272.256,2.868281,,,,,,
1780434956.015,3120446.0,3266.456,2.867749,,,,,,
1780434956.016,3120471.0,3260.642,2.867347,,,,,,
1780434956.082,3120496.0,3254.85,2.866877,,,,,,
1780434956.082,3120521.0,3249.093,2.866396,,,,,,
1780434956.149,3120546.0,3243.318,2.865985,,,,,,
1780434956.150,3120571.0,3237.54,2.865447,,,,,,
1780434956.151,3120596.0,3231.738,2.865042,,,,,,
1780434956.215,3120621.0,3225.947,2.864507,,,,,,
1780434956.216,3120646.0,3220.172,2.864096,,,,,,
1780434956.217,3120671.0,3214.431,2.863612,,,,,,
1780434956.282,3120696.0,3208.673,2.863134,,,,,,
1780434956.282,3120721.0,3202.868,2.86273,,,,,,
1780434956.352,3120746.0,3197.056,2.8622,,,,,,
1780434956.353,3120771.0,3191.265,2.86173,,,,,,
1780434956.353,3120796.0,3185.487,2.861256,,,,,,
1780434956.416,3120821.0,3179.704,2.860783,,,,,,
1780434956.418,3120846.0,3173.947,2.86024,,,,,,
1780434956.418,3120871.0,3168.167,2.859766,,,,,,
1780434956.489,3120896.0,3162.383,2.859293,,,,,,
1780434956.489,3120921.0,3156.624,2.858815,,,,,,
1780434956.490,3120946.0,3150.863,2.858336,,,,,,
1780434956.568,3120971.0,3145.117,2.857854,,,,,,
1780434956.569,3120996.0,3139.536,2.857268,,,,,,
1780434956.570,3121021.0,3138.266,2.857204,,,,,,
1780434956.650,3121046.0,3138.289,2.857198,,,,,,
1780434956.652,3121071.0,3138.328,2.857188,,,,,,
1780434956.653,3121096.0,3138.409,2.857168,,,,,,
1780434956.736,3121121.0,3138.444,2.85716,,,,,,
1780434956.738,3121146.0,3138.472,2.857153,,,,,,
1780434956.739,3121171.0,3138.521,2.857204,,,,,,
1780434956.740,3121196.0,3138.52,2.857267,,,,,,
1780434956.832,3121221.0,3138.544,2.857323,,,,,,
1780434956.833,3121246.0,3138.607,2.857308,,,,,,
1780434956.833,3121271.0,3138.616,2.857243,,,,,,
1780434956.903,3121296.0,3138.664,2.857168,,,,,,
1780434956.904,3121321.0,3138.659,2.857232,,,,,,
1780434956.904,3121346.0,3138.651,2.857234,,,,,,
1780434956.969,3121371.0,3138.697,2.85716,,,,,,
1780434956.971,3121396.0,3138.699,2.857096,,,,,,
1780434956.972,3121421.0,3138.693,2.857161,,,,,,
1780434957.050,3121446.0,3138.727,2.857153,,,,,,
1780434957.051,3121471.0,3138.731,2.857215,,,,,,
1780434957.051,3121496.0,3138.769,2.857205,,,,,,
1780434957.115,3121521.0,3138.774,2.857204,,,,,,
1780434957.116,3121546.0,3138.775,2.857203,,,,,,
1780434957.117,3121571.0,3138.839,2.857188,,,,,,
1780434957.200,3121596.0,3138.86,2.857183,,,,,,
1780434957.201,3121621.0,3138.904,2.857172,,,,,,
1780434957.201,3121646.0,3138.953,2.85716,,,,,,
1780434957.266,3121671.0,3138.938,2.857163,,,,,,
1780434957.267,3121696.0,3138.98,2.857153,,,,,,
1780434957.267,3121721.0,3139.012,2.857145,,,,,,
1780434957.336,3121746.0,3139.001,2.857148,,,,,,
1780434957.337,3121771.0,3139.025,2.857142,,,,,,
1780434957.399,3121796.0,3139.069,2.857131,,,,,,
1780434957.399,3121821.0,3139.102,2.857123,,,,,,
1780434957.400,3121846.0,3139.116,2.857119,,,,,,
1780434957.466,3121871.0,3139.107,2.857184,,,,,,
1780434957.467,3121896.0,3139.153,2.857173,,,,,,
1780434957.467,3121921.0,3139.15,2.857174,,,,,,
1780434957.531,3121946.0,3139.137,2.857177,,,,,,
1780434957.532,3121971.0,3139.169,2.857169,,,,,,
1780434957.620,3121996.0,3139.173,2.857168,,,,,,
1780434957.621,3122021.0,3139.19,2.857227,,,,,,
1780434957.622,3122046.0,3139.188,2.85729,,,,,,
1780434957.623,3122071.0,3139.209,2.857348,,,,,,
1780434957.702,3122096.0,3139.213,2.857409,,,,,,
1780434957.703,3122121.0,3139.24,2.857403,,,,,,
1780434957.705,3122146.0,3139.261,2.857398,,,,,,
1780434957.798,3122171.0,3139.267,2.857459,,,,,,
1780434957.799,3122196.0,3139.273,2.857395,,,,,,
1780434957.799,3122221.0,3139.282,2.857455,,,,,,
1780434957.799,3122246.0,3139.26,2.857523,,,,,,
1780434957.868,3122271.0,3139.288,2.857517,,,,,,
1780434957.869,3122296.0,3139.301,2.857513,,,,,,
1780434957.869,3122321.0,3139.302,2.857576,,,,,,
1780434957.937,3122346.0,3139.302,2.857576,,,,,,
1780434957.938,3122371.0,3139.296,2.857641,,,,,,
1780434957.938,3122396.0,3139.276,2.857646,,,,,,
1780434957.999,3122421.0,3139.283,2.857644,,,,,,
1780434957.999,3122446.0,3139.327,2.85757,,,,,,
1780434958.065,3122471.0,3139.333,2.857506,,,,,,
1780434958.065,3122496.0,3139.319,2.857572,,,,,,
1780434958.066,3122521.0,3139.33,2.857569,,,,,,
1780434958.134,3122546.0,3139.329,2.857569,,,,,,
1780434958.135,3122571.0,3139.33,2.857569,,,,,,
1780434958.198,3122596.0,3139.35,2.857627,,,,,,
1780434958.199,3122621.0,3139.359,2.857625,,,,,,
1780434958.199,3122646.0,3139.364,2.857624,,,,,,
1780434958.265,3122671.0,3139.409,2.857613,,,,,,
1780434958.265,3122696.0,3139.406,2.857613,,,,,,
1780434958.266,3122721.0,3139.4,2.857552,,,,,,
1780434958.336,3122746.0,3139.398,2.857489,,,,,,
1780434958.337,3122771.0,3139.423,2.857483,,,,,,
1780434958.338,3122796.0,3139.452,2.857539,,,,,,
1780434958.398,3122821.0,3139.446,2.857541,,,,,,
1780434958.399,3122846.0,3139.462,2.857537,,,,,,
1780434958.467,3122871.0,3139.458,2.857538,,,,,,
1780434958.467,3122896.0,3139.468,2.857472,,,,,,
1780434958.468,3122921.0,3139.483,2.857468,,,,,,
1780434958.533,3122946.0,3139.484,2.857468,,,,,,
1780434958.533,3122971.0,3139.476,2.85747,,,,,,
1780434958.599,3122996.0,3139.516,2.857523,,,,,,
1780434958.600,3123021.0,3139.511,2.857461,,,,,,
1780434958.600,3123046.0,3139.501,2.857464,,,,,,
1780434958.665,3123071.0,3139.501,2.857464,,,,,,
1780434958.666,3123096.0,3139.506,2.8574,,,,,,
1780434958.666,3123121.0,3139.555,2.857388,,,,,,
1780434958.734,3123146.0,3139.538,2.857329,,,,,,
1780434958.735,3123171.0,3139.547,2.857327,,,,,,
1780434958.800,3123196.0,3139.582,2.857381,,,,,,
1780434958.800,3123221.0,3139.574,2.85732,,,,,,
1780434958.801,3123246.0,3139.625,2.857371,,,,,,
1780434958.867,3123271.0,3139.616,2.85731,,,,,,
1780434958.867,3123296.0,3139.627,2.857307,,,,,,
1780434958.868,3123321.0,3139.654,2.857301,,,,,,
1780434958.935,3123346.0,3139.654,2.857301,,,,,,
1780434958.936,3123371.0,3139.666,2.857297,,,,,,
1780434958.998,3123396.0,3139.666,2.85736,,,,,,
1780434958.999,3123421.0,3139.665,2.857361,,,,,,
1780434958.999,3123446.0,3139.687,2.857355,,,,,,
1780434959.066,3123471.0,3139.695,2.857353,,,,,,
1780434959.067,3123496.0,3139.712,2.857349,,,,,,
1780434959.068,3123521.0,3139.729,2.857282,,,,,,
1780434959.152,3123546.0,3139.723,2.857346,,,,,,
1780434959.153,3123571.0,3139.741,2.857279,,,,,,
1780434959.154,3123596.0,3139.719,2.857347,,,,,,
1780434959.232,3123621.0,3139.73,2.857345,,,,,,
1780434959.233,3123646.0,3139.789,2.857267,,,,,,
1780434959.234,3123671.0,3139.767,2.85721,,,,,,
1780434959.320,3123696.0,3139.76,2.857211,,,,,,
1780434959.322,3123721.0,3139.794,2.857266,,,,,,
1780434959.323,3123746.0,3139.802,2.857264,,,,,,
1780434959.324,3123771.0,3139.828,2.85732,,,,,,
1780434959.400,3123796.0,3139.807,2.857388,,,,,,
1780434959.401,3123821.0,3139.812,2.857387,,,,,,
1780434959.402,3123846.0,3139.829,2.85732,,,,,,
1780434959.485,3123871.0,3139.816,2.857386,,,,,,
1780434959.486,3123896.0,3139.84,2.85738,,,,,,
1780434959.488,3123921.0,3139.822,2.857385,,,,,,
1780434959.490,3123946.0,3139.805,2.857389,,,,,,
1780434959.585,3123971.0,3139.839,2.85738,,,,,,
1780434959.587,3123996.0,3139.816,2.857449,,,,,,
1780434959.588,3124021.0,3139.83,2.857445,,,,,,
1780434959.590,3124046.0,3139.822,2.857385,,,,,,
1780434959.667,3124071.0,3139.801,2.85739,,,,,,
1780434959.667,3124096.0,3139.82,2.857574,,,,,,
1780434959.668,3124121.0,3139.788,2.857519,,,,,,
1780434959.747,3124146.0,3139.771,2.857586,,,,,,
1780434959.748,3124171.0,3139.788,2.857582,,,,,,
1780434959.748,3124196.0,3139.783,2.857583,,,,,,
1780434959.814,3124221.0,3139.822,2.857574,,,,,,
1780434959.815,3124246.0,3139.801,2.857579,,,,,,
1780434959.815,3124271.0,3139.807,2.857577,,,,,,
1780434959.898,3124296.0,3139.829,2.857509,,,,,,
1780434959.899,3124321.0,3139.808,2.857514,,,,,,
1780434959.899,3124346.0,3139.837,2.857507,,,,,,
1780434959.969,3124371.0,3139.822,2.85751,,,,,,
1780434959.970,3124396.0,3139.827,2.857572,,,,,,
1780434959.971,3124421.0,3139.848,2.857567,,,,,,
1780434960.048,3124446.0,3139.825,2.85751,,,,,,
1780434960.048,3124471.0,3139.828,2.857572,,,,,,
1780434960.049,3124496.0,3139.811,2.857576,,,,,,
1780434960.132,3124521.0,3139.823,2.857573,,,,,,
1780434960.133,3124546.0,3139.854,2.857503,,,,,,
1780434960.134,3124571.0,3139.825,2.857447,,,,,,
1780434960.219,3124596.0,3139.819,2.857386,,,,,,
1780434960.221,3124621.0,3139.806,2.857326,,,,,,
1780434960.222,3124646.0,3139.764,2.857274,,,,,,
1780434960.223,3124671.0,3139.796,2.857265,,,,,,
1780434960.318,3124696.0,3139.787,2.857268,,,,,,
1780434960.318,3124721.0,3139.746,2.857278,,,,,,
1780434960.319,3124746.0,3139.764,2.857462,,,,,,
1780434960.319,3124771.0,3139.749,2.857529,,,,,,
1780434960.398,3124796.0,3139.784,2.85752,,,,,,
1780434960.399,3124821.0,3139.781,2.857521,,,,,,
1780434960.400,3124846.0,3139.799,2.857454,,,,,,
1780434960.471,3124871.0,3139.805,2.857389,,,,,,
1780434960.472,3124896.0,3139.773,2.857397,,,,,,
1780434960.472,3124921.0,3139.793,2.857392,,,,,,
1780434960.547,3124946.0,3139.788,2.857456,,,,,,
1780434960.548,3124971.0,3139.773,2.857397,,,,,,
1780434960.548,3124996.0,3139.813,2.857325,,,,,,
1780434960.615,3125021.0,3139.788,2.857331,,,,,,
1780434960.615,3125046.0,3139.804,2.857327,,,,,,
1780434960.616,3125071.0,3139.829,2.857258,,,,,,
1780434960.682,3125096.0,3139.817,2.85726,,,,,,
1780434960.682,3125121.0,3139.846,2.85719,,,,,,
1780434960.749,3125146.0,3139.849,2.85719,,,,,,
1780434960.749,3125171.0,3139.841,2.857129,,,,,,
1780434960.750,3125196.0,3139.882,2.857056,,,,,,
1780434960.819,3125221.0,3139.859,2.857692,,,,,,
1780434960.819,3125246.0,3139.89,2.857684,,,,,,
1780434960.820,3125271.0,3139.875,2.857688,,,,,,
1780434960.899,3125296.0,3139.853,2.857756,,,,,,
1780434960.900,3125321.0,3139.892,2.857747,,,,,,
1780434960.900,3125346.0,3139.882,2.857623,,,,,,
1780434960.981,3125371.0,3139.881,2.857623,,,,,,
1780434960.981,3125396.0,3139.919,2.857614,,,,,,
1780434960.982,3125421.0,3139.917,2.857615,,,,,,
1780434961.065,3125446.0,3139.922,2.857613,,,,,,
1780434961.066,3125471.0,3139.911,2.857553,,,,,,
1780434961.067,3125496.0,3139.899,2.857493,,,,,,
1780434961.069,3125521.0,3139.904,2.857492,,,,,,
1780434961.153,3125546.0,3139.892,2.857558,,,,,,
1780434961.154,3125571.0,3139.922,2.85755,,,,,,
1780434961.154,3125596.0,3139.909,2.857994,,,,,,
1780434961.248,3125621.0,3139.9,2.857934,,,,,,
1780434961.249,3125646.0,3139.92,2.857929,,,,,,
1780434961.249,3125671.0,3139.911,2.857994,,,,,,
1780434961.250,3125696.0,3139.909,2.857994,,,,,,
1780434961.334,3125721.0,3139.936,2.857988,,,,,,
1780434961.335,3125746.0,3139.92,2.857929,,,,,,
1780434961.335,3125771.0,3139.927,2.85799,,,,,,
1780434961.419,3125796.0,3139.921,2.857991,,,,,,
1780434961.420,3125821.0,3139.939,2.85805,,,,,,
1780434961.421,3125846.0,3139.949,2.85811,,,,,,
1780434961.422,3125871.0,3139.942,2.858175,,,,,,
1780434961.516,3125896.0,3139.988,2.858227,,,,,,
1780434961.517,3125921.0,3139.968,2.858168,,,,,,
1780434961.517,3125946.0,3139.983,2.858228,,,,,,
1780434961.518,3125971.0,3140.028,2.858154,,,,,,
1780434961.585,3125996.0,3140.004,2.857971,,,,,,
1780434961.586,3126021.0,3140.031,2.857901,,,,,,
1780434961.667,3126046.0,3140.002,2.857845,,,,,,
1780434961.668,3126071.0,3139.975,2.857852,,,,,,
1780434961.669,3126096.0,3139.983,2.857913,,,,,,
1780434961.670,3126121.0,3139.976,2.857978,,,,,,
1780434961.768,3126146.0,3139.966,2.858043,,,,,,
1780434961.769,3126171.0,3139.979,2.858103,,,,,,
1780434961.770,3126196.0,3139.96,2.858108,,,,,,
1780434961.771,3126221.0,3139.989,2.858163,,,,,,
1780434961.872,3126246.0,3139.974,2.85823,,,,,,
1780434961.873,3126271.0,3139.985,2.858227,,,,,,
1780434961.874,3126296.0,3139.99,2.858163,,,,,,
1780434961.874,3126321.0,3139.961,2.858233,,,,,,
1780434961.968,3126346.0,3139.994,2.858287,,,,,,
1780434961.969,3126371.0,3139.978,2.858732,,,,,,
1780434961.970,3126396.0,3139.952,2.858802,,,,,,
1780434961.971,3126421.0,3139.972,2.85886,,,,,,
1780434962.082,3126446.0,3139.949,2.858865,,,,,,
1780434962.084,3126471.0,3139.945,2.858236,,,,,,
1780434962.085,3126496.0,3139.957,2.858233,,,,,,
1780434962.086,3126521.0,3139.944,2.858236,,,,,,
1780434962.181,3126546.0,3139.982,2.858227,,,,,,
1780434962.182,3126571.0,3139.963,2.858294,,,,,,
1780434962.182,3126596.0,3139.941,2.8583,,,,,,
1780434962.183,3126621.0,3139.958,2.858296,,,,,,
1780434962.264,3126646.0,3139.942,2.8583,,,,,,
1780434962.265,3126671.0,3139.958,2.858296,,,,,,
1780434962.265,3126696.0,3139.936,2.858364,,,,,,
1780434962.266,3126721.0,3139.913,2.858369,,,,,,
1780434962.349,3126746.0,3139.936,2.858427,,,,,,
1780434962.350,3126771.0,3139.918,2.858494,,,,,,
1780434962.352,3126796.0,3139.938,2.858426,,,,,,
1780434962.466,3126821.0,3139.935,2.85849,,,,,,
1780434962.467,3126846.0,3139.915,2.858054,,,,,,
1780434962.468,3126871.0,3139.907,2.858056,,,,,,
1780434962.469,3126896.0,3139.886,2.857998,,,,,,
1780434962.469,3126921.0,3139.881,2.857937,,,,,,
1780434962.555,3126946.0,3139.899,2.857995,,,,,,
1780434962.556,3126971.0,3139.868,2.858002,,,,,,
1780434962.556,3126996.0,3139.899,2.857995,,,,,,
1780434962.632,3127021.0,3139.873,2.857939,,,,,,
1780434962.634,3127046.0,3139.858,2.858005,,,,,,
1780434962.635,3127071.0,3139.859,2.858005,,,,,,
1780434962.733,3127096.0,3139.855,2.858006,,,,,,
1780434962.735,3127121.0,3139.881,2.857937,,,,,,
1780434962.736,3127146.0,3139.856,2.85788,,,,,,
1780434962.736,3127171.0,3139.851,2.857881,,,,,,
1780434962.831,3127196.0,3139.848,2.857819,,,,,,
1780434962.832,3127221.0,3139.831,2.857886,,,,,,
1780434962.832,3127246.0,3139.879,2.857874,,,,,,
1780434962.832,3127271.0,3139.873,2.857939,,,,,,
1780434962.897,3127296.0,3139.867,2.85794,,,,,,
1780434962.898,3127321.0,3139.92,2.857927,,,,,,
1780434962.898,3127346.0,3139.912,2.857929,,,,,,
1780434962.964,3127371.0,3139.914,2.857866,,,,,,
1780434962.965,3127396.0,3139.939,2.857859,,,,,,
1780434962.966,3127421.0,3139.911,2.857866,,,,,,
1780434963.031,3127446.0,3139.946,2.857795,,,,,,
1780434963.032,3127471.0,3139.925,2.8578,,,,,,
1780434963.132,3127496.0,3139.912,2.85774,,,,,,
1780434963.134,3127521.0,3139.931,2.857673,,,,,,
1780434963.135,3127546.0,3139.919,2.857738,,,,,,
1780434963.136,3127571.0,3139.954,2.85773,,,,,,
1780434963.215,3127596.0,3139.938,2.857671,,,,,,
1780434963.216,3127621.0,3139.933,2.857673,,,,,,
1780434963.217,3127646.0,3139.968,2.857601,,,,,,
1780434963.218,3127671.0,3139.964,2.857602,,,,,,
1780434963.299,3127696.0,3139.957,2.857666,,,,,,
1780434963.300,3127721.0,3139.978,2.857724,,,,,,
1780434963.302,3127746.0,3139.948,2.857669,,,,,,
1780434963.416,3127771.0,3139.989,2.857721,,,,,,
1780434963.417,3127796.0,3139.965,2.857727,,,,,,
1780434963.419,3127821.0,3139.951,2.857731,,,,,,
1780434963.420,3127846.0,3139.991,2.857721,,,,,,
1780434963.421,3127871.0,3139.977,2.857787,,,,,,
1780434963.532,3127896.0,3139.991,2.857721,,,,,,
1780434963.534,3127921.0,3139.982,2.857786,,,,,,
1780434963.535,3127946.0,3139.993,2.857783,,,,,,
1780434963.536,3127971.0,3140.016,2.857777,,,,,,
1780434963.647,3127996.0,3140.019,2.857777,,,,,,
1780434963.648,3128021.0,3140.053,2.857768,,,,,,
1780434963.648,3128046.0,3140.03,2.857774,,,,,,
1780434963.648,3128071.0,3139.999,2.857719,,,,,,
1780434963.649,3128096.0,3140.035,2.857773,,,,,,
1780434963.732,3128121.0,3140.041,2.857834,,,,,,
1780434963.733,3128146.0,3140.036,2.857898,,,,,,
1780434963.734,3128171.0,3140.047,2.857896,,,,,,
1780434963.849,3128196.0,3140.028,2.857837,,,,,,
1780434963.850,3128221.0,3140.077,2.857763,,,,,,
1780434963.852,3128246.0,3140.08,2.857825,,,,,,
1780434963.853,3128271.0,3140.068,2.857828,,,,,,
1780434963.855,3128296.0,3140.085,2.85776,,,,,,
1780434963.932,3128321.0,3140.091,2.857759,,,,,,
1780434963.933,3128346.0,3140.128,2.85775,,,,,,
1780434963.934,3128371.0,3140.115,2.857753,,,,,,
1780434964.034,3128396.0,3140.101,2.857819,,,,,,
1780434964.036,3128421.0,3140.119,2.857815,,,,,,
1780434964.037,3128446.0,3140.102,2.857882,,,,,,
1780434964.038,3128471.0,3140.14,2.85781,,,,,,
1780434964.040,3128496.0,3140.122,2.857814,,,,,,
1780434964.149,3128521.0,3140.103,2.857756,,,,,,
1780434964.151,3128546.0,3140.126,2.857813,,,,,,
1780434964.152,3128571.0,3140.094,2.857884,,,,,,
1780434964.153,3128596.0,3140.079,2.857825,,,,,,
1780434964.265,3128621.0,3140.076,2.857826,,,,,,
1780434964.267,3128646.0,3140.067,2.857828,,,,,,
1780434964.268,3128671.0,3140.099,2.85782,,,,,,
1780434964.269,3128696.0,3140.065,2.857828,,,,,,
1780434964.270,3128721.0,3140.06,2.85783,,,,,,
1780434964.383,3128746.0,3140.079,2.857888,,,,,,
1780434964.385,3128771.0,3140.058,2.857893,,,,,,
1780434964.387,3128796.0,3140.097,2.85782,,,,,,
1780434964.388,3128821.0,3140.062,2.857766,,,,,,
1780434964.389,3128846.0,3140.039,2.857772,,,,,,
1780434964.518,3128871.0,3140.059,2.857389,,,,,,
1780434964.519,3128896.0,3140.035,2.857395,,,,,,
1780434964.521,3128921.0,3140.057,2.857327,,,,,,
1780434964.522,3128946.0,3140.083,2.85732,,,,,,
1780434964.524,3128971.0,3140.066,2.857324,,,,,,
1780434964.617,3128996.0,3140.09,2.857381,,,,,,
1780434964.619,3129021.0,3140.07,2.857386,,,,,,
1780434964.620,3129046.0,3140.062,2.857325,,,,,,
1780434964.621,3129071.0,3140.077,2.857322,,,,,,
1780434964.749,3129096.0,3140.055,2.857264,,,,,,
1780434964.751,3129121.0,3140.099,2.85719,,,,,,
1780434964.752,3129146.0,3140.081,2.857195,,,,,,
1780434964.753,3129171.0,3140.046,2.857203,,,,,,
1780434964.754,3129196.0,3140.074,2.857197,,,,,,
1780434964.866,3129221.0,3140.069,2.857261,,,,,,
1780434964.867,3129246.0,3140.095,2.857192,,,,,,
1780434964.868,3129271.0,3140.069,2.857198,,,,,,
1780434964.869,3129296.0,3140.065,2.857262,,,,,,
1780434964.871,3129321.0,3140.103,2.857252,,,,,,
1780434964.965,3129346.0,3140.087,2.857256,,,,,,
1780434964.966,3129371.0,3140.114,2.85725,,,,,,
1780434964.968,3129396.0,3140.134,2.857182,,,,,,
1780434964.969,3129421.0,3140.112,2.857187,,,,,,
1780434965.065,3129446.0,3140.135,2.857244,,,,,,
1780434965.066,3129471.0,3140.086,2.857319,,,,,,
1780434965.068,3129496.0,3140.05,2.857265,,,,,,
1780434965.069,3129521.0,3140.076,2.857322,,,,,,
1780434965.165,3129546.0,3140.072,2.857386,,,,,,
1780434965.166,3129571.0,3140.095,2.857317,,,,,,
1780434965.168,3129596.0,3140.052,2.857328,,,,,,
1780434965.169,3129621.0,3140.016,2.857337,,,,,,
1780434965.281,3129646.0,3140.043,2.85733,,,,,,
1780434965.282,3129671.0,3140.044,2.85733,,,,,,
1780434965.283,3129696.0,3140.075,2.857259,,,,,,
1780434965.284,3129721.0,3140.033,2.85727,,,,,,
1780434965.365,3129746.0,3140.004,2.857277,,,,,,
1780434965.367,3129771.0,3140.019,2.857336,,,,,,
1780434965.368,3129796.0,3139.998,2.857341,,,,,,
1780434965.369,3129821.0,3140.017,2.857336,,,,,,
1780434965.465,3129846.0,3140.042,2.857393,,,,,,
1780434965.466,3129871.0,3140.035,2.857395,,,,,,
1780434965.468,3129896.0,3140.055,2.85739,,,,,,
1780434965.469,3129921.0,3140.042,2.857393,,,,,,
1780434965.548,3129946.0,3140.052,2.857454,,,,,,
1780434965.549,3129971.0,3140.072,2.857386,,,,,,
1780434965.550,3129996.0,3140.058,2.857326,,,,,,
1780434965.649,3130021.0,3140.071,2.857386,,,,,,
1780434965.651,3130046.0,3140.024,2.857398,,,,,,
1780434965.653,3130071.0,3140.026,2.85746,,,,,,
1780434965.654,3130096.0,3140.048,2.857455,,,,,,
1780434965.766,3130121.0,3140.02,2.857461,,,,,,
1780434965.768,3130146.0,3140.039,2.85752,,,,,,
1780434965.769,3130171.0,3140.018,2.857525,,,,,,
1780434965.770,3130196.0,3139.992,2.857468,,,,,,
1780434965.770,3130221.0,3140.018,2.857399,,,,,,
1780434965.865,3130246.0,3140.007,2.857339,,,,,,
1780434965.866,3130271.0,3140.027,2.857271,,,,,,
1780434965.867,3130296.0,3140.037,2.857269,,,,,,
1780434965.868,3130321.0,3140.037,2.857206,,,,,,
1780434965.984,3130346.0,3140.045,2.857267,,,,,,
1780434965.985,3130371.0,3140.019,2.857273,,,,,,
1780434965.986,3130396.0,3140.022,2.857272,,,,,,
1780434965.988,3130421.0,3140.062,2.8572,,,,,,
1780434965.989,3130446.0,3140.035,2.857143,,,,,,
1780434966.099,3130471.0,3140.06,2.857074,,,,,,
1780434966.100,3130496.0,3140.03,2.857145,,,,,,
1780434966.102,3130521.0,3140.022,2.857147,,,,,,
1780434966.103,3130546.0,3140.054,2.857138,,,,,,
