timestamp_computer,timestamp,sensor1,sensor2,mag,width,crack_x,crack_size,serial out,response
1780434453.994,2618376.0,2634.785,2.65436,,,,,status,l_h=11.800000 c_f=220.000000 q=15.000000
1780434453.995,2618401.0,2634.774,2.654424,,,,,,
1780434453.996,2618426.0,2634.752,2.65436,,,,,,
1780434454.077,2618451.0,2634.734,2.654296,,,,,,
1780434454.079,2618476.0,2634.774,2.65436,,,,,,
1780434454.080,2618501.0,2634.786,2.654296,,,,,,
1780434454.081,2618526.0,2634.841,2.654296,,,,,,
1780434454.160,2618551.0,2634.808,2.65436,,,,,,
1780434454.161,2618576.0,2634.806,2.65436,,,,,,
1780434454.162,2618601.0,2634.766,2.654424,,,,,,
1780434454.226,2618626.0,2634.748,2.65436,,,,,,
1780434454.228,2618651.0,2634.756,2.654424,,,,,,
1780434454.240,2618676.0,2634.786,2.65436,,,,,,
1780434454.308,2618701.0,2634.753,2.65436,,,,,,
1780434454.308,2618726.0,2634.734,2.65436,,,,,,
1780434454.309,2618751.0,2634.71,2.654424,,,,,,
1780434454.377,2618776.0,2634.743,2.654424,,,,,,
1780434454.378,2618801.0,2634.757,2.654488,,,,,,
1780434454.378,2618826.0,2634.787,2.654488,,,,,,
1780434454.442,2618851.0,2634.794,2.654488,,,,,,
1780434454.443,2618876.0,2634.787,2.654424,,,,,,
1780434454.492,2618901.0,2634.751,2.654488,,,,,,
1780434454.493,2618926.0,2634.756,2.654552,,,,,,
1780434454.575,2618951.0,2634.788,2.654552,,,,,,
1780434454.576,2618976.0,2634.756,2.654488,,,,,,
1780434454.576,2619001.0,2634.76,2.654424,,,,,,
1780434454.577,2619026.0,2634.782,2.65436,,,,,,
1780434454.659,2619051.0,2634.726,2.65436,,,,,,
1780434454.661,2619076.0,2634.758,2.65436,,,,,,
1780434454.661,2619101.0,2634.833,2.65436,,,,,,
1780434454.729,2619126.0,2634.829,2.65436,,,,,,
1780434454.729,2619151.0,2634.84,2.654296,,,,,,
1780434454.730,2619176.0,2634.842,2.65436,,,,,,
1780434454.801,2619201.0,2634.794,2.65436,,,,,,
1780434454.802,2619226.0,2634.817,2.654424,,,,,,
1780434454.802,2619251.0,2634.823,2.654424,,,,,,
1780434454.875,2619276.0,2634.815,2.654424,,,,,,
1780434454.875,2619301.0,2634.82,2.65436,,,,,,
1780434454.928,2619326.0,2634.802,2.65436,,,,,,
1780434454.929,2619351.0,2634.838,2.654296,,,,,,
1780434454.929,2619376.0,2634.843,2.654296,,,,,,
1780434454.993,2619401.0,2634.881,2.654232,,,,,,
1780434454.995,2619426.0,2634.898,2.654232,,,,,,
1780434455.084,2619451.0,2634.89,2.654232,,,,,,
1780434455.085,2619476.0,2634.857,2.654296,,,,,,
1780434455.087,2619501.0,2634.88,2.654296,,,,,,
1780434455.089,2619526.0,2634.936,2.654359,,,,,,
1780434455.161,2619551.0,2634.984,2.654423,,,,,,
1780434455.164,2619576.0,2634.986,2.654488,,,,,,
1780434455.166,2619601.0,2634.976,2.654552,,,,,,
1780434455.244,2619626.0,2634.963,2.654552,,,,,,
1780434455.246,2619651.0,2634.975,2.654552,,,,,,
1780434455.247,2619676.0,2634.989,2.654552,,,,,,
1780434455.255,2619701.0,2635.016,2.654616,,,,,,
1780434455.287,2619726.0,2635.053,2.654552,,,,,,
1780434455.309,2619751.0,2635.031,2.654616,,,,,,
1780434455.331,2619776.0,2634.995,2.654616,,,,,,
1780434455.355,2619801.0,2634.987,2.654552,,,,,,
1780434455.379,2619826.0,2635.009,2.654616,,,,,,
1780434455.413,2619851.0,2635.029,2.654552,,,,,,
1780434455.436,2619876.0,2635.054,2.654552,,,,,,
1780434455.460,2619901.0,2635.039,2.654552,,,,,,
1780434455.484,2619926.0,2635.014,2.654552,,,,,,
1780434455.508,2619951.0,2635.042,2.654488,,,,,,
1780434455.531,2619976.0,2635.071,2.654552,,,,,,
1780434455.556,2620001.0,2635.053,2.654488,,,,,,
1780434455.580,2620026.0,2635.027,2.654488,,,,,,
1780434455.614,2620051.0,2635.015,2.654424,,,,,,
1780434455.638,2620076.0,2634.997,2.654424,,,,,,
1780434455.655,2620101.0,2635.018,2.654488,,,,,status,l_h=11.800000 c_f=220.000000 q=15.000000
1780434455.743,2620126.0,2635.017,2.654488,,,,,,
1780434455.745,2620151.0,2634.977,2.654488,,,,,,
1780434455.746,2620176.0,2635.007,2.654488,,,,,,
1780434455.807,2620201.0,2634.994,2.654424,,,,,,
1780434455.807,2620226.0,2635.026,2.654424,,,,,,
1780434455.808,2620251.0,2635.069,2.654488,,,,,,
1780434455.875,2620276.0,2635.093,2.654552,,,,,,
1780434455.876,2620301.0,2635.093,2.654552,,,,,,
1780434455.877,2620326.0,2635.062,2.654488,,,,,,
1780434455.960,2620351.0,2635.005,2.654488,,,,,,
1780434455.961,2620376.0,2635.042,2.654488,,,,,,
1780434455.962,2620401.0,2634.998,2.654552,,,,,,
1780434456.023,2620426.0,2634.971,2.654488,,,,,,
1780434456.024,2620451.0,2634.944,2.654552,,,,,,
1780434456.110,2620476.0,2634.944,2.654552,,,,,,
1780434456.111,2620501.0,2634.919,2.654552,,,,,,
1780434456.112,2620526.0,2634.957,2.654552,,,,,,
1780434456.113,2620551.0,2634.98,2.654616,,,,,,
1780434456.210,2620576.0,2634.986,2.654615,,,,,,
1780434456.211,2620601.0,2634.939,2.654615,,,,,,
1780434456.213,2620626.0,2634.93,2.654615,,,,,,
1780434456.214,2620651.0,2634.893,2.654615,,,,,,
1780434456.293,2620676.0,2634.888,2.65468,,,,,,
1780434456.294,2620701.0,2634.894,2.654744,,,,,,
1780434456.295,2620726.0,2634.929,2.654744,,,,,,
1780434456.379,2620751.0,2634.945,2.654744,,,,,,
1780434456.381,2620776.0,2634.897,2.654744,,,,,,
1780434456.382,2620801.0,2634.878,2.65468,,,,,,
1780434456.383,2620826.0,2634.885,2.65468,,,,,,
1780434456.443,2620851.0,2634.942,2.654616,,,,,,
1780434456.444,2620876.0,2634.951,2.654616,,,,,,
1780434456.509,2620901.0,2634.964,2.654552,,,,,,
1780434456.511,2620926.0,2634.946,2.654616,,,,,,
1780434456.512,2620951.0,2634.954,2.654616,,,,,,
1780434456.575,2620976.0,2634.922,2.654616,,,,,,
1780434456.575,2621001.0,2634.915,2.654616,,,,,,
1780434456.627,2621026.0,2634.902,2.654552,,,,,,
1780434456.628,2621051.0,2634.899,2.654616,,,,,,
1780434456.629,2621076.0,2634.886,2.654552,,,,,,
1780434456.709,2621101.0,2634.863,2.654552,,,,,,
1780434456.710,2621126.0,2634.886,2.654616,,,,,,
1780434456.711,2621151.0,2634.893,2.654552,,,,,,
1780434456.773,2621176.0,2634.87,2.654616,,,,,,
1780434456.774,2621201.0,2634.87,2.654616,,,,,,
1780434456.842,2621226.0,2634.834,2.654616,,,,,,
1780434456.843,2621251.0,2634.849,2.654616,,,,,,
1780434456.845,2621276.0,2634.914,2.654552,,,,,,
1780434456.933,2621301.0,2634.88,2.654616,,,,,,
1780434456.935,2621326.0,2634.813,2.654616,,,,,,
1780434456.936,2621351.0,2634.802,2.654552,,,,,,
1780434456.938,2621376.0,2634.798,2.654552,,,,,,
1780434457.008,2621401.0,2634.856,2.654488,,,,,,
1780434457.009,2621426.0,2634.856,2.654423,,,,,,
1780434457.010,2621451.0,2634.86,2.654488,,,,,,
1780434457.094,2621476.0,2634.876,2.654552,,,,,,
1780434457.095,2621501.0,2634.869,2.654488,,,,,,
1780434457.096,2621526.0,2634.859,2.654423,,,,,,
1780434457.193,2621551.0,2634.892,2.654488,,,,,,
1780434457.194,2621576.0,2634.92,2.654488,,,,,,
1780434457.195,2621601.0,2634.923,2.654488,,,,,,
1780434457.196,2621626.0,2634.906,2.654552,,,,,,
1780434457.275,2621651.0,2634.93,2.654552,,,,,,
1780434457.276,2621676.0,2634.948,2.654616,,,,,,
1780434457.277,2621701.0,2634.973,2.654552,,,,,,
1780434457.277,2621726.0,2634.95,2.654552,,,,,,
1780434457.341,2621751.0,2634.938,2.654552,,,,,,
1780434457.342,2621776.0,2634.901,2.654552,,,,,,
1780434457.410,2621801.0,2634.916,2.654552,,,,,,
1780434457.411,2621826.0,2634.921,2.654552,,,,,,
1780434457.412,2621851.0,2634.942,2.654552,,,,,,
1780434457.510,2621876.0,2634.927,2.654616,,,,,,
1780434457.512,2621901.0,2634.925,2.654616,,,,,,
1780434457.513,2621926.0,2634.895,2.654552,,,,,,
1780434457.514,2621951.0,2634.87,2.654488,,,,,,
1780434457.613,2621976.0,2634.823,2.654424,,,,,,
1780434457.614,2622001.0,2634.804,2.654424,,,,,,
1780434457.616,2622026.0,2634.777,2.65436,,,,,,
1780434457.617,2622051.0,2634.781,2.65436,,,,,,
1780434457.699,2622076.0,2634.8,2.65436,,,,,,
1780434457.700,2622101.0,2634.765,2.65436,,,,,,
1780434457.701,2622126.0,2634.79,2.65436,,,,,,
1780434457.702,2622151.0,2634.779,2.654424,,,,,,
1780434457.774,2622176.0,2634.743,2.65436,,,,,,
1780434457.776,2622201.0,2634.728,2.65436,,,,,,
1780434457.777,2622226.0,2634.729,2.654424,,,,,,
1780434457.845,2622251.0,2634.758,2.654424,,,,,,
1780434457.846,2622276.0,2634.767,2.654424,,,,,,
1780434457.924,2622301.0,2634.771,2.654424,,,,,,
1780434457.925,2622326.0,2634.77,2.654488,,,,,,
1780434457.926,2622351.0,2634.779,2.654552,,,,,,
1780434457.927,2622376.0,2634.775,2.654552,,,,,,
1780434458.016,2622401.0,2634.786,2.654616,,,,,,
1780434458.018,2622426.0,2634.825,2.654616,,,,,,
1780434458.019,2622451.0,2634.808,2.654616,,,,,,
1780434458.078,2622476.0,2634.827,2.654616,,,,,,
1780434458.078,2622501.0,2634.807,2.65468,,,,,,
1780434458.078,2622526.0,2634.735,2.654744,,,,,,
1780434458.140,2622551.0,2634.761,2.65468,,,,,,
1780434458.141,2622576.0,2634.839,2.654616,,,,,,
1780434458.208,2622601.0,2634.814,2.654616,,,,,,
1780434458.208,2622626.0,2634.789,2.654616,,,,,,
1780434458.209,2622651.0,2634.751,2.65468,,,,,,
1780434458.269,2622676.0,2634.736,2.65468,,,,,,
1780434458.270,2622701.0,2634.731,2.65468,,,,,,
1780434458.332,2622726.0,2634.721,2.65468,,,,,,
1780434458.332,2622751.0,2634.723,2.65468,,,,,,
1780434458.333,2622776.0,2634.663,2.65468,,,,,,
1780434458.409,2622801.0,2634.644,2.65468,,,,,,
1780434458.411,2622826.0,2634.651,2.65468,,,,,,
1780434458.413,2622851.0,2634.662,2.654744,,,,,,
1780434458.493,2622876.0,2634.664,2.654744,,,,,,
1780434458.495,2622901.0,2634.662,2.65468,,,,,,
1780434458.496,2622926.0,2634.653,2.65468,,,,,,
1780434458.578,2622951.0,2634.661,2.65468,,,,,,
1780434458.579,2622976.0,2634.683,2.654616,,,,,,
1780434458.580,2623001.0,2634.768,2.654616,,,,,,
1780434458.581,2623026.0,2634.793,2.65468,,,,,,
1780434458.660,2623051.0,2634.728,2.65468,,,,,,
1780434458.661,2623076.0,2634.676,2.654616,,,,,,
1780434458.663,2623101.0,2634.655,2.654616,,,,,,
1780434458.744,2623126.0,2634.672,2.654615,,,,,,
1780434458.745,2623151.0,2634.654,2.654615,,,,,,
1780434458.746,2623176.0,2634.688,2.654615,,,,,,
1780434458.842,2623201.0,2634.695,2.65468,,,,,,
1780434458.843,2623226.0,2634.749,2.65468,,,,,,
1780434458.844,2623251.0,2634.756,2.654615,,,,,,
1780434458.845,2623276.0,2634.809,2.65468,,,,,,
1780434458.927,2623301.0,2634.814,2.654744,,,,,,
1780434458.929,2623326.0,2634.759,2.654744,,,,,,
1780434458.930,2623351.0,2634.73,2.654808,,,,,,
1780434458.931,2623376.0,2634.688,2.654808,,,,,,
1780434459.006,2623401.0,2634.678,2.654808,,,,,,
1780434459.007,2623426.0,2634.744,2.654808,,,,,,
1780434459.007,2623451.0,2634.743,2.654744,,,,,,
1780434459.096,2623476.0,2634.734,2.654744,,,,,,
1780434459.098,2623501.0,2634.722,2.65468,,,,,,
1780434459.099,2623526.0,2634.755,2.654744,,,,,,
1780434459.195,2623551.0,2634.803,2.65468,,,,,,
1780434459.196,2623576.0,2634.817,2.65468,,,,,,
1780434459.198,2623601.0,2634.839,2.65468,,,,,,
1780434459.199,2623626.0,2634.804,2.654616,,,,,,
1780434459.311,2623651.0,2634.804,2.654616,,,,,,
1780434459.312,2623676.0,2634.778,2.654552,,,,,,
1780434459.314,2623701.0,2634.803,2.654552,,,,,,
1780434459.315,2623726.0,2634.838,2.654488,,,,,,
1780434459.317,2623751.0,2634.846,2.654424,,,,,,
1780434459.391,2623776.0,2634.84,2.65436,,,,,,
1780434459.393,2623801.0,2634.799,2.654424,,,,,,
1780434459.394,2623826.0,2634.794,2.654424,,,,,,
1780434459.493,2623851.0,2634.848,2.654424,,,,,,
1780434459.494,2623876.0,2634.9,2.654488,,,,,,
1780434459.494,2623901.0,2634.915,2.654424,,,,,,
1780434459.495,2623926.0,2634.922,2.654488,,,,,,
1780434459.559,2623951.0,2634.903,2.654424,,,,,,
1780434459.561,2623976.0,2634.907,2.654423,,,,,,
1780434459.562,2624001.0,2634.925,2.654424,,,,,,
1780434459.609,2624026.0,2634.989,2.654488,,,,,,
1780434459.611,2624051.0,2634.974,2.654488,,,,,,
1780434459.692,2624076.0,2634.942,2.654552,,,,,,
1780434459.694,2624101.0,2634.942,2.654488,,,,,,
1780434459.697,2624126.0,2634.947,2.654488,,,,,,
1780434459.767,2624151.0,2634.945,2.654552,,,,,,
1780434459.767,2624176.0,2634.97,2.654552,,,,,,
1780434459.768,2624201.0,2634.98,2.654552,,,,,,
1780434459.825,2624226.0,2634.943,2.654616,,,,,,
1780434459.826,2624251.0,2634.873,2.65468,,,,,,
1780434459.826,2624276.0,2634.903,2.654616,,,,,,
1780434459.909,2624301.0,2634.97,2.654616,,,,,,
1780434459.909,2624326.0,2635.007,2.654616,,,,,,
1780434459.910,2624351.0,2635.003,2.654616,,,,,,
1780434459.974,2624376.0,2635.006,2.654552,,,,,,
1780434459.975,2624401.0,2635.032,2.654616,,,,,,
1780434460.045,2624426.0,2635.038,2.654616,,,,,,
1780434460.046,2624451.0,2635.066,2.654616,,,,,,
1780434460.047,2624476.0,2635.038,2.65468,,,,,,
1780434460.108,2624501.0,2635.043,2.654744,,,,,,
1780434460.109,2624526.0,2635.029,2.654744,,,,,,
1780434460.109,2624551.0,2635.01,2.654744,,,,,,
1780434460.159,2624576.0,2635.081,2.654744,,,,,,
1780434460.159,2624601.0,2635.139,2.65468,,,,,,
1780434460.221,2624626.0,2635.13,2.654616,,,,,,
1780434460.222,2624651.0,2635.117,2.654616,,,,,,
1780434460.284,2624676.0,2635.095,2.654616,,,,,,
1780434460.286,2624701.0,2635.106,2.654616,,,,,,
1780434460.287,2624726.0,2635.144,2.654552,,,,,,
1780434460.347,2624751.0,2635.144,2.654552,,,,,,
1780434460.347,2624776.0,2635.117,2.654488,,,,,,
1780434460.410,2624801.0,2635.096,2.654552,,,,,,
1780434460.411,2624826.0,2635.096,2.654552,,,,,,
1780434460.411,2624851.0,2635.104,2.654552,,,,,,
1780434460.474,2624876.0,2635.11,2.654552,,,,,,
1780434460.475,2624901.0,2635.1,2.654552,,,,,,
1780434460.536,2624926.0,2635.116,2.654615,,,,,,
1780434460.537,2624951.0,2635.104,2.654615,,,,,,
1780434460.537,2624976.0,2635.068,2.65468,,,,,,
1780434460.600,2625001.0,2635.092,2.654744,,,,,,
1780434460.601,2625026.0,2635.126,2.654744,,,,,,
1780434460.602,2625051.0,2635.164,2.654744,,,,,,
1780434460.658,2625076.0,2635.143,2.654744,,,,,,
1780434460.658,2625101.0,2635.102,2.654744,,,,,,
1780434460.727,2625126.0,2635.08,2.65468,,,,,,
1780434460.728,2625151.0,2635.055,2.65468,,,,,,
1780434460.729,2625176.0,2635.076,2.65468,,,,,,
1780434460.792,2625201.0,2635.108,2.654744,,,,,,
1780434460.793,2625226.0,2635.079,2.65468,,,,,,
1780434460.862,2625251.0,2635.034,2.65468,,,,,,
1780434460.864,2625276.0,2635.021,2.65468,,,,,,
1780434460.865,2625301.0,2635.069,2.65468,,,,,,
1780434460.962,2625326.0,2635.075,2.65468,,,,,,
1780434460.963,2625351.0,2635.061,2.65468,,,,,,
1780434460.965,2625376.0,2635.062,2.654616,,,,,,
1780434460.966,2625401.0,2635.055,2.654552,,,,,,
1780434461.059,2625426.0,2635.028,2.654552,,,,,,
1780434461.061,2625451.0,2635.065,2.654552,,,,,,
1780434461.062,2625476.0,2635.076,2.654488,,,,,,
1780434461.063,2625501.0,2635.074,2.654488,,,,,,
1780434461.146,2625526.0,2635.019,2.654552,,,,,,
1780434461.147,2625551.0,2635.027,2.654552,,,,,,
1780434461.148,2625576.0,2635.033,2.654616,,,,,,
1780434461.209,2625601.0,2635.104,2.65468,,,,,,
1780434461.210,2625626.0,2635.119,2.654744,,,,,,
1780434461.211,2625651.0,2635.126,2.654744,,,,,,
1780434461.287,2625676.0,2635.129,2.654808,,,,,,
1780434461.288,2625701.0,2635.133,2.654808,,,,,,
1780434461.290,2625726.0,2635.153,2.654744,,,,,,
1780434461.375,2625751.0,2635.133,2.65468,,,,,,
1780434461.377,2625776.0,2635.126,2.65468,,,,,,
1780434461.378,2625801.0,2635.111,2.654616,,,,,,
1780434461.379,2625826.0,2635.07,2.654552,,,,,,
1780434461.481,2625851.0,2635.038,2.654616,,,,,,
1780434461.482,2625876.0,2635.077,2.654616,,,,,,
1780434461.484,2625901.0,2635.126,2.654552,,,,,,
1780434461.485,2625926.0,2635.122,2.654552,,,,,,
1780434461.582,2625951.0,2635.125,2.654616,,,,,,
1780434461.584,2625976.0,2635.103,2.654616,,,,,,
1780434461.586,2626001.0,2635.134,2.65468,,,,,,
1780434461.587,2626026.0,2635.14,2.654744,,,,,,
1780434461.673,2626051.0,2635.092,2.65468,,,,,,
1780434461.673,2626076.0,2635.046,2.65468,,,,,,
1780434461.674,2626101.0,2635.055,2.65468,,,,,,
1780434461.762,2626126.0,2635.022,2.654744,,,,,,
1780434461.764,2626151.0,2635.053,2.654744,,,,,,
1780434461.765,2626176.0,2635.042,2.654744,,,,,,
1780434461.766,2626201.0,2635.061,2.654744,,,,,,
1780434461.846,2626226.0,2635.063,2.654744,,,,,,
1780434461.848,2626251.0,2635.054,2.654744,,,,,,
1780434461.849,2626276.0,2635.051,2.654808,,,,,,
1780434461.927,2626301.0,2635.077,2.654808,,,,,,
1780434461.928,2626326.0,2635.079,2.654871,,,,,,
1780434461.928,2626351.0,2635.078,2.654871,,,,,,
1780434461.929,2626376.0,2635.073,2.654872,,,,,,
1780434461.994,2626401.0,2635.129,2.654872,,,,,,
1780434461.995,2626426.0,2635.134,2.654872,,,,,,
1780434462.076,2626451.0,2635.121,2.654808,,,,,,
1780434462.077,2626476.0,2635.131,2.654808,,,,,,
1780434462.078,2626501.0,2635.148,2.654872,,,,,,
1780434462.079,2626526.0,2635.135,2.654872,,,,,,
1780434462.140,2626551.0,2635.111,2.654808,,,,,,
1780434462.142,2626576.0,2635.122,2.654808,,,,,,
1780434462.192,2626601.0,2635.117,2.654808,,,,,,
1780434462.193,2626626.0,2635.107,2.654808,,,,,,
1780434462.258,2626651.0,2635.105,2.654808,,,,,,
1780434462.260,2626676.0,2635.104,2.654808,,,,,,
1780434462.261,2626701.0,2635.051,2.654872,,,,,,
1780434462.345,2626726.0,2635.06,2.654872,,,,,,
1780434462.347,2626751.0,2635.086,2.654872,,,,,,
1780434462.348,2626776.0,2635.099,2.654808,,,,,,
1780434462.410,2626801.0,2635.095,2.654744,,,,,,
1780434462.411,2626826.0,2635.095,2.65468,,,,,,
1780434462.412,2626851.0,2635.053,2.654616,,,,,,
1780434462.457,2626876.0,2635.072,2.654616,,,,,,
1780434462.458,2626901.0,2635.061,2.654552,,,,,,
1780434462.512,2626926.0,2635.032,2.654552,,,,,,
1780434462.513,2626951.0,2635.007,2.654488,,,,,,
1780434462.575,2626976.0,2635.014,2.654552,,,,,,
1780434462.577,2627001.0,2635.03,2.654552,,,,,,
1780434462.578,2627026.0,2635.03,2.654552,,,,,,
1780434462.643,2627051.0,2635.008,2.654615,,,,,,
1780434462.644,2627076.0,2635.038,2.654616,,,,,,
1780434462.690,2627101.0,2635.047,2.654615,,,,,,
1780434462.691,2627126.0,2635.058,2.65468,,,,,,
1780434462.747,2627151.0,2635.041,2.65468,,,,,,
1780434462.748,2627176.0,2635.056,2.654744,,,,,,
1780434462.808,2627201.0,2635.054,2.654744,,,,,,
1780434462.808,2627226.0,2635.056,2.654744,,,,,,
1780434462.809,2627251.0,2635.001,2.654744,,,,,,
1780434462.865,2627276.0,2634.982,2.654744,,,,,,
1780434462.865,2627301.0,2635.029,2.654744,,,,,,
1780434462.937,2627326.0,2635.03,2.654744,,,,,,
1780434462.938,2627351.0,2634.959,2.654744,,,,,,
1780434462.938,2627376.0,2634.978,2.65468,,,,,,
1780434462.990,2627401.0,2634.964,2.654616,,,,,,
1780434462.991,2627426.0,2634.968,2.654552,,,,,,
1780434463.065,2627451.0,2634.969,2.654616,,,,,,
1780434463.067,2627476.0,2634.938,2.654552,,,,,,
1780434463.069,2627501.0,2634.938,2.654552,,,,,,
1780434463.143,2627526.0,2634.903,2.654552,,,,,,
1780434463.145,2627551.0,2634.859,2.654552,,,,,,
1780434463.146,2627576.0,2634.865,2.654552,,,,,,
1780434463.225,2627601.0,2634.886,2.654552,,,,,,
1780434463.225,2627626.0,2634.868,2.654552,,,,,,
1780434463.226,2627651.0,2634.83,2.654616,,,,,,
1780434463.226,2627676.0,2634.809,2.654552,,,,,,
1780434463.277,2627701.0,2634.821,2.654616,,,,,,
1780434463.278,2627726.0,2634.842,2.65468,,,,,,
1780434463.342,2627751.0,2634.861,2.654616,,,,,,
1780434463.343,2627776.0,2634.857,2.654616,,,,,,
1780434463.409,2627801.0,2634.84,2.65468,,,,,,
1780434463.411,2627826.0,2634.837,2.654616,,,,,,
1780434463.412,2627851.0,2634.84,2.65468,,,,,,
1780434463.489,2627876.0,2634.845,2.654744,,,,,,
1780434463.491,2627901.0,2634.829,2.654744,,,,,,
1780434463.492,2627926.0,2634.813,2.654744,,,,,,
1780434463.575,2627951.0,2634.809,2.65468,,,,,,
1780434463.576,2627976.0,2634.84,2.654744,,,,,,
1780434463.577,2628001.0,2634.867,2.654744,,,,,,
1780434463.578,2628026.0,2634.871,2.654744,,,,,,
1780434463.662,2628051.0,2634.837,2.654808,,,,,,
1780434463.663,2628076.0,2634.812,2.654872,,,,,,
1780434463.665,2628101.0,2634.791,2.654936,,,,,,
1780434463.744,2628126.0,2634.753,2.654872,,,,,,
1780434463.746,2628151.0,2634.754,2.654936,,,,,,
1780434463.747,2628176.0,2634.794,2.654936,,,,,,
1780434463.823,2628201.0,2634.773,2.655,,,,,,
1780434463.824,2628226.0,2634.716,2.655,,,,,,
1780434463.824,2628251.0,2634.704,2.655064,,,,,,
1780434463.890,2628276.0,2634.699,2.655064,,,,,,
1780434463.891,2628301.0,2634.755,2.655064,,,,,,
1780434463.891,2628326.0,2634.738,2.655128,,,,,,
1780434463.940,2628351.0,2634.715,2.655128,,,,,,
1780434463.941,2628376.0,2634.688,2.655128,,,,,,
1780434464.012,2628401.0,2634.69,2.655128,,,,,,
1780434464.014,2628426.0,2634.667,2.655128,,,,,,
1780434464.015,2628451.0,2634.628,2.655064,,,,,,
1780434464.095,2628476.0,2634.603,2.655128,,,,,,
1780434464.096,2628501.0,2634.582,2.655064,,,,,,
1780434464.097,2628526.0,2634.589,2.655,,,,,,
1780434464.160,2628551.0,2634.582,2.655,,,,,,
1780434464.160,2628576.0,2634.645,2.654936,,,,,,
1780434464.161,2628601.0,2634.727,2.654936,,,,,,
1780434464.208,2628626.0,2634.706,2.654936,,,,,,
1780434464.210,2628651.0,2634.707,2.655,,,,,,
1780434464.291,2628676.0,2634.7,2.655,,,,,,
1780434464.292,2628701.0,2634.684,2.655,,,,,,
1780434464.293,2628726.0,2634.724,2.655064,,,,,,
1780434464.358,2628751.0,2634.743,2.655,,,,,,
1780434464.358,2628776.0,2634.75,2.655,,,,,,
1780434464.359,2628801.0,2634.742,2.655,,,,,,
1780434464.384,2628826.0,2634.736,2.654936,,,,,,
1780434464.407,2628851.0,2634.703,2.655,,,,,,
1780434464.430,2628876.0,2634.733,2.655,,,,,,
1780434464.461,2628901.0,2634.771,2.654936,,,,,,
1780434464.483,2628926.0,2634.739,2.654936,,,,,,
1780434464.505,2628951.0,2634.714,2.654935,,,,,,
1780434464.527,2628976.0,2634.639,2.654936,,,,,,
1780434464.563,2629001.0,2634.664,2.654999,,,,,,
1780434464.585,2629026.0,2634.722,2.654999,,,,,,
1780434464.607,2629051.0,2634.739,2.654935,,,,,,
1780434464.637,2629076.0,2634.705,2.655,,,,,,
1780434464.660,2629101.0,2634.71,2.654999,,,,,,
1780434464.681,2629126.0,2634.691,2.654936,,,,,,
1780434464.704,2629151.0,2634.731,2.654936,,,,,,
1780434464.728,2629176.0,2634.763,2.654936,,,,,,
1780434464.766,2629201.0,2634.771,2.654936,,,,,status,l_h=11.800000 c_f=220.000000 q=15.000000
1780434464.859,2629226.0,2634.729,2.654936,,,,,,
1780434464.861,2629251.0,2634.729,2.654872,,,,,,
1780434464.862,2629276.0,2634.705,2.654872,,,,,,
1780434464.863,2629301.0,2634.694,2.654872,,,,,,
1780434464.923,2629326.0,2634.738,2.654808,,,,,,
1780434464.925,2629351.0,2634.718,2.654808,,,,,,
1780434464.991,2629376.0,2634.725,2.654872,,,,,,
1780434464.992,2629401.0,2634.712,2.654808,,,,,,
1780434464.992,2629426.0,2634.683,2.654744,,,,,,
1780434465.059,2629451.0,2634.73,2.654744,,,,,,
1780434465.061,2629476.0,2634.798,2.654744,,,,,,
1780434465.062,2629501.0,2634.802,2.654744,,,,,,
1780434465.124,2629526.0,2634.799,2.65468,,,,,,
1780434465.125,2629551.0,2634.788,2.65468,,,,,,
1780434465.212,2629576.0,2634.788,2.65468,,,,,,
1780434465.213,2629601.0,2634.816,2.654616,,,,,,
1780434465.215,2629626.0,2634.787,2.654616,,,,,,
1780434465.216,2629651.0,2634.755,2.65468,,,,,,
1780434465.273,2629676.0,2634.756,2.65468,,,,,,
1780434465.274,2629701.0,2634.792,2.65468,,,,,,
1780434465.323,2629726.0,2634.839,2.65468,,,,,,
1780434465.325,2629751.0,2634.905,2.65468,,,,,,
1780434465.394,2629776.0,2634.906,2.65468,,,,,,
1780434465.396,2629801.0,2634.907,2.65468,,,,,,
1780434465.397,2629826.0,2634.859,2.65468,,,,,,
1780434465.476,2629851.0,2634.827,2.654616,,,,,,
1780434465.477,2629876.0,2634.854,2.65468,,,,,,
1780434465.479,2629901.0,2634.855,2.65468,,,,,,
1780434465.480,2629926.0,2634.827,2.654744,,,,,,
1780434465.560,2629951.0,2634.804,2.654744,,,,,,
1780434465.561,2629976.0,2634.794,2.65468,,,,,,
1780434465.562,2630001.0,2634.783,2.654744,,,,,,
1780434465.645,2630026.0,2634.799,2.65468,,,,,,
1780434465.646,2630051.0,2634.852,2.65468,,,,,,
1780434465.646,2630076.0,2634.862,2.65468,,,,,,
1780434465.729,2630101.0,2634.873,2.65468,,,,,,
1780434465.730,2630126.0,2634.857,2.65468,,,,,,
1780434465.732,2630151.0,2634.799,2.65468,,,,,,
1780434465.733,2630176.0,2634.847,2.654744,,,,,,
1780434465.812,2630201.0,2634.837,2.65468,,,,,,
1780434465.813,2630226.0,2634.866,2.65468,,,,,,
1780434465.814,2630251.0,2634.827,2.65468,,,,,,
1780434465.873,2630276.0,2634.754,2.654616,,,,,,
1780434465.873,2630301.0,2634.761,2.654616,,,,,,
1780434465.923,2630326.0,2634.8,2.654616,,,,,,
1780434465.923,2630351.0,2634.801,2.654615,,,,,,
1780434465.973,2630376.0,2634.811,2.65468,,,,,,
1780434465.974,2630401.0,2634.783,2.654744,,,,,,
1780434466.042,2630426.0,2634.79,2.654744,,,,,,
1780434466.043,2630451.0,2634.791,2.654744,,,,,,
1780434466.044,2630476.0,2634.801,2.65468,,,,,,
1780434466.108,2630501.0,2634.748,2.65468,,,,,,
1780434466.109,2630526.0,2634.749,2.65468,,,,,,
1780434466.110,2630551.0,2634.751,2.654616,,,,,,
1780434466.173,2630576.0,2634.727,2.654616,,,,,,
1780434466.173,2630601.0,2634.746,2.654616,,,,,,
1780434466.240,2630626.0,2634.789,2.654615,,,,,,
1780434466.241,2630651.0,2634.82,2.654616,,,,,,
1780434466.241,2630676.0,2634.813,2.65468,,,,,,
1780434466.293,2630701.0,2634.782,2.65468,,,,,,
1780434466.295,2630726.0,2634.771,2.65468,,,,,,
1780434466.378,2630751.0,2634.787,2.65468,,,,,,
1780434466.379,2630776.0,2634.773,2.654744,,,,,,
1780434466.381,2630801.0,2634.748,2.65468,,,,,,
1780434466.382,2630826.0,2634.726,2.654616,,,,,,
1780434466.458,2630851.0,2634.724,2.654616,,,,,,
1780434466.459,2630876.0,2634.752,2.654552,,,,,,
1780434466.461,2630901.0,2634.798,2.654552,,,,,,
1780434466.540,2630926.0,2634.786,2.654488,,,,,,
1780434466.541,2630951.0,2634.784,2.654488,,,,,,
1780434466.541,2630976.0,2634.751,2.654424,,,,,,
1780434466.609,2631001.0,2634.741,2.654423,,,,,,
1780434466.610,2631026.0,2634.727,2.654423,,,,,,
1780434466.610,2631051.0,2634.738,2.654423,,,,,,
1780434466.696,2631076.0,2634.739,2.654488,,,,,,
1780434466.698,2631101.0,2634.732,2.654488,,,,,,
1780434466.699,2631126.0,2634.738,2.654488,,,,,,
1780434466.776,2631151.0,2634.735,2.654488,,,,,,
1780434466.777,2631176.0,2634.814,2.654488,,,,,,
1780434466.778,2631201.0,2634.849,2.654488,,,,,,
1780434466.779,2631226.0,2634.833,2.654552,,,,,,
1780434466.856,2631251.0,2634.772,2.654552,,,,,,
1780434466.856,2631276.0,2634.762,2.654616,,,,,,
1780434466.857,2631301.0,2634.741,2.654616,,,,,,
1780434466.924,2631326.0,2634.742,2.65468,,,,,,
1780434466.925,2631351.0,2634.714,2.65468,,,,,,
1780434467.012,2631376.0,2634.682,2.654744,,,,,,
1780434467.013,2631401.0,2634.727,2.654808,,,,,,
1780434467.014,2631426.0,2634.695,2.654744,,,,,,
1780434467.015,2631451.0,2634.716,2.654808,,,,,,
1780434467.077,2631476.0,2634.736,2.654744,,,,,,
1780434467.078,2631501.0,2634.734,2.654744,,,,,,
1780434467.079,2631526.0,2634.734,2.654808,,,,,,
1780434467.163,2631551.0,2634.726,2.654808,,,,,,
1780434467.164,2631576.0,2634.709,2.654744,,,,,,
1780434467.166,2631601.0,2634.74,2.65468,,,,,,
1780434467.259,2631626.0,2634.762,2.65468,,,,,,
1780434467.260,2631651.0,2634.754,2.65468,,,,,,
1780434467.260,2631676.0,2634.702,2.654616,,,,,,
1780434467.261,2631701.0,2634.702,2.65468,,,,,,
1780434467.307,2631726.0,2634.725,2.654744,,,,,,
1780434467.308,2631751.0,2634.776,2.654808,,,,,,
1780434467.355,2631776.0,2634.792,2.654872,,,,,,
1780434467.356,2631801.0,2634.799,2.654936,,,,,,
1780434467.409,2631826.0,2634.788,2.654936,,,,,,
1780434467.410,2631851.0,2634.833,2.654872,,,,,,
1780434467.474,2631876.0,2634.812,2.654808,,,,,,
1780434467.475,2631901.0,2634.795,2.654872,,,,,,
1780434467.542,2631926.0,2634.796,2.654808,,,,,,
1780434467.543,2631951.0,2634.803,2.654808,,,,,,
1780434467.543,2631976.0,2634.787,2.654744,,,,,,
1780434467.630,2632001.0,2634.741,2.654744,,,,,,
1780434467.632,2632026.0,2634.758,2.65468,,,,,,
1780434467.633,2632051.0,2634.772,2.654744,,,,,,
1780434467.634,2632076.0,2634.781,2.654807,,,,,,
1780434467.711,2632101.0,2634.766,2.654872,,,,,,
1780434467.712,2632126.0,2634.761,2.654871,,,,,,
1780434467.713,2632151.0,2634.714,2.654807,,,,,,
1780434467.792,2632176.0,2634.707,2.654871,,,,,,
1780434467.794,2632201.0,2634.705,2.654936,,,,,,
1780434467.795,2632226.0,2634.695,2.654999,,,,,,
1780434467.856,2632251.0,2634.666,2.654999,,,,,,
1780434467.858,2632276.0,2634.667,2.655063,,,,,,
1780434467.859,2632301.0,2634.658,2.655063,,,,,,
1780434467.926,2632326.0,2634.685,2.655063,,,,,,
1780434467.927,2632351.0,2634.696,2.655063,,,,,,
1780434467.928,2632376.0,2634.674,2.655,,,,,,
1780434467.990,2632401.0,2634.651,2.654936,,,,,,
1780434467.991,2632426.0,2634.615,2.654871,,,,,,
1780434468.039,2632451.0,2634.6,2.654808,,,,,,
1780434468.040,2632476.0,2634.63,2.654808,,,,,,
1780434468.106,2632501.0,2634.69,2.654744,,,,,,
1780434468.106,2632526.0,2634.689,2.654744,,,,,,
1780434468.107,2632551.0,2634.69,2.65468,,,,,,
1780434468.175,2632576.0,2634.672,2.654616,,,,,,
1780434468.177,2632601.0,2634.693,2.654616,,,,,,
1780434468.178,2632626.0,2634.745,2.654552,,,,,,
1780434468.254,2632651.0,2634.692,2.654488,,,,,,
1780434468.255,2632676.0,2634.678,2.654488,,,,,,
1780434468.255,2632701.0,2634.661,2.654488,,,,,,
1780434468.324,2632726.0,2634.703,2.654552,,,,,,
1780434468.325,2632751.0,2634.749,2.654552,,,,,,
1780434468.388,2632776.0,2634.806,2.654488,,,,,,
1780434468.389,2632801.0,2634.82,2.654488,,,,,,
1780434468.389,2632826.0,2634.823,2.654552,,,,,,
1780434468.440,2632851.0,2634.764,2.654616,,,,,,
1780434468.441,2632876.0,2634.766,2.654616,,,,,,
1780434468.508,2632901.0,2634.746,2.654616,,,,,,
1780434468.510,2632926.0,2634.767,2.654616,,,,,,
1780434468.511,2632951.0,2634.759,2.654616,,,,,,
1780434468.571,2632976.0,2634.702,2.654552,,,,,,
1780434468.571,2633001.0,2634.693,2.654552,,,,,,
1780434468.623,2633026.0,2634.725,2.654552,,,,,,
1780434468.624,2633051.0,2634.757,2.654552,,,,,,
1780434468.710,2633076.0,2634.752,2.654552,,,,,,
1780434468.713,2633101.0,2634.724,2.654616,,,,,,
1780434468.714,2633126.0,2634.69,2.65468,,,,,,
1780434468.714,2633151.0,2634.694,2.65468,,,,,,
1780434468.771,2633176.0,2634.692,2.65468,,,,,,
1780434468.772,2633201.0,2634.708,2.654616,,,,,,
1780434468.821,2633226.0,2634.705,2.654616,,,,,,
1780434468.822,2633251.0,2634.702,2.654616,,,,,,
1780434468.872,2633276.0,2634.709,2.65468,,,,,,
1780434468.873,2633301.0,2634.731,2.654616,,,,,,
1780434468.943,2633326.0,2634.769,2.654616,,,,,,
1780434468.944,2633351.0,2634.819,2.654552,,,,,,
1780434468.945,2633376.0,2634.832,2.654552,,,,,,
1780434469.007,2633401.0,2634.847,2.654616,,,,,,
1780434469.008,2633426.0,2634.881,2.654616,,,,,,
1780434469.009,2633451.0,2634.884,2.654552,,,,,,
1780434469.093,2633476.0,2634.91,2.654488,,,,,,
1780434469.095,2633501.0,2634.915,2.654488,,,,,,
1780434469.096,2633526.0,2629.984,2.652836,,,,,,
1780434469.178,2633551.0,2636.287,2.654773,,,,,,
1780434469.179,2633576.0,2637.824,2.655222,,,,,,
1780434469.180,2633601.0,2640.006,2.655929,,,,,,
1780434469.181,2633626.0,2642.262,2.656699,,,,,,
1780434469.256,2633651.0,2645.397,2.657729,,,,,,
1780434469.257,2633676.0,2649.4,2.659016,,,,,,
1780434469.258,2633701.0,2657.037,2.661411,,,,,,
1780434469.343,2633726.0,2668.022,2.664661,,,,,,
1780434469.344,2633751.0,2681.074,2.668505,,,,,,
1780434469.345,2633776.0,2698.288,2.67335,,,,,,
1780434469.424,2633801.0,2715.463,2.678258,,,,,,
1780434469.425,2633826.0,2734.005,2.683502,,,,,,
1780434469.427,2633851.0,2756.427,2.689558,,,,,,
1780434469.428,2633876.0,2779.558,2.69588,,,,,,
1780434469.525,2633901.0,2802.596,2.702202,,,,,,
1780434469.526,2633926.0,2826.03,2.708524,,,,,,
1780434469.527,2633951.0,2851.641,2.715258,,,,,,
1780434469.528,2633976.0,2877.281,2.722059,,,,,,
1780434469.627,2634001.0,2902.89,2.72886,,,,,,
1780434469.628,2634026.0,2928.525,2.735793,,,,,,
1780434469.629,2634051.0,2954.225,2.742659,,,,,,
1780434469.630,2634076.0,2979.933,2.74946,,,,,,
1780434469.726,2634101.0,3005.668,2.756261,,,,,,
1780434469.727,2634126.0,3031.359,2.763062,,,,,,
1780434469.729,2634151.0,3057.137,2.769863,,,,,,
1780434469.730,2634176.0,3082.902,2.776796,,,,,,
1780434469.788,2634201.0,3108.721,2.783665,,,,,,
1780434469.789,2634226.0,3134.489,2.790598,,,,,,
1780434469.859,2634251.0,3160.083,2.7974,,,,,,
1780434469.861,2634276.0,3185.573,2.804201,,,,,,
1780434469.861,2634301.0,3211.006,2.810934,,,,,,
1780434469.939,2634326.0,3236.2,2.817731,,,,,,
1780434469.940,2634351.0,3261.249,2.824396,,,,,,
1780434469.941,2634376.0,3285.737,2.830925,,,,,,
1780434470.008,2634401.0,3300.533,2.835169,,,,,,
1780434470.009,2634426.0,3313.338,2.838947,,,,,,
1780434470.011,2634451.0,3325.748,2.842592,,,,,,
1780434470.089,2634476.0,3335.436,2.845511,,,,,,
1780434470.090,2634501.0,3344.504,2.848169,,,,,,
1780434470.090,2634526.0,3352.776,2.850631,,,,,,
1780434470.160,2634551.0,3360.272,2.853025,,,,,,
1780434470.161,2634576.0,3361.706,2.853474,,,,,,
1780434470.161,2634601.0,3363.221,2.853987,,,,,,
1780434470.222,2634626.0,3362.874,2.853923,,,,,,
1780434470.222,2634651.0,3361.567,2.853476,,,,,,
1780434470.272,2634676.0,3359.473,2.852774,,,,,,
1780434470.274,2634701.0,3356.586,2.851882,,,,,,
1780434470.342,2634726.0,3353.515,2.850926,,,,,,
1780434470.344,2634751.0,3350.312,2.849907,,,,,,
1780434470.345,2634776.0,3351.667,2.850412,,,,,,
1780434470.421,2634801.0,3341.775,2.847329,,,,,,
1780434470.422,2634826.0,3336.292,2.845606,,,,,,
1780434470.422,2634851.0,3330.201,2.843628,,,,,,
1780434470.488,2634876.0,3324.055,2.841648,,,,,,
1780434470.489,2634901.0,3316.666,2.839283,,,,,,
1780434470.490,2634926.0,3308.393,2.836659,,,,,,
1780434470.556,2634951.0,3296.523,2.832929,,,,,,
1780434470.557,2634976.0,3281.278,2.82828,,,,,,
1780434470.557,2635001.0,3263.998,2.823101,,,,,,
1780434470.623,2635026.0,3242.627,2.816856,,,,,,
1780434470.624,2635051.0,3221.254,2.810611,,,,,,
1780434470.692,2635076.0,3198.537,2.804032,,,,,,
1780434470.694,2635101.0,3171.956,2.796641,,,,,,
1780434470.695,2635126.0,3144.666,2.789046,,,,,,
1780434470.773,2635151.0,3117.548,2.781388,,,,,,
1780434470.775,2635176.0,3090.028,2.773794,,,,,,
1780434470.777,2635201.0,3060.353,2.765724,,,,,,
1780434470.778,2635226.0,3030.645,2.757586,,,,,,
1780434470.840,2635251.0,3000.929,2.749512,,,,,,
1780434470.841,2635276.0,2971.437,2.74137,,,,,,
1780434470.910,2635301.0,2942.044,2.733359,,,,,,
1780434470.912,2635326.0,2912.886,2.725475,,,,,,
1780434470.913,2635351.0,2883.952,2.717654,,,,,,
1780434470.990,2635376.0,2855.287,2.709897,,,,,,
1780434470.991,2635401.0,2826.904,2.702266,,,,,,
1780434470.992,2635426.0,2798.796,2.694695,,,,,,
1780434471.078,2635451.0,2771.34,2.687315,,,,,,
1780434471.079,2635476.0,2744.744,2.68019,,,,,,
1780434471.080,2635501.0,2718.5,2.673197,,,,,,
1780434471.081,2635526.0,2693.527,2.666588,,,,,,
1780434471.146,2635551.0,2670.473,2.660626,,,,,,
1780434471.147,2635576.0,2648.282,2.654794,,,,,,
1780434471.225,2635601.0,2628.915,2.649871,,,,,,
1780434471.226,2635626.0,2611.916,2.645607,,,,,,
1780434471.227,2635651.0,2606.839,2.644284,,,,,,
1780434471.227,2635676.0,2605.013,2.643821,,,,,,
1780434471.291,2635701.0,2605.568,2.643954,,,,,,
1780434471.292,2635726.0,2609.032,2.644944,,,,,,
1780434471.360,2635751.0,2613.69,2.646198,,,,,,
1780434471.361,2635776.0,2620.101,2.647914,,,,,,
1780434471.362,2635801.0,2628.997,2.650228,,,,,,
1780434471.415,2635826.0,2645.556,2.654824,,,,,,
1780434471.417,2635851.0,2664.128,2.659891,,,,,,
1780434471.507,2635876.0,2686.444,2.666007,,,,,,
1780434471.508,2635901.0,2709.695,2.672442,,,,,,
1780434471.508,2635926.0,2734.269,2.679267,,,,,,
1780434471.510,2635951.0,2764.265,2.687365,,,,,,
1780434471.591,2635976.0,2794.759,2.695526,,,,,,
1780434471.592,2636001.0,2825.388,2.703751,,,,,,
1780434471.592,2636026.0,2856.326,2.712108,,,,,,
1780434471.678,2636051.0,2887.28,2.720527,,,,,,
1780434471.679,2636076.0,2918.588,2.72901,,,,,,
1780434471.681,2636101.0,2949.881,2.737556,,,,,,
1780434471.682,2636126.0,2981.155,2.746039,,,,,,
1780434471.759,2636151.0,3012.842,2.754648,,,,,,
1780434471.760,2636176.0,3044.523,2.763258,,,,,,
1780434471.761,2636201.0,3076.073,2.771867,,,,,,
1780434471.843,2636226.0,3107.59,2.780409,,,,,,
1780434471.844,2636251.0,3139.0,2.78895,,,,,,
1780434471.844,2636276.0,3170.117,2.797492,,,,,,
1780434471.922,2636301.0,3201.147,2.805965,,,,,,
1780434471.922,2636326.0,3232.087,2.81437,,,,,,
1780434471.923,2636351.0,3262.827,2.822711,,,,,,
1780434471.992,2636376.0,3287.568,2.829698,,,,,,
1780434471.992,2636401.0,3306.289,2.83521,,,,,,
1780434471.993,2636426.0,3325.097,2.840723,,,,,,
1780434472.074,2636451.0,3342.181,2.845773,,,,,,
1780434472.076,2636476.0,3356.813,2.850227,,,,,,
1780434472.078,2636501.0,3370.578,2.854356,,,,,,
1780434472.079,2636526.0,3383.351,2.858287,,,,,,
1780434472.143,2636551.0,3391.599,2.860915,,,,,,
1780434472.145,2636576.0,3398.419,2.863093,,,,,,
1780434472.204,2636601.0,3402.923,2.864497,,,,,,
1780434472.205,2636626.0,3405.445,2.865326,,,,,,
1780434472.206,2636651.0,3406.725,2.865708,,,,,,
1780434472.254,2636676.0,3406.711,2.865644,,,,,,
1780434472.254,2636701.0,3405.496,2.865199,,,,,,
1780434472.323,2636726.0,3403.247,2.864435,,,,,,
1780434472.323,2636751.0,3400.526,2.863481,,,,,,
1780434472.380,2636776.0,3396.327,2.862078,,,,,,
1780434472.382,2636801.0,3390.038,2.860034,,,,,,
1780434472.383,2636826.0,3382.961,2.857734,,,,,,
1780434472.444,2636851.0,3373.133,2.854591,,,,,,
1780434472.445,2636876.0,3361.494,2.850926,,,,,,
1780434472.508,2636901.0,3347.435,2.846542,,,,,,
1780434472.508,2636926.0,3332.124,2.841893,,,,,,
1780434472.508,2636951.0,3314.839,2.836717,,,,,,
1780434472.571,2636976.0,3297.361,2.831408,,,,,,
1780434472.572,2637001.0,3279.322,2.826034,,,,,,
1780434472.634,2637026.0,3260.316,2.820393,,,,,,
1780434472.635,2637051.0,3239.559,2.814349,,,,,,
1780434472.636,2637076.0,3217.224,2.807841,,,,,,
1780434472.697,2637101.0,3192.781,2.800926,,,,,,
1780434472.699,2637126.0,3166.479,2.793539,,,,,,
1780434472.761,2637151.0,3140.22,2.786088,,,,,,
1780434472.763,2637176.0,3113.382,2.778566,,,,,,
1780434472.764,2637201.0,3081.953,2.770025,,,,,,
1780434472.826,2637226.0,3050.171,2.76142,,,,,,
1780434472.827,2637251.0,3018.447,2.752815,,,,,,
1780434472.828,2637276.0,2986.813,2.744206,,,,,,
1780434472.893,2637301.0,2955.15,2.735596,,,,,,
1780434472.894,2637326.0,2923.841,2.727113,,,,,,
1780434472.956,2637351.0,2892.717,2.71863,,,,,,
1780434472.957,2637376.0,2861.861,2.710274,,,,,,
1780434472.957,2637401.0,2831.254,2.702044,,,,,,
1780434473.010,2637426.0,2800.928,2.693878,,,,,,
1780434473.012,2637451.0,2771.498,2.685966,,,,,,
1780434473.073,2637476.0,2742.992,2.678377,,,,,,
1780434473.074,2637501.0,2715.221,2.671043,,,,,,
1780434473.140,2637526.0,2689.139,2.664158,,,,,,
1780434473.142,2637551.0,2664.347,2.657727,,,,,,
1780434473.143,2637576.0,2641.393,2.651881,,,,,,
1780434473.223,2637601.0,2620.181,2.646554,,,,,,
1780434473.224,2637626.0,2607.437,2.643233,,,,,,
1780434473.226,2637651.0,2602.735,2.642043,,,,,,
1780434473.227,2637676.0,2599.538,2.641248,,,,,,
1780434473.288,2637701.0,2599.447,2.641248,,,,,,
1780434473.289,2637726.0,2602.097,2.641909,,,,,,
1780434473.391,2637751.0,2606.072,2.642965,,,,,,
1780434473.392,2637776.0,2612.136,2.644618,,,,,,
1780434473.393,2637801.0,2623.212,2.647644,,,,,,
1780434473.395,2637826.0,2637.577,2.651462,,,,,,
1780434473.461,2637851.0,2654.37,2.656122,,,,,,
1780434473.462,2637876.0,2674.361,2.661632,,,,,,
1780434473.462,2637901.0,2697.314,2.667999,,,,,,
1780434473.524,2637926.0,2721.271,2.674618,,,,,,
1780434473.526,2637951.0,2745.709,2.681494,,,,,,
1780434473.527,2637976.0,2770.415,2.688434,,,,,,
1780434473.573,2638001.0,2795.586,2.6955,,,,,,
1780434473.639,2638026.0,2821.038,2.702698,,,,,,
1780434473.640,2638051.0,2846.835,2.709891,,,,,,
1780434473.641,2638076.0,2872.85,2.717278,,,,,,
1780434473.706,2638101.0,2898.858,2.724598,,,,,,
1780434473.707,2638126.0,2924.942,2.731917,,,,,,
1780434473.709,2638151.0,2951.225,2.739368,,,,,,
1780434473.773,2638176.0,2977.552,2.746755,,,,,,
1780434473.775,2638201.0,3003.971,2.754206,,,,,,
1780434473.839,2638226.0,3030.275,2.761656,,,,,,
1780434473.840,2638251.0,3056.218,2.768971,,,,,,
1780434473.842,2638276.0,3081.926,2.776219,,,,,,
1780434473.898,2638301.0,3104.059,2.782597,,,,,,
1780434473.899,2638326.0,3126.135,2.788972,,,,,,
1780434473.963,2638351.0,3147.865,2.795216,,,,,,
1780434473.964,2638376.0,3169.216,2.801394,,,,,,
1780434473.964,2638401.0,3179.943,2.804795,,,,,,
1780434474.027,2638426.0,3191.175,2.808264,,,,,,
1780434474.028,2638451.0,3202.317,2.811733,,,,,,
1780434474.030,2638476.0,3213.399,2.815199,,,,,,
1780434474.094,2638501.0,3224.354,2.818666,,,,,,
1780434474.096,2638526.0,3235.274,2.82207,,,,,,
1780434474.161,2638551.0,3246.173,2.825473,,,,,,
1780434474.163,2638576.0,3256.713,2.82875,,,,,,
1780434474.164,2638601.0,3267.101,2.832027,,,,,,
1780434474.227,2638626.0,3277.18,2.835178,,,,,,
1780434474.228,2638651.0,3286.942,2.838201,,,,,,
1780434474.229,2638676.0,3296.428,2.841096,,,,,,
1780434474.291,2638701.0,3305.062,2.843801,,,,,,
1780434474.293,2638726.0,3312.86,2.846253,,,,,,
1780434474.355,2638751.0,3320.022,2.848449,,,,,,
1780434474.357,2638776.0,3325.754,2.850131,,,,,,
1780434474.358,2638801.0,3330.251,2.851427,,,,,,
1780434474.426,2638826.0,3332.983,2.852207,,,,,,
1780434474.427,2638851.0,3334.196,2.852532,,,,,,
1780434474.428,2638876.0,3332.848,2.852206,,,,,,
1780434474.475,2638901.0,3329.466,2.851289,,,,,,
1780434474.476,2638926.0,3324.467,2.84991,,,,,,
1780434474.521,2638951.0,3318.028,2.848135,,,,,,
1780434474.586,2638976.0,3311.276,2.846295,,,,,,
1780434474.588,2639001.0,3304.13,2.844321,,,,,,
1780434474.589,2639026.0,3295.626,2.841949,,,,,,
1780434474.649,2639051.0,3286.468,2.839443,,,,,,
1780434474.651,2639076.0,3275.261,2.836536,,,,,,
1780434474.719,2639101.0,3263.7,2.833429,,,,,,
1780434474.720,2639126.0,3250.633,2.830052,,,,,,
1780434474.720,2639151.0,3235.536,2.82607,,,,,,
1780434474.780,2639176.0,3220.439,2.822156,,,,,,
1780434474.781,2639201.0,3205.365,2.81824,,,,,,
1780434474.782,2639226.0,3190.262,2.814324,,,,,,
1780434474.837,2639251.0,3174.935,2.810408,,,,,,
1780434474.837,2639276.0,3159.635,2.806359,,,,,,
1780434475.463,2639888.0,3144.182,2.802377,,,,,calibrate,
1780434475.464,2639913.0,3128.705,2.798328,,,,,,
1780434475.522,2639938.0,3113.32,2.794412,,,,,,
1780434475.523,2639963.0,3097.903,2.79043,,,,,,
1780434475.587,2639988.0,3082.393,2.786381,,,,,,
1780434475.588,2640013.0,3066.86,2.782332,,,,,,
1780434475.588,2640038.0,3051.257,2.778283,,,,,,
1780434475.651,2640063.0,3035.791,2.774234,,,,,,
1780434475.652,2640088.0,3020.683,2.770385,,,,,,
1780434475.710,2640113.0,3005.768,2.766604,,,,,,
1780434475.711,2640138.0,2994.446,2.763564,,,,,,
1780434475.775,2640163.0,2983.187,2.760591,,,,,,
1780434475.777,2640188.0,2972.222,2.757685,,,,,,
1780434475.778,2640213.0,2961.679,2.754845,,,,,,
1780434475.839,2640238.0,2961.694,2.75491,,,,,,
1780434475.841,2640263.0,2961.309,2.75478,,,,,,
1780434475.842,2640288.0,2960.974,2.754649,,,,,,
1780434475.908,2640313.0,2960.704,2.754649,,,,,,
1780434475.909,2640338.0,2960.525,2.754649,,,,,,
1780434475.976,2640363.0,2960.331,2.754584,,,,,,
1780434475.977,2640388.0,2960.231,2.754519,,,,,,
1780434475.979,2640413.0,2960.112,2.754454,,,,,,
1780434476.034,2640438.0,2959.919,2.754388,,,,,,
1780434476.035,2640463.0,2959.838,2.754323,,,,,,
1780434476.090,2640488.0,2959.717,2.754258,,,,,,
1780434476.091,2640513.0,2959.625,2.754323,,,,,,
1780434476.092,2640538.0,2959.555,2.754323,,,,,,
1780434476.151,2640563.0,2959.475,2.754258,,,,,,
1780434476.152,2640588.0,2959.362,2.754192,,,,,,
1780434476.216,2640613.0,2959.25,2.754192,,,,,,
1780434476.217,2640638.0,2959.165,2.754192,,,,,,
1780434476.218,2640663.0,2959.104,2.754192,,,,,,
1780434476.273,2640688.0,2958.983,2.754127,,,,,,
1780434476.275,2640713.0,2958.925,2.754062,,,,,,
1780434476.340,2640738.0,2958.862,2.753997,,,,,,
1780434476.341,2640763.0,2958.833,2.753931,,,,,,
1780434476.341,2640788.0,2958.831,2.753931,,,,,,
1780434476.410,2640813.0,2958.771,2.753997,,,,,,
1780434476.411,2640838.0,2958.715,2.753997,,,,,,
1780434476.490,2640863.0,2958.698,2.753997,,,,,,
1780434476.491,2640888.0,2958.642,2.754062,,,,,,
1780434476.493,2640913.0,2958.567,2.753997,,,,,,
1780434476.494,2640938.0,2958.467,2.753997,,,,,,
1780434476.537,2640963.0,2958.44,2.753931,,,,,,
1780434476.595,2640988.0,2958.416,2.753997,,,,,,
1780434476.596,2641013.0,2958.369,2.754062,,,,,,
1780434476.597,2641038.0,2958.312,2.753997,,,,,,
1780434476.658,2641063.0,2958.281,2.753931,,,,,,
1780434476.659,2641088.0,2958.21,2.753866,,,,,,
1780434476.710,2641113.0,2958.128,2.753866,,,,,,
1780434476.711,2641138.0,2958.138,2.753866,,,,,,
1780434476.778,2641163.0,2958.104,2.753866,,,,,,
1780434476.779,2641188.0,2958.009,2.753801,,,,,,
1780434476.780,2641213.0,2957.959,2.753801,,,,,,
1780434476.839,2641238.0,2957.973,2.753801,,,,,,
1780434476.840,2641263.0,2957.935,2.753801,,,,,,
1780434476.842,2641288.0,2957.881,2.753801,,,,,,
1780434476.911,2641313.0,2957.782,2.753801,,,,,,
1780434476.912,2641338.0,2957.744,2.753801,,,,,,
1780434476.970,2641363.0,2957.714,2.753801,,,,,,
1780434476.971,2641388.0,2957.65,2.753801,,,,,,
1780434476.972,2641413.0,2957.581,2.753801,,,,,,
1780434477.027,2641438.0,2957.521,2.753801,,,,,,
1780434477.028,2641463.0,2957.461,2.753801,,,,,,
1780434477.089,2641488.0,2957.482,2.753735,,,,,,
1780434477.091,2641513.0,2957.408,2.753736,,,,,,
1780434477.091,2641538.0,2957.339,2.753736,,,,,,
1780434477.156,2641563.0,2957.315,2.75367,,,,,,
1780434477.158,2641588.0,2957.276,2.753605,,,,,,
1780434477.228,2641613.0,2957.281,2.753605,,,,,,
1780434477.230,2641638.0,2957.188,2.753605,,,,,,
1780434477.231,2641663.0,2957.157,2.75367,,,,,,
1780434477.289,2641688.0,2957.079,2.75367,,,,,,
1780434477.290,2641713.0,2957.02,2.753736,,,,,,
1780434477.291,2641738.0,2957.016,2.753801,,,,,,
1780434477.341,2641763.0,2956.982,2.753735,,,,,,
1780434477.343,2641788.0,2956.929,2.753735,,,,,,
1780434477.366,2641813.0,2956.886,2.841916,,,,,,
1780434477.399,2641838.0,2956.837,2.84193,,,,,,
1780434477.422,2641863.0,2956.763,2.841952,,,,,,
1780434477.444,2641888.0,2956.705,2.84197,,,,,,
1780434477.469,2641913.0,2956.672,2.84198,,,,,,
1780434477.495,2641938.0,2956.612,2.841997,,,,,,
1780434477.519,2641963.0,2956.616,2.841996,,,,,,
1780434477.542,2641988.0,2956.62,2.841995,,,,,,
1780434477.567,2642013.0,2956.575,2.842009,,,,,,
1780434477.590,2642038.0,2956.495,2.842032,,,,,,
1780434477.624,2642063.0,2956.473,2.841974,,,,,,
1780434477.649,2642088.0,2956.433,2.841985,,,,,,
1780434477.672,2642113.0,2956.389,2.841999,,,,,,
1780434477.694,2642138.0,2956.386,2.841933,,,,,,
1780434477.718,2642163.0,2956.393,2.841932,,,,,,
1780434477.741,2642188.0,2956.398,2.84193,,,,,,
1780434477.818,2642213.0,2956.381,2.841935,,,,,rotate on,OK rotated on
1780434477.820,2642238.0,2956.288,2.841898,,,,,,
1780434477.821,2642263.0,2956.273,2.841837,,,,,,
1780434477.874,2642288.0,2956.273,2.841837,,,,,,
1780434477.877,2642313.0,2956.234,2.841848,,,,,,
1780434477.941,2642338.0,2956.202,2.841858,,,,,,
1780434477.943,2642363.0,2956.217,2.841919,,,,,,
1780434477.944,2642388.0,2956.205,2.841923,,,,,,
1780434477.998,2642413.0,2956.278,2.841901,,,,,,
1780434477.998,2642438.0,2956.317,2.841889,,,,,,
1780434478.056,2642463.0,2956.282,2.8419,,,,,,
1780434478.058,2642488.0,2956.249,2.841909,,,,,,
1780434478.109,2642513.0,2956.267,2.841904,,,,,,
1780434478.110,2642538.0,2956.26,2.841906,,,,,,
1780434478.171,2642563.0,2956.307,2.841892,,,,,,
1780434478.172,2642588.0,2956.302,2.841829,,,,,,
1780434478.173,2642613.0,2956.271,2.841772,,,,,,
1780434478.232,2642638.0,2956.304,2.841763,,,,,,
1780434478.233,2642663.0,2956.287,2.841768,,,,,,
1780434478.295,2642688.0,2956.3,2.841763,,,,,,
1780434478.296,2642713.0,2956.267,2.841774,,,,,,
1780434478.298,2642738.0,2956.192,2.841796,,,,,,
1780434478.361,2642763.0,2956.23,2.841784,,,,,,
1780434478.362,2642788.0,2956.262,2.841775,,,,,,
1780434478.426,2642813.0,2956.251,2.841778,,,,,,
1780434478.427,2642838.0,2956.23,2.841784,,,,,,
1780434478.428,2642863.0,2956.212,2.84179,,,,,,
1780434478.487,2642888.0,2956.193,2.841795,,,,,,
1780434478.488,2642913.0,2956.202,2.841727,,,,,,
1780434478.489,2642938.0,2956.203,2.841727,,,,,,
1780434478.535,2642963.0,2956.21,2.841725,,,,,,
1780434478.600,2642988.0,2956.177,2.84167,,,,,,
1780434478.601,2643013.0,2956.114,2.841688,,,,,,
1780434478.603,2643038.0,2956.14,2.841615,,,,,,
1780434478.673,2643063.0,2956.15,2.841612,,,,,,
1780434478.675,2643088.0,2956.154,2.841611,,,,,,
1780434478.676,2643113.0,2956.153,2.841611,,,,,,
1780434478.739,2643138.0,2956.156,2.84161,,,,,,
1780434478.739,2643163.0,2956.17,2.841606,,,,,,
1780434478.739,2643188.0,2956.197,2.841664,,,,,,
1780434478.788,2643213.0,2956.183,2.841668,,,,,,
1780434478.789,2643238.0,2956.11,2.841689,,,,,,
1780434478.857,2643263.0,2956.094,2.841694,,,,,,
1780434478.858,2643288.0,2956.099,2.841693,,,,,,
1780434478.924,2643313.0,2956.082,2.841698,,,,,,
1780434478.926,2643338.0,2956.072,2.841701,,,,,,
1780434478.927,2643363.0,2956.024,2.841715,,,,,,
1780434478.991,2643388.0,2955.993,2.841724,,,,,,
1780434478.993,2643413.0,2955.925,2.841744,,,,,,
1780434478.994,2643438.0,2955.932,2.841742,,,,,,
1780434479.059,2643463.0,2955.948,2.841803,,,,,,
1780434479.060,2643488.0,2955.996,2.841789,,,,,,
1780434479.126,2643513.0,2955.961,2.841799,,,,,,
1780434479.127,2643538.0,2955.93,2.841808,,,,,,
1780434479.128,2643563.0,2955.925,2.84181,,,,,,
1780434479.191,2643588.0,2955.947,2.841803,,,,,,
1780434479.191,2643613.0,2955.962,2.841733,,,,,,
1780434479.192,2643638.0,2956.044,2.841774,,,,,,
1780434479.262,2643663.0,2956.22,2.841787,,,,,,
1780434479.263,2643688.0,2956.749,2.841761,,,,,,
1780434479.264,2643713.0,2957.506,2.841732,,,,,,
1780434479.325,2643738.0,2960.312,2.84175,,,,,,
1780434479.327,2643763.0,2968.14,2.841534,,,,,,
1780434479.392,2643788.0,2975.906,2.841336,,,,,,
1780434479.393,2643813.0,2984.444,2.841108,,,,,,
1780434479.393,2643838.0,2994.949,2.840764,,,,,,
1780434479.441,2643863.0,3010.525,2.840124,,,,,,
1780434479.442,2643888.0,3026.278,2.839499,,,,,,
1780434479.492,2643913.0,3042.052,2.838868,,,,,,
1780434479.492,2643938.0,3057.802,2.838311,,,,,,
1780434479.556,2643963.0,3073.497,2.837704,,,,,,
1780434479.557,2643988.0,3089.376,2.837109,,,,,,
1780434479.611,2644013.0,3105.153,2.836545,,,,,,
1780434479.611,2644038.0,3121.006,2.835958,,,,,,
1780434479.677,2644063.0,3136.835,2.835378,,,,,,
1780434479.802,2644088.0,3152.744,2.834707,,,,,,
1780434479.803,2644209.0,3168.718,2.834151,,,,,,
1780434479.804,2644234.0,3184.785,2.833569,,,,,,
1780434479.866,2644259.0,3200.858,2.832984,,,,,,
1780434479.867,2644284.0,3216.797,2.832372,,,,,,
1780434479.867,2644309.0,3232.419,2.83172,,,,,,
1780434479.929,2644334.0,3248.054,2.83113,,,,,,
1780434479.930,2644359.0,3263.219,2.830613,,,,,,
1780434479.993,2644384.0,3274.535,2.830295,,,,,,
1780434479.994,2644409.0,3286.122,2.829964,,,,,,
1780434479.995,2644434.0,3297.21,2.829648,,,,,,
1780434480.057,2644459.0,3307.837,2.829334,,,,,,
1780434480.059,2644484.0,3318.069,2.82907,,,,,,
1780434480.060,2644509.0,3319.516,2.829098,,,,,,
1780434480.122,2644534.0,3317.03,2.829056,,,,,,
1780434480.124,2644559.0,3313.977,2.829052,,,,,,
1780434480.189,2644584.0,3308.828,2.828962,,,,,,
1780434480.190,2644609.0,3302.394,2.828933,,,,,,
1780434480.191,2644634.0,3294.724,2.828823,,,,,,
1780434480.241,2644659.0,3286.174,2.828655,,,,,,
1780434480.242,2644684.0,3276.583,2.828479,,,,,,
1780434480.303,2644709.0,3266.609,2.82829,,,,,,
1780434480.304,2644734.0,3256.462,2.828089,,,,,,
1780434480.373,2644759.0,3246.266,2.827902,,,,,,
1780434480.374,2644784.0,3235.493,2.827697,,,,,,
1780434480.376,2644809.0,3224.647,2.827449,,,,,,
1780434480.436,2644834.0,3213.573,2.82727,,,,,,
1780434480.436,2644859.0,3202.457,2.827104,,,,,,
1780434480.436,2644884.0,3191.324,2.826879,,,,,,
1780434480.491,2644909.0,3180.012,2.826645,,,,,,
1780434480.492,2644934.0,3168.702,2.82641,,,,,,
1780434480.565,2644959.0,3157.342,2.82619,,,,,,
1780434480.566,2644984.0,3145.871,2.825938,,,,,,
1780434480.567,2645009.0,3134.282,2.825783,,,,,,
1780434480.629,2645034.0,3122.421,2.825581,,,,,,
1780434480.630,2645059.0,3110.278,2.825398,,,,,,
1780434480.693,2645084.0,3096.099,2.825162,,,,,,
1780434480.694,2645109.0,3076.904,2.825161,,,,,,
1780434480.695,2645134.0,3057.719,2.825157,,,,,,
1780434480.759,2645159.0,3037.74,2.825188,,,,,,
1780434480.760,2645184.0,3015.813,2.82533,,,,,,
1780434480.761,2645209.0,2988.819,2.825768,,,,,,
1780434480.823,2645234.0,2961.644,2.82619,,,,,,
1780434480.825,2645259.0,2934.543,2.826592,,,,,,
1780434480.887,2645284.0,2907.609,2.826876,,,,,,
1780434480.888,2645309.0,2880.85,2.827302,,,,,,
1780434480.889,2645334.0,2854.183,2.827696,,,,,,
1780434480.954,2645359.0,2827.658,2.828111,,,,,,
1780434480.955,2645384.0,2801.376,2.828518,,,,,,
1780434481.007,2645409.0,2775.435,2.82895,,,,,,
1780434481.008,2645434.0,2750.041,2.829477,,,,,,
1780434481.074,2645459.0,2725.073,2.829933,,,,,,
1780434481.075,2645484.0,2700.75,2.830388,,,,,,
1780434481.076,2645509.0,2678.17,2.830965,,,,,,
1780434481.141,2645534.0,2656.471,2.83154,,,,,,
1780434481.142,2645559.0,2637.48,2.832152,,,,,,
1780434481.143,2645584.0,2619.753,2.832778,,,,,,
1780434481.208,2645609.0,2605.051,2.833289,,,,,,
1780434481.210,2645634.0,2596.299,2.833564,,,,,,
1780434481.211,2645659.0,2588.616,2.833851,,,,,,
1780434481.288,2645684.0,2583.777,2.834022,,,,,,
1780434481.289,2645709.0,2579.984,2.834215,,,,,,
1780434481.290,2645734.0,2576.982,2.834373,,,,,,
1780434481.353,2645759.0,2583.03,2.834227,,,,,,
1780434481.354,2645784.0,2595.918,2.83389,,,,,,
1780434481.418,2645809.0,2610.017,2.833589,,,,,,
1780434481.419,2645834.0,2627.645,2.833218,,,,,,
1780434481.419,2645859.0,2649.616,2.832687,,,,,,
1780434481.456,2645884.0,2673.331,2.83222,,,,,,
1780434481.521,2645909.0,2697.914,2.831748,,,,,,
1780434481.523,2645934.0,2723.478,2.831369,,,,,,
1780434481.524,2645959.0,2749.891,2.830932,,,,,,
1780434481.587,2645984.0,2781.545,2.83016,,,,,,
1780434481.589,2646009.0,2813.836,2.829267,,,,,,
1780434481.590,2646034.0,2846.571,2.828432,,,,,,
1780434481.656,2646059.0,2879.422,2.827564,,,,,,
1780434481.657,2646084.0,2912.518,2.826684,,,,,,
1780434481.708,2646109.0,2945.72,2.825773,,,,,,
1780434481.709,2646134.0,2978.937,2.82499,,,,,,
1780434481.709,2646159.0,3012.288,2.82423,,,,,,
1780434481.770,2646184.0,3045.676,2.823391,,,,,,
1780434481.771,2646209.0,3078.756,2.822642,,,,,,
1780434481.856,2646234.0,3111.838,2.821894,,,,,,
1780434481.857,2646259.0,3144.86,2.821031,,,,,,
1780434481.857,2646284.0,3177.722,2.820211,,,,,,
1780434481.903,2646309.0,3210.392,2.819449,,,,,,
1780434481.904,2646334.0,3242.927,2.818726,,,,,,
1780434481.970,2646359.0,3271.442,2.818311,,,,,,
1780434481.972,2646384.0,3292.599,2.818263,,,,,,
1780434481.973,2646409.0,3313.685,2.818236,,,,,,
1780434482.031,2646434.0,3334.238,2.818167,,,,,,
1780434482.032,2646459.0,3351.136,2.818254,,,,,,
1780434482.091,2646484.0,3366.366,2.818374,,,,,,
1780434482.092,2646509.0,3380.957,2.818553,,,,,,
1780434482.093,2646534.0,3394.312,2.818835,,,,,,
1780434482.144,2646559.0,3402.961,2.819018,,,,,,
1780434482.145,2646584.0,3410.933,2.81921,,,,,,
1780434482.209,2646609.0,3415.779,2.819364,,,,,,
1780434482.209,2646634.0,3418.583,2.819485,,,,,,
1780434482.210,2646659.0,3420.534,2.819542,,,,,,
1780434482.269,2646684.0,3420.952,2.819544,,,,,,
1780434482.269,2646709.0,3420.548,2.819474,,,,,,
1780434482.336,2646734.0,3419.08,2.819465,,,,,,
1780434482.337,2646759.0,3415.557,2.8193,,,,,,
1780434482.337,2646784.0,3411.179,2.819197,,,,,,
1780434482.399,2646809.0,3404.057,2.819009,,,,,,
1780434482.400,2646834.0,3395.463,2.818806,,,,,,
1780434482.460,2646859.0,3384.359,2.818631,,,,,,
1780434482.461,2646884.0,3370.961,2.818486,,,,,,
1780434482.462,2646909.0,3356.185,2.818355,,,,,,
1780434482.524,2646934.0,3338.838,2.818329,,,,,,
1780434482.525,2646959.0,3320.982,2.818192,,,,,,
1780434482.588,2646984.0,3302.749,2.818098,,,,,,
1780434482.589,2647009.0,3284.156,2.818044,,,,,,
1780434482.589,2647034.0,3262.702,2.818172,,,,,,
1780434482.651,2647059.0,3240.606,2.81829,,,,,,
1780434482.652,2647084.0,3217.106,2.818557,,,,,,
1780434482.715,2647109.0,3190.543,2.818862,,,,,,
1780434482.716,2647134.0,3163.474,2.819244,,,,,,
1780434482.717,2647159.0,3136.369,2.819706,,,,,,
1780434482.779,2647184.0,3109.344,2.820076,,,,,,
1780434482.779,2647209.0,3081.857,2.820452,,,,,,
1780434482.842,2647234.0,3049.301,2.821176,,,,,,
1780434482.842,2647259.0,3016.184,2.822061,,,,,,
1780434482.843,2647284.0,2983.319,2.822934,,,,,,
1780434482.901,2647309.0,2950.542,2.823845,,,,,,
1780434482.902,2647334.0,2917.999,2.824749,,,,,,
1780434482.966,2647359.0,2885.545,2.825627,,,,,,
1780434482.967,2647384.0,2853.488,2.826446,,,,,,
1780434482.968,2647409.0,2821.724,2.827304,,,,,,
1780434483.026,2647434.0,2790.313,2.828252,,,,,,
1780434483.027,2647459.0,2760.217,2.829128,,,,,,
1780434483.091,2647484.0,2730.735,2.830013,,,,,,
1780434483.093,2647509.0,2701.996,2.830938,,,,,,
1780434483.094,2647534.0,2675.515,2.831966,,,,,,
1780434483.154,2647559.0,2650.255,2.832954,,,,,,
1780434483.155,2647584.0,2627.599,2.833881,,,,,,
1780434483.218,2647609.0,2609.659,2.834553,,,,,,
1780434483.219,2647634.0,2603.259,2.834795,,,,,,
1780434483.220,2647659.0,2597.217,2.834997,,,,,,
1780434483.271,2647684.0,2594.456,2.835152,,,,,,
1780434483.272,2647709.0,2595.624,2.835137,,,,,,
1780434483.344,2647734.0,2598.953,2.835074,,,,,,
1780434483.344,2647759.0,2603.73,2.834913,,,,,,
1780434483.345,2647784.0,2611.545,2.834646,,,,,,
1780434483.406,2647809.0,2624.488,2.83436,,,,,,
1780434483.407,2647834.0,2640.28,2.833962,,,,,,
1780434483.455,2647859.0,2661.889,2.833413,,,,,,
1780434483.455,2647884.0,2685.292,2.832908,,,,,,
1780434483.518,2647909.0,2709.292,2.832417,,,,,,
1780434483.519,2647934.0,2734.905,2.831901,,,,,,
1780434483.519,2647959.0,2766.027,2.831033,,,,,,
1780434483.581,2647984.0,2797.522,2.830118,,,,,,
1780434483.582,2648009.0,2829.281,2.82932,,,,,,
1780434483.645,2648034.0,2861.258,2.828457,,,,,,
1780434483.646,2648059.0,2893.492,2.827644,,,,,,
1780434483.647,2648084.0,2926.0,2.826745,,,,,,
1780434483.722,2648109.0,2958.487,2.82592,,,,,,
1780434483.724,2648134.0,2991.139,2.825042,,,,,,
1780434483.725,2648159.0,3023.799,2.824161,,,,,,
1780434483.786,2648184.0,3056.764,2.823321,,,,,,
1780434483.787,2648209.0,3089.16,2.822576,,,,,,
1780434483.788,2648234.0,3121.441,2.821802,,,,,,
1780434483.840,2648259.0,3153.585,2.821001,,,,,,
1780434483.841,2648284.0,3180.513,2.820593,,,,,,
1780434483.938,2648309.0,3200.627,2.820528,,,,,,
1780434483.938,2648334.0,3220.741,2.820464,,,,,,
1780434483.939,2648359.0,3240.121,2.820546,,,,,,
1780434483.940,2648384.0,3255.646,2.82065,,,,,,
1780434483.996,2648409.0,3270.74,2.820816,,,,,,
1780434483.997,2648434.0,3285.357,2.820926,,,,,,
1780434484.055,2648459.0,3299.852,2.821135,,,,,,
1780434484.056,2648484.0,3314.076,2.821359,,,,,,
1780434484.107,2648509.0,3328.25,2.821534,,,,,,
1780434484.108,2648534.0,3342.065,2.821688,,,,,,
1780434484.155,2648559.0,3355.626,2.821853,,,,,,
1780434484.156,2648584.0,3369.135,2.821971,,,,,,
1780434484.213,2648609.0,3382.794,2.82211,,,,,,
1780434484.215,2648634.0,3393.617,2.822308,,,,,,
1780434484.216,2648659.0,3403.971,2.822454,,,,,,
1780434484.275,2648684.0,3413.803,2.822562,,,,,,
1780434484.275,2648709.0,3421.629,2.822687,,,,,,
1780434484.330,2648734.0,3427.74,2.82274,,,,,,
1780434484.331,2648759.0,3435.892,2.822842,,,,,,
1780434484.404,2648784.0,3441.979,2.822852,,,,,,
1780434484.405,2648809.0,3444.823,2.822785,,,,,,
1780434484.406,2648834.0,3442.307,2.822755,,,,,,
1780434484.489,2648859.0,3439.145,2.822656,,,,,,
1780434484.490,2648884.0,3432.935,2.822672,,,,,,
1780434484.491,2648909.0,3435.536,2.822561,,,,,,
1780434484.493,2648934.0,3444.903,2.822055,,,,,,
1780434484.541,2648959.0,3453.179,2.821606,,,,,,
1780434484.542,2648984.0,3453.648,2.821533,,,,,,
1780434484.620,2649009.0,3445.749,2.821769,,,,,,
1780434484.622,2649034.0,3434.77,2.821996,,,,,,
1780434484.623,2649059.0,3427.122,2.822277,,,,,,
1780434484.707,2649084.0,3433.25,2.821879,,,,,,
1780434484.709,2649109.0,3442.489,2.821114,,,,,,
1780434484.709,2649134.0,3448.708,2.820629,,,,,,
1780434484.710,2649159.0,3437.226,2.821099,,,,,,
1780434484.754,2649184.0,3416.367,2.821739,,,,,,
1780434484.767,2649209.0,3393.45,2.822741,,,,,,
1780434484.790,2649234.0,3376.178,2.823769,,,,,,
1780434484.814,2649259.0,3370.399,2.824125,,,,,,
1780434484.837,2649284.0,3366.224,2.82441,,,,,,
1780434484.877,2649309.0,3355.677,2.825036,,,,,,
1780434484.893,2649334.0,3330.23,2.82614,,,,,,
1780434484.917,2649359.0,3304.805,2.827169,,,,,,
1780434484.941,2649384.0,3280.624,2.828221,,,,,,
1780434484.965,2649409.0,3269.485,2.829024,,,,,,
1780434484.988,2649434.0,3273.497,2.828657,,,,,,
1780434485.011,2649459.0,3276.457,2.828395,,,,,,
1780434485.046,2649484.0,3268.192,2.82895,,,,,,
1780434485.080,2649509.0,3238.632,2.829808,,,,,,
1780434485.093,2649534.0,3221.239,2.830397,,,,,,
1780434485.117,2649559.0,3213.032,2.830654,,,,,,
1780434485.140,2649584.0,3214.914,2.830563,,,,,,
1780434485.163,2649609.0,3224.619,2.829968,,,,,crack_output on,OK crack_output on
1780434485.221,2649634.0,3232.127,2.829669,,,,,,
1780434485.222,2649659.0,3225.303,2.82967,,,,,,
1780434485.272,2649684.0,3217.824,2.82974,,,,,,
1780434485.273,2649709.0,3209.923,2.829741,,,,,,
1780434485.336,2649734.0,3212.878,2.829656,,,,,,
1780434485.337,2649759.0,3231.623,2.828653,,,,,,
1780434485.338,2649784.0,3254.276,2.827312,,,,,,
1780434485.398,2649809.0,3270.572,2.826488,,,,,,
1780434485.399,2649834.0,3262.79,2.826458,,,,,,
1780434485.462,2649859.0,3256.948,2.826559,,,,,,
1780434485.462,2649884.0,3256.165,2.82653,,,,,,
1780434485.463,2649909.0,3267.435,2.826164,,,,,,
1780434485.522,2649934.0,3291.818,2.824893,,,,,,
1780434485.523,2649959.0,3313.805,2.82384,,,,,,
1780434485.585,2649984.0,3321.994,2.823704,,,,,,
1780434485.586,2650009.0,3321.173,2.823687,,,,,,
1780434485.587,2650034.0,3312.984,2.823596,,,,,,
1780434485.649,2650059.0,3321.111,2.823482,,,,,,
1780434485.650,2650084.0,3338.861,2.823091,,,,,,
1780434485.712,2650109.0,3366.795,2.821991,,,,,,
1780434485.714,2650134.0,3390.951,2.821008,,,,,,
1780434485.715,2650159.0,3390.883,2.820962,,,,,,
1780434485.778,2650184.0,3371.075,2.821622,,,,,,
1780434485.779,2650209.0,3355.85,2.822228,,,,,,
1780434485.841,2650234.0,3355.55,2.822317,,,,,,
1780434485.843,2650259.0,3378.382,2.821158,,,,,,
1780434485.844,2650284.0,3403.222,2.820001,,,,,,
1780434485.908,2650309.0,3411.44,2.819685,,,,,,
1780434485.909,2650334.0,3393.735,2.820468,,,,,,
1780434485.911,2650359.0,3363.354,2.821707,,,,,,
1780434485.994,2650384.0,3341.609,2.822747,,,,,,
1780434485.995,2650409.0,3350.474,2.822447,,,,,,
1780434485.996,2650434.0,3379.749,2.821219,,,,,,
1780434486.079,2650459.0,3404.682,2.820099,,,,,,
1780434486.080,2650484.0,3413.615,2.819646,,,,,,
1780434486.081,2650509.0,3390.855,2.820217,,,,,,
1780434486.149,2650534.0,3372.534,2.820934,,,,,,
1780434486.151,2650559.0,3364.217,2.82128,,,,,,
1780434486.152,2650584.0,3386.542,2.820421,,,,,,
1780434486.214,2650609.0,3414.614,2.819086,,,,,,
1780434486.215,2650634.0,3433.978,2.818375,,,,,,
1780434486.216,2650659.0,3427.555,2.818554,,,,,,
1780434486.275,2650684.0,3402.543,2.819937,,,,,,
1780434486.277,2650709.0,3376.845,2.821215,,,,,,
1780434486.339,2650734.0,3374.996,2.821294,,,,,,
1780434486.339,2650759.0,3406.587,2.820312,,,,,,
1780434486.340,2650784.0,3431.792,2.819176,,,,,,
1780434486.406,2650809.0,3449.511,2.818384,,,,,,
1780434486.407,2650834.0,3433.779,2.818656,,,,,,
1780434486.468,2650859.0,3412.435,2.819425,,,,,,
1780434486.470,2650884.0,3399.495,2.819765,,,,,,
1780434486.471,2650909.0,3408.464,2.819656,,,,,,
1780434486.527,2650934.0,3430.574,2.818922,,,,,,
1780434486.527,2650959.0,3451.35,2.818302,,,,,,
1780434486.596,2650984.0,3448.251,2.818299,,,,,,
1780434486.598,2651009.0,3423.603,2.819356,,,,,,
1780434486.599,2651034.0,3394.711,2.820724,,,,,,
1780434486.659,2651059.0,3376.335,2.82151,,,,,,
1780434486.660,2651084.0,3396.612,2.821032,,,,,,
1780434486.661,2651109.0,3425.387,2.819577,,,,,,
1780434486.721,2651134.0,3447.666,2.818512,,,,,,
1780434486.721,2651159.0,3438.817,2.818815,,,,,,
1780434486.785,2651184.0,3410.192,2.820047,,,,,,
1780434486.786,2651209.0,3387.892,2.821064,,,,,,
1780434486.788,2651234.0,3388.324,2.821134,,,,,,
1780434486.857,2651259.0,3410.806,2.820011,,,,,,
1780434486.859,2651284.0,3441.453,2.818863,,,,,,
1780434486.860,2651309.0,3441.716,2.818918,,,,,,
1780434486.926,2651334.0,3430.472,2.819395,,,,,,
1780434486.927,2651359.0,3407.678,2.820528,,,,,,
1780434486.994,2651384.0,3386.226,2.821489,,,,,,
1780434486.997,2651409.0,3385.86,2.821597,,,,,,
1780434486.998,2651434.0,3414.365,2.820331,,,,,,
1780434487.060,2651459.0,3439.746,2.819027,,,,,,
1780434487.060,2651484.0,3442.94,2.818812,,,,,,
1780434487.061,2651509.0,3413.219,2.819882,,,,,,
1780434487.120,2651534.0,3388.493,2.821071,,,,,,
1780434487.121,2651559.0,3379.772,2.821339,,,,,,
1780434487.174,2651584.0,3395.669,2.820618,,,,,,
1780434487.175,2651609.0,3425.511,2.81947,,,,,,
1780434487.253,2651634.0,3441.482,2.818851,,,,,,
1780434487.255,2651659.0,3430.217,2.819272,,,,,,
1780434487.256,2651684.0,3404.906,2.820489,,,,,,
1780434487.339,2651709.0,3378.935,2.821593,,,,,,
1780434487.340,2651734.0,3369.927,2.822002,,,,,,
1780434487.341,2651759.0,3399.166,2.821006,,,,,,
1780434487.342,2651784.0,3425.71,2.819625,,,,,,
1780434487.423,2651809.0,3441.369,2.818855,,,,,,
1780434487.424,2651834.0,3417.759,2.81958,,,,,,
1780434487.425,2651859.0,3391.855,2.820854,,,,,,
1780434487.486,2651884.0,3375.073,2.821579,,,,,,
1780434487.488,2651909.0,3383.999,2.821261,,,,,,
1780434487.489,2651934.0,3407.589,2.820025,,,,,,
1780434487.553,2651959.0,3429.922,2.819061,,,,,,
1780434487.555,2651984.0,3422.141,2.819379,,,,,,
1780434487.634,2652009.0,3400.172,2.820539,,,,,,
1780434487.635,2652034.0,3376.093,2.821666,,,,,,
1780434487.636,2652059.0,3357.597,2.822427,,,,,,
1780434487.637,2652084.0,3376.583,2.821994,,,,,,
1780434487.704,2652109.0,3406.628,2.82056,,,,,,
1780434487.706,2652134.0,3430.262,2.819554,,,,,,
1780434487.802,2652159.0,3426.787,2.819597,,,,,,
1780434487.803,2652184.0,3404.362,2.82036,,,,,,
1780434487.805,2652209.0,3387.736,2.820979,,,,,,
1780434487.806,2652234.0,3391.462,2.820995,,,,,,
1780434487.866,2652259.0,3416.112,2.819937,,,,,,
1780434487.867,2652284.0,3442.843,2.818799,,,,,,
1780434487.867,2652309.0,3451.197,2.81863,,,,,,
1780434487.941,2652334.0,3438.497,2.819134,,,,,,
1780434487.942,2652359.0,3411.902,2.820526,,,,,,
1780434487.942,2652384.0,3388.451,2.821614,,,,,,
1780434488.020,2652409.0,3393.147,2.821542,,,,,,
1780434488.021,2652434.0,3422.202,2.820251,,,,,,
1780434488.021,2652459.0,3448.17,2.818899,,,,,,
1780434488.085,2652484.0,3451.303,2.818702,,,,,,
1780434488.087,2652509.0,3421.755,2.81979,,,,,,
1780434488.088,2652534.0,3397.526,2.821033,,,,,,
1780434488.170,2652559.0,3392.476,2.821079,,,,,,
1780434488.170,2652584.0,3407.83,2.820262,,,,,,
1780434488.171,2652609.0,3431.33,2.818987,,,,,,
1780434488.217,2652634.0,3447.653,2.818393,,,,,,
1780434488.218,2652659.0,3442.441,2.818494,,,,,,
1780434488.286,2652684.0,3418.129,2.819683,,,,,,
1780434488.288,2652709.0,3391.073,2.820963,,,,,,
1780434488.289,2652734.0,3389.006,2.821176,,,,,,
1780434488.368,2652759.0,3418.854,2.820138,,,,,,
1780434488.369,2652784.0,3443.858,2.818934,,,,,,
1780434488.370,2652809.0,3460.44,2.818155,,,,,,
1780434488.448,2652834.0,3437.63,2.818789,,,,,,
1780434488.450,2652859.0,3411.744,2.819989,,,,,,
1780434488.451,2652884.0,3395.305,2.820618,,,,,,
1780434488.537,2652909.0,3406.061,2.820214,,,,,,
1780434488.538,2652934.0,3430.756,2.818972,,,,,,
1780434488.539,2652959.0,3454.474,2.81799,,,,,,
1780434488.540,2652984.0,3454.11,2.818032,,,,,,
1780434488.602,2653009.0,3432.737,2.819087,,,,,,
1780434488.604,2653034.0,3406.106,2.820428,,,,,,
1780434488.686,2653059.0,3389.763,2.821205,,,,,,
1780434488.688,2653084.0,3414.946,2.820422,,,,,,
1780434488.689,2653109.0,3441.332,2.819141,,,,,,
1780434488.690,2653134.0,3463.228,2.818055,,,,,,
1780434488.766,2653159.0,3454.273,2.818382,,,,,,
1780434488.767,2653184.0,3426.077,2.819621,,,,,,
1780434488.767,2653209.0,3404.752,2.820547,,,,,,
1780434488.839,2653234.0,3408.07,2.820487,,,,,,
1780434488.840,2653259.0,3429.112,2.819396,,,,,,
1780434488.842,2653284.0,3452.693,2.818211,,,,,,
1780434488.919,2653309.0,3462.022,2.818016,,,,,,
1780434488.920,2653334.0,3449.716,2.818544,,,,,,
1780434488.922,2653359.0,3422.735,2.819978,,,,,,
1780434488.987,2653384.0,3399.739,2.820989,,,,,,
1780434488.988,2653409.0,3410.987,2.820644,,,,,,
1780434488.989,2653434.0,3439.796,2.819352,,,,,,
1780434489.067,2653459.0,3463.505,2.818198,,,,,,
1780434489.067,2653484.0,3470.032,2.817797,,,,,,
1780434489.068,2653509.0,3441.427,2.818741,,,,,,
1780434489.132,2653534.0,3417.398,2.819856,,,,,,
1780434489.133,2653559.0,3410.679,2.820064,,,,,,
1780434489.203,2653584.0,3426.167,2.819342,,,,,,
1780434489.204,2653609.0,3450.708,2.818146,,,,,,
1780434489.205,2653634.0,3468.269,2.817446,,,,,,
1780434489.267,2653659.0,3460.54,2.817567,,,,,,
1780434489.269,2653684.0,3436.867,2.818887,,,,,,
1780434489.270,2653709.0,3411.735,2.820185,,,,,,
1780434489.333,2653734.0,3408.061,2.820411,,,,,,
1780434489.334,2653759.0,3438.558,2.819247,,,,,,
1780434489.335,2653784.0,3464.54,2.817964,,,,,,
1780434489.401,2653809.0,3480.36,2.817205,,,,,,
1780434489.403,2653834.0,3457.597,2.817882,,,,,,
1780434489.471,2653859.0,3431.106,2.819132,,,,,,
1780434489.472,2653884.0,3415.001,2.819792,,,,,,
1780434489.472,2653909.0,3427.2,2.819351,,,,,,
1780434489.555,2653934.0,3451.139,2.818136,,,,,,
1780434489.557,2653959.0,3473.885,2.817176,,,,,,
1780434489.558,2653984.0,3464.998,2.817311,,,,,,
1780434489.559,2654009.0,3444.233,2.818376,,,,,,
1780434489.635,2654034.0,3420.751,2.819518,,,,,,
1780434489.636,2654059.0,3402.489,2.820272,,,,,,
1780434489.637,2654084.0,3426.535,2.819611,,,,,,
1780434489.702,2654109.0,3453.703,2.818303,,,,,,
1780434489.703,2654134.0,3475.865,2.81727,,,,,,
1780434489.787,2654159.0,3466.833,2.817556,,,,,,
1780434489.789,2654184.0,3438.799,2.818751,,,,,,
1780434489.793,2654209.0,3416.407,2.81973,,,,,,
1780434489.794,2654234.0,3420.087,2.819631,,,,,,
1780434489.889,2654259.0,3441.491,2.818567,,,,,,
1780434489.890,2654284.0,3465.674,2.817471,,,,,,
1780434489.892,2654309.0,3471.471,2.817269,,,,,,
1780434489.893,2654334.0,3454.303,2.818145,,,,,,
1780434489.989,2654359.0,3430.172,2.819407,,,,,,
1780434489.990,2654384.0,3407.263,2.820467,,,,,,
1780434489.991,2654409.0,3417.151,2.820066,,,,,,
1780434489.992,2654434.0,3445.981,2.818777,,,,,,
1780434490.067,2654459.0,3470.033,2.81759,,,,,,
1780434490.068,2654484.0,3474.844,2.817295,,,,,,
1780434490.068,2654509.0,3446.39,2.818318,,,,,,
1780434490.140,2654534.0,3422.163,2.819499,,,,,,
1780434490.149,2654559.0,3415.173,2.819721,,,,,,
1780434490.150,2654584.0,3431.979,2.818873,,,,,,
1780434490.219,2654609.0,3456.083,2.817673,,,,,,
1780434490.220,2654634.0,3472.579,2.817093,,,,,,
1780434490.221,2654659.0,3460.488,2.817491,,,,,,
1780434490.283,2654684.0,3437.073,2.818741,,,,,,
1780434490.283,2654709.0,3412.461,2.819902,,,,,,
1780434490.284,2654734.0,3406.771,2.820254,,,,,,
1780434490.333,2654759.0,3437.465,2.819101,,,,,,
1780434490.382,2654784.0,3463.169,2.817832,,,,,,
1780434490.383,2654809.0,3480.065,2.816962,,,,,,
1780434490.440,2654834.0,3455.775,2.817636,,,,,,
1780434490.441,2654859.0,3430.406,2.818816,,,,,,
1780434490.442,2654884.0,3413.689,2.819527,,,,,,
1780434490.520,2654909.0,3426.975,2.819095,,,,,,
1780434490.521,2654934.0,3449.711,2.817916,,,,,,
1780434490.523,2654959.0,3470.862,2.816908,,,,,,
1780434490.618,2654984.0,3467.902,2.816994,,,,,,
1780434490.618,2655009.0,3444.585,2.818225,,,,,,
1780434490.619,2655034.0,3418.351,2.819517,,,,,,
1780434490.619,2655059.0,3400.728,2.820354,,,,,,
1780434490.694,2655084.0,3422.376,2.819872,,,,,,
1780434490.696,2655109.0,3450.819,2.818524,,,,,,
1780434490.698,2655134.0,3473.902,2.81736,,,,,,
1780434490.788,2655159.0,3463.309,2.817716,,,,,,
1780434490.789,2655184.0,3435.84,2.819005,,,,,,
1780434490.791,2655209.0,3413.928,2.819913,,,,,,
1780434490.791,2655234.0,3422.155,2.819709,,,,,,
1780434490.866,2655259.0,3442.792,2.818614,,,,,,
1780434490.867,2655284.0,3465.156,2.817528,,,,,,
1780434490.868,2655309.0,3474.39,2.817297,,,,,,
1780434490.936,2655334.0,3457.824,2.818074,,,,,,
1780434490.937,2655359.0,3431.452,2.819469,,,,,,
1780434490.938,2655384.0,3409.378,2.820542,,,,,,
1780434491.014,2655409.0,3420.759,2.820165,,,,,,
1780434491.015,2655434.0,3448.662,2.819009,,,,,,
1780434491.016,2655459.0,3472.986,2.817936,,,,,,
1780434491.088,2655484.0,3478.329,2.817621,,,,,,
1780434491.090,2655509.0,3449.056,2.818626,,,,,,
1780434491.091,2655534.0,3424.69,2.819712,,,,,,
1780434491.171,2655559.0,3418.99,2.81995,,,,,,
1780434491.172,2655584.0,3433.835,2.819219,,,,,,
1780434491.173,2655609.0,3457.028,2.818029,,,,,,
1780434491.265,2655634.0,3474.361,2.817331,,,,,,
1780434491.267,2655659.0,3461.189,2.817788,,,,,,
1780434491.268,2655684.0,3437.04,2.819118,,,,,,
1780434491.270,2655709.0,3412.577,2.820297,,,,,,
1780434491.334,2655734.0,3404.403,2.820599,,,,,,
1780434491.335,2655759.0,3432.324,2.819597,,,,,,
1780434491.336,2655784.0,3459.137,2.818266,,,,,,
1780434491.422,2655809.0,3474.751,2.817505,,,,,,
1780434491.423,2655834.0,3451.219,2.818271,,,,,,
1780434491.424,2655859.0,3425.951,2.819491,,,,,,
1780434491.500,2655884.0,3410.019,2.820099,,,,,,
1780434491.501,2655909.0,3420.551,2.819759,,,,,,
1780434491.501,2655934.0,3443.901,2.818529,,,,,,
1780434491.569,2655959.0,3465.752,2.817571,,,,,,
1780434491.571,2655984.0,3460.847,2.817706,,,,,,
1780434491.572,2656009.0,3438.767,2.818958,,,,,,
1780434491.672,2656034.0,3414.296,2.820253,,,,,,
1780434491.673,2656059.0,3395.419,2.821122,,,,,,
1780434491.674,2656084.0,3416.348,2.820701,,,,,,
1780434491.675,2656109.0,3444.056,2.819307,,,,,,
1780434491.753,2656134.0,3466.575,2.818236,,,,,,
1780434491.754,2656159.0,3455.501,2.8186,,,,,,
1780434491.755,2656184.0,3427.458,2.819793,,,,,,
1780434491.834,2656209.0,3405.559,2.820827,,,,,,
1780434491.835,2656234.0,3409.647,2.820672,,,,,,
1780434491.836,2656259.0,3432.061,2.819573,,,,,,
1780434491.838,2656284.0,3455.977,2.818419,,,,,,
1780434491.899,2656309.0,3464.351,2.818176,,,,,,
1780434491.900,2656334.0,3449.219,2.818736,,,,,,
1780434491.968,2656359.0,3422.731,2.820154,,,,,,
1780434491.970,2656384.0,3398.714,2.82127,,,,,,
1780434491.971,2656409.0,3405.248,2.821115,,,,,,
1780434492.054,2656434.0,3434.402,2.819738,,,,,,
1780434492.056,2656459.0,3460.943,2.818415,,,,,,
1780434492.057,2656484.0,3463.842,2.818221,,,,,,
1780434492.115,2656509.0,3434.785,2.819287,,,,,,
1780434492.116,2656534.0,3410.727,2.820418,,,,,,
1780434492.116,2656559.0,3403.463,2.820719,,,,,,
1780434492.167,2656584.0,3420.844,2.819904,,,,,,
1780434492.168,2656609.0,3445.907,2.818554,,,,,,
1780434492.253,2656634.0,3462.077,2.817873,,,,,,
1780434492.254,2656659.0,3449.537,2.818331,,,,,,
1780434492.256,2656684.0,3426.587,2.819512,,,,,,
1780434492.335,2656709.0,3402.19,2.820606,,,,,,
1780434492.336,2656734.0,3392.24,2.820967,,,,,,
1780434492.337,2656759.0,3421.358,2.820007,,,,,,
1780434492.338,2656784.0,3448.838,2.818616,,,,,,
1780434492.412,2656809.0,3463.76,2.817857,,,,,,
1780434492.413,2656834.0,3439.359,2.818504,,,,,,
1780434492.414,2656859.0,3413.757,2.819757,,,,,,
1780434492.476,2656884.0,3396.915,2.820439,,,,,,
1780434492.477,2656909.0,3409.692,2.819964,,,,,,
1780434492.571,2656934.0,3433.066,2.818659,,,,,,
1780434492.572,2656959.0,3454.148,2.817731,,,,,,
1780434492.573,2656984.0,3453.082,2.817784,,,,,,
1780434492.574,2657009.0,3432.748,2.818802,,,,,,
1780434492.652,2657034.0,3406.926,2.820164,,,,,,
1780434492.653,2657059.0,3389.018,2.820887,,,,,,
1780434492.653,2657084.0,3410.51,2.820319,,,,,,
1780434492.735,2657109.0,3438.834,2.818811,,,,,,
1780434492.737,2657134.0,3460.68,2.817809,,,,,,
1780434492.738,2657159.0,3450.425,2.818132,,,,,,
1780434492.739,2657184.0,3421.864,2.81935,,,,,,
1780434492.833,2657209.0,3400.166,2.820327,,,,,,
1780434492.834,2657234.0,3405.131,2.820175,,,,,,
1780434492.835,2657259.0,3426.151,2.819032,,,,,,
1780434492.836,2657284.0,3448.856,2.817849,,,,,,
1780434492.909,2657309.0,3456.782,2.817606,,,,,,
1780434492.911,2657334.0,3442.918,2.818132,,,,,,
1780434492.912,2657359.0,3415.981,2.819557,,,,,,
1780434492.983,2657384.0,3392.471,2.820662,,,,,,
1780434492.984,2657409.0,3398.849,2.820554,,,,,,
1780434492.985,2657434.0,3428.207,2.819245,,,,,,
1780434493.068,2657459.0,3453.645,2.818051,,,,,,
1780434493.069,2657484.0,3455.222,2.817916,,,,,,
1780434493.071,2657509.0,3426.141,2.818989,,,,,,
1780434493.171,2657534.0,3402.077,2.820121,,,,,,
1780434493.173,2657559.0,3395.341,2.820337,,,,,,
1780434493.174,2657584.0,3411.845,2.819572,,,,,,
1780434493.176,2657609.0,3435.97,2.818305,,,,,,
1780434493.271,2657634.0,3452.699,2.817651,,,,,,
1780434493.272,2657659.0,3445.829,2.81784,,,,,,
1780434493.274,2657684.0,3420.828,2.81922,,,,,,
1780434493.276,2657709.0,3394.01,2.820624,,,,,,
1780434493.370,2657734.0,3387.593,2.821002,,,,,,
1780434493.371,2657759.0,3416.771,2.819968,,,,,,
1780434493.371,2657784.0,3443.745,2.81859,,,,,,
1780434493.372,2657809.0,3458.168,2.817845,,,,,,
1780434493.453,2657834.0,3433.044,2.818558,,,,,,
1780434493.455,2657859.0,3406.681,2.819839,,,,,,
1780434493.455,2657884.0,3390.377,2.820495,,,,,,
1780434493.537,2657909.0,3401.419,2.820076,,,,,,
1780434493.539,2657934.0,3424.487,2.818861,,,,,,
1780434493.540,2657959.0,3445.76,2.817942,,,,,,
1780434493.541,2657984.0,3445.31,2.81801,,,,,,
1780434493.619,2658009.0,3422.993,2.819018,,,,,,
1780434493.620,2658034.0,3395.291,2.820475,,,,,,
1780434493.620,2658059.0,3380.661,2.821214,,,,,,
1780434493.683,2658084.0,3406.952,2.820414,,,,,,
1780434493.684,2658109.0,3433.543,2.819142,,,,,,
1780434493.685,2658134.0,3455.865,2.818125,,,,,,
1780434493.751,2658159.0,3445.021,2.818551,,,,,,
1780434493.753,2658184.0,3417.064,2.819852,,,,,,
1780434493.816,2658209.0,3395.443,2.82081,,,,,,
1780434493.817,2658234.0,3401.046,2.820599,,,,,,
1780434493.818,2658259.0,3422.126,2.819566,,,,,,
1780434493.884,2658284.0,3445.087,2.818367,,,,,,
1780434493.885,2658309.0,3452.755,2.818198,,,,,,
1780434493.886,2658334.0,3439.66,2.818812,,,,,,
1780434493.970,2658359.0,3413.951,2.82026,,,,,,
1780434493.971,2658384.0,3391.53,2.821238,,,,,,
1780434493.971,2658409.0,3398.339,2.821068,,,,,,
1780434494.034,2658434.0,3428.207,2.819737,,,,,,
1780434494.035,2658459.0,3454.519,2.818418,,,,,,
1780434494.037,2658484.0,3457.651,2.818222,,,,,,
1780434494.100,2658509.0,3428.676,2.819262,,,,,,
1780434494.100,2658534.0,3404.517,2.82042,,,,,,
1780434494.166,2658559.0,3398.775,2.820604,,,,,,
1780434494.168,2658584.0,3416.805,2.81979,,,,,,
1780434494.169,2658609.0,3441.778,2.818535,,,,,,
1780434494.231,2658634.0,3458.837,2.817848,,,,,,
1780434494.235,2658659.0,3452.454,2.817959,,,,,,
1780434494.236,2658684.0,3427.819,2.819295,,,,,,
1780434494.299,2658709.0,3402.177,2.820484,,,,,,
1780434494.300,2658734.0,3396.843,2.820742,,,,,,
1780434494.348,2658759.0,3425.562,2.819709,,,,,,
1780434494.349,2658784.0,3452.687,2.818285,,,,,,
1780434494.420,2658809.0,3466.622,2.817747,,,,,,
1780434494.422,2658834.0,3442.751,2.818429,,,,,,
1780434494.423,2658859.0,3416.922,2.819681,,,,,,
1780434494.501,2658884.0,3401.059,2.820338,,,,,,
1780434494.503,2658909.0,3411.997,2.820013,,,,,,
1780434494.504,2658934.0,3435.592,2.818775,,,,,,
1780434494.582,2658959.0,3457.125,2.817843,,,,,,
1780434494.583,2658984.0,3454.682,2.817845,,,,,,
1780434494.584,2659009.0,3431.855,2.818999,,,,,,
1780434494.584,2659034.0,3404.361,2.820401,,,,,,
1780434494.650,2659059.0,3390.648,2.821133,,,,,,
1780434494.651,2659084.0,3416.248,2.820347,,,,,,
1780434494.699,2659109.0,3442.818,2.819073,,,,,,
1780434494.699,2659134.0,3466.138,2.8179,,,,,,
1780434494.768,2659159.0,3457.085,2.818189,,,,,,
1780434494.768,2659184.0,3430.145,2.819511,,,,,,
1780434494.769,2659209.0,3408.965,2.820468,,,,,,
1780434494.834,2659234.0,3413.576,2.820288,,,,,,
1780434494.836,2659259.0,3435.908,2.819207,,,,,,
1780434494.838,2659284.0,3459.998,2.818067,,,,,,
1780434494.954,2659309.0,3466.038,2.817795,,,,,,
1780434494.955,2659334.0,3446.443,2.818676,,,,,,
1780434494.957,2659359.0,3420.468,2.819961,,,,,,
1780434494.958,2659384.0,3397.069,2.821036,,,,,,
1780434495.034,2659409.0,3404.319,2.820872,,,,,,
1780434495.035,2659434.0,3433.854,2.819447,,,,,,
1780434495.036,2659459.0,3459.855,2.818147,,,,,,
1780434495.037,2659484.0,3462.805,2.818072,,,,,,
1780434495.119,2659509.0,3433.888,2.819036,,,,,,
1780434495.120,2659534.0,3409.848,2.82023,,,,,,
1780434495.121,2659559.0,3404.213,2.820385,,,,,,
1780434495.207,2659584.0,3419.268,2.819596,,,,,,
1780434495.208,2659609.0,3442.529,2.818323,,,,,,
1780434495.209,2659634.0,3458.278,2.817762,,,,,,
1780434495.210,2659659.0,3450.746,2.81795,,,,,,
1780434495.284,2659684.0,3426.188,2.819263,,,,,,
1780434495.285,2659709.0,3399.988,2.820615,,,,,,
1780434495.287,2659734.0,3392.812,2.820953,,,,,,
1780434495.365,2659759.0,3421.325,2.819981,,,,,,
1780434495.366,2659784.0,3448.331,2.818596,,,,,,
1780434495.366,2659809.0,3462.907,2.81794,,,,,,
1780434495.453,2659834.0,3437.716,2.818676,,,,,,
1780434495.455,2659859.0,3411.156,2.819947,,,,,,
1780434495.456,2659884.0,3395.168,2.820576,,,,,,
1780434495.549,2659909.0,3406.33,2.820186,,,,,,
1780434495.550,2659934.0,3430.277,2.818848,,,,,,
1780434495.550,2659959.0,3451.739,2.817941,,,,,,
1780434495.551,2659984.0,3446.758,2.817979,,,,,,
1780434495.636,2660009.0,3426.941,2.818965,,,,,,
1780434495.638,2660034.0,3401.916,2.820417,,,,,,
1780434495.639,2660059.0,3385.645,2.820996,,,,,,
1780434495.640,2660084.0,3406.886,2.820621,,,,,,
1780434495.721,2660109.0,3435.019,2.819235,,,,,,
1780434495.722,2660134.0,3458.094,2.81807,,,,,,
1780434495.724,2660159.0,3446.573,2.818373,,,,,,
1780434495.800,2660184.0,3419.006,2.819554,,,,,,
1780434495.802,2660209.0,3397.837,2.820442,,,,,,
1780434495.803,2660234.0,3403.294,2.82034,,,,,,
1780434495.869,2660259.0,3426.033,2.819213,,,,,,
1780434495.871,2660284.0,3450.758,2.818014,,,,,,
1780434495.872,2660309.0,3455.548,2.81785,,,,,,
1780434495.931,2660334.0,3436.471,2.818707,,,,,,
1780434495.932,2660359.0,3410.941,2.819997,,,,,,
1780434495.981,2660384.0,3387.198,2.821165,,,,,,
1780434495.982,2660409.0,3397.136,2.820815,,,,,,
1780434496.032,2660434.0,3424.594,2.819545,,,,,,
1780434496.033,2660459.0,3449.361,2.818344,,,,,,
1780434496.100,2660484.0,3455.139,2.818032,,,,,,
1780434496.101,2660509.0,3426.675,2.819058,,,,,,
1780434496.102,2660534.0,3403.049,2.820126,,,,,,
1780434496.181,2660559.0,3396.329,2.820403,,,,,,
1780434496.182,2660584.0,3414.442,2.81969,,,,,,
1780434496.183,2660609.0,3439.839,2.818371,,,,,,
1780434496.184,2660634.0,3457.436,2.817724,,,,,,
1780434496.247,2660659.0,3447.002,2.817982,,,,,,
1780434496.248,2660684.0,3423.421,2.819399,,,,,,
1780434496.299,2660709.0,3399.457,2.82068,,,,,,
1780434496.300,2660734.0,3392.177,2.820917,,,,,,
1780434496.386,2660759.0,3421.34,2.819948,,,,,,
1780434496.386,2660784.0,3448.442,2.818531,,,,,,
1780434496.387,2660809.0,3463.081,2.817919,,,,,,
1780434496.388,2660834.0,3438.653,2.818694,,,,,,
1780434496.469,2660859.0,3412.339,2.820025,,,,,,
1780434496.471,2660884.0,3396.481,2.820619,,,,,,
1780434496.472,2660909.0,3408.302,2.82023,,,,,,
1780434496.532,2660934.0,3431.245,2.819052,,,,,,
1780434496.533,2660959.0,3452.589,2.818045,,,,,,
1780434496.534,2660984.0,3448.993,2.818129,,,,,,
1780434496.618,2661009.0,3429.176,2.819116,,,,,,
1780434496.620,2661034.0,3404.017,2.820539,,,,,,
1780434496.621,2661059.0,3387.036,2.821255,,,,,,
1780434496.707,2661084.0,3408.528,2.820802,,,,,,
1780434496.708,2661109.0,3437.224,2.81931,,,,,,
1780434496.709,2661134.0,3459.286,2.818305,,,,,,
1780434496.710,2661159.0,3447.177,2.818715,,,,,,
1780434496.771,2661184.0,3418.553,2.820076,,,,,,
1780434496.772,2661209.0,3397.272,2.820995,,,,,,
1780434496.854,2661234.0,3405.322,2.82084,,,,,,
1780434496.855,2661259.0,3425.173,2.819843,,,,,,
1780434496.856,2661284.0,3447.049,2.818707,,,,,,
1780434496.953,2661309.0,3454.015,2.81848,,,,,,
1780434496.955,2661334.0,3440.61,2.818995,,,,,,
1780434496.956,2661359.0,3413.998,2.820385,,,,,,
1780434496.957,2661384.0,3390.217,2.821564,,,,,,
1780434497.036,2661409.0,3398.697,2.82136,,,,,,
1780434497.038,2661434.0,3427.777,2.820074,,,,,,
1780434497.039,2661459.0,3453.362,2.818833,,,,,,
1780434497.039,2661484.0,3456.114,2.818615,,,,,,
1780434497.120,2661509.0,3426.944,2.819646,,,,,,
1780434497.121,2661534.0,3402.781,2.820808,,,,,,
1780434497.122,2661559.0,3396.932,2.820958,,,,,,
1780434497.181,2661584.0,3415.427,2.820138,,,,,,
1780434497.181,2661609.0,3441.053,2.818888,,,,,,
1780434497.247,2661634.0,3456.994,2.818335,,,,,,
1780434497.248,2661659.0,3443.906,2.818831,,,,,,
1780434497.248,2661684.0,3420.284,2.82007,,,,,,
1780434497.298,2661709.0,3395.723,2.821274,,,,,,
1780434497.299,2661734.0,3386.434,2.821703,,,,,,
1780434497.348,2661759.0,3414.928,2.820736,,,,,,
1780434497.348,2661784.0,3441.513,2.819477,,,,,,
1780434497.435,2661809.0,3457.08,2.818794,,,,,,
1780434497.436,2661834.0,3432.168,2.819392,,,,,,
1780434497.437,2661859.0,3406.288,2.820659,,,,,,
1780434497.438,2661884.0,3389.824,2.821229,,,,,,
1780434497.498,2661909.0,3404.129,2.820762,,,,,,
1780434497.499,2661934.0,3426.461,2.819441,,,,,,
1780434497.565,2661959.0,3445.91,2.818541,,,,,,
1780434497.566,2661984.0,3444.154,2.818603,,,,,,
1780434497.568,2662009.0,3422.852,2.819634,,,,,,
1780434497.654,2662034.0,3396.304,2.821081,,,,,,
1780434497.655,2662059.0,3380.064,2.821776,,,,,,
1780434497.656,2662084.0,3402.616,2.821218,,,,,,
1780434497.731,2662109.0,3430.842,2.819801,,,,,,
1780434497.732,2662134.0,3453.792,2.818735,,,,,,
1780434497.734,2662159.0,3442.699,2.819039,,,,,,
1780434497.735,2662184.0,3414.615,2.820249,,,,,,
1780434497.798,2662209.0,3392.826,2.821256,,,,,,
1780434497.799,2662234.0,3399.325,2.821037,,,,,,
1780434497.849,2662259.0,3419.915,2.819959,,,,,,
1780434497.849,2662284.0,3442.519,2.818744,,,,,,
1780434497.915,2662309.0,3449.02,2.818591,,,,,,
1780434497.916,2662334.0,3436.668,2.819123,,,,,,
1780434497.916,2662359.0,3410.977,2.820635,,,,,,
1780434497.985,2662384.0,3389.087,2.821654,,,,,,
1780434497.986,2662409.0,3396.251,2.821507,,,,,,
1780434497.987,2662434.0,3425.385,2.8202,,,,,,
1780434498.048,2662459.0,3450.676,2.818981,,,,,,
1780434498.049,2662484.0,3454.133,2.818754,,,,,,
1780434498.115,2662509.0,3425.181,2.819729,,,,,,
1780434498.116,2662534.0,3399.448,2.820838,,,,,,
1780434498.117,2662559.0,3389.833,2.821007,,,,,,
1780434498.186,2662584.0,3384.849,2.820923,,,,,,
1780434498.188,2662609.0,3381.917,2.820949,,,,,,
1780434498.188,2662634.0,3379.68,2.820964,,,,,,
1780434498.268,2662659.0,3367.017,2.821238,,,,,,
1780434498.268,2662684.0,3338.189,2.822513,,,,,,
1780434498.269,2662709.0,3310.733,2.823791,,,,,,
1780434498.331,2662734.0,3297.786,2.824085,,,,,,
1780434498.331,2662759.0,3301.065,2.824077,,,,,,
1780434498.401,2662784.0,3299.174,2.824055,,,,,,
1780434498.402,2662809.0,3293.974,2.824099,,,,,,
1780434498.403,2662834.0,3271.863,2.824889,,,,,,
1780434498.486,2662859.0,3244.24,2.826082,,,,,,
1780434498.487,2662884.0,3226.021,2.826597,,,,,,
1780434498.488,2662909.0,3221.706,2.826642,,,,,,
1780434498.488,2662934.0,3217.542,2.826641,,,,,,
1780434498.568,2662959.0,3215.296,2.826659,,,,,,
1780434498.569,2662984.0,3208.593,2.826755,,,,,,
1780434498.570,2663009.0,3183.274,2.82781,,,,,,
1780434498.650,2663034.0,3154.488,2.829074,,,,,,
1780434498.651,2663059.0,3134.076,2.829698,,,,,,
1780434498.652,2663084.0,3137.692,2.829847,,,,,,
1780434498.717,2663109.0,3136.194,2.829838,,,,,,
1780434498.718,2663134.0,3133.509,2.829856,,,,,,
1780434498.719,2663159.0,3116.567,2.830327,,,,,,
1780434498.780,2663184.0,3089.008,2.83157,,,,,,
1780434498.781,2663209.0,3065.902,2.83245,,,,,,
1780434498.840,2663234.0,3061.224,2.832407,,,,,,
1780434498.841,2663259.0,3056.958,2.832371,,,,,,
1780434498.842,2663284.0,3054.601,2.832292,,,,,,
1780434498.920,2663309.0,3051.097,2.832291,,,,,,
1780434498.921,2663334.0,3031.448,2.832824,,,,,,
1780434498.922,2663359.0,3002.12,2.834181,,,,,,
1780434499.001,2663384.0,2976.65,2.835216,,,,,,
1780434499.002,2663409.0,2971.597,2.835283,,,,,,
1780434499.003,2663434.0,2972.532,2.835264,,,,,,
1780434499.063,2663459.0,2971.034,2.83519,,,,,,
1780434499.064,2663484.0,2961.619,2.835365,,,,,,
1780434499.064,2663509.0,2935.462,2.836466,,,,,,
1780434499.134,2663534.0,2908.921,2.837679,,,,,,
1780434499.136,2663559.0,2899.325,2.837776,,,,,,
1780434499.137,2663584.0,2894.927,2.837709,,,,,,
1780434499.218,2663609.0,2887.791,2.837561,,,,,,
1780434499.220,2663634.0,2881.496,2.83749,,,,,,
1780434499.221,2663659.0,2866.707,2.837634,,,,,,
1780434499.296,2663684.0,2834.827,2.838854,,,,,,
1780434499.297,2663709.0,2803.966,2.840048,,,,,,
1780434499.297,2663734.0,2787.278,2.840355,,,,,,
1780434499.347,2663759.0,2787.443,2.84037,,,,,,
1780434499.348,2663784.0,2783.96,2.840309,,,,,,
1780434499.398,2663809.0,2780.626,2.840268,,,,,,
1780434499.399,2663834.0,2777.214,2.840251,,,,,,
1780434499.467,2663859.0,2773.834,2.84016,,,,,,
1780434499.469,2663884.0,2770.465,2.840065,,,,,,
1780434499.470,2663909.0,2767.059,2.839981,,,,,,
1780434499.534,2663934.0,2763.696,2.839949,,,,,,
1780434499.535,2663959.0,2760.318,2.839857,,,,,,
1780434499.537,2663984.0,2756.956,2.839825,,,,,,
1780434499.597,2664009.0,2753.55,2.839806,,,,,,
1780434499.597,2664034.0,2750.154,2.839784,,,,,,
1780434499.664,2664059.0,2746.734,2.839704,,,,,,
1780434499.665,2664084.0,2743.37,2.839673,,,,,,
1780434499.666,2664109.0,2739.967,2.839653,,,,,,
1780434499.730,2664134.0,2736.599,2.839558,,,,,,
1780434499.730,2664159.0,2733.23,2.839464,,,,,,
1780434499.781,2664184.0,2729.891,2.839296,,,,,,
1780434499.781,2664209.0,2726.511,2.83914,,,,,,
1780434499.830,2664234.0,2723.19,2.839031,,,,,,
1780434499.831,2664259.0,2719.792,2.838945,,,,,,
1780434499.900,2664284.0,2716.379,2.838928,,,,,,
1780434499.901,2664309.0,2713.0,2.838901,,,,,,
1780434499.903,2664334.0,2709.644,2.838803,,,,,,
1780434499.982,2664359.0,2706.325,2.838758,,,,,,
1780434499.983,2664384.0,2702.974,2.838722,,,,,,
1780434499.984,2664409.0,2699.625,2.838621,,,,,,
1780434499.985,2664434.0,2696.273,2.838587,,,,,,
1780434500.049,2664459.0,2692.906,2.838556,,,,,,
1780434500.050,2664484.0,2689.486,2.838541,,,,,,
1780434500.113,2664509.0,2686.104,2.838515,,,,,,
1780434500.114,2664534.0,2682.723,2.838488,,,,,,
1780434500.114,2664559.0,2679.339,2.838398,,,,,,
1780434500.185,2664584.0,2675.967,2.838369,,,,,,
1780434500.186,2664609.0,2672.61,2.838335,,,,,,
1780434500.187,2664634.0,2669.287,2.838291,,,,,,
1780434500.286,2664659.0,2665.932,2.838257,,,,,,
1780434500.288,2664684.0,2662.586,2.83822,,,,,,
1780434500.289,2664709.0,2659.184,2.8382,,,,,,
1780434500.290,2664734.0,2655.789,2.838113,,,,,,
1780434500.366,2664759.0,2652.445,2.838076,,,,,,
1780434500.367,2664784.0,2649.064,2.837985,,,,,,
1780434500.368,2664809.0,2645.681,2.837959,,,,,,
1780434500.429,2664834.0,2640.753,2.837938,,,,,,
1780434500.430,2664859.0,2640.628,2.837975,,,,,,
1780434500.501,2664884.0,2640.654,2.837968,,,,,,
1780434500.502,2664909.0,2640.714,2.83795,,,,,,
1780434500.503,2664934.0,2640.762,2.837935,,,,,,
1780434500.547,2664959.0,2640.783,2.837929,,,,,,
1780434500.548,2664984.0,2640.827,2.837916,,,,,,
1780434500.597,2665009.0,2640.82,2.837919,,,,,,
1780434500.597,2665034.0,2640.794,2.837926,,,,,,
1780434500.650,2665059.0,2640.776,2.837931,,,,,,
1780434500.651,2665084.0,2640.797,2.837925,,,,,,
1780434500.753,2665109.0,2640.862,2.837906,,,,,,
1780434500.755,2665134.0,2640.834,2.837914,,,,,,
1780434500.756,2665159.0,2640.839,2.837913,,,,,,
1780434500.757,2665184.0,2640.856,2.837908,,,,,,
1780434500.852,2665209.0,2640.821,2.837918,,,,,,
1780434500.854,2665234.0,2640.776,2.837931,,,,,,
1780434500.855,2665259.0,2640.776,2.837931,,,,,,
1780434500.857,2665284.0,2640.79,2.837927,,,,,,
1780434500.929,2665309.0,2640.839,2.837913,,,,,,
1780434500.930,2665334.0,2640.818,2.837854,,,,,,
1780434500.930,2665359.0,2640.805,2.837794,,,,,,
1780434500.980,2665384.0,2640.805,2.837858,,,,,,
1780434500.981,2665409.0,2640.817,2.837855,,,,,,
1780434501.048,2665434.0,2640.797,2.837924,,,,,,
1780434501.054,2665459.0,2640.81,2.837985,,,,,,
1780434501.055,2665484.0,2640.784,2.837992,,,,,,
1780434501.113,2665509.0,2640.8,2.837988,,,,,,
1780434501.113,2665534.0,2640.828,2.837979,,,,,,
1780434501.114,2665559.0,2640.807,2.83805,,,,,,
1780434501.180,2665584.0,2640.756,2.838065,,,,,,
1780434501.181,2665609.0,2640.709,2.838015,,,,,,
1780434501.251,2665634.0,2640.721,2.838012,,,,,,
1780434501.252,2665659.0,2640.701,2.838017,,,,,,
1780434501.252,2665684.0,2640.644,2.838034,,,,,,
1780434501.298,2665709.0,2640.637,2.838036,,,,,,
1780434501.299,2665734.0,2640.658,2.83803,,,,,,
1780434501.363,2665759.0,2640.667,2.838027,,,,,,
1780434501.364,2665784.0,2640.675,2.838025,,,,,,
1780434501.364,2665809.0,2640.683,2.837958,,,,,,
1780434501.413,2665834.0,2640.641,2.837971,,,,,,
1780434501.414,2665859.0,2640.614,2.837979,,,,,,
1780434501.473,2665884.0,2640.554,2.837997,,,,,,
1780434501.475,2665909.0,2640.529,2.838004,,,,,,
1780434501.569,2665934.0,2640.541,2.838001,,,,,,
1780434501.570,2665959.0,2640.555,2.837996,,,,,,
1780434501.571,2665984.0,2640.577,2.83799,,,,,,
1780434501.572,2666009.0,2640.586,2.837987,,,,,,
1780434501.651,2666034.0,2640.587,2.837987,,,,,,
1780434501.653,2666059.0,2640.594,2.837985,,,,,,
1780434501.654,2666084.0,2640.543,2.838,,,,,,
1780434501.730,2666109.0,2640.522,2.838007,,,,,,
1780434501.730,2666134.0,2640.513,2.837945,,,,,,
1780434501.731,2666159.0,2640.499,2.83795,,,,,,
1780434501.795,2666184.0,2640.558,2.837932,,,,,,
1780434501.797,2666209.0,2640.588,2.837923,,,,,,
1780434501.798,2666234.0,2640.601,2.837919,,,,,,
1780434501.886,2666259.0,2640.638,2.837908,,,,,,
1780434501.886,2666284.0,2640.607,2.837917,,,,,,
1780434501.887,2666309.0,2640.567,2.837929,,,,,,
1780434501.887,2666334.0,2640.561,2.837931,,,,,,
1780434501.965,2666359.0,2640.534,2.837939,,,,,,
1780434501.966,2666384.0,2640.577,2.837926,,,,,,
1780434501.967,2666409.0,2640.572,2.837928,,,,,,
1780434502.036,2666434.0,2640.598,2.83792,,,,,,
1780434502.037,2666459.0,2640.625,2.837912,,,,,,
1780434502.038,2666484.0,2640.595,2.837921,,,,,,
1780434502.101,2666509.0,2640.596,2.837921,,,,,,
1780434502.102,2666534.0,2640.575,2.837863,,,,,,
1780434502.172,2666559.0,2640.558,2.837868,,,,,,
1780434502.173,2666584.0,2640.566,2.837929,,,,,,
1780434502.174,2666609.0,2640.584,2.837988,,,,,,
1780434502.265,2666634.0,2640.554,2.837997,,,,,,
1780434502.266,2666659.0,2640.521,2.838007,,,,,,
1780434502.267,2666684.0,2640.505,2.838012,,,,,,
1780434502.267,2666709.0,2640.476,2.83802,,,,,,
1780434502.331,2666734.0,2640.441,2.83803,,,,,,
1780434502.332,2666759.0,2640.441,2.83803,,,,,,
1780434502.396,2666784.0,2640.461,2.838024,,,,,,
1780434502.397,2666809.0,2640.434,2.837968,,,,,,
1780434502.397,2666834.0,2640.482,2.837954,,,,,,
1780434502.472,2666859.0,2640.511,2.838009,,,,,,
1780434502.473,2666884.0,2640.447,2.838029,,,,,,
1780434502.475,2666909.0,2640.391,2.838045,,,,,,
1780434502.547,2666934.0,2640.366,2.838053,,,,,,
1780434502.548,2666959.0,2640.345,2.838059,,,,,,
1780434502.549,2666984.0,2640.326,2.838064,,,,,,
1780434502.636,2667009.0,2640.338,2.838061,,,,,,
1780434502.637,2667034.0,2640.367,2.837988,,,,,,
1780434502.638,2667059.0,2640.375,2.83805,,,,,,
1780434502.639,2667084.0,2640.404,2.838041,,,,,,
1780434502.733,2667109.0,2640.399,2.837979,,,,,,
1780434502.735,2667134.0,2640.39,2.837981,,,,,,
1780434502.736,2667159.0,2640.381,2.837984,,,,,,
1780434502.737,2667184.0,2640.328,2.838,,,,,,
1780434502.817,2667209.0,2640.32,2.838002,,,,,,
1780434502.818,2667234.0,2640.291,2.838011,,,,,,
1780434502.819,2667259.0,2640.271,2.838017,,,,,,
1780434502.897,2667284.0,2640.316,2.838004,,,,,,
1780434502.898,2667309.0,2640.297,2.838009,,,,,,
1780434502.899,2667334.0,2640.319,2.838003,,,,,,
1780434502.982,2667359.0,2640.319,2.838003,,,,,,
1780434502.984,2667384.0,2640.3,2.838008,,,,,,
1780434502.985,2667409.0,2640.3,2.838008,,,,,,
1780434502.986,2667434.0,2640.249,2.838023,,,,,,
1780434503.065,2667459.0,2640.239,2.838026,,,,,,
1780434503.066,2667484.0,2640.229,2.838029,,,,,,
1780434503.066,2667509.0,2640.194,2.83804,,,,,,
1780434503.151,2667534.0,2640.202,2.838037,,,,,,
1780434503.152,2667559.0,2640.214,2.838034,,,,,,
1780434503.153,2667584.0,2640.215,2.838034,,,,,,
1780434503.252,2667609.0,2640.21,2.838035,,,,,,
1780434503.253,2667634.0,2640.212,2.838034,,,,,,
1780434503.254,2667659.0,2640.217,2.838033,,,,,,
1780434503.255,2667684.0,2640.172,2.837982,,,,,,
1780434503.335,2667709.0,2640.178,2.837981,,,,,,
1780434503.337,2667734.0,2640.201,2.837974,,,,,,
1780434503.338,2667759.0,2640.171,2.837919,,,,,,
1780434503.339,2667784.0,2640.171,2.837983,,,,,,
1780434503.428,2667809.0,2640.156,2.837987,,,,,,
1780434503.429,2667834.0,2640.145,2.83799,,,,,,
1780434503.430,2667859.0,2640.133,2.837994,,,,,,
1780434503.497,2667884.0,2640.138,2.837992,,,,,,
1780434503.497,2667909.0,2640.165,2.837984,,,,,,
1780434503.498,2667934.0,2640.174,2.837982,,,,,,
1780434503.564,2667959.0,2640.149,2.837989,,,,,,
1780434503.564,2667984.0,2640.127,2.837996,,,,,,
1780434503.565,2668009.0,2640.097,2.838004,,,,,,
1780434503.630,2668034.0,2640.048,2.838019,,,,,,
1780434503.631,2668059.0,2640.037,2.838022,,,,,,
1780434503.701,2668084.0,2640.044,2.83802,,,,,,
1780434503.702,2668109.0,2640.063,2.838015,,,,,,
1780434503.704,2668134.0,2640.058,2.838016,,,,,,
1780434503.818,2668159.0,2640.093,2.838006,,,,,,
1780434503.820,2668184.0,2640.112,2.838,,,,,,
1780434503.821,2668209.0,2640.14,2.837992,,,,,,
1780434503.822,2668234.0,2640.127,2.837996,,,,,,
1780434503.823,2668259.0,2640.062,2.838015,,,,,,
1780434503.916,2668284.0,2640.037,2.838022,,,,,,
1780434503.917,2668309.0,2640.031,2.838024,,,,,,
1780434503.919,2668334.0,2640.011,2.837966,,,,,,
1780434503.920,2668359.0,2639.986,2.838037,,,,,,
1780434504.003,2668384.0,2640.017,2.838028,,,,,,
1780434504.004,2668409.0,2640.026,2.838026,,,,,,
1780434504.005,2668434.0,2640.027,2.837961,,,,,,
1780434504.084,2668459.0,2640.02,2.837899,,,,,,
1780434504.085,2668484.0,2640.016,2.8379,,,,,,
1780434504.085,2668509.0,2639.999,2.837906,,,,,,
1780434504.086,2668534.0,2639.976,2.837848,,,,,,
1780434504.169,2668559.0,2639.942,2.837858,,,,,,
1780434504.170,2668584.0,2639.923,2.837864,,,,,,
1780434504.171,2668609.0,2639.891,2.837873,,,,,,
1780434504.249,2668634.0,2639.883,2.83794,,,,,,
1780434504.250,2668659.0,2639.904,2.837934,,,,,,
1780434504.252,2668684.0,2639.917,2.83793,,,,,,
1780434504.348,2668709.0,2639.936,2.837924,,,,,,
1780434504.350,2668734.0,2639.971,2.837914,,,,,,
1780434504.350,2668759.0,2639.971,2.83785,,,,,,
1780434504.351,2668784.0,2639.954,2.837855,,,,,,
1780434504.442,2668809.0,2639.959,2.837853,,,,,,
1780434504.445,2668834.0,2639.937,2.83786,,,,,,
1780434504.447,2668859.0,2639.944,2.837858,,,,,,
1780434504.449,2668884.0,2639.938,2.837859,,,,,,
1780434504.512,2668909.0,2639.949,2.837856,,,,,,
1780434504.513,2668934.0,2639.98,2.837911,,,,,,
1780434504.514,2668959.0,2639.988,2.837909,,,,,,
1780434504.590,2668984.0,2639.984,2.83791,,,,,,
1780434504.591,2669009.0,2639.989,2.837972,,,,,,
1780434504.591,2669034.0,2639.977,2.837976,,,,,,
1780434504.647,2669059.0,2639.956,2.837982,,,,,,
1780434504.649,2669084.0,2639.948,2.837985,,,,,,
1780434504.731,2669109.0,2639.943,2.837986,,,,,,
1780434504.732,2669134.0,2639.965,2.837916,,,,,,
1780434504.732,2669159.0,2639.935,2.837925,,,,,,
1780434504.805,2669184.0,2639.957,2.837918,,,,,,
1780434504.806,2669209.0,2639.987,2.837909,,,,,,
1780434504.807,2669234.0,2640.028,2.837897,,,,,,
1780434504.899,2669259.0,2640.077,2.837883,,,,,,
1780434504.900,2669284.0,2640.106,2.837874,,,,,,
1780434504.900,2669309.0,2640.087,2.83788,,,,,,
1780434504.901,2669334.0,2640.037,2.837894,,,,,,
1780434504.963,2669359.0,2639.971,2.837914,,,,,,
1780434504.964,2669384.0,2639.965,2.837916,,,,,,
1780434504.964,2669409.0,2639.997,2.837907,,,,,,
1780434505.030,2669434.0,2639.966,2.837916,,,,,,
1780434505.031,2669459.0,2639.968,2.837915,,,,,,
1780434505.096,2669484.0,2639.911,2.837868,,,,,,
1780434505.097,2669509.0,2639.899,2.837871,,,,,,
1780434505.097,2669534.0,2639.802,2.837964,,,,,,
1780434505.162,2669559.0,2639.697,2.837931,,,,,,
1780434505.163,2669584.0,2639.621,2.838018,,,,,,
1780434505.164,2669609.0,2639.582,2.838029,,,,,,
1780434505.233,2669634.0,2639.513,2.83805,,,,,,
1780434505.234,2669659.0,2639.464,2.838,,,,,,
1780434505.236,2669684.0,2639.37,2.838028,,,,,,
1780434505.350,2669709.0,2639.271,2.838058,,,,,,
1780434505.352,2669734.0,2639.197,2.838079,,,,,,
1780434505.353,2669759.0,2639.112,2.838105,,,,,,
1780434505.354,2669784.0,2639.059,2.838185,,,,,,
1780434505.449,2669809.0,2639.008,2.838136,,,,,,
1780434505.450,2669834.0,2638.971,2.838082,,,,,,
1780434505.451,2669859.0,2638.931,2.83803,,,,,,
1780434505.452,2669884.0,2638.874,2.837983,,,,,,
1780434505.548,2669909.0,2638.767,2.837951,,,,,,
1780434505.549,2669934.0,2638.69,2.83791,,,,,,
1780434505.550,2669959.0,2638.545,2.837953,,,,,,
1780434505.552,2669984.0,2638.426,2.837988,,,,,,
1780434505.631,2670009.0,2638.368,2.838005,,,,,,
1780434505.632,2670034.0,2638.33,2.838017,,,,,,
1780434505.633,2670059.0,2638.295,2.837963,,,,,,
1780434505.634,2670084.0,2638.239,2.837915,,,,,,
1780434505.731,2670109.0,2638.168,2.837873,,,,,,
1780434505.732,2670134.0,2638.097,2.837894,,,,,,
1780434505.734,2670159.0,2638.008,2.837856,,,,,,
1780434505.735,2670184.0,2637.915,2.83782,,,,,,
1780434505.831,2670209.0,2637.854,2.837838,,,,,,
1780434505.832,2670234.0,2637.77,2.837863,,,,,,
1780434505.834,2670259.0,2637.733,2.83781,,,,,,
1780434505.835,2670284.0,2637.668,2.837765,,,,,,
1780434505.931,2670309.0,2637.616,2.83778,,,,,,
1780434505.933,2670334.0,2637.568,2.837795,,,,,,
1780434505.934,2670359.0,2637.489,2.837818,,,,,,
1780434505.935,2670384.0,2637.372,2.837917,,,,,,
1780434506.013,2670409.0,2637.304,2.837873,,,,,,
1780434506.013,2670434.0,2637.215,2.837899,,,,,,
1780434506.014,2670459.0,2637.169,2.83785,,,,,,
1780434506.099,2670484.0,2637.101,2.83787,,,,,,
1780434506.101,2670509.0,2637.001,2.837835,,,,,,
1780434506.103,2670534.0,2636.911,2.837862,,,,,,
1780434506.197,2670559.0,2636.91,2.837798,,,,,,
1780434506.198,2670584.0,2636.876,2.837745,,,,,,
1780434506.199,2670609.0,2636.822,2.837697,,,,,,
1780434506.200,2670634.0,2636.799,2.837703,,,,,,
1780434506.298,2670659.0,2636.675,2.83774,,,,,,
1780434506.300,2670684.0,2636.64,2.837687,,,,,,
1780434506.301,2670709.0,2636.529,2.837655,,,,,,
1780434506.302,2670734.0,2636.503,2.837663,,,,,,
1780434506.398,2670759.0,2636.484,2.837669,,,,,,
1780434506.399,2670784.0,2636.516,2.837659,,,,,,
1780434506.400,2670809.0,2636.493,2.837667,,,,,,
1780434506.401,2670834.0,2636.478,2.837607,,,,,,
1780434506.499,2670859.0,2636.424,2.837623,,,,,,
1780434506.500,2670884.0,2636.375,2.837637,,,,,,
1780434506.501,2670909.0,2636.502,2.837663,,,,,,
1780434506.502,2670934.0,2637.268,2.837693,,,,,,
1780434506.568,2670959.0,2637.968,2.837742,,,,,,
1780434506.569,2670984.0,2636.823,2.837698,,,,,,
1780434506.569,2671009.0,2635.63,2.837604,,,,,,
1780434506.631,2671034.0,2634.488,2.83756,,,,,,
1780434506.631,2671059.0,2634.117,2.837605,,,,,,
1780434506.695,2671084.0,2634.009,2.837637,,,,,,
1780434506.696,2671109.0,2634.12,2.837668,,,,,,
1780434506.697,2671134.0,2633.634,2.837684,,,,,,
1780434506.762,2671159.0,2632.237,2.837652,,,,,,
1780434506.762,2671184.0,2630.352,2.837637,,,,,,
1780434506.763,2671209.0,2629.12,2.837555,,,,,,
1780434506.831,2671234.0,2627.534,2.837451,,,,,,
1780434506.832,2671259.0,2626.913,2.837443,,,,,,
1780434506.931,2671284.0,2628.055,2.837425,,,,,,
1780434506.933,2671309.0,2630.057,2.837537,,,,,,
1780434506.934,2671334.0,2632.877,2.8376,,,,,,
1780434506.935,2671359.0,2635.801,2.837698,,,,,,
1780434506.936,2671384.0,2637.888,2.837721,,,,,,
1780434507.031,2671409.0,2640.19,2.837809,,,,,,
1780434507.033,2671434.0,2645.818,2.837946,,,,,,
1780434507.034,2671459.0,2653.276,2.837999,,,,,,
1780434507.035,2671484.0,2660.727,2.837987,,,,,,
1780434507.131,2671509.0,2669.491,2.838109,,,,,,
1780434507.133,2671534.0,2676.552,2.838213,,,,,,
1780434507.134,2671559.0,2680.508,2.838263,,,,,,
1780434507.135,2671584.0,2684.241,2.838314,,,,,,
1780434507.214,2671609.0,2690.884,2.838347,,,,,,
1780434507.215,2671634.0,2696.509,2.838421,,,,,,
1780434507.216,2671659.0,2699.686,2.838507,,,,,,
1780434507.318,2671684.0,2699.402,2.838463,,,,,,
1780434507.320,2671709.0,2701.2,2.838508,,,,,,
1780434507.321,2671734.0,2705.507,2.838583,,,,,,
1780434507.323,2671759.0,2703.322,2.83853,,,,,,
1780434507.413,2671784.0,2701.381,2.838403,,,,,,
1780434507.415,2671809.0,2699.364,2.838364,,,,,,
1780434507.416,2671834.0,2697.31,2.838335,,,,,,
1780434507.417,2671859.0,2695.295,2.838295,,,,,,
1780434507.478,2671884.0,2693.269,2.838193,,,,,,
1780434507.478,2671909.0,2691.25,2.83809,,,,,,
1780434507.527,2671934.0,2689.187,2.838065,,,,,,
1780434507.527,2671959.0,2687.151,2.838031,,,,,,
1780434507.577,2671984.0,2685.134,2.837991,,,,,,
1780434507.578,2672009.0,2683.056,2.837905,,,,,,
1780434507.631,2672034.0,2680.973,2.837821,,,,,,
1780434507.632,2672059.0,2678.952,2.837783,,,,,,
1780434507.695,2672084.0,2676.895,2.837755,,,,,,
1780434507.696,2672109.0,2674.872,2.83759,,,,,,
1780434507.696,2672134.0,2672.859,2.837421,,,,,,
1780434507.759,2672159.0,2670.636,2.837379,,,,,,
1780434507.760,2672184.0,2667.82,2.837319,,,,,,
1780434507.760,2672209.0,2665.042,2.83725,,,,,,
1780434507.822,2672234.0,2664.151,2.837195,,,,,,
1780434507.823,2672259.0,2663.278,2.837136,,,,,,
1780434507.886,2672284.0,2662.297,2.837108,,,,,,
1780434507.887,2672309.0,2660.559,2.83705,,,,,,
1780434507.887,2672334.0,2658.541,2.836947,,,,,,
1780434507.951,2672359.0,2656.342,2.836897,,,,,,
1780434507.952,2672384.0,2654.717,2.836869,,,,,,
1780434508.012,2672409.0,2654.028,2.836818,,,,,,
1780434508.012,2672434.0,2653.823,2.836816,,,,,,
1780434508.013,2672459.0,2652.995,2.836807,,,,,,
1780434508.077,2672484.0,2652.484,2.836831,,,,,,
1780434508.078,2672509.0,2650.982,2.836831,,,,,,
1780434508.127,2672534.0,2647.743,2.836769,,,,,,
1780434508.128,2672559.0,2643.593,2.836656,,,,,,
1780434508.204,2672584.0,2638.626,2.836592,,,,,,
1780434508.206,2672609.0,2633.565,2.836491,,,,,,
1780434508.207,2672634.0,2629.339,2.836401,,,,,,
1780434508.260,2672659.0,2624.914,2.836241,,,,,,
1780434508.260,2672684.0,2617.153,2.836098,,,,,,
1780434508.261,2672709.0,2607.54,2.83592,,,,,,
1780434508.315,2672734.0,2597.997,2.835786,,,,,,
1780434508.316,2672759.0,2587.101,2.835658,,,,,,
1780434508.380,2672784.0,2577.921,2.835482,,,,,,
1780434508.381,2672809.0,2571.834,2.835298,,,,,,
1780434508.445,2672834.0,2565.938,2.835123,,,,,,
1780434508.445,2672859.0,2557.2,2.83501,,,,,,
1780434508.446,2672884.0,2549.46,2.834861,,,,,,
1780434508.506,2672909.0,2544.197,2.834755,,,,,,
1780434508.506,2672934.0,2542.331,2.834671,,,,,,
1780434508.569,2672959.0,2538.358,2.83457,,,,,,
1780434508.570,2672984.0,2531.938,2.834357,,,,,,
1780434508.571,2673009.0,2532.009,2.834399,,,,,,
1780434508.633,2673034.0,2531.794,2.834463,,,,,,
1780434508.634,2673059.0,2531.644,2.834444,,,,,,
1780434508.635,2673084.0,2531.545,2.834409,,,,,,
1780434508.696,2673109.0,2531.468,2.834369,,,,,,
1780434508.696,2673134.0,2531.36,2.834401,,,,,,
1780434508.759,2673159.0,2531.274,2.834363,,,,,,
1780434508.760,2673184.0,2531.188,2.834388,,,,,,
1780434508.761,2673209.0,2531.117,2.834409,,,,,,
1780434508.824,2673234.0,2531.037,2.83437,,,,,,
1780434508.824,2673259.0,2531.006,2.834315,,,,,,
1780434508.887,2673284.0,2530.898,2.834284,,,,,,
1780434508.888,2673309.0,2530.822,2.834243,,,,,,
1780434508.889,2673334.0,2530.79,2.834252,,,,,,
1780434508.945,2673359.0,2530.724,2.834335,,,,,,
1780434508.946,2673384.0,2530.654,2.834356,,,,,,
1780434509.013,2673409.0,2530.561,2.834384,,,,,,
1780434509.014,2673434.0,2530.489,2.834342,,,,,,
1780434509.014,2673459.0,2530.445,2.834354,,,,,,
1780434509.080,2673484.0,2530.367,2.834377,,,,,,
1780434509.081,2673509.0,2530.291,2.8344,,,,,,
1780434509.145,2673534.0,2530.23,2.834355,,,,,,
1780434509.146,2673559.0,2530.189,2.834366,,,,,,
1780434509.146,2673584.0,2530.179,2.83437,,,,,,
1780434509.202,2673609.0,2530.144,2.83438,,,,,,
1780434509.204,2673634.0,2530.113,2.834326,,,,,,
1780434509.261,2673659.0,2530.026,2.834352,,,,,,
1780434509.262,2673684.0,2529.933,2.834316,,,,,,
1780434509.262,2673709.0,2529.919,2.83432,,,,,,
1780434509.329,2673734.0,2529.878,2.834268,,,,,,
1780434509.331,2673759.0,2529.857,2.834211,,,,,,
1780434509.395,2673784.0,2529.794,2.834166,,,,,,
1780434509.395,2673809.0,2529.717,2.834125,,,,,,
1780434509.396,2673834.0,2529.708,2.834064,,,,,,
1780434509.461,2673859.0,2529.655,2.834016,,,,,,
1780434509.461,2673884.0,2529.622,2.833962,,,,,,
1780434509.462,2673909.0,2529.582,2.834038,,,,,,
1780434509.528,2673934.0,2529.558,2.834044,,,,,,
1780434509.528,2673959.0,2529.58,2.834102,,,,,,
1780434509.594,2673984.0,2529.556,2.834173,,,,,,
1780434509.594,2674009.0,2529.492,2.834128,,,,,,
1780434509.595,2674034.0,2529.429,2.834211,,,,,,
1780434509.646,2674059.0,2529.393,2.834285,,,,,,
1780434509.647,2674084.0,2529.389,2.83435,,,,,,
1780434509.711,2674109.0,2529.32,2.834307,,,,,,
1780434509.711,2674134.0,2529.297,2.834314,,,,,,
1780434509.712,2674159.0,2529.229,2.83427,,,,,,
1780434509.761,2674184.0,2529.187,2.834282,,,,,,
1780434509.761,2674209.0,2529.174,2.83435,,,,,,
1780434509.820,2674234.0,2529.103,2.834371,,,,,,
1780434509.820,2674259.0,2529.066,2.834382,,,,,,
1780434509.884,2674284.0,2529.053,2.834322,,,,,,
1780434509.885,2674309.0,2529.019,2.834332,,,,,,
1780434509.885,2674334.0,2529.001,2.834337,,,,,,
1780434509.946,2674359.0,2528.954,2.834351,,,,,,
1780434509.947,2674384.0,2528.884,2.834309,,,,,,
1780434510.011,2674409.0,2528.851,2.834318,,,,,,
1780434510.012,2674434.0,2528.846,2.834256,,,,,,
1780434510.012,2674459.0,2528.847,2.834192,,,,,,
1780434510.074,2674484.0,2528.83,2.834197,,,,,,
1780434510.074,2674509.0,2528.718,2.83423,,,,,,
1780434510.147,2674534.0,2528.708,2.834297,,,,,,
1780434510.148,2674559.0,2528.665,2.83431,,,,,,
1780434510.149,2674584.0,2528.574,2.834273,,,,,,
1780434510.211,2674609.0,2528.561,2.834214,,,,,,
1780434510.211,2674634.0,2528.514,2.834291,,,,,,
1780434510.212,2674659.0,2528.508,2.834229,,,,,,
1780434510.263,2674684.0,2528.481,2.834237,,,,,,
1780434510.263,2674709.0,2528.431,2.834252,,,,,,
1780434510.330,2674734.0,2528.419,2.834256,,,,,,
1780434510.331,2674759.0,2528.379,2.834267,,,,,,
1780434510.395,2674784.0,2528.37,2.83427,,,,,,
1780434510.396,2674809.0,2528.348,2.834277,,,,,,
1780434510.397,2674834.0,2528.291,2.834294,,,,,,
1780434510.461,2674859.0,2528.229,2.834249,,,,,,
1780434510.463,2674884.0,2528.205,2.834256,,,,,,
1780434510.464,2674909.0,2528.202,2.834257,,,,,,
1780434510.528,2674934.0,2528.214,2.834253,,,,,,
1780434510.529,2674959.0,2528.147,2.834209,,,,,,
1780434510.594,2674984.0,2528.098,2.834224,,,,,,
1780434510.594,2675009.0,2528.093,2.834289,,,,,,
1780434510.595,2675034.0,2528.104,2.834286,,,,,,
1780434510.646,2675059.0,2528.114,2.834346,,,,,,
1780434510.647,2675084.0,2528.052,2.834364,,,,,,
1780434510.711,2675109.0,2528.008,2.834378,,,,,,
1780434510.712,2675134.0,2528.01,2.834378,,,,,,
1780434510.713,2675159.0,2527.996,2.834381,,,,,,
1780434510.778,2675184.0,2527.95,2.834331,,,,,,
1780434510.778,2675209.0,2527.878,2.834289,,,,,,
1780434510.844,2675234.0,2527.823,2.834242,,,,,,
1780434510.845,2675259.0,2527.779,2.834255,,,,,,
1780434510.845,2675284.0,2527.805,2.834184,,,,,,
1780434510.900,2675309.0,2527.794,2.834123,,,,,,
1780434510.901,2675334.0,2527.784,2.834126,,,,,,
1780434510.964,2675359.0,2527.741,2.834139,,,,,,
1780434510.965,2675384.0,2527.695,2.834089,,,,,,
1780434510.965,2675409.0,2527.704,2.834086,,,,,,
1780434511.029,2675434.0,2527.718,2.834082,,,,,,
1780434511.031,2675459.0,2527.675,2.834095,,,,,,
1780434511.095,2675484.0,2527.664,2.834162,,,,,,
1780434511.096,2675509.0,2527.611,2.834114,,,,,,
1780434511.096,2675534.0,2527.574,2.834125,,,,,,
1780434511.162,2675559.0,2527.601,2.834116,,,,,,
1780434511.164,2675584.0,2527.579,2.834123,,,,,,
1780434511.165,2675609.0,2527.537,2.834136,,,,,,
1780434511.228,2675634.0,2527.521,2.83414,,,,,,
1780434511.229,2675659.0,2527.474,2.834154,,,,,,
1780434511.293,2675684.0,2527.445,2.834163,,,,,,
1780434511.295,2675709.0,2527.372,2.834248,,,,,,
1780434511.296,2675734.0,2527.319,2.834264,,,,,,
1780434511.359,2675759.0,2527.321,2.834264,,,,,,
1780434511.360,2675784.0,2527.309,2.834267,,,,,,
1780434511.361,2675809.0,2527.31,2.834267,,,,,,
1780434511.411,2675834.0,2527.324,2.834326,,,,,,
1780434511.412,2675859.0,2527.321,2.834327,,,,,,
1780434511.478,2675884.0,2527.325,2.834262,,,,,,
1780434511.478,2675909.0,2527.289,2.834337,,,,,,
1780434511.546,2675934.0,2527.263,2.834344,,,,,,
1780434511.548,2675959.0,2527.275,2.834341,,,,,,
1780434511.549,2675984.0,2527.199,2.8343,,,,,,
1780434511.609,2676009.0,2527.199,2.8343,,,,,,
1780434511.610,2676034.0,2527.176,2.834306,,,,,,
1780434511.610,2676059.0,2527.135,2.834255,,,,,,
1780434511.677,2676084.0,2527.096,2.834267,,,,,,
1780434511.678,2676109.0,2527.083,2.83427,,,,,,
1780434511.743,2676134.0,2527.032,2.834285,,,,,,
1780434511.744,2676159.0,2527.045,2.834281,,,,,,
1780434511.744,2676184.0,2527.045,2.834281,,,,,,
1780434511.811,2676209.0,2527.001,2.834294,,,,,,
1780434511.812,2676234.0,2526.987,2.834299,,,,,,
1780434511.813,2676259.0,2526.927,2.834253,,,,,,
1780434511.898,2676284.0,2526.857,2.834274,,,,,,
1780434511.899,2676309.0,2526.835,2.834217,,,,,,
1780434511.899,2676334.0,2526.863,2.834272,,,,,,
1780434511.970,2676359.0,2526.882,2.834266,,,,,,
1780434511.972,2676384.0,2526.833,2.834281,,,,,,
1780434511.973,2676409.0,2526.821,2.834221,,,,,,
1780434512.046,2676434.0,2526.768,2.834237,,,,,,
1780434512.048,2676459.0,2526.749,2.834242,,,,,,
1780434512.049,2676484.0,2526.777,2.834234,,,,,,
1780434512.129,2676509.0,2526.826,2.83422,,,,,,
1780434512.130,2676534.0,2526.808,2.834288,,,,,,
1780434512.131,2676559.0,2526.79,2.834294,,,,,,
1780434512.232,2676584.0,2526.748,2.834243,,,,,,
1780434512.234,2676609.0,2526.751,2.834242,,,,,,
1780434512.235,2676634.0,2526.788,2.834231,,,,,,
1780434512.236,2676659.0,2526.781,2.834233,,,,,,
1780434512.237,2676684.0,2526.771,2.834236,,,,,,
1780434512.311,2676709.0,2526.751,2.834178,,,,,,
1780434512.311,2676734.0,2526.735,2.834119,,,,,,
1780434512.312,2676759.0,2526.742,2.834117,,,,,,
1780434512.379,2676784.0,2526.779,2.834106,,,,,,
1780434512.381,2676809.0,2526.753,2.834114,,,,,,
1780434512.480,2676834.0,2526.74,2.834118,,,,,,
1780434512.482,2676859.0,2526.743,2.834117,,,,,,
1780434512.483,2676884.0,2526.735,2.834183,,,,,,
1780434512.484,2676909.0,2526.711,2.83419,,,,,,
1780434512.485,2676934.0,2526.712,2.83419,,,,,,
1780434512.596,2676959.0,2526.731,2.834121,,,,,,
1780434512.597,2676984.0,2526.719,2.834124,,,,,,
1780434512.599,2677009.0,2526.719,2.834124,,,,,,
1780434512.600,2677034.0,2526.676,2.834073,,,,,,
1780434512.678,2677059.0,2526.635,2.834086,,,,,,
1780434512.679,2677084.0,2526.606,2.83403,,,,,,
1780434512.680,2677109.0,2526.572,2.83404,,,,,,
1780434512.763,2677134.0,2526.547,2.834048,,,,,,
1780434512.765,2677159.0,2526.562,2.83398,,,,,,
1780434512.766,2677184.0,2526.518,2.833993,,,,,,
1780434512.768,2677209.0,2526.479,2.833941,,,,,,
1780434512.847,2677234.0,2526.498,2.833935,,,,,,
1780434512.849,2677259.0,2526.518,2.833929,,,,,,
1780434512.851,2677284.0,2526.495,2.833999,,,,,,
1780434512.945,2677309.0,2526.495,2.833999,,,,,,
1780434512.947,2677334.0,2526.517,2.833993,,,,,,
1780434512.947,2677359.0,2526.498,2.834062,,,,,,
1780434512.948,2677384.0,2526.487,2.834066,,,,,,
1780434513.012,2677409.0,2526.507,2.834059,,,,,,
1780434513.014,2677434.0,2526.417,2.834086,,,,,,
1780434513.015,2677459.0,2526.421,2.834085,,,,,,
1780434513.099,2677484.0,2526.389,2.834095,,,,,,
1780434513.100,2677509.0,2526.353,2.834105,,,,,,
1780434513.102,2677534.0,2526.314,2.834117,,,,,,
1780434513.179,2677559.0,2526.28,2.834127,,,,,,
1780434513.180,2677584.0,2526.246,2.834073,,,,,,
1780434513.181,2677609.0,2526.235,2.834077,,,,,,
1780434513.262,2677634.0,2526.197,2.834088,,,,,,
1780434513.264,2677659.0,2526.159,2.834099,,,,,,
1780434513.265,2677684.0,2526.168,2.834096,,,,,,
1780434513.266,2677709.0,2526.128,2.834108,,,,,,
1780434513.363,2677734.0,2526.013,2.834143,,,,,,
1780434513.364,2677759.0,2525.962,2.834158,,,,,,
1780434513.366,2677784.0,2525.912,2.834109,,,,,,
1780434513.367,2677809.0,2525.896,2.834114,,,,,,
1780434513.444,2677834.0,2525.857,2.834126,,,,,,
1780434513.444,2677859.0,2525.817,2.834137,,,,,,
1780434513.445,2677884.0,2525.731,2.834163,,,,,,
1780434513.492,2677909.0,2525.633,2.834192,,,,,,
1780434513.493,2677934.0,2525.584,2.834206,,,,,,
1780434513.543,2677959.0,2525.588,2.834205,,,,,,
1780434513.543,2677984.0,2525.551,2.834216,,,,,,
1780434513.609,2678009.0,2525.512,2.834228,,,,,,
1780434513.610,2678034.0,2525.451,2.834246,,,,,,
1780434513.611,2678059.0,2525.355,2.834274,,,,,,
1780434513.698,2678084.0,2525.294,2.834292,,,,,,
1780434513.699,2678109.0,2525.249,2.834306,,,,,,
1780434513.700,2678134.0,2525.252,2.834241,,,,,,
1780434513.795,2678159.0,2525.277,2.834234,,,,,,
1780434513.797,2678184.0,2525.247,2.834243,,,,,,
1780434513.798,2678209.0,2525.208,2.834254,,,,,,
1780434513.799,2678234.0,2525.175,2.834264,,,,,,
1780434513.897,2678259.0,2525.131,2.834277,,,,,,
1780434513.898,2678284.0,2525.106,2.834221,,,,,,
1780434513.899,2678309.0,2525.112,2.834219,,,,,,
1780434513.900,2678334.0,2525.115,2.834155,,,,,,
1780434513.996,2678359.0,2525.08,2.834165,,,,,,
1780434513.997,2678384.0,2525.062,2.834171,,,,,,
1780434513.999,2678409.0,2524.992,2.834191,,,,,,
1780434514.000,2678434.0,2524.985,2.834193,,,,,,
1780434514.096,2678459.0,2524.959,2.834201,,,,,,
1780434514.097,2678484.0,2524.921,2.834212,,,,,,
1780434514.099,2678509.0,2524.866,2.834229,,,,,,
1780434514.100,2678534.0,2524.846,2.834171,,,,,,
1780434514.196,2678559.0,2524.822,2.834178,,,,,,
1780434514.198,2678584.0,2524.786,2.834189,,,,,,
1780434514.199,2678609.0,2524.764,2.834131,,,,,,
1780434514.200,2678634.0,2524.754,2.834135,,,,,,
1780434514.294,2678659.0,2524.68,2.834157,,,,,,
1780434514.295,2678684.0,2524.705,2.834149,,,,,,
1780434514.296,2678709.0,2524.683,2.834156,,,,,,
1780434514.296,2678734.0,2524.697,2.834152,,,,,,
1780434514.359,2678759.0,2524.698,2.834151,,,,,,
1780434514.359,2678784.0,2524.71,2.834148,,,,,,
1780434514.359,2678809.0,2524.701,2.83415,,,,,,
1780434514.410,2678834.0,2524.649,2.834166,,,,,,
1780434514.411,2678859.0,2524.602,2.834116,,,,,,
1780434514.480,2678884.0,2524.612,2.834113,,,,,,
1780434514.480,2678909.0,2524.598,2.834117,,,,,,
1780434514.546,2678934.0,2524.634,2.834107,,,,,,
1780434514.546,2678959.0,2524.645,2.834103,,,,,,
1780434514.547,2678984.0,2524.698,2.834087,,,,,,
1780434514.607,2679009.0,2524.629,2.834108,,,,,,
1780434514.608,2679034.0,2524.615,2.834112,,,,,,
1780434514.609,2679059.0,2524.576,2.83406,,,,,,
1780434514.677,2679084.0,2524.572,2.833998,,,,,,
1780434514.678,2679109.0,2524.605,2.833988,,,,,,
1780434514.744,2679134.0,2524.64,2.834041,,,,,,
1780434514.745,2679159.0,2524.668,2.834033,,,,,,
1780434514.746,2679184.0,2524.653,2.834037,,,,,,
1780434514.811,2679209.0,2524.627,2.834045,,,,,,
1780434514.812,2679234.0,2524.585,2.834057,,,,,,
1780434514.812,2679259.0,2524.555,2.834066,,,,,,
1780434514.877,2679284.0,2524.599,2.83399,,,,,,
1780434514.878,2679309.0,2524.625,2.833982,,,,,,
1780434514.962,2679334.0,2524.651,2.833974,,,,,,
1780434514.964,2679359.0,2524.637,2.833979,,,,,,
1780434514.965,2679384.0,2524.577,2.833996,,,,,,
1780434514.966,2679409.0,2524.548,2.834005,,,,,,
1780434515.061,2679434.0,2524.495,2.834021,,,,,,
1780434515.062,2679459.0,2524.496,2.834021,,,,,,
1780434515.063,2679484.0,2524.511,2.834016,,,,,,
1780434515.063,2679509.0,2524.528,2.834011,,,,,,
1780434515.126,2679534.0,2524.547,2.834069,,,,,,
1780434515.127,2679559.0,2524.558,2.834002,,,,,,
1780434515.212,2679584.0,2524.517,2.834078,,,,,,
1780434515.214,2679609.0,2524.496,2.834084,,,,,,
1780434515.215,2679634.0,2524.452,2.834097,,,,,,
1780434515.216,2679659.0,2524.495,2.834084,,,,,,
1780434515.291,2679684.0,2524.501,2.834082,,,,,,
1780434515.293,2679709.0,2524.524,2.834075,,,,,,
1780434515.295,2679734.0,2524.505,2.834081,,,,,,
1780434515.396,2679759.0,2524.508,2.83408,,,,,,
1780434515.398,2679784.0,2524.484,2.834087,,,,,,
1780434515.399,2679809.0,2524.493,2.834085,,,,,,
1780434515.400,2679834.0,2524.456,2.834096,,,,,,
1780434515.495,2679859.0,2524.486,2.834087,,,,,,
1780434515.496,2679884.0,2524.485,2.834087,,,,,,
1780434515.497,2679909.0,2524.484,2.834087,,,,,,
1780434515.498,2679934.0,2524.49,2.834022,,,,,,
1780434515.578,2679959.0,2524.491,2.834022,,,,,,
1780434515.579,2679984.0,2524.473,2.834027,,,,,,
1780434515.580,2680009.0,2524.457,2.834032,,,,,,
1780434515.680,2680034.0,2524.439,2.834037,,,,,,
1780434515.681,2680059.0,2524.463,2.833967,,,,,,
1780434515.683,2680084.0,2524.528,2.833884,,,,,,
1780434515.684,2680109.0,2524.512,2.833952,,,,,,
1780434515.685,2680134.0,2524.491,2.833958,,,,,,
1780434515.797,2680159.0,2524.468,2.833965,,,,,,
1780434515.799,2680184.0,2524.432,2.833976,,,,,,
1780434515.800,2680209.0,2524.409,2.833982,,,,,,
1780434515.801,2680234.0,2524.416,2.83398,,,,,,
1780434515.875,2680259.0,2524.479,2.833962,,,,,,
1780434515.876,2680284.0,2524.483,2.833961,,,,,,
1780434515.876,2680309.0,2524.499,2.834019,,,,,,
1780434515.962,2680334.0,2524.488,2.834086,,,,,,
1780434515.964,2680359.0,2524.429,2.834104,,,,,,
1780434515.965,2680384.0,2524.394,2.834051,,,,,,
1780434515.966,2680409.0,2524.355,2.834062,,,,,,
1780434516.064,2680434.0,2524.372,2.834057,,,,,,
1780434516.065,2680459.0,2524.38,2.834055,,,,,,
1780434516.066,2680484.0,2524.427,2.834041,,,,,,
1780434516.066,2680509.0,2524.436,2.833975,,,,,,
1780434516.143,2680534.0,2524.392,2.834051,,,,,,
1780434516.144,2680559.0,2524.38,2.834055,,,,,,
1780434516.145,2680584.0,2524.352,2.834063,,,,,,
1780434516.211,2680609.0,2524.317,2.834074,,,,,,
1780434516.212,2680634.0,2524.347,2.834064,,,,,,
1780434516.213,2680659.0,2524.355,2.834062,,,,,,
1780434516.277,2680684.0,2524.372,2.834057,,,,,,
1780434516.279,2680709.0,2524.351,2.834063,,,,,,
1780434516.358,2680734.0,2524.323,2.834071,,,,,,
1780434516.360,2680759.0,2524.303,2.834078,,,,,,
1780434516.361,2680784.0,2524.283,2.834084,,,,,,
1780434516.362,2680809.0,2524.239,2.83416,,,,,,
1780434516.461,2680834.0,2524.26,2.834154,,,,,,
1780434516.463,2680859.0,2524.284,2.834147,,,,,,
1780434516.464,2680884.0,2524.327,2.834134,,,,,,
1780434516.465,2680909.0,2524.303,2.834141,,,,,,
1780434516.562,2680934.0,2524.321,2.834136,,,,,,
1780434516.564,2680959.0,2524.286,2.834146,,,,,,
1780434516.566,2680984.0,2524.271,2.834151,,,,,,
1780434516.567,2681009.0,2524.23,2.834163,,,,,,
1780434516.644,2681034.0,2524.255,2.834155,,,,,,
1780434516.645,2681059.0,2524.247,2.834158,,,,,,
1780434516.645,2681084.0,2524.24,2.83416,,,,,,
1780434516.722,2681109.0,2524.2,2.834172,,,,,,
1780434516.723,2681134.0,2524.185,2.834176,,,,,,
1780434516.724,2681159.0,2524.161,2.834183,,,,,,
1780434516.783,2681184.0,2524.136,2.834254,,,,,,
1780434516.784,2681209.0,2524.16,2.834247,,,,,,
1780434516.785,2681234.0,2524.2,2.834235,,,,,,
1780434516.880,2681259.0,2524.24,2.834224,,,,,,
1780434516.881,2681284.0,2524.266,2.834216,,,,,,
1780434516.882,2681309.0,2524.238,2.834288,,,,,,
1780434516.978,2681334.0,2524.165,2.834373,,,,,,
1780434516.979,2681359.0,2524.161,2.834374,,,,,,
1780434516.980,2681384.0,2524.151,2.834377,,,,,,
1780434516.981,2681409.0,2524.175,2.83437,,,,,,
1780434517.062,2681434.0,2524.159,2.834374,,,,,,
1780434517.064,2681459.0,2524.159,2.834375,,,,,,
1780434517.065,2681484.0,2524.097,2.834393,,,,,,
1780434517.066,2681509.0,2524.083,2.834397,,,,,,
1780434517.159,2681534.0,2524.053,2.834406,,,,,,
1780434517.160,2681559.0,2524.054,2.834406,,,,,,
1780434517.160,2681584.0,2524.018,2.834353,,,,,,
1780434517.161,2681609.0,2524.086,2.834333,,,,,,
1780434517.246,2681634.0,2524.096,2.83433,,,,,,
1780434517.248,2681659.0,2524.14,2.834253,,,,,,
1780434517.249,2681684.0,2524.13,2.834256,,,,,,
1780434517.345,2681709.0,2524.1,2.834201,,,,,,
1780434517.346,2681734.0,2524.077,2.834208,,,,,,
1780434517.347,2681759.0,2524.063,2.834276,,,,,,
1780434517.349,2681784.0,2524.031,2.834285,,,,,,
1780434517.462,2681809.0,2524.056,2.834278,,,,,,
1780434517.463,2681834.0,2524.082,2.834207,,,,,,
1780434517.465,2681859.0,2524.148,2.834187,,,,,,
1780434517.466,2681884.0,2524.156,2.834185,,,,,,
1780434517.467,2681909.0,2524.144,2.834188,,,,,,
1780434517.550,2681934.0,2524.119,2.834196,,,,,,
1780434517.551,2681959.0,2524.099,2.834202,,,,,,
1780434517.553,2681984.0,2524.102,2.834201,,,,,,
1780434517.645,2682009.0,2524.118,2.834196,,,,,,
1780434517.646,2682034.0,2524.139,2.834126,,,,,,
1780434517.647,2682059.0,2524.145,2.834125,,,,,,
1780434517.648,2682084.0,2524.135,2.834128,,,,,,
1780434517.727,2682109.0,2524.11,2.834135,,,,,,
1780434517.728,2682134.0,2524.078,2.834144,,,,,,
1780434517.729,2682159.0,2524.063,2.834149,,,,,,
1780434517.805,2682184.0,2524.031,2.834158,,,,,,
1780434517.807,2682209.0,2524.04,2.834156,,,,,,
1780434517.809,2682234.0,2524.089,2.834141,,,,,,
1780434517.810,2682259.0,2524.131,2.834065,,,,,,
1780434517.911,2682284.0,2524.104,2.834073,,,,,,
1780434517.913,2682309.0,2524.081,2.83408,,,,,,
1780434517.915,2682334.0,2524.106,2.834072,,,,,,
1780434517.916,2682359.0,2524.099,2.834074,,,,,,
1780434518.029,2682384.0,2524.082,2.83408,,,,,,
1780434518.031,2682409.0,2524.077,2.834081,,,,,,
1780434518.032,2682434.0,2524.091,2.834077,,,,,,
1780434518.034,2682459.0,2524.057,2.834087,,,,,,
1780434518.035,2682484.0,2524.017,2.834099,,,,,,
1780434518.126,2682509.0,2523.984,2.834108,,,,,,
1780434518.127,2682534.0,2523.975,2.834111,,,,,,
1780434518.127,2682559.0,2523.961,2.834115,,,,,,
1780434518.192,2682584.0,2523.991,2.834106,,,,,,
1780434518.193,2682609.0,2524.01,2.834101,,,,,,
1780434518.194,2682634.0,2524.037,2.834093,,,,,,
1780434518.241,2682659.0,2524.028,2.834032,,,,,,
1780434518.242,2682684.0,2524.037,2.834029,,,,,,
1780434518.309,2682709.0,2524.04,2.833965,,,,,,
1780434518.310,2682734.0,2524.069,2.833956,,,,,,
1780434518.310,2682759.0,2523.999,2.833913,,,,,,
1780434518.378,2682784.0,2523.978,2.83392,,,,,,
1780434518.379,2682809.0,2523.959,2.833925,,,,,,
1780434518.442,2682834.0,2524.021,2.833971,,,,,,
1780434518.442,2682859.0,2523.985,2.833982,,,,,,
1780434518.443,2682884.0,2523.982,2.833982,,,,,,
1780434518.509,2682909.0,2523.957,2.834053,,,,,,
1780434518.510,2682934.0,2523.939,2.834059,,,,,,
1780434518.511,2682959.0,2523.921,2.834127,,,,,,
1780434518.576,2682984.0,2523.933,2.83406,,,,,,
1780434518.577,2683009.0,2523.976,2.833984,,,,,,
1780434518.659,2683034.0,2523.932,2.833997,,,,,,
1780434518.660,2683059.0,2523.926,2.833999,,,,,,
1780434518.660,2683084.0,2523.916,2.834065,,,,,,
1780434518.661,2683109.0,2523.864,2.834081,,,,,,
1780434518.726,2683134.0,2523.829,2.834091,,,,,,
1780434518.727,2683159.0,2523.82,2.834094,,,,,,
1780434518.809,2683184.0,2523.868,2.83408,,,,,,
1780434518.810,2683209.0,2523.863,2.834081,,,,,,
1780434518.811,2683234.0,2523.846,2.834086,,,,,,
1780434518.812,2683259.0,2523.832,2.83409,,,,,,
1780434518.880,2683284.0,2523.771,2.834108,,,,,,
1780434518.881,2683309.0,2523.759,2.834112,,,,,,
1780434518.962,2683334.0,2523.757,2.834112,,,,,,
1780434518.963,2683359.0,2523.763,2.83411,,,,,,
1780434518.963,2683384.0,2523.743,2.834117,,,,,,
1780434518.964,2683409.0,2523.756,2.834113,,,,,,
1780434519.026,2683434.0,2523.738,2.834118,,,,,,
1780434519.028,2683459.0,2523.758,2.834049,,,,,,
1780434519.127,2683484.0,2523.727,2.834058,,,,,,
1780434519.129,2683509.0,2523.715,2.834125,,,,,,
1780434519.130,2683534.0,2523.695,2.834131,,,,,,
1780434519.131,2683559.0,2523.703,2.834128,,,,,,
1780434519.228,2683584.0,2523.694,2.834131,,,,,,
1780434519.229,2683609.0,2523.698,2.83413,,,,,,
1780434519.231,2683634.0,2523.685,2.834134,,,,,,
1780434519.232,2683659.0,2523.701,2.834129,,,,,,
1780434519.327,2683684.0,2523.727,2.834121,,,,,,
1780434519.328,2683709.0,2523.732,2.83412,,,,,,
1780434519.330,2683734.0,2523.703,2.834128,,,,,,
1780434519.331,2683759.0,2523.678,2.834136,,,,,,
1780434519.392,2683784.0,2523.662,2.834141,,,,,,
1780434519.393,2683809.0,2523.646,2.834145,,,,,,
1780434519.393,2683834.0,2523.617,2.834154,,,,,,
1780434519.461,2683859.0,2523.61,2.834156,,,,,,
1780434519.463,2683884.0,2523.594,2.834161,,,,,,
1780434519.464,2683909.0,2523.591,2.834225,,,,,,
1780434519.577,2683934.0,2523.586,2.834227,,,,,,
1780434519.580,2683959.0,2523.627,2.834278,,,,,,
1780434519.581,2683984.0,2523.646,2.834273,,,,,,
1780434519.582,2684009.0,2523.668,2.834266,,,,,,
1780434519.660,2684034.0,2523.677,2.834264,,,,,,
1780434519.661,2684059.0,2523.664,2.834267,,,,,,
1780434519.662,2684084.0,2523.584,2.834291,,,,,,
1780434519.663,2684109.0,2523.591,2.834289,,,,,,
1780434519.761,2684134.0,2523.582,2.834228,,,,,,
1780434519.762,2684159.0,2523.595,2.834224,,,,,,
1780434519.764,2684184.0,2523.586,2.834227,,,,,,
1780434519.765,2684209.0,2523.601,2.834223,,,,,,
1780434519.877,2684234.0,2523.571,2.834295,,,,,,
1780434519.878,2684259.0,2523.55,2.834364,,,,,,
1780434519.880,2684284.0,2523.583,2.834355,,,,,,
1780434519.883,2684309.0,2523.592,2.834352,,,,,,
1780434519.994,2684334.0,2523.591,2.834352,,,,,,
1780434519.995,2684359.0,2523.599,2.83435,,,,,,
1780434519.997,2684384.0,2523.604,2.834348,,,,,,
1780434519.998,2684409.0,2523.614,2.834346,,,,,,
1780434520.000,2684434.0,2523.597,2.834287,,,,,,
1780434520.094,2684459.0,2523.59,2.834226,,,,,,
1780434520.095,2684484.0,2523.572,2.834231,,,,,,
1780434520.096,2684509.0,2523.56,2.834235,,,,,,
1780434520.098,2684534.0,2523.625,2.834279,,,,,,
1780434520.175,2684559.0,2523.621,2.83428,,,,,,
1780434520.176,2684584.0,2523.615,2.834219,,,,,,
1780434520.177,2684609.0,2523.591,2.834226,,,,,,
1780434520.279,2684634.0,2523.608,2.83422,,,,,,
1780434520.281,2684659.0,2523.602,2.834222,,,,,,
1780434520.282,2684684.0,2523.606,2.834221,,,,,,
1780434520.283,2684709.0,2523.562,2.834297,,,,,,
1780434520.284,2684734.0,2523.555,2.8343,,,,,,
1780434520.379,2684759.0,2523.554,2.8343,,,,,,
1780434520.381,2684784.0,2523.582,2.834292,,,,,,
1780434520.382,2684809.0,2523.568,2.834296,,,,,,
1780434520.495,2684834.0,2523.559,2.834298,,,,,,
1780434520.496,2684859.0,2523.547,2.834302,,,,,,
1780434520.497,2684884.0,2523.574,2.834294,,,,,,
1780434520.499,2684909.0,2523.567,2.834296,,,,,,
1780434520.500,2684934.0,2523.509,2.834313,,,,,,
1780434520.577,2684959.0,2523.515,2.834248,,,,,,
1780434520.578,2684984.0,2523.52,2.834247,,,,,,
1780434520.579,2685009.0,2523.555,2.834236,,,,,,
1780434520.676,2685034.0,2523.539,2.834241,,,,,,
1780434520.677,2685059.0,2523.552,2.834237,,,,,,
1780434520.678,2685084.0,2523.582,2.834228,,,,,,
1780434520.678,2685109.0,2523.549,2.834238,,,,,,
1780434520.755,2685134.0,2523.529,2.834243,,,,,,
1780434520.757,2685159.0,2523.551,2.834237,,,,,,
1780434520.757,2685184.0,2523.566,2.834232,,,,,,
1780434520.824,2685209.0,2523.506,2.834187,,,,,,
1780434520.824,2685234.0,2523.484,2.834193,,,,,,
1780434520.825,2685259.0,2523.495,2.834254,,,,,,
1780434520.893,2685284.0,2523.499,2.834252,,,,,,
1780434520.894,2685309.0,2523.489,2.834255,,,,,,
1780434520.894,2685334.0,2523.514,2.834248,,,,,,
1780434520.947,2685359.0,2523.495,2.834254,,,,,,
1780434520.949,2685384.0,2523.497,2.834253,,,,,,
1780434521.010,2685409.0,2523.51,2.834249,,,,,,
1780434521.012,2685434.0,2523.531,2.834243,,,,,,
1780434521.013,2685459.0,2523.512,2.834248,,,,,,
1780434521.078,2685484.0,2523.517,2.834247,,,,,,
1780434521.080,2685509.0,2523.494,2.834254,,,,,,
1780434521.159,2685534.0,2523.523,2.834182,,,,,,
1780434521.160,2685559.0,2523.501,2.834188,,,,,,
1780434521.161,2685584.0,2523.462,2.8342,,,,,,
1780434521.161,2685609.0,2523.486,2.834193,,,,,,
1780434521.227,2685634.0,2523.493,2.834127,,,,,,
1780434521.227,2685659.0,2523.463,2.834136,,,,,,
1780434521.311,2685684.0,2523.441,2.834206,,,,,,
1780434521.312,2685709.0,2523.468,2.834262,,,,,,
1780434521.313,2685734.0,2523.506,2.834251,,,,,,
1780434521.314,2685759.0,2523.511,2.834249,,,,,,
1780434521.388,2685784.0,2523.485,2.834257,,,,,,
1780434521.390,2685809.0,2523.524,2.834245,,,,,,
1780434521.392,2685834.0,2523.532,2.834306,,,,,,
1780434521.495,2685859.0,2523.545,2.834303,,,,,,
1780434521.498,2685884.0,2523.559,2.834299,,,,,,
1780434521.499,2685909.0,2523.555,2.834236,,,,,,
1780434521.501,2685934.0,2523.548,2.834238,,,,,,
1780434521.576,2685959.0,2523.564,2.834233,,,,,,
1780434521.577,2685984.0,2523.57,2.834232,,,,,,
1780434521.578,2686009.0,2523.551,2.834237,,,,,,
1780434521.649,2686034.0,2523.565,2.834233,,,,,,
1780434521.650,2686059.0,2523.596,2.83416,,,,,,
1780434521.652,2686084.0,2523.617,2.834154,,,,,,
1780434521.761,2686109.0,2523.627,2.834151,,,,,,
1780434521.763,2686134.0,2523.647,2.834145,,,,,,
1780434521.764,2686159.0,2523.613,2.834155,,,,,,
1780434521.765,2686184.0,2523.637,2.834085,,,,,,
1780434521.766,2686209.0,2523.617,2.83409,,,,,,
1780434521.844,2686234.0,2523.634,2.834085,,,,,,
1780434521.846,2686259.0,2523.615,2.834027,,,,,,
1780434521.847,2686284.0,2523.646,2.834018,,,,,,
1780434521.943,2686309.0,2523.638,2.83402,,,,,,
1780434521.944,2686334.0,2523.615,2.834027,,,,,,
1780434521.944,2686359.0,2523.672,2.833947,,,,,,
1780434521.945,2686384.0,2523.669,2.833884,,,,,,
1780434522.014,2686409.0,2523.647,2.833891,,,,,,
1780434522.015,2686434.0,2523.608,2.833902,,,,,,
1780434522.015,2686459.0,2523.623,2.833961,,,,,,
1780434522.081,2686484.0,2523.622,2.833898,,,,,,
1780434522.083,2686509.0,2523.657,2.833888,,,,,,
1780434522.176,2686534.0,2523.683,2.833817,,,,,,
1780434522.176,2686559.0,2523.699,2.833812,,,,,,
1780434522.177,2686584.0,2523.691,2.833814,,,,,,
1780434522.178,2686609.0,2523.656,2.833825,,,,,,
1780434522.242,2686634.0,2523.65,2.83389,,,,,,
1780434522.242,2686659.0,2523.611,2.833901,,,,,,
1780434522.243,2686684.0,2523.628,2.833896,,,,,,
1780434522.327,2686709.0,2523.65,2.833827,,,,,,
1780434522.328,2686734.0,2523.677,2.833818,,,,,,
1780434522.328,2686759.0,2523.67,2.833821,,,,,,
1780434522.404,2686784.0,2523.641,2.833893,,,,,,
1780434522.408,2686809.0,2523.59,2.833908,,,,,,
1780434522.409,2686834.0,2523.616,2.8339,,,,,,
1780434522.410,2686859.0,2523.571,2.833913,,,,,,
1780434522.477,2686884.0,2523.546,2.833984,,,,,,
1780434522.478,2686909.0,2523.589,2.833972,,,,,,
1780434522.575,2686934.0,2523.597,2.833969,,,,,,
1780434522.577,2686959.0,2523.591,2.833971,,,,,,
1780434522.578,2686984.0,2523.569,2.833977,,,,,,
1780434522.579,2687009.0,2523.591,2.833907,,,,,,
1780434522.659,2687034.0,2523.591,2.833907,,,,,,
1780434522.660,2687059.0,2523.51,2.833931,,,,,,
1780434522.661,2687084.0,2523.469,2.833943,,,,,,
1780434522.662,2687109.0,2523.468,2.833944,,,,,,
1780434522.741,2687134.0,2523.461,2.833882,,,,,,
1780434522.743,2687159.0,2523.493,2.833873,,,,,,
1780434522.744,2687184.0,2523.533,2.833861,,,,,,
1780434522.843,2687209.0,2523.504,2.833869,,,,,,
1780434522.845,2687234.0,2523.484,2.833875,,,,,,
1780434522.846,2687259.0,2523.467,2.833817,,,,,,
1780434522.847,2687284.0,2523.422,2.83383,,,,,,
1780434522.944,2687309.0,2523.386,2.833904,,,,,,
1780434522.945,2687334.0,2523.377,2.833907,,,,,,
1780434522.946,2687359.0,2523.394,2.833838,,,,,,
1780434522.947,2687384.0,2523.372,2.833845,,,,,,
1780434523.029,2687409.0,2523.412,2.83377,,,,,,
1780434523.031,2687434.0,2523.388,2.83384,,,,,,
1780434523.032,2687459.0,2523.375,2.833908,,,,,,
1780434523.107,2687484.0,2523.327,2.833922,,,,,,
1780434523.107,2687509.0,2523.32,2.833988,,,,,,
1780434523.108,2687534.0,2523.266,2.834004,,,,,,
1780434523.108,2687559.0,2523.278,2.834,,,,,,
1780434523.198,2687584.0,2523.297,2.833995,,,,,,
1780434523.199,2687609.0,2523.273,2.834065,,,,,,
1780434523.201,2687634.0,2523.276,2.834128,,,,,,
1780434523.292,2687659.0,2523.275,2.834128,,,,,,
1780434523.292,2687684.0,2523.269,2.83413,,,,,,
1780434523.293,2687709.0,2523.263,2.834132,,,,,,
1780434523.293,2687734.0,2523.18,2.83422,,,,,,
1780434523.359,2687759.0,2523.144,2.834231,,,,,,
1780434523.360,2687784.0,2523.153,2.834291,,,,,,
1780434523.361,2687809.0,2523.176,2.834285,,,,,,
1780434523.425,2687834.0,2523.207,2.834275,,,,,,
1780434523.426,2687859.0,2523.245,2.834201,,,,,,
1780434523.492,2687884.0,2523.221,2.834208,,,,,,
1780434523.494,2687909.0,2523.196,2.834215,,,,,,
1780434523.495,2687934.0,2523.159,2.834226,,,,,,
1780434523.574,2687959.0,2523.14,2.834295,,,,,,
1780434523.574,2687984.0,2523.094,2.834309,,,,,,
1780434523.575,2688009.0,2523.119,2.834301,,,,,,
1780434523.663,2688034.0,2523.149,2.834293,,,,,,
1780434523.665,2688059.0,2523.186,2.834282,,,,,,
1780434523.666,2688084.0,2523.208,2.834275,,,,,,
1780434523.667,2688109.0,2523.248,2.834263,,,,,,
1780434523.742,2688134.0,2523.288,2.834188,,,,,,
1780434523.744,2688159.0,2523.222,2.834208,,,,,,
1780434523.745,2688184.0,2523.218,2.834208,,,,,,
1780434523.809,2688209.0,2523.206,2.834149,,,,,,
1780434523.811,2688234.0,2523.241,2.834138,,,,,,
1780434523.812,2688259.0,2523.228,2.834206,,,,,,
1780434523.890,2688284.0,2523.234,2.834204,,,,,,
1780434523.890,2688309.0,2523.307,2.834119,,,,,,
1780434523.891,2688334.0,2523.308,2.834119,,,,,,
1780434523.940,2688359.0,2523.293,2.83406,,,,,,
1780434523.941,2688384.0,2523.252,2.834135,,,,,,
1780434523.990,2688409.0,2523.217,2.834209,,,,,,
1780434523.991,2688434.0,2523.189,2.834217,,,,,,
1780434524.077,2688459.0,2523.233,2.834141,,,,,,
1780434524.079,2688484.0,2523.255,2.834135,,,,,,
1780434524.080,2688509.0,2523.266,2.834131,,,,,,
1780434524.176,2688534.0,2523.289,2.834124,,,,,,
1780434524.177,2688559.0,2523.277,2.834128,,,,,,
1780434524.179,2688584.0,2523.288,2.834125,,,,,,
1780434524.180,2688609.0,2523.293,2.834187,,,,,,
1780434524.258,2688634.0,2523.264,2.834132,,,,,,
1780434524.259,2688659.0,2523.234,2.834204,,,,,,
1780434524.260,2688684.0,2523.276,2.834192,,,,,,
1780434524.260,2688709.0,2523.307,2.834183,,,,,,
1780434524.323,2688734.0,2523.341,2.834109,,,,,,
1780434524.325,2688759.0,2523.353,2.834105,,,,,,
1780434524.391,2688784.0,2523.39,2.834031,,,,,,
1780434524.392,2688809.0,2523.405,2.834026,,,,,,
1780434524.392,2688834.0,2523.373,2.834036,,,,,,
1780434524.461,2688859.0,2523.35,2.834042,,,,,,
1780434524.463,2688884.0,2523.341,2.834045,,,,,,
1780434524.464,2688909.0,2523.338,2.834046,,,,,,
1780434524.560,2688934.0,2523.377,2.834034,,,,,,
1780434524.562,2688959.0,2523.371,2.834036,,,,,,
1780434524.563,2688984.0,2523.441,2.834015,,,,,,
1780434524.564,2689009.0,2523.461,2.834009,,,,,,
1780434524.661,2689034.0,2523.442,2.834015,,,,,,
1780434524.662,2689059.0,2523.416,2.833959,,,,,,
1780434524.665,2689084.0,2523.393,2.833966,,,,,,
1780434524.667,2689109.0,2523.367,2.834037,,,,,,
1780434524.741,2689134.0,2523.372,2.834036,,,,,,
1780434524.742,2689159.0,2523.439,2.833952,,,,,,
1780434524.742,2689184.0,2523.443,2.833951,,,,,,
1780434524.789,2689209.0,2523.455,2.833948,,,,,,
1780434524.790,2689234.0,2523.466,2.833944,,,,,,
1780434524.852,2689259.0,2523.458,2.833947,,,,,,
1780434524.853,2689284.0,2523.412,2.83396,,,,,,
1780434524.916,2689309.0,2523.444,2.833951,,,,,,
1780434524.917,2689334.0,2523.429,2.833891,,,,,,
1780434524.917,2689359.0,2523.415,2.833896,,,,,,
1780434524.978,2689384.0,2523.399,2.833964,,,,,,
1780434524.979,2689409.0,2523.472,2.833942,,,,,,
1780434525.042,2689434.0,2523.481,2.83394,,,,,,
1780434525.043,2689459.0,2523.48,2.834003,,,,,,
1780434525.044,2689484.0,2523.457,2.83401,,,,,,
1780434525.108,2689509.0,2523.429,2.833955,,,,,,
1780434525.109,2689534.0,2523.382,2.833969,,,,,,
1780434525.111,2689559.0,2523.352,2.834042,,,,,,
1780434525.174,2689584.0,2523.354,2.834041,,,,,,
1780434525.175,2689609.0,2523.361,2.834102,,,,,,
1780434525.234,2689634.0,2523.379,2.834097,,,,,,
1780434525.235,2689659.0,2523.352,2.834106,,,,,,
1780434525.236,2689684.0,2523.363,2.834102,,,,,,
1780434525.290,2689709.0,2523.332,2.834175,,,,,,
1780434525.290,2689734.0,2523.333,2.834175,,,,,,
1780434525.359,2689759.0,2523.32,2.834179,,,,,,
1780434525.360,2689784.0,2523.275,2.834192,,,,,,
1780434525.361,2689809.0,2523.279,2.83419,,,,,,
1780434525.443,2689834.0,2523.265,2.834195,,,,,,
1780434525.444,2689859.0,2523.277,2.834191,,,,,,
1780434525.445,2689884.0,2523.308,2.834246,,,,,,
1780434525.525,2689909.0,2523.313,2.834244,,,,,,
1780434525.526,2689934.0,2523.248,2.834263,,,,,,
1780434525.527,2689959.0,2523.226,2.83427,,,,,,
1780434525.596,2689984.0,2523.187,2.834281,,,,,,
1780434525.597,2690009.0,2523.17,2.834287,,,,,,
1780434525.598,2690034.0,2523.14,2.834359,,,,,,
1780434525.692,2690059.0,2523.125,2.834363,,,,,,
1780434525.693,2690084.0,2523.174,2.834349,,,,,,
1780434525.694,2690109.0,2523.189,2.834344,,,,,,
1780434525.695,2690134.0,2523.211,2.834338,,,,,,
1780434525.786,2690159.0,2523.201,2.834277,,,,,,
1780434525.788,2690184.0,2523.171,2.834286,,,,,,
1780434525.789,2690209.0,2523.177,2.834285,,,,,,
1780434525.790,2690234.0,2523.135,2.834297,,,,,,
1780434525.858,2690259.0,2523.115,2.834303,,,,,,
1780434525.860,2690284.0,2523.173,2.834285,,,,,,
1780434525.861,2690309.0,2523.202,2.834277,,,,,,
1780434525.941,2690334.0,2523.221,2.834271,,,,,,
1780434525.942,2690359.0,2523.235,2.834268,,,,,,
1780434525.943,2690384.0,2523.255,2.834198,,,,,,
1780434526.008,2690409.0,2523.188,2.834281,,,,,,
1780434526.008,2690434.0,2523.158,2.83429,,,,,,
1780434526.009,2690459.0,2523.148,2.834293,,,,,,
1780434526.076,2690484.0,2523.155,2.834291,,,,,,
1780434526.078,2690509.0,2523.177,2.834284,,,,,,
1780434526.176,2690534.0,2523.216,2.834273,,,,,,
1780434526.178,2690559.0,2523.183,2.834283,,,,,,
1780434526.180,2690584.0,2523.118,2.834366,,,,,,
1780434526.181,2690609.0,2523.106,2.834369,,,,,,
1780434526.292,2690634.0,2523.069,2.83438,,,,,,
1780434526.294,2690659.0,2523.037,2.834326,,,,,,
1780434526.296,2690684.0,2523.028,2.834329,,,,,,
1780434526.298,2690709.0,2523.009,2.834335,,,,,,
1780434526.299,2690734.0,2523.015,2.834333,,,,,,
1780434526.394,2690759.0,2523.024,2.83433,,,,,,
1780434526.395,2690784.0,2523.051,2.834258,,,,,,
1780434526.396,2690809.0,2523.069,2.834253,,,,,,
1780434526.397,2690834.0,2523.096,2.834182,,,,,,
1780434526.493,2690859.0,2523.067,2.834126,,,,,,
1780434526.493,2690884.0,2523.07,2.834125,,,,,,
1780434526.494,2690909.0,2523.062,2.834128,,,,,,
1780434526.496,2690934.0,2523.067,2.834063,,,,,,
1780434526.609,2690959.0,2523.088,2.834057,,,,,,
1780434526.611,2690984.0,2523.091,2.834056,,,,,,
1780434526.612,2691009.0,2523.088,2.834057,,,,,,
1780434526.613,2691034.0,2523.112,2.833986,,,,,,
1780434526.614,2691059.0,2523.112,2.833986,,,,,,
1780434526.727,2691084.0,2523.061,2.834001,,,,,,
1780434526.729,2691109.0,2523.027,2.834011,,,,,,
1780434526.730,2691134.0,2523.001,2.834019,,,,,,
1780434526.731,2691159.0,2522.996,2.834021,,,,,,
1780434526.789,2691184.0,2523.0,2.834019,,,,,,
1780434526.790,2691209.0,2523.019,2.834014,,,,,,
1780434526.790,2691234.0,2523.019,2.834014,,,,,,
1780434526.876,2691259.0,2523.045,2.834006,,,,,,
1780434526.877,2691284.0,2523.08,2.833996,,,,,,
1780434526.878,2691309.0,2523.088,2.833993,,,,,,
1780434526.959,2691334.0,2523.022,2.834013,,,,,,
1780434526.961,2691359.0,2523.066,2.834,,,,,,
1780434526.962,2691384.0,2523.144,2.833977,,,,,,
1780434526.963,2691409.0,2523.384,2.834032,,,,,,
1780434527.060,2691434.0,2523.763,2.834047,,,,,,
1780434527.061,2691459.0,2524.372,2.834057,,,,,,
1780434527.062,2691484.0,2525.304,2.834035,,,,,,
1780434527.063,2691509.0,2526.439,2.834017,,,,,,
1780434527.149,2691534.0,2527.677,2.834096,,,,,,
1780434527.151,2691559.0,2528.933,2.834169,,,,,,
1780434527.155,2691584.0,2530.049,2.83422,,,,,,
1780434527.241,2691609.0,2532.658,2.834275,,,,,,
1780434527.241,2691634.0,2538.415,2.834491,,,,,,
1780434527.242,2691659.0,2549.19,2.834652,,,,,,
1780434527.242,2691684.0,2562.809,2.834693,,,,,,
1780434527.361,2691709.0,2573.702,2.83482,,,,,,
1780434527.362,2691734.0,2582.594,2.834951,,,,,,
1780434527.363,2691759.0,2590.195,2.83514,,,,,,
1780434527.363,2691784.0,2599.582,2.83532,,,,,,
1780434527.364,2691809.0,2609.415,2.835433,,,,,,
1780434527.442,2691834.0,2619.185,2.835565,,,,,,
1780434527.444,2691859.0,2628.712,2.835704,,,,,,
1780434527.445,2691884.0,2638.645,2.835853,,,,,,
1780434527.524,2691909.0,2648.671,2.836038,,,,,,
1780434527.526,2691934.0,2656.514,2.836155,,,,,,
1780434527.527,2691959.0,2662.47,2.836313,,,,,,
1780434527.605,2691984.0,2668.65,2.836469,,,,,,
1780434527.606,2692009.0,2674.939,2.836656,,,,,,
1780434527.607,2692034.0,2686.254,2.836787,,,,,,
1780434527.675,2692059.0,2701.401,2.836771,,,,,,
1780434527.677,2692084.0,2718.948,2.836838,,,,,,
1780434527.678,2692109.0,2744.222,2.836427,,,,,,
1780434527.758,2692134.0,2777.585,2.835325,,,,,,
1780434527.759,2692159.0,2816.689,2.833694,,,,,,
1780434527.760,2692184.0,2858.123,2.831852,,,,,,
1780434527.760,2692209.0,2901.227,2.829799,,,,,,
1780434527.858,2692234.0,2949.577,2.827171,,,,,,
1780434527.859,2692259.0,3001.375,2.826787,,,,,,
1780434527.859,2692284.0,3058.777,2.829731,,,,,,
1780434527.860,2692309.0,3124.739,2.900183,,,,,,
1780434527.944,2692334.0,3190.473,2.972174,,,,,,
1780434527.946,2692359.0,3259.342,3.146067,,,,,,
1780434527.947,2692384.0,3328.887,3.687701,,,,,,
1780434528.059,2692409.0,3398.433,7.313955,,,,,,
1780434528.060,2692434.0,3468.004,35.281227,,,,,,
1780434529.607,2694029.0,5248.229,73.170387,,,,,,
1780434529.608,2694054.0,5203.041,66.413864,,,,,,
1780434529.692,2694079.0,5156.839,10.457593,,,,,,
1780434529.694,2694104.0,5110.265,5.407707,,,,,,
1780434529.695,2694129.0,5061.143,4.675535,,,,,,
1780434529.791,2694154.0,5009.542,4.357865,,,,,,
1780434529.792,2694179.0,4955.754,3.943291,,,,,,
1780434529.794,2694204.0,4900.555,3.705384,,,,,,
1780434529.795,2694229.0,4848.72,3.630558,,,,,,
1780434529.908,2694254.0,4796.02,3.557977,,,,,,
1780434529.910,2694279.0,4743.616,3.445832,,,,,,
1780434529.911,2694304.0,4690.189,3.369161,,,,,,
1780434529.912,2694329.0,4637.79,3.290315,,,,,,
1780434529.913,2694354.0,4584.575,3.206295,,,,,,
1780434530.007,2694379.0,4528.401,3.138188,,,,,,
1780434530.009,2694404.0,4470.693,3.098062,,,,,,
1780434530.010,2694429.0,4412.514,3.06361,,,,,,
1780434530.011,2694454.0,4353.392,3.026599,,,,,,
1780434530.090,2694479.0,4297.571,2.980388,,,,,,
1780434530.091,2694504.0,4244.258,2.96982,,,,,,
1780434530.092,2694529.0,4192.248,2.954463,,,,,,
1780434530.175,2694554.0,4141.183,2.937131,,,,,,
1780434530.176,2694579.0,4094.189,2.937492,,,,,,
1780434530.177,2694604.0,4049.718,2.940324,,,,,,
