source_path,file_size,mtime_ns,window_order,window_start_x,window_end_x,manual_label
C:\Users\newsp\ldcscanner\ldcscanner\flex_12_220_b.csv,212612,1778793415831334100,1,243840.29594083937,247629.5240997022,Crack 3
C:\Users\newsp\ldcscanner\ldcscanner\flex_12_220_b.csv,212612,1778793415831334100,2,249831.3728947171,253313.36633799644,Crack 2
C:\Users\newsp\ldcscanner\ldcscanner\flex_12_220_b.csv,212612,1778793415831334100,3,255822.4498485948,258997.2085762907,Crack 1
C:\Users\newsp\ldcscanner\ldcscanner\flex_12_220_b.csv,212612,1778793415831334100,4,264988.28553016845,268316.66161565605,Crack 1
C:\Users\newsp\ldcscanner\ldcscanner\flex_12_220_b.csv,212612,1778793415831334100,5,270620.9219825321,274410.15014139493,Crack 2
C:\Users\newsp\ldcscanner\ldcscanner\flex_12_220_b.csv,212612,1778793415831334100,6,276560.79315047927,280401.2270952726,Crack 3
