source_path,file_size,mtime_ns,window_order,window_start_x,window_end_x,manual_label
C:\Users\newsp\ldcscanner\ldcscanner\flex_12_new.csv,53508,1778706412270733000,1,102896.75933874784,105387.46251360924,Crack 3
C:\Users\newsp\ldcscanner\ldcscanner\flex_12_new.csv,53508,1778706412270733000,2,108127.2360059568,110795.84655045114,Crack 2
C:\Users\newsp\ldcscanner\ldcscanner\flex_12_new.csv,53508,1778706412270733000,3,113108.6423556796,116417.7194308526,Crack 1
C:\Users\newsp\ldcscanner\ldcscanner\flex_12_new.csv,53508,1778706412270733000,4,121221.21841094246,123996.5733772166,Crack 1
C:\Users\newsp\ldcscanner\ldcscanner\flex_12_new.csv,53508,1778706412270733000,5,126949.8357131237,129404.9574140585,Crack 2
C:\Users\newsp\ldcscanner\ldcscanner\flex_12_new.csv,53508,1778706412270733000,6,132607.29006745174,135418.22650765246,Crack 3
