source_path,file_size,mtime_ns,window_order,window_start_x,window_end_x,manual_label
C:\Users\newsp\ldcscanner\ldcscanner\220 pF results\flex_12_c.csv,171457,1778800955526461500,1,262770.08860582096,266829.8601116144,Crack 3
C:\Users\newsp\ldcscanner\ldcscanner\220 pF results\flex_12_c.csv,171457,1778800955526461500,2,268992.1297179609,272434.10990765534,Crack 2
C:\Users\newsp\ldcscanner\ldcscanner\220 pF results\flex_12_c.csv,171457,1778800955526461500,3,274772.8913186016,278391.3833128957,Crack 1
C:\Users\newsp\ldcscanner\ldcscanner\220 pF results\flex_12_c.csv,171457,1778800955526461500,4,281877.49145374005,285187.0877899847,Crack 1
C:\Users\newsp\ldcscanner\ldcscanner\220 pF results\flex_12_c.csv,171457,1778800955526461500,5,287967.14871243027,291409.12890212465,Crack 2
C:\Users\newsp\ldcscanner\ldcscanner\220 pF results\flex_12_c.csv,171457,1778800955526461500,6,293880.2941665207,297719.4259165645,Crack 3
