source_path,file_size,mtime_ns,window_order,window_start_x,window_end_x,manual_label
C:\Users\newsp\ldcscanner\ldcscanner\flex_4.csv,66776,1777585219319141300,1,173430.1464264985,177632.55115372402,Crack 2
C:\Users\newsp\ldcscanner\ldcscanner\flex_4.csv,66776,1777585219319141300,2,201735.87913126187,205841.5253037831,Crack 1
C:\Users\newsp\ldcscanner\ldcscanner\flex_4.csv,66776,1777585219319141300,3,166110.845155114,170130.95703237437,Crack 1
C:\Users\newsp\ldcscanner\ldcscanner\flex_4.csv,66776,1777585219319141300,4,189547.24205658943,193524.58678621938,Crack 3
C:\Users\newsp\ldcscanner\ldcscanner\flex_4.csv,66776,1777585219319141300,5,179283.1266252863,183859.21142174228,Crack 3
C:\Users\newsp\ldcscanner\ldcscanner\flex_4.csv,66776,1777585219319141300,6,195962.31420115387,199426.45315921865,Crack 2
