source_path,file_size,mtime_ns,window_order,window_start_x,window_end_x,manual_label
C:\Users\newsp\ldcscanner\ldcscanner\flex_04_b.csv,80821,1778185844316188800,1,47812.09644095158,51636.014647912,Crack 3
C:\Users\newsp\ldcscanner\ldcscanner\flex_04_b.csv,80821,1778185844316188800,2,53655.387184172,57350.40927179667,Crack 2
C:\Users\newsp\ldcscanner\ldcscanner\flex_04_b.csv,80821,1778185844316188800,3,59756.4701660639,63451.49225368857,Crack 1
C:\Users\newsp\ldcscanner\ldcscanner\flex_04_b.csv,80821,1778185844316188800,4,69681.47135491621,72817.943592086,Crack 1
C:\Users\newsp\ldcscanner\ldcscanner\flex_04_b.csv,80821,1778185844316188800,5,75567.72747124854,79477.5764244328,Crack 2
C:\Users\newsp\ldcscanner\ldcscanner\flex_04_b.csv,80821,1778185844316188800,6,81969.56806492385,86738.7244803464,Crack 3
