source_path,file_size,mtime_ns,window_order,window_start_x,window_end_x,manual_label
C:\Users\newsp\ldcscanner\ldcscanner\flex_14_a.csv,157034,1778795162746689100,1,83576.68145974624,87193.98919016992,Crack 3
C:\Users\newsp\ldcscanner\ldcscanner\flex_14_a.csv,157034,1778795162746689100,2,89261.02217898345,92560.32483420505,Crack 2
C:\Users\newsp\ldcscanner\ldcscanner\flex_14_a.csv,157034,1778795162746689100,3,95263.36797342275,98403.6680910433,Crack 1
C:\Users\newsp\ldcscanner\ldcscanner\flex_14_a.csv,157034,1778795162746689100,4,101941.47455266648,104843.27086388548,Crack 1
C:\Users\newsp\ldcscanner\ldcscanner\flex_14_a.csv,157034,1778795162746689100,5,108023.3216159063,111282.87363672764,Crack 2
C:\Users\newsp\ldcscanner\ldcscanner\flex_14_a.csv,157034,1778795162746689100,6,113707.66233514351,117245.46879676668,Crack 3
