source_path,file_size,mtime_ns,window_order,window_start_x,window_end_x,manual_label
C:\Users\newsp\ldcscanner\ldcscanner\flex_14_b.csv,155463,1778795206435291100,1,127456.22396910995,131043.03471573086,Crack 3
C:\Users\newsp\ldcscanner\ldcscanner\flex_14_b.csv,155463,1778795206435291100,2,133210.88736478746,136718.86710598812,Crack 2
C:\Users\newsp\ldcscanner\ldcscanner\flex_14_b.csv,155463,1778795206435291100,3,138807.8887496245,142394.6994962454,Crack 1
C:\Users\newsp\ldcscanner\ldcscanner\flex_14_b.csv,155463,1778795206435291100,4,145311.44669679424,149134.75045967588,Crack 1
C:\Users\newsp\ldcscanner\ldcscanner\flex_14_b.csv,155463,1778795206435291100,5,151499.68062228308,155047.07586619386,Crack 2
C:\Users\newsp\ldcscanner\ldcscanner\flex_14_b.csv,155463,1778795206435291100,6,157293.7595206707,161077.6477808422,Crack 3
