source_path,file_size,mtime_ns,window_order,window_start_x,window_end_x,manual_label
C:\Users\newsp\ldcscanner\ldcscanner\220 pF results\flex_04_b.csv,169065,1778802250045769200,1,108197.7029516013,111858.89900099646,Crack 3
C:\Users\newsp\ldcscanner\ldcscanner\220 pF results\flex_04_b.csv,169065,1778802250045769200,2,114063.93753074584,117641.9245790184,Crack 2
C:\Users\newsp\ldcscanner\ldcscanner\220 pF results\flex_04_b.csv,169065,1778802250045769200,3,119888.56760932908,123424.95015704032,Crack 1
C:\Users\newsp\ldcscanner\ldcscanner\220 pF results\flex_04_b.csv,169065,1778802250045769200,4,128126.2587204682,131537.82776649552,Crack 1
C:\Users\newsp\ldcscanner\ldcscanner\220 pF results\flex_04_b.csv,169065,1778802250045769200,5,134325.32930410322,138111.33885518232,Crack 2
C:\Users\newsp\ldcscanner\ldcscanner\220 pF results\flex_04_b.csv,169065,1778802250045769200,6,140482.7953871769,144643.2454433078,Crack 3
