source_path,file_size,mtime_ns,window_order,window_start_x,window_end_x,manual_label
C:\Users\newsp\ldcscanner\ldcscanner\220 pF results\flex_08_c.csv,169866,1778801759166945000,1,158992.8339246444,162767.71913953754,Crack 3
C:\Users\newsp\ldcscanner\ldcscanner\220 pF results\flex_08_c.csv,169866,1778801759166945000,2,164634.86666518362,168328.57155287478,Crack 2
C:\Users\newsp\ldcscanner\ldcscanner\220 pF results\flex_08_c.csv,169866,1778801759166945000,3,170520.44038732888,173848.833802611,Crack 1
C:\Users\newsp\ldcscanner\ldcscanner\220 pF results\flex_08_c.csv,169866,1778801759166945000,4,177786.0796719082,180789.7517783823,Crack 1
C:\Users\newsp\ldcscanner\ldcscanner\220 pF results\flex_08_c.csv,169866,1778801759166945000,5,183428.11241244743,187243.5877909416,Crack 2
C:\Users\newsp\ldcscanner\ldcscanner\220 pF results\flex_08_c.csv,169866,1778801759166945000,6,189313.6861345927,193575.65331269783,Crack 3
