source_path,file_size,mtime_ns,window_order,window_start_x,window_end_x,manual_label
C:\Users\newsp\ldcscanner\ldcscanner\flex_04_a.csv,66776,1777585219319141300,1,166752.35236957044,170130.95703237437,Crack 1
C:\Users\newsp\ldcscanner\ldcscanner\flex_04_a.csv,66776,1777585219319141300,2,173252.95880939573,177273.0706866561,Crack 2
C:\Users\newsp\ldcscanner\ldcscanner\flex_04_a.csv,66776,1777585219319141300,3,179496.96236343845,183645.37568359013,Crack 3
C:\Users\newsp\ldcscanner\ldcscanner\flex_04_a.csv,66776,1777585219319141300,4,189632.77635185028,193396.28534332808,Crack 3
C:\Users\newsp\ldcscanner\ldcscanner\flex_04_a.csv,66776,1777585219319141300,5,195320.80698669743,199298.15171632732,Crack 2
C:\Users\newsp\ldcscanner\ldcscanner\flex_04_a.csv,66776,1777585219319141300,6,201992.48201704444,205841.5253037831,Crack 1
