source_path,file_size,mtime_ns,window_order,window_start_x,window_end_x,manual_label
C:\Users\newsp\ldcscanner\ldcscanner\flex_4_c.csv,87411,1778185921216701800,1,36849.27056388466,40336.003011619374,Crack 2
C:\Users\newsp\ldcscanner\ldcscanner\flex_4_c.csv,87411,1778185921216701800,2,43357.837799656125,46054.2442259043,Crack 1
C:\Users\newsp\ldcscanner\ldcscanner\flex_4_c.csv,87411,1778185921216701800,3,53074.19888734353,55910.0746115011,Crack 1
C:\Users\newsp\ldcscanner\ldcscanner\flex_4_c.csv,87411,1778185921216701800,4,65440.47663530932,69857.00440243995,Crack 3
C:\Users\newsp\ldcscanner\ldcscanner\flex_4_c.csv,87411,1778185921216701800,5,59027.12734485477,63629.031010274186,Crack 2
C:\Users\newsp\ldcscanner\ldcscanner\flex_4_c.csv,87411,1778185921216701800,6,30160.640716314807,34483.64112928456,Crack 3
