source_path,file_size,mtime_ns,window_order,window_start_x,window_end_x,manual_label
C:\Users\newsp\ldcscanner\ldcscanner\220 pF results\flex_08_b.csv,166386,1778801712599963900,1,112682.09837799112,116677.25569119336,Crack 3
C:\Users\newsp\ldcscanner\ldcscanner\220 pF results\flex_08_b.csv,166386,1778801712599963900,2,118734.1683672975,122017.31744646373,Crack 2
C:\Users\newsp\ldcscanner\ldcscanner\220 pF results\flex_08_b.csv,166386,1778801712599963900,3,124430.23423958586,127792.49534475608,Crack 1
C:\Users\newsp\ldcscanner\ldcscanner\220 pF results\flex_08_b.csv,166386,1778801712599963900,4,130442.74821589024,133567.67324304843,Crack 1
C:\Users\newsp\ldcscanner\ldcscanner\220 pF results\flex_08_b.csv,166386,1778801712599963900,5,136376.1501661906,139975.74734937283,Crack 2
C:\Users\newsp\ldcscanner\ldcscanner\220 pF results\flex_08_b.csv,166386,1778801712599963900,6,142190.88407748498,146225.59740368923,Crack 3
