source_path,file_size,mtime_ns,window_order,window_start_x,window_end_x,manual_label
C:\Users\newsp\ldcscanner\ldcscanner\flex_12_b.csv,83772,1778186225350614800,1,48561.95956534421,51944.049728438666,Crack 2
C:\Users\newsp\ldcscanner\ldcscanner\flex_12_b.csv,83772,1778186225350614800,2,73126.61443413555,76330.69985180398,Crack 3
C:\Users\newsp\ldcscanner\ldcscanner\flex_12_b.csv,83772,1778186225350614800,3,67236.46363772868,70459.39564303413,Crack 2
C:\Users\newsp\ldcscanner\ldcscanner\flex_12_b.csv,83772,1778186225350614800,4,42689.20069321055,46618.528754473344,Crack 3
