source_path,file_size,mtime_ns,window_order,window_start_x,window_end_x,manual_label
C:\Users\newsp\ldcscanner\ldcscanner\layer-experiments\flex_12_220_b.csv,212612,1778793415831334100,1,243993.9132986311,247527.11252784103,Crack 3
C:\Users\newsp\ldcscanner\ldcscanner\layer-experiments\flex_12_220_b.csv,212612,1778793415831334100,2,249524.13817913362,253262.16055206588,Crack 2
C:\Users\newsp\ldcscanner\ldcscanner\layer-experiments\flex_12_220_b.csv,212612,1778793415831334100,3,255822.4498485948,258843.59121849894,Crack 1
C:\Users\newsp\ldcscanner\ldcscanner\layer-experiments\flex_12_220_b.csv,212612,1778793415831334100,4,264834.6681723767,268470.2789734478,Crack 1
C:\Users\newsp\ldcscanner\ldcscanner\layer-experiments\flex_12_220_b.csv,212612,1778793415831334100,5,270569.7161966015,274358.94435546437,Crack 2
C:\Users\newsp\ldcscanner\ldcscanner\layer-experiments\flex_12_220_b.csv,212612,1778793415831334100,6,276560.79315047927,280554.8444530644,Crack 3
