source_path,file_size,mtime_ns,window_order,window_start_x,window_end_x,manual_label
C:\Users\newsp\ldcscanner\ldcscanner\Tuned L and Q\flex_04_b.csv,169065,1778802250045769200,1,108447.32995496914,111900.50350155777,Crack 3
C:\Users\newsp\ldcscanner\ldcscanner\Tuned L and Q\flex_04_b.csv,169065,1778802250045769200,2,114105.54203130714,117641.92457901839,Crack 2
C:\Users\newsp\ldcscanner\ldcscanner\Tuned L and Q\flex_04_b.csv,169065,1778802250045769200,3,120096.5901121356,123549.76365872423,Crack 1
C:\Users\newsp\ldcscanner\ldcscanner\Tuned L and Q\flex_04_b.csv,169065,1778802250045769200,4,127959.84071822297,131621.03676761815,Crack 1
C:\Users\newsp\ldcscanner\ldcscanner\Tuned L and Q\flex_04_b.csv,169065,1778802250045769200,5,134283.7248035419,138028.1298540597,Crack 2
C:\Users\newsp\ldcscanner\ldcscanner\Tuned L and Q\flex_04_b.csv,169065,1778802250045769200,6,140482.7953871769,144601.64094274648,Crack 3
