source_path,file_size,mtime_ns,window_order,window_start_x,window_end_x,manual_label
C:\Users\newsp\ldcscanner\ldcscanner\flex_8_c.csv,85346,1778185466664002700,1,320422.29044227494,324179.7073426743,Crack 3
C:\Users\newsp\ldcscanner\ldcscanner\flex_8_c.csv,85346,1778185466664002700,2,314322.0135922148,317814.20106435067,Crack 2
C:\Users\newsp\ldcscanner\ldcscanner\flex_8_c.csv,85346,1778185466664002700,3,308089.1220280229,311006.64573892124,Crack 1
C:\Users\newsp\ldcscanner\ldcscanner\flex_8_c.csv,85346,1778185466664002700,4,299292.3459906173,302209.86970151565,Crack 1
C:\Users\newsp\ldcscanner\ldcscanner\flex_8_c.csv,85346,1778185466664002700,5,293368.88875939953,296551.6418985613,Crack 2
C:\Users\newsp\ldcscanner\ldcscanner\flex_8_c.csv,85346,1778185466664002700,6,287799.0707658663,290937.6190003176,Crack 3
