source_path,file_size,mtime_ns,window_order,window_start_x,window_end_x,manual_label
C:\Users\newsp\ldcscanner\ldcscanner\Tuned L and Q\flex_12_a.csv,165369,1778800847504514700,1,157764.21665707347,161717.3350434195,Crack 3
C:\Users\newsp\ldcscanner\ldcscanner\Tuned L and Q\flex_12_a.csv,165369,1778800847504514700,2,163885.17415851247,167753.27924622738,Crack 2
C:\Users\newsp\ldcscanner\ldcscanner\Tuned L and Q\flex_12_a.csv,165369,1778800847504514700,3,170048.638309267,173194.13035861758,Crack 1
C:\Users\newsp\ldcscanner\ldcscanner\Tuned L and Q\flex_12_a.csv,165369,1778800847504514700,4,177827.35513401235,181015.3538326785,Crack 1
C:\Users\newsp\ldcscanner\ldcscanner\Tuned L and Q\flex_12_a.csv,165369,1778800847504514700,5,183608.25944092695,186881.27143822418,Crack 2
C:\Users\newsp\ldcscanner\ldcscanner\Tuned L and Q\flex_12_a.csv,165369,1778800847504514700,6,189601.69699441927,193384.78878350309,Crack 3
