source_path,file_size,mtime_ns,window_order,window_start_x,window_end_x,manual_label
C:\Users\newsp\ldcscanner\ldcscanner\flex_12_c.csv,79970,1778186299932433700,1,59914.442676440274,63303.95037474761,Crack 3
C:\Users\newsp\ldcscanner\ldcscanner\flex_12_c.csv,79970,1778186299932433700,2,53467.54961938558,57908.68454645446,Crack 2
C:\Users\newsp\ldcscanner\ldcscanner\flex_12_c.csv,79970,1778186299932433700,3,28016.430229644626,31304.578204493708,Crack 3
C:\Users\newsp\ldcscanner\ldcscanner\flex_12_c.csv,79970,1778186299932433700,4,33140.81668395488,36941.40330423499,Crack 2
