source_path,file_size,mtime_ns,window_order,window_start_x,window_end_x,manual_label
C:\Users\newsp\ldcscanner\ldcscanner\Tuned L and Q\flex_04_a.csv,166556,1778802203629869500,1,62992.266383279304,66463.38003506603,Crack 3
C:\Users\newsp\ldcscanner\ldcscanner\Tuned L and Q\flex_04_a.csv,166556,1778802203629869500,2,68736.13302135497,72165.9238915728,Crack 2
C:\Users\newsp\ldcscanner\ldcscanner\Tuned L and Q\flex_04_a.csv,166556,1778802203629869500,3,74686.61356727507,77868.46774807957,Crack 1
C:\Users\newsp\ldcscanner\ldcscanner\Tuned L and Q\flex_04_a.csv,166556,1778802203629869500,4,81752.8092155552,84728.04948851524,Crack 1
C:\Users\newsp\ldcscanner\ldcscanner\Tuned L and Q\flex_04_a.csv,166556,1778802203629869500,5,87537.99863519974,90926.46672384869,Crack 2
C:\Users\newsp\ldcscanner\ldcscanner\Tuned L and Q\flex_04_a.csv,166556,1778802203629869500,6,92992.60580229317,97207.5295223199,Crack 3
