source_path,file_size,mtime_ns,window_order,window_start_x,window_end_x,manual_label
C:\Users\newsp\ldcscanner\ldcscanner\flex_8_b.csv,102017,1778185134217274000,1,51156.10232988814,56230.59868865588,Crack 3
C:\Users\newsp\ldcscanner\ldcscanner\flex_8_b.csv,102017,1778185134217274000,2,57726.23972071374,62319.99431917716,Crack 2
C:\Users\newsp\ldcscanner\ldcscanner\flex_8_b.csv,102017,1778185134217274000,3,89989.35341224755,94102.36625040667,Crack 3
C:\Users\newsp\ldcscanner\ldcscanner\flex_8_b.csv,102017,1778185134217274000,4,77436.65189319053,81282.58597562503,Crack 1
C:\Users\newsp\ldcscanner\ldcscanner\flex_8_b.csv,102017,1778185134217274000,5,64189.545609249486,68302.5584474086,Crack 1
C:\Users\newsp\ldcscanner\ldcscanner\flex_8_b.csv,102017,1778185134217274000,6,83686.29477714658,88173.21787332016,Crack 2
