source_path,file_size,mtime_ns,window_order,window_start_x,window_end_x,manual_label
C:\Users\newsp\ldcscanner\ldcscanner\220 pF results\flex_12_b.csv,172652,1778800899671441100,1,208225.41908659184,212165.983544321,Crack 3
C:\Users\newsp\ldcscanner\ldcscanner\220 pF results\flex_12_b.csv,172652,1778800899671441100,2,214136.2657731856,217673.8179568288,Crack 2
C:\Users\newsp\ldcscanner\ldcscanner\220 pF results\flex_12_b.csv,172652,1778800899671441100,3,220181.4498844745,223584.66464342244,Crack 1
C:\Users\newsp\ldcscanner\ldcscanner\220 pF results\flex_12_b.csv,172652,1778800899671441100,4,227166.9959686307,230570.2107275786,Crack 1
C:\Users\newsp\ldcscanner\ldcscanner\220 pF results\flex_12_b.csv,172652,1778800899671441100,5,233301.73836304992,237107.9653960837,Crack 2
C:\Users\newsp\ldcscanner\ldcscanner\220 pF results\flex_12_b.csv,172652,1778800899671441100,6,239167.8059080785,243332.2660736332,Crack 3
