source_path,file_size,mtime_ns,window_order,window_start_x,window_end_x,manual_label
C:\Users\newsp\ldcscanner\ldcscanner\220 pF results\flex_12_a.csv,165369,1778800847504514700,1,157764.21665707347,161802.3483420506,Crack 3
C:\Users\newsp\ldcscanner\ldcscanner\220 pF results\flex_12_a.csv,165369,1778800847504514700,2,164012.6941064591,167668.2659475963,Crack 2
C:\Users\newsp\ldcscanner\ldcscanner\220 pF results\flex_12_a.csv,165369,1778800847504514700,3,169921.11836132035,173534.18355314195,Crack 1
C:\Users\newsp\ldcscanner\ldcscanner\220 pF results\flex_12_a.csv,165369,1778800847504514700,4,177657.32853675017,181142.87378062512,Crack 1
C:\Users\newsp\ldcscanner\ldcscanner\220 pF results\flex_12_a.csv,165369,1778800847504514700,5,183608.2594409269,187433.8578793263,Crack 2
C:\Users\newsp\ldcscanner\ldcscanner\220 pF results\flex_12_a.csv,165369,1778800847504514700,6,189559.1903451037,193639.8286793964,Crack 3
