source_path,file_size,mtime_ns,window_order,window_start_x,window_end_x,manual_label
C:\Users\newsp\ldcscanner\ldcscanner\flex_4_b.csv,80821,1778185844316188800,1,54252.121972149165,57603.84576050038,Crack 2
C:\Users\newsp\ldcscanner\ldcscanner\flex_4_b.csv,80821,1778185844316188800,2,60139.12401066348,63361.93534561657,Crack 1
C:\Users\newsp\ldcscanner\ldcscanner\flex_4_b.csv,80821,1778185844316188800,3,69936.47046892087,72729.5736258802,Crack 1
C:\Users\newsp\ldcscanner\ldcscanner\flex_4_b.csv,80821,1778185844316188800,4,82569.89090193697,86136.46877928506,Crack 3
C:\Users\newsp\ldcscanner\ldcscanner\flex_4_b.csv,80821,1778185844316188800,5,75868.48508303195,79649.43791688044,Crack 2
C:\Users\newsp\ldcscanner\ldcscanner\flex_4_b.csv,80821,1778185844316188800,6,47253.546590496684,51807.87614035966,Crack 3
