source_path,file_size,mtime_ns,window_order,window_start_x,window_end_x,manual_label
C:\Users\newsp\ldcscanner\ldcscanner\Tuned L and Q\flex_04_c.csv,167606,1778802295857276900,1,154335.22041650375,158996.11529156525,Crack 3
C:\Users\newsp\ldcscanner\ldcscanner\Tuned L and Q\flex_04_c.csv,167606,1778802295857276900,2,161058.45815663668,164316.9598834496,Crack 2
C:\Users\newsp\ldcscanner\ldcscanner\Tuned L and Q\flex_04_c.csv,167606,1778802295857276900,3,166379.30274852106,169720.29818993682,Crack 1
C:\Users\newsp\ldcscanner\ldcscanner\Tuned L and Q\flex_04_c.csv,167606,1778802295857276900,4,174298.69935039544,177433.46050530404,Crack 1
C:\Users\newsp\ldcscanner\ldcscanner\Tuned L and Q\flex_04_c.csv,167606,1778802295857276900,5,180320.7405164041,183909.21710162843,Crack 2
C:\Users\newsp\ldcscanner\ldcscanner\Tuned L and Q\flex_04_c.csv,167606,1778802295857276900,6,186384.02853971417,190302.47998334994,Crack 3
