source_path,file_size,mtime_ns,window_order,window_start_x,window_end_x,manual_label
C:\Users\newsp\ldcscanner\ldcscanner\220 pF results\flex_04_a.csv,166556,1778802203629869500,1,62826.97525700375,66504.70281663493,Crack 3
C:\Users\newsp\ldcscanner\ldcscanner\220 pF results\flex_04_a.csv,166556,1778802203629869500,2,68446.87355037274,72124.60111000392,Crack 2
C:\Users\newsp\ldcscanner\ldcscanner\220 pF results\flex_04_a.csv,166556,1778802203629869500,3,74645.29078570618,77785.82218494179,Crack 1
C:\Users\newsp\ldcscanner\ldcscanner\220 pF results\flex_04_a.csv,166556,1778802203629869500,4,81587.51808927963,84604.08114380858,Crack 1
C:\Users\newsp\ldcscanner\ldcscanner\220 pF results\flex_04_a.csv,166556,1778802203629869500,5,87414.03029049307,90967.78950541758,Crack 2
C:\Users\newsp\ldcscanner\ldcscanner\220 pF results\flex_04_a.csv,166556,1778802203629869500,6,93033.92858386206,97455.46621173326,Crack 3
