source_path,file_size,mtime_ns,window_order,window_start_x,window_end_x,manual_label
C:\Users\newsp\ldcscanner\ldcscanner\flex_8_triple.csv,65211,1777585228892988100,1,203048.35326217048,206264.69667126104,Crack 3
C:\Users\newsp\ldcscanner\ldcscanner\flex_8_triple.csv,65211,1777585228892988100,2,211982.64050964423,215393.91382231604,Crack 3
C:\Users\newsp\ldcscanner\ldcscanner\flex_8_triple.csv,65211,1777585228892988100,3,218252.88574150763,221014.39270890865,Crack 2
C:\Users\newsp\ldcscanner\ldcscanner\flex_8_triple.csv,65211,1777585228892988100,4,224068.2945316815,227414.5912098262,Crack 1
C:\Users\newsp\ldcscanner\ldcscanner\flex_8_triple.csv,65211,1777585228892988100,5,190215.4679430718,193399.3230348988,Crack 1
C:\Users\newsp\ldcscanner\ldcscanner\flex_8_triple.csv,65211,1777585228892988100,6,196485.7131749352,200026.9397566612,Crack 2
