source_path,file_size,mtime_ns,window_order,window_start_x,window_end_x,manual_label
C:\Users\newsp\ldcscanner\ldcscanner\layer-experiments\flex_12_220_c.csv,181275,1778793464760557900,1,301073.7992955921,304767.87785176875,Crack 3
C:\Users\newsp\ldcscanner\ldcscanner\layer-experiments\flex_12_220_c.csv,181275,1778793464760557900,2,307054.68838654476,310396.9499373712,Crack 2
C:\Users\newsp\ldcscanner\ldcscanner\layer-experiments\flex_12_220_c.csv,181275,1778793464760557900,3,312903.64610049105,315982.0448973049,Crack 1
C:\Users\newsp\ldcscanner\ldcscanner\layer-experiments\flex_12_220_c.csv,181275,1778793464760557900,4,319192.37507112505,322930.4307529704,Crack 1
C:\Users\newsp\ldcscanner\ldcscanner\layer-experiments\flex_12_220_c.csv,181275,1778793464760557900,5,325217.2412877464,328647.4570899104,Crack 2
C:\Users\newsp\ldcscanner\ldcscanner\layer-experiments\flex_12_220_c.csv,181275,1778793464760557900,6,331330.06175570533,335200.04881455697,Crack 3
