source_path,file_size,mtime_ns,window_order,window_start_x,window_end_x,manual_label
C:\Users\newsp\ldcscanner\ldcscanner\flex_8_double.csv,89341,1777922938795532600,1,525524.6762782955,529848.2245134866,Crack 2
C:\Users\newsp\ldcscanner\ldcscanner\flex_8_double.csv,89341,1777922938795532600,2,531629.9806051202,535844.9689681923,Crack 3
C:\Users\newsp\ldcscanner\ldcscanner\flex_8_double.csv,89341,1777922938795532600,3,539930.9270752522,544102.9053529868,Crack 3
C:\Users\newsp\ldcscanner\ldcscanner\flex_8_double.csv,89341,1777922938795532600,4,552274.8215671063,556016.6989914662,Crack 1
C:\Users\newsp\ldcscanner\ldcscanner\flex_8_double.csv,89341,1777922938795532600,5,518683.9449185415,522554.8525989139,Crack 1
C:\Users\newsp\ldcscanner\ldcscanner\flex_8_double.csv,89341,1777922938795532600,6,546038.359193173,550339.36772692,Crack 2
