source_path,file_size,mtime_ns,window_order,window_start_x,window_end_x,manual_label
C:\Users\newsp\ldcscanner\ldcscanner\flex14_b.csv,155463,1778795206435291100,1,127416.80846639983,131121.86572115112,Crack 3
C:\Users\newsp\ldcscanner\ldcscanner\flex14_b.csv,155463,1778795206435291100,2,133210.88736478746,136797.69811140836,Crack 2
C:\Users\newsp\ldcscanner\ldcscanner\flex14_b.csv,155463,1778795206435291100,3,138965.55076046495,142158.20647998466,Crack 1
C:\Users\newsp\ldcscanner\ldcscanner\flex14_b.csv,155463,1778795206435291100,4,146296.83426454724,148898.25744341518,Crack 1
C:\Users\newsp\ldcscanner\ldcscanner\flex14_b.csv,155463,1778795206435291100,5,151420.84961686283,155086.49136890398,Crack 2
C:\Users\newsp\ldcscanner\ldcscanner\flex14_b.csv,155463,1778795206435291100,6,156939.01999627962,161195.89428897254,Crack 3
