source_path,file_size,mtime_ns,window_order,window_start_x,window_end_x,manual_label
C:\Users\newsp\ldcscanner\ldcscanner\flex_08_old.csv,89341,1777922938795532600,1,518942.0054305663,522726.8929402637,Crack 1
C:\Users\newsp\ldcscanner\ldcscanner\flex_08_old.csv,89341,1777922938795532600,2,524705.3568657874,529264.4259115594,Crack 2
C:\Users\newsp\ldcscanner\ldcscanner\flex_08_old.csv,89341,1777922938795532600,3,531629.9806051202,535672.9286268424,Crack 3
C:\Users\newsp\ldcscanner\ldcscanner\flex_08_old.csv,89341,1777922938795532600,4,540102.967416602,544059.8952676493,Crack 3
C:\Users\newsp\ldcscanner\ldcscanner\flex_08_old.csv,89341,1777922938795532600,5,546038.359193173,549952.2769588828,Crack 2
C:\Users\newsp\ldcscanner\ldcscanner\flex_08_old.csv,89341,1777922938795532600,6,552188.8013964313,555844.6586501163,Crack 1
