source_path,file_size,mtime_ns,window_order,window_start_x,window_end_x,manual_label
C:\Users\newsp\ldcscanner\ldcscanner\flex_13_a.csv,177168,1778794781344567400,1,173044.63335919316,175507.86256913337,Crack 3
C:\Users\newsp\ldcscanner\ldcscanner\flex_13_a.csv,177168,1778794781344567400,2,178374.16564979104,180747.82288846068,Crack 2
C:\Users\newsp\ldcscanner\ldcscanner\flex_13_a.csv,177168,1778794781344567400,3,198169.5713005831,200677.58649615856,Crack 2
C:\Users\newsp\ldcscanner\ldcscanner\flex_13_a.csv,177168,1778794781344567400,4,204170.8933757101,206320.62068620336,Crack 3
