source_path,file_size,mtime_ns,window_order,window_start_x,window_end_x,manual_label
C:\Users\newsp\ldcscanner\ldcscanner\flex_8_b.csv,102017,1778185134217274000,1,52751.86078499773,55796.94438908556,Crack 3
C:\Users\newsp\ldcscanner\ldcscanner\flex_8_b.csv,102017,1778185134217274000,2,58307.80279947377,62261.06923285096,Crack 2
C:\Users\newsp\ldcscanner\ldcscanner\flex_8_b.csv,102017,1778185134217274000,3,64718.50512386921,68832.03911535628,Crack 1
C:\Users\newsp\ldcscanner\ldcscanner\flex_8_b.csv,102017,1778185134217274000,4,77860.44488887987,81279.48612855742,Crack 1
C:\Users\newsp\ldcscanner\ldcscanner\flex_8_b.csv,102017,1778185134217274000,5,84271.14721327528,88010.72356917264,Crack 2
C:\Users\newsp\ldcscanner\ldcscanner\flex_8_b.csv,102017,1778185134217274000,6,90361.31442145097,94207.7358160882,Crack 3
