source_path,file_size,mtime_ns,window_order,window_start_x,window_end_x,manual_label
C:\Users\newsp\ldcscanner\ldcscanner\flex_13_b.csv,174211,1778794830884289300,1,223047.10471358144,225067.82753447283,Crack 3
C:\Users\newsp\ldcscanner\ldcscanner\flex_13_b.csv,174211,1778794830884289300,2,228889.62939137616,231042.13848319527,Crack 2
C:\Users\newsp\ldcscanner\ldcscanner\flex_13_b.csv,174211,1778794830884289300,3,246548.98969568807,249140.7863572662,Crack 2
C:\Users\newsp\ldcscanner\ldcscanner\flex_13_b.csv,174211,1778794830884289300,4,252611.15815836232,255290.81233389225,Crack 3
