source_path,file_size,mtime_ns,window_order,window_start_x,window_end_x,manual_label
C:\Users\newsp\ldcscanner\ldcscanner\flex_8_double.csv,89341,1777922938795532600,1,532526.243196478,536398.0774369476,Crack 3
C:\Users\newsp\ldcscanner\ldcscanner\flex_8_double.csv,89341,1777922938795532600,2,540850.6868134877,545012.9086219925,Crack 3
C:\Users\newsp\ldcscanner\ldcscanner\flex_8_double.csv,89341,1777922938795532600,3,546787.499315541,550530.2724146616,Crack 2
C:\Users\newsp\ldcscanner\ldcscanner\flex_8_double.csv,89341,1777922938795532600,4,552885.6382442806,556628.4113434013,Crack 1
C:\Users\newsp\ldcscanner\ldcscanner\flex_8_double.csv,89341,1777922938795532600,5,519620.12906157936,523588.7591580607,Crack 1
C:\Users\newsp\ldcscanner\ldcscanner\flex_8_double.csv,89341,1777922938795532600,6,525524.6762782955,529848.2245134866,Crack 2
