source_path,file_size,mtime_ns,window_order,window_start_x,window_end_x,manual_label
C:\Users\newsp\ldcscanner\ldcscanner\Tuned L and Q\flex_12_b.csv,172652,1778800899671441100,1,208180.63994502675,212255.5418274512,Crack 3
C:\Users\newsp\ldcscanner\ldcscanner\Tuned L and Q\flex_12_b.csv,172652,1778800899671441100,2,214270.60319788088,217673.81795682875,Crack 2
C:\Users\newsp\ldcscanner\ldcscanner\Tuned L and Q\flex_12_b.csv,172652,1778800899671441100,3,220226.22902603965,223763.78120968284,Crack 1
C:\Users\newsp\ldcscanner\ldcscanner\Tuned L and Q\flex_12_b.csv,172652,1778800899671441100,4,227211.77511019583,230525.4315860135,Crack 1
C:\Users\newsp\ldcscanner\ldcscanner\Tuned L and Q\flex_12_b.csv,172652,1778800899671441100,5,233122.62179678952,237197.52367921395,Crack 2
C:\Users\newsp\ldcscanner\ldcscanner\Tuned L and Q\flex_12_b.csv,172652,1778800899671441100,6,239212.58504964362,243153.14950737276,Crack 3
