source_path,file_size,mtime_ns,window_order,window_start_x,window_end_x,manual_label
C:\Users\newsp\ldcscanner\ldcscanner\flex_8_c.csv,85346,1778185466664002700,1,299292.3459906173,302209.86970151565,Crack 1
C:\Users\newsp\ldcscanner\ldcscanner\flex_8_c.csv,85346,1778185466664002700,2,293368.88875939953,296551.6418985613,Crack 2
C:\Users\newsp\ldcscanner\ldcscanner\flex_8_c.csv,85346,1778185466664002700,3,313528.6942866438,317595.030281038,Crack 2
C:\Users\newsp\ldcscanner\ldcscanner\flex_8_c.csv,85346,1778185466664002700,4,319804.99549538275,324092.3280112115,Crack 3
C:\Users\newsp\ldcscanner\ldcscanner\flex_8_c.csv,85346,1778185466664002700,5,307650.1868164869,310832.53672514326,Crack 1
C:\Users\newsp\ldcscanner\ldcscanner\flex_8_c.csv,85346,1778185466664002700,6,287274.3075402287,290898.65049175406,Crack 3
