source_path,file_size,mtime_ns,window_order,window_start_x,window_end_x,manual_label
C:\Users\newsp\ldcscanner\ldcscanner\flex_12_b.csv,83772,1778186225350614800,1,43622.327879772034,46336.900247518905,Crack 3
C:\Users\newsp\ldcscanner\ldcscanner\flex_12_b.csv,83772,1778186225350614800,2,48561.95956534421,51944.049728438666,Crack 2
C:\Users\newsp\ldcscanner\ldcscanner\flex_12_b.csv,83772,1778186225350614800,3,67697.4696986418,70234.03732096264,Crack 2
C:\Users\newsp\ldcscanner\ldcscanner\flex_12_b.csv,83772,1778186225350614800,4,73126.61443413555,76330.69985180398,Crack 3
