source_path,file_size,mtime_ns,window_order,window_start_x,window_end_x,manual_label
C:\Users\newsp\ldcscanner\ldcscanner\flex14_a.csv,157034,1778795162746689100,1,83735.68399734727,87114.4879213694,Crack 3
C:\Users\newsp\ldcscanner\ldcscanner\flex14_a.csv,157034,1778795162746689100,2,89499.52598538501,92679.57673740583,Crack 2
C:\Users\newsp\ldcscanner\ldcscanner\flex14_a.csv,157034,1778795162746689100,3,95263.36797342275,98284.41618784254,Crack 1
C:\Users\newsp\ldcscanner\ldcscanner\flex14_a.csv,157034,1778795162746689100,4,102060.72645586726,104883.02149828574,Crack 1
C:\Users\newsp\ldcscanner\ldcscanner\flex14_a.csv,157034,1778795162746689100,5,107943.82034710578,111322.6242711279,Crack 2
C:\Users\newsp\ldcscanner\ldcscanner\flex14_a.csv,157034,1778795162746689100,6,113747.41296954377,117285.21943116694,Crack 3
