source_path,file_size,mtime_ns,window_order,window_start_x,window_end_x,manual_label
C:\Users\newsp\ldcscanner\ldcscanner\flex_08_c.csv,85346,1778185466664002700,1,287185.90893165494,291031.24840461474,Crack 3
C:\Users\newsp\ldcscanner\ldcscanner\flex_08_c.csv,85346,1778185466664002700,2,293064.4164018119,296511.9621361896,Crack 2
C:\Users\newsp\ldcscanner\ldcscanner\flex_08_c.csv,85346,1778185466664002700,3,298987.12317625567,302257.8716934858,Crack 1
C:\Users\newsp\ldcscanner\ldcscanner\flex_08_c.csv,85346,1778185466664002700,4,307473.38959933934,311274.52976801223,Crack 1
C:\Users\newsp\ldcscanner\ldcscanner\flex_08_c.csv,85346,1778185466664002700,5,313617.0928952176,317639.22958532494,Crack 2
C:\Users\newsp\ldcscanner\ldcscanner\flex_08_c.csv,85346,1778185466664002700,6,320158.5899296779,324092.3280112115,Crack 3
