source_path,file_size,mtime_ns,window_order,window_start_x,window_end_x,manual_label
C:\Users\newsp\ldcscanner\ldcscanner\flex_04_c.csv,87411,1778185921216701800,1,30486.027844172742,34483.64112928456,Crack 3
C:\Users\newsp\ldcscanner\ldcscanner\flex_04_c.csv,87411,1778185921216701800,2,36528.93164724874,40526.54493236056,Crack 2
C:\Users\newsp\ldcscanner\ldcscanner\flex_04_c.csv,87411,1778185921216701800,3,42757.77095195785,46290.5454829869,Crack 1
C:\Users\newsp\ldcscanner\ldcscanner\flex_04_c.csv,87411,1778185921216701800,4,52751.80416473739,56284.57869576643,Crack 1
C:\Users\newsp\ldcscanner\ldcscanner\flex_04_c.csv,87411,1778185921216701800,5,58980.64346944649,63675.51488568246,Crack 2
C:\Users\newsp\ldcscanner\ldcscanner\flex_04_c.csv,87411,1778185921216701800,6,65488.38602660527,70043.8058166164,Crack 3
