source_path,file_size,mtime_ns,window_order,window_start_x,window_end_x,manual_label
C:\Users\newsp\ldcscanner\ldcscanner\flex_12_220_a.csv,193473,1778793354337318500,1,185793.12147576263,189745.88111439225,Crack 3
C:\Users\newsp\ldcscanner\ldcscanner\flex_12_220_a.csv,193473,1778793354337318500,2,191354.5623626717,195077.51039440423,Crack 2
C:\Users\newsp\ldcscanner\ldcscanner\flex_12_220_a.csv,193473,1778793354337318500,3,197559.4757488926,200776.8382454516,Crack 1
C:\Users\newsp\ldcscanner\ldcscanner\flex_12_220_a.csv,193473,1778793354337318500,4,205005.37181235763,208452.5459158137,Crack 1
C:\Users\newsp\ldcscanner\ldcscanner\flex_12_220_a.csv,193473,1778793354337318500,5,210980.47359168148,214565.53465927576,Crack 2
C:\Users\newsp\ldcscanner\ldcscanner\flex_12_220_a.csv,193473,1778793354337318500,6,216725.7637641082,220494.67411722016,Crack 3
