source_path,file_size,mtime_ns,window_order,window_start_x,window_end_x,manual_label
C:\Users\newsp\ldcscanner\ldcscanner\Tuned L and Q\flex_12_c.csv,171457,1778800955526461500,1,262902.47245927074,266918.11601391423,Crack 3
C:\Users\newsp\ldcscanner\ldcscanner\Tuned L and Q\flex_12_c.csv,171457,1778800955526461500,2,268948.00176681095,272345.8540053555,Crack 2
C:\Users\newsp\ldcscanner\ldcscanner\Tuned L and Q\flex_12_c.csv,171457,1778800955526461500,3,274817.0192697515,278479.63921519555,Crack 1
C:\Users\newsp\ldcscanner\ldcscanner\Tuned L and Q\flex_12_c.csv,171457,1778800955526461500,4,282098.1312094897,285231.21574113466,Crack 1
C:\Users\newsp\ldcscanner\ldcscanner\Tuned L and Q\flex_12_c.csv,171457,1778800955526461500,5,287834.76485898043,291453.2568532746,Crack 2
C:\Users\newsp\ldcscanner\ldcscanner\Tuned L and Q\flex_12_c.csv,171457,1778800955526461500,6,293880.2941665207,297631.17001426464,Crack 3
