source_path,file_size,mtime_ns,window_order,window_start_x,window_end_x,manual_label
C:\Users\newsp\ldcscanner\ldcscanner\flex_13_c.csv,164623,1778794878978115100,1,272337.9151943242,275325.8278047499,Crack 3
C:\Users\newsp\ldcscanner\ldcscanner\flex_13_c.csv,164623,1778794878978115100,2,278355.2392014315,280886.66516304214,Crack 2
C:\Users\newsp\ldcscanner\ldcscanner\flex_13_c.csv,164623,1778794878978115100,3,296656.2039402888,300391.09470332094,Crack 2
C:\Users\newsp\ldcscanner\ldcscanner\flex_13_c.csv,164623,1778794878978115100,4,303088.51580995525,305329.4502677745,Crack 3
