source_path,file_size,mtime_ns,window_order,window_start_x,window_end_x,manual_label
C:\Users\newsp\ldcscanner\ldcscanner\220 pF results\flex_08_a.csv,171845,1778801664474908500,1,64104.66024944198,67930.0870676066,Crack 3
C:\Users\newsp\ldcscanner\ldcscanner\220 pF results\flex_08_a.csv,171845,1778801664474908500,2,70192.43626114482,73359.72513209832,Crack 2
C:\Users\newsp\ldcscanner\ldcscanner\220 pF results\flex_08_a.csv,171845,1778801664474908500,3,75868.87605584071,79077.2985484949,Crack 1
C:\Users\newsp\ldcscanner\ldcscanner\220 pF results\flex_08_a.csv,171845,1778801664474908500,4,82861.59174495883,86399.08321121859,Crack 1
C:\Users\newsp\ldcscanner\ldcscanner\220 pF results\flex_08_a.csv,171845,1778801664474908500,5,89072.76862176377,92486.85922292144,Crack 2
C:\Users\newsp\ldcscanner\ldcscanner\220 pF results\flex_08_a.csv,171845,1778801664474908500,6,94913.74290326243,99027.10507333191,Crack 3
