source_path,file_size,mtime_ns,window_order,window_start_x,window_end_x,manual_label
C:\Users\newsp\ldcscanner\ldcscanner\Tuned L and Q\flex_08_b.csv,166386,1778801712599963900,1,112998.54648200714,116716.81170419537,Crack 3
C:\Users\newsp\ldcscanner\ldcscanner\Tuned L and Q\flex_08_b.csv,166386,1778801712599963900,2,118931.94843230752,122175.54149847172,Crack 2
C:\Users\newsp\ldcscanner\ldcscanner\Tuned L and Q\flex_08_b.csv,166386,1778801712599963900,3,124272.01018757785,127792.49534475607,Crack 1
C:\Users\newsp\ldcscanner\ldcscanner\Tuned L and Q\flex_08_b.csv,166386,1778801712599963900,4,130482.30422889223,133488.56121704442,Crack 1
C:\Users\newsp\ldcscanner\ldcscanner\Tuned L and Q\flex_08_b.csv,166386,1778801712599963900,5,136257.4821271846,139857.07931036683,Crack 2
C:\Users\newsp\ldcscanner\ldcscanner\Tuned L and Q\flex_08_b.csv,166386,1778801712599963900,6,142428.220155497,146106.92936468322,Crack 3
