source_path,file_size,mtime_ns,window_order,window_start_x,window_end_x,manual_label
C:\Users\newsp\ldcscanner\ldcscanner\220 pF results\flex_04_c.csv,167606,1778802295857276900,1,154500.20784570946,158748.63414775667,Crack 3
C:\Users\newsp\ldcscanner\ldcscanner\220 pF results\flex_04_c.csv,167606,1778802295857276900,2,160810.9770128281,164275.71302614815,Crack 2
C:\Users\newsp\ldcscanner\ldcscanner\220 pF results\flex_04_c.csv,167606,1778802295857276900,3,166750.52446423392,169844.0387618411,Crack 1
C:\Users\newsp\ldcscanner\ldcscanner\220 pF results\flex_04_c.csv,167606,1778802295857276900,4,174422.43992229973,177680.94164911262,Crack 1
C:\Users\newsp\ldcscanner\ldcscanner\220 pF results\flex_04_c.csv,167606,1778802295857276900,5,180196.9999444998,184074.20453083416,Crack 2
C:\Users\newsp\ldcscanner\ldcscanner\220 pF results\flex_04_c.csv,167606,1778802295857276900,6,186425.2753970156,190343.72684065136,Crack 3
