source_path,file_size,mtime_ns,window_order,window_start_x,window_end_x,manual_label
C:\Users\newsp\ldcscanner\ldcscanner\flex_12_c.csv,79970,1778186299932433700,1,28392.02108218197,31273.102625743217,Crack 3
C:\Users\newsp\ldcscanner\ldcscanner\flex_12_c.csv,79970,1778186299932433700,2,33645.75801455836,37374.21648269643,Crack 2
C:\Users\newsp\ldcscanner\ldcscanner\flex_12_c.csv,79970,1778186299932433700,3,54533.599205377366,57923.106903684704,Crack 2
C:\Users\newsp\ldcscanner\ldcscanner\flex_12_c.csv,79970,1778186299932433700,4,59914.442676440274,63303.95037474761,Crack 3
