source_path,file_size,mtime_ns,window_order,window_start_x,window_end_x,manual_label
C:\Users\newsp\ldcscanner\ldcscanner\flex_12_220_c.csv,181275,1778793464760557900,1,301161.7535469297,304547.9922234249,Crack 3
C:\Users\newsp\ldcscanner\ldcscanner\flex_12_220_c.csv,181275,1778793464760557900,2,306922.7570095385,310045.13293202105,Crack 2
C:\Users\newsp\ldcscanner\ldcscanner\flex_12_220_c.csv,181275,1778793464760557900,3,312771.7147234848,315806.13639462984,Crack 1
C:\Users\newsp\ldcscanner\ldcscanner\flex_12_220_c.csv,181275,1778793464760557900,4,319324.30644813133,322622.59087328904,Crack 1
C:\Users\newsp\ldcscanner\ldcscanner\flex_12_220_c.csv,181275,1778793464760557900,5,324997.35565940256,328647.4570899104,Crack 2
C:\Users\newsp\ldcscanner\ldcscanner\flex_12_220_c.csv,181275,1778793464760557900,6,331374.03888137406,334716.30043220054,Crack 3
