source_path,file_size,mtime_ns,window_order,window_start_x,window_end_x,manual_label
C:\Users\newsp\ldcscanner\ldcscanner\flex_08_b.csv,102017,1778185134217274000,1,51530.0125879026,56284.0144398008,Crack 3
C:\Users\newsp\ldcscanner\ldcscanner\flex_08_b.csv,102017,1778185134217274000,2,57672.82396956881,62213.162816887314,Crack 2
C:\Users\newsp\ldcscanner\ldcscanner\flex_08_b.csv,102017,1778185134217274000,3,64029.29835581472,68302.5584474086,Crack 1
C:\Users\newsp\ldcscanner\ldcscanner\flex_08_b.csv,102017,1778185134217274000,4,77383.23614204561,81282.58597562503,Crack 1
C:\Users\newsp\ldcscanner\ldcscanner\flex_08_b.csv,102017,1778185134217274000,5,83793.12627943643,88173.21787332016,Crack 2
C:\Users\newsp\ldcscanner\ldcscanner\flex_08_b.csv,102017,1778185134217274000,6,90149.60066568234,94529.69225956609,Crack 3
