source_path,file_size,mtime_ns,window_order,window_start_x,window_end_x,manual_label
C:\Users\newsp\ldcscanner\ldcscanner\flex_12_new.csv,73274,1778518935575049400,1,103574.10459410424,105296.83221892918,Crack 3
C:\Users\newsp\ldcscanner\ldcscanner\flex_12_new.csv,73274,1778518935575049400,2,108818.8531407935,110847.84345447618,Crack 2
C:\Users\newsp\ldcscanner\ldcscanner\flex_12_new.csv,73274,1778518935575049400,3,113719.05616251777,116322.28901780875,Crack 1
C:\Users\newsp\ldcscanner\ldcscanner\flex_12_new.csv,73274,1778518935575049400,4,121375.6233839619,123978.8562392529,Crack 1
C:\Users\newsp\ldcscanner\ldcscanner\flex_12_new.csv,73274,1778518935575049400,5,127654.0085055461,129300.1704581566,Crack 2
C:\Users\newsp\ldcscanner\ldcscanner\flex_12_new.csv,73274,1778518935575049400,6,133396.4339216292,134851.18169370358,Crack 3
