source_path,file_size,mtime_ns,window_order,window_start_x,window_end_x,manual_label
C:\Users\newsp\ldcscanner\ldcscanner\Tuned L and Q\flex_08_c.csv,169866,1778801759166945000,1,159276.9650698514,162767.71913953754,Crack 3
C:\Users\newsp\ldcscanner\ldcscanner\Tuned L and Q\flex_08_c.csv,169866,1778801759166945000,2,164837.81748318864,168450.34204367778,Crack 2
C:\Users\newsp\ldcscanner\ldcscanner\Tuned L and Q\flex_08_c.csv,169866,1778801759166945000,3,170763.98136893488,174011.19445701502,Crack 1
C:\Users\newsp\ldcscanner\ldcscanner\Tuned L and Q\flex_08_c.csv,169866,1778801759166945000,4,177867.2599991102,180911.5222691853,Crack 1
C:\Users\newsp\ldcscanner\ldcscanner\Tuned L and Q\flex_08_c.csv,169866,1778801759166945000,5,183590.47306685144,187324.7681181436,Crack 2
C:\Users\newsp\ldcscanner\ldcscanner\Tuned L and Q\flex_08_c.csv,169866,1778801759166945000,6,189638.4074434007,193494.47298549587,Crack 3
