source_path,file_size,mtime_ns,window_order,window_start_x,window_end_x,manual_label
C:\Users\newsp\ldcscanner\ldcscanner\layer-experiments\flex_12_220_a.csv,193473,1778793354337318500,1,186252.74468955677,189699.91879301282,Crack 3
C:\Users\newsp\ldcscanner\ldcscanner\layer-experiments\flex_12_220_a.csv,193473,1778793354337318500,2,191538.4116481894,195307.32200130133,Crack 2
C:\Users\newsp\ldcscanner\ldcscanner\layer-experiments\flex_12_220_a.csv,193473,1778793354337318500,3,197559.4757488926,200776.83824545157,Crack 1
C:\Users\newsp\ldcscanner\ldcscanner\layer-experiments\flex_12_220_a.csv,193473,1778793354337318500,4,205051.33413373708,208268.69663029606,Crack 1
C:\Users\newsp\ldcscanner\ldcscanner\layer-experiments\flex_12_220_a.csv,193473,1778793354337318500,5,210199.11412823142,214427.6476951375,Crack 2
C:\Users\newsp\ldcscanner\ldcscanner\layer-experiments\flex_12_220_a.csv,193473,1778793354337318500,6,216541.91447859057,220632.5610813584,Crack 3
