source_path,file_size,mtime_ns,window_order,window_start_x,window_end_x,manual_label
C:\Users\newsp\ldcscanner\ldcscanner\Tuned L and Q\flex_08_a.csv,171845,1778801664474908500,1,64063.52662774128,68053.48793270868,Crack 3
C:\Users\newsp\ldcscanner\ldcscanner\Tuned L and Q\flex_08_a.csv,171845,1778801664474908500,2,70110.16901774342,73729.92772740457,Crack 2
C:\Users\newsp\ldcscanner\ldcscanner\Tuned L and Q\flex_08_a.csv,171845,1778801664474908500,3,75992.2769209428,79077.2985484949,Crack 1
C:\Users\newsp\ldcscanner\ldcscanner\Tuned L and Q\flex_08_a.csv,171845,1778801664474908500,4,83108.393475163,86275.6823461165,Crack 1
C:\Users\newsp\ldcscanner\ldcscanner\Tuned L and Q\flex_08_a.csv,171845,1778801664474908500,5,89196.16948686584,92445.72560122074,Crack 2
C:\Users\newsp\ldcscanner\ldcscanner\Tuned L and Q\flex_08_a.csv,171845,1778801664474908500,6,94872.60928156173,99397.30766863817,Crack 3
