source_path,file_size,mtime_ns,window_order,window_start_x,window_end_x,manual_label
C:\Users\newsp\ldcscanner\ldcscanner\flex_4.csv,66776,1777585219319141300,1,179846.0315062321,183759.7214048696,Crack 3
C:\Users\newsp\ldcscanner\ldcscanner\flex_4.csv,66776,1777585219319141300,2,190464.32131319123,193864.74040545005,Crack 3
C:\Users\newsp\ldcscanner\ldcscanner\flex_4.csv,66776,1777585219319141300,3,196527.33271353948,199703.1958280076,Crack 2
C:\Users\newsp\ldcscanner\ldcscanner\flex_4.csv,66776,1777585219319141300,4,202526.1852630904,206504.03401252523,Crack 1
C:\Users\newsp\ldcscanner\ldcscanner\flex_4.csv,66776,1777585219319141300,5,173430.1464264985,177632.55115372402,Crack 2
C:\Users\newsp\ldcscanner\ldcscanner\flex_4.csv,66776,1777585219319141300,6,167110.49962296092,170607.15699141572,Crack 1
